step,system_total_stopped,system_total_waiting_time,system_mean_waiting_time,system_mean_speed,A0_stopped,A0_accumulated_waiting_time,A0_average_speed,B0_stopped,B0_accumulated_waiting_time,B0_average_speed,C0_stopped,C0_accumulated_waiting_time,C0_average_speed,agents_total_stopped,agents_total_accumulated_waiting_time
5.0,0,0.0,0.0,4.407740973425097,0,0.0,0.32516648171721335,0,0.0,1.0,0,0.0,0.28426553891799167,0,0.0
10.0,0,0.0,0.0,8.675629869238787,0,0.0,0.7238809119010186,0,0.0,0.36567409335254925,0,0.0,0.6438456253286127,0,0.0
15.0,2,1.0,0.1111111111111111,8.447392183844894,2,1.0,0.40017732334177347,0,0.0,0.9861079059668656,0,0.0,0.9230413368608428,2,1.0
20.0,5,11.0,0.9166666666666666,5.818031883740869,2,7.0,0.45381869803092567,0,0.0,1.0,3,4.0,0.23915240904711713,5,11.0
25.0,0,0.0,0.0,9.36648645528086,0,0.0,0.8573417060333979,0,0.0,0.9329361348382168,0,0.0,0.4142820868944202,0,0.0
30.0,1,2.0,0.15384615384615385,11.319999734938339,1,2.0,0.610231332956295,0,0.0,0.9418027291837394,0,0.0,0.9529216650667951,1,2.0
35.0,1,1.0,0.1111111111111111,7.2626485539621575,1,3.0,0.1356059783108522,0,0.0,0.987709378020742,0,0.0,0.7975888920486148,1,3.0
40.0,1,6.0,0.6,7.801806183869156,1,6.0,0.407679860391143,0,2.0,0.785970486868838,0,0.0,0.42121029703568824,1,8.0
45.0,1,3.0,0.23076923076923078,9.80929597004809,1,3.0,0.48823027909763994,0,2.0,0.9356783992812492,0,0.0,0.7561570990570892,1,5.0
50.0,2,8.0,0.5333333333333333,9.67668401020384,1,8.0,0.5909931811413861,0,2.0,0.9082161535357003,1,0.0,0.4741859199488446,2,10.0
55.0,1,1.0,0.058823529411764705,6.375690641623641,0,0.0,0.6748140154679205,1,3.0,0.13900972949899143,0,0.0,0.5402031043591133,1,3.0
60.0,5,19.0,0.95,7.8323578977945845,0,0.0,0.5904367570346996,5,23.0,0.3463810251028179,0,0.0,0.6713209968458784,5,23.0
65.0,4,6.0,0.24,7.638161710783407,1,4.0,0.5306612883609413,0,20.0,0.659957550151075,3,2.0,0.3554084005692424,4,26.0
70.0,2,12.0,0.42857142857142855,9.680147294514345,0,2.0,0.6373451251364457,0,2.0,0.7882763515906399,2,14.0,0.5628980235150203,2,18.0
75.0,0,0.0,0.0,10.581202186491359,0,2.0,0.7145217684582814,0,0.0,0.7585641775531711,0,10.0,0.6814365138792737,0,12.0
80.0,1,2.0,0.07407407407407407,10.595722816369085,0,0.0,0.6308731225488031,0,0.0,0.8944216210079654,1,4.0,0.750661089560483,1,4.0
85.0,3,7.0,0.2916666666666667,10.328897207009271,1,4.0,0.44869533431923225,1,3.0,0.7358623955064123,1,3.0,0.7296689928349926,3,10.0
90.0,6,20.0,0.7692307692307693,9.461016896277918,4,13.0,0.2269006822582632,0,4.0,0.9417441979817937,2,7.0,0.525638842226675,6,24.0
95.0,4,28.0,1.0,8.701320130577985,3,28.0,0.4628548329684659,0,4.0,0.7769271057345079,1,0.0,0.3352467653818708,4,32.0
100.0,7,54.0,1.8620689655172413,6.964180469215143,3,43.0,0.23324427911608628,2,8.0,0.40314305686330654,2,7.0,0.4323200004979396,7,58.0
105.0,6,67.0,2.68,7.288722168333652,6,67.0,0.22324183423803762,0,6.0,0.29777239217934354,0,0.0,0.8750434944206625,6,73.0
110.0,8,100.0,4.166666666666667,7.534996569701835,7,97.0,0.3325510325091569,0,0.0,1.0,1,5.0,0.5790311855015174,8,102.0
115.0,8,128.0,5.12,7.207514226166374,6,127.0,0.41518206820345166,0,0.0,0.9219731197602195,2,5.0,0.5070832226229088,8,132.0
120.0,3,26.0,0.9285714285714286,7.759170436844869,2,96.0,0.38575002789350704,0,0.0,0.9342582692101808,1,8.0,0.6306543226490436,3,104.0
125.0,3,10.0,0.4,7.4065187382275095,2,28.0,0.42941689582354575,0,0.0,0.49270886984694107,1,1.0,0.49213558515875555,3,29.0
130.0,7,19.0,0.7307692307692307,6.526557979242025,2,8.0,0.12186860675966851,2,9.0,0.40031107858443205,3,9.0,0.24341976973619964,7,26.0
135.0,9,53.0,2.0384615384615383,7.650058936529506,3,13.0,0.10462234344393116,3,21.0,0.6305530155456541,3,23.0,0.35333538175661844,9,57.0
140.0,0,0.0,0.0,9.093761032550706,0,0.0,0.7270382158953117,0,4.0,0.6841770427120271,0,19.0,0.5682716873132382,0,23.0
145.0,1,5.0,0.20833333333333334,11.330694758222606,0,2.0,0.8481619316650638,1,7.0,0.6896148472057668,0,2.0,0.8667261189747558,1,11.0
150.0,4,18.0,0.9,8.294000549829779,1,5.0,0.7731465195905679,2,12.0,7.255722491340957e-05,1,5.0,0.49393817831085596,4,22.0
155.0,3,30.0,1.5789473684210527,8.107749474236902,1,10.0,0.6319641486363708,2,22.0,0.4234757521425859,0,6.0,0.58046415372362,3,38.0
160.0,4,46.0,2.3,8.838455757480778,1,13.0,0.6209133522858574,2,34.0,0.5951027342885968,1,1.0,0.5889661081981618,4,48.0
165.0,4,63.0,3.15,8.495360266215078,1,18.0,0.6248250861194649,2,44.0,0.6425695439476353,1,3.0,0.29472195561965675,4,65.0
170.0,6,88.0,4.0,8.481977012228466,2,23.0,0.44274636930652245,2,54.0,0.5919274972680694,2,13.0,0.40240848481532615,6,90.0
175.0,2,30.0,1.5,7.832111170084941,1,28.0,0.597074061561964,1,2.0,0.3189091399631693,0,8.0,0.7717493129080965,2,38.0
180.0,4,48.0,2.526315789473684,9.428443360178955,1,33.0,0.7609054603200501,3,15.0,0.43990717897536563,0,0.0,0.7579582520240232,4,48.0
185.0,3,30.0,1.5789473684210527,8.520849133117904,0,0.0,0.7126906742675669,3,32.0,0.45158100637160076,0,0.0,0.733972215386762,3,32.0
190.0,7,52.0,2.6,6.418214872590712,2,2.0,0.297467848272893,3,47.0,0.5151664562496474,2,5.0,0.48065665324457263,7,54.0
195.0,6,77.0,4.052631578947368,4.968682071086991,0,2.0,0.6050402320605562,4,64.0,0.14489920235779827,2,15.0,0.44813581157336263,6,81.0
200.0,6,89.0,4.45,5.48701238058383,0,0.0,0.5379033674834989,6,93.0,0.25279597235244644,0,0.0,0.5107713136536366,6,93.0
205.0,7,124.0,5.391304347826087,6.5874128121541995,0,0.0,0.015444364975824016,7,130.0,0.43707673783324413,0,0.0,0.5430291510447316,7,130.0
210.0,2,15.0,0.625,8.708120218389736,1,5.0,0.0,1,88.0,0.5328358418080074,0,0.0,0.8604160933433067,2,93.0
215.0,0,0.0,0.0,9.086305937791321,0,2.0,0.8575260562576559,0,16.0,0.5276340100526584,0,2.0,0.6649281282052338,0,20.0
220.0,3,9.0,0.47368421052631576,8.178316878460496,0,2.0,0.9059052357900333,1,5.0,0.38430480626764335,2,10.0,0.5687349554905259,3,17.0
225.0,8,38.0,1.9,4.985266835483097,0,2.0,0.8455068555882297,4,21.0,0.1341363074507461,4,23.0,0.27381611381116017,8,46.0
230.0,4,11.0,0.4583333333333333,3.5297040095809415,1,3.0,0.33104090871480024,1,23.0,0.13590069790994924,2,23.0,0.2259160484283582,4,49.0
235.0,3,13.0,0.48148148148148145,8.150871457895366,3,17.0,0.4965792581783693,0,9.0,0.5806314056158068,0,7.0,0.6575271278137583,3,33.0
240.0,5,12.0,0.4,8.102985113217352,1,21.0,0.5327226692058574,2,14.0,0.5448220941563938,2,9.0,0.6331889614692858,5,44.0
245.0,4,26.0,0.8387096774193549,9.386368228195414,1,11.0,0.5188054746640964,2,24.0,0.573664361940002,1,14.0,0.713063354363953,4,49.0
250.0,2,14.0,0.5,9.739874063306699,2,14.0,0.5199692217040374,0,11.0,0.7121317946624647,0,0.0,0.5458654162432159,2,25.0
255.0,0,0.0,0.0,11.640178779363133,0,8.0,0.7546906550353476,0,2.0,0.9057072541623181,0,2.0,0.8994777388297296,0,12.0
260.0,1,2.0,0.08,10.79774384718652,1,2.0,0.5591280577566294,0,2.0,0.7665616832855909,0,2.0,0.7970193945359267,1,6.0
265.0,1,4.0,0.18181818181818182,9.948139283414791,0,2.0,0.6265549306776701,1,6.0,0.6273294120611089,0,2.0,0.68475541601099,1,10.0
270.0,2,5.0,0.29411764705882354,7.45954843633892,0,0.0,0.49625120346654494,0,2.0,0.5164420873359308,2,7.0,0.2982451536807135,2,9.0
275.0,2,15.0,0.8823529411764706,10.441503415807706,0,0.0,0.6823539319397465,0,2.0,0.9330961459925828,2,19.0,0.6120936684442642,2,21.0
280.0,4,25.0,1.25,9.376200550549118,0,0.0,0.9225838294849846,2,0.0,0.2849542540283784,2,29.0,0.4068043698414366,4,29.0
285.0,2,2.0,0.08333333333333333,8.98940546178628,0,0.0,0.7330305436985808,1,2.0,0.43606364907014544,1,16.0,0.6342570806834091,2,18.0
290.0,1,7.0,0.2916666666666667,11.362859214318272,0,0.0,0.7311035423232757,1,8.0,0.7680359050457849,0,0.0,0.798586508544345,1,8.0
295.0,1,3.0,0.12,11.678737376676613,0,0.0,0.9500288543619382,1,4.0,0.6639647882221534,0,0.0,0.8906600697330311,1,4.0
300.0,4,15.0,0.5769230769230769,10.34766453446632,1,0.0,0.6279404378551783,2,14.0,0.6214614306377436,1,4.0,0.73956551842328,4,18.0
305.0,3,10.0,0.4166666666666667,9.676830526413669,0,0.0,0.846174822386452,0,0.0,0.9742549032069783,3,12.0,0.3810168680688844,3,12.0
310.0,7,29.0,1.3181818181818181,7.26500646195405,2,2.0,0.5794230235889198,0,0.0,0.6107785296851428,5,29.0,0.2405935075440871,7,31.0
315.0,11,65.0,3.25,3.9146169393170007,0,0.0,0.6148596152907692,3,9.0,0.3076693072730145,8,58.0,0.13087299328562976,11,67.0
320.0,10,58.0,2.6363636363636362,4.068971710256814,3,7.0,0.25884178020904797,5,28.0,0.0007495323998319333,2,56.0,0.3746180699175259,10,91.0
325.0,4,28.0,1.2173913043478262,7.287832997313301,3,22.0,0.37321268870131075,1,24.0,0.5110967309159251,0,24.0,0.5454657617420196,4,70.0
330.0,2,4.0,0.16666666666666666,8.947075966770017,0,11.0,0.49000668941206704,0,8.0,0.8436060148270437,2,30.0,0.5911336006173619,2,49.0
335.0,4,18.0,0.72,8.821736846945521,0,2.0,0.7175115511530006,0,2.0,0.9225975394303093,4,44.0,0.4134451627925279,4,48.0
340.0,4,13.0,0.52,8.081789471552021,0,2.0,0.9528075430680465,1,3.0,0.5911660031634123,3,42.0,0.4331460274051478,4,47.0
345.0,2,8.0,0.2962962962962963,9.104836860915277,0,0.0,0.8963395376681295,2,12.0,0.664217730053634,0,19.0,0.36195729912716296,2,31.0
350.0,4,6.0,0.2,7.678135747201572,2,1.0,0.36237523944176636,1,7.0,0.5755132171376078,1,9.0,0.42289328695010187,4,17.0
355.0,6,15.0,0.46875,8.486692231992427,4,13.0,0.49501220737534646,1,2.0,0.7463694754340185,1,6.0,0.4976770270139461,6,21.0
360.0,7,45.0,1.5,8.560216423085134,4,28.0,0.47235037025467386,1,7.0,0.6142178108640847,2,16.0,0.6303366412735457,7,51.0
365.0,7,61.0,2.033333333333333,7.776043283633584,5,48.0,0.5139309772264086,2,15.0,0.2932288892010919,0,10.0,0.6937592772153032,7,73.0
370.0,3,26.0,0.8666666666666667,7.596344195824317,1,29.0,0.4697226662034222,2,27.0,0.4820073910127269,0,0.0,0.7576176650763299,3,56.0
375.0,7,40.0,1.25,7.745912294662231,3,6.0,0.43608992053891177,3,39.0,0.5329278939783537,1,1.0,0.5655759379431087,7,46.0
380.0,6,62.0,1.8235294117647058,7.175875903790462,2,9.0,0.23109655307720145,2,47.0,0.5855316768867246,2,11.0,0.5394489020386571,6,67.0
385.0,10,53.0,1.5588235294117647,6.413187007145057,6,33.0,0.23356163543687802,0,23.0,0.6417819276513445,4,22.0,0.2866253758217471,10,78.0
390.0,4,18.0,0.6206896551724138,6.214557048020326,3,39.0,0.3519319529179972,1,5.0,0.33715990859014777,0,5.0,0.33325646770083805,4,49.0
395.0,5,17.0,0.5666666666666667,7.805587646550586,0,18.0,0.5010905804294266,4,21.0,0.48544615230140714,1,2.0,0.3938713654687439,5,41.0
400.0,2,2.0,0.07142857142857142,9.907470948771635,1,0.0,0.7349559118745453,0,14.0,0.7621868418105869,1,2.0,0.5976552592794246,2,16.0
405.0,3,11.0,0.4074074074074074,9.7741313907904,1,4.0,0.5391857398624309,0,2.0,0.8237502828119692,2,11.0,0.5238937537885583,3,17.0
410.0,3,12.0,0.46153846153846156,8.75879248253724,2,14.0,0.6389409868412221,0,2.0,0.6111313837932394,1,7.0,0.5433540722496975,3,23.0
415.0,7,33.0,1.375,7.711814281784409,2,24.0,0.5373557749280926,5,15.0,0.3520117590603461,0,2.0,0.7773868623417033,7,41.0
420.0,3,34.0,1.4166666666666667,7.856988955690632,2,32.0,0.31047060409210825,1,18.0,0.46912468755433057,0,0.0,0.7173791709836411,3,50.0
425.0,0,0.0,0.0,10.653626836079624,0,2.0,0.9189737321335297,0,4.0,0.842748185285909,0,2.0,0.7532652835464287,0,8.0
430.0,3,6.0,0.21428571428571427,9.453800287781231,0,2.0,0.7433021304112319,2,7.0,0.30962552003021676,1,3.0,0.6585887935795973,3,12.0
435.0,3,16.0,0.6666666666666666,8.857050585420943,0,2.0,0.9398380404089433,2,17.0,0.05960253935800446,1,5.0,0.5528414059057992,3,24.0
440.0,4,34.0,1.7,8.655923587988752,0,0.0,0.7824579024706435,3,33.0,0.5570082098710071,1,6.0,0.5363945744154344,4,39.0
445.0,1,11.0,0.5,9.267160335313335,0,0.0,0.662972833314608,0,25.0,0.7309989782319752,1,11.0,0.4992714860267705,1,36.0
450.0,3,1.0,0.04,9.91041451097188,3,1.0,0.43915098726370544,0,3.0,0.8650709865952588,0,2.0,0.9103798977061919,3,6.0
455.0,2,9.0,0.36,8.682705712263472,1,6.0,0.6984209456489038,1,4.0,0.4812567199990155,0,2.0,0.6075066697122211,2,12.0
460.0,5,20.0,0.8,7.0841807487074195,0,1.0,0.6746947707343806,5,21.0,0.003334705813310267,0,2.0,0.8001795760073873,5,24.0
465.0,2,3.0,0.125,7.30274636115625,1,3.0,0.5899150546169167,0,24.0,0.5309924124672625,1,0.0,0.5031607753614533,2,27.0
470.0,3,11.0,0.44,10.136582604267158,1,10.0,0.7278031483258602,0,3.0,0.9146185307300472,2,5.0,0.5716705137219503,3,18.0
475.0,4,26.0,0.9629629629629629,10.24968928350954,1,15.0,0.7616181870397947,0,2.0,0.8854403929751912,3,15.0,0.5688933626595511,4,32.0
480.0,1,18.0,0.6666666666666666,9.850377650676942,1,18.0,0.7646079551003223,0,0.0,0.5498477263899356,0,11.0,0.7448569695434726,1,29.0
485.0,7,38.0,1.4074074074074074,7.4013687071959575,1,23.0,0.5943949981154117,3,11.0,0.4177453084283625,3,6.0,0.4495111851357858,7,40.0
490.0,5,30.0,1.0344827586206897,6.265798958244729,0,0.0,0.44973980201499913,5,30.0,0.1958435714309634,0,8.0,0.4438610081720816,5,38.0
495.0,6,58.0,2.0714285714285716,7.749247356758,1,3.0,0.42619410545610786,5,57.0,0.35125867383011267,0,0.0,0.6219729826420748,6,60.0
500.0,5,37.0,1.3703703703703705,7.457286042664076,1,8.0,0.509743450938879,3,63.0,0.40135764023877896,1,1.0,0.4947809365771994,5,72.0
505.0,5,16.0,0.5714285714285714,7.36894247176324,1,0.0,0.47955981327265806,1,37.0,0.5912359797172037,3,14.0,0.38326346859529387,5,51.0
510.0,5,22.0,0.7857142857142857,8.183226356821192,1,4.0,0.5260525677300617,1,9.0,0.3971469506415217,3,24.0,0.5224091412546318,5,37.0
515.0,1,14.0,0.56,9.439216686188752,0,3.0,0.7356846304428436,1,16.0,0.7212139644383327,0,12.0,0.6450387278794573,1,31.0
520.0,2,24.0,0.8888888888888888,11.103391951266113,0,0.0,0.8873480868503133,1,21.0,0.7770987134300599,1,5.0,0.6002015688936454,2,26.0
525.0,2,10.0,0.37037037037037035,9.117012126533666,0,0.0,0.5639009197331385,1,2.0,0.7652295865685872,1,10.0,0.4897039008162302,2,12.0
530.0,5,20.0,0.7142857142857143,8.604476598280606,1,0.0,0.6144334496540894,2,5.0,0.4666810286705787,2,17.0,0.4589371930197128,5,22.0
535.0,2,27.0,1.125,7.362644188225424,0,0.0,0.7643497061656365,0,2.0,0.398550648007052,2,27.0,0.02847637658622977,2,29.0
540.0,4,43.0,1.5357142857142858,7.850249214163914,0,2.0,0.678728781491257,1,3.0,0.4330687359602758,3,42.0,0.3359025889110107,4,47.0
545.0,3,8.0,0.3076923076923077,7.591023570682069,1,5.0,0.7004758665365822,2,7.0,0.17005841648315878,0,8.0,0.7311713631904978,3,20.0
550.0,4,24.0,0.8888888888888888,6.770714087042631,0,6.0,0.47183678339148244,4,24.0,0.001469881654405353,0,2.0,0.6424952662249488,4,32.0
555.0,3,11.0,0.4230769230769231,7.968389702870668,2,6.0,0.5163292237781104,1,24.0,0.4679615723427012,0,0.0,0.6423416955025011,3,30.0
560.0,3,9.0,0.32142857142857145,8.057717824542586,2,9.0,0.4304282555369097,0,7.0,0.8871095034584862,1,4.0,0.46976012467554806,3,20.0
565.0,8,41.0,1.3225806451612903,7.53232141749646,5,29.0,0.38122461998129203,1,10.0,0.7210965255367328,2,13.0,0.545964721026612,8,52.0
570.0,10,87.0,2.9,6.620005951194253,5,54.0,0.4806858030897885,1,15.0,0.45527613340128364,4,29.0,0.4498575359837483,10,98.0
575.0,13,146.0,4.5625,5.053254691574586,6,80.0,0.3093884009984407,3,28.0,0.25388536229093955,4,47.0,0.3963945238904178,13,155.0
580.0,4,21.0,0.6,5.224831255339166,3,65.0,0.2723381555330771,0,10.0,0.498453381826617,1,28.0,0.3758949017030584,4,103.0
585.0,2,5.0,0.14285714285714285,9.5148224245012,0,29.0,0.5947481946784369,0,2.0,0.8910297851346115,2,7.0,0.5866672882278514,2,38.0
590.0,3,2.0,0.06060606060606061,9.643067376861751,1,4.0,0.6447041208731649,0,2.0,0.8643055485869277,2,9.0,0.5212632719275002,3,15.0
595.0,5,13.0,0.38235294117647056,8.637193969450777,2,8.0,0.4679365056645827,2,6.0,0.6841904805322193,1,9.0,0.6313532338493693,5,23.0
600.0,7,31.0,0.9117647058823529,6.987798806702917,5,26.0,0.32769660050023136,2,13.0,0.4974522267287874,0,0.0,0.6602036445348066,7,39.0
605.0,12,65.0,1.8571428571428572,5.037659125246135,7,58.0,0.19077893011446626,1,7.0,0.38304428563349885,4,10.0,0.4068494826036828,12,75.0
610.0,5,28.0,0.7777777777777778,6.712659218150044,4,64.0,0.37155449491538856,1,5.0,0.3108317185713618,0,7.0,0.6766092125600304,5,76.0
615.0,3,11.0,0.3055555555555556,9.377667321351977,2,37.0,0.48259587258166126,1,12.0,0.6915662632700377,0,2.0,0.9215740392548584,3,51.0
620.0,2,9.0,0.24324324324324326,10.295816185037472,1,15.0,0.6736283465155128,0,4.0,0.8785928197472519,1,3.0,0.643362165659415,2,22.0
625.0,6,17.0,0.4594594594594595,7.36132348158248,2,10.0,0.2390687259215369,0,4.0,0.8635570892616845,4,16.0,0.2814115288873419,6,30.0
630.0,13,36.0,0.972972972972973,5.263075818767404,8,35.0,0.17477857757979295,4,13.0,0.40745230391271753,1,19.0,0.3922494646629065,13,67.0
635.0,8,64.0,1.8285714285714285,5.668069951321105,8,71.0,0.20151878797016978,0,17.0,0.3920252766846186,0,1.0,0.5939134848108977,8,89.0
640.0,9,104.0,2.6,6.443793000580851,9,113.0,0.3073549219738721,0,4.0,0.5975312120592824,0,2.0,0.42905330852014734,9,119.0
645.0,5,40.0,0.9090909090909091,8.371257237472417,2,98.0,0.5271748009025446,0,4.0,0.5300467180936629,3,14.0,0.6100916734253301,5,116.0
650.0,7,37.0,0.9024390243902439,7.970733430132208,0,30.0,0.6297989291719677,3,14.0,0.4113177955726279,4,31.0,0.5336759720186279,7,75.0
655.0,15,86.0,2.097560975609756,5.469407703383358,2,5.0,0.3907836828313306,7,38.0,0.3460529106452877,6,53.0,0.25191696043835216,15,96.0
660.0,22,179.0,4.162790697674419,4.984315211316219,6,27.0,0.2659661457290769,7,73.0,0.22943746607951676,9,89.0,0.18492054091959897,22,189.0
665.0,15,142.0,3.641025641025641,4.109604208003762,2,33.0,0.3026248103107495,9,114.0,0.00966652921225336,4,84.0,0.29599880833878833,15,231.0
670.0,7,41.0,1.0,6.11441874771781,1,8.0,0.33917142442906073,5,121.0,0.34971122990432363,1,29.0,0.44837010334556915,7,158.0
675.0,4,10.0,0.2222222222222222,8.762785963491325,2,16.0,0.5411057611001202,0,57.0,0.6700412992299225,2,6.0,0.5421292972233983,4,79.0
680.0,5,22.0,0.4583333333333333,9.006362678091202,5,32.0,0.5187979637245091,0,41.0,0.5139700615309382,0,2.0,0.8062560974414748,5,75.0
685.0,8,25.0,0.5208333333333334,7.550850569978827,1,31.0,0.5313000680812199,6,57.0,0.21025012314155597,1,4.0,0.7147952914715393,8,92.0
690.0,13,66.0,1.6923076923076923,5.391463260206962,0,8.0,0.5460686555712726,10,99.0,0.21877493763675995,3,12.0,0.2541546999279325,13,119.0
695.0,10,48.0,1.170731707317073,5.474768762035973,1,2.0,0.571971275093052,9,114.0,0.2880570294801485,0,7.0,0.30449760776637863,10,123.0
700.0,3,7.0,0.14893617021276595,7.975672768802401,2,3.0,0.5185012930930529,1,76.0,0.48422032736473963,0,2.0,0.6613671094600331,3,81.0
705.0,7,17.0,0.34,7.816022754165529,4,14.0,0.4421008306738742,3,56.0,0.38447848715870964,0,2.0,0.8002895321186445,7,72.0
710.0,14,67.0,1.3673469387755102,6.666638794715739,7,37.0,0.4160513632406502,6,82.0,0.3028031620290187,1,3.0,0.7224822625764845,14,122.0
715.0,22,148.0,3.148936170212766,3.472603942044737,9,66.0,0.27857754442587207,11,127.0,0.10135658285750594,2,10.0,0.21253288576761203,22,203.0
720.0,17,91.0,1.8571428571428572,3.5858887391300978,5,75.0,0.32314476207076764,10,138.0,0.10148783753369105,2,13.0,0.13934563472231604,17,226.0
725.0,5,23.0,0.46938775510204084,7.054642062120413,2,52.0,0.44178837045063085,3,91.0,0.4024426012726413,0,4.0,0.7240650804624923,5,147.0
730.0,5,9.0,0.16666666666666666,6.936150021782662,1,56.0,0.41161693171707336,2,85.0,0.4049049744795804,2,9.0,0.6176633042475314,5,150.0
735.0,12,55.0,0.9322033898305084,6.388070271007202,4,70.0,0.4008145841404197,7,111.0,0.26970462419560415,1,14.0,0.5884065693053044,12,195.0
740.0,14,69.0,1.2105263157894737,4.821638942862798,9,102.0,0.21783126697847224,5,111.0,0.1790690487853544,0,5.0,0.6524315034816929,14,218.0
745.0,15,62.0,1.1071428571428572,5.223257758588149,9,112.0,0.24201932027562315,6,81.0,0.3246027614530269,0,2.0,0.8032507803108483,15,195.0
750.0,8,37.0,0.578125,6.793251177751742,5,96.0,0.40243139422252505,2,85.0,0.42818309944335714,1,2.0,0.6780723057131968,8,183.0
755.0,10,38.0,0.5507246376811594,7.7794594558457,2,65.0,0.5143210710230436,7,96.0,0.3973988653229702,1,2.0,0.6663230699739069,10,163.0
760.0,15,81.0,1.2272727272727273,5.899778536081149,1,57.0,0.3379706577808041,12,142.0,0.27456671783588255,2,8.0,0.5578628971001736,15,207.0
765.0,17,80.0,1.25,4.802484584795616,7,81.0,0.22422796857049784,9,152.0,0.09454238929539009,1,3.0,0.46885644450594094,17,236.0
770.0,13,42.0,0.7,5.9770955588060355,6,89.0,0.27351824900278027,6,121.0,0.277260592723804,1,5.0,0.7034884881939089,13,215.0
775.0,4,16.0,0.27586206896551724,7.069054424150097,1,55.0,0.3612245610763937,2,102.0,0.4684271169696522,1,10.0,0.6494313130382839,4,167.0
780.0,7,34.0,0.5396825396825397,7.62664857524015,0,19.0,0.4554562687011899,6,122.0,0.4092398857568197,1,13.0,0.7650425095881805,7,154.0
785.0,7,35.0,0.5384615384615384,6.9170665948824155,0,8.0,0.5485274111055877,6,118.0,0.32566548154163166,1,18.0,0.5969250729401994,7,144.0
790.0,6,13.0,0.2,6.665942287057728,1,10.0,0.4872571836056563,4,71.0,0.2876235743597632,1,3.0,0.6807316619628293,6,84.0
795.0,15,56.0,0.875,6.252411577326459,6,30.0,0.44680173711102067,5,62.0,0.245546114558375,4,14.0,0.5476238290026454,15,106.0
800.0,18,126.0,2.0,6.043277672199319,10,66.0,0.3314604134837557,4,55.0,0.3538537006000355,4,31.0,0.5401715096893116,18,152.0
805.0,19,134.0,2.161290322580645,5.16387484326352,14,120.0,0.29313762600183,2,54.0,0.299828092200045,3,35.0,0.5629290797325853,19,209.0
810.0,18,102.0,1.5454545454545454,5.451793433382062,11,147.0,0.20034361689732602,5,47.0,0.3185283528654669,2,8.0,0.5493328506850383,18,202.0
815.0,12,48.0,0.75,5.436758646621795,7,126.0,0.20098080032620338,3,47.0,0.37521159790098796,2,11.0,0.3800471309225287,12,184.0
820.0,12,49.0,0.7313432835820896,6.583891909092652,1,89.0,0.3757917453303885,3,34.0,0.4936650247172341,8,42.0,0.3345055543411424,12,165.0
825.0,8,38.0,0.5428571428571428,7.4495003144040135,2,45.0,0.6073221286095548,1,29.0,0.41106905831498275,5,58.0,0.3998627227682259,8,132.0
830.0,8,39.0,0.582089552238806,7.145002722012611,2,29.0,0.5561513966268604,5,46.0,0.31566125689022995,1,37.0,0.43100734191744333,8,112.0
835.0,11,54.0,0.8307692307692308,5.245667842227552,3,34.0,0.2687644419048442,5,52.0,0.2554718459721538,3,40.0,0.23264233018184394,11,126.0
840.0,13,49.0,0.765625,5.565422306586228,2,16.0,0.45698547211447227,3,43.0,0.29245585779451316,8,74.0,0.2465590831593495,13,133.0
845.0,11,54.0,0.8709677419354839,5.75314216584135,2,9.0,0.6061932859064026,2,33.0,0.22938077285956318,7,92.0,0.328980753405412,11,134.0
850.0,8,26.0,0.43333333333333335,6.094074655994827,2,15.0,0.560882846826366,4,27.0,0.301735314718922,2,62.0,0.40507846889184235,8,104.0
855.0,6,22.0,0.3728813559322034,6.380223322905249,0,2.0,0.6709887888025707,5,44.0,0.2788107765961281,1,60.0,0.3516586695074412,6,106.0
860.0,14,45.0,0.7258064516129032,5.589477961123808,0,0.0,0.6229537060074037,4,46.0,0.30621797353089836,10,89.0,0.18885480911292463,14,135.0
865.0,10,34.0,0.5573770491803278,5.583465729454129,1,2.0,0.5719033429890958,2,42.0,0.22926117175323574,7,102.0,0.3028970432593291,10,146.0
870.0,8,19.0,0.3114754098360656,6.458966471980374,3,12.0,0.5817420518665647,1,32.0,0.3506381798912826,4,74.0,0.3476860573461889,8,118.0
875.0,9,38.0,0.6031746031746031,6.725779285134238,3,24.0,0.5093948933309485,0,29.0,0.5800012242619816,6,95.0,0.3685987754370623,9,148.0
880.0,10,41.0,0.6507936507936508,5.941889201189862,1,14.0,0.3256953241113426,1,26.0,0.5188348777221363,8,126.0,0.26772540413826423,10,166.0
885.0,23,126.0,2.0,4.612773008778286,1,7.0,0.4938754120649552,6,45.0,0.238030505247445,16,191.0,0.11555200477717555,23,243.0
890.0,28,217.0,3.5,4.153014025413517,3,12.0,0.4363460450019715,4,52.0,0.36222993738856807,21,282.0,0.06894317718422659,28,346.0
895.0,25,224.0,3.393939393939394,5.167117759979455,2,24.0,0.5675694093644051,1,30.0,0.5022339763079733,22,344.0,0.10106824976616675,25,398.0
900.0,17,157.0,2.211267605633803,5.8318940396914165,3,34.0,0.6351148995407951,2,33.0,0.44388999275129354,12,325.0,0.1841478490982995,17,392.0
905.0,15,120.0,1.643835616438356,6.4051253303415,3,43.0,0.5938923403190416,4,48.0,0.36257435499430446,8,249.0,0.24712005858640396,15,340.0
910.0,8,41.0,0.5540540540540541,6.242186510414565,0,25.0,0.4159378056451039,5,58.0,0.3801595061857633,3,201.0,0.39942137791761606,8,284.0
915.0,11,28.0,0.358974358974359,6.951756285739261,4,13.0,0.39235504055936105,4,52.0,0.30449867275782116,3,174.0,0.4604629994199035,11,239.0
920.0,12,32.0,0.4383561643835616,5.777610786070454,1,12.0,0.5004361949779711,5,66.0,0.17474923464322475,6,196.0,0.3350156740760949,12,274.0
925.0,25,115.0,1.6428571428571428,4.623699436876109,1,1.0,0.5427718140076855,10,103.0,0.2346631980204529,14,251.0,0.12335813386424284,25,355.0
930.0,27,175.0,2.611940298507463,3.8258288942191947,0,0.0,0.6109858674477044,13,162.0,0.17725490272843406,14,268.0,0.07798972757769988,27,430.0
935.0,23,122.0,1.6944444444444444,4.384029553210747,2,2.0,0.5070204758373873,13,193.0,0.20056793872481554,8,210.0,0.18201517193691233,23,405.0
940.0,16,73.0,1.0138888888888888,5.836868540190629,5,20.0,0.41689856189360985,8,171.0,0.28729928090309836,3,109.0,0.4150518013340957,16,300.0
945.0,17,70.0,0.8860759493670886,5.45806244773983,9,51.0,0.3444174382113043,6,172.0,0.28574203793675107,2,118.0,0.4016105687953632,17,341.0
950.0,22,87.0,1.0609756097560976,4.905570426673514,6,58.0,0.3417530906758651,9,205.0,0.23204857737395493,7,144.0,0.26562335195429704,22,407.0
955.0,24,109.0,1.379746835443038,4.246289089734117,4,53.0,0.3285065594195998,12,258.0,0.1629648378246442,8,146.0,0.20002228554249712,24,457.0
960.0,27,171.0,2.0602409638554215,4.214211939138174,3,54.0,0.30486660617579164,19,342.0,0.1555078077024719,5,109.0,0.18484462477928884,27,505.0
965.0,28,177.0,2.0344827586206895,4.54694363065109,5,71.0,0.25967376295292904,18,375.0,0.13803913640786655,5,107.0,0.24995718869439595,28,553.0
970.0,30,171.0,2.011764705882353,4.698816889552368,9,107.0,0.28682893789845276,14,334.0,0.15667961815880097,7,136.0,0.25005981212000855,30,577.0
975.0,31,248.0,3.1,4.624733426942503,12,159.0,0.2470018679789226,6,250.0,0.25468158576016636,13,190.0,0.23007492760269374,31,599.0
980.0,37,369.0,4.6125,4.003626889581765,14,224.0,0.22508868816589991,6,180.0,0.30366778951861406,17,265.0,0.23455727012379046,37,669.0
985.0,38,434.0,5.425,3.2199565381584483,12,256.0,0.2812865961724458,2,162.0,0.3211968440173633,24,367.0,0.14146819457988127,38,785.0
990.0,37,374.0,4.506024096385542,3.396655188775199,8,240.0,0.30271275595891517,6,156.0,0.2770883137856476,23,413.0,0.06431314153827009,37,809.0
995.0,32,250.0,2.9761904761904763,4.4542922270604075,8,195.0,0.32135472015833894,5,143.0,0.4679404887455011,19,398.0,0.11919687186999763,32,736.0
1000.0,21,157.0,1.8255813953488371,5.325717988844513,5,209.0,0.30457157417982517,1,62.0,0.5356655148248641,15,328.0,0.23201124008004373,21,599.0
1005.0,20,155.0,1.7613636363636365,6.08080223019505,8,241.0,0.28014433632795915,1,28.0,0.5281168318915985,11,315.0,0.29285597598881336,20,584.0
1010.0,18,134.0,1.5056179775280898,6.464486497618159,7,235.0,0.2745489200668808,1,16.0,0.6442634869486585,10,275.0,0.3462065654281403,18,526.0
1015.0,11,78.0,0.896551724137931,6.816724823281357,4,182.0,0.30849646484760435,2,3.0,0.5392706990783427,5,228.0,0.4673029508653678,11,413.0
1020.0,14,112.0,1.2444444444444445,7.484601383337152,5,117.0,0.3211120213905285,5,18.0,0.46672015982609993,4,212.0,0.5241292615933061,14,347.0
1025.0,10,109.0,1.2976190476190477,6.745579478439085,3,121.0,0.22392993556248456,3,30.0,0.40029382903930893,4,184.0,0.5301170443927485,10,335.0
1030.0,13,61.0,0.7721518987341772,5.281099504794297,8,135.0,0.2329615776745457,2,22.0,0.2693238184047828,3,164.0,0.3946867767061496,13,321.0
1035.0,20,119.0,1.5866666666666667,5.145006669215272,11,177.0,0.2631535420132321,3,22.0,0.2504695565729287,6,137.0,0.3338358604072993,20,336.0
1040.0,16,95.0,1.25,5.776722509536306,7,174.0,0.29334089581316664,4,36.0,0.3847263425859248,5,135.0,0.4670448649840685,16,345.0
1045.0,12,82.0,1.0379746835443038,6.5793137503447205,6,116.0,0.306617303071668,4,55.0,0.6129096054077473,2,95.0,0.4893059989736476,12,266.0
1050.0,8,36.0,0.43902439024390244,6.393272569452027,7,117.0,0.20270313337914664,0,21.0,0.609936320866186,1,49.0,0.5178698173510574,8,187.0
1055.0,19,59.0,0.686046511627907,5.692752157719244,12,164.0,0.13461462390199033,5,17.0,0.4633303614657395,2,21.0,0.3827466315853688,19,202.0
1060.0,29,132.0,1.6923076923076923,3.5951436793780975,19,236.0,0.08508700413683185,3,25.0,0.2729643820516523,7,45.0,0.2444027926319456,29,306.0
1065.0,23,119.0,1.5256410256410255,3.2749702085778605,15,261.0,0.15089012757077763,2,24.0,0.1544777956071946,6,54.0,0.30745647279215954,23,339.0
1070.0,16,72.0,0.8888888888888888,5.460784185778726,10,247.0,0.1947710397763834,4,29.0,0.5046123132979182,2,31.0,0.49324951975054726,16,307.0
1075.0,17,82.0,0.9879518072289156,6.251235486670606,11,213.0,0.17428751344743307,3,40.0,0.6735589177553182,3,31.0,0.4564643500948409,17,284.0
1080.0,18,114.0,1.3103448275862069,5.942860726203802,8,208.0,0.22280709744237687,4,54.0,0.5964467907549735,6,57.0,0.2030239612099183,18,319.0
1085.0,15,107.0,1.244186046511628,5.017872522904165,2,197.0,0.25793285388472653,5,77.0,0.4796541868864155,8,68.0,0.23486465327583597,15,342.0
1090.0,13,47.0,0.5529411764705883,5.867505137758978,7,218.0,0.26278844295716164,3,64.0,0.4296109855904782,3,48.0,0.43425356866730713,13,330.0
1095.0,12,37.0,0.45121951219512196,6.135249545061868,7,221.0,0.24823625442911412,3,31.0,0.3857532218669314,2,42.0,0.4287711705803944,12,294.0
1100.0,18,78.0,0.9873417721518988,5.915180679982632,6,174.0,0.25137520305230854,6,45.0,0.4624179928205743,6,64.0,0.2987775059860819,18,283.0
1105.0,18,98.0,1.3066666666666666,4.493498043185348,2,150.0,0.2325613189786573,9,77.0,0.2767602671597755,7,79.0,0.21306457142549523,18,306.0
1110.0,13,56.0,0.7368421052631579,4.765848301445454,7,171.0,0.20129670594806665,4,74.0,0.322856598360344,2,52.0,0.23695697936320942,13,297.0
1115.0,9,20.0,0.25,5.275432037216964,6,167.0,0.24598627326005912,1,40.0,0.4235789978836757,2,54.0,0.33726260889533805,9,261.0
1120.0,14,44.0,0.5569620253164557,6.084117753914383,5,121.0,0.28304555221085104,2,10.0,0.5899582454573874,7,81.0,0.3728785317067441,14,212.0
1125.0,19,94.0,1.146341463414634,5.302182786697457,6,133.0,0.22984426170091257,2,16.0,0.6141429213554603,11,124.0,0.3476763408331029,19,273.0
1130.0,24,165.0,1.9411764705882353,4.080885829995876,10,168.0,0.19466802771467157,0,2.0,0.6601393528251072,14,181.0,0.23919813520081487,24,351.0
1135.0,25,150.0,1.6853932584269662,4.0997280075804285,11,178.0,0.16975479209175465,1,3.0,0.3944738870827088,13,204.0,0.23148174876769012,25,385.0
1140.0,18,95.0,1.130952380952381,4.117275924573454,9,145.0,0.1433877334879673,0,8.0,0.7271778886189986,9,157.0,0.17144075846918216,18,310.0
1145.0,21,87.0,0.9560439560439561,5.3270463505036485,10,117.0,0.16414898485725665,1,4.0,0.7279240414996934,10,153.0,0.29081989587794704,21,274.0
1150.0,8,25.0,0.26881720430107525,5.795732118789822,2,121.0,0.22836178322091208,1,7.0,0.7990790758698455,5,174.0,0.2860253347257052,8,302.0
1155.0,20,65.0,0.6914893617021277,5.1640091199775755,8,131.0,0.21684762844955133,3,7.0,0.40357486598318054,9,198.0,0.21349111390423142,20,336.0
1160.0,21,78.0,0.8666666666666667,4.220073168017387,8,141.0,0.15984518166954553,7,31.0,0.24561244041394378,6,199.0,0.1899832340045831,21,371.0
1165.0,17,88.0,1.0731707317073171,4.5842838396156855,5,94.0,0.20785768652454698,11,80.0,0.3917300596085238,1,154.0,0.22879030588782268,17,328.0
1170.0,13,56.0,0.6292134831460674,5.180700708859759,4,98.0,0.2070316943192014,7,98.0,0.4095919792340681,2,91.0,0.31377885164875824,13,287.0
1175.0,16,58.0,0.6105263157894737,4.902247284512686,8,127.0,0.19619660071247497,3,71.0,0.3658347156662484,5,67.0,0.31841401413663317,16,265.0
1180.0,13,35.0,0.36082474226804123,4.503515376035331,8,135.0,0.2476076470002568,3,66.0,0.25162390946765845,2,67.0,0.3252980297478535,13,268.0
1185.0,18,69.0,0.7263157894736842,5.0572258910670715,4,100.0,0.22571063474954486,10,95.0,0.24971275140027072,4,76.0,0.380950748334565,18,271.0
1190.0,24,128.0,1.3763440860215055,4.314955961250214,5,100.0,0.1628797273090137,15,162.0,0.1989687067051446,4,75.0,0.26681838212854836,24,337.0
1195.0,30,151.0,1.6593406593406594,3.6486011669093545,9,123.0,0.11450070214557587,13,188.0,0.2328749171500315,8,71.0,0.22863931617114922,30,382.0
1200.0,19,74.0,0.8409090909090909,4.020876277232445,9,133.0,0.1655057998953011,5,131.0,0.32733169770390746,5,85.0,0.25684159927325506,19,349.0
1205.0,11,39.0,0.42391304347826086,4.920149898008281,3,97.0,0.2622646361468913,2,123.0,0.30766720268926495,6,106.0,0.24802971834495122,11,326.0
1210.0,18,54.0,0.6,4.243845822814311,3,98.0,0.18974564256976093,8,147.0,0.2585027874231582,7,111.0,0.18408416147269907,18,356.0
1215.0,28,136.0,1.4782608695652173,3.554794063902621,10,132.0,0.0831164270975672,13,205.0,0.2156423601577192,5,100.0,0.1730164585063773,28,437.0
1220.0,35,208.0,2.260869565217391,3.1904144701394808,16,198.0,0.10163919971351593,15,228.0,0.22220879131144913,4,82.0,0.20481187321520397,35,508.0
1225.0,21,125.0,1.3736263736263736,3.8388147789884384,13,220.0,0.14921132676335225,7,178.0,0.31516667334543536,1,87.0,0.24595011823150847,21,485.0
1230.0,17,66.0,0.6947368421052632,4.868454246708199,11,186.0,0.24463071563182112,2,86.0,0.3469188873934404,4,86.0,0.3073731565114137,17,358.0
1235.0,17,86.0,0.9148936170212766,5.276626517116551,8,132.0,0.27729991965256595,2,82.0,0.44114677812769365,7,109.0,0.311608009913813,17,323.0
1240.0,23,117.0,1.231578947368421,4.703800647125133,7,130.0,0.2670320315661026,9,109.0,0.2915596152647994,7,121.0,0.24830929966052034,23,360.0
1245.0,27,127.0,1.3368421052631578,4.2487921291537205,9,124.0,0.2347308289485369,12,166.0,0.24667294429655012,6,114.0,0.23226907831165683,27,404.0
1250.0,28,141.0,1.4536082474226804,4.360928092016621,8,146.0,0.24539515792657104,13,191.0,0.24011772283091806,7,96.0,0.15955609878893567,28,433.0
1255.0,20,70.0,0.7216494845360825,4.587769233092972,8,159.0,0.3005380294699101,9,160.0,0.2326545732381572,3,99.0,0.2585056615499894,20,418.0
1260.0,18,66.0,0.673469387755102,5.136684114829386,7,137.0,0.30471272876162075,6,112.0,0.307307805415552,5,118.0,0.254026727034444,18,367.0
1265.0,14,52.0,0.5531914893617021,4.870047216927735,5,143.0,0.2964442544476571,2,115.0,0.3142474151487567,7,151.0,0.29792241654605955,14,409.0
1270.0,26,143.0,1.4591836734693877,4.430244379445405,8,159.0,0.21874251213809215,7,137.0,0.20875062540712858,11,197.0,0.2204779895431915,26,493.0
1275.0,35,254.0,2.760869565217391,3.3824555370534712,14,209.0,0.1571151894375506,5,140.0,0.17394214431287564,16,260.0,0.15776297326571873,35,609.0
1280.0,39,326.0,3.5434782608695654,2.8218848165475836,17,288.0,0.15208118812799512,5,107.0,0.14775286393937787,17,304.0,0.1649339497035117,39,699.0
1285.0,33,280.0,2.9166666666666665,4.207728690454605,15,315.0,0.24322301517807438,3,81.0,0.4310353012139382,15,305.0,0.23968448442728665,33,701.0
1290.0,27,190.0,1.8269230769230769,4.287085174851769,12,272.0,0.201176028672287,2,70.0,0.45131940053532255,13,372.0,0.23870561560103803,27,714.0
1295.0,39,204.0,1.837837837837838,3.959276345585588,14,324.0,0.15700793240659372,6,92.0,0.3036167145547074,19,446.0,0.19539214195470228,39,862.0
1300.0,47,305.0,2.7477477477477477,3.629710586049576,16,395.0,0.1241650960403938,12,143.0,0.0909816597226425,19,536.0,0.1420625255865453,47,1074.0
1305.0,51,378.0,3.6699029126213594,2.7481954467315606,20,492.0,0.12926182865167704,16,216.0,0.021321144954018528,15,558.0,0.11379904302086204,51,1266.0
1310.0,45,388.0,4.172043010752688,2.5588717326250845,22,601.0,0.08532173685916074,12,243.0,0.23187428493842507,11,501.0,0.12402734913070698,45,1345.0
1315.0,32,259.0,2.670103092783505,3.3997628540795914,17,616.0,0.1422303304730989,6,190.0,0.37319455918968214,9,494.0,0.17988408563586877,32,1300.0
1320.0,27,142.0,1.42,4.314377851721222,11,539.0,0.20876085156280683,4,159.0,0.4413493936504029,12,533.0,0.17736322181655503,27,1231.0
1325.0,30,181.0,1.7920792079207921,4.5700934155255455,11,419.0,0.16758252376916996,6,180.0,0.34322487447500216,13,592.0,0.21748346603511196,30,1191.0
1330.0,24,106.0,1.06,3.576598500488646,8,448.0,0.1765760619277201,8,169.0,0.24078247275543788,8,580.0,0.14126222976672229,24,1197.0
1335.0,25,113.0,1.1894736842105262,4.208675728996668,14,507.0,0.21219791095426757,4,116.0,0.2716623362122576,7,490.0,0.27171528009345197,25,1113.0
1340.0,26,137.0,1.4574468085106382,4.124864268668961,13,577.0,0.17784557308331334,4,102.0,0.29956266275944937,9,402.0,0.24083488974325315,26,1081.0
1345.0,23,112.0,1.2043010752688172,3.768630051287401,11,562.0,0.1510112735493439,7,126.0,0.22464493356596724,5,408.0,0.20655886906952944,23,1096.0
1350.0,22,70.0,0.7526881720430108,3.932056694670325,6,459.0,0.19638719661438053,9,128.0,0.21286993454094014,7,410.0,0.13572033728398616,22,997.0
1355.0,25,99.0,1.1,4.233754088072145,7,446.0,0.24217070857702588,6,86.0,0.27640576410523604,12,456.0,0.21897707641502034,25,988.0
1360.0,28,169.0,1.8571428571428572,3.646364848764634,14,497.0,0.1955059845450554,1,90.0,0.19298638875128038,13,516.0,0.22259537164528295,28,1103.0
1365.0,29,154.0,1.6210526315789473,2.998606905028349,10,482.0,0.13362236608420927,7,115.0,0.11493052783482079,12,509.0,0.22216705740877296,29,1106.0
1370.0,29,114.0,1.1515151515151516,3.561917952100087,7,402.0,0.18933977962993878,8,125.0,0.24902563613876152,14,434.0,0.17368128354429,29,961.0
1375.0,14,62.0,0.6326530612244898,4.487770503103829,2,369.0,0.23665154920896933,1,72.0,0.43711825020082706,11,484.0,0.208810568788198,14,925.0
1380.0,25,118.0,1.1683168316831682,4.7027695633417,7,387.0,0.1966235881827167,3,75.0,0.2574548990900945,15,546.0,0.1906156140116336,25,1008.0
1385.0,28,108.0,1.1368421052631579,3.5595586412586133,7,368.0,0.13183762754905612,10,103.0,0.14680073064964436,11,540.0,0.13008566660629398,28,1011.0
1390.0,18,71.0,0.8068181818181818,3.874140605207639,2,287.0,0.17819087621714044,9,116.0,0.2763197860461856,7,456.0,0.19962623780081737,18,859.0
1395.0,12,47.0,0.5,5.9939439259633644,3,173.0,0.34091303033176107,6,93.0,0.43790610455154955,3,339.0,0.34057696722284125,12,605.0
1400.0,7,24.0,0.24,5.83766483135269,2,119.0,0.41053406338133974,4,86.0,0.38195610595493673,1,334.0,0.29783112026289593,7,539.0
1405.0,18,82.0,0.8118811881188119,5.412362455204949,5,78.0,0.3766098000484113,8,105.0,0.2078737731261953,5,350.0,0.26757995725497224,18,533.0
1410.0,31,146.0,1.553191489361702,3.5263627845199106,5,52.0,0.2920184392273901,16,167.0,0.08986740480734759,10,383.0,0.14583515721819856,31,602.0
1415.0,30,165.0,1.853932584269663,3.438792831619489,8,56.0,0.3212742437324742,14,200.0,0.09229584316885225,8,366.0,0.1625626112535497,30,622.0
1420.0,26,145.0,1.5934065934065933,4.148473648810356,11,102.0,0.2984620156975966,9,185.0,0.19550103682080344,6,291.0,0.23765547295489678,26,578.0
1425.0,33,199.0,2.051546391752577,3.8215235992512477,16,167.0,0.2492196544774849,10,219.0,0.2207297591960521,7,317.0,0.23601479260475425,33,703.0
1430.0,34,187.0,1.87,3.8748461260785074,12,193.0,0.2616916841272328,13,269.0,0.11596481126234365,9,360.0,0.1901773918243043,34,822.0
1435.0,38,228.0,2.303030303030303,2.869977721426806,10,167.0,0.21193093334544863,16,339.0,0.11018264543855472,12,412.0,0.11443889530228941,38,918.0
1440.0,42,322.0,3.22,2.864515516653394,13,168.0,0.18588937444023282,20,433.0,0.11821470273368612,9,403.0,0.11567509600379938,42,1004.0
1445.0,36,253.0,2.364485981308411,3.4960695739279224,10,198.0,0.1868356851904629,18,466.0,0.1482587662636554,8,353.0,0.14476840568076788,36,1017.0
1450.0,28,165.0,1.5137614678899083,4.481408063334161,8,228.0,0.29301015589056717,13,391.0,0.24257889321287548,7,386.0,0.20389184997859489,28,1005.0
1455.0,32,154.0,1.4128440366972477,4.260758411029391,7,227.0,0.25691738104371314,15,344.0,0.21610208076496487,10,423.0,0.20680276391631727,32,994.0
1460.0,32,165.0,1.5865384615384615,4.141892282593788,10,244.0,0.27867251210018806,13,305.0,0.21910037621566816,9,419.0,0.21875981982955855,32,968.0
1465.0,32,208.0,1.9439252336448598,4.366316058251773,11,291.0,0.25885083567984235,15,296.0,0.24702019566035552,6,368.0,0.2777804269586394,32,955.0
1470.0,24,169.0,1.4824561403508771,4.707093482889559,11,317.0,0.25262584352547374,8,307.0,0.29892741176602095,5,386.0,0.3296781804458746,24,1010.0
1475.0,23,76.0,0.6229508196721312,4.230560070321422,9,330.0,0.1706819072653863,4,277.0,0.3337036541508048,10,425.0,0.18145499636735796,23,1032.0
1480.0,29,132.0,1.1092436974789917,3.319860684313356,10,316.0,0.14590558092588315,5,266.0,0.18227111530418705,14,488.0,0.15088717778051622,29,1070.0
1485.0,42,208.0,1.7777777777777777,3.2000321647340946,15,363.0,0.17335178064861073,13,253.0,0.09795284616823552,14,499.0,0.1579980934607367,42,1115.0
1490.0,37,246.0,2.139130434782609,3.3588936719122904,19,442.0,0.11682120676487741,10,269.0,0.1892944576686976,8,432.0,0.2478409435076683,37,1143.0
1495.0,35,330.0,2.9464285714285716,3.9804361989913386,22,540.0,0.10794519383617247,6,236.0,0.2992309270773597,7,320.0,0.21470959165480094,35,1096.0
1500.0,45,430.0,3.8053097345132745,3.2252713366811214,30,668.0,0.018315510102581836,6,225.0,0.2547338855634334,9,348.0,0.19336290204113946,45,1241.0
1505.0,59,636.0,5.781818181818182,3.3250588727389934,32,823.0,0.09475598812704722,14,220.0,0.2035961415575719,13,374.0,0.23440302267256483,59,1417.0
1510.0,52,776.0,7.252336448598131,2.9134797409394153,37,994.0,0.09037697269559315,7,212.0,0.16272258746400173,8,368.0,0.2477512043148541,52,1574.0
1515.0,50,931.0,8.541284403669724,3.809912629336771,37,1175.0,0.0954014315054922,7,193.0,0.3015945576505471,6,256.0,0.24611317682172512,50,1624.0
1520.0,44,843.0,7.73394495412844,3.629670324180953,33,1243.0,0.08199814361388154,7,171.0,0.3052817321706793,4,273.0,0.20925581341810112,44,1687.0
1525.0,40,622.0,5.867924528301887,3.945930211695339,28,1173.0,0.1317820921972754,4,131.0,0.3946691785954264,8,295.0,0.18694551001105525,40,1599.0
1530.0,31,496.0,4.635514018691588,4.280145742103849,21,987.0,0.1758627775648781,2,107.0,0.40451502417066376,8,287.0,0.1801343926136378,31,1381.0
1535.0,28,410.0,4.019607843137255,4.898613635879488,16,891.0,0.20651874047665972,6,98.0,0.4510218485534705,6,224.0,0.2120695642190565,28,1213.0
1540.0,21,178.0,1.7115384615384615,4.59296010051145,11,891.0,0.242348604597376,7,99.0,0.3358490282904454,3,190.0,0.17436491810105872,21,1180.0
1545.0,17,78.0,0.75,5.301475231686007,7,871.0,0.2993146310148612,5,75.0,0.3394933712995383,5,198.0,0.2404370500162999,17,1144.0
1550.0,23,145.0,1.3942307692307692,5.276199919590398,13,905.0,0.2780659844885471,6,67.0,0.329739938452013,4,176.0,0.2684936874953146,23,1148.0
1555.0,32,269.0,2.6116504854368934,4.887556849936626,21,988.0,0.21262874450693053,8,97.0,0.3090422083936663,3,125.0,0.3640648351147249,32,1210.0
1560.0,27,187.0,1.7476635514018692,4.281984533134006,21,976.0,0.13214643976926027,4,83.0,0.39925137256482973,2,102.0,0.33812832541564003,27,1161.0
1565.0,28,149.0,1.3185840707964602,4.875544990031812,18,796.0,0.16032103267381817,3,31.0,0.4894019462015794,7,117.0,0.22951738208049252,28,944.0
1570.0,28,111.0,0.9823008849557522,3.887898208406311,14,864.0,0.1654603086812097,5,34.0,0.389936505159289,9,125.0,0.11854825047033844,28,1023.0
1575.0,29,134.0,1.2181818181818183,3.9744371970026906,17,939.0,0.15212215643484314,5,44.0,0.38246850230378604,7,112.0,0.19287378299063518,29,1095.0
1580.0,24,96.0,0.8807339449541285,3.9320709995409433,15,921.0,0.11792994937565965,2,35.0,0.43806805602525606,7,137.0,0.2268088166797582,24,1093.0
1585.0,23,82.0,0.7592592592592593,4.6152055601889055,9,781.0,0.15215465998932895,4,22.0,0.512899498749842,10,165.0,0.1848721028951197,23,968.0
1590.0,19,67.0,0.6320754716981132,4.749917581607809,6,603.0,0.24499841757367277,2,20.0,0.528256185118501,11,167.0,0.14074591274866918,19,790.0
1595.0,20,73.0,0.6822429906542056,5.0398384185504845,8,428.0,0.251917427714501,5,27.0,0.5192938411717497,7,138.0,0.20616260532533748,20,593.0
1600.0,15,70.0,0.6306306306306306,5.396073866507863,3,436.0,0.2599621664116426,7,54.0,0.4857680110831704,5,123.0,0.2881993606932449,15,613.0
1605.0,21,73.0,0.6576576576576577,5.015940012629138,7,442.0,0.25432478037135176,5,62.0,0.40864511210352883,9,136.0,0.23017637290633722,21,640.0
1610.0,26,113.0,1.036697247706422,4.270572944124989,8,391.0,0.22310964719741866,6,54.0,0.20204652328236197,12,184.0,0.14436555474188426,26,629.0
1615.0,30,118.0,1.1683168316831682,3.2971992090376694,9,228.0,0.16022525872123952,7,77.0,0.2725731211957359,14,211.0,0.12029864174922046,30,516.0
1620.0,23,117.0,1.1359223300970873,4.6917775975674285,9,162.0,0.2650083559628543,4,78.0,0.5000396578986832,10,200.0,0.207188793566519,23,440.0
1625.0,28,138.0,1.2212389380530972,5.424042847159127,11,176.0,0.25083808036447736,5,75.0,0.5651826972254893,12,172.0,0.30689085960011325,28,423.0
1630.0,23,122.0,1.0338983050847457,5.548066557631543,12,192.0,0.21923136122674505,2,55.0,0.5366691073372957,9,156.0,0.2872396738001263,23,403.0
1635.0,24,91.0,0.7913043478260869,4.5481373195555745,12,218.0,0.14849644607340073,6,30.0,0.4269102317329659,6,168.0,0.24841486592183515,24,416.0
1640.0,30,140.0,1.2280701754385965,4.456816482964822,12,216.0,0.13947753145120237,11,79.0,0.2917020285029767,7,165.0,0.23711339377297355,30,460.0
1645.0,33,131.0,1.1391304347826088,3.7348696653886613,11,232.0,0.13994459834974157,10,107.0,0.18171476425313285,12,181.0,0.19734255777145776,33,520.0
1650.0,29,102.0,0.9357798165137615,4.329915733013241,12,231.0,0.2050036703737653,5,100.0,0.3226937130594658,12,190.0,0.23434367412544269,29,521.0
1655.0,16,59.0,0.5221238938053098,4.324013670114741,10,241.0,0.19010778794312033,2,98.0,0.38233298750645417,4,173.0,0.2634320935866545,16,512.0
1660.0,23,80.0,0.6837606837606838,4.579597442872665,10,212.0,0.21712020985998576,6,119.0,0.3094315884650688,7,145.0,0.2189296451094979,23,476.0
1665.0,30,126.0,1.125,4.102047319363002,12,197.0,0.1796133721166972,9,128.0,0.3107853426795264,9,159.0,0.13121273462614916,30,484.0
1670.0,25,113.0,1.018018018018018,3.990442423618988,11,207.0,0.2021604740417678,5,103.0,0.3408469969515722,9,152.0,0.19889410166346722,25,462.0
1675.0,24,126.0,1.0862068965517242,4.883347173117752,11,185.0,0.2610400531842256,6,68.0,0.3556741380838306,7,159.0,0.22747085918901294,24,412.0
1680.0,24,123.0,1.0789473684210527,4.934173391948862,12,181.0,0.2733654325169446,3,68.0,0.29624845021902446,9,144.0,0.24469837233614625,24,393.0
1685.0,29,123.0,1.1081081081081081,3.668636562330409,11,206.0,0.18762039217628546,8,62.0,0.14830776336481374,10,151.0,0.15737999346768802,29,419.0
1690.0,34,172.0,1.5779816513761469,3.8983254305384594,10,197.0,0.15975676592580013,13,110.0,0.3365567252670459,11,141.0,0.1436636328073312,34,448.0
1695.0,36,223.0,2.0458715596330275,3.579545226630985,9,185.0,0.16912192675597107,14,175.0,0.3156587367250538,13,170.0,0.11931461110775556,36,530.0
1700.0,38,300.0,2.6315789473684212,3.3211417005692967,12,202.0,0.11212918109094043,15,243.0,0.1597274593773023,11,186.0,0.11563498984913444,38,631.0
1705.0,43,337.0,3.0636363636363635,3.491842489696127,15,240.0,0.14423743317852472,15,262.0,0.18048510242068852,13,230.0,0.1181607178096315,43,732.0
1710.0,34,273.0,2.625,3.558217878729815,11,255.0,0.18458324976306703,6,213.0,0.23088185438139364,17,290.0,0.18117635520622913,34,758.0
1715.0,27,174.0,1.6571428571428573,3.854412094010211,9,225.0,0.2568788841550756,5,225.0,0.2881854968069995,13,306.0,0.19117412394477126,27,756.0
1720.0,32,173.0,1.5727272727272728,4.568077519164701,10,179.0,0.27360970391147443,10,258.0,0.3418189560181065,12,270.0,0.1388401004215093,32,707.0
1725.0,31,178.0,1.5892857142857142,4.2788038747803,9,170.0,0.20908270930731693,12,256.0,0.2970885462906371,10,281.0,0.1407490697915557,31,707.0
1730.0,30,122.0,1.0892857142857142,4.464266074066953,4,165.0,0.30167912560628785,10,195.0,0.19823481741080157,16,335.0,0.1853016315698136,30,695.0
1735.0,33,196.0,1.8148148148148149,4.991959339053948,6,156.0,0.3667755346096374,11,141.0,0.22883586423316454,16,416.0,0.24240494028307644,33,713.0
1740.0,32,297.0,2.855769230769231,4.941878395707737,6,176.0,0.3812182893068617,9,127.0,0.30189493008012364,17,494.0,0.20265012022013712,32,797.0
1745.0,35,263.0,2.5288461538461537,3.7250949007176524,12,222.0,0.2143021004078403,7,125.0,0.2614169325012612,16,502.0,0.21658116752697218,35,849.0
1750.0,33,186.0,1.7222222222222223,3.3956963468363797,12,246.0,0.2067411231730661,8,107.0,0.21264121433319574,13,437.0,0.11922594701751689,33,790.0
1755.0,35,190.0,1.6814159292035398,4.32259178424162,13,231.0,0.20739721447302262,10,119.0,0.3579783464910921,12,457.0,0.15008350711329205,35,807.0
1760.0,41,256.0,2.226086956521739,4.60794302807188,12,278.0,0.21901226854809597,13,153.0,0.3136844604168115,16,530.0,0.1774813589907593,41,961.0
1765.0,41,271.0,2.4862385321100917,3.777314865338803,12,338.0,0.15833573329509917,8,170.0,0.17757850572984957,21,622.0,0.15224480145173208,41,1130.0
1770.0,37,250.0,2.4038461538461537,3.388524257284121,9,351.0,0.19295936006922224,7,138.0,0.2058289911826278,21,729.0,0.15755810987161653,37,1218.0
1775.0,36,322.0,3.1262135922330097,3.5576977558397522,6,304.0,0.20436429174452886,2,109.0,0.3319826210778264,28,849.0,0.1570516646794983,36,1262.0
1780.0,39,339.0,3.1682242990654204,3.7764047703385524,4,321.0,0.2418421955700453,6,110.0,0.30087383225941317,29,896.0,0.10917797872027635,39,1327.0
1785.0,39,290.0,2.6363636363636362,3.20411413081397,6,348.0,0.1604504115358712,6,113.0,0.22360606923792928,27,853.0,0.10199581587924118,39,1314.0
1790.0,35,239.0,2.2547169811320753,3.7888959550869115,7,341.0,0.17784795095562367,5,68.0,0.39199845438589037,23,753.0,0.18689994269773977,35,1162.0
1795.0,31,222.0,2.018181818181818,4.500824557002982,6,289.0,0.2401141966906075,4,74.0,0.4509530738766556,21,714.0,0.16405454382372103,31,1077.0
1800.0,28,232.0,2.017391304347826,5.251123203959006,4,301.0,0.27377082592708013,7,67.0,0.40623744756056507,17,645.0,0.2628309477545913,28,1013.0
1805.0,27,250.0,2.192982456140351,5.340450634882789,7,317.0,0.15790420724450024,6,73.0,0.3875489194607492,14,592.0,0.2964943865449671,27,982.0
1810.0,28,206.0,1.9433962264150944,4.783073860011413,11,364.0,0.19135860729269533,5,52.0,0.3479665627517364,12,602.0,0.33100348360130627,28,1018.0
1815.0,29,158.0,1.4766355140186915,4.727705312889612,10,356.0,0.2558653599809376,8,56.0,0.2996332443400216,11,556.0,0.3048399622148648,29,968.0
1820.0,28,100.0,0.9174311926605505,4.287372188658977,10,300.0,0.27859747347785785,5,60.0,0.3243423148265523,13,545.0,0.19470380355524095,28,905.0
1825.0,28,103.0,0.9196428571428571,4.223568007013021,7,329.0,0.20108214535884436,9,50.0,0.276204634705529,12,472.0,0.18199503496249902,28,851.0
1830.0,38,213.0,1.8362068965517242,4.556820158975495,12,366.0,0.13088033047464423,12,84.0,0.324169913441673,14,396.0,0.17024099405778556,38,846.0
1835.0,35,256.0,2.265486725663717,4.33362651565929,10,375.0,0.14906025154432234,8,104.0,0.31454147247283015,17,374.0,0.18992405178404237,35,853.0
1840.0,25,175.0,1.5909090909090908,4.622666637179605,7,319.0,0.2094224163876,4,86.0,0.35757890956766597,14,369.0,0.2634793897727417,25,774.0
1845.0,23,130.0,1.1504424778761062,5.180765014617621,7,337.0,0.27938492355536365,6,62.0,0.3362409535935053,10,286.0,0.31009697111059803,23,685.0
1850.0,22,124.0,1.0689655172413792,5.3802091364614775,8,365.0,0.2725212375378942,4,52.0,0.3389389586340453,10,230.0,0.2908048059971223,22,647.0
1855.0,26,108.0,0.9642857142857143,4.04983304585177,8,346.0,0.19453043077954935,7,43.0,0.15857736824938956,11,242.0,0.17100361323016175,26,631.0
1860.0,33,96.0,0.8888888888888888,3.441399463422584,11,281.0,0.19646188797972958,8,68.0,0.29355962897679533,14,223.0,0.1412393456353653,33,572.0
1865.0,26,90.0,0.7894736842105263,4.308875817524849,8,316.0,0.25545361794627086,6,72.0,0.3786654217626975,12,247.0,0.20874844065936188,26,635.0
1870.0,28,105.0,0.8333333333333334,4.139535179817183,9,342.0,0.21362547632964551,7,85.0,0.21315412269398723,12,250.0,0.19173105413062871,28,677.0
1875.0,34,170.0,1.3934426229508197,3.8763880852343098,12,339.0,0.13684267132931444,8,102.0,0.15643089131255908,14,273.0,0.1619343862846839,34,714.0
1880.0,39,248.0,2.1565217391304348,3.677560617343984,9,291.0,0.16383639287584534,10,111.0,0.2211965032291731,20,334.0,0.16494753221639197,39,736.0
1885.0,36,271.0,2.3771929824561404,4.138147380126414,10,235.0,0.2258138459642763,7,97.0,0.35878092044322296,19,359.0,0.16956803751538269,36,691.0
1890.0,33,157.0,1.3418803418803418,3.887621319416794,9,250.0,0.200012739073879,7,103.0,0.35449359218159665,17,337.0,0.21882153836113977,33,690.0
1895.0,33,177.0,1.4274193548387097,4.313915242134312,8,235.0,0.1983856953409356,8,112.0,0.3069245932541835,17,285.0,0.18058392337670603,33,632.0
1900.0,39,239.0,1.959016393442623,4.0305907218331525,11,237.0,0.18599365536855328,13,163.0,0.20100348995499684,15,333.0,0.19542559949172386,39,733.0
1905.0,47,301.0,2.5508474576271185,3.6830339822274927,17,300.0,0.17183684618819026,15,197.0,0.13562486432440019,15,374.0,0.1664167284840044,47,871.0
1910.0,40,324.0,2.9724770642201834,3.180144340456994,20,392.0,0.13631362991459042,10,158.0,0.1563295732758875,10,382.0,0.16397571833621988,40,932.0
1915.0,34,256.0,2.327272727272727,3.2941989927571838,17,410.0,0.14480034557605811,8,180.0,0.23868578221801268,9,328.0,0.20935840665704702,34,918.0
1920.0,30,176.0,1.4426229508196722,3.9295479888738867,13,349.0,0.17939098323866928,9,199.0,0.3023132519326584,8,318.0,0.16869955868945996,30,866.0
1925.0,32,173.0,1.4065040650406504,3.8739642436123938,15,379.0,0.1700518599338365,8,197.0,0.2732354753780229,9,333.0,0.17217695862639484,32,909.0
1930.0,39,222.0,1.834710743801653,3.7632643746993475,19,465.0,0.15371549663146536,6,149.0,0.21269115748735604,14,365.0,0.1789545433290675,39,979.0
1935.0,37,197.0,1.6694915254237288,3.354981507032402,14,474.0,0.19304051095694982,8,154.0,0.13692103857355903,15,381.0,0.1959798831209455,37,1009.0
1940.0,30,119.0,1.043859649122807,3.7973640643997886,7,391.0,0.21028413732837295,11,171.0,0.2742925037174446,12,342.0,0.13393525004652004,30,904.0
1945.0,25,118.0,1.0,4.303042366577744,2,361.0,0.18767389934976425,14,206.0,0.2741750337274447,9,312.0,0.18262197685567708,25,879.0
1950.0,30,137.0,1.1229508196721312,4.05334775530897,8,385.0,0.14282748057759134,12,218.0,0.13268817629118582,10,327.0,0.19375804323733545,30,930.0
1955.0,28,93.0,0.8157894736842105,3.5279152752257055,8,370.0,0.19931123811182114,11,186.0,0.1423230935588518,9,323.0,0.19385183039437212,28,879.0
1960.0,23,90.0,0.8035714285714286,4.436590740155582,3,292.0,0.27451159939783965,10,154.0,0.3046562121418583,10,281.0,0.24666149546299215,23,727.0
1965.0,25,175.0,1.5086206896551724,4.623768949286361,5,311.0,0.26374260745456923,10,164.0,0.35201750491588873,10,254.0,0.245465366003541,25,729.0
1970.0,26,153.0,1.275,4.239589323023667,9,344.0,0.2407902702714802,7,158.0,0.271935042405931,10,275.0,0.21958039159099882,26,777.0
1975.0,32,175.0,1.4344262295081966,3.8276711482772448,14,405.0,0.12953175961747135,5,130.0,0.19544456763331963,13,278.0,0.16146020999332664,32,813.0
1980.0,43,304.0,2.5546218487394956,3.365315095658798,21,494.0,0.0895573933105721,10,113.0,0.22333029296895712,12,303.0,0.13082583414540777,43,910.0
1985.0,43,279.0,2.5135135135135136,2.625766516980495,22,525.0,0.09738329036371524,6,116.0,0.20893362735615909,15,295.0,0.13376554157070408,43,936.0
1990.0,34,184.0,1.5726495726495726,4.00060810471717,16,486.0,0.205871045947949,6,79.0,0.4430337591811852,12,291.0,0.1801816758993739,34,856.0
1995.0,23,104.0,0.8455284552845529,4.115260841917851,15,528.0,0.1766162726559649,1,45.0,0.4630808031980893,7,283.0,0.1927264419444457,23,856.0
2000.0,32,137.0,1.1048387096774193,3.9662538587920246,17,601.0,0.17608444144866894,4,32.0,0.3666809017086594,11,292.0,0.1377578643953897,32,925.0
2005.0,36,198.0,1.6097560975609757,3.7583509281309633,20,697.0,0.10874365680777136,5,39.0,0.2594907737534394,11,269.0,0.12214406265275114,36,1005.0
2010.0,34,183.0,1.5508474576271187,3.221145804061201,18,717.0,0.1309498348244172,6,42.0,0.31425432375440243,10,283.0,0.16417531554534567,34,1042.0
2015.0,34,179.0,1.4916666666666667,3.5784061020924685,13,644.0,0.16679912577421913,9,73.0,0.3386439388090534,12,263.0,0.1595037596041008,34,980.0
2020.0,38,276.0,2.28099173553719,4.171588132021161,11,531.0,0.22336648481563448,12,122.0,0.3382267259508419,15,258.0,0.1378746336274019,38,911.0
2025.0,32,181.0,1.5210084033613445,3.5831185176769873,9,541.0,0.1771735263811746,6,128.0,0.409113046432021,17,290.0,0.1251943376172069,32,959.0
2030.0,33,122.0,1.0252100840336134,4.046402913266936,13,576.0,0.17222549574296334,2,75.0,0.4422209845637669,18,280.0,0.11465974777238219,33,931.0
2035.0,33,160.0,1.3559322033898304,4.2600882865057645,15,644.0,0.1317865682201524,4,36.0,0.4823241558360475,14,298.0,0.1368993241629805,33,978.0
2040.0,36,155.0,1.3478260869565217,3.482386224889778,16,630.0,0.15485174162938814,6,49.0,0.26700982484171637,14,313.0,0.12588818923930492,36,992.0
2045.0,37,182.0,1.5964912280701755,4.021684175230306,11,532.0,0.1666323982230631,7,71.0,0.36941611184875955,19,352.0,0.16777498450299808,37,955.0
2050.0,34,219.0,1.9043478260869566,4.562054767600708,11,427.0,0.19424696852124665,6,74.0,0.3331496246182468,17,439.0,0.2102996607553242,34,940.0
2055.0,35,316.0,2.7964601769911503,4.767754610632622,8,331.0,0.24955631723026225,6,51.0,0.29849870191205174,21,530.0,0.12003066559210618,35,912.0
2060.0,35,264.0,2.4444444444444446,3.965523472064243,6,344.0,0.23819603778222428,6,58.0,0.2528898952323975,23,556.0,0.10085788154074632,35,958.0
2065.0,30,182.0,1.7333333333333334,4.101516058598454,7,364.0,0.2615005844047379,6,54.0,0.36658084904848137,17,504.0,0.14211149897218261,30,922.0
2070.0,29,198.0,1.9038461538461537,4.544040134277944,9,353.0,0.20473311158783597,6,64.0,0.38901447322978877,14,390.0,0.23942378098432412,29,807.0
2075.0,28,176.0,1.614678899082569,5.054824715522148,9,302.0,0.21436021287841767,3,60.0,0.4482445715347778,16,371.0,0.27131154039603433,28,733.0
2080.0,31,231.0,2.026315789473684,5.8273151327271515,10,215.0,0.23508510869896,5,36.0,0.49100410402653516,16,348.0,0.24367612759212026,31,599.0
2085.0,24,150.0,1.3157894736842106,5.514482667739751,5,212.0,0.26893840007238196,9,69.0,0.3614242840309206,10,370.0,0.22247163464528755,24,651.0
2090.0,26,113.0,1.0462962962962963,4.701392390263554,7,201.0,0.21108693166823547,9,95.0,0.18575590615137721,10,356.0,0.2510804738308257,26,652.0
2095.0,32,174.0,1.6893203883495145,4.8163807475711335,12,230.0,0.2627318487000325,9,93.0,0.19647268712390137,11,375.0,0.2917797180717823,32,698.0
2100.0,28,206.0,2.080808080808081,4.4994086306573795,17,296.0,0.19144891669367858,3,97.0,0.2961589048935481,8,373.0,0.2764189716425331,28,766.0
2105.0,37,310.0,3.1313131313131315,4.396273892843589,20,385.0,0.1271674220242572,8,121.0,0.2684958238951858,9,323.0,0.308100001260088,37,829.0
2110.0,51,506.0,4.865384615384615,3.7368371384367296,26,504.0,0.08977513983875277,15,178.0,0.21481951332581944,10,275.0,0.27195092090010115,51,957.0
2115.0,51,536.0,5.104761904761904,3.218912148666657,24,544.0,0.1057298638955507,20,265.0,0.13861182804446384,7,293.0,0.2345513079908195,51,1102.0
2120.0,45,427.0,3.8468468468468466,3.5205768141577503,20,486.0,0.12153980832042248,18,314.0,0.17310306152378127,7,285.0,0.22412142669379917,45,1085.0
2125.0,43,386.0,3.641509433962264,4.482235909023071,19,448.0,0.235345449319865,13,287.0,0.21270239121502554,11,299.0,0.2761799031979858,43,1034.0
2130.0,31,281.0,2.676190476190476,3.930475582039088,16,442.0,0.21032601233640327,5,291.0,0.21545066478388925,10,299.0,0.22376269726850495,31,1032.0
2135.0,27,179.0,1.7378640776699028,4.544463183082894,9,449.0,0.22369204955121122,8,321.0,0.26658345696850316,10,238.0,0.2387733800487348,27,1008.0
2140.0,25,148.0,1.4368932038834952,4.2457625295595225,5,448.0,0.23018192027874193,13,374.0,0.1637681844081219,7,250.0,0.1917768432607427,25,1072.0
2145.0,39,231.0,2.264705882352941,3.5165339725540057,6,436.0,0.20407560219038243,20,462.0,0.11193763022148065,13,299.0,0.1518009380688164,39,1197.0
2150.0,42,288.0,2.823529411764706,3.3750326786697107,8,374.0,0.23221830272148372,20,498.0,0.14603346795653735,14,362.0,0.12090494145395203,42,1234.0
2155.0,33,267.0,2.592233009708738,3.753431927678927,5,368.0,0.28338849148131173,14,444.0,0.1924459182247242,14,437.0,0.16233402397441718,33,1249.0
2160.0,27,190.0,1.8095238095238095,4.343173241523201,3,348.0,0.3439390792338091,12,317.0,0.15110661867584263,12,427.0,0.24498956827652882,27,1092.0
2165.0,20,89.0,0.8811881188118812,4.569205846118712,5,317.0,0.2943031604725459,2,328.0,0.3706938702633982,13,359.0,0.23577737043452732,20,1004.0
2170.0,32,142.0,1.3271028037383177,4.455225025273879,7,274.0,0.22940440894047603,10,340.0,0.3238890219244065,15,297.0,0.1325108619598451,32,911.0
2175.0,28,189.0,1.7339449541284404,4.999672123568933,5,216.0,0.2466474655489341,9,324.0,0.2804282620232747,14,310.0,0.21115882668535668,28,850.0
2180.0,24,213.0,1.9722222222222223,4.686142693838679,6,171.0,0.2702648403178447,5,250.0,0.24262158260768102,13,310.0,0.30577148248092967,24,731.0
2185.0,16,76.0,0.7037037037037037,4.816261696893361,4,160.0,0.3471686434922067,8,148.0,0.18924978579607132,4,309.0,0.39084836561726444,16,617.0
2190.0,9,26.0,0.24528301886792453,5.462280172052315,3,129.0,0.4236147991712015,2,131.0,0.23280808289073263,4,269.0,0.39090042713568474,9,529.0
2195.0,19,59.0,0.5412844036697247,4.627114769393301,6,127.0,0.2973002032023642,7,136.0,0.22608902992356072,6,253.0,0.3165299288644828,19,516.0
2200.0,24,90.0,0.8181818181818182,4.09141466811846,9,113.0,0.23661887071517415,8,137.0,0.23626783277659708,7,234.0,0.29219544776021894,24,484.0
2205.0,22,63.0,0.5431034482758621,3.9217354901682993,9,97.0,0.2260009722885496,6,101.0,0.2106731702232769,7,220.0,0.2699539947848806,22,418.0
2210.0,19,92.0,0.7540983606557377,4.866795832598622,7,91.0,0.272714759505962,6,96.0,0.17046135830431036,6,229.0,0.32820143872378715,19,416.0
2215.0,22,131.0,1.1196581196581197,4.834693319561167,11,117.0,0.25198032232975603,2,76.0,0.22176720586316662,9,260.0,0.27318693912769126,22,453.0
2220.0,29,112.0,0.9911504424778761,3.9118472168039795,11,121.0,0.19405082531335535,9,72.0,0.23178302637230674,9,260.0,0.14982559821577454,29,453.0
2225.0,27,97.0,0.8899082568807339,3.6778737397538985,13,108.0,0.1312181528154171,7,90.0,0.3160695811913345,7,200.0,0.18116191446609803,27,398.0
2230.0,24,58.0,0.5087719298245614,3.5015869668098643,11,144.0,0.1922216639684775,7,78.0,0.2280223963336035,6,216.0,0.22041465923520662,24,438.0
2235.0,29,102.0,0.8292682926829268,4.34898327359329,13,177.0,0.20853780839073507,3,57.0,0.23192071990544957,13,256.0,0.257307442385143,29,490.0
2240.0,27,103.0,0.8583333333333333,4.347272298803089,12,205.0,0.22305636788498448,6,53.0,0.28817500090067105,9,261.0,0.27491132446514754,27,519.0
2245.0,25,127.0,1.1043478260869566,4.74301884584465,9,203.0,0.23279770622388446,7,76.0,0.5333980476572144,9,182.0,0.22168503233782352,25,461.0
2250.0,27,165.0,1.3983050847457628,4.674915900664131,9,191.0,0.213661136925528,6,73.0,0.4392904337859258,12,170.0,0.19255985040991053,27,434.0
2255.0,20,94.0,0.7580645161290323,4.5427856020469175,5,194.0,0.23369877452142587,9,71.0,0.3181892851216689,6,191.0,0.20854056332064488,20,456.0
2260.0,26,90.0,0.7317073170731707,4.551372778825667,8,166.0,0.2033171470469766,10,87.0,0.16726767688248997,8,178.0,0.19242043968536227,26,431.0
2265.0,31,146.0,1.2695652173913043,3.4532222321021533,14,199.0,0.17732111755881388,7,88.0,0.15565267528552076,10,191.0,0.130562649344339,31,478.0
2270.0,34,221.0,2.0849056603773586,3.51417083270556,20,288.0,0.15902849275845507,5,81.0,0.2685424123203552,9,186.0,0.19670659546397432,34,555.0
2275.0,35,218.0,1.9464285714285714,3.26369058298257,20,338.0,0.06552416922733773,8,95.0,0.2438031968223921,7,185.0,0.1895880053329059,35,618.0
2280.0,38,238.0,2.125,3.9510509846782775,14,331.0,0.15624098877927028,15,148.0,0.22118380165299617,9,177.0,0.15336078793031857,38,656.0
2285.0,34,182.0,1.6851851851851851,3.105108596494952,9,334.0,0.1369849811440473,15,187.0,0.15107020933988755,10,193.0,0.0962398146737851,34,714.0
2290.0,26,111.0,1.0776699029126213,3.5719324182266123,12,386.0,0.15708707673375344,8,152.0,0.24683656856914846,6,168.0,0.20114328305565318,26,706.0
2295.0,20,69.0,0.6571428571428571,4.500318734744953,12,400.0,0.192937433411498,4,109.0,0.40508336159566627,4,160.0,0.27538858478689887,20,669.0
2300.0,13,37.0,0.34579439252336447,4.637480187965673,3,335.0,0.24402823282601907,1,105.0,0.43593468394670626,9,184.0,0.18307813456064304,13,624.0
2305.0,19,57.0,0.5327102803738317,4.041485484553679,4,317.0,0.2072282575570503,7,122.0,0.28763704702284243,8,186.0,0.15395681698647115,19,625.0
2310.0,24,78.0,0.75,3.771302321381077,9,347.0,0.16734475152598718,10,137.0,0.23948185754941828,5,138.0,0.15966475484290504,24,622.0
2315.0,15,56.0,0.5490196078431373,4.556125624075118,9,340.0,0.1778338123879811,4,90.0,0.3743385554111407,2,77.0,0.316116906095799,15,507.0
2320.0,13,61.0,0.61,5.481728437128116,8,270.0,0.20390194516089624,4,67.0,0.47225588948563596,1,48.0,0.4233366121186975,13,385.0
2325.0,13,90.0,0.8333333333333334,6.070772857817203,5,178.0,0.22491431057180383,7,61.0,0.4979616459807254,1,30.0,0.47142575898854727,13,269.0
2330.0,8,38.0,0.3392857142857143,6.013757083797771,3,174.0,0.2365744398367505,3,54.0,0.45482287645983416,2,31.0,0.5198514774255579,8,259.0
2335.0,20,100.0,0.9174311926605505,5.579030491867638,9,197.0,0.16034583055652715,8,51.0,0.2586555474699721,3,44.0,0.5277148052504287,20,292.0
2340.0,31,182.0,1.766990291262136,4.571214395383243,14,252.0,0.14065105123173458,11,83.0,0.18596798675256526,6,66.0,0.3844506607079346,31,401.0
2345.0,30,119.0,1.2142857142857142,3.8843431832130135,18,282.0,0.15927793453115827,9,90.0,0.2154508729291195,3,41.0,0.3745662461436725,30,413.0
2350.0,24,122.0,1.22,5.10419098330801,11,253.0,0.19298918959519115,6,88.0,0.3221185512536404,7,32.0,0.45691825159185767,24,373.0
2355.0,25,132.0,1.2815533980582525,5.0514488166773575,13,270.0,0.13999694237524143,7,98.0,0.428007750689928,5,46.0,0.40175804730372144,25,414.0
2360.0,26,103.0,0.9716981132075472,4.242641043297887,14,325.0,0.10653718118429653,5,97.0,0.38220162736893515,7,45.0,0.34123156088717616,26,467.0
2365.0,24,66.0,0.6407766990291263,3.739068918046238,12,338.0,0.14914647638518438,8,131.0,0.2130344451454663,4,48.0,0.3683381113982946,24,517.0
2370.0,27,117.0,1.1142857142857143,3.625030187535503,4,289.0,0.18032828897716963,14,167.0,0.15786063417287635,9,63.0,0.2619220179035954,27,519.0
2375.0,33,230.0,2.1904761904761907,2.897847500960572,3,300.0,0.1406796685236535,15,198.0,0.13073958111179954,15,122.0,0.15744254589467135,33,620.0
2380.0,33,218.0,1.981818181818182,2.9469171755815187,10,331.0,0.10999638279547425,10,223.0,0.11968451283807838,13,157.0,0.17330634034923734,33,711.0
2385.0,29,189.0,1.75,3.414224213281438,15,395.0,0.11740848291173668,8,194.0,0.23787878483111188,6,144.0,0.2902928564119239,29,733.0
2390.0,39,248.0,2.2142857142857144,3.316896501590591,22,487.0,0.0599080807831981,7,203.0,0.21870996241862456,10,128.0,0.33722336654623347,39,818.0
2395.0,47,367.0,3.1367521367521367,3.1530763309010315,29,614.0,0.06635250546051238,11,214.0,0.15973372644677652,7,122.0,0.3246162401914933,47,950.0
2400.0,43,375.0,3.1779661016949152,3.1821983014919417,31,678.0,0.07347897870566743,5,192.0,0.16809274176386416,7,134.0,0.2009843198195331,43,1004.0
2405.0,43,325.0,2.8508771929824563,3.1441492430494664,29,674.0,0.07901784393274836,7,156.0,0.22442024975642777,7,138.0,0.25641987734006394,43,968.0
2410.0,43,288.0,2.5714285714285716,3.8359509831895737,27,638.0,0.1050373533957945,8,183.0,0.33922836599943423,8,118.0,0.256302086810851,43,939.0
2415.0,30,244.0,2.103448275862069,4.49029017332152,19,714.0,0.15925042707864265,8,198.0,0.32306199942626257,3,113.0,0.2502810388927824,30,1025.0
2420.0,33,219.0,1.9043478260869566,3.994195687054753,16,794.0,0.13600175769677084,12,225.0,0.19869278103330157,5,110.0,0.21189762147135838,33,1129.0
2425.0,42,257.0,2.3363636363636364,3.1809338878926505,14,864.0,0.13941285088027042,18,261.0,0.08016119111488225,10,152.0,0.23900306547038555,42,1277.0
2430.0,41,213.0,2.0285714285714285,2.5591583986971975,15,861.0,0.1400676238424384,16,321.0,0.07602558015854885,10,160.0,0.24205618450980218,41,1342.0
2435.0,35,157.0,1.4403669724770642,3.5796066640567408,13,770.0,0.14014375531597745,14,352.0,0.23553341267903646,8,129.0,0.20268930885194708,35,1251.0
2440.0,27,161.0,1.4504504504504505,4.223118706379651,9,626.0,0.15720502543083809,12,375.0,0.24325592479119132,6,134.0,0.19661763262898124,27,1135.0
2445.0,37,228.0,1.9322033898305084,3.82513563900892,9,666.0,0.18917729457536195,15,428.0,0.20566837764489979,13,184.0,0.11282310938688221,37,1278.0
2450.0,37,314.0,2.8035714285714284,3.319251963151768,8,705.0,0.20164669404273045,21,517.0,0.10849255337007323,8,197.0,0.16796197990841208,37,1419.0
2455.0,48,479.0,4.4766355140186915,3.0624331300933743,14,767.0,0.1496650863240904,28,645.0,0.1356680322339226,6,168.0,0.1728207203070292,48,1580.0
2460.0,49,511.0,4.775700934579439,2.6201547095453046,19,851.0,0.10470053898939322,25,682.0,0.06522732719241331,5,181.0,0.20060800049293837,49,1714.0
2465.0,50,533.0,4.935185185185185,2.7560071101900507,28,971.0,0.07931250898357227,16,600.0,0.13461387303235767,6,203.0,0.22609694803320943,50,1774.0
2470.0,49,616.0,5.703703703703703,3.007945188603792,32,1118.0,0.07776264947219726,11,464.0,0.1869052931317046,6,186.0,0.27511023269007695,49,1768.0
2475.0,52,734.0,6.73394495412844,2.5818872156773507,38,1293.0,0.05412201441816914,8,408.0,0.28116818741175403,6,177.0,0.2735921565119197,52,1878.0
2480.0,55,857.0,7.584070796460177,2.5282979187626355,44,1497.0,0.020539004270185086,4,371.0,0.2491368970214503,7,206.0,0.28029203253042184,55,2074.0
2485.0,60,883.0,7.547008547008547,2.8467847338757797,44,1589.0,0.04921759055743134,5,388.0,0.24649579124911972,11,221.0,0.16915387158922515,60,2198.0
2490.0,56,783.0,6.808695652173913,3.1379338736519933,36,1452.0,0.057649999790492235,9,427.0,0.30009456389809197,11,249.0,0.16703846192862987,56,2128.0
2495.0,47,652.0,5.719298245614035,2.7459962837558956,27,1594.0,0.07797219047121876,12,480.0,0.24569578145106188,8,259.0,0.07260757999419089,47,2333.0
2500.0,49,626.0,5.589285714285714,3.1344375664554534,26,1727.0,0.06769077548047651,15,548.0,0.16576490844139824,8,258.0,0.13103807034659856,49,2533.0
2505.0,46,512.0,4.876190476190477,2.0490428810787686,16,1688.0,0.0906339736231624,21,635.0,0.04587553675221998,9,250.0,0.09298755416622226,46,2573.0
2510.0,38,439.0,4.346534653465347,2.524210318318198,6,1458.0,0.1499449765096453,23,750.0,0.1952113293600929,9,214.0,0.11703637993567996,38,2422.0
2515.0,30,365.0,3.5436893203883497,3.2310882296998193,4,1347.0,0.14080567806800257,18,739.0,0.22575819523983437,8,183.0,0.18934142427658088,30,2269.0
2520.0,23,237.0,2.2149532710280373,2.8398127512644376,7,1381.0,0.13920401452703987,14,637.0,0.16467851206857598,2,173.0,0.2491016708035007,23,2191.0
2525.0,34,263.0,2.4128440366972477,3.053838122410442,13,1435.0,0.1313741883282404,16,681.0,0.1456538991371501,5,153.0,0.3011096535021599,34,2269.0
2530.0,32,235.0,2.2169811320754715,3.1828763049406046,13,1348.0,0.10660956443471407,12,617.0,0.14197311602929358,7,184.0,0.3284932059048227,32,2149.0
2535.0,28,167.0,1.518181818181818,3.616683618037498,12,1064.0,0.14054099718079138,5,628.0,0.24559824476479378,11,227.0,0.31652907337870073,28,1919.0
2540.0,27,192.0,1.7142857142857142,4.208003154160226,8,811.0,0.18773689513261088,5,639.0,0.24360002942169626,14,252.0,0.23505524270783015,27,1702.0
2545.0,31,171.0,1.4869565217391305,4.308784362875099,11,643.0,0.21241903218320357,6,601.0,0.28917907060329,14,244.0,0.1055063457878193,31,1488.0
2550.0,26,174.0,1.5263157894736843,4.907873824028988,8,504.0,0.30916386152131425,6,573.0,0.3154555857053786,12,275.0,0.19638573903346318,26,1352.0
2555.0,20,108.0,0.9642857142857143,4.494413284840907,3,406.0,0.36984886325059757,7,596.0,0.24462653842938678,10,301.0,0.19671896772001465,20,1303.0
2560.0,25,112.0,0.9824561403508771,4.521758699476024,6,405.0,0.35531937171325223,10,621.0,0.16086251943837143,9,330.0,0.21953581468626068,25,1356.0
2565.0,26,123.0,1.1181818181818182,3.849422923507726,5,356.0,0.28988540183246886,11,595.0,0.08068855136500587,10,371.0,0.21659185799059813,26,1322.0
2570.0,21,72.0,0.6857142857142857,3.772892996463875,4,229.0,0.217095288968533,10,503.0,0.20366791695918704,7,363.0,0.23718534823662338,21,1095.0
2575.0,18,83.0,0.7980769230769231,4.455343003506558,3,76.0,0.28892524012801346,7,360.0,0.27728409473920906,8,357.0,0.22873575071298466,18,793.0
2580.0,15,74.0,0.6788990825688074,5.000077444938692,0,57.0,0.33896441162687896,7,257.0,0.26660254700041286,8,383.0,0.27684890639616044,15,697.0
2585.0,22,70.0,0.6481481481481481,4.3332975155223625,6,67.0,0.23695006185965245,5,260.0,0.2675137005096599,11,430.0,0.14729248980962864,22,757.0
2590.0,40,190.0,1.8269230769230769,3.3547179754460736,15,117.0,0.13422765875981946,8,254.0,0.25111406605072134,17,494.0,0.10841351490505306,40,865.0
2595.0,41,263.0,2.7395833333333335,1.9240668287311287,19,200.0,0.07565516483289551,8,244.0,0.21332032147973873,14,511.0,0.0775132716598846,41,955.0
2600.0,37,234.0,2.3877551020408165,3.126844034610537,21,263.0,0.17968195596385794,6,183.0,0.25414315857359693,10,421.0,0.15695860773798162,37,867.0
2605.0,32,192.0,1.8461538461538463,4.14688366385251,18,273.0,0.19499639707647407,5,122.0,0.2909099525405636,9,385.0,0.24153875120382703,32,780.0
2610.0,23,136.0,1.2952380952380953,4.643247161653291,13,319.0,0.17878332076935868,3,71.0,0.33035557447545083,7,398.0,0.27015721654343294,23,788.0
2615.0,26,103.0,1.0,4.381153263124471,14,388.0,0.10354565035064613,1,52.0,0.41140262234698627,11,433.0,0.2275359078958223,26,873.0
2620.0,25,123.0,1.2424242424242424,3.584864111399317,10,409.0,0.11473558279460636,3,49.0,0.26108790073830496,12,488.0,0.1711834018680414,25,946.0
2625.0,35,211.0,2.2934782608695654,2.8884323146072934,6,328.0,0.15066344769150702,10,89.0,0.28892380060830936,19,565.0,0.12711681149064238,35,982.0
2630.0,34,249.0,2.5670103092783507,2.688237203043503,5,325.0,0.1647986683202591,13,147.0,0.19147261103331473,16,581.0,0.10750969118723021,34,1053.0
2635.0,38,279.0,2.735294117647059,2.979738443172599,9,356.0,0.12482431534255749,17,223.0,0.24947313038645472,12,513.0,0.1504652187238529,38,1092.0
2640.0,36,268.0,2.552380952380952,2.6721735365110573,13,407.0,0.08654690096162476,13,244.0,0.20576314014118935,10,514.0,0.1401455676003123,36,1165.0
2645.0,43,312.0,2.943396226415094,2.8368671753265855,19,491.0,0.12666229653264183,8,202.0,0.18625818099460648,16,579.0,0.15597946929744605,43,1272.0
2650.0,50,413.0,3.933333333333333,2.6075592955283518,27,606.0,0.09042058460769206,6,224.0,0.12855234889461467,17,666.0,0.19191314697054104,50,1496.0
2655.0,51,467.0,4.40566037735849,2.2693522087612203,28,658.0,0.04887071434868917,7,256.0,0.1325305689432182,16,749.0,0.16348776590289904,51,1663.0
2660.0,53,487.0,4.5514018691588785,2.6984837044455676,26,600.0,0.08815874988069619,5,250.0,0.2631203334863651,22,844.0,0.10935430432155728,53,1694.0
2665.0,48,422.0,3.94392523364486,3.0898600762761266,20,668.0,0.15725271357647908,4,195.0,0.31872889388907943,24,855.0,0.12748773221017534,48,1718.0
2670.0,38,281.0,2.6261682242990654,3.8838744613522147,19,759.0,0.11755392790569243,3,137.0,0.5011472759478117,16,751.0,0.1784940709837388,38,1647.0
2675.0,33,228.0,2.150943396226415,3.5502035698581853,20,853.0,0.08865392881551709,1,119.0,0.41776169573917676,12,556.0,0.19711710368173893,33,1528.0
2680.0,38,302.0,2.822429906542056,3.8046954347466095,19,945.0,0.12196994106899753,6,141.0,0.2976773824386391,13,438.0,0.22444860171347672,38,1524.0
2685.0,37,310.0,2.9523809523809526,3.9059933336667534,19,940.0,0.09518124312681168,9,179.0,0.22978049263976955,9,385.0,0.30209790030991296,37,1504.0
2690.0,28,213.0,2.048076923076923,4.153951760451927,17,830.0,0.09844957934502906,7,176.0,0.25484343701586665,4,342.0,0.4163043872941202,28,1348.0
2695.0,24,205.0,2.05,5.230278047319259,15,662.0,0.1718903600758263,5,129.0,0.29545285217018763,4,268.0,0.4904825765314403,24,1059.0
2700.0,25,212.0,2.185567010309278,5.193895099812339,13,524.0,0.18090808164133432,7,113.0,0.3183625923917651,5,265.0,0.45499765741183174,25,902.0
2705.0,21,102.0,1.02,5.343491967204594,10,464.0,0.31935549645898653,6,139.0,0.3093355604786136,5,220.0,0.2702715232032956,21,823.0
2710.0,18,123.0,1.28125,5.717826849781745,3,367.0,0.44197895621217437,8,166.0,0.22253768149911726,7,198.0,0.17715155066158256,18,731.0
2715.0,20,86.0,0.9347826086956522,5.034034753321211,3,357.0,0.44143975107151917,8,175.0,0.13328722860902134,9,195.0,0.169785814466445,20,727.0
2720.0,20,80.0,0.9195402298850575,4.660253406893739,8,350.0,0.3168812397896146,4,144.0,0.17282914798918966,8,196.0,0.2895216631872672,20,690.0
2725.0,18,50.0,0.5681818181818182,4.172067294195843,10,342.0,0.18034207730914098,5,155.0,0.16638944229124994,3,165.0,0.4235483199252515,18,662.0
2730.0,19,60.0,0.6976744186046512,4.251124523441226,5,265.0,0.22621184406294179,11,197.0,0.16279800442405032,3,167.0,0.3871506555958513,19,629.0
2735.0,27,131.0,1.4719101123595506,3.144679653841932,6,294.0,0.19834677663240358,17,261.0,0.12738728382421866,4,145.0,0.17128061487799628,27,700.0
2740.0,30,167.0,1.8555555555555556,3.0197300372280815,10,337.0,0.14977421868177057,16,299.0,0.13462316688003467,4,100.0,0.23738472104850433,30,736.0
2745.0,24,109.0,1.184782608695652,3.455075883905127,10,325.0,0.16411548314067886,11,278.0,0.12249699818191997,3,105.0,0.34823690103947536,24,708.0
2750.0,20,67.0,0.7127659574468085,4.79117038554036,7,211.0,0.25402911898686475,9,218.0,0.2047540581651989,4,116.0,0.35279317149387535,20,545.0
2755.0,21,73.0,0.7525773195876289,4.693778091566325,7,231.0,0.24383960415493863,6,229.0,0.29895057571849165,8,147.0,0.3238366340058213,21,607.0
2760.0,24,105.0,1.0606060606060606,4.070423617537592,8,261.0,0.19145405276920952,8,260.0,0.24648608940668368,8,148.0,0.17257717870686523,24,669.0
2765.0,25,81.0,0.81,3.7229117431863084,9,245.0,0.1378025500203527,9,258.0,0.17944480770005555,7,107.0,0.24894640274876534,25,610.0
2770.0,19,60.0,0.6060606060606061,4.412980990708803,6,159.0,0.2131477237906923,6,188.0,0.26391825399725927,7,119.0,0.2923693245599205,19,466.0
2775.0,17,80.0,0.7920792079207921,4.921615189116756,4,154.0,0.28071226896661444,5,139.0,0.2980096533798963,8,159.0,0.2640193919657958,17,452.0
2780.0,21,107.0,1.0490196078431373,4.2183474258888145,7,178.0,0.19825451136752795,4,142.0,0.26769537389968306,10,208.0,0.2140411441732384,21,528.0
2785.0,25,111.0,1.1326530612244898,3.5275784299496946,7,170.0,0.1731481633664289,8,149.0,0.20829189059206524,10,212.0,0.21616328658967893,25,531.0
2790.0,25,132.0,1.3608247422680413,3.559306117824948,4,120.0,0.14396262695781925,14,200.0,0.2143595788774226,7,181.0,0.2053914826384052,25,501.0
2795.0,26,129.0,1.2647058823529411,3.9634890544682455,3,69.0,0.218201549548587,14,226.0,0.21799526035656888,9,212.0,0.14982595736999846,26,507.0
2800.0,23,85.0,0.7870370370370371,4.31961739579588,3,67.0,0.29896108339980015,8,180.0,0.22271430492465616,12,264.0,0.18658550810865604,23,511.0
2805.0,32,145.0,1.355140186915888,4.073527757643173,8,81.0,0.19207933995212073,7,212.0,0.15590824427816527,17,337.0,0.1957469173723546,32,630.0
2810.0,33,175.0,1.7676767676767677,2.7260800062664354,14,138.0,0.12212304727043512,7,246.0,0.11515911238256649,12,355.0,0.13992793860487684,33,739.0
2815.0,32,160.0,1.6326530612244898,2.849095616963069,15,174.0,0.1396424361398337,8,241.0,0.17542416860265833,9,314.0,0.1718041088229942,32,729.0
2820.0,19,75.0,0.7575757575757576,4.040677403252303,8,166.0,0.25600276825222573,4,190.0,0.25724940322828793,7,296.0,0.22434285063172849,19,652.0
2825.0,23,71.0,0.7029702970297029,4.165830893477059,8,192.0,0.18366301821675304,4,197.0,0.23749761540166653,11,338.0,0.19080299339467746,23,727.0
2830.0,33,165.0,1.683673469387755,2.9666631232546687,11,246.0,0.08213300082449997,7,226.0,0.16393468227276467,15,410.0,0.1487106803710228,33,882.0
2835.0,44,260.0,2.8260869565217392,1.5267907753255996,17,324.0,0.04810861274400824,14,281.0,0.0769066885524933,13,426.0,0.11653009613443219,44,1031.0
2840.0,42,315.0,3.5,2.08208905155937,15,354.0,0.07288233603290654,19,368.0,0.10320499540080155,8,376.0,0.14804987400969088,42,1098.0
2845.0,40,371.0,3.905263157894737,3.601971618920748,9,305.0,0.14702675637642137,23,479.0,0.1865381097660948,8,293.0,0.18750484366193998,40,1077.0
2850.0,38,457.0,4.810526315789474,3.931434951655426,7,207.0,0.16803617731981468,25,600.0,0.18136155782812186,6,261.0,0.2042052072553778,38,1068.0
2855.0,43,606.0,6.3125,3.132263120810663,8,237.0,0.17670076731307047,30,740.0,0.0889942680729548,5,240.0,0.2401719410651924,43,1217.0
2860.0,45,593.0,6.588888888888889,2.2265998903062756,11,285.0,0.178071406446954,28,792.0,0.03563411548312484,6,270.0,0.23794798396507186,45,1347.0
2865.0,42,455.0,5.2298850574712645,2.530915322355623,9,289.0,0.19849506087511176,24,748.0,0.06596000871681197,9,307.0,0.2852026237830932,42,1344.0
2870.0,31,386.0,4.337078651685394,4.1583700115689535,4,231.0,0.3296880341766547,15,601.0,0.17914319403934428,12,361.0,0.2981957545587719,31,1193.0
2875.0,28,388.0,4.0,4.3275651161030435,4,216.0,0.2710562244411934,9,520.0,0.27011340366619047,15,429.0,0.2769035585800061,28,1165.0
2880.0,29,297.0,2.911764705882353,4.707535438844523,6,240.0,0.265940361546172,7,420.0,0.3403228418256573,16,448.0,0.22657950628582468,29,1108.0
2885.0,31,313.0,3.0388349514563107,4.2992210269879445,6,233.0,0.2108854685659446,3,320.0,0.4412392359133924,22,478.0,0.18185187695905294,31,1031.0
2890.0,29,288.0,2.769230769230769,4.451411159713446,5,199.0,0.2837035671340324,2,286.0,0.4309523140815426,22,530.0,0.1847106191002287,29,1015.0
2895.0,30,264.0,2.563106796116505,4.848075881375613,5,153.0,0.28719525991313927,8,306.0,0.39593212367302993,17,514.0,0.1466171698099106,30,973.0
2900.0,29,257.0,2.4711538461538463,4.824034667311764,5,152.0,0.18715044375416845,10,352.0,0.3638786673621203,14,442.0,0.17336450674001525,29,946.0
2905.0,30,268.0,2.6019417475728157,4.745561729251257,8,181.0,0.1391049877764385,10,343.0,0.23273689474127537,12,423.0,0.28241796297515764,30,947.0
2910.0,20,170.0,1.7525773195876289,4.814645950819186,5,183.0,0.2365175771158553,7,269.0,0.18298143449834386,8,363.0,0.36816047576518884,20,815.0
2915.0,15,96.0,1.032258064516129,5.262934718095081,4,138.0,0.3481273826594253,6,293.0,0.2350370017564711,5,340.0,0.4622003143246433,15,771.0
2920.0,18,64.0,0.6597938144329897,5.182796522960395,5,91.0,0.2969540621230696,11,337.0,0.2036666503618647,2,329.0,0.4364586972230866,18,757.0
2925.0,25,120.0,1.2371134020618557,4.534599884027673,3,93.0,0.18450754906605163,15,408.0,0.19710180290089968,7,323.0,0.31699187214870445,25,824.0
2930.0,27,148.0,1.6263736263736264,3.44975117829902,6,115.0,0.13397832664776738,12,414.0,0.0896781651094647,9,323.0,0.19250301569487674,27,852.0
2935.0,28,139.0,1.6352941176470588,3.45252253037546,10,159.0,0.21922004034069978,10,307.0,0.12516449242906888,8,283.0,0.2766583807545537,28,749.0
2940.0,19,91.0,1.0340909090909092,4.528593703286112,7,161.0,0.33286830844369264,5,228.0,0.21539267255206185,7,303.0,0.31261714889085684,19,692.0
2945.0,20,72.0,0.782608695652174,5.2375769135832995,8,122.0,0.3130306672397665,6,254.0,0.2700897015169093,6,334.0,0.37376397661187255,20,710.0
2950.0,27,109.0,1.1978021978021978,4.322198069994507,8,100.0,0.29466003174479705,11,297.0,0.24704694091447957,8,354.0,0.2097185040629828,27,751.0
2955.0,20,107.0,1.1888888888888889,3.694932916407239,4,113.0,0.16654544259632303,6,282.0,0.27974251548825446,10,341.0,0.15656158364295014,20,736.0
2960.0,22,88.0,0.967032967032967,4.707676493344845,10,146.0,0.18564737677020096,3,191.0,0.27704952210649353,9,344.0,0.2987180616731108,22,681.0
2965.0,21,115.0,1.2921348314606742,5.028827677343438,11,199.0,0.24268938068480267,2,140.0,0.29478039100940095,8,258.0,0.3246075992645568,21,597.0
2970.0,22,183.0,2.103448275862069,4.194950175275522,12,257.0,0.23410959804192522,2,140.0,0.22347480735455932,8,226.0,0.35283050093977386,22,623.0
2975.0,34,292.0,3.2444444444444445,3.096367211395894,18,333.0,0.12978422465600303,9,169.0,0.11255875401025726,7,225.0,0.3262411300436719,34,727.0
2980.0,34,401.0,4.406593406593407,2.8421974532585716,24,438.0,0.06479861586871552,5,171.0,0.15487783505242578,5,212.0,0.3140119808875677,34,821.0
2985.0,37,538.0,5.663157894736842,3.3657212432459716,29,574.0,0.11213360231458655,2,119.0,0.25605903762069665,6,236.0,0.28473746711666603,37,929.0
2990.0,32,399.0,4.2,2.986811773578833,27,637.0,0.09876486771346765,2,108.0,0.1628481539944393,3,201.0,0.2348461994456495,32,946.0
2995.0,31,321.0,3.4148936170212765,3.694734206019694,21,603.0,0.11319462149607393,5,127.0,0.2223512566135986,5,161.0,0.23167263064166402,31,891.0
3000.0,25,253.0,2.811111111111111,4.095766057335795,14,557.0,0.1869768532111007,4,107.0,0.2889627756648338,7,146.0,0.12525268970195857,25,810.0
3005.0,19,196.0,2.227272727272727,4.975118406848915,12,578.0,0.2577440921641774,2,65.0,0.4212304755455161,5,132.0,0.16301362262481692,19,775.0
3010.0,20,170.0,1.9540229885057472,4.323293235670846,13,638.0,0.2082612301528777,2,73.0,0.264134855168916,5,111.0,0.2711366196757835,20,822.0
3015.0,18,78.0,0.9069767441860465,3.5202148390548507,8,625.0,0.16646559380715012,5,93.0,0.13332815618465707,5,116.0,0.27603165154503395,18,834.0
3020.0,15,44.0,0.5176470588235295,3.728864552478175,5,526.0,0.17623367050388666,4,92.0,0.19197156543037974,6,125.0,0.18210885471709606,15,743.0
3025.0,18,70.0,0.8333333333333334,3.8838190001170534,7,540.0,0.1999805183988318,2,59.0,0.3120523766029879,9,169.0,0.19183402707269298,18,768.0
3030.0,26,157.0,1.869047619047619,3.507904585873441,10,580.0,0.13405737166738071,4,70.0,0.2654869797114097,12,226.0,0.22427897978443515,26,876.0
3035.0,36,308.0,3.710843373493976,1.9198230458423475,15,646.0,0.07422531196479025,6,91.0,0.0905575590333501,15,296.0,0.11792272257328335,36,1033.0
3040.0,41,370.0,4.3023255813953485,1.7996483657437137,21,736.0,0.047066525463314586,6,96.0,0.12098487035263901,14,320.0,0.09210270381485662,41,1152.0
3045.0,37,423.0,4.752808988764045,3.022464363395794,24,849.0,0.12311450596379857,2,65.0,0.3132765439361988,11,291.0,0.19596093170038975,37,1205.0
3050.0,39,391.0,4.2967032967032965,3.166610563273343,20,862.0,0.13374845634424903,5,84.0,0.2581279335950909,14,285.0,0.19513673736343928,39,1231.0
3055.0,34,308.0,3.347826086956522,3.7104154600870136,16,765.0,0.09645819429486069,6,108.0,0.162893093243813,12,297.0,0.3003757157270725,34,1170.0
3060.0,26,234.0,2.6292134831460676,4.444926005205531,13,655.0,0.16194149104854832,4,98.0,0.2703984333335904,9,294.0,0.2814455015266151,26,1047.0
3065.0,16,135.0,1.5517241379310345,5.712973445007385,12,525.0,0.28919199752448016,3,73.0,0.3440220315196569,1,278.0,0.40148722649956226,16,876.0
3070.0,13,112.0,1.302325581395349,6.768320852903711,8,406.0,0.4048852710006438,2,40.0,0.40452834382030556,3,276.0,0.3539492422298304,13,722.0
3075.0,9,78.0,0.9397590361445783,6.995902456391801,4,299.0,0.48829399844877003,1,29.0,0.4983583483870175,4,269.0,0.36864624731555123,9,597.0
3080.0,6,62.0,0.7848101265822784,7.385776970704866,3,227.0,0.6237820882123283,0,32.0,0.4912350303289939,3,235.0,0.32867841344086873,6,494.0
3085.0,14,89.0,1.1265822784810127,6.3874922553900415,4,171.0,0.5845780155720267,5,45.0,0.33490073658731945,5,245.0,0.287998568554064,14,461.0
3090.0,16,49.0,0.6282051282051282,4.558623924851913,3,135.0,0.4788302150679478,6,59.0,0.1949171182788747,7,272.0,0.13223136662362397,16,466.0
3095.0,12,41.0,0.5189873417721519,4.698027992677203,4,103.0,0.4087093245350862,3,50.0,0.15028935810172483,5,268.0,0.22148219401173486,12,421.0
3100.0,9,16.0,0.19753086419753085,5.858953018160839,4,97.0,0.46198378726233325,0,28.0,0.3562665029609229,5,217.0,0.2990878703409321,9,342.0
3105.0,6,13.0,0.1625,6.494841983458953,2,62.0,0.5616627580361306,2,34.0,0.41827343542522466,2,145.0,0.35864325664497065,6,241.0
3110.0,13,39.0,0.47560975609756095,5.18678565571371,2,41.0,0.5132027332113507,9,64.0,0.29677120899870035,2,153.0,0.2536345333851059,13,258.0
3115.0,22,80.0,0.963855421686747,3.8641003938333283,6,60.0,0.2253763537734718,9,88.0,0.12134287068541527,7,177.0,0.18113028505644352,22,325.0
3120.0,18,58.0,0.7532467532467533,4.089918639616397,6,62.0,0.3786262478840241,5,81.0,0.14577684571250038,7,182.0,0.21261395761942545,18,325.0
3125.0,7,19.0,0.24358974358974358,5.509917344986512,0,24.0,0.5186498254385917,3,93.0,0.28991274485066326,4,140.0,0.2814382813755969,7,257.0
3130.0,13,47.0,0.5949367088607594,4.937718906604026,1,3.0,0.5545627514246868,9,126.0,0.26601534361987045,3,150.0,0.17694179827003,13,279.0
3135.0,20,83.0,1.0121951219512195,3.8562646251027837,1,5.0,0.3788909186298775,10,144.0,0.21245953535916198,9,177.0,0.0891504800116809,20,326.0
3140.0,28,151.0,1.8641975308641976,3.5614375268154768,6,30.0,0.3403668770465145,8,127.0,0.13948828968543192,14,240.0,0.127210000196625,28,397.0
3145.0,23,108.0,1.3333333333333333,3.435877007067826,6,41.0,0.32739337098945454,5,156.0,0.12427262149065968,12,246.0,0.16805845845675357,23,443.0
3150.0,17,70.0,0.8536585365853658,4.34072847325436,4,31.0,0.3686439824573998,8,187.0,0.20181260349956798,5,141.0,0.1542417960651077,17,359.0
3155.0,20,123.0,1.4819277108433735,5.1660449745371055,1,25.0,0.3726229746281962,14,248.0,0.23003219009190057,5,98.0,0.216637437893859,20,371.0
3160.0,28,215.0,2.5,4.502073239618358,2,27.0,0.5295074865377908,21,337.0,0.14664295684384138,5,121.0,0.17840955864136188,28,485.0
3165.0,39,365.0,4.397590361445783,3.4809970771204903,3,32.0,0.5096904960316431,27,459.0,0.08651200070727297,9,158.0,0.15904005015581488,39,649.0
3170.0,31,318.0,4.076923076923077,2.425724812627355,0,12.0,0.42948173594696293,27,526.0,0.056446377882730894,4,165.0,0.15894803366202084,31,703.0
3175.0,31,252.0,3.15,3.732715821535541,4,14.0,0.33650247680876955,22,519.0,0.12013623794785255,5,133.0,0.2596266241818583,31,666.0
3180.0,27,236.0,2.8095238095238093,4.70032651525646,6,39.0,0.44259141940842617,18,446.0,0.168558823212695,3,119.0,0.36266573155815507,27,604.0
3185.0,17,176.0,2.0952380952380953,5.233390221407588,5,64.0,0.5259319848823555,12,422.0,0.23298650925052555,0,96.0,0.3916117680264676,17,582.0
3190.0,19,110.0,1.25,5.368349159228342,4,67.0,0.5118853096224247,7,366.0,0.2984142125245374,8,105.0,0.30659897849005413,19,538.0
3195.0,8,20.0,0.22988505747126436,5.377255435060192,2,44.0,0.49678629176437344,1,330.0,0.376433261377309,5,108.0,0.2916341878579092,8,482.0
3200.0,11,47.0,0.5340909090909091,5.380321140829192,1,13.0,0.5001486168671959,7,345.0,0.3107919172513529,3,82.0,0.21813785380120043,11,440.0
3205.0,18,107.0,1.202247191011236,4.967003682498266,1,4.0,0.37991819689865364,14,402.0,0.24027701780793378,3,55.0,0.20927774711277622,18,461.0
3210.0,32,231.0,2.595505617977528,4.152651714140889,6,25.0,0.2652693496545618,21,489.0,0.11416001462816605,5,57.0,0.3003435592870295,32,571.0
3215.0,30,237.0,2.6333333333333333,3.08474537337014,10,66.0,0.17604239865088844,19,521.0,0.11375545524342925,1,34.0,0.21803115635673917,30,621.0
3220.0,35,262.0,2.977272727272727,3.4697557736270097,12,125.0,0.23153674346414274,16,473.0,0.1446269785592442,7,51.0,0.2719445219784603,35,649.0
3225.0,34,301.0,3.5,4.093060928346088,15,197.0,0.3027264423492246,15,367.0,0.1464713023612486,4,59.0,0.3617645328692757,34,623.0
3230.0,22,172.0,1.9111111111111112,4.299396121084408,12,216.0,0.29498430397751774,6,407.0,0.1934207856590122,4,51.0,0.33467597874102706,22,674.0
3235.0,25,156.0,1.6956521739130435,4.599477105466366,7,170.0,0.2720172324764023,12,448.0,0.22419136882419705,6,71.0,0.24801821637296773,25,689.0
3240.0,19,110.0,1.1702127659574468,5.086858095885798,5,139.0,0.3111836218450018,8,422.0,0.27355737188413015,6,82.0,0.15149577710804218,19,643.0
3245.0,18,61.0,0.648936170212766,4.5581820170600045,7,168.0,0.2973458963658855,6,334.0,0.2531513797747204,5,80.0,0.16905936202802765,18,582.0
3250.0,13,50.0,0.5376344086021505,4.448359957741893,6,202.0,0.3106505710785343,4,292.0,0.20526991069329667,3,78.0,0.27568776980771403,13,572.0
3255.0,21,114.0,1.2258064516129032,4.1674435762694255,10,243.0,0.24528774086858837,7,322.0,0.18279821151851364,4,92.0,0.21689259424957327,21,657.0
3260.0,25,171.0,1.9883720930232558,2.700633995432982,14,301.0,0.17982583055823526,6,305.0,0.10011911582622235,5,96.0,0.15535987795051343,25,702.0
3265.0,24,125.0,1.4367816091954022,3.3746157055992194,17,323.0,0.15600335261089324,4,232.0,0.2127928390802138,3,82.0,0.26277840639751177,24,637.0
3270.0,15,87.0,0.9456521739130435,4.496836635774249,10,281.0,0.23637115927166294,2,195.0,0.25511295581962223,3,82.0,0.29659461691525807,15,558.0
3275.0,21,90.0,0.9278350515463918,3.9818557972249997,11,325.0,0.16510046728755112,7,218.0,0.2206721148092883,3,94.0,0.305172361455313,21,637.0
3280.0,34,165.0,1.7741935483870968,2.755751374907196,17,399.0,0.0835141290710766,13,268.0,0.14206814029884154,4,90.0,0.20415765479761816,34,757.0
3285.0,32,160.0,1.7391304347826086,2.7666086111243824,14,429.0,0.06584854598401832,14,279.0,0.1725135961644306,4,70.0,0.1846738472638625,32,778.0
3290.0,15,52.0,0.5777777777777777,3.8082457715282247,4,362.0,0.22165329252439733,10,228.0,0.20906440942664756,1,59.0,0.2568236205139352,15,649.0
3295.0,16,43.0,0.4574468085106383,3.9160222194270737,5,376.0,0.18828499281634486,7,264.0,0.22409711422318973,4,65.0,0.24049543919109911,16,705.0
3300.0,30,127.0,1.3804347826086956,3.3138836030561754,11,425.0,0.13014522091555247,11,306.0,0.14385876548824994,8,92.0,0.248157248361037,30,823.0
3305.0,34,227.0,2.550561797752809,1.963079519498031,13,487.0,0.06529412560558073,14,363.0,0.05671019264046193,7,104.0,0.1669477955713324,34,954.0
3310.0,40,293.0,3.367816091954023,1.9905263910400526,13,487.0,0.09007864696261489,20,452.0,0.08064646976397785,7,100.0,0.14055951021598648,40,1039.0
3315.0,33,234.0,2.6292134831460676,2.9379740859407604,8,400.0,0.14099762243680355,20,484.0,0.14899616536087684,5,86.0,0.1485070679599672,33,970.0
3320.0,24,151.0,1.641304347826087,4.353936133910353,6,294.0,0.256504010840766,12,414.0,0.21418551764839855,6,86.0,0.27075170003046345,24,794.0
3325.0,18,121.0,1.3444444444444446,5.01939816029468,6,256.0,0.3197715909279926,9,287.0,0.2679960285581865,3,104.0,0.35471531166789716,18,647.0
3330.0,19,116.0,1.3333333333333333,5.476972632998718,6,203.0,0.43099430794955984,8,218.0,0.30652363816527284,5,130.0,0.36458942833271424,19,551.0
3335.0,16,80.0,0.9302325581395349,5.015797925593234,3,199.0,0.4054236138896437,5,237.0,0.3050019207623759,8,138.0,0.3124839073348159,16,574.0
3340.0,26,149.0,1.7126436781609196,4.153486367033185,6,223.0,0.3116736943396743,6,263.0,0.2610001263340556,14,194.0,0.20019125634195412,26,680.0
3345.0,28,148.0,1.7011494252873562,2.8899201272926125,8,225.0,0.19010208491816724,6,254.0,0.229930726176973,14,238.0,0.09206778922316536,28,717.0
3350.0,15,89.0,1.0229885057471264,4.275523747310132,2,175.0,0.2919842769958374,3,214.0,0.30988495379628034,10,237.0,0.18786318002652339,15,626.0
3355.0,15,89.0,0.978021978021978,5.240153075409099,5,192.0,0.3046232952008897,1,143.0,0.3345690494352007,9,206.0,0.30205434203170317,15,541.0
3360.0,18,84.0,0.9130434782608695,5.038772734786994,8,228.0,0.2761939069573041,1,95.0,0.3662197386185818,9,222.0,0.31490366767839,18,545.0
3365.0,17,87.0,0.9560439560439561,4.340865166622725,7,221.0,0.2172468161398078,1,70.0,0.4316153661219154,9,269.0,0.2545279817898759,17,560.0
3370.0,10,44.0,0.4943820224719101,4.730887782902291,4,161.0,0.23711578107913006,2,44.0,0.5362161516302115,4,268.0,0.2890775128875517,10,473.0
3375.0,7,43.0,0.48314606741573035,5.785104819671516,3,83.0,0.2877060625074636,2,39.0,0.6668620071848701,2,230.0,0.2962411091213161,7,352.0
3380.0,4,44.0,0.4782608695652174,6.297909635140782,0,42.0,0.26938120052733006,2,47.0,0.7267001732595144,2,170.0,0.2614398601790908,4,259.0
3385.0,3,58.0,0.6236559139784946,7.325437430474933,1,28.0,0.3598285058562938,2,57.0,0.7298097569037377,0,135.0,0.3983763808966852,3,220.0
3390.0,2,3.0,0.03296703296703297,6.982806771606983,0,15.0,0.394664928658565,1,28.0,0.5773239434495018,1,89.0,0.3987259449166584,2,132.0
3395.0,15,44.0,0.5,5.4555246742251,6,33.0,0.3347101534447711,7,28.0,0.28483601881607185,2,91.0,0.32944094113455963,15,152.0
3400.0,26,116.0,1.3488372093023255,3.526971235826563,12,81.0,0.2041911290873295,7,55.0,0.07364469322503242,7,115.0,0.22393270739673435,26,251.0
3405.0,31,156.0,1.8795180722891567,3.1248877313827883,14,125.0,0.14954820546891873,5,54.0,0.16245991809611354,12,167.0,0.25409180113959096,31,346.0
3410.0,24,116.0,1.4146341463414633,3.803829054308878,10,134.0,0.2170957588598438,3,66.0,0.3038539314500067,11,190.0,0.22083932993444033,24,390.0
3415.0,24,103.0,1.2117647058823529,4.464263147091209,8,124.0,0.2095329198854482,9,98.0,0.3504182747867615,7,159.0,0.20282465163952576,24,381.0
3420.0,26,156.0,1.7333333333333334,5.87172520508026,5,115.0,0.3287825844595684,14,157.0,0.369620990921118,7,116.0,0.27544111049062053,26,388.0
3425.0,21,136.0,1.5280898876404494,5.323961944499467,3,94.0,0.400583470197511,12,191.0,0.25360524780393234,6,130.0,0.2131813468302148,21,415.0
3430.0,20,120.0,1.348314606741573,5.39695593766885,2,69.0,0.5839681604410158,9,175.0,0.19051906799667714,9,168.0,0.20346196719121104,20,412.0
3435.0,22,160.0,1.8604651162790697,5.698689188230528,2,66.0,0.6684295582744569,7,132.0,0.22443114858896548,13,222.0,0.2536185759844741,22,420.0
3440.0,13,137.0,1.611764705882353,6.060496391385575,2,65.0,0.713219807241103,1,101.0,0.3529022391238108,10,228.0,0.2929081413594054,13,394.0
3445.0,8,31.0,0.37349397590361444,5.932004190170127,0,30.0,0.6119850389329415,2,77.0,0.39423873132606435,6,182.0,0.2814990085009552,8,289.0
3450.0,20,66.0,0.7857142857142857,4.764063698807694,6,18.0,0.2233539996244092,6,97.0,0.30013137878927687,8,146.0,0.19888491542847914,20,261.0
3455.0,21,59.0,0.7195121951219512,4.03753606898724,5,37.0,0.18673304582110123,7,102.0,0.2733825075918332,9,172.0,0.18614245761059328,21,311.0
3460.0,16,51.0,0.6144578313253012,4.844785000470084,0,24.0,0.5007921529030152,4,71.0,0.2738604981641,12,224.0,0.17744555154340858,16,319.0
3465.0,15,50.0,0.6172839506172839,5.067076902629485,2,22.0,0.4959928392395531,3,45.0,0.305469233934923,10,251.0,0.22131060866225125,15,318.0
3470.0,13,42.0,0.5121951219512195,4.835284334818685,8,49.0,0.37902896283429394,2,51.0,0.27312448146061946,3,217.0,0.2369661664084487,13,317.0
3475.0,20,109.0,1.3132530120481927,4.47986058188496,12,102.0,0.22791206295092642,7,68.0,0.2572307797460863,1,166.0,0.20761949275617908,20,336.0
3480.0,25,152.0,1.8313253012048192,3.7163315325707154,11,130.0,0.1518300212597382,13,123.0,0.18376348137322865,1,166.0,0.2178511578335821,25,419.0
3485.0,26,128.0,1.5238095238095237,3.548761887963672,5,113.0,0.26944262600993946,14,155.0,0.17311438393090742,7,190.0,0.13622101134262468,26,458.0
3490.0,16,58.0,0.6823529411764706,4.438027165707964,2,99.0,0.3862243894093428,7,144.0,0.1771218972220867,7,193.0,0.2106214975935005,16,436.0
3495.0,15,54.0,0.627906976744186,5.514034723693874,8,124.0,0.31457765330373955,5,100.0,0.31892779933890025,2,147.0,0.3306143962500092,15,371.0
3500.0,15,37.0,0.44047619047619047,4.876469484022236,9,131.0,0.28394667064186707,2,98.0,0.41730080266427416,4,139.0,0.24693409801540828,15,368.0
3505.0,19,65.0,0.7558139534883721,4.290116114350874,4,76.0,0.21629257108848834,7,115.0,0.3481349964868854,8,175.0,0.14025458748305628,19,366.0
3510.0,27,121.0,1.4578313253012047,2.8228689659619897,4,93.0,0.21660841086899896,12,163.0,0.09689369318193103,11,187.0,0.11393287808494088,27,443.0
3515.0,31,207.0,2.4352941176470586,3.457271130186095,9,126.0,0.20541190367459436,18,246.0,0.10217502002870359,4,150.0,0.1780579068993609,31,522.0
3520.0,42,364.0,4.333333333333333,2.5429195511849123,16,187.0,0.11404582390239781,20,344.0,0.14303916724784455,6,168.0,0.14680635550050708,42,699.0
3525.0,39,350.0,4.166666666666667,1.8908068294055762,14,214.0,0.11486375537462575,15,372.0,0.09587198785529685,10,204.0,0.08248473901331899,39,790.0
3530.0,34,261.0,3.0,3.103089055458805,9,176.0,0.24404525076487738,10,319.0,0.2465396256803871,15,272.0,0.12611226650312948,34,767.0
3535.0,22,153.0,1.7,3.6842585407638335,8,213.0,0.2964930206033268,2,280.0,0.23591709089155463,12,290.0,0.17438795253846268,22,783.0
3540.0,26,106.0,1.1157894736842104,3.7210089340260897,13,264.0,0.19170207993340135,6,301.0,0.17571671909136785,7,238.0,0.16036853267357484,26,803.0
3545.0,26,142.0,1.5268817204301075,3.528659783886306,14,329.0,0.09428453135752081,6,276.0,0.18855128649263408,6,186.0,0.1928470702096011,26,791.0
3550.0,27,216.0,2.347826086956522,4.310140610611435,20,418.0,0.11983633736578965,1,180.0,0.3568373664681036,6,137.0,0.32235378335070436,27,735.0
3555.0,32,324.0,3.5604395604395602,4.39288855721795,24,525.0,0.11305689361065514,2,173.0,0.35215775546215383,6,113.0,0.327821944475904,32,811.0
3560.0,39,462.0,5.191011235955056,3.3712890629388306,29,655.0,0.04498480360654577,7,200.0,0.2613352696534405,3,125.0,0.33101978456264725,39,980.0
3565.0,43,451.0,5.125,2.5381148175368105,28,710.0,0.047218481941233216,8,189.0,0.15437121334750048,7,133.0,0.19912811627011576,43,1032.0
3570.0,29,286.0,3.25,4.088738442143884,22,672.0,0.14263236174180519,2,121.0,0.34912773064881136,5,140.0,0.3039518002167739,29,933.0
3575.0,21,212.0,2.4651162790697674,5.505814877041896,16,547.0,0.20422805027381463,2,88.0,0.5473096234640134,3,113.0,0.345044435971628,21,748.0
3580.0,22,179.0,2.034090909090909,5.918389330149412,11,456.0,0.22520008437284383,7,113.0,0.43517083102978843,4,79.0,0.3310031657752101,22,648.0
3585.0,15,138.0,1.6046511627906976,6.28518896952777,8,387.0,0.36922167537945855,6,105.0,0.3491515503804185,1,62.0,0.37075902451626463,15,554.0
3590.0,6,40.0,0.4819277108433735,6.52402466910797,3,395.0,0.38711879322443143,2,54.0,0.31634830647488305,1,51.0,0.5288169759209878,6,500.0
3595.0,9,44.0,0.5641025641025641,7.0346554671229296,7,403.0,0.3540693193027875,0,18.0,0.39123392985819216,2,34.0,0.6397580483792633,9,455.0
3600.0,9,54.0,0.7297297297297297,7.07070939453072,7,386.0,0.3009161429679847,0,10.0,0.5338504125022248,2,28.0,0.6996752936230004,9,424.0
