step,system_total_stopped,system_total_waiting_time,system_mean_waiting_time,system_mean_speed,A0_stopped,A0_accumulated_waiting_time,A0_average_speed,B0_stopped,B0_accumulated_waiting_time,B0_average_speed,C0_stopped,C0_accumulated_waiting_time,C0_average_speed,agents_total_stopped,agents_total_accumulated_waiting_time
0.0,0,0.0,0.0,0.0,0,0.0,1.0,0,0.0,1.0,0,0.0,1.0,0,0.0
5.0,0,0.0,0.0,4.5369723656214775,0,0.0,1.0,0,0.0,0.24671565269609436,0,0.0,0.36057083506880494,0,0.0
10.0,1,0.0,0.0,9.390189634043576,0,0.0,1.0,0,0.0,0.9428700787260993,1,0.0,0.5865771060322077,1,0.0
15.0,0,0.0,0.0,8.67272610538402,0,0.0,0.2812577094180312,0,0.0,1.0,0,0.0,0.8607947797812598,0,0.0
20.0,1,0.0,0.0,8.953771441048042,1,0.0,0.5752869738281803,0,0.0,1.0,0,0.0,0.6596656857389209,1,0.0
25.0,1,0.0,0.0,8.016277312077792,1,0.0,0.6117059322890099,0,0.0,1.0,0,0.0,0.5117992346919233,1,0.0
30.0,2,6.0,0.42857142857142855,8.351066391284679,2,6.0,0.49384747836103315,0,2.0,0.8480689066729545,0,0.0,0.536258671685987,2,8.0
35.0,2,16.0,1.1428571428571428,10.518476669830779,2,16.0,0.44069131532124944,0,2.0,0.9476983346258244,0,0.0,0.9445619850329144,2,18.0
40.0,3,29.0,1.7058823529411764,9.24120604502782,3,29.0,0.20738344688616633,0,2.0,0.9245641327434775,0,0.0,0.7778208153033792,3,31.0
45.0,4,44.0,2.0952380952380953,8.748790762766532,3,44.0,0.44537097167785294,0,0.0,0.9034238870271367,1,0.0,0.5898649793532484,4,44.0
50.0,5,60.0,2.4,9.017980451842439,3,59.0,0.57210450876703,0,0.0,0.9002784206258253,2,1.0,0.6242484390408676,5,60.0
55.0,1,0.0,0.0,9.44446728135993,0,16.0,0.7153974814991841,0,0.0,0.9126690437874383,1,0.0,0.6885262060874802,1,16.0
60.0,3,7.0,0.23333333333333334,9.098516304780324,2,3.0,0.3634948191984435,0,0.0,0.9291687938199732,1,4.0,0.7110400402748023,3,7.0
65.0,1,0.0,0.0,8.156487717850743,0,6.0,0.6693672901550157,0,0.0,1.0,1,0.0,0.47250852627603446,1,6.0
70.0,1,3.0,0.11538461538461539,11.269282502832962,1,3.0,0.7948363221310679,0,2.0,0.8528191040148982,0,0.0,0.725378148780535,1,5.0
75.0,2,10.0,0.37037037037037035,11.426511689485118,2,10.0,0.6150496485306601,0,2.0,0.9224396809519833,0,0.0,0.9313397927335642,2,12.0
80.0,2,20.0,0.7407407407407407,11.312274364007799,2,20.0,0.3945587779920909,0,2.0,0.8832473251735848,0,0.0,0.9776734117013202,2,22.0
85.0,0,0.0,0.0,9.904185664428523,0,0.0,0.7723397642328573,0,0.0,0.885339908657055,0,0.0,0.4590145633713488,0,0.0
90.0,3,8.0,0.3333333333333333,10.077642863516283,0,0.0,0.7944005663854004,1,0.0,0.5884969926430078,2,8.0,0.5866608806709751,3,8.0
95.0,0,0.0,0.0,9.36483613699696,0,0.0,0.8427195613363141,0,0.0,0.32753176234164677,0,6.0,0.6159385654991126,0,6.0
100.0,4,11.0,0.5,10.146137795304739,1,0.0,0.6877094030286369,2,10.0,0.5992237561573205,1,4.0,0.7440301352214114,4,14.0
105.0,2,9.0,0.391304347826087,10.423935230304728,0,0.0,0.8836311401610375,0,8.0,0.6438778282668429,2,9.0,0.4750272674051587,2,17.0
110.0,2,17.0,0.7727272727272727,11.331428367389712,0,0.0,0.8566962664216916,1,3.0,0.7911759479699855,1,16.0,0.5966251682825059,2,19.0
115.0,2,8.0,0.3333333333333333,10.63102273485292,1,0.0,0.6737790797653194,1,8.0,0.6882218231372903,0,2.0,0.9121558702624274,2,10.0
120.0,2,15.0,0.6818181818181818,10.17802118308054,1,2.0,0.5855162096228469,1,13.0,0.6923212514138302,0,2.0,0.7716520108122084,2,17.0
125.0,3,22.0,1.1,8.890489113529465,1,5.0,0.6800983205320795,2,20.0,0.27767542360677616,0,0.0,0.7439082721181941,3,25.0
130.0,1,7.0,0.30434782608695654,10.355024604479686,1,7.0,0.6330994174107143,0,7.0,0.7239482132867128,0,0.0,0.7277821054922536,1,14.0
135.0,3,13.0,0.5416666666666666,10.561353235143766,3,13.0,0.42653314002125114,0,2.0,0.8613060416605482,0,0.0,0.7872720830290519,3,15.0
140.0,2,23.0,1.0454545454545454,10.569838342534691,2,23.0,0.414976602869092,0,2.0,0.8361729995915442,0,0.0,0.6811105744344071,2,25.0
145.0,1,0.0,0.0,8.731148603341275,0,9.0,0.6335894157209961,1,2.0,0.48808012939380613,0,1.0,0.5265323260414304,1,12.0
150.0,1,1.0,0.045454545454545456,10.608653665160118,1,1.0,0.5181803615368107,0,4.0,0.8455091615390374,0,0.0,0.7511356977417623,1,5.0
155.0,2,1.0,0.043478260869565216,9.426501980719996,1,0.0,0.5871611458329405,1,5.0,0.6684807130175641,0,0.0,0.7647983383950567,2,5.0
160.0,0,0.0,0.0,11.34748415346624,0,0.0,0.7999708097776678,0,8.0,0.8361287567385612,0,0.0,0.8218356758374383,0,8.0
165.0,1,3.0,0.125,9.18351364939164,0,0.0,0.6593897881436009,1,7.0,0.5588761372639501,0,0.0,0.6811135759675672,1,7.0
170.0,2,2.0,0.07692307692307693,9.134868004526838,1,0.0,0.7195641274286995,1,8.0,0.48901665804821687,0,0.0,0.5582901351038566,2,8.0
175.0,2,4.0,0.14814814814814814,9.44605493093134,2,6.0,0.4863690857631847,0,2.0,0.63181367196827,0,0.0,0.7336302047000375,2,8.0
180.0,1,1.0,0.037037037037037035,9.971852500828959,1,10.0,0.4958543996151749,0,0.0,0.9654937897554416,0,0.0,0.7868646505393507,1,10.0
185.0,1,4.0,0.19047619047619047,9.55703421047568,1,8.0,0.6645564984414458,0,2.0,0.6442996233002456,0,0.0,0.7489294874366514,1,10.0
190.0,3,18.0,0.8571428571428571,9.445638230044855,1,9.0,0.4084249960570813,1,7.0,0.7436541215996288,1,4.0,0.658917230208723,3,20.0
195.0,2,11.0,0.5238095238095238,9.685878928801896,1,2.0,0.009182041954594577,0,2.0,0.8844682095382002,1,9.0,0.5495620186270086,2,13.0
200.0,2,12.0,0.5454545454545454,10.260070139561519,2,14.0,0.33461839243848596,0,0.0,0.8439157551999442,0,0.0,0.9469615485142646,2,14.0
205.0,1,0.0,0.0,9.61606420839667,1,10.0,0.644381319771553,0,0.0,0.9096062622734622,0,0.0,0.6052691669253302,1,10.0
210.0,0,0.0,0.0,10.295181612691415,0,0.0,0.7704624995681364,0,0.0,0.48022483102508745,0,0.0,0.734484368811342,0,0.0
215.0,1,0.0,0.0,11.330967580132056,1,0.0,0.7327334503673155,0,0.0,0.8207835740773727,0,0.0,0.7920260782796358,1,0.0
220.0,1,2.0,0.06896551724137931,12.331972648002251,1,2.0,0.7748259982811339,0,0.0,0.9244675143304175,0,0.0,0.8353900068867771,1,2.0
225.0,2,9.0,0.32142857142857145,10.984765126848325,1,7.0,0.5688432942715844,0,0.0,0.9075057664100822,1,2.0,0.5802668795711118,2,9.0
230.0,2,19.0,0.6551724137931034,10.595670357853452,1,12.0,0.6394628744489571,0,0.0,0.8883274115240835,1,7.0,0.26078019177249434,2,19.0
235.0,2,17.0,0.5862068965517241,10.649564108473722,1,17.0,0.673027301814956,0,0.0,0.8779764861542994,1,0.0,0.7017659879572724,2,17.0
240.0,4,26.0,0.9629629629629629,10.359513140123665,3,26.0,0.5618826575869371,0,0.0,0.8282299907094407,1,0.0,0.6287081823602803,4,26.0
245.0,1,1.0,0.037037037037037035,9.2527896048823,1,12.0,0.5065081087767777,0,0.0,0.8205583123951732,0,0.0,0.7482146207473045,1,12.0
250.0,4,16.0,0.5517241379310345,9.404938007654396,3,12.0,0.5272810199255643,0,0.0,0.8581710643545335,1,4.0,0.5573228353528993,4,16.0
255.0,1,9.0,0.3103448275862069,7.980281826655431,0,13.0,0.3863143560639091,0,0.0,0.03695444446958926,1,9.0,0.7188294090806915,1,22.0
260.0,4,26.0,0.8387096774193549,9.219450705089299,1,4.0,0.5678195246787139,1,7.0,0.7146891914206888,2,17.0,0.5856830645261966,4,28.0
265.0,8,42.0,1.2352941176470589,9.068052450696497,3,10.0,0.24813903672180376,0,2.0,0.9589989786693559,5,32.0,0.4667372502609044,8,44.0
270.0,6,53.0,1.65625,9.478116961125513,0,4.0,0.6386596149471923,1,2.0,0.7992192487784638,5,55.0,0.49160584543000657,6,61.0
275.0,6,78.0,2.5161290322580645,8.634103088318582,0,0.0,0.5018357670332845,1,0.0,0.8095725358836744,5,80.0,0.4255091397476199,6,80.0
280.0,4,9.0,0.3103448275862069,7.733976993444742,1,5.0,0.6948698307575888,1,1.0,0.6017731865558202,2,52.0,0.4120547406001128,4,58.0
285.0,6,28.0,1.037037037037037,8.517462104527189,1,10.0,0.627113266664788,2,9.0,0.4171738119041361,3,14.0,0.5610065704489158,6,33.0
290.0,0,0.0,0.0,7.574612141633174,0,1.0,0.6236097040541837,0,6.0,0.6640602732343975,0,6.0,0.36611832405243366,0,13.0
295.0,3,2.0,0.08,8.870763128404972,1,0.0,0.6153628631515193,0,4.0,0.6201290623021656,2,2.0,0.3853222499308466,3,6.0
300.0,1,7.0,0.28,10.48521033575724,0,0.0,0.7775647143614155,0,5.0,0.7935329757406087,1,7.0,0.5458258694494745,1,12.0
305.0,1,0.0,0.0,10.818855867444116,0,2.0,0.7687008440184566,0,4.0,0.9115190366210876,1,0.0,0.3953320787325287,1,6.0
310.0,1,5.0,0.20833333333333334,11.184004374204031,0,2.0,0.858344245979058,0,0.0,0.8806340092344129,1,5.0,0.5777565748124456,1,7.0
315.0,0,0.0,0.0,10.452327742441524,0,2.0,0.7552002537636937,0,0.0,0.9195641203257985,0,0.0,0.7320975144818763,0,2.0
320.0,3,2.0,0.08,9.615606805639743,1,1.0,0.7280300747364536,1,2.0,0.6927290853071242,1,1.0,0.7122017931559471,3,4.0
325.0,4,19.0,0.7307692307692307,8.655325394183311,1,6.0,0.49081029460596687,2,9.0,0.6839167336365443,1,6.0,0.6438248356278147,4,21.0
330.0,3,15.0,0.5555555555555556,7.7659329224902915,1,2.0,0.4621718750682623,1,13.0,0.49527341591696666,1,11.0,0.5501389032612878,3,26.0
335.0,4,17.0,0.6296296296296297,8.884861865275509,3,13.0,0.47108912002945263,1,8.0,0.5234943763798701,0,2.0,0.8423795745549224,4,23.0
340.0,3,11.0,0.4074074074074074,9.749062344250206,0,8.0,0.7884948857160828,1,11.0,0.5390388512593132,2,4.0,0.738290650542708,3,23.0
345.0,1,14.0,0.5,9.690639818783703,0,0.0,0.6481607369883244,1,16.0,0.6217682510091695,0,2.0,0.7380417808308993,1,18.0
350.0,1,0.0,0.0,10.254752994156085,1,0.0,0.6012562005387955,0,4.0,0.7460114996097433,0,0.0,0.7493151415314563,1,4.0
355.0,0,0.0,0.0,10.102185046350645,0,0.0,0.7294359296417152,0,4.0,0.7861815070097621,0,0.0,0.5672046099281971,0,4.0
360.0,3,7.0,0.21212121212121213,10.478836289878751,0,0.0,0.9391509142386723,0,2.0,0.89748557920355,3,7.0,0.43672323552766196,3,9.0
365.0,1,1.0,0.03333333333333333,10.425705959660677,0,0.0,0.8332830507272775,1,1.0,0.6359263020521618,0,3.0,0.8354346966813083,1,4.0
370.0,2,6.0,0.20689655172413793,10.612290729711434,1,0.0,0.7029086792136958,1,6.0,0.7007340285988832,0,0.0,0.8732271500461513,2,6.0
375.0,1,11.0,0.4074074074074074,9.889625142851957,0,0.0,0.8412589249516669,1,11.0,0.6263938719087202,0,0.0,0.7260235376905119,1,11.0
380.0,1,1.0,0.03571428571428571,10.054805521652805,1,3.0,0.7001685281385671,0,0.0,0.7908639808921761,0,0.0,0.7731721152208735,1,3.0
385.0,1,6.0,0.2222222222222222,9.922480214621796,1,8.0,0.6266223544235652,0,0.0,0.7393876455500867,0,0.0,0.8816002698890175,1,8.0
390.0,4,8.0,0.3076923076923077,8.418669668223142,2,9.0,0.5267681773579161,1,1.0,0.7544911386223976,1,0.0,0.5904871258097973,4,10.0
395.0,6,31.0,1.24,7.935896666463946,5,27.0,0.34665153054367787,1,6.0,0.7512688024978879,0,0.0,0.7943355340069759,6,33.0
400.0,2,15.0,0.6818181818181818,7.963490511789797,1,28.0,0.4197417816483866,1,11.0,0.49672434510058205,0,0.0,0.8978058507965503,2,39.0
405.0,1,0.0,0.0,9.328918659257926,1,6.0,0.40916382350759267,0,2.0,0.7804323030789324,0,0.0,0.8703458444725328,1,8.0
410.0,1,5.0,0.20833333333333334,11.098633456407322,1,5.0,0.5429682420273888,0,2.0,0.8942847697642128,0,0.0,0.8120107708689795,1,7.0
415.0,3,10.0,0.38461538461538464,9.732673880536131,1,10.0,0.6331348580446865,0,2.0,0.7827487766111556,2,0.0,0.3335401939312176,3,12.0
420.0,1,5.0,0.19230769230769232,10.341250155391197,0,0.0,0.7163143840528416,1,5.0,0.7307226365937212,0,0.0,0.6899283183188644,1,5.0
425.0,3,17.0,0.6071428571428571,9.498605201077671,2,7.0,0.5237508744172935,1,10.0,0.476666906293314,0,0.0,0.8301048617663954,3,17.0
430.0,1,0.0,0.0,8.902317466317262,1,7.0,0.4766584547059644,0,0.0,0.5316152625358611,0,0.0,0.837455204743998,1,7.0
435.0,5,11.0,0.4074074074074074,9.54561215916788,1,0.0,0.6662813718270176,2,11.0,0.622583259680459,2,2.0,0.6607239623116712,5,13.0
440.0,4,13.0,0.4482758620689655,8.8266175264761,1,0.0,0.46802753331712227,0,9.0,0.8519495438409136,3,13.0,0.37589208636933624,4,22.0
445.0,8,38.0,1.1515151515151516,8.258663413021278,4,10.0,0.33444095518544376,0,0.0,0.8439561623959657,4,28.0,0.44763148432262184,8,38.0
450.0,2,5.0,0.15151515151515152,9.55867379736833,2,17.0,0.48355960428569306,0,0.0,0.8754596834303948,0,10.0,0.7466560780327405,2,27.0
455.0,2,2.0,0.0625,10.285092738467721,0,6.0,0.7261289351882021,1,3.0,0.712914147488257,1,1.0,0.6592372268268041,2,10.0
460.0,2,8.0,0.25806451612903225,9.463143245666666,1,2.0,0.6401683531442118,1,8.0,0.7711850907164302,0,0.0,0.5571986317190782,2,10.0
465.0,3,21.0,0.7241379310344828,11.258618202072,2,10.0,0.49838281587399186,1,15.0,0.7933099881807197,0,0.0,0.9169761865677509,3,25.0
470.0,1,16.0,0.5161290322580645,11.208309361021898,0,0.0,0.6156589210512249,1,18.0,0.8024231640717391,0,0.0,0.753515653275712,1,18.0
475.0,6,32.0,1.0,9.718608782617538,4,6.0,0.48418295530059297,1,21.0,0.7277323620574547,1,5.0,0.6990885971923246,6,32.0
480.0,2,36.0,1.2413793103448276,9.2936929937272,0,4.0,0.650227568489385,1,26.0,0.5543236809111171,1,10.0,0.7538962831160346,2,40.0
485.0,5,21.0,0.65625,9.356957282394497,2,5.0,0.6435462751913764,1,1.0,0.685441979229582,2,15.0,0.5697352896065463,5,21.0
490.0,5,22.0,0.6285714285714286,9.867312664151255,3,16.0,0.6043415267599815,1,6.0,0.8122931843982033,1,2.0,0.6751882844788764,5,24.0
495.0,6,37.0,1.0277777777777777,8.862909385979725,2,26.0,0.7152868448661651,1,0.0,0.42105047360180237,3,13.0,0.4061389188687712,6,39.0
500.0,5,42.0,1.2727272727272727,7.86788551071342,3,34.0,0.47419544214869025,1,5.0,0.6774337504173328,1,18.0,0.46944730027153625,5,57.0
505.0,1,3.0,0.09090909090909091,9.295629000507592,1,24.0,0.52792543997955,0,0.0,0.6839731998282813,0,5.0,0.7607030204194627,1,29.0
510.0,3,8.0,0.2222222222222222,9.51690394019704,2,9.0,0.4994819581714957,1,4.0,0.7121626001546496,0,0.0,0.6612135416762686,3,13.0
515.0,4,8.0,0.2222222222222222,9.698430210279277,1,11.0,0.6464614935046537,0,0.0,0.8666742682594984,3,6.0,0.4185188602892347,4,17.0
520.0,2,8.0,0.24242424242424243,9.779695734813632,2,13.0,0.5864445487190437,0,2.0,0.8939038144978889,0,2.0,0.6790086887153904,2,17.0
525.0,3,18.0,0.5454545454545454,9.755402119358944,3,21.0,0.4709376764558687,0,4.0,0.9096908774220666,0,2.0,0.769392437647104,3,27.0
530.0,4,28.0,0.8484848484848485,9.136476659015917,3,31.0,0.604440302840588,0,4.0,0.9171881567177632,1,2.0,0.6805996607022683,4,37.0
535.0,4,40.0,1.3333333333333333,8.86030732870007,2,41.0,0.5884007093344117,1,4.0,0.7279489731416154,1,2.0,0.7061067698540632,4,47.0
540.0,6,64.0,2.0,8.256192476618633,4,60.0,0.41052835378448344,1,2.0,0.7643534092620096,1,7.0,0.5776816876996419,6,69.0
545.0,8,97.0,2.6944444444444446,8.047006934816721,5,84.0,0.1797704740474082,0,2.0,0.7402636464091005,3,16.0,0.6125808463482051,8,102.0
550.0,9,138.0,3.6315789473684212,8.57995273835523,5,109.0,0.31043475994101194,1,6.0,0.7724135593207504,3,28.0,0.5764638883236369,9,143.0
555.0,4,57.0,1.4615384615384615,8.133469622505649,1,66.0,0.4868097615739161,0,1.0,0.5651812208860504,3,43.0,0.533960359152762,4,110.0
560.0,1,5.0,0.1282051282051282,10.007188690326442,0,16.0,0.7868559486172564,1,7.0,0.6927439388108035,0,10.0,0.47086836845960744,1,33.0
565.0,4,4.0,0.11764705882352941,9.83959959814333,2,17.0,0.7203002576273322,0,2.0,0.7122422770417213,2,3.0,0.5875292586552865,4,22.0
570.0,3,11.0,0.3548387096774194,9.025787096988065,1,20.0,0.7478684967803546,2,7.0,0.4193498517898534,0,3.0,0.5710206244415093,3,30.0
575.0,4,15.0,0.5,9.091642410637728,1,25.0,0.7025769279745117,1,11.0,0.6177169671556836,2,3.0,0.45460877319534465,4,39.0
580.0,1,16.0,0.5161290322580645,10.894272477508217,1,32.0,0.770288164960526,0,5.0,0.7844239256054697,0,0.0,0.7785113406488459,1,37.0
585.0,2,26.0,0.8125,10.6438861254567,1,37.0,0.7005586764416138,1,5.0,0.7031418507020717,0,0.0,0.8187537240077458,2,42.0
590.0,5,40.0,1.2121212121212122,9.036428697256973,3,44.0,0.602431511522956,1,10.0,0.6889273543159065,1,0.0,0.6286993554350603,5,54.0
595.0,4,56.0,1.6,9.636439106995525,2,54.0,0.6211164792323045,2,17.0,0.5883909625917606,0,0.0,0.7883151490679746,4,71.0
600.0,6,32.0,0.8888888888888888,8.847109780994163,2,1.0,0.5923751747213971,4,32.0,0.5869236503790374,0,0.0,0.6759375855087012,6,33.0
605.0,7,62.0,1.6756756756756757,9.392607036902007,2,8.0,0.4809714792096683,4,52.0,0.6117228047600046,1,3.0,0.7975828746304264,7,63.0
610.0,7,79.0,2.0789473684210527,8.337158909266472,1,8.0,0.5899460854540036,5,71.0,0.4245882421532589,1,8.0,0.7274918682382225,7,87.0
615.0,5,35.0,0.9210526315789473,8.988844376769583,1,4.0,0.7391015428761463,3,54.0,0.5362699150954621,1,13.0,0.7190532039430105,5,71.0
620.0,5,40.0,0.975609756097561,9.083808942664241,1,9.0,0.6246421947482843,3,13.0,0.5573582418604868,1,18.0,0.6353390155389783,5,40.0
625.0,3,17.0,0.4146341463414634,8.85607545793151,2,16.0,0.6424029877423301,1,15.0,0.53676560104659,0,0.0,0.7030512493892125,3,31.0
630.0,10,43.0,1.075,7.48370231401034,3,28.0,0.6177438993934318,3,12.0,0.4592036074356267,4,5.0,0.45148637055661195,10,45.0
635.0,7,71.0,1.775,8.614082547562258,2,38.0,0.6973809717695733,5,35.0,0.32613759830099,0,7.0,0.6400976515508867,7,80.0
640.0,11,110.0,2.619047619047619,8.076565469357076,2,48.0,0.689644183579165,6,62.0,0.4718963862231581,3,4.0,0.5475420289163895,11,114.0
645.0,8,102.0,2.4285714285714284,7.5014211705868945,1,5.0,0.5248162208243284,5,87.0,0.4994339357192712,2,14.0,0.6229322176199181,8,106.0
650.0,13,154.0,3.2083333333333335,7.051464668806371,6,22.0,0.20695554921517667,5,112.0,0.49866451510955123,2,24.0,0.618915350575119,13,158.0
655.0,11,182.0,3.872340425531915,7.52979287949325,3,27.0,0.41376822617662457,6,139.0,0.41284434347782234,2,34.0,0.7224756252891604,11,200.0
660.0,6,76.0,1.6170212765957446,7.907139066553665,0,15.0,0.6511917790889207,2,98.0,0.4866901393133989,4,47.0,0.48848076692926895,6,160.0
665.0,7,76.0,1.52,9.177220289303072,0,3.0,0.7246961290772137,1,36.0,0.7063774701865224,6,70.0,0.4111514190880271,7,109.0
670.0,4,12.0,0.23529411764705882,8.127346234642728,1,0.0,0.7073495846838803,1,34.0,0.5653637653784652,2,30.0,0.3788405441404918,4,64.0
675.0,4,15.0,0.3191489361702128,9.319650470779631,0,2.0,0.8775166886114213,2,35.0,0.5173426899126045,2,21.0,0.56128182055639,4,58.0
680.0,4,17.0,0.3617021276595745,9.178457060569654,1,3.0,0.747575916396523,1,40.0,0.6853504604999721,2,27.0,0.550759937744221,4,70.0
685.0,7,46.0,1.0454545454545454,9.09470899428622,2,6.0,0.6464026522066314,1,45.0,0.6591532773024359,4,36.0,0.5467246947213331,7,87.0
690.0,10,83.0,1.8863636363636365,8.607640644924045,1,11.0,0.6027443776631722,5,57.0,0.5559411152589969,4,56.0,0.5640129860727666,10,124.0
695.0,11,132.0,2.869565217391304,8.044018841056314,2,18.0,0.49627742248717954,4,77.0,0.5747377224228711,5,78.0,0.4252013910490149,11,173.0
700.0,11,163.0,3.3958333333333335,7.602801618847994,0,5.0,0.5342613725664681,5,103.0,0.4840150875296183,6,103.0,0.43622047420274257,11,211.0
705.0,15,226.0,4.612244897959184,7.251528541049842,2,5.0,0.4416518333198357,7,134.0,0.3980552181787063,6,130.0,0.4567683520009611,15,269.0
710.0,19,294.0,6.125,6.8603257940540034,1,0.0,0.7802886265058137,9,171.0,0.22158458210054524,9,166.0,0.36844655234962775,19,337.0
715.0,12,226.0,4.913043478260869,7.3741103566709345,0,0.0,0.7630795894741363,3,106.0,0.4177774349635474,9,211.0,0.3318769344883849,12,317.0
720.0,11,243.0,5.4,8.492134900583382,0,0.0,0.8903508585300226,1,31.0,0.650899898604782,10,256.0,0.28587231570171256,11,287.0
725.0,6,74.0,1.7619047619047619,7.9455227607069085,0,0.0,0.6630928699635489,2,32.0,0.6686102114537239,4,195.0,0.27301154504499353,6,227.0
730.0,7,34.0,0.8292682926829268,8.338405203628975,1,5.0,0.6094176726809222,3,45.0,0.5097919787813119,3,84.0,0.4370341312456376,7,134.0
735.0,8,55.0,1.4102564102564104,7.739080773360315,1,10.0,0.7622422406137485,4,65.0,0.48571756226226903,3,92.0,0.3325243797274372,8,167.0
740.0,11,102.0,2.8333333333333335,7.732268242083695,3,21.0,0.5639100170107617,4,85.0,0.49320660712045505,4,99.0,0.5096282117853788,11,205.0
745.0,12,160.0,4.444444444444445,7.438513987157159,3,36.0,0.5115683383125421,5,108.0,0.45001328477023433,4,116.0,0.4710959462802828,12,260.0
750.0,12,171.0,4.384615384615385,6.7347413733647,3,14.0,0.39753263755447077,5,133.0,0.33961170986961636,4,136.0,0.5072602380263962,12,283.0
755.0,11,225.0,5.625,7.603920269326752,1,7.0,0.5627109878544266,6,162.0,0.2977229877569057,4,156.0,0.4876415878628389,11,325.0
760.0,13,273.0,7.378378378378378,6.467268175249481,2,3.0,0.5442943686825278,6,192.0,0.21432257701533253,5,179.0,0.46214341768324746,13,374.0
765.0,9,179.0,4.589743589743589,7.560759956697248,2,11.0,0.5601309190320115,2,119.0,0.5077790595974127,5,204.0,0.4727589760177713,9,334.0
770.0,6,26.0,0.65,7.807563060708811,3,25.0,0.5610737537927828,0,40.0,0.6645416985383978,3,119.0,0.4159643341240146,6,184.0
775.0,7,51.0,1.2439024390243902,8.241558871909556,5,43.0,0.44034699981124203,1,42.0,0.5823119335530719,1,6.0,0.5827193557221482,7,91.0
780.0,3,16.0,0.4,8.2224068810827,0,25.0,0.5756869420841331,2,50.0,0.6047284780763642,1,5.0,0.5259784091734009,3,80.0
785.0,9,43.0,1.1025641025641026,8.253046591692733,3,10.0,0.4877160659482115,3,63.0,0.5720173302020983,3,12.0,0.6060995468125557,9,85.0
790.0,4,25.0,0.5681818181818182,8.470010099427059,1,13.0,0.49072161480809046,0,35.0,0.7129079227927423,3,22.0,0.5741594641704378,4,70.0
795.0,7,36.0,0.7346938775510204,8.626466811084114,1,4.0,0.5203122781009147,3,8.0,0.6304435302904494,3,32.0,0.5612517143678508,7,44.0
800.0,6,47.0,0.9791666666666666,8.378333003364263,1,1.0,0.5384837481234079,1,11.0,0.6557666567891005,4,44.0,0.42568294514007304,6,56.0
805.0,5,23.0,0.46938775510204084,8.965912102139201,3,14.0,0.6635627034807613,2,11.0,0.6965122081413772,0,28.0,0.5621348420725507,5,53.0
810.0,7,56.0,1.12,8.954385567970968,3,29.0,0.6549997178927662,3,23.0,0.5960777320537309,1,6.0,0.6168142609564273,7,58.0
815.0,10,90.0,1.6981132075471699,8.205717240039508,5,47.0,0.5864544070384536,4,43.0,0.4942125323294729,1,6.0,0.6192050839141969,10,96.0
820.0,6,78.0,1.471698113207547,8.060007362484372,4,67.0,0.5612740203666664,2,41.0,0.5471239768202669,0,0.0,0.6231030128260924,6,108.0
825.0,9,101.0,1.7118644067796611,8.887881236950099,5,90.0,0.49926988887744944,3,23.0,0.5956288916908486,1,0.0,0.6961409207524121,9,113.0
830.0,10,23.0,0.3709677419354839,7.354519145951198,5,57.0,0.32350591923396604,5,37.0,0.4766527477769358,0,0.0,0.5769150386955763,10,94.0
835.0,9,42.0,0.6774193548387096,8.393394071775683,5,30.0,0.37167778806755214,2,37.0,0.5913998200059826,2,10.0,0.6594204258051617,9,77.0
840.0,9,60.0,0.9836065573770492,7.877250424959495,3,39.0,0.32179350759583,3,43.0,0.5713825899034821,3,21.0,0.6125205361211324,9,103.0
845.0,17,119.0,1.9833333333333334,7.423458235091205,6,43.0,0.3972792210462248,6,70.0,0.5290907182901667,5,37.0,0.5414306959938202,17,150.0
850.0,16,194.0,3.3448275862068964,7.893661563716684,5,62.0,0.40606556221989426,7,98.0,0.47417900096892585,4,57.0,0.6200576669653277,16,217.0
855.0,18,279.0,4.728813559322034,7.203529921040826,7,93.0,0.33899410480540265,7,130.0,0.4882271066212116,4,77.0,0.42296056460850123,18,300.0
860.0,23,382.0,6.161290322580645,6.946500603046472,9,132.0,0.34855989294890155,7,165.0,0.40914261041175437,7,106.0,0.4548395521287348,23,403.0
865.0,19,363.0,5.584615384615384,6.858057113791862,10,176.0,0.39978641031394196,8,207.0,0.3151643594497146,1,65.0,0.458457757381433,19,448.0
870.0,20,455.0,6.791044776119403,7.025429754391457,11,226.0,0.36483674370080327,8,247.0,0.35718001209318284,1,9.0,0.5526432855101419,20,482.0
875.0,22,551.0,7.871428571428571,5.900823963393771,13,285.0,0.31310286694222306,8,287.0,0.24300708088711925,1,7.0,0.37376022439908735,22,579.0
880.0,22,419.0,6.446153846153846,5.901499895030143,16,356.0,0.22387313714444346,2,213.0,0.5023239440861479,4,20.0,0.3841932894967148,22,589.0
885.0,27,475.0,6.884057971014493,6.5450157450713755,18,439.0,0.1905168308604641,2,65.0,0.6532800066968172,7,45.0,0.3114204851233603,27,549.0
890.0,21,326.0,4.72463768115942,6.726612187498395,14,421.0,0.23884146987857305,1,28.0,0.5916684070825986,6,70.0,0.45745284983000956,21,519.0
895.0,11,80.0,1.1940298507462686,6.991743486827856,5,300.0,0.30535505770733024,2,34.0,0.5766687861885789,4,73.0,0.5133035139569475,11,407.0
900.0,6,37.0,0.578125,7.2749941326228065,2,266.0,0.32287477563253303,2,44.0,0.5287512396890549,2,48.0,0.6170252850560852,6,358.0
905.0,13,70.0,1.1666666666666667,6.391240304711071,8,286.0,0.27389163676391826,2,56.0,0.5894297015189948,3,48.0,0.44372389662522,13,390.0
910.0,19,113.0,1.765625,6.927975751111646,14,347.0,0.27773675508914486,0,22.0,0.7282302343331355,5,55.0,0.43719901658276955,19,424.0
915.0,21,210.0,3.0434782608695654,7.593410592005271,17,424.0,0.26789884733766683,0,4.0,0.8942965004466711,4,73.0,0.4291341710187781,21,501.0
920.0,26,328.0,5.046153846153846,6.430106070778488,21,519.0,0.1954982878956125,0,2.0,0.7839264058785524,5,96.0,0.4454788643370008,26,617.0
925.0,23,375.0,5.769230769230769,6.346886972666591,21,623.0,0.1948736609850143,0,0.0,0.793216286433683,2,67.0,0.446670092314928,23,690.0
930.0,20,302.0,4.4411764705882355,6.89379457253057,16,587.0,0.277302800222901,3,1.0,0.5818955815354844,1,6.0,0.6145628300960394,20,594.0
935.0,10,107.0,1.5735294117647058,7.816801304042582,7,429.0,0.41381336001271546,2,7.0,0.6129076631165673,1,5.0,0.5307331087849169,10,441.0
940.0,9,36.0,0.5538461538461539,7.281737197977837,4,446.0,0.3709106254113391,3,20.0,0.44072737635457515,2,9.0,0.6097308606600357,9,475.0
945.0,18,106.0,1.5588235294117647,7.098090138893146,10,477.0,0.34680356028816567,5,44.0,0.4916829446644835,3,19.0,0.5730858184259178,18,540.0
950.0,24,210.0,2.763157894736842,7.486405964885132,16,541.0,0.22925024583488154,6,72.0,0.561754433916764,2,29.0,0.7016148084684426,24,642.0
955.0,24,239.0,2.9875,6.796498786841605,14,499.0,0.2972955926651093,7,100.0,0.47309438378887964,3,39.0,0.5371231415655191,24,638.0
960.0,20,238.0,3.1315789473684212,7.22754315112111,6,344.0,0.3983234759893178,9,140.0,0.40789315890519523,5,57.0,0.515475796061452,20,541.0
965.0,22,279.0,3.77027027027027,5.5474471161376515,6,363.0,0.2989314194951038,9,185.0,0.3005387777165934,7,84.0,0.3767377065529168,22,632.0
970.0,28,407.0,5.5,5.159432134540149,9,385.0,0.2900329001019195,10,236.0,0.39722760067795493,9,128.0,0.35039224529004875,28,749.0
975.0,29,349.0,4.417721518987341,5.8134341393880264,14,447.0,0.28552118899011997,5,199.0,0.4702605291013267,10,176.0,0.38049944104694383,29,822.0
980.0,32,421.0,5.072289156626506,6.084945659814062,19,525.0,0.1991255640332932,2,79.0,0.515958789726538,11,226.0,0.3258934304347032,32,830.0
985.0,30,366.0,4.357142857142857,5.358098296802711,18,615.0,0.19186258782959878,4,77.0,0.3788882855021695,8,179.0,0.23625434071754198,30,871.0
990.0,25,259.0,3.2375,5.8606200569831906,14,571.0,0.2611002817043222,6,89.0,0.33032302036406364,5,105.0,0.4083808062447251,25,765.0
995.0,16,135.0,1.7763157894736843,6.611507564240902,6,389.0,0.35819377982766004,6,112.0,0.3085251141943743,4,92.0,0.4052408704942129,16,593.0
1000.0,13,58.0,0.8529411764705882,6.06499989279098,4,411.0,0.30761977582801153,4,92.0,0.27439583551997354,5,91.0,0.43468004652978876,13,594.0
1005.0,17,94.0,1.4029850746268657,6.766983772094511,9,432.0,0.2328417531476288,3,42.0,0.5840965729866409,5,106.0,0.43207051508181,17,580.0
1010.0,18,157.0,2.242857142857143,7.083187442037217,14,481.0,0.1605832270647354,0,29.0,0.6722301545908508,4,126.0,0.4458476960037841,18,636.0
1015.0,21,178.0,2.5428571428571427,6.719232809358788,11,426.0,0.23465181177066635,4,26.0,0.601630088674417,6,155.0,0.4406812188099262,21,607.0
1020.0,19,202.0,2.8857142857142857,7.781853926245089,6,264.0,0.4411548513582071,6,48.0,0.5235523035537303,7,190.0,0.48070970451194306,19,502.0
1025.0,15,229.0,3.318840579710145,6.89629930496088,1,241.0,0.42967181750723565,5,73.0,0.4709880506112594,9,226.0,0.4240918311489696,15,540.0
1030.0,19,147.0,2.1,6.450270199960336,9,267.0,0.430293154641459,7,104.0,0.3697312428143835,3,148.0,0.4884637928680885,19,519.0
1035.0,21,217.0,2.9726027397260273,6.791645509775454,9,309.0,0.38801852117030033,9,145.0,0.3582719484084361,3,37.0,0.500761747695921,21,491.0
1040.0,26,315.0,4.315068493150685,5.706693936039265,14,370.0,0.33890381016060095,10,191.0,0.36020222562671195,2,36.0,0.3465318010202512,26,597.0
1045.0,32,463.0,6.256756756756757,6.162136911059037,15,445.0,0.2938774551273367,12,247.0,0.3456168538586158,5,47.0,0.4167743450869644,32,739.0
1050.0,28,423.0,5.3544303797468356,6.318578160655957,16,520.0,0.25028072836332343,8,217.0,0.4129207048754695,4,67.0,0.5222101255597439,28,804.0
1055.0,22,426.0,5.195121951219512,6.965181719774609,16,598.0,0.2527907933282627,1,115.0,0.5409497931434211,5,87.0,0.4268006779478407,22,800.0
1060.0,19,331.0,4.1375,5.842287929333767,12,557.0,0.1419973855130308,2,82.0,0.39113053511767304,5,107.0,0.49968979276259967,19,746.0
1065.0,21,245.0,3.4027777777777777,6.0484063774961845,8,403.0,0.3020318511728198,7,106.0,0.2864039299403765,6,131.0,0.42431862882448157,21,640.0
1070.0,19,218.0,3.1594202898550723,6.287091918492307,3,412.0,0.3773094971116768,10,152.0,0.2905948738813475,6,161.0,0.4920563371115427,19,725.0
1075.0,27,333.0,4.690140845070423,6.105525314457059,9,437.0,0.40994979829641676,10,204.0,0.3715579401842291,8,196.0,0.4837419456748755,27,837.0
1080.0,33,482.0,6.259740259740259,6.023511670412406,13,490.0,0.3698998479451175,11,258.0,0.3866211987508434,9,236.0,0.39325860429619336,33,984.0
1085.0,37,652.0,7.761904761904762,5.7350902815712095,16,559.0,0.3115549250445736,12,312.0,0.35360689973150394,9,281.0,0.3053172348987887,37,1152.0
1090.0,42,850.0,9.55056179775281,5.730885933526319,18,645.0,0.2721870372298757,13,374.0,0.35088998838217933,11,331.0,0.30933621284670054,42,1350.0
1095.0,39,782.0,8.886363636363637,5.788154217005824,18,735.0,0.2908977332479403,15,446.0,0.272543365516413,6,251.0,0.42692703624959166,39,1432.0
1100.0,40,886.0,9.844444444444445,5.456378974712772,21,833.0,0.2413325198943512,16,523.0,0.23098771421493594,3,90.0,0.450311999178189,40,1446.0
1105.0,41,810.0,9.101123595505618,4.176542081229785,22,934.0,0.1978587055006392,14,480.0,0.2018372279367953,5,104.0,0.3005562056374557,41,1518.0
1110.0,34,536.0,6.232558139534884,4.882777891702346,16,869.0,0.15582217244102523,9,331.0,0.39020267124321123,9,125.0,0.2970515232800435,34,1325.0
1115.0,22,253.0,2.875,5.693748396091366,11,662.0,0.22869840456776425,1,265.0,0.34195391058533203,10,166.0,0.3165925801566762,22,1093.0
1120.0,19,158.0,1.9036144578313252,5.700133908766805,3,681.0,0.275750492981925,6,272.0,0.3831359418857661,10,216.0,0.37637022218556154,19,1169.0
1125.0,34,298.0,3.4651162790697674,5.236403100257478,11,707.0,0.26374044988428613,9,311.0,0.3670695897481267,14,276.0,0.3279870436069672,34,1294.0
1130.0,45,493.0,5.417582417582418,5.018553814579043,17,772.0,0.25136245640945937,12,368.0,0.3482334135538357,16,347.0,0.34852304870824236,45,1487.0
1135.0,52,735.0,7.819148936170213,5.0061034651704714,19,859.0,0.2960592137081754,16,444.0,0.36083056472233904,17,424.0,0.27173954851702453,52,1727.0
1140.0,55,1003.0,10.557894736842105,4.850446890776731,20,958.0,0.2743540456509502,16,522.0,0.30599140298218336,19,513.0,0.260177027986366,55,1993.0
1145.0,57,1283.0,12.95959595959596,4.8779786182056855,20,1058.0,0.28314255520712367,16,602.0,0.261523578515262,21,613.0,0.2841610716736101,57,2273.0
1150.0,59,1567.0,15.514851485148515,4.8054801425489195,22,1158.0,0.20910585990368524,16,682.0,0.2625706454231164,21,717.0,0.3280744652017528,59,2557.0
1155.0,61,1864.0,18.455445544554454,4.520966316477492,23,1270.0,0.18706721906612572,16,762.0,0.2814792047259682,22,822.0,0.2626890283752769,61,2854.0
1160.0,51,1575.0,15.75,4.167452791710645,24,1390.0,0.17847090958803963,11,685.0,0.3368254792682039,16,762.0,0.22789245954560994,51,2837.0
1165.0,37,881.0,8.722772277227723,4.693556785682914,19,1303.0,0.15811507744142203,6,463.0,0.33897861781610555,12,523.0,0.21669870793017024,37,2289.0
1170.0,20,253.0,2.663157894736842,4.605616643175795,12,1000.0,0.19089332073037285,2,440.0,0.15834828287573002,6,552.0,0.23004482380100502,20,1992.0
1175.0,23,74.0,0.8222222222222222,4.746856712515474,6,916.0,0.2855296676746099,6,460.0,0.2565776212170697,11,570.0,0.31014641634599355,23,1946.0
1180.0,31,197.0,2.0736842105263156,5.252996557417969,7,935.0,0.32035617222658097,10,498.0,0.3521784658815108,14,616.0,0.31004967779469617,31,2049.0
1185.0,46,392.0,3.8058252427184467,5.054556752089241,14,986.0,0.22372548086833713,14,555.0,0.4123427615175731,18,691.0,0.2617308133990534,46,2232.0
1190.0,59,664.0,6.446601941747573,4.488041821730051,21,1079.0,0.19397860304664463,16,631.0,0.3638612681951601,22,792.0,0.17386054578582102,59,2502.0
1195.0,61,858.0,8.330097087378642,4.065532950117622,21,978.0,0.18223760166219713,18,719.0,0.31944166532223817,22,897.0,0.12591211009904588,61,2594.0
1200.0,48,816.0,7.846153846153846,4.5077521128311195,14,707.0,0.27927242089336696,19,809.0,0.24609905256685533,15,835.0,0.2093978957831682,48,2351.0
1205.0,31,586.0,5.528301886792453,5.298097137892264,4,643.0,0.34053765100715433,18,899.0,0.11810998639081996,9,481.0,0.35176050190648606,31,2023.0
1210.0,24,375.0,3.676470588235294,5.045210257703554,9,647.0,0.3292039069610051,14,834.0,0.11544634251667302,1,494.0,0.4022937277174133,24,1975.0
1215.0,29,252.0,2.3773584905660377,5.2960948938061465,13,700.0,0.23667914326756576,8,641.0,0.320045470755093,8,510.0,0.30501721333399173,29,1851.0
1220.0,33,250.0,2.272727272727273,5.703117074199113,19,787.0,0.20939610583848983,1,626.0,0.4833185405512262,13,558.0,0.20921786010648175,33,1971.0
1225.0,53,472.0,4.411214953271028,4.714882337175513,25,905.0,0.16191241761524525,9,642.0,0.39577183690770984,19,639.0,0.2115610542044955,53,2186.0
1230.0,57,645.0,5.863636363636363,4.621295065179298,24,1025.0,0.19434337672388627,14,698.0,0.2807765790294273,19,588.0,0.2511750817909125,57,2311.0
1235.0,47,602.0,5.679245283018868,4.908871092429695,19,918.0,0.2558564565175764,18,782.0,0.1488717015628835,10,398.0,0.3466622421312064,47,2098.0
1240.0,31,336.0,3.36,4.595323707085475,11,675.0,0.30180712706741103,15,725.0,0.08912249499429792,5,424.0,0.2777478063121743,31,1824.0
1245.0,23,116.0,1.1958762886597938,4.514064044017609,4,694.0,0.20879363504335927,8,525.0,0.231220326566195,11,451.0,0.23210456384633277,23,1670.0
1250.0,30,155.0,1.55,4.9144107548486735,11,721.0,0.19593372082203223,3,543.0,0.3593383086280976,16,514.0,0.1800382708329445,30,1778.0
1255.0,45,348.0,3.3461538461538463,4.85488663104849,15,785.0,0.15661153280995338,10,570.0,0.3944368473671897,20,609.0,0.232365949436281,45,1964.0
1260.0,60,619.0,5.951923076923077,4.508190703128368,23,883.0,0.18556480002601275,14,633.0,0.3194482025085004,23,717.0,0.214492272971257,60,2233.0
1265.0,61,813.0,8.049504950495049,4.0637498100208775,19,814.0,0.2296478798348524,17,710.0,0.31819019302370677,25,833.0,0.1776439197525265,61,2357.0
1270.0,54,933.0,9.237623762376238,4.201250275089811,11,614.0,0.32744878707063824,19,802.0,0.18319630594520409,24,953.0,0.11782112201020334,54,2369.0
1275.0,41,688.0,6.94949494949495,4.1875780752063445,6,643.0,0.319848784514331,15,735.0,0.1887134498361317,20,896.0,0.18804676594380873,41,2274.0
1280.0,28,334.0,3.34,4.891274089884147,11,669.0,0.26578296363369164,8,452.0,0.1987545295446055,9,704.0,0.2688299471996346,28,1825.0
1285.0,21,118.0,1.2040816326530612,4.750974544940926,17,733.0,0.2018764337767244,2,464.0,0.31606318245558285,2,651.0,0.30196918052504806,21,1848.0
1290.0,39,260.0,2.6530612244897958,4.73639351661454,24,833.0,0.21750520614148106,8,477.0,0.34354774462676485,7,673.0,0.31603203564021926,39,1983.0
1295.0,51,483.0,4.644230769230769,4.333503232024829,24,952.0,0.24997073787495433,14,530.0,0.30685278447035735,13,725.0,0.2522954560591393,51,2207.0
1300.0,57,686.0,6.471698113207547,4.065235878167386,24,1072.0,0.2319828347150157,19,612.0,0.27403353089793997,14,656.0,0.26996640287005197,57,2340.0
1305.0,57,879.0,8.451923076923077,4.252896944672243,24,1190.0,0.2161976985392241,21,713.0,0.17544589125168036,12,498.0,0.263060585140849,57,2401.0
1310.0,52,1068.0,10.470588235294118,3.7796160972474606,24,1310.0,0.19925178456804848,21,818.0,0.17612340193109913,7,531.0,0.27653180758511064,52,2659.0
1315.0,50,1077.0,10.257142857142858,4.269424630802084,19,1228.0,0.27337330484646605,21,925.0,0.2300009368695315,10,556.0,0.3125050152703942,50,2709.0
1320.0,42,742.0,6.625,4.65615115395796,10,933.0,0.2816557370027541,16,847.0,0.2474252262926369,16,615.0,0.24237749529515382,42,2395.0
1325.0,33,356.0,3.2363636363636363,5.073680404684032,2,801.0,0.3258027487593203,10,610.0,0.25378108232121643,21,712.0,0.18730066191224437,33,2123.0
1330.0,36,357.0,3.4326923076923075,4.790905211639114,7,816.0,0.2927934080835954,5,639.0,0.35816965342984786,24,831.0,0.16630886858667893,36,2286.0
1335.0,43,402.0,3.792452830188679,4.450587153846748,14,862.0,0.26749978736805835,10,666.0,0.33555916416892206,19,787.0,0.18388348543850952,43,2315.0
1340.0,45,399.0,3.5945945945945947,4.756500142636906,18,941.0,0.256535536311938,16,728.0,0.23014574266390828,11,577.0,0.3059558260562796,45,2246.0
1345.0,43,367.0,3.4299065420560746,4.256750849531166,24,1050.0,0.2627337864077845,15,674.0,0.17093481996704185,4,542.0,0.3713847086967921,43,2266.0
1350.0,45,468.0,4.373831775700935,4.472249149315015,25,1170.0,0.22505329089838075,12,505.0,0.2892799503205477,8,558.0,0.32897860611394864,45,2233.0
1355.0,45,596.0,5.321428571428571,4.444551544147684,24,1290.0,0.18792705304932025,5,533.0,0.3659003089148535,16,612.0,0.24197779902180278,45,2435.0
1360.0,50,637.0,5.6371681415929205,4.460283341105578,20,1187.0,0.20764816455792734,9,554.0,0.3724232931073876,21,701.0,0.24668704020774937,50,2442.0
1365.0,51,603.0,5.243478260869566,4.770701664203943,13,893.0,0.2970360199000736,14,608.0,0.24478081131422552,24,816.0,0.27688000494623005,51,2317.0
1370.0,50,618.0,5.618181818181818,4.328987929552118,5,914.0,0.354207724035429,21,700.0,0.14938210775288202,24,934.0,0.24836574938404224,50,2548.0
1375.0,58,882.0,8.166666666666666,4.1540631040192535,11,934.0,0.31406704131190144,22,812.0,0.21218671646532386,25,1054.0,0.23098746647637683,58,2800.0
1380.0,60,975.0,8.705357142857142,4.000944242371015,17,999.0,0.2642089374222914,23,922.0,0.24023683144430158,20,982.0,0.21528485734688443,60,2903.0
1385.0,52,775.0,6.739130434782608,4.6902116707155805,22,1097.0,0.24843339979164597,17,859.0,0.29566321869875,13,770.0,0.23055975775227752,52,2726.0
1390.0,40,517.0,4.535087719298246,4.6575194538722515,24,1216.0,0.21056760997346302,11,619.0,0.2933887814205482,5,799.0,0.23053633995664793,40,2634.0
1395.0,38,498.0,4.611111111111111,4.324820920937466,25,1336.0,0.1516768154652324,5,645.0,0.32228852292636617,8,813.0,0.2472759805461711,38,2794.0
1400.0,48,530.0,4.732142857142857,4.051180361137525,20,1230.0,0.20039655224430666,10,677.0,0.28409650834221256,18,869.0,0.22160751093808428,48,2776.0
1405.0,44,406.0,3.5,4.7564441835751206,12,825.0,0.30313999832668154,16,738.0,0.2171703108142715,16,799.0,0.29727860317365035,44,2362.0
1410.0,34,260.0,2.260869565217391,5.53136716947591,2,747.0,0.3437341760866071,22,834.0,0.20204161553520983,10,588.0,0.4046202956864389,34,2169.0
1415.0,34,351.0,3.311320754716981,4.948945703243137,8,749.0,0.32116748226603326,24,955.0,0.1531543146340089,2,543.0,0.39535213414353787,34,2247.0
1420.0,42,395.0,3.623853211009174,4.698758782525949,15,804.0,0.2310916009681077,19,903.0,0.24721985454074522,8,567.0,0.34666007780081626,42,2274.0
1425.0,47,420.0,3.58974358974359,5.411420404430294,20,890.0,0.22317517879495707,11,668.0,0.403894302659107,16,627.0,0.2631152134725832,47,2185.0
1430.0,48,465.0,3.9743589743589745,5.0667424048593315,24,1005.0,0.1821703530122811,3,632.0,0.4179859842104878,21,718.0,0.18522336424851873,48,2355.0
1435.0,56,728.0,6.558558558558558,4.577952496948313,24,1127.0,0.20223989845184534,8,650.0,0.339519994578143,24,834.0,0.21450582278182043,56,2611.0
1440.0,51,703.0,6.166666666666667,4.524380251442666,18,1003.0,0.2678580370076709,14,709.0,0.23520508638877996,19,779.0,0.2799582211582945,51,2491.0
1445.0,40,481.0,4.256637168141593,5.117998461132955,10,757.0,0.34562472505704284,20,795.0,0.15268937830104312,10,572.0,0.3492771993808371,40,2124.0
1450.0,28,295.0,2.8095238095238093,4.852313890630687,1,624.0,0.4015292213339646,24,909.0,0.07236500297955745,3,528.0,0.27777880499376617,28,2061.0
1455.0,36,311.0,3.173469387755102,4.29494818565158,10,639.0,0.2888808458778105,18,862.0,0.20270318924409084,8,544.0,0.26707157852570157,36,2045.0
1460.0,34,274.0,2.5849056603773586,5.638087512668092,12,687.0,0.22621006138160438,8,629.0,0.43475133940732524,14,591.0,0.2149043200707036,34,1907.0
1465.0,38,316.0,2.8727272727272726,5.529324408959579,18,768.0,0.1322619666203123,1,517.0,0.5136596861891274,19,674.0,0.12952013259572157,38,1959.0
1470.0,46,332.0,3.2233009708737863,4.765847978448695,19,681.0,0.19985952709950172,9,534.0,0.3354752976591984,18,624.0,0.2507176239528195,46,1839.0
1475.0,32,230.0,2.277227722772277,5.396280389617684,9,423.0,0.2848167934993773,13,585.0,0.2159612306338236,10,451.0,0.3192524392692853,32,1459.0
1480.0,20,159.0,1.65625,5.056914472326713,1,443.0,0.3607391202116422,18,667.0,0.0730918052329991,1,382.0,0.40206495859130637,20,1492.0
1485.0,34,204.0,2.241758241758242,4.091081905175746,9,464.0,0.24961061877581844,18,619.0,0.19790175765370097,7,400.0,0.30810218003257006,34,1483.0
1490.0,39,235.0,2.35,4.97421252296372,16,524.0,0.21011367746673515,8,399.0,0.38934370397830526,15,451.0,0.20360310123892317,39,1374.0
1495.0,42,339.0,3.323529411764706,4.642702669004213,21,614.0,0.17346206620621105,3,414.0,0.4182112770380368,18,532.0,0.1444886381780895,42,1560.0
1500.0,53,485.0,4.85,4.030851953358631,24,731.0,0.1907252223269008,10,443.0,0.286584221557194,19,522.0,0.20850407926208467,53,1696.0
1505.0,49,593.0,5.59433962264151,4.455704906017364,25,851.0,0.22663014359929867,14,502.0,0.1665948583880594,10,393.0,0.3222370768737968,49,1746.0
1510.0,40,630.0,6.116504854368932,4.512848824213175,24,971.0,0.22979195361881496,13,463.0,0.16790310050140145,3,367.0,0.34484785231626996,40,1801.0
1515.0,36,529.0,5.29,4.86756610598659,19,917.0,0.2487912710113468,9,326.0,0.31964683165477265,8,386.0,0.29756376724909456,36,1629.0
1520.0,33,324.0,3.176470588235294,4.858252568530708,13,716.0,0.18954135269933975,4,351.0,0.36141976241169765,16,447.0,0.25557696360203175,33,1514.0
1525.0,31,227.0,2.2475247524752477,4.790792094895634,3,603.0,0.292246031601163,9,383.0,0.26056967368570993,19,536.0,0.24717411306018758,31,1522.0
1530.0,41,356.0,3.4901960784313726,4.305472911779958,7,612.0,0.34465350059475003,9,329.0,0.25695195820143213,25,652.0,0.21978846640677405,41,1593.0
1535.0,43,503.0,4.657407407407407,4.966856648687138,13,662.0,0.29950949508038893,6,198.0,0.3393504039322889,24,772.0,0.19927961938634617,43,1632.0
1540.0,48,695.0,6.4953271028037385,4.396987308633298,20,743.0,0.1919558062675733,3,212.0,0.4010722436180916,25,892.0,0.14168378157637046,48,1847.0
1545.0,52,744.0,7.153846153846154,4.101336439369731,25,857.0,0.19250895079965336,9,232.0,0.3136777173158664,18,844.0,0.21061048645320238,52,1933.0
1550.0,42,549.0,4.990909090909091,4.788656425699302,18,813.0,0.2662054533534133,15,293.0,0.2503735318213336,9,676.0,0.3284105095093404,42,1782.0
1555.0,34,314.0,2.8545454545454545,5.2636584380826585,9,629.0,0.37594877435353813,22,386.0,0.14154565424700508,3,640.0,0.3607841634680021,34,1655.0
1560.0,30,227.0,2.1619047619047618,4.599779866103858,2,649.0,0.3810305245542392,19,409.0,0.1695392152594798,9,665.0,0.27586582519607006,30,1723.0
1565.0,38,239.0,2.1926605504587156,4.7853046571677815,10,682.0,0.27296521137261065,12,336.0,0.3015988718894587,16,725.0,0.1893145714369685,38,1743.0
1570.0,37,211.0,1.8508771929824561,4.883711536878245,17,746.0,0.2109646477851678,3,344.0,0.42417268514249545,17,669.0,0.18230620918135293,37,1759.0
1575.0,40,284.0,2.5357142857142856,5.0192612819850035,22,846.0,0.1787078504118049,7,349.0,0.33854393686496564,11,516.0,0.2675464552441954,40,1711.0
1580.0,36,284.0,2.491228070175439,4.82516502510187,18,794.0,0.25345552654059006,12,383.0,0.21129781984872031,6,548.0,0.3062206746529234,36,1725.0
1585.0,40,324.0,2.9724770642201834,4.788966860923857,11,589.0,0.3313983069762318,19,468.0,0.22176425422036397,10,575.0,0.325363623606166,40,1632.0
1590.0,42,390.0,3.611111111111111,4.783664926601081,2,552.0,0.32749892022855887,24,577.0,0.22389732437519766,16,641.0,0.30255934119824646,42,1770.0
1595.0,56,637.0,5.898148148148148,4.584544275033089,8,570.0,0.2439356269023127,24,699.0,0.2736415203085206,24,743.0,0.29911309847976775,56,2012.0
1600.0,64,937.0,8.219298245614034,4.368481076421286,16,630.0,0.12040309475165663,24,817.0,0.28213469008697223,24,863.0,0.24029158422605712,64,2310.0
1605.0,64,1182.0,10.278260869565218,4.610958101222412,16,556.0,0.20649737712653715,24,935.0,0.2828978076228588,24,983.0,0.1887651399365513,64,2474.0
1610.0,52,1192.0,10.836363636363636,4.827501397975882,9,405.0,0.38717249305708495,24,1055.0,0.19189878228899793,19,927.0,0.1829127191208066,52,2387.0
1615.0,41,1076.0,10.446601941747574,4.78722058319678,4,424.0,0.3956921393766903,24,1175.0,0.1107241370463187,13,711.0,0.2535595844514375,41,2310.0
1620.0,35,751.0,7.362745098039215,4.307890776730587,10,457.0,0.3448763894577934,20,1138.0,0.15763802601909366,5,735.0,0.23468195566946887,35,2330.0
1625.0,36,477.0,4.457943925233645,4.861079125907039,16,519.0,0.23603659358544898,10,934.0,0.3399309741790101,10,750.0,0.20224706687898858,36,2203.0
1630.0,40,309.0,2.834862385321101,5.035275624355751,22,616.0,0.22037729243462387,2,883.0,0.451089628484967,16,808.0,0.10909926903209347,40,2307.0
1635.0,44,327.0,3.0849056603773586,4.561582761289243,19,593.0,0.1923407306789267,9,908.0,0.29831291854760067,16,729.0,0.2176986529565634,44,2230.0
1640.0,34,257.0,2.447619047619048,5.1460456299034645,12,396.0,0.23238107199939292,13,966.0,0.14211261700641825,9,514.0,0.33398172795414066,34,1876.0
1645.0,28,196.0,1.97979797979798,4.67590962418577,5,422.0,0.35733565300255304,20,1052.0,0.005468042806254642,3,537.0,0.35296601353615403,28,2011.0
1650.0,35,249.0,2.6774193548387095,3.9820215155974505,7,438.0,0.31026600559747586,18,999.0,0.17865701297377068,10,565.0,0.2682399467252429,35,2002.0
1655.0,41,294.0,2.854368932038835,4.8532496801388545,16,489.0,0.18971377670096512,9,756.0,0.3853496710668895,16,628.0,0.1773120398779496,41,1873.0
1660.0,46,380.0,3.6538461538461537,4.806483978278465,22,576.0,0.09516526720262507,2,705.0,0.46280624091638095,22,721.0,0.17065321221518043,46,2002.0
1665.0,51,517.0,4.971153846153846,4.6707737388162345,18,561.0,0.20961791200192942,9,731.0,0.3363647138990691,24,841.0,0.206008012388064,51,2133.0
1670.0,47,601.0,5.834951456310679,4.670591674710303,10,424.0,0.3219836030216406,13,782.0,0.27522652355674443,24,961.0,0.26117902333489146,47,2167.0
1675.0,40,539.0,5.39,4.46964488113085,1,401.0,0.3952393468950074,20,867.0,0.16318773670294676,19,913.0,0.2562619060601977,40,2181.0
1680.0,46,492.0,4.871287128712871,4.107670532538827,9,427.0,0.286281720316065,24,985.0,0.1880080444960759,13,693.0,0.26675437493341225,46,2105.0
1685.0,37,341.0,3.3106796116504853,4.065121859541335,15,483.0,0.21784508928314075,19,913.0,0.22726572299181963,3,592.0,0.2769776944680228,37,1988.0
1690.0,38,320.0,3.076923076923077,4.849253125155351,20,571.0,0.18558130933366326,9,634.0,0.36295838682508624,9,601.0,0.26579400840080375,38,1806.0
1695.0,41,369.0,3.481132075471698,4.836745389353699,24,687.0,0.17512731214200009,4,649.0,0.3443380342216758,13,648.0,0.23520498741223117,41,1984.0
1700.0,48,464.0,4.419047619047619,4.514210074606552,19,680.0,0.18240257375974667,9,682.0,0.32626252245276843,20,732.0,0.23509409815539495,48,2094.0
1705.0,46,420.0,3.8181818181818183,4.442253166587871,12,536.0,0.26708397378522186,16,744.0,0.14683218197188888,18,677.0,0.24605689908702472,46,1957.0
1710.0,33,219.0,2.085714285714286,4.508453594348232,6,567.0,0.26458924317950083,16,648.0,0.10413371831069089,11,496.0,0.3196714738856232,33,1711.0
1715.0,26,130.0,1.3,4.377335370877054,10,589.0,0.24678210120434502,11,453.0,0.23711636403855485,5,531.0,0.24435576134111692,26,1573.0
1720.0,29,153.0,1.5,4.64650466325434,17,642.0,0.1789759360864086,2,391.0,0.3946191257990424,10,556.0,0.2262494721551317,29,1589.0
1725.0,47,331.0,3.1523809523809523,4.32149787874263,23,743.0,0.17382660880816678,8,402.0,0.4218899015890855,16,613.0,0.15266138059518808,47,1758.0
1730.0,49,379.0,3.4454545454545453,4.391336032835913,18,710.0,0.270928068146875,14,449.0,0.36627005476675306,17,572.0,0.18145079769310773,49,1731.0
1735.0,40,337.0,3.036036036036036,5.4164541346608654,10,545.0,0.4021963717799881,19,532.0,0.22682011562806595,11,422.0,0.3130620287376472,40,1499.0
1740.0,31,288.0,2.691588785046729,4.703502370055258,1,461.0,0.36231022326940227,24,641.0,0.12337898984258763,6,398.0,0.3510578563820334,31,1500.0
1745.0,36,310.0,2.9523809523809526,4.1169350970095016,8,477.0,0.313240934837392,20,628.0,0.15898931891991283,8,410.0,0.2955817925598361,36,1515.0
1750.0,41,323.0,2.9363636363636365,4.975908466599449,14,532.0,0.26767849025720575,13,499.0,0.35277315114475516,14,456.0,0.24363534293066733,41,1487.0
1755.0,40,336.0,2.896551724137931,4.906278687286496,18,615.0,0.20974633061786693,2,517.0,0.4315375261967324,20,542.0,0.19741181801072755,40,1674.0
1760.0,55,584.0,5.0344827586206895,4.740961322354875,24,723.0,0.22348566355061877,7,523.0,0.3822184694660841,24,658.0,0.21252927829782142,55,1904.0
1765.0,56,735.0,6.176470588235294,4.345853081608258,19,692.0,0.24719266690359612,13,572.0,0.2619010559806297,24,778.0,0.2557977750453919,56,2042.0
1770.0,56,819.0,7.060344827586207,4.795847314766302,12,534.0,0.3303050108423549,20,658.0,0.24919307412198372,24,898.0,0.27754984871943883,56,2090.0
1775.0,54,943.0,8.345132743362832,4.580807030647797,5,505.0,0.35984967505391224,24,774.0,0.21284544945720155,25,1018.0,0.2806543860888946,54,2297.0
1780.0,56,1204.0,10.75,4.462369374142061,8,524.0,0.34364856444745645,24,896.0,0.2058181839364023,24,1138.0,0.2561835161669572,56,2558.0
1785.0,62,1501.0,12.720338983050848,4.409492434819267,14,571.0,0.3367875977263861,24,1016.0,0.207768144472094,24,1258.0,0.19114371188639895,62,2845.0
1790.0,63,1527.0,12.725,4.439488452637735,20,658.0,0.307012956281326,24,1136.0,0.24802844721040207,19,1171.0,0.18316717363764567,63,2965.0
1795.0,61,1392.0,12.0,4.668525283583863,24,772.0,0.26123586557859757,24,1254.0,0.24491325262924452,13,938.0,0.2563919589373324,61,2964.0
1800.0,49,1078.0,9.625,4.407667482663379,25,894.0,0.23065658282159548,18,1179.0,0.22883068939062431,6,903.0,0.28755372795897716,49,2976.0
1805.0,44,855.0,7.7727272727272725,4.891298249726503,24,1014.0,0.16788799561352463,11,931.0,0.31340351020057994,9,911.0,0.3108225970641024,44,2856.0
1810.0,35,537.0,4.881818181818182,4.617524443106882,19,952.0,0.1841931576397198,4,889.0,0.3386733883771562,12,957.0,0.20180089973237766,35,2798.0
1815.0,40,419.0,3.7410714285714284,4.745192636060991,12,742.0,0.23767750116593092,8,912.0,0.31319770246999884,20,1044.0,0.22146155399418568,40,2698.0
1820.0,35,261.0,2.3727272727272726,4.9359142925589605,2,637.0,0.36194064803152615,15,963.0,0.18675809680434582,18,976.0,0.26760894420772335,35,2576.0
1825.0,37,295.0,2.7570093457943927,4.967774097935879,7,647.0,0.34552281255875344,19,1051.0,0.09540728711718204,11,674.0,0.3389256009871464,37,2372.0
1830.0,37,262.0,2.4485981308411215,4.743122648082817,15,694.0,0.29479143445161254,19,982.0,0.12490166413705052,3,629.0,0.3747771903574298,37,2305.0
1835.0,38,287.0,2.682242990654206,4.764207740454631,19,778.0,0.2016129960025307,10,746.0,0.3062360684021557,9,641.0,0.2797235333626543,38,2165.0
1840.0,38,358.0,3.3773584905660377,4.719515251195267,23,886.0,0.16842323495694417,2,762.0,0.3401087576475311,13,693.0,0.2341257238519151,38,2341.0
1845.0,52,585.0,5.4672897196261685,4.348874558802147,24,1006.0,0.09094554343347684,8,776.0,0.3734739330689517,20,777.0,0.23553123877273108,52,2559.0
1850.0,56,702.0,6.324324324324325,4.286954349071986,18,947.0,0.2061753114128792,15,834.0,0.2875291523771873,23,887.0,0.21266587457470795,56,2668.0
1855.0,54,730.0,6.886792452830188,4.617984355305532,9,724.0,0.35202709242234015,21,925.0,0.2299302678010161,24,1005.0,0.22245202299659736,54,2654.0
1860.0,50,810.0,8.1,4.121592943930434,1,603.0,0.39156401589602485,24,1042.0,0.11952228732841372,25,1125.0,0.24869790996697602,50,2770.0
1865.0,51,929.0,9.577319587628866,3.6527674451897805,7,626.0,0.37374292498991574,20,967.0,0.19592853619214468,24,1245.0,0.20149251397550477,51,2838.0
1870.0,44,740.0,7.0476190476190474,4.118736106167113,15,683.0,0.23476060367332238,11,692.0,0.3290732845469538,18,1142.0,0.1792238077151379,44,2517.0
1875.0,36,449.0,4.157407407407407,4.7605513095146454,20,770.0,0.1750110425979515,4,716.0,0.3519984959233931,12,838.0,0.24265836630596652,36,2324.0
1880.0,40,330.0,3.0275229357798166,4.80647050238072,24,885.0,0.22321424081955762,11,732.0,0.3036311168937024,5,868.0,0.32308650591936494,40,2485.0
1885.0,49,542.0,4.972477064220183,4.388828859669156,24,1005.0,0.2482781355320081,15,792.0,0.226162971280636,10,894.0,0.29896786656567576,49,2691.0
1890.0,63,821.0,7.265486725663717,3.95336539355699,25,1123.0,0.24363942336808345,22,888.0,0.20797548608694094,16,953.0,0.2530031352722981,63,2964.0
1895.0,69,1155.0,10.3125,3.987874670001921,24,1243.0,0.23551377275314092,24,1007.0,0.2092010751421457,21,1048.0,0.25893034087107086,69,3298.0
1900.0,68,1283.0,11.558558558558559,3.8052502868525457,20,1155.0,0.25382701261045915,24,1127.0,0.1724083276869311,24,1166.0,0.24845620547530434,68,3448.0
1905.0,60,1249.0,11.354545454545455,3.971325159766643,11,791.0,0.23857977759102653,24,1247.0,0.1279799521946064,25,1286.0,0.24312559818319252,60,3324.0
1910.0,46,1026.0,9.679245283018869,3.9421144026904713,3,723.0,0.2518294557535507,19,1142.0,0.1360415483942054,24,1406.0,0.24556762048366895,46,3271.0
1915.0,45,923.0,8.626168224299066,4.30737576361583,9,729.0,0.24289679626836866,11,831.0,0.23234594165338224,25,1526.0,0.2102775756634685,45,3086.0
1920.0,36,633.0,5.807339449541284,4.546228878145036,13,772.0,0.18919743711535192,4,852.0,0.3518332334477589,19,1376.0,0.1580681393904914,36,3000.0
1925.0,35,382.0,3.4727272727272727,4.819646946340328,13,704.0,0.24182025801153692,10,881.0,0.3419832300786058,12,976.0,0.2395241251042235,35,2561.0
1930.0,29,157.0,1.4403669724770642,5.1860218380078384,10,429.0,0.3276637147286086,16,945.0,0.24398153234815106,3,917.0,0.3535179331369645,29,2291.0
1935.0,32,237.0,2.2788461538461537,4.703465158412033,1,380.0,0.3935407923683031,22,1046.0,0.1475547216017464,9,933.0,0.3078582500927412,32,2359.0
1940.0,41,310.0,2.9523809523809526,4.471834596138053,7,390.0,0.3212356694617683,20,988.0,0.21627184261863197,14,977.0,0.29794007235457287,41,2355.0
1945.0,44,352.0,3.171171171171171,4.914190628731288,14,440.0,0.23891841108508224,11,676.0,0.38324583549914604,19,1060.0,0.2675760592398155,44,2176.0
1950.0,45,444.0,3.9292035398230087,4.826170315438223,19,522.0,0.2040987574444419,3,620.0,0.48986953497985986,23,1170.0,0.1777021038244197,45,2312.0
1955.0,55,682.0,6.256880733944954,4.385297178932353,24,636.0,0.2395157467903007,7,627.0,0.40890672331105754,24,1292.0,0.20807931311818517,55,2555.0
1960.0,52,660.0,5.84070796460177,4.151586151960557,21,621.0,0.25134066206956857,13,674.0,0.2887915916662737,18,1183.0,0.25518140883436735,52,2478.0
1965.0,42,479.0,4.201754385964913,4.665002615938576,13,456.0,0.2925951929929408,18,753.0,0.1321765577127942,11,875.0,0.3652258796264007,42,2084.0
1970.0,29,163.0,1.4553571428571428,4.39170285422096,5,479.0,0.2632906099015003,20,687.0,0.03826278260522577,4,715.0,0.3880759169594681,29,1881.0
1975.0,29,158.0,1.462962962962963,4.483481436987387,8,485.0,0.25323583941491823,13,493.0,0.24399302745050125,8,728.0,0.28868555111427097,29,1706.0
1980.0,32,186.0,1.631578947368421,4.811290736088376,15,543.0,0.19525413833938784,3,519.0,0.3734723700159998,14,776.0,0.2523254631581531,32,1838.0
1985.0,50,391.0,3.2857142857142856,4.97774758491492,21,635.0,0.23150370276988197,9,532.0,0.40383846336605106,20,863.0,0.23322614587733068,50,2030.0
1990.0,65,683.0,5.691666666666666,4.455055354733982,24,752.0,0.23530660221250532,16,588.0,0.32896984992427203,25,974.0,0.23523560036611987,65,2314.0
1995.0,70,1020.0,8.64406779661017,4.484883003114682,24,870.0,0.23764246706833944,22,685.0,0.3171465162722516,24,1094.0,0.27631142408866965,70,2649.0
2000.0,74,1380.0,12.0,3.943944623782745,25,990.0,0.19694818922012933,24,805.0,0.29510598080422434,25,1212.0,0.2479757388846983,74,3007.0
2005.0,67,1529.0,13.295652173913043,4.14956451041108,19,915.0,0.2777469204787091,24,925.0,0.28227666515589306,24,1332.0,0.22920001608974439,67,3172.0
2010.0,51,1291.0,11.034188034188034,4.40481282514499,9,746.0,0.2893732096938699,24,1045.0,0.1779629662665124,18,1183.0,0.24981348110142312,51,2974.0
2015.0,36,759.0,6.487179487179487,4.711546198370417,1,656.0,0.38071453286905976,20,969.0,0.06622263764107368,15,883.0,0.27862113928255283,36,2508.0
2020.0,27,283.0,2.504424778761062,4.51793397408684,8,673.0,0.30074237395224457,13,750.0,0.1645856302308236,6,913.0,0.22580745503062655,27,2336.0
2025.0,27,121.0,1.0614035087719298,4.716216654896634,13,721.0,0.2248454666411903,4,716.0,0.32580127899448963,10,940.0,0.21083966104170737,27,2377.0
2030.0,45,284.0,2.406779661016949,4.798665722370936,19,802.0,0.20770997576204142,9,722.0,0.36821336287316786,17,993.0,0.2015654559711138,45,2517.0
2035.0,55,440.0,3.6666666666666665,4.872906226673346,19,755.0,0.26086707878999493,14,771.0,0.30243716199608545,22,1090.0,0.2220162640230708,55,2616.0
2040.0,58,596.0,4.925619834710743,5.1440297233242855,13,570.0,0.3283103801956604,21,860.0,0.20904881315090307,24,1206.0,0.2411739338678855,58,2636.0
2045.0,52,743.0,6.35042735042735,4.72984813398096,4,528.0,0.3160018414203738,24,977.0,0.1480668823909934,24,1324.0,0.23778085292421366,52,2829.0
2050.0,50,857.0,7.584070796460177,4.41415339375344,7,543.0,0.2724227891327887,19,923.0,0.2187682994653643,24,1444.0,0.24735448011816205,50,2910.0
2055.0,50,901.0,7.767241379310345,4.9885338803036365,16,596.0,0.22672082240805086,10,649.0,0.3034820410035163,24,1564.0,0.22967352622069914,50,2809.0
2060.0,45,975.0,8.705357142857142,4.918013917366854,20,685.0,0.1673364505289992,1,597.0,0.35937470107186126,24,1684.0,0.17973954519265464,45,2966.0
2065.0,52,1114.0,10.314814814814815,4.371300883523189,19,631.0,0.22416805420091065,9,616.0,0.31959725045548304,24,1806.0,0.15732317300644494,52,3053.0
2070.0,43,907.0,8.245454545454546,4.786582113479639,11,450.0,0.31885303646864205,14,670.0,0.22941085571769843,18,1632.0,0.21004605432702436,43,2752.0
2075.0,24,426.0,4.018867924528302,4.7857242855625435,2,463.0,0.3122017932832279,13,597.0,0.16146150645827026,9,1274.0,0.3028488378532179,24,2334.0
2080.0,23,83.0,0.83,4.6237317116357985,8,480.0,0.27297716630195484,11,410.0,0.226166369309521,4,1294.0,0.27566461781575874,23,2184.0
2085.0,27,137.0,1.37,4.51018629063916,15,539.0,0.1381244322339313,4,438.0,0.3315641241292802,8,1326.0,0.24825229986528896,27,2303.0
2090.0,38,227.0,2.121495327102804,4.539501905977419,15,481.0,0.2431537016120808,8,461.0,0.3289133937504688,15,1387.0,0.2293346521676958,38,2329.0
2095.0,44,341.0,3.1,4.88162802061961,8,355.0,0.3766854456998811,15,516.0,0.2385705592055091,21,1482.0,0.19317728785391497,44,2353.0
2100.0,43,390.0,3.8613861386138613,4.350860480338153,3,342.0,0.41506025912910566,22,610.0,0.1560869539851432,18,1346.0,0.2911925151479937,43,2298.0
2105.0,37,324.0,3.24,4.469664861839654,10,372.0,0.30592635763431175,18,562.0,0.19158489519349206,9,978.0,0.3679501143546393,37,1912.0
2110.0,25,195.0,1.911764705882353,4.961059686280877,15,429.0,0.18230900539856756,9,370.0,0.30940827101815266,1,801.0,0.3644856676618952,25,1600.0
2115.0,29,212.0,2.0384615384615383,4.589645770669277,20,518.0,0.0926988625046973,2,389.0,0.39215468951103083,7,823.0,0.2861401630672536,29,1730.0
2120.0,45,287.0,2.609090909090909,4.584601501016299,19,515.0,0.2185505466061153,10,415.0,0.3331531829451511,16,881.0,0.2818856038600002,45,1811.0
2125.0,42,341.0,2.965217391304348,5.004053302974272,8,391.0,0.31989122120145597,14,474.0,0.2746046963268377,20,967.0,0.265810295929542,42,1832.0
2130.0,49,465.0,4.1891891891891895,4.616743028857364,4,420.0,0.34650156702183443,21,563.0,0.18665458746919036,24,1078.0,0.266868646708787,49,2061.0
2135.0,57,731.0,6.89622641509434,3.9830874736245083,9,449.0,0.29640224852376235,24,679.0,0.14699940818452248,24,1196.0,0.26486831619493484,57,2324.0
2140.0,58,887.0,8.367924528301886,3.692586297905145,15,512.0,0.21057969354309777,19,654.0,0.21865667103741973,24,1316.0,0.18051632122173383,58,2482.0
2145.0,54,795.0,7.5,4.228312879408546,23,612.0,0.17330909259384789,12,485.0,0.35524626872214227,19,1176.0,0.19209736823778104,54,2273.0
2150.0,36,535.0,5.047169811320755,4.672511047352044,25,731.0,0.15177132977794536,1,506.0,0.35786967518147994,10,817.0,0.2533820526976298,36,2054.0
2155.0,30,323.0,3.0761904761904764,4.620252231255979,18,711.0,0.2508318175093144,10,523.0,0.19710725903253495,2,745.0,0.36899950222841615,30,1979.0
2160.0,33,267.0,2.5673076923076925,4.79613670443282,10,549.0,0.35710052968027284,15,585.0,0.1702596583605103,8,767.0,0.3231804218608014,33,1901.0
2165.0,37,276.0,2.6285714285714286,4.2273438207250225,3,570.0,0.33911423414167546,21,677.0,0.07370433547358625,13,818.0,0.24589314394880235,37,2065.0
2170.0,49,392.0,3.8058252427184467,3.8387546405643684,10,598.0,0.2873927207895536,18,661.0,0.17928861682197275,21,901.0,0.18507243236699195,49,2160.0
2175.0,47,470.0,4.3119266055045875,4.458957807238851,14,658.0,0.2036885605820886,10,511.0,0.31843887231238305,23,1011.0,0.20960585500017265,47,2180.0
2180.0,43,448.0,4.3076923076923075,4.118591413280698,22,751.0,0.17016739284701218,2,529.0,0.3957406017223111,19,897.0,0.1967051713528112,43,2177.0
2185.0,47,482.0,4.59047619047619,4.382873539081758,25,872.0,0.1974869346601813,10,554.0,0.31684922558049333,12,599.0,0.26714765608312613,47,2025.0
2190.0,41,529.0,4.94392523364486,4.265648846145223,24,992.0,0.230306635275516,15,613.0,0.21509658484648453,2,557.0,0.3277838976505012,41,2162.0
2195.0,55,760.0,7.102803738317757,4.000094757054752,25,1112.0,0.23464722878917493,20,706.0,0.2235188445885934,10,568.0,0.3242582626801359,55,2386.0
2200.0,62,1050.0,9.722222222222221,4.052971212426204,24,1230.0,0.2031878673535903,24,823.0,0.24885708455603725,14,620.0,0.30533502254764194,62,2673.0
2205.0,61,1132.0,9.929824561403509,4.190511928488172,18,1171.0,0.253653377881272,24,941.0,0.2529581980762697,19,705.0,0.2804307823606564,61,2817.0
2210.0,59,1073.0,9.330434782608696,4.532312017915169,11,852.0,0.2740826793087066,24,1061.0,0.24525471159109927,24,817.0,0.2726200922400103,59,2730.0
2215.0,51,1061.0,9.389380530973451,4.24482737985157,3,881.0,0.30446266851019504,24,1181.0,0.16726665859287676,24,937.0,0.27835408467255285,51,2999.0
2220.0,49,1086.0,9.696428571428571,4.128520050682221,7,897.0,0.29739039010863527,18,1109.0,0.17413116584019658,24,1057.0,0.2266443246494204,49,3063.0
2225.0,46,784.0,6.700854700854701,4.397976257565175,15,954.0,0.2723997394725281,12,867.0,0.2604912748213151,19,991.0,0.18006759997121047,46,2812.0
2230.0,42,420.0,3.5294117647058822,4.738155189636311,22,1046.0,0.1768256440364927,6,907.0,0.3036880576409663,14,762.0,0.23196232257342622,42,2715.0
2235.0,37,262.0,2.2586206896551726,4.617755428075345,21,975.0,0.20802776249185945,10,926.0,0.2320199268101647,6,651.0,0.3048704723068562,37,2552.0
2240.0,34,175.0,1.5486725663716814,4.621374597171848,12,726.0,0.3072886937741401,12,825.0,0.17760120781431266,10,653.0,0.2800094655647988,34,2204.0
2245.0,31,130.0,1.1818181818181819,4.5790165469595205,5,744.0,0.2900320602420959,12,597.0,0.2049403702256898,14,689.0,0.23171652014646366,31,2030.0
2250.0,34,216.0,1.9115044247787611,4.483385830504967,11,764.0,0.2097027502085957,4,623.0,0.3150110593197674,19,775.0,0.16204681276771377,34,2162.0
2255.0,45,301.0,2.6403508771929824,4.593818373521748,18,827.0,0.23041892384386908,9,624.0,0.3256383062328154,18,717.0,0.22667924725649827,45,2168.0
2260.0,49,383.0,3.3596491228070176,4.691029079284361,23,925.0,0.2411619562861444,17,671.0,0.23238811548540475,9,529.0,0.32720833467560956,49,2125.0
2265.0,48,518.0,4.666666666666667,4.7227942671523655,25,1043.0,0.2752143943466878,22,766.0,0.24774339903526996,1,423.0,0.3865930436279414,48,2232.0
2270.0,57,781.0,7.1,4.5917504270084155,24,1163.0,0.28938956910341396,24,887.0,0.28655720545299784,9,444.0,0.3135090874756311,57,2494.0
2275.0,62,1072.0,9.321739130434782,4.463249055098803,24,1283.0,0.269101190518776,24,1007.0,0.29662512562003973,14,495.0,0.26743099735683806,62,2785.0
2280.0,68,1398.0,11.847457627118644,4.3215557907297,24,1403.0,0.23550282432201664,24,1125.0,0.26628867410393914,20,581.0,0.2696448307904103,68,3109.0
2285.0,68,1546.0,13.101694915254237,4.058916545171676,24,1523.0,0.2079129450145013,19,1060.0,0.23536950013796898,25,695.0,0.2738210659197405,68,3278.0
2290.0,60,1287.0,10.815126050420169,3.965117670239712,22,1408.0,0.13100798803777555,14,727.0,0.17358870898615802,24,815.0,0.21938889896965058,60,2950.0
2295.0,42,697.0,6.008620689655173,4.267763814760774,15,1070.0,0.1907021738517445,7,765.0,0.2079038739027532,20,785.0,0.16856305602676813,42,2620.0
2300.0,25,223.0,2.064814814814815,4.94085191459087,5,1014.0,0.32635950164412303,8,772.0,0.21867428395215047,12,590.0,0.26576895205907447,25,2376.0
2305.0,29,132.0,1.2,5.12029903565096,10,1014.0,0.32197644493164757,17,816.0,0.23320130938837855,2,481.0,0.3568698961448749,29,2311.0
2310.0,44,304.0,2.7387387387387387,4.693895387683331,15,1063.0,0.3189874134869931,21,912.0,0.24746728260968395,8,486.0,0.3374267040061988,44,2461.0
2315.0,58,560.0,4.827586206896552,4.556552527067701,21,1152.0,0.2803371737708452,24,1027.0,0.2960356456918588,13,531.0,0.2360052461292249,58,2710.0
2320.0,67,876.0,7.423728813559322,4.511222215245275,24,1266.0,0.22173509215889947,24,1147.0,0.3195760312040558,19,613.0,0.13530730312537165,67,3026.0
2325.0,66,1116.0,9.620689655172415,4.534174796634022,24,1386.0,0.19154461908819367,24,1263.0,0.30808774225961455,18,605.0,0.23092170277401533,66,3254.0
2330.0,57,1281.0,11.043103448275861,4.745903576536107,24,1506.0,0.19247632406676082,24,1383.0,0.20987307821262882,9,459.0,0.3072669300674449,57,3348.0
2335.0,41,1002.0,9.192660550458715,4.367819846661064,19,1366.0,0.2681343109666169,19,1273.0,0.1305534721583753,3,434.0,0.3370581952414301,41,3073.0
2340.0,32,515.0,4.8584905660377355,4.88291345882899,9,1015.0,0.33883947345486914,15,967.0,0.19992555698120631,8,456.0,0.2735344170811179,32,2438.0
2345.0,19,113.0,1.13,4.349125793552748,0,858.0,0.2582807229609191,5,932.0,0.2894336956933767,14,514.0,0.17654104199540563,19,2304.0
2350.0,34,231.0,2.264705882352941,4.476976527080453,6,875.0,0.26586161798412306,7,940.0,0.3539156155993716,21,610.0,0.21784225741153193,34,2425.0
2355.0,53,452.0,4.0,4.613982322808959,13,921.0,0.2378418144040577,15,984.0,0.30065929929074653,25,726.0,0.2526333791742063,53,2631.0
2360.0,58,592.0,5.05982905982906,4.401730671905499,18,996.0,0.2786271197267538,22,1074.0,0.19208595027186035,18,701.0,0.27888972235259357,58,2771.0
2365.0,55,563.0,4.771186440677966,4.588787386645031,25,1099.0,0.2682931876891909,19,1004.0,0.15643191005457308,11,537.0,0.2909570511220392,55,2640.0
2370.0,37,360.0,3.272727272727273,4.335438007538279,19,1000.0,0.220875546447602,13,744.0,0.1695128141576447,5,507.0,0.22925405329761636,37,2251.0
2375.0,27,173.0,1.6476190476190475,4.306039348481753,14,704.0,0.18125766520078074,4,776.0,0.2572760714969236,9,524.0,0.2158303786848964,27,2004.0
2380.0,26,137.0,1.3047619047619048,4.284788855302992,6,734.0,0.20595688153324435,8,794.0,0.2744979332869107,12,575.0,0.24575370355229037,26,2103.0
2385.0,45,307.0,2.765765765765766,4.483645461218711,8,749.0,0.26630784477846836,16,851.0,0.30524381015675384,21,664.0,0.25808248945499523,45,2264.0
2390.0,62,579.0,4.906779661016949,4.522684782443305,15,799.0,0.20387215691146432,23,946.0,0.27239023089662306,24,776.0,0.30353840128963183,62,2521.0
2395.0,68,908.0,7.760683760683761,4.721221446024965,20,889.0,0.24693997688676414,24,1064.0,0.27755436173203213,24,894.0,0.22844952276447103,68,2847.0
2400.0,62,968.0,8.642857142857142,4.159591259968079,18,782.0,0.28359972680243634,24,1184.0,0.21606411775077772,20,836.0,0.22182940486565,62,2802.0
2405.0,49,834.0,7.446428571428571,4.666229425332629,12,494.0,0.3048648133522598,24,1304.0,0.09869160568025916,13,672.0,0.2704174957607585,49,2470.0
2410.0,29,493.0,4.695238095238095,3.737557061768909,5,519.0,0.25025052797585007,18,1185.0,0.06763259250571908,6,706.0,0.26161843988414324,29,2410.0
2415.0,32,312.0,3.0,4.288561510110544,10,536.0,0.21188305411065772,11,872.0,0.2786847987728261,11,728.0,0.22942394992542103,32,2136.0
2420.0,35,220.0,1.981981981981982,5.134752006606377,16,595.0,0.212699896373589,0,726.0,0.4624059648459334,19,789.0,0.1730110190579911,35,2110.0
2425.0,52,439.0,3.919642857142857,5.166395917952653,22,693.0,0.22349099515060858,7,736.0,0.4366362181185993,23,897.0,0.17903705677809162,52,2326.0
2430.0,60,722.0,6.278260869565218,4.74367649904785,24,809.0,0.1759124637312066,12,781.0,0.2735761907195088,24,1017.0,0.2407602660055,60,2607.0
2435.0,60,883.0,7.883928571428571,4.583508954446608,24,929.0,0.21733341256255623,18,859.0,0.2557525854748305,18,962.0,0.3093901872423359,60,2750.0
2440.0,58,956.0,8.690909090909091,4.3754100780692715,24,1047.0,0.2067740317925628,24,969.0,0.21476037829449232,10,735.0,0.2875145486922892,58,2751.0
2445.0,52,1050.0,10.096153846153847,3.7246065799204096,24,1167.0,0.22960946935839394,24,1089.0,0.15424296584635963,4,691.0,0.25637963061044694,52,2947.0
2450.0,51,1143.0,10.783018867924529,3.8833901608323194,25,1287.0,0.19239582762622925,19,991.0,0.19571441385187316,7,703.0,0.3071170522986312,51,2981.0
2455.0,45,886.0,7.910714285714286,4.667457603493958,19,1186.0,0.20716638676834517,11,746.0,0.28530493768695303,15,755.0,0.2395167692784523,45,2687.0
2460.0,37,484.0,4.283185840707965,5.006890420528033,14,937.0,0.2239001634375343,4,709.0,0.3230881467062563,19,838.0,0.16472340172437752,37,2484.0
2465.0,39,324.0,3.056603773584906,4.657760977522325,6,967.0,0.2571646606978187,9,722.0,0.292000050844542,24,950.0,0.20895753766208314,39,2639.0
2470.0,49,525.0,5.0,4.464534384657582,10,989.0,0.29428472754821794,15,776.0,0.28740686904873836,24,1070.0,0.24958534673367674,49,2835.0
2475.0,61,801.0,7.151785714285714,4.396477852143711,16,1044.0,0.2711785802120075,21,867.0,0.2612299707523348,24,1188.0,0.22103845524478707,61,3099.0
2480.0,72,1136.0,10.142857142857142,4.039275450981598,24,1144.0,0.272582859739004,24,982.0,0.28391389739082595,24,1308.0,0.14907870165651615,72,3434.0
2485.0,73,1496.0,13.238938053097344,4.183405012751324,24,1264.0,0.2633730067730941,24,1100.0,0.24046967203378042,25,1428.0,0.13569595873602272,73,3792.0
2490.0,66,1592.0,14.472727272727273,4.093726364635735,24,1384.0,0.24274673264943059,24,1220.0,0.22303520715741407,18,1320.0,0.24813210703330452,66,3924.0
2495.0,58,1505.0,13.558558558558559,4.77488083061791,24,1504.0,0.2515064999366606,24,1340.0,0.18010906821205766,10,1004.0,0.37009808783921977,58,3848.0
2500.0,50,1467.0,13.336363636363636,4.6278945391220105,24,1624.0,0.23010241957682234,24,1460.0,0.14970869908520934,2,938.0,0.3781147556506492,50,4022.0
2505.0,44,1217.0,11.1651376146789,4.45246750005052,18,1508.0,0.23170084962945614,18,1347.0,0.20525372863808938,8,958.0,0.31648625974569444,44,3813.0
2510.0,37,686.0,6.017543859649122,5.1553319352601426,12,1165.0,0.20968527701558495,10,1018.0,0.3074066625660369,15,1015.0,0.2717627940072155,37,3198.0
2515.0,26,188.0,1.709090909090909,4.906259147976409,4,1189.0,0.22287704238307438,2,944.0,0.34555638009008516,20,1104.0,0.2048892990622924,26,3237.0
2520.0,43,356.0,3.595959595959596,4.412614780573729,11,1208.0,0.23952811778110497,8,966.0,0.35557574076684023,24,1223.0,0.17774548843719076,43,3397.0
2525.0,49,448.0,4.226415094339623,4.138942028722062,16,1264.0,0.21762951425734856,15,1025.0,0.2818612578091499,18,1119.0,0.20925141528774324,49,3408.0
2530.0,54,498.0,4.568807339449541,4.408433342380753,22,1354.0,0.2320545580273902,21,1115.0,0.25400969948708396,11,817.0,0.2882220769679988,54,3286.0
2535.0,52,605.0,5.761904761904762,4.171628903931811,24,1471.0,0.2548102829674533,24,1229.0,0.1764851432446837,4,843.0,0.3065414315673348,52,3543.0
2540.0,60,879.0,8.451923076923077,4.000099215972136,24,1591.0,0.23124869102950812,24,1351.0,0.17838656459165902,12,868.0,0.34103573945728566,60,3810.0
2545.0,58,1004.0,9.127272727272727,4.192523894855538,24,1711.0,0.1834398860391726,18,1216.0,0.25427438840399763,16,933.0,0.2989091243928459,58,3860.0
2550.0,56,1036.0,9.087719298245615,4.848315099799103,25,1831.0,0.17973780108196405,10,924.0,0.35198079973058866,21,1030.0,0.21986993691648418,56,3785.0
2555.0,46,871.0,7.990825688073395,4.478723464874856,20,1684.0,0.14486030109254747,2,858.0,0.359515854717334,24,1148.0,0.15558505812895426,46,3690.0
2560.0,39,582.0,5.4392523364485985,4.93490085869217,12,1269.0,0.29656493305218967,9,877.0,0.2610345107065088,18,1048.0,0.26939108513492366,39,3194.0
2565.0,21,185.0,1.7619047619047619,4.94596787771015,4,1179.0,0.33688320135316574,8,732.0,0.22166057876829304,9,748.0,0.29593654001959113,21,2659.0
2570.0,16,49.0,0.48514851485148514,5.094706983480036,7,1187.0,0.33034275142304625,5,397.0,0.2808744173672106,4,775.0,0.30775463649213725,16,2359.0
2575.0,27,139.0,1.2990654205607477,4.8770091461712095,14,1245.0,0.2489891594947239,3,415.0,0.36316621938068955,10,809.0,0.25001992856883204,27,2469.0
2580.0,47,328.0,2.954954954954955,4.721976509551182,22,1339.0,0.2246376114222689,9,436.0,0.3952293815891843,16,877.0,0.19951028413849306,47,2652.0
2585.0,55,503.0,4.412280701754386,4.3241565221116245,24,1456.0,0.23129738310368378,15,493.0,0.3003257144360474,16,780.0,0.26245497806532,55,2729.0
2590.0,55,666.0,5.893805309734513,4.783521775738072,24,1576.0,0.21712037834208095,21,584.0,0.2521209309004248,10,522.0,0.34516833669323826,55,2682.0
2595.0,51,848.0,7.779816513761468,4.24444963758258,24,1694.0,0.21571689937162722,24,702.0,0.20097543714535215,3,491.0,0.330118014455611,51,2887.0
2600.0,59,1115.0,10.229357798165138,4.018995786512049,24,1814.0,0.22390356993432703,24,824.0,0.21543300508872978,11,513.0,0.297753822055619,59,3151.0
2605.0,51,997.0,8.74561403508772,4.652460242784903,18,1625.0,0.252634523246867,18,739.0,0.2681306466943513,15,570.0,0.3189292208872298,51,2934.0
2610.0,41,616.0,5.264957264957265,5.5276374170267095,9,1139.0,0.29648713007475863,11,548.0,0.35009304367247573,21,663.0,0.23430640454096302,41,2350.0
2615.0,33,319.0,2.9,4.628807913866421,3,1161.0,0.2568755096102367,5,577.0,0.29423009071427586,25,779.0,0.12544845923489195,33,2517.0
2620.0,44,504.0,4.754716981132075,4.388575709044115,10,1194.0,0.2825234646085214,9,602.0,0.3069526145926352,25,901.0,0.16799088972809323,44,2697.0
2625.0,57,750.0,6.4655172413793105,4.405283263153477,17,1255.0,0.2760726986678044,16,664.0,0.27727290015869155,24,1021.0,0.2096080243192053,57,2940.0
2630.0,62,847.0,7.301724137931035,4.477490040756769,22,1348.0,0.2539023858046623,22,759.0,0.26887996819236065,18,956.0,0.24480551887102273,62,3063.0
2635.0,59,848.0,7.504424778761062,4.799887732633409,24,1467.0,0.2922697312478432,24,878.0,0.19608040584220443,11,649.0,0.27840380328261927,59,2994.0
2640.0,53,881.0,8.157407407407407,4.5489155336695095,24,1587.0,0.25000069963144067,24,998.0,0.14197871852483068,5,613.0,0.3481445845104361,53,3198.0
2645.0,52,950.0,8.962264150943396,4.5248563879184145,24,1709.0,0.21739871945507416,18,942.0,0.2356485843338559,10,629.0,0.29656561138954385,52,3280.0
2650.0,46,919.0,8.354545454545455,5.250128972005661,24,1829.0,0.1944422540510244,9,733.0,0.3837844474530204,13,673.0,0.2582478833245635,46,3235.0
2655.0,40,714.0,6.490909090909091,5.100586452628228,18,1651.0,0.20112562535774348,3,756.0,0.32987731209854154,19,758.0,0.20230552212704847,40,3165.0
2660.0,46,607.0,5.836538461538462,4.645862207890704,12,1189.0,0.2298147328612914,11,790.0,0.23210923548862214,23,870.0,0.22363544440288233,46,2849.0
2665.0,43,507.0,4.970588235294118,4.047098449561691,3,1216.0,0.2663780831401143,16,856.0,0.15731418652860577,24,990.0,0.2169548518544045,43,3062.0
2670.0,56,756.0,7.485148514851486,3.8040153723372385,10,1241.0,0.24894438416551823,22,957.0,0.21654384187954018,24,1110.0,0.2193480450184002,56,3308.0
2675.0,66,1061.0,10.401960784313726,3.467972098762954,18,1304.0,0.18666574797911442,24,1076.0,0.2072845323510984,24,1228.0,0.195578902610878,66,3608.0
2680.0,58,1009.0,9.60952380952381,3.604745860335884,21,1398.0,0.21523224847319428,18,1025.0,0.2214413397074562,19,1147.0,0.16012604708083034,58,3570.0
2685.0,47,741.0,6.990566037735849,4.488031912554961,24,1518.0,0.19962336705675057,10,790.0,0.2541928888178525,13,902.0,0.2045438223183654,47,3210.0
2690.0,31,455.0,4.46078431372549,4.834807702921756,24,1637.0,0.1345832043573972,2,742.0,0.27771652392159313,5,858.0,0.3075751715629234,31,3237.0
2695.0,34,439.0,4.572916666666667,4.532546396508296,18,1477.0,0.13582813516472075,8,762.0,0.29221267269786333,8,875.0,0.3453718612820586,34,3114.0
2700.0,42,361.0,3.4380952380952383,4.716172577029834,11,1051.0,0.23157564736906394,15,822.0,0.19368626682039317,16,925.0,0.28104869597331156,42,2798.0
2705.0,40,283.0,2.7745098039215685,4.448810926686846,4,980.0,0.31628315360134507,15,729.0,0.20495541953090804,21,1015.0,0.25973668960654017,40,2724.0
2710.0,43,393.0,3.8529411764705883,4.775400929491457,8,996.0,0.25308335775571084,10,442.0,0.3047856525562119,25,1131.0,0.22607991392613988,43,2569.0
2715.0,36,459.0,4.413461538461538,4.55749201593878,10,841.0,0.20023002308293877,2,398.0,0.34758949288497765,24,1251.0,0.13909527476724068,36,2490.0
2720.0,38,413.0,4.13,4.501426645707984,10,518.0,0.2924140739169172,8,415.0,0.3096784313367321,20,1162.0,0.15567111111048082,38,2095.0
2725.0,30,291.0,2.8529411764705883,5.217008394638117,5,541.0,0.3685926277258933,14,467.0,0.1669841443565074,11,872.0,0.2892904339414404,30,1880.0
2730.0,26,117.0,1.1938775510204083,4.331543727739288,10,559.0,0.28451302184819605,13,403.0,0.1408708573530968,3,711.0,0.36960033017781296,26,1673.0
2735.0,32,160.0,1.5841584158415842,4.676587382761599,16,618.0,0.2168621851932707,10,272.0,0.32470815702253253,6,726.0,0.30298358997953223,32,1616.0
2740.0,43,280.0,2.641509433962264,4.79279876298745,24,716.0,0.1581772530032582,3,296.0,0.41048157118701906,16,779.0,0.21611718768119292,43,1791.0
2745.0,47,398.0,3.7196261682242993,4.313602119555195,18,654.0,0.20620916573622441,8,320.0,0.3603077170123582,21,870.0,0.23801362796884468,47,1844.0
2750.0,55,502.0,4.442477876106195,4.58713989364444,13,424.0,0.3121311145053461,17,381.0,0.25166218739004487,25,983.0,0.23316905582858186,55,1788.0
2755.0,49,607.0,5.5181818181818185,4.455833099829812,3,407.0,0.3606034170155996,22,479.0,0.21236742710776538,24,1103.0,0.2236799176865016,49,1989.0
2760.0,57,870.0,8.20754716981132,4.01637449415354,9,421.0,0.3225808167608267,24,600.0,0.20132064857887486,24,1223.0,0.19968415884651045,57,2244.0
2765.0,58,967.0,8.633928571428571,4.214004697108241,15,479.0,0.2889110486336951,24,720.0,0.251599509583336,19,1121.0,0.22488718268784727,58,2320.0
2770.0,54,947.0,8.234782608695653,4.804172891960555,19,564.0,0.27472076945189117,24,840.0,0.2675715804352929,11,840.0,0.29610358552316823,54,2244.0
2775.0,52,976.0,8.63716814159292,4.592467401600096,25,678.0,0.2524239995780557,24,958.0,0.17611445170675616,3,866.0,0.27883549492505194,52,2502.0
2780.0,50,999.0,8.84070796460177,4.284844585943046,24,798.0,0.23767171271991494,18,915.0,0.2389352641472146,8,883.0,0.24689269009554982,50,2596.0
2785.0,50,891.0,7.615384615384615,4.718837703801005,24,918.0,0.22332340449800933,11,743.0,0.29911133997358896,15,938.0,0.19724591921311124,50,2599.0
2790.0,48,651.0,5.612068965517241,4.407475869298041,19,870.0,0.1377064159642812,8,780.0,0.31125229957982553,21,1030.0,0.16220104967147136,48,2680.0
2795.0,44,483.0,4.3125,4.4284804922254315,14,700.0,0.2372452677535211,10,812.0,0.2245955234959892,20,928.0,0.23415083775417744,44,2440.0
2800.0,26,160.0,1.4545454545454546,4.39592094829914,5,727.0,0.235735363968197,11,735.0,0.16427727545248988,10,676.0,0.3204691558925856,26,2138.0
2805.0,26,92.0,0.8761904761904762,4.59780057235019,9,744.0,0.2677113787645409,14,574.0,0.19444311030580352,3,692.0,0.2630711130476517,26,2010.0
2810.0,27,106.0,0.9906542056074766,3.7748301062468674,11,679.0,0.15671140681526924,7,564.0,0.2699653948023288,9,716.0,0.17989898963040432,27,1959.0
2815.0,34,106.0,0.9217391304347826,4.27830227553861,13,411.0,0.2544043715369357,10,565.0,0.2121150257842371,11,610.0,0.239673290065185,34,1586.0
2820.0,26,127.0,1.1339285714285714,5.094157493041594,5,435.0,0.3521758205538659,13,585.0,0.18821250612830465,8,405.0,0.3718393380913897,26,1425.0
2825.0,32,210.0,1.9444444444444444,4.854642368814895,8,431.0,0.33391298913399076,19,657.0,0.23691671918877455,5,430.0,0.3547173716133492,32,1518.0
2830.0,50,408.0,3.6106194690265485,4.654964937983495,15,474.0,0.3015719902260334,24,767.0,0.25012974111356195,11,450.0,0.28776095546225794,50,1691.0
2835.0,60,682.0,5.683333333333334,4.723113332122391,19,558.0,0.20004772356518838,24,887.0,0.30734415553900923,17,516.0,0.25858958964557766,60,1961.0
2840.0,72,1016.0,8.53781512605042,4.595494779606347,24,672.0,0.18441107374057544,24,1003.0,0.3014722302400116,24,616.0,0.25179397985588414,72,2291.0
2845.0,72,1376.0,11.862068965517242,4.522601567323164,24,792.0,0.1659530812197443,24,1123.0,0.32914208607941015,24,736.0,0.26501118648091226,72,2651.0
2850.0,73,1736.0,15.095652173913043,4.239736024172814,24,912.0,0.1492556757095608,24,1243.0,0.32254528645494285,25,856.0,0.2214843075027031,73,3011.0
2855.0,73,2096.0,18.882882882882882,3.9510435875271273,24,1032.0,0.18514707081243417,24,1363.0,0.2814019388789614,25,976.0,0.20745947883467705,73,3371.0
2860.0,67,2219.0,20.172727272727272,3.8733960526698605,18,964.0,0.2390021433395538,24,1483.0,0.2331535521379718,25,1096.0,0.2014657328730586,67,3543.0
2865.0,52,1932.0,17.097345132743364,4.606425761835849,9,727.0,0.3424857013074617,24,1605.0,0.12850735757772808,19,1030.0,0.2900281822069549,52,3362.0
2870.0,32,1192.0,10.836363636363636,4.877254725191134,4,751.0,0.34675895120287237,19,1499.0,0.13105631147926422,9,756.0,0.30323394653028324,32,3006.0
2875.0,28,467.0,4.447619047619048,4.906377011833402,12,787.0,0.31805169613509593,12,1168.0,0.20537060701904192,4,727.0,0.2457707649398632,28,2682.0
2880.0,30,158.0,1.4766355140186915,4.234960818774569,16,854.0,0.18415480875897391,5,1198.0,0.2921833659399197,9,751.0,0.18071642212152633,30,2803.0
2885.0,46,342.0,3.0535714285714284,4.472803758156901,22,953.0,0.19790795142829,8,1221.0,0.3318870725276519,16,814.0,0.1729830905439675,46,2988.0
2890.0,51,404.0,3.452991452991453,4.390008927523666,20,890.0,0.2584275431304662,16,1273.0,0.23486915504629932,15,757.0,0.2214888184537144,51,2920.0
2895.0,41,364.0,3.309090909090909,5.388159713371061,10,678.0,0.3421398166236657,21,1365.0,0.16348813293877787,10,573.0,0.3459419082727024,41,2616.0
2900.0,30,328.0,3.2475247524752477,4.566227143777276,4,641.0,0.32055726477852337,24,1484.0,0.07316360755069742,2,543.0,0.3266696661033249,30,2668.0
2905.0,35,345.0,3.520408163265306,4.2727721253096895,7,657.0,0.2750166083215148,18,1356.0,0.2408285091630791,10,563.0,0.2676231087119182,35,2576.0
2910.0,37,312.0,2.943396226415094,5.254682305476224,13,703.0,0.21458222214308575,8,991.0,0.40410110528773446,16,628.0,0.20681337103471534,37,2322.0
2915.0,46,366.0,3.4205607476635516,4.993969441194258,19,786.0,0.11505678322582383,3,934.0,0.46810884810393993,24,727.0,0.1860395096152221,46,2447.0
2920.0,45,391.0,3.688679245283019,4.736679634717549,18,742.0,0.23459251319373794,8,962.0,0.27355167065444735,19,694.0,0.2605007937897787,45,2398.0
2925.0,34,279.0,2.657142857142857,5.22270870621685,9,538.0,0.3399868675968994,15,1023.0,0.13070539991805122,10,495.0,0.3113971349436754,34,2056.0
2930.0,21,107.0,1.0918367346938775,5.001633083832491,2,495.0,0.35212737864405247,16,920.0,0.07874217217292977,3,452.0,0.3524135154099239,21,1867.0
2935.0,31,123.0,1.3225806451612903,4.3094527697993845,9,517.0,0.21076646584106393,12,557.0,0.25574304315602053,10,474.0,0.2499802467599403,31,1548.0
2940.0,29,155.0,1.5816326530612246,5.026389477795886,11,422.0,0.12722869348555788,4,237.0,0.4592347771471095,14,535.0,0.22197237002496606,29,1194.0
2945.0,31,223.0,2.2755102040816326,4.956109522316837,8,262.0,0.22602071804099885,3,239.0,0.43735406185835585,20,623.0,0.11948113061383261,31,1124.0
2950.0,28,213.0,2.2421052631578946,4.857609591202131,1,240.0,0.33022526630915394,8,228.0,0.31944987347267345,19,574.0,0.2273214132174156,28,1042.0
2955.0,32,203.0,2.0927835051546393,5.141997572677355,8,250.0,0.327226785956774,14,281.0,0.2940527264320376,10,435.0,0.32849734194528796,32,966.0
2960.0,34,238.0,2.3106796116504853,4.699093728578221,15,304.0,0.2874832743178832,18,354.0,0.2331001189204234,1,411.0,0.33357354996055705,34,1069.0
2965.0,49,446.0,4.247619047619048,4.496838892933762,19,390.0,0.26071572955767874,21,450.0,0.2453191234530419,9,435.0,0.32396728311870737,49,1275.0
2970.0,62,738.0,6.770642201834862,4.374186219791683,24,506.0,0.22035621128396304,24,565.0,0.27286217705733234,14,494.0,0.2700196260673066,62,1565.0
2975.0,68,1065.0,9.424778761061948,4.0790108803801335,25,626.0,0.2244281023500698,24,683.0,0.2820632158203974,19,581.0,0.22827788267780735,68,1890.0
2980.0,73,1417.0,12.321739130434782,4.227840344222184,24,746.0,0.26077758679610546,24,803.0,0.2729030986815338,25,693.0,0.23108079903518097,73,2242.0
2985.0,72,1777.0,15.318965517241379,4.359076352180194,24,866.0,0.2577515966442789,24,923.0,0.24770470062934333,24,813.0,0.2681115202034797,72,2602.0
2990.0,73,2137.0,18.42241379310345,4.3901251434558395,25,986.0,0.26588786166722556,24,1043.0,0.21988274578438838,24,933.0,0.2524867452361117,73,2962.0
2995.0,72,2497.0,21.713043478260868,4.3929357962955145,24,1106.0,0.23699346640560795,24,1163.0,0.2558837833096214,24,1053.0,0.22879150579858593,72,3322.0
3000.0,73,2857.0,24.843478260869563,4.419190479607184,24,1226.0,0.25974740418749614,24,1283.0,0.24050267088133925,25,1173.0,0.1974250442312209,73,3682.0
3005.0,72,3217.0,28.723214285714285,4.360387864577072,24,1346.0,0.22730043677779063,24,1403.0,0.2603683956759297,24,1293.0,0.20736002014620689,72,4042.0
3010.0,61,2925.0,27.083333333333332,3.895875051692761,19,1276.0,0.16522913065320508,24,1525.0,0.199965991767484,18,1229.0,0.2891082037237418,61,4030.0
3015.0,48,2236.0,20.703703703703702,4.232919588691982,13,1049.0,0.23137153639596975,24,1645.0,0.14420823356117476,11,979.0,0.27346497698692174,48,3673.0
3020.0,28,1138.0,10.942307692307692,4.001171975385773,4,1003.0,0.2978363575197029,18,1551.0,0.06801122880203236,6,1008.0,0.22878319221997134,28,3562.0
3025.0,29,577.0,5.712871287128713,4.763788968064213,10,1008.0,0.3284436349736615,10,1242.0,0.2886748094956436,9,1041.0,0.2098820426176383,29,3291.0
3030.0,34,207.0,1.8990825688073394,4.953234802035017,15,1063.0,0.26920160885916317,3,1181.0,0.37158495119863316,16,1105.0,0.17061511731551782,34,3349.0
3035.0,48,414.0,3.869158878504673,4.582410918783118,19,1152.0,0.20703612405190405,8,1198.0,0.3547479137155804,21,1198.0,0.15617443340162493,48,3548.0
3040.0,63,709.0,6.445454545454545,4.383058953021639,24,1269.0,0.23439475267279514,15,1253.0,0.2648875444876139,24,1317.0,0.1753050002666353,63,3839.0
3045.0,63,884.0,8.110091743119266,3.9471281072797044,24,1387.0,0.2354110209808675,21,1347.0,0.212052552415619,18,1224.0,0.1992276878240667,63,3958.0
3050.0,58,979.0,9.149532710280374,4.487137577050559,24,1507.0,0.24150777543571794,24,1465.0,0.1377447373937535,10,854.0,0.3032813702887386,58,3826.0
3055.0,51,1083.0,10.722772277227723,4.303327825352139,24,1627.0,0.22334278828502585,24,1585.0,0.11878102720863268,3,793.0,0.3902877047876807,51,4005.0
3060.0,51,1164.0,11.411764705882353,4.321642404873358,24,1747.0,0.16499664298604824,18,1479.0,0.265255912872213,9,809.0,0.33254153962261734,51,4035.0
3065.0,41,878.0,8.442307692307692,4.821592099658882,18,1624.0,0.17711515504584738,9,1138.0,0.3788075586273709,14,857.0,0.2737783592179738,41,3619.0
3070.0,32,452.0,4.224299065420561,5.318218354460308,11,1282.0,0.2529169934095817,1,964.0,0.4058251297338082,20,939.0,0.2101857064040856,32,3185.0
3075.0,33,297.0,2.911764705882353,4.901317986192724,1,1198.0,0.341816049876502,8,981.0,0.3150865648789879,24,1052.0,0.1900420190341439,33,3231.0
3080.0,41,349.0,3.4215686274509802,4.3386192550240255,9,1223.0,0.262605965581115,13,1031.0,0.24666343261630463,19,956.0,0.2697206233195405,41,3210.0
3085.0,44,380.0,3.619047619047619,4.6931599975124865,15,1278.0,0.27745532963257236,19,1113.0,0.19126806819120876,10,666.0,0.34873379670620147,44,3057.0
3090.0,47,446.0,4.330097087378641,4.236417301144699,20,1368.0,0.26325473665561316,24,1223.0,0.15800311349452728,3,603.0,0.34621503207639875,47,3194.0
3095.0,51,561.0,5.3428571428571425,3.871382289055337,24,1484.0,0.2625871616885202,18,1107.0,0.19056526738059132,9,622.0,0.272783010228832,51,3213.0
3100.0,52,637.0,5.738738738738738,4.518329372525178,25,1604.0,0.21403083528531314,12,737.0,0.2909345776527391,15,676.0,0.2006220757912365,52,3017.0
3105.0,47,543.0,4.848214285714286,4.217162981643761,20,1468.0,0.1798364583060914,4,769.0,0.32658774853835987,23,771.0,0.15177437623780454,47,3008.0
3110.0,42,412.0,3.7454545454545456,4.7583994993572,15,1064.0,0.25029551390874644,9,791.0,0.28976853573482186,18,684.0,0.24480448274813987,42,2539.0
3115.0,27,205.0,1.8636363636363635,5.191169899197423,1,971.0,0.28780492650015344,16,852.0,0.17189590824801262,10,491.0,0.3621212051780127,27,2314.0
3120.0,35,239.0,2.343137254901961,4.776710524836838,9,970.0,0.2945115966573276,22,952.0,0.09323570119026847,4,463.0,0.4286083366799031,35,2385.0
3125.0,43,317.0,3.0776699029126213,4.385602245653735,15,1027.0,0.27651826667768514,18,808.0,0.22923422170290397,10,487.0,0.3147125956162928,43,2322.0
3130.0,45,372.0,3.381818181818182,5.062622779907364,21,1116.0,0.207140305247296,9,566.0,0.3998754898419104,15,548.0,0.2440867166555824,45,2230.0
3135.0,46,477.0,4.336363636363636,5.0539532970522485,24,1230.0,0.17746077446201397,2,515.0,0.46497169540669314,20,639.0,0.16817614175964513,46,2384.0
3140.0,46,477.0,4.376146788990826,4.719351565598627,20,1116.0,0.24490519410079692,8,538.0,0.38208305088244243,18,621.0,0.22529054662224393,46,2275.0
3145.0,36,320.0,2.831858407079646,5.575252587549728,12,663.0,0.36044432477654254,15,594.0,0.20953478303915715,9,417.0,0.3396136569055959,36,1674.0
3150.0,24,181.0,1.723809523809524,5.118594751674574,4,681.0,0.4169534697190654,20,682.0,0.005136651996847068,0,389.0,0.34327578580521106,24,1752.0
3155.0,36,223.0,2.23,4.470505644302737,9,697.0,0.3273134519610152,18,634.0,0.18304253705457293,9,410.0,0.33445583203739626,36,1741.0
3160.0,36,243.0,2.25,5.355441256401924,17,753.0,0.25095886904402914,8,420.0,0.41567776688043157,11,457.0,0.2796862128176531,36,1630.0
3165.0,40,335.0,2.93859649122807,5.347168096269892,20,842.0,0.1762899042253351,1,436.0,0.4902622675202243,19,538.0,0.20392473549971332,40,1816.0
3170.0,56,581.0,5.37962962962963,4.84810621757956,24,957.0,0.18739316305183945,8,458.0,0.3970129512520189,24,645.0,0.2281455468678552,56,2060.0
3175.0,64,881.0,8.00909090909091,4.198192515053205,24,1077.0,0.18771975616004732,15,518.0,0.2602959938113345,25,763.0,0.20147522563933204,64,2358.0
3180.0,55,855.0,7.7727272727272725,4.192902184241076,18,962.0,0.19760412256790252,19,606.0,0.24070631469909068,18,743.0,0.29517953974469247,55,2311.0
3185.0,47,619.0,5.785046728971962,4.356333268702644,12,640.0,0.25860284181876964,24,721.0,0.16052171554280317,11,573.0,0.2747946053913742,47,1934.0
3190.0,26,277.0,2.6893203883495147,4.056429923150702,2,586.0,0.3240591311639346,19,690.0,0.04256423588848895,5,597.0,0.2802489402937437,26,1873.0
3195.0,32,211.0,2.089108910891089,4.515464660381558,8,605.0,0.2501345663379926,14,542.0,0.2632557860367889,10,618.0,0.2734690693383762,32,1765.0
3200.0,34,191.0,1.7522935779816513,5.121312052517234,17,663.0,0.20202777638224673,1,463.0,0.4058446801964997,16,680.0,0.20901622957598806,34,1806.0
3205.0,44,311.0,2.752212389380531,5.213759996365903,14,582.0,0.2665452011735656,7,459.0,0.39860923967342327,23,782.0,0.22063753280854853,44,1823.0
3210.0,40,311.0,2.8018018018018016,5.430090636121043,10,367.0,0.3638004216049807,12,502.0,0.27225113647633753,18,744.0,0.2727917282814364,40,1613.0
3215.0,32,275.0,2.5,5.583937920953536,2,337.0,0.4189105904474044,19,583.0,0.1086164573797855,11,574.0,0.3507005062306986,32,1494.0
3220.0,29,181.0,1.7745098039215685,4.433822223709084,10,356.0,0.3299385575126654,18,551.0,0.09273684148068548,1,540.0,0.3031828611002611,29,1447.0
3225.0,34,214.0,2.0776699029126213,5.031233974002552,14,410.0,0.23995995322375835,12,382.0,0.28417551791329776,8,563.0,0.2763661086876689,34,1355.0
3230.0,41,263.0,2.369369369369369,5.024722537832451,19,490.0,0.1845467632547939,3,405.0,0.4404921929737362,19,624.0,0.19198529395971123,41,1519.0
3235.0,51,486.0,4.339285714285714,4.940788464070654,23,595.0,0.21933647963758598,8,423.0,0.4001934042085711,20,714.0,0.1666344439805196,51,1732.0
3240.0,62,779.0,7.212962962962963,4.164876420211709,24,715.0,0.2615751213324282,13,477.0,0.2698756793589525,25,831.0,0.20622350733323835,62,2023.0
3245.0,68,1106.0,10.433962264150944,3.758072795609579,24,835.0,0.220516272275535,20,567.0,0.22197129484794723,24,951.0,0.2305965465025974,68,2353.0
3250.0,72,1462.0,13.79245283018868,3.6492309325755476,24,953.0,0.1768138133005216,24,683.0,0.22385333123824513,24,1071.0,0.25611401670395006,72,2707.0
3255.0,74,1822.0,16.87037037037037,3.6078678925179495,25,1073.0,0.1578987906385379,24,803.0,0.2629582407531947,25,1191.0,0.22321304104617287,74,3067.0
3260.0,66,1915.0,17.40909090909091,4.0519493530124295,18,1013.0,0.2606700846097742,24,923.0,0.17700363327949648,24,1311.0,0.21280512951535036,66,3247.0
3265.0,50,1553.0,13.743362831858407,4.873617004575043,8,705.0,0.3635894768000428,24,1043.0,0.142646956069074,18,1228.0,0.26513273026487905,50,2976.0
3270.0,32,839.0,7.768518518518518,5.07485995082454,2,723.0,0.3396051249665267,19,988.0,0.13503397410569684,11,968.0,0.34706737746107863,32,2679.0
3275.0,20,282.0,2.792079207920792,4.972316520286219,10,747.0,0.24478679075633716,10,784.0,0.2435862059988832,0,819.0,0.3230054043881713,20,2350.0
3280.0,25,107.0,1.07,4.980938686781246,14,802.0,0.23297948884781516,3,733.0,0.39113829399744776,8,834.0,0.23734089220841234,25,2369.0
3285.0,41,275.0,2.619047619047619,4.596878636899295,21,896.0,0.2071026987771819,8,761.0,0.3919679881887332,12,884.0,0.17254845855411696,41,2541.0
3290.0,59,534.0,4.8108108108108105,4.20827109566722,24,1012.0,0.18530577803476592,16,822.0,0.3462631358562436,19,968.0,0.15952918733277724,59,2802.0
3295.0,57,606.0,5.559633027522936,4.231342442687591,18,955.0,0.2489886800853236,21,912.0,0.24875101847060482,18,885.0,0.2644064442967958,57,2752.0
3300.0,46,527.0,5.0673076923076925,4.661160260942205,12,751.0,0.27567458194019906,24,1030.0,0.1441866841057517,10,578.0,0.3214898859662143,46,2359.0
3305.0,25,284.0,2.84,4.041155891872375,3,703.0,0.2856978101490397,20,981.0,0.06358045935540718,2,591.0,0.32575593686599247,25,2275.0
3310.0,31,219.0,2.1683168316831685,4.78118330074553,12,726.0,0.2900980715605924,12,772.0,0.25780991199266967,7,613.0,0.28629302754427793,31,2111.0
3315.0,32,190.0,1.7431192660550459,5.063288674090536,15,791.0,0.22362660357605207,3,713.0,0.42148105967382354,14,666.0,0.18804221826515244,32,2170.0
3320.0,46,389.0,3.5045045045045047,4.8591851171419735,21,887.0,0.2362859061391393,7,721.0,0.3966313854274289,18,749.0,0.16883664131776543,46,2357.0
3325.0,55,554.0,4.946428571428571,4.62962003606574,24,1006.0,0.2689750722131308,13,766.0,0.3000980844087138,18,677.0,0.24327840018241473,55,2449.0
3330.0,53,692.0,6.290909090909091,4.743835399864195,24,1126.0,0.2811503612990246,19,847.0,0.16340978257520428,10,469.0,0.3236166943397153,53,2442.0
3335.0,53,837.0,8.048076923076923,4.350731223390695,24,1244.0,0.23855990189858023,24,961.0,0.11978255872702594,5,427.0,0.35402195723912855,53,2632.0
3340.0,52,957.0,9.201923076923077,4.099877215614091,25,1364.0,0.1729012228494977,19,893.0,0.24396740682262236,8,448.0,0.3011905679227244,52,2705.0
3345.0,42,767.0,6.90990990990991,4.96952771865617,18,1268.0,0.19173877884144383,9,651.0,0.3946551430937342,15,500.0,0.20758405576805133,42,2419.0
3350.0,37,479.0,4.276785714285714,5.251004142027201,13,962.0,0.24942728346008006,3,666.0,0.38917844141045244,21,586.0,0.1571666858909177,37,2214.0
3355.0,29,213.0,2.0285714285714285,4.879736122721896,3,987.0,0.2975552654329621,8,697.0,0.27440996439559534,18,519.0,0.2363525605494318,29,2203.0
3360.0,35,239.0,2.2547169811320753,5.014103885615797,8,1010.0,0.27297005361818855,17,761.0,0.19250171003801078,10,410.0,0.33772002641749405,35,2181.0
3365.0,40,303.0,2.941747572815534,4.321400193219128,16,1073.0,0.21856625220857476,22,854.0,0.13896770847315684,2,394.0,0.3150634175826884,40,2321.0
3370.0,49,421.0,4.127450980392157,3.959304374260764,23,1170.0,0.23809437115760224,18,777.0,0.2557223176935816,8,419.0,0.22699087053341874,49,2366.0
3375.0,51,504.0,4.710280373831775,4.5178956058702,25,1289.0,0.20538194775513405,10,497.0,0.3261475444347689,16,475.0,0.14310720151213605,51,2261.0
3380.0,42,529.0,5.086538461538462,4.40994449022034,25,1409.0,0.16465661756039468,3,467.0,0.3530884989957893,14,439.0,0.18594153744791855,42,2315.0
3385.0,42,629.0,5.933962264150943,5.003661155328673,24,1529.0,0.17549985142086463,9,483.0,0.2903268933351259,9,335.0,0.34708999055462775,42,2347.0
3390.0,36,557.0,5.304761904761905,5.082449150273585,18,1389.0,0.2470144591603481,14,537.0,0.1813689348111047,4,315.0,0.40450332781380144,36,2241.0
3395.0,38,429.0,4.333333333333333,4.827659468313319,10,1033.0,0.372394014875237,19,625.0,0.18613371506844129,9,341.0,0.3358164439234642,38,1999.0
3400.0,33,260.0,2.6262626262626263,4.693570722706247,2,963.0,0.35305753054621886,16,579.0,0.24992485030318443,15,400.0,0.23338854000466575,33,1942.0
3405.0,39,285.0,2.7403846153846154,4.809624574395012,11,989.0,0.24749458020001933,8,421.0,0.35308642138107177,20,489.0,0.14965540196588265,39,1899.0
3410.0,43,401.0,3.712962962962963,4.759333005695727,15,1048.0,0.15477609538869821,3,437.0,0.3666021445690056,25,604.0,0.1639262015667694,43,2089.0
3415.0,42,405.0,3.894230769230769,4.711840609030787,16,932.0,0.23992340051912608,8,463.0,0.31884980887585823,18,590.0,0.2576462433484769,42,1985.0
3420.0,33,280.0,2.7184466019417477,5.57428021336343,8,643.0,0.3879096474658887,15,521.0,0.17518695320852218,10,465.0,0.33911017163105234,33,1629.0
3425.0,18,97.0,1.0319148936170213,5.098489552495247,2,592.0,0.3936901025419385,13,467.0,0.07825725498057562,3,447.0,0.3568604558680609,18,1506.0
3430.0,24,97.0,1.0319148936170213,5.058898958595344,10,619.0,0.2625250043515925,6,313.0,0.3313000547003013,8,463.0,0.3325711331428026,24,1395.0
3435.0,32,178.0,1.7281553398058251,5.06526962514603,15,674.0,0.14965534543329462,3,329.0,0.43647724018287065,14,515.0,0.2368843234527983,32,1518.0
3440.0,43,299.0,2.875,4.768448459643498,14,574.0,0.16707672106044993,8,351.0,0.4501668683896909,21,606.0,0.22119081642584656,43,1531.0
3445.0,47,437.0,4.08411214953271,5.26974624353104,10,303.0,0.30655380604461296,12,397.0,0.31925704824587303,25,723.0,0.24676659908290657,47,1423.0
3450.0,41,572.0,5.663366336633663,5.075871505212139,3,323.0,0.39905017482582594,14,464.0,0.252445683026213,24,843.0,0.3110760096802522,41,1630.0
3455.0,51,806.0,8.224489795918368,4.5895910947512135,9,352.0,0.33986087543924703,18,550.0,0.3029671942747431,24,961.0,0.2770293160125846,51,1863.0
3460.0,59,1077.0,10.35576923076923,4.269897715872272,16,413.0,0.25183855101686825,18,640.0,0.3314687702121014,25,1081.0,0.18810811115266773,59,2134.0
3465.0,63,1379.0,12.88785046728972,4.422326140452525,21,505.0,0.2370583846471006,18,729.0,0.32804212760199614,24,1201.0,0.18785535309391602,63,2435.0
3470.0,60,1587.0,14.694444444444445,4.6720049641399015,18,476.0,0.3270436997047124,18,819.0,0.25853590557986544,24,1321.0,0.17558364262393605,60,2616.0
3475.0,46,1412.0,13.19626168224299,4.890629661380479,10,371.0,0.31602536367793777,18,909.0,0.1544318771411859,18,1248.0,0.23807818322228572,46,2528.0
3480.0,25,796.0,7.881188118811881,4.989582570080011,3,358.0,0.28900641333094984,12,817.0,0.1413375458048252,10,1006.0,0.28862340918342094,25,2181.0
3485.0,23,227.0,2.4148936170212765,4.493028826254034,10,383.0,0.23467323630664902,9,566.0,0.2655130761304398,4,1029.0,0.24421746434447783,23,1978.0
3490.0,27,131.0,1.3789473684210527,4.962519048554566,16,441.0,0.2129986484816422,2,454.0,0.4790628455451304,9,1056.0,0.23952151918152947,27,1951.0
3495.0,47,312.0,3.029126213592233,4.862190214163026,21,536.0,0.21127235860867688,8,472.0,0.4908937474082307,18,1122.0,0.20283629303580594,47,2130.0
3500.0,55,560.0,5.384615384615385,4.760096783056938,25,652.0,0.22714008610147318,9,509.0,0.4091749560304978,21,1213.0,0.21515179391854736,55,2374.0
3505.0,61,855.0,8.382352941176471,4.367965559120502,24,772.0,0.19794184368178164,13,567.0,0.3402961674184218,24,1330.0,0.2203147251864549,61,2669.0
3510.0,63,1167.0,11.908163265306122,4.256047431823226,24,890.0,0.20808202006862397,15,639.0,0.3217773961830909,24,1448.0,0.24307612719156518,63,2977.0
3515.0,57,1273.0,12.989795918367347,4.244159783765788,18,866.0,0.23787459106151493,15,714.0,0.33490496996469155,24,1568.0,0.2361253150609245,57,3148.0
3520.0,44,1022.0,10.22,4.952744432993618,11,698.0,0.29131953466270405,15,789.0,0.28127357520380963,18,1462.0,0.3080906636614039,44,2949.0
3525.0,22,433.0,4.373737373737374,4.705683823532547,2,662.0,0.2944246888450043,10,688.0,0.14169974358167509,10,1032.0,0.30281844783188405,22,2382.0
3530.0,20,151.0,1.5408163265306123,4.879493119615854,9,682.0,0.2642394332837605,8,473.0,0.23738335094799387,3,1057.0,0.2593245400889939,20,2212.0
3535.0,27,131.0,1.3936170212765957,4.83466869722517,15,740.0,0.21515372421264684,3,491.0,0.3795783031149513,9,1083.0,0.25903675447835955,27,2314.0
3540.0,36,208.0,2.0594059405940595,5.0133624109379795,16,690.0,0.22167643339090537,6,496.0,0.4732430979898354,14,1142.0,0.2623325021604389,36,2328.0
3545.0,41,296.0,2.792452830188679,5.480953469425222,11,527.0,0.3239723888702251,9,525.0,0.37727581926520065,21,1229.0,0.2521266856613381,41,2281.0
3550.0,39,411.0,3.9902912621359223,5.317028496686122,3,489.0,0.3378540186195494,12,575.0,0.3447181480642108,24,1343.0,0.24266193356568613,39,2407.0
3555.0,45,626.0,6.3232323232323235,4.669968125655999,8,510.0,0.32077698963694334,13,642.0,0.3396329688609908,24,1463.0,0.19905103267154398,45,2615.0
3560.0,53,874.0,8.568627450980392,4.780378108661468,15,570.0,0.27776321737479176,14,709.0,0.36348524214876504,24,1583.0,0.127270645577846,53,2862.0
3565.0,55,950.0,9.5,4.407285641393696,21,664.0,0.2990325879832855,14,777.0,0.3466011875924984,20,1441.0,0.12200326118071,55,2882.0
3570.0,49,935.0,9.35,4.87017085556327,24,781.0,0.26027834027723984,14,847.0,0.3267866808024599,11,1050.0,0.2468681077269579,49,2678.0
3575.0,37,708.0,7.4526315789473685,4.658913683335624,24,901.0,0.2060218536217369,10,751.0,0.33888121598232407,3,1075.0,0.29617175305600857,37,2727.0
3580.0,41,727.0,7.418367346938775,4.7139648960776,24,1021.0,0.13634568236946593,9,565.0,0.33695033431852217,8,1096.0,0.27154870415478877,41,2682.0
3585.0,33,498.0,4.834951456310679,4.077851075616944,19,954.0,0.13137390192591972,3,483.0,0.2691585913574473,11,917.0,0.19336013844966365,33,2354.0
3590.0,25,265.0,2.623762376237624,5.405082562818987,12,730.0,0.2754831425364611,4,474.0,0.24682124131724067,9,570.0,0.296662422405035,25,1774.0
3595.0,11,44.0,0.4835164835164835,5.28784656604787,3,746.0,0.2633572267694088,6,488.0,0.19204078057375842,2,514.0,0.37122102070473817,11,1748.0
3600.0,27,138.0,1.4838709677419355,4.917661522185057,9,766.0,0.29370431557692095,10,532.0,0.2973353202182495,8,529.0,0.36285925017980686,27,1827.0
