step,system_total_stopped,system_total_waiting_time,system_mean_waiting_time,system_mean_speed,A0_stopped,A0_accumulated_waiting_time,A0_average_speed,B0_stopped,B0_accumulated_waiting_time,B0_average_speed,C0_stopped,C0_accumulated_waiting_time,C0_average_speed,agents_total_stopped,agents_total_accumulated_waiting_time
0.0,0,0.0,0.0,0.0,0,0.0,1.0,0,0.0,1.0,0,0.0,1.0,0,0.0
5.0,1,0.0,0.0,2.6056601261137984,1,0.0,0.0,0,0.0,0.36400993825256467,0,0.0,1.0,1,0.0
10.0,0,0.0,0.0,9.64707801373848,0,0.0,0.5198088821624477,0,0.0,0.9655848617711336,0,0.0,1.0,0,0.0
15.0,1,0.0,0.0,9.247898509297618,0,0.0,0.9229829469716627,1,0.0,0.1915720888391289,0,0.0,0.6075855433759528,1,0.0
20.0,1,0.0,0.0,10.227390774234474,1,0.0,0.6242966635049293,0,0.0,0.8735783004909692,0,0.0,0.715705938314769,1,0.0
25.0,2,1.0,0.1,6.630837130313293,1,0.0,0.4255223712331836,1,1.0,0.24648112711145875,0,0.0,0.9269959148574658,2,1.0
30.0,2,9.0,0.6923076923076923,7.9405631966118015,0,0.0,0.6903835461727073,2,9.0,0.44992058786608063,0,0.0,0.49253499667591577,2,9.0
35.0,0,0.0,0.0,9.569377736931882,0,0.0,0.7786473651765277,0,6.0,0.6826288082758953,0,2.0,0.6390713417107158,0,8.0
40.0,2,2.0,0.14285714285714285,9.520362549826988,1,0.0,0.5646771934449675,0,2.0,0.8254931248341247,1,4.0,0.4991930671960414,2,6.0
45.0,4,13.0,1.0,8.181974274171745,2,5.0,0.42281247970929303,1,3.0,0.6485104869149357,1,9.0,0.480038002132652,4,17.0
50.0,1,12.0,1.0,5.121735452399355,0,6.0,0.17299096692229232,0,0.0,0.9883290689039698,1,12.0,0.30334757755871106,1,18.0
55.0,3,19.0,1.2666666666666666,8.382807129412445,1,2.0,0.5988377182150424,0,2.0,0.9725656641080495,2,19.0,0.4290462269787578,3,23.0
60.0,2,3.0,0.16666666666666666,9.07086239243982,1,3.0,0.6635284039785655,0,2.0,0.9458563787420134,1,2.0,0.5416289242131713,2,7.0
65.0,3,8.0,0.34782608695652173,8.741529798769047,2,8.0,0.5068908831864931,1,2.0,0.5790167886531955,0,2.0,0.5784463572953509,3,12.0
70.0,1,2.0,0.08333333333333333,6.95317527200186,0,0.0,0.41216984969656845,1,4.0,0.24654975672848747,0,0.0,0.6985544320528909,1,4.0
75.0,3,7.0,0.2692307692307692,8.147229905225116,2,7.0,0.37619621140813875,0,5.0,0.576946132617027,1,0.0,0.7227899513524154,3,12.0
80.0,2,3.0,0.10714285714285714,9.224513791946842,1,9.0,0.3716285979444929,1,4.0,0.7683636432297903,0,2.0,0.8065959199973048,2,15.0
85.0,3,9.0,0.3103448275862069,10.352936580129525,2,3.0,0.4752163257829605,1,9.0,0.6943561007817447,0,2.0,0.8975691068009971,3,14.0
90.0,3,15.0,0.6521739130434783,9.98796136300665,2,4.0,0.5122248713051629,1,12.0,0.6931987348171896,0,2.0,0.8989939990570447,3,18.0
95.0,2,13.0,0.5652173913043478,9.396801149533996,2,14.0,0.3542550356876311,0,2.0,0.7355948256254042,0,0.0,0.8090872619162628,2,16.0
100.0,5,29.0,1.1153846153846154,8.083825560776598,3,28.0,0.1371066309391808,1,4.0,0.6021409654104496,1,0.0,0.765045762475188,5,32.0
105.0,2,2.0,0.07407407407407407,9.010540904865119,1,14.0,0.4826859014340812,1,7.0,0.5795393655425574,0,0.0,0.7783060293358571,2,21.0
110.0,0,0.0,0.0,11.119326569612596,0,2.0,0.826510186796448,0,0.0,0.6636637437712034,0,0.0,0.8748300379364652,0,2.0
115.0,2,1.0,0.04,8.867718855673719,0,2.0,0.8141481994424341,1,0.0,0.3163778474862509,1,1.0,0.6573157921141252,2,3.0
120.0,5,18.0,0.8571428571428571,8.365444128180231,0,2.0,0.8351512574659482,5,18.0,0.2173425534733618,0,0.0,0.7276396881922111,5,20.0
125.0,1,6.0,0.2857142857142857,8.72811760756058,0,0.0,0.6303599581642768,1,22.0,0.5452453282500357,0,0.0,0.7529718619103463,1,22.0
130.0,1,1.0,0.043478260869565216,9.632876076900478,0,2.0,0.5122455673939956,1,3.0,0.7821326460405286,0,0.0,0.795494805034579,1,5.0
135.0,2,9.0,0.391304347826087,9.61174679595612,2,11.0,0.5585651146388322,0,2.0,0.7890270242708642,0,0.0,0.9712138167148022,2,13.0
140.0,1,2.0,0.08,9.063084890400951,0,9.0,0.6744203161419385,1,4.0,0.47117089808090656,0,0.0,0.7164971925721028,1,13.0
145.0,2,4.0,0.18181818181818182,7.800835580943575,0,0.0,0.880394064855833,0,2.0,0.3210489780939385,2,4.0,0.300552089903606,2,6.0
150.0,2,4.0,0.16666666666666666,7.67169800094024,1,3.0,0.4693317506231434,1,3.0,0.5040819571532268,0,2.0,0.6559242767608678,2,8.0
155.0,5,20.0,0.8333333333333334,9.021582930459848,5,22.0,0.5353884766479636,0,2.0,0.7968418810710428,0,1.0,0.6819562447982679,5,25.0
160.0,3,8.0,0.32,7.710353609083848,1,21.0,0.43595028104208117,1,5.0,0.6883980666804347,1,6.0,0.5655158907190888,3,32.0
165.0,3,23.0,0.8846153846153846,9.036591395893304,1,7.0,0.46461529657191614,1,12.0,0.7813513633513,1,10.0,0.5200789298984685,3,29.0
170.0,2,25.0,0.9615384615384616,10.040615311099119,1,10.0,0.5663966735355183,0,2.0,0.8844501959594389,1,15.0,0.6345599628639584,2,27.0
175.0,1,1.0,0.034482758620689655,10.261994478356055,1,1.0,0.7060586720746296,0,2.0,0.8896211433253823,0,2.0,0.617800573594579,1,5.0
180.0,4,14.0,0.4827586206896552,8.99603470590585,2,10.0,0.5888785624980182,0,0.0,0.3162643524921401,2,6.0,0.5997723683231313,4,16.0
185.0,8,33.0,1.375,6.098960195534594,3,24.0,0.40109912774403006,4,8.0,0.0935096619465807,1,4.0,0.6863420794913079,8,36.0
190.0,11,58.0,2.32,4.717967171449116,8,49.0,0.0016005327635003435,0,13.0,0.5661087700396107,3,9.0,0.48642112444256586,11,71.0
195.0,4,13.0,0.48148148148148145,6.632390814262784,2,43.0,0.2239122494676899,0,2.0,0.5186218471152784,2,10.0,0.5739001799549619,4,55.0
200.0,3,13.0,0.48148148148148145,9.121769941265065,0,5.0,0.4422878570297674,0,6.0,0.6848049995812976,3,15.0,0.5323533457807881,3,26.0
205.0,7,38.0,1.3571428571428572,7.837599109427563,0,0.0,0.3909392255728775,2,10.0,0.594300114528236,5,34.0,0.31518569439702904,7,44.0
210.0,9,73.0,2.607142857142857,7.231936615664907,0,0.0,0.9989756770816653,2,20.0,0.6524626204095663,7,59.0,0.13667021108221852,9,79.0
215.0,2,10.0,0.43478260869565216,5.278632451050646,0,0.0,0.9666557124318358,0,10.0,0.2753019150771542,2,49.0,0.3404186123554937,2,59.0
220.0,4,7.0,0.2692307692307692,8.3439678313021,0,2.0,0.5827214756378752,2,6.0,0.5621348914314743,2,13.0,0.5180735460199622,4,21.0
225.0,3,6.0,0.21428571428571427,9.354543636982497,1,2.0,0.6980486874026784,0,2.0,0.7486758013753715,2,18.0,0.6206839200928014,3,22.0
230.0,2,16.0,0.5333333333333333,10.12585194639055,0,2.0,0.6745475587061046,0,2.0,0.8877405006849808,2,26.0,0.48977025683232095,2,30.0
235.0,2,6.0,0.21428571428571427,6.942995055033544,2,8.0,0.5510911489704066,0,2.0,0.2663613146142511,0,1.0,0.270722988579386,2,11.0
240.0,3,19.0,0.76,7.732826043549751,3,21.0,0.31744562094850187,0,2.0,0.5624977391354482,0,0.0,0.6543724557621851,3,23.0
245.0,2,5.0,0.19230769230769232,9.053898690920551,0,14.0,0.6318402256733103,0,2.0,0.8734658322619587,2,5.0,0.5651294108892989,2,21.0
250.0,2,15.0,0.5555555555555556,9.704749571647422,0,2.0,0.7367976403774819,0,4.0,0.7440457198456851,2,15.0,0.5198673913119684,2,21.0
255.0,1,3.0,0.1111111111111111,9.66225454344453,0,2.0,0.6894959745448584,1,7.0,0.6909605992433775,0,10.0,0.6493022920359669,1,19.0
260.0,2,9.0,0.3333333333333333,9.639999105193784,0,2.0,0.5976088027363817,2,15.0,0.717532037218358,0,0.0,0.6378829223658847,2,17.0
265.0,4,11.0,0.39285714285714285,7.949113937199869,3,12.0,0.4688130019173815,0,6.0,0.5978295977973935,1,1.0,0.554182681907431,4,19.0
270.0,3,13.0,0.41935483870967744,9.329195031215411,0,14.0,0.6607952161074352,1,7.0,0.6630961382650247,2,8.0,0.6206774904179129,3,29.0
275.0,3,28.0,1.0,9.876548886221125,0,2.0,0.7997457782532288,1,10.0,0.7645311059901724,2,18.0,0.6715650443803045,3,30.0
280.0,1,2.0,0.06896551724137931,8.491898259565486,1,2.0,0.6387970962404599,0,0.0,0.5278461784515706,0,14.0,0.6176157349402482,1,16.0
285.0,2,7.0,0.2413793103448276,9.601204902336999,0,0.0,0.8427144345936319,2,9.0,0.52194840166799,0,0.0,0.6199240857460462,2,9.0
290.0,1,0.0,0.0,9.472438718417413,0,0.0,0.6635264955083146,0,9.0,0.729614556093082,1,0.0,0.4266067158502682,1,9.0
295.0,5,16.0,0.5925925925925926,9.080908723548115,4,13.0,0.38497049820416007,0,0.0,0.8552102117911979,1,5.0,0.4489556220065127,5,18.0
300.0,2,2.0,0.08333333333333333,8.516618846213609,0,13.0,0.6224270999415276,1,2.0,0.5995707133432253,1,0.0,0.7567308058304435,2,15.0
305.0,3,9.0,0.3103448275862069,9.414131309384675,1,2.0,0.7223180872227944,2,11.0,0.5944078712656422,0,0.0,0.7384597432060834,3,13.0
310.0,1,1.0,0.034482758620689655,8.008376612232631,1,3.0,0.6236933210075861,0,2.0,0.5665597142346882,0,0.0,0.543983924063525,1,5.0
315.0,8,24.0,0.8275862068965517,7.3364056985168755,3,14.0,0.33480468219277065,1,6.0,0.5870365229009881,4,8.0,0.40808579639925785,8,28.0
320.0,10,67.0,2.68,4.611606380432537,5,38.0,0.048646789151281004,2,12.0,0.1301670954153599,3,21.0,0.38766154405890824,10,71.0
325.0,13,109.0,4.36,3.3310691358335305,8,68.0,0.040029494721902856,0,1.0,0.2570348090443947,5,43.0,0.22054661806811512,13,112.0
330.0,9,109.0,4.541666666666667,5.379849150073251,7,105.0,0.2669231831883505,0,0.0,1.0,2,35.0,0.47801129619595223,9,140.0
335.0,8,136.0,5.44,6.110333990168226,7,140.0,0.11509098118225415,0,2.0,0.8095030663639693,1,11.0,0.4601463002164638,8,153.0
340.0,6,85.0,3.1481481481481484,6.714563577542509,5,140.0,0.1596134383766893,1,2.0,0.72002145931784,0,6.0,0.4792924101291535,6,148.0
345.0,4,11.0,0.4230769230769231,7.638207791308779,0,97.0,0.3889240993626624,0,2.0,0.8056465315942722,4,17.0,0.11789494633343678,4,116.0
350.0,1,1.0,0.038461538461538464,7.975929646618047,1,73.0,0.5137397202562736,0,0.0,0.5931197727276454,0,12.0,0.42012001730142323,1,85.0
355.0,5,13.0,0.5,7.876553752237479,4,84.0,0.38554544556196646,1,3.0,0.6416732951036344,0,1.0,0.5491420727822809,5,88.0
360.0,6,41.0,1.5185185185185186,7.829495507647279,5,107.0,0.4010208907729407,1,8.0,0.7139655371597264,0,1.0,0.6297840788023072,6,116.0
365.0,7,63.0,2.3333333333333335,7.154657163098557,7,135.0,0.35369765940570297,0,2.0,0.5857966486471258,0,1.0,0.5986249861045685,7,138.0
370.0,5,34.0,1.2142857142857142,6.502201812747377,4,114.0,0.41998151627770486,0,0.0,0.5927370203478166,1,2.0,0.4831885026823666,5,116.0
375.0,4,14.0,0.4666666666666667,8.361156360416077,1,51.0,0.6404084893896966,1,5.0,0.5969505791939305,2,7.0,0.3436106648437295,4,63.0
380.0,2,11.0,0.3548387096774194,9.48765155462851,2,20.0,0.4815403373095714,0,5.0,0.8296341196394101,0,1.0,0.6663807850251887,2,26.0
385.0,3,22.0,0.6875,10.589892758467688,2,21.0,0.5453589813621172,0,2.0,0.7345518502674663,1,1.0,0.4683205586625655,3,24.0
390.0,5,38.0,1.3103448275862069,8.044593497589638,3,32.0,0.19930600916683391,0,0.0,0.7628917367381236,2,6.0,0.14337043137030642,5,38.0
395.0,5,58.0,2.1481481481481484,8.701864232286097,3,48.0,0.48560422982637097,0,0.0,0.8055300150734068,2,11.0,0.551657612621709,5,59.0
400.0,4,64.0,2.56,8.7076945226051,3,63.0,0.36137542505053494,1,2.0,0.289290075258819,0,0.0,0.9152203553753148,4,65.0
405.0,10,100.0,4.545454545454546,6.962228560433926,5,83.0,0.2839448352136236,5,19.0,0.3614028069296648,0,0.0,0.7403559582467187,10,102.0
410.0,12,150.0,6.0,6.370529479045283,7,108.0,0.14875104225487487,4,39.0,0.5411058789205655,1,5.0,0.4565400512401984,12,152.0
415.0,10,190.0,7.3076923076923075,6.715930144891497,5,133.0,0.3718660970576286,5,59.0,0.36349973852040934,0,0.0,0.46988164187401865,10,192.0
420.0,7,45.0,1.7307692307692308,5.352923701804376,3,66.0,0.34401644743928256,2,57.0,0.2583486674261421,2,5.0,0.0908310188638649,7,128.0
425.0,2,16.0,0.6666666666666666,8.749840202980073,1,25.0,0.5920086813975688,0,8.0,0.3233998982864087,1,12.0,0.6956425694024327,2,45.0
430.0,5,20.0,0.9090909090909091,7.336962742464502,3,25.0,0.36336715261597247,1,9.0,0.29437744542387595,1,17.0,0.702874928132796,5,51.0
435.0,5,44.0,2.2,8.913463843794615,2,33.0,0.5503110185794282,2,20.0,0.41253641856950896,1,22.0,0.6980912722009375,5,75.0
440.0,5,53.0,2.789473684210526,7.14400468147436,3,43.0,0.23744057378055708,0,11.0,0.7406147664254041,2,31.0,0.2885382912068676,5,85.0
445.0,3,1.0,0.045454545454545456,7.364700911814176,1,16.0,0.4596298930044877,0,2.0,0.9364770612727381,2,10.0,0.3444019371478643,3,28.0
450.0,1,1.0,0.043478260869565216,9.48401387397061,0,0.0,0.5824124336860385,1,5.0,0.3364384294940208,0,3.0,0.7170652917686416,1,8.0
455.0,5,14.0,0.6363636363636364,8.56831047660268,1,0.0,0.5083232591943316,3,17.0,0.24690343792018368,1,1.0,0.5821023084092034,5,18.0
460.0,4,12.0,0.5454545454545454,8.236301160334229,1,2.0,0.3433198475817095,0,16.0,0.5738535091705461,3,10.0,0.3776514944370434,4,28.0
465.0,4,8.0,0.3333333333333333,8.122563283998652,2,7.0,0.35878728239267793,0,2.0,0.9379710307968383,2,14.0,0.5215400237593313,4,23.0
470.0,2,6.0,0.23076923076923078,9.820679163405153,1,0.0,0.5451880652820682,0,2.0,0.8006811953544272,1,8.0,0.76387163796629,2,10.0
475.0,2,4.0,0.16666666666666666,9.329987596540597,0,0.0,0.7048549086578559,2,6.0,0.0013983787564762905,0,2.0,0.7398932436576812,2,8.0
480.0,6,19.0,0.76,7.56923701270361,0,0.0,0.5802194163233011,3,18.0,0.5056752909746053,3,5.0,0.4799628483762968,6,23.0
485.0,5,14.0,0.5,8.045839702389845,4,13.0,0.3544818402361911,0,11.0,0.7650929846701535,1,1.0,0.5288529055424878,5,25.0
490.0,2,6.0,0.20689655172413793,10.111876236965248,0,9.0,0.5015678427036646,0,2.0,0.8703458765779649,2,8.0,0.7223464951224112,2,19.0
495.0,6,21.0,0.7777777777777778,9.097857496918941,2,5.0,0.3655876060009939,1,3.0,0.5935242992600007,3,15.0,0.5805294977598757,6,23.0
500.0,5,16.0,0.5714285714285714,5.740236390515803,2,14.0,0.455479291474865,2,1.0,0.0036858739812907887,1,11.0,0.4196322362105768,5,26.0
505.0,4,13.0,0.41935483870967744,8.304800106050282,1,10.0,0.49930484549752946,2,13.0,0.5606740322228184,1,3.0,0.6502983924720406,4,26.0
510.0,4,14.0,0.4375,9.28817602818944,1,3.0,0.700147242918023,0,4.0,0.801896072297229,3,11.0,0.45892062431618347,4,18.0
515.0,3,13.0,0.37142857142857144,9.117193712226738,2,10.0,0.5091488923762607,1,9.0,0.7766067267612471,0,13.0,0.48131812823935816,3,32.0
520.0,4,9.0,0.2727272727272727,7.582651089712611,2,5.0,0.4364210321709917,0,6.0,0.62939396554085,2,9.0,0.41145971140229065,4,20.0
525.0,7,23.0,0.6764705882352942,6.556045009214591,2,10.0,0.38289328374499954,4,17.0,0.29252820375827543,1,10.0,0.28553645766790553,7,37.0
530.0,8,45.0,1.4516129032258065,6.316211363417509,5,30.0,0.387686255957732,2,25.0,0.21673576830763147,1,7.0,0.5492253519052064,8,62.0
535.0,8,60.0,1.875,7.151767817292558,7,60.0,0.2539207494550648,0,14.0,0.5838829164878374,1,2.0,0.7117053454587698,8,76.0
540.0,9,101.0,3.2580645161290325,8.031061730499745,8,98.0,0.3916688850096427,0,2.0,0.7904860677981482,1,5.0,0.7135995123959392,9,105.0
545.0,7,72.0,2.3225806451612905,7.447451861984917,7,112.0,0.37506971000695166,0,0.0,1.0,0,2.0,0.8902920718311013,7,114.0
550.0,5,29.0,0.8529411764705882,8.500490610385654,5,95.0,0.436547125737606,0,4.0,0.9304046611549767,0,0.0,0.672914422880229,5,99.0
555.0,3,3.0,0.08333333333333333,7.380868135153983,2,100.0,0.2605837346200749,0,4.0,0.938289572898349,1,0.0,0.5998052669722074,3,104.0
560.0,9,35.0,0.9210526315789473,7.146109379529575,7,120.0,0.1674305609169778,0,4.0,0.8986524641585115,2,7.0,0.4471915826901884,9,131.0
565.0,9,45.0,1.25,6.27317971875876,6,127.0,0.22712410455485976,0,0.0,0.777451126901113,3,20.0,0.4780783243270781,9,147.0
570.0,3,18.0,0.5294117647058824,6.934816489785446,2,84.0,0.33179721968629344,0,2.0,0.7447602321819903,1,22.0,0.4623779598860072,3,108.0
575.0,3,14.0,0.3783783783783784,9.438064778169148,1,31.0,0.5502322535654905,1,2.0,0.7627089075742216,1,5.0,0.5647097601710718,3,38.0
580.0,2,1.0,0.02631578947368421,8.429317548225,1,18.0,0.29488267617190533,0,2.0,0.8445244677279938,1,0.0,0.40267872026350315,2,20.0
585.0,11,39.0,1.0263157894736843,6.859408860819601,5,38.0,0.15600387696731816,2,6.0,0.5665048188734536,4,14.0,0.38855654566990105,11,58.0
590.0,11,52.0,1.4857142857142858,5.411292262408505,2,37.0,0.44949414608701355,2,9.0,0.3065251435390225,7,41.0,0.16960394300989737,11,87.0
595.0,5,26.0,0.7647058823529411,6.978918217692786,0,9.0,0.5885998873895674,0,6.0,0.6015813662522654,5,49.0,0.29715781736604274,5,64.0
600.0,2,8.0,0.2222222222222222,9.998704206818056,1,4.0,0.724231715118063,0,4.0,0.8458460338526276,1,42.0,0.5479722801412814,2,50.0
605.0,2,2.0,0.05263157894736842,9.720950940620058,2,2.0,0.511060079107637,0,4.0,0.8324373079814248,0,15.0,0.6496366484867111,2,21.0
610.0,5,20.0,0.5263157894736842,8.305659132604768,4,18.0,0.2789105113143331,1,6.0,0.5553279945495004,0,4.0,0.7280888934286514,5,28.0
615.0,12,62.0,1.6756756756756757,5.64032537604007,7,45.0,0.11406329506844967,4,21.0,0.41620321571416424,1,0.0,0.4767733840554344,12,66.0
620.0,17,105.0,2.6923076923076925,4.68444059424301,10,83.0,0.0663991002838489,4,29.0,0.2625830857518048,3,9.0,0.4229581385566843,17,121.0
625.0,5,26.0,0.65,5.739417408660452,4,79.0,0.3222238257428296,1,21.0,0.2841540550444281,0,8.0,0.5738691490635379,5,108.0
630.0,2,13.0,0.30952380952380953,9.963749109140078,0,25.0,0.6771799833565857,1,15.0,0.6568375323269187,1,4.0,0.7591593897174999,2,44.0
635.0,3,19.0,0.4318181818181818,10.001460279570823,1,4.0,0.6469114846413653,2,21.0,0.7075694783420623,0,2.0,0.7755878710363474,3,27.0
640.0,6,33.0,0.7333333333333333,9.183155355324354,1,1.0,0.5853397911249367,3,32.0,0.6638231905550348,2,5.0,0.6322764343758411,6,38.0
645.0,3,8.0,0.19047619047619047,7.350993160343489,2,6.0,0.5053123603553166,1,8.0,0.517996938338447,0,6.0,0.4477467472543907,3,20.0
650.0,10,40.0,0.8695652173913043,6.184944510143543,5,22.0,0.27879859752419495,5,18.0,0.3024377402312178,0,0.0,0.5137747863980224,10,40.0
655.0,5,15.0,0.3333333333333333,6.78229018361946,3,26.0,0.2071010768448068,2,27.0,0.42586333699120105,0,0.0,0.751709318219351,5,53.0
660.0,3,6.0,0.13333333333333333,8.486135607598186,2,24.0,0.4722093535264703,1,11.0,0.6530787267699563,0,2.0,0.6417469650924057,3,37.0
665.0,6,19.0,0.4222222222222222,8.029111276659098,1,20.0,0.5496083783366174,3,18.0,0.4548200146134721,2,10.0,0.6337735865807321,6,48.0
670.0,12,56.0,1.1914893617021276,6.9666661703848956,6,38.0,0.21921460361653175,5,45.0,0.4382419571064419,1,10.0,0.6194033406531919,12,93.0
675.0,15,87.0,2.0714285714285716,4.733061156135544,4,44.0,0.20319384336463844,8,77.0,0.18073618151907367,3,13.0,0.298831955492673,15,134.0
680.0,5,19.0,0.4634146341463415,6.019917613540605,1,29.0,0.3775908820866377,4,77.0,0.3289506954036043,0,11.0,0.3591604756308659,5,117.0
685.0,1,3.0,0.075,9.084656841786975,1,24.0,0.49563482406377407,0,26.0,0.7018885890382262,0,2.0,0.666786691572514,1,52.0
690.0,8,28.0,0.6666666666666666,8.779194650522388,5,43.0,0.42970453001713077,3,26.0,0.5244959882061266,0,2.0,0.7888292564786032,8,71.0
695.0,6,34.0,0.8947368421052632,7.189009213550793,1,40.0,0.4244738011455214,5,49.0,0.2636566727086804,0,2.0,0.82958859010045,6,91.0
700.0,6,14.0,0.3684210526315789,6.015814465887996,0,10.0,0.5045023813741444,3,46.0,0.30351517377557086,3,7.0,0.2710587602907789,6,63.0
705.0,7,29.0,0.7837837837837838,8.426195844185658,0,2.0,0.7557245436061946,0,14.0,0.6402886463598024,7,33.0,0.2991561076584563,7,49.0
710.0,4,13.0,0.3333333333333333,9.030957090399859,1,3.0,0.6702089456838242,0,0.0,0.7932254942518071,3,40.0,0.47999603895706294,4,43.0
715.0,4,13.0,0.3170731707317073,9.705671610741941,2,11.0,0.5825789576840485,1,6.0,0.7658601055555349,1,7.0,0.6710557825582691,4,24.0
720.0,2,2.0,0.047619047619047616,8.707259981572799,0,3.0,0.5869984569374158,1,3.0,0.633162896233641,1,3.0,0.6144698475910493,2,9.0
725.0,8,29.0,0.6590909090909091,8.15841518653835,0,0.0,0.6330827087616266,3,15.0,0.5648043532289726,5,20.0,0.43147323428703216,8,35.0
730.0,4,11.0,0.23404255319148937,8.420719624666274,0,0.0,0.6979896388504405,1,14.0,0.6647713204078571,3,25.0,0.3799419833686942,4,39.0
735.0,3,3.0,0.0625,9.230463367396348,1,1.0,0.6812923416997578,1,5.0,0.7430477812870848,1,20.0,0.5196716077518497,3,26.0
740.0,6,13.0,0.24528301886792453,8.309336674952833,2,3.0,0.6111261564755204,1,8.0,0.7605162145320069,3,24.0,0.4243292499659843,6,35.0
745.0,13,63.0,1.125,7.516122930944801,2,11.0,0.5560792265934674,3,18.0,0.500359097359242,8,55.0,0.37966976998564006,13,84.0
750.0,10,57.0,1.14,5.497079100612108,2,13.0,0.3939377244595326,3,31.0,0.48563833730136136,5,68.0,0.27984275536709824,10,112.0
755.0,4,13.0,0.2549019607843137,6.707363839234768,2,13.0,0.4407243289114358,0,16.0,0.5990168966261785,2,41.0,0.327872297064531,4,70.0
760.0,4,10.0,0.18518518518518517,9.430681021849804,1,5.0,0.564568389165207,1,9.0,0.7853295819263135,2,16.0,0.44552217714078657,4,30.0
765.0,6,29.0,0.5370370370370371,9.686477337628546,3,16.0,0.37632244722847225,0,2.0,0.7296477419448268,3,20.0,0.5598749072987813,6,38.0
770.0,0,0.0,0.0,8.846224841851381,0,16.0,0.47964760768663256,0,0.0,0.6965608547484325,0,3.0,0.4944791569093637,0,19.0
775.0,7,20.0,0.46511627906976744,8.588486925460211,0,0.0,0.6824306257639294,3,8.0,0.443968055621375,4,17.0,0.37071539879588494,7,25.0
780.0,9,33.0,0.8048780487804879,7.926482048397075,1,2.0,0.6318302260187278,6,31.0,0.3936888974672544,2,16.0,0.5148042963663549,9,49.0
785.0,12,78.0,1.813953488372093,6.615300158479957,3,13.0,0.23074941362870754,8,67.0,0.3733013916843446,1,4.0,0.5304414909400762,12,84.0
790.0,17,146.0,3.395348837209302,6.061973008628052,5,34.0,0.3511169052453261,10,112.0,0.2664832226477745,2,6.0,0.48504180111035844,17,152.0
795.0,21,240.0,5.333333333333333,5.236371529572049,6,59.0,0.2894214543114975,13,171.0,0.08097996902015621,2,16.0,0.6074013152094019,21,246.0
800.0,14,127.0,2.8222222222222224,4.718391271034607,2,43.0,0.26397533298669196,9,181.0,0.17861203359820252,3,27.0,0.45482798206641417,14,251.0
805.0,4,7.0,0.14893617021276595,7.739568207205346,1,9.0,0.5896851001479774,1,101.0,0.411001604725211,2,22.0,0.5441074598323558,4,132.0
810.0,3,10.0,0.21739130434782608,8.98900983365009,1,13.0,0.6056375185894626,2,40.0,0.60605468276658,0,4.0,0.633500188179826,3,57.0
815.0,7,40.0,0.851063829787234,8.882352042602205,4,29.0,0.5168335384957548,2,18.0,0.5488048188320679,1,4.0,0.6368670381745816,7,51.0
820.0,7,50.0,1.0869565217391304,8.069163599750269,3,34.0,0.35497126021676345,2,28.0,0.6165328421436271,2,9.0,0.6607730963483737,7,71.0
825.0,4,38.0,0.8085106382978723,8.399319179822673,1,21.0,0.49740912594025133,2,38.0,0.6367325501277393,1,2.0,0.5241135422794676,4,61.0
830.0,8,66.0,1.375,8.699242531655756,0,8.0,0.6792931332723295,2,48.0,0.6261277262650035,6,20.0,0.375230478617918,8,76.0
835.0,12,119.0,2.5319148936170213,8.11550727437222,0,0.0,0.6611066966172215,2,56.0,0.6718137371727401,10,63.0,0.2955072762940718,12,119.0
840.0,9,46.0,1.069767441860465,6.892101886867045,0,0.0,0.8556010911718387,1,1.0,0.5437977576709144,8,87.0,0.15088242084732087,9,88.0
845.0,8,28.0,0.5957446808510638,6.908288894406022,0,0.0,0.4854297794621298,6,21.0,0.46008682564418,2,55.0,0.3328328033224173,8,76.0
850.0,4,7.0,0.14893617021276595,7.3182138696752155,1,4.0,0.6426943875910446,1,22.0,0.4817242581109175,2,57.0,0.38716134080746784,4,83.0
855.0,6,23.0,0.48936170212765956,7.479954181230349,0,2.0,0.6744568577948155,0,2.0,0.5689813539270889,6,81.0,0.3604201945931266,6,85.0
860.0,8,17.0,0.3333333333333333,6.755972091829535,1,4.0,0.580919251466097,2,4.0,0.4375135266040468,5,83.0,0.3680450294517201,8,91.0
865.0,10,29.0,0.5,7.849356198747304,2,4.0,0.6917739681938879,7,29.0,0.44098125673925853,1,46.0,0.4646081564976548,10,79.0
870.0,10,70.0,1.2280701754385965,7.491854235621207,2,12.0,0.5362904337488844,7,64.0,0.40635073234960467,1,9.0,0.4614610014766536,10,85.0
875.0,8,26.0,0.4642857142857143,6.7545916721563035,2,8.0,0.37739128352060475,3,66.0,0.41453255211671186,3,9.0,0.44254652953004964,8,83.0
880.0,5,19.0,0.37254901960784315,8.05142149980532,3,17.0,0.4550066973027104,1,34.0,0.5190426548866348,1,7.0,0.6263703314355652,5,58.0
885.0,6,17.0,0.3269230769230769,6.5241639714804105,2,14.0,0.40024147302765445,1,32.0,0.4465157628561689,3,12.0,0.37869748127301467,6,58.0
890.0,17,76.0,1.52,5.939118295862415,4,19.0,0.4716470700011597,7,58.0,0.1926636725282594,6,33.0,0.3861575807369237,17,110.0
895.0,18,97.0,1.94,4.011657927221562,2,20.0,0.4103669933369977,6,67.0,0.06339522490284481,10,71.0,0.18219456098104006,18,158.0
900.0,7,54.0,1.1020408163265305,7.040054942238939,0,9.0,0.7682989278637693,1,39.0,0.4280851405112753,6,87.0,0.3534815906834131,7,135.0
905.0,4,8.0,0.15384615384615385,8.448318382706306,1,2.0,0.7491563870141561,1,32.0,0.5555449347338575,2,71.0,0.47732634292488296,4,105.0
910.0,8,25.0,0.43859649122807015,7.645172199008687,0,2.0,0.802295813660323,6,54.0,0.46871821972211775,2,74.0,0.3751303177464317,8,130.0
915.0,10,33.0,0.5892857142857143,5.326390858726453,1,1.0,0.4290113164841798,3,57.0,0.2949010200787606,6,92.0,0.24175759002517938,10,150.0
920.0,13,44.0,0.7857142857142857,4.645452046626666,4,16.0,0.469435303484511,1,29.0,0.22590559681844807,8,102.0,0.22707633234437533,13,147.0
925.0,9,19.0,0.3275862068965517,6.171222815448336,1,13.0,0.6201651138981784,3,15.0,0.3791424924389662,5,86.0,0.35089406900846065,9,114.0
930.0,10,23.0,0.3770491803278688,6.931921814839958,1,2.0,0.7807871713706119,6,34.0,0.40842930328913757,3,75.0,0.30306899391832054,10,111.0
935.0,12,34.0,0.5230769230769231,6.453878626170966,0,0.0,0.7572584944621759,6,47.0,0.351887085377289,6,93.0,0.20191559894634992,12,140.0
940.0,8,25.0,0.3968253968253968,6.147861488761824,1,4.0,0.6637003665783372,4,47.0,0.29518089616998777,3,83.0,0.30539443339843664,8,134.0
945.0,4,29.0,0.4603174603174603,7.0924943793330275,0,2.0,0.7747064821777875,3,45.0,0.388058667889247,1,60.0,0.35092342986578523,4,107.0
950.0,6,12.0,0.18181818181818182,7.061752612342592,2,8.0,0.5925146114364126,2,34.0,0.4581306164835753,2,35.0,0.4015917639772659,6,77.0
955.0,10,31.0,0.4626865671641791,6.626231943215537,3,9.0,0.3929927385435867,4,35.0,0.512324946315064,3,30.0,0.4079292840964831,10,74.0
960.0,5,12.0,0.17647058823529413,6.632662946673145,0,1.0,0.5877633738373564,3,35.0,0.4951237156254776,2,27.0,0.3175648626354041,5,63.0
965.0,10,27.0,0.3698630136986301,6.587279164349308,2,5.0,0.45657551275329833,2,22.0,0.5046394977328508,6,36.0,0.34779596038922334,10,63.0
970.0,19,102.0,1.3421052631578947,6.404471860895455,6,27.0,0.527806384196498,2,18.0,0.4573957177126687,11,77.0,0.2973122716483655,19,122.0
975.0,29,222.0,3.0,5.042962611140686,9,61.0,0.4662368046328914,5,35.0,0.3060614522278105,15,144.0,0.2568879820034048,29,240.0
980.0,29,220.0,2.972972972972973,3.7415141023552807,12,109.0,0.3169065240078328,2,25.0,0.13804990695064406,15,185.0,0.19511289530432044,29,319.0
985.0,25,142.0,1.844155844155844,4.058291866103314,10,131.0,0.21790734052591684,4,20.0,0.38719266678629444,11,176.0,0.11900418299000001,25,327.0
990.0,18,103.0,1.3376623376623376,5.597709708953145,4,91.0,0.26471866368813335,4,42.0,0.5636018731844702,10,154.0,0.18914994624459017,18,287.0
995.0,13,92.0,1.2105263157894737,6.3224694866207285,1,41.0,0.47364775462521996,4,62.0,0.6199604209224727,8,182.0,0.20384077828150815,13,285.0
1000.0,19,140.0,1.8181818181818181,5.86054265585658,2,20.0,0.48284372256816643,5,84.0,0.5159390832087082,12,227.0,0.13236047347298047,19,331.0
1005.0,23,116.0,1.5263157894736843,4.723777036311699,3,6.0,0.42819712103830637,3,61.0,0.39940613176406115,17,300.0,0.09311363558077933,23,367.0
1010.0,19,109.0,1.4533333333333334,4.792998572561099,5,23.0,0.37697774200018824,0,15.0,0.35524546995198986,14,329.0,0.2186750424724516,19,367.0
1015.0,14,54.0,0.7105263157894737,6.0699030247476,3,26.0,0.4440386050449339,3,11.0,0.4284760351188011,8,287.0,0.32465250969230125,14,324.0
1020.0,13,50.0,0.6172839506172839,7.0136604563269085,4,26.0,0.4678277631899343,2,19.0,0.7032250266664408,7,213.0,0.33412406034272013,13,258.0
1025.0,11,55.0,0.632183908045977,7.590235243929378,1,16.0,0.5908062501058402,1,16.0,0.6715079397286953,9,197.0,0.3504622837140577,11,229.0
1030.0,16,39.0,0.43820224719101125,6.354405211450999,2,9.0,0.4334582353494816,4,20.0,0.5498940385535271,10,196.0,0.301839989375057,16,225.0
1035.0,21,53.0,0.5824175824175825,5.032074050737938,8,28.0,0.31617820193391816,5,27.0,0.25329482950744686,8,215.0,0.19447358399337167,21,270.0
1040.0,21,103.0,1.2117647058823529,5.517027604610321,8,51.0,0.3403906541501643,1,18.0,0.2526979440271527,12,257.0,0.28623909757337973,21,326.0
1045.0,23,164.0,2.1025641025641026,4.86042936090808,3,43.0,0.38136644633361044,3,15.0,0.33240004058636646,17,335.0,0.22035758327109076,23,393.0
1050.0,29,174.0,2.1219512195121952,3.7546596463237254,2,37.0,0.34414002925473425,8,43.0,0.33763111025164966,19,368.0,0.10624594597867425,29,448.0
1055.0,33,195.0,2.2413793103448274,4.535451811048755,8,59.0,0.23704482285832332,10,93.0,0.3674234069524017,15,346.0,0.17474560888644344,33,498.0
1060.0,31,211.0,2.453488372093023,3.9509071268860363,7,76.0,0.18304946061706326,14,152.0,0.27394127048314065,10,361.0,0.17071783067465596,31,589.0
1065.0,28,161.0,1.8295454545454546,3.9162924135210844,4,51.0,0.271949421689723,10,177.0,0.20061393927364166,14,399.0,0.1322483419089164,28,627.0
1070.0,22,72.0,0.8571428571428571,5.001251561134223,4,32.0,0.45757677377114186,6,143.0,0.3188109523419622,12,398.0,0.18847762848979402,22,573.0
1075.0,9,40.0,0.45977011494252873,5.879979296975784,1,31.0,0.4983436072677246,3,84.0,0.4606170801843453,5,321.0,0.26163583736191337,9,436.0
1080.0,13,63.0,0.7078651685393258,6.454286130439649,5,44.0,0.4580307617757387,3,59.0,0.6182907296130722,5,302.0,0.29176166080877547,13,405.0
1085.0,26,142.0,1.5434782608695652,5.518117420955356,9,73.0,0.36619205213226785,5,64.0,0.5122549365468151,12,336.0,0.23970202724801243,26,473.0
1090.0,24,144.0,1.6179775280898876,3.9193064227954943,8,100.0,0.2780198397234774,1,35.0,0.33479526225906564,15,398.0,0.17080849982021842,24,533.0
1095.0,35,235.0,2.640449438202247,3.5126599016271003,7,90.0,0.23033845308138773,7,21.0,0.35118827740780656,21,490.0,0.049108983528088596,35,601.0
1100.0,28,227.0,2.522222222222222,4.270763220736166,7,87.0,0.2772121136041113,0,21.0,0.5716962421657558,21,518.0,0.05816676163259478,28,626.0
1105.0,21,172.0,1.8695652173913044,5.293914716606816,4,92.0,0.4116554010808043,2,10.0,0.5558148828515095,15,464.0,0.16394391815692758,21,566.0
1110.0,19,115.0,1.2365591397849462,5.839733391739908,3,79.0,0.34810605108258613,4,25.0,0.6038451383056684,12,375.0,0.2181299634553252,19,479.0
1115.0,24,122.0,1.3118279569892473,5.1520523766461235,7,84.0,0.2863155284617827,7,51.0,0.5007398613303266,10,402.0,0.18846524106272836,24,537.0
1120.0,25,113.0,1.2696629213483146,4.230137797633357,8,103.0,0.13484880277348163,4,48.0,0.3888686638920639,13,460.0,0.17476889603872037,25,611.0
1125.0,25,94.0,1.1325301204819278,4.08786532155998,6,88.0,0.17580316568123197,8,50.0,0.3273776723754564,11,462.0,0.14302981552454527,25,600.0
1130.0,17,38.0,0.4470588235294118,5.010218551759322,4,73.0,0.3065912368081288,6,56.0,0.4025958131728281,7,364.0,0.197101530253855,17,493.0
1135.0,10,38.0,0.4318181818181818,6.862262944855048,6,87.0,0.3836805358951272,2,34.0,0.5591368312484687,2,260.0,0.3610879960243773,10,381.0
1140.0,9,31.0,0.34831460674157305,6.4634444082666755,5,81.0,0.3334227375559318,2,22.0,0.539405519115887,2,158.0,0.35132335266029385,9,261.0
1145.0,13,47.0,0.5340909090909091,5.916855154298133,7,65.0,0.2695736267567705,6,43.0,0.36911403441795215,0,148.0,0.36286625352017354,13,256.0
1150.0,16,46.0,0.5168539325842697,5.0981236350808254,2,61.0,0.22435779900100353,7,60.0,0.31496997492930967,7,168.0,0.2411811778501206,16,289.0
1155.0,15,48.0,0.5581395348837209,5.002923479850312,4,65.0,0.28289474581081725,3,46.0,0.28593100792240983,8,173.0,0.2534250581121468,15,284.0
1160.0,11,25.0,0.2976190476190476,5.186637896406229,3,69.0,0.2638229839164752,3,48.0,0.4034168291768975,5,143.0,0.28845383987838863,11,260.0
1165.0,12,42.0,0.4772727272727273,5.066034299110481,2,52.0,0.31132399461154736,8,76.0,0.3173062885415511,2,149.0,0.2654485857971009,12,277.0
1170.0,19,65.0,0.6914893617021277,5.086912527318832,3,32.0,0.32064789689868434,7,92.0,0.31399292798199757,9,171.0,0.20548754164823962,19,295.0
1175.0,15,47.0,0.5,5.1072745866518785,2,28.0,0.34126104521387207,3,72.0,0.42725188182063223,10,182.0,0.21176943077083052,15,282.0
1180.0,18,46.0,0.4842105263157895,4.7203447449979725,8,43.0,0.29969348422173503,3,87.0,0.37851424600892614,7,152.0,0.1863752569394701,18,282.0
1185.0,23,98.0,1.0103092783505154,4.84094545210459,4,44.0,0.28847803411234113,11,124.0,0.19932011754225076,8,108.0,0.24216469261184642,23,276.0
1190.0,17,64.0,0.6808510638297872,3.785945762325804,5,39.0,0.23242519898467423,10,145.0,0.20961317840495827,2,108.0,0.149586036507896,17,292.0
1195.0,13,39.0,0.4105263157894737,4.701816812000238,2,45.0,0.2566788890932969,3,115.0,0.2660557322398239,8,100.0,0.20184918485243367,13,260.0
1200.0,16,57.0,0.6,5.4542787601698,6,57.0,0.27406106974296046,4,63.0,0.3078838509794283,6,107.0,0.27155958233023625,16,227.0
1205.0,13,56.0,0.6292134831460674,5.728329744886421,7,71.0,0.2811086869106441,1,34.0,0.5692554028358233,5,79.0,0.34289350329796237,13,184.0
1210.0,14,72.0,0.782608695652174,6.222921356402631,7,73.0,0.2947902029919126,1,30.0,0.7011137794377406,6,64.0,0.3732770041471736,14,167.0
1215.0,9,47.0,0.47474747474747475,6.427994137403214,7,81.0,0.3220120730275399,1,15.0,0.6516816852964609,1,48.0,0.3398007425740409,9,144.0
1220.0,11,35.0,0.3431372549019608,5.698082211795464,2,79.0,0.23909969683881152,3,24.0,0.5411300110818097,6,54.0,0.2196632426305818,11,157.0
1225.0,17,54.0,0.5625,4.525166940709185,6,65.0,0.1661689782179822,3,29.0,0.27428699421922953,8,74.0,0.16056081707604292,17,168.0
1230.0,19,58.0,0.6666666666666666,4.635300099480144,11,92.0,0.1960801060464002,2,27.0,0.41757409850563115,6,70.0,0.28287566713336093,19,189.0
1235.0,19,92.0,1.0222222222222221,5.819601973942308,8,96.0,0.283680894475217,3,25.0,0.5310300191685112,8,67.0,0.3222449479606835,19,188.0
1240.0,13,53.0,0.5520833333333334,5.879414930345526,7,110.0,0.28642087215119705,3,33.0,0.6641351606711793,3,61.0,0.31575110300981046,13,204.0
1245.0,18,66.0,0.66,5.192640237404724,9,116.0,0.22111012133363922,1,13.0,0.5394546177377563,8,71.0,0.21712576445987708,18,200.0
1250.0,25,79.0,0.8144329896907216,3.466284586437286,12,136.0,0.09592692027013916,6,23.0,0.2021982347993779,7,80.0,0.1611497280529944,25,239.0
1255.0,19,61.0,0.6421052631578947,3.9781414104735076,9,125.0,0.12574076693375832,4,39.0,0.426548275190567,6,71.0,0.21934244150025176,19,235.0
1260.0,14,38.0,0.3958333333333333,4.691074212530911,7,143.0,0.2005783365241741,3,29.0,0.5110872881089286,4,67.0,0.26868142432148945,14,239.0
1265.0,19,71.0,0.7029702970297029,4.9225591188319004,10,168.0,0.18788031849105852,2,27.0,0.4179442672678317,7,90.0,0.2484112825182823,19,285.0
1270.0,26,137.0,1.37,3.953562533042795,14,215.0,0.10953306800742282,5,39.0,0.17107477189151607,7,100.0,0.16647606235359777,26,354.0
1275.0,32,171.0,1.879120879120879,3.397207310640503,18,249.0,0.07830431497678354,9,80.0,0.3036368039905616,5,73.0,0.1979744112693915,32,402.0
1280.0,30,206.0,2.239130434782609,4.094026560735581,13,234.0,0.13782352254645783,10,127.0,0.36968892829694133,7,65.0,0.20858815148032772,30,426.0
1285.0,18,109.0,1.1237113402061856,4.846905436025598,10,184.0,0.17882163973518134,5,121.0,0.4276960298501203,3,55.0,0.20335917434044615,18,360.0
1290.0,18,88.0,0.8461538461538461,6.028255505400006,9,181.0,0.2772436288441967,4,72.0,0.47033162527036004,5,52.0,0.2681673140947059,18,305.0
1295.0,23,151.0,1.495049504950495,5.827731852898052,10,174.0,0.2724899885485461,5,36.0,0.42907794054376247,8,79.0,0.27302121122073403,23,289.0
1300.0,21,117.0,1.17,4.984674074100251,7,174.0,0.34026030010654984,2,37.0,0.3777394619103171,12,123.0,0.19722392342610964,21,334.0
1305.0,25,115.0,1.116504854368932,4.471574994558985,6,152.0,0.29392339591563543,9,49.0,0.18014701194396607,10,136.0,0.19288728052223097,25,337.0
1310.0,25,102.0,1.00990099009901,4.09683595481485,8,165.0,0.23269523394107114,8,76.0,0.2471160318550926,9,128.0,0.18452312161188225,25,369.0
1315.0,27,116.0,1.1717171717171717,4.661866707560348,9,163.0,0.2633860645787934,7,79.0,0.37228822486150065,11,146.0,0.20234303974823442,27,388.0
1320.0,24,75.0,0.75,4.336753935038273,11,183.0,0.23731363121431276,7,82.0,0.3101733123547347,6,153.0,0.22778391546987647,24,418.0
1325.0,28,93.0,0.9029126213592233,4.8216805884345675,10,195.0,0.1866338907966929,9,93.0,0.2418905252209373,9,181.0,0.26140464899866794,28,469.0
1330.0,27,145.0,1.4948453608247423,4.292618855371047,14,224.0,0.1665295394283722,8,112.0,0.159973618258965,5,194.0,0.2512213961289271,27,530.0
1335.0,29,206.0,2.1458333333333335,3.8051499409540206,20,296.0,0.14863380331493808,6,108.0,0.25955800155375536,3,176.0,0.2782842416775196,29,580.0
1340.0,30,189.0,1.7830188679245282,4.380387057388212,16,323.0,0.19108134235773447,9,121.0,0.2580889411962175,5,144.0,0.34569284992902777,30,588.0
1345.0,26,140.0,1.238938053097345,4.749307710089594,11,282.0,0.19030331262246797,13,137.0,0.29813611809130797,2,136.0,0.31671697637612845,26,555.0
1350.0,27,179.0,1.6126126126126126,4.790096107880647,12,289.0,0.15937562187539314,12,165.0,0.2673481572721037,3,144.0,0.2572544496512868,27,598.0
1355.0,32,158.0,1.4363636363636363,3.84094892650984,13,346.0,0.17543482555006115,12,184.0,0.16095589262320265,7,149.0,0.15550338775704106,32,679.0
1360.0,32,173.0,1.6796116504854368,4.016435666231006,15,420.0,0.19460167531604997,10,164.0,0.2023598697722,7,151.0,0.21901857469546324,32,735.0
1365.0,28,163.0,1.5673076923076923,3.694214214171608,16,495.0,0.12671913201316248,6,173.0,0.23043787418141365,6,147.0,0.2505114709663467,28,815.0
1370.0,26,162.0,1.542857142857143,4.1349534746694445,12,495.0,0.13989115994039228,10,182.0,0.1355415054630248,4,128.0,0.3074878438408574,26,805.0
1375.0,29,162.0,1.588235294117647,3.957643279217034,9,414.0,0.17404010811358211,14,230.0,0.1973757776138162,6,120.0,0.17114004030033764,29,764.0
1380.0,30,166.0,1.6938775510204083,3.4814195757020956,11,460.0,0.1314349865219731,12,245.0,0.26124701267692624,7,110.0,0.15142471156549314,30,815.0
1385.0,28,109.0,1.101010101010101,3.7560425935845916,18,530.0,0.12792106840974443,7,186.0,0.23774310500581552,3,119.0,0.20411837483008835,28,835.0
1390.0,22,96.0,1.0,3.9412528732484424,14,539.0,0.16395121021530845,3,194.0,0.1627360744584576,5,118.0,0.22263952616773522,22,851.0
1395.0,24,123.0,1.3085106382978724,4.052644156687076,7,456.0,0.16555125490418893,9,214.0,0.17008698715872564,8,141.0,0.20890303593107823,24,811.0
1400.0,35,224.0,2.3333333333333335,3.4694112673287436,5,463.0,0.18048708291442264,16,278.0,0.2362484095356061,14,200.0,0.10029601824019908,35,941.0
1405.0,45,415.0,4.23469387755102,3.1919333908927356,9,501.0,0.17714222821646358,20,368.0,0.13844465059140665,16,275.0,0.10432899517165586,45,1144.0
1410.0,39,369.0,3.8842105263157896,2.7298782658964433,8,481.0,0.16749424265761773,16,381.0,0.10336860698613892,15,302.0,0.086847975002961,39,1164.0
1415.0,34,237.0,2.4183673469387754,3.7986355181340383,8,414.0,0.22221605437780081,8,306.0,0.31653208441275105,18,297.0,0.13986509768454533,34,1017.0
1420.0,23,185.0,1.8877551020408163,5.175562722559208,3,428.0,0.31609905031553404,5,177.0,0.4246987820605238,15,276.0,0.23094717092329511,23,881.0
1425.0,20,175.0,1.8041237113402062,5.250747244818215,5,434.0,0.2978230946327603,5,114.0,0.4036176251942504,10,321.0,0.3038815016329152,20,869.0
1430.0,21,189.0,1.9484536082474226,5.576683667236751,5,407.0,0.2928337494596096,6,91.0,0.4320422634882327,10,366.0,0.3229636770361766,21,864.0
1435.0,19,167.0,1.7578947368421052,5.085901904999532,5,302.0,0.2999881535417621,7,122.0,0.4400282884686387,7,366.0,0.2686916936348031,19,790.0
1440.0,11,37.0,0.37,5.136748118047532,4,315.0,0.25965552972639994,2,95.0,0.44114359571618816,5,330.0,0.2942497224151544,11,740.0
1445.0,17,70.0,0.6422018348623854,5.67065438287504,7,328.0,0.1808074848867879,4,35.0,0.46345759695253336,6,272.0,0.28275462552830105,17,635.0
1450.0,24,126.0,1.1454545454545455,5.040734950532009,14,379.0,0.17237820999349085,6,48.0,0.4013423474981053,4,271.0,0.2177464489991795,24,698.0
1455.0,30,191.0,1.8018867924528301,4.151161740861902,11,382.0,0.1332931028641148,11,90.0,0.1637900631312041,8,279.0,0.19593857490606298,30,751.0
1460.0,29,204.0,2.04,4.052572936556441,9,320.0,0.20042211175728541,12,150.0,0.23245636078661516,8,283.0,0.20506798116620095,29,753.0
1465.0,28,137.0,1.3838383838383839,3.4035181118695736,8,352.0,0.11128686444577747,10,164.0,0.28916119572424953,10,254.0,0.17330288851282216,28,770.0
1470.0,26,87.0,0.8285714285714286,4.123827261085377,12,392.0,0.14341360615037246,4,111.0,0.4136999197684654,10,261.0,0.1700522640519433,26,764.0
1475.0,17,71.0,0.6698113207547169,4.674128618459832,8,379.0,0.20242377776896756,2,96.0,0.2910317459003518,7,270.0,0.24083136888719364,17,745.0
1480.0,16,51.0,0.49514563106796117,4.301331172816273,4,241.0,0.18993140164785396,8,115.0,0.27139377257384684,4,240.0,0.19668687856652367,16,596.0
1485.0,25,120.0,1.2121212121212122,4.571465451986713,4,260.0,0.21767264249709958,12,169.0,0.3677712169546475,9,178.0,0.13634759291710646,25,607.0
1490.0,22,107.0,1.0594059405940595,4.5934952682087635,9,295.0,0.20126847721963367,9,170.0,0.2755171386250444,4,184.0,0.19684302948396787,22,649.0
1495.0,15,59.0,0.59,4.64097088688474,6,270.0,0.19503684752496436,3,107.0,0.2975062662039247,6,170.0,0.2478005047452587,15,547.0
1500.0,14,35.0,0.36082474226804123,5.0290962557160555,5,194.0,0.27307711597535966,4,88.0,0.38487952903192896,5,143.0,0.23563269561824107,14,425.0
1505.0,19,75.0,0.78125,5.199667492586349,4,120.0,0.25823039903108774,8,114.0,0.4303381208532018,7,115.0,0.2511790276535085,19,349.0
1510.0,18,113.0,1.13,5.216509100462406,5,109.0,0.26860144054285257,7,115.0,0.3872430069027487,6,70.0,0.27495188119869274,18,294.0
1515.0,14,27.0,0.25,5.062304836499227,2,79.0,0.3595065840477528,7,72.0,0.28036275940282757,5,70.0,0.30743041688585315,14,221.0
1520.0,9,31.0,0.28703703703703703,5.471381248507247,3,66.0,0.3778732184819842,0,72.0,0.2551039787594432,6,58.0,0.3251369984331809,9,196.0
1525.0,20,73.0,0.7087378640776699,5.570348970386309,6,88.0,0.35482986886403434,7,78.0,0.2271616427192736,7,67.0,0.24172282062133044,20,233.0
1530.0,26,126.0,1.3125,4.1214623886975685,11,130.0,0.1755169949588776,8,86.0,0.20195175405669943,7,76.0,0.19472228148521245,26,292.0
1535.0,21,115.0,1.2234042553191489,3.6006724164348474,10,154.0,0.22635495274761605,6,78.0,0.1989553173311677,5,71.0,0.2289478667592054,21,303.0
1540.0,22,139.0,1.4183673469387754,5.119862877195012,8,146.0,0.3622478561613301,8,93.0,0.2989299393235451,6,79.0,0.29966710495784077,22,318.0
1545.0,18,68.0,0.6476190476190476,4.796797568547518,10,127.0,0.30716247066268143,3,89.0,0.3063513648152497,5,76.0,0.2672855417600149,18,292.0
1550.0,20,76.0,0.6909090909090909,5.7706172967102765,9,142.0,0.30247315233197064,7,61.0,0.4182210738520241,4,61.0,0.29795503490849023,20,264.0
1555.0,25,149.0,1.3185840707964602,5.821935776527756,10,148.0,0.2784357246361148,11,92.0,0.3847577271382149,4,53.0,0.30180413804867084,25,293.0
1560.0,27,137.0,1.2123893805309736,4.723617456165028,7,163.0,0.2683901681264203,12,127.0,0.19876142279541703,8,67.0,0.2581720421788209,27,357.0
1565.0,22,72.0,0.6371681415929203,4.9511292298600535,4,156.0,0.3810895162140223,12,121.0,0.16841265096282865,6,62.0,0.3230564021314784,22,339.0
1570.0,20,78.0,0.6842105263157895,5.7559202714289865,6,151.0,0.3680473608352319,10,123.0,0.28193765242715557,4,40.0,0.3785084527957263,20,314.0
1575.0,18,53.0,0.4953271028037383,4.766289451739798,8,146.0,0.2381264368826736,3,119.0,0.3161563365182809,7,53.0,0.33839478496984665,18,318.0
1580.0,22,77.0,0.7064220183486238,4.331861427088896,5,161.0,0.22476351816398385,6,125.0,0.27776289812481214,11,82.0,0.24279247172287172,22,368.0
1585.0,26,83.0,0.7094017094017094,3.827696862023378,8,156.0,0.21468504584406337,9,137.0,0.1770012106643073,9,106.0,0.16404291442597627,26,399.0
1590.0,28,135.0,1.1842105263157894,4.338173524315554,10,197.0,0.24369113497904846,10,137.0,0.18705733910818786,8,99.0,0.25359577851637594,28,433.0
1595.0,27,146.0,1.3394495412844036,3.9298641054311876,10,206.0,0.2415379894351996,9,123.0,0.19760347374466478,8,108.0,0.2379453838766142,27,437.0
1600.0,25,122.0,1.1192660550458715,4.335632836243396,9,178.0,0.30960265841591095,6,137.0,0.3007892238887491,10,125.0,0.21915322847484875,25,440.0
1605.0,32,174.0,1.5,4.465947326895959,11,173.0,0.30419199941656566,7,126.0,0.2815413293984949,14,168.0,0.22147356242134916,32,467.0
1610.0,27,151.0,1.2276422764227641,4.589828321859116,12,170.0,0.2655638136125141,8,139.0,0.2975865750174045,7,167.0,0.19794721689988046,27,476.0
1615.0,30,153.0,1.2644628099173554,4.308615205950223,13,184.0,0.2761027142903175,9,127.0,0.24445748723611885,8,142.0,0.22876122838281432,30,453.0
1620.0,30,230.0,1.9008264462809918,4.503831244198101,15,232.0,0.32591349834644184,8,129.0,0.25168024901545155,7,162.0,0.24038911932207804,30,523.0
1625.0,29,232.0,2.0,4.550823992471155,9,237.0,0.39251088404024814,8,151.0,0.2855477441327563,12,169.0,0.23262369499736882,29,557.0
1630.0,30,229.0,1.8925619834710743,4.617826812248039,10,215.0,0.33134594034398135,9,176.0,0.2980646845404895,11,190.0,0.20686161023942579,30,581.0
1635.0,33,279.0,2.2868852459016393,5.3185336993255,12,209.0,0.29616340049294493,10,217.0,0.4174223035026094,11,169.0,0.23705502838502854,33,595.0
1640.0,39,397.0,3.5132743362831858,4.411825772369451,16,248.0,0.24304887702304476,13,271.0,0.3475506123445241,10,182.0,0.20958270177802085,39,701.0
1645.0,37,274.0,2.382608695652174,3.220290367393825,17,291.0,0.14079909390419734,9,256.0,0.27778018081294553,11,173.0,0.1882284371088144,37,720.0
1650.0,34,185.0,1.5040650406504066,4.494890356497559,14,294.0,0.19914014681601755,8,164.0,0.34373573792488066,12,171.0,0.18277067815663398,34,629.0
1655.0,27,141.0,1.0930232558139534,4.4222155939952215,11,265.0,0.22855318674548725,8,192.0,0.2836100917183732,8,172.0,0.1926493251050648,27,629.0
1660.0,23,100.0,0.7692307692307693,4.572702516118585,7,275.0,0.27220399269822204,10,199.0,0.24567287529932638,6,127.0,0.23022436736102087,23,601.0
1665.0,32,147.0,1.185483870967742,4.1404853075664985,7,262.0,0.3192450495737647,15,239.0,0.20195858567404287,10,142.0,0.19233075588643705,32,643.0
1670.0,36,243.0,1.975609756097561,3.9493661391153827,6,236.0,0.2604932306511923,19,316.0,0.24353950253909581,11,149.0,0.20822387240679474,36,701.0
1675.0,37,221.0,1.753968253968254,3.670848462260732,8,187.0,0.25378125419891506,16,315.0,0.23935962800640845,13,175.0,0.16202409929260492,37,677.0
1680.0,28,150.0,1.1363636363636365,4.599545516005517,6,142.0,0.24387689057866907,11,245.0,0.2963659613986341,11,172.0,0.15481286395388977,28,559.0
1685.0,20,116.0,0.8992248062015504,4.912240015830235,7,146.0,0.3097190833456817,3,214.0,0.35658877941037836,10,171.0,0.14888367133436375,20,531.0
1690.0,26,72.0,0.5853658536585366,4.077240709941802,6,128.0,0.28830619258371415,8,216.0,0.29731994247768856,12,166.0,0.14409077510709356,26,510.0
1695.0,36,176.0,1.375,5.1466771586071625,7,90.0,0.35426061494279376,14,261.0,0.3403439030210737,15,181.0,0.2162208767675725,36,532.0
1700.0,32,162.0,1.2272727272727273,4.180174769522419,7,94.0,0.29378735257237787,12,270.0,0.2485701747637954,13,215.0,0.1826501642017714,32,579.0
1705.0,32,118.0,0.9076923076923077,4.145071119887858,7,81.0,0.24858248355787577,11,198.0,0.27154080182434376,14,223.0,0.15210198863426608,32,502.0
1710.0,30,132.0,1.03125,4.191428445600584,5,63.0,0.23363657843560445,12,164.0,0.3258444373433188,13,259.0,0.16160530558782368,30,486.0
1715.0,37,143.0,1.1085271317829457,3.821515444056568,8,76.0,0.1757443389281271,12,195.0,0.2776508708341836,17,263.0,0.16428475130391054,37,534.0
1720.0,33,187.0,1.4274809160305344,4.077670202308926,6,81.0,0.24130588871989467,9,199.0,0.2974677813604734,18,302.0,0.17478049124696513,33,582.0
1725.0,38,239.0,1.8384615384615384,4.236012640454387,7,71.0,0.25653787227468966,11,200.0,0.3597229116790968,20,344.0,0.17204645010224254,38,615.0
1730.0,36,260.0,1.9402985074626866,4.006903757019808,8,91.0,0.23132402976490374,12,244.0,0.30216193415781556,16,331.0,0.17880193133905506,36,666.0
1735.0,35,302.0,2.2706766917293235,3.9767344656153716,9,102.0,0.2444307739797538,15,313.0,0.28862413272003307,11,341.0,0.17860357576958003,35,756.0
1740.0,38,386.0,2.859259259259259,3.762921380550278,7,111.0,0.2121270961192446,18,398.0,0.2536382567788344,13,341.0,0.18390711558103837,38,850.0
1745.0,43,343.0,2.5597014925373136,3.49967816019168,10,110.0,0.18931705595627113,14,387.0,0.3460232547841738,19,375.0,0.13706550820430918,43,872.0
1750.0,32,241.0,1.7985074626865671,4.117157369253181,8,123.0,0.1616285575073783,4,273.0,0.450103612439123,20,435.0,0.1473316503729575,32,831.0
1755.0,28,213.0,1.6259541984732824,4.671854366295409,9,129.0,0.1582031501576906,1,138.0,0.47087917829537596,18,457.0,0.18631850039767758,28,724.0
1760.0,34,202.0,1.6290322580645162,4.036179517275818,15,174.0,0.08382668286191543,4,118.0,0.3212914731924026,15,403.0,0.21502988924899613,34,695.0
1765.0,39,231.0,1.9743589743589745,2.9948177706071584,22,267.0,0.137282578277888,7,135.0,0.16755653151836347,10,412.0,0.18819715230869383,39,814.0
1770.0,50,406.0,3.3833333333333333,3.53452433608686,24,381.0,0.18163807729922624,12,180.0,0.2180066039129344,14,425.0,0.20453566007998125,50,986.0
1775.0,51,498.0,3.9523809523809526,3.215363477217043,24,439.0,0.17239518452149893,13,242.0,0.2905355009852051,14,457.0,0.15839740743451247,51,1138.0
1780.0,48,374.0,2.8333333333333335,3.14477473315017,21,439.0,0.1253163014904669,10,237.0,0.3222044416493242,17,449.0,0.14719802682539412,48,1125.0
1785.0,41,227.0,1.7196969696969697,4.0800999037307495,22,403.0,0.10835955023896238,4,150.0,0.4324977127666258,15,371.0,0.13762627550288073,41,924.0
1790.0,33,230.0,1.811023622047244,5.105133715118786,19,387.0,0.17038343070359663,1,104.0,0.4865139909847494,13,292.0,0.18214442851972432,33,783.0
1795.0,36,250.0,2.0491803278688523,4.978419630017399,16,389.0,0.28703564607917925,6,119.0,0.43104529877922143,14,306.0,0.23217750387855762,36,814.0
1800.0,34,261.0,2.1219512195121952,5.039123425735114,10,377.0,0.33173128251598166,11,163.0,0.3876674632289129,13,309.0,0.21085202437548414,34,849.0
1805.0,33,288.0,2.267716535433071,5.232817580550631,14,373.0,0.36821665042420126,6,152.0,0.43212125044247335,13,288.0,0.2202948316540029,33,813.0
1810.0,34,336.0,2.564885496183206,5.165036383148916,18,402.0,0.3244854628436875,4,93.0,0.4256679914008723,12,244.0,0.18125503055925482,34,739.0
1815.0,39,455.0,3.5271317829457365,4.863152170194912,18,445.0,0.2685804158100275,8,54.0,0.4111459929810782,13,249.0,0.13091976388521911,39,748.0
1820.0,33,301.0,2.3333333333333335,3.6326750718915384,14,444.0,0.12187952201095055,7,73.0,0.2861278952027196,12,242.0,0.1280190091633223,33,759.0
1825.0,38,200.0,1.5384615384615385,4.4294463482963184,16,342.0,0.2249071881023304,9,84.0,0.29816357520748865,13,242.0,0.1749123896706117,38,668.0
1830.0,31,149.0,1.1640625,4.675249305407642,6,364.0,0.2877341973982174,10,99.0,0.33158744740852875,15,263.0,0.18909229283721987,31,726.0
1835.0,33,129.0,1.0573770491803278,4.173460614793031,11,347.0,0.2514945880930661,7,104.0,0.3130197736928917,15,262.0,0.1904802565454148,33,713.0
1840.0,29,147.0,1.1951219512195121,4.139829975707651,10,305.0,0.15748283862082912,6,88.0,0.2786822263307246,13,266.0,0.16867659909304744,29,659.0
1845.0,38,145.0,1.2083333333333333,3.5554979535515474,12,237.0,0.18144495308389288,10,108.0,0.11216281307894008,16,300.0,0.15686880056602034,38,645.0
1850.0,36,167.0,1.4521739130434783,4.068147995078521,8,155.0,0.3647531168685548,11,118.0,0.17594113177276088,17,306.0,0.16010022040096156,36,579.0
1855.0,25,141.0,1.194915254237288,4.27207103995198,3,143.0,0.3784704843402423,9,140.0,0.2514600682666708,13,337.0,0.18942753372546997,25,620.0
1860.0,34,205.0,1.653225806451613,4.659740133806581,8,114.0,0.3541705658973407,12,180.0,0.36886500313256204,14,347.0,0.18411034263379153,34,641.0
1865.0,29,184.0,1.4488188976377954,4.174636707327877,11,148.0,0.3179137104387229,5,164.0,0.3533293692614936,13,356.0,0.14059807460665286,29,668.0
1870.0,36,204.0,1.6062992125984252,4.395187008539423,17,218.0,0.27006090886310957,5,106.0,0.4158734149811991,14,339.0,0.12091328868707878,36,663.0
1875.0,43,300.0,2.2900763358778624,3.8202752940951314,20,308.0,0.24449956610794835,6,98.0,0.3359414392056378,17,384.0,0.09827813382340068,43,790.0
1880.0,44,296.0,2.276923076923077,3.498180119631332,18,332.0,0.17393668517166952,10,116.0,0.24062832042735485,16,405.0,0.13375403619150888,44,853.0
1885.0,34,213.0,1.704,3.647201648228354,9,273.0,0.2554502988872777,12,149.0,0.18996264938553387,13,424.0,0.12372847836836749,34,846.0
1890.0,30,122.0,1.0082644628099173,3.3115843629913586,4,268.0,0.2902027329420465,9,143.0,0.25838716470272266,17,395.0,0.12372104609146731,30,806.0
1895.0,34,122.0,0.9457364341085271,3.592601264588782,8,282.0,0.20150119735963942,7,104.0,0.36037604930516903,19,424.0,0.0890183599239143,34,810.0
1900.0,31,98.0,0.7480916030534351,3.704801886828696,10,265.0,0.19524038906289476,5,84.0,0.27545766479158457,16,451.0,0.11105390189114409,31,800.0
1905.0,28,85.0,0.6589147286821705,3.7122798154408665,7,193.0,0.3270283264666323,10,84.0,0.15117575187926813,11,456.0,0.147561827712165,28,733.0
1910.0,31,130.0,1.04,3.865277509027877,3,198.0,0.4001078121464313,15,140.0,0.22919198202841717,13,418.0,0.1291912173642919,31,756.0
1915.0,40,222.0,1.7076923076923076,3.491233803314106,9,219.0,0.33707813108739326,16,204.0,0.28857603709235385,15,428.0,0.12724533792320167,40,851.0
1920.0,44,308.0,2.2158273381294964,3.0930143119465328,11,209.0,0.2312474586550056,20,290.0,0.2069016639013217,13,426.0,0.1092768995731371,44,925.0
1925.0,49,447.0,3.239130434782609,3.5569712035084415,9,143.0,0.24109294268364137,23,390.0,0.09159053835334673,17,434.0,0.12735395669932661,49,967.0
1930.0,51,512.0,3.8496240601503757,3.97134777034661,11,106.0,0.32675867053207613,18,423.0,0.039129544325492656,22,483.0,0.16162248171782173,51,1012.0
1935.0,41,333.0,2.664,3.546775241789013,8,120.0,0.2577915027882413,9,363.0,0.13055057060283023,24,518.0,0.10002254568825514,41,1001.0
1940.0,42,235.0,1.9583333333333333,3.7853055515184124,7,110.0,0.25460040621560004,8,284.0,0.32512983872595563,27,476.0,0.07777594661937397,42,870.0
1945.0,43,283.0,2.3008130081300813,4.609542907443872,9,99.0,0.30659705482968336,9,292.0,0.36981603658381046,25,467.0,0.13187272643700138,43,858.0
1950.0,40,192.0,1.476923076923077,4.181176746550284,8,102.0,0.3310168690570873,12,309.0,0.2862493771935664,20,549.0,0.16191264646602838,40,960.0
1955.0,35,146.0,1.0814814814814815,4.548904850764824,7,90.0,0.35539603845926815,9,280.0,0.23786835679628765,19,582.0,0.1560755688156936,35,952.0
1960.0,29,129.0,1.0078125,4.348932700612181,10,92.0,0.2235317896289309,8,212.0,0.20112959683936024,11,555.0,0.18346427332588974,29,859.0
1965.0,30,91.0,0.7647058823529411,3.3419200642768367,12,117.0,0.16304383744252438,7,220.0,0.16363933468304975,11,483.0,0.1767032176117432,30,820.0
1970.0,40,143.0,1.1818181818181819,3.9991328144889278,10,114.0,0.2606610386612354,10,217.0,0.3259698414540502,20,413.0,0.16312561342857662,40,744.0
1975.0,31,187.0,1.4724409448818898,4.612559884382964,8,130.0,0.38162250335121023,9,216.0,0.34815706074563163,14,450.0,0.1649264441853823,31,796.0
1980.0,40,276.0,2.075187969924812,4.426793148387791,12,148.0,0.3663751479232181,13,266.0,0.30020476751292285,15,476.0,0.15369796619037124,40,890.0
1985.0,32,280.0,2.1538461538461537,4.341388592444471,9,152.0,0.3763356053011315,15,335.0,0.2555250216974376,8,454.0,0.17643941508023953,32,941.0
1990.0,30,190.0,1.52,3.941977050181658,7,118.0,0.3255154164691185,10,349.0,0.26198195102463406,13,409.0,0.17626061337734783,30,876.0
1995.0,31,131.0,1.0155038759689923,2.9900752838240834,11,140.0,0.20006738384626518,6,263.0,0.20735578947812983,14,446.0,0.13310990971996145,31,849.0
2000.0,34,122.0,0.8905109489051095,3.2216940734082655,14,158.0,0.17938764265677218,6,283.0,0.20187099830993485,14,456.0,0.11208874413194828,34,897.0
2005.0,38,255.0,1.8888888888888888,3.819120365240238,13,199.0,0.24541106700103188,9,304.0,0.2450790081644141,16,488.0,0.13992730575149986,38,991.0
2010.0,46,368.0,2.6861313868613137,3.7664506294291296,12,201.0,0.2641271642425329,11,345.0,0.2252424341177743,23,537.0,0.14385920839899732,46,1083.0
2015.0,55,416.0,3.0364963503649633,3.3543672226439782,10,158.0,0.25016172864109837,18,413.0,0.14572229418020327,27,582.0,0.10077885142779046,55,1153.0
2020.0,62,485.0,3.730769230769231,2.377645558730884,11,190.0,0.17087791164913843,20,508.0,0.14756655995121234,31,570.0,0.08091270723474761,62,1268.0
2025.0,59,434.0,3.312977099236641,2.4015015959005868,12,195.0,0.0923196512574742,20,498.0,0.18777634993208298,27,691.0,0.09939203366466887,59,1384.0
2030.0,48,320.0,2.318840579710145,3.526499239960473,9,192.0,0.17383314014491041,12,440.0,0.24876540768148078,27,785.0,0.11740302731564448,48,1417.0
2035.0,41,243.0,1.8134328358208955,3.2791283859059885,7,138.0,0.2175469010720438,13,496.0,0.14156980922363585,21,821.0,0.11137003287147351,41,1455.0
2040.0,44,278.0,2.171875,2.9440104626295853,9,134.0,0.23240763937873202,20,564.0,0.11020635937117229,15,707.0,0.09790854891002218,44,1405.0
2045.0,49,270.0,2.0610687022900764,2.582827933951633,13,164.0,0.18641531692064478,20,580.0,0.1323211954462378,16,757.0,0.11501948493938412,49,1501.0
2050.0,40,184.0,1.373134328358209,3.2529494326290136,12,176.0,0.23396707719154872,13,450.0,0.16553752941141495,15,792.0,0.12122432611465471,40,1418.0
2055.0,22,93.0,0.7045454545454546,3.8254922980315476,9,139.0,0.3300373855840807,3,459.0,0.2596547369660553,10,761.0,0.12348911773631366,22,1359.0
2060.0,31,108.0,0.8372093023255814,3.415297677658294,7,120.0,0.25378624528994237,10,435.0,0.2539522789438425,14,669.0,0.13542888878959486,31,1224.0
2065.0,39,162.0,1.1824817518248176,3.5463821257255495,7,129.0,0.38806975661700766,17,452.0,0.21688016956399664,15,713.0,0.11503289324047399,39,1294.0
2070.0,37,189.0,1.3597122302158273,3.3776861153978373,9,128.0,0.3558894842901772,15,443.0,0.15046029117331575,13,732.0,0.11668521317769,37,1303.0
2075.0,39,255.0,1.8888888888888888,3.349019512742101,11,151.0,0.3046593280328861,12,364.0,0.1163344817152024,16,753.0,0.13440013151243885,39,1268.0
2080.0,32,184.0,1.4045801526717556,2.7720081832674355,5,156.0,0.28363248951919884,8,382.0,0.1363395583942603,19,747.0,0.08192605415662528,32,1285.0
2085.0,42,193.0,1.4296296296296296,3.442994357050281,7,128.0,0.35500925947281403,13,382.0,0.14885211681672397,22,699.0,0.12764714106437913,42,1209.0
2090.0,41,216.0,1.5319148936170213,3.5564155285517423,7,125.0,0.30891102255931535,12,372.0,0.18707717168957963,22,615.0,0.11884386384270686,41,1112.0
2095.0,43,179.0,1.2605633802816902,3.5130958986530993,10,137.0,0.23496017765531357,12,305.0,0.242048234669502,21,676.0,0.12211195853089027,43,1118.0
2100.0,37,151.0,1.0633802816901408,3.5987162805433264,9,131.0,0.19137889320828683,11,354.0,0.18386989381702146,17,694.0,0.16301546253379096,37,1179.0
2105.0,36,166.0,1.1942446043165467,3.591648930854703,7,128.0,0.29344133985289966,17,394.0,0.11528004094255674,12,670.0,0.16482673244312007,36,1192.0
2110.0,42,196.0,1.4411764705882353,3.1980658681093748,6,126.0,0.3021262082175813,23,427.0,0.12436027088323551,13,586.0,0.1846820914512376,42,1139.0
2115.0,40,191.0,1.3941605839416058,2.948733851021757,11,142.0,0.23731600647549245,21,444.0,0.1446106799204846,8,534.0,0.1594179661923802,40,1120.0
2120.0,30,128.0,0.8827586206896552,3.6718581140971662,6,163.0,0.21255766892458375,15,425.0,0.183810360489358,9,520.0,0.14205915480766718,30,1108.0
2125.0,26,128.0,0.8888888888888888,3.779308303043921,7,150.0,0.18748707964738615,7,428.0,0.14027853900872597,12,534.0,0.1687844698082918,26,1112.0
2130.0,41,256.0,1.855072463768116,3.5001993936022826,13,170.0,0.2018789401525944,8,415.0,0.1465170434599695,20,600.0,0.164481669427377,41,1185.0
2135.0,51,382.0,2.7883211678832116,2.985840324385147,17,247.0,0.17108460417326293,13,429.0,0.13030744112211662,21,601.0,0.12197906921507343,51,1277.0
2140.0,51,332.0,2.4962406015037595,2.5745850349053785,16,277.0,0.11176222509512018,14,436.0,0.1678002448046004,21,532.0,0.11560374703153474,51,1245.0
2145.0,45,266.0,1.9558823529411764,3.562424835621106,13,251.0,0.09558863926939203,11,386.0,0.27578841493426476,21,425.0,0.12430537848838331,45,1062.0
2150.0,39,227.0,1.6940298507462686,4.389478244385274,13,238.0,0.2334027234776684,7,322.0,0.3287667309921452,19,463.0,0.141341542051713,39,1023.0
2155.0,41,234.0,1.7462686567164178,4.338759967579563,11,261.0,0.23993184957128902,12,296.0,0.24539093930570488,18,520.0,0.1515549882250541,41,1077.0
2160.0,31,191.0,1.4580152671755726,4.204669231080042,9,309.0,0.22761766487601348,12,305.0,0.1440444231473214,10,526.0,0.1914580746819419,31,1140.0
2165.0,28,121.0,0.9918032786885246,4.119961716123197,3,301.0,0.221608328032248,15,302.0,0.21437083643336174,10,466.0,0.2430796458009871,28,1069.0
2170.0,34,175.0,1.4112903225806452,4.180463037855904,6,262.0,0.26919948139772626,16,292.0,0.27486029534917955,12,375.0,0.19473599001915706,34,929.0
2175.0,31,195.0,1.5354330708661417,3.990791219402976,2,259.0,0.32841668827784454,19,303.0,0.2676620321117225,10,394.0,0.17215406884812504,31,956.0
2180.0,31,238.0,1.8307692307692307,4.043614187033418,5,270.0,0.28026188673530705,16,342.0,0.2748031076121544,10,403.0,0.16596131171715373,31,1015.0
2185.0,32,161.0,1.2578125,3.190218595865562,8,265.0,0.1481496476021729,14,388.0,0.26701515005760484,10,403.0,0.16564363288246908,32,1056.0
2190.0,30,127.0,0.9844961240310077,3.464622857777247,9,271.0,0.1666830644313339,13,429.0,0.2503382498076689,8,357.0,0.19794079918957827,30,1057.0
2195.0,26,108.0,0.8,3.4892569168099077,6,228.0,0.20936426493870255,10,444.0,0.20377721935934676,10,384.0,0.1438986506452597,26,1056.0
2200.0,28,137.0,1.0300751879699248,3.424943975046778,7,216.0,0.2688578088159314,9,419.0,0.13925156743433478,12,398.0,0.12333054412814298,28,1033.0
2205.0,23,72.0,0.5581395348837209,2.978808491110515,5,210.0,0.23613734368299394,9,379.0,0.12062219100548956,9,371.0,0.12269189488279036,23,960.0
2210.0,23,80.0,0.6201550387596899,3.847040511027244,4,203.0,0.2853938886193706,10,324.0,0.17699040550663706,9,321.0,0.1498738828423261,23,848.0
2215.0,26,61.0,0.48031496062992124,3.8469422759067813,6,193.0,0.25703942365113336,9,311.0,0.20289937306961978,11,320.0,0.13791932743517824,26,824.0
2220.0,23,70.0,0.5691056910569106,3.2417432755197906,5,163.0,0.22422158044990517,7,287.0,0.18978050954902495,11,322.0,0.11906978350468513,23,772.0
2225.0,18,52.0,0.416,2.9139915153812,1,139.0,0.2755733094056105,6,250.0,0.16473427406465663,11,328.0,0.10765584245018332,18,717.0
2230.0,22,67.0,0.5317460317460317,3.6354071015233846,3,144.0,0.22200695855075817,7,225.0,0.20191761146484563,12,281.0,0.15744221011879575,22,650.0
2235.0,24,70.0,0.5645161290322581,3.044252905111415,4,134.0,0.11312187774234116,8,205.0,0.1931376416174729,12,302.0,0.13506084881433839,24,641.0
2240.0,27,87.0,0.6904761904761905,3.526013908818294,5,79.0,0.2178851872660889,8,189.0,0.2249710080692126,14,320.0,0.13324413700029578,27,588.0
2245.0,21,91.0,0.728,3.229656213973103,2,75.0,0.332038082430519,9,177.0,0.22000087557895173,10,331.0,0.11417597139808502,21,583.0
2250.0,30,108.0,0.8503937007874016,3.3115071206899227,5,85.0,0.31750313393138724,10,183.0,0.21265080981072282,15,303.0,0.12128737415854318,30,571.0
2255.0,25,94.0,0.7230769230769231,3.259991773202552,4,77.0,0.28206679990684763,11,176.0,0.2176406059298247,10,298.0,0.1361115474799262,25,551.0
2260.0,22,66.0,0.5038167938931297,3.685691423715488,3,54.0,0.2859255874488945,8,191.0,0.19771702100866148,11,301.0,0.11555277332856123,22,546.0
2265.0,23,82.0,0.640625,3.5908121015438326,2,48.0,0.35301514149048074,11,196.0,0.1490309742700875,10,290.0,0.13824536451893868,23,534.0
2270.0,24,132.0,1.0393700787401574,3.5290428393398154,3,50.0,0.32570906081772083,14,235.0,0.19626972190966696,7,240.0,0.13014100766928166,24,525.0
2275.0,24,120.0,0.9375,3.646218292188432,4,53.0,0.33235914077498585,12,259.0,0.20241414737529592,8,216.0,0.1592021174061936,24,528.0
2280.0,26,178.0,1.37984496124031,4.009630193320608,5,61.0,0.2587669553255859,10,282.0,0.23796437638507406,11,224.0,0.2049859413990126,26,567.0
2285.0,25,199.0,1.5307692307692307,3.975853095245043,7,77.0,0.1618406815004262,5,293.0,0.211935335646655,13,250.0,0.2507901196697982,25,620.0
2290.0,28,272.0,2.108527131782946,4.350924577820835,7,78.0,0.2536985643833706,8,289.0,0.2104864474798375,13,298.0,0.31945178590406215,28,665.0
2295.0,30,284.0,2.16793893129771,4.1875448032284535,4,69.0,0.3454087890980252,14,342.0,0.14172490942166815,12,299.0,0.32824889508410354,30,710.0
2300.0,36,283.0,2.111940298507463,4.285042369546091,5,73.0,0.3273528695198967,18,403.0,0.13955820251458165,13,276.0,0.30119856845852117,36,752.0
2305.0,36,259.0,2.007751937984496,3.670342716245628,4,91.0,0.2872417545200585,18,428.0,0.148841864178983,14,247.0,0.19514102534761374,36,766.0
2310.0,41,291.0,2.346774193548387,3.004840500452644,7,105.0,0.16133971092641358,13,381.0,0.14219911310045388,21,284.0,0.18158102785440317,41,770.0
2315.0,40,261.0,2.088,2.8970668135470046,6,126.0,0.15955934949603562,12,424.0,0.13229962739699178,22,330.0,0.12407023286272824,40,880.0
2320.0,40,212.0,1.6307692307692307,3.095425755974443,7,132.0,0.20194731865514587,14,449.0,0.1666819134163701,19,354.0,0.19432648565150695,40,935.0
2325.0,42,255.0,1.8345323741007193,4.062691854043175,9,149.0,0.23472601410042107,19,485.0,0.2208170863467499,14,331.0,0.22262497316050261,42,965.0
2330.0,38,220.0,1.5277777777777777,3.9108664739244383,8,163.0,0.19714058978221924,16,487.0,0.22128741736191723,14,332.0,0.24429196168384168,38,982.0
2335.0,33,155.0,1.0763888888888888,3.9803245052269016,10,164.0,0.14259662075220367,13,409.0,0.22367700485028436,10,331.0,0.22807556184161443,33,904.0
2340.0,30,110.0,0.7638888888888888,3.931213792025264,10,190.0,0.13741798533958785,10,408.0,0.16850222985003507,10,306.0,0.2596439060187973,30,904.0
2345.0,36,158.0,1.144927536231884,4.102158935654467,11,201.0,0.170490475545383,12,407.0,0.13248727640573024,13,328.0,0.2602682263881768,36,936.0
2350.0,37,205.0,1.5769230769230769,3.22828204922354,10,220.0,0.1453061387640319,14,441.0,0.1504712638098338,13,349.0,0.19030312381120393,37,1010.0
2355.0,45,266.0,2.030534351145038,3.3865670879283454,9,207.0,0.20796776284914711,20,497.0,0.23028225313896608,16,321.0,0.17119985447754216,45,1025.0
2360.0,38,273.0,2.0073529411764706,4.121635639859859,6,175.0,0.26019673234014934,18,488.0,0.2078786028974516,14,269.0,0.20636461458671873,38,932.0
2365.0,25,132.0,0.9635036496350365,4.42520173378647,3,164.0,0.2476266859864136,11,388.0,0.2675994380644342,11,270.0,0.21239466182647,25,822.0
2370.0,27,120.0,0.8888888888888888,4.84440411956737,7,153.0,0.2102265345144223,10,251.0,0.24181194868957806,10,275.0,0.2093265743233871,27,679.0
2375.0,31,110.0,0.8870967741935484,3.602612519581305,10,166.0,0.12172035339940013,12,280.0,0.1296906914180412,9,278.0,0.19173971679487103,31,724.0
2380.0,29,110.0,0.9482758620689655,3.6169577598495133,7,156.0,0.2512607687140896,14,300.0,0.23022023219438428,8,245.0,0.19596847794593325,29,701.0
2385.0,31,162.0,1.3278688524590163,4.20650570767252,5,127.0,0.3433926305052788,17,322.0,0.220473165000969,9,262.0,0.1916635834669342,31,711.0
2390.0,31,240.0,1.9047619047619047,4.306505326588506,5,126.0,0.3383688622429191,16,358.0,0.20486686716224073,10,249.0,0.15328570425693197,31,733.0
2395.0,33,321.0,2.6097560975609757,3.9260879381971945,6,148.0,0.3637350353039705,18,415.0,0.14799959752608224,9,254.0,0.1596584444196437,33,817.0
2400.0,36,284.0,2.2903225806451615,3.7406820454710745,9,166.0,0.30786759301033545,13,415.0,0.2531566127036036,14,229.0,0.13945077220643187,36,810.0
2405.0,31,117.0,0.9285714285714286,3.971864907319672,8,173.0,0.23224674949583282,8,288.0,0.32549968090297604,15,269.0,0.12534527937728865,31,730.0
2410.0,32,128.0,0.9922480620155039,3.9618939760086436,11,158.0,0.117068321432761,6,203.0,0.290237912323062,15,310.0,0.11546050277534549,32,671.0
2415.0,31,109.0,0.8934426229508197,3.067892623370178,8,173.0,0.14351904988371691,10,220.0,0.15348727992752775,13,307.0,0.12449205085566017,31,700.0
2420.0,26,96.0,0.8275862068965517,3.365885010050519,5,147.0,0.25914814442029155,12,244.0,0.26145212273684926,9,270.0,0.13917960186166792,26,661.0
2425.0,22,83.0,0.6747967479674797,3.852783575603637,4,154.0,0.23847743021330964,8,236.0,0.2772853957326143,10,225.0,0.1720519330428727,22,615.0
2430.0,27,109.0,0.8515625,3.878142563797,9,175.0,0.17995002849906166,5,209.0,0.2639196795696495,13,249.0,0.14040209410213034,27,633.0
2435.0,26,99.0,0.8114754098360656,3.697383049574231,12,186.0,0.11265751125112933,6,194.0,0.2303242678419095,8,256.0,0.16521304810261989,26,636.0
2440.0,24,71.0,0.6068376068376068,3.525833611215649,6,140.0,0.22612141151506748,7,183.0,0.24744622465148997,11,271.0,0.16763146865194783,24,594.0
2445.0,23,115.0,0.9583333333333334,4.35254745976589,5,98.0,0.32973662674016513,8,201.0,0.287558729413121,10,234.0,0.19043697759401138,23,533.0
2450.0,23,169.0,1.352,4.122543972071213,4,76.0,0.33086517738839116,11,216.0,0.2904737313459346,8,250.0,0.13747914665374314,23,542.0
2455.0,22,129.0,1.0238095238095237,3.9352663005697313,1,66.0,0.2838092662020309,10,212.0,0.23829226206852402,11,258.0,0.15591346508012252,22,536.0
2460.0,33,182.0,1.4796747967479675,3.9251699904096777,8,57.0,0.21095223811947786,10,200.0,0.17469943485928968,15,271.0,0.14347976955482908,33,528.0
2465.0,28,140.0,1.2173913043478262,3.29451143193469,6,71.0,0.24434058896912808,7,190.0,0.14159281861715528,15,304.0,0.12911090273845915,28,565.0
2470.0,31,113.0,1.018018018018018,3.7099526395150306,5,47.0,0.3358165974414692,8,175.0,0.2934409510371652,18,296.0,0.11315918766652205,31,518.0
2475.0,24,122.0,1.0338983050847457,4.530902500629485,4,44.0,0.388692414223771,5,160.0,0.30580342854194187,15,268.0,0.15487182715468092,24,472.0
2480.0,25,162.0,1.3278688524590163,4.977119841795518,4,50.0,0.3848923168593959,5,142.0,0.3224132134480019,16,273.0,0.16889377694465554,25,465.0
2485.0,27,236.0,2.0,5.117104316168672,5,65.0,0.34748699138816713,9,122.0,0.278114257376151,13,305.0,0.23607326598769546,27,492.0
2490.0,25,222.0,1.9304347826086956,4.6672375153416725,7,92.0,0.3206336902044424,14,149.0,0.1952507331453922,4,277.0,0.31019343188090387,25,518.0
2495.0,27,230.0,2.0353982300884956,4.521555943371876,2,79.0,0.2981183424736256,19,229.0,0.12811299591156508,6,222.0,0.32406217296595363,27,530.0
2500.0,33,214.0,1.8938053097345133,3.638735780370681,3,60.0,0.2648394818865598,22,289.0,0.0762107169374952,8,205.0,0.18355498388683172,33,554.0
2505.0,26,176.0,1.644859813084112,3.657685320498842,3,70.0,0.2585553210536808,19,299.0,0.13570323868731599,4,180.0,0.23380063464599304,26,549.0
2510.0,33,165.0,1.4864864864864864,3.6342244376833275,9,104.0,0.2217927696300998,17,372.0,0.2108936272137602,7,137.0,0.2345061307914865,33,613.0
2515.0,37,229.0,1.9572649572649572,3.9861960516072426,15,156.0,0.17181134155275585,17,436.0,0.1974132722440955,5,125.0,0.3181952259481031,37,717.0
2520.0,35,279.0,2.3846153846153846,3.9264121392893956,17,236.0,0.09650210148742529,12,449.0,0.19887210437844333,6,108.0,0.3200192180831228,35,793.0
2525.0,33,228.0,1.9655172413793103,3.5028036935111366,17,265.0,0.12630734772888053,10,409.0,0.17337484347268411,6,93.0,0.31335532987747206,33,767.0
2530.0,34,245.0,2.094017094017094,3.928965914373498,16,268.0,0.155952067743139,9,415.0,0.1239333012818123,9,108.0,0.34097346671347845,34,791.0
2535.0,37,246.0,2.139130434782609,3.244766055837956,18,293.0,0.1396925086655509,12,454.0,0.13667990470502392,7,116.0,0.21109048340314424,37,863.0
2540.0,38,201.0,1.8108108108108107,2.908807362862024,18,345.0,0.08912504714165373,13,470.0,0.1672647116936776,7,96.0,0.21319171582952692,38,911.0
2545.0,31,200.0,1.7543859649122806,3.8835308425139354,17,412.0,0.15668111941028226,10,414.0,0.18193603408332726,4,63.0,0.34682947925054886,31,889.0
2550.0,30,212.0,1.811965811965812,4.154320100986266,16,455.0,0.20763731566815644,9,405.0,0.14327927122900955,5,65.0,0.4200710233998494,30,925.0
2555.0,29,192.0,1.6695652173913043,4.350804083481321,12,470.0,0.20989165770951942,10,426.0,0.17256652741340356,7,80.0,0.35941562109117514,29,976.0
2560.0,22,99.0,0.8918918918918919,3.8018884230139904,10,452.0,0.12205054714363558,8,412.0,0.16949335739971708,4,76.0,0.3792331708212537,22,940.0
2565.0,26,83.0,0.7345132743362832,3.94356959211519,9,438.0,0.19710441246367869,10,364.0,0.1737836611006897,7,57.0,0.36258561567330483,26,859.0
2570.0,28,175.0,1.4957264957264957,4.235058738067943,10,455.0,0.21429329201105046,8,286.0,0.17565416924200483,10,71.0,0.35440851810201374,28,812.0
2575.0,24,123.0,1.0695652173913044,3.8288111439546055,6,452.0,0.26009934166798554,9,305.0,0.1837571168077878,9,92.0,0.30684190769864655,24,849.0
2580.0,25,110.0,0.9482758620689655,4.324689177200603,6,446.0,0.2483879193880463,12,315.0,0.2052350191446961,7,86.0,0.2611985267660755,25,847.0
2585.0,28,169.0,1.4695652173913043,4.211250595670233,5,421.0,0.19396070729008227,14,336.0,0.18527345545488383,9,95.0,0.28340723515632343,28,852.0
2590.0,32,177.0,1.5128205128205128,4.027138507699211,8,385.0,0.1509262019980208,15,356.0,0.17870028691752293,9,115.0,0.26239576533113684,32,856.0
2595.0,25,101.0,0.8706896551724138,4.2140580654247835,7,331.0,0.2173092959033635,17,326.0,0.13713557484292738,1,105.0,0.401478937734194,25,762.0
2600.0,23,119.0,1.043859649122807,4.604904436123923,3,334.0,0.23592866370098706,16,271.0,0.14694115876901845,4,78.0,0.42831196062243077,23,683.0
2605.0,25,126.0,1.125,4.54983651076118,4,316.0,0.26841666402908326,14,314.0,0.17261044861636568,7,110.0,0.35910620631084317,25,740.0
2610.0,27,158.0,1.5047619047619047,4.173402636382954,5,304.0,0.2778534673813385,11,336.0,0.18947364039255696,11,158.0,0.1845737630526368,27,798.0
2615.0,33,220.0,2.156862745098039,2.9969725853386993,5,292.0,0.23808851445146684,10,335.0,0.1708085809145156,18,230.0,0.08344175979387265,33,857.0
2620.0,31,233.0,2.2403846153846154,3.18684825074108,6,250.0,0.25537572993034857,8,310.0,0.14223863858418132,17,281.0,0.17195614332605083,31,841.0
2625.0,24,182.0,1.6851851851851851,4.35223099083055,2,241.0,0.2858595567586917,9,273.0,0.2193472780285962,13,281.0,0.2691240689216541,24,795.0
2630.0,22,202.0,1.7719298245614035,5.5666456873997925,3,225.0,0.322531360264544,7,242.0,0.28465396812973465,12,242.0,0.3065322057480547,22,709.0
2635.0,26,250.0,2.232142857142857,5.5153898750644785,9,257.0,0.2418098589666432,6,242.0,0.36762104455902317,11,247.0,0.3236985725274294,26,746.0
2640.0,22,142.0,1.3523809523809525,4.865341403924633,9,251.0,0.17766646134870048,5,218.0,0.39420949632826363,8,259.0,0.3299716551315036,22,728.0
2645.0,21,82.0,0.7592592592592593,4.983224265968268,6,191.0,0.21351365943571307,7,170.0,0.35293368779254136,8,275.0,0.25970838765065146,21,636.0
2650.0,26,108.0,1.0485436893203883,4.77234005405533,6,116.0,0.23814647478048692,9,186.0,0.2245391842007999,11,309.0,0.25132487029856765,26,611.0
2655.0,24,95.0,0.95,4.547319402820891,8,80.0,0.3283336360842168,7,176.0,0.20105286195905075,9,320.0,0.24661433698168078,24,576.0
2660.0,16,68.0,0.6868686868686869,5.333586762630971,7,99.0,0.3606396885631103,3,146.0,0.2703611400225882,6,248.0,0.294029536083507,16,493.0
2665.0,20,86.0,0.86,5.106563965580458,5,109.0,0.412776135980106,7,94.0,0.20654792976188205,8,267.0,0.2192544761883128,20,470.0
2670.0,18,64.0,0.6666666666666666,4.365445383685174,2,96.0,0.441532991216717,6,106.0,0.1269211208063591,10,309.0,0.11676316049225195,18,511.0
2675.0,24,127.0,1.3956043956043955,3.642744710068673,7,94.0,0.3164641990516315,3,81.0,0.15587866343336299,14,375.0,0.15017346504965529,24,550.0
2680.0,20,104.0,1.1555555555555554,3.458850976370968,5,100.0,0.35609787760562783,3,92.0,0.19102608986901523,12,378.0,0.17866581718287475,20,570.0
2685.0,17,71.0,0.7717391304347826,3.8379136840332375,3,79.0,0.3394147437073702,9,128.0,0.17555523062906933,5,303.0,0.1731901943819961,17,510.0
2690.0,16,54.0,0.574468085106383,3.9957465474373666,3,73.0,0.18134539710645511,8,139.0,0.19850038857671456,5,221.0,0.20683622438440008,16,433.0
2695.0,17,52.0,0.5360824742268041,4.23263462567838,7,100.0,0.24434027739014355,6,118.0,0.19163423117638384,4,201.0,0.24026156697170192,17,419.0
2700.0,20,62.0,0.6526315789473685,4.60514166914756,4,98.0,0.3235672587598214,5,83.0,0.2086793411747539,11,240.0,0.26319718141948545,20,421.0
2705.0,10,25.0,0.27472527472527475,4.345359767651918,2,64.0,0.3449305499888395,2,88.0,0.20091616396179846,6,238.0,0.25098841022550467,10,390.0
2710.0,14,43.0,0.4725274725274725,4.503524838652176,4,61.0,0.27052778505439895,8,109.0,0.22165839043807398,2,183.0,0.28042988827138,14,353.0
2715.0,20,112.0,1.1789473684210525,4.397424309252243,3,51.0,0.18175835296681267,15,169.0,0.20402869392671633,2,116.0,0.25984329859279837,20,336.0
2720.0,20,137.0,1.4574468085106382,4.396689394746478,3,64.0,0.14266908949732665,14,207.0,0.21543113969106392,3,92.0,0.3000521344395193,20,363.0
2725.0,11,48.0,0.5217391304347826,4.407882825893379,1,42.0,0.2305770761417543,10,202.0,0.16604156368119924,0,73.0,0.38799637978390605,11,317.0
2730.0,18,62.0,0.6966292134831461,4.831740289425563,5,60.0,0.27203406924726087,10,161.0,0.13469926819251837,3,74.0,0.41857181769380053,18,295.0
2735.0,13,61.0,0.7093023255813954,4.8673182700905935,5,71.0,0.28034162917862965,6,145.0,0.25715759412146716,2,73.0,0.41562634799424014,13,289.0
2740.0,8,42.0,0.47191011235955055,6.286736114668637,4,61.0,0.34531344820713034,2,126.0,0.4875789734580331,2,61.0,0.477986001246702,8,248.0
2745.0,8,20.0,0.21505376344086022,5.796079209666647,3,57.0,0.3441479840710916,2,111.0,0.3918866847710887,3,39.0,0.3623558808519039,8,207.0
2750.0,15,58.0,0.5918367346938775,5.529624800066344,3,61.0,0.24716341766413946,9,127.0,0.3364758737818791,3,36.0,0.36973720302299673,15,224.0
2755.0,14,55.0,0.5445544554455446,5.275111975902429,4,73.0,0.23165261958260255,8,142.0,0.2766320056442497,2,21.0,0.3621207922499209,14,236.0
2760.0,15,72.0,0.7272727272727273,5.2216666056114045,4,73.0,0.2855443585959081,4,115.0,0.24108830976683343,7,43.0,0.26893930374460184,15,231.0
2765.0,15,87.0,0.90625,5.5701898401522625,6,87.0,0.36823102383951356,4,67.0,0.2593392059354381,5,57.0,0.3436099442171783,15,211.0
2770.0,13,55.0,0.5789473684210527,5.9362910476188935,5,88.0,0.3833719481268524,3,51.0,0.37292795818298546,5,43.0,0.36399437399265,13,182.0
2775.0,18,81.0,0.84375,6.206101797776131,5,72.0,0.34657721037025796,5,46.0,0.4458783555567675,8,55.0,0.39028793115884036,18,173.0
2780.0,15,79.0,0.8144329896907216,5.757290419893754,9,76.0,0.26517845166276116,5,61.0,0.4958115380122976,1,48.0,0.38271414844815205,15,185.0
2785.0,15,48.0,0.48,5.550095663720223,7,77.0,0.2514370440568195,1,42.0,0.40785990998675375,7,54.0,0.2948050029105858,15,173.0
2790.0,21,88.0,0.9072164948453608,5.359064710576665,7,85.0,0.2520614604237192,8,42.0,0.29193057027892794,6,67.0,0.248716882782376,21,194.0
2795.0,21,104.0,1.1428571428571428,5.061730759149374,7,99.0,0.3565290146628752,9,73.0,0.3160916029798926,5,58.0,0.19531585622513123,21,230.0
2800.0,13,60.0,0.6593406593406593,5.3931766426719605,3,87.0,0.36729998453466695,6,66.0,0.2938106222969581,4,60.0,0.2564303379190025,13,213.0
2805.0,17,87.0,0.9456521739130435,5.713165420296939,6,75.0,0.37352819258804176,4,63.0,0.3206832953472604,7,83.0,0.26750948656402124,17,221.0
2810.0,17,53.0,0.6091954022988506,3.9792844950328243,8,98.0,0.24809740841270958,3,49.0,0.24059597812324493,6,93.0,0.2583358343209819,17,240.0
2815.0,16,61.0,0.6703296703296703,4.3871765775239675,7,98.0,0.20058011195271525,7,69.0,0.35429113937366036,2,62.0,0.1998385017401536,16,229.0
2820.0,13,73.0,0.776595744680851,5.523772720998893,4,92.0,0.3804052096603223,6,82.0,0.3099925919233804,3,28.0,0.29225783239417735,13,202.0
2825.0,13,45.0,0.46875,5.656152535105622,4,80.0,0.36142934023965334,7,69.0,0.31644360021557427,2,29.0,0.3237020758278603,13,178.0
2830.0,18,66.0,0.6947368421052632,4.722942849794629,7,61.0,0.28303318130229177,2,66.0,0.22345809805929587,9,57.0,0.2478647259013666,18,184.0
2835.0,32,185.0,2.010869565217391,3.8797270403856836,13,98.0,0.20747703619504052,6,70.0,0.1435644768332805,13,110.0,0.16228037828897401,32,278.0
2840.0,33,169.0,1.9651162790697674,2.3395265615598237,14,134.0,0.0940815135532372,5,81.0,0.14999574064888743,14,142.0,0.1363617530221417,33,357.0
2845.0,20,96.0,1.0909090909090908,4.292945749433808,8,125.0,0.26360820825402176,4,69.0,0.3083215893421535,8,134.0,0.22444079102123932,20,328.0
2850.0,15,65.0,0.7065217391304348,5.404579945930805,6,105.0,0.3587155269241739,4,57.0,0.3364466107964221,5,107.0,0.21784118528761276,15,269.0
2855.0,16,94.0,0.9894736842105263,6.063502903997016,3,92.0,0.4166158092025358,7,82.0,0.310963507030933,6,87.0,0.26664169586523245,16,261.0
2860.0,11,47.0,0.5108695652173914,5.51151390718873,2,82.0,0.32150963430866647,6,85.0,0.25209918888298205,3,72.0,0.33498561800003335,11,239.0
2865.0,14,75.0,0.8620689655172413,6.045558001485613,7,74.0,0.3172818029934718,4,66.0,0.29170209740032593,3,73.0,0.43854267714030853,14,213.0
2870.0,12,77.0,0.9625,6.0082689291505655,5,82.0,0.3284136403736885,5,51.0,0.24271455022391378,2,72.0,0.6200658733346706,12,205.0
2875.0,8,19.0,0.25,5.915234151536696,3,58.0,0.37732245949458104,4,59.0,0.25037060394455196,1,53.0,0.6067486098400405,8,170.0
2880.0,17,60.0,0.7692307692307693,4.732026523058532,2,42.0,0.3760992049813986,10,85.0,0.19567320529401355,5,43.0,0.20210487024823826,17,170.0
2885.0,16,64.0,0.8205128205128205,3.801520605296214,1,37.0,0.30116169121681297,9,106.0,0.16217870359011377,6,58.0,0.14491697172005405,16,201.0
2890.0,9,39.0,0.5,5.371804625691241,1,38.0,0.36241432500679344,6,96.0,0.2222425195016677,2,49.0,0.4476655176341133,9,183.0
2895.0,5,33.0,0.4024390243902439,5.627969112977575,1,37.0,0.3612031128807672,2,112.0,0.265940287165427,2,32.0,0.4876983833570224,5,181.0
2900.0,11,33.0,0.38372093023255816,5.618132132594203,1,11.0,0.37656537209316987,8,138.0,0.20618769476388987,2,24.0,0.5015901415454588,11,173.0
2905.0,21,72.0,0.8780487804878049,3.4255878876802033,7,30.0,0.1950973656958857,8,150.0,0.13147124483592354,6,44.0,0.26895732588155247,21,224.0
2910.0,25,108.0,1.3670886075949367,3.149014913523706,11,75.0,0.2186673074905502,10,139.0,0.13267758774312843,4,56.0,0.29826017499247187,25,270.0
2915.0,20,92.0,1.15,4.383514980568129,9,103.0,0.26179528885789016,7,126.0,0.2546705779023071,4,40.0,0.32428590263279333,20,269.0
2920.0,14,83.0,1.0,5.94486159411543,7,92.0,0.3033953393304267,6,122.0,0.3190270266736235,1,27.0,0.5063998287133467,14,241.0
2925.0,16,102.0,1.2,5.67224460796309,9,122.0,0.2710786583050798,5,117.0,0.32283171183142706,2,24.0,0.5053124990748903,16,263.0
2930.0,24,171.0,1.9431818181818181,5.706804795626947,14,179.0,0.24063248702819914,4,115.0,0.43433829719122613,6,47.0,0.4449520838242194,24,341.0
2935.0,22,114.0,1.3411764705882352,4.629254829728177,11,207.0,0.2124961633261655,1,73.0,0.4633603383137017,10,88.0,0.30685483186724427,22,368.0
2940.0,23,85.0,0.9659090909090909,3.861808083647196,6,186.0,0.1984056533388376,6,48.0,0.314227010752098,11,110.0,0.1707882947754779,23,344.0
2945.0,17,52.0,0.5909090909090909,4.3214839355259365,3,181.0,0.19142348791510308,8,68.0,0.24807639615048555,6,96.0,0.22397493460485024,17,345.0
2950.0,12,38.0,0.42696629213483145,5.597534495825899,8,216.0,0.1749709942877602,2,54.0,0.3834297303483612,2,65.0,0.41708984429719387,12,335.0
2955.0,13,40.0,0.46511627906976744,5.53250477570952,8,226.0,0.16211478141241908,4,66.0,0.37309888932298807,1,50.0,0.5155597007024411,13,342.0
2960.0,16,66.0,0.7951807228915663,4.663712720412922,4,194.0,0.1759141750746812,11,108.0,0.2557035433735774,1,46.0,0.350319444807895,16,348.0
2965.0,20,81.0,0.9878048780487805,3.88380643571126,2,204.0,0.15100094984676118,11,131.0,0.1893694037176444,7,72.0,0.23577867448010117,20,407.0
2970.0,22,76.0,0.926829268292683,3.1978998711643025,9,236.0,0.15591917624731733,5,109.0,0.17131452608769454,8,91.0,0.2192387633105087,22,436.0
2975.0,11,47.0,0.5662650602409639,4.960247699885739,8,243.0,0.1877532628910632,0,72.0,0.4078763954633221,3,70.0,0.4480854421244879,11,385.0
2980.0,9,29.0,0.3411764705882353,6.135313745039687,6,196.0,0.20534408744409513,1,66.0,0.5215406714691754,2,46.0,0.4974244977292324,9,308.0
2985.0,17,59.0,0.6704545454545454,4.983718271626969,7,208.0,0.14900993184152844,6,87.0,0.3212487297247802,4,39.0,0.40465024545705475,17,334.0
2990.0,16,56.0,0.6511627906976745,4.271853627691385,8,246.0,0.10817653963082949,7,94.0,0.21286171293244235,1,24.0,0.4310699055789525,16,364.0
2995.0,16,49.0,0.5764705882352941,4.08166637131546,8,235.0,0.14832877235721686,2,64.0,0.18540698527829452,6,36.0,0.3376720968140476,16,335.0
3000.0,7,20.0,0.24096385542168675,5.518858763943236,3,175.0,0.224294702376682,0,25.0,0.42344661443230314,4,47.0,0.378967312865226,7,247.0
3005.0,2,5.0,0.0625,7.195614719500895,1,98.0,0.27841352092851623,0,11.0,0.6718667163132137,1,26.0,0.4958344558295228,2,135.0
3010.0,5,6.0,0.07228915662650602,7.2385972642016565,0,60.0,0.31728998638944955,2,15.0,0.5988177186871013,3,14.0,0.434382379841574,5,89.0
3015.0,11,40.0,0.47058823529411764,6.914656723835391,1,46.0,0.30272657267099956,8,38.0,0.3761216146903343,2,18.0,0.5332008267175548,11,102.0
3020.0,16,51.0,0.6296296296296297,4.888326529547725,7,70.0,0.18922572077497374,7,59.0,0.2811168836913621,2,6.0,0.4135656809835572,16,135.0
3025.0,17,55.0,0.6790123456790124,4.778044745848335,8,86.0,0.26460312579159156,3,51.0,0.23216026858793914,6,30.0,0.38963390325700725,17,167.0
3030.0,7,16.0,0.19753086419753085,5.487416386465029,2,55.0,0.34443927298623556,2,60.0,0.2606707573243745,3,37.0,0.42275616804050065,7,152.0
3035.0,14,39.0,0.4875,5.462255467947179,4,58.0,0.22543979701599717,8,90.0,0.2916422855388223,2,18.0,0.42293579029794526,14,166.0
3040.0,19,70.0,0.8641975308641975,4.60095283666466,9,82.0,0.1351213878297543,9,114.0,0.17186869810080307,1,11.0,0.5187977752762957,19,207.0
3045.0,16,50.0,0.6410256410256411,4.4579822327338645,9,96.0,0.19142873586760015,6,104.0,0.1566862018149019,1,7.0,0.5870585634382977,16,207.0
3050.0,10,41.0,0.5324675324675324,6.002645708332082,1,71.0,0.32664661846036663,4,83.0,0.30345163449455104,5,24.0,0.496651708665762,10,178.0
3055.0,12,45.0,0.5844155844155844,5.603576778620149,4,87.0,0.2553776834769937,4,79.0,0.3855537456423621,4,30.0,0.4883441513764318,12,196.0
3060.0,12,68.0,0.8717948717948718,5.9601998083867755,9,118.0,0.19296761757596273,2,68.0,0.5086239936320053,1,24.0,0.5852745521915235,12,210.0
3065.0,12,38.0,0.4578313253012048,5.016222416713718,8,125.0,0.17131070912294985,3,43.0,0.31105948696404856,1,9.0,0.5868853059267183,12,177.0
3070.0,13,43.0,0.5058823529411764,5.682876688652691,5,95.0,0.20066358904880185,7,71.0,0.3957584682932898,1,11.0,0.5312802096078391,13,177.0
3075.0,19,58.0,0.6904761904761905,4.551150470308516,6,64.0,0.17959650311452058,5,79.0,0.3482776601232092,8,31.0,0.19884444994327174,19,174.0
3080.0,15,63.0,0.7875,5.107522877766348,5,73.0,0.29851503654470457,5,65.0,0.3610935264646352,5,49.0,0.2418320532786067,15,187.0
3085.0,12,68.0,0.8395061728395061,6.428093273835045,6,75.0,0.32473847913101844,3,78.0,0.46354179013347757,3,39.0,0.4253262838029001,12,192.0
3090.0,13,109.0,1.3132530120481927,6.877287121815986,5,91.0,0.4032590498654692,7,103.0,0.3414001633544898,1,17.0,0.4526298351681705,13,211.0
3095.0,19,91.0,1.1097560975609757,5.831918241466471,4,66.0,0.332791627109117,14,155.0,0.20034841194882336,1,10.0,0.6578423643701389,19,231.0
3100.0,20,103.0,1.2560975609756098,5.562499767169168,6,34.0,0.3338837250809705,13,189.0,0.11673518951715785,1,4.0,0.6081135942436148,20,227.0
3105.0,22,82.0,1.0379746835443038,4.71745544592052,6,44.0,0.27676552088178596,12,184.0,0.14290569633895503,4,17.0,0.38192621949255245,22,245.0
3110.0,18,62.0,0.8266666666666667,5.636496911260841,6,39.0,0.3251412044052009,9,162.0,0.2550965712695281,3,22.0,0.5555372912474328,18,223.0
3115.0,9,38.0,0.5066666666666667,6.5441390500882575,1,38.0,0.42447159716569927,5,144.0,0.42501743156258404,3,18.0,0.5137307872701682,9,200.0
3120.0,12,65.0,0.8552631578947368,7.019217546133557,5,42.0,0.41006651927373095,3,115.0,0.40015765615375765,4,23.0,0.5590216118583688,12,180.0
3125.0,7,17.0,0.2236842105263158,5.843088215222729,5,53.0,0.3069620067912393,2,88.0,0.32203584053459816,0,14.0,0.514658262013017,7,155.0
3130.0,17,55.0,0.7236842105263158,5.641657564743683,4,44.0,0.32015974328126395,7,108.0,0.31209327862598696,6,20.0,0.28422446223453146,17,172.0
3135.0,19,107.0,1.4266666666666667,5.762638118070224,1,30.0,0.4226727588733985,12,161.0,0.2920488678127342,6,41.0,0.24973533258341252,19,232.0
3140.0,13,82.0,1.1388888888888888,6.249659707201883,1,24.0,0.4711565904420966,12,183.0,0.32145540111131427,0,33.0,0.35897534082390686,13,240.0
3145.0,7,28.0,0.39436619718309857,6.7084030991286365,0,10.0,0.5158308821496196,7,154.0,0.27021463346090185,0,11.0,0.5590760480585649,7,175.0
3150.0,12,49.0,0.6712328767123288,6.749767942782874,4,21.0,0.3985762791150579,6,120.0,0.25736821088742945,2,7.0,0.6886167422008318,12,148.0
3155.0,12,42.0,0.5753424657534246,5.970503960039439,4,33.0,0.41435087439372426,7,129.0,0.20935832275112698,1,12.0,0.7237436742737304,12,174.0
3160.0,15,53.0,0.7361111111111112,5.629188873302962,2,24.0,0.4319042351475465,11,177.0,0.2516148541088765,2,5.0,0.5122900108521662,15,206.0
3165.0,19,75.0,1.0273972602739727,4.650349138910294,3,14.0,0.3793460530478807,10,199.0,0.21552635162836475,6,25.0,0.2397386770850248,19,238.0
3170.0,20,90.0,1.2162162162162162,5.207544071170295,1,16.0,0.5442469934105265,8,176.0,0.22607601599984548,11,66.0,0.2648331736687777,20,258.0
3175.0,16,66.0,0.88,5.242722222473055,3,26.0,0.527602755775492,7,180.0,0.1389063081181298,6,79.0,0.3769254662248831,16,285.0
3180.0,12,37.0,0.5068493150684932,5.463910061797805,4,33.0,0.36524914262581554,7,214.0,0.18297118269848248,1,37.0,0.4719842899928159,12,284.0
3185.0,18,87.0,1.2083333333333333,4.431377945542806,3,27.0,0.2348327233415043,12,266.0,0.15845035860661477,3,43.0,0.39015241660216576,18,336.0
3190.0,23,118.0,1.5945945945945945,4.528284356148667,2,19.0,0.5214840782888077,13,290.0,0.16623927579544717,8,73.0,0.2365609315036816,23,382.0
3195.0,18,79.0,1.0972222222222223,4.25194233280008,1,13.0,0.5220716063474834,9,259.0,0.13333382500590615,8,89.0,0.30263303899368454,18,361.0
3200.0,12,49.0,0.6805555555555556,5.750137460151375,4,25.0,0.5528889698411227,7,224.0,0.23133778840965016,1,59.0,0.4399466155297779,12,308.0
3205.0,12,43.0,0.5972222222222222,5.666825328335323,3,32.0,0.4716968396279661,7,238.0,0.19660453703733297,2,30.0,0.4997285389841602,12,300.0
3210.0,14,41.0,0.5394736842105263,5.208258503235503,2,20.0,0.44206647510397595,9,280.0,0.2007383612688343,3,23.0,0.3822366607269974,14,323.0
3215.0,19,68.0,0.918918918918919,3.855573380159107,3,21.0,0.36266076006928566,7,276.0,0.17025586920683958,9,56.0,0.22055484565597083,19,353.0
3220.0,22,80.0,1.0666666666666667,3.801669183963135,9,53.0,0.29227758126215203,5,217.0,0.17161145520042598,8,76.0,0.21949957361761657,22,346.0
3225.0,18,56.0,0.7466666666666667,3.873311530892074,8,68.0,0.3039701966658961,4,240.0,0.1429130424268807,6,64.0,0.3595304731092334,18,372.0
3230.0,11,61.0,0.7922077922077922,5.112921947240319,3,45.0,0.4234891487387053,7,271.0,0.14578055357802383,1,39.0,0.47600274566215034,11,355.0
3235.0,12,52.0,0.6582278481012658,5.237830546367815,2,29.0,0.4231145135910437,9,262.0,0.15637536831273216,1,32.0,0.5414531990964399,12,323.0
3240.0,9,41.0,0.4939759036144578,5.953695265394172,2,24.0,0.5137824976175585,6,199.0,0.21075332976694353,1,34.0,0.5489119813752913,9,257.0
3245.0,6,24.0,0.2926829268292683,6.385943319637867,2,22.0,0.6205623393698029,4,124.0,0.2492929604414396,0,12.0,0.5030343459164393,6,158.0
3250.0,7,14.0,0.175,5.205129491961793,1,10.0,0.5945143327198963,5,143.0,0.17472223658020833,1,15.0,0.4043733014171872,7,168.0
3255.0,21,74.0,0.9487179487179487,3.9802265010265736,6,23.0,0.31908920155166864,8,173.0,0.16346439631283324,7,37.0,0.26758786640717896,21,233.0
3260.0,26,112.0,1.4545454545454546,2.6940266699796624,10,61.0,0.10419041006413152,8,176.0,0.18510017760242356,8,55.0,0.17768526269021778,26,292.0
3265.0,16,74.0,0.9487179487179487,4.214761492942758,10,97.0,0.28468844896574613,3,121.0,0.198896423946703,3,52.0,0.3807016784676324,16,270.0
3270.0,10,36.0,0.43373493975903615,5.323248851615522,4,72.0,0.4151037748804857,4,138.0,0.23220905621755772,2,43.0,0.41024770584642356,10,253.0
3275.0,12,39.0,0.4482758620689655,4.3328074553046845,2,82.0,0.32483563836223595,9,170.0,0.11777629331276186,1,40.0,0.382820535596187,12,292.0
3280.0,20,81.0,0.9310344827586207,3.5356449772679683,7,110.0,0.23742212809699667,8,168.0,0.12633721260052405,5,54.0,0.1939661041525064,20,332.0
3285.0,16,53.0,0.6309523809523809,3.7531929730149844,8,124.0,0.24631223296670487,4,123.0,0.1852012386990686,4,60.0,0.23408874779807554,16,307.0
3290.0,11,23.0,0.26744186046511625,4.449468987262884,3,91.0,0.32074688841210724,6,150.0,0.19638309691723244,2,42.0,0.3707400430503121,11,283.0
3295.0,15,46.0,0.5168539325842697,3.8299665267,5,100.0,0.22720003114048137,8,182.0,0.12807001204351012,2,39.0,0.3880057805421103,15,321.0
3300.0,24,93.0,1.0333333333333334,3.038116872315907,10,137.0,0.10323439227093663,10,185.0,0.1161109236242861,4,53.0,0.200685258544236,24,375.0
3305.0,20,75.0,0.8522727272727273,3.295717183768008,9,151.0,0.19592692083792654,6,137.0,0.13207980645567907,5,59.0,0.29169786113424545,20,347.0
3310.0,13,32.0,0.36363636363636365,5.017042429425721,5,92.0,0.346316299866753,5,109.0,0.259493453420076,3,39.0,0.3871111255366004,13,240.0
3315.0,6,25.0,0.2808988764044944,5.822299689776112,2,57.0,0.4219494911903014,4,84.0,0.271618545365669,0,33.0,0.4540844857602718,6,174.0
3320.0,7,31.0,0.3333333333333333,6.232261283788626,3,43.0,0.4489973747413952,2,65.0,0.3628000420257934,2,37.0,0.40744336645904594,7,145.0
3325.0,7,40.0,0.43478260869565216,6.451107030881383,3,42.0,0.4414533681076519,2,55.0,0.46467280003987904,2,40.0,0.38891529203403424,7,137.0
3330.0,3,33.0,0.3626373626373626,6.348567357461422,2,39.0,0.38016616378673784,1,52.0,0.6194163404478157,0,21.0,0.31669785770594,3,112.0
3335.0,9,62.0,0.6739130434782609,6.441651986454663,7,63.0,0.29441114067311264,1,44.0,0.7167922116073366,1,13.0,0.3749071402347247,9,120.0
3340.0,10,74.0,0.7872340425531915,6.251724315440387,8,88.0,0.25628169546470037,2,45.0,0.6708743084793177,0,1.0,0.4184213420365159,10,134.0
3345.0,9,67.0,0.7052631578947368,6.413089824174876,7,80.0,0.20014212112708055,2,56.0,0.6970681769111594,0,0.0,0.49026499432327786,9,136.0
3350.0,6,13.0,0.13541666666666666,6.047841254680553,5,100.0,0.16574923409985465,1,4.0,0.5989550562871354,0,0.0,0.5318734866615915,6,104.0
3355.0,15,57.0,0.59375,6.021179859723226,8,133.0,0.1478734796657923,5,23.0,0.4544310014517662,2,10.0,0.5511515435757522,15,166.0
3360.0,15,57.0,0.6404494382022472,5.129957722186244,9,148.0,0.13712429125779968,3,33.0,0.3352277203442737,3,24.0,0.5691676021147708,15,205.0
3365.0,8,49.0,0.5903614457831325,5.8443715832796,4,124.0,0.18479657288647391,1,17.0,0.4363995773243381,3,41.0,0.5945031691659293,8,182.0
3370.0,6,14.0,0.1686746987951807,5.549173886270948,3,81.0,0.18522402021751697,1,20.0,0.3228900190817589,2,18.0,0.5198754437023395,6,119.0
3375.0,11,52.0,0.6265060240963856,5.335109725633257,2,59.0,0.2476101790439068,5,41.0,0.30092218206254384,4,20.0,0.3556295498576024,11,120.0
3380.0,17,101.0,1.294871794871795,5.699333910272303,2,44.0,0.37467456844454783,12,88.0,0.24746507600091405,3,30.0,0.4119892169308272,17,162.0
3385.0,14,86.0,1.162162162162162,6.326409285365762,2,30.0,0.5362069803817754,12,127.0,0.26225754098807397,0,17.0,0.4426886628410143,14,174.0
3390.0,11,63.0,0.8513513513513513,7.0946247013808685,1,32.0,0.7569563984480933,7,119.0,0.238625715807084,3,10.0,0.5566729022493997,11,161.0
3395.0,6,45.0,0.6081081081081081,7.470918142184642,1,35.0,0.7489184743443889,4,90.0,0.2164186348971657,1,9.0,0.6480487818097572,6,134.0
3400.0,8,58.0,0.8055555555555556,7.509827056947226,2,39.0,0.715333180133987,3,81.0,0.2976932646616948,3,12.0,0.6647010439948724,8,132.0
3405.0,2,43.0,0.6142857142857143,7.8973269914869535,1,42.0,0.7130152818012526,0,64.0,0.43774129564813685,1,12.0,0.5810582428559767,2,118.0
3410.0,2,2.0,0.029411764705882353,7.9086415228055875,1,2.0,0.5648855621252274,0,44.0,0.5370515643334528,1,1.0,0.5566995569130304,2,47.0
3415.0,8,31.0,0.45588235294117646,8.585734918381286,5,20.0,0.4771393116766163,2,36.0,0.5613626847872302,1,5.0,0.7699258688074134,8,61.0
3420.0,12,67.0,0.9436619718309859,7.155777764835614,9,54.0,0.30932406803510176,1,29.0,0.46244996163661245,2,12.0,0.7067198545185975,12,95.0
3425.0,16,76.0,1.0704225352112675,6.118806966837888,6,68.0,0.28535273383295234,7,47.0,0.30332684270531013,3,22.0,0.6547860465420737,16,137.0
3430.0,14,39.0,0.5652173913043478,5.452378190512326,4,53.0,0.3506869371696472,9,72.0,0.24058932238782985,1,11.0,0.584534856708161,14,136.0
3435.0,13,44.0,0.6197183098591549,6.030260728646721,3,62.0,0.43635886709188276,5,67.0,0.2636453896079286,5,21.0,0.4433880714710588,13,150.0
3440.0,11,40.0,0.5797101449275363,5.884445759138416,8,87.0,0.30305829074704715,2,49.0,0.291942863185281,1,25.0,0.5317144963781888,11,161.0
3445.0,8,35.0,0.5223880597014925,6.819048041499861,6,98.0,0.2817824211620604,2,44.0,0.4805620322693958,0,3.0,0.6877028839494354,8,145.0
3450.0,9,40.0,0.5797101449275363,6.276670836698128,3,73.0,0.2494874889550243,2,38.0,0.6641399476734872,4,10.0,0.440687757193498,9,121.0
3455.0,11,43.0,0.589041095890411,6.166778744920775,0,37.0,0.3098763722428609,2,12.0,0.46860191756082226,9,44.0,0.39398424342636545,11,93.0
3460.0,13,50.0,0.6756756756756757,5.784230583025941,0,20.0,0.4463223716920628,7,34.0,0.35793385657019405,6,60.0,0.22118679037737662,13,114.0
3465.0,17,82.0,1.1081081081081081,5.882649317444085,1,13.0,0.4482581286961169,10,77.0,0.34257288623141013,6,51.0,0.24527839169731733,17,141.0
3470.0,22,160.0,2.0779220779220777,6.350741614075427,7,34.0,0.3632492506717766,14,140.0,0.30691603947108215,1,33.0,0.4807619241997005,22,207.0
3475.0,19,111.0,1.4605263157894737,4.957537920362651,6,46.0,0.23351305227035493,12,169.0,0.20309678088505845,1,25.0,0.4592171338020282,19,240.0
3480.0,17,57.0,0.7702702702702703,5.515513776463095,2,34.0,0.42003925904441736,8,146.0,0.16879041839974784,7,47.0,0.34509783388465953,17,227.0
3485.0,10,43.0,0.6056338028169014,5.8314069357456475,3,43.0,0.388634503015392,2,103.0,0.351772772863752,5,65.0,0.35539409085046403,10,211.0
3490.0,10,58.0,0.8055555555555556,6.189935038241971,7,69.0,0.260985270776681,2,66.0,0.5106312638213885,1,41.0,0.4042464481397079,10,176.0
3495.0,9,37.0,0.5211267605633803,6.489062639781238,7,84.0,0.22546095743326663,1,57.0,0.4709519488247838,1,10.0,0.6383901760977847,9,151.0
3500.0,12,45.0,0.6428571428571429,6.749917840358087,3,66.0,0.2396716109552176,8,68.0,0.4107825057112296,1,13.0,0.7521576313283274,12,147.0
3505.0,10,47.0,0.7014925373134329,6.93212931239138,4,42.0,0.30509291415143525,5,76.0,0.40206635680861086,1,18.0,0.7051024806747889,10,136.0
3510.0,3,27.0,0.39705882352941174,6.811055220311611,1,48.0,0.35507400020690366,1,41.0,0.3713042833913197,1,25.0,0.6569799948174602,3,114.0
3515.0,8,31.0,0.43661971830985913,6.406379114383248,8,77.0,0.2640838315127708,0,11.0,0.3968924628352939,0,2.0,0.7980268612838198,8,90.0
3520.0,9,31.0,0.45588235294117646,6.59320980086182,8,95.0,0.263678782375793,0,1.0,0.5160050723295054,1,5.0,0.7068370219316992,9,101.0
3525.0,8,23.0,0.34328358208955223,5.609169477135195,3,67.0,0.2328181127878375,1,2.0,0.3995907267064221,4,17.0,0.4854553863498997,8,86.0
3530.0,14,33.0,0.5076923076923077,4.373687150592204,6,82.0,0.20714980163529811,6,23.0,0.20266303713763356,2,15.0,0.4021977310975608,14,120.0
3535.0,13,46.0,0.6764705882352942,4.760448984038617,8,113.0,0.16381352445485617,4,38.0,0.2792438980282514,1,3.0,0.40572937127376524,13,154.0
3540.0,13,35.0,0.5147058823529411,5.306337197848769,9,130.0,0.18354483550861878,0,21.0,0.5426078179702701,4,6.0,0.41401239804110795,13,157.0
3545.0,15,41.0,0.5857142857142857,4.738561519888279,5,103.0,0.19011943587339006,2,29.0,0.3250496999089441,8,29.0,0.35858959583507316,15,161.0
3550.0,13,54.0,0.7605633802816901,4.499940105985572,3,121.0,0.2112166457772829,6,53.0,0.2707561460654578,4,43.0,0.35287195450609654,13,217.0
3555.0,15,59.0,0.8309859154929577,4.520244226455411,9,151.0,0.16656749684645855,5,60.0,0.3924186933898616,1,23.0,0.35621459541664063,15,234.0
3560.0,13,43.0,0.6142857142857143,4.981448279396968,9,161.0,0.18876691762777636,1,39.0,0.5133283680206232,3,22.0,0.3941857518008179,13,222.0
3565.0,17,61.0,0.8591549295774648,4.9587100152374415,7,135.0,0.16487783816451873,1,20.0,0.5044545688820576,9,53.0,0.40708615516831675,17,208.0
3570.0,14,52.0,0.7222222222222222,5.537099731246581,6,95.0,0.21296905714067157,2,19.0,0.6310165373315081,6,62.0,0.33960331624403994,14,176.0
3575.0,4,28.0,0.37333333333333335,6.924108795439083,2,80.0,0.32169215635046977,2,27.0,0.6551571671872374,0,30.0,0.41373535158497643,4,137.0
3580.0,4,5.0,0.0641025641025641,7.798668442507406,1,48.0,0.4076883398235278,2,6.0,0.6519653930412032,1,7.0,0.5354144959452644,4,61.0
3585.0,9,28.0,0.35443037974683544,7.441803854962088,2,47.0,0.4359673993052652,4,22.0,0.4422223807769659,3,9.0,0.39903059480964526,9,78.0
3590.0,16,63.0,0.875,5.176738245061063,7,74.0,0.3584541723087895,2,21.0,0.12852704975765572,7,35.0,0.27007237217999724,16,130.0
3595.0,20,106.0,1.5588235294117647,4.380117350707629,9,94.0,0.26346279455152105,0,3.0,0.3148962363368431,11,85.0,0.27535624162232897,20,182.0
3600.0,12,59.0,0.9076923076923077,5.0909166877400365,4,78.0,0.26202945468236977,0,2.0,0.6221716227081979,8,104.0,0.2884396919801776,12,184.0
