step,system_total_stopped,system_total_waiting_time,system_mean_waiting_time,system_mean_speed,A0_stopped,A0_accumulated_waiting_time,A0_average_speed,B0_stopped,B0_accumulated_waiting_time,B0_average_speed,C0_stopped,C0_accumulated_waiting_time,C0_average_speed,agents_total_stopped,agents_total_accumulated_waiting_time
0.0,0,0.0,0.0,0.0,0,0.0,1.0,0,0.0,1.0,0,0.0,1.0,0,0.0
5.0,1,0.0,0.0,2.6056601261137984,1,0.0,0.0,0,0.0,0.36400993825256467,0,0.0,1.0,1,0.0
10.0,0,0.0,0.0,9.64707801373848,0,0.0,0.5198088821624477,0,0.0,0.9655848617711336,0,0.0,1.0,0,0.0
15.0,1,0.0,0.0,9.247898509297618,0,0.0,0.9229829469716627,1,0.0,0.1915720888391289,0,0.0,0.6075855433759528,1,0.0
20.0,1,0.0,0.0,10.227390774234474,1,0.0,0.6242966635049293,0,0.0,0.8735783004909692,0,0.0,0.715705938314769,1,0.0
25.0,1,0.0,0.0,8.303103906569214,1,0.0,0.4255223712331836,0,0.0,0.446392031026698,0,0.0,0.8264590839288203,1,0.0
30.0,0,0.0,0.0,10.109891779948807,0,0.0,0.6903835461727073,0,0.0,0.7750889314735941,0,0.0,0.6151331290881201,0,0.0
35.0,0,0.0,0.0,11.189054391166081,0,0.0,0.7786473651765277,0,0.0,0.9821547943357594,0,0.0,0.8071186107491687,0,0.0
40.0,3,5.0,0.45454545454545453,9.101606432848557,2,3.0,0.5727987887203181,0,2.0,0.8592844575933041,1,2.0,0.0006185553931678782,3,7.0
45.0,0,0.0,0.0,9.478904589467222,0,0.0,0.5580474514731902,0,2.0,0.9624733740828303,0,0.0,0.5929551904432907,0,2.0
50.0,2,7.0,0.5384615384615384,8.801707291232121,2,7.0,0.15350593690973602,0,0.0,0.9766074057983307,0,0.0,0.8110510567755174,2,7.0
55.0,4,22.0,1.5714285714285714,8.17410655025472,3,22.0,0.49045944923825896,0,0.0,1.0,1,0.0,0.7021005054702621,4,22.0
60.0,2,1.0,0.0625,7.568967908810599,0,19.0,0.5532984873679216,0,0.0,1.0,2,1.0,0.4746419803926555,2,20.0
65.0,5,12.0,0.5714285714285714,8.406350241180963,3,6.0,0.518792807932338,1,2.0,0.6747706616325281,1,6.0,0.5662594627454574,5,14.0
70.0,3,27.0,1.08,8.600593252097754,2,16.0,0.37698806500234583,0,2.0,0.8756693428089465,1,11.0,0.5821286933774091,3,29.0
75.0,7,52.0,1.8571428571428572,7.5496607846523895,5,36.0,0.23998159284090945,0,2.0,0.8586030740676477,2,16.0,0.6324412074333635,7,54.0
80.0,10,92.0,3.1724137931034484,6.999439916149157,8,69.0,0.1895782730580989,1,2.0,0.729828154088531,1,21.0,0.7151059820004849,10,92.0
85.0,6,49.0,1.6333333333333333,7.423119383405839,4,59.0,0.22507323131739168,1,7.0,0.6240898490250532,1,26.0,0.7759380815682482,6,92.0
90.0,2,43.0,1.4827586206896552,10.248741492419747,0,19.0,0.6317359483488659,1,12.0,0.7348751364866611,1,31.0,0.8077399709569363,2,62.0
95.0,4,57.0,2.111111111111111,8.893119592180526,1,21.0,0.2632419334481384,2,19.0,0.6565874247574516,1,36.0,0.6480028429377415,4,76.0
100.0,8,88.0,3.142857142857143,8.001695793308427,4,37.0,0.2899246648602195,2,29.0,0.6905007647032566,2,41.0,0.46908165102611277,8,107.0
105.0,9,123.0,3.967741935483871,7.839145616756925,5,57.0,0.4633064421586983,2,39.0,0.5770276531979369,2,46.0,0.5084853684735012,9,142.0
110.0,7,158.0,5.266666666666667,8.370736136658605,4,77.0,0.4315847491838809,2,49.0,0.6487493999692522,1,51.0,0.7278641243392691,7,177.0
115.0,10,198.0,7.071428571428571,7.178983083442548,5,101.0,0.46253247700644784,4,60.0,0.3578683423341922,1,56.0,0.6956297748992702,10,217.0
120.0,11,248.0,8.551724137931034,7.068341094441676,5,126.0,0.4177444845459803,4,80.0,0.43448623075210246,2,61.0,0.4848135559632857,11,267.0
125.0,11,299.0,9.966666666666667,6.982745109108504,5,151.0,0.3493493796534052,5,101.0,0.4384320425100762,1,66.0,0.5851063897588782,11,318.0
130.0,5,126.0,4.064516129032258,7.689995067946322,0,93.0,0.5699672949272807,5,126.0,0.3551897762646964,0,0.0,0.8033770110119284,5,219.0
135.0,9,157.0,4.90625,7.578561388911002,3,4.0,0.416764272146484,6,153.0,0.24913869004449365,0,0.0,0.7904273299208255,9,157.0
140.0,3,19.0,0.7037037037037037,6.965418192303836,2,10.0,0.5106230955733957,1,91.0,0.3583319472715713,0,0.0,0.6204693152559395,3,101.0
145.0,3,7.0,0.2692307692307692,9.48856604409453,1,3.0,0.5780878564883789,2,23.0,0.5641970802577517,0,0.0,0.6239910934198967,3,26.0
150.0,0,0.0,0.0,10.54433409125778,0,0.0,0.7131860193903846,0,0.0,0.952185145980071,0,0.0,0.6681136640976292,0,0.0
155.0,1,0.0,0.0,11.498445235848221,1,2.0,0.7513259819937573,0,0.0,0.9597604525030301,0,2.0,0.817450226438825,1,4.0
160.0,0,0.0,0.0,11.072419377452338,0,2.0,0.7642494076393707,0,0.0,0.8921699423441662,0,2.0,0.7952076212712209,0,4.0
165.0,1,5.0,0.23809523809523808,11.244568429646467,1,7.0,0.7581430944849783,0,0.0,0.9564407579331147,0,2.0,0.7757775061918764,1,9.0
170.0,2,10.0,0.5,11.003981924594743,2,10.0,0.634490962042697,0,0.0,0.9298978200447799,0,0.0,0.8310454763473525,2,10.0
175.0,3,18.0,0.75,10.080240371369596,1,15.0,0.5731221050233957,0,0.0,0.9201344482624428,2,3.0,0.5298794332735461,3,18.0
180.0,3,30.0,1.2,10.656744859118099,1,20.0,0.7048554285575724,0,0.0,0.9773972957888503,2,10.0,0.6303485702739833,3,30.0
185.0,4,45.0,1.8,9.833942664991316,1,25.0,0.7300669064836419,1,0.0,0.7024593455454422,2,20.0,0.5959278070834484,4,45.0
190.0,7,67.0,2.68,8.076966098876504,2,30.0,0.4627068923552063,0,0.0,0.7578065642919675,5,37.0,0.4229044775661199,7,67.0
195.0,6,62.0,2.3846153846153846,8.037426956062971,1,2.0,0.5455285202349621,1,3.0,0.5123832505093593,4,57.0,0.3810418750503865,6,62.0
200.0,1,7.0,0.2916666666666667,8.10083640929286,1,7.0,0.16141361339910595,0,0.0,0.6967734663237702,0,31.0,0.3937927883302903,1,38.0
205.0,3,6.0,0.25,9.390033156763002,0,1.0,0.6639379509789358,1,1.0,0.5116966687214084,2,7.0,0.604814548180555,3,9.0
210.0,0,0.0,0.0,10.371451022335767,0,1.0,0.9349693325654127,0,2.0,0.8687367605815984,0,2.0,0.6397665494644594,0,5.0
215.0,1,1.0,0.05263157894736842,10.202460805970592,0,1.0,0.6397475059971576,1,5.0,0.577695176874156,0,2.0,0.8355058996288892,1,8.0
220.0,5,5.0,0.22727272727272727,6.975595073129065,2,4.0,0.1659442185891954,1,7.0,0.6195514252610337,2,2.0,0.24415549845580053,5,13.0
225.0,2,11.0,0.5238095238095238,8.290521523277075,0,2.0,0.73850036597,0,2.0,0.5457396512361404,2,11.0,0.5155197525136336,2,15.0
230.0,3,24.0,1.0,8.261620576068523,0,2.0,0.7592931467515428,1,3.0,0.3926271312362347,2,21.0,0.37098149399454367,3,26.0
235.0,7,52.0,1.9259259259259258,7.597590134287122,1,5.0,0.8014150578437114,3,16.0,0.23639338926339395,3,33.0,0.4030713159693939,7,54.0
240.0,8,90.0,3.4615384615384617,7.566292517000486,1,8.0,0.6865759900052785,4,34.0,0.39432912553127625,3,48.0,0.3982927371670284,8,90.0
245.0,10,135.0,4.821428571428571,6.942269060826966,1,13.0,0.6257190744118744,5,56.0,0.4131528129237543,4,66.0,0.4392678348632804,10,135.0
250.0,5,90.0,3.0,7.666126921019196,0,0.0,0.5527016801943719,0,33.0,0.6342389043243762,5,90.0,0.4426623355151621,5,123.0
255.0,7,120.0,3.75,7.741996743822064,1,3.0,0.30686712645013664,1,2.0,0.5669634932366477,5,115.0,0.3987425928402819,7,120.0
260.0,5,140.0,4.666666666666667,8.218033588933327,0,3.0,0.7368572049152602,0,2.0,0.6796259835929038,5,140.0,0.31643246787801915,5,145.0
265.0,3,25.0,0.9259259259259259,8.098182885288358,1,1.0,0.7719574656790957,0,2.0,0.7075270076578299,2,99.0,0.4741124761860782,3,102.0
270.0,4,14.0,0.4827586206896552,9.388492980138118,1,6.0,0.6546261057718087,0,2.0,0.7955670404527037,3,33.0,0.5834016413192147,4,41.0
275.0,2,13.0,0.48148148148148145,9.387033878333796,1,11.0,0.5869874310888082,0,2.0,0.8675361530243064,1,30.0,0.6021807297125533,2,43.0
280.0,4,26.0,1.0,9.173271125338854,2,18.0,0.5845906410334928,1,3.0,0.7205579051149571,1,30.0,0.6192955488698475,4,51.0
285.0,4,46.0,1.7692307692307692,9.06125236719693,2,28.0,0.5826451533617634,1,8.0,0.7449153417722048,1,35.0,0.6313547318049476,4,71.0
290.0,6,70.0,2.5,8.418989248806408,2,38.0,0.6593325027979304,1,11.0,0.6474798651833436,3,44.0,0.443321401895262,6,93.0
295.0,6,95.0,3.5185185185185186,8.183144007004229,2,48.0,0.6405443707946377,1,16.0,0.7553150547120262,3,54.0,0.4343165626557474,6,118.0
300.0,5,65.0,2.2413793103448274,7.555867653134144,2,3.0,0.45818954518468863,1,21.0,0.48775507467852314,2,64.0,0.6042836973641333,5,88.0
305.0,11,107.0,3.1470588235294117,7.214382803302499,5,19.0,0.4122879902186082,3,35.0,0.4056225937468703,3,76.0,0.5169383707683299,11,130.0
310.0,2,2.0,0.06451612903225806,6.947887563046286,1,15.0,0.49402221551927084,1,10.0,0.18348212986178974,0,28.0,0.6049870762576092,2,53.0
315.0,5,12.0,0.375,8.429195964175896,1,3.0,0.5726028467828239,1,8.0,0.4463988164857955,3,3.0,0.32782888506518215,5,14.0
320.0,3,21.0,0.75,8.746303801257282,2,10.0,0.3408954999557645,1,13.0,0.4906504759562661,0,6.0,0.4471166768786772,3,29.0
325.0,2,5.0,0.20833333333333334,7.883349331773399,2,5.0,0.1269301965926106,0,4.0,0.8823989942187216,0,0.0,0.5075678297455948,2,9.0
330.0,3,16.0,0.6666666666666666,9.881270659204949,2,15.0,0.43872549851408227,0,2.0,0.851037091479627,1,3.0,0.697974302437129,3,20.0
335.0,5,31.0,1.4761904761904763,8.770785705967848,3,25.0,0.0,0,2.0,0.845509861437462,2,8.0,0.5398343980297274,5,35.0
340.0,1,0.0,0.0,8.18322611599741,0,15.0,0.6270071112741602,1,0.0,0.42194994254347284,0,5.0,0.5304109975294004,1,20.0
345.0,1,5.0,0.29411764705882354,10.257302903438562,0,0.0,0.8119308826865933,0,2.0,0.818931225833818,1,5.0,0.41277990003611753,1,7.0
350.0,3,15.0,0.75,9.681389617910433,1,2.0,0.6624839070944144,0,2.0,0.8882555595289686,2,13.0,0.3961652606853396,3,17.0
355.0,4,32.0,1.5238095238095237,9.133017334484574,1,7.0,0.579794622863856,0,2.0,0.7154690445614079,3,25.0,0.36405778618387474,4,34.0
360.0,6,55.0,2.5,7.160605838975436,2,12.0,0.4223827770364512,0,0.0,0.5214242584571079,4,43.0,0.32118020983866036,6,55.0
365.0,2,25.0,1.0,9.013615138604232,1,17.0,0.8166877450435225,0,0.0,0.5685639020441132,1,35.0,0.3218434193753149,2,52.0
370.0,2,24.0,0.8888888888888888,9.532874214670525,1,22.0,0.6569282569774131,0,0.0,0.6506202359924547,1,2.0,0.5722122951501408,2,24.0
375.0,4,34.0,1.36,8.653987360964422,2,31.0,0.6776086262241889,1,3.0,0.5483552900566594,1,0.0,0.45662266784073413,4,34.0
380.0,7,62.0,2.5833333333333335,7.877666173176867,3,42.0,0.3782673491547384,2,15.0,0.5469715502310024,2,7.0,0.6248016911636339,7,64.0
385.0,6,45.0,1.8,7.858309195732016,0,4.0,0.6153532338996925,4,30.0,0.5282885746383232,2,17.0,0.3309432478100149,6,51.0
390.0,6,49.0,1.75,7.731737150524969,1,1.0,0.5278042470256693,4,48.0,0.3418732492292444,1,14.0,0.35770685035864147,6,63.0
395.0,1,2.0,0.08,9.364874258993677,0,0.0,0.6820319069997738,1,29.0,0.46789307133269836,0,0.0,0.7697849227802688,1,29.0
400.0,2,8.0,0.38095238095238093,10.177048224434445,0,0.0,0.6787542064217384,2,10.0,0.39506103930353315,0,0.0,0.7922613197141842,2,10.0
405.0,2,1.0,0.05263157894736842,9.08098961322914,0,0.0,0.583248414753588,1,4.0,0.6873603589838607,1,1.0,0.6511753661141456,2,5.0
410.0,4,11.0,0.5238095238095238,9.575043184331914,3,7.0,0.4943672980813115,0,0.0,0.8819359586833911,1,8.0,0.6411265389782385,4,15.0
415.0,2,11.0,0.55,10.24687654926111,0,2.0,0.8762732417785088,1,0.0,0.6177379365189563,1,13.0,0.7168319411463503,2,15.0
420.0,4,21.0,0.9545454545454546,9.744488638755074,0,2.0,0.8718564539356584,1,5.0,0.7525387687385738,3,20.0,0.5080443946832527,4,27.0
425.0,2,11.0,0.5,9.909267783863733,1,3.0,0.6465216253164524,1,10.0,0.6327616569149553,0,5.0,0.6930984098472497,2,18.0
430.0,4,25.0,1.1363636363636365,9.180711800841522,1,8.0,0.7223354416071402,2,16.0,0.5946679813092491,1,1.0,0.2569586298031056,4,25.0
435.0,2,14.0,0.7,7.975100902013054,1,13.0,0.519929653086353,0,0.0,0.392307478396333,1,5.0,0.43788289909022693,2,18.0
440.0,3,7.0,0.3684210526315789,9.740532330412728,1,0.0,0.6271338817435974,2,7.0,0.1856566672930654,0,1.0,0.7454610333976246,3,8.0
445.0,5,20.0,1.0526315789473684,7.300056172689445,1,0.0,0.4272349198162587,3,20.0,1.2558616051841238e-05,1,0.0,0.2713963791651063,5,20.0
450.0,1,4.0,0.25,8.32391464725735,0,0.0,0.8329939718172316,0,18.0,0.3906365018671807,1,4.0,0.5396369557442473,1,22.0
455.0,1,9.0,0.5294117647058824,10.427760017197556,0,0.0,0.5621882069390943,0,0.0,0.9438610159704974,1,11.0,0.6857078126621503,1,11.0
460.0,3,2.0,0.13333333333333333,8.917564490685406,2,2.0,0.2852450862331869,0,0.0,0.9666132854344127,1,2.0,0.6790137456265166,3,4.0
465.0,4,7.0,0.4375,8.315334554877051,0,0.0,0.5382751026360012,1,1.0,0.6497354368419962,3,8.0,0.4890648716463616,4,9.0
470.0,3,16.0,0.7619047619047619,8.864385317338488,1,0.0,0.3885825733053493,0,0.0,0.9270643739080466,2,16.0,0.640090394542145,3,16.0
475.0,2,26.0,1.1304347826086956,9.583697862049043,0,0.0,0.7049668017805198,0,0.0,0.9288530732420377,2,28.0,0.6083858479500768,2,28.0
480.0,6,42.0,1.6153846153846154,8.274323266804334,0,0.0,0.6288077159665466,1,0.0,0.6169647404227846,5,44.0,0.4961242808517731,6,44.0
485.0,7,72.0,2.6666666666666665,7.92427674358028,3,10.0,0.4497380520563643,0,0.0,0.8568847249279982,4,62.0,0.4012493894403352,7,72.0
490.0,7,88.0,3.259259259259259,7.548873192553553,1,8.0,0.5588735936900445,0,0.0,0.8040336075048427,6,87.0,0.30580976393453113,7,95.0
495.0,4,9.0,0.3,8.1572874757966,3,7.0,0.3732451705169102,1,2.0,0.7665953633601515,0,42.0,0.41816468972095766,4,51.0
500.0,3,1.0,0.030303030303030304,7.9763966837173035,1,4.0,0.41792241003073255,1,0.0,0.5445513191655953,1,1.0,0.47703193223314894,3,5.0
505.0,3,10.0,0.3125,9.273718542903651,1,0.0,0.5787164828821795,0,2.0,0.7644838969277177,2,12.0,0.6247315909257839,3,14.0
510.0,3,3.0,0.1,9.017288263197095,2,2.0,0.6135916235036613,0,2.0,0.7085047906237979,1,13.0,0.530953872765357,3,17.0
515.0,5,25.0,0.8620689655172413,8.487004817297306,2,11.0,0.521397003849271,1,9.0,0.7625639442074968,2,9.0,0.45957164373115666,5,29.0
520.0,6,47.0,1.6206896551724137,8.544364330059965,4,28.0,0.4249046557200188,0,2.0,0.8597511162245312,2,19.0,0.39100357791019313,6,49.0
525.0,1,3.0,0.09375,8.976586749688735,0,16.0,0.47109156122842766,0,2.0,0.9244317285399707,1,3.0,0.5980198651588877,1,21.0
530.0,3,13.0,0.3939393939393939,10.203514497739391,2,7.0,0.6250403785875974,0,0.0,0.8864202967665674,1,8.0,0.7041007582372136,3,15.0
535.0,2,4.0,0.13333333333333333,9.022882245890539,1,12.0,0.5575969290378756,0,0.0,1.0,1,2.0,0.7192872601326585,2,14.0
540.0,4,15.0,0.5172413793103449,8.910120404423942,2,8.0,0.5391340344901655,0,4.0,0.9364958254133782,2,9.0,0.5784861378760673,4,21.0
545.0,6,35.0,1.0294117647058822,9.712187855677417,3,16.0,0.5108670679681995,0,4.0,0.9212946605714147,3,19.0,0.6014856027149249,6,39.0
550.0,4,55.0,1.4864864864864864,9.977767892391476,2,26.0,0.3225340334152899,0,4.0,0.9172937217893071,2,29.0,0.5455491295885814,4,59.0
555.0,3,41.0,1.1388888888888888,9.177826169747433,1,21.0,0.5183657750447819,0,0.0,0.7808627760386799,2,39.0,0.583220297308186,3,60.0
560.0,5,52.0,1.4444444444444444,8.66811889051706,0,2.0,0.6456376864058344,1,1.0,0.5436338167806241,4,51.0,0.46531998288939425,5,54.0
565.0,9,90.0,3.103448275862069,7.211489897406324,1,3.0,0.7262721251184182,4,16.0,0.37066940946112575,4,71.0,0.44410416512848727,9,90.0
570.0,3,14.0,0.45161290322580644,6.261201463505356,0,0.0,0.5273719885956069,3,29.0,0.4112198549107868,0,39.0,0.4405011739117405,3,68.0
575.0,4,5.0,0.14285714285714285,9.421699837875842,0,1.0,0.9378512148084169,0,19.0,0.59999271053637,4,7.0,0.5742045111022152,4,27.0
580.0,0,0.0,0.0,10.236704276411873,0,1.0,0.7605858590639476,0,2.0,0.768048412541102,0,2.0,0.6993219876226009,0,5.0
585.0,3,10.0,0.29411764705882354,10.103815678624926,0,1.0,0.6760589803932417,2,8.0,0.6161265199961868,1,4.0,0.7390137212089621,3,13.0
590.0,6,33.0,0.9428571428571428,9.786991427586088,0,0.0,0.7598873333915788,3,21.0,0.5146222294072883,3,14.0,0.6759212704289427,6,35.0
595.0,6,58.0,1.5675675675675675,9.858703199786547,1,0.0,0.5540082929077067,3,34.0,0.5803276221200724,2,24.0,0.699869390039328,6,58.0
600.0,7,88.0,2.3783783783783785,9.201099570784939,1,4.0,0.666631993628816,4,50.0,0.50929649911709,2,34.0,0.5948353723804213,7,88.0
605.0,7,123.0,3.5142857142857142,9.087179700935433,1,9.0,0.7722011995539212,4,70.0,0.4959044287420422,2,44.0,0.5998302289077818,7,123.0
610.0,8,159.0,4.416666666666667,8.438638590349223,1,14.0,0.7137636854375334,4,90.0,0.4988723790595221,3,55.0,0.3997791342635029,8,159.0
615.0,9,199.0,5.685714285714286,8.553934171338922,1,19.0,0.687451387019785,4,110.0,0.5658581894590343,4,70.0,0.42875148476370534,9,199.0
620.0,11,240.0,6.857142857142857,7.5915784942493065,3,24.0,0.5263167495139612,5,131.0,0.40223597441001957,3,85.0,0.6055032840932308,11,240.0
625.0,9,285.0,7.702702702702703,8.198724139453878,1,29.0,0.6316600839557341,5,156.0,0.41788676930946733,3,100.0,0.6104038648430278,9,285.0
630.0,10,333.0,8.763157894736842,7.186785900228243,1,34.0,0.5631277265601772,5,181.0,0.4471071197476925,4,118.0,0.44032547091289653,10,333.0
635.0,12,390.0,9.512195121951219,7.106237994984932,2,42.0,0.5025025280239577,6,210.0,0.3365096574409534,4,138.0,0.48223342262377583,12,390.0
640.0,11,301.0,7.0,7.213058809149734,4,57.0,0.40623052717459374,7,244.0,0.34167978556913886,0,83.0,0.6391034806785211,11,384.0
645.0,10,108.0,2.4,7.0944713823606,5,77.0,0.40822456749210173,4,151.0,0.18623746187283496,1,5.0,0.6187536041546796,10,233.0
650.0,7,114.0,2.6511627906976742,8.020715575066564,4,97.0,0.42717110134351616,3,41.0,0.40580344896826426,0,0.0,0.47622005148297414,7,138.0
655.0,7,124.0,3.024390243902439,7.786632258616946,5,119.0,0.14127884033394394,2,38.0,0.5427292452454532,0,0.0,0.6581500704632871,7,157.0
660.0,5,23.0,0.6052631578947368,8.792419687420306,1,61.0,0.4759381309120049,3,44.0,0.6878457821857568,1,3.0,0.6480383079855591,5,108.0
665.0,6,43.0,1.1025641025641026,9.04642697337989,0,6.0,0.6763194885075307,3,59.0,0.4998710039624735,3,12.0,0.6318644139955025,6,77.0
670.0,8,76.0,2.1714285714285713,8.811162295309412,2,9.0,0.6151454231756706,4,77.0,0.4983032514287529,2,22.0,0.7192472089979945,8,108.0
675.0,8,114.0,3.4545454545454546,8.542559983423718,1,12.0,0.6554526426360975,4,97.0,0.4587061591494909,3,33.0,0.5957412058881111,8,142.0
680.0,10,159.0,4.297297297297297,8.471495888899375,2,17.0,0.6224711001746805,5,122.0,0.45787955417913423,3,48.0,0.46727504624580046,10,187.0
685.0,10,209.0,5.5,8.372907802131222,2,27.0,0.6351332815578931,5,147.0,0.4877184350413706,3,63.0,0.33113737200657906,10,237.0
690.0,9,183.0,4.945945945945946,8.453276430957558,2,37.0,0.7267909680305163,6,176.0,0.4113084097510044,1,27.0,0.5551411498423081,9,240.0
695.0,10,226.0,6.108108108108108,8.850549365764161,3,47.0,0.5757741368008992,6,206.0,0.4336450354245386,1,3.0,0.7450725882255111,10,256.0
700.0,9,263.0,7.514285714285714,7.948472943878642,2,57.0,0.6802994304052468,6,236.0,0.34822642491272227,1,0.0,0.6210367774587913,9,293.0
705.0,9,306.0,9.0,8.49662705448858,2,67.0,0.638638903846851,6,268.0,0.5285305008918775,1,3.0,0.7129369341177804,9,338.0
710.0,6,33.0,0.9166666666666666,6.611688572635855,2,29.0,0.38333136309322213,2,175.0,0.4792364842642863,2,8.0,0.46214165959618936,6,212.0
715.0,8,24.0,0.6486486486486487,8.089766987392226,4,12.0,0.24819843634354527,3,36.0,0.5879721792381873,1,0.0,0.48454284234595885,8,48.0
720.0,2,5.0,0.1388888888888889,7.944301049718242,1,14.0,0.42889271000765344,0,12.0,0.43430068414469125,1,5.0,0.5298254123177704,2,31.0
725.0,0,0.0,0.0,10.037769085285658,0,0.0,0.7345377170966702,0,2.0,0.620599480937301,0,2.0,0.748941911583626,0,4.0
730.0,3,1.0,0.027777777777777776,10.567893641956655,0,0.0,0.7302310546100724,1,3.0,0.7893343608373912,2,3.0,0.7244543226365098,3,6.0
735.0,4,10.0,0.24390243902439024,10.03955695700027,2,3.0,0.6583895721508758,0,1.0,0.7664734244715858,2,9.0,0.6584878551528667,4,13.0
740.0,6,34.0,0.8095238095238095,9.928532143333042,2,10.0,0.6676108925964584,1,6.0,0.7709568898459248,3,19.0,0.5643235676287817,6,35.0
745.0,9,68.0,1.4166666666666667,8.939154618038822,3,21.0,0.5452171541022092,2,13.0,0.6287485566049643,4,34.0,0.5822557761036716,9,68.0
750.0,7,81.0,1.62,9.626263219385631,1,19.0,0.6161078002705493,3,28.0,0.6653449383461925,3,49.0,0.576258672138339,7,96.0
755.0,9,113.0,2.306122448979592,8.979679708232332,2,9.0,0.5916827318515313,4,44.0,0.5100494355212488,3,64.0,0.5357172195186852,9,117.0
760.0,11,155.0,3.4444444444444446,8.008892913489909,1,11.0,0.6235080648928432,5,67.0,0.36676352791992756,5,85.0,0.3564252816007933,11,163.0
765.0,13,210.0,4.565217391304348,8.158173924322474,1,12.0,0.6546873508894192,5,94.0,0.4565188010142347,7,110.0,0.4037433502169373,13,216.0
770.0,13,270.0,5.625,8.414820368370863,3,22.0,0.553384332342147,5,119.0,0.5292143471257221,5,135.0,0.5399723934640418,13,276.0
775.0,15,335.0,6.836734693877551,7.9245727576973275,3,36.0,0.5321430500746195,6,143.0,0.5229027860245872,6,160.0,0.4341204877943176,15,339.0
780.0,17,410.0,8.541666666666666,7.416163876548764,4,52.0,0.36280077135420663,6,173.0,0.4611689383035988,7,189.0,0.3825201598477907,17,414.0
785.0,20,499.0,9.596153846153847,6.57202178281687,7,78.0,0.25651989255966345,6,203.0,0.45232621758824637,7,222.0,0.450166308692701,20,503.0
790.0,20,599.0,11.745098039215685,6.718142985886499,7,113.0,0.38208062251801483,6,233.0,0.35759875980371447,7,257.0,0.4661466068660685,20,603.0
795.0,19,464.0,9.28,5.360126620154882,8,150.0,0.3284623155370909,1,149.0,0.34147527632822544,10,297.0,0.37108032087895515,19,596.0
800.0,20,534.0,9.709090909090909,6.38586212133172,9,190.0,0.2789702403647292,1,25.0,0.6303674189644985,10,344.0,0.2656589635823896,20,559.0
805.0,21,627.0,11.61111111111111,6.452883652930779,8,230.0,0.3113679446307897,2,25.0,0.6239759572818213,11,397.0,0.2790255793366019,21,652.0
810.0,19,545.0,10.48076923076923,6.136715823032635,4,182.0,0.41348036039979635,3,38.0,0.5603620753898885,12,453.0,0.2681154698629505,19,673.0
815.0,10,169.0,3.1296296296296298,6.74774654743904,1,86.0,0.4598463146069872,3,53.0,0.4249755807921285,6,340.0,0.31490222000661955,10,479.0
820.0,7,58.0,1.0943396226415094,7.893474373354426,2,84.0,0.44110910522755314,3,68.0,0.3585778421974095,2,142.0,0.48008742155571943,7,294.0
825.0,12,90.0,2.0454545454545454,6.094293309435115,5,97.0,0.4230130044279802,3,85.0,0.39352009346321887,4,148.0,0.25713965699645946,12,330.0
830.0,14,155.0,3.6904761904761907,6.67428024838578,4,117.0,0.4905186451976472,3,102.0,0.5402838722145005,7,172.0,0.2874907324585566,14,391.0
835.0,15,225.0,4.891304347826087,7.500900372687015,4,137.0,0.4613531402053856,3,117.0,0.7001540232121582,8,207.0,0.26685332119292227,15,461.0
840.0,15,299.0,6.5,7.680014832060123,4,157.0,0.5075579030241089,3,130.0,0.6983874614414717,8,246.0,0.374323414278229,15,533.0
845.0,18,377.0,7.392156862745098,6.70044287850121,5,177.0,0.4223603060898845,5,146.0,0.562397404563433,8,286.0,0.3340163929532532,18,609.0
850.0,19,461.0,8.537037037037036,7.527628321473185,6,201.0,0.5594876372183428,4,166.0,0.5783200247731928,9,326.0,0.4077290777116154,19,693.0
855.0,22,558.0,9.789473684210526,7.120348940693997,8,232.0,0.5139924747889867,4,186.0,0.5839904654855795,10,372.0,0.34705898074128405,22,790.0
860.0,19,481.0,7.515625,6.70009691775693,7,267.0,0.4650332762736822,2,75.0,0.4659547974807403,10,422.0,0.35103299439056324,19,764.0
865.0,23,575.0,8.333333333333334,7.0379878142912675,9,302.0,0.4313479624936401,3,14.0,0.48113484680635293,11,472.0,0.39971802532200157,23,788.0
870.0,18,462.0,6.895522388059701,6.076799544729333,4,232.0,0.3016907285659593,2,18.0,0.44267488678407724,12,526.0,0.30387022199229363,18,776.0
875.0,20,486.0,7.838709677419355,6.331169793819483,4,92.0,0.4087797549870539,2,17.0,0.5458539754187168,14,593.0,0.2834599746800059,20,702.0
880.0,16,549.0,9.15,7.207263952950814,0,40.0,0.501310018533821,3,32.0,0.6014090501290611,13,658.0,0.40002448076768515,16,730.0
885.0,21,643.0,10.540983606557377,7.060057662065742,5,40.0,0.4613703109898175,3,49.0,0.6621339735167893,13,723.0,0.36782592666472447,21,812.0
890.0,23,748.0,12.89655172413793,6.7216212730830565,5,62.0,0.45622177172823575,3,62.0,0.6490148535905695,15,787.0,0.28764997191325314,23,911.0
895.0,23,861.0,14.59322033898305,6.793313351087203,5,87.0,0.47246184227184973,3,75.0,0.5947988743927838,15,860.0,0.28058358115581455,23,1022.0
900.0,23,976.0,16.0,6.963057145776212,5,112.0,0.47922252157581674,3,90.0,0.6767920110417147,15,935.0,0.3081080690369672,23,1137.0
905.0,24,1091.0,17.885245901639344,6.695172360143576,6,137.0,0.5056477624595337,3,105.0,0.6102881821545476,15,1010.0,0.30200391605886295,24,1252.0
910.0,20,696.0,11.796610169491526,6.049872400901232,6,162.0,0.5161446330915782,5,125.0,0.5402075554532161,9,844.0,0.29073342073727104,20,1131.0
915.0,18,350.0,5.737704918032787,6.087163189205229,6,188.0,0.30783746812315127,6,152.0,0.4377804142686337,6,466.0,0.31804721576453,18,806.0
920.0,19,391.0,6.2063492063492065,5.932426901190662,8,225.0,0.3354425327149474,6,182.0,0.39021640891872883,5,478.0,0.3094269819597008,19,885.0
925.0,24,485.0,7.348484848484849,6.207294226021066,9,265.0,0.36915278278951863,8,214.0,0.3896628850486781,7,492.0,0.38385121746645456,24,971.0
930.0,26,600.0,8.955223880597014,6.837612923507435,9,305.0,0.44297978694929047,7,245.0,0.5044040688428639,10,533.0,0.35355545709895503,26,1083.0
935.0,28,731.0,10.91044776119403,6.132915358646343,8,345.0,0.3584191482327888,8,279.0,0.3811986449888353,12,588.0,0.3468328034194903,28,1212.0
940.0,31,881.0,13.149253731343284,6.048688023550836,10,390.0,0.3811547139500418,10,329.0,0.40796292341595564,11,643.0,0.34849245910094556,31,1362.0
945.0,26,884.0,12.277777777777779,5.776815243962193,10,440.0,0.3934374606078414,10,379.0,0.34274410736155164,6,497.0,0.33442774190445956,26,1316.0
950.0,17,206.0,2.7837837837837838,6.136969757196448,6,330.0,0.4440262616166077,5,300.0,0.30858538098193455,6,204.0,0.37085494070290537,17,834.0
955.0,11,26.0,0.3611111111111111,6.878981177994857,4,139.0,0.46689868254957134,3,86.0,0.34654274349036884,4,152.0,0.3348182847772535,11,377.0
960.0,12,45.0,0.6521739130434783,5.855832897495072,1,61.0,0.3981222421487823,4,100.0,0.32625123055377514,7,166.0,0.18328394884922564,12,327.0
965.0,19,65.0,0.9558823529411765,6.441519022922961,5,65.0,0.46978915603536336,8,119.0,0.4255307710409135,6,137.0,0.3676003365178692,19,321.0
970.0,16,113.0,1.5694444444444444,7.68748439137188,5,82.0,0.5566744305392022,7,154.0,0.4615532677237963,4,53.0,0.4440381286652893,16,289.0
975.0,20,185.0,2.642857142857143,6.616216078653874,4,102.0,0.5523564893546192,10,197.0,0.37036982262346185,6,71.0,0.38997001016343236,20,370.0
980.0,25,283.0,4.161764705882353,5.987162684295999,7,127.0,0.42035945087026416,12,253.0,0.37605152297945954,6,90.0,0.3264534867838184,25,470.0
985.0,28,411.0,5.788732394366197,6.261260503131944,6,157.0,0.44797942951204844,13,314.0,0.39247603360715866,9,111.0,0.34187228237689615,28,582.0
990.0,29,547.0,7.293333333333333,6.619519593527568,8,188.0,0.3538868809395615,13,377.0,0.38468885478374826,8,148.0,0.5073200370969324,29,713.0
995.0,31,693.0,9.24,6.842809189598174,7,223.0,0.44996258936517025,15,447.0,0.4060409576780611,9,189.0,0.463931056558609,31,859.0
1000.0,34,849.0,11.171052631578947,6.175741729326909,9,259.0,0.400739846395608,15,522.0,0.363563495745031,10,234.0,0.4578138950227206,34,1015.0
1005.0,34,1011.0,12.329268292682928,6.21898589850863,9,299.0,0.45193954149835314,15,597.0,0.3455987036370832,10,281.0,0.3646063942186917,34,1177.0
1010.0,31,942.0,10.953488372093023,6.145122347005369,4,207.0,0.5126713485444461,16,676.0,0.2299293682616099,11,331.0,0.41104129822133945,31,1214.0
1015.0,28,805.0,9.147727272727273,5.9073089953727935,3,58.0,0.5171664422105878,18,761.0,0.17832379232000217,7,265.0,0.36123425631354006,28,1084.0
1020.0,20,421.0,4.730337078651686,5.403269594468275,4,55.0,0.29750662689294044,11,676.0,0.21819175136167124,5,94.0,0.40197360609889327,20,825.0
1025.0,10,47.0,0.5529411764705883,5.969191264631168,3,56.0,0.328629559123418,5,442.0,0.32436475643384655,2,85.0,0.32270155974026155,10,583.0
1030.0,9,29.0,0.34523809523809523,5.654037757387556,3,16.0,0.3005130420811108,1,406.0,0.4358556454797668,5,96.0,0.29943613369355265,9,518.0
1035.0,27,114.0,1.3103448275862069,5.84946268256829,7,32.0,0.3565006487739258,10,430.0,0.3871044695536954,10,131.0,0.32541817552238866,27,593.0
1040.0,31,219.0,2.546511627906977,5.494804887217729,6,51.0,0.32329064182032485,12,483.0,0.3165953299632008,13,185.0,0.2574879687479894,31,719.0
1045.0,35,348.0,4.192771084337349,5.411813427367841,5,45.0,0.29563846534181076,14,545.0,0.3492364636467286,16,258.0,0.29164710233144253,35,848.0
1050.0,35,514.0,6.047058823529412,5.889547405809086,6,55.0,0.43209694181616465,13,610.0,0.40253297038059954,16,336.0,0.27183090179224395,35,1001.0
1055.0,37,691.0,8.129411764705882,5.96788980932116,6,76.0,0.5032524841694289,14,676.0,0.39421003231902146,17,416.0,0.22865044709915716,37,1168.0
1060.0,39,815.0,9.367816091954023,5.220896229729547,5,74.0,0.42955008406638395,16,749.0,0.3034517516860672,18,502.0,0.2033613982985559,39,1325.0
1065.0,42,989.0,11.367816091954023,4.745799435564777,6,67.0,0.343915215894995,18,838.0,0.235584652160176,18,592.0,0.23596082981795607,42,1497.0
1070.0,43,1160.0,13.333333333333334,4.081758621293877,6,66.0,0.2473216071661775,18,928.0,0.09475357658456916,19,682.0,0.2867099589943903,43,1676.0
1075.0,39,1079.0,12.261363636363637,4.3419830761416955,6,62.0,0.21742348352426363,12,817.0,0.25771942935192943,21,780.0,0.30040744869892994,39,1659.0
1080.0,34,950.0,10.43956043956044,5.483881936643203,8,73.0,0.30504855252800994,5,500.0,0.41037490857517034,21,880.0,0.22402527913252288,34,1453.0
1085.0,22,622.0,6.479166666666667,5.848728827300863,6,90.0,0.3915631084672236,1,436.0,0.43669804941797774,15,818.0,0.1688394712756694,22,1344.0
1090.0,25,345.0,3.7096774193548385,6.55017287904785,6,109.0,0.5524446123010665,7,463.0,0.42415767834888723,12,646.0,0.24474690943331723,25,1218.0
1095.0,24,201.0,2.161290322580645,5.9822627276223095,9,135.0,0.4241873120250088,12,511.0,0.28898612436407045,3,672.0,0.31686684217852773,24,1318.0
1100.0,33,342.0,3.8,5.612726308379791,9,175.0,0.4003016137348363,14,576.0,0.3127816433711133,10,686.0,0.29819662197814684,33,1437.0
1105.0,43,531.0,5.709677419354839,5.51977871798263,9,218.0,0.3612719763068215,16,651.0,0.3398409504734478,18,753.0,0.22917234533121228,43,1622.0
1110.0,49,759.0,8.161290322580646,5.295726329798643,10,265.0,0.2861666059346104,17,736.0,0.3816323986434122,22,849.0,0.2501767193607657,49,1850.0
1115.0,54,1008.0,10.838709677419354,4.710403869186654,13,319.0,0.17998652452680577,18,819.0,0.3325159078054575,23,959.0,0.2779231003085222,54,2097.0
1120.0,54,1270.0,13.804347826086957,4.3994387968348585,14,386.0,0.22435559575977498,17,904.0,0.28944895722792396,23,1069.0,0.24005538776239774,54,2359.0
1125.0,56,1545.0,16.263157894736842,4.276284133855459,14,456.0,0.3268896360398564,19,994.0,0.2241914870857332,23,1184.0,0.20878886700435956,56,2634.0
1130.0,59,1831.0,18.683673469387756,4.375306289633713,16,531.0,0.3555363268465017,20,1090.0,0.1861125921586678,23,1299.0,0.2195767681302441,59,2920.0
1135.0,62,2131.0,20.892156862745097,4.330145632371795,18,616.0,0.30518545930741187,20,1190.0,0.2094712538001156,24,1414.0,0.19576162636975358,62,3220.0
1140.0,61,2175.0,20.327102803738317,4.3181536623128585,22,716.0,0.2498052766053884,21,1295.0,0.14368028965902252,18,1326.0,0.20863899794079355,61,3337.0
1145.0,55,2050.0,19.71153846153846,4.645610474983863,23,830.0,0.22712588121268573,21,1400.0,0.2079329145316447,11,1051.0,0.25854535717239385,55,3281.0
1150.0,44,1624.0,16.571428571428573,4.092728834147542,23,945.0,0.19868122455380896,17,1237.0,0.14118778691302095,4,1009.0,0.25386778395297027,44,3191.0
1155.0,37,919.0,9.377551020408163,4.205480109780985,18,899.0,0.20346351381772002,8,911.0,0.2814152362491402,11,1027.0,0.15533011644391412,37,2837.0
1160.0,30,327.0,3.336734693877551,4.639748704303655,13,699.0,0.24155927625631993,3,917.0,0.3151028922183261,14,1083.0,0.13861933786388356,30,2699.0
1165.0,27,127.0,1.3368421052631578,4.174660285458536,2,678.0,0.25227969471835726,9,946.0,0.3190183705447897,16,980.0,0.21161032690364906,27,2604.0
1170.0,33,181.0,1.865979381443299,4.963801759694408,7,688.0,0.2874069495674433,16,1010.0,0.25720209295345026,10,712.0,0.357699466415042,33,2410.0
1175.0,38,276.0,2.732673267326733,4.9320516605475335,15,743.0,0.2108151764072008,20,1099.0,0.273004953414818,3,567.0,0.36483995593289437,38,2409.0
1180.0,43,392.0,3.92,4.773137456998373,16,674.0,0.2891441415092803,20,1198.0,0.2687372063123149,7,576.0,0.32070990759824874,43,2448.0
1185.0,41,495.0,4.759615384615385,5.044026755037826,8,469.0,0.3167114380855628,20,1298.0,0.31144673257360284,13,619.0,0.2263718304275652,41,2386.0
1190.0,40,632.0,6.076923076923077,4.514882378037752,3,420.0,0.24394471238505183,20,1396.0,0.284752570750098,17,696.0,0.25297862248122016,40,2512.0
1195.0,51,870.0,8.285714285714286,4.845809092931049,7,446.0,0.324341992705686,20,1498.0,0.32072824143091416,24,805.0,0.22905258791401653,51,2749.0
1200.0,51,1008.0,9.50943396226415,4.745235779557761,13,504.0,0.3114437038161328,20,1598.0,0.3248962189358819,18,707.0,0.2666161188735068,51,2809.0
1205.0,53,1101.0,10.00909090909091,4.867983691594222,22,594.0,0.23653012933797538,20,1696.0,0.2740100304968892,11,391.0,0.23111267726126566,53,2681.0
1210.0,48,1189.0,11.323809523809524,4.419743135025276,24,711.0,0.21057422992223926,20,1796.0,0.21289590750062504,4,383.0,0.286713603176736,48,2890.0
1215.0,47,1097.0,10.754901960784315,4.310707556877836,24,833.0,0.21016974608635697,15,1612.0,0.22924046162870312,8,394.0,0.3252523316366748,47,2839.0
1220.0,47,818.0,7.79047619047619,4.60401661783646,24,953.0,0.15932893635651102,10,1194.0,0.35235266713730257,13,444.0,0.2677922996109162,47,2591.0
1225.0,39,542.0,4.882882882882883,4.257600347145756,18,906.0,0.14435356642928418,5,1213.0,0.3269024084926725,16,407.0,0.19445601434784632,39,2526.0
1230.0,32,321.0,3.0283018867924527,4.906579031283829,12,698.0,0.2479877130322686,8,1235.0,0.24002205939114826,12,329.0,0.255256069157551,32,2262.0
1235.0,19,54.0,0.5294117647058824,4.479107282608313,3,656.0,0.3341980450866223,11,1052.0,0.11512452485298995,5,309.0,0.29853756799766,19,2017.0
1240.0,26,99.0,0.9519230769230769,4.918424569805994,10,666.0,0.26254253282064594,8,610.0,0.2573234815545149,8,317.0,0.2694726566370265,26,1593.0
1245.0,38,205.0,1.8981481481481481,4.919664383996156,16,725.0,0.18022267046132,6,631.0,0.3740812551646216,16,370.0,0.19113038607560323,38,1726.0
1250.0,44,308.0,2.8518518518518516,4.487401385079562,22,819.0,0.23441409323188855,8,633.0,0.3616142772462105,14,361.0,0.2029455526706515,44,1813.0
1255.0,48,445.0,4.08256880733945,4.604599126500221,23,931.0,0.22102913593774212,15,677.0,0.28023852753810563,10,236.0,0.26518927723550983,48,1844.0
1260.0,47,603.0,5.635514018691588,4.671854857167268,25,1049.0,0.2618137839583723,17,753.0,0.23385989700499382,5,263.0,0.30334715397370343,47,2065.0
1265.0,52,827.0,7.728971962616822,4.26158171533007,24,1167.0,0.2607581309211923,19,845.0,0.2567643491469077,9,280.0,0.27173005719231774,52,2292.0
1270.0,56,1094.0,9.945454545454545,4.573854898179174,24,1287.0,0.25306605497950574,19,938.0,0.30255012574336226,13,320.0,0.2894340587645811,56,2545.0
1275.0,64,1394.0,12.017241379310345,4.793682781310984,25,1407.0,0.2253693066420758,20,1034.0,0.32949017281135695,19,402.0,0.3024107996609733,64,2843.0
1280.0,69,1728.0,14.89655172413793,4.664937069162523,24,1527.0,0.18071743833364376,21,1132.0,0.3261215949644194,24,516.0,0.2751691162239099,69,3175.0
1285.0,69,2068.0,17.675213675213676,4.581487165887273,24,1647.0,0.16943110813813464,20,1232.0,0.31391996029516117,25,636.0,0.1848995334456987,69,3515.0
1290.0,71,2413.0,20.801724137931036,4.570871280807702,25,1767.0,0.23610335340378608,22,1337.0,0.27895276769566885,24,756.0,0.23337174780577544,71,3860.0
1295.0,65,2401.0,21.06140350877193,4.337529182675083,18,1642.0,0.23155989353923445,23,1447.0,0.23614361750801677,24,876.0,0.23383661577256365,65,3965.0
1300.0,60,2157.0,19.258928571428573,4.619194274441348,12,1306.0,0.30740089664719644,24,1558.0,0.17157595287941724,24,996.0,0.23264337230165422,60,3860.0
1305.0,47,1627.0,14.657657657657658,4.571571381026155,5,1241.0,0.3145505952357248,18,1372.0,0.19788949053699986,24,1116.0,0.22306918335903378,47,3729.0
1310.0,46,1370.0,12.685185185185185,4.507546432710208,10,1262.0,0.2386918544272246,11,971.0,0.3181683805166704,25,1236.0,0.16977467281699762,46,3469.0
1315.0,43,1221.0,11.305555555555555,4.194166395881102,15,1313.0,0.21479210529542828,3,883.0,0.3146094969436187,25,1356.0,0.14303282815326357,43,3552.0
1320.0,52,1461.0,13.162162162162161,4.502348247230548,20,1400.0,0.25350911710727103,8,911.0,0.32485416864398636,24,1478.0,0.1325557810177914,52,3789.0
1325.0,63,1759.0,15.56637168141593,4.591959305339123,24,1516.0,0.2596206461354613,15,972.0,0.2570856853528195,24,1598.0,0.2039870207862158,63,4086.0
1330.0,64,1676.0,15.663551401869158,4.10937070552745,24,1632.0,0.23948482357820128,22,1066.0,0.1883444655475889,18,1515.0,0.2475030524819311,64,4213.0
1335.0,59,1339.0,12.632075471698114,4.05709035425317,24,1752.0,0.24338934458035655,24,1184.0,0.14377577998925445,11,1233.0,0.275589062499517,59,4169.0
1340.0,45,941.0,9.135922330097088,4.259025903611668,25,1872.0,0.18139358969497504,18,1073.0,0.18948204631904728,2,1170.0,0.34119761496528694,45,4115.0
1345.0,34,704.0,6.901960784313726,4.612835916933876,18,1716.0,0.12880472385621636,9,694.0,0.32924821237838275,7,1192.0,0.3012804727074616,34,3602.0
1350.0,33,383.0,3.6132075471698113,4.986411032232347,13,1297.0,0.1762103103920165,3,717.0,0.33842682699771287,17,1250.0,0.19684012286536431,33,3264.0
1355.0,35,247.0,2.4215686274509802,5.2243569675168295,6,692.0,0.3170960702998659,9,742.0,0.2919090826894627,20,1342.0,0.2203758941299,35,2776.0
1360.0,45,409.0,4.1313131313131315,4.50793822587154,4,697.0,0.3977874252282549,16,805.0,0.20280787754234225,25,1455.0,0.21415966402178532,45,2957.0
1365.0,54,633.0,6.525773195876289,4.140911741480616,8,695.0,0.327675988278979,22,901.0,0.2123540569011779,24,1575.0,0.24103201190339732,54,3171.0
1370.0,62,922.0,9.22,4.143836200327482,13,738.0,0.3119490645781476,24,1018.0,0.27884178122077125,25,1693.0,0.15958798419155593,62,3449.0
1375.0,66,1235.0,11.875,3.9327136921473236,18,811.0,0.2729894787484119,24,1136.0,0.23362847939053236,24,1813.0,0.16033627836502024,66,3760.0
1380.0,69,1572.0,14.555555555555555,3.9456904665683705,21,908.0,0.2291552581060532,24,1256.0,0.24082125418722708,24,1933.0,0.19655641364991477,69,4097.0
1385.0,67,1786.0,16.849056603773583,3.8709164810617067,19,795.0,0.2649070366943407,24,1376.0,0.15870692359541907,24,2053.0,0.2530856747199778,67,4224.0
1390.0,58,1906.0,17.64814814814815,4.366652180733692,10,434.0,0.2832383031784305,24,1496.0,0.15833990247342583,24,2173.0,0.24589180472868807,58,4103.0
1395.0,53,2050.0,19.902912621359224,3.831602243335117,4,456.0,0.28105798188390807,24,1616.0,0.07192651302094279,25,2293.0,0.2104681721176698,53,4365.0
1400.0,50,2012.0,19.725490196078432,4.093756732140072,8,476.0,0.26419834244029455,18,1484.0,0.2189071071250006,24,2413.0,0.19779928915733166,50,4373.0
1405.0,49,1793.0,16.60185185185185,4.828873429910218,16,527.0,0.1864505550183562,9,1107.0,0.39693318817517603,24,2533.0,0.18626501034400658,49,4167.0
1410.0,36,1165.0,11.095238095238095,4.776389720104885,16,468.0,0.14367677791188826,2,911.0,0.441557335563107,18,2348.0,0.20005405672861756,36,3727.0
1415.0,33,646.0,6.333333333333333,5.297838549383769,11,319.0,0.2985789137742781,8,937.0,0.27978174495178804,14,1859.0,0.2618426391660919,33,3115.0
1420.0,20,94.0,0.9215686274509803,5.184449834331657,2,307.0,0.40592328800299915,14,989.0,0.11060801918852535,4,1890.0,0.3500007147173666,20,3186.0
1425.0,39,245.0,2.45,4.148045751802561,8,321.0,0.32979100329704786,21,1083.0,0.17511906392331753,10,1914.0,0.29869526884625464,39,3318.0
1430.0,55,480.0,4.324324324324325,4.214151233651606,16,377.0,0.25522322970844863,24,1200.0,0.25866692768782024,15,1974.0,0.2369380966012134,55,3551.0
1435.0,65,782.0,6.8,4.2500575424701825,19,465.0,0.20037315393226124,24,1318.0,0.30585885593879397,22,2068.0,0.20304024448520372,65,3851.0
1440.0,72,1134.0,9.947368421052632,4.257314576923711,24,578.0,0.1834186571357547,24,1436.0,0.3035660468450797,24,2187.0,0.19373748061570073,72,4201.0
1445.0,63,1146.0,9.965217391304348,3.816336254048162,18,584.0,0.1682111471079238,20,1341.0,0.26035159176214695,25,2307.0,0.18412147978956067,63,4232.0
1450.0,51,975.0,8.705357142857142,4.392562636798163,12,471.0,0.23459260214017397,15,1024.0,0.23751129591896955,24,2427.0,0.17196622348296625,51,3922.0
1455.0,31,527.0,5.019047619047619,3.907137670117425,3,461.0,0.28044275878964336,10,976.0,0.179307220642135,18,2193.0,0.15874420869198794,31,3630.0
1460.0,30,284.0,2.704761904761905,4.305577442459295,8,474.0,0.2628683239772436,10,989.0,0.20163855405168296,12,1448.0,0.2731909332266364,30,2911.0
1465.0,32,169.0,1.5363636363636364,4.586005126823765,16,527.0,0.2777191377056464,14,1016.0,0.22917068231182056,2,1306.0,0.3592558601408966,32,2849.0
1470.0,50,367.0,3.3063063063063063,4.357694732154346,22,621.0,0.26540250939049587,20,1092.0,0.26859034571358786,8,1320.0,0.3539164156262451,50,3033.0
1475.0,61,648.0,5.6347826086956525,4.303844628679364,24,740.0,0.2699866965673846,24,1195.0,0.2288574689495733,13,1368.0,0.32002597273800915,61,3303.0
1480.0,67,969.0,8.008264462809917,4.363905138087163,24,860.0,0.2617374349475229,24,1315.0,0.2840610775544138,19,1449.0,0.2620563430791082,67,3624.0
1485.0,73,1324.0,10.942148760330578,4.317038837407561,25,980.0,0.24739452718844174,24,1435.0,0.2899778264484545,24,1564.0,0.2595537849521255,73,3979.0
1490.0,73,1684.0,13.580645161290322,4.4319298391826925,24,1100.0,0.23834385104925215,24,1553.0,0.27891317188253456,25,1684.0,0.24068603488485138,73,4337.0
1495.0,67,1808.0,14.699186991869919,4.434783495479525,24,1220.0,0.19783321396065942,19,1400.0,0.31043738681467986,24,1804.0,0.22653057734270504,67,4424.0
1500.0,56,1585.0,13.319327731092438,4.685922421625224,24,1340.0,0.1715933964583364,13,929.0,0.2653322382579687,19,1531.0,0.26272648130983767,56,3800.0
1505.0,34,946.0,8.298245614035087,4.440292667235715,19,1277.0,0.18966296912019687,4,850.0,0.21245723415412565,11,1036.0,0.22415350906180773,34,3163.0
1510.0,24,376.0,3.6153846153846154,4.442985615431177,11,952.0,0.26810563373800866,9,867.0,0.19626725777087797,4,942.0,0.21293148655221017,24,2761.0
1515.0,26,114.0,1.0961538461538463,4.7475427884406916,2,893.0,0.36024956477369935,15,915.0,0.2173225451843256,9,959.0,0.29572300869539586,26,2767.0
1520.0,41,280.0,2.5688073394495414,4.723570123888923,7,904.0,0.3564616307978472,19,991.0,0.2506862962153978,15,1019.0,0.2890035535654131,41,2914.0
1525.0,58,534.0,4.684210526315789,4.5739401392539545,12,954.0,0.3164835868986665,24,1097.0,0.2685159303509877,22,1108.0,0.25870121667655405,58,3159.0
1530.0,64,716.0,5.917355371900826,4.197140247827561,20,1039.0,0.2408115861607247,20,996.0,0.18155175743316754,24,1226.0,0.2152481454835255,64,3261.0
1535.0,62,832.0,6.991596638655462,4.463180371280187,24,1150.0,0.220185694177649,14,743.0,0.21988838127246985,24,1348.0,0.15068724204682724,62,3241.0
1540.0,42,629.0,5.469565217391304,4.559097145018341,19,1077.0,0.19593016666052787,4,688.0,0.29300314137699457,19,1155.0,0.1877763805194235,42,2920.0
1545.0,29,335.0,3.130841121495327,5.2391352385129215,12,813.0,0.2528150672635957,8,692.0,0.2625902665271832,9,818.0,0.2884661455714512,29,2323.0
1550.0,20,95.0,0.9405940594059405,5.053564145957598,3,667.0,0.36969628658367887,13,728.0,0.167092171881448,4,841.0,0.28763540074465216,20,2236.0
1555.0,38,242.0,2.5208333333333335,4.229909511807683,9,673.0,0.3871496377292427,20,821.0,0.20058940458653107,9,872.0,0.23563845697832322,38,2366.0
1560.0,55,483.0,4.6,4.235069491097785,15,727.0,0.28333672349504135,24,936.0,0.2566486806088033,16,939.0,0.17002103857303322,55,2602.0
1565.0,68,791.0,7.1909090909090905,4.165174968627781,20,814.0,0.23776554472342695,24,1054.0,0.2670018253046817,24,1041.0,0.13799422842140796,68,2909.0
1570.0,73,1146.0,10.513761467889909,4.023077586749706,24,929.0,0.18103559191805127,24,1172.0,0.2086472916953208,25,1161.0,0.19839712354461286,73,3262.0
1575.0,66,1348.0,12.36697247706422,4.203126180044783,24,1049.0,0.22688161706964127,24,1292.0,0.18278182328699585,18,1053.0,0.2878037806471928,66,3394.0
1580.0,53,1264.0,11.813084112149532,4.447494323833226,19,959.0,0.24377219157951702,24,1412.0,0.13360213654219472,10,709.0,0.36270638023988394,53,3080.0
1585.0,37,1062.0,10.310679611650485,4.601070968122512,11,675.0,0.3068885108428843,24,1532.0,0.10015321530017694,2,732.0,0.3444915405570762,37,2939.0
1590.0,29,745.0,7.6020408163265305,3.986189288868635,3,605.0,0.25195288574021857,18,1411.0,0.13299855789427711,8,750.0,0.28460928785298867,29,2766.0
1595.0,38,457.0,4.352380952380952,5.1098840453220635,12,632.0,0.23977110686408956,9,1056.0,0.3632589437398905,17,809.0,0.2489613342589842,38,2497.0
1600.0,35,276.0,2.5555555555555554,5.440646570331262,15,690.0,0.2123199362066881,1,881.0,0.5036188356871455,19,897.0,0.1369773081889772,35,2468.0
1605.0,45,383.0,3.6132075471698113,5.018372048254865,21,780.0,0.22434579750437075,6,898.0,0.4180674115762852,18,818.0,0.21770701251407862,45,2496.0
1610.0,45,452.0,4.264150943396227,4.909414865503514,24,896.0,0.22720892806532314,12,939.0,0.3306927103486883,9,575.0,0.2782028499410986,45,2410.0
1615.0,44,564.0,5.529411764705882,4.340053279428333,24,1016.0,0.2756575280925715,18,1014.0,0.18224478583471893,2,540.0,0.3045329786909831,44,2570.0
1620.0,54,815.0,8.069306930693068,3.876492648722743,24,1136.0,0.20375803201925421,23,1120.0,0.2401402312233973,7,562.0,0.33570947419841607,54,2818.0
1625.0,65,1111.0,10.287037037037036,3.80930585299935,25,1256.0,0.15562253982113705,24,1240.0,0.25923424717114407,16,618.0,0.2566591177757232,65,3114.0
1630.0,58,1031.0,9.458715596330276,3.853273086965998,18,1154.0,0.15775785658218802,20,1141.0,0.2810181454634404,20,704.0,0.2094355303310988,58,2999.0
1635.0,48,727.0,6.669724770642202,4.708824723761692,11,831.0,0.2543160899112545,13,874.0,0.21578202514045697,24,820.0,0.1559418446127667,48,2525.0
1640.0,28,315.0,3.0,5.0827637099304495,3,533.0,0.35720395568212937,6,823.0,0.2095316861203323,19,762.0,0.17383981211256552,28,2118.0
1645.0,24,206.0,2.06,5.888598271177846,7,335.0,0.4851783059575109,7,824.0,0.1879851728114255,10,510.0,0.2966324154116349,24,1669.0
1650.0,22,90.0,0.9473684210526315,5.480252367097512,4,247.0,0.4490975347687904,16,874.0,0.11612551830624646,2,464.0,0.3899371849905444,22,1585.0
1655.0,36,224.0,2.357894736842105,5.101852513450268,7,226.0,0.4748091419451068,20,968.0,0.20254526325430855,9,485.0,0.34342116525930505,36,1679.0
1660.0,48,426.0,4.096153846153846,5.396581732055984,9,255.0,0.4677057367367427,24,1080.0,0.28330642224936703,15,539.0,0.2689657102487776,48,1874.0
1665.0,49,529.0,4.7657657657657655,5.003633501198205,11,298.0,0.35441984292386586,18,991.0,0.33937211512515486,20,624.0,0.16713168279743928,49,1913.0
1670.0,51,575.0,5.043859649122807,5.076189844222435,16,363.0,0.2198433674285601,11,692.0,0.3755172917951722,24,734.0,0.13726687319272363,51,1789.0
1675.0,35,366.0,3.210526315789474,4.4823506954428884,13,325.0,0.19806211032666574,3,535.0,0.30186116478778213,19,706.0,0.181217243210917,35,1566.0
1680.0,31,198.0,1.8333333333333333,5.1473639932460005,11,171.0,0.31838756849032795,9,555.0,0.2060859488747497,11,533.0,0.28458735168669497,31,1259.0
1685.0,21,106.0,1.029126213592233,4.960148035133694,3,175.0,0.338210968390883,15,613.0,0.18287019142072689,3,504.0,0.3539424678160587,21,1292.0
1690.0,38,239.0,2.2547169811320753,4.503101247198763,10,192.0,0.3427321295923984,19,702.0,0.22381643356342593,9,524.0,0.33815492261042507,38,1418.0
1695.0,54,477.0,4.112068965517241,4.580715827774741,15,248.0,0.29652093396715945,24,815.0,0.24784319075569947,15,579.0,0.304662792397293,54,1642.0
1700.0,65,781.0,6.6752136752136755,4.3873197773350965,20,340.0,0.22720605551667647,24,933.0,0.3127187875661624,21,671.0,0.24286044763127965,65,1944.0
1705.0,74,1136.0,9.466666666666667,4.523934581624388,25,457.0,0.20416793353891394,24,1051.0,0.29672731548975156,25,789.0,0.2544743188430293,74,2297.0
1710.0,72,1496.0,12.466666666666667,4.67285920281141,24,577.0,0.20940247837258916,24,1171.0,0.2899851268319835,24,909.0,0.26990053175727097,72,2657.0
1715.0,66,1682.0,13.900826446280991,4.77062257856042,18,599.0,0.3030475942497393,24,1291.0,0.28480556249758265,24,1029.0,0.24991034992133657,66,2919.0
1720.0,58,1754.0,14.991452991452991,5.009208745901317,10,509.0,0.39147431944624733,24,1411.0,0.21532414845454856,24,1149.0,0.20076050160697814,58,3069.0
1725.0,46,1509.0,13.121739130434783,4.245858181290095,2,533.0,0.3036312758378777,20,1298.0,0.17621662735694166,24,1271.0,0.1917973166020279,46,3102.0
1730.0,47,1283.0,11.353982300884956,4.138943539389222,9,557.0,0.20004786721418652,13,1034.0,0.2277143278745677,25,1391.0,0.18425469261513297,47,2982.0
1735.0,38,830.0,7.217391304347826,4.392191911294919,16,617.0,0.16002327257388785,4,1061.0,0.29082541383826993,18,1297.0,0.2398944643305908,38,2975.0
1740.0,40,554.0,4.902654867256637,5.070118809374366,21,712.0,0.2145476442971887,8,1072.0,0.30540323946737274,11,949.0,0.2794328661960006,40,2733.0
1745.0,37,283.0,2.5495495495495497,5.140883197841237,19,707.0,0.2836198704709399,16,1124.0,0.17599781177690044,2,883.0,0.3992909794460641,37,2714.0
1750.0,41,324.0,3.056603773584906,4.800512817741003,11,575.0,0.3282027801069008,22,1224.0,0.18976535918750168,8,898.0,0.34370854619051283,41,2697.0
1755.0,41,400.0,3.7383177570093458,4.667401328574799,3,548.0,0.27705101518425296,24,1343.0,0.1802427400967402,14,948.0,0.3280806785280077,41,2839.0
1760.0,51,630.0,5.833333333333333,4.160140731748946,8,568.0,0.24170588964100614,24,1463.0,0.25244800469110606,19,1029.0,0.24664117929107984,51,3060.0
1765.0,66,919.0,8.06140350877193,4.383038071418278,17,628.0,0.23911530609007095,24,1581.0,0.2574553917428792,25,1138.0,0.18474074529245058,66,3347.0
1770.0,64,1039.0,9.114035087719298,4.33399069794624,21,719.0,0.18142603649084368,18,1448.0,0.2910574714551013,25,1258.0,0.14801752831745554,64,3425.0
1775.0,60,1041.0,9.378378378378379,4.132978633791303,25,835.0,0.16605946767720942,11,1113.0,0.26755464646101546,24,1378.0,0.1254394570930057,60,3326.0
1780.0,47,857.0,8.161904761904761,3.479548506341831,24,955.0,0.14749593722720566,5,1145.0,0.21728643652173266,18,1274.0,0.13304193267550987,47,3374.0
1785.0,39,593.0,5.871287128712871,3.5029585075151166,19,911.0,0.1664486574472839,9,1167.0,0.18143784609014116,11,966.0,0.2460494800856329,39,3044.0
1790.0,29,282.0,2.737864077669903,4.473602450671746,11,700.0,0.30290314498425736,15,1214.0,0.11001829865736648,3,990.0,0.3268178801767382,29,2904.0
1795.0,35,238.0,2.38,4.446289136931862,4,724.0,0.3804953753663472,21,1308.0,0.13010237647927853,10,1018.0,0.3197222083977338,35,3050.0
1800.0,50,455.0,4.2924528301886795,4.274414868171261,10,746.0,0.3611897517455671,24,1429.0,0.1944489257380269,16,1080.0,0.27020458588371593,50,3255.0
1805.0,57,589.0,5.258928571428571,4.35740488895871,17,812.0,0.22455989412015676,18,1306.0,0.3078829685292626,22,1175.0,0.2322296760693346,57,3293.0
1810.0,57,668.0,5.808695652173913,4.91330888692326,24,914.0,0.16753908558963362,9,857.0,0.4229644227695033,24,1295.0,0.18913714721294822,57,3066.0
1815.0,50,776.0,6.807017543859649,4.776599055049768,25,1034.0,0.1369056834730849,1,872.0,0.39418201231712413,24,1415.0,0.1557437704384866,50,3321.0
1820.0,44,701.0,6.431192660550459,4.447927091616994,18,965.0,0.22678760996907857,8,896.0,0.3240529798882277,18,1284.0,0.2408751889797154,44,3145.0
1825.0,35,411.0,3.7363636363636363,5.133328554813697,12,714.0,0.31767469318719826,14,950.0,0.2053377525552838,9,830.0,0.31519132628826846,35,2494.0
1830.0,25,180.0,1.7307692307692308,4.691796627278397,4,740.0,0.3008411048638165,19,1036.0,0.09263087712824168,2,853.0,0.4051850205210865,25,2629.0
1835.0,43,349.0,3.355769230769231,4.168883184714327,11,761.0,0.27345446282536706,24,1155.0,0.17461540788022398,8,872.0,0.3368122220960686,43,2788.0
1840.0,56,589.0,5.258928571428571,4.290162733682916,18,825.0,0.22900665700093087,24,1275.0,0.2760300643204854,14,925.0,0.2622470673705011,56,3025.0
1845.0,68,889.0,7.798245614035087,4.134732425070326,22,921.0,0.16388223438217972,24,1393.0,0.29894272859048654,22,1010.0,0.19114407566393268,68,3324.0
1850.0,72,1240.0,10.689655172413794,4.269247823812006,24,1038.0,0.2366082616797554,24,1511.0,0.23518945792166931,24,1126.0,0.21264629932659415,72,3675.0
1855.0,72,1600.0,14.035087719298245,4.015551077489413,24,1158.0,0.23128276102643947,24,1631.0,0.1721689857728531,24,1246.0,0.2039480268836317,72,4035.0
1860.0,72,1960.0,17.818181818181817,3.9629617975225515,24,1278.0,0.2407399178648648,24,1751.0,0.19746224410869193,24,1366.0,0.22870029498299219,72,4395.0
1865.0,67,2109.0,20.085714285714285,3.783602906669767,19,1198.0,0.26477690440394647,24,1871.0,0.22232091395752007,24,1486.0,0.20125795315477696,67,4555.0
1870.0,54,1782.0,16.97142857142857,3.9168238630448546,12,915.0,0.23803414732874661,18,1684.0,0.29053492767875827,24,1606.0,0.15419408691020198,54,4205.0
1875.0,38,1252.0,11.923809523809524,4.484059567734718,4,866.0,0.27900098288424996,10,1213.0,0.28822350360829996,24,1726.0,0.13814574538596297,38,3805.0
1880.0,33,1037.0,10.166666666666666,4.416700395006674,8,879.0,0.2695443405384694,1,1031.0,0.30974342458871834,24,1846.0,0.1029860004483689,33,3756.0
1885.0,42,910.0,8.75,4.31005686741308,15,936.0,0.24171253805564566,8,1051.0,0.2984843149521372,19,1655.0,0.23413481579221537,42,3642.0
1890.0,42,668.0,6.185185185185185,4.90129842925132,20,1022.0,0.2522960304076972,13,1103.0,0.28981174201614474,9,1254.0,0.3089508533723508,42,3379.0
1895.0,49,464.0,4.336448598130841,4.392783438614299,24,1136.0,0.27480135461003696,20,1188.0,0.2467044335372982,5,1281.0,0.286920532670337,49,3605.0
1900.0,58,736.0,6.943396226415095,4.089689586674297,24,1254.0,0.26357644097553323,24,1303.0,0.2307034283342746,10,1320.0,0.26769775964225534,58,3877.0
1905.0,65,1044.0,9.405405405405405,3.9004009346095727,24,1374.0,0.23163108505619046,24,1423.0,0.2728694327306025,17,1388.0,0.22953023230293082,65,4185.0
1910.0,71,1385.0,12.256637168141593,3.9785412536910965,24,1494.0,0.17373821475359535,24,1543.0,0.2832631160665623,23,1489.0,0.2824418181296069,71,4526.0
1915.0,73,1745.0,15.043103448275861,4.16297948927878,25,1614.0,0.1847065406085855,24,1661.0,0.26614898001146625,24,1609.0,0.26824543916007415,73,4884.0
1920.0,67,1874.0,16.017094017094017,4.027789353268192,24,1734.0,0.2064703233796742,19,1499.0,0.23482237964891003,24,1729.0,0.242800392834641,67,4962.0
1925.0,63,1853.0,15.837606837606838,4.432600605599702,25,1854.0,0.20402514546762957,14,1031.0,0.23736669698557156,24,1849.0,0.21139693233941217,63,4734.0
1930.0,53,1836.0,16.105263157894736,4.257211382336713,25,1974.0,0.1642837027925344,3,958.0,0.34732668701671454,25,1969.0,0.156658120616967,53,4901.0
1935.0,53,2084.0,18.774774774774773,4.388938064173343,24,2096.0,0.1727427702968269,5,955.0,0.3413607338664094,24,2089.0,0.19855971554522303,53,5140.0
1940.0,50,1704.0,15.35135135135135,4.423946699150415,19,1924.0,0.2523061828328873,13,993.0,0.25083326441163883,18,1904.0,0.26480959908311985,50,4821.0
1945.0,36,890.0,8.090909090909092,5.577242117278159,8,1466.0,0.42218030448134025,19,1068.0,0.19815135967202127,9,1421.0,0.37542770811341764,36,3955.0
1950.0,31,262.0,2.519230769230769,5.060070239323189,3,1483.0,0.4482627589013108,23,1177.0,0.1004582651060452,5,1448.0,0.3299213091613299,31,4108.0
1955.0,44,450.0,4.166666666666667,4.829071506014908,9,1513.0,0.32923813342663844,24,1300.0,0.20177236381533678,11,1481.0,0.32651008820111665,44,4294.0
1960.0,56,702.0,6.051724137931035,4.6018780779793165,15,1574.0,0.22081736212070396,24,1420.0,0.2641544747635345,17,1552.0,0.22041184840926684,56,4546.0
1965.0,70,1013.0,8.808695652173913,4.317579329840613,22,1666.0,0.10458105088089678,24,1540.0,0.3123001750856464,24,1652.0,0.18717579944748536,70,4858.0
1970.0,72,1371.0,12.241071428571429,4.332550864335497,24,1784.0,0.12669186030570243,24,1657.0,0.27998404941485033,24,1772.0,0.20529697833857177,72,5213.0
1975.0,72,1731.0,16.330188679245282,3.937081540524616,24,1904.0,0.18701674298527343,24,1777.0,0.23197742885077385,24,1892.0,0.2206137061281821,72,5573.0
1980.0,72,2091.0,20.300970873786408,3.5686582290739692,24,2024.0,0.24638182241401593,24,1897.0,0.2165145877622334,24,2012.0,0.2037542144523298,72,5933.0
1985.0,73,2451.0,23.796116504854368,3.425843623056933,24,2144.0,0.2575173641017919,24,2017.0,0.2068974356933016,25,2132.0,0.1972024816588851,73,6293.0
1990.0,72,2811.0,26.771428571428572,3.551861222244799,24,2264.0,0.21638686228235235,24,2137.0,0.20475314805121694,24,2252.0,0.2171644949964853,72,6653.0
1995.0,67,2892.0,26.53211009174312,4.056278521559035,25,2384.0,0.2179065428784635,24,2259.0,0.1364476090540465,18,2040.0,0.289673851581116,67,6683.0
2000.0,52,2476.0,22.306306306306308,4.544907007981811,18,2170.0,0.2733875110667941,24,2379.0,0.1067727726043534,10,1491.0,0.31265978068792344,52,6040.0
2005.0,30,1477.0,13.675925925925926,4.928656297737318,11,1630.0,0.31501799276280557,19,2165.0,0.18595369174951998,0,1240.0,0.3115139868665288,30,5035.0
2010.0,20,608.0,5.79047619047619,5.380778872447539,2,1383.0,0.291638735721823,10,1627.0,0.30589967979367644,8,1257.0,0.2823067758314631,20,4267.0
2015.0,25,101.0,1.01,5.148604119546758,8,1394.0,0.277450279434771,3,1647.0,0.4072402365918953,14,1308.0,0.18352877326792089,25,4349.0
2020.0,42,274.0,2.6346153846153846,4.918841210275485,13,1450.0,0.20432491430360586,9,1680.0,0.3899649229359083,20,1393.0,0.16293683899063013,42,4523.0
2025.0,60,542.0,5.018518518518518,4.250240037642732,20,1534.0,0.17117022502708615,16,1743.0,0.3158212179674409,24,1506.0,0.1907237845483133,60,4783.0
2030.0,70,863.0,8.219047619047618,3.899308973875898,24,1640.0,0.21127433455007555,22,1838.0,0.24372132520187914,24,1624.0,0.18641401939806543,70,5102.0
2035.0,72,1222.0,11.980392156862745,3.5836085537901803,24,1760.0,0.23282855738193997,24,1957.0,0.2254036551498409,24,1744.0,0.17130199096937995,72,5461.0
2040.0,67,1383.0,13.17142857142857,3.65139185305404,24,1880.0,0.22571011842625238,24,2077.0,0.20231731756044238,19,1525.0,0.2571698156435523,67,5482.0
2045.0,59,1400.0,13.08411214953271,4.050689923170554,25,2000.0,0.22335763216954735,24,2197.0,0.20016563141028682,10,1047.0,0.2785829696598489,59,5244.0
2050.0,53,1460.0,13.904761904761905,4.361427117644453,24,2120.0,0.26807782747682096,24,2317.0,0.11278019569597267,5,641.0,0.349646066219648,53,5078.0
2055.0,52,1454.0,13.339449541284404,4.43012106757856,25,2240.0,0.24627682299532724,18,2048.0,0.15302247901565202,9,592.0,0.32043305703792746,52,4880.0
2060.0,36,995.0,8.963963963963964,4.644571981827915,19,1991.0,0.16965183353918384,10,1552.0,0.283904877007818,7,607.0,0.28747971125515936,36,4150.0
2065.0,30,377.0,3.3963963963963963,4.862208831727281,16,1453.0,0.1996312450530948,2,1434.0,0.3177787914455164,12,492.0,0.2209744590416753,30,3379.0
2070.0,22,80.0,0.7692307692307693,4.918530123591366,6,1344.0,0.21356704557436165,7,1453.0,0.3194017808801384,9,281.0,0.26210443398131933,22,3078.0
2075.0,29,137.0,1.3173076923076923,4.5668883607118955,9,1342.0,0.20094637440202967,15,1516.0,0.23005596944081919,5,234.0,0.3352889940271755,29,3092.0
2080.0,39,209.0,1.971698113207547,4.407915226882694,16,1381.0,0.18871586766293752,15,1300.0,0.2721334462079096,8,228.0,0.29688919031391714,39,2909.0
2085.0,36,219.0,2.0091743119266057,5.046142680973549,15,1134.0,0.19951511228250204,9,866.0,0.4036992231180128,12,264.0,0.2171587823727495,36,2264.0
2090.0,33,220.0,1.981981981981982,5.334863493766996,9,735.0,0.31269253291122473,3,884.0,0.3776830814680899,21,349.0,0.1647584431533444,33,1968.0
2095.0,36,317.0,3.019047619047619,5.188046464550635,3,556.0,0.3847535946284657,9,916.0,0.29773729308164704,24,461.0,0.22678886689089972,36,1933.0
2100.0,47,524.0,4.943396226415095,4.651616034598727,9,581.0,0.3248599995766371,14,981.0,0.2496239678451173,24,579.0,0.2803905539487248,47,2141.0
2105.0,56,618.0,5.775700934579439,4.3802438619299675,14,631.0,0.32198472754967133,23,1077.0,0.23475112885087834,19,567.0,0.29115423975807225,56,2275.0
2110.0,49,546.0,4.918918918918919,4.383631682255452,20,718.0,0.2533629271439363,18,915.0,0.24391833829805284,11,431.0,0.245063657321115,49,2064.0
2115.0,40,388.0,3.4642857142857144,4.575305205231731,24,828.0,0.21322899942365356,10,534.0,0.2809720709525084,6,460.0,0.1830791700961353,40,1822.0
2120.0,37,446.0,4.2075471698113205,4.2765194155912,25,948.0,0.16488241777737256,4,554.0,0.27834719139568825,8,487.0,0.2614769720206478,37,1989.0
2125.0,48,658.0,5.9818181818181815,4.41473931708072,24,1070.0,0.15485954211365685,9,586.0,0.3155634681776489,15,545.0,0.23803620393261973,48,2201.0
2130.0,55,735.0,6.447368421052632,4.2535406499557915,18,963.0,0.20932443832297415,17,655.0,0.2556235779912224,20,639.0,0.24587041174720348,55,2257.0
2135.0,57,723.0,6.342105263157895,4.732958165595953,10,697.0,0.2965680876656883,23,755.0,0.2132134089538293,24,753.0,0.254039641518729,57,2205.0
2140.0,52,777.0,7.330188679245283,4.706240266443171,4,451.0,0.3850706075117484,24,875.0,0.12854698096781844,24,873.0,0.2888905958090776,52,2199.0
2145.0,46,853.0,8.201923076923077,4.527669785578886,4,421.0,0.3900235124928563,18,814.0,0.23017647831025748,24,993.0,0.20098170817850522,46,2228.0
2150.0,35,620.0,5.794392523364486,4.729316799735809,8,424.0,0.3253665933422492,8,533.0,0.3220173598011137,19,973.0,0.19031506326974992,35,1930.0
2155.0,25,299.0,2.7181818181818183,5.460039184721394,13,474.0,0.280673071261974,0,503.0,0.41981971309982485,12,747.0,0.2298750779173778,25,1724.0
2160.0,33,204.0,1.8214285714285714,5.027631048060024,20,564.0,0.2183627651077635,7,521.0,0.35835998669644553,6,720.0,0.30261651638989295,33,1805.0
2165.0,40,264.0,2.4,4.767140590801314,19,555.0,0.26683800082149256,13,573.0,0.31450725611054337,8,737.0,0.30206651869778245,40,1865.0
2170.0,44,329.0,2.836206896551724,5.214136519817043,10,423.0,0.3346908795645757,19,657.0,0.2519833467482836,15,776.0,0.2971854333948499,44,1856.0
2175.0,40,250.0,2.1367521367521367,4.240437985497765,5,453.0,0.2712962653405248,19,638.0,0.20744384328458496,16,710.0,0.23630055201061947,40,1801.0
2180.0,35,210.0,1.8584070796460177,4.54938822264377,8,477.0,0.24089285242064223,13,490.0,0.22103896599695746,14,533.0,0.2341601727953821,35,1500.0
2185.0,27,135.0,1.1842105263157894,4.558181588011966,17,533.0,0.1812846154251359,4,469.0,0.34021009239384303,6,568.0,0.1742785536925915,27,1570.0
2190.0,37,260.0,2.385321100917431,4.475314395729575,21,625.0,0.2107399524532463,8,486.0,0.34731149892722324,8,575.0,0.24981621454784822,37,1686.0
2195.0,48,370.0,3.189655172413793,4.455876000604101,18,607.0,0.2742732794488922,15,534.0,0.2900690916914535,15,615.0,0.2545505310135743,48,1756.0
2200.0,50,458.0,3.8813559322033897,4.934124526015678,9,374.0,0.31148050632513735,21,621.0,0.244726968169089,20,701.0,0.26921457042066577,50,1696.0
2205.0,52,605.0,5.2155172413793105,4.888843626934205,3,397.0,0.3520455806408737,24,736.0,0.19827065723654286,25,817.0,0.2699588421539809,52,1950.0
2210.0,58,873.0,7.725663716814159,4.932918151007565,10,421.0,0.3045756859252659,24,858.0,0.21691693197322587,24,937.0,0.2827548253098438,58,2216.0
2215.0,62,1172.0,10.191304347826087,4.598954066703402,14,481.0,0.2913217177591283,24,978.0,0.25182530485550003,24,1057.0,0.2562937611404279,62,2516.0
2220.0,67,1498.0,12.803418803418804,4.569404189327467,19,569.0,0.23961428639744956,24,1096.0,0.28286742275179394,24,1177.0,0.1860741973536604,67,2842.0
2225.0,67,1616.0,13.931034482758621,4.033651954923251,24,684.0,0.20468118184410955,19,1029.0,0.23468918903612454,24,1297.0,0.1689184295166574,67,3010.0
2230.0,62,1584.0,13.655172413793103,4.104538109557856,24,804.0,0.16131761157772515,14,812.0,0.24600061522500782,24,1417.0,0.13253280615802926,62,3033.0
2235.0,51,1395.0,12.79816513761468,3.8030450678262655,19,796.0,0.1356160541337259,8,850.0,0.22130125021915859,24,1537.0,0.10247468349924427,51,3183.0
2240.0,38,1049.0,10.184466019417476,3.6732363138715556,12,644.0,0.24214804074374988,8,865.0,0.15124726305967381,18,1415.0,0.1630778811971306,38,2924.0
2245.0,29,526.0,5.106796116504855,4.339082490826361,4,664.0,0.2866128051484602,14,908.0,0.14567433859162268,11,1073.0,0.2859279881025905,29,2645.0
2250.0,31,227.0,2.27,4.797940295272122,9,687.0,0.36706114954616337,21,999.0,0.17860941765154062,1,1003.0,0.3940206249954597,31,2689.0
2255.0,46,432.0,4.153846153846154,4.384385499211671,15,746.0,0.2877514974690352,24,1120.0,0.24346851561589095,7,1023.0,0.35885420933443724,46,2889.0
2260.0,62,696.0,6.27027027027027,4.252108334036464,21,834.0,0.229984912043988,24,1240.0,0.2775556600197567,17,1081.0,0.28088061054242924,62,3155.0
2265.0,69,1025.0,9.070796460176991,4.223424636858747,24,953.0,0.18543268388026884,24,1358.0,0.2851758706973317,21,1171.0,0.22822013691455956,69,3482.0
2270.0,72,1380.0,12.105263157894736,4.343622619243379,24,1073.0,0.15660237008773736,24,1476.0,0.26555637767266005,24,1286.0,0.2422302048752041,72,3835.0
2275.0,66,1595.0,14.63302752293578,4.2412143773324695,24,1193.0,0.1843716231641791,24,1596.0,0.246006766280611,18,1174.0,0.2942393647465333,66,3963.0
2280.0,51,1483.0,13.85981308411215,4.437375867077862,18,1124.0,0.25534181363562003,24,1716.0,0.17312230413966917,9,894.0,0.35341885691952746,51,3734.0
2285.0,34,1239.0,12.39,4.480531210836509,9,860.0,0.29871523123771143,24,1836.0,0.14093405972700063,1,841.0,0.2999189963279173,34,3537.0
2290.0,36,1176.0,11.643564356435643,4.107296984508852,2,880.0,0.323453007668062,24,1958.0,0.12128877270213567,10,865.0,0.2781017182202675,36,3703.0
2295.0,45,1025.0,9.761904761904763,4.199352334022662,11,907.0,0.24225621679324758,18,1811.0,0.2643020845056034,16,925.0,0.23973668246308144,45,3643.0
2300.0,46,744.0,6.642857142857143,5.009133513574068,16,974.0,0.1943636190666343,9,1429.0,0.41090685351734313,21,1015.0,0.20716753043310313,46,3418.0
2305.0,45,386.0,3.5090909090909093,4.767911335669194,22,1073.0,0.1822252167437392,4,1455.0,0.3730913899128866,19,932.0,0.19644971390826194,45,3460.0
2310.0,48,475.0,4.398148148148148,4.624729429993019,24,1193.0,0.20993621228512466,9,1486.0,0.2935137925990113,15,652.0,0.2400794044111252,48,3331.0
2315.0,39,502.0,4.735849056603773,4.184114686375014,24,1313.0,0.2323378363417083,10,1313.0,0.21778106224427862,5,602.0,0.2955832421666243,39,3228.0
2320.0,34,439.0,4.262135922330097,4.538752679908447,18,1227.0,0.22178361963633217,9,939.0,0.3098798036903453,7,609.0,0.2674957615005844,34,2775.0
2325.0,29,277.0,2.564814814814815,4.6318917185024455,13,932.0,0.1631662814684365,1,856.0,0.3235711778998428,15,658.0,0.19197596225632385,29,2446.0
2330.0,34,210.0,2.019230769230769,4.420627177479051,5,963.0,0.21383054604704255,8,867.0,0.3256956849674919,21,751.0,0.2064893580354205,34,2581.0
2335.0,46,403.0,3.7314814814814814,4.609257581345502,8,977.0,0.2980523281761012,13,920.0,0.28176898732097977,25,865.0,0.23253011350667596,46,2762.0
2340.0,59,667.0,5.955357142857143,4.406745408157522,16,1031.0,0.2735894436445242,19,1005.0,0.266966233393715,24,983.0,0.22523790438491212,59,3019.0
2345.0,71,990.0,8.761061946902656,4.137003887273399,22,1121.0,0.2706616504518148,24,1119.0,0.24645714864125587,25,1103.0,0.18695252815075974,71,3343.0
2350.0,72,1349.0,12.044642857142858,4.283648522322198,24,1240.0,0.26832594427713646,24,1237.0,0.2630373971943565,24,1223.0,0.15046207435620423,72,3700.0
2355.0,67,1472.0,13.142857142857142,4.2520746035892145,24,1360.0,0.29125368383529787,24,1357.0,0.21693566242022513,19,1134.0,0.22946542747288273,67,3851.0
2360.0,54,1262.0,11.168141592920353,4.705415482887935,25,1480.0,0.23220040166947256,18,1211.0,0.25204019067204714,11,821.0,0.32569549988498575,54,3512.0
2365.0,40,912.0,8.290909090909091,4.56691475052102,24,1600.0,0.16452854761035748,12,822.0,0.204725052993373,4,843.0,0.30340676912769105,40,3265.0
2370.0,31,587.0,5.435185185185185,4.38663305719523,19,1471.0,0.19592657888089365,4,857.0,0.2965803795239289,8,870.0,0.23175659101893079,31,3198.0
2375.0,35,393.0,3.5089285714285716,4.931466742810339,11,1082.0,0.33752847039224915,9,875.0,0.2814660882149501,15,931.0,0.22841167207912536,35,2888.0
2380.0,40,287.0,2.63302752293578,4.500788084584043,2,1007.0,0.32377864988874616,16,930.0,0.2120912886778357,22,1021.0,0.2179395135108613,40,2958.0
2385.0,55,529.0,5.186274509803922,4.2291506374305685,9,1029.0,0.33597199011308565,21,1025.0,0.24367596131226923,25,1140.0,0.27529900040954836,55,3194.0
2390.0,64,832.0,7.703703703703703,4.273924100541124,16,1092.0,0.24045867162218013,24,1143.0,0.287871206463185,24,1258.0,0.2552261231842942,64,3493.0
2395.0,67,1162.0,10.283185840707965,4.0934343764535965,19,1182.0,0.23348893485246988,24,1263.0,0.28467040897319507,24,1378.0,0.20472425501437502,67,3823.0
2400.0,73,1517.0,13.307017543859649,4.2255731329312916,24,1297.0,0.23115081405669258,24,1381.0,0.2266860495568732,25,1498.0,0.22033809165572343,73,4176.0
2405.0,72,1877.0,16.758928571428573,4.289803609406217,24,1417.0,0.23546197643879888,24,1501.0,0.16067400389611539,24,1618.0,0.2584772515541165,72,4536.0
2410.0,73,2237.0,20.336363636363636,4.094351831155045,25,1537.0,0.22335733812098732,24,1621.0,0.23420369620869902,24,1738.0,0.253386067549136,73,4896.0
2415.0,72,2597.0,23.60909090909091,4.082316412369861,24,1657.0,0.23356616457679216,24,1741.0,0.25810903627173787,24,1858.0,0.22582762456112007,72,5256.0
2420.0,74,2957.0,27.37962962962963,3.777698477303397,25,1777.0,0.1729054055242637,24,1861.0,0.208583590304815,25,1978.0,0.195002987080896,74,5616.0
2425.0,60,2687.0,24.65137614678899,3.9666524600096884,18,1619.0,0.23395184923405773,24,1983.0,0.1679649088282159,18,1829.0,0.24788890806925276,60,5431.0
2430.0,47,2038.0,18.36036036036036,4.797234691930795,12,1194.0,0.2741767801137818,24,2103.0,0.13608096269006356,11,1437.0,0.31810483934642586,47,4734.0
2435.0,23,1008.0,9.50943396226415,4.998731738446373,3,1217.0,0.32104017546030816,18,1899.0,0.12474552083048387,2,1462.0,0.32521055499212626,23,4578.0
2440.0,27,529.0,5.3979591836734695,4.555483451803412,9,1241.0,0.24702573410862586,10,1422.0,0.24583691922774478,8,1484.0,0.2852343114366851,27,4147.0
2445.0,35,198.0,1.8504672897196262,4.838990447641288,15,1300.0,0.16602623400151426,4,1443.0,0.3974869319481886,16,1543.0,0.21195076829108847,35,4286.0
2450.0,51,418.0,3.943396226415094,4.467998649294122,21,1394.0,0.12599765433194826,10,1478.0,0.39106399985478013,20,1630.0,0.20365264086221627,51,4502.0
2455.0,57,599.0,5.546296296296297,4.273391799867708,18,1262.0,0.2369776237022526,15,1544.0,0.2788838624386626,24,1749.0,0.2235378834361068,57,4555.0
2460.0,57,727.0,7.058252427184466,4.20430413654061,9,878.0,0.3456777680486961,24,1645.0,0.1704686223396945,24,1869.0,0.21753117720813317,57,4392.0
2465.0,51,877.0,8.948979591836734,4.049503754744755,3,898.0,0.3278658967375267,24,1764.0,0.15977940286511097,24,1987.0,0.232405349219332,51,4649.0
2470.0,53,992.0,9.92,3.88515807063527,10,931.0,0.3207561021233256,18,1633.0,0.25577544586164597,25,2107.0,0.1569427215180274,53,4671.0
2475.0,44,775.0,7.311320754716981,4.4136814744338455,16,990.0,0.20187856432108012,10,1234.0,0.3094066486201785,18,1929.0,0.1624290098525293,44,4153.0
2480.0,27,352.0,3.3523809523809525,4.807497159922675,15,860.0,0.20439532760150372,1,1146.0,0.30377620755774226,11,1450.0,0.22413542235582262,27,3456.0
2485.0,22,86.0,0.8775510204081632,4.997278680866267,12,556.0,0.26866773100246494,8,1160.0,0.24764100130550495,2,1342.0,0.2963057009025676,22,3058.0
2490.0,24,112.0,1.1313131313131313,4.731327863201639,3,514.0,0.3305742658628828,13,1214.0,0.20079336657171984,8,1363.0,0.27658695661214244,24,3091.0
2495.0,40,202.0,2.0,4.343992183421584,9,532.0,0.3238672965308582,15,1045.0,0.2663538016417212,16,1423.0,0.23319804084782494,40,3000.0
2500.0,40,232.0,2.1481481481481484,4.926295307620118,15,584.0,0.2524088287895302,8,652.0,0.38872949661278444,17,1234.0,0.23649139830308197,40,2470.0
2505.0,31,236.0,2.185185185185185,5.542321579234022,21,671.0,0.19369286242333217,2,582.0,0.3908319645822393,8,788.0,0.34635551332286324,31,2041.0
2510.0,37,335.0,3.160377358490566,4.896613097967882,24,786.0,0.20811728733580628,10,611.0,0.2846696987566561,3,813.0,0.3295372046649798,37,2210.0
2515.0,45,540.0,5.046728971962617,4.724313038192627,24,906.0,0.23239471105477028,13,670.0,0.2831803411240546,8,841.0,0.3266370088892395,45,2417.0
2520.0,60,804.0,7.243243243243243,4.149589864409556,24,1026.0,0.20874819329842453,20,754.0,0.26404220478653884,16,901.0,0.27210554328221,60,2681.0
2525.0,63,923.0,8.46788990825688,3.9046740205288755,18,940.0,0.15617179109455442,24,873.0,0.24781658492793882,21,994.0,0.28709785649356756,63,2807.0
2530.0,59,931.0,8.387387387387387,4.288709667537119,11,664.0,0.17990489777914492,24,991.0,0.25534150289806773,24,1112.0,0.2634837384109856,59,2767.0
2535.0,53,966.0,8.944444444444445,4.384542216572882,4,694.0,0.3001153749878832,24,1111.0,0.2618135242077926,25,1232.0,0.20000054972901132,53,3037.0
2540.0,58,1243.0,11.616822429906541,4.279430574843947,10,721.0,0.308377128233606,24,1231.0,0.2213996335871471,24,1352.0,0.17188119809955324,58,3304.0
2545.0,64,1549.0,13.469565217391304,4.254289943526724,16,787.0,0.25740507283038305,24,1351.0,0.23753944312871497,24,1472.0,0.17496394012521707,64,3610.0
2550.0,63,1638.0,14.495575221238939,4.4877239906059,21,882.0,0.3037841373681098,24,1471.0,0.2293662520630765,18,1300.0,0.24091327086064923,63,3653.0
2555.0,58,1587.0,14.694444444444445,4.314656106489902,25,1000.0,0.2724449712806443,24,1589.0,0.16299616382224247,9,878.0,0.27092176525371164,58,3467.0
2560.0,55,1597.0,15.35576923076923,4.23921627271063,24,1120.0,0.2374523773432719,24,1709.0,0.16030178965044317,7,482.0,0.31313836162506176,55,3311.0
2565.0,46,1637.0,16.04901960784314,4.138310061815489,18,1059.0,0.2225965070805771,24,1829.0,0.1318090751448596,4,489.0,0.34488639305229746,46,3377.0
2570.0,38,1193.0,11.471153846153847,4.154632219232088,12,766.0,0.2047747901260766,18,1630.0,0.14665148598480934,8,494.0,0.28540708222580113,38,2890.0
2575.0,33,605.0,5.654205607476635,5.024148436190769,6,729.0,0.25352212647141736,13,1220.0,0.29076462750157245,14,535.0,0.2589601892683493,33,2484.0
2580.0,28,187.0,1.7641509433962264,5.150769430048057,8,743.0,0.2631460118963207,3,1160.0,0.39235418526406163,17,610.0,0.23844500498870735,28,2513.0
2585.0,41,353.0,3.2990654205607477,4.685058149138882,11,775.0,0.2481482724234815,8,1173.0,0.34037608519458284,22,711.0,0.23817502923809938,41,2659.0
2590.0,57,607.0,5.468468468468468,4.243969735971989,19,850.0,0.2268251793499667,14,1222.0,0.289295044535937,24,830.0,0.22642445374164627,57,2902.0
2595.0,62,806.0,7.008695652173913,3.987471971170578,19,786.0,0.27591102873532114,19,1304.0,0.23680296694896608,24,950.0,0.19345332508737018,62,3040.0
2600.0,54,860.0,7.610619469026549,4.153427475348949,11,562.0,0.30596310906932317,19,1212.0,0.1856936113054426,24,1068.0,0.1266032337996154,54,2842.0
2605.0,40,835.0,7.590909090909091,4.313589534959496,3,452.0,0.2696974452023796,12,909.0,0.25348964035475,25,1188.0,0.1006703701393626,40,2549.0
2610.0,30,631.0,5.952830188679245,4.400968283276023,7,468.0,0.24003525225922667,5,856.0,0.2735882650331329,18,1124.0,0.19539643484038033,30,2448.0
2615.0,31,366.0,3.3577981651376145,5.006023226152994,14,513.0,0.2536921240081815,9,868.0,0.25461479673012866,8,773.0,0.3427064560970343,31,2154.0
2620.0,37,253.0,2.3211009174311927,4.763168078283339,20,595.0,0.2096267547612298,15,910.0,0.23580090062996165,2,791.0,0.38989083147229486,37,2296.0
2625.0,55,478.0,4.425925925925926,4.334984766930871,25,705.0,0.25983796658135455,21,998.0,0.23216832582332345,9,816.0,0.3278841591244173,55,2519.0
2630.0,58,627.0,5.648648648648648,4.076508534394101,19,638.0,0.26338549476532497,24,1115.0,0.2230024959127453,15,873.0,0.2996640209916313,58,2626.0
2635.0,59,723.0,6.28695652173913,4.051640647864445,14,481.0,0.20458715407546046,24,1235.0,0.20046987535726268,21,965.0,0.258656748978469,59,2681.0
2640.0,49,667.0,5.850877192982456,4.310415920604652,7,459.0,0.2333834043501782,18,1123.0,0.2401131437359041,24,1084.0,0.2659155523971041,49,2666.0
2645.0,44,649.0,5.643478260869565,4.780681097308449,8,473.0,0.26442111575273586,12,790.0,0.3206874727114322,24,1204.0,0.2249232266787141,44,2467.0
2650.0,37,457.0,3.8728813559322033,4.41556736230556,15,516.0,0.22530145142059,4,812.0,0.31480917902828404,18,1110.0,0.16615883866094294,37,2438.0
2655.0,46,409.0,3.4661016949152543,4.429063114540184,22,610.0,0.21101041734744422,10,836.0,0.2536221031174429,14,825.0,0.23101151370185516,46,2271.0
2660.0,42,402.0,3.322314049586777,4.861164220338506,24,725.0,0.24223254625039803,15,893.0,0.1980662552385896,3,725.0,0.3363943037011282,42,2343.0
2665.0,55,638.0,5.696428571428571,4.712889002422535,24,845.0,0.26444747768241395,21,988.0,0.26783448103858737,10,731.0,0.3464840920127607,55,2564.0
2670.0,62,932.0,8.247787610619469,4.773653184705276,24,963.0,0.24728075543898187,24,1104.0,0.310150959497655,14,782.0,0.3361595258039661,62,2849.0
2675.0,68,1260.0,10.76923076923077,4.623345784570112,24,1083.0,0.21529008021290985,24,1222.0,0.2958814524944129,20,870.0,0.24757779165563973,68,3175.0
2680.0,73,1612.0,13.661016949152541,4.458691066131714,25,1203.0,0.2340115406046711,24,1342.0,0.24604678143769976,24,982.0,0.25127958122697946,73,3527.0
2685.0,73,1972.0,16.854700854700855,4.549524298406974,24,1323.0,0.292748550232402,24,1462.0,0.20806424927540965,25,1102.0,0.2548587136189803,73,3887.0
2690.0,72,2332.0,19.76271186440678,4.427822179077314,24,1443.0,0.28026864699295656,24,1582.0,0.13211537967797457,24,1222.0,0.21080098463039987,72,4247.0
2695.0,72,2692.0,23.614035087719298,4.278265721166172,24,1563.0,0.23678950355985706,24,1702.0,0.1910533017878506,24,1342.0,0.20134790785797246,72,4607.0
2700.0,62,2391.0,21.15929203539823,3.9931546881099407,19,1470.0,0.1847271268666489,18,1518.0,0.2223187930070366,25,1462.0,0.18722730851077415,62,4450.0
2705.0,42,1425.0,12.837837837837839,4.913059822058482,13,1193.0,0.1928903564307152,11,1124.0,0.2386986058149321,18,1361.0,0.2197375779417419,42,3678.0
2710.0,22,321.0,3.242424242424242,5.03249289490374,7,1222.0,0.2071080169145658,4,685.0,0.23937447627553943,11,1026.0,0.207274317605987,22,2933.0
2715.0,17,88.0,0.9777777777777777,5.5630752988365515,9,1232.0,0.19872567327336949,7,443.0,0.4231638653234816,1,949.0,0.24245119619573605,17,2624.0
2720.0,24,80.0,0.8695652173913043,4.732127376257823,13,1100.0,0.15407498599552527,3,381.0,0.42332974495218056,8,961.0,0.1973398740857705,24,2442.0
2725.0,32,153.0,1.627659574468085,5.3874288224556235,10,827.0,0.2485341186717715,8,364.0,0.39804029357603693,14,1019.0,0.2428517179985826,32,2210.0
2730.0,34,278.0,2.9574468085106385,5.715520551194559,5,425.0,0.4137370476433973,10,395.0,0.34470922005539484,19,1103.0,0.25333010410857176,34,1923.0
2735.0,42,427.0,4.7444444444444445,4.659939097353988,6,435.0,0.3838836633599356,12,447.0,0.2975269160265962,24,1216.0,0.2703278808288168,42,2098.0
2740.0,53,628.0,6.474226804123711,4.006789358316145,12,447.0,0.27911142641836123,17,517.0,0.29798338474512115,24,1334.0,0.20248379452347742,53,2298.0
2745.0,57,899.0,8.728155339805825,4.34874413134174,13,484.0,0.3612582129997003,19,607.0,0.2844392335054081,25,1454.0,0.15260249243864407,57,2545.0
2750.0,64,1203.0,10.837837837837839,4.107965273505405,18,556.0,0.27993156920391915,22,712.0,0.25768423204508706,24,1574.0,0.1570941109639342,64,2842.0
2755.0,72,1544.0,14.296296296296296,3.9691850400014457,24,658.0,0.2396442414898776,24,831.0,0.23491856416852516,24,1694.0,0.22661052446955082,72,3183.0
2760.0,66,1640.0,15.327102803738319,3.75894733393571,24,778.0,0.2262003589233397,24,951.0,0.2193851245334607,18,1519.0,0.2179321219639774,66,3248.0
2765.0,61,1555.0,14.26605504587156,4.266525268146995,25,898.0,0.2342425256043002,24,1071.0,0.20944107788468577,12,1170.0,0.294021523092231,61,3139.0
2770.0,46,1216.0,11.471698113207546,4.207662194996541,24,1018.0,0.19098356484625903,18,973.0,0.21092301706756236,4,1089.0,0.33533821089176835,46,3080.0
2775.0,46,1042.0,9.830188679245284,4.689090602200884,24,1138.0,0.16811600388137055,12,685.0,0.2694333230139474,10,1107.0,0.325218194187294,46,2930.0
2780.0,36,712.0,6.592592592592593,4.590804705830136,18,1039.0,0.1418020078708619,4,627.0,0.31769145313902314,14,1162.0,0.2055174851054373,36,2828.0
2785.0,40,489.0,4.486238532110092,4.859586494606419,11,706.0,0.26775741504497697,8,648.0,0.3089202651444063,21,1252.0,0.192697793946699,40,2606.0
2790.0,43,396.0,3.7358490566037736,4.583763074315381,3,676.0,0.34693862199000974,16,699.0,0.24188760949116228,24,1368.0,0.24137600436476692,43,2743.0
2795.0,53,638.0,6.018867924528302,4.48707204883127,9,699.0,0.34236715628560593,20,790.0,0.2552918499386777,24,1488.0,0.282865677858261,53,2977.0
2800.0,63,933.0,8.481818181818182,4.189522811288307,15,758.0,0.26910572280969275,24,905.0,0.25933365070453857,24,1606.0,0.2492001304872988,63,3269.0
2805.0,69,1267.0,11.212389380530974,4.085747410141642,21,852.0,0.26197073190765185,24,1025.0,0.289386201753859,24,1726.0,0.19763987507779793,69,3603.0
2810.0,69,1385.0,11.939655172413794,3.955823180071467,25,968.0,0.2786005948356536,24,1143.0,0.2146853121657947,20,1551.0,0.20385490888847435,69,3662.0
2815.0,61,1352.0,11.457627118644067,4.678084381981633,24,1088.0,0.2694234604657129,24,1263.0,0.16779257353441693,13,1168.0,0.29554118560367815,61,3519.0
2820.0,50,1337.0,12.045045045045045,4.380365461462755,24,1208.0,0.24144985099728616,24,1383.0,0.13332690929230723,2,1079.0,0.35392690577507496,50,3670.0
2825.0,55,1592.0,14.472727272727273,4.1942917760624,24,1328.0,0.20250637411621325,24,1505.0,0.198900394599116,7,1081.0,0.3427800920739691,55,3914.0
2830.0,56,1645.0,14.304347826086957,4.0175186333925295,18,1262.0,0.13391293872112037,24,1625.0,0.250450819183894,14,1130.0,0.25187295360313455,56,4017.0
2835.0,56,1567.0,13.74561403508772,4.476612104309102,13,1011.0,0.20241213335225997,24,1743.0,0.23703820788011612,19,1210.0,0.23545979383823337,56,3964.0
2840.0,45,1178.0,10.517857142857142,4.38349897198838,3,1032.0,0.24360315199707558,18,1652.0,0.23818578948793012,24,1323.0,0.20455470172514847,45,4007.0
2845.0,47,848.0,8.076190476190476,4.52837733288143,11,1048.0,0.2019609855848126,12,1340.0,0.29248904352160787,24,1443.0,0.16071135276650592,47,3831.0
2850.0,40,448.0,4.186915887850467,4.077185347897957,17,1108.0,0.12385654430926807,4,1276.0,0.3108494277813856,19,1276.0,0.12019516747986429,40,3660.0
2855.0,36,313.0,3.0096153846153846,4.467340735200483,15,1014.0,0.23834755677346306,9,1296.0,0.2488766063138065,12,927.0,0.22094093919398153,36,3237.0
2860.0,27,160.0,1.6,4.958311409548887,9,737.0,0.34879403695245975,14,1348.0,0.15904806280280126,4,854.0,0.33021046634710266,27,2939.0
2865.0,33,228.0,2.28,4.356204690347556,3,760.0,0.3631667202385045,20,1437.0,0.14968056365028037,10,867.0,0.33042786125597046,33,3064.0
2870.0,43,314.0,2.9904761904761905,4.221103346472286,11,793.0,0.3328787654114406,18,1323.0,0.2390707594131394,14,921.0,0.27496836793176305,43,3037.0
2875.0,45,380.0,3.3333333333333335,4.536028722379847,16,861.0,0.26738965751607524,9,963.0,0.33632433532855815,20,1008.0,0.21338967619070237,45,2832.0
2880.0,44,412.0,3.6140350877192984,4.091945001910634,17,755.0,0.20144954406100568,3,983.0,0.30367371762277473,24,1121.0,0.18287533421906318,44,2859.0
2885.0,48,524.0,4.517241379310345,4.573837659467068,15,501.0,0.24869318719732814,9,1007.0,0.2936510925961466,24,1241.0,0.17344092221036594,48,2749.0
2890.0,48,641.0,5.432203389830509,4.6767693521690825,6,420.0,0.3238665347350643,17,1068.0,0.19140133617083724,25,1361.0,0.23678795443477682,48,2849.0
2895.0,47,772.0,6.892857142857143,4.234381575158502,8,418.0,0.3160561112975452,15,921.0,0.25185233251478584,24,1481.0,0.22459829610862675,47,2820.0
2900.0,41,664.0,5.928571428571429,4.462610594074941,12,451.0,0.21740842055585985,11,597.0,0.3091463558170078,18,1358.0,0.24473353292357958,41,2406.0
2905.0,37,410.0,3.5652173913043477,5.06193510194371,20,530.0,0.22976911720677343,5,622.0,0.3773106460090781,12,977.0,0.23549797830958338,37,2129.0
2910.0,38,306.0,2.6608695652173915,4.880847295567238,23,641.0,0.23937281386538067,10,648.0,0.2973314142489898,5,1003.0,0.29139157852578723,38,2292.0
2915.0,51,525.0,4.525862068965517,4.8428631821755985,24,761.0,0.2401516250000958,18,715.0,0.27153238694002096,9,1026.0,0.33877927799896645,51,2502.0
2920.0,56,637.0,5.444444444444445,4.408542464875566,18,706.0,0.27660587611052234,23,815.0,0.22697323491735447,15,1085.0,0.3089563316401123,56,2606.0
2925.0,58,686.0,5.813559322033898,4.644499308005967,11,526.0,0.29294341651674893,24,933.0,0.21800431468705744,23,1179.0,0.27001801206940407,58,2638.0
2930.0,40,493.0,4.213675213675214,4.274638921464583,3,504.0,0.27311449578059727,18,834.0,0.1783657111292843,19,1064.0,0.22933625667973742,40,2402.0
2935.0,33,292.0,2.607142857142857,4.728855228079725,8,519.0,0.24544080488556838,13,515.0,0.26829934073410394,12,767.0,0.21791279801266147,33,1801.0
2940.0,29,144.0,1.3211009174311927,5.036948183897153,16,576.0,0.2162107367873383,3,494.0,0.34060582347171736,10,488.0,0.25216451411249663,29,1558.0
2945.0,37,238.0,2.18348623853211,4.7751120901539394,21,670.0,0.2196403593665901,9,502.0,0.3613541403244485,7,433.0,0.28550630524043696,37,1605.0
2950.0,39,344.0,3.185185185185185,4.437848745251071,24,787.0,0.22821992587264223,9,445.0,0.30670521698797726,6,424.0,0.2761380275566148,39,1656.0
2955.0,47,520.0,4.521739130434782,4.987559608613396,24,907.0,0.22948221823017875,10,322.0,0.3052702099917006,13,433.0,0.31165284251731895,47,1662.0
2960.0,48,691.0,6.008695652173913,4.619511247768166,24,1025.0,0.1315676385122307,6,309.0,0.3486821037197134,18,506.0,0.23811144606873536,48,1840.0
2965.0,57,928.0,8.212389380530974,4.0110804174174035,25,1146.0,0.14345625269390985,9,320.0,0.34927057018298807,23,608.0,0.20823950633812208,57,2074.0
2970.0,64,1223.0,10.543103448275861,3.826703831978609,24,1266.0,0.18230535951070614,15,363.0,0.23838712671490228,25,727.0,0.2391597549670645,64,2356.0
2975.0,62,1279.0,11.121739130434783,4.054454380021233,19,1201.0,0.2858412578983755,19,439.0,0.24365528185486854,24,847.0,0.29562458898819655,62,2487.0
2980.0,58,1178.0,10.068376068376068,4.516751530812498,10,959.0,0.35811762534407415,24,553.0,0.22454419115289143,24,965.0,0.28527985086832536,58,2477.0
2985.0,53,1132.0,9.758620689655173,4.550973209367335,5,909.0,0.3465309279974495,24,673.0,0.1547784618264411,24,1085.0,0.2888999040824799,53,2667.0
2990.0,48,971.0,8.443478260869565,4.304577964042465,8,932.0,0.33497625424578903,19,659.0,0.24305698013777735,21,1018.0,0.25116676487405604,48,2609.0
2995.0,41,590.0,4.87603305785124,4.952115501801786,17,994.0,0.22767719706619624,9,455.0,0.3066794153227627,15,754.0,0.23291589585983874,41,2203.0
3000.0,30,215.0,1.853448275862069,4.512217424526455,20,1085.0,0.21943812672662955,3,466.0,0.32420603972684187,7,735.0,0.20550510037923853,30,2286.0
3005.0,42,372.0,3.381818181818182,4.359839399909512,25,1199.0,0.22092105951264662,9,503.0,0.33299241596292317,8,754.0,0.292288998125455,42,2456.0
3010.0,51,599.0,5.033613445378151,4.514556816623842,24,1319.0,0.24256703748210917,14,561.0,0.2883442078473863,13,784.0,0.27196512270590373,51,2664.0
3015.0,61,716.0,5.868852459016393,4.387515766165625,20,1227.0,0.22840113107928697,21,648.0,0.2579996537617051,20,857.0,0.25876298636650585,61,2732.0
3020.0,54,656.0,5.377049180327869,4.695197824980441,12,947.0,0.2953723648530284,24,766.0,0.24276225474513466,18,817.0,0.24018041348298316,54,2530.0
3025.0,41,526.0,4.4576271186440675,4.61187617164581,4,876.0,0.2987011314025559,24,886.0,0.15108391362879808,13,633.0,0.27941472012240687,41,2395.0
3030.0,35,576.0,5.284403669724771,4.287480864084828,6,879.0,0.3229865867669392,24,1008.0,0.1639451517213045,5,610.0,0.2845485270461386,35,2497.0
3035.0,49,767.0,6.848214285714286,3.9373740738152057,17,931.0,0.31412781337053736,24,1128.0,0.17658097655803665,8,619.0,0.2101914839848774,49,2678.0
3040.0,60,1026.0,8.621848739495798,4.279479035998344,20,1015.0,0.27205561823279456,24,1248.0,0.25411833435565145,16,666.0,0.17841296517971086,60,2929.0
3045.0,68,1344.0,11.294117647058824,4.266000500864519,24,1127.0,0.22830488170632857,24,1368.0,0.3185607065196109,20,752.0,0.1505585619819341,68,3247.0
3050.0,72,1696.0,14.133333333333333,4.261154062633756,24,1247.0,0.16746743552044607,24,1486.0,0.2723230566870852,24,864.0,0.1791586634334702,72,3597.0
3055.0,72,2056.0,17.423728813559322,4.029644147709779,24,1367.0,0.20462620993463987,24,1606.0,0.25566220701502446,24,984.0,0.17190620439864382,72,3957.0
3060.0,67,2240.0,19.310344827586206,4.032259794044321,25,1487.0,0.24326003864644632,24,1726.0,0.19772774198013895,18,928.0,0.2731864029509721,67,4141.0
3065.0,54,1909.0,17.354545454545455,4.150087086989887,25,1607.0,0.22241342511766088,19,1609.0,0.20804599503892895,10,687.0,0.34595444994529195,54,3903.0
3070.0,42,1346.0,12.57943925233645,4.233659965079807,25,1727.0,0.18615169829760045,15,1324.0,0.16171297975171464,2,641.0,0.3647379912611956,42,3692.0
3075.0,42,1050.0,9.722222222222221,4.049733997565235,24,1847.0,0.12774278499244496,7,1365.0,0.2467151146274988,11,665.0,0.2907571338683352,42,3877.0
3080.0,43,927.0,8.276785714285714,4.500325216964256,18,1682.0,0.2039603637261084,10,1383.0,0.30093684646956514,15,728.0,0.28619516026468594,43,3793.0
3085.0,44,653.0,5.533898305084746,4.9116273610835295,9,1266.0,0.34039619803914606,15,1435.0,0.26231542198293156,20,816.0,0.2589188270951211,44,3517.0
3090.0,41,380.0,3.3333333333333335,5.058307013736395,2,1057.0,0.39826904434353794,21,1518.0,0.20147348599812664,18,772.0,0.27643928658849287,41,3347.0
3095.0,43,439.0,4.064814814814815,4.905800147437869,8,1079.0,0.31882533352497344,24,1635.0,0.18583553886210488,11,557.0,0.337049554843616,43,3271.0
3100.0,36,463.0,4.287037037037037,4.455001442126746,7,920.0,0.3356492141418873,24,1753.0,0.1631264506874448,5,524.0,0.31514737134478715,36,3197.0
3105.0,39,601.0,5.463636363636364,4.456242234765345,8,605.0,0.28785491181422856,24,1873.0,0.18893431636200517,7,538.0,0.27939107650842426,39,3016.0
3110.0,42,774.0,6.849557522123894,4.562895335757782,4,546.0,0.30453470188437437,24,1993.0,0.1824978862958309,14,593.0,0.2851434336422143,42,3132.0
3115.0,48,759.0,6.6,4.579415873612442,10,557.0,0.24688520375216105,18,1849.0,0.30775077714920823,20,682.0,0.2931032181443058,48,3088.0
3120.0,48,635.0,5.38135593220339,5.298263684833824,14,609.0,0.2317341989841727,10,1304.0,0.38102477609762475,24,795.0,0.24279804092719437,48,2708.0
3125.0,48,595.0,5.129310344827586,4.99090328132469,21,699.0,0.18784724678008155,3,1321.0,0.3839848188638873,24,915.0,0.12723051214064576,48,2935.0
3130.0,51,678.0,6.0,4.498877308032266,24,816.0,0.2622669503258756,8,1341.0,0.30523959527800293,19,861.0,0.17405630976509548,51,3018.0
3135.0,51,676.0,5.878260869565217,4.584155803435447,24,934.0,0.2669573327681885,15,1397.0,0.21214004154513216,12,658.0,0.2795954136916406,51,2989.0
3140.0,48,715.0,6.559633027522936,4.5157469504552665,25,1054.0,0.2997473675992099,20,1484.0,0.2005140435479157,3,675.0,0.34799098016097846,48,3213.0
3145.0,57,985.0,9.12037037037037,4.3237869844449435,24,1172.0,0.2656886912988171,24,1603.0,0.24689264523349205,9,699.0,0.31113827450703435,57,3474.0
3150.0,65,1290.0,11.217391304347826,4.341900211278802,24,1292.0,0.26344070174869094,24,1723.0,0.2570025941843591,17,764.0,0.23008121037050405,65,3779.0
3155.0,71,1629.0,13.923076923076923,4.437831661383843,24,1412.0,0.23065160335645318,24,1843.0,0.25011522154856236,23,863.0,0.16456461272158038,71,4118.0
3160.0,72,1987.0,17.741071428571427,4.215755760313256,24,1532.0,0.19331643822912337,24,1961.0,0.18449725799763103,24,982.0,0.23588376676648212,72,4475.0
3165.0,72,2347.0,21.53211009174312,3.8490894249798897,24,1652.0,0.17826964001051765,24,2081.0,0.23106546754676066,24,1102.0,0.19127687707185204,72,4835.0
3170.0,67,2349.0,22.160377358490567,3.7895875028030055,19,1492.0,0.19609839754489544,24,2201.0,0.20868861347440731,24,1222.0,0.21964153516706206,67,4915.0
3175.0,60,2166.0,20.826923076923077,4.048903703562955,12,1126.0,0.24998923788754304,24,2321.0,0.16278918990171137,24,1342.0,0.23489114046849235,60,4789.0
3180.0,45,1611.0,15.794117647058824,3.966061557715168,2,936.0,0.3006021299220453,19,2091.0,0.09686673297642122,24,1462.0,0.21180454073252,45,4489.0
3185.0,45,1332.0,13.591836734693878,4.449213970094432,9,951.0,0.25073440062745295,12,1395.0,0.22632869872496308,24,1582.0,0.15968636371861886,45,3928.0
3190.0,38,824.0,8.158415841584159,4.33915474564524,14,1002.0,0.1523516578371554,4,1413.0,0.3258603621407395,20,1468.0,0.14408299513293146,38,3883.0
3195.0,37,547.0,5.310679611650485,4.6687732152527115,18,1088.0,0.2080427816080293,8,1430.0,0.3356897958781424,11,1152.0,0.2406480425962268,37,3670.0
3200.0,43,372.0,3.6470588235294117,4.066138327126233,24,1201.0,0.24834916774307664,14,1484.0,0.16678470282349606,5,1175.0,0.294847322983768,43,3860.0
3205.0,56,618.0,6.371134020618556,3.596606877427607,25,1321.0,0.2455171593285531,21,1577.0,0.15851867793107466,10,1197.0,0.25374970300013217,56,4095.0
3210.0,65,917.0,8.990196078431373,3.57589216629583,24,1439.0,0.1839722067842068,24,1691.0,0.2080153025326738,17,1262.0,0.23182507961603843,65,4392.0
3215.0,65,1105.0,10.625,3.4827574553686165,24,1559.0,0.12619975436461228,18,1463.0,0.22557722409949715,23,1363.0,0.15065451176398406,65,4385.0
3220.0,53,973.0,9.266666666666667,4.092141078391297,19,1429.0,0.17204374700762237,10,988.0,0.25038231194701716,24,1482.0,0.16648242655592785,53,3899.0
3225.0,32,541.0,5.303921568627451,4.778289671134419,10,1124.0,0.27316053683110186,4,909.0,0.29065445520341426,18,1374.0,0.18022541973362094,32,3407.0
3230.0,21,184.0,1.9166666666666667,5.064461367207655,3,1055.0,0.3739810179774508,8,933.0,0.21323089574350157,10,1021.0,0.2641396077463687,21,3009.0
3235.0,23,124.0,1.2525252525252526,4.895561966642166,7,1077.0,0.36850264940613464,14,991.0,0.15179622944757795,2,955.0,0.3522716930808578,23,3023.0
3240.0,44,294.0,2.8823529411764706,4.155641385612928,17,1134.0,0.28812499588467966,19,1080.0,0.23108938590495168,8,974.0,0.32344064277638646,44,3188.0
3245.0,58,550.0,5.0,4.029651469024314,20,1223.0,0.2148010324896837,24,1193.0,0.2911399314323564,14,1024.0,0.24992748813553956,58,3440.0
3250.0,68,870.0,7.767857142857143,4.007337884613702,24,1339.0,0.16096688564857278,24,1313.0,0.29626815623611186,20,1109.0,0.253301553455892,68,3761.0
3255.0,73,1225.0,10.84070796460177,4.0363184533948475,25,1459.0,0.1371332733838904,24,1431.0,0.29400364341218227,24,1224.0,0.22146356495208513,73,4114.0
3260.0,66,1409.0,12.252173913043478,4.102905037239334,18,1328.0,0.2271506787948621,24,1551.0,0.2192688975051643,24,1344.0,0.2389580527705107,66,4223.0
3265.0,58,1469.0,12.773913043478261,4.950704094465767,10,938.0,0.3700513502642429,24,1671.0,0.20495553149963652,24,1464.0,0.24408218829381567,58,4073.0
3270.0,46,1334.0,12.351851851851851,4.660381047411172,3,843.0,0.38729846280513275,24,1793.0,0.1370963412404967,19,1331.0,0.2752692878941451,46,3967.0
3275.0,39,966.0,9.288461538461538,4.050630628701094,9,869.0,0.2655503463810045,19,1604.0,0.14555217520395333,11,947.0,0.27125241408349526,39,3420.0
3280.0,33,446.0,4.12962962962963,4.2795856103363565,16,925.0,0.22259872388151944,13,1186.0,0.29844610717296477,4,973.0,0.20215214670443876,33,3084.0
3285.0,33,225.0,2.0833333333333335,4.497007599888623,21,1015.0,0.2249101959362303,3,986.0,0.3741164393154408,9,984.0,0.19257728040170927,33,2985.0
3290.0,46,297.0,2.675675675675676,4.487258940104538,20,867.0,0.25199335383118804,9,991.0,0.35733589354567746,17,1034.0,0.22742081882860757,46,2892.0
3295.0,51,374.0,3.3392857142857144,4.5549235701101365,14,646.0,0.2943547558830806,15,1037.0,0.3346912900307141,22,1128.0,0.19797715640053098,51,2811.0
3300.0,50,484.0,4.245614035087719,4.34101705379353,7,678.0,0.29750200423880446,19,1120.0,0.24064254426712714,24,1246.0,0.21595343463640498,50,3044.0
3305.0,58,745.0,6.651785714285714,3.98502187666542,10,693.0,0.28010271534183423,24,1231.0,0.23942753240189826,24,1366.0,0.20902038058259653,58,3290.0
3310.0,66,1053.0,9.31858407079646,3.8522302626330047,18,754.0,0.25835848541743384,24,1351.0,0.26286297900685374,24,1486.0,0.17870919780144023,66,3591.0
3315.0,65,1293.0,11.243478260869566,3.6159483458684156,17,664.0,0.23535130743905938,24,1469.0,0.2322697294274446,24,1606.0,0.18062436599776596,65,3739.0
3320.0,58,1267.0,10.922413793103448,3.7487297504853663,15,473.0,0.24659015065416628,24,1591.0,0.2294084696789445,19,1447.0,0.20105902138094833,58,3511.0
3325.0,44,1044.0,9.078260869565218,3.959967799672121,7,513.0,0.21467969598560058,24,1711.0,0.2019924151550183,13,1042.0,0.31227224532551323,44,3266.0
3330.0,37,918.0,8.123893805309734,3.7999361626212806,8,521.0,0.1527969647087229,24,1833.0,0.23920569503221156,5,1066.0,0.349985023062591,37,3420.0
3335.0,53,1128.0,9.322314049586776,4.007838575475675,17,565.0,0.2024110036817903,24,1953.0,0.2633893368610876,12,1088.0,0.27704112067766457,53,3606.0
3340.0,64,1410.0,11.370967741935484,4.361447652828939,22,650.0,0.20195522948215436,24,2073.0,0.291319411302844,18,1156.0,0.23020028143889254,64,3879.0
3345.0,71,1748.0,14.096774193548388,4.546755009824358,24,766.0,0.21856417774019557,24,2191.0,0.3251059286117599,23,1256.0,0.23678011058021836,71,4213.0
3350.0,72,2107.0,16.991935483870968,4.474215283158054,24,885.0,0.21670649799659145,24,2309.0,0.25654027652806305,24,1375.0,0.23280472456737503,72,4569.0
3355.0,72,2467.0,21.085470085470085,4.498779874369137,24,1005.0,0.23287813576922778,24,2429.0,0.21834312311531265,24,1495.0,0.2842023729591998,72,4929.0
3360.0,68,2385.0,21.106194690265486,4.053312793510821,24,1125.0,0.21156484180206261,20,2219.0,0.2326972715420281,24,1615.0,0.2350838898642243,68,4959.0
3365.0,59,2001.0,17.866071428571427,4.383409457475523,24,1245.0,0.1674578779483287,11,1708.0,0.31655942574192897,24,1735.0,0.147424645418073,59,4688.0
3370.0,48,1476.0,13.666666666666666,3.76610775507293,25,1365.0,0.09859953535845185,3,1727.0,0.33879343939911083,20,1599.0,0.12339991569365749,48,4691.0
3375.0,47,1341.0,12.302752293577981,4.390826278378608,24,1487.0,0.1743415702488101,9,1751.0,0.2744141960741302,14,1215.0,0.28501697443472346,47,4453.0
3380.0,40,933.0,8.330357142857142,4.601412648326135,19,1390.0,0.23169219676537792,16,1817.0,0.16894599650185055,5,1234.0,0.3638311726292596,40,4441.0
3385.0,42,677.0,6.327102803738318,4.756540145720536,11,1084.0,0.3606534159435464,22,1914.0,0.14999990469348473,9,1252.0,0.3403950787092907,42,4250.0
3390.0,38,306.0,2.8598130841121496,4.393676492058511,4,1103.0,0.32602280075056395,18,1716.0,0.19956686904222604,16,1308.0,0.2533226063089616,38,4127.0
3395.0,39,330.0,3.0841121495327104,5.065403136176131,10,1134.0,0.26256681938634074,8,1235.0,0.3921522297147474,21,1398.0,0.21939536080776992,39,3767.0
3400.0,45,428.0,3.926605504587156,4.7221156025301125,17,1201.0,0.18866187034686138,3,1125.0,0.3960660375019186,25,1517.0,0.1700171186673077,45,3843.0
3405.0,57,676.0,6.377358490566038,4.521049594982019,23,1302.0,0.22210046289503546,10,1153.0,0.3797562250180174,24,1637.0,0.1386914168187715,57,4092.0
3410.0,63,971.0,8.908256880733944,4.054074402578669,24,1421.0,0.2537739381277584,14,1208.0,0.2771300967482219,25,1757.0,0.1867375849064457,63,4386.0
3415.0,70,1303.0,11.845454545454546,3.786806783891558,24,1541.0,0.23878138078328864,21,1300.0,0.18838038047645664,25,1877.0,0.23582217572582528,70,4718.0
3420.0,72,1659.0,15.650943396226415,3.7468088338024366,24,1661.0,0.19394120703943715,24,1416.0,0.162628545741249,24,1997.0,0.2596893633159983,72,5074.0
3425.0,72,2019.0,19.601941747572816,3.5929173149493043,24,1781.0,0.1974601015551031,24,1536.0,0.21891856993583758,24,2117.0,0.20749914034022793,72,5434.0
3430.0,72,2379.0,22.233644859813083,3.732680127907014,24,1901.0,0.18624405911184888,24,1656.0,0.1832727805551589,24,2237.0,0.1980319658475927,72,5794.0
3435.0,67,2405.0,22.06422018348624,3.970637940384499,24,2021.0,0.1866169706876753,24,1776.0,0.2084580985489565,19,2038.0,0.2299969050889238,67,5835.0
3440.0,59,2207.0,21.221153846153847,4.211459857185745,24,2141.0,0.1847275217193671,24,1896.0,0.15617596741073522,11,1386.0,0.28603096457647975,59,5423.0
3445.0,39,1467.0,14.524752475247524,3.7113905177125455,19,1992.0,0.1736298997310068,18,1658.0,0.05911903620611553,2,1276.0,0.3039421112802536,39,4926.0
3450.0,31,723.0,7.453608247422681,4.540823969121769,11,1555.0,0.24148700842269033,13,1193.0,0.17680412450724703,7,1290.0,0.2419011069258912,31,4038.0
3455.0,21,92.0,0.9484536082474226,5.011208692894811,3,1462.0,0.3039749205601821,3,1222.0,0.28886137945707246,15,1342.0,0.1794958920803952,21,4026.0
3460.0,38,233.0,2.377551020408163,4.5962321023095996,10,1485.0,0.30661129291965994,9,1237.0,0.36863653649978306,19,1427.0,0.17274690213501795,38,4149.0
3465.0,59,475.0,4.5673076923076925,3.750146069662916,18,1549.0,0.27321117457657995,17,1300.0,0.2805862734726308,24,1537.0,0.15067842190183497,59,4386.0
3470.0,67,787.0,7.355140186915888,3.7892035748320123,22,1648.0,0.29502666940713906,21,1393.0,0.2598918017221633,24,1657.0,0.1548456011658798,67,4698.0
3475.0,73,1145.0,10.700934579439252,3.605748494979091,25,1765.0,0.25202417869846094,24,1510.0,0.22976346750741838,24,1775.0,0.17816205868247798,73,5050.0
3480.0,66,1301.0,12.273584905660377,3.811992529351686,24,1885.0,0.26567382785514243,24,1630.0,0.17734780445982098,18,1575.0,0.2653053217567088,66,5090.0
3485.0,51,1129.0,10.357798165137615,4.570718123658943,24,2007.0,0.23821136539168483,18,1430.0,0.19894051737096213,9,1103.0,0.347231240339384,51,4540.0
3490.0,41,891.0,8.25,4.948245107665703,25,2127.0,0.2005486684006337,12,971.0,0.23142867802902903,4,1121.0,0.3299882266886343,41,4219.0
3495.0,29,599.0,5.598130841121495,5.079271107765142,19,1931.0,0.1999488112169477,1,916.0,0.3863319158916916,9,1151.0,0.22262769987691725,29,3998.0
3500.0,36,441.0,4.160377358490566,4.942511739418705,12,1431.0,0.27956521895070774,8,936.0,0.3778307210218769,16,1219.0,0.18569238891751913,36,3586.0
3505.0,34,201.0,1.8962264150943395,4.627914945621979,2,1174.0,0.2794746803281562,16,996.0,0.24237850527286423,16,1048.0,0.2213691026623396,34,3218.0
3510.0,36,255.0,2.55,4.648887077042863,7,1178.0,0.2721620947524854,20,1088.0,0.18523988916112277,9,682.0,0.34176960752512164,36,2948.0
3515.0,40,367.0,3.7448979591836733,4.188420850565572,13,1223.0,0.2508000702473266,24,1203.0,0.2026424495001922,3,610.0,0.2967713857151607,40,3036.0
3520.0,51,589.0,5.7745098039215685,3.9073038517118244,19,1303.0,0.18384349089934582,24,1325.0,0.2558059976831578,8,627.0,0.28461211144023485,51,3255.0
3525.0,56,692.0,6.407407407407407,4.0144030984565156,24,1411.0,0.20656899804328605,19,1218.0,0.2588998242305318,13,679.0,0.21083085012783556,56,3308.0
3530.0,55,709.0,6.564814814814815,4.05244175349878,25,1531.0,0.1740372111920644,11,890.0,0.3084264552676765,19,760.0,0.15568505929638174,55,3181.0
3535.0,45,506.0,4.773584905660377,3.816817586989283,20,1314.0,0.21939698896220655,7,920.0,0.29042647860693444,18,651.0,0.15895435963288662,45,2885.0
3540.0,30,284.0,2.6055045871559632,5.067758181850723,9,886.0,0.32982306156157454,11,950.0,0.22169247029148942,10,451.0,0.27839626123855,30,2287.0
3545.0,21,129.0,1.2169811320754718,5.488206362038042,2,795.0,0.37350001515838066,14,997.0,0.14106480799876733,5,205.0,0.43505682304141613,21,1997.0
3550.0,38,275.0,2.6699029126213594,5.529522543533693,10,819.0,0.34004667353754015,21,1090.0,0.1301030332213246,7,150.0,0.5478512529748724,38,2059.0
3555.0,40,310.0,2.9245283018867925,5.0912384383644085,15,875.0,0.2531985904648136,18,977.0,0.219070400952234,7,130.0,0.4082507540350328,40,1982.0
3560.0,38,296.0,2.792452830188679,5.007287137281961,20,961.0,0.1967190642099611,8,652.0,0.3432734727964346,10,141.0,0.29091216075769905,38,1754.0
3565.0,38,358.0,3.314814814814815,5.0715722921727595,24,1076.0,0.16372491042434256,4,677.0,0.38238517657935966,10,156.0,0.3044381831363954,38,1909.0
3570.0,46,564.0,5.127272727272727,5.137853971587679,24,1196.0,0.14010676829108237,9,711.0,0.36551559857325505,13,198.0,0.3309826410015807,46,2105.0
3575.0,51,645.0,5.863636363636363,4.666100777082384,19,1080.0,0.1601849805339921,16,775.0,0.2768973283502812,16,257.0,0.3340181731029743,51,2112.0
3580.0,57,710.0,6.339285714285714,4.775506068283621,13,762.0,0.265894812519581,23,875.0,0.24145682877511776,21,349.0,0.27098178597335393,57,1986.0
3585.0,53,731.0,6.706422018348624,4.519151025513736,5,794.0,0.33469852557896107,24,994.0,0.19790481208130964,24,463.0,0.25471163312279704,53,2251.0
3590.0,57,1002.0,9.192660550458715,4.329155010750475,9,818.0,0.374249347444608,24,1116.0,0.2359899496331587,24,583.0,0.18760504031358952,57,2517.0
3595.0,61,1243.0,10.808695652173913,3.907655358033259,13,688.0,0.27354118278507517,24,1238.0,0.2403280625303028,24,703.0,0.16532061057124564,61,2629.0
3600.0,57,1271.0,10.863247863247864,4.11774227230432,14,496.0,0.2573182106999587,18,1142.0,0.2346642116455343,25,823.0,0.1472987602319373,57,2461.0
