step,system_total_stopped,system_total_waiting_time,system_mean_waiting_time,system_mean_speed,A0_stopped,A0_accumulated_waiting_time,A0_average_speed,B0_stopped,B0_accumulated_waiting_time,B0_average_speed,C0_stopped,C0_accumulated_waiting_time,C0_average_speed,agents_total_stopped,agents_total_accumulated_waiting_time
5.0,0,0.0,0.0,0.0,0,0.0,1.0,0,0.0,1.0,0,0.0,1.0,0,0.0
10.0,0,0.0,0.0,7.460691532911733,0,0.0,1.0,0,0.0,1.0,0,0.0,0.5071061369184544,0,0.0
15.0,0,0.0,0.0,8.073412359376535,0,0.0,0.4024592618776117,0,0.0,1.0,0,0.0,0.9457305870007814,0,0.0
20.0,0,0.0,0.0,8.519290248779523,0,0.0,0.6685456488910337,0,0.0,1.0,0,0.0,0.5629165825726506,0,0.0
25.0,0,0.0,0.0,10.004293524784357,0,0.0,0.7314555857649354,0,0.0,0.9683435687580464,0,0.0,0.6361673155781107,0,0.0
30.0,0,0.0,0.0,9.763127285359154,0,0.0,0.778252217110758,0,0.0,0.954157759751577,0,0.0,0.5764620250194793,0,0.0
35.0,3,7.0,0.5384615384615384,6.616278732085977,1,0.0,0.4311698519238099,0,0.0,0.98891414055565,2,7.0,0.4080407585718994,3,7.0
40.0,1,0.0,0.0,10.108362709891889,1,0.0,0.7562263037928577,0,0.0,0.8914356643826871,0,5.0,0.6667148296965052,1,5.0
45.0,1,3.0,0.2,10.831137192381652,1,3.0,0.580121357076286,0,0.0,0.9346798509535811,0,0.0,0.7609123206100217,1,3.0
50.0,1,8.0,0.5714285714285714,10.343881123146742,1,8.0,0.6341990679391748,0,0.0,0.9068645414427122,0,0.0,0.7754795064114036,1,8.0
55.0,1,1.0,0.07692307692307693,7.444190899962178,0,0.0,0.7221827661738641,1,1.0,0.41049113640769885,0,0.0,0.154796724376565,1,1.0
60.0,3,13.0,1.0,9.970361516670634,0,0.0,0.8524160553429974,3,15.0,0.6137145312700416,0,0.0,0.8386454107993456,3,15.0
65.0,1,0.0,0.0,8.634555607931258,1,0.0,0.3822516111346618,0,16.0,0.7162403026307365,0,0.0,0.4679741918828806,1,16.0
70.0,0,0.0,0.0,11.518874658046888,0,0.0,0.8624587256099193,0,2.0,0.8273693560702257,0,2.0,0.8521570721284814,0,4.0
75.0,1,1.0,0.047619047619047616,9.002310361235262,0,0.0,0.665341879110019,1,3.0,0.4588710887261576,0,2.0,0.7659180882013932,1,5.0
80.0,7,15.0,0.625,7.940205585930695,1,0.0,0.646376186928873,4,16.0,0.31705477492123124,2,3.0,0.6936289870906246,7,19.0
85.0,10,51.0,2.125,4.634909520171423,3,8.0,0.3688606530344603,5,38.0,0.00014297824547339732,2,9.0,0.350063834836424,10,55.0
90.0,6,45.0,1.5517241379310345,5.779221851770526,4,27.0,0.4473699517771699,2,42.0,0.07464242596752478,0,7.0,0.41382345591028946,6,76.0
95.0,6,48.0,1.6,7.830399300234294,6,48.0,0.3058608755294767,0,21.0,0.6908832926421696,0,2.0,0.7418958249261562,6,71.0
100.0,3,5.0,0.15625,8.084472521078602,3,36.0,0.37328866612932304,0,2.0,0.7631138567030201,0,2.0,0.7359894365173009,3,40.0
105.0,1,5.0,0.16129032258064516,8.895887178532655,0,6.0,0.4355481908733607,0,4.0,0.8242989030721659,1,7.0,0.6309221103620976,1,17.0
110.0,5,25.0,0.8620689655172413,7.504856723790237,1,4.0,0.5019944139460903,1,7.0,0.5261255502749799,3,20.0,0.3121213422309531,5,31.0
115.0,8,55.0,1.896551724137931,6.689070263440582,2,11.0,0.40334318035427286,0,3.0,0.7045550697406036,6,46.0,0.10746239087002844,8,60.0
120.0,11,89.0,3.0689655172413794,6.094533566855838,1,5.0,0.561209791146782,0,0.0,0.9111265654489934,10,88.0,0.11369326356296866,11,93.0
125.0,7,42.0,1.3548387096774193,7.418815037140124,3,15.0,0.5106923173436314,1,2.0,0.6781257590747143,3,81.0,0.4221389862950818,7,98.0
130.0,2,3.0,0.1,7.918556074239965,0,11.0,0.6489477211979384,2,5.0,0.589868958400758,0,28.0,0.42986953721482934,2,44.0
135.0,5,20.0,0.625,8.593913058186589,0,0.0,0.7736969711555043,3,19.0,0.6387858580501395,2,34.0,0.3817332340721601,5,53.0
140.0,10,58.0,1.8709677419354838,7.467330053834013,2,4.0,0.5710719921611395,3,34.0,0.5495946598971405,5,52.0,0.24763384805858488,10,90.0
145.0,12,79.0,2.7241379310344827,4.4104331563770165,3,15.0,0.2456977780868933,6,58.0,0.14819131981094275,3,35.0,0.38300122339308834,12,108.0
150.0,11,98.0,3.5,4.601368261913758,1,10.0,0.08396714662222687,10,101.0,0.19829621702171202,0,11.0,0.48029914070344765,11,122.0
155.0,5,42.0,1.4482758620689655,7.553809476404874,0,3.0,0.39220181847323365,4,105.0,0.4028557935851768,1,5.0,0.5757972775630659,5,113.0
160.0,1,0.0,0.0,9.848640305011768,0,0.0,0.8268632485683892,0,49.0,0.6743299302187226,1,2.0,0.5914044104453348,1,51.0
165.0,2,5.0,0.17857142857142858,8.36318783025018,1,1.0,0.6666315290739504,0,33.0,0.43461526364432124,1,6.0,0.6094168137941437,2,40.0
170.0,6,18.0,0.6923076923076923,6.406497266470835,0,0.0,0.7613820427040139,5,51.0,0.21716545642959514,1,4.0,0.6608235464060198,6,55.0
175.0,9,54.0,1.8,6.356916731097368,1,0.0,0.5918435782418626,8,89.0,0.17332461208281377,0,0.0,0.6683966283468422,9,89.0
180.0,6,35.0,1.1666666666666667,6.790099693398832,0,1.0,0.4405871739619565,5,90.0,0.31284932300792134,1,0.0,0.6546529158782027,6,91.0
185.0,3,7.0,0.21875,8.40156601850796,2,6.0,0.5599527339304341,0,47.0,0.406636739987338,1,5.0,0.5520138232408431,3,58.0
190.0,2,1.0,0.03125,8.972231374094722,1,2.0,0.7663615997733707,1,36.0,0.3226300912594412,0,5.0,0.6516198123206566,2,43.0
195.0,7,20.0,0.6896551724137931,8.850498878627446,1,3.0,0.7227822133464956,5,54.0,0.29363177998862866,1,4.0,0.715866274516391,7,61.0
200.0,6,45.0,1.8,6.409989028032382,0,1.0,0.46269650325344774,6,82.0,0.30698593024920373,0,0.0,0.4913976927915937,6,83.0
205.0,5,28.0,1.12,7.220322229445269,1,3.0,0.5558188509192098,2,70.0,0.5264790905409873,2,6.0,0.006727933829412625,5,79.0
210.0,0,0.0,0.0,9.959830847138175,0,2.0,0.8263509154791476,0,32.0,0.7812811442747968,0,10.0,0.3956374701006439,0,44.0
215.0,0,0.0,0.0,10.736057044429446,0,2.0,0.7868836659826899,0,4.0,0.7026310862903521,0,2.0,0.773750008873496,0,8.0
220.0,1,4.0,0.15384615384615385,10.921808970392952,0,2.0,0.8216401013313641,1,8.0,0.7197403834531041,0,2.0,0.8044669331153571,1,12.0
225.0,3,9.0,0.3103448275862069,8.859764546655027,2,0.0,0.5233078499861618,1,11.0,0.5638518018549521,0,2.0,0.6235692425889069,3,13.0
230.0,5,24.0,0.8275862068965517,8.251607433743546,0,0.0,0.8757826388838945,2,17.0,0.4083922997713719,3,9.0,0.3035365298059448,5,26.0
235.0,10,61.0,2.259259259259259,7.008651665816781,0,0.0,0.8778456200300869,2,27.0,0.5370995218452547,8,36.0,0.1733913897329645,10,63.0
240.0,9,69.0,2.6538461538461537,6.201809005501405,1,1.0,0.5480197377129103,3,38.0,0.24682515793559,5,50.0,0.3614116988701856,9,89.0
245.0,2,9.0,0.375,7.101211025894656,2,9.0,0.04145290435164589,0,18.0,0.7570590738902662,0,40.0,0.4437884641590062,2,67.0
250.0,5,32.0,1.28,6.4062006970808625,4,29.0,0.09237305658163097,1,5.0,0.6395863931716276,0,31.0,0.28781183460164567,5,65.0
255.0,5,21.0,0.84,5.741098238139782,0,20.0,0.5132805001187318,1,10.0,0.2873929381011664,4,44.0,0.13754300599601224,5,74.0
260.0,11,67.0,2.9130434782608696,5.763211898283565,1,2.0,0.4801640352424988,3,24.0,0.4677741123758788,7,76.0,0.2013771164864827,11,102.0
265.0,5,34.0,1.4782608695652173,6.178240643255706,1,7.0,0.0,0,8.0,0.6683888948248554,4,70.0,0.24376505484414582,5,85.0
270.0,3,19.0,0.6551724137931034,8.078088698652401,1,14.0,0.48877747950421896,1,8.0,0.6439537396894786,1,42.0,0.44978471795808644,3,64.0
275.0,6,42.0,1.3125,9.915628299825034,1,19.0,0.6898850190601855,2,16.0,0.6111835365666689,3,13.0,0.622262832200507,6,48.0
280.0,4,22.0,0.6666666666666666,8.1827733582073,0,2.0,0.603714913431843,0,2.0,0.5242205840284154,4,24.0,0.5384422737153575,4,28.0
285.0,8,48.0,1.4545454545454546,8.484718987685545,2,5.0,0.3950948007964008,1,6.0,0.5201970186166863,5,41.0,0.41456685054617104,8,52.0
290.0,2,14.0,0.5384615384615384,7.395160220145736,0,4.0,0.5838187380746115,0,1.0,0.6054600993567546,2,40.0,0.23526578030823372,2,45.0
295.0,3,10.0,0.35714285714285715,8.653073471173721,0,1.0,0.5989691158943595,1,4.0,0.634106274535637,2,23.0,0.4461890266684144,3,28.0
300.0,4,25.0,0.8333333333333334,10.057655747936032,1,1.0,0.7817928706218622,1,9.0,0.48177448021681557,2,18.0,0.5421828819842833,4,28.0
305.0,4,16.0,0.5333333333333333,8.97032683636271,1,2.0,0.6806499974376085,1,14.0,0.6771388576680606,2,13.0,0.4616401894526157,4,29.0
310.0,2,6.0,0.21428571428571427,8.795828285717857,0,1.0,0.4980820233285049,0,0.0,0.8273183018068823,2,6.0,0.6367715150016909,2,7.0
315.0,7,18.0,0.6,8.485421788682242,5,16.0,0.3421844813020475,1,1.0,0.7343781414523305,1,2.0,0.6525822530295384,7,19.0
320.0,2,11.0,0.39285714285714285,7.033196162239838,1,20.0,0.3440881449042654,0,0.0,0.5245340172708425,1,7.0,0.40479817453087014,2,27.0
325.0,0,0.0,0.0,9.618890798815864,0,4.0,0.5895599954742116,0,2.0,0.8510823625114142,0,7.0,0.6431130447074725,0,13.0
330.0,4,8.0,0.2962962962962963,9.027479386185322,4,12.0,0.3893773168792089,0,4.0,0.9021666242615295,0,2.0,0.7037550472717176,4,18.0
335.0,4,27.0,0.9,9.315602320436263,4,31.0,0.4079773409166708,0,4.0,0.8254490411190062,0,2.0,0.8394423775535643,4,37.0
340.0,7,52.0,1.6774193548387097,8.14825161468214,5,51.0,0.5131598946836665,2,9.0,0.552818135150552,0,0.0,0.734298082845932,7,60.0
345.0,7,25.0,0.8064516129032258,5.555285137205943,0,29.0,0.42790410320861033,6,28.0,0.23625172566857217,1,1.0,0.6484136948063508,7,58.0
350.0,2,8.0,0.22857142857142856,7.5710785309332405,1,5.0,0.5850468305377864,1,29.0,0.43468673715393824,0,0.0,0.6801833583202798,2,34.0
355.0,3,15.0,0.38461538461538464,9.137019629561413,2,15.0,0.5582438814971273,0,6.0,0.6979618808921783,1,4.0,0.6220833696723183,3,25.0
360.0,5,16.0,0.4444444444444444,8.406254243555303,2,14.0,0.5596114283586301,2,11.0,0.5618403369975378,1,9.0,0.6029242802742266,5,34.0
365.0,9,38.0,1.027027027027027,6.861677707097685,3,18.0,0.4639266768321536,5,26.0,0.1056458542906693,1,8.0,0.48117671940631335,9,52.0
370.0,8,50.0,1.5625,6.30132440694091,5,38.0,0.20302021001430148,2,29.0,0.2771257560473614,1,7.0,0.6044139636789082,8,74.0
375.0,4,17.0,0.53125,7.784059840250162,3,48.0,0.40027288551998513,0,9.0,0.6507213420414523,1,3.0,0.6823888426201417,4,60.0
380.0,4,11.0,0.34375,9.480221320194751,1,21.0,0.5938179784502629,2,16.0,0.6889239946285264,1,8.0,0.6330393750589957,4,45.0
385.0,6,36.0,1.0909090909090908,8.71338579938243,1,3.0,0.7241393661207001,2,26.0,0.4952505834053184,3,20.0,0.508476342769739,6,49.0
390.0,2,9.0,0.2647058823529412,8.379932231436532,1,8.0,0.6421470693936066,1,10.0,0.6418106231391533,0,14.0,0.3745193564321116,2,32.0
395.0,2,2.0,0.06060606060606061,9.981537485851275,1,2.0,0.7368654954947125,1,5.0,0.6285219918507791,0,2.0,0.8567051207769466,2,9.0
400.0,4,16.0,0.5,8.967400621807846,0,2.0,0.7058334590536308,3,16.0,0.5179453414972636,1,4.0,0.5669227498065019,4,22.0
405.0,5,38.0,1.0857142857142856,8.800427600074308,0,2.0,0.6865330008740766,3,29.0,0.4818705038533447,2,11.0,0.5562041478228198,5,42.0
410.0,6,29.0,0.90625,7.210597304963267,0,0.0,0.7523080042826347,2,15.0,0.28888624015052894,4,29.0,0.512365882408682,6,44.0
415.0,12,71.0,1.9722222222222223,7.095023852803983,1,1.0,0.6220407065250894,5,23.0,0.15037358260627356,6,52.0,0.42149875349683985,12,76.0
420.0,9,86.0,2.263157894736842,6.648188474998276,1,6.0,0.6423203788247039,0,16.0,0.4920358866069135,8,84.0,0.25458218258740284,9,106.0
425.0,11,127.0,3.4324324324324325,7.223127666740521,0,2.0,0.770869843100184,0,0.0,0.7736318191321524,11,133.0,0.28515044461643785,11,135.0
430.0,16,192.0,5.1891891891891895,6.132057874178983,2,9.0,0.48909080745643707,0,0.0,0.7888516937335761,14,191.0,0.2726604635096586,16,200.0
435.0,18,259.0,7.4,3.843384382691255,1,10.0,0.4250058694100672,1,2.0,0.0003956539907851625,16,262.0,0.09935531472638662,18,274.0
440.0,20,352.0,10.352941176470589,4.231598121794579,0,1.0,0.5660967989337959,1,9.0,0.6245055605824313,19,351.0,0.09410173891391332,20,361.0
445.0,23,455.0,13.0,3.9073040517777358,1,1.0,0.6003352040428335,1,14.0,0.7454192329176182,21,448.0,0.07992753292306577,23,463.0
450.0,23,563.0,15.63888888888889,3.6645123534533672,1,0.0,0.2917835839112018,1,19.0,0.7225473120039135,21,552.0,0.07396931128187513,23,571.0
455.0,15,364.0,10.4,3.8893181034503916,0,0.0,0.7938560073455099,0,2.0,0.5385334306751037,15,545.0,0.07909700812363554,15,547.0
460.0,9,107.0,2.891891891891892,5.73360568260031,1,0.0,0.6583468612494922,1,5.0,0.46044789916948436,7,419.0,0.2461411290714357,9,424.0
465.0,5,14.0,0.3684210526315789,6.325054837932409,0,0.0,0.6460228528633878,1,4.0,0.42839757213092267,4,404.0,0.2703922844307234,5,408.0
470.0,16,60.0,1.5,4.889642530961514,1,0.0,0.5433893421045225,5,21.0,0.48405341882681274,10,439.0,0.14034534625903466,16,460.0
475.0,21,149.0,3.4651162790697674,4.04182633512959,0,0.0,0.7639051410483008,5,43.0,0.2770781321938337,16,508.0,0.10595045376079341,21,551.0
480.0,15,125.0,2.9069767441860463,4.309113400591187,1,2.0,0.6470997206586111,1,43.0,0.3022999755618191,13,488.0,0.13706395696516868,15,533.0
485.0,8,56.0,1.2727272727272727,6.300994995949924,2,13.0,0.7217374301971029,1,19.0,0.3881108751366421,5,351.0,0.31386551975449767,8,383.0
490.0,7,31.0,0.7045454545454546,6.757750449112948,3,26.0,0.51106039414892,3,24.0,0.4623443833878952,1,281.0,0.39693870952866894,7,331.0
495.0,12,51.0,1.108695652173913,5.833910062638084,2,27.0,0.43322312407885744,3,35.0,0.44012858841713415,7,305.0,0.18505413428707423,12,367.0
500.0,18,115.0,2.6744186046511627,4.406315867419033,0,8.0,0.566290209746494,4,55.0,0.3470010891233331,14,357.0,0.1183593037668059,18,420.0
505.0,19,143.0,3.4047619047619047,3.810384705256957,1,6.0,0.2710185516917471,7,86.0,0.34852234779206054,11,324.0,0.13269519268760352,19,416.0
510.0,18,145.0,3.2954545454545454,4.5553577962758265,4,22.0,0.05561466742855141,8,124.0,0.3322405914032167,6,196.0,0.25415691410464464,18,342.0
515.0,11,74.0,1.574468085106383,6.214217300912286,4,42.0,0.24064344880431315,4,101.0,0.44520011062826276,3,81.0,0.33129319672311325,11,224.0
520.0,7,81.0,1.8,7.9186820992045135,4,64.0,0.5603040939830202,1,33.0,0.5159999962239629,2,45.0,0.4427555183185433,7,142.0
525.0,4,38.0,0.8444444444444444,9.775301375125748,1,36.0,0.6673870375579297,1,8.0,0.7100009795274509,2,40.0,0.6606299281811661,4,84.0
530.0,5,50.0,1.1904761904761905,9.324672476070267,1,6.0,0.6747665607948274,2,7.0,0.5677063087433178,2,42.0,0.7374755382956895,5,55.0
535.0,9,35.0,0.7954545454545454,6.83984223648615,2,11.0,0.5651314715871292,5,25.0,0.4481087101482989,2,4.0,0.3830933315737601,9,40.0
540.0,17,97.0,2.1555555555555554,5.453888184084687,2,17.0,0.5391858826001305,8,59.0,0.3112800739050454,7,26.0,0.08267571932151824,17,102.0
545.0,21,141.0,3.2045454545454546,4.162315038748155,3,29.0,0.4679986426171533,7,71.0,0.19575443139808968,11,69.0,0.08030203351364633,21,169.0
550.0,19,185.0,3.9361702127659575,5.358989265398325,5,49.0,0.4542328511090725,5,76.0,0.2808513510007745,9,116.0,0.322375543567152,19,241.0
555.0,11,166.0,3.608695652173913,7.019386085903916,0,27.0,0.6331242234733995,1,60.0,0.36680288793295784,10,162.0,0.3964093098229285,11,249.0
560.0,7,81.0,1.6875,7.614183430072001,2,5.0,0.6288882484885399,1,39.0,0.6602631629425489,4,152.0,0.39638689835523305,7,196.0
565.0,3,17.0,0.3541666666666667,7.399549954030813,2,14.0,0.5536389578549379,0,28.0,0.561144012903774,1,75.0,0.39498304822276514,3,117.0
570.0,7,16.0,0.34782608695652173,5.759166317956861,2,9.0,0.385133934632499,3,38.0,0.5081456405918497,2,51.0,0.23440601628842855,7,98.0
575.0,13,61.0,1.22,6.1321930098587645,2,10.0,0.4311670678693972,3,55.0,0.5592018510001473,8,80.0,0.08462912420703045,13,145.0
580.0,17,121.0,2.5208333333333335,6.149591896081751,2,6.0,0.516796636922389,4,71.0,0.35570067407473155,11,126.0,0.2163134350657465,17,203.0
585.0,25,225.0,4.5,4.983476879413353,6,27.0,0.33198636178439994,6,96.0,0.28682597148029026,13,184.0,0.2062046211597745,25,307.0
590.0,26,311.0,6.098039215686274,4.215527293549908,4,37.0,0.3074557966151032,9,133.0,0.2236882278075999,13,245.0,0.24391286058545178,26,415.0
595.0,26,410.0,8.36734693877551,4.484019011815285,2,13.0,0.296480148436118,10,178.0,0.2452266726557725,14,311.0,0.20602597758247593,26,502.0
600.0,18,230.0,4.6938775510204085,4.432699261598771,4,16.0,0.13060815258676767,5,165.0,0.3010215535812494,9,287.0,0.1705694504362037,18,468.0
605.0,11,60.0,1.1111111111111112,6.8963541764812994,7,41.0,0.3417519652157121,2,93.0,0.5499432159506342,2,174.0,0.4381516191497791,11,308.0
610.0,9,63.0,1.1886792452830188,8.257664118398962,7,76.0,0.4721015173465994,1,66.0,0.5545339962088088,1,75.0,0.6898623869015327,9,217.0
615.0,16,125.0,2.232142857142857,6.294433535367931,8,115.0,0.30669570181264344,5,80.0,0.36726049623134305,3,77.0,0.4902614676042967,16,272.0
620.0,27,236.0,4.214285714285714,4.530571105044054,13,169.0,0.186961630779145,8,116.0,0.1786704101400258,6,98.0,0.33953816731330055,27,383.0
625.0,19,132.0,2.588235294117647,3.5967036297002815,9,170.0,0.17807937440471933,6,109.0,0.09123999307137397,4,87.0,0.2177737625400549,19,366.0
630.0,4,16.0,0.3137254901960784,6.913266364580908,1,106.0,0.43929380935459933,2,60.0,0.5221945139793138,1,23.0,0.45931165141594504,4,189.0
635.0,7,30.0,0.5555555555555556,8.831657933498096,2,37.0,0.6363336214913655,2,35.0,0.7000906644360575,3,25.0,0.4138602379651319,7,97.0
640.0,10,36.0,0.631578947368421,7.530702323781638,2,32.0,0.4600873422472493,1,25.0,0.6631528232758371,7,53.0,0.3288606264838724,10,110.0
645.0,19,111.0,2.018181818181818,5.66242668269931,4,40.0,0.27546421630470985,6,41.0,0.22813498165369528,9,97.0,0.30152292140398734,19,178.0
650.0,23,193.0,3.938775510204082,2.872624333740056,3,36.0,0.23125267073562916,10,81.0,0.05143089940408182,10,145.0,0.11894779621526587,23,262.0
655.0,28,306.0,5.884615384615385,3.677384199032221,3,20.0,0.32618829638965385,13,145.0,0.1594980214783481,12,201.0,0.12509037139682608,28,366.0
660.0,18,182.0,3.309090909090909,4.906901043628398,4,23.0,0.3495615463972136,7,156.0,0.2398253463010563,7,198.0,0.3060594356981209,18,377.0
665.0,8,33.0,0.5689655172413793,6.920364083592156,7,48.0,0.4466266808389721,0,78.0,0.3788880774387279,1,86.0,0.41585671799346297,8,212.0
670.0,7,13.0,0.21666666666666667,6.797320951194709,1,45.0,0.47304253480453295,3,82.0,0.3856991454400339,3,91.0,0.4534831775512464,7,218.0
675.0,16,66.0,1.11864406779661,6.659130726027597,2,10.0,0.4953862482570938,7,111.0,0.29698797113142245,7,116.0,0.37845835824312923,16,237.0
680.0,22,163.0,2.810344827586207,6.068002192258082,1,9.0,0.5523668534235819,10,158.0,0.2528656579515253,11,161.0,0.196498807567168,22,328.0
685.0,15,101.0,1.9056603773584906,5.499641304760117,1,1.0,0.5291395059143538,6,154.0,0.29845173267905156,8,148.0,0.167621438623997,15,303.0
690.0,7,31.0,0.5961538461538461,6.6913418356102365,3,18.0,0.5626342939245513,0,57.0,0.41189620661275517,4,78.0,0.3328466708320262,7,153.0
695.0,2,2.0,0.038461538461538464,8.139027696340795,0,12.0,0.5968801292435626,0,10.0,0.5472443195956747,2,72.0,0.5019085028683529,2,94.0
700.0,5,19.0,0.3584905660377358,7.9765787944071604,0,0.0,0.6256516598521065,0,6.0,0.6284392148260505,5,90.0,0.3970297671235359,5,96.0
705.0,13,66.0,1.2222222222222223,6.690950030828149,3,5.0,0.5641713716503035,2,12.0,0.5338866362397359,8,124.0,0.3313756238743125,13,141.0
710.0,21,155.0,2.8703703703703702,5.099672108426898,3,20.0,0.49448463956019034,2,20.0,0.5239030953937908,16,188.0,0.21818653302279703,21,228.0
715.0,18,115.0,2.017543859649123,4.094273728910124,0,10.0,0.4341125209652195,2,3.0,0.1656392549943097,16,224.0,0.19600608128166785,18,237.0
720.0,14,79.0,1.3859649122807018,5.571732739021884,1,0.0,0.4382441858899835,3,18.0,0.5587763208729467,10,212.0,0.19070446242705583,14,230.0
725.0,8,36.0,0.6206896551724138,6.299258893557386,1,1.0,0.5358073871688708,0,17.0,0.7297098974607026,7,246.0,0.1474639472793343,8,264.0
730.0,11,43.0,0.7166666666666667,6.944734132217092,1,6.0,0.6986915947112293,1,6.0,0.798666903015755,9,283.0,0.20456934219667594,11,295.0
735.0,11,35.0,0.6140350877192983,5.140825905535578,2,2.0,0.5546579633224049,2,7.0,0.27795967626129897,7,279.0,0.1827863826803273,11,288.0
740.0,15,54.0,0.9473684210526315,4.764271508552107,3,9.0,0.28890123405801393,7,37.0,0.3154912352572522,5,220.0,0.15818593969485958,15,266.0
745.0,12,76.0,1.4339622641509433,5.874139868183842,1,3.0,0.2922330824212658,7,72.0,0.35541245639326086,4,141.0,0.27768994251912976,12,216.0
750.0,3,18.0,0.33962264150943394,8.245443063468864,0,0.0,0.7252214802425985,2,71.0,0.542782191097824,1,82.0,0.3903270704012831,3,153.0
755.0,3,2.0,0.03571428571428571,8.753424564514136,1,2.0,0.5740006370054832,1,22.0,0.5929790674600335,1,72.0,0.5585061768631301,3,96.0
760.0,9,30.0,0.5263157894736842,7.99599304455085,2,8.0,0.6792610446847808,1,4.0,0.589536253392265,6,92.0,0.40862179062449,9,104.0
765.0,7,19.0,0.3333333333333333,6.875038680960325,1,2.0,0.6446823208106465,1,1.0,0.4839582453448079,5,94.0,0.35406244077593607,7,97.0
770.0,10,35.0,0.6140350877192983,6.52123402724167,2,7.0,0.526434607220243,5,20.0,0.1675819301983883,3,65.0,0.41230987411138864,10,92.0
775.0,13,55.0,0.9821428571428571,6.494663028878662,7,31.0,0.3290792265762281,5,41.0,0.3245310941738003,1,34.0,0.40951850161564063,13,106.0
780.0,7,31.0,0.543859649122807,7.83028126892329,5,44.0,0.3382790192107139,0,23.0,0.5950131882413514,2,29.0,0.6447750703166832,7,96.0
785.0,1,4.0,0.07547169811320754,9.31297747529258,1,28.0,0.5240858972686823,0,8.0,0.7230265156630883,0,7.0,0.6875262704882154,1,43.0
790.0,8,18.0,0.3050847457627119,8.611830194349015,2,14.0,0.5284833115913049,2,5.0,0.5395524290842806,4,15.0,0.48068656431214224,8,34.0
795.0,9,35.0,0.6481481481481481,8.261224265446426,1,14.0,0.6795472029988622,5,20.0,0.5029684381034407,3,15.0,0.4270931630570456,9,49.0
800.0,12,53.0,1.0192307692307692,6.261782770967546,2,4.0,0.19853631745460085,10,55.0,0.30499250843716924,0,6.0,0.4242904890979591,12,65.0
805.0,16,75.0,1.3636363636363635,6.039086011193317,7,28.0,0.19678114611131975,7,78.0,0.3118805030596907,2,4.0,0.3648583653114959,16,110.0
810.0,6,28.0,0.5283018867924528,6.701313016513851,0,31.0,0.5094853309425144,3,68.0,0.28693846566046893,3,19.0,0.47014876567768604,6,118.0
815.0,4,6.0,0.12,7.427301723766998,0,2.0,0.6923928141638998,4,70.0,0.31915185499683263,0,9.0,0.6865059966241006,4,81.0
820.0,9,36.0,0.6545454545454545,8.446205245180986,1,7.0,0.6914442152536114,7,95.0,0.3810926532994803,1,0.0,0.683923310442675,9,102.0
825.0,13,82.0,1.5471698113207548,6.853193329870363,1,0.0,0.5352644090316283,12,146.0,0.2697527424517599,0,0.0,0.49431999983830666,13,146.0
830.0,25,182.0,3.3703703703703702,4.56553299941566,3,10.0,0.34392515509856475,17,221.0,0.052471105709787844,5,15.0,0.3870209144279623,25,246.0
835.0,27,298.0,5.622641509433962,3.479449321306789,0,15.0,0.3972415800105554,22,324.0,0.07037659394765734,5,38.0,0.32823948657654634,27,377.0
840.0,26,381.0,6.568965517241379,4.203401831006493,1,4.0,0.43688725608812906,22,436.0,0.16490911352526763,3,35.0,0.319903022189087,26,475.0
845.0,21,311.0,4.859375,5.257245041544144,1,0.0,0.47696305257730004,17,470.0,0.22982743418447862,3,16.0,0.3944886504593748,21,486.0
850.0,18,162.0,2.3823529411764706,5.583587329180327,4,11.0,0.5079394768425599,10,404.0,0.17409761540962165,4,24.0,0.47974079939991854,18,439.0
855.0,13,52.0,0.7647058823529411,5.237737445382265,4,30.0,0.47040211802954585,8,431.0,0.17036114874757557,1,17.0,0.4580783139150485,13,478.0
860.0,23,108.0,1.5211267605633803,5.116462837657961,8,59.0,0.3957229298909573,10,469.0,0.09842085150988358,5,17.0,0.4309849446494156,23,545.0
865.0,27,161.0,2.3333333333333335,3.4744224639888097,6,73.0,0.26263090378143195,17,534.0,0.038833681832481017,4,29.0,0.28733693782577996,27,636.0
870.0,24,144.0,2.057142857142857,4.179031488880206,4,66.0,0.29236584325095855,16,531.0,0.1559141394483555,4,43.0,0.3313911750824391,24,640.0
875.0,16,80.0,1.0666666666666667,5.322679017346499,2,46.0,0.447067858897529,8,423.0,0.28789969736999715,6,47.0,0.2811042381581839,16,516.0
880.0,16,72.0,0.9473684210526315,5.362046354348709,3,40.0,0.45857938353179384,9,421.0,0.20618235524869832,4,43.0,0.3070129706681006,16,504.0
885.0,15,57.0,0.7916666666666666,4.1862236780879245,1,34.0,0.4697186313952874,8,458.0,0.1435050749482704,6,59.0,0.20575117971607443,15,551.0
890.0,30,139.0,1.8783783783783783,3.15054195569938,5,31.0,0.19229357487299703,16,522.0,0.14844376127392434,9,70.0,0.2305549036183003,30,623.0
895.0,32,248.0,3.263157894736842,2.9543667071998514,5,39.0,0.1615992532547473,20,611.0,0.14852968520204685,7,89.0,0.2583654387126466,32,739.0
900.0,31,263.0,3.329113924050633,3.3759003089877497,1,29.0,0.3397212007674451,24,614.0,0.14938965307434243,6,105.0,0.22379341764285968,31,748.0
905.0,30,271.0,3.2261904761904763,4.45321015093534,2,27.0,0.47574822331244443,20,521.0,0.20271583273616753,8,135.0,0.35465922224566504,30,683.0
910.0,21,141.0,1.6022727272727273,4.0180517452432225,2,12.0,0.49554682369634423,15,555.0,0.11223062769943755,4,107.0,0.39363373031208054,21,674.0
915.0,25,106.0,1.1521739130434783,4.914585921424837,3,22.0,0.4950061890148773,18,633.0,0.1062767068690008,4,70.0,0.40765663223437054,25,725.0
920.0,31,170.0,1.8888888888888888,3.8467261129970747,5,40.0,0.3311665920800516,17,717.0,0.0698776427137754,9,62.0,0.2924456332889144,31,819.0
925.0,41,326.0,3.7471264367816093,3.0159099971233227,8,73.0,0.2417324972811019,20,809.0,0.10319962635685105,13,115.0,0.1830389033732789,41,997.0
930.0,49,488.0,5.741176470588235,2.2886808002893266,5,79.0,0.25013863310948026,27,933.0,0.07651571001704358,17,189.0,0.09753716126572898,49,1201.0
935.0,43,440.0,5.057471264367816,2.5926837512409255,0,38.0,0.41809304687262044,29,940.0,0.09690855646638484,14,221.0,0.07751484614500133,43,1199.0
940.0,36,348.0,4.046511627906977,4.0199774420268275,0,6.0,0.6006802461020114,25,868.0,0.10803669631799859,11,209.0,0.3090970233124725,36,1083.0
945.0,32,264.0,2.838709677419355,3.8072139580732607,0,4.0,0.597135336289641,22,925.0,0.08456518584066881,10,229.0,0.2559939656862164,32,1158.0
950.0,33,223.0,2.372340425531915,3.807000112791824,3,9.0,0.4395033799847187,22,1030.0,0.0957703560843068,8,263.0,0.24119563221512239,33,1302.0
955.0,36,234.0,2.5161290322580645,2.7935755886337432,5,28.0,0.31285371492385217,20,1139.0,0.08284903886694588,11,300.0,0.1322569102380529,36,1467.0
960.0,45,328.0,3.6444444444444444,2.2880779739962285,9,67.0,0.11568898552553465,22,1238.0,0.08965176853143975,14,357.0,0.1249483616380237,45,1662.0
965.0,41,375.0,4.261363636363637,1.825272167336098,10,117.0,0.18642954029728867,21,1221.0,0.06605774794581855,10,370.0,0.09836907825195251,41,1708.0
970.0,41,372.0,4.2272727272727275,2.6239409577779083,11,171.0,0.2515732597632685,19,1102.0,0.09037942533754723,11,336.0,0.18185169802360673,41,1609.0
975.0,42,390.0,4.148936170212766,2.5153385481150443,13,230.0,0.16601604156855618,18,1186.0,0.0925156572872049,11,374.0,0.17469165772225945,42,1790.0
980.0,38,313.0,3.2268041237113403,3.0998491691879186,8,228.0,0.24439047531081146,18,1280.0,0.07046049753022715,12,431.0,0.181951555103378,38,1939.0
985.0,32,199.0,2.094736842105263,2.8391327500260632,4,170.0,0.34465225948906597,12,1240.0,0.11897261899003511,16,504.0,0.07661331149402051,32,1914.0
990.0,26,156.0,1.6421052631578947,3.317714527385362,3,154.0,0.38981151354162574,6,1057.0,0.1553334530116806,17,587.0,0.09952681235541065,26,1798.0
995.0,28,239.0,2.438775510204082,3.959794638404585,7,175.0,0.4012096613103504,3,786.0,0.1563554613865853,18,671.0,0.19081977989787763,28,1632.0
1000.0,31,329.0,3.357142857142857,4.063988804858886,4,157.0,0.42987966101442704,4,627.0,0.2895111896275426,23,771.0,0.16751539394140233,31,1555.0
1005.0,31,447.0,4.608247422680412,3.8954172441549773,1,92.0,0.3787513758630713,2,548.0,0.3544627265040904,28,899.0,0.11060843571451298,31,1539.0
1010.0,35,425.0,4.25,3.3680559326441317,1,65.0,0.31111530427960665,6,567.0,0.2518179454553982,28,940.0,0.040893226935926466,35,1572.0
1015.0,39,392.0,3.95959595959596,3.5663375632651158,6,83.0,0.21752033128865716,8,520.0,0.28654214756002583,25,886.0,0.06599634261314015,39,1489.0
1020.0,32,349.0,3.525252525252525,4.3527508250358276,13,134.0,0.21704676857383906,3,377.0,0.28661808366244484,16,757.0,0.1955237246225645,32,1268.0
1025.0,31,373.0,3.845360824742268,4.19744827363334,17,210.0,0.20897532575448247,3,348.0,0.231018695437222,11,688.0,0.3171879079097779,31,1246.0
1030.0,31,304.0,2.9514563106796117,3.629422750464738,17,237.0,0.14583947569798375,7,376.0,0.15807323106961954,7,649.0,0.3163458719454348,31,1262.0
1035.0,25,140.0,1.3592233009708738,4.120394955136794,11,203.0,0.2104458593890414,7,335.0,0.18876059071089074,7,682.0,0.27325826391876246,25,1220.0
1040.0,19,83.0,0.8137254901960784,4.868714290496299,8,158.0,0.3224532706122751,5,219.0,0.2543676185370139,6,642.0,0.2906762615869872,19,1019.0
1045.0,14,40.0,0.37383177570093457,4.333125938303479,6,173.0,0.2810821169668089,6,245.0,0.18669998595227993,2,526.0,0.3075601739082244,14,944.0
1050.0,21,93.0,0.8378378378378378,4.768467275851473,10,210.0,0.23816717484976035,9,284.0,0.16741248208005363,2,421.0,0.3252969980895652,21,915.0
1055.0,32,214.0,1.9454545454545455,4.337710587553379,13,269.0,0.19712806469902924,17,347.0,0.10179129544031096,2,310.0,0.32631309321609475,32,926.0
1060.0,44,410.0,3.8317757009345796,3.740113787928958,17,350.0,0.15692149167265118,22,445.0,0.06762300664147929,5,256.0,0.3318468637055018,44,1051.0
1065.0,48,488.0,4.647619047619048,2.9480203223522294,17,376.0,0.10601016297042624,30,579.0,0.08395227868493119,1,230.0,0.30429160927397736,48,1185.0
1070.0,50,586.0,5.528301886792453,3.4803017653622987,11,340.0,0.17773236747258764,35,742.0,0.09592699541339705,4,229.0,0.26839119825213065,50,1311.0
1075.0,55,767.0,7.304761904761905,3.441837395366421,12,264.0,0.19959704579984866,38,922.0,0.09468726314117863,5,209.0,0.1451640816965105,55,1395.0
1080.0,58,932.0,8.961538461538462,2.0072569437106864,10,303.0,0.1427243215605733,41,1121.0,0.04719574273693489,7,185.0,0.13751652429768157,58,1609.0
1085.0,57,911.0,8.676190476190476,2.594863360891224,12,341.0,0.149728354884388,39,1184.0,0.017878922688308853,6,210.0,0.2649626472008094,57,1735.0
1090.0,41,712.0,6.716981132075472,3.2229526982189274,6,333.0,0.2426087686375145,29,1054.0,0.0592700750850738,6,240.0,0.3254578087043323,41,1627.0
1095.0,40,603.0,5.742857142857143,3.6428594459004344,9,277.0,0.2514858065026222,21,955.0,0.17492053088718806,10,280.0,0.2918125032987521,40,1512.0
1100.0,35,443.0,3.990990990990991,3.9127596219094714,7,298.0,0.27482768638946053,15,1041.0,0.16596463222714877,13,334.0,0.294698982997679,35,1673.0
1105.0,37,367.0,3.110169491525424,3.716674309774638,6,301.0,0.25401622391349726,13,1114.0,0.1713878911759984,18,410.0,0.16093472600610867,37,1825.0
1110.0,46,399.0,3.3813559322033897,2.613980360517871,11,341.0,0.11421581520610934,13,1184.0,0.1544308017304324,22,433.0,0.11230338779068674,46,1958.0
1115.0,53,504.0,4.3826086956521735,2.5349008645057647,15,388.0,0.09093897874821798,20,1274.0,0.18012061252726194,18,454.0,0.14690499411930732,53,2116.0
1120.0,66,667.0,5.512396694214876,2.0292253814352623,21,467.0,0.07855617208768528,27,1398.0,0.059647098560639815,18,526.0,0.06625382498806208,66,2391.0
1125.0,77,946.0,7.754098360655738,2.2189886755697534,25,579.0,0.1006403004123866,33,1554.0,0.025079048249159706,19,619.0,0.10186342268738828,77,2752.0
1130.0,83,1208.0,10.15126050420168,1.8438326776154879,27,705.0,0.0628614462738442,41,1740.0,0.0003632521657026477,15,627.0,0.11682230140419127,83,3072.0
1135.0,82,1506.0,13.210526315789474,1.6002919748716566,31,852.0,0.05778759987957098,40,1942.0,0.04804660182500029,11,543.0,0.08979953579805572,82,3337.0
1140.0,76,1399.0,12.060344827586206,1.4953418996932566,27,901.0,0.046047861183116025,37,1982.0,0.052132350894462214,12,590.0,0.11101136868893274,76,3473.0
1145.0,62,1148.0,9.811965811965813,2.545374898963253,21,832.0,0.13745554942607893,29,1848.0,0.15568457196200236,12,651.0,0.15232062144482483,62,3331.0
1150.0,55,945.0,8.14655172413793,2.0949987568779562,15,843.0,0.1469937607414372,25,1972.0,0.10076949545294224,15,721.0,0.14152052617252503,55,3536.0
1155.0,53,711.0,6.02542372881356,2.714188109021624,16,916.0,0.15629750178550056,22,2089.0,0.07159498965926088,15,757.0,0.13406945621178046,53,3762.0
1160.0,43,498.0,4.256410256410256,2.885720811618585,11,879.0,0.11995127812398522,17,2025.0,0.1062537990906953,15,775.0,0.11444907939435835,43,3679.0
1165.0,31,305.0,2.6991150442477876,3.2465468574713126,4,784.0,0.2576198159753162,7,1760.0,0.15370943647145743,20,804.0,0.13000433159562627,31,3348.0
1170.0,29,247.0,2.1293103448275863,4.087564540180326,3,679.0,0.29777277913338884,5,1349.0,0.22064937091464,21,777.0,0.18925518087767237,29,2805.0
1175.0,27,263.0,2.307017543859649,4.347592682892797,4,694.0,0.32403120201531443,3,1026.0,0.20785446981000072,20,873.0,0.23664849100922503,27,2593.0
1180.0,26,234.0,2.0,4.0114020736147395,5,702.0,0.23850241929960364,4,1024.0,0.25040506707133164,17,850.0,0.19227941738898566,26,2576.0
1185.0,28,177.0,1.5391304347826087,3.846728317263564,10,731.0,0.20154949611359624,8,1049.0,0.26322965452252545,10,856.0,0.14691676411851928,28,2636.0
1190.0,30,161.0,1.4504504504504505,2.704940059136662,12,721.0,0.07773999122431238,8,946.0,0.2341758205374532,10,910.0,0.10126215465708675,30,2577.0
1195.0,26,89.0,0.7876106194690266,3.1661632520041882,8,636.0,0.19751657579365842,8,706.0,0.20150814931312055,10,895.0,0.1757570741533691,26,2237.0
1200.0,19,93.0,0.8017241379310345,4.221134205442482,6,549.0,0.319258150814159,5,654.0,0.21397394862547947,8,799.0,0.23865267098319956,19,2002.0
1205.0,28,137.0,1.170940170940171,3.924177479795721,7,563.0,0.19427603056325665,8,687.0,0.13958883796787727,13,683.0,0.21599269717837227,28,1933.0
1210.0,33,206.0,1.8070175438596492,3.359467924259365,11,592.0,0.11315837175737294,9,585.0,0.10685137459054014,13,645.0,0.17396998933452068,33,1822.0
1215.0,23,227.0,2.0825688073394497,3.549104170021518,7,574.0,0.19353239250806986,5,386.0,0.19253527434533094,11,608.0,0.22061788626776915,23,1568.0
1220.0,20,255.0,2.361111111111111,4.278618458524085,3,463.0,0.3050993793228315,4,229.0,0.269024000789298,13,668.0,0.24524013319140373,20,1360.0
1225.0,20,317.0,2.780701754385965,3.864343034024269,2,407.0,0.23264026794476708,4,241.0,0.19589192342352751,14,644.0,0.2380719315441385,20,1292.0
1230.0,29,411.0,3.6052631578947367,3.1092867426780644,7,427.0,0.166425569072667,5,200.0,0.17754350558211013,17,675.0,0.19313066291134187,29,1302.0
1235.0,30,308.0,2.610169491525424,3.1285853065164018,12,482.0,0.13018999675744466,3,77.0,0.2290394893929123,15,701.0,0.1769928874847463,30,1260.0
1240.0,30,178.0,1.459016393442623,3.4304889380656656,11,472.0,0.21030027258690417,4,48.0,0.2084931512745365,15,696.0,0.17750334472459806,30,1216.0
1245.0,24,117.0,0.9285714285714286,4.099359149442203,5,366.0,0.31654277200399905,8,73.0,0.3005578643295907,11,706.0,0.16374776973865535,24,1145.0
1250.0,24,96.0,0.7619047619047619,4.313672143182357,6,206.0,0.3349989400815235,4,65.0,0.30010427340389123,14,670.0,0.17229316053906768,24,941.0
1255.0,28,74.0,0.5692307692307692,3.5707724409869006,7,227.0,0.20560021433112893,6,61.0,0.2600887737860467,15,614.0,0.12189100512622099,28,902.0
1260.0,39,159.0,1.2325581395348837,3.746096465383587,11,271.0,0.1822092299894927,12,86.0,0.24234040870797444,16,475.0,0.09784400971454713,39,832.0
1265.0,38,245.0,1.9758064516129032,3.2312736717507433,14,331.0,0.16703581082176147,17,148.0,0.11214008401670324,7,438.0,0.14241616801628754,38,917.0
1270.0,41,239.0,1.975206611570248,2.8469204311704237,14,328.0,0.14660517296437023,18,206.0,0.1241601485599568,9,390.0,0.1333405193898709,41,924.0
1275.0,38,170.0,1.3934426229508197,3.306289678644028,9,233.0,0.24891928620610032,18,223.0,0.1591418677093049,11,377.0,0.1615403838730772,38,833.0
1280.0,34,113.0,0.8828125,3.8760102444481768,9,175.0,0.23646625272175867,14,285.0,0.18125258698139324,11,319.0,0.17673100308410072,34,779.0
1285.0,29,154.0,1.2125984251968505,4.487577910289843,6,136.0,0.28594097817978825,12,338.0,0.1551397058508454,11,261.0,0.19295203251167584,29,735.0
1290.0,32,199.0,1.6864406779661016,4.225962712601974,7,134.0,0.2768393937183869,11,343.0,0.13062002631020964,14,283.0,0.19844653101311732,32,760.0
1295.0,29,202.0,1.8198198198198199,3.819623817032778,6,149.0,0.3673255492892701,8,307.0,0.14853360152989759,15,289.0,0.17192750541174334,29,745.0
1300.0,24,118.0,1.0825688073394495,4.005698460265206,0,125.0,0.5014247542996246,7,331.0,0.18919424362594597,17,275.0,0.16318316381341644,24,731.0
1305.0,26,140.0,1.2612612612612613,3.5064086969845545,1,122.0,0.35558399536548474,12,370.0,0.13477854367054112,13,338.0,0.14185246738330717,26,830.0
1310.0,33,166.0,1.4821428571428572,3.310332803623776,6,115.0,0.2082777952686003,10,373.0,0.1178969108077637,17,384.0,0.12643748183903117,33,872.0
1315.0,37,171.0,1.5688073394495412,3.273467196883553,13,162.0,0.22004531338587374,9,313.0,0.15609540178200548,15,418.0,0.17950864566367325,37,893.0
1320.0,33,218.0,1.981818181818182,4.39446136994565,16,234.0,0.2445006410361197,7,225.0,0.2908321708295942,10,382.0,0.28446739728105797,33,841.0
1325.0,36,324.0,2.9454545454545453,4.573563787724823,19,322.0,0.2265657263689412,8,162.0,0.25483496037559944,9,323.0,0.3218431792313838,36,807.0
1330.0,42,490.0,4.260869565217392,4.179220111898938,24,429.0,0.12647742081691724,7,151.0,0.33017035163874814,11,315.0,0.2991885551049335,42,895.0
1335.0,36,401.0,3.427350427350427,3.976244671878778,21,475.0,0.16275741381538236,3,117.0,0.35270556284795573,12,345.0,0.261256348901426,36,937.0
1340.0,36,325.0,2.7542372881355934,4.070977402564572,17,451.0,0.131121803469962,6,107.0,0.37025000237715966,13,372.0,0.20588289305628898,36,930.0
1345.0,34,253.0,2.1810344827586206,3.79302323504216,14,403.0,0.17031783746823512,10,115.0,0.2992069328038975,10,388.0,0.14621047612676702,34,906.0
1350.0,31,201.0,1.675,4.286400157623242,12,459.0,0.27624601118205877,7,101.0,0.28820935444552304,12,361.0,0.20611739043017793,31,921.0
1355.0,30,182.0,1.4796747967479675,4.457151788274452,14,524.0,0.2575511282028695,6,98.0,0.24966687918578392,10,375.0,0.24861293360873973,30,997.0
1360.0,28,110.0,0.873015873015873,4.13949219458929,11,536.0,0.18479493914156236,4,82.0,0.2363927842098693,13,384.0,0.20057074618425855,28,1002.0
1365.0,28,92.0,0.773109243697479,3.857708388945999,8,479.0,0.18174886361192166,7,71.0,0.2783840894891072,13,374.0,0.14876689305824223,28,924.0
1370.0,24,69.0,0.5847457627118644,3.576686874159596,4,454.0,0.17304773193741985,10,101.0,0.2775887367101933,10,338.0,0.1354205452469021,24,893.0
1375.0,25,79.0,0.6638655462184874,3.9165006218572582,9,480.0,0.2130186308797002,9,104.0,0.28383763276037277,7,316.0,0.19802808895277593,25,900.0
1380.0,32,155.0,1.2704918032786885,3.9635624848460007,16,534.0,0.190194886356866,7,101.0,0.26619945657332356,9,307.0,0.21087030972744367,32,942.0
1385.0,35,267.0,2.2436974789915967,3.7836812372753093,20,623.0,0.14518546315482245,6,111.0,0.36524525624568466,9,285.0,0.2117638911470157,35,1019.0
1390.0,32,231.0,1.925,3.3122775331672156,20,650.0,0.15662342249948233,4,95.0,0.3534692428985162,8,232.0,0.16206621236030977,32,977.0
1395.0,33,174.0,1.403225806451613,3.4364629745452095,20,590.0,0.13479808692487633,6,53.0,0.28636295797966543,7,230.0,0.14311166894896782,33,873.0
1400.0,32,150.0,1.171875,3.5817479720807217,17,651.0,0.1067920229247473,8,77.0,0.25474276206907787,7,235.0,0.1518512024491827,32,963.0
1405.0,30,122.0,1.0082644628099173,3.3588057198079597,14,728.0,0.14483840690629307,6,69.0,0.16667936680623363,10,218.0,0.17631839379747088,30,1015.0
1410.0,34,190.0,1.6379310344827587,3.280722549259516,19,818.0,0.09905526652504566,7,78.0,0.34283025864465905,8,170.0,0.13307521282594234,34,1066.0
1415.0,29,150.0,1.3157894736842106,2.789561756088625,16,812.0,0.12429818464909154,6,73.0,0.25143888354300226,7,179.0,0.1292236747409315,29,1064.0
1420.0,25,102.0,0.85,3.8457550952191344,11,702.0,0.15989205385393118,5,76.0,0.36199635259430485,9,196.0,0.1287495292133315,25,974.0
1425.0,31,139.0,1.188034188034188,3.8127688641065816,13,580.0,0.16941599642356447,4,76.0,0.33368485196091013,14,237.0,0.11444962723910387,31,893.0
1430.0,39,244.0,2.15929203539823,4.000428012821111,13,463.0,0.21871671947166607,6,69.0,0.3792642053148741,20,326.0,0.11845229494025886,39,858.0
1435.0,44,303.0,2.6814159292035398,3.84641526614679,11,387.0,0.23030924436527597,9,106.0,0.3846332919987888,24,368.0,0.12888008309763963,44,861.0
1440.0,32,274.0,2.3620689655172415,4.924256676920102,7,284.0,0.38332083220130925,6,113.0,0.4449543628661066,19,366.0,0.13696212335949562,32,763.0
1445.0,34,290.0,2.5,5.611452725650962,9,262.0,0.445637255976516,5,91.0,0.46691104250047805,20,340.0,0.12677153018357518,34,693.0
1450.0,41,384.0,3.310344827586207,5.849646939340511,13,273.0,0.3774751717000711,8,82.0,0.44356378942085123,20,363.0,0.19494209863499404,41,718.0
1455.0,32,361.0,3.139130434782609,5.134562200274084,13,292.0,0.2824556764442751,8,93.0,0.27361292309007423,11,413.0,0.23548256958878633,32,798.0
1460.0,25,181.0,1.6605504587155964,4.957156452364631,11,286.0,0.23988209777001696,5,73.0,0.24169808275973925,9,423.0,0.27556189595181824,25,782.0
1465.0,26,127.0,1.1981132075471699,4.774970424481104,7,208.0,0.30129559232225744,5,80.0,0.20404023654306092,14,457.0,0.18520006195895977,26,745.0
1470.0,35,198.0,2.020408163265306,4.050168713848844,8,145.0,0.28876344548938687,9,103.0,0.1735297811846565,18,482.0,0.07420508108613014,35,730.0
1475.0,35,152.0,1.5670103092783505,3.3911046266557876,9,152.0,0.20041458248119257,13,126.0,0.19047267124597383,13,438.0,0.14737913228595012,35,716.0
1480.0,23,104.0,1.0505050505050506,4.869147979027246,8,129.0,0.3596285670102739,7,118.0,0.33210248962545713,8,439.0,0.26802147537253407,23,686.0
1485.0,28,133.0,1.209090909090909,4.563505752395617,10,132.0,0.375967011766276,5,124.0,0.2528992905717384,13,479.0,0.18144678817038865,28,735.0
1490.0,35,214.0,1.8938053097345133,4.186486893751715,15,182.0,0.3386085885241092,8,144.0,0.26846573638908683,12,475.0,0.17163760654317997,35,801.0
1495.0,34,275.0,2.391304347826087,3.870395302061828,16,253.0,0.23185051362709405,13,165.0,0.2200034655949933,5,393.0,0.16707902124513255,34,811.0
1500.0,31,206.0,1.7457627118644068,4.268563213186415,13,256.0,0.2404823351517151,12,140.0,0.230759648729074,6,272.0,0.2460135157064815,31,668.0
1505.0,17,86.0,0.7107438016528925,5.0858816400344,7,195.0,0.31317245444081293,6,148.0,0.2761377672899143,4,203.0,0.2630465142439759,17,546.0
1510.0,11,32.0,0.2689075630252101,5.342400667835641,2,164.0,0.3604590532118213,6,150.0,0.2562680703151455,3,164.0,0.30629552376365177,11,478.0
1515.0,21,57.0,0.49137931034482757,4.5792119821375925,8,170.0,0.2863403205556948,6,148.0,0.2215250899337851,7,164.0,0.26351762619731484,21,482.0
1520.0,29,110.0,0.9649122807017544,4.043991920931062,12,214.0,0.3058688815761386,10,130.0,0.1569127495263183,7,155.0,0.2742452364624243,29,499.0
1525.0,27,133.0,1.146551724137931,4.0519509099511035,11,210.0,0.2859700502771602,8,117.0,0.2515238504957684,8,124.0,0.24947527162258987,27,451.0
1530.0,29,172.0,1.376,4.329100432121586,8,258.0,0.3094304529683398,10,137.0,0.24852499464551853,11,106.0,0.2269544825404843,29,501.0
1535.0,29,254.0,1.9538461538461538,5.0787211108551045,6,283.0,0.30420318472077884,13,170.0,0.31800541791853765,10,122.0,0.2931287435871733,29,575.0
1540.0,32,322.0,2.5354330708661417,4.791230189635196,9,312.0,0.3198764419379637,14,225.0,0.3475557024956044,9,127.0,0.26684285594219553,32,664.0
1545.0,39,367.0,2.7388059701492535,4.787206603775195,15,292.0,0.24539452707181025,14,290.0,0.36703431913132445,10,116.0,0.25451596541089133,39,698.0
1550.0,40,301.0,2.246268656716418,4.719150579455433,16,235.0,0.2145981334063233,12,294.0,0.2753856485658623,12,133.0,0.2627144074995459,40,662.0
1555.0,35,149.0,1.146153846153846,3.5052598464784706,12,260.0,0.1996678459832036,10,218.0,0.13551409040206971,13,174.0,0.1758939065626657,35,652.0
1560.0,34,115.0,0.905511811023622,3.515942223878112,11,282.0,0.21987173532240364,7,247.0,0.21880037157349927,16,196.0,0.1746204405262723,34,725.0
1565.0,43,200.0,1.4814814814814814,4.320651464587811,16,305.0,0.2449628796534049,10,262.0,0.3175241427306748,17,213.0,0.19081705347234484,43,780.0
1570.0,44,288.0,2.0425531914893615,4.474905452914941,15,312.0,0.2423481837046377,14,302.0,0.3031249193952477,15,247.0,0.20366897401125553,44,861.0
1575.0,51,415.0,2.9642857142857144,4.625156101601996,15,284.0,0.23671326479822705,21,393.0,0.24252164986379915,15,289.0,0.27153173352197774,51,966.0
1580.0,42,438.0,3.2444444444444445,4.5924311992969855,8,272.0,0.2028632456127733,20,414.0,0.235301542074765,14,330.0,0.34588512760625695,42,1016.0
1585.0,42,455.0,3.2971014492753623,4.626388746650839,11,274.0,0.1823450002276686,15,311.0,0.2566280661411201,16,386.0,0.3360832043659771,42,971.0
1590.0,35,482.0,3.4927536231884058,4.0671303096392295,7,262.0,0.17210826138021273,12,328.0,0.21551373069607196,16,446.0,0.2752907619589234,35,1036.0
1595.0,38,355.0,2.6296296296296298,3.7623578809844074,11,219.0,0.2097464931186172,15,344.0,0.15467494161889153,12,430.0,0.26686389488540485,38,993.0
1600.0,33,216.0,1.6,3.6845241631205607,9,227.0,0.1906521931634468,14,359.0,0.10179790990267759,10,347.0,0.30749534489398883,33,933.0
1605.0,36,152.0,1.1428571428571428,3.6762269245507575,15,237.0,0.14727345399418293,10,321.0,0.17333744521549274,11,261.0,0.28521880136537203,36,819.0
1610.0,38,182.0,1.368421052631579,3.701374966154691,17,270.0,0.17687833023069421,11,314.0,0.16549136399021414,10,283.0,0.26390905151280825,38,867.0
1615.0,40,174.0,1.2985074626865671,3.670305292192479,17,295.0,0.2145105503078185,17,320.0,0.16429083271700093,6,273.0,0.3069899870289917,40,888.0
1620.0,36,186.0,1.3576642335766422,4.266235182192486,14,271.0,0.19210869403704223,12,323.0,0.1547114529458897,10,258.0,0.38713447494171976,36,852.0
1625.0,37,231.0,1.711111111111111,4.813750133845009,13,237.0,0.19245050554908139,13,293.0,0.19038291769198554,11,292.0,0.3700120050860298,37,822.0
1630.0,39,266.0,2.046153846153846,4.151400907056909,20,278.0,0.1559559192559005,11,285.0,0.1657954401305971,8,277.0,0.23121778615113883,39,840.0
1635.0,48,253.0,2.0403225806451615,3.5352498679200184,24,331.0,0.1610792622773369,13,245.0,0.10816041716226765,11,207.0,0.2903965066056736,48,783.0
1640.0,42,241.0,1.9917355371900827,3.566018634053113,18,346.0,0.15583407513715605,14,264.0,0.17717104355299124,10,128.0,0.31102037385011483,42,738.0
1645.0,29,139.0,1.1031746031746033,3.897724038097178,13,371.0,0.17269258849220148,9,261.0,0.1813809946987974,7,149.0,0.33248084555312035,29,781.0
1650.0,32,143.0,1.1085271317829457,4.537819327369116,13,382.0,0.1726831798568191,13,270.0,0.21269226792376827,6,125.0,0.2945079295769078,32,777.0
1655.0,40,224.0,1.763779527559055,4.078304703394745,15,443.0,0.12588510887493723,16,289.0,0.13085838887447337,9,114.0,0.34292109861335135,40,846.0
1660.0,44,256.0,2.048,3.5539560642163424,15,455.0,0.17231036810679984,17,270.0,0.12416056867820471,12,159.0,0.32210952586140235,44,884.0
1665.0,43,250.0,1.968503937007874,4.15133991800525,15,406.0,0.2165874508213503,18,256.0,0.17909042925492832,10,172.0,0.3408871751884325,43,834.0
1670.0,36,250.0,1.968503937007874,4.509147011408182,12,438.0,0.1614796139392661,17,281.0,0.21772881512768633,7,155.0,0.3932689826215862,36,874.0
1675.0,31,153.0,1.204724409448819,4.23874002960624,15,490.0,0.12411443845158476,11,306.0,0.21375159788814527,5,151.0,0.3483379706901259,31,947.0
1680.0,34,148.0,1.2032520325203253,3.9943838880300424,19,557.0,0.1222866066602163,7,269.0,0.25104164459204853,8,165.0,0.2587515147720318,34,991.0
1685.0,41,288.0,2.4,3.86640336768644,21,656.0,0.1103155400095252,13,242.0,0.2528207141253766,7,161.0,0.21166246510087663,41,1059.0
1690.0,53,435.0,3.5950413223140494,3.077334703053592,27,783.0,0.08880409298163004,14,269.0,0.08844714300821689,12,159.0,0.21225628433958849,53,1211.0
1695.0,57,564.0,4.82051282051282,2.81625320587458,35,940.0,0.0806501909716133,12,233.0,0.11797962077355771,10,195.0,0.2543084685163531,57,1368.0
1700.0,51,544.0,4.610169491525424,2.770918061693928,33,1004.0,0.060803676180389024,9,258.0,0.22785174969947466,9,201.0,0.2613193065002436,51,1463.0
1705.0,52,489.0,3.880952380952381,3.8188913587266358,31,956.0,0.10758609370937994,9,269.0,0.2627306625073029,12,209.0,0.2751315944807707,52,1434.0
1710.0,53,543.0,4.275590551181103,4.044189400052629,25,1041.0,0.12183053080198189,12,317.0,0.25933659367344014,16,260.0,0.2389682959177652,53,1618.0
1715.0,45,419.0,3.352,3.600623621358041,23,1153.0,0.10812776748853874,9,309.0,0.14222940766159622,13,280.0,0.1830880975468567,45,1742.0
1720.0,33,231.0,1.9743589743589745,3.5689447718362097,15,1139.0,0.14453497519118755,9,246.0,0.1670861348943518,9,239.0,0.22667960101137044,33,1624.0
1725.0,23,64.0,0.5614035087719298,3.5372302152364195,6,979.0,0.13964498817066534,8,269.0,0.23909005678280335,9,232.0,0.2302826625277666,23,1480.0
1730.0,29,121.0,1.043103448275862,4.469375584221208,6,749.0,0.22335502940008553,13,324.0,0.2720496708119571,10,252.0,0.23406903193977596,29,1325.0
1735.0,28,145.0,1.1788617886178863,3.9388666372737084,2,746.0,0.22941184864170472,17,397.0,0.17544462877285086,9,244.0,0.19274020517493837,28,1387.0
1740.0,31,154.0,1.2727272727272727,4.036943193623498,9,764.0,0.19285546492276437,14,395.0,0.11496078822835386,8,203.0,0.22041298306095541,31,1362.0
1745.0,33,164.0,1.4513274336283186,3.5533437319320402,14,823.0,0.17263472824537676,10,299.0,0.15399205453243184,9,220.0,0.20382653467593873,33,1342.0
1750.0,34,160.0,1.4545454545454546,3.1281623209743303,16,801.0,0.15878531026512574,8,327.0,0.226010211548685,10,235.0,0.24716435471393447,34,1363.0
1755.0,38,186.0,1.576271186440678,3.1994910799564797,13,685.0,0.16006909131325628,11,375.0,0.21931874760510084,14,279.0,0.184821126768075,38,1339.0
1760.0,40,232.0,1.901639344262295,2.9713845306915103,13,740.0,0.15675497999753224,10,369.0,0.1687965202389716,17,357.0,0.1524070284986637,40,1466.0
1765.0,40,309.0,2.4919354838709675,3.0400767990084927,15,811.0,0.1601578134142515,4,280.0,0.15566027874751404,21,438.0,0.15763656722704125,40,1529.0
1770.0,36,277.0,2.252032520325203,3.399336168005178,17,887.0,0.1068635568967778,2,207.0,0.24728961325450136,17,444.0,0.23739555239713506,36,1538.0
1775.0,38,330.0,2.7049180327868854,3.416136690688131,22,989.0,0.07230749598542884,4,163.0,0.2716834929435434,12,356.0,0.27288625258989496,38,1508.0
1780.0,40,387.0,3.1463414634146343,3.133659897508433,27,1113.0,0.08159220793726528,4,156.0,0.31495347645095884,9,372.0,0.24622444382383096,40,1641.0
1785.0,47,437.0,3.496,2.440172865241861,28,1127.0,0.041856459199849275,6,178.0,0.31340987180164837,13,381.0,0.1913900620525333,47,1686.0
1790.0,57,461.0,3.414814814814815,3.0151640502764243,28,1022.0,0.10604953880965189,9,217.0,0.30563134505632666,20,423.0,0.15527965577329608,57,1662.0
1795.0,56,378.0,2.7194244604316546,2.853724617428399,27,1088.0,0.12305993807965773,10,230.0,0.26258206616518764,19,421.0,0.11324217856886015,56,1739.0
1800.0,54,378.0,2.6433566433566433,3.4767057887683657,24,1207.0,0.1345984708701388,12,230.0,0.2081360918937767,18,391.0,0.12579868674530528,54,1828.0
1805.0,44,366.0,2.6911764705882355,3.0560023997019563,20,1184.0,0.10387651832067572,17,296.0,0.18812442519443184,7,406.0,0.1493837364921786,44,1886.0
1810.0,42,331.0,2.626984126984127,2.9363364529725398,11,1015.0,0.14285424108663544,19,349.0,0.18320444050912904,12,392.0,0.21301507119739302,42,1756.0
1815.0,40,292.0,2.1954887218045114,3.1427218644327777,10,994.0,0.13178740018136822,14,421.0,0.20389387867614608,16,406.0,0.1986128066496414,40,1821.0
1820.0,45,277.0,1.9928057553956835,3.238239826414612,12,1017.0,0.11616543283121239,17,480.0,0.14404732636027992,16,393.0,0.193340863058909,45,1890.0
1825.0,39,214.0,1.5851851851851853,3.1418644777046807,11,948.0,0.12314810543903619,17,558.0,0.1035462349118175,11,320.0,0.16756285167226345,39,1826.0
1830.0,39,241.0,1.8682170542635659,3.265035598164232,11,782.0,0.1442295271858637,20,653.0,0.1256567368212598,8,304.0,0.1719274094266762,39,1739.0
1835.0,46,343.0,2.6796875,3.255707072879538,12,574.0,0.15342938403423384,17,740.0,0.21869388985508476,17,361.0,0.1265220261559542,46,1675.0
1840.0,46,333.0,2.5037593984962405,3.151643125559106,8,588.0,0.2177315689180394,16,745.0,0.18733161535994122,22,431.0,0.08961137649742802,46,1764.0
1845.0,53,359.0,2.6791044776119404,2.9877636217199544,10,594.0,0.23128769295760113,15,618.0,0.14966402862177614,28,561.0,0.0874298699770068,53,1773.0
1850.0,51,342.0,2.533333333333333,2.8412934932882394,10,578.0,0.17363259083578444,13,665.0,0.2020554478182253,28,618.0,0.10058262525087007,51,1861.0
1855.0,50,286.0,2.1185185185185187,3.3800486068923994,13,504.0,0.17852471143266366,17,731.0,0.17810031262837142,20,592.0,0.14101550036832558,50,1827.0
1860.0,51,339.0,2.511111111111111,3.4647503412886884,17,406.0,0.15321209756836646,16,811.0,0.2648171282781158,18,659.0,0.0935434648638831,51,1876.0
1865.0,43,371.0,2.7686567164179103,3.51169845310243,11,346.0,0.25051491702898343,12,797.0,0.24899849838741148,20,716.0,0.06227765808445529,43,1859.0
1870.0,51,423.0,3.0875912408759123,4.0380081899800855,14,313.0,0.3155042446000938,9,706.0,0.24718506128492407,28,755.0,0.123220843983093,51,1774.0
1875.0,48,460.0,3.3093525179856114,4.146285185545472,18,338.0,0.29914983504126325,8,554.0,0.21394042229083854,22,798.0,0.18220341197825676,48,1690.0
1880.0,40,371.0,2.708029197080292,4.480234898829419,13,339.0,0.3316217279913311,9,447.0,0.23757628630035743,18,770.0,0.17791146165018706,40,1556.0
1885.0,32,286.0,2.1343283582089554,4.767652390546237,12,246.0,0.32899963486082084,6,393.0,0.33966877326154693,14,796.0,0.18933905600389417,32,1435.0
1890.0,36,257.0,2.0236220472440944,4.82594736397737,14,226.0,0.24879474203817642,7,341.0,0.40331850115177104,15,778.0,0.21010956940341358,36,1345.0
1895.0,42,332.0,2.634920634920635,4.234190694250925,15,268.0,0.1759472014127272,8,300.0,0.42235813034421776,19,818.0,0.22039800274305424,42,1386.0
1900.0,47,443.0,3.4076923076923076,4.524247846023414,17,287.0,0.19405831058349507,8,269.0,0.42966356797787514,22,846.0,0.21918002105244921,47,1402.0
1905.0,42,441.0,3.340909090909091,4.067851685513098,14,321.0,0.19695699234974712,10,233.0,0.39605946602009906,18,852.0,0.20244477371817918,42,1406.0
1910.0,28,171.0,1.2481751824817517,3.965435625413157,8,281.0,0.17446167440011662,5,189.0,0.3042591273615984,15,771.0,0.1731395331139235,28,1241.0
1915.0,32,186.0,1.3676470588235294,4.4403900744725995,13,281.0,0.1627669554367888,6,65.0,0.2336685528900458,13,674.0,0.17349065968373426,32,1020.0
1920.0,48,362.0,2.9430894308943087,4.081220914437538,20,347.0,0.15710809729687572,7,78.0,0.19447350810184877,21,685.0,0.19902046899634787,48,1110.0
1925.0,61,611.0,5.3130434782608695,3.2692950017600517,27,469.0,0.1497884998368548,10,95.0,0.18561819676431318,24,726.0,0.15935026384983283,61,1290.0
1930.0,63,740.0,6.491228070175438,2.6707397229113594,34,625.0,0.07752031086525897,5,94.0,0.24772322657800044,24,767.0,0.13161445314828046,63,1486.0
1935.0,58,654.0,5.6869565217391305,2.9079567165241555,33,720.0,0.04743948744693548,4,71.0,0.4060336097307825,21,719.0,0.10643526450598802,58,1510.0
1940.0,53,577.0,4.931623931623932,3.8774982658414743,27,720.0,0.07791229567320707,7,81.0,0.46328528707220845,19,634.0,0.17049752133925017,53,1435.0
1945.0,43,444.0,3.73109243697479,3.9217831144434676,20,760.0,0.12668479834322574,8,96.0,0.35008313645724276,15,652.0,0.2021260759131324,43,1508.0
1950.0,38,279.0,2.364406779661017,4.009947645106546,17,846.0,0.13655831533460316,8,95.0,0.29890451056341194,13,674.0,0.16837522530983837,38,1615.0
1955.0,30,171.0,1.4615384615384615,3.6672304520677534,17,928.0,0.10935490552218412,3,103.0,0.20235316617674334,10,646.0,0.20863904216977772,30,1677.0
1960.0,37,216.0,1.9636363636363636,3.2207814784613613,18,1013.0,0.10685424676507908,9,123.0,0.2575077085207524,10,538.0,0.1831279995094549,37,1674.0
1965.0,42,348.0,3.135135135135135,3.2951402840632955,24,1119.0,0.08016557689495972,6,132.0,0.3068866830881226,12,423.0,0.14244170000436282,42,1674.0
1970.0,55,554.0,4.859649122807017,3.0651693598076686,33,1263.0,0.05515562361649245,7,105.0,0.27475710540122256,15,406.0,0.18273118764924415,55,1774.0
1975.0,59,821.0,7.265486725663717,2.8689652254478695,36,1439.0,0.03168515575347583,6,105.0,0.2843691612741542,17,375.0,0.20795960306642103,59,1919.0
1980.0,62,1067.0,9.526785714285714,2.364914390928498,41,1632.0,0.03929957881776102,3,89.0,0.24382063064464427,18,427.0,0.22984072589226645,62,2148.0
1985.0,65,1213.0,10.640350877192983,2.5892102425863603,44,1846.0,0.038271669086027346,5,83.0,0.2431184421979403,16,453.0,0.21689177142731564,65,2382.0
1990.0,59,1307.0,11.56637168141593,2.9118388363032914,46,2075.0,0.03501889538123997,4,81.0,0.1943559803538228,9,404.0,0.23996532091938486,59,2560.0
1995.0,50,1197.0,10.783783783783784,3.304877205390971,40,2135.0,0.053534472372231544,2,65.0,0.2898740821879828,8,312.0,0.2384549515654181,50,2512.0
2000.0,49,1000.0,9.090909090909092,3.5817861177758106,33,2003.0,0.09607316390650071,3,74.0,0.2487764683830411,13,308.0,0.24945229652393616,49,2385.0
2005.0,51,909.0,8.339449541284404,3.8129684269227835,28,2072.0,0.0703797227789273,7,98.0,0.3291616151774307,16,304.0,0.1960095796702548,51,2474.0
2010.0,51,842.0,7.796296296296297,3.7630858054576652,25,2200.0,0.09717951650941185,9,137.0,0.29175808839044265,17,365.0,0.1355087692934197,51,2702.0
2015.0,54,714.0,6.932038834951456,2.4570523564321234,23,2318.0,0.0962988054748139,13,192.0,0.09450392674826329,18,401.0,0.13918514144397104,54,2911.0
2020.0,50,536.0,5.36,2.3575092179640937,23,2431.0,0.06712434498819034,12,224.0,0.20786881770987242,15,385.0,0.1881243122339798,50,3040.0
2025.0,45,439.0,4.262135922330097,2.586303696549819,22,2363.0,0.09613895641594206,10,213.0,0.18271636065654648,13,328.0,0.24015528023005064,45,2904.0
2030.0,43,327.0,3.0,3.015086505726973,19,2108.0,0.13718475090253138,9,189.0,0.21405745135810986,15,359.0,0.24213592404755235,43,2656.0
2035.0,38,244.0,2.1403508771929824,2.9791022048757063,19,2122.0,0.11631388258475918,8,228.0,0.22026539184961222,11,407.0,0.21473092787174392,38,2757.0
2040.0,43,216.0,1.7851239669421488,3.6040976989734443,22,2226.0,0.11735472891620427,9,267.0,0.2526338684402925,12,437.0,0.16505558573338597,43,2930.0
2045.0,38,191.0,1.6324786324786325,2.9781472809852723,17,2149.0,0.11736780076614095,9,304.0,0.19148875277925653,12,445.0,0.15248579337342794,38,2898.0
2050.0,35,201.0,1.7478260869565216,3.2425451051379253,9,1864.0,0.13977763989872397,12,362.0,0.2705370453057138,14,428.0,0.10999660855195818,35,2654.0
2055.0,26,132.0,1.1092436974789917,3.078996238933003,5,1788.0,0.16886874532108961,10,369.0,0.2569072823518416,11,465.0,0.10282927528976303,26,2622.0
2060.0,32,133.0,1.0725806451612903,3.8604413571602456,11,1823.0,0.15464012961077847,10,336.0,0.17242529315030988,11,472.0,0.17408848452175862,32,2631.0
2065.0,37,191.0,1.5916666666666666,3.4719772784676275,16,1891.0,0.13454291524011155,12,329.0,0.1775557127047086,9,459.0,0.22907612795670232,37,2679.0
2070.0,38,281.0,2.4649122807017543,2.9283174347269543,20,1983.0,0.09866139981403341,7,343.0,0.21877376644705726,11,424.0,0.23481545187325378,38,2750.0
2075.0,48,383.0,3.2184873949579833,2.346896918363049,29,2111.0,0.08102790722091799,4,359.0,0.1740584426576156,15,479.0,0.15285548182495395,48,2949.0
2080.0,51,447.0,3.6341463414634148,1.903357378761853,31,2049.0,0.07150953715366902,4,354.0,0.16254783958604088,16,511.0,0.05811156140200929,51,2914.0
2085.0,52,476.0,3.633587786259542,2.5876970619841906,29,1781.0,0.11106210537827425,7,383.0,0.19622598205817107,16,514.0,0.09492600529728293,52,2678.0
2090.0,58,596.0,4.549618320610687,2.8595760339324516,28,1381.0,0.12956259982357862,13,436.0,0.2180922658431393,17,522.0,0.0934209206675577,58,2339.0
2095.0,55,591.0,4.5813953488372094,2.9612483467869906,25,1197.0,0.15736629171542094,18,512.0,0.19068050112245474,12,526.0,0.1297087834443337,55,2235.0
2100.0,44,503.0,3.8396946564885495,3.2344188453291753,15,1213.0,0.18317445587294928,22,613.0,0.1638439186304014,7,455.0,0.15207845741105333,44,2281.0
2105.0,46,496.0,3.7293233082706765,4.084584661950909,10,1236.0,0.2453684666352098,29,740.0,0.14037781951004602,7,420.0,0.2555904749665904,46,2396.0
2110.0,47,523.0,4.0859375,3.684653148481587,13,1263.0,0.2109163976456208,27,818.0,0.07666770315901425,7,389.0,0.267163146990773,47,2470.0
2115.0,50,610.0,4.803149606299213,2.7950050956885595,12,1167.0,0.12406064464700946,26,871.0,0.08695913516886401,12,437.0,0.17296005240633272,50,2475.0
2120.0,52,587.0,4.658730158730159,2.3253604462962296,12,922.0,0.17258070351087637,25,928.0,0.12120656916183928,15,469.0,0.114805293852413,52,2319.0
2125.0,51,539.0,4.083333333333333,2.8183685933757125,7,925.0,0.223844890981313,26,909.0,0.13130167609865326,18,485.0,0.13143613375536817,51,2319.0
2130.0,59,588.0,4.388059701492537,2.7959964975998277,14,975.0,0.15101572763179183,26,851.0,0.12920359584003985,19,560.0,0.14197807397863044,59,2386.0
2135.0,49,534.0,3.985074626865672,2.7397431604910207,11,893.0,0.17146704911104357,17,916.0,0.13421011368616767,21,641.0,0.12724458472578595,49,2450.0
2140.0,45,478.0,3.489051094890511,3.015788610635817,6,689.0,0.17672756222626307,11,912.0,0.20981878703426649,28,763.0,0.06078731141323853,45,2364.0
2145.0,50,508.0,3.735294117647059,3.17153281987134,8,440.0,0.1583006864690631,7,877.0,0.263466290537218,35,862.0,0.005870685372665599,50,2179.0
2150.0,49,461.0,3.3405797101449277,3.8769020959528335,8,362.0,0.3053964199922451,11,791.0,0.27259967353694203,30,951.0,0.06415472614066364,49,2104.0
2155.0,45,417.0,3.0217391304347827,4.113058654095254,5,316.0,0.2889906179514698,17,679.0,0.26288625441758323,23,953.0,0.15197298648938004,45,1948.0
2160.0,45,387.0,2.8248175182481754,3.9521196027065053,7,322.0,0.28135434074524696,20,668.0,0.17878831240623894,18,973.0,0.18742020850130992,45,1963.0
2165.0,52,498.0,3.716417910447761,3.4696570128550546,15,353.0,0.24948721604244833,21,673.0,0.14535107647116216,16,856.0,0.20794143007954255,52,1882.0
2170.0,53,513.0,3.8,3.2276389271314985,20,428.0,0.17633844945466787,19,702.0,0.12846271834735226,14,865.0,0.2115225700830014,53,1995.0
2175.0,55,533.0,3.8905109489051095,3.4590940275729527,26,543.0,0.10385686651796992,13,640.0,0.18657144902480616,16,873.0,0.1774070261741414,55,2056.0
2180.0,48,431.0,3.2406015037593985,3.3746548403646734,26,583.0,0.0800540638022189,9,537.0,0.2424772635930797,13,873.0,0.11413223609712328,48,1993.0
2185.0,46,339.0,2.627906976744186,3.5947169822155867,22,522.0,0.10338009479623964,11,520.0,0.22484721932701943,13,833.0,0.1426003304484494,46,1875.0
2190.0,39,231.0,1.8629032258064515,3.4705663293552105,16,532.0,0.18564418642034936,14,475.0,0.18956870629086595,9,826.0,0.18357805095591914,39,1833.0
2195.0,41,179.0,1.432,3.3135583818370877,15,607.0,0.13444536284275865,14,502.0,0.2640161627957143,12,760.0,0.1567186673164847,41,1869.0
2200.0,33,185.0,1.4682539682539681,2.93722827720046,17,695.0,0.11247682253539851,7,436.0,0.15315169309862153,9,712.0,0.13184794479068623,33,1843.0
2205.0,33,178.0,1.435483870967742,3.4327108998125055,13,682.0,0.07690283323774691,12,403.0,0.17370225898557182,8,653.0,0.12183341811028102,33,1738.0
2210.0,24,114.0,0.9827586206896551,3.117560525161319,9,576.0,0.13303920849889628,11,392.0,0.1791909406640686,4,619.0,0.14339457953971357,24,1587.0
2215.0,37,125.0,1.0869565217391304,3.098410460119369,14,628.0,0.19016753691260266,13,315.0,0.20637913620330853,10,553.0,0.18867613893758473,37,1496.0
2220.0,35,178.0,1.459016393442623,3.438511349389633,13,685.0,0.1642572296643262,16,243.0,0.2015299144871451,6,532.0,0.2690262354468936,35,1460.0
2225.0,36,198.0,1.5714285714285714,3.36832883601547,18,765.0,0.12079169585848762,10,230.0,0.20117321094251098,8,473.0,0.23893645577144154,36,1468.0
2230.0,31,175.0,1.4227642276422765,3.168412196019736,19,775.0,0.09443117101768395,4,208.0,0.22971813052169046,8,461.0,0.18097667091074923,31,1444.0
2235.0,32,172.0,1.4098360655737705,3.821118887574245,17,683.0,0.13699932567521247,5,188.0,0.3412934338733453,10,448.0,0.13299764843085615,32,1319.0
2240.0,36,176.0,1.4915254237288136,3.9798363194164175,17,717.0,0.14056152671185773,9,220.0,0.35209531379332504,10,397.0,0.13134513540001264,36,1334.0
2245.0,41,250.0,2.0833333333333335,3.5038452790230687,14,772.0,0.13894650481560328,14,275.0,0.2426769999411495,13,330.0,0.10061764439809305,41,1377.0
2250.0,48,405.0,3.403361344537815,3.3093716693477475,18,842.0,0.12928877875962033,16,348.0,0.159797655932534,14,326.0,0.17634291452716996,48,1516.0
2255.0,51,477.0,4.184210526315789,2.7532317598797262,16,826.0,0.11644468419941942,22,448.0,0.10330850313087599,13,304.0,0.2021850746077195,51,1578.0
2260.0,51,556.0,4.834782608695652,3.3289661749316197,16,717.0,0.15105719606974186,26,571.0,0.11638246133410028,9,298.0,0.24374186507963708,51,1586.0
2265.0,46,615.0,5.394736842105263,3.0252989963448087,12,773.0,0.13706104491904725,28,705.0,0.15155690292311239,6,295.0,0.2301316417099189,46,1773.0
2270.0,47,760.0,6.495726495726496,2.7170828911744493,12,817.0,0.13323032426123807,27,842.0,0.07999563826698677,8,288.0,0.17155333789391772,47,1947.0
2275.0,52,911.0,7.786324786324786,2.0539200470295382,13,779.0,0.1101944838926056,31,991.0,0.029614698169058262,8,290.0,0.14569381691134145,52,2060.0
2280.0,52,789.0,6.743589743589744,2.3526404147059,13,646.0,0.14649145156631144,27,1020.0,0.11464730242494532,12,282.0,0.10578396965745564,52,1948.0
2285.0,38,617.0,5.057377049180328,3.3389902880980906,7,601.0,0.19085556869324066,18,920.0,0.2680916194288949,13,340.0,0.1676804844518702,38,1861.0
2290.0,41,598.0,4.708661417322834,3.4092553977297375,8,625.0,0.1846634427178753,15,749.0,0.26714888814064136,18,421.0,0.18154600925097206,41,1795.0
2295.0,50,586.0,4.4393939393939394,3.2337120371660877,13,656.0,0.1720995646398324,13,635.0,0.25095450209229825,24,497.0,0.17822269812107047,50,1788.0
2300.0,53,602.0,4.492537313432836,2.827178353204901,20,728.0,0.12260868977281304,7,659.0,0.2176366957948085,26,561.0,0.15240039200169372,53,1948.0
2305.0,59,683.0,5.135338345864661,2.7694208295901146,26,840.0,0.0779529462617065,7,665.0,0.24921399756135565,26,623.0,0.11064882605328623,59,2128.0
2310.0,72,855.0,6.428571428571429,2.6635402739201557,34,991.0,0.048320216235093714,10,703.0,0.27732561237272135,28,665.0,0.07819722393191847,72,2359.0
2315.0,79,1094.0,8.546875,2.6397768982265912,39,1174.0,0.04083185022430106,13,761.0,0.2344762195210308,27,763.0,0.08731422953800291,79,2698.0
2320.0,74,1082.0,8.725806451612904,2.1041135034256935,37,1226.0,0.01591784123738236,11,737.0,0.1503555446739963,26,783.0,0.0825238406334281,74,2746.0
2325.0,63,954.0,7.7560975609756095,3.0894947015576366,31,1141.0,0.11389919403680782,10,619.0,0.19830492239406336,22,835.0,0.17834557611016602,63,2595.0
2330.0,55,824.0,6.809917355371901,3.023755353528458,25,1263.0,0.10643751116526291,10,544.0,0.28259039650166146,20,936.0,0.18537569161587375,55,2743.0
2335.0,56,733.0,5.911290322580645,2.9978025979331155,27,1394.0,0.10515121838650641,11,591.0,0.18127619612032558,18,969.0,0.2076978982463173,56,2954.0
2340.0,52,589.0,4.788617886178862,2.5067954301304347,20,1375.0,0.09637711112936061,15,643.0,0.1555661528144054,17,946.0,0.16062218229707623,52,2964.0
2345.0,45,417.0,3.418032786885246,3.1447850189947775,12,1197.0,0.13321903178408367,14,712.0,0.22020453740912244,19,904.0,0.14294242494838283,45,2813.0
2350.0,39,334.0,2.672,3.215185909105804,8,1232.0,0.11134210300409841,13,709.0,0.19713872611664396,18,807.0,0.12381010517838718,39,2748.0
2355.0,48,467.0,3.7661290322580645,3.2457533395145317,13,1288.0,0.10215969004660322,14,637.0,0.12264327462296298,21,794.0,0.20415006836452762,48,2719.0
2360.0,50,585.0,4.8347107438016526,2.6575445850623796,10,1212.0,0.10469308526265535,15,702.0,0.07410280401187538,25,848.0,0.1715090582899755,50,2762.0
2365.0,44,628.0,5.190082644628099,3.250412383065037,6,974.0,0.15123988211246187,12,723.0,0.20077739829036959,26,977.0,0.10331197264240355,44,2674.0
2370.0,41,503.0,4.0894308943089435,3.5699633905036485,10,766.0,0.16868570897251417,5,682.0,0.2988742910575059,26,1014.0,0.093867428671722,41,2462.0
2375.0,37,409.0,3.3524590163934427,3.5319515338996696,7,787.0,0.19212720794756705,8,636.0,0.24393926831448992,22,925.0,0.15915531965062868,37,2348.0
2380.0,35,364.0,2.8661417322834644,3.3537569122990543,9,824.0,0.18976998376260443,8,637.0,0.1824351098510164,18,1005.0,0.17790145625378243,35,2466.0
2385.0,38,357.0,2.811023622047244,3.799351816334916,14,884.0,0.1758341242329074,8,616.0,0.12830817527060823,16,1078.0,0.18356155631397386,38,2578.0
2390.0,46,387.0,3.1463414634146343,3.3514995788927693,15,847.0,0.1443057813261392,14,644.0,0.11093017897546958,17,1162.0,0.08672499794812008,46,2653.0
2395.0,43,343.0,2.9316239316239314,2.910207503868196,14,711.0,0.1732973476772264,17,727.0,0.16485694866961384,12,1138.0,0.09344723244818755,43,2576.0
2400.0,34,257.0,2.1596638655462184,3.994315470382185,10,505.0,0.1841042719380391,14,702.0,0.29011129875343356,10,995.0,0.1917739702659932,34,2202.0
2405.0,35,195.0,1.5476190476190477,4.125927035667902,12,372.0,0.21933408191977938,13,553.0,0.24789225773629422,10,1034.0,0.21198078719977936,35,1959.0
2410.0,35,244.0,1.8914728682170543,4.468294247911287,13,317.0,0.2505497649569302,11,528.0,0.25659232410543525,11,1078.0,0.22852428662449553,35,1923.0
2415.0,31,143.0,1.144,4.034409077953655,7,288.0,0.2940853130148978,13,590.0,0.19943939662024415,11,1033.0,0.15580731101589024,31,1911.0
2420.0,32,166.0,1.3949579831932772,3.856619749067504,7,263.0,0.3285411999359612,15,665.0,0.10651969115714476,10,974.0,0.11858580133105122,32,1902.0
2425.0,34,150.0,1.271186440677966,2.804873257736656,10,236.0,0.15806146561182,14,627.0,0.09399889230484708,10,1008.0,0.1120843296789349,34,1871.0
2430.0,34,148.0,1.2542372881355932,3.5850592520779307,10,178.0,0.21322038764337706,12,542.0,0.20376225555963712,12,1040.0,0.15912647667429808,34,1760.0
2435.0,31,211.0,1.8034188034188035,4.135125505033637,8,170.0,0.27306315965558176,9,421.0,0.20664947547644277,14,1087.0,0.19169935183740858,31,1678.0
2440.0,25,222.0,1.8974358974358974,4.487941108522611,3,147.0,0.2866236911247453,7,343.0,0.2995649122281145,15,1157.0,0.20511815094021585,25,1647.0
2445.0,24,158.0,1.3504273504273505,4.346099629231201,6,104.0,0.262441200089952,1,330.0,0.2954517106862575,17,1116.0,0.15694841569400658,24,1550.0
2450.0,35,206.0,1.791304347826087,4.0256065592236485,12,150.0,0.18905974384120408,6,340.0,0.30431469936105077,17,968.0,0.14226024673876342,35,1458.0
2455.0,45,279.0,2.4690265486725664,3.330009494994168,13,183.0,0.09773160414775181,13,391.0,0.17319851531138933,19,775.0,0.15043481274720827,45,1349.0
2460.0,43,295.0,2.706422018348624,3.075489469184998,10,164.0,0.19302745080472103,18,475.0,0.15125108539922397,15,838.0,0.12945748271914614,43,1477.0
2465.0,40,249.0,2.2844036697247705,3.6240804849088812,4,113.0,0.25839230037766464,19,493.0,0.14508596293971698,17,893.0,0.11623191092505532,40,1499.0
2470.0,27,135.0,1.2857142857142858,4.448272368708443,1,76.0,0.5074548523195161,19,433.0,0.1279498243006734,7,849.0,0.20724819585121623,27,1358.0
2475.0,19,95.0,0.8636363636363636,4.482801643207893,1,68.0,0.416199144557769,11,454.0,0.15624214172376288,7,692.0,0.2657192965780479,19,1214.0
2480.0,33,154.0,1.4,4.25286079085046,7,91.0,0.27936700048765006,15,522.0,0.17465736807963028,11,548.0,0.2448951201192494,33,1161.0
2485.0,24,106.0,0.9906542056074766,3.285859904521971,8,105.0,0.2392847111584032,9,509.0,0.11326400378049802,7,559.0,0.1923952185910456,24,1173.0
2490.0,18,58.0,0.5420560747663551,4.155923155700041,4,82.0,0.3102370741598213,6,388.0,0.16968973509273017,8,551.0,0.23742733420777964,18,1021.0
2495.0,14,75.0,0.6756756756756757,4.988648481146218,5,49.0,0.37483154620666786,1,350.0,0.20528175848321198,8,530.0,0.2984234243806492,14,929.0
2500.0,22,127.0,1.1545454545454545,4.385963127277896,1,44.0,0.3459374593199193,7,368.0,0.17989835637335355,14,555.0,0.22279658217601947,22,967.0
2505.0,28,138.0,1.2545454545454546,3.4765454884427878,7,52.0,0.21409193703657917,8,342.0,0.15370442250665886,13,521.0,0.09989932446479032,28,915.0
2510.0,26,105.0,0.9813084112149533,3.7234151457790796,7,65.0,0.25416020926540794,7,267.0,0.20816146887159848,12,423.0,0.2227829009162058,26,755.0
2515.0,20,106.0,0.9724770642201835,4.8695787986547,3,45.0,0.35162487668332437,6,184.0,0.24407997920660768,11,279.0,0.2797690479347374,20,508.0
2520.0,21,154.0,1.3873873873873874,5.311244458925647,2,42.0,0.40891455915362873,8,145.0,0.24743485423933959,11,231.0,0.3122903182390492,21,418.0
2525.0,23,199.0,1.7304347826086957,5.563334572716249,3,31.0,0.37834601899575787,6,120.0,0.3003397629321358,14,249.0,0.3439357979638087,23,400.0
2530.0,27,293.0,2.5701754385964914,5.274353801551854,8,62.0,0.23491749872561962,8,128.0,0.34809136549221353,11,282.0,0.33601708706464345,27,472.0
2535.0,35,325.0,2.9545454545454546,4.679952286100721,17,124.0,0.20313312573281403,10,169.0,0.43086460466138365,8,263.0,0.33551054375951866,35,556.0
2540.0,41,332.0,2.938053097345133,4.0730303200214095,23,221.0,0.09342523641776328,7,148.0,0.3966768263818717,11,254.0,0.27083931102983244,41,623.0
2545.0,50,431.0,3.780701754385965,3.0022167187374373,28,347.0,0.08563463924225843,9,123.0,0.18817298226425347,13,261.0,0.14284163412676457,50,731.0
2550.0,64,561.0,5.008928571428571,2.6085735714932534,30,437.0,0.0891624027811434,12,120.0,0.13441402965143723,22,327.0,0.10440819135177662,64,884.0
2555.0,61,569.0,5.126126126126126,2.891147315969862,25,444.0,0.08283509848403071,16,163.0,0.20809146501606127,20,372.0,0.09403809726345723,61,979.0
2560.0,52,555.0,4.868421052631579,3.933785520735121,20,449.0,0.12738984083713023,16,236.0,0.24561331121427452,16,337.0,0.14675877419444155,52,1022.0
2565.0,42,513.0,4.621621621621622,4.380968362503864,13,407.0,0.22360562867618572,17,319.0,0.30458791150883774,12,368.0,0.1497318798037608,42,1094.0
2570.0,32,330.0,2.972972972972973,4.469076107048359,6,434.0,0.28513620891830216,13,338.0,0.18421074299549506,13,401.0,0.14665264072836015,32,1173.0
2575.0,27,117.0,1.1037735849056605,4.429821136167769,9,446.0,0.28605940989612955,8,252.0,0.12656672484167072,10,403.0,0.17487504783715851,27,1101.0
2580.0,24,110.0,1.1827956989247312,3.7373604503414555,13,500.0,0.19469170991605342,6,284.0,0.2523786106527021,5,339.0,0.2289267745313732,24,1123.0
2585.0,28,154.0,1.6210526315789473,3.8170627722862873,13,510.0,0.1198901044801081,8,317.0,0.2504943475625059,7,235.0,0.26732525742246377,28,1062.0
2590.0,31,165.0,1.6666666666666667,3.5921311664997675,10,444.0,0.17915540704959582,16,382.0,0.18987209134201205,5,248.0,0.19773311318298034,31,1074.0
2595.0,31,141.0,1.4387755102040816,3.21480592273463,6,443.0,0.18219824282657468,16,388.0,0.12615915004528824,9,245.0,0.13705790881463523,31,1076.0
2600.0,29,128.0,1.3061224489795917,3.570835372739091,12,488.0,0.16110148939222896,11,309.0,0.14455028222191915,6,226.0,0.22444900484634994,29,1023.0
2605.0,21,89.0,0.9175257731958762,4.4667760425492915,9,469.0,0.2233165150769866,7,198.0,0.2807638235918165,5,151.0,0.31382570676576,21,818.0
2610.0,11,50.0,0.5050505050505051,5.226019375655436,5,370.0,0.26158350195085234,3,160.0,0.44264433373722706,3,153.0,0.34645669438734067,11,683.0
2615.0,12,45.0,0.4368932038834951,4.678229360336921,5,389.0,0.20020733870511825,1,111.0,0.477056441316363,6,163.0,0.24751865732556766,12,663.0
2620.0,22,72.0,0.6666666666666666,3.6130648591138472,9,422.0,0.13029686088754663,7,122.0,0.2619555219264282,6,156.0,0.17242751337527762,22,700.0
2625.0,22,109.0,1.09,2.9606236826443824,13,477.0,0.12183955730791655,6,118.0,0.2390490796923909,3,108.0,0.15787882453123592,22,703.0
2630.0,24,182.0,1.8571428571428572,3.8109802845604874,20,567.0,0.129989521175238,1,75.0,0.3419543959332736,3,59.0,0.2769659990722657,24,701.0
2635.0,25,181.0,1.7920792079207921,3.1327702025845054,20,575.0,0.11208669633923936,2,81.0,0.19102494766020037,3,60.0,0.26060914584841466,25,716.0
2640.0,39,199.0,1.8773584905660377,2.9558160205941313,19,499.0,0.10415357803927194,9,115.0,0.1786712420691597,11,96.0,0.16298010614029357,39,710.0
2645.0,32,175.0,1.6990291262135921,3.2240409914357033,16,532.0,0.11552074341436833,7,121.0,0.24993430061862568,9,112.0,0.18665533942055412,32,765.0
2650.0,28,110.0,1.0891089108910892,3.868228177991167,16,610.0,0.12618200511593491,4,80.0,0.3584235218096214,8,101.0,0.24922286023111045,28,791.0
2655.0,25,88.0,0.8712871287128713,3.538537371969059,14,601.0,0.13514487322238722,4,63.0,0.3816578237382864,7,121.0,0.2469868808525617,25,785.0
2660.0,18,60.0,0.5825242718446602,3.591315764468581,6,492.0,0.1517138041660398,1,54.0,0.3526918219811724,11,154.0,0.17353588960532768,18,700.0
2665.0,22,75.0,0.7281553398058253,3.3437161967723426,6,520.0,0.1412086694664846,6,67.0,0.3315609998121396,10,168.0,0.13388869340564385,22,755.0
2670.0,27,117.0,1.1818181818181819,2.6975241970350434,10,564.0,0.11006494382718271,9,107.0,0.24104534539007444,8,129.0,0.10507541041575344,27,800.0
2675.0,38,232.0,2.3434343434343434,2.3881065246040816,16,629.0,0.07694957165295647,15,167.0,0.124563167749032,7,152.0,0.15716525664869305,38,948.0
2680.0,41,316.0,3.0980392156862746,2.11952888200535,21,725.0,0.05264550170924261,12,194.0,0.0860325085276501,8,189.0,0.11014059032364679,41,1108.0
2685.0,48,451.0,4.555555555555555,2.057795976666556,29,858.0,0.11093835959793616,5,134.0,0.1894673484030097,14,249.0,0.12287884409492157,48,1241.0
2690.0,46,434.0,4.173076923076923,2.3498656754766167,30,902.0,0.07580451669003312,1,86.0,0.33178972433682746,15,273.0,0.15008734989218445,46,1261.0
2695.0,40,344.0,3.2149532710280373,3.3252248760904095,29,841.0,0.0886330167939929,2,93.0,0.5000262072402512,9,238.0,0.20645597047111242,40,1172.0
2700.0,36,313.0,2.81981981981982,4.2801286179375,27,767.0,0.10843552786386888,3,101.0,0.5153151180563578,6,173.0,0.16738473050844804,36,1041.0
2705.0,38,307.0,2.6695652173913045,5.431434731653133,22,705.0,0.19083400871468004,8,128.0,0.4917811237123793,8,153.0,0.271694310383725,38,986.0
2710.0,32,285.0,2.544642857142857,5.121832766239568,15,598.0,0.26499287761971446,13,179.0,0.30840139042868847,4,136.0,0.33124165679911677,32,913.0
2715.0,31,212.0,1.8761061946902655,5.093910558007474,6,587.0,0.3403813008704102,15,215.0,0.25389053272708895,10,173.0,0.28644373603983325,31,975.0
2720.0,29,135.0,1.238532110091743,4.976375892339688,7,584.0,0.3521634467057981,13,267.0,0.23101771377947525,9,181.0,0.25742138114519864,29,1032.0
2725.0,28,141.0,1.3177570093457944,4.726499861519154,14,604.0,0.1892001345099899,10,307.0,0.21241367153684373,4,144.0,0.2881609431033794,28,1055.0
2730.0,30,186.0,1.8235294117647058,3.845703942889527,18,683.0,0.059819737236084414,11,318.0,0.122409678240335,1,89.0,0.32420052044466835,30,1090.0
2735.0,36,302.0,3.0816326530612246,2.9777418902074584,26,801.0,0.07119799568059267,9,280.0,0.09755580403396893,1,91.0,0.3149497656614063,36,1172.0
2740.0,36,310.0,2.980769230769231,3.2194922299762747,23,839.0,0.16342438069007467,7,293.0,0.13294139797045945,6,111.0,0.23755238617154947,36,1243.0
2745.0,41,288.0,2.769230769230769,3.6591210864180352,18,713.0,0.19624855992538143,11,318.0,0.1863839705724271,12,162.0,0.25294766245262035,41,1193.0
2750.0,40,304.0,2.8679245283018866,3.5867551969596736,15,572.0,0.16755696655494537,8,315.0,0.21800443190069438,17,236.0,0.15674107196142867,40,1123.0
2755.0,36,302.0,2.770642201834862,3.9654821127584987,9,615.0,0.25831019267945854,5,246.0,0.2609503523796775,22,338.0,0.16214135857884715,36,1199.0
2760.0,34,280.0,2.5925925925925926,3.811491644624558,10,653.0,0.1942071722569462,4,158.0,0.23027091135702166,20,386.0,0.1658489202187768,34,1197.0
2765.0,33,236.0,2.29126213592233,3.7426867852269647,15,718.0,0.1902439093190512,2,127.0,0.4444875061722026,16,359.0,0.13861686356930653,33,1204.0
2770.0,28,218.0,2.1372549019607843,3.2627476874189982,14,692.0,0.13564035486235285,1,111.0,0.3440341934916097,13,390.0,0.16170630875241052,28,1193.0
2775.0,34,207.0,2.0294117647058822,3.4572782864344473,13,573.0,0.13258814162051072,3,82.0,0.3753145848736303,18,469.0,0.1448316170234544,34,1124.0
2780.0,35,194.0,1.9595959595959596,2.4053321992647243,13,631.0,0.10456956718916606,2,54.0,0.3378412594942023,20,564.0,0.08782957558997627,35,1249.0
2785.0,40,201.0,1.99009900990099,2.2730830725799644,18,709.0,0.09691851151241387,6,65.0,0.22717151357281237,16,578.0,0.06949326151029996,40,1352.0
2790.0,37,202.0,2.04040404040404,2.691469162651236,23,812.0,0.059420220150067746,4,66.0,0.3295818918911892,10,504.0,0.11489568787825391,37,1382.0
2795.0,32,239.0,2.343137254901961,2.7854929555959544,21,916.0,0.05623560546919155,3,64.0,0.3321410799822523,8,379.0,0.2093788068889123,32,1359.0
2800.0,34,341.0,3.2788461538461537,3.1690302867754836,27,1041.0,0.04742195783041048,3,52.0,0.3715971293833489,4,319.0,0.29523409549540836,34,1412.0
2805.0,32,333.0,3.1714285714285713,3.265785983460891,28,1054.0,0.04909577047263248,1,51.0,0.22478072239060692,3,239.0,0.3555094700555398,32,1344.0
2810.0,32,270.0,2.5961538461538463,3.895456340917294,25,933.0,0.05964485472735417,4,59.0,0.22378215871045257,3,247.0,0.39092550721518854,32,1239.0
2815.0,37,304.0,3.0707070707070705,4.060594691661652,24,780.0,0.10059630154338026,7,90.0,0.284738842429351,6,267.0,0.24233206323856124,37,1137.0
2820.0,36,305.0,3.24468085106383,4.031722092616724,18,684.0,0.20057371930651677,11,139.0,0.3031575900232962,7,263.0,0.16257987675201901,36,1086.0
2825.0,28,295.0,3.0729166666666665,5.0973383727716515,10,571.0,0.30062090083050763,14,201.0,0.36179917011504087,4,204.0,0.22794487042470668,28,976.0
2830.0,24,261.0,2.663265306122449,5.63579048177638,2,579.0,0.37407507115287747,18,283.0,0.2317463703491313,4,121.0,0.39809691281150733,24,983.0
2835.0,30,369.0,3.804123711340206,4.750694086400192,6,601.0,0.3308302463879874,23,387.0,0.07009768695351833,1,120.0,0.37051437707051,30,1108.0
2840.0,35,388.0,4.127659574468085,3.3854591501763847,7,569.0,0.21905768424609268,23,460.0,0.02844370397494123,5,135.0,0.2791670768791715,35,1164.0
2845.0,28,328.0,3.4526315789473685,3.891523061956777,5,472.0,0.241220240111957,16,433.0,0.18082158555722758,7,158.0,0.28651592446655477,28,1063.0
2850.0,27,293.0,2.989795918367347,3.9553513716020503,5,487.0,0.21236328423082546,12,494.0,0.23786355011244717,10,201.0,0.28051276582273904,27,1182.0
2855.0,36,335.0,3.3168316831683167,3.1980598113898986,9,520.0,0.1414815592276642,14,560.0,0.1044406949804327,13,255.0,0.22807880413483247,36,1335.0
2860.0,42,390.0,3.9393939393939394,2.484162172403558,8,495.0,0.12597831687703667,15,632.0,0.10208566370635476,19,331.0,0.1359268993555293,42,1458.0
2865.0,45,468.0,4.824742268041237,2.733029948364981,7,394.0,0.17455279716205208,17,716.0,0.16798015709915576,21,419.0,0.0556997531314202,45,1529.0
2870.0,43,553.0,5.421568627450981,3.4830967901674,6,241.0,0.19974871943294178,15,728.0,0.19529905368062392,22,519.0,0.02969813688320205,43,1488.0
2875.0,32,461.0,4.349056603773585,4.669559205268074,2,144.0,0.38182216779063843,10,649.0,0.23883724489802585,20,562.0,0.137689179383131,32,1355.0
2880.0,29,392.0,3.881188118811881,4.689110042454934,2,106.0,0.38858691841199805,10,519.0,0.24663002097873862,17,528.0,0.1968844198165971,29,1153.0
2885.0,29,324.0,3.24,4.654765515214372,6,125.0,0.31883972970156066,8,458.0,0.229593770468115,15,608.0,0.2338722524714457,29,1191.0
2890.0,33,322.0,3.1881188118811883,4.8024135339979335,12,171.0,0.25570104435232927,6,377.0,0.4196973921782731,15,682.0,0.22435071245902688,33,1230.0
2895.0,37,332.0,3.5698924731182795,3.2916200970973835,21,254.0,0.13007839717256103,4,283.0,0.4529669886129223,12,680.0,0.18795190737036105,37,1217.0
2900.0,31,248.0,2.556701030927835,3.6377885541618338,21,282.0,0.09512219075886541,5,238.0,0.4532676918835718,5,609.0,0.20853386262168483,31,1129.0
2905.0,23,139.0,1.404040404040404,4.0052320566342985,16,265.0,0.1208261917004016,2,232.0,0.5081684601395143,5,630.0,0.2643225263256199,23,1127.0
2910.0,32,158.0,1.5339805825242718,4.30108598141761,17,240.0,0.19171734861443124,4,205.0,0.4407916507540427,11,671.0,0.14258583188488308,32,1116.0
2915.0,27,104.0,1.0196078431372548,3.6710299584521047,12,302.0,0.19992523832075718,5,173.0,0.3079569818325275,10,655.0,0.09357222935073665,27,1130.0
2920.0,22,75.0,0.75,4.168048393271201,12,357.0,0.1937861879547377,3,113.0,0.4549280105962648,7,580.0,0.17459279344877743,22,1050.0
2925.0,20,52.0,0.5306122448979592,3.531220931992635,9,361.0,0.18498843805735143,4,118.0,0.2747073077965806,7,557.0,0.1611561146290578,20,1036.0
2930.0,23,92.0,0.9484536082474226,3.3063432794340004,7,320.0,0.21448026857633234,9,156.0,0.19874296808159295,7,588.0,0.10722978215519367,23,1064.0
2935.0,30,131.0,1.336734693877551,2.3961387994415024,6,319.0,0.16697107933942493,7,140.0,0.23231552018148843,17,645.0,0.062167268464649546,30,1104.0
2940.0,32,227.0,2.316326530612245,3.1792203407514026,8,354.0,0.1345555708121169,3,90.0,0.3892998173193323,21,740.0,0.13091176808574567,32,1184.0
2945.0,29,213.0,2.195876288659794,2.9864797160409857,9,346.0,0.13382803502729423,0,39.0,0.4713453023504366,20,761.0,0.15929456214765494,29,1146.0
2950.0,26,152.0,1.5353535353535352,3.2946284840981885,4,279.0,0.18054059144127305,3,48.0,0.4272068410035007,19,692.0,0.11841204908167484,26,1019.0
2955.0,25,115.0,1.1057692307692308,3.9971654440039543,1,174.0,0.21190205265454432,8,72.0,0.4447239285467835,16,710.0,0.08744944973308674,25,956.0
2960.0,28,151.0,1.4245283018867925,4.250153136114073,2,104.0,0.2886295925408625,9,114.0,0.3665599286301675,17,793.0,0.07802819393979475,28,1011.0
2965.0,37,272.0,2.6666666666666665,4.018557402025692,2,56.0,0.3479451692139842,15,174.0,0.21590238632729467,20,889.0,0.09447547170367208,37,1119.0
2970.0,42,422.0,4.137254901960785,3.453636133361411,1,38.0,0.3800549670582468,17,256.0,0.15716272981229396,24,997.0,0.05592649208716727,42,1291.0
2975.0,43,396.0,3.8823529411764706,3.1515715525999526,6,59.0,0.25525843182181623,15,285.0,0.13937782757385553,22,1002.0,0.10703479382227019,43,1346.0
2980.0,38,281.0,2.86734693877551,3.2342544065142813,14,116.0,0.19612507360664086,8,237.0,0.2045721507322296,16,883.0,0.17471319430541618,38,1236.0
2985.0,38,275.0,2.696078431372549,2.7712002688422026,18,198.0,0.13594812450485422,7,264.0,0.1983982203491342,13,912.0,0.1396864215415375,38,1374.0
2990.0,43,261.0,2.5588235294117645,2.9468255142094115,17,239.0,0.10082580918077791,10,295.0,0.1784611601151425,16,980.0,0.12897836126811715,43,1514.0
2995.0,42,239.0,2.366336633663366,2.8928339896529356,12,226.0,0.19120095131875897,15,356.0,0.18088918483449778,15,938.0,0.09197552822181124,42,1520.0
3000.0,32,255.0,2.5757575757575757,4.048662239492809,7,167.0,0.22581740897683944,20,449.0,0.26313569128299186,5,761.0,0.1673436317493898,32,1377.0
3005.0,25,195.0,1.911764705882353,4.332698583207865,3,135.0,0.3656439921719397,19,464.0,0.1925223396446445,3,709.0,0.18563513383992214,25,1308.0
3010.0,25,135.0,1.2980769230769231,4.594941076387186,2,90.0,0.48412135894318775,15,395.0,0.1522274619081446,8,739.0,0.17778831814216606,25,1224.0
3015.0,29,154.0,1.5247524752475248,3.7106111257847134,1,91.0,0.45719847665263036,13,414.0,0.144715890952425,15,797.0,0.11641133426656632,29,1302.0
3020.0,33,167.0,1.67,3.434617446207665,5,106.0,0.4065061169594541,13,476.0,0.09380161554386243,15,753.0,0.08656398092528786,33,1335.0
3025.0,32,180.0,1.8556701030927836,3.13216310017411,4,108.0,0.24936491002171074,16,552.0,0.13562074161811147,12,547.0,0.1389508490308835,32,1207.0
3030.0,37,245.0,2.5,2.6928304516438986,6,95.0,0.18639893778620586,21,649.0,0.11787972854850974,10,587.0,0.13507058596328939,37,1331.0
3035.0,37,243.0,2.4545454545454546,2.8451732235190317,4,101.0,0.2025413675113493,21,661.0,0.06638447133322431,12,638.0,0.09215997947095163,37,1400.0
3040.0,37,248.0,2.610526315789474,2.9791455035056282,5,122.0,0.28067313618536116,16,568.0,0.10263917434892224,16,714.0,0.12719461295531603,37,1404.0
3045.0,35,193.0,2.097826086956522,2.856198504975464,6,122.0,0.2808024848856077,13,561.0,0.11336221484251716,16,682.0,0.16958059139457163,35,1365.0
3050.0,25,119.0,1.2795698924731183,3.1981812975247035,3,117.0,0.3000682264492583,12,621.0,0.16921501449060833,10,562.0,0.14802880946640565,25,1300.0
3055.0,33,135.0,1.3775510204081634,2.9022967021287025,7,140.0,0.1340297309320028,15,693.0,0.14287190699976468,11,408.0,0.18728802648320084,33,1241.0
3060.0,26,145.0,1.45,3.3960229421005415,9,180.0,0.08327939668871742,13,675.0,0.15402750007880345,4,278.0,0.2800346627457308,26,1133.0
3065.0,31,180.0,1.7821782178217822,3.7446198372072126,13,239.0,0.11778506716316049,11,569.0,0.15684264158640202,7,200.0,0.37956435626530355,31,1008.0
3070.0,31,238.0,2.3564356435643563,3.6967524212528984,17,309.0,0.1317775531608003,8,564.0,0.11938991664010745,6,173.0,0.42037087071976326,31,1046.0
3075.0,35,304.0,3.0707070707070705,3.2034263118997695,19,395.0,0.12112402438472497,14,622.0,0.0848491351730248,2,154.0,0.4070358376480875,35,1171.0
3080.0,35,266.0,2.686868686868687,3.005336067142441,20,417.0,0.06059441319168149,9,593.0,0.11282995721745892,6,160.0,0.29435315924710626,35,1170.0
3085.0,33,278.0,2.836734693877551,3.6180845512446598,17,370.0,0.19805063000241352,4,475.0,0.2053870823895997,12,211.0,0.23047287930673974,33,1056.0
3090.0,36,306.0,3.1875,3.3066447438422664,17,446.0,0.19493973924007812,4,463.0,0.17980500356225046,15,277.0,0.18842028960300936,36,1186.0
3095.0,42,402.0,4.0606060606060606,2.487281328654633,16,530.0,0.1212409525966734,7,494.0,0.10170249910591118,19,361.0,0.10012696809149046,42,1385.0
3100.0,49,435.0,4.578947368421052,1.798490205990086,18,620.0,0.07504320497330037,14,550.0,0.11422536223472676,17,384.0,0.10588806631091492,49,1554.0
3105.0,37,293.0,2.989795918367347,2.1532075027549116,13,631.0,0.09458698390451875,14,535.0,0.1278924777309958,10,329.0,0.16112316374299485,37,1495.0
3110.0,30,174.0,1.6893203883495145,3.9558318051041055,8,555.0,0.23905623488607186,12,444.0,0.21355648443267541,10,247.0,0.2554100802091837,30,1246.0
3115.0,31,129.0,1.1944444444444444,4.134600363734076,9,443.0,0.2508391852157271,14,501.0,0.1292404767966989,8,283.0,0.2838222597659725,31,1227.0
3120.0,31,126.0,1.1886792452830188,3.3944696814446957,8,468.0,0.19476753436788086,15,573.0,0.0766506879636133,8,320.0,0.2348566042346892,31,1361.0
3125.0,38,213.0,2.0679611650485437,2.6687164349405195,11,505.0,0.12918152773870747,17,660.0,0.06648021348770146,10,368.0,0.1400719736700313,38,1533.0
3130.0,36,250.0,2.6041666666666665,2.267656460283372,6,493.0,0.1384839007634501,16,649.0,0.06398542608229817,14,430.0,0.1659810073892027,36,1572.0
3135.0,26,165.0,1.736842105263158,3.17957428344023,2,415.0,0.2630117782277279,12,549.0,0.11666422854835735,12,429.0,0.18167877759067427,26,1393.0
3140.0,24,123.0,1.23,4.576334518506894,3,345.0,0.31551071550929727,12,403.0,0.20883699725173419,9,370.0,0.2809951147252071,24,1118.0
3145.0,25,115.0,1.1274509803921569,4.29667574239721,1,302.0,0.35314594358967305,11,459.0,0.195544285797975,13,378.0,0.236003013939026,25,1139.0
3150.0,28,113.0,1.0970873786407767,3.792391957313605,4,311.0,0.270460960693968,12,515.0,0.14752242066484908,12,421.0,0.16425627599670486,28,1247.0
3155.0,31,172.0,1.702970297029703,3.0844653462291003,3,291.0,0.22097410058327369,14,579.0,0.17153971485575922,14,486.0,0.0681872968869358,31,1356.0
3160.0,27,152.0,1.5833333333333333,2.8510525225865613,4,241.0,0.226189423479395,14,579.0,0.16751827558205434,9,492.0,0.09060354221725452,27,1312.0
3165.0,25,100.0,1.0309278350515463,3.9002724888293594,5,175.0,0.25090344209548465,15,502.0,0.15780468675239162,5,417.0,0.28417445149905796,25,1094.0
3170.0,22,104.0,1.0297029702970297,3.6177357924009597,5,172.0,0.2947609421274498,11,520.0,0.11349276674618042,6,401.0,0.2477638384328403,22,1093.0
3175.0,32,153.0,1.5148514851485149,3.1836726453589144,8,199.0,0.2353603020356816,16,586.0,0.10122969073934267,8,438.0,0.20787686661289237,32,1223.0
3180.0,32,206.0,2.1458333333333335,2.175804589517289,9,236.0,0.14925568188575652,9,572.0,0.10462093310202669,14,491.0,0.10490095435698801,32,1299.0
3185.0,32,279.0,2.8762886597938144,2.7795974152866423,10,253.0,0.24531023722970588,7,480.0,0.1490408206054798,15,563.0,0.13976002220645004,32,1296.0
3190.0,34,375.0,3.75,3.3303033839694804,11,228.0,0.2724113983632281,4,343.0,0.19060944492381082,19,652.0,0.1651212657001792,34,1223.0
3195.0,25,199.0,1.9702970297029703,2.758999639273138,5,194.0,0.26876805400067527,1,342.0,0.19367473015354802,19,658.0,0.11038575710318671,25,1194.0
3200.0,28,151.0,1.4519230769230769,2.8509894531280415,9,163.0,0.17280101984117557,7,369.0,0.19149071117276395,12,572.0,0.10305120907046594,28,1104.0
3205.0,25,130.0,1.25,2.3423391645097444,6,155.0,0.08233754052450244,7,350.0,0.1665319928814805,12,632.0,0.10620764729550582,25,1137.0
3210.0,27,121.0,1.1634615384615385,3.1279157303555345,4,149.0,0.18908257113326243,4,266.0,0.19348986592811027,19,716.0,0.13156469508442678,27,1131.0
3215.0,22,110.0,1.0576923076923077,3.4647507222297502,6,166.0,0.23382628133503525,1,139.0,0.20726324888629954,15,721.0,0.15864470395748287,22,1026.0
3220.0,17,81.0,0.7788461538461539,4.257731202841347,9,205.0,0.2331861507748846,1,86.0,0.41326238140209043,7,618.0,0.2098325672639279,17,909.0
3225.0,21,127.0,1.233009708737864,3.952403831849253,14,261.0,0.18420329850822145,1,36.0,0.47938875374318957,6,570.0,0.1784891968009124,21,867.0
3230.0,28,232.0,2.2524271844660193,3.416401582436027,17,342.0,0.1207685701338554,2,26.0,0.5986697434909348,9,608.0,0.1373544019027314,28,976.0
3235.0,40,397.0,3.854368932038835,2.363443809724251,25,454.0,0.07419811082106396,2,31.0,0.6271059993077309,13,662.0,0.08923692828222642,40,1147.0
3240.0,46,445.0,4.320388349514563,1.3882493194558398,25,513.0,0.06413458191190034,1,8.0,0.3230222053406029,20,749.0,0.07797464648041243,46,1270.0
3245.0,55,519.0,4.89622641509434,1.7077845675613814,22,501.0,0.07356979534063679,6,32.0,0.23330540736448888,27,872.0,0.0817001847427531,55,1405.0
3250.0,52,497.0,4.601851851851852,2.932062363296083,22,460.0,0.14630439618536975,4,48.0,0.41741617613402804,26,901.0,0.05201974383527126,52,1409.0
3255.0,41,361.0,3.311926605504587,3.609022086915686,15,537.0,0.18349676694473846,1,27.0,0.5259963916591184,25,832.0,0.0998851811676696,41,1396.0
3260.0,38,295.0,2.7570093457943927,3.797245866716692,12,600.0,0.14205950164045114,2,22.0,0.4964741263759393,24,707.0,0.12576309780307415,38,1329.0
3265.0,40,278.0,2.673076923076923,3.314315727966371,16,672.0,0.14433634749656477,6,41.0,0.38952479964118125,18,799.0,0.13610676572033525,40,1512.0
3270.0,41,281.0,2.782178217821782,2.808284167434421,14,677.0,0.14627530764394903,11,81.0,0.15212707412165652,16,882.0,0.12713735036506596,41,1640.0
3275.0,29,192.0,1.9393939393939394,2.804074360820298,10,605.0,0.12205814626702399,10,112.0,0.20592339204677465,9,852.0,0.16036947055344936,29,1569.0
3280.0,20,115.0,1.1616161616161615,4.395131097131643,10,505.0,0.2030119647817638,4,118.0,0.40803266755450374,6,717.0,0.2178048803486787,20,1340.0
3285.0,12,37.0,0.3557692307692308,5.128211723316917,6,431.0,0.2129538444547119,3,103.0,0.4618643909278175,3,513.0,0.21006425122920194,12,1047.0
3290.0,13,57.0,0.5533980582524272,5.837124893736844,4,336.0,0.3099540645098438,8,109.0,0.3779730308190612,1,367.0,0.3082429023578038,13,812.0
3295.0,8,47.0,0.46534653465346537,6.566329526392638,2,219.0,0.43908237370014863,6,111.0,0.3161380534472215,0,258.0,0.4313183162305411,8,588.0
3300.0,8,50.0,0.5,6.817374449578458,2,153.0,0.5613934186717316,4,67.0,0.2787122268132278,2,148.0,0.44803721388796375,8,368.0
3305.0,7,18.0,0.18556701030927836,6.411288310589044,2,125.0,0.5387133209514274,4,81.0,0.16850062259047743,1,97.0,0.5809411927554584,7,303.0
3310.0,17,74.0,0.7956989247311828,5.647634265647011,9,154.0,0.21343346232860066,7,113.0,0.16047493467941462,1,47.0,0.6715567306701443,17,314.0
3315.0,17,65.0,0.7558139534883721,4.062878573109659,8,156.0,0.14212225131471692,7,126.0,0.1247899681999843,2,33.0,0.5340441918418717,17,315.0
3320.0,15,44.0,0.5116279069767442,4.773066000869408,6,109.0,0.33808175797211015,5,99.0,0.16688239277110176,4,50.0,0.3715667799945629,15,258.0
3325.0,8,21.0,0.24705882352941178,5.741962183109613,2,59.0,0.4640493046447828,2,61.0,0.22407924014913208,4,49.0,0.3640564705903155,8,169.0
3330.0,7,22.0,0.25882352941176473,6.432939700852734,2,39.0,0.575087330348052,3,70.0,0.23888871247359858,2,27.0,0.4305252938278488,7,136.0
3335.0,11,35.0,0.4166666666666667,5.991800924676602,2,24.0,0.43522974462612823,8,97.0,0.21625293589356628,1,14.0,0.49479814359234314,11,135.0
3340.0,22,110.0,1.3253012048192772,4.745794102280303,9,48.0,0.11147613663530692,13,149.0,0.16799178039171148,0,6.0,0.5732778421711134,22,203.0
3345.0,21,105.0,1.3125,4.669838358589603,7,65.0,0.17052629494377453,14,182.0,0.14718040199610813,0,2.0,0.6682438417634639,21,249.0
3350.0,16,50.0,0.6410256410256411,5.154159738483405,4,46.0,0.33334878463467105,11,174.0,0.17677072076280886,1,2.0,0.6384481817089184,16,222.0
3355.0,13,40.0,0.5194805194805194,5.368040710517783,2,45.0,0.46781776950128706,9,141.0,0.17104549407822084,2,3.0,0.5463706931387329,13,189.0
3360.0,21,75.0,0.974025974025974,4.721875875958014,7,67.0,0.3399796892162579,10,186.0,0.15281504997419293,4,17.0,0.5065667482216547,21,270.0
3365.0,28,112.0,1.4545454545454546,3.5470512848070603,7,75.0,0.23361599334820443,12,247.0,0.1479181368399398,9,50.0,0.34409110122854014,28,372.0
3370.0,14,61.0,0.7530864197530864,3.513362107688724,1,50.0,0.23110693697326753,7,258.0,0.2008605091274782,6,69.0,0.20326870638764893,14,377.0
3375.0,8,18.0,0.21176470588235294,5.290160909341855,2,52.0,0.30501809445781886,4,220.0,0.26187304759677127,2,51.0,0.44884033202047074,8,323.0
3380.0,13,52.0,0.611764705882353,4.680250388913733,9,84.0,0.23190895809800616,3,222.0,0.16261753080486965,1,25.0,0.5008117591397325,13,331.0
3385.0,18,115.0,1.3529411764705883,3.9466552679739646,11,134.0,0.1255910297980456,7,249.0,0.1066312843419392,0,13.0,0.5177006268380718,18,396.0
3390.0,28,190.0,2.317073170731707,2.912261053776188,17,206.0,0.07588437948857459,8,244.0,0.1432117520758449,3,23.0,0.3092501391866943,28,473.0
3395.0,30,270.0,3.253012048192771,3.107586147216658,22,305.0,0.1617938308646945,4,180.0,0.14616971706866208,4,26.0,0.3472279518779726,30,511.0
3400.0,21,226.0,2.7228915662650603,4.460349389145536,18,347.0,0.2325248845435301,1,132.0,0.23236763049683193,2,23.0,0.4908304107532817,21,502.0
3405.0,14,126.0,1.4482758620689655,4.8449479905455055,12,312.0,0.18941959810019762,1,123.0,0.30097541327144495,1,16.0,0.5366784269085918,14,451.0
3410.0,21,134.0,1.4725274725274726,4.551233966786515,12,240.0,0.1656325733464733,7,148.0,0.22575530989269538,2,14.0,0.4145312108902408,21,402.0
3415.0,26,147.0,1.5978260869565217,4.185534132401376,10,239.0,0.2646700804832711,7,155.0,0.21425178591838115,9,41.0,0.234956261305306,26,435.0
3420.0,23,150.0,1.6666666666666667,4.453013043016584,8,223.0,0.34858207887436926,3,113.0,0.22918450950374192,12,96.0,0.20492775733061275,23,432.0
3425.0,19,128.0,1.4222222222222223,4.057970099812833,4,212.0,0.38145381393944827,4,127.0,0.15095773075801888,11,123.0,0.23226743646692294,19,462.0
3430.0,15,66.0,0.7252747252747253,4.186698807975337,1,182.0,0.3870113523009067,9,161.0,0.15035612282774258,5,101.0,0.27459100570437767,15,444.0
3435.0,23,140.0,1.4893617021276595,4.0487345672352415,5,189.0,0.2823060001287752,15,222.0,0.08381440365218136,3,54.0,0.3140847869357523,23,465.0
3440.0,26,168.0,1.826086956521739,3.6883733120880247,8,226.0,0.21814020601215406,16,249.0,0.0966864362724109,2,63.0,0.28353549114706716,26,538.0
3445.0,30,153.0,1.7386363636363635,2.813714694256723,7,220.0,0.23540517024185184,14,224.0,0.09226106474406437,9,93.0,0.22451472099296604,30,537.0
3450.0,25,102.0,1.120879120879121,3.602889822076683,7,183.0,0.28915596681006506,13,293.0,0.10124141453923008,5,99.0,0.30031897272613517,25,575.0
3455.0,26,107.0,1.1888888888888889,3.4596736122809326,5,159.0,0.3444419737736759,18,378.0,0.11108270039070373,3,74.0,0.22544524311522712,26,611.0
3460.0,25,84.0,0.9230769230769231,2.793358906423737,6,183.0,0.22874205567412853,14,400.0,0.07310516855532963,5,87.0,0.16952084748754975,25,670.0
3465.0,19,67.0,0.7127659574468085,3.4604221602636756,6,186.0,0.25405725495335413,7,343.0,0.11887544291752569,6,115.0,0.22465595925224213,19,644.0
3470.0,17,89.0,0.956989247311828,4.645686100848032,8,213.0,0.33514099225864274,4,289.0,0.18369617672837188,5,113.0,0.2963727067029642,17,615.0
3475.0,15,73.0,0.8021978021978022,4.096448304715356,8,217.0,0.2796179791075527,4,297.0,0.18102709163005834,3,88.0,0.3325789805602871,15,602.0
3480.0,19,77.0,0.8369565217391305,3.6914235425517403,7,187.0,0.24675368469874082,9,332.0,0.16064175745756681,3,80.0,0.2833108598134003,19,599.0
3485.0,24,127.0,1.351063829787234,3.0807903696358867,9,218.0,0.166312914716817,15,393.0,0.14354398902504878,0,67.0,0.18704066272853329,24,678.0
3490.0,34,244.0,2.568421052631579,2.625008354482015,12,274.0,0.08711987745303564,21,483.0,0.10500043921545306,1,70.0,0.11518233870046053,34,827.0
3495.0,39,295.0,3.1382978723404253,1.835179974429509,16,348.0,0.06066587871264107,20,526.0,0.05246580726114696,3,76.0,0.10993987442650088,39,950.0
3500.0,39,327.0,3.5934065934065935,2.1571160000873832,16,425.0,0.09937738079667045,18,498.0,0.07872759173346072,5,99.0,0.17506615357039776,39,1022.0
3505.0,45,411.0,4.670454545454546,1.5101402193060052,18,506.0,0.10292186620478411,19,590.0,0.07738580723258894,8,137.0,0.15155637901242458,45,1233.0
3510.0,49,500.0,5.4945054945054945,1.518581278816578,23,611.0,0.07920778547125154,15,673.0,0.07675858889616222,11,156.0,0.13388837055868558,49,1440.0
3515.0,45,560.0,6.021505376344086,1.522518123052381,27,735.0,0.008227662478601372,11,666.0,0.124034330147983,7,148.0,0.08826482497145792,45,1549.0
3520.0,38,454.0,4.729166666666667,2.365687481528014,24,773.0,0.08247029662288996,7,563.0,0.13073074774639518,7,145.0,0.1963234934075401,38,1481.0
3525.0,32,346.0,3.6041666666666665,4.178304867662611,18,631.0,0.23071164797528118,6,411.0,0.2833586157080463,8,181.0,0.261781202926145,32,1223.0
3530.0,30,312.0,3.2842105263157895,4.020552472672326,16,682.0,0.2611784151001099,5,432.0,0.23477267280224462,9,221.0,0.22601729506440893,30,1335.0
3535.0,36,310.0,3.297872340425532,2.8606511094044653,16,763.0,0.14990177374431907,9,463.0,0.18414271595711326,11,274.0,0.12459908580368075,36,1500.0
3540.0,40,338.0,3.7142857142857144,1.79723137673352,16,840.0,0.0800251879198746,7,437.0,0.16715254924906878,17,345.0,0.08222738607720136,40,1622.0
3545.0,37,315.0,3.351063829787234,2.5070761003882285,12,826.0,0.19342164177324536,4,308.0,0.1776727830271008,21,440.0,0.12105462877749357,37,1574.0
3550.0,25,235.0,2.422680412371134,4.106113019374959,6,717.0,0.3092903444584858,2,188.0,0.33857557606288663,17,475.0,0.1627435448923604,25,1380.0
3555.0,21,178.0,1.816326530612245,4.892968237168959,6,680.0,0.2540937145540434,2,90.0,0.4832855725451159,13,439.0,0.2420257061715984,21,1209.0
3560.0,24,160.0,1.6,4.702139467900477,10,720.0,0.1438479448759309,2,74.0,0.4117107860415628,12,372.0,0.26720417517181133,24,1166.0
3565.0,33,197.0,2.0309278350515463,3.27813092268326,15,782.0,0.09451339565499693,7,94.0,0.20752533741060192,11,432.0,0.1927983509729255,33,1308.0
3570.0,39,242.0,2.659340659340659,2.27167402308514,13,776.0,0.10008976605025752,13,147.0,0.1264824654552283,13,494.0,0.11229218388246388,39,1417.0
3575.0,36,235.0,2.6704545454545454,2.389964517146308,10,685.0,0.1405768367657367,17,226.0,0.133900991047377,9,495.0,0.12469761458272807,36,1406.0
3580.0,34,289.0,3.2111111111111112,2.987224728676091,11,732.0,0.10924740219153942,21,323.0,0.1851839000755979,2,428.0,0.207632316752592,34,1483.0
3585.0,38,290.0,3.118279569892473,2.359709625057912,14,788.0,0.07313876317635776,17,353.0,0.07272015216314975,7,442.0,0.14538782806395886,38,1583.0
3590.0,34,222.0,2.4130434782608696,2.588427619755362,13,775.0,0.14200161418779544,14,314.0,0.11798737744421217,7,476.0,0.1742340632513068,34,1565.0
3595.0,20,106.0,1.164835164835165,4.083017291496844,8,662.0,0.2403714922063336,5,243.0,0.34746459416785175,7,460.0,0.204069433219565,20,1365.0
3600.0,10,35.0,0.3723404255319149,5.167676218527643,3,471.0,0.2917081864789112,4,261.0,0.38071241612330026,3,373.0,0.23604737840410508,10,1105.0
