step,system_total_stopped,system_total_waiting_time,system_mean_waiting_time,system_mean_speed,A0_stopped,A0_accumulated_waiting_time,A0_average_speed,B0_stopped,B0_accumulated_waiting_time,B0_average_speed,C0_stopped,C0_accumulated_waiting_time,C0_average_speed,agents_total_stopped,agents_total_accumulated_waiting_time
5.0,0,0.0,0.0,5.017629113059956,0,0.0,1.0,0,0.0,1.0,0,0.0,0.3509133248029556,0,0.0
10.0,0,0.0,0.0,11.608298572975107,0,0.0,0.6401049922477405,0,0.0,1.0,0,0.0,0.9086723140431121,0,0.0
15.0,1,0.0,0.0,10.020251050121226,0,0.0,0.9708145977446483,0,0.0,1.0,1,0.0,0.45966524257709845,1,0.0
20.0,0,0.0,0.0,12.604359825267972,0,0.0,0.9903629914795953,0,0.0,1.0,0,0.0,0.8897759131014693,0,0.0
25.0,0,0.0,0.0,11.633350768078978,0,0.0,1.0,0,0.0,0.9338055809775544,0,0.0,0.9348769700632589,0,0.0
30.0,0,0.0,0.0,9.08461661558901,0,0.0,0.6957000298160677,0,0.0,0.6244315560209279,0,0.0,0.6082608876979154,0,0.0
35.0,0,0.0,0.0,9.843744226706093,0,0.0,0.6104054721031347,0,0.0,0.9842017068155645,0,0.0,0.6702813687144452,0,0.0
40.0,2,5.0,0.7142857142857143,8.776681267805005,0,0.0,0.9355413503348284,1,1.0,0.002257715324064609,1,4.0,0.6113852835930355,2,5.0
45.0,2,6.0,0.6666666666666666,6.337715387411742,1,0.0,0.3587728160640733,1,6.0,0.23828328057230908,0,0.0,0.7392620472065016,2,6.0
50.0,0,0.0,0.0,10.656035173973725,0,0.0,0.7511405818891342,0,2.0,0.910123620274985,0,0.0,0.9819382737501398,0,2.0
55.0,0,0.0,0.0,10.313673754023528,0,0.0,0.60419937111148,0,2.0,0.9345705450376902,0,0.0,0.3698887619944491,0,2.0
60.0,1,3.0,0.2727272727272727,9.815046160918016,0,0.0,0.8496012309446666,0,2.0,0.8187656495111003,1,3.0,0.31864389820275646,1,5.0
65.0,0,0.0,0.0,9.727558304063892,0,0.0,0.540034805955566,0,0.0,0.8489507829188256,0,0.0,0.8615545460374655,0,0.0
70.0,3,2.0,0.13333333333333333,9.682537662183998,2,1.0,0.6556929575115974,1,1.0,0.000977611222202067,0,0.0,0.9406174571491462,3,2.0
75.0,3,14.0,0.9333333333333333,8.813411635008483,1,6.0,0.6949075559685354,1,6.0,0.0,1,2.0,0.6419402137177541,3,14.0
80.0,3,18.0,1.0588235294117647,8.09899891762502,2,11.0,0.5939515720088324,0,0.0,0.9776852837756725,1,7.0,0.4997645071383189,3,18.0
85.0,3,15.0,0.8333333333333334,6.393185859729247,0,2.0,0.4629056871052358,0,0.0,0.9131215311933416,3,15.0,0.34606334881928835,3,17.0
90.0,3,30.0,1.5,8.560802192943207,0,0.0,0.6151291080606242,0,2.0,0.6963891609011658,3,30.0,0.37953312836663466,3,32.0
95.0,4,45.0,2.142857142857143,8.743500895707697,0,0.0,0.8780662020171753,1,2.0,0.6834991919368619,3,45.0,0.260368248026004,4,47.0
100.0,6,65.0,2.6,7.469579243569292,0,0.0,0.37940636924032245,2,2.0,0.561495014986574,4,65.0,0.31958814841884675,6,67.0
105.0,4,7.0,0.30434782608695654,7.548268395260314,2,6.0,0.55185799043392,0,2.0,0.6656593102748525,2,30.0,0.15517886050240148,4,38.0
110.0,6,25.0,1.1904761904761905,8.11115366779922,2,16.0,0.31966928357755087,4,13.0,0.39559610067103285,0,1.0,0.7172766124176181,6,30.0
115.0,2,6.0,0.35294117647058826,8.532951856868852,0,10.0,0.6095102180940223,2,19.0,0.45404704591738776,0,0.0,0.960772718790847,2,29.0
120.0,1,6.0,0.4,9.6730528316922,0,0.0,1.0,1,13.0,0.653518545810673,0,2.0,0.6726782975475578,1,15.0
125.0,4,18.0,1.0,7.1725072083251336,1,0.0,0.48487631469045417,2,16.0,0.5438626414492679,1,6.0,0.5018970508342534,4,22.0
130.0,3,24.0,1.2,8.43010629784253,0,0.0,0.7313825956643449,2,26.0,0.4623895489793866,1,5.0,0.6118307543340589,3,31.0
135.0,1,1.0,0.047619047619047616,9.052223364540975,0,2.0,0.6400229078285369,1,3.0,0.6584498485202356,0,0.0,0.6384162661229928,1,5.0
140.0,2,10.0,0.45454545454545453,8.999190853161181,1,6.0,0.684194857133659,1,8.0,0.6388799311716258,0,0.0,0.4680003846723747,2,14.0
145.0,4,19.0,0.8636363636363636,7.635693833277102,2,12.0,0.46165655999067606,0,0.0,0.7004905662106339,2,9.0,0.4651911427129593,4,21.0
150.0,1,1.0,0.047619047619047616,7.8676930009183526,0,9.0,0.5841792342492069,0,0.0,0.8179086594081371,1,10.0,0.4254450950363882,1,19.0
155.0,3,8.0,0.38095238095238093,9.859841114188862,0,2.0,0.7655890674485384,2,2.0,0.5475298202493248,1,8.0,0.6502078125180141,3,12.0
160.0,2,10.0,0.47619047619047616,9.509213646771869,1,3.0,0.41631403755393737,1,7.0,0.6784227337564986,0,2.0,0.58885626444836,2,12.0
165.0,3,16.0,0.7619047619047619,9.715793742890341,0,0.0,0.8979825356325275,1,12.0,0.6184559210623132,2,6.0,0.32570624474105736,3,18.0
170.0,2,2.0,0.10526315789473684,8.401288245140204,1,2.0,0.6525818995443167,0,0.0,0.6248668624866278,1,0.0,0.4083610920069314,2,2.0
175.0,3,5.0,0.2777777777777778,7.506092290956793,0,0.0,0.6150873985833667,2,7.0,0.21993381844195725,1,0.0,0.6404329090949482,3,7.0
180.0,4,22.0,1.2941176470588236,7.932336196879936,0,0.0,0.9580439871129663,4,24.0,0.1859690458667948,0,0.0,0.6315140180843316,4,24.0
185.0,1,8.0,0.4,8.461247859685352,0,0.0,0.5188360315754318,1,28.0,0.5175017809065471,0,0.0,0.7326098812815377,1,28.0
190.0,2,1.0,0.043478260869565216,9.433803531759578,1,0.0,0.5751845018659635,0,8.0,0.8299477221217352,1,3.0,0.6968653027804604,2,11.0
195.0,2,3.0,0.13636363636363635,8.510018684298942,2,3.0,0.6149237986317434,0,0.0,0.9476150464918689,0,3.0,0.6059586981747592,2,6.0
200.0,5,2.0,0.08,7.165859584461532,3,1.0,0.5325595521370933,0,2.0,0.5760065862757402,2,3.0,0.5231251570934055,5,6.0
205.0,3,11.0,0.39285714285714285,8.210383944463773,1,6.0,0.6375060645555445,0,4.0,0.9533868781940648,2,7.0,0.46420226376425866,3,17.0
210.0,5,30.0,1.0,8.86789792808757,1,13.0,0.6712832465715062,0,4.0,0.952405016353701,4,22.0,0.4596381465858713,5,39.0
215.0,4,24.0,0.8,8.40810503846218,2,22.0,0.653849497013148,0,0.0,0.9576790257880266,2,22.0,0.4360870650922039,4,44.0
220.0,3,10.0,0.3225806451612903,8.914397538102717,0,9.0,0.8094477903718538,2,6.0,0.6205513905953561,1,10.0,0.6247657052641479,3,25.0
225.0,10,23.0,0.6388888888888888,6.7714687060046375,2,3.0,0.2526859677934262,5,20.0,0.5453065155035955,3,8.0,0.4250793104735562,10,31.0
230.0,11,40.0,1.0526315789473684,5.633288887523176,4,14.0,0.30114755917911,1,15.0,0.4519962678418067,6,30.0,0.24566305664173144,11,59.0
235.0,3,14.0,0.3783783783783784,7.363288340006987,0,9.0,0.6410788046194524,1,7.0,0.5058066371283375,2,36.0,0.42780962133536327,3,52.0
240.0,4,18.0,0.5294117647058824,8.760848675874724,1,6.0,0.7441488328673992,2,18.0,0.5800241086250937,1,11.0,0.5122257559210563,4,35.0
245.0,6,41.0,1.0789473684210527,8.149535237122508,2,16.0,0.6247818216907586,2,28.0,0.4998248415222028,2,14.0,0.43705747596263006,6,58.0
250.0,10,81.0,1.975609756097561,7.0438011688044915,2,24.0,0.5745588532127973,2,38.0,0.6042734479664029,6,35.0,0.23564865503271862,10,97.0
255.0,6,19.0,0.475,7.062896155524035,1,1.0,0.48279842805121076,2,23.0,0.41510742563269615,3,44.0,0.33158264411233035,6,68.0
260.0,7,31.0,0.8378378378378378,7.570883654616725,3,12.0,0.3119551940410556,3,25.0,0.5475765630968435,1,16.0,0.3198815501340429,7,53.0
265.0,6,35.0,0.9722222222222222,7.240998146954021,4,32.0,0.43799850798461765,0,10.0,0.5715066326696179,2,12.0,0.3034283363689779,6,54.0
270.0,5,21.0,0.6363636363636364,7.916613163015191,0,18.0,0.48385656204059807,0,2.0,0.8000565675195034,5,30.0,0.3740308276433524,5,50.0
275.0,8,58.0,2.0,7.684879345020612,1,5.0,0.6360369879304969,1,4.0,0.637651921455994,6,60.0,0.3738243230956559,8,69.0
280.0,3,27.0,0.84375,8.530004272991707,1,10.0,0.6350339230941531,1,9.0,0.6485932028331144,1,44.0,0.5106963837052854,3,63.0
285.0,2,14.0,0.42424242424242425,9.435772082870109,1,2.0,0.6454876082393085,1,16.0,0.7440762510563542,0,11.0,0.4261461469968258,2,29.0
290.0,4,16.0,0.45714285714285713,9.11403989905838,2,11.0,0.534608390266116,1,3.0,0.6908797484543735,1,4.0,0.4673601981705655,4,18.0
295.0,7,39.0,1.0833333333333333,6.817898796697295,4,28.0,0.17497087563218536,2,11.0,0.4652530853121337,1,2.0,0.5645335691283957,7,41.0
300.0,6,22.0,0.6666666666666666,6.336917319040054,3,25.0,0.12150936451880522,2,16.0,0.42832969862945647,1,7.0,0.7152534401231438,6,48.0
305.0,2,2.0,0.0625,8.65620414679821,1,10.0,0.6091813851279351,1,11.0,0.48680640916421825,0,2.0,0.673167981045567,2,23.0
310.0,5,20.0,0.625,9.687383199173492,2,10.0,0.6297448823065872,2,15.0,0.6921788203268232,1,6.0,0.6264419239590148,5,31.0
315.0,6,45.0,1.40625,9.602104021321939,2,20.0,0.6695435458077772,2,23.0,0.5276578513211112,2,9.0,0.605269096835981,6,52.0
320.0,7,43.0,1.2647058823529411,7.418870006167346,4,34.0,0.29590199651373805,1,15.0,0.3392514760931012,2,14.0,0.6106815257168368,7,63.0
325.0,7,19.0,0.6129032258064516,6.7412473075048585,2,16.0,0.3141122635256941,4,16.0,0.0002819273941792897,1,2.0,0.6493340094220904,7,34.0
330.0,4,13.0,0.41935483870967744,7.538433315404614,0,6.0,0.5794779904902775,0,13.0,0.45286893348872137,4,13.0,0.27929477998455493,4,32.0
335.0,0,0.0,0.0,9.947598545478273,0,3.0,0.7461669306714988,0,2.0,0.8285354521200787,0,13.0,0.5620495813831741,0,18.0
340.0,1,1.0,0.03333333333333333,10.504082680360622,1,4.0,0.5187011932739296,0,4.0,0.6833303004689192,0,2.0,0.9540122472884374,1,10.0
345.0,5,16.0,0.5,8.18128786779632,3,18.0,0.3370691205905127,1,5.0,0.5208469453473151,1,2.0,0.5879238723873168,5,25.0
350.0,5,10.0,0.3225806451612903,8.139834231510742,2,14.0,0.16405303931838525,3,13.0,0.5745127509677669,0,0.0,0.7188662935779284,5,27.0
355.0,6,26.0,0.896551724137931,7.715919610031269,1,1.0,0.3627881742173624,4,32.0,0.455601624064875,1,0.0,0.5640276051823843,6,33.0
360.0,1,5.0,0.17857142857142858,8.7007665332261,0,0.0,0.7838823665694851,0,26.0,0.41486073298756904,1,5.0,0.6947972902144962,1,31.0
365.0,3,17.0,0.6538461538461539,9.438585075797658,1,4.0,0.7316299950789558,1,7.0,0.6462870915687559,1,12.0,0.6511784105553129,3,23.0
370.0,4,12.0,0.5,9.141611627104146,1,9.0,0.7413159783802629,2,4.0,0.6322579041532351,1,5.0,0.7055556779712933,4,18.0
375.0,7,24.0,1.0434782608695652,7.8099381314575185,1,3.0,0.6379792357004158,4,16.0,0.38453783229589744,2,9.0,0.5639995929151088,7,28.0
380.0,8,45.0,1.8,5.4218224653165645,3,11.0,0.14663954128532405,5,36.0,0.30708047467656935,0,8.0,0.4663977659002075,8,55.0
385.0,1,3.0,0.12,7.580037817231315,0,6.0,0.42114183438869374,1,29.0,0.4677405215338465,0,0.0,0.6099162048046536,1,35.0
390.0,1,0.0,0.0,10.620437324394263,1,2.0,0.6828696140562515,0,8.0,0.7875053371931405,0,2.0,0.8660537528396886,1,12.0
395.0,2,6.0,0.20689655172413793,10.301796491869249,0,3.0,0.7580547380883219,2,14.0,0.6133807844800161,0,2.0,0.8010688367198548,2,19.0
400.0,4,20.0,0.7692307692307693,8.565697276091822,0,3.0,0.8346055467496817,4,28.0,0.22422722069984363,0,2.0,0.7361455524660973,4,33.0
405.0,7,19.0,0.8260869565217391,6.817673139286253,3,8.0,0.4440737206190561,3,31.0,0.42124135897180665,1,3.0,0.3583742830070184,7,42.0
410.0,2,3.0,0.125,7.58219316208162,0,9.0,0.5043416760031539,0,14.0,0.7344866870389436,2,4.0,0.3460170187732186,2,27.0
415.0,1,8.0,0.27586206896551724,8.965038025714282,0,3.0,0.7066038209629174,0,8.0,0.47453223539225764,1,9.0,0.6076975824301015,1,20.0
420.0,6,12.0,0.4,7.568266928253997,2,4.0,0.710396576325372,3,18.0,0.1606592889311008,1,1.0,0.46934113932493904,6,23.0
425.0,7,24.0,0.7058823529411765,7.375219228672815,2,8.0,0.5775915990253527,1,20.0,0.3253737551609024,4,11.0,0.3936526886943902,7,39.0
430.0,7,49.0,1.4411764705882353,8.752333734956535,2,20.0,0.691857185996921,0,5.0,0.8355276707502602,5,31.0,0.3333752969376741,7,56.0
435.0,9,87.0,2.5588235294117645,8.607471216105292,3,32.0,0.6240179400136595,0,0.0,0.945622681789372,6,57.0,0.38087791933269116,9,89.0
440.0,9,68.0,1.9428571428571428,7.117436244085469,5,51.0,0.4894001814312374,0,0.0,0.7334477383061357,4,51.0,0.2614837319378136,9,102.0
445.0,4,10.0,0.2777777777777778,7.528746524321688,0,26.0,0.4059362526054852,3,4.0,0.5061794921404474,1,27.0,0.5127477954932546,4,57.0
450.0,10,35.0,0.9722222222222222,6.884580955340147,5,15.0,0.24530194937265323,4,20.0,0.458438956942625,1,11.0,0.315219446773311,10,46.0
455.0,14,94.0,2.9375,6.38378382235528,5,40.0,0.37513274084500053,7,45.0,0.32168662324790825,2,20.0,0.48855593371904,14,105.0
460.0,15,148.0,4.625,5.725047411414372,8,68.0,0.22613412761843577,7,80.0,0.28619907190941185,0,11.0,0.7598553293902244,15,159.0
465.0,11,146.0,4.5625,6.183940665129558,7,103.0,0.3634949203437777,4,80.0,0.3240021051258543,0,0.0,0.6082302189122628,11,183.0
470.0,3,13.0,0.40625,6.993558909699642,3,84.0,0.38222042808964396,0,49.0,0.4339220676163462,0,2.0,0.7129852994403421,3,135.0
475.0,3,9.0,0.28125,8.643844669786805,1,20.0,0.482381512912416,1,36.0,0.6457906951927681,1,4.0,0.7402008903291586,3,60.0
480.0,5,24.0,0.6666666666666666,8.78396067663554,2,12.0,0.4941452177390415,3,48.0,0.649925015730255,0,2.0,0.6957350781541246,5,62.0
485.0,4,23.0,0.575,8.039285281789244,1,16.0,0.634077485388648,1,36.0,0.6041647759504122,2,8.0,0.34843427624915707,4,60.0
490.0,5,11.0,0.28205128205128205,7.7790682404839115,2,3.0,0.5477576996133002,2,10.0,0.5333901562239984,1,6.0,0.5218519118917697,5,19.0
495.0,9,21.0,0.5121951219512195,8.273364047743147,4,18.0,0.496511069001861,1,8.0,0.5663125997297354,4,2.0,0.6015636257137404,9,28.0
500.0,7,24.0,0.5454545454545454,7.561897723243069,2,11.0,0.387592708978415,3,13.0,0.439762654682049,2,12.0,0.540556473860635,7,36.0
505.0,8,42.0,1.0,8.73403380542292,1,6.0,0.7025213963297124,3,21.0,0.5854847733495987,4,29.0,0.2765733245543249,8,56.0
510.0,7,56.0,1.4,9.078245286926894,0,0.0,0.7673582612454007,1,13.0,0.6978902350608346,6,57.0,0.3542534443425271,7,70.0
515.0,6,16.0,0.38095238095238093,7.32261101541347,2,7.0,0.4857832642890073,3,19.0,0.33366848393966964,1,41.0,0.47815967761829725,6,67.0
520.0,14,67.0,1.763157894736842,6.643632085277092,4,22.0,0.3748528093322267,8,50.0,0.006812672260778858,2,9.0,0.7048993576026025,14,81.0
525.0,6,25.0,0.7142857142857143,5.224994864270263,1,18.0,0.27662991563485895,4,63.0,0.056229055581432326,1,1.0,0.4711540349109576,6,82.0
530.0,4,15.0,0.45454545454545453,9.356032446421896,2,7.0,0.6229959103834622,0,32.0,0.6551907826252409,2,13.0,0.5904492060415659,4,52.0
535.0,3,4.0,0.11428571428571428,9.79513205452162,1,2.0,0.7269696939799489,2,36.0,0.5393435195676769,0,2.0,0.7980846208960025,3,40.0
540.0,6,22.0,0.5789473684210527,9.440045080702603,1,2.0,0.6806241953419294,5,54.0,0.3736199793689909,0,2.0,0.7935741161159401,6,58.0
545.0,4,7.0,0.21875,5.965827229880338,0,0.0,0.5926795816190321,2,37.0,0.24435196914544904,2,6.0,0.10814448019180617,4,43.0
550.0,8,31.0,0.9393939393939394,7.487826151941623,3,7.0,0.5660851857083845,0,7.0,0.5134885763346407,5,30.0,0.3743310384394973,8,44.0
555.0,2,3.0,0.08823529411764706,8.020653354697519,1,3.0,0.6606138792675813,1,9.0,0.4038374246123604,0,24.0,0.6393667996305679,2,36.0
560.0,5,22.0,0.6470588235294118,9.18113787925328,1,8.0,0.6160276344874785,4,25.0,0.3951055202957611,0,2.0,0.7884554225774671,5,35.0
565.0,6,14.0,0.4666666666666667,5.428302316351643,1,3.0,0.3639804491442463,3,31.0,0.29815331202334705,2,5.0,0.17885294502091478,6,39.0
570.0,5,25.0,0.8064516129032258,8.473163501367969,0,0.0,0.4432127416966399,1,26.0,0.5787241935975388,4,25.0,0.503055246590939,5,51.0
575.0,1,9.0,0.2903225806451613,9.76567050896039,0,0.0,0.5344247583632453,1,14.0,0.7333023426799766,0,17.0,0.6824685857407115,1,31.0
580.0,3,21.0,0.7,10.514490916191253,1,3.0,0.6746185778713447,2,20.0,0.6193799798684794,0,2.0,0.8184576086697717,3,25.0
585.0,6,32.0,1.0666666666666667,8.960291702430956,2,0.0,0.3926785845521481,4,34.0,0.45492869618417503,0,0.0,0.8495324586313997,6,34.0
590.0,3,8.0,0.24242424242424243,7.848965506216444,1,4.0,0.6922598545481881,1,10.0,0.4320908520565001,1,3.0,0.4699537085416958,3,17.0
595.0,8,29.0,0.8285714285714286,6.746922749749355,0,1.0,0.40931212947159523,3,12.0,0.29873342535730524,5,19.0,0.3471794297550553,8,32.0
600.0,6,18.0,0.5625,6.739029544996942,1,3.0,0.6881912329561621,1,10.0,0.4993654113723215,4,29.0,0.25365411452315517,6,42.0
605.0,4,18.0,0.6,8.80658848373014,0,2.0,0.6287032186338878,2,12.0,0.6002591236332678,2,32.0,0.5279639714696429,4,46.0
610.0,5,36.0,1.2,9.665968109630231,1,5.0,0.7120962830681443,3,24.0,0.520121562835925,1,21.0,0.6232610604089382,5,50.0
615.0,5,58.0,2.0,8.957190030470196,0,3.0,0.6398012295632253,3,37.0,0.5188415369182987,2,21.0,0.4899132151698041,5,61.0
620.0,5,54.0,1.8,8.624850347182102,2,2.0,0.4756322254939877,3,54.0,0.5436137108540449,0,0.0,0.657042638626228,5,56.0
625.0,5,74.0,2.466666666666667,8.634089204276632,0,0.0,0.9007683537618768,4,74.0,0.4420041938327655,1,2.0,0.4806407129540535,5,76.0
630.0,6,100.0,3.7037037037037037,8.255855817719228,0,0.0,0.7028924264372932,6,102.0,0.3066527001846285,0,1.0,0.7042736693344319,6,103.0
635.0,6,130.0,5.0,7.45383131300864,0,0.0,0.71668805677433,6,130.0,0.19465411300237376,0,0.0,0.620220877501008,6,130.0
640.0,3,7.0,0.25,8.663149855008992,0,0.0,0.6917355596543006,2,86.0,0.36337918307186196,1,0.0,0.6493934584306534,3,86.0
645.0,3,18.0,0.6428571428571429,10.223720539040105,0,0.0,0.7770064935933265,2,17.0,0.5085229595839804,1,1.0,0.5491846938653623,3,18.0
650.0,2,27.0,1.08,9.091664390315652,0,0.0,0.5006746102637498,2,27.0,0.5634952125056129,0,1.0,0.6387155253033019,2,28.0
655.0,5,45.0,2.0454545454545454,8.819914442645848,0,0.0,0.9447589439683347,5,47.0,0.4649339669956306,0,0.0,0.7096298092465262,5,47.0
660.0,6,70.0,3.0434782608695654,7.865910243490311,0,0.0,0.5206776443425614,5,72.0,0.4282980400978277,1,0.0,0.6608821928864553,6,72.0
665.0,8,104.0,4.521739130434782,5.946543280989471,1,4.0,0.09251433117227541,7,102.0,0.3078698774921214,0,0.0,0.7825135407564473,8,106.0
670.0,8,32.0,1.2307692307692308,4.432667005170251,3,12.0,0.02608840210561154,3,84.0,0.2116685856419621,2,3.0,0.5270109297254179,8,99.0
675.0,8,37.0,1.2333333333333334,6.179759577092082,2,24.0,0.46149952077963846,2,20.0,0.33410623305213893,4,15.0,0.44005023000412585,8,59.0
680.0,8,42.0,1.3548387096774193,6.1335007734011135,0,13.0,0.6746365492554406,3,27.0,0.17184300945257164,5,35.0,0.36148532443448267,8,75.0
685.0,14,102.0,3.0,5.980094717148295,2,6.0,0.648958165505379,6,56.0,0.2419941340577997,6,64.0,0.3664077365833081,14,126.0
690.0,11,106.0,2.789473684210526,4.766178629799117,1,3.0,0.33421732501255297,1,44.0,0.4668868014098416,9,99.0,0.2481444021009233,11,146.0
695.0,17,162.0,4.05,6.158986799088498,6,22.0,0.42116270747775986,1,11.0,0.5096667234493341,10,147.0,0.3187116248790721,17,180.0
700.0,10,101.0,2.4634146341463414,5.914727422695328,1,20.0,0.6043218168599411,3,11.0,0.24647675845836012,6,150.0,0.26096526327390207,10,181.0
705.0,7,34.0,0.7555555555555555,7.942569041763786,2,11.0,0.6014330094311812,0,2.0,0.7117608967965557,5,121.0,0.3816438081372963,7,134.0
710.0,3,7.0,0.15217391304347827,7.660103226686777,1,10.0,0.5019458222891247,0,2.0,0.9369097375151728,2,128.0,0.2722524332753043,3,140.0
715.0,10,48.0,1.0434782608695652,7.0384020024205665,5,23.0,0.31114744687068524,0,2.0,0.7843562704661616,5,150.0,0.3129160734845597,10,175.0
720.0,19,124.0,2.883720930232558,4.7232061927199585,9,59.0,0.23508520802837962,0,0.0,0.3907472730804418,10,190.0,0.295358265582903,19,249.0
725.0,24,231.0,5.25,3.536176408509472,10,103.0,0.33181530526081165,0,0.0,0.5917172744806956,14,253.0,0.18049387698751523,24,356.0
730.0,20,151.0,2.9038461538461537,4.302804678454117,7,110.0,0.3669760208451656,0,0.0,0.6871068110918657,13,260.0,0.1898137036466052,20,370.0
735.0,8,66.0,1.2222222222222223,6.71064079970694,2,63.0,0.44736623265387476,0,4.0,0.882635148976756,6,196.0,0.2686502910552965,8,263.0
740.0,9,47.0,0.8245614035087719,7.105004870553611,2,28.0,0.322163136045136,1,5.0,0.7632697281215046,6,139.0,0.33159393753730565,9,172.0
745.0,5,15.0,0.25,7.274839436537836,2,28.0,0.35653984134260025,2,14.0,0.7883158771898561,1,125.0,0.2774596354029189,5,167.0
750.0,9,33.0,0.55,6.484437380311096,5,35.0,0.2902001308486967,1,4.0,0.5015508603938431,3,129.0,0.2673763732663993,9,168.0
755.0,18,84.0,1.4736842105263157,4.563562571753597,7,65.0,0.2790910071656136,6,25.0,0.13311004936669182,5,122.0,0.23790187456778653,18,212.0
760.0,15,60.0,1.1111111111111112,4.010216784754441,7,69.0,0.2590099475780912,6,46.0,0.2353057165569268,2,81.0,0.31798416477989305,15,196.0
765.0,12,45.0,0.7377049180327869,6.162941840828579,7,78.0,0.3530798844876923,1,28.0,0.5965108144839595,4,99.0,0.3925790961001936,12,205.0
770.0,14,61.0,0.9384615384615385,6.470473837920668,7,90.0,0.3591627754509741,2,21.0,0.5832894165062587,5,117.0,0.3993723613966302,14,228.0
775.0,17,97.0,1.4696969696969697,6.113091579394017,6,92.0,0.4155232576841456,5,39.0,0.44170448633463655,6,115.0,0.2939108317074969,17,246.0
780.0,10,37.0,0.5692307692307692,5.3499249019668,4,91.0,0.26020355922508964,2,39.0,0.48588793882334685,4,80.0,0.2579402516823201,10,210.0
785.0,11,45.0,0.6716417910447762,6.780913910498366,7,88.0,0.29866325521637355,2,19.0,0.5674913738654608,2,47.0,0.4503966670516377,11,154.0
790.0,14,82.0,1.2058823529411764,6.744342405340445,10,114.0,0.2728746039452439,2,11.0,0.5596383928024244,2,34.0,0.4998440795795251,14,159.0
795.0,21,170.0,2.65625,6.134814897680072,14,176.0,0.24861134882656327,5,25.0,0.3543635392098962,2,26.0,0.5361731154835794,21,227.0
800.0,20,141.0,2.35,4.728950566202496,11,197.0,0.12571110135050387,5,37.0,0.3576165415480529,4,34.0,0.4749287337825347,20,268.0
805.0,12,110.0,1.71875,6.285298812144654,7,154.0,0.3308941659647889,0,26.0,0.49914205081475455,5,51.0,0.46027278842354163,12,231.0
810.0,12,107.0,1.5735294117647058,7.28248011391221,4,115.0,0.43154107815403453,4,33.0,0.5257882396598769,4,71.0,0.48201947686159125,12,219.0
815.0,10,41.0,0.5774647887323944,6.77132415083696,2,95.0,0.44849694842033,8,65.0,0.31378228848662365,0,41.0,0.6867016448617602,10,201.0
820.0,15,57.0,0.8142857142857143,5.071962323639104,6,116.0,0.18666662420554384,8,87.0,0.2413286020397005,1,3.0,0.5074756580281444,15,206.0
825.0,12,29.0,0.4142857142857143,4.664329806937508,5,114.0,0.28413422832333257,6,62.0,0.18195794667621062,1,3.0,0.5414749575132451,12,179.0
830.0,11,36.0,0.5,6.528144618882986,4,83.0,0.41060439832753154,5,58.0,0.35473102797695194,2,7.0,0.6515534313965481,11,148.0
835.0,10,13.0,0.16883116883116883,6.002184195293579,6,99.0,0.33702684175198516,3,57.0,0.2947175793455338,1,7.0,0.6309812160669935,10,163.0
840.0,19,66.0,0.8048780487804879,6.131578299155366,7,124.0,0.33496268401554485,9,67.0,0.22346824594913908,3,11.0,0.24812767186090773,19,202.0
845.0,14,41.0,0.5616438356164384,4.359891823641044,7,119.0,0.15778229206713004,6,78.0,0.16720490630230556,1,13.0,0.30049674284934436,14,210.0
850.0,13,47.0,0.6811594202898551,5.189686408837467,7,85.0,0.2393471300514098,5,71.0,0.29278749634780804,1,9.0,0.5168096402615194,13,165.0
855.0,11,66.0,0.9041095890410958,7.426908665275418,6,87.0,0.35941028728382274,5,69.0,0.39959877950167455,0,4.0,0.7477840002791915,11,160.0
860.0,11,65.0,0.8666666666666667,7.2313422290913305,6,96.0,0.32141850473070055,4,71.0,0.4078801749339141,1,6.0,0.6939171842735268,11,173.0
865.0,14,64.0,0.9142857142857143,6.281304295533059,7,98.0,0.3219096444456158,3,69.0,0.3224842538213903,4,19.0,0.5671181732198536,14,186.0
870.0,11,47.0,0.6911764705882353,4.471323238010384,4,103.0,0.23995985806921663,6,58.0,0.15976224997526475,1,13.0,0.33423865098166483,11,174.0
875.0,17,86.0,1.303030303030303,5.0443762708201305,6,88.0,0.1899460809048241,10,91.0,0.32830134299720826,1,1.0,0.35702221959648467,17,180.0
880.0,18,167.0,2.4925373134328357,6.41523691765032,7,85.0,0.20105693306139366,11,146.0,0.40294822185229073,0,0.0,0.6343185069019054,18,231.0
885.0,10,78.0,1.1142857142857143,6.357157462917117,4,88.0,0.17389557762659616,6,152.0,0.35440262193293254,0,0.0,0.8976251901060589,10,240.0
890.0,10,38.0,0.5671641791044776,6.5100876792432825,5,89.0,0.27531551858099873,4,101.0,0.3660205216609344,1,2.0,0.6010582575160979,10,192.0
895.0,11,61.0,0.8970588235294118,7.388207001049219,8,111.0,0.28798487014833635,3,63.0,0.4647413548692057,0,2.0,0.7828569761688109,11,176.0
900.0,14,110.0,1.6923076923076923,6.578153398851355,12,158.0,0.268933070123933,1,40.0,0.5040114771264773,1,1.0,0.7114481008743542,14,199.0
905.0,16,97.0,1.515625,5.327986130500564,10,167.0,0.24124253947365054,2,28.0,0.4307043253512379,4,9.0,0.5105165768308234,16,204.0
910.0,19,111.0,1.5857142857142856,5.990227453152609,9,140.0,0.23903610617248305,7,52.0,0.3728614410141424,3,24.0,0.504468009077792,19,216.0
915.0,19,110.0,1.4864864864864864,6.318134119345583,10,147.0,0.25005877015262973,4,54.0,0.47357606042325656,5,41.0,0.39831161839839085,19,242.0
920.0,11,55.0,0.7333333333333333,6.663748567263017,7,153.0,0.3505494886721069,3,34.0,0.4604670010357294,1,37.0,0.4762287020662996,11,224.0
925.0,12,40.0,0.5405405405405406,7.21940682258893,7,158.0,0.36398012391322193,2,25.0,0.49112085629448754,3,12.0,0.5518724725833244,12,195.0
930.0,11,56.0,0.7777777777777778,7.09814409218673,6,191.0,0.37308965904952834,4,34.0,0.4107344802381249,1,6.0,0.6179438183067542,11,231.0
935.0,14,79.0,1.1285714285714286,6.184203482496599,10,233.0,0.2957601013128319,2,35.0,0.28687589778240274,2,7.0,0.6284543453008851,14,275.0
940.0,22,84.0,1.2173913043478262,4.8874880946244685,12,256.0,0.17571581587470508,6,36.0,0.3433113045754408,4,5.0,0.4198477494588583,22,297.0
945.0,23,115.0,1.619718309859155,4.471518186501695,10,234.0,0.19632427714896541,6,61.0,0.293289049216638,7,30.0,0.2594571683676546,23,325.0
950.0,24,140.0,1.917808219178082,4.0887728032004675,9,262.0,0.18961835285604597,8,97.0,0.33321913251163454,7,53.0,0.2736301502523451,24,412.0
955.0,19,79.0,1.0128205128205128,4.892554495417619,14,316.0,0.09584043907948459,3,95.0,0.4271724381173603,2,36.0,0.4307338822555448,19,447.0
960.0,23,127.0,1.6493506493506493,4.8080034773443066,18,397.0,0.17737021695811306,3,35.0,0.4643973641240399,2,28.0,0.4269843182663908,23,460.0
965.0,24,156.0,2.0259740259740258,4.879598917123792,13,419.0,0.1858229506537269,4,26.0,0.5048405593161821,7,56.0,0.37772305796663164,24,501.0
970.0,14,59.0,0.7763157894736842,4.644901608856137,9,363.0,0.16770352611321002,1,19.0,0.32889165381193447,4,60.0,0.402079946804129,14,442.0
975.0,16,64.0,0.8421052631578947,5.7146332127962305,9,264.0,0.1594774265238991,4,20.0,0.6145416107292851,3,24.0,0.28583672050598147,16,308.0
980.0,12,64.0,0.8311688311688312,6.347029258835119,9,228.0,0.25419070163316454,1,22.0,0.7183344284688137,2,35.0,0.29335934980270073,12,285.0
985.0,14,39.0,0.4875,6.300343290641512,6,202.0,0.34174620892667096,1,8.0,0.6837234748183942,7,57.0,0.30056852742074397,14,267.0
990.0,17,59.0,0.7564102564102564,5.6914248232321585,8,243.0,0.3164867829079847,2,0.0,0.5855218221415798,7,76.0,0.2696905732735686,17,319.0
995.0,14,41.0,0.5394736842105263,5.0576583091564125,8,242.0,0.24184498482307287,1,4.0,0.4730757871142235,5,59.0,0.25037845701874334,14,305.0
1000.0,11,48.0,0.631578947368421,6.104291822968965,2,191.0,0.20154602728937204,6,25.0,0.49130505226099114,3,41.0,0.3038892608803285,11,257.0
1005.0,11,95.0,1.1728395061728396,6.836448934087759,1,127.0,0.263067860252951,7,60.0,0.47417637979947974,3,38.0,0.3698842959114428,11,225.0
1010.0,9,69.0,0.9078947368421053,6.419401409523897,3,123.0,0.26597818312327076,4,65.0,0.46962675117044084,2,40.0,0.4114808770562632,9,228.0
1015.0,11,86.0,1.131578947368421,5.834675582574008,8,153.0,0.21226892020341873,0,29.0,0.38060643598159244,3,52.0,0.5158406877383335,11,234.0
1020.0,17,96.0,1.2467532467532467,4.546669577714267,14,209.0,0.1649167184282016,1,20.0,0.23889306750514686,2,30.0,0.5277933455569471,17,259.0
1025.0,23,118.0,1.475,4.4030661428680755,10,221.0,0.2293500966741347,8,48.0,0.1401085715592634,5,16.0,0.4487552334111188,23,285.0
1030.0,25,120.0,1.5,4.093192906755445,6,141.0,0.19094816694788985,15,105.0,0.0966195363165224,4,29.0,0.34064541757943295,25,275.0
1035.0,23,111.0,1.353658536585366,4.8221114390587925,5,103.0,0.237687767836426,13,137.0,0.2612302227519024,5,35.0,0.2687644691324673,23,275.0
1040.0,14,94.0,1.0930232558139534,6.364791795800366,5,91.0,0.2843204610699577,5,123.0,0.415863136925704,4,45.0,0.46037679856770264,14,259.0
1045.0,12,58.0,0.651685393258427,6.550677312822822,7,93.0,0.35678086792552094,3,87.0,0.37523833565610804,2,28.0,0.47795490519588923,12,208.0
1050.0,13,91.0,1.0459770114942528,7.300530172727182,5,108.0,0.49610164645244487,5,62.0,0.3968494463121838,3,17.0,0.458077800301084,13,187.0
1055.0,12,100.0,1.2048192771084338,6.437301157935028,5,120.0,0.480572319828154,2,59.0,0.36094879234163973,5,25.0,0.37595201670477585,12,204.0
1060.0,13,42.0,0.49411764705882355,5.6643976140430805,3,97.0,0.36602986413533734,7,74.0,0.2956004430075267,3,31.0,0.3747840554153614,13,202.0
1065.0,19,57.0,0.6705882352941176,5.226646472959524,9,65.0,0.21590179285318611,8,91.0,0.1800305339326019,2,24.0,0.5005747528299099,19,180.0
1070.0,19,67.0,0.7976190476190477,5.318478511516391,8,96.0,0.2656086376293713,5,79.0,0.15952534033058755,6,37.0,0.3959056553572271,19,212.0
1075.0,12,37.0,0.4567901234567901,6.091461130207008,8,93.0,0.336010854089201,1,44.0,0.40310476278272356,3,46.0,0.3916220058703298,12,183.0
1080.0,7,44.0,0.5569620253164557,8.098507382012874,5,70.0,0.4403762366829242,1,26.0,0.6463986643361657,1,26.0,0.5062382605446434,7,122.0
1085.0,6,65.0,0.7831325301204819,8.552923336606323,3,73.0,0.5155719201925016,3,25.0,0.6554125630578234,0,7.0,0.5058010713990964,6,105.0
1090.0,8,16.0,0.17391304347826086,7.198300677250059,4,63.0,0.3964566619387969,2,22.0,0.512863105958809,2,9.0,0.4881260846700827,8,94.0
1095.0,18,67.0,0.7362637362637363,5.783367389891286,6,50.0,0.306723677959872,5,26.0,0.3922893400082209,7,33.0,0.3077313717896716,18,109.0
1100.0,19,56.0,0.6436781609195402,4.024811107572717,8,64.0,0.14830042812771047,4,35.0,0.16966656113986883,7,54.0,0.21125496698232182,19,153.0
1105.0,15,47.0,0.5949367088607594,4.780976230891115,6,70.0,0.27595874296188655,3,30.0,0.3843172797536482,6,58.0,0.27070272144705826,15,158.0
1110.0,14,72.0,0.8181818181818182,6.694647212879235,3,74.0,0.3618319406675636,4,35.0,0.5912723235607135,7,62.0,0.3307087709260116,14,171.0
1115.0,20,148.0,1.608695652173913,7.78750316233,9,90.0,0.327871503127169,4,47.0,0.6221098117023929,7,82.0,0.5354935298437576,20,219.0
1120.0,22,208.0,2.311111111111111,6.50939413251325,9,109.0,0.22913303940852744,5,64.0,0.47292914098386135,8,109.0,0.5063460815876467,22,282.0
1125.0,11,50.0,0.5494505494505495,5.967782856030133,6,89.0,0.26613073020990635,1,40.0,0.46172919335273555,4,100.0,0.3967576823169875,11,229.0
1130.0,14,39.0,0.42391304347826086,5.980682814776752,6,100.0,0.25544724876338415,3,16.0,0.3704691141511528,5,41.0,0.3266354420723062,14,157.0
1135.0,23,99.0,1.1379310344827587,4.888057107459137,7,125.0,0.23146987504085206,8,45.0,0.14185631696137974,8,69.0,0.14902950505910947,23,239.0
1140.0,20,105.0,1.3461538461538463,4.159578986253823,8,133.0,0.12159951450731339,7,70.0,0.29824756374128775,5,79.0,0.21460392679871235,20,282.0
1145.0,17,93.0,1.2236842105263157,5.70775368258535,8,113.0,0.23703120007448805,2,68.0,0.5441511054651226,7,85.0,0.37572496843787817,17,266.0
1150.0,11,93.0,1.1625,6.567214031720238,4,110.0,0.2966317662098635,1,42.0,0.5563613920472474,6,112.0,0.4539468851817996,11,264.0
1155.0,11,44.0,0.5116279069767442,5.928774712945259,8,134.0,0.21020337301283218,2,20.0,0.4790404683807495,1,70.0,0.4655259599223356,11,224.0
1160.0,15,87.0,1.0235294117647058,5.393604997528773,14,193.0,0.13471029356111278,0,12.0,0.4885939328783128,1,9.0,0.49894139652406877,15,214.0
1165.0,20,106.0,1.2926829268292683,4.4846875133595825,15,223.0,0.1259811728885648,5,29.0,0.34976186333495146,0,3.0,0.423269406504312,20,255.0
1170.0,23,115.0,1.4375,3.971217095006753,11,208.0,0.1677995113607372,8,68.0,0.33132506967896036,4,13.0,0.20230456150374648,23,289.0
1175.0,31,190.0,2.2093023255813953,4.162558682693299,11,263.0,0.11554027472274313,13,124.0,0.3461656469372081,7,43.0,0.3115127860460974,31,430.0
1180.0,28,147.0,1.5638297872340425,4.170374661320363,14,320.0,0.1197179456345435,9,137.0,0.3225978289228262,5,48.0,0.33527403533019495,28,505.0
1185.0,23,85.0,0.9444444444444444,4.487854193105731,13,343.0,0.17740906192990788,8,109.0,0.2188492082484822,2,39.0,0.5204869545037786,23,491.0
1190.0,15,45.0,0.5,4.531394157227059,9,301.0,0.18171529346338827,6,128.0,0.2727452130115058,0,26.0,0.5081639906069056,15,455.0
1195.0,22,60.0,0.625,4.755179210189683,8,330.0,0.18599907454732295,9,158.0,0.37387133562483155,5,30.0,0.44650675922221417,22,518.0
1200.0,17,84.0,0.84,4.973018612435243,8,362.0,0.18247398733670603,6,159.0,0.26783987862296743,3,43.0,0.5387168680724468,17,564.0
1205.0,17,65.0,0.6701030927835051,4.444299206326723,9,359.0,0.16708726741601507,6,136.0,0.17254379449784538,2,38.0,0.5157307534711868,17,533.0
1210.0,16,40.0,0.425531914893617,4.442712304162074,9,304.0,0.1571990628574496,3,147.0,0.2268887922698301,4,18.0,0.4521436015974589,16,469.0
1215.0,19,82.0,0.9111111111111111,5.07700898678299,5,282.0,0.16363375278766723,8,168.0,0.2757612710712254,6,41.0,0.43815446609713765,19,491.0
1220.0,22,135.0,1.5168539325842696,4.44398330787394,6,293.0,0.14114359782491115,11,215.0,0.16060765625630147,5,53.0,0.3076819657179407,22,561.0
1225.0,28,180.0,2.0689655172413794,3.484098953037145,7,278.0,0.118459823690385,17,284.0,0.15798394103604285,4,48.0,0.30244845670704046,28,610.0
1230.0,20,141.0,1.6395348837209303,4.234771567256614,4,194.0,0.14759694129786025,15,313.0,0.2592011126316713,1,27.0,0.4408895495976653,20,534.0
1235.0,17,106.0,1.1397849462365592,5.762362577284531,1,117.0,0.34464790829957703,13,272.0,0.2876677993736369,3,24.0,0.5099433899992984,17,413.0
1240.0,17,79.0,0.8315789473684211,4.731768741649852,4,112.0,0.2855003148392591,12,329.0,0.19906343579730554,1,14.0,0.5831225259522209,17,455.0
1245.0,31,142.0,1.42,4.437517872796629,9,142.0,0.21585218167249326,17,395.0,0.10505026733256881,5,20.0,0.3198236549209595,31,557.0
1250.0,32,195.0,2.074468085106383,3.5373525351769906,14,201.0,0.18250452113741084,11,407.0,0.1127223068930518,7,49.0,0.15106634006758157,32,657.0
1255.0,28,177.0,1.945054945054945,3.4706933807656006,14,228.0,0.17128994749341594,6,345.0,0.14920221563103736,8,74.0,0.35759574016545215,28,647.0
1260.0,19,94.0,1.0,4.870448817628379,9,197.0,0.28693423184351224,5,284.0,0.29749742063022055,5,78.0,0.4094418764445546,19,559.0
1265.0,14,60.0,0.6060606060606061,5.2759715269469405,8,142.0,0.2896777834379805,2,251.0,0.293259918630202,4,73.0,0.4165163048777168,14,466.0
1270.0,21,100.0,0.9433962264150944,5.356452594885932,9,120.0,0.2728940358103554,8,269.0,0.29756924499050713,4,73.0,0.4141948123160031,21,462.0
1275.0,27,197.0,1.8240740740740742,5.191557420527744,9,139.0,0.3027425881093287,14,325.0,0.2669724857089902,4,79.0,0.3101370395167371,27,543.0
1280.0,32,242.0,2.240740740740741,4.385678955153182,5,122.0,0.2634438378566005,20,409.0,0.18884296726909183,7,103.0,0.22635925908779822,32,634.0
1285.0,34,286.0,2.69811320754717,3.894057995817534,6,98.0,0.3205752715550221,21,451.0,0.08119940970174022,7,123.0,0.15141795210916936,34,672.0
1290.0,36,321.0,3.057142857142857,4.021298443232415,8,126.0,0.3191007270192218,20,432.0,0.10889886887296314,8,141.0,0.2558083617387973,36,699.0
1295.0,32,307.0,3.0098039215686274,3.3363515687701124,6,132.0,0.2215576750350839,15,489.0,0.15647264718158063,11,180.0,0.22184221106365656,32,801.0
1300.0,42,340.0,3.269230769230769,3.4974861773501185,10,113.0,0.239907706398743,15,567.0,0.17303892160326623,17,248.0,0.19515594528221755,42,928.0
1305.0,43,441.0,4.083333333333333,3.2470081221665397,8,111.0,0.2205872596153023,12,570.0,0.131728722239567,23,340.0,0.11027767041909627,43,1021.0
1310.0,28,262.0,2.3603603603603602,3.3457972417338544,3,116.0,0.2678703696463805,5,490.0,0.1685092667225264,20,369.0,0.14854046416920028,28,975.0
1315.0,29,221.0,1.8888888888888888,4.261444574614854,5,108.0,0.3127620286884084,6,451.0,0.20525089272333746,18,347.0,0.18766155861611994,29,906.0
1320.0,32,222.0,1.9304347826086956,3.7528586685928516,6,112.0,0.2761123695497215,8,486.0,0.1582528209653457,18,410.0,0.14818573705518973,32,1008.0
1325.0,41,269.0,2.3805309734513274,3.037316602114907,6,105.0,0.2595951551739625,13,551.0,0.14827545979303536,22,462.0,0.10908287225853745,41,1118.0
1330.0,55,400.0,3.389830508474576,2.2531935325273795,5,101.0,0.17096852370049648,22,637.0,0.0965062343093092,28,540.0,0.10506960515057076,55,1278.0
1335.0,54,484.0,3.9672131147540983,2.209430386074937,7,107.0,0.1732863611859799,25,755.0,0.10695435071615346,22,591.0,0.10313352384047034,54,1453.0
1340.0,51,433.0,3.4365079365079363,2.7273846575186513,9,124.0,0.19800349170263407,27,797.0,0.0651389274638711,15,572.0,0.12346222500216497,51,1493.0
1345.0,42,289.0,2.3495934959349594,2.9894136123979638,7,124.0,0.23229030355606756,24,711.0,0.07615787060030264,11,595.0,0.1832979387603078,42,1430.0
1350.0,44,284.0,2.2903225806451615,2.9861973143495706,8,111.0,0.25331934510296117,21,626.0,0.1455385457876578,15,660.0,0.19176999460188465,44,1397.0
1355.0,44,244.0,1.8625954198473282,3.2257118875988176,7,136.0,0.3168956168844029,18,579.0,0.1975283052517376,19,680.0,0.15516472955434926,44,1395.0
1360.0,37,215.0,1.5693430656934306,4.0775845162280415,10,154.0,0.2888807685701637,10,489.0,0.29916610409425476,17,692.0,0.1417794755784223,37,1335.0
1365.0,43,292.0,2.1313868613138687,4.155462671738121,15,210.0,0.21123730045605532,6,415.0,0.3936565043838741,22,722.0,0.14069055361800828,43,1347.0
1370.0,49,409.0,3.075187969924812,4.140163235647877,15,242.0,0.1920232430780047,8,332.0,0.48706947673279394,26,753.0,0.15932106134490676,49,1327.0
1375.0,44,304.0,2.235294117647059,3.3832262981533927,13,235.0,0.16334014248020776,5,298.0,0.42423022613925004,26,805.0,0.1089187466302476,44,1338.0
1380.0,43,258.0,1.8832116788321167,3.3016444275779313,9,251.0,0.1761503397976989,8,266.0,0.29945589104563697,26,804.0,0.08004843138410772,43,1321.0
1385.0,54,314.0,2.242857142857143,3.1792853281735276,14,294.0,0.1330349984561433,13,299.0,0.21943189295792517,27,839.0,0.07209315304617485,54,1432.0
1390.0,48,280.0,2.0437956204379564,3.0356386379640754,13,317.0,0.14773195117704133,15,301.0,0.07732698381311474,20,867.0,0.1287425222601292,48,1485.0
1395.0,43,250.0,1.9083969465648856,3.7438144544601903,13,304.0,0.18896017750342897,11,256.0,0.263161517666543,19,913.0,0.1612399123592367,43,1473.0
1400.0,31,199.0,1.5426356589147288,4.440160266816369,9,262.0,0.2518501744233536,5,153.0,0.3911941270207791,17,926.0,0.17212822148555326,31,1341.0
1405.0,36,234.0,1.786259541984733,4.543730009831112,8,250.0,0.2855647883008105,7,108.0,0.48063010526438926,21,863.0,0.16278887239954484,36,1221.0
1410.0,38,350.0,2.6515151515151514,5.09323726878467,9,234.0,0.31087139165571,8,102.0,0.5246356094315141,21,748.0,0.14968492247530601,38,1084.0
1415.0,37,383.0,2.8161764705882355,5.10400057628147,7,224.0,0.31935171567472714,8,129.0,0.4769307115676167,22,686.0,0.16763298526497106,37,1039.0
1420.0,35,279.0,2.0217391304347827,4.9988511970084115,8,182.0,0.33632959812778707,9,147.0,0.37382579158907797,18,716.0,0.17144143176022614,35,1045.0
1425.0,31,142.0,1.0518518518518518,4.392487911450719,10,195.0,0.24941937447020943,11,124.0,0.21790217081939184,10,696.0,0.2153387873389296,31,1015.0
1430.0,29,91.0,0.7054263565891473,3.4444185536498986,12,196.0,0.1949389581332098,8,156.0,0.19457057033044386,9,678.0,0.2141497893400114,29,1030.0
1435.0,34,114.0,0.8636363636363636,3.714557460591216,11,204.0,0.22183200601039038,10,179.0,0.28125042541635253,13,602.0,0.19354782787648817,34,985.0
1440.0,34,180.0,1.267605633802817,3.9792769958262237,10,180.0,0.23572672814215165,8,162.0,0.24029286192489863,16,536.0,0.1646425294858776,34,878.0
1445.0,39,262.0,1.806896551724138,4.380114347003966,9,174.0,0.1963212463120839,10,122.0,0.29129783981594104,20,544.0,0.1736904723880988,39,840.0
1450.0,39,236.0,1.7226277372262773,4.0705410288642465,12,160.0,0.14031736797707273,10,120.0,0.2560317580913336,17,528.0,0.198966229714105,39,808.0
1455.0,37,196.0,1.4736842105263157,4.521323592127954,14,155.0,0.22915012032181462,10,121.0,0.2156796555297168,13,456.0,0.22955805454823933,37,732.0
1460.0,26,91.0,0.6946564885496184,3.7481781967157923,6,169.0,0.2472643264313809,10,138.0,0.17935462370964242,10,473.0,0.20930719303319198,26,780.0
1465.0,33,121.0,0.9097744360902256,3.9165379519820407,10,149.0,0.22621952684583388,11,140.0,0.21695894718294745,12,452.0,0.14759497880894118,33,741.0
1470.0,38,235.0,1.7537313432835822,4.090545096090362,13,175.0,0.19617204361701499,10,152.0,0.22670362098864308,15,459.0,0.14157746684597414,38,786.0
1475.0,48,315.0,2.5,3.6243777384511913,16,207.0,0.17361082668382402,12,145.0,0.16071829467288115,20,531.0,0.2558740759687714,48,883.0
1480.0,47,278.0,2.224,3.145729120423701,15,208.0,0.17961593439524326,12,189.0,0.1717548600136161,20,526.0,0.1989781986632983,47,923.0
1485.0,43,223.0,1.7286821705426356,3.965183191812784,15,188.0,0.18239035672342152,11,206.0,0.19920065624623803,17,432.0,0.1796398420034946,43,826.0
1490.0,28,150.0,1.2,4.240734062040256,7,180.0,0.30461647259046115,12,217.0,0.1959439916046546,9,435.0,0.16289331982749072,28,832.0
1495.0,28,174.0,1.43801652892562,4.143930021245676,8,171.0,0.39669034520716373,11,203.0,0.18206025196252285,9,447.0,0.23024993437992092,28,821.0
1500.0,35,186.0,1.3880597014925373,4.4237879078646705,5,142.0,0.39462548104033135,14,197.0,0.18950385184350732,16,473.0,0.2344402244859199,35,812.0
1505.0,35,246.0,1.7697841726618706,4.572800438568028,6,116.0,0.3995709087464916,9,219.0,0.179633918698055,20,550.0,0.25745246067619343,35,885.0
1510.0,45,356.0,2.579710144927536,3.996987893339344,7,120.0,0.23074119605229446,14,241.0,0.18658540663338727,24,650.0,0.21574344159180894,45,1011.0
1515.0,45,462.0,3.4477611940298507,3.338418010137312,9,112.0,0.17987932226370412,12,271.0,0.17263640999346794,24,763.0,0.14297748308875582,45,1146.0
1520.0,39,438.0,3.2444444444444445,3.3891686426868053,5,102.0,0.2760368015956559,14,260.0,0.14826289443169646,20,817.0,0.1448216970388406,39,1179.0
1525.0,38,343.0,2.5036496350364965,3.6023759160627757,9,101.0,0.290471556847635,15,282.0,0.1729616777058183,14,777.0,0.15499953118597523,38,1160.0
1530.0,34,262.0,1.9124087591240877,3.835161661002254,11,110.0,0.267540297339126,17,315.0,0.1902938663708157,6,814.0,0.2116817443224235,34,1239.0
1535.0,33,197.0,1.4592592592592593,3.7583429375219533,11,111.0,0.21542815626112283,13,336.0,0.25879242590940704,9,826.0,0.2406969170288101,33,1273.0
1540.0,39,187.0,1.3357142857142856,3.9712682377244466,14,122.0,0.18318691110541668,10,289.0,0.2559468765134466,15,748.0,0.19075343028715827,39,1159.0
1545.0,38,214.0,1.5285714285714285,4.080998290268246,15,176.0,0.21489154205533184,10,316.0,0.2028011686859857,13,575.0,0.1722035187309678,38,1067.0
1550.0,34,177.0,1.2826086956521738,3.934013578163509,10,195.0,0.27870861330513574,12,318.0,0.1463661062158746,12,619.0,0.2140976070043725,34,1132.0
1555.0,30,102.0,0.7391304347826086,4.07448657772308,8,160.0,0.2739007254968241,9,290.0,0.17977296912705332,13,636.0,0.22295688228769425,30,1086.0
1560.0,38,160.0,1.1428571428571428,3.921636726716703,9,173.0,0.22231297154001253,10,227.0,0.17941631769559654,19,684.0,0.19430082398341036,38,1084.0
1565.0,46,301.0,2.213235294117647,3.7491858307260806,11,181.0,0.1730589297255709,14,208.0,0.2027732665649195,21,760.0,0.17164059983892432,46,1149.0
1570.0,48,372.0,2.735294117647059,3.3705658400846845,10,177.0,0.1623627025983229,19,237.0,0.16173052532117535,19,725.0,0.1508470055517395,48,1139.0
1575.0,44,301.0,2.181159420289855,3.67590874833018,10,154.0,0.17071277609410468,21,289.0,0.09272906859272502,13,562.0,0.19801334701190762,44,1005.0
1580.0,37,207.0,1.556390977443609,3.976534646222657,10,156.0,0.21465543202839207,18,282.0,0.1018672462299405,9,330.0,0.25969579588464325,37,768.0
1585.0,39,206.0,1.609375,4.1225998297086255,11,152.0,0.24811499579393104,19,300.0,0.21019785155393486,9,345.0,0.3137314925760699,39,797.0
1590.0,41,221.0,1.6492537313432836,4.0950077955667865,10,146.0,0.280783130835196,17,315.0,0.2447225357228635,14,361.0,0.2520127555292495,41,822.0
1595.0,42,236.0,1.6164383561643836,4.346139589093207,9,149.0,0.26224934202154904,17,333.0,0.2574093650846405,16,341.0,0.2258864100214904,42,823.0
1600.0,30,157.0,1.0753424657534247,4.13307268018188,7,141.0,0.2027395387969508,11,336.0,0.30700372299622136,12,253.0,0.19346429448001282,30,730.0
1605.0,34,164.0,1.1310344827586207,4.419858325629605,10,119.0,0.14155788066519953,9,301.0,0.3139672750193734,15,212.0,0.20621186559803162,34,632.0
1610.0,41,192.0,1.3714285714285714,3.3309810797367567,11,147.0,0.13340061705006268,14,296.0,0.1871817473688291,16,244.0,0.16402300225768449,41,687.0
1615.0,43,182.0,1.2907801418439717,3.2688126666007835,12,153.0,0.14245434896781584,15,323.0,0.1725919676081846,16,243.0,0.14505313389996463,43,719.0
1620.0,43,216.0,1.5104895104895104,3.617984091056113,9,170.0,0.16288967117542105,15,297.0,0.2113370307702051,19,244.0,0.1889346670736914,43,711.0
1625.0,47,278.0,1.9172413793103449,3.4931986391756524,13,178.0,0.17024845097065885,9,322.0,0.23806982408752056,25,310.0,0.18192537494906869,47,810.0
1630.0,51,357.0,2.38,3.2049520497138935,16,217.0,0.11336166877476317,9,311.0,0.17705250662882654,26,390.0,0.1694154200793104,51,918.0
1635.0,46,461.0,3.0939597315436242,3.3087439236820884,12,216.0,0.12813594916990592,9,302.0,0.16102169354146617,25,501.0,0.19534447509431999,46,1019.0
1640.0,43,454.0,3.0884353741496597,3.839604034151358,15,230.0,0.18314128386586614,9,246.0,0.16949518545792946,19,533.0,0.2547579076586062,43,1009.0
1645.0,39,310.0,2.2302158273381294,3.774714552437753,17,262.0,0.1401397528881365,11,197.0,0.20319111472700518,11,479.0,0.28696953114391366,39,938.0
1650.0,36,162.0,1.132867132867133,3.8300732414845293,21,276.0,0.11921117744602783,9,208.0,0.2122826246389507,6,385.0,0.32900820623179045,36,869.0
1655.0,33,122.0,0.8531468531468531,3.7779104963686643,16,329.0,0.12498392774805805,8,197.0,0.20270758688496052,9,378.0,0.31709551668608416,33,904.0
1660.0,39,140.0,0.9859154929577465,3.156234059587977,12,343.0,0.12269274737222453,12,214.0,0.18734521034613041,15,396.0,0.185057288443623,39,953.0
1665.0,47,194.0,1.3472222222222223,3.277528457253158,16,367.0,0.1558817616946069,14,208.0,0.17885568310439817,17,444.0,0.24332409854825626,47,1019.0
1670.0,46,306.0,2.0675675675675675,3.3549761726950544,13,343.0,0.13600649928330177,14,211.0,0.2155157356957241,19,480.0,0.23340931128440562,46,1034.0
1675.0,38,249.0,1.6064516129032258,3.154653147726309,11,357.0,0.13252506086604093,11,219.0,0.18246292572144976,16,479.0,0.24610997556409475,38,1055.0
1680.0,30,133.0,0.8364779874213837,3.827572814888994,9,367.0,0.11724800710000927,8,193.0,0.20902766963506433,13,363.0,0.2117685823775647,30,923.0
1685.0,34,123.0,0.8145695364238411,3.422769403399172,12,364.0,0.11531224212560096,10,197.0,0.1800976800602673,12,285.0,0.19937416619608628,34,846.0
1690.0,40,165.0,1.1619718309859155,3.037573126119532,14,332.0,0.13544115994167039,10,197.0,0.2020276498202642,16,328.0,0.20780844358020062,40,857.0
1695.0,38,159.0,1.0743243243243243,3.0811016597086507,14,355.0,0.11866914505013242,9,201.0,0.23635695390179348,15,336.0,0.17889693046235872,38,892.0
1700.0,40,196.0,1.2327044025157232,3.63335627569105,11,361.0,0.14153588864436742,8,170.0,0.23567999260998312,21,361.0,0.17343419091972764,40,892.0
1705.0,44,230.0,1.4743589743589745,3.27568941343525,15,370.0,0.1352531970717552,10,169.0,0.16526918618991443,19,377.0,0.13150556032722055,44,916.0
1710.0,42,192.0,1.2467532467532467,3.122530694264059,16,389.0,0.13511765560913808,12,163.0,0.12230614152375333,14,362.0,0.20493664282090723,42,914.0
1715.0,43,190.0,1.2582781456953642,3.0550940220576734,18,365.0,0.11586919429867128,16,207.0,0.1875747191277457,9,361.0,0.2277948793707218,43,933.0
1720.0,48,226.0,1.486842105263158,3.367034464745708,21,329.0,0.1311252301669773,16,237.0,0.22428442278578622,11,341.0,0.23385873433166493,48,907.0
1725.0,45,255.0,1.6451612903225807,3.414437564056092,22,340.0,0.1233515870483931,11,222.0,0.21646342656969086,12,339.0,0.1643177611751585,45,901.0
1730.0,48,368.0,2.329113924050633,3.913631888035243,22,406.0,0.21261129714139515,15,262.0,0.1845776027996735,11,292.0,0.14907221462073428,48,960.0
1735.0,47,381.0,2.54,3.5362823476988607,13,417.0,0.26471352712218577,21,308.0,0.13169925125375062,13,302.0,0.21153361947218952,47,1027.0
1740.0,42,295.0,1.9798657718120805,3.925804933057834,8,376.0,0.2991269718386789,18,369.0,0.09004387746762052,16,327.0,0.1994135262183216,42,1072.0
1745.0,41,253.0,1.7328767123287672,3.3061356978986347,8,383.0,0.21608815293057224,18,389.0,0.10966957436267957,15,350.0,0.15544817322863688,41,1122.0
1750.0,46,264.0,1.872340425531915,3.153893487934313,13,376.0,0.17312929724563972,18,420.0,0.19109810776568334,15,285.0,0.12001297380370217,46,1081.0
1755.0,53,379.0,2.595890410958904,3.4623053586731656,17,388.0,0.1408145698418085,22,509.0,0.1423612482841346,14,329.0,0.18505869007176412,53,1226.0
1760.0,58,508.0,3.4794520547945207,3.634778304829211,15,395.0,0.19038800704730865,28,638.0,0.09427410198200464,15,373.0,0.17685463945953678,58,1406.0
1765.0,62,606.0,4.267605633802817,3.222234874399786,12,324.0,0.17401625171191265,35,799.0,0.06259248926052983,15,378.0,0.13003478895149942,62,1501.0
1770.0,62,630.0,4.846153846153846,2.9236315506359327,13,271.0,0.20457186208565292,37,897.0,0.043042236180659096,12,334.0,0.14872302416537764,62,1502.0
1775.0,54,584.0,4.424242424242424,3.3366205198217114,19,265.0,0.21712761058367294,30,889.0,0.08708483939110462,5,345.0,0.222014737033841,54,1499.0
1780.0,49,525.0,3.9473684210526314,4.069864502875366,16,298.0,0.2538601769949709,24,828.0,0.1748289062900802,9,354.0,0.23987494363042933,49,1480.0
1785.0,45,405.0,3.1153846153846154,3.8158801025202225,15,302.0,0.2079249214546345,18,773.0,0.2000118745721265,12,398.0,0.21873783441794786,45,1473.0
1790.0,37,289.0,2.2061068702290076,3.6686861006635665,16,315.0,0.19865590748933534,11,789.0,0.22858886615184265,10,394.0,0.196989875847976,37,1498.0
1795.0,33,212.0,1.6307692307692307,3.687884464218943,18,369.0,0.14024955747540976,7,816.0,0.27797558347854645,8,363.0,0.13375095262430473,33,1548.0
1800.0,39,254.0,1.9538461538461538,3.5100837170944392,18,415.0,0.1166419752268446,14,873.0,0.22444124332311638,7,336.0,0.17245293877768653,39,1624.0
1805.0,47,346.0,2.703125,2.9024733304026493,19,430.0,0.10802968697152927,21,963.0,0.13415291190228248,7,351.0,0.1380810236193554,47,1744.0
1810.0,53,374.0,3.0161290322580645,2.6313160207265516,19,451.0,0.08063040137561903,21,969.0,0.07444162532085656,13,396.0,0.08410496009023932,53,1816.0
1815.0,53,377.0,3.1416666666666666,2.971103557890498,20,458.0,0.1821946830128273,19,877.0,0.16490024489097807,14,468.0,0.15674020793374682,53,1803.0
1820.0,44,304.0,2.432,3.489424196561654,19,468.0,0.22525185745487816,14,688.0,0.23749486029356676,11,465.0,0.19554558438775765,44,1621.0
1825.0,36,194.0,1.503875968992248,4.0706290224449,18,486.0,0.20554841553977612,8,718.0,0.24380351995632646,10,397.0,0.2614781634987836,36,1601.0
1830.0,31,147.0,1.1136363636363635,3.898208962316146,12,486.0,0.1502383595205691,8,746.0,0.2122517546779221,11,331.0,0.17628438867044072,31,1563.0
1835.0,25,90.0,0.72,3.511624659689598,9,448.0,0.14797755892949058,9,693.0,0.20409473579575652,7,357.0,0.17502186631838915,25,1498.0
1840.0,31,130.0,1.0317460317460319,3.994899808667336,13,422.0,0.22546920733016654,7,542.0,0.22108165151609438,11,403.0,0.1896933756249262,31,1367.0
1845.0,30,167.0,1.31496062992126,4.103116347165126,12,419.0,0.20879960354549104,4,339.0,0.25900203443909214,14,466.0,0.2027394857946283,30,1224.0
1850.0,30,141.0,1.119047619047619,4.077412631041339,15,422.0,0.24344582015431013,4,184.0,0.26150395018810746,11,462.0,0.22392358350214578,30,1068.0
1855.0,19,102.0,0.816,4.959653990671619,11,419.0,0.24583567165009393,2,144.0,0.39096692246069176,6,390.0,0.2690846277201367,19,953.0
1860.0,27,194.0,1.552,4.995269946393205,17,466.0,0.22490401168487942,5,137.0,0.3803750302382235,5,288.0,0.21473341596744766,27,891.0
1865.0,45,340.0,2.677165354330709,4.177424135291547,26,555.0,0.1408672670640164,12,185.0,0.18329513552164284,7,306.0,0.23808413323995414,45,1046.0
1870.0,49,358.0,2.9344262295081966,3.61203557223973,26,597.0,0.08669966887216383,13,191.0,0.09993531192794315,10,336.0,0.22878982639681403,49,1124.0
1875.0,43,298.0,2.6140350877192984,3.556080659459205,21,566.0,0.1343337556125996,8,136.0,0.22958009611539174,14,393.0,0.2341817337136701,43,1095.0
1880.0,34,214.0,1.829059829059829,4.032405945329222,20,646.0,0.16541109427557277,2,96.0,0.4342261328315089,12,396.0,0.22648552061515503,34,1138.0
1885.0,31,158.0,1.2845528455284554,4.31730583333136,19,736.0,0.144656381686187,3,97.0,0.41632706651772095,9,329.0,0.24444595478301534,31,1162.0
1890.0,32,185.0,1.4453125,4.41843905212858,17,741.0,0.15035181648822865,6,120.0,0.3593643352996603,9,233.0,0.2395932744418353,32,1094.0
1895.0,36,200.0,1.5873015873015872,4.087711613289169,12,620.0,0.15428759288229862,15,179.0,0.24338794094150296,9,198.0,0.2639531542129379,36,997.0
1900.0,42,258.0,1.9545454545454546,3.9546163783366746,15,540.0,0.1637297835139794,20,265.0,0.21678086495095278,7,205.0,0.22505880106354204,42,1010.0
1905.0,42,348.0,2.577777777777778,3.6284708260935186,10,576.0,0.161810836587127,25,378.0,0.11647059729763153,7,201.0,0.24805118943125465,42,1155.0
1910.0,44,332.0,2.423357664233577,3.480556989636044,11,579.0,0.17189483651881912,26,444.0,0.0849066935387651,7,200.0,0.22084078357732215,44,1223.0
1915.0,46,331.0,2.5267175572519083,4.03415764361789,15,607.0,0.22519128289920184,23,453.0,0.12108885593321178,8,171.0,0.2852230260222119,46,1231.0
1920.0,49,387.0,2.9097744360902253,3.3840310756894993,21,682.0,0.19865116079004963,18,539.0,0.12337374623483204,10,145.0,0.23291432897748623,49,1366.0
1925.0,51,431.0,3.1231884057971016,3.695027410332269,27,803.0,0.1363577965153675,16,608.0,0.14171185817316456,8,150.0,0.2400519311890027,51,1561.0
1930.0,62,610.0,4.485294117647059,3.4040571304252705,33,953.0,0.08713826896091521,22,702.0,0.13057888966544545,7,132.0,0.20485039761165957,62,1787.0
1935.0,69,806.0,6.06015037593985,3.1238018333555235,39,1127.0,0.06848415117528003,18,710.0,0.11612419681361598,12,146.0,0.22596773552899,69,1983.0
1940.0,72,1033.0,7.885496183206107,3.3448825435248213,41,1322.0,0.13225298627431797,16,567.0,0.1583284988530298,15,203.0,0.24073044314721045,72,2092.0
1945.0,67,1193.0,9.248062015503876,2.952725659390244,43,1527.0,0.08961399731334481,12,512.0,0.22798914928972414,12,225.0,0.2639346201606293,67,2264.0
1950.0,60,1084.0,8.150375939849624,3.0707650069792365,39,1590.0,0.08559226359678807,7,475.0,0.2785373391422883,14,212.0,0.25353189125500825,60,2277.0
1955.0,60,915.0,6.443661971830986,3.7052489554278276,36,1497.0,0.08841024594878992,10,484.0,0.2866943486799956,14,256.0,0.21165659783071186,60,2237.0
1960.0,46,659.0,4.608391608391608,3.5124331293677087,26,1466.0,0.12321209630827261,6,445.0,0.23403810496795402,14,305.0,0.15045403468383503,46,2216.0
1965.0,41,497.0,3.5,3.6839192544862143,20,1562.0,0.19406360444689674,8,356.0,0.1489331331737817,13,339.0,0.18051120451889552,41,2257.0
1970.0,35,350.0,2.5547445255474455,3.4640488780214405,14,1506.0,0.15744841120879347,7,383.0,0.1544420363708116,14,392.0,0.17276484198417516,35,2281.0
1975.0,33,200.0,1.5267175572519085,3.3582235970889767,11,1319.0,0.15833985223506822,9,400.0,0.22316983071180005,13,406.0,0.13693933650580953,33,2125.0
1980.0,36,211.0,1.6106870229007633,3.4873545902906673,8,1270.0,0.15688883723386957,15,447.0,0.22812448920316367,13,392.0,0.09127504214195575,36,2109.0
1985.0,42,244.0,1.8074074074074074,3.2573704611480285,10,1287.0,0.13507874127556455,17,445.0,0.11380592107540527,15,362.0,0.13029758742743772,42,2094.0
1990.0,37,174.0,1.3488372093023255,3.169132641709224,9,1217.0,0.17744670023315665,16,368.0,0.13414125814943587,12,398.0,0.21178479790376642,37,1983.0
1995.0,26,106.0,0.8617886178861789,3.659872361273197,10,1034.0,0.14255525778724307,6,327.0,0.2821363624722622,10,408.0,0.24519176955067445,26,1769.0
2000.0,30,152.0,1.2258064516129032,4.267637150208438,12,775.0,0.1508270917554289,10,346.0,0.26348671365870074,8,426.0,0.25740146771391864,30,1547.0
2005.0,22,106.0,0.848,3.9109486833600524,6,788.0,0.18770965527445654,8,339.0,0.23565648702297254,8,419.0,0.18548270768043582,22,1546.0
2010.0,24,86.0,0.7226890756302521,3.7526725043514575,9,778.0,0.21333933233517705,5,262.0,0.17486090989110223,10,430.0,0.17871646528076515,24,1470.0
2015.0,28,110.0,0.9090909090909091,3.603320452230207,11,727.0,0.17398157464737438,6,177.0,0.19449591085617704,11,470.0,0.25403198876354777,28,1374.0
2020.0,25,127.0,1.0583333333333333,4.650933423247209,10,584.0,0.20655822838384832,6,159.0,0.34876822691606985,9,498.0,0.287227631394185,25,1241.0
2025.0,25,148.0,1.2436974789915967,4.5948460675741,10,415.0,0.2262941641110152,2,135.0,0.3860253236869482,13,550.0,0.18370877250327255,25,1100.0
2030.0,34,242.0,1.9836065573770492,4.5041919370246974,12,319.0,0.22853159653939084,5,122.0,0.3994993683596639,17,627.0,0.07932781216187156,34,1068.0
2035.0,34,282.0,2.389830508474576,4.150407307947622,13,281.0,0.26009232371878244,5,114.0,0.3048401661159929,16,646.0,0.10956077460707674,34,1041.0
2040.0,27,291.0,2.5526315789473686,4.627408138906474,13,263.0,0.3399140229334958,4,97.0,0.2728923457779204,10,588.0,0.19875922293673676,27,948.0
2045.0,28,366.0,3.0756302521008405,5.861968623787922,13,319.0,0.3943088760738157,3,68.0,0.35196390604954625,12,479.0,0.25992923131925294,28,866.0
2050.0,34,418.0,3.5126050420168067,5.497575690008215,19,394.0,0.3567296237362297,3,63.0,0.28228420264585224,12,525.0,0.2892505211537706,34,982.0
2055.0,35,335.0,2.8389830508474576,4.378430140548705,14,394.0,0.23819789079682657,7,71.0,0.20484361312545885,14,583.0,0.1563811449844171,35,1048.0
2060.0,43,248.0,2.1946902654867255,3.59730177857761,14,318.0,0.15379157275016514,14,123.0,0.15355765795349824,15,654.0,0.14278249408603388,43,1095.0
2065.0,46,318.0,2.890909090909091,3.5606317173900637,12,215.0,0.22124808300866258,21,206.0,0.09247561123214494,13,646.0,0.18253407208648167,46,1067.0
2070.0,48,452.0,4.146788990825688,3.7478587787600786,14,197.0,0.27147866922226427,26,325.0,0.13632281308758742,8,555.0,0.19723743929265214,48,1077.0
2075.0,47,529.0,4.723214285714286,4.072394721089428,15,225.0,0.16387510245123083,24,396.0,0.19354228508438498,8,410.0,0.23905492432055142,47,1031.0
2080.0,41,361.0,3.139130434782609,3.815664996649236,13,251.0,0.24082906680569063,22,373.0,0.14614603942212104,6,432.0,0.257696005001218,41,1056.0
2085.0,31,186.0,1.603448275862069,4.56666539153041,6,200.0,0.34496055045578233,15,425.0,0.1688001692181612,10,464.0,0.2743952988175164,31,1089.0
2090.0,22,86.0,0.7288135593220338,4.581075685626015,5,174.0,0.33160612844406495,11,473.0,0.1584360992878303,6,436.0,0.26059070891149866,22,1083.0
2095.0,24,76.0,0.6846846846846847,4.318460357476779,9,200.0,0.19346949193670807,9,468.0,0.20157091904581223,6,340.0,0.22227383092215444,24,1008.0
2100.0,27,115.0,1.074766355140187,3.609764739421714,13,258.0,0.24253267053085767,8,399.0,0.17111847517360468,6,348.0,0.23464234149780205,27,1005.0
2105.0,24,115.0,1.0360360360360361,3.5466991685460107,11,249.0,0.1990868267067753,5,370.0,0.17999425004101943,8,366.0,0.2313365952314018,24,985.0
2110.0,28,142.0,1.2456140350877194,4.548973725503488,8,168.0,0.31495709551140805,7,382.0,0.24916032532127347,13,420.0,0.20862618112889836,28,970.0
2115.0,34,213.0,1.9189189189189189,3.625848015335619,6,167.0,0.3044225247424866,9,361.0,0.17778546636462994,19,498.0,0.08614131805905774,34,1026.0
2120.0,36,219.0,1.9553571428571428,3.326489127237695,8,207.0,0.21337254507390763,11,305.0,0.14247906830512633,17,514.0,0.14678727945931175,36,1026.0
2125.0,34,230.0,2.017543859649123,4.289387879997198,12,259.0,0.27835019965377217,9,236.0,0.230909286542462,13,439.0,0.23460297154176338,34,934.0
2130.0,35,294.0,2.4915254237288136,4.041417546858545,15,322.0,0.22518626117585216,10,205.0,0.28359765779570023,10,458.0,0.23106383476041395,35,985.0
2135.0,40,332.0,2.7899159663865545,4.101086495375965,15,327.0,0.18709493298390967,11,184.0,0.3508269875551041,14,520.0,0.161528751338131,40,1031.0
2140.0,37,238.0,2.016949152542373,3.5047374860259155,13,285.0,0.13914317057818193,8,174.0,0.29757179179518395,16,599.0,0.12044602878408973,37,1058.0
2145.0,38,219.0,1.7804878048780488,3.043643154199832,12,321.0,0.1499551346318728,7,121.0,0.23051866844737806,19,692.0,0.0973067457262047,38,1134.0
2150.0,41,230.0,1.8852459016393444,2.9514533782734684,14,384.0,0.1800496104588601,7,137.0,0.1609731491084031,20,694.0,0.12523474378959742,41,1215.0
2155.0,40,199.0,1.6048387096774193,3.299954373406588,15,400.0,0.17494323365779357,8,139.0,0.22703838772408308,17,618.0,0.18090739064983638,40,1157.0
2160.0,41,241.0,1.9435483870967742,3.879342743262547,9,329.0,0.20130096593344105,15,188.0,0.31758217549697193,17,487.0,0.17776015861371167,41,1004.0
2165.0,39,284.0,2.236220472440945,3.9795484324458843,7,288.0,0.18907449145443925,17,264.0,0.3196364234101377,15,544.0,0.17007270784230955,39,1096.0
2170.0,35,328.0,2.5426356589147288,4.175278992397472,3,277.0,0.22538505283297694,19,352.0,0.3025324242337429,13,595.0,0.18313564870390503,35,1224.0
2175.0,35,269.0,2.1181102362204722,3.6241124809977254,8,279.0,0.20117413985429114,17,349.0,0.14707927093533799,10,576.0,0.18967892988021906,35,1204.0
2180.0,32,127.0,1.040983606557377,3.76725492147473,8,268.0,0.17770506107152828,13,295.0,0.1896241531829366,11,485.0,0.18337934525314206,32,1048.0
2185.0,23,100.0,0.8403361344537815,4.271704118210371,7,218.0,0.2055373493549612,10,234.0,0.3383411490436346,6,469.0,0.17879266751873701,23,921.0
2190.0,23,181.0,1.5338983050847457,5.331202334231739,4,152.0,0.25811005732469083,10,188.0,0.4203925819054348,9,487.0,0.1462108259944722,23,827.0
2195.0,18,100.0,0.8695652173913043,4.024634533726397,2,149.0,0.24570675472299688,8,176.0,0.24624739567653045,8,468.0,0.136597030132122,18,793.0
2200.0,22,78.0,0.6964285714285714,4.386146993435655,8,164.0,0.2664520483802161,9,140.0,0.23424770570723571,5,383.0,0.21465249049922647,22,687.0
2205.0,26,120.0,1.0526315789473684,4.076451382646936,15,225.0,0.1850878386138992,5,116.0,0.3273315365515718,6,401.0,0.2096802717355736,26,742.0
2210.0,29,163.0,1.393162393162393,3.702131386229222,13,250.0,0.16140643708076347,6,102.0,0.256499900436174,10,441.0,0.17807830379551395,29,793.0
2215.0,37,180.0,1.5384615384615385,3.625529359463947,11,222.0,0.20593984598659687,13,143.0,0.23512848943768014,13,427.0,0.11426832409379307,37,792.0
2220.0,36,228.0,2.0,4.267201543729558,8,173.0,0.27336033784495334,17,224.0,0.2795849926985587,11,358.0,0.1258147875680279,36,755.0
2225.0,37,333.0,2.9469026548672566,4.163721019643599,7,201.0,0.22627776639027658,20,318.0,0.20592183692165136,10,255.0,0.20081773032267797,37,774.0
2230.0,38,337.0,2.982300884955752,4.316559587478029,12,246.0,0.15598569389684805,17,348.0,0.22928709610296272,9,196.0,0.2530972903957229,38,790.0
2235.0,30,240.0,2.1238938053097347,4.692699472265842,10,259.0,0.1932478611643562,13,285.0,0.22506911795766174,7,172.0,0.3969742827642124,30,716.0
2240.0,24,220.0,1.9642857142857142,5.606974635567271,7,184.0,0.310783091608878,11,239.0,0.2987071843073352,6,162.0,0.41925229926655655,24,585.0
2245.0,18,207.0,1.8157894736842106,5.421676891345825,3,170.0,0.3423615157269637,5,182.0,0.23341337996550324,10,189.0,0.4487170590354315,18,541.0
2250.0,20,136.0,1.2035398230088497,5.891009447471682,7,188.0,0.30060551291530596,6,157.0,0.33483087496358993,7,159.0,0.42052805789094544,20,504.0
2255.0,18,62.0,0.5391304347826087,4.861329631446605,9,185.0,0.17868010793905031,0,125.0,0.36958499616182783,9,109.0,0.2833912496500843,18,419.0
2260.0,21,67.0,0.6090909090909091,4.852350761103911,7,153.0,0.21034303208947064,6,92.0,0.3674914302109243,8,137.0,0.2233986813936789,21,382.0
2265.0,30,113.0,1.0660377358490567,4.198577736349212,7,158.0,0.1604234913985782,13,143.0,0.23989069588403591,10,139.0,0.1871658961015667,30,440.0
2270.0,38,261.0,2.439252336448598,3.724754773191901,10,196.0,0.11572474293070031,18,226.0,0.14709046231994133,10,157.0,0.19181280456748195,38,579.0
2275.0,43,313.0,2.952830188679245,2.8612186813966085,16,262.0,0.07447931812079535,17,264.0,0.122838680623732,10,168.0,0.19799689971739706,43,694.0
2280.0,41,251.0,2.436893203883495,3.42717678556438,15,291.0,0.11409160881335588,15,241.0,0.16354889431180922,11,172.0,0.2710094829095445,41,704.0
2285.0,32,185.0,1.7452830188679245,4.813890079711406,8,233.0,0.2343066387543418,13,197.0,0.2621212482088657,11,163.0,0.3346613723952156,32,593.0
2290.0,26,146.0,1.3644859813084111,4.91381612247576,8,235.0,0.25593775039315114,11,185.0,0.3176169394282873,7,173.0,0.3443573596985577,26,593.0
2295.0,30,179.0,1.5701754385964912,4.618279713516824,12,282.0,0.1946619303450929,9,185.0,0.34533253280402076,9,149.0,0.29249119865828266,30,616.0
2300.0,32,243.0,2.042016806722689,4.488421267181428,10,285.0,0.23127027718027884,11,216.0,0.2886549326115969,11,171.0,0.31275433186339385,32,672.0
2305.0,32,331.0,2.6910569105691056,4.588197450450318,6,202.0,0.20950402837182497,14,244.0,0.3260358909689317,12,213.0,0.2655067155020601,32,659.0
2310.0,33,467.0,3.7063492063492065,4.71210271246237,3,219.0,0.19044129602688037,14,292.0,0.3790322801941665,16,272.0,0.27806644801788255,33,783.0
2315.0,41,654.0,5.149606299212598,4.6461705501180965,8,245.0,0.17866868262964541,17,350.0,0.2986566624524072,16,336.0,0.23660294065727414,41,931.0
2320.0,41,591.0,4.728,3.8751868825058535,11,239.0,0.10704314356364192,14,350.0,0.26496217448286224,16,410.0,0.24960724209952428,41,999.0
2325.0,38,536.0,4.357723577235772,4.4118442605498815,10,204.0,0.12396850452909398,11,262.0,0.32381128747748783,17,490.0,0.27045626303935955,38,956.0
2330.0,28,356.0,2.894308943089431,4.15603602942661,5,218.0,0.1623308799826981,9,167.0,0.29132397047869946,14,474.0,0.15277606169787086,28,859.0
2335.0,35,299.0,2.4710743801652892,4.392668299816436,12,235.0,0.13400589458595955,13,183.0,0.28129903597589967,10,322.0,0.19288542112935983,35,740.0
2340.0,31,155.0,1.3247863247863247,3.8199219085177227,11,236.0,0.1474198365820586,15,223.0,0.1383852543889428,5,321.0,0.2559812366542184,31,780.0
2345.0,29,138.0,1.2777777777777777,3.7880981277994574,10,196.0,0.1512137348612464,10,229.0,0.3630143697462937,9,330.0,0.2669982032938742,29,755.0
2350.0,19,66.0,0.5789473684210527,4.040053709168605,7,229.0,0.15899672677488513,4,207.0,0.31987139716088975,8,304.0,0.34417188130283627,19,740.0
2355.0,24,80.0,0.6837606837606838,4.857244048264817,12,266.0,0.1577241817597452,6,183.0,0.22293671735837517,6,226.0,0.3590046488012308,24,675.0
2360.0,27,113.0,1.018018018018018,3.8300157613601598,13,279.0,0.09297715589644302,10,197.0,0.15965970345813443,4,188.0,0.2892787498805595,27,664.0
2365.0,28,122.0,1.150943396226415,3.49019712450577,9,249.0,0.15868431244519463,12,215.0,0.22787336738126648,7,198.0,0.19945001615898464,28,662.0
2370.0,29,164.0,1.5045871559633028,5.049184994486957,11,201.0,0.21078897387144405,8,186.0,0.3926421446037675,10,233.0,0.3586467249519535,29,620.0
2375.0,23,162.0,1.4336283185840708,4.4356248947626025,5,204.0,0.19140605545436723,7,147.0,0.29192808988077323,11,282.0,0.39319595831455595,23,633.0
2380.0,25,219.0,1.9043478260869566,4.289454127604364,8,192.0,0.17858776225761183,4,154.0,0.24757661776690768,13,342.0,0.35354544335932286,25,688.0
2385.0,35,367.0,3.2767857142857144,4.155401421493245,13,239.0,0.16156234014071266,8,166.0,0.16065546215346613,14,404.0,0.3247268845484548,35,809.0
2390.0,41,435.0,4.10377358490566,3.2306727473362242,15,261.0,0.14752977309654983,12,177.0,0.11913792159012385,14,470.0,0.24821492407844029,41,908.0
2395.0,29,248.0,2.2545454545454544,3.6391783786969074,13,215.0,0.13498682647410945,7,143.0,0.24850375492024512,9,423.0,0.30198774695039365,29,781.0
2400.0,18,83.0,0.7477477477477478,4.29900578752095,10,184.0,0.17090045155993955,3,121.0,0.30838044570943435,5,413.0,0.2784647132724683,18,718.0
2405.0,22,69.0,0.5948275862068966,4.4808499804161555,7,202.0,0.16019600753401095,9,141.0,0.2014433520031898,6,234.0,0.3264561544902579,22,577.0
2410.0,33,172.0,1.5221238938053097,4.319207877489194,11,248.0,0.1595601406339763,11,191.0,0.16307721403218553,11,121.0,0.24172093504717032,33,560.0
2415.0,48,364.0,3.466666666666667,3.381972901085701,14,307.0,0.15699498803780426,19,270.0,0.08852301898775126,15,142.0,0.20081060144070959,48,719.0
2420.0,53,546.0,5.46,2.338626933379658,14,327.0,0.1192600047863764,23,377.0,0.03950031022663085,16,214.0,0.15876019609233014,53,918.0
2425.0,47,452.0,4.388349514563107,2.563086702176639,13,299.0,0.13429409825071129,21,431.0,0.1366973057231463,13,236.0,0.19017864329175008,47,966.0
2430.0,36,283.0,2.6952380952380954,3.967946149946605,12,345.0,0.21415605926872588,15,401.0,0.27271386846255563,9,184.0,0.28162788679737544,36,930.0
2435.0,32,172.0,1.5087719298245614,3.3973715528613773,14,401.0,0.14592956653031325,10,455.0,0.11416308070436934,8,151.0,0.27304248453894225,32,1007.0
2440.0,33,143.0,1.2434782608695651,3.291250310449461,10,402.0,0.12371741139289905,17,526.0,0.11681957081876597,6,168.0,0.2976048781482651,33,1096.0
2445.0,36,190.0,1.6521739130434783,3.044704329609031,9,323.0,0.13514591854937857,19,620.0,0.12685070685271438,8,197.0,0.2013590945899126,36,1140.0
2450.0,36,285.0,2.456896551724138,3.176566065108366,2,329.0,0.20531947536769338,22,723.0,0.11777531815558505,12,210.0,0.19605274151759897,36,1262.0
2455.0,48,443.0,3.722689075630252,3.1052946899731637,7,350.0,0.12943897519003,29,857.0,0.08504210802303683,12,235.0,0.13288956449388156,48,1442.0
2460.0,53,528.0,4.672566371681416,2.3211558230591463,15,404.0,0.10806541430166512,26,894.0,0.05564690733521337,12,264.0,0.1315129539773117,53,1562.0
2465.0,53,518.0,4.625,2.0456122552993246,20,492.0,0.12563046544885662,21,826.0,0.08823012225695194,12,307.0,0.18146726222860507,53,1625.0
2470.0,53,601.0,5.271929824561403,2.47334390878065,26,612.0,0.12947815753141037,16,826.0,0.14395903195295318,11,334.0,0.1823688855721025,53,1772.0
2475.0,63,754.0,6.336134453781512,2.405659106450799,34,762.0,0.04381764026426116,13,889.0,0.13658574812978533,16,386.0,0.15311061306952203,63,2037.0
2480.0,67,969.0,8.35344827586207,1.6373468774185342,36,938.0,0.03526438890057179,12,852.0,0.11730426913880308,19,466.0,0.08580842759842712,67,2256.0
2485.0,68,1197.0,10.058823529411764,2.1607898843715527,40,1134.0,0.07362381225242375,6,703.0,0.2003899658883895,22,521.0,0.10928192615123818,68,2358.0
2490.0,66,1231.0,10.173553719008265,2.5290538227330805,45,1345.0,0.0465356823396209,4,505.0,0.25258728135691777,17,552.0,0.19397875941778872,66,2402.0
2495.0,68,1418.0,11.71900826446281,2.7466518360108374,48,1576.0,0.03989946896939619,4,434.0,0.2614418795743629,16,535.0,0.23080554459478267,68,2545.0
2500.0,70,1390.0,11.300813008130081,2.4005775744450246,44,1672.0,0.01971824059385346,10,423.0,0.1802375903821532,16,561.0,0.22374157846972378,70,2656.0
2505.0,58,1161.0,9.675,2.822862309985628,35,1612.0,0.06514715166649276,11,475.0,0.23973769475347623,12,530.0,0.22987492226737796,58,2617.0
2510.0,54,1021.0,8.368852459016393,2.736624314914965,28,1758.0,0.06665698875659305,17,548.0,0.17805764323846196,9,497.0,0.17170443684871217,54,2803.0
2515.0,51,723.0,5.784,3.0877806887044814,27,1891.0,0.07026630330715011,16,579.0,0.18824745016842537,8,467.0,0.18788431830942737,51,2937.0
2520.0,39,551.0,4.408,3.1861891957924064,16,1856.0,0.10594726783031701,16,563.0,0.1314630305431724,7,419.0,0.23172990493998066,39,2838.0
2525.0,37,456.0,3.8,3.6104526499865868,7,1643.0,0.16263122960552498,21,627.0,0.12615158129461007,9,460.0,0.23208471979077422,37,2730.0
2530.0,37,462.0,3.948717948717949,3.547374704669717,6,1666.0,0.14959616179491442,24,735.0,0.14830898488147462,7,419.0,0.27019232214752087,37,2820.0
2535.0,42,449.0,4.008928571428571,3.1305138428770967,11,1706.0,0.12614952298118962,22,769.0,0.11539451905156708,9,446.0,0.16952543374077875,42,2921.0
2540.0,48,515.0,4.768518518518518,2.29307612839653,16,1775.0,0.07400206751749669,18,705.0,0.1128483500193958,14,510.0,0.1856998095104048,48,2990.0
2545.0,48,547.0,5.11214953271028,2.0449699442159748,16,1701.0,0.08707896034047263,13,766.0,0.1356148634577877,19,598.0,0.18759538593210318,48,3065.0
2550.0,50,569.0,5.035398230088496,2.8184096515124732,11,1474.0,0.14951407314984544,14,837.0,0.16323959523141476,25,708.0,0.15566809774419124,50,3019.0
2555.0,53,617.0,5.3652173913043475,3.0273501057553256,10,1144.0,0.17298208131050571,14,905.0,0.21170649081410564,29,834.0,0.05450781581580046,53,2883.0
2560.0,53,673.0,5.703389830508475,3.002547276835335,11,1136.0,0.1873141197034905,9,867.0,0.25157116762336407,33,991.0,0.02305574674167734,53,2994.0
2565.0,49,697.0,6.223214285714286,3.2237335531253777,11,1188.0,0.199461490125698,7,747.0,0.28278336139938337,31,1090.0,0.06338218417278264,49,3025.0
2570.0,46,694.0,6.425925925925926,3.0692635160748734,14,1255.0,0.16243609648611992,6,649.0,0.2300833670399876,26,1101.0,0.14925674680388623,46,3005.0
2575.0,44,666.0,6.054545454545455,2.8856288968428405,13,1184.0,0.17211891494760478,8,675.0,0.13930451082640655,23,1222.0,0.16667072720550644,44,3081.0
2580.0,45,639.0,5.8090909090909095,3.1831451063035656,11,909.0,0.14066196530866903,10,724.0,0.2451830417116209,24,1335.0,0.10726465090625201,45,2968.0
2585.0,36,565.0,5.136363636363637,3.5180073444483,9,690.0,0.1540235293083093,6,679.0,0.3299754269249874,21,1381.0,0.06707705277477101,36,2750.0
2590.0,30,324.0,2.918918918918919,3.66635993985858,10,727.0,0.21664315173245569,5,563.0,0.31635100722648923,15,1387.0,0.11230504726624618,30,2677.0
2595.0,27,153.0,1.3189655172413792,3.694316205414657,10,776.0,0.17527880502444346,4,466.0,0.2485933497937905,13,1291.0,0.1878597679518395,27,2533.0
2600.0,23,102.0,0.8793103448275862,3.959687277446494,10,710.0,0.20678811386514453,3,463.0,0.22556956146244814,10,1154.0,0.22234796846518975,23,2327.0
2605.0,32,162.0,1.4594594594594594,4.133114000147063,9,492.0,0.22378166308167366,6,477.0,0.28173835077009124,17,1156.0,0.14761894304219775,32,2125.0
2610.0,34,202.0,1.8703703703703705,3.5211743816217,7,297.0,0.19183213344518896,10,519.0,0.2519005220463343,17,1144.0,0.0631127653487817,34,1960.0
2615.0,24,144.0,1.3457943925233644,3.9084027457991466,3,303.0,0.21827734451111824,8,499.0,0.3164350965518941,13,1037.0,0.10968011972845541,24,1839.0
2620.0,26,158.0,1.5192307692307692,4.487974662875751,8,315.0,0.22870523555278172,6,402.0,0.29053257375503067,12,868.0,0.1973769782384272,26,1585.0
2625.0,33,216.0,2.0,4.285613799311741,14,369.0,0.2054410969749069,7,276.0,0.2592092829194449,12,787.0,0.26852870503682563,33,1432.0
2630.0,33,221.0,2.104761904761905,3.69702176945237,14,349.0,0.1908804102260489,7,301.0,0.21118566409983872,12,849.0,0.27818412050029406,33,1499.0
2635.0,36,231.0,2.1792452830188678,3.7073579177854135,15,272.0,0.1298876681456272,11,348.0,0.2094043238405735,10,902.0,0.2834192635090105,36,1522.0
2640.0,36,317.0,2.9626168224299065,4.004389913943989,14,210.0,0.2012019000714985,11,405.0,0.2696498887324951,11,877.0,0.19681836015635243,36,1492.0
2645.0,39,361.0,3.311926605504587,3.6745214392351175,8,236.0,0.20616174344805183,16,479.0,0.2654737363581831,15,861.0,0.13206518133599504,39,1576.0
2650.0,34,291.0,2.5982142857142856,3.3483858016053887,9,256.0,0.17372124209812603,19,569.0,0.08108680434315084,6,736.0,0.15794055844198618,34,1561.0
2655.0,42,316.0,2.8214285714285716,3.204382600597955,15,324.0,0.12733867026472945,21,579.0,0.03883494942281913,6,646.0,0.2027558574869788,42,1549.0
2660.0,35,244.0,2.259259259259259,3.6175785987585765,15,340.0,0.18820648632556466,15,467.0,0.15326841779792172,5,608.0,0.19855623512155393,35,1415.0
2665.0,25,173.0,1.6796116504854368,3.979301640299929,11,278.0,0.22257528613055577,9,343.0,0.30995532384984564,5,508.0,0.2151635459376423,25,1129.0
2670.0,23,113.0,1.036697247706422,4.365820379329578,8,310.0,0.20816690982272448,11,307.0,0.27171601561909947,4,514.0,0.32716469074977406,23,1131.0
2675.0,23,103.0,0.9196428571428571,4.143878253338967,10,348.0,0.1539440460950026,6,338.0,0.23712862174526567,7,530.0,0.26511690255054454,23,1216.0
2680.0,31,166.0,1.537037037037037,3.358339276984267,15,412.0,0.10695701053439739,7,360.0,0.19422469609063112,9,566.0,0.15742153291416294,31,1338.0
2685.0,32,185.0,1.8137254901960784,2.9244579849615073,14,426.0,0.0952387876440485,11,403.0,0.19345686777784205,7,454.0,0.11948588675521037,32,1283.0
2690.0,23,100.0,1.0,3.2495329676057243,10,362.0,0.15904842218853824,7,390.0,0.2962042848797044,6,475.0,0.13857665576164968,23,1227.0
2695.0,29,105.0,1.0294117647058822,4.01503921525157,10,261.0,0.21957685998416906,9,323.0,0.2612591983876554,10,517.0,0.1532937691593912,29,1101.0
2700.0,19,64.0,0.6213592233009708,4.040840834335664,3,289.0,0.23149360566750649,6,310.0,0.30659946817855666,10,484.0,0.16850522194027565,19,1083.0
2705.0,24,74.0,0.7628865979381443,4.25129118246022,11,320.0,0.1774122396179631,6,341.0,0.2924209689588461,7,360.0,0.18190923114484323,24,1021.0
2710.0,13,50.0,0.5376344086021505,3.7458739809344506,8,314.0,0.12513552880261894,3,316.0,0.1615438109681597,2,182.0,0.17672795404725716,13,812.0
2715.0,9,32.0,0.35555555555555557,4.673105586157045,5,264.0,0.261714371141372,2,253.0,0.2819924029750165,2,136.0,0.28493110962356283,9,653.0
2720.0,8,39.0,0.41935483870967744,4.9867078857358225,2,210.0,0.31873810179753725,4,265.0,0.26487547930915745,2,123.0,0.29675813477916607,8,598.0
2725.0,11,80.0,0.8791208791208791,5.273624054017427,1,126.0,0.3229369715578638,8,296.0,0.2253998475687915,2,98.0,0.3563670208294917,11,520.0
2730.0,17,146.0,1.6590909090909092,4.904872592377878,3,74.0,0.36661325156534824,11,343.0,0.18833285064014782,3,96.0,0.3337494664851015,17,513.0
2735.0,18,96.0,1.054945054945055,4.678175104195933,3,64.0,0.43429492525403907,11,342.0,0.21187138587103665,4,81.0,0.22764369505773038,18,487.0
2740.0,17,66.0,0.7415730337078652,4.812051408009539,3,67.0,0.5173878965840996,7,219.0,0.19717270849174307,7,107.0,0.2571061422373524,17,393.0
2745.0,19,76.0,0.8636363636363636,4.877773429104973,6,70.0,0.42875093034031286,5,149.0,0.1911923661026724,8,117.0,0.2603235435658341,19,336.0
2750.0,22,117.0,1.3448275862068966,4.821173807688733,8,105.0,0.34962527093893875,4,89.0,0.30401411738943884,10,154.0,0.2686429748211472,22,348.0
2755.0,24,142.0,1.6136363636363635,4.617587645658961,8,113.0,0.26243382105310026,5,81.0,0.37632022016129957,11,205.0,0.3026414477823706,24,399.0
2760.0,22,107.0,1.1630434782608696,4.610184961723241,6,83.0,0.3395709296508833,2,75.0,0.3800771465342173,14,233.0,0.1790991350253952,22,391.0
2765.0,26,155.0,1.6666666666666667,4.3775791553754155,2,96.0,0.29021516437163974,7,100.0,0.3420354543935808,17,275.0,0.12864667157158197,26,471.0
2770.0,33,184.0,2.0444444444444443,2.6701743918224636,8,121.0,0.17612685946024345,6,112.0,0.16299478903300857,19,326.0,0.07717409477920495,33,559.0
2775.0,26,143.0,1.5888888888888888,3.4240596561094025,8,133.0,0.21187581583491533,2,91.0,0.290198311908643,16,334.0,0.15888358850905818,26,558.0
2780.0,18,101.0,1.0978260869565217,4.486123220478907,2,100.0,0.34738737718908785,2,86.0,0.3442545173835282,14,351.0,0.19556793010289986,18,537.0
2785.0,27,124.0,1.305263157894737,4.2622048841421325,5,110.0,0.28587099122594445,7,110.0,0.22712833530350815,15,403.0,0.16461871087112334,27,623.0
2790.0,27,133.0,1.4301075268817205,3.452839839294895,8,143.0,0.16248713597620387,6,114.0,0.21677735047589136,13,420.0,0.0999622208570774,27,677.0
2795.0,28,145.0,1.686046511627907,3.533623690317554,16,206.0,0.15894034675036314,4,81.0,0.29305956858652205,8,383.0,0.2067594032781897,28,670.0
2800.0,17,116.0,1.3333333333333333,5.172224550098471,12,230.0,0.25457122493504336,2,48.0,0.4494568795495269,3,326.0,0.3223603179523804,17,604.0
2805.0,14,86.0,0.9347826086956522,5.047740429388514,8,182.0,0.2164818394475585,2,54.0,0.4275485185480793,4,268.0,0.34500189838561635,14,504.0
2810.0,19,108.0,1.1368421052631579,4.780589310276504,9,192.0,0.15157451221475854,6,75.0,0.34683740976780447,4,223.0,0.36390296314604365,19,490.0
2815.0,26,122.0,1.3118279569892473,4.143056443608859,14,245.0,0.10767852119235627,9,113.0,0.30005200324720155,3,208.0,0.3240168457887984,26,566.0
2820.0,27,122.0,1.3406593406593406,3.7060598032137366,12,258.0,0.09700851336730326,8,118.0,0.1961674475143532,7,181.0,0.2861416591742848,27,557.0
2825.0,22,117.0,1.3146067415730338,4.534996240460157,5,212.0,0.22187764479601244,6,109.0,0.2632474345766191,11,228.0,0.29868231404816903,22,549.0
2830.0,20,84.0,0.9882352941176471,4.283901686434943,4,227.0,0.2673704504277158,5,92.0,0.3551450012330316,11,234.0,0.25808476981877077,20,553.0
2835.0,18,82.0,0.9111111111111111,4.961986940871353,10,266.0,0.2041256116672327,2,76.0,0.5057774384559924,6,189.0,0.34193356429898425,18,531.0
2840.0,23,145.0,1.5934065934065933,4.508950021778296,17,337.0,0.11356080731570503,1,63.0,0.35046746254928374,5,132.0,0.40277834830743325,23,532.0
2845.0,30,248.0,2.7252747252747254,3.8184045224142364,22,437.0,0.061464015093862436,1,57.0,0.3535080535923846,7,119.0,0.35248324215292337,30,613.0
2850.0,29,240.0,2.6373626373626373,3.560305501006254,24,478.0,0.06644288482925355,4,71.0,0.3275627996642826,1,114.0,0.3138049067262342,29,663.0
2855.0,30,197.0,2.188888888888889,3.77283152304004,20,463.0,0.08430400183610173,4,79.0,0.30052583881333844,6,127.0,0.22912797403917412,30,669.0
2860.0,24,157.0,1.7640449438202248,3.8342644599751785,17,529.0,0.13305914390831827,2,63.0,0.3538478102837051,5,127.0,0.22647897622967308,24,719.0
2865.0,24,105.0,1.1931818181818181,3.8109015998574605,18,615.0,0.1148190949119961,1,33.0,0.47154398372194617,5,89.0,0.19568078769785552,24,737.0
2870.0,21,100.0,1.1235955056179776,3.4705037059611716,14,624.0,0.09634961022532769,1,19.0,0.4038015238863355,6,87.0,0.2558241568682582,21,730.0
2875.0,13,69.0,0.7666666666666667,4.523959568422736,7,533.0,0.1586376834444605,2,15.0,0.4926541142436477,4,79.0,0.2975763088086658,13,627.0
2880.0,11,35.0,0.3888888888888889,4.928567914351936,3,399.0,0.2175257524523835,4,32.0,0.43615361540474096,4,66.0,0.30512019337328566,11,497.0
2885.0,13,72.0,0.7912087912087912,4.731636715608347,2,401.0,0.19421259671040508,7,62.0,0.3296590534971673,4,50.0,0.31282357291527096,13,513.0
2890.0,21,89.0,0.9888888888888889,3.712624998928388,8,432.0,0.1523199364770533,7,72.0,0.1474860110815747,6,59.0,0.19404932397483426,21,563.0
2895.0,26,143.0,1.6823529411764706,3.6849061124679303,16,494.0,0.1365648052142517,6,76.0,0.34082060311201223,4,56.0,0.27028220887441434,26,626.0
2900.0,21,108.0,1.2272727272727273,3.5888770287342155,15,501.0,0.15726354756553557,2,70.0,0.33984200720797525,4,62.0,0.3221681194853042,21,633.0
2905.0,22,94.0,1.032967032967033,4.066771272623516,13,435.0,0.1922654015864096,3,78.0,0.3302405416087602,6,77.0,0.2881027203304724,22,590.0
2910.0,20,90.0,0.967741935483871,3.5057436467139076,11,460.0,0.10596018648022609,4,96.0,0.3251286159319878,5,82.0,0.18465596502714898,20,638.0
2915.0,25,83.0,0.8829787234042553,3.7481978580199735,16,533.0,0.08882397754746955,5,94.0,0.3830634271746675,4,74.0,0.16905869293788964,25,701.0
2920.0,17,44.0,0.4631578947368421,3.532819604413345,12,534.0,0.13657092377681734,2,72.0,0.3396980122703178,3,79.0,0.214104437080283,17,685.0
2925.0,16,52.0,0.5531914893617021,3.9380447101692866,8,444.0,0.1654603387743892,1,57.0,0.3807523172971639,7,107.0,0.21668981101801618,16,608.0
2930.0,11,34.0,0.3655913978494624,4.2849460441088985,7,364.0,0.1786391002946531,0,40.0,0.4778546402609815,4,111.0,0.24040814165806135,11,515.0
2935.0,12,26.0,0.2736842105263158,4.25279320727799,6,383.0,0.16797698980207437,3,51.0,0.3596385636983203,3,84.0,0.20584849578694864,12,518.0
2940.0,23,91.0,0.9891304347826086,3.2977494523388544,10,422.0,0.14349070855832619,7,80.0,0.32548245427310374,6,98.0,0.15527281039495522,23,600.0
2945.0,23,116.0,1.288888888888889,2.6483274234851013,10,412.0,0.14701917159834796,6,87.0,0.17928366230590237,7,131.0,0.08608340558451234,23,630.0
2950.0,25,131.0,1.4719101123595506,3.2385310120223547,9,354.0,0.19857902053357937,4,72.0,0.3300519918846726,12,180.0,0.14997731214232524,25,606.0
2955.0,26,175.0,1.9021739130434783,3.727875861221307,9,247.0,0.1813811619712388,2,86.0,0.4521273319576615,15,244.0,0.15687511698949946,26,577.0
2960.0,23,165.0,1.736842105263158,4.347403619743516,7,202.0,0.2629331120264127,5,103.0,0.43930343037754194,11,261.0,0.16128514910116018,23,566.0
2965.0,20,104.0,1.0833333333333333,4.407066954989485,5,186.0,0.23932319693019333,5,110.0,0.4053664304679899,10,209.0,0.1725740156098257,20,505.0
2970.0,21,105.0,1.09375,5.4131639126675,9,200.0,0.262818493348105,2,86.0,0.4661742137227082,10,181.0,0.22386723952126347,21,467.0
2975.0,22,104.0,1.1063829787234043,5.0926607362424186,10,209.0,0.23709221225593424,1,71.0,0.37320384358676406,11,190.0,0.2908701635420801,22,470.0
2980.0,20,105.0,1.1931818181818181,4.832680665170571,7,172.0,0.21863725698085776,5,93.0,0.3137901767537605,8,180.0,0.3247158963025291,20,445.0
2985.0,11,53.0,0.6022727272727273,4.3630679827579915,5,135.0,0.2128704035399806,4,93.0,0.2788721272622016,2,187.0,0.2896258420056915,11,415.0
2990.0,11,33.0,0.3626373626373626,5.38977065539689,3,127.0,0.2696990585466885,2,46.0,0.36132578921977315,6,202.0,0.39282530177980796,11,375.0
2995.0,12,47.0,0.5222222222222223,5.239847934912983,6,129.0,0.2181343671364354,1,21.0,0.34611293574488505,5,202.0,0.42136188939848745,12,352.0
3000.0,19,101.0,1.1222222222222222,5.136518674047,13,179.0,0.17263960072314047,2,22.0,0.3608613293759051,4,167.0,0.42997580476085256,19,368.0
3005.0,28,184.0,2.0444444444444443,4.471566119406628,22,266.0,0.10334044008042992,3,12.0,0.3616741389213745,3,135.0,0.4214478485103813,28,413.0
3010.0,29,214.0,2.3516483516483517,4.711182012923284,22,318.0,0.11571787168238248,5,28.0,0.27229910054177536,2,115.0,0.49972232464298416,29,461.0
3015.0,24,173.0,1.9438202247191012,4.724181860285486,17,310.0,0.15560050953358417,4,44.0,0.2796482935607915,3,81.0,0.42188620004358796,24,435.0
3020.0,21,98.0,1.0888888888888888,4.234456324534264,16,370.0,0.16344796667192202,3,44.0,0.285739063312954,2,74.0,0.3775800505596097,21,488.0
3025.0,21,87.0,0.9886363636363636,4.142331675546921,13,439.0,0.14796339508241727,2,47.0,0.2885915084761335,6,73.0,0.2286654867212428,21,559.0
3030.0,25,119.0,1.4166666666666667,3.1113179142784197,11,444.0,0.12053273253152455,5,63.0,0.12973182366882244,9,112.0,0.1246776290193609,25,619.0
3035.0,21,137.0,1.7125,3.0365548107823157,6,373.0,0.14915059036228473,3,65.0,0.24206594751808108,12,165.0,0.08606157385493404,21,603.0
3040.0,20,198.0,2.3855421686746987,4.112859166737519,3,290.0,0.22141251913975613,2,50.0,0.34492688225642665,15,233.0,0.18283455667889928,20,573.0
3045.0,20,275.0,3.197674418604651,4.785316642652673,2,214.0,0.2552261562799155,2,56.0,0.4027371071037958,16,308.0,0.1904267290691009,20,578.0
3050.0,18,204.0,2.3181818181818183,4.726468407653142,3,190.0,0.299423999462218,4,70.0,0.3359165132602913,11,305.0,0.2097618206422125,18,565.0
3055.0,25,183.0,2.127906976744186,4.517555521999876,7,212.0,0.24737334043181275,9,107.0,0.2513057706274978,9,246.0,0.24889653914619078,25,565.0
3060.0,26,133.0,1.5833333333333333,3.3323277617061886,7,209.0,0.18146783408392994,10,132.0,0.14864181047469624,9,196.0,0.19489302456010513,26,537.0
3065.0,19,71.0,0.8255813953488372,4.479124332693476,5,163.0,0.2539777740718448,8,115.0,0.1974738403556474,6,184.0,0.31086207859302895,19,462.0
3070.0,14,35.0,0.4069767441860465,4.309647417323175,4,175.0,0.22331071411779949,7,132.0,0.2603167848377312,3,185.0,0.34651503481664636,14,492.0
3075.0,26,94.0,1.0681818181818181,3.5072857921517153,10,208.0,0.13591424873697805,11,174.0,0.13694710054208664,5,202.0,0.3185756319384321,26,584.0
3080.0,27,133.0,1.5465116279069768,2.6717861921189634,10,210.0,0.0874268628725482,13,233.0,0.11299317863837562,4,191.0,0.2827677083463406,27,634.0
3085.0,21,97.0,1.1022727272727273,3.775119957006959,6,161.0,0.14622106254183065,11,256.0,0.25855758000847556,4,145.0,0.21556030797907338,21,562.0
3090.0,10,43.0,0.4777777777777778,5.058393029399273,2,101.0,0.239155414873045,7,202.0,0.3093273025982245,1,86.0,0.3372978900273801,10,389.0
3095.0,10,49.0,0.5212765957446809,5.892004481209493,2,72.0,0.34243837712468334,6,170.0,0.34057441222746154,2,93.0,0.37377050766778946,10,335.0
3100.0,13,78.0,0.8387096774193549,6.445793626524677,3,40.0,0.4121439208242741,6,140.0,0.3946649694148469,4,109.0,0.3556767584007229,13,289.0
3105.0,15,122.0,1.4022988505747127,6.475134352280461,1,34.0,0.592317172907784,4,132.0,0.4690627327186177,10,145.0,0.28729251659565663,15,311.0
3110.0,13,130.0,1.5294117647058822,6.7516334047883175,1,36.0,0.6302137292320947,3,110.0,0.5205004639568951,9,157.0,0.2829992150292088,13,303.0
3115.0,12,95.0,1.1176470588235294,6.553674785698786,2,7.0,0.5520638265668306,3,106.0,0.5621084337454497,7,133.0,0.22689807321200015,12,246.0
3120.0,15,121.0,1.4404761904761905,6.228005374060914,6,24.0,0.3342489885482213,3,103.0,0.5551134129434219,6,98.0,0.2739853805308671,15,225.0
3125.0,13,42.0,0.5060240963855421,5.374493970300123,6,43.0,0.23642246492909616,2,63.0,0.42971515276267114,5,89.0,0.33682485635284,13,195.0
3130.0,15,49.0,0.5975609756097561,5.298300805689208,2,33.0,0.2786638419056191,8,63.0,0.2768301630511535,5,97.0,0.29772961561850847,15,193.0
3135.0,22,114.0,1.4074074074074074,5.0685840401868045,2,15.0,0.31918297397709067,12,115.0,0.2562494401872381,8,127.0,0.2353146165586139,22,257.0
3140.0,16,83.0,1.064102564102564,4.5475895741413455,2,16.0,0.4019091373696298,8,137.0,0.21937094164131776,6,136.0,0.19475912368799395,16,289.0
3145.0,15,64.0,0.8311688311688312,5.205817512939234,7,41.0,0.25096875998520357,5,110.0,0.3016688525176576,3,119.0,0.2932886916941662,15,270.0
3150.0,18,102.0,1.36,5.881478436213214,12,93.0,0.25512157851082856,2,66.0,0.41346678954432386,4,102.0,0.40056066630428727,18,261.0
3155.0,13,94.0,1.236842105263158,6.2337815423993534,9,121.0,0.246645845903908,2,53.0,0.42724914747520976,2,79.0,0.5160679639689264,13,253.0
3160.0,6,33.0,0.4230769230769231,6.476346535489972,3,95.0,0.3725215904954611,2,38.0,0.4379617370617036,1,60.0,0.4408392432497177,6,193.0
3165.0,10,23.0,0.2804878048780488,6.5541425538968525,1,39.0,0.3992549830990474,1,31.0,0.5305152842232558,8,70.0,0.30442879013101803,10,140.0
3170.0,17,88.0,1.0602409638554218,6.70481630629353,0,12.0,0.5502610402925288,4,35.0,0.5752162047133135,13,122.0,0.15143313768169925,17,169.0
3175.0,22,122.0,1.5844155844155845,5.519758185530287,0,0.0,0.6806653122815869,8,64.0,0.29193868419873675,14,160.0,0.10119121919981405,22,224.0
3180.0,16,78.0,0.9873417721518988,4.780689463403606,1,0.0,0.47060360179286986,8,84.0,0.2808225329906126,7,153.0,0.1369803962154634,16,237.0
3185.0,17,64.0,0.7901234567901234,5.597069118133493,6,22.0,0.38051362969461744,3,70.0,0.31855387678530284,8,190.0,0.28122877047634603,17,282.0
3190.0,23,117.0,1.481012658227848,5.1355905679461955,12,72.0,0.31114407410863837,2,42.0,0.24356846300167315,9,235.0,0.2538003244690838,23,349.0
3195.0,25,178.0,2.3733333333333335,3.95237232084736,15,141.0,0.20160041713855711,2,43.0,0.3134685471530231,8,238.0,0.21387673041808344,25,422.0
3200.0,28,152.0,1.974025974025974,2.8580191569734703,14,181.0,0.08583321510895901,8,70.0,0.19194960806959532,6,186.0,0.18544002377177987,28,437.0
3205.0,18,64.0,0.810126582278481,4.805080368509736,7,162.0,0.22125845970603758,7,89.0,0.4075176794694391,4,119.0,0.2431720343347088,18,370.0
3210.0,9,29.0,0.35802469135802467,6.216865208191602,4,185.0,0.28918210804661165,3,57.0,0.4898924093415957,2,76.0,0.38089184423628797,9,318.0
3215.0,15,52.0,0.6341463414634146,4.918904517808849,10,219.0,0.18228342294012115,3,63.0,0.29528930521912544,2,74.0,0.3384321888196793,15,356.0
3220.0,26,106.0,1.3417721518987342,3.4555597947928454,11,222.0,0.12347207647350626,7,93.0,0.14701114365709372,8,90.0,0.2047880501713063,26,405.0
3225.0,27,130.0,1.7567567567567568,3.088416793796146,6,151.0,0.17429726448436994,7,102.0,0.17798130838477927,14,147.0,0.13410749557651533,27,400.0
3230.0,26,190.0,2.5675675675675675,3.9507645062356436,4,150.0,0.27621664779313043,4,69.0,0.35189175525575184,18,234.0,0.14170975496215357,26,453.0
3235.0,33,301.0,3.858974358974359,3.3298848747621808,7,174.0,0.23205701880845359,3,78.0,0.28014074587199667,23,337.0,0.1699089211574773,33,589.0
3240.0,38,340.0,4.30379746835443,2.2799161945368507,12,222.0,0.14679763889650196,6,101.0,0.08239791149964883,20,383.0,0.15879574290869428,38,706.0
3245.0,42,303.0,3.740740740740741,2.324967530265848,20,304.0,0.06434815690814547,8,111.0,0.2043407827196283,14,318.0,0.1448250363466309,42,733.0
3250.0,36,364.0,4.232558139534884,4.287363830509509,24,415.0,0.13953074531104137,2,82.0,0.498842039846291,10,264.0,0.2638310585980316,36,761.0
3255.0,35,429.0,4.820224719101123,3.6969379905029927,26,539.0,0.12979593343338355,3,73.0,0.2868143804054336,6,271.0,0.25745441119574464,35,883.0
3260.0,43,431.0,4.842696629213483,2.4368126058345982,25,583.0,0.048058848600567416,6,97.0,0.17352345520676113,12,321.0,0.1497337497202804,43,1001.0
3265.0,39,333.0,3.8275862068965516,2.6668210689938783,22,544.0,0.08195380706349202,10,140.0,0.20393919487291168,7,316.0,0.17280526804216695,39,1000.0
3270.0,27,220.0,2.528735632183908,4.105671557804577,18,560.0,0.10789957560843466,7,143.0,0.356142588346353,2,218.0,0.26425848141692126,27,921.0
3275.0,22,161.0,1.788888888888889,4.488729405957494,15,640.0,0.19598427156501916,5,111.0,0.3408112503821145,2,224.0,0.2504190612935124,22,975.0
3280.0,27,183.0,2.103448275862069,3.7715335473344926,17,724.0,0.18073276530623392,4,71.0,0.23696923451188387,6,248.0,0.21788554611058916,27,1043.0
3285.0,28,200.0,2.380952380952381,3.058476011220728,21,824.0,0.13710012201195473,1,50.0,0.3096271280761631,6,239.0,0.2112450824841004,28,1113.0
3290.0,24,169.0,1.988235294117647,3.234382301553674,20,834.0,0.09647860360306902,1,53.0,0.5410924076371076,3,174.0,0.23607552872513746,24,1061.0
3295.0,25,134.0,1.5227272727272727,3.272245500959922,18,744.0,0.11068428949575942,3,64.0,0.4644632726548431,4,185.0,0.1365124282392811,25,993.0
3300.0,30,128.0,1.3763440860215055,3.5126651641296576,15,592.0,0.12914073134229873,4,68.0,0.3899219625621427,11,217.0,0.08363689311568095,30,877.0
3305.0,27,150.0,1.6304347826086956,3.7006968725419274,11,650.0,0.19198854144296137,2,53.0,0.47182419316411306,14,277.0,0.10180527912118546,27,980.0
3310.0,28,146.0,1.6404494382022472,2.7169269946573733,13,704.0,0.14569222411078853,2,41.0,0.3122163843069016,13,290.0,0.10659303308097438,28,1035.0
3315.0,24,101.0,1.1477272727272727,3.229167997981246,8,675.0,0.1580282760894323,7,65.0,0.29136993069580663,9,239.0,0.1597509313749569,24,979.0
3320.0,22,115.0,1.2921348314606742,4.427615554389533,4,560.0,0.17759290304613568,12,117.0,0.33467315349631344,6,159.0,0.19988900982800073,22,836.0
3325.0,24,181.0,1.989010989010989,4.382327240950173,4,577.0,0.15348952452534612,13,179.0,0.3061791210892972,7,131.0,0.22112791993099568,24,887.0
3330.0,25,181.0,2.033707865168539,3.9728429707922346,9,610.0,0.09672443407684016,11,198.0,0.23714108855756838,5,105.0,0.28925134481433634,25,913.0
3335.0,16,116.0,1.3647058823529412,4.142482037033629,8,576.0,0.1479971986761907,5,152.0,0.23788728120273844,3,98.0,0.4327640049422909,16,826.0
3340.0,13,95.0,1.1585365853658536,5.4184274745796,7,476.0,0.18420843563595002,4,83.0,0.37410871627361286,2,91.0,0.6561632963121925,13,650.0
3345.0,11,21.0,0.25,5.2995435778329005,4,324.0,0.18857781997072337,5,102.0,0.2745508460408475,2,33.0,0.6157944188526543,11,459.0
3350.0,15,49.0,0.5697674418604651,5.091650914890672,3,213.0,0.24418410093975998,8,139.0,0.3048004755353216,4,45.0,0.31521050077198093,15,397.0
3355.0,16,85.0,1.0,4.787390796177415,0,132.0,0.372588644417798,11,184.0,0.2880997856614077,5,57.0,0.21262627665334494,16,373.0
3360.0,20,143.0,1.6627906976744187,4.981209110356467,1,96.0,0.42520752553836555,15,254.0,0.1894280868958897,4,49.0,0.2985984332191552,20,399.0
3365.0,34,267.0,3.1411764705882352,3.5408218709097885,8,124.0,0.2809656580373256,23,354.0,0.06504052840731571,3,57.0,0.2772233904623711,34,535.0
3370.0,40,326.0,3.7906976744186047,2.665531617602579,13,177.0,0.15444222114059597,22,410.0,0.03040049901896957,5,78.0,0.17427988151738866,40,665.0
3375.0,41,307.0,3.6987951807228914,2.6400730753225043,14,191.0,0.1883026509705715,18,401.0,0.08427197470490926,9,116.0,0.20203305503243185,41,708.0
3380.0,24,174.0,2.0470588235294116,4.329512601983964,7,160.0,0.2863117836144849,10,339.0,0.23804056197497803,7,118.0,0.27536487564683165,24,617.0
3385.0,14,89.0,1.0,5.7894606857787725,5,147.0,0.33169365549325885,4,294.0,0.3804654922959879,5,93.0,0.41588909833259463,14,534.0
3390.0,16,42.0,0.44680851063829785,5.655562844946098,8,181.0,0.22262040562634644,3,209.0,0.4317520418292161,5,110.0,0.37751527751496333,16,500.0
3395.0,12,34.0,0.3695652173913043,5.442211873312943,7,178.0,0.19918254938827737,2,134.0,0.4995129286642476,3,112.0,0.3557378075173077,12,424.0
3400.0,7,13.0,0.14444444444444443,4.768351696952459,4,143.0,0.2216559681404464,1,141.0,0.4533160859316242,2,122.0,0.2509092955417186,7,406.0
3405.0,17,52.0,0.5591397849462365,4.0141649626483105,3,133.0,0.1651392189362188,6,150.0,0.37765405680559083,8,147.0,0.1332437999346693,17,430.0
3410.0,19,63.0,0.7,2.882490436215113,7,161.0,0.14984670832378066,4,147.0,0.2347507571821115,8,157.0,0.06199957394834886,19,465.0
3415.0,14,35.0,0.3977272727272727,3.7535588661245693,8,163.0,0.1771913558975876,3,106.0,0.32998203049385444,3,121.0,0.19210671972269752,14,390.0
3420.0,10,25.0,0.2808988764044944,5.062201475620507,4,128.0,0.17904516634338147,3,97.0,0.42648217980960845,3,72.0,0.356489615282332,10,297.0
3425.0,13,44.0,0.4731182795698925,4.982172512278484,4,92.0,0.2423028081851473,8,125.0,0.3263263248657819,1,76.0,0.22680633481940785,13,293.0
3430.0,12,43.0,0.46236559139784944,4.34435770022145,1,81.0,0.24468754908588658,4,115.0,0.2946751429816146,7,99.0,0.11690826017310142,12,295.0
3435.0,24,105.0,1.1170212765957446,4.023378648059814,7,106.0,0.23396813230672683,3,43.0,0.18995759142087812,14,154.0,0.17203711728080479,24,303.0
3440.0,22,93.0,1.021978021978022,3.625218397870405,7,113.0,0.20196577730621695,4,51.0,0.24602780627406484,11,177.0,0.20944396967248907,22,341.0
3445.0,19,56.0,0.6153846153846154,4.128978447421101,4,80.0,0.20205874642507207,8,81.0,0.3094076736966007,7,136.0,0.23541854630296777,19,297.0
3450.0,25,115.0,1.2234042553191489,4.118639337826014,6,100.0,0.17146041159836403,14,139.0,0.29263543321167373,5,79.0,0.21844710188700373,25,318.0
3455.0,25,127.0,1.3229166666666667,3.4640931328254836,9,135.0,0.13073300713544472,11,159.0,0.13980147348053643,5,95.0,0.22224046236046077,25,389.0
3460.0,26,94.0,0.9894736842105263,3.3859097667745375,11,149.0,0.13951077600366907,6,132.0,0.14973977627827295,9,127.0,0.24319927594271154,26,408.0
3465.0,14,44.0,0.4731182795698925,4.832357620126222,8,127.0,0.2372607895174219,3,80.0,0.3784835590616541,3,127.0,0.31418957059546676,14,334.0
3470.0,10,28.0,0.3146067415730337,6.380002743540805,5,92.0,0.28754442418264714,1,50.0,0.6743307696640426,4,82.0,0.36632532854055067,10,224.0
3475.0,7,43.0,0.4673913043478261,6.900313263712758,4,77.0,0.27390130622035586,1,27.0,0.7233544473314271,2,76.0,0.4055546288784679,7,180.0
3480.0,5,16.0,0.16842105263157894,6.282919782615598,0,55.0,0.28742919977350223,1,19.0,0.721746251043768,4,67.0,0.3351991711570505,5,141.0
3485.0,15,70.0,0.7692307692307693,5.5518340715694965,6,71.0,0.22918584985173113,1,20.0,0.6513652513107908,8,95.0,0.2701055618918812,15,186.0
3490.0,27,127.0,1.4767441860465116,3.8916614913823864,7,86.0,0.2443915762087464,4,15.0,0.20996959069981652,16,155.0,0.1783902525498973,27,256.0
3495.0,29,146.0,1.7590361445783131,3.002040882089461,5,59.0,0.20072480364101827,9,53.0,0.1935756268504508,15,197.0,0.12317757084297255,29,309.0
3500.0,15,82.0,0.9425287356321839,4.062068966390697,0,59.0,0.18723082772383898,5,74.0,0.4144766602796045,10,192.0,0.16299677295405357,15,325.0
3505.0,11,34.0,0.37777777777777777,5.575121180978024,6,83.0,0.2413551816690451,0,44.0,0.668582212895178,5,143.0,0.24903961547587078,11,270.0
3510.0,13,35.0,0.3763440860215054,5.559278775238324,7,92.0,0.1535040279135502,1,12.0,0.6660019527711372,5,119.0,0.3836296736843422,13,223.0
3515.0,8,27.0,0.30337078651685395,5.660144419776499,3,74.0,0.1957347772396352,1,7.0,0.6011579057328845,4,90.0,0.38963180723392454,8,171.0
3520.0,9,38.0,0.4318181818181818,5.525254603929074,1,41.0,0.2002262729441585,5,26.0,0.5252497795891558,3,100.0,0.3233464977456717,9,167.0
3525.0,15,62.0,0.7209302325581395,5.119912800652043,2,33.0,0.2848479583140049,3,29.0,0.3933017371109322,10,127.0,0.20076378628514904,15,189.0
3530.0,18,134.0,1.576470588235294,5.774225552380763,2,37.0,0.42625689125234345,1,19.0,0.4754494017093259,15,192.0,0.18514771744886388,18,248.0
3535.0,15,107.0,1.2588235294117647,5.783570850693413,0,7.0,0.4552500846844935,1,17.0,0.5031856495783189,14,220.0,0.17316070544552836,15,244.0
3540.0,15,52.0,0.6190476190476191,5.89470899448491,5,23.0,0.3881489290151819,3,14.0,0.3801672355930503,7,194.0,0.25926174887404746,15,231.0
3545.0,21,85.0,1.0625,4.640099980048308,6,44.0,0.21888709367359435,10,51.0,0.210450899935679,5,151.0,0.25282027709012556,21,246.0
3550.0,13,52.0,0.6753246753246753,5.149896212026858,3,41.0,0.23072166013804793,8,84.0,0.28948745985663715,2,115.0,0.34233924428644646,13,240.0
3555.0,7,11.0,0.13924050632911392,6.308205797359795,3,45.0,0.2832359517835599,3,74.0,0.4311415662745488,1,81.0,0.43950276544698397,7,200.0
3560.0,9,30.0,0.38461538461538464,6.719403667807137,8,72.0,0.29898323034006324,1,39.0,0.4816356982199246,0,44.0,0.5790924115745612,9,155.0
3565.0,20,95.0,1.2337662337662338,5.190476588875491,15,130.0,0.1699904715014188,4,46.0,0.3399386737930374,1,23.0,0.6738300188604494,20,199.0
3570.0,25,137.0,1.8026315789473684,3.697231319831586,15,176.0,0.10287634228746251,9,80.0,0.21141294127565427,1,18.0,0.47141559841489694,25,274.0
3575.0,32,183.0,2.3766233766233764,3.5355658774754954,11,180.0,0.1746493474038461,14,144.0,0.15949131903887875,7,39.0,0.24144666134014978,32,363.0
3580.0,29,224.0,2.986666666666667,3.7615414872471873,7,145.0,0.22038767375404036,17,227.0,0.17670795382123464,5,49.0,0.2764720076966004,29,421.0
3585.0,20,167.0,2.168831168831169,5.285161689025203,2,119.0,0.4007165361825801,16,266.0,0.22612244107685428,2,30.0,0.2921683326110688,20,415.0
3590.0,12,74.0,0.9487179487179487,6.0706074257441065,0,95.0,0.5008404361764485,11,241.0,0.19708395258318237,1,19.0,0.5318248371254441,12,355.0
3595.0,15,61.0,0.782051282051282,5.7948002515685575,5,111.0,0.37257226179420166,8,193.0,0.19792011249118396,2,17.0,0.6781494463974858,15,321.0
3600.0,18,71.0,0.9342105263157895,4.6567767569646135,12,154.0,0.22897074084782593,5,206.0,0.18313850205108612,1,5.0,0.6390277832877559,18,365.0
