step,system_total_stopped,system_total_waiting_time,system_mean_waiting_time,system_mean_speed,A0_stopped,A0_accumulated_waiting_time,A0_average_speed,B0_stopped,B0_accumulated_waiting_time,B0_average_speed,C0_stopped,C0_accumulated_waiting_time,C0_average_speed,agents_total_stopped,agents_total_accumulated_waiting_time
5.0,0,0.0,0.0,3.619527406187262,0,0.0,0.3078752278016124,0,0.0,1.0,0,0.0,0.15504033459843553,0,0.0
10.0,1,0.0,0.0,6.519044299078328,0,0.0,0.6161462923432922,0,0.0,0.16353868264154578,1,0.0,0.41328158580532376,1,0.0
15.0,0,0.0,0.0,12.852755061500302,0,0.0,0.9887589378451265,0,0.0,0.8496100587572907,0,0.0,0.8321046213757977,0,0.0
20.0,3,2.0,0.2857142857142857,5.423295300388779,1,1.0,0.004074073849931161,0,0.0,0.609614895299271,2,1.0,0.3297243371375738,3,2.0
25.0,2,7.0,0.875,5.317967541620466,1,6.0,0.0,0,0.0,0.5916697561611239,1,3.0,0.339792251276615,2,9.0
30.0,3,6.0,0.5,7.9734633749817165,0,0.0,0.3659782649222649,1,0.0,0.5709102645402315,2,7.0,0.5176803119840196,3,7.0
35.0,2,11.0,0.8461538461538461,8.98504407799846,0,0.0,0.7330203586168937,0,0.0,0.4156428731480018,2,12.0,0.5759579393165107,2,12.0
40.0,1,0.0,0.0,7.757956368185316,0,0.0,0.6200270148176751,1,0.0,0.11801529988586526,0,1.0,0.6211310794789929,1,1.0
45.0,2,4.0,0.26666666666666666,8.858471828018232,1,0.0,0.6307495649238221,1,6.0,0.6744451965444623,0,2.0,0.6471776151974619,2,8.0
50.0,1,3.0,0.2,8.694913680960259,0,0.0,0.5013333001750621,0,2.0,0.8476469477266994,1,5.0,0.6346530321369642,1,7.0
55.0,2,8.0,0.5,9.827909772510871,0,0.0,0.7199203360767967,0,2.0,0.7677971956940701,2,8.0,0.4780540714990497,2,10.0
60.0,1,2.0,0.14285714285714285,9.474825661227758,0,0.0,0.9172552331591727,0,1.0,0.7205005723149694,1,2.0,0.474435883268639,1,3.0
65.0,2,10.0,0.625,9.06358557629867,0,0.0,0.5451568938115967,0,1.0,0.7775008416483559,2,10.0,2.3448594824210035e-05,2,11.0
70.0,3,25.0,1.7857142857142858,7.09595852766011,1,5.0,0.6792142482811214,0,1.0,0.5371555551229081,2,20.0,0.0,3,26.0
75.0,3,9.0,0.6,6.149416549193792,0,0.0,0.9272479588368705,2,10.0,0.27547398315065985,1,11.0,0.2122873130126932,3,21.0
80.0,0,0.0,0.0,8.6175908710918,0,0.0,0.9698114958514528,0,12.0,0.4713776571096885,0,0.0,0.8159860269052968,0,12.0
85.0,2,3.0,0.1875,10.093902717305689,0,2.0,0.7028405860097657,1,7.0,0.7290011876544068,1,2.0,0.7201933600740063,2,11.0
90.0,1,8.0,0.42105263157894735,10.099382092978486,0,2.0,0.7001613239831774,1,12.0,0.6338582304070589,0,2.0,0.8222887387002636,1,16.0
95.0,2,3.0,0.15789473684210525,8.606104592427187,0,2.0,0.8158897368433068,1,3.0,0.4574797754979848,1,4.0,0.597579721100851,2,9.0
100.0,7,23.0,1.0454545454545454,6.099050523821334,1,0.0,0.449448191847109,3,15.0,0.23214785075872854,3,12.0,0.3483580204073786,7,27.0
105.0,1,3.0,0.15,6.940176541038146,1,3.0,0.5733467375804697,0,9.0,0.5336621956318198,0,6.0,0.40508852914609483,1,18.0
110.0,2,9.0,0.42857142857142855,10.124432401129619,2,11.0,0.5151942244745584,0,4.0,0.9473363564903442,0,2.0,0.7429233185326749,2,17.0
115.0,2,19.0,0.9047619047619048,11.06934355899376,2,21.0,0.5696254540450413,0,4.0,0.9300159068391728,0,2.0,0.9531933646438105,2,27.0
120.0,0,0.0,0.0,10.474663846412803,0,2.0,0.7299826292874777,0,2.0,0.9267459376479353,0,2.0,0.8188105348737067,0,6.0
125.0,2,3.0,0.1875,8.810850164198637,0,0.0,0.9352338959236227,1,5.0,0.5912150438721199,1,4.0,0.1892089299737687,2,9.0
130.0,5,14.0,0.8235294117647058,6.031014826098161,1,0.0,0.14728387637914575,0,4.0,0.5653773164466337,4,16.0,2.7798886967446727e-06,5,20.0
135.0,3,29.0,1.45,9.147469478526663,0,2.0,0.7370356916964056,0,2.0,0.8486668892105378,3,31.0,0.21309798678477562,3,35.0
140.0,4,45.0,1.875,8.110617794776735,0,2.0,0.7792523243244235,1,1.0,0.33547372805619213,3,46.0,0.44837710375525947,4,49.0
145.0,1,6.0,0.21428571428571427,9.837263243512131,0,2.0,0.7065162576621674,1,6.0,0.5085837787646096,0,17.0,0.7789654594159628,1,25.0
150.0,2,1.0,0.034482758620689655,9.562101856258595,1,3.0,0.518453148071547,0,2.0,0.7767427856015908,1,0.0,0.6992102534118343,2,5.0
155.0,1,5.0,0.1724137931034483,10.104361943433483,0,1.0,0.4239787778940647,0,2.0,0.9580184783919513,1,5.0,0.716293784786819,1,8.0
160.0,4,7.0,0.28,9.516156745292948,1,5.0,0.3778845899310119,1,1.0,0.7757483131858546,2,2.0,0.4748806954291835,4,8.0
165.0,4,19.0,0.7307692307692307,8.78492663937013,1,4.0,0.6121496272530753,0,3.0,0.8148185079251844,3,15.0,0.2195325321817421,4,22.0
170.0,3,10.0,0.35714285714285715,9.23347629791093,2,9.0,0.6577058290284358,0,3.0,0.7973195186453927,1,11.0,0.4377112919198,3,23.0
175.0,2,15.0,0.5555555555555556,8.753884938403568,1,14.0,0.7407109172658006,0,4.0,0.5764489847784936,1,2.0,0.5409628262764331,2,20.0
180.0,7,37.0,1.2758620689655173,7.355852642067635,2,22.0,0.39217929438126675,3,12.0,0.5348368835795948,2,7.0,0.577962847936071,7,41.0
185.0,7,46.0,1.5333333333333334,6.014354889216818,5,43.0,0.29172601313836427,1,15.0,0.49421829281109075,1,1.0,0.511970886804321,7,59.0
190.0,10,85.0,2.8333333333333335,6.870583531551954,8,75.0,0.19459326362145082,0,4.0,0.7348615654294429,2,12.0,0.5499399143009595,10,91.0
195.0,11,124.0,4.133333333333334,5.204775760422281,8,115.0,0.27145449368746694,2,6.0,0.03383242405066696,1,16.0,0.5660330960539475,11,137.0
200.0,3,33.0,1.064516129032258,7.295938242750303,3,93.0,0.3466138518773936,0,6.0,0.740775777983068,0,3.0,0.6406843026058952,3,102.0
205.0,4,7.0,0.20588235294117646,7.871001859016146,1,36.0,0.3729871785031601,0,4.0,0.9159812906031107,3,10.0,0.2911337359434861,4,50.0
210.0,8,34.0,0.9714285714285714,7.810765767614719,0,19.0,0.4604277999756664,0,4.0,0.9179767228980418,8,37.0,0.21338745485338614,8,60.0
215.0,9,31.0,0.9117647058823529,6.697128606167794,5,31.0,0.3615387101208241,0,0.0,0.7235894022492779,4,44.0,0.3971067025500264,9,75.0
220.0,2,8.0,0.24242424242424243,7.97323498476831,2,26.0,0.4718150082977414,0,2.0,0.8065230469933038,0,16.0,0.42988719486463467,2,44.0
225.0,4,7.0,0.21212121212121213,8.773261461478413,2,13.0,0.44898857684660204,1,6.0,0.8033477940162161,1,17.0,0.5397422768416638,4,36.0
230.0,4,12.0,0.34285714285714286,8.504895834214807,0,4.0,0.5126897861504526,0,4.0,0.8719679126242613,4,28.0,0.3238264894373205,4,36.0
235.0,13,58.0,1.7058823529411764,6.445121396443315,4,16.0,0.27483589445402623,2,7.0,0.5822710195632601,7,59.0,0.265238107545539,13,82.0
240.0,19,134.0,3.8285714285714287,3.502100353502326,6,41.0,0.2450263261010499,5,23.0,0.18983917544161766,8,94.0,0.15604858050851902,19,158.0
245.0,7,62.0,1.7714285714285714,4.257119028403661,1,36.0,0.4453118548345059,2,27.0,0.10250731325503722,4,90.0,0.18918126045896644,7,153.0
250.0,2,10.0,0.2857142857142857,9.281225726605014,0,13.0,0.6945912275857655,1,16.0,0.6899244901449889,1,56.0,0.5607132719209819,2,85.0
255.0,3,16.0,0.42105263157894735,10.106935558618312,1,6.0,0.6572842997261216,0,4.0,0.9104259629837878,2,21.0,0.6636790548107994,3,31.0
260.0,4,9.0,0.23076923076923078,8.644605958740792,2,10.0,0.608519711570007,0,4.0,0.7216138279118895,2,19.0,0.40148601169899145,4,33.0
265.0,4,14.0,0.3684210526315789,7.559318286425848,0,2.0,0.5843413913105714,0,0.0,0.6645120192931767,4,22.0,0.26246386079549683,4,24.0
270.0,1,0.0,0.0,8.99068134844904,0,0.0,0.8135765915784514,0,2.0,0.6364743942160007,1,18.0,0.5291282805996709,1,20.0
275.0,2,7.0,0.2,10.046888726047408,1,2.0,0.7038835586890687,1,9.0,0.7007478550633227,0,0.0,0.7122855132202228,2,11.0
280.0,2,11.0,0.3142857142857143,10.002493305659684,1,7.0,0.6267639678539122,0,4.0,0.7959653904558848,1,6.0,0.5694130096037637,2,17.0
285.0,1,2.0,0.05555555555555555,8.098734018263636,0,3.0,0.38218966609533783,1,6.0,0.6067445453122681,0,3.0,0.46188829961168826,1,12.0
290.0,6,9.0,0.2727272727272727,7.221205232775951,2,3.0,0.3947262421570431,1,2.0,0.4750659800920526,3,8.0,0.35293571923920614,6,13.0
295.0,5,22.0,0.6470588235294118,8.384827175876966,1,1.0,0.5432771845784511,1,2.0,0.6122053878732204,3,25.0,0.47129699608977793,5,28.0
300.0,5,12.0,0.3333333333333333,8.833784438401482,3,12.0,0.6037602972022652,1,0.0,0.5173791306252491,1,16.0,0.5939726708943082,5,28.0
305.0,4,28.0,0.8235294117647058,8.977778908754056,3,27.0,0.4755523460015552,1,3.0,0.68483032278155,0,0.0,0.7412710306961358,4,30.0
310.0,9,60.0,1.6216216216216217,8.170048186598212,6,54.0,0.31182290463450685,2,8.0,0.6693761015596967,1,0.0,0.6695213804114455,9,62.0
315.0,5,31.0,0.8857142857142857,7.433283950395029,4,56.0,0.28368541723240914,1,13.0,0.7184672839058993,0,0.0,0.5879437848116094,5,69.0
320.0,3,8.0,0.25806451612903225,7.165557628603131,0,26.0,0.3772286655639203,0,2.0,0.6879554521873289,3,8.0,0.4138422878429172,3,36.0
325.0,9,39.0,1.2580645161290323,6.3303382443597185,4,34.0,0.405665578321503,1,5.0,0.6050139266029352,4,30.0,0.16094558563213407,9,69.0
330.0,14,99.0,3.193548387096774,6.088961641556116,7,61.0,0.3689356816259283,1,10.0,0.6634735624267465,6,58.0,0.2474878978273954,14,129.0
335.0,14,159.0,5.482758620689655,4.154408254163503,8,99.0,0.24729027015349841,0,2.0,0.28783684415158867,6,88.0,0.295783458862616,14,189.0
340.0,22,252.0,8.4,2.5517572807510605,12,148.0,0.03610959618866013,3,12.0,0.0013790627053302245,7,122.0,0.34435338790557296,22,282.0
345.0,18,244.0,8.133333333333333,2.6143748290508446,7,150.0,0.15847439678008746,3,27.0,6.832408851114919e-06,8,159.0,0.2153047529580366,18,336.0
350.0,5,27.0,0.8709677419354839,5.219204773413901,1,74.0,0.3668937405998891,0,24.0,0.5655538183129706,4,135.0,0.11833082896254714,5,233.0
355.0,0,0.0,0.0,9.74214699619526,0,7.0,0.6100797690802184,0,4.0,0.9278446938269267,0,38.0,0.46643432438257226,0,49.0
360.0,5,10.0,0.29411764705882354,8.76123568950407,3,13.0,0.37475930475984137,0,4.0,0.8183527042045246,2,42.0,0.4108910565161206,5,59.0
365.0,10,51.0,1.59375,6.995377586527087,3,28.0,0.3936731001652703,2,9.0,0.46423159728700447,5,63.0,0.39609491433954264,10,100.0
370.0,8,34.0,1.096774193548387,4.053062602297984,0,9.0,0.31892351733514385,5,25.0,0.021284178319549096,3,44.0,0.25125783961478393,8,78.0
375.0,12,63.0,1.96875,5.992465216984197,1,0.0,0.49287532040003595,8,66.0,0.3046686819297738,3,25.0,0.28921795151555096,12,91.0
380.0,6,33.0,0.8918918918918919,7.105035223078584,1,2.0,0.2942634478778907,3,65.0,0.5554710736051037,2,26.0,0.4095412999966038,6,93.0
385.0,7,25.0,0.5952380952380952,7.772299307507059,3,9.0,0.5646504023248191,1,38.0,0.4333433796042951,3,38.0,0.5224879445970452,7,85.0
390.0,2,11.0,0.2558139534883721,8.627604912686564,0,2.0,0.7302071060817754,1,9.0,0.43952754068967614,1,33.0,0.5470559216105436,2,44.0
395.0,5,21.0,0.5,9.196058961169566,0,2.0,0.7327366377412002,1,14.0,0.6258859922895477,4,16.0,0.5792504196419953,5,32.0
400.0,9,37.0,0.8409090909090909,7.352697359902773,4,13.0,0.47727454104242206,2,23.0,0.5081964376231188,3,16.0,0.5197560594329687,9,52.0
405.0,16,98.0,2.0851063829787235,5.996276950395821,6,39.0,0.3803490591224126,2,33.0,0.5839464891493229,8,35.0,0.29998390945246856,16,107.0
410.0,12,81.0,1.7234042553191489,4.5781631251477535,4,47.0,0.3551492361859524,2,43.0,0.3677294433292233,6,52.0,0.18956738757682767,12,142.0
415.0,7,62.0,1.2653061224489797,6.548972856941379,0,20.0,0.5344820047174339,4,65.0,0.5215265743169031,3,43.0,0.21935186258927436,7,128.0
420.0,4,13.0,0.2549019607843137,7.98051934785252,2,16.0,0.3233215292975374,0,18.0,0.7913262028261272,2,25.0,0.4263001515174904,4,59.0
425.0,10,35.0,0.6481481481481481,7.3194495264697235,7,41.0,0.21329670952694002,0,4.0,0.7947308982977809,3,28.0,0.29200476217057225,10,73.0
430.0,15,66.0,1.4042553191489362,5.0952103464946505,5,55.0,0.20824438880037482,3,10.0,0.3165388060095774,7,54.0,0.30267602413280836,15,119.0
435.0,12,85.0,2.073170731707317,4.520882309180635,2,35.0,0.29577071297603696,2,17.0,0.31983261224930004,8,92.0,0.17139883394765995,12,144.0
440.0,7,40.0,0.851063829787234,6.963363510979757,2,17.0,0.39490360220310794,0,6.0,0.6509126026661474,5,96.0,0.33576659533844383,7,119.0
445.0,3,19.0,0.3958333333333333,9.786187352709527,1,16.0,0.6679878243230745,2,11.0,0.6698606150003303,0,41.0,0.6245742697810456,3,68.0
450.0,5,41.0,0.8913043478260869,9.689246146571355,1,20.0,0.6734420974351613,4,28.0,0.5604293181899869,0,4.0,0.6600947478537297,5,52.0
455.0,9,81.0,1.8,8.195227917014652,2,27.0,0.39734873405250715,6,54.0,0.4425593062292456,1,5.0,0.63994136969023,9,86.0
460.0,9,29.0,0.6304347826086957,6.296243989532383,1,1.0,0.36748493920398884,6,61.0,0.32788146485898084,2,10.0,0.4405072541252565,9,72.0
465.0,5,13.0,0.2765957446808511,7.416086088783813,2,11.0,0.5679850888204313,3,36.0,0.28511250301091723,0,2.0,0.8255055332867572,5,49.0
470.0,3,24.0,0.5714285714285714,8.165561318979076,2,21.0,0.6713191492290371,1,20.0,0.29581103813600756,0,2.0,0.7770423700785515,3,43.0
475.0,2,14.0,0.3333333333333333,8.750914397181264,0,13.0,0.7381923732906654,2,19.0,0.38587478830601435,0,0.0,0.7254089218012402,2,32.0
480.0,3,28.0,0.6511627906976745,10.172817344917892,0,0.0,0.7163426360641265,3,31.0,0.5961707862267082,0,0.0,0.8609627801289389,3,31.0
485.0,9,51.0,1.1590909090909092,8.438363736405444,4,6.0,0.4735019418097143,4,47.0,0.5245457297404625,1,1.0,0.7054356763703702,9,54.0
490.0,10,42.0,0.9545454545454546,6.510663053062628,8,34.0,0.24481302232715021,1,35.0,0.3884186991579534,1,6.0,0.6443339262561489,10,75.0
495.0,12,43.0,0.9148936170212766,5.183278426736441,7,57.0,0.09233943690361764,4,18.0,0.06537488054321657,1,1.0,0.49328706155182483,12,76.0
500.0,10,40.0,0.9302325581395349,6.539941784547506,5,54.0,0.11994472359963743,0,15.0,0.5701139703557881,5,22.0,0.4002168911289969,10,91.0
505.0,8,54.0,1.3846153846153846,6.476824788587212,3,65.0,0.2549778623020066,0,2.0,0.5722979220154419,5,49.0,0.3516365483235781,8,116.0
510.0,9,33.0,0.868421052631579,5.937918072051069,6,84.0,0.15004935443120143,2,9.0,0.6384544504978743,1,46.0,0.42850849751867676,9,139.0
515.0,6,22.0,0.5945945945945946,5.5255081786155325,5,95.0,0.15216889468787737,1,9.0,0.39229251874210086,0,7.0,0.6302357970947381,6,111.0
520.0,8,20.0,0.5128205128205128,6.714683034577687,4,84.0,0.18591048982749891,4,15.0,0.47556925148130613,0,0.0,0.4117216775373781,8,99.0
525.0,3,12.0,0.2926829268292683,7.528581226548859,1,94.0,0.30581103527328185,1,20.0,0.5408429095254801,1,5.0,0.7145243541517614,3,119.0
530.0,6,16.0,0.35555555555555557,7.800937902212072,5,106.0,0.3479936975412374,1,9.0,0.5591278450296968,0,2.0,0.7720898040584888,6,117.0
535.0,5,17.0,0.425,6.874390010537314,3,105.0,0.3712545800713948,1,7.0,0.3456643023451871,1,5.0,0.7851790614237327,5,117.0
540.0,9,29.0,0.7073170731707317,6.229107883189871,5,86.0,0.3964945340964873,4,25.0,0.2556234017633762,0,2.0,0.48536778265190367,9,113.0
545.0,5,34.0,0.7555555555555555,8.608114569417369,3,52.0,0.48663671163596783,1,22.0,0.6305139233576184,1,5.0,0.6562816455882731,5,79.0
550.0,5,39.0,0.8297872340425532,9.987126715967742,3,41.0,0.6345469759380303,1,7.0,0.7541338041669285,1,2.0,0.6080140461209024,5,50.0
555.0,4,10.0,0.2127659574468085,9.36393693397493,1,21.0,0.451619518644197,1,11.0,0.7478074403990566,2,7.0,0.7069402079837862,4,39.0
560.0,8,27.0,0.627906976744186,7.8443747008183315,4,15.0,0.38948479896600396,4,21.0,0.2023566186787668,0,2.0,0.6451926450032045,8,38.0
565.0,4,6.0,0.17142857142857143,6.346189696615913,3,20.0,0.13510665572838462,1,19.0,0.3362872586946088,0,0.0,0.6432843714301602,4,39.0
570.0,5,12.0,0.3333333333333333,8.528296093500787,2,8.0,0.4995951448812079,0,6.0,0.7983784112234076,3,8.0,0.42705626892477283,5,22.0
575.0,4,32.0,0.8888888888888888,9.657608979217319,1,13.0,0.7264880382617767,0,4.0,0.8410239954681099,3,23.0,0.466248085997711,4,40.0
580.0,4,27.0,0.7714285714285715,8.290675909935848,3,22.0,0.5137132277071436,0,4.0,0.5808826753419845,1,26.0,0.544987860136636,4,52.0
585.0,2,3.0,0.08333333333333333,7.673111564934713,0,6.0,0.42938116114428265,1,5.0,0.49743125941592686,1,7.0,0.5974116577392263,2,18.0
590.0,5,20.0,0.5405405405405406,8.211850230525217,3,14.0,0.46401972687240717,1,8.0,0.5204746968407861,1,7.0,0.6003156282876433,5,29.0
595.0,9,64.0,2.0,8.173639184804053,5,38.0,0.5391718409605969,2,16.0,0.47699599788773633,2,17.0,0.6545543570246487,9,71.0
600.0,4,28.0,0.7777777777777778,7.254816062585259,1,30.0,0.502957034405808,2,26.0,0.29502467963430584,1,2.0,0.6837230155754831,4,58.0
605.0,4,10.0,0.2857142857142857,8.287316798407192,1,5.0,0.5545259335575106,0,17.0,0.707679588100869,3,7.0,0.4649995372513131,4,29.0
610.0,3,20.0,0.5128205128205128,9.687279974909648,2,8.0,0.26737954438215855,0,4.0,0.8751412587848937,1,12.0,0.6106813330730106,3,24.0
615.0,4,21.0,0.525,9.356896392829228,3,21.0,0.26037238129526,1,2.0,0.8359558101654451,0,0.0,0.6647847423373342,4,23.0
620.0,4,10.0,0.2777777777777778,10.099932652893994,1,19.0,0.5300442918819134,1,1.0,0.7575586190209513,2,5.0,0.7198271266461234,4,25.0
625.0,4,27.0,0.8709677419354839,9.01184728203516,1,9.0,0.7255011407917915,1,3.0,0.27089869968412456,2,15.0,0.537308987585191,4,27.0
630.0,5,18.0,0.6428571428571429,8.490277527901474,1,0.0,0.7061359724433821,3,15.0,0.24885915997300276,1,16.0,0.5780851187882973,5,31.0
635.0,0,0.0,0.0,10.090013952907363,0,0.0,0.808136674605174,0,8.0,0.7589893970400625,0,3.0,0.6145436598063827,0,11.0
640.0,3,3.0,0.10344827586206896,10.543372082797688,2,5.0,0.6035355974260401,1,2.0,0.7845947900456862,0,2.0,0.7502911868217398,3,9.0
645.0,6,20.0,0.6451612903225806,8.9081257644369,3,15.0,0.4240811397799715,1,3.0,0.6464152539785369,2,8.0,0.28183966029113755,6,26.0
650.0,3,10.0,0.38461538461538464,6.706121040392653,1,16.0,0.3748694609841785,2,10.0,0.3652963259628056,0,9.0,0.561099978086795,3,35.0
655.0,8,28.0,1.0,7.28845484592295,1,2.0,0.6765548169539924,6,34.0,0.4131808870203107,1,0.0,0.2765376930410812,8,36.0
660.0,6,58.0,1.9333333333333333,8.39112356121381,0,0.0,0.6549185572665007,6,64.0,0.5226960366674647,0,0.0,0.6405382728101626,6,64.0
665.0,2,17.0,0.5483870967741935,8.828309322780578,1,5.0,0.6440242027583617,1,49.0,0.5765603696299055,0,0.0,0.7110575723844482,2,54.0
670.0,2,10.0,0.2777777777777778,8.872962033902631,1,12.0,0.7433308580799755,0,2.0,0.5635195140324911,1,2.0,0.629093844976686,2,16.0
675.0,5,20.0,0.5263157894736842,8.642066358333274,2,17.0,0.6917208549568785,2,4.0,0.47028960461601266,1,5.0,0.734408716573439,5,26.0
680.0,10,37.0,0.9487179487179487,8.19261190183254,0,2.0,0.9186891358605551,7,27.0,0.45819289593398344,3,14.0,0.5912426384922932,10,43.0
685.0,10,63.0,1.4651162790697674,6.331954422942287,1,4.0,0.4060429072333667,8,63.0,0.34319213878534627,1,9.0,0.5464822186612113,10,76.0
690.0,17,131.0,3.275,4.555781748324484,5,21.0,0.2395272370391651,10,107.0,0.11992001184955453,2,7.0,0.3282847942117042,17,135.0
695.0,10,59.0,1.5526315789473684,4.2800045148895975,1,22.0,0.2883673660440425,8,119.0,0.041413075292131854,1,11.0,0.3583617606014284,10,152.0
700.0,3,3.0,0.075,7.810772318560451,1,11.0,0.5123715158770439,0,70.0,0.49223022961890284,2,3.0,0.6198575107809077,3,84.0
705.0,4,9.0,0.20930232558139536,8.33381300424458,1,12.0,0.6607872709892639,3,75.0,0.4651778941240308,0,2.0,0.7265030823681521,4,89.0
710.0,11,53.0,1.127659574468085,7.303004045439656,1,17.0,0.6583097415531758,8,106.0,0.3144927188239258,2,10.0,0.4928286355363336,11,133.0
715.0,11,49.0,1.065217391304348,5.522692906320226,2,24.0,0.518540327875993,9,109.0,0.08896345009521205,0,10.0,0.44020793624462695,11,143.0
720.0,6,37.0,0.8604651162790697,7.4254568956454605,5,47.0,0.4552171058633708,1,65.0,0.39053055838108,0,2.0,0.6290346838455192,6,114.0
725.0,6,16.0,0.36363636363636365,7.3520765799548995,1,33.0,0.45392291957793374,3,69.0,0.37698979757893875,2,6.0,0.6186631359443904,6,108.0
730.0,12,50.0,1.0869565217391304,7.303755398862534,1,10.0,0.5124681327325786,8,101.0,0.32953651887233776,3,19.0,0.47254637870619726,12,130.0
735.0,6,28.0,0.6829268292682927,6.8942863593134245,0,0.0,0.686614572303348,5,100.0,0.33316782026771685,1,21.0,0.41250518116566304,6,121.0
740.0,3,4.0,0.09302325581395349,8.007144801109346,1,3.0,0.608349521210823,2,53.0,0.4432425359074089,0,7.0,0.55264195834417,3,63.0
745.0,5,14.0,0.3181818181818182,8.691100693955752,2,12.0,0.6748192465144706,2,44.0,0.4145099458235495,1,2.0,0.7743708236134654,5,58.0
750.0,12,54.0,1.2857142857142858,6.992379002079929,3,23.0,0.38272658940295995,8,71.0,0.2942270363131669,1,4.0,0.6484260129757361,12,98.0
755.0,14,80.0,2.0,4.679880223788913,6,45.0,0.10679865119808855,5,74.0,0.2500014026548269,3,14.0,0.5456702513718047,14,133.0
760.0,10,50.0,1.1904761904761905,5.605897325752746,4,47.0,0.40960642440279094,0,31.0,0.4130032136248677,6,43.0,0.3290872101661993,10,121.0
765.0,6,16.0,0.32653061224489793,6.996788238045842,1,16.0,0.6280379543730606,1,2.0,0.40766412664740226,4,49.0,0.38838984242204583,6,67.0
770.0,2,7.0,0.1320754716981132,9.601737447693775,1,4.0,0.7466152669196016,1,9.0,0.6656175663242361,0,24.0,0.6300082831568992,2,37.0
775.0,3,10.0,0.18181818181818182,9.140648126265756,1,2.0,0.5032211964604383,2,14.0,0.6058188891614728,0,3.0,0.6864357167210738,3,19.0
780.0,9,23.0,0.42592592592592593,7.301782112403621,8,23.0,0.312038096727083,0,6.0,0.6178631581179624,1,5.0,0.3408816296903209,9,34.0
785.0,14,47.0,0.8867924528301887,6.485234262069102,4,38.0,0.2846052649642567,2,9.0,0.46796893283329355,8,31.0,0.19370609589571416,14,78.0
790.0,4,12.0,0.26666666666666666,6.994035174219828,1,15.0,0.5617113574051954,0,12.0,0.32601973112290783,3,38.0,0.39757964785210587,4,65.0
795.0,5,8.0,0.1702127659574468,8.386559323677874,3,14.0,0.37840224667047,1,9.0,0.6122638005757539,1,12.0,0.6484228169939419,5,35.0
800.0,7,25.0,0.5102040816326531,8.951704292195828,5,34.0,0.4079186225414879,1,5.0,0.7199837237082072,1,3.0,0.63416223544647,7,42.0
805.0,10,66.0,1.434782608695652,7.565621795244477,5,59.0,0.4520183677408494,4,20.0,0.3761359636161821,1,5.0,0.6123395180752339,10,84.0
810.0,18,139.0,3.475,4.349612366735344,7,88.0,0.16953100028966703,9,54.0,0.07836191845795128,2,14.0,0.38983926507624533,18,156.0
815.0,14,81.0,2.189189189189189,3.0582644615419348,3,76.0,0.3077996079874843,6,74.0,0.05474489501394137,5,34.0,0.08360779409778264,14,184.0
820.0,13,80.0,1.9047619047619047,5.636759963568376,2,22.0,0.5498783577184599,1,53.0,0.3587094978087176,10,75.0,0.23898502526775225,13,150.0
825.0,11,123.0,2.617021276595745,7.88152542475773,2,14.0,0.6469798794696311,0,20.0,0.6951843092390991,9,115.0,0.3768217586156919,11,149.0
830.0,5,35.0,0.7,8.251110293702077,1,10.0,0.7187241839930267,1,22.0,0.5790949173771173,3,102.0,0.4113119497894908,5,134.0
835.0,9,30.0,0.5555555555555556,7.69706405963144,2,11.0,0.5192180963884707,4,39.0,0.4647278322517295,3,40.0,0.36170942457097965,9,90.0
840.0,6,28.0,0.5490196078431373,6.079687358717649,4,28.0,0.217892843834201,0,29.0,0.4742556034365137,2,36.0,0.3465688808141056,6,93.0
845.0,10,43.0,0.9148936170212766,6.933555271080721,3,33.0,0.3844355945500091,0,2.0,0.7752525797687757,7,67.0,0.378508232265067,10,102.0
850.0,7,20.0,0.425531914893617,7.853741334537835,2,18.0,0.600755897173526,0,2.0,0.8220065888737306,5,70.0,0.35961463306453234,7,90.0
855.0,7,14.0,0.30434782608695654,8.182089219060781,4,17.0,0.5085856937015134,0,4.0,0.9029566245814075,3,38.0,0.4129688357793236,7,59.0
860.0,8,41.0,0.8367346938775511,7.79722040026545,6,42.0,0.3321651123826694,0,4.0,0.8916880495338484,2,23.0,0.39991203897072797,8,69.0
865.0,7,35.0,0.7,7.804260220719585,4,51.0,0.2231563226295448,0,2.0,0.8428666897684763,3,25.0,0.5475907972825425,7,78.0
870.0,3,4.0,0.08163265306122448,8.213897638988811,2,24.0,0.3501388093226458,0,2.0,0.8454254327383992,1,11.0,0.557014794801354,3,37.0
875.0,5,21.0,0.42857142857142855,10.032549173365933,2,17.0,0.6001045216519738,0,2.0,0.8625281842275636,3,13.0,0.5706841324030146,5,32.0
880.0,3,5.0,0.10416666666666667,9.057028125686562,1,4.0,0.5888673639368505,0,2.0,0.8612865486664348,2,17.0,0.4074668322307499,3,23.0
885.0,6,18.0,0.3829787234042553,7.743959348150172,3,17.0,0.5221710417467602,1,5.0,0.5197395816199504,2,10.0,0.2750009889998913,6,32.0
890.0,15,58.0,1.3181818181818181,5.287907837678969,8,44.0,0.22299864682534823,4,19.0,0.36541476456869265,3,9.0,0.43500651190271467,15,72.0
895.0,23,133.0,2.7708333333333335,4.729532387441713,15,101.0,0.11233331616953188,3,29.0,0.28436263675180723,5,28.0,0.3220867458245585,23,158.0
900.0,15,99.0,2.106382978723404,5.404544343687864,10,130.0,0.32263041107786317,1,17.0,0.37204302006534956,4,41.0,0.3726974499341409,15,188.0
905.0,7,39.0,0.75,6.475295371035003,4,107.0,0.37244892704486376,2,25.0,0.575994601129338,1,30.0,0.4474743797521383,7,162.0
910.0,9,34.0,0.5964912280701754,7.867909025463861,3,75.0,0.4424454707913572,3,39.0,0.6662627433979932,3,34.0,0.4315401986031498,9,148.0
915.0,7,27.0,0.45,6.25909100954415,1,66.0,0.4232979544754894,0,30.0,0.4995751537662372,6,54.0,0.19753786024514702,7,150.0
920.0,15,56.0,0.9655172413793104,6.089503814511498,7,90.0,0.38444637100311824,4,11.0,0.33950598098997975,4,63.0,0.3609874249074686,15,164.0
925.0,15,80.0,1.3793103448275863,5.500563201770046,11,139.0,0.1675495368842126,1,12.0,0.32796249042960085,3,29.0,0.48563109752112865,15,180.0
930.0,18,93.0,1.5,6.03338451917117,11,160.0,0.20643609228611376,6,30.0,0.37432549971010665,1,18.0,0.5763696248242854,18,208.0
935.0,11,90.0,1.3636363636363635,7.784971585956654,2,113.0,0.3686151684388427,7,67.0,0.5426344452272865,2,13.0,0.6150108500767467,11,193.0
940.0,7,27.0,0.40298507462686567,7.19704833471378,2,87.0,0.38336294588727565,3,62.0,0.472672893248616,2,2.0,0.4894511121484707,7,151.0
945.0,15,53.0,0.803030303030303,6.362010077076786,8,111.0,0.3076231281678084,2,34.0,0.4190656253380658,5,22.0,0.47380424644683095,15,167.0
950.0,19,107.0,1.5735294117647058,5.680228712359199,13,160.0,0.27015470364602245,2,19.0,0.4646585606006668,4,31.0,0.41517686266372317,19,210.0
955.0,21,155.0,2.2142857142857144,5.7740398354181925,15,228.0,0.273001981717297,3,5.0,0.448366647226936,3,26.0,0.5008002917743374,21,259.0
960.0,23,162.0,2.189189189189189,5.7071195848221805,14,239.0,0.19896794237117033,7,28.0,0.3907148703377268,2,21.0,0.6483415706117562,23,288.0
965.0,21,119.0,1.5454545454545454,6.237166951491543,10,171.0,0.24518165922376975,10,77.0,0.3959195761607256,1,13.0,0.5212661877366611,21,261.0
970.0,15,82.0,1.0789473684210527,6.258076103293495,6,118.0,0.3087575518534367,5,92.0,0.375486033375642,4,14.0,0.36867190019918106,15,224.0
975.0,19,98.0,1.3243243243243243,6.71447905543529,7,98.0,0.3828966260730273,5,69.0,0.47143995555945056,7,44.0,0.38458458856709177,19,211.0
980.0,12,41.0,0.5324675324675324,5.697001869150632,4,88.0,0.3761396545901944,2,52.0,0.35694894723828063,6,59.0,0.38227945002249186,12,199.0
985.0,17,59.0,0.7866666666666666,5.794593259974509,7,95.0,0.3580587110737429,7,77.0,0.3026122837284346,3,53.0,0.4438309118491658,17,225.0
990.0,27,164.0,2.1578947368421053,4.407613717292696,12,142.0,0.11667354228570896,13,131.0,0.21081164552504095,2,36.0,0.3507651493568674,27,309.0
995.0,29,167.0,2.168831168831169,4.506320704723203,12,170.0,0.14284168907796313,14,164.0,0.24242736589517758,3,30.0,0.40920115879458374,29,364.0
1000.0,11,52.0,0.7222222222222222,5.768866910648982,5,129.0,0.3139299834336359,6,147.0,0.2845685702129198,0,10.0,0.5529865565289348,11,286.0
1005.0,14,42.0,0.5454545454545454,5.080997691979424,6,153.0,0.23321397387654513,5,157.0,0.21961291625141352,3,19.0,0.48423715266044287,14,329.0
1010.0,27,99.0,1.2857142857142858,3.5739755820621792,10,187.0,0.16542896888853623,10,198.0,0.1371599678928772,7,44.0,0.3633923068265047,27,429.0
1015.0,35,204.0,2.5822784810126582,2.7247009882801048,14,242.0,0.1445092600443921,14,255.0,0.06631257208145656,7,62.0,0.19916134996087598,35,559.0
1020.0,35,195.0,2.4074074074074074,3.054069536815155,14,259.0,0.10676087032038861,15,278.0,0.14258730650483806,6,68.0,0.2776537614764607,35,605.0
1025.0,21,92.0,1.0823529411764705,4.707987881669941,8,216.0,0.23775035184844404,7,234.0,0.28433796029912733,6,91.0,0.32530867366455796,21,541.0
1030.0,17,70.0,0.8536585365853658,5.1387927207838695,8,214.0,0.2525494212684291,4,176.0,0.35425457613439254,5,117.0,0.3584913812996623,17,507.0
1035.0,27,125.0,1.4880952380952381,4.362386408330222,12,263.0,0.1936544493976254,6,199.0,0.19757660382277262,9,153.0,0.23832466033981775,27,615.0
1040.0,33,224.0,2.765432098765432,2.379837133356911,14,327.0,0.0773994605013043,5,184.0,0.16197915091321785,14,208.0,0.12162494461080438,33,719.0
1045.0,35,269.0,3.2409638554216866,2.7844320508267164,20,410.0,0.1628295999813214,2,133.0,0.23843168930329708,13,230.0,0.139059195719297,35,773.0
1050.0,26,213.0,2.4767441860465116,4.519435784270544,16,426.0,0.210119872004232,0,60.0,0.49016019409584427,10,208.0,0.26873129516362154,26,694.0
1055.0,24,131.0,1.4395604395604396,4.852118335981721,13,365.0,0.17027440922624287,3,64.0,0.4810546880237907,8,177.0,0.325131795831186,24,606.0
1060.0,27,131.0,1.3645833333333333,4.759462798971964,12,396.0,0.12367400764913865,8,86.0,0.38783753124530146,7,166.0,0.28027689206329526,27,648.0
1065.0,34,193.0,2.0531914893617023,4.688532760363422,16,457.0,0.09718617284163407,12,135.0,0.32116997743595893,6,145.0,0.2541237992264753,34,737.0
1070.0,29,137.0,1.5568181818181819,3.6751463613861715,16,476.0,0.0643596143629244,11,152.0,0.1831614049746902,2,135.0,0.314353693205979,29,763.0
1075.0,18,86.0,1.0238095238095237,4.682925466151639,7,413.0,0.22395314380918502,8,109.0,0.2582437018583037,3,149.0,0.4053493222069908,18,671.0
1080.0,14,44.0,0.4888888888888889,5.653296558068708,3,298.0,0.33586372453947305,6,121.0,0.3742101514097818,5,149.0,0.33947939247213454,14,568.0
1085.0,22,56.0,0.5544554455445545,5.255880861907248,8,316.0,0.24904554266899703,9,149.0,0.36352814166940955,5,130.0,0.34075177022006825,22,595.0
1090.0,15,65.0,0.6701030927835051,5.0849627740370416,8,351.0,0.24499596618285122,5,148.0,0.23475389884388626,2,94.0,0.3209864267761275,15,593.0
1095.0,17,48.0,0.4948453608247423,4.411205515868686,11,356.0,0.188988133915383,4,118.0,0.214426340020167,2,92.0,0.35464864667622936,17,566.0
1100.0,20,54.0,0.5346534653465347,4.741852175419397,10,313.0,0.22598341986174403,4,124.0,0.28339923766950637,6,107.0,0.3469764860825134,20,544.0
1105.0,24,133.0,1.2912621359223302,5.1541373337292224,6,238.0,0.21743764863229156,10,155.0,0.28928204722160217,8,136.0,0.32727238051628693,24,529.0
1110.0,24,137.0,1.2924528301886793,4.208431256226973,2,229.0,0.2665772586086623,9,169.0,0.1661016538317612,13,181.0,0.16749299294094264,24,579.0
1115.0,35,226.0,2.215686274509804,3.985456369067835,10,227.0,0.241026449664407,8,156.0,0.18473899967317525,17,254.0,0.1926074960552489,35,637.0
1120.0,41,360.0,3.673469387755102,3.8165026884737068,15,289.0,0.1983525058543592,5,165.0,0.18168767881590878,21,345.0,0.16962898266308712,41,799.0
1125.0,50,452.0,4.565656565656566,2.752102328891338,20,377.0,0.10886546058710612,10,191.0,0.14695504673189835,20,385.0,0.13040943929137658,50,953.0
1130.0,48,406.0,4.01980198019802,2.8969264967821515,22,412.0,0.09681820152845552,11,203.0,0.22739018898935104,15,360.0,0.19391636191306144,48,975.0
1135.0,35,308.0,3.0495049504950495,4.163985517046253,13,371.0,0.2300139427412328,8,174.0,0.3206534268672359,14,328.0,0.20278761298176926,35,873.0
1140.0,31,242.0,2.2830188679245285,5.021745809874007,13,281.0,0.28263207498179277,7,125.0,0.3541453540590281,11,377.0,0.25781736196757465,31,783.0
1145.0,21,160.0,1.5238095238095237,5.261159569712939,11,332.0,0.2779213038541629,1,101.0,0.34939013417196446,9,421.0,0.2995832091107856,21,854.0
1150.0,27,139.0,1.3495145631067962,4.631053796274683,12,384.0,0.17756366871072532,6,102.0,0.34813507459091186,9,466.0,0.17953670746278683,27,952.0
1155.0,33,168.0,1.75,3.5549845814454186,12,388.0,0.15986118960148582,7,106.0,0.25064894508319757,14,523.0,0.15214712674681405,33,1017.0
1160.0,22,113.0,1.1894736842105262,3.9265334910421608,5,315.0,0.24319473310036194,5,80.0,0.3119820391700219,12,533.0,0.20376165506637328,22,928.0
1165.0,13,93.0,0.9207920792079208,5.463325902256302,2,222.0,0.3332669437857772,1,67.0,0.40654100312370706,10,472.0,0.2553197486280761,13,761.0
1170.0,21,110.0,1.0,5.743482585878876,4,169.0,0.32169373325714284,7,84.0,0.36649477296356153,10,404.0,0.23618407441594244,21,657.0
1175.0,28,185.0,1.6818181818181819,5.435098504984699,4,149.0,0.3828555533389353,14,133.0,0.25995682980233187,10,380.0,0.25689166347125675,28,662.0
1180.0,32,255.0,2.4056603773584904,4.677357730869797,5,134.0,0.4012365007763659,20,218.0,0.1547018116821677,7,361.0,0.2089620549850754,32,713.0
1185.0,29,194.0,1.883495145631068,4.23660594332281,4,114.0,0.35048864874950175,19,273.0,0.09539213019999296,6,382.0,0.2307132525879705,29,769.0
1190.0,33,190.0,1.9191919191919191,4.71032342222919,6,96.0,0.36338199795188125,19,261.0,0.10112106902240318,8,410.0,0.330919420207695,33,767.0
1195.0,31,191.0,2.0760869565217392,3.7558557589144925,6,98.0,0.30696123582018164,14,331.0,0.1295056751440773,11,457.0,0.24140370729138236,31,886.0
1200.0,35,253.0,2.663157894736842,3.8857655299265734,7,93.0,0.3111142937261612,13,400.0,0.13236720291042314,15,516.0,0.21919802508977176,35,1009.0
1205.0,34,284.0,2.9278350515463916,3.274934695429713,3,100.0,0.2220349382497649,12,413.0,0.12812991962005085,19,595.0,0.12554360254787011,34,1108.0
1210.0,36,380.0,3.877551020408163,3.8111803916882208,8,109.0,0.27204645737441185,6,355.0,0.16005891124143917,22,701.0,0.18468340277904027,36,1165.0
1215.0,33,335.0,3.4183673469387754,3.324295390430972,5,110.0,0.29119644607300654,6,343.0,0.22881526756942958,22,714.0,0.10074530905311566,33,1167.0
1220.0,31,306.0,2.970873786407767,4.368174176501769,5,74.0,0.33839460250190034,7,372.0,0.25312315646168804,19,658.0,0.1490314090162714,31,1104.0
1225.0,27,246.0,2.3207547169811322,4.356648146275269,5,73.0,0.2646392060953018,6,355.0,0.19274990739112555,16,546.0,0.1947482842250966,27,974.0
1230.0,24,200.0,1.8518518518518519,4.6127902877829445,7,103.0,0.29130899801558424,5,287.0,0.2008513003508139,12,594.0,0.20822507921603703,24,984.0
1235.0,23,190.0,1.8446601941747574,5.215415775419506,10,148.0,0.3151752245676964,3,186.0,0.22702617502259606,10,643.0,0.3085831097729861,23,977.0
1240.0,24,152.0,1.6,4.7064624145803196,11,158.0,0.2697119881978061,3,137.0,0.3047549768891668,10,690.0,0.28090711279201347,24,985.0
1245.0,16,95.0,1.021505376344086,4.578969471873426,8,140.0,0.3243438477254929,1,113.0,0.3145956581516671,7,655.0,0.20907822485988004,16,908.0
1250.0,20,102.0,1.0736842105263158,5.015986909296695,8,137.0,0.3018250881009116,6,126.0,0.2896261176076765,6,553.0,0.18407647711503644,20,816.0
1255.0,26,123.0,1.2424242424242424,3.8324318279546468,7,160.0,0.18650541542833352,12,176.0,0.21986916917125734,7,585.0,0.15661086039060912,26,921.0
1260.0,40,179.0,1.8453608247422681,3.1463121908594136,15,203.0,0.17994457521520893,12,198.0,0.16483075189996027,13,642.0,0.09464268738382883,40,1043.0
1265.0,27,112.0,1.1546391752577319,3.3124518800160634,9,219.0,0.20559562804443912,8,169.0,0.1860989299524783,10,631.0,0.1819375038836787,27,1019.0
1270.0,20,62.0,0.6326530612244898,5.167219667284662,6,190.0,0.31515334792935723,6,116.0,0.3453354155311665,8,532.0,0.2991710985697971,20,838.0
1275.0,11,38.0,0.38,5.489623799521276,5,161.0,0.3545626300065051,3,123.0,0.3324429894343515,3,495.0,0.33133943192621745,11,779.0
1280.0,16,43.0,0.42574257425742573,4.611032258061284,2,127.0,0.23746783823894746,7,150.0,0.21115445377629016,7,513.0,0.23989946006022436,16,790.0
1285.0,24,104.0,1.0721649484536082,3.813013377216416,7,148.0,0.1825312561001403,13,199.0,0.1266963916493309,4,479.0,0.11498331387144176,24,826.0
1290.0,32,221.0,2.4555555555555557,3.1892534273071367,12,198.0,0.1374616517272986,16,272.0,0.14174862987913275,4,336.0,0.18625029262896414,32,806.0
1295.0,29,264.0,2.869565217391304,3.557657897178005,15,268.0,0.12003284070628181,13,292.0,0.20869981529585108,1,334.0,0.25547811969638295,29,894.0
1300.0,37,314.0,3.305263157894737,3.509957662402051,20,360.0,0.10749249296040447,10,248.0,0.221894730734919,7,357.0,0.22785319398973303,37,965.0
1305.0,29,262.0,2.7291666666666665,4.118441847911982,18,395.0,0.18410752278634407,7,181.0,0.2533031060950766,4,329.0,0.29970112805084204,29,905.0
1310.0,22,150.0,1.530612244897959,5.058611609774089,12,350.0,0.2745597358933113,4,167.0,0.4589706325689149,6,254.0,0.3321115403816952,22,771.0
1315.0,23,178.0,1.7450980392156863,5.6700535751632986,14,262.0,0.28397642659735395,5,137.0,0.4346031172703839,4,195.0,0.3562130119527867,23,594.0
1320.0,25,229.0,2.1203703703703702,6.210224899995378,14,277.0,0.28483197320840414,5,114.0,0.5309765980616482,6,158.0,0.3548407917943684,25,549.0
1325.0,15,120.0,1.0810810810810811,5.653370012076324,9,295.0,0.2953109263839874,3,109.0,0.4660866258336612,3,121.0,0.3477064575908502,15,525.0
1330.0,18,72.0,0.6371681415929203,5.661649874466803,7,321.0,0.22366342641359105,5,90.0,0.41495303807255124,6,116.0,0.2857932140915454,18,527.0
1335.0,22,95.0,0.9047619047619048,4.362677032324643,12,360.0,0.19060847242360368,3,72.0,0.19883619750285506,7,106.0,0.17186872876586454,22,538.0
1340.0,29,183.0,1.8673469387755102,3.7197596561959427,19,436.0,0.2057690842171275,3,52.0,0.26292823291400824,7,101.0,0.2578445749652058,29,589.0
1345.0,31,205.0,1.9339622641509433,4.679333359163181,16,464.0,0.21582780466077017,5,47.0,0.31684320415077116,10,96.0,0.324588731486861,31,607.0
1350.0,23,124.0,1.117117117117117,4.617558188188924,11,412.0,0.193865318969295,7,68.0,0.4152994743960232,5,93.0,0.2338944182592789,23,573.0
1355.0,26,109.0,0.9316239316239316,4.856738397880676,12,340.0,0.24497942338842252,6,73.0,0.3092355148717121,8,97.0,0.16240519288591804,26,510.0
1360.0,27,129.0,1.162162162162162,4.466995778384548,8,350.0,0.2648604140261049,7,62.0,0.18543661634849862,12,123.0,0.23208214352055867,27,535.0
1365.0,28,118.0,1.0925925925925926,4.321231407991174,11,380.0,0.2722899890335515,4,63.0,0.18660874065574987,13,151.0,0.24333553393556198,28,594.0
1370.0,25,100.0,0.9523809523809523,4.195920124419693,7,375.0,0.1641328417655316,8,79.0,0.2869621862545324,10,132.0,0.19394449433472088,25,586.0
1375.0,25,111.0,1.0673076923076923,4.694848369209251,7,312.0,0.16184482319076696,6,86.0,0.43731109871531765,12,130.0,0.20750520093760572,25,528.0
1380.0,17,76.0,0.7037037037037037,5.121804939826545,5,226.0,0.2886376482608339,4,68.0,0.39973420225580936,8,140.0,0.2383142994148579,17,434.0
1385.0,18,59.0,0.5462962962962963,5.466251521669286,3,216.0,0.3116313177015183,6,58.0,0.35728981747420446,9,154.0,0.26520533594101425,18,428.0
1390.0,21,94.0,0.9215686274509803,4.995870102946686,8,229.0,0.3133636887631856,6,71.0,0.31318605120199633,7,171.0,0.24309430261357115,21,471.0
1395.0,23,112.0,1.1546391752577319,4.40320734684554,13,284.0,0.23551691314323475,3,65.0,0.3521379295875231,7,153.0,0.25454606579899675,23,502.0
1400.0,25,155.0,1.5196078431372548,4.888334734417127,13,294.0,0.1286322313089845,5,46.0,0.4419711376193129,7,151.0,0.3199845650200081,25,491.0
1405.0,28,133.0,1.2314814814814814,4.5515389550717344,14,252.0,0.17848263381560586,8,77.0,0.3801081076132542,6,142.0,0.1930522555348062,28,471.0
1410.0,23,99.0,0.9428571428571428,4.550455553749592,8,193.0,0.22944693833587024,7,93.0,0.3763185545338745,8,132.0,0.14817588588447997,23,418.0
1415.0,18,83.0,0.7830188679245284,4.680087544344938,6,176.0,0.3116111560242583,3,69.0,0.3117007699028694,9,156.0,0.2021981180620706,18,401.0
1420.0,26,115.0,1.0454545454545454,5.998550144088754,11,157.0,0.3668070854150713,5,55.0,0.4662217564035964,10,151.0,0.32343894330348555,26,363.0
1425.0,19,74.0,0.6548672566371682,5.622686177406893,5,151.0,0.3274114464439343,5,52.0,0.4258647665297665,9,153.0,0.3201239993574463,19,356.0
1430.0,23,128.0,1.0666666666666667,5.6098746333355995,8,143.0,0.28516008638739787,9,76.0,0.3740443918600989,6,143.0,0.29687411845671063,23,362.0
1435.0,19,68.0,0.5964912280701754,4.303969596019641,11,161.0,0.19114124774120853,3,67.0,0.37121379727643344,5,135.0,0.20909510129854433,19,363.0
1440.0,29,87.0,0.7699115044247787,3.7845101790343985,14,153.0,0.13464172876714317,7,45.0,0.3666993793910865,8,121.0,0.19125885814769247,29,319.0
1445.0,27,145.0,1.228813559322034,4.710478259905915,15,185.0,0.19061630357930778,9,65.0,0.441616756490534,3,108.0,0.16856382299824105,27,358.0
1450.0,36,221.0,1.8571428571428572,4.299239072020809,14,224.0,0.17378409562217761,12,118.0,0.30547762966926245,10,114.0,0.14014722916431657,36,456.0
1455.0,33,164.0,1.4017094017094016,3.6008838889058814,13,227.0,0.1476105553283934,11,144.0,0.09055505703237428,9,129.0,0.10574316010000696,33,500.0
1460.0,25,139.0,1.287037037037037,4.495867357333695,14,244.0,0.24453287675485108,6,125.0,0.2661154198515362,5,100.0,0.22783819299405653,25,469.0
1465.0,22,123.0,1.128440366972477,5.194399992426011,14,273.0,0.24066436152852988,4,92.0,0.460646152186022,4,74.0,0.28398645983585263,22,439.0
1470.0,18,89.0,0.8018018018018018,5.21234971368534,14,255.0,0.1628026365443903,1,74.0,0.5020419576937063,3,60.0,0.309351411849961,18,389.0
1475.0,24,115.0,0.9829059829059829,5.252531113317284,14,272.0,0.13442077922726678,7,97.0,0.3476992964748357,3,64.0,0.3985990296780251,24,433.0
1480.0,29,175.0,1.5486725663716814,4.758643664147268,13,288.0,0.10619524600824633,12,149.0,0.2577696069017601,4,68.0,0.3549137180833371,29,505.0
1485.0,29,124.0,1.1071428571428572,4.103920983460065,13,310.0,0.1324133143685166,12,179.0,0.14836013768787887,4,51.0,0.3361577531819005,29,540.0
1490.0,29,104.0,0.9811320754716981,4.240171067910202,11,259.0,0.15733941414389874,12,167.0,0.2689069744199987,6,34.0,0.35588659619503327,29,460.0
1495.0,27,126.0,1.1666666666666667,4.706516598227011,12,279.0,0.19463199318034313,6,125.0,0.2737582299156817,9,66.0,0.3191578006654915,27,470.0
1500.0,22,145.0,1.380952380952381,4.310470155144376,8,261.0,0.20729021329819478,1,114.0,0.25998630836527964,13,119.0,0.24301643588310382,22,494.0
1505.0,30,224.0,2.1538461538461537,4.047614521700542,7,243.0,0.1517784016934389,6,117.0,0.2888478895245312,17,195.0,0.18542446428053425,30,555.0
1510.0,35,249.0,2.4174757281553396,3.5600765600237043,9,216.0,0.1362774613020901,12,163.0,0.2235354515484206,14,230.0,0.16835626489864033,35,609.0
1515.0,33,241.0,2.3173076923076925,4.524287123482017,11,216.0,0.16567397307314655,12,188.0,0.32170343223553827,10,210.0,0.26422463244473676,33,614.0
1520.0,25,152.0,1.3818181818181818,4.798046070538837,10,224.0,0.19206697700603126,5,157.0,0.3480104805621365,10,183.0,0.2964811945509447,25,564.0
1525.0,21,71.0,0.6339285714285714,5.10165120103528,10,186.0,0.23782909297906676,3,118.0,0.3084692115287783,8,207.0,0.29296006673311537,21,511.0
1530.0,19,68.0,0.6126126126126126,4.67873983092257,6,200.0,0.19498535686194332,5,128.0,0.19297219816510497,8,230.0,0.2523028807517738,19,558.0
1535.0,30,126.0,1.2475247524752475,3.467141887718924,12,209.0,0.17779282290294668,11,174.0,0.16797588386282036,7,225.0,0.1877796568725369,30,608.0
1540.0,28,115.0,1.1274509803921569,3.273107950355974,8,192.0,0.16141863731514255,14,190.0,0.19547048881621285,6,192.0,0.20858653205629119,28,574.0
1545.0,25,88.0,0.8,4.024266836368076,10,183.0,0.1552308486331068,6,147.0,0.2741889185734411,9,219.0,0.2317119295695868,25,549.0
1550.0,24,115.0,1.0087719298245614,4.547029349539337,10,178.0,0.23043583582127913,5,171.0,0.2398314484237867,9,236.0,0.25829783623434555,24,585.0
1555.0,27,109.0,1.0,3.6701194117672964,8,187.0,0.20056049838020015,11,209.0,0.16457481783542618,8,227.0,0.18454573579996475,27,623.0
1560.0,35,189.0,1.8,3.026945318530811,9,163.0,0.1397972011899708,16,281.0,0.17232111183896523,10,202.0,0.138966664806806,35,646.0
1565.0,39,216.0,1.894736842105263,3.69921219635246,12,157.0,0.15457238796214584,17,303.0,0.2630918744389274,10,235.0,0.13089452801960322,39,695.0
1570.0,25,116.0,1.0,4.095418329175121,6,163.0,0.22931558066999994,9,260.0,0.19812218077548835,10,245.0,0.20383507668946277,25,668.0
1575.0,24,65.0,0.5603448275862069,4.408148072136227,7,143.0,0.2866701055327176,9,283.0,0.19615005549805206,8,241.0,0.19955315122149644,24,667.0
1580.0,25,94.0,0.8623853211009175,4.2504282687341846,6,151.0,0.30510995127239776,8,323.0,0.25502015392001387,11,224.0,0.17787969432499856,25,698.0
1585.0,33,204.0,1.8545454545454545,4.077264945222886,6,144.0,0.2073506167839872,16,388.0,0.2461967212858429,11,209.0,0.16057278827127197,33,741.0
1590.0,39,293.0,2.6160714285714284,3.371673365533133,9,137.0,0.21653155572351526,21,479.0,0.15723790272998803,9,224.0,0.14048996815525086,39,840.0
1595.0,39,416.0,3.7142857142857144,3.3896830749334588,6,148.0,0.2368141684646736,27,601.0,0.09317265426691788,6,199.0,0.18510112595694558,39,948.0
1600.0,45,522.0,4.833333333333333,3.1325708732782265,3,115.0,0.23253423053794423,34,752.0,0.056861260339647494,8,179.0,0.20782843197484543,45,1046.0
1605.0,51,742.0,6.807339449541284,3.4130646645511007,3,59.0,0.27321963139151295,37,930.0,0.041623099191554554,11,207.0,0.19745394570548663,51,1196.0
1610.0,55,733.0,6.850467289719626,2.835230945137258,7,67.0,0.2831619377532347,33,1000.0,0.02129293565616791,15,222.0,0.14581931032372714,55,1289.0
1615.0,45,566.0,5.289719626168225,3.241914619964051,7,89.0,0.31032813705337586,26,940.0,0.13666279740646525,12,218.0,0.19931098146163356,45,1247.0
1620.0,42,432.0,3.891891891891892,2.8878757299453923,6,94.0,0.21208876845711344,22,1044.0,0.1570487674934202,14,208.0,0.2122551246146386,42,1346.0
1625.0,37,310.0,2.5833333333333335,3.3275755220705197,7,92.0,0.22739838915311225,19,1132.0,0.12409417310855396,11,243.0,0.21206899191581477,37,1467.0
1630.0,40,304.0,2.4715447154471546,3.9141889419361027,11,133.0,0.17504181488157913,18,1229.0,0.12250484848187702,11,273.0,0.20670406081361428,40,1635.0
1635.0,39,277.0,2.3675213675213675,3.013898778517208,17,207.0,0.06881421020580085,16,1190.0,0.11207643537763264,6,279.0,0.211451927208369,39,1676.0
1640.0,46,352.0,3.0344827586206895,2.7496892027227164,20,299.0,0.11023232791200521,19,1045.0,0.14265980402898276,7,253.0,0.24529118194321622,46,1597.0
1645.0,42,355.0,2.8629032258064515,3.3138327081624177,19,346.0,0.1739608877395704,16,866.0,0.15768792499648984,7,242.0,0.30918438450373875,42,1454.0
1650.0,44,328.0,2.50381679389313,3.733287264246341,18,337.0,0.25214463790478836,13,882.0,0.17452515432274332,13,287.0,0.2562536921592219,44,1506.0
1655.0,50,392.0,3.0153846153846153,3.4355595032368997,19,420.0,0.1696573668418027,13,905.0,0.18359763198122725,18,360.0,0.15565786494704004,50,1685.0
1660.0,49,439.0,3.351145038167939,3.064825023740777,16,492.0,0.12804970441336574,12,863.0,0.15680757437036588,21,428.0,0.09603808349993814,49,1783.0
1665.0,45,324.0,2.53125,3.3413761392271013,14,550.0,0.1992558230661847,13,707.0,0.17954553620531977,18,469.0,0.15679555204957862,45,1726.0
1670.0,34,216.0,1.6744186046511629,3.993498044848149,11,562.0,0.23271402359094298,11,548.0,0.17103737171142505,12,429.0,0.22601154123324363,34,1539.0
1675.0,28,193.0,1.544,4.563318824287069,10,524.0,0.3143593675620802,9,412.0,0.2912822195785385,9,409.0,0.24259880899384884,28,1345.0
1680.0,32,151.0,1.1526717557251909,4.099392800203185,11,461.0,0.2537270393337372,9,416.0,0.26634975079941514,12,397.0,0.21789411553070792,32,1274.0
1685.0,24,79.0,0.5766423357664233,4.007461020492814,7,476.0,0.22505773249780373,8,374.0,0.2559805063490668,9,369.0,0.15168760203752876,24,1219.0
1690.0,37,162.0,1.173913043478261,4.490171412208582,11,488.0,0.1752177212710412,16,376.0,0.22915914385819106,10,353.0,0.13138412849976086,37,1217.0
1695.0,35,189.0,1.5,3.7392186906223235,6,484.0,0.15623521456905892,16,379.0,0.10046801636753887,13,340.0,0.12651376360928107,35,1203.0
1700.0,37,233.0,2.026086956521739,4.00023777336205,5,420.0,0.2693495871787701,16,320.0,0.17687649846733514,16,386.0,0.22254546310365972,37,1126.0
1705.0,37,338.0,2.913793103448276,4.7328762647219,6,323.0,0.3333853379390203,12,219.0,0.21975687888247616,19,464.0,0.2415272745873489,37,1006.0
1710.0,36,370.0,3.0578512396694215,4.073446889336423,5,330.0,0.319470068534516,7,237.0,0.21394062045114542,24,569.0,0.12229228541135938,36,1136.0
1715.0,39,350.0,2.7777777777777777,4.197095114298455,5,322.0,0.31359095428009404,10,231.0,0.23047595332713633,24,606.0,0.0984747770626824,39,1159.0
1720.0,39,308.0,2.588235294117647,4.000260550026985,6,302.0,0.18626485723515765,13,286.0,0.24863192098486686,20,559.0,0.12393902297705459,39,1147.0
1725.0,41,276.0,2.4,3.401954687153101,8,259.0,0.17281344329995776,17,305.0,0.24040485596857888,16,595.0,0.13531453048976433,41,1159.0
1730.0,39,267.0,2.282051282051282,4.028065177821798,9,198.0,0.22987108907732404,11,241.0,0.2134690432172895,19,682.0,0.20320425668752604,39,1121.0
1735.0,30,244.0,2.033333333333333,4.242316813292476,7,175.0,0.32854347899504377,10,195.0,0.2073238103624304,13,679.0,0.20110494482529045,30,1049.0
1740.0,35,270.0,2.1951219512195124,4.299000754558843,10,188.0,0.29632352232759235,14,185.0,0.2660798257696609,11,571.0,0.24603501787132734,35,944.0
1745.0,28,195.0,1.56,4.675916645899742,10,190.0,0.29905683506986486,13,204.0,0.3393472798219171,5,522.0,0.25443596598583174,28,916.0
1750.0,27,262.0,2.0153846153846153,4.745304839912992,9,152.0,0.2803485359520122,12,239.0,0.33938452840685307,6,535.0,0.18477981529878892,27,926.0
1755.0,27,168.0,1.3333333333333333,3.7343016041591564,10,157.0,0.19961645035180614,9,242.0,0.26922237739220056,8,504.0,0.16136959270289328,27,903.0
1760.0,28,78.0,0.6190476190476191,3.72698295339522,11,140.0,0.1765953964466461,8,189.0,0.31081542892847325,9,388.0,0.16980386700997305,28,717.0
1765.0,28,138.0,1.0534351145038168,4.442406016105173,14,147.0,0.1832272211913888,7,210.0,0.32354068144858955,7,322.0,0.2007180718934293,28,679.0
1770.0,32,167.0,1.2462686567164178,4.50026828798364,12,174.0,0.19486410736905554,11,222.0,0.3043894926564127,9,290.0,0.28200250232194884,32,686.0
1775.0,33,214.0,1.6090225563909775,4.395585643928658,12,191.0,0.18785109255547064,12,236.0,0.20989490404902486,9,258.0,0.2697598877552864,33,685.0
1780.0,31,180.0,1.4285714285714286,4.618979710892071,12,221.0,0.1829268098207517,13,208.0,0.19509747342244027,6,255.0,0.3102942667537212,31,684.0
1785.0,41,242.0,1.9836065573770492,4.252841721368791,19,268.0,0.1654859506792417,13,215.0,0.09582757267167069,9,215.0,0.28547012327136306,41,698.0
1790.0,40,229.0,1.991304347826087,3.7406607298373937,19,314.0,0.21128760405368865,12,219.0,0.11103329671047293,9,203.0,0.26479721781847676,40,736.0
1795.0,33,133.0,1.1271186440677967,4.249520372179287,16,271.0,0.20796493012214512,8,209.0,0.30286444996822004,9,180.0,0.2944193726530937,33,660.0
1800.0,23,98.0,0.784,4.448492849152505,11,311.0,0.20642445859145447,8,211.0,0.29402830543744957,4,151.0,0.26114375435295006,23,673.0
1805.0,31,108.0,0.8372093023255814,4.2697717054303945,15,336.0,0.1710300573248503,8,220.0,0.1777491452071986,8,149.0,0.21653893787566775,31,705.0
1810.0,43,214.0,1.7540983606557377,3.882530368529123,19,419.0,0.19883504144779907,10,201.0,0.12074155548246059,14,203.0,0.2103226030777344,43,823.0
1815.0,42,284.0,2.4695652173913043,2.979439589732162,14,444.0,0.17744440366922548,9,206.0,0.1458739339125369,19,291.0,0.18916638493732557,42,941.0
1820.0,42,255.0,2.1074380165289255,2.9339230188566363,12,395.0,0.15973012266861902,12,214.0,0.18516297696394227,18,321.0,0.15873711280983743,42,930.0
1825.0,44,220.0,1.746031746031746,3.3448308913475033,12,442.0,0.14791776953238864,15,244.0,0.19585962817517497,17,277.0,0.20856626963653488,44,963.0
1830.0,40,208.0,1.6124031007751938,3.2792031723691832,13,482.0,0.13906054800898152,15,270.0,0.13971609570214774,12,334.0,0.13528307716772348,40,1086.0
1835.0,41,175.0,1.3565891472868217,3.3415291270305834,15,490.0,0.13612405322332652,10,235.0,0.14050351206468423,16,398.0,0.19718582783919952,41,1123.0
1840.0,37,181.0,1.4365079365079365,3.4304837731737523,12,443.0,0.18162406075993928,7,237.0,0.213890874183251,18,477.0,0.1608471780927047,37,1157.0
1845.0,40,262.0,2.0310077519379846,3.056781199235098,11,474.0,0.17277881487200614,8,247.0,0.2297687439249438,21,582.0,0.084437175536105,40,1303.0
1850.0,50,401.0,3.037878787878788,3.0023410635456647,13,491.0,0.14059744568027593,9,240.0,0.17440501064244682,28,711.0,0.0956407880846113,50,1442.0
1855.0,50,395.0,3.062015503875969,2.8286840143920857,11,491.0,0.16250480410268198,10,174.0,0.1897369485891894,29,764.0,0.11851812649195198,50,1429.0
1860.0,43,339.0,2.712,3.420375872870877,11,428.0,0.17792061676237142,10,162.0,0.33517186115986447,22,719.0,0.1481609629397585,43,1309.0
1865.0,40,335.0,2.518796992481203,3.6889330300680423,10,340.0,0.1839476201427623,11,182.0,0.34356429758017115,19,768.0,0.14591006249000002,40,1290.0
1870.0,47,407.0,2.907142857142857,4.207434689850963,13,312.0,0.20614707574670016,13,208.0,0.31294785867658476,21,859.0,0.1490899288132009,47,1379.0
1875.0,42,351.0,2.5251798561151078,3.5818403565389807,11,332.0,0.2384263456329754,14,242.0,0.24036990298398855,17,865.0,0.11810882003254806,42,1439.0
1880.0,39,212.0,1.5588235294117647,3.794329807639375,12,324.0,0.2231824495381539,14,232.0,0.20976962807988012,13,758.0,0.1392095888076554,39,1314.0
1885.0,21,71.0,0.5461538461538461,3.5715593875941942,8,332.0,0.1767497909500015,7,242.0,0.20244472102284725,6,752.0,0.16719785808892443,21,1326.0
1890.0,27,95.0,0.753968253968254,3.515207295652953,10,299.0,0.18065447354172423,9,262.0,0.22394266807124988,8,765.0,0.13229334544261656,27,1326.0
1895.0,38,245.0,1.8702290076335877,3.3768397439939166,10,295.0,0.24725068759532615,14,306.0,0.199446888714656,14,821.0,0.09826773735153815,38,1422.0
1900.0,46,316.0,2.449612403100775,2.613292567601894,11,278.0,0.2245824832073342,13,334.0,0.1527274555633247,22,911.0,0.10876294353946758,46,1523.0
1905.0,52,414.0,3.1846153846153844,2.4790582981214913,13,253.0,0.18992310249675926,10,352.0,0.12383095354256499,29,1036.0,0.08388401539023144,52,1641.0
1910.0,51,447.0,3.4384615384615387,2.405418620671559,15,238.0,0.15851266890906954,8,383.0,0.11876870927525915,28,1058.0,0.09332534115671255,51,1679.0
1915.0,55,383.0,2.9461538461538463,2.312213255783487,14,265.0,0.17451964450155363,11,420.0,0.14040570246475126,30,973.0,0.11562051312779383,55,1658.0
1920.0,57,407.0,3.0148148148148146,2.92399559628931,9,243.0,0.16560433977551064,20,503.0,0.20479930461110987,28,823.0,0.13169041351914362,57,1569.0
1925.0,66,525.0,3.723404255319149,3.553740587809183,14,217.0,0.16451600407018077,27,614.0,0.2092422738325754,25,724.0,0.12862780835681567,66,1555.0
1930.0,57,498.0,3.43448275862069,3.552073922437439,16,250.0,0.18076052225414638,29,654.0,0.15527546472388054,12,787.0,0.22368953938556255,57,1691.0
1935.0,45,344.0,2.324324324324324,4.052150589485334,12,262.0,0.20249759466777528,24,533.0,0.11694264630913336,9,785.0,0.2547356223868992,45,1580.0
1940.0,40,320.0,2.2857142857142856,4.3850595381121265,7,227.0,0.22850479668307744,23,530.0,0.14512644669999,10,748.0,0.25570443415042865,40,1505.0
1945.0,39,326.0,2.5271317829457365,4.1748355353262765,7,198.0,0.2805364647356074,23,582.0,0.15476819717988968,9,646.0,0.15937279488452838,39,1426.0
1950.0,43,356.0,2.870967741935484,4.312067880564374,12,220.0,0.25144803424563583,23,606.0,0.17668873878338714,8,499.0,0.25313810423201866,43,1325.0
1955.0,42,354.0,2.723076923076923,3.886669562644538,15,249.0,0.2247750408495017,21,651.0,0.1490761839552408,6,489.0,0.23424353416287838,42,1389.0
1960.0,44,401.0,3.0610687022900764,3.7951102764048317,18,316.0,0.16162367656314425,18,635.0,0.1316018436956813,8,459.0,0.2509215669117301,44,1410.0
1965.0,50,508.0,4.0,3.310194929557981,26,423.0,0.10777430941015806,17,616.0,0.14107290196791542,7,419.0,0.15515331381556646,50,1458.0
1970.0,51,460.0,3.7398373983739837,2.7438273826024555,20,469.0,0.14599215547603597,18,637.0,0.15311340771198248,13,342.0,0.16121679758907026,51,1448.0
1975.0,47,409.0,3.1705426356589146,3.788125218463705,20,466.0,0.20323985107818646,18,595.0,0.21000784028448297,9,229.0,0.2801374297940211,47,1290.0
1980.0,44,336.0,2.4525547445255476,3.7120981846082324,21,457.0,0.24353475914528333,18,634.0,0.15558242184963922,5,226.0,0.26570331757761245,44,1317.0
1985.0,39,299.0,2.1056338028169015,3.7022118448685464,18,550.0,0.2202270144609915,14,672.0,0.11670706548273939,7,208.0,0.23689280294696521,39,1430.0
1990.0,50,380.0,2.753623188405797,3.5029272414466575,21,648.0,0.16263074354119317,19,721.0,0.12660775785180794,10,184.0,0.1799163793049784,50,1553.0
1995.0,43,252.0,1.8394160583941606,3.3119490899605775,17,701.0,0.13176414530375002,17,724.0,0.16394663862829606,9,100.0,0.1802344767399922,43,1525.0
2000.0,45,258.0,1.856115107913669,3.9745364155108205,14,715.0,0.19793523374653482,19,642.0,0.15543070206206722,12,105.0,0.29702263859651756,45,1462.0
2005.0,39,185.0,1.2937062937062938,3.371541825393752,13,725.0,0.18879891269570406,14,696.0,0.1380225106882168,12,130.0,0.23321746159258053,39,1551.0
2010.0,44,192.0,1.381294964028777,3.166091833707859,17,744.0,0.10847261212652878,15,721.0,0.12990320873293534,12,131.0,0.2108771706534065,44,1596.0
2015.0,39,149.0,1.0875912408759123,2.850974771754122,17,799.0,0.08947354952245096,14,706.0,0.12345622938231454,8,146.0,0.2087938858896869,39,1651.0
2020.0,42,171.0,1.2666666666666666,3.0322777966919627,17,821.0,0.1250310633783757,13,624.0,0.17669723249929953,12,156.0,0.22309601739242754,42,1601.0
2025.0,46,241.0,1.7720588235294117,3.342594468668847,17,852.0,0.18561873238852772,16,564.0,0.16045916405385255,13,175.0,0.196756137877131,46,1591.0
2030.0,33,246.0,1.849624060150376,3.779321333415948,16,910.0,0.21257520355441034,11,549.0,0.14792313153736283,6,162.0,0.2348337079159522,33,1621.0
2035.0,40,345.0,2.6744186046511627,3.6530645075683243,20,980.0,0.14161640377954898,12,548.0,0.17048494403901174,8,142.0,0.20862116303326542,40,1670.0
2040.0,46,351.0,2.7421875,2.94908676177559,22,985.0,0.10203212850508554,10,532.0,0.1572831623644964,14,177.0,0.16404294854575519,46,1694.0
2045.0,43,308.0,2.4444444444444446,3.0839020070752254,19,905.0,0.17558996265359783,10,459.0,0.19346770395568352,14,201.0,0.18675524275834404,43,1565.0
2050.0,42,311.0,2.303703703703704,4.175833522133304,20,797.0,0.24658356834599646,10,397.0,0.23802185588149272,12,186.0,0.26647879192125534,42,1380.0
2055.0,36,236.0,1.6857142857142857,3.750618364816785,15,865.0,0.22951462168963147,11,367.0,0.20519133205980059,10,200.0,0.2472908878081562,36,1432.0
2060.0,43,228.0,1.6642335766423357,4.0972091742928,16,917.0,0.20527618948224582,13,355.0,0.1922001956988966,14,239.0,0.18558087560709816,43,1511.0
2065.0,37,157.0,1.1893939393939394,3.438591827507435,8,902.0,0.13552899416714737,11,344.0,0.16543571071910837,18,311.0,0.1270548167150888,37,1557.0
2070.0,35,141.0,1.175,3.027014917914911,10,802.0,0.20994586496261797,11,319.0,0.21518955640458165,14,336.0,0.15799814940813905,35,1457.0
2075.0,27,93.0,0.75,3.4141077502208947,9,819.0,0.19917450574866452,9,321.0,0.22664067572522176,9,277.0,0.22418476012342323,27,1417.0
2080.0,33,152.0,1.1515151515151516,4.072791983743312,12,831.0,0.14623634954998374,11,312.0,0.20147663690814685,10,253.0,0.2498356598524437,33,1396.0
2085.0,34,208.0,1.6,3.7593337688483586,14,849.0,0.13428973540937522,13,291.0,0.16141170170254507,7,270.0,0.21308660088073472,34,1410.0
2090.0,49,388.0,3.0551181102362204,3.4266531756598364,18,907.0,0.12022701880494009,22,350.0,0.10632805021123591,9,286.0,0.1568175702257574,49,1543.0
2095.0,46,365.0,2.943548387096774,3.1233036658942943,15,883.0,0.0986821442933997,22,374.0,0.07723765922144402,9,296.0,0.18336306687506285,46,1553.0
2100.0,42,237.0,1.9586776859504131,3.5170289537493975,14,753.0,0.20441313934990615,19,354.0,0.20095855981202693,9,262.0,0.21625824749799905,42,1369.0
2105.0,40,244.0,1.952,4.047418253158716,16,559.0,0.221576345982976,14,394.0,0.2258277693026827,10,228.0,0.25470158587270925,40,1181.0
2110.0,40,277.0,2.114503816793893,3.945271910778302,16,491.0,0.2314925201108348,13,433.0,0.18684150557798185,11,233.0,0.2667775092270778,40,1157.0
2115.0,35,227.0,1.6940298507462686,3.204657165476784,11,521.0,0.15824360851137978,12,432.0,0.11441684650779618,12,225.0,0.21069493491622643,35,1178.0
2120.0,27,121.0,0.9166666666666666,4.173623267525801,8,504.0,0.2511547792820806,13,386.0,0.12505119924343458,6,193.0,0.31316015333122554,27,1083.0
2125.0,30,169.0,1.330708661417323,4.621078178214485,10,513.0,0.3249508445707451,15,337.0,0.15184845625281262,5,187.0,0.3208885215681617,30,1037.0
2130.0,31,155.0,1.2916666666666667,3.454743970526087,10,477.0,0.284971964347246,12,373.0,0.14386185956280198,9,180.0,0.2527539544692858,31,1030.0
2135.0,34,186.0,1.5245901639344261,3.795128162111433,10,396.0,0.2600868547229626,13,376.0,0.1657310261260722,11,199.0,0.22674581407686883,34,971.0
2140.0,38,240.0,1.875,3.7136538521696503,10,429.0,0.1590956062139598,14,399.0,0.16331687396221925,14,231.0,0.1732141765889394,38,1059.0
2145.0,44,302.0,2.359375,3.492624134077342,13,466.0,0.17227770543042079,21,451.0,0.15063699355683244,10,266.0,0.1504048205626505,44,1183.0
2150.0,41,290.0,2.3577235772357725,2.7302460897870753,13,528.0,0.12271666079960133,21,491.0,0.1063685661130684,7,202.0,0.12206262847734017,41,1221.0
2155.0,36,202.0,1.6694214876033058,2.9825894009846725,9,513.0,0.17030010947193264,21,467.0,0.09074305202926844,6,219.0,0.20552621579518707,36,1199.0
2160.0,47,214.0,1.7685950413223142,2.2177002410607525,11,420.0,0.18866987736603047,23,568.0,0.1102629183345655,13,255.0,0.1472501143638999,47,1243.0
2165.0,50,273.0,2.116279069767442,2.499795000695375,8,455.0,0.2169759824644036,24,645.0,0.08914097748672828,18,330.0,0.15675113763322365,50,1430.0
2170.0,46,252.0,1.8394160583941606,2.526226637417859,10,483.0,0.16025612345321527,17,666.0,0.10853316027673061,19,340.0,0.08420628657912216,46,1489.0
2175.0,43,212.0,1.525179856115108,2.9282110066310527,14,548.0,0.18643759651260225,11,579.0,0.1373364618914024,18,288.0,0.14256857135518947,43,1415.0
2180.0,35,191.0,1.3840579710144927,2.914916514926995,9,529.0,0.22205246956977853,11,580.0,0.12475997003755679,15,337.0,0.164771721970856,35,1446.0
2185.0,41,204.0,1.446808510638298,3.104759542339891,10,440.0,0.23134338845254102,12,617.0,0.14989608161499618,19,368.0,0.1357862408694081,41,1425.0
2190.0,41,207.0,1.3986486486486487,2.5401235692513606,13,405.0,0.14823302746336992,9,596.0,0.11326608436079749,19,405.0,0.08083577899633712,41,1406.0
2195.0,43,162.0,1.1020408163265305,3.093968173319777,14,463.0,0.19434990150464793,10,497.0,0.13325453928509287,19,398.0,0.13926873880808505,43,1358.0
2200.0,39,214.0,1.4965034965034965,3.739572914021725,12,492.0,0.23213411180759289,12,431.0,0.16316340538910085,15,404.0,0.22940260821375488,39,1327.0
2205.0,33,201.0,1.4357142857142857,3.7659016173125246,7,481.0,0.2624543385130029,12,440.0,0.17543707788489604,14,439.0,0.25707094912429823,33,1360.0
2210.0,42,288.0,2.057142857142857,3.4515161731561217,12,479.0,0.17565172700803242,11,449.0,0.18080789928430446,19,494.0,0.16353552534683705,42,1422.0
2215.0,48,322.0,2.267605633802817,2.9945256599572003,12,449.0,0.16774504979183946,11,452.0,0.1723170008626875,25,540.0,0.09913198611167856,48,1441.0
2220.0,48,356.0,2.524822695035461,2.8628705783318074,13,512.0,0.14814517531170082,11,388.0,0.18581044568052787,24,577.0,0.1242089023611955,48,1477.0
2225.0,45,374.0,2.527027027027027,2.886918721476235,15,504.0,0.15044876030363805,9,407.0,0.1698459915142082,21,659.0,0.1481254921913343,45,1570.0
2230.0,44,325.0,2.195945945945946,2.9902863231871812,10,504.0,0.15098963404743632,13,414.0,0.1364018487773727,21,719.0,0.10139891569002489,44,1637.0
2235.0,35,194.0,1.3472222222222223,3.110650573411278,5,430.0,0.19278835167378477,10,415.0,0.11948697260782247,20,748.0,0.09782665946677593,35,1593.0
2240.0,33,166.0,1.2116788321167884,3.477791070266031,9,363.0,0.24661576961199322,11,359.0,0.1679364692902827,13,711.0,0.15451630468321625,33,1433.0
2245.0,39,213.0,1.5323741007194245,3.475913150396079,10,352.0,0.1954025467437826,13,307.0,0.15436766347880726,16,621.0,0.2121279260674295,39,1280.0
2250.0,37,188.0,1.3823529411764706,3.503678395014238,12,316.0,0.20844542176142988,11,304.0,0.19273666461350716,14,654.0,0.18436566922200387,37,1274.0
2255.0,25,104.0,0.7647058823529411,3.6993243534519054,5,292.0,0.17409328755809092,13,310.0,0.17807621391697132,7,642.0,0.1944727776010575,25,1244.0
2260.0,39,202.0,1.5538461538461539,4.136505265416242,13,298.0,0.13464457352045406,14,303.0,0.18151142942550513,12,637.0,0.201465983115193,39,1238.0
2265.0,41,271.0,2.239669421487603,3.445399303955624,11,313.0,0.13562011414828481,14,317.0,0.14655738553043915,16,678.0,0.11398605645851252,41,1308.0
2270.0,37,221.0,1.9385964912280702,3.0876711154648278,5,268.0,0.25142812235881223,16,313.0,0.15280043880612065,16,678.0,0.13445396346805136,37,1259.0
2275.0,29,133.0,1.146551724137931,4.023331816840775,2,239.0,0.3000940859053004,17,299.0,0.21220730600266915,10,589.0,0.25687185618723596,29,1127.0
2280.0,32,184.0,1.5593220338983051,4.380205582596734,6,253.0,0.21130951968757986,18,311.0,0.17975744853312473,8,447.0,0.3205610459083852,32,1011.0
2285.0,38,273.0,2.275,3.9040806540550657,12,300.0,0.1556486905684383,16,341.0,0.23396248470287592,10,486.0,0.25266730516974073,38,1127.0
2290.0,38,242.0,1.967479674796748,3.899900179679828,12,302.0,0.19439741508912148,11,339.0,0.30133556128889605,15,547.0,0.216434498045811,38,1188.0
2295.0,35,223.0,1.8583333333333334,4.161414200784227,7,238.0,0.20082919577280667,13,315.0,0.32395882022239963,15,623.0,0.1772488116518934,35,1176.0
2300.0,43,250.0,2.0161290322580645,3.940703279956239,12,165.0,0.20681417941788488,10,312.0,0.2561301234038351,21,713.0,0.11821366720486132,43,1190.0
2305.0,46,393.0,3.1693548387096775,4.088405299841958,9,146.0,0.29949868838513105,13,296.0,0.16645417465619544,24,829.0,0.17498271032243262,46,1271.0
2310.0,49,546.0,4.299212598425197,3.6318101433399828,9,157.0,0.3491949654636891,12,319.0,0.16481681812058854,28,962.0,0.11216239527533196,49,1438.0
2315.0,49,544.0,4.283464566929134,3.258401898982602,9,165.0,0.3318641654904171,11,292.0,0.14200352327176993,29,994.0,0.05298872277837821,49,1451.0
2320.0,42,367.0,3.0081967213114753,3.317828700218653,5,158.0,0.3088197888601559,13,314.0,0.16011313010221656,24,893.0,0.11100164250791142,42,1365.0
2325.0,38,287.0,2.411764705882353,3.9591708671964896,5,135.0,0.37349992480015765,14,297.0,0.17949139843627673,19,927.0,0.17489973111801269,38,1359.0
2330.0,39,317.0,2.5772357723577235,3.9208080030156336,9,133.0,0.32632799410442853,13,304.0,0.1674750049314794,17,1013.0,0.12904361354424881,39,1450.0
2335.0,44,408.0,3.5172413793103448,3.4258223643798336,13,182.0,0.22178353618995497,19,354.0,0.1657953432211686,12,977.0,0.15738138519385766,44,1513.0
2340.0,39,368.0,3.256637168141593,2.8213695283429585,19,264.0,0.131936449651782,15,371.0,0.21756164718492366,5,808.0,0.15301397085378465,39,1443.0
2345.0,38,389.0,3.324786324786325,3.7499375493231164,24,371.0,0.09782471166945424,11,307.0,0.2590034183067843,3,565.0,0.21200183918724183,38,1243.0
2350.0,45,528.0,4.4,4.214183125333498,27,492.0,0.09566296533284013,14,248.0,0.2670553338464512,4,431.0,0.2693274927593829,45,1171.0
2355.0,54,773.0,6.663793103448276,4.008632204485001,28,629.0,0.11341119798498688,20,271.0,0.19645170832401732,6,325.0,0.2925563481864217,54,1225.0
2360.0,59,996.0,8.3,3.3882984415292436,31,777.0,0.09375959341036648,23,337.0,0.1089875678769815,5,316.0,0.3387158552375384,59,1430.0
2365.0,61,908.0,7.5041322314049586,3.18390431463271,30,835.0,0.10081409256974902,22,393.0,0.08195219959702987,9,324.0,0.30952031385159107,61,1552.0
2370.0,52,619.0,5.336206896551724,3.3016823733941845,22,783.0,0.15446867105141837,17,362.0,0.1612677161609864,13,315.0,0.27313634750085186,52,1460.0
2375.0,36,421.0,3.5982905982905984,3.7836870767790898,19,653.0,0.18830783270292378,9,400.0,0.2701007289218048,8,219.0,0.20481662135396203,36,1272.0
2380.0,27,247.0,2.0245901639344264,3.5993407009948957,13,712.0,0.1937198122872551,9,416.0,0.166268352392822,5,230.0,0.2127403662271623,27,1358.0
2385.0,35,214.0,1.7258064516129032,4.049415300263477,11,740.0,0.17852777389532218,13,462.0,0.16804952722868582,11,263.0,0.21911546299367982,35,1465.0
2390.0,45,342.0,2.8983050847457625,3.682484462245541,13,799.0,0.13301423927731607,19,547.0,0.13370856292869004,13,317.0,0.17478047618913864,45,1663.0
2395.0,57,515.0,4.681818181818182,2.6555150305843678,11,765.0,0.1366641367332974,27,667.0,0.06902285222600234,19,402.0,0.12837199743105068,57,1834.0
2400.0,58,588.0,5.444444444444445,2.1268586740073268,5,609.0,0.17307975201040082,27,713.0,0.10181221356557624,26,519.0,0.05545510946883087,58,1841.0
2405.0,50,488.0,4.357142857142857,2.7637004712676925,8,625.0,0.13297380603167755,17,648.0,0.15287361321523382,25,565.0,0.13670797750754746,50,1838.0
2410.0,41,340.0,2.905982905982906,3.020436367499078,10,666.0,0.15805592903841809,14,711.0,0.1770531319968654,17,515.0,0.13426649704726926,41,1892.0
2415.0,46,286.0,2.4444444444444446,2.388443335287345,13,720.0,0.10909611783794654,12,773.0,0.08867954732773055,21,605.0,0.1045811954572534,46,2098.0
2420.0,49,346.0,3.008695652173913,2.644226722379745,15,790.0,0.1458657505707324,16,847.0,0.07112340824770573,18,697.0,0.11227537540267578,49,2334.0
2425.0,48,357.0,3.15929203539823,2.021115245953943,12,756.0,0.13162337201369367,16,820.0,0.08151121679568414,20,794.0,0.08265097998074597,48,2370.0
2430.0,41,256.0,2.3486238532110093,2.979111624787116,12,646.0,0.17902750368616904,12,687.0,0.2339593034369429,17,798.0,0.11700853254601193,41,2131.0
2435.0,33,179.0,1.6126126126126126,3.8891972593691992,12,524.0,0.22023013853898235,8,490.0,0.262091635411049,13,681.0,0.16398023434060974,33,1695.0
2440.0,33,171.0,1.5,4.771927889774224,14,477.0,0.3231042258974241,7,351.0,0.37089351616861094,12,554.0,0.16635653950979093,33,1382.0
2445.0,22,116.0,1.0357142857142858,4.752312854791561,9,466.0,0.39979799753949846,7,234.0,0.3042825255007668,6,473.0,0.21385497742873552,22,1173.0
2450.0,22,70.0,0.6363636363636364,4.938589988752084,6,468.0,0.3601692717744636,3,201.0,0.3540086404238663,13,523.0,0.17449108152467221,22,1192.0
2455.0,26,96.0,0.8727272727272727,3.94730989994266,6,442.0,0.23981999143505714,8,204.0,0.31316569391658317,12,581.0,0.16956294294565427,26,1227.0
2460.0,27,90.0,0.8256880733944955,3.559134542661077,7,366.0,0.2523202913900913,10,192.0,0.21653510731367293,10,561.0,0.20906049076502198,27,1119.0
2465.0,17,53.0,0.4690265486725664,4.0193778053234785,1,305.0,0.2819052061105015,10,148.0,0.26866447413040534,6,455.0,0.24237642319977798,17,908.0
2470.0,22,113.0,0.9658119658119658,4.259980037687226,8,315.0,0.2623113615603735,7,122.0,0.28810585337102024,7,457.0,0.1511916800098083,22,894.0
2475.0,37,244.0,2.103448275862069,3.371347636151128,16,378.0,0.15136043625405463,10,137.0,0.25566544587289486,11,498.0,0.10143627627036882,37,1013.0
2480.0,37,264.0,2.4,2.3740676553268987,22,470.0,0.14728621500434144,7,134.0,0.2527591162138822,8,478.0,0.10028746537674471,37,1082.0
2485.0,38,342.0,3.109090909090909,2.8518207102775266,27,592.0,0.05789843164410289,7,84.0,0.2500422375988966,4,374.0,0.14098867923030833,38,1050.0
2490.0,45,396.0,3.5357142857142856,3.558581083930879,29,641.0,0.06525122056614298,13,95.0,0.3056921630411647,3,261.0,0.15565118025627017,45,997.0
2495.0,37,373.0,3.3008849557522124,4.231576381671337,22,522.0,0.08565545249837687,14,163.0,0.30643039561653923,1,189.0,0.24114533656783563,37,874.0
2500.0,28,282.0,2.5871559633027523,5.070961710494173,18,472.0,0.1577254947283889,10,182.0,0.2955864857469233,0,125.0,0.38654152786550566,28,779.0
2505.0,19,128.0,1.1962616822429906,5.9361243814185825,14,447.0,0.2387101746662015,4,147.0,0.30766463857677934,1,47.0,0.5282117840376013,19,641.0
2510.0,16,92.0,0.9019607843137255,6.81491383448424,8,383.0,0.3177545848541769,5,89.0,0.3883974091213346,3,23.0,0.5976027080005126,16,495.0
2515.0,11,54.0,0.5346534653465347,6.775557035971087,3,343.0,0.3691861183945693,5,64.0,0.33964543626314586,3,27.0,0.6398158762790469,11,434.0
2520.0,12,64.0,0.6274509803921569,6.705354960500664,6,354.0,0.3553519211266904,3,66.0,0.3043882384235179,3,35.0,0.6057745828592473,12,455.0
2525.0,25,150.0,1.530612244897959,5.392702978106816,13,401.0,0.27424115557221995,8,92.0,0.21499100503660673,4,47.0,0.3872046353191194,25,540.0
2530.0,29,181.0,1.925531914893617,3.841205476265648,15,408.0,0.13582047298807132,9,118.0,0.1353662572793959,5,69.0,0.32915276520213227,29,595.0
2535.0,21,160.0,1.7391304347826086,4.846542948984211,11,327.0,0.21986222143143608,5,110.0,0.2654125679357962,5,96.0,0.4181218468312007,21,533.0
2540.0,15,66.0,0.6947368421052632,5.472108967645657,10,260.0,0.2326934290691559,4,80.0,0.3594129773415313,1,45.0,0.42977654931559395,15,385.0
2545.0,15,84.0,0.8842105263157894,6.739130856919746,8,226.0,0.2973505622057184,3,67.0,0.44341386086736423,4,19.0,0.5394679350802726,15,312.0
2550.0,11,101.0,1.1477272727272727,6.563672522538443,4,173.0,0.30485138092097785,3,56.0,0.4463388624705593,4,32.0,0.5105918670790142,11,261.0
2555.0,2,3.0,0.03488372093023256,5.9357573956420735,1,148.0,0.32258493367734525,1,38.0,0.38942132243509453,0,22.0,0.5128073375372368,2,208.0
2560.0,17,53.0,0.5955056179775281,5.374014951575461,7,146.0,0.3140263132039615,6,60.0,0.2713298028032565,4,19.0,0.4358395746633305,17,225.0
2565.0,32,133.0,1.4456521739130435,4.348136390704126,16,201.0,0.2165886059300483,7,81.0,0.1556175315087196,9,44.0,0.2654874260379893,32,326.0
2570.0,38,270.0,3.0681818181818183,3.600418209300534,20,289.0,0.15379084797737622,5,75.0,0.13289135789107032,13,98.0,0.30430523536958815,38,462.0
2575.0,33,267.0,3.0,3.519851904321516,22,341.0,0.14911028185194164,4,66.0,0.14783350743778056,7,116.0,0.38998714986973826,33,523.0
2580.0,22,136.0,1.511111111111111,4.470604206519092,19,330.0,0.1298780405777441,1,40.0,0.4955851175025302,2,76.0,0.4087048745211275,22,446.0
2585.0,23,129.0,1.4021739130434783,4.252730334901986,18,396.0,0.10072770427487562,4,39.0,0.4086137611561131,1,67.0,0.2704126249897078,23,502.0
2590.0,32,156.0,1.6595744680851063,3.8893195088669357,21,488.0,0.07542383424608433,4,47.0,0.31127548371595554,7,88.0,0.21757233886967456,32,623.0
2595.0,27,149.0,1.6931818181818181,2.786662529790331,13,507.0,0.11285341490072695,1,38.0,0.3291620683248097,13,142.0,0.19510170978202576,27,687.0
2600.0,19,98.0,1.101123595505618,3.5454685988907118,4,448.0,0.17044442853726924,0,32.0,0.45830284066026433,15,172.0,0.2020208691775673,19,652.0
2605.0,13,49.0,0.5157894736842106,4.820179718342762,3,336.0,0.2137242670776287,2,30.0,0.5195618741468229,8,148.0,0.23783393480430043,13,514.0
2610.0,8,36.0,0.3564356435643564,5.69114384548867,3,348.0,0.24215122741683714,2,31.0,0.5510484127102098,3,99.0,0.301832914383723,8,478.0
2615.0,11,52.0,0.5048543689320388,5.334368627355935,6,374.0,0.17709923251439688,2,34.0,0.48655973327300917,3,90.0,0.3795630656054941,11,498.0
2620.0,17,58.0,0.5979381443298969,4.274832387407451,7,365.0,0.15658018259228956,1,27.0,0.2595138048168805,9,117.0,0.31320916941548704,17,509.0
2625.0,26,128.0,1.3617021276595744,3.7930877568685477,4,298.0,0.21213896605917149,6,51.0,0.2294074085285952,15,177.0,0.18744309677969856,25,526.0
2630.0,28,165.0,1.736842105263158,3.148749371798948,4,299.0,0.18722768253681948,10,83.0,0.20374701948527918,14,211.0,0.11160991592347427,28,593.0
2635.0,27,133.0,1.33,3.7239791780071703,6,324.0,0.10974053372344675,10,111.0,0.2837206026303051,11,171.0,0.21506049055886756,27,606.0
2640.0,19,76.0,0.7676767676767676,3.9034973945003317,8,311.0,0.15036159555385914,6,85.0,0.290866026021765,5,177.0,0.2904468231062704,19,573.0
2645.0,14,39.0,0.3786407766990291,4.114586882505662,3,215.0,0.16710093817541638,4,92.0,0.26519845901495087,7,210.0,0.2768163628199354,14,517.0
2650.0,17,50.0,0.4807692307692308,3.9292296036055743,2,207.0,0.2022764179267325,5,104.0,0.31782912304483335,10,211.0,0.14757393673795413,17,522.0
2655.0,23,100.0,0.970873786407767,3.8743297649628174,7,229.0,0.13562502715115732,8,141.0,0.30108544451982033,8,166.0,0.191248984636713,23,536.0
2660.0,21,92.0,0.8932038834951457,4.1241465569181495,7,217.0,0.13400957544198233,8,146.0,0.21727614923244162,6,111.0,0.2676937412051923,21,474.0
2665.0,13,72.0,0.6990291262135923,5.104900371857938,3,123.0,0.20301062462290215,4,115.0,0.3573682149623725,6,85.0,0.37474685381311995,13,323.0
2670.0,15,94.0,0.9038461538461539,5.458237000467248,2,74.0,0.2475583163898231,5,135.0,0.33741456750890675,8,91.0,0.3620647402162019,15,300.0
2675.0,20,157.0,1.5242718446601942,4.829258558053514,3,59.0,0.21650665956353882,8,171.0,0.2809621341449157,9,125.0,0.3453231694560009,20,355.0
2680.0,21,90.0,0.8653846153846154,3.991746488955976,6,81.0,0.1907995708870956,8,176.0,0.14132107152468826,7,117.0,0.2880729752853221,21,374.0
2685.0,18,68.0,0.7010309278350515,4.375179675588511,7,87.0,0.23502444270388204,4,138.0,0.1853716365141122,7,75.0,0.33596357349471934,18,300.0
2690.0,17,104.0,1.1063829787234043,4.762677141626462,4,60.0,0.22628056232860136,3,96.0,0.29423370237793417,10,85.0,0.24801671196534547,17,241.0
2695.0,13,69.0,0.75,4.971506369956999,2,48.0,0.2753131698365069,3,98.0,0.3140141454419358,8,110.0,0.2777791337499917,13,256.0
2700.0,14,65.0,0.6632653061224489,5.855582854297444,2,40.0,0.3357576919907859,6,124.0,0.349634230626611,6,91.0,0.35436115180389255,14,255.0
2705.0,10,17.0,0.17346938775510204,5.449591602955903,2,23.0,0.34326292763051736,6,129.0,0.24406230779140992,2,73.0,0.36487137795086244,10,225.0
2710.0,14,33.0,0.336734693877551,5.403722997448131,8,40.0,0.3268923504637465,3,98.0,0.22650947717055134,3,82.0,0.3044521463462428,14,220.0
2715.0,17,67.0,0.7052631578947368,5.230053878890351,9,64.0,0.3178318698044872,1,65.0,0.21870345469461236,7,111.0,0.319858794089687,17,240.0
2720.0,21,112.0,1.2307692307692308,4.9224173515666285,9,62.0,0.22728136750116984,2,55.0,0.4092731905685475,10,156.0,0.29696612611670226,21,273.0
2725.0,19,78.0,0.8666666666666667,3.7902504502160634,7,87.0,0.16076709414462506,3,44.0,0.3474165912321577,9,167.0,0.23809697557754986,19,298.0
2730.0,27,113.0,1.1770833333333333,4.359057114777499,10,117.0,0.17317618549555433,10,78.0,0.27201281882989836,7,137.0,0.29149938416689786,27,332.0
2735.0,27,155.0,1.6666666666666667,4.290840219977484,14,177.0,0.10655061932792759,8,93.0,0.2329541639627883,5,95.0,0.3524966817843625,27,365.0
2740.0,25,117.0,1.2446808510638299,3.7638642048511985,17,219.0,0.12559688700674493,3,70.0,0.22227545664853476,5,112.0,0.27999350150374014,25,401.0
2745.0,25,106.0,1.1397849462365592,4.0151308388453675,14,215.0,0.17215098640314386,4,90.0,0.21023397916191297,7,144.0,0.29292924164884576,25,449.0
2750.0,25,99.0,1.064516129032258,4.140971505857591,12,183.0,0.17436716520965545,9,123.0,0.2391722530793374,4,139.0,0.26608788298299857,25,445.0
2755.0,17,46.0,0.48936170212765956,4.5335941319507675,6,204.0,0.21127848844414077,6,126.0,0.33175868837294165,5,106.0,0.26794935031231526,17,436.0
2760.0,19,62.0,0.6458333333333334,4.856314117167456,11,251.0,0.202590032312973,3,89.0,0.289232966469609,5,85.0,0.3566461705016061,19,425.0
2765.0,20,119.0,1.2526315789473683,4.95418645454496,14,316.0,0.18949526992124407,3,63.0,0.2639738441164159,3,76.0,0.43860272597615063,20,455.0
2770.0,21,131.0,1.3936170212765957,4.058589425143031,15,343.0,0.16942366170462356,2,67.0,0.22201542413630806,4,83.0,0.42154649204598466,21,493.0
2775.0,20,131.0,1.4086021505376345,3.994999025947897,10,284.0,0.10924708819186321,6,90.0,0.24433215019863533,4,79.0,0.35338909910376753,20,453.0
2780.0,20,112.0,1.1914893617021276,4.289617672616153,8,256.0,0.1985841543792101,11,141.0,0.2684206190157229,1,57.0,0.29407478857117897,20,454.0
2785.0,30,178.0,1.78,3.697764202594978,6,258.0,0.20375702398914677,15,206.0,0.1984149907463464,9,61.0,0.19257757278426646,30,525.0
2790.0,41,292.0,2.9494949494949494,3.222924719254024,12,301.0,0.1568531215431709,21,299.0,0.10785933411483661,8,78.0,0.21976181148713483,41,678.0
2795.0,36,268.0,2.68,2.974628672207972,8,302.0,0.18269596511786693,22,360.0,0.06808555369946044,6,74.0,0.18957566315462548,36,736.0
2800.0,24,149.0,1.4466019417475728,4.179270382902705,3,239.0,0.29341673150757375,16,357.0,0.22242560703881828,5,74.0,0.2556186272900594,24,670.0
2805.0,28,148.0,1.3703703703703705,4.309844902820234,6,260.0,0.2627142692617814,14,420.0,0.19037791553146044,8,98.0,0.2728268702160171,28,778.0
2810.0,36,226.0,2.073394495412844,3.6200116871960426,10,297.0,0.10579392817433274,17,497.0,0.14031548364835472,9,138.0,0.172669301977468,36,932.0
2815.0,41,288.0,2.823529411764706,2.6918815180328948,11,299.0,0.1222634237984815,19,583.0,0.07608318999486877,11,171.0,0.12223466150003759,41,1053.0
2820.0,34,254.0,2.5918367346938775,2.8056427171585763,5,204.0,0.15618479197346893,16,598.0,0.14316210086612205,13,198.0,0.11660448765963391,34,1000.0
2825.0,25,169.0,1.6568627450980393,3.706212806597408,3,217.0,0.2568524667135287,10,494.0,0.19930219031090532,12,231.0,0.16157714191666628,25,942.0
2830.0,27,153.0,1.457142857142857,3.90354471358149,8,250.0,0.23573214453847902,8,418.0,0.18490013054505247,11,283.0,0.20159309227685954,27,951.0
2835.0,26,117.0,1.1470588235294117,3.4338656740113187,8,236.0,0.17241304516172573,5,403.0,0.26851360302119565,13,343.0,0.17972146989379653,26,982.0
2840.0,29,139.0,1.404040404040404,3.5626652825806637,4,169.0,0.18059578062220635,11,443.0,0.21618371445108528,14,408.0,0.14499396330479422,29,1020.0
2845.0,24,118.0,1.2291666666666667,3.2975953323531244,5,177.0,0.1382677347977171,8,427.0,0.2501929315052047,11,434.0,0.10783296312103133,24,1038.0
2850.0,22,95.0,0.9895833333333334,3.388118625152637,10,217.0,0.13895381737495158,3,346.0,0.21517166940691007,9,404.0,0.14421405239885218,22,967.0
2855.0,22,78.0,0.8041237113402062,2.854369832578861,10,213.0,0.1238334501126588,4,360.0,0.1452404004589473,8,370.0,0.20603221065366994,22,943.0
2860.0,22,76.0,0.7835051546391752,3.1422839735595547,5,157.0,0.14051252884781454,10,394.0,0.17898300338864825,7,393.0,0.18360516501969404,22,944.0
2865.0,22,79.0,0.8144329896907216,3.1306845594178996,4,165.0,0.14031044345126978,8,384.0,0.19372725599761945,10,434.0,0.15158732339914685,22,983.0
2870.0,27,118.0,1.1683168316831682,3.2672783657488877,7,197.0,0.17598858234672335,8,308.0,0.1754788912883414,12,494.0,0.19757116391310398,27,999.0
2875.0,20,97.0,0.9797979797979798,3.3416421225283455,8,196.0,0.21249668396936608,4,289.0,0.1926187485445548,8,489.0,0.21404657299340404,20,974.0
2880.0,18,80.0,0.8,3.8401516687215174,4,152.0,0.18684565700020014,8,325.0,0.24684701644341125,6,426.0,0.22454441513778237,18,903.0
2885.0,19,69.0,0.6699029126213593,4.388209241220561,6,96.0,0.209021934780734,7,304.0,0.23179810457887137,6,334.0,0.1876918249308905,19,734.0
2890.0,17,54.0,0.5094339622641509,4.772151190434964,6,81.0,0.33644204641986214,5,222.0,0.2540408705697846,6,362.0,0.2240814595854489,17,665.0
2895.0,14,39.0,0.36792452830188677,4.796110209558559,2,63.0,0.3133984421553919,4,196.0,0.23967890678150633,8,397.0,0.2514259969089601,14,656.0
2900.0,22,95.0,0.9405940594059405,4.011416932624408,6,66.0,0.27283380251642636,7,223.0,0.1210951082786854,9,440.0,0.23016922902249132,22,729.0
2905.0,27,138.0,1.4680851063829787,2.957453458777046,12,111.0,0.14299145276437134,8,204.0,0.12642819037492545,7,428.0,0.23710002426453944,27,743.0
2910.0,33,186.0,2.0217391304347827,2.9118987103368252,19,192.0,0.14345802824730067,6,132.0,0.17978162356543226,8,370.0,0.2230016795614344,33,694.0
2915.0,31,281.0,2.8969072164948453,2.9233576929366434,22,297.0,0.09965052836972126,3,128.0,0.16857150655266315,6,324.0,0.23241140822136533,31,749.0
2920.0,34,284.0,2.784313725490196,2.8729969317831143,22,357.0,0.07857003246991173,7,153.0,0.17306623342181726,5,277.0,0.24618279396530127,34,787.0
2925.0,34,229.0,2.2450980392156863,2.7530343978229475,16,350.0,0.1265771222386006,13,211.0,0.154216862657681,5,287.0,0.18554633694134204,34,848.0
2930.0,37,284.0,2.84,3.0819547869871786,10,288.0,0.22087590013836625,20,297.0,0.13085450444881772,7,313.0,0.18792291859765212,37,898.0
2935.0,40,304.0,2.895238095238095,2.940134840603472,9,325.0,0.2141674118371363,22,346.0,0.07577280480129447,9,354.0,0.16302152378717438,40,1025.0
2940.0,41,233.0,2.2403846153846154,3.175640281275723,13,389.0,0.20714842931276106,18,331.0,0.09447777091362329,10,339.0,0.22604296097816468,41,1059.0
2945.0,37,233.0,2.33,3.596557711876721,15,462.0,0.20003048365338716,13,286.0,0.14347904732007283,9,310.0,0.25347645598901763,37,1058.0
2950.0,29,170.0,1.6666666666666667,3.314431023965134,11,461.0,0.1919275490401105,11,340.0,0.21199131465486473,7,340.0,0.21196810971401908,29,1141.0
2955.0,28,121.0,1.1308411214953271,3.46189994062594,7,380.0,0.17970502232676738,10,389.0,0.22956492742632556,11,376.0,0.16589532988708972,28,1145.0
2960.0,28,118.0,1.102803738317757,3.488831038133617,6,250.0,0.2514151666527218,8,385.0,0.2035344335281715,14,384.0,0.09883282753499364,28,1019.0
2965.0,21,88.0,0.8301886792452831,4.149072383564307,6,223.0,0.33062949274341946,5,333.0,0.24696825598049513,10,347.0,0.13570717210112682,21,903.0
2970.0,19,64.0,0.6037735849056604,4.279073396369777,4,221.0,0.3829447050929777,4,263.0,0.20951507984595957,11,384.0,0.18009445603768037,19,868.0
2975.0,19,95.0,0.9047619047619048,4.449481299229836,6,249.0,0.36958249457458514,2,184.0,0.21261398872991394,11,413.0,0.2075486427169674,19,846.0
2980.0,15,42.0,0.4117647058823529,4.451438827722532,3,238.0,0.3348924592130875,1,154.0,0.3018238245247837,11,405.0,0.199412256815145,15,797.0
2985.0,18,52.0,0.5252525252525253,4.148520960326889,4,186.0,0.24503174856055682,7,180.0,0.29526051676969167,7,347.0,0.17706601811503056,18,713.0
2990.0,12,31.0,0.3069306930693069,3.978711706147664,0,161.0,0.23653458637655253,7,175.0,0.27062839025720203,5,323.0,0.15872386431510188,12,659.0
2995.0,21,66.0,0.6666666666666666,3.8580152406658503,8,185.0,0.22395918456943112,5,127.0,0.21456416079689442,8,347.0,0.1673001191828847,21,659.0
3000.0,27,130.0,1.3131313131313131,3.661947014396127,8,187.0,0.25225353630423375,3,78.0,0.17445753241253972,16,408.0,0.1738802486483488,27,673.0
3005.0,19,102.0,1.0625,3.6271933478249885,4,143.0,0.2749276363130347,1,79.0,0.2837236393204673,14,418.0,0.16909540552960212,19,640.0
3010.0,18,85.0,0.85,4.207050905624071,1,79.0,0.271375262483505,7,98.0,0.2739968256325486,10,323.0,0.13587934845082258,18,500.0
3015.0,18,49.0,0.47572815533980584,3.738995258993457,2,70.0,0.27595978125199344,7,107.0,0.19750190176104918,9,362.0,0.11752913874714031,18,539.0
3020.0,22,78.0,0.7428571428571429,3.808195244066199,8,95.0,0.1748349183544192,3,77.0,0.18100596852428513,11,413.0,0.19093008914285914,22,585.0
3025.0,25,133.0,1.33,3.138788054546702,7,103.0,0.22197552273935858,3,76.0,0.1543971563648192,15,485.0,0.16233049047804068,25,664.0
3030.0,30,224.0,2.3333333333333335,2.6807030588756926,2,71.0,0.21999727170107478,7,106.0,0.18397617075117814,21,582.0,0.06346339944530088,30,759.0
3035.0,34,225.0,2.295918367346939,2.476282075054512,4,83.0,0.19716098859737305,8,115.0,0.11005649485727435,22,612.0,0.06339514537939824,34,810.0
3040.0,29,170.0,1.683168316831683,3.4722020075235394,9,118.0,0.16450310231521958,4,90.0,0.27046625560939114,16,524.0,0.14536654619400285,29,732.0
3045.0,26,185.0,1.8137254901960784,3.7166495780051108,13,178.0,0.20244737302987365,1,50.0,0.3158780573122648,12,545.0,0.18737311811137233,26,773.0
3050.0,28,163.0,1.613861386138614,3.1668412096821883,11,194.0,0.1850992382137868,1,44.0,0.30507656830371227,16,619.0,0.1352682452034352,28,857.0
3055.0,32,165.0,1.6336633663366336,3.270690704577731,8,151.0,0.15905551753500285,6,65.0,0.2879611125701604,18,705.0,0.091339878712238,32,921.0
3060.0,40,269.0,2.717171717171717,2.11211900685215,7,178.0,0.10704280325202499,11,114.0,0.1409311377044819,22,809.0,0.06042464519061001,40,1101.0
3065.0,52,380.0,3.8,1.7952135302481764,14,234.0,0.08849532934774937,18,193.0,0.04083357085356781,20,811.0,0.06437226991164419,52,1238.0
3070.0,52,427.0,4.357142857142857,2.0431189951574145,14,253.0,0.08077185884723459,22,299.0,0.11729352424778466,16,675.0,0.08143831330594042,52,1227.0
3075.0,37,326.0,3.326530612244898,2.9061105148618043,6,218.0,0.14780570091658232,16,346.0,0.22620000413152755,15,748.0,0.10347108653375162,37,1312.0
3080.0,28,199.0,1.9702970297029703,3.984207825464949,3,151.0,0.24190913260849178,11,309.0,0.23453013662179123,14,817.0,0.146348956222104,28,1277.0
3085.0,22,89.0,0.89,3.9793069877434135,3,152.0,0.28799021622367893,6,249.0,0.24353910428163558,13,790.0,0.1455543962298813,22,1191.0
3090.0,17,69.0,0.7419354838709677,4.608823190288686,7,179.0,0.24551614952058312,3,151.0,0.4096812597332066,7,657.0,0.21949520159405664,17,987.0
3095.0,12,33.0,0.35106382978723405,3.8663632364911975,6,180.0,0.272539627923746,2,133.0,0.4077099962874322,4,680.0,0.12458949662459548,12,993.0
3100.0,20,78.0,0.7959183673469388,3.768566285311523,2,132.0,0.24975405938339362,9,153.0,0.2821593821904659,9,717.0,0.11309668130917387,20,1002.0
3105.0,29,146.0,1.5368421052631578,3.042272744108123,4,128.0,0.20974585565838202,8,150.0,0.22591396118151877,17,781.0,0.08796922759523539,29,1059.0
3110.0,32,156.0,1.6421052631578947,2.728978371812811,9,160.0,0.18374423636578996,4,73.0,0.15948756519735074,19,768.0,0.11866116137667562,32,1001.0
3115.0,34,175.0,1.8421052631578947,2.797044274098295,14,219.0,0.15701433024417277,5,83.0,0.24633223734771295,15,645.0,0.1364032580847684,34,947.0
3120.0,34,179.0,1.8453608247422681,3.093089165461172,12,234.0,0.09563595333571409,8,112.0,0.2965901083498037,14,485.0,0.1309308598548962,34,831.0
3125.0,29,159.0,1.606060606060606,3.983230688015343,8,195.0,0.1348808665256842,11,161.0,0.3203885322672572,10,528.0,0.18207377597065685,29,884.0
3130.0,26,121.0,1.2346938775510203,4.514334748139626,4,134.0,0.22534418689104763,9,165.0,0.2980876722311132,13,581.0,0.14841362428020005,26,880.0
3135.0,18,68.0,0.723404255319149,4.0516547271876195,4,155.0,0.22989213060248542,6,121.0,0.229845725789869,8,560.0,0.19522028024868088,18,836.0
3140.0,18,52.0,0.5591397849462365,4.163543551075872,10,196.0,0.23402871945673717,3,105.0,0.2948938287204698,5,415.0,0.19478835031426464,18,716.0
3145.0,18,55.0,0.6111111111111112,3.829252945860169,5,192.0,0.23784440246987568,6,122.0,0.2883838201384602,7,440.0,0.18254149784701384,18,754.0
3150.0,15,51.0,0.5543478260869565,3.5175921179644942,1,132.0,0.26698262704365117,6,125.0,0.22885468868300526,8,469.0,0.11696421600515645,15,726.0
3155.0,9,31.0,0.34065934065934067,4.4595835402496435,0,76.0,0.3525457126472953,1,88.0,0.2901996174100513,8,444.0,0.1609206027928855,9,608.0
3160.0,7,18.0,0.1978021978021978,5.075341068206037,0,53.0,0.38441518480085946,1,91.0,0.33225529590647707,6,346.0,0.20196279406607856,7,490.0
3165.0,10,30.0,0.3333333333333333,4.489707762202558,0,33.0,0.4721402410072942,7,112.0,0.2316954254940369,3,327.0,0.15855337292729157,10,472.0
3170.0,20,101.0,1.1348314606741574,3.645693638902206,0,19.0,0.5173582913753673,13,165.0,0.11008583840723668,7,354.0,0.1428775879784073,20,538.0
3175.0,32,168.0,1.9764705882352942,2.4811731920236557,3,19.0,0.49097532777623937,15,198.0,0.0685624924021053,14,410.0,0.06885161466780702,32,627.0
3180.0,25,141.0,1.6395348837209303,3.1919599389295343,1,24.0,0.4397246670361448,9,178.0,0.1264831547650073,15,406.0,0.1535995282698897,25,608.0
3185.0,17,89.0,0.967391304347826,4.589797992230352,1,18.0,0.4255775665749801,6,124.0,0.2554611701616624,10,328.0,0.2125735544719872,17,470.0
3190.0,18,56.0,0.6021505376344086,5.405189297049235,4,33.0,0.44224188984988144,7,152.0,0.34250131592575167,7,201.0,0.21494794457661198,18,386.0
3195.0,25,108.0,1.148936170212766,4.315453017872233,8,67.0,0.2627651200521295,12,205.0,0.23422631301747093,5,230.0,0.18502215690360627,25,502.0
3200.0,36,219.0,2.4065934065934065,3.3656925860020435,11,99.0,0.21471174917922925,14,269.0,0.12573960370907547,11,273.0,0.1610892878575247,36,641.0
3205.0,40,258.0,2.898876404494382,2.4909936723756894,10,148.0,0.12407516874618481,15,305.0,0.09254872619123582,15,340.0,0.12569963144089413,40,793.0
3210.0,34,207.0,2.3,3.051822373163174,12,202.0,0.1774405954912176,9,278.0,0.13400467523531698,13,346.0,0.19521972763458786,34,826.0
3215.0,24,109.0,1.1978021978021978,4.043652204253341,8,220.0,0.22278810903530613,5,209.0,0.2915923536042505,11,295.0,0.1981184942158953,24,724.0
3220.0,19,61.0,0.6853932584269663,3.7390322534617204,5,200.0,0.277785963684909,4,235.0,0.3424691116445812,10,338.0,0.14844340352484708,19,773.0
3225.0,23,82.0,0.8913043478260869,2.604077022432315,1,185.0,0.23992092008603993,9,265.0,0.12366083493728947,13,393.0,0.0833258415228483,23,843.0
3230.0,25,100.0,1.075268817204301,2.2507707846217513,6,206.0,0.13640717043411668,6,264.0,0.184492318146863,13,396.0,0.08699631786516528,25,866.0
3235.0,17,50.0,0.5434782608695652,3.583098922805899,6,208.0,0.21879437866528909,1,198.0,0.33833062869858394,10,300.0,0.18018417775445522,17,706.0
3240.0,8,16.0,0.1702127659574468,4.573061366994978,0,156.0,0.2912158650270618,1,116.0,0.44108468007848217,7,333.0,0.20270570173405042,8,605.0
3245.0,14,46.0,0.4842105263157895,3.8277341437296046,3,140.0,0.26172282661775914,1,63.0,0.3895536197226667,10,380.0,0.1374786809050202,14,583.0
3250.0,21,125.0,1.3157894736842106,3.2544595463617947,7,166.0,0.21423301484524834,1,53.0,0.4986407502200803,13,441.0,0.08493822640282998,21,660.0
3255.0,29,175.0,1.8421052631578947,2.327401608231626,13,223.0,0.12960574970552263,2,46.0,0.408181937096602,14,444.0,0.0904792344104134,29,713.0
3260.0,30,162.0,1.653061224489796,3.005658782439239,13,243.0,0.15071467413763345,6,72.0,0.31489915714201583,11,377.0,0.15313422384885586,30,692.0
3265.0,23,96.0,0.9696969696969697,3.325208833683578,7,193.0,0.16109892022225408,5,74.0,0.3132177632889273,11,407.0,0.12127890187603278,23,674.0
3270.0,28,83.0,0.8383838383838383,3.793595122564107,8,136.0,0.2003902422917407,4,71.0,0.377530814608539,16,481.0,0.08548720890509422,28,688.0
3275.0,30,137.0,1.4421052631578948,2.343855452210019,4,149.0,0.15573964537606425,5,90.0,0.14468537632072112,21,582.0,0.08147773003780767,30,821.0
3280.0,36,186.0,1.9787234042553192,2.1502422884476817,11,183.0,0.10101419613799398,8,123.0,0.07935474533790518,17,601.0,0.10859842553799363,36,907.0
3285.0,36,243.0,2.557894736842105,2.6673066872699818,12,239.0,0.13994081749987805,11,173.0,0.16500463819053557,13,536.0,0.13590125761211397,36,948.0
3290.0,38,285.0,3.0,2.9234679585382297,10,242.0,0.18501372959599738,15,241.0,0.22954788207141105,13,446.0,0.13434112143826493,38,929.0
3295.0,32,199.0,2.0306122448979593,3.4831784498544884,8,182.0,0.16954528429108917,14,254.0,0.2751247945601681,10,488.0,0.15978583272607438,32,924.0
3300.0,30,185.0,1.85,3.967746718750697,7,190.0,0.23208372695203783,10,203.0,0.2872080034247601,13,551.0,0.15888689110831491,30,944.0
3305.0,28,162.0,1.653061224489796,3.6398802232130136,10,232.0,0.23270607062950138,9,202.0,0.24937629802518638,9,545.0,0.15331610540698656,28,979.0
3310.0,16,85.0,0.9042553191489362,3.871732086158716,6,213.0,0.3017518083232773,6,220.0,0.2967901954947491,4,448.0,0.18638168974209762,16,881.0
3315.0,6,40.0,0.42105263157894735,4.893915754881587,1,165.0,0.31433737158079456,3,201.0,0.43725471503805124,2,309.0,0.2249641368203245,6,675.0
3320.0,2,2.0,0.02040816326530612,5.303890159166183,2,151.0,0.29218984525473085,0,187.0,0.4413987370260131,0,228.0,0.2752334507031719,2,566.0
3325.0,14,47.0,0.4519230769230769,5.185693694685075,7,177.0,0.10558995466167988,6,185.0,0.38096618732224247,1,130.0,0.35032945232287777,14,492.0
3330.0,21,102.0,1.0515463917525774,4.3890112221651165,14,228.0,0.09549906512454023,6,187.0,0.24663991161186252,1,118.0,0.40495335953052936,21,533.0
3335.0,27,184.0,1.978494623655914,3.855047251758655,16,303.0,0.15701670347788044,3,153.0,0.18648272529556903,8,144.0,0.3352732883081917,27,600.0
3340.0,32,211.0,2.2688172043010755,3.9237542244673156,13,327.0,0.25688058601901653,3,121.0,0.2500246201262732,16,198.0,0.23155665919581742,32,646.0
3345.0,26,138.0,1.5,3.9845008557980277,12,283.0,0.24460948730768461,0,67.0,0.5435067311975913,14,221.0,0.1548154703913737,26,571.0
3350.0,24,116.0,1.2210526315789474,4.282749399076469,10,211.0,0.2536748432939928,3,74.0,0.4290648167698771,11,184.0,0.148622955137935,24,469.0
3355.0,25,105.0,1.0824742268041236,4.533522238137475,8,233.0,0.2186194996411065,7,100.0,0.35469732773895646,10,158.0,0.19003265656052468,25,491.0
3360.0,25,97.0,1.0,4.355572355019597,14,291.0,0.12908019695214262,4,99.0,0.3018663023549441,7,168.0,0.23656134428941486,25,558.0
3365.0,21,86.0,0.9347826086956522,4.327400250851272,11,316.0,0.19927887065489214,3,58.0,0.2961447963660355,7,199.0,0.22905182786538122,21,573.0
3370.0,16,45.0,0.5172413793103449,4.338494369425673,4,270.0,0.30484752162085843,2,38.0,0.4398655026642674,10,201.0,0.17651369217321722,16,509.0
3375.0,11,20.0,0.2247191011235955,4.723617435129721,5,286.0,0.2628695251021559,0,34.0,0.5018971312940451,6,167.0,0.2304572112759329,11,487.0
3380.0,11,46.0,0.5,4.419404862888951,7,319.0,0.14430066966046887,0,22.0,0.5472546784516976,4,123.0,0.23457905258264977,11,464.0
3385.0,11,38.0,0.40425531914893614,4.132292334817549,8,317.0,0.1257022183522688,1,20.0,0.5347794015380676,2,120.0,0.2460587250951707,11,457.0
3390.0,14,54.0,0.5806451612903226,4.4765454828818445,5,265.0,0.17978790106211223,1,21.0,0.6117373377901808,8,148.0,0.1959752222932734,14,434.0
3395.0,10,46.0,0.5111111111111111,4.4291745022277,2,184.0,0.25829072635920985,1,23.0,0.4896983534915098,7,151.0,0.16320349833354955,10,358.0
3400.0,7,40.0,0.4444444444444444,5.275173284460182,0,138.0,0.34430478825826927,1,30.0,0.5315494121099793,6,117.0,0.18927301875426614,7,285.0
3405.0,6,17.0,0.19101123595505617,5.576598211094541,1,117.0,0.3158437271233476,1,8.0,0.5570372857945473,4,67.0,0.21221855638847748,6,192.0
3410.0,12,39.0,0.43333333333333335,4.940089472629638,6,137.0,0.24851496407854481,4,22.0,0.403378831304625,2,63.0,0.21660627212050454,12,222.0
3415.0,23,113.0,1.2840909090909092,3.554328097822992,13,191.0,0.153902939239269,3,30.0,0.24722466163338333,7,86.0,0.20211249624637775,23,307.0
3420.0,29,186.0,2.2142857142857144,3.166505202505957,19,275.0,0.168512927573635,3,30.0,0.2752485460793931,7,97.0,0.2135228266971842,29,402.0
3425.0,24,168.0,1.9764705882352942,3.7422728795261264,18,318.0,0.18266843269514563,1,26.0,0.44143402843710694,5,67.0,0.2069284360824846,24,411.0
3430.0,19,96.0,1.0909090909090908,3.9441892730853705,14,295.0,0.1462337311082192,1,23.0,0.5689233322909836,4,76.0,0.1637319555296458,19,394.0
3435.0,21,107.0,1.1888888888888889,4.123546250000591,11,245.0,0.17165102871141566,3,35.0,0.45991949653705233,7,103.0,0.1288469803424402,21,383.0
3440.0,31,178.0,2.0,3.648276335419276,8,196.0,0.2304959876510761,8,67.0,0.2424056845806051,15,161.0,0.09755322504538794,31,424.0
3445.0,27,156.0,1.793103448275862,3.340839285839666,6,229.0,0.2845356455416627,7,85.0,0.20135692136593447,14,195.0,0.10736903647429835,27,509.0
3450.0,22,104.0,1.1818181818181819,4.01900765375812,8,270.0,0.23466048387293983,3,75.0,0.3309377204279931,11,192.0,0.17436446856541346,22,537.0
3455.0,22,73.0,0.8202247191011236,3.6003443096714403,6,266.0,0.20493467083151842,3,72.0,0.3596094943296864,13,249.0,0.1224197810859839,22,587.0
3460.0,27,88.0,1.0114942528735633,3.2647309864077263,5,226.0,0.18888688941296683,5,85.0,0.40134914385265374,17,324.0,0.07733324770786552,27,635.0
3465.0,25,106.0,1.1777777777777778,3.548790863208917,2,169.0,0.29423463266788946,9,116.0,0.2746533839745352,14,355.0,0.09891593030977724,25,640.0
3470.0,15,64.0,0.7111111111111111,3.8898017902911812,1,155.0,0.2156553469260182,7,128.0,0.2761543262619052,7,317.0,0.14561310622470047,15,600.0
3475.0,21,67.0,0.7362637362637363,3.838740374820055,8,183.0,0.23836794468774902,7,108.0,0.2703834851089489,6,353.0,0.14066477753299358,21,644.0
3480.0,21,84.0,0.9438202247191011,3.3306429782202853,5,182.0,0.2753551865142328,5,134.0,0.2701308674396042,11,401.0,0.092697110199327,21,717.0
3485.0,18,72.0,0.8089887640449438,3.2873546205450506,3,131.0,0.26195627049064296,5,153.0,0.172931486728619,10,404.0,0.09487624980758484,18,688.0
3490.0,16,47.0,0.5340909090909091,3.6511907608303678,4,138.0,0.15975992434231248,5,154.0,0.23811693537401385,7,328.0,0.13453721733639523,16,620.0
3495.0,15,49.0,0.5384615384615384,4.661103888462132,8,170.0,0.21668622660014084,3,115.0,0.37362438091792993,4,251.0,0.22766820569081958,15,536.0
3500.0,17,90.0,0.989010989010989,4.712820408395515,11,218.0,0.20365126321138777,2,72.0,0.5352358635949231,4,266.0,0.22419155028797066,17,556.0
3505.0,22,171.0,1.9213483146067416,3.938544073240667,14,281.0,0.17241734689425056,1,46.0,0.4823438879808602,7,294.0,0.1695307379116015,22,621.0
3510.0,26,150.0,1.6853932584269662,3.2859242468412875,15,293.0,0.17360983806459773,2,36.0,0.4279239765612098,9,290.0,0.17645784817770968,26,619.0
3515.0,19,92.0,1.0454545454545454,3.903724206476976,10,241.0,0.18679237977994678,1,37.0,0.4724140720073214,8,218.0,0.2077818855769513,19,496.0
3520.0,16,89.0,0.978021978021978,4.7958341589638,10,251.0,0.18801616168898008,3,38.0,0.5677510770664488,3,149.0,0.2335719226619074,16,438.0
3525.0,17,71.0,0.7553191489361702,4.282402768841548,14,312.0,0.10412247109921885,1,30.0,0.5500519718895468,2,149.0,0.2167191139726717,17,491.0
3530.0,20,87.0,0.925531914893617,3.8576236541820172,12,337.0,0.17238651984822856,0,2.0,0.506981551836247,8,179.0,0.1981976384166282,20,518.0
3535.0,18,102.0,1.0851063829787233,4.271455354337727,3,281.0,0.3174443035798021,1,5.0,0.3191636807158298,14,235.0,0.15854728105364707,18,521.0
3540.0,25,119.0,1.3370786516853932,3.5024474890292643,3,295.0,0.24195287224137352,6,28.0,0.21071056515565145,16,260.0,0.13819431055730438,25,583.0
3545.0,24,106.0,1.1777777777777778,3.4523871520525353,9,329.0,0.09849342502123892,2,37.0,0.3624282453715178,13,230.0,0.12383507480717519,24,596.0
3550.0,21,92.0,1.069767441860465,3.998893294357849,10,328.0,0.14359226615900283,0,11.0,0.7010488416928182,11,193.0,0.17896095163425152,21,532.0
3555.0,13,49.0,0.5568181818181818,5.329320324368301,4,274.0,0.23608884621186907,0,4.0,0.8563835797520521,9,178.0,0.23175546996545615,13,456.0
3560.0,9,46.0,0.5411764705882353,6.415733758593893,2,194.0,0.23922454711685634,1,5.0,0.7451759210873828,6,172.0,0.30330384383889053,9,371.0
3565.0,9,49.0,0.5833333333333334,6.226001382454153,3,206.0,0.17332152355411434,3,17.0,0.5598232097789677,3,154.0,0.40961406643725895,9,377.0
3570.0,14,80.0,0.975609756097561,5.740405558785355,9,239.0,0.10118936165022249,3,23.0,0.4161969855708051,2,132.0,0.5637685589545651,14,394.0
3575.0,10,80.0,1.0256410256410255,6.1419177704292505,6,247.0,0.2166193040585367,2,21.0,0.33691886828525824,2,108.0,0.6224049949700523,10,376.0
3580.0,8,70.0,0.8860759493670886,7.209489658673918,3,192.0,0.36692627898222446,1,18.0,0.39093854600486005,4,92.0,0.6073531626949862,8,302.0
3585.0,5,5.0,0.06329113924050633,6.7435915980477725,2,118.0,0.38432994388641933,1,19.0,0.3840332597648686,2,33.0,0.49081909478385033,5,170.0
3590.0,13,47.0,0.6025641025641025,5.305500603230218,1,126.0,0.2808349491396481,4,33.0,0.3523984519705592,8,54.0,0.20586869942145106,13,213.0
3595.0,22,113.0,1.527027027027027,3.2670508051154563,6,147.0,0.12041922359082712,4,40.0,0.279689055225952,12,102.0,0.041325551675450586,22,289.0
3600.0,28,178.0,2.5428571428571427,2.9723161372502394,8,149.0,0.21307033691710056,2,33.0,0.20912048987956103,18,178.0,0.1623551397808256,28,360.0
