step,system_total_stopped,system_total_waiting_time,system_mean_waiting_time,system_mean_speed,A0_stopped,A0_accumulated_waiting_time,A0_average_speed,B0_stopped,B0_accumulated_waiting_time,B0_average_speed,C0_stopped,C0_accumulated_waiting_time,C0_average_speed,agents_total_stopped,agents_total_accumulated_waiting_time
5.0,1,0.0,0.0,0.8568954022135586,0,0.0,1.0,0,0.0,1.0,1,0.0,0.051663624182803194,1,0.0
10.0,1,0.0,0.0,6.591442670708057,0,0.0,1.0,0,0.0,1.0,1,0.0,0.44248116167190216,1,0.0
15.0,0,0.0,0.0,10.466687571229423,0,0.0,0.36960313401221595,0,0.0,1.0,0,0.0,0.8398056844057378,0,0.0
20.0,0,0.0,0.0,11.4582092046486,0,0.0,0.6056449990333501,0,0.0,1.0,0,0.0,0.9855393832565802,0,0.0
25.0,0,0.0,0.0,11.198895452793478,0,0.0,0.8765108337666216,0,0.0,1.0,0,0.0,0.6320129857321113,0,0.0
30.0,1,0.0,0.0,7.361195424869038,0,0.0,0.7019051336967463,0,0.0,1.0,1,0.0,0.11806927024908548,1,0.0
35.0,0,0.0,0.0,7.890499886035787,0,0.0,0.364737211717437,0,0.0,0.9357628005654614,0,0.0,0.7953536121886111,0,0.0
40.0,3,8.0,0.7272727272727273,8.729302690946717,2,8.0,0.46690631932389043,0,0.0,0.9520401046801853,1,0.0,0.5037328366567478,3,8.0
45.0,3,18.0,1.5,7.939268075755327,2,18.0,0.28005265351398295,0,0.0,0.9288620771567571,1,0.0,0.650097038467719,3,18.0
50.0,2,4.0,0.2857142857142857,6.709772902898601,0,15.0,0.4175150974951847,2,4.0,0.000954379182441696,0,0.0,0.7307657578284117,2,19.0
55.0,3,14.0,0.8235294117647058,7.615825453241946,0,0.0,0.6203802863708231,2,16.0,0.5743095676873902,1,0.0,0.4649959229516926,3,16.0
60.0,3,28.0,1.5555555555555556,9.418887566286752,0,0.0,0.8968085784444021,2,26.0,0.6350125064161196,1,4.0,0.5134539630514565,3,30.0
65.0,1,9.0,0.5,9.930147056349162,0,0.0,0.5828354588964406,0,2.0,0.742751271089739,1,9.0,0.7203917880252159,1,11.0
70.0,2,14.0,0.6666666666666666,10.015656268015409,0,2.0,0.6101595547180815,0,0.0,0.8340194491531511,2,16.0,0.5902838452581649,2,18.0
75.0,1,19.0,0.9047619047619048,10.381491659961844,0,2.0,0.8069502316387058,0,0.0,0.772700802498278,1,21.0,0.7138768506494739,1,23.0
80.0,1,24.0,1.0909090909090908,10.545959688172653,0,0.0,0.7348376259873158,0,2.0,0.9579970753621307,1,26.0,0.6970921105032959,1,28.0
85.0,2,4.0,0.18181818181818182,9.275323511319108,0,0.0,0.7413209838712302,0,2.0,0.9795299119064625,2,6.0,0.53011197026712,2,8.0
90.0,7,27.0,1.08,6.844447082868867,1,5.0,0.4179950410534467,0,2.0,0.7529345251060559,6,24.0,0.35658392220195273,7,31.0
95.0,1,1.0,0.041666666666666664,6.233686777004034,0,1.0,0.7485552094138981,0,0.0,0.4659751659775858,1,22.0,0.32879835871789337,1,23.0
100.0,2,5.0,0.20833333333333334,9.445424791401019,1,0.0,0.5566544758295637,1,9.0,0.7321198693140242,0,1.0,0.6708060726893192,2,10.0
105.0,1,1.0,0.038461538461538464,10.374735971561275,0,0.0,0.5530530161512747,0,4.0,0.9377050315009182,1,1.0,0.6636654778037165,1,5.0
110.0,2,8.0,0.32,9.899987395155208,2,10.0,0.49423619028674776,0,4.0,0.9536012315915012,0,0.0,0.31262837821451783,2,14.0
115.0,4,13.0,0.6190476190476191,7.399010437424592,0,2.0,0.5450151197062767,1,3.0,0.3426249735796961,3,12.0,0.23899787983889773,4,17.0
120.0,7,44.0,2.588235294117647,5.625735143070281,1,7.0,0.7310644203873178,3,16.0,0.18788265997572945,3,27.0,0.015497906925563678,7,50.0
125.0,5,46.0,2.875,5.8051104080543325,0,0.0,0.7989617016208679,0,11.0,0.4222137143020801,5,46.0,1.7548191774111547e-05,5,57.0
130.0,1,2.0,0.11764705882352941,8.244487139317359,1,2.0,0.4892529245584471,0,2.0,0.9677875950763554,0,26.0,0.48800116218470346,1,30.0
135.0,2,0.0,0.0,9.347041134920858,1,0.0,0.7522146035682973,0,2.0,0.8088808626035084,1,2.0,0.6004107126516673,2,4.0
140.0,0,0.0,0.0,10.25283389050097,0,0.0,0.7004583122906511,0,2.0,0.944252258523492,0,2.0,0.7054990497967408,0,4.0
145.0,3,7.0,0.4117647058823529,8.946620881306952,1,5.0,0.5674068218421912,0,2.0,0.9703256254354155,2,4.0,0.38790543366520697,3,11.0
150.0,4,9.0,0.5294117647058824,8.388355946506792,2,3.0,0.3493038187216135,0,0.0,1.0,2,10.0,0.5781031982065522,4,13.0
155.0,1,6.0,0.35294117647058826,10.139462382908594,1,6.0,0.6698000335884953,0,0.0,0.2233364346768622,0,4.0,0.7143555357178476,1,10.0
160.0,2,12.0,0.75,11.085140528623427,1,11.0,0.7552053234854149,0,0.0,0.8866086015665198,1,1.0,0.5340580505002391,2,12.0
165.0,2,17.0,1.2142857142857142,9.483497720698667,2,17.0,0.48234748198199184,0,0.0,0.931672756199427,0,0.0,0.6802974315694046,2,17.0
170.0,2,3.0,0.21428571428571427,8.57898350414069,0,4.0,0.4298194920012297,0,0.0,0.9843650044530164,2,3.0,0.46820529631229973,2,7.0
175.0,2,0.0,0.0,9.672452161880758,0,0.0,0.7921923322174619,0,2.0,0.7949154192783624,2,0.0,0.4192018516857826,2,2.0
180.0,1,0.0,0.0,10.968378844235355,1,0.0,0.7074625249008155,0,2.0,0.9416808238951173,0,0.0,0.542205665650799,1,2.0
185.0,1,4.0,0.21052631578947367,10.243316774732174,0,0.0,0.6781706734240387,0,2.0,0.744476887571487,1,4.0,0.5495377087516452,1,6.0
190.0,0,0.0,0.0,9.435901195020325,0,0.0,0.6568047576320645,0,0.0,0.6273281831410085,0,2.0,0.6848097162804032,0,2.0
195.0,3,6.0,0.2857142857142857,8.742751956125304,1,4.0,0.5358882274020952,1,1.0,0.0027792731279998625,1,1.0,0.5959751454012782,3,6.0
200.0,2,1.0,0.045454545454545456,8.115408585073686,2,1.0,0.47305936913718544,0,0.0,1.0,0,2.0,0.6376231419793255,2,3.0
205.0,1,6.0,0.2608695652173913,9.818252922680538,1,6.0,0.5173550599363329,0,3.0,0.7542187817521523,0,2.0,0.7968219514997159,1,11.0
210.0,4,16.0,0.6153846153846154,9.452772494196408,2,15.0,0.5339959180243673,1,3.0,0.7992980976725443,1,3.0,0.5961899368532382,4,21.0
215.0,3,11.0,0.4074074074074074,9.368054948356262,0,0.0,0.8579713925520341,0,1.0,0.7701887186690227,3,13.0,0.3864083842651488,3,14.0
220.0,5,10.0,0.3448275862068966,7.718508841978222,2,3.0,0.5416051638858599,1,5.0,0.5234347423688587,2,13.0,0.3639943477499226,5,21.0
225.0,1,7.0,0.2916666666666667,9.361008268382333,0,3.0,0.6535307400951672,0,2.0,0.9214299807711852,1,7.0,0.6241398696211906,1,12.0
230.0,1,12.0,0.42857142857142855,10.654949015688185,0,0.0,0.7447315231659579,0,4.0,0.7997468856826355,1,12.0,0.6592778216554613,1,16.0
235.0,1,2.0,0.07142857142857142,10.689459391850255,1,2.0,0.6321068378546111,0,4.0,0.8942615046033449,0,0.0,0.7377675510571031,1,6.0
240.0,4,12.0,0.46153846153846156,8.100399363337054,1,3.0,0.4045270758363886,1,8.0,0.638214144623199,2,5.0,0.4371803546944855,4,16.0
245.0,7,37.0,1.608695652173913,4.655009145318325,2,13.0,0.2909319997067665,0,3.0,0.2634541797494655,5,24.0,0.1413587551664362,7,40.0
250.0,2,8.0,0.38095238095238093,7.61147767695105,0,4.0,0.7466315823701799,0,0.0,1.0,2,27.0,0.45441405101411964,2,31.0
255.0,0,0.0,0.0,11.547458139213514,0,2.0,0.7411008693416491,0,4.0,0.8929971989522226,0,4.0,0.8345716472658246,0,10.0
260.0,2,0.0,0.0,10.723480150132694,0,2.0,0.8935259629172704,1,4.0,0.8281900116141018,1,0.0,0.5551223112837511,2,6.0
265.0,1,5.0,0.2,9.901824961660715,0,0.0,0.490959146741341,0,4.0,0.7726997512824879,1,5.0,0.4786558363752975,1,9.0
270.0,7,24.0,1.0,7.962868582990292,2,5.0,0.45153575004294383,4,13.0,0.45902175061509515,1,10.0,0.479472110755582,7,28.0
275.0,2,4.0,0.15384615384615385,6.804846348818851,0,4.0,0.6080917652325063,2,16.0,0.15737349013669183,0,0.0,0.5476436168014845,2,20.0
280.0,2,8.0,0.32,9.689746936107847,0,2.0,0.8721767124651026,1,9.0,0.4020516645920857,1,3.0,0.680430518741674,2,14.0
285.0,2,7.0,0.3181818181818182,9.373449482630802,0,2.0,0.7065942414454028,1,3.0,0.5041938473499693,1,8.0,0.7926815252112343,2,13.0
290.0,4,14.0,0.6086956521739131,7.897714969903369,1,2.0,0.4917446442290571,3,18.0,0.3575624590387134,0,2.0,0.7842237333999827,4,22.0
295.0,7,40.0,1.9047619047619047,6.7229479708971205,1,5.0,0.32051939198871965,4,38.0,0.5067354957788418,2,5.0,0.35876490518076604,7,48.0
300.0,2,10.0,0.45454545454545453,7.108985972199853,1,5.0,0.25058876424905985,0,29.0,0.5551598718975579,1,10.0,0.5320573638925141,2,44.0
305.0,1,3.0,0.14285714285714285,10.457061837091388,1,5.0,0.6803926324851317,0,4.0,0.7113419529669838,0,2.0,0.9419160896109036,1,11.0
310.0,2,9.0,0.42857142857142855,10.144612618973037,1,10.0,0.6834836775196912,0,0.0,0.49372252006848344,1,3.0,0.7131079332492556,2,13.0
315.0,4,11.0,0.5238095238095238,8.19896078072843,1,2.0,0.6941786665187828,2,5.0,0.0006618173930855991,1,8.0,0.4931276737601232,4,15.0
320.0,4,15.0,0.7142857142857143,5.780622361780702,1,3.0,0.21900993141389036,0,5.0,0.4958956885743251,3,16.0,0.3167479055970526,4,24.0
325.0,10,55.0,2.75,5.586854683016467,6,27.0,0.3509195204027573,0,0.0,0.88042515488329,4,34.0,0.1838130289603364,10,61.0
330.0,1,7.0,0.3684210526315789,6.687405813659861,1,30.0,0.553057606492721,0,0.0,1.0,0,16.0,0.31238158917668885,1,46.0
335.0,1,1.0,0.045454545454545456,10.20644331650577,1,10.0,0.6067236557949065,0,4.0,0.8110580270315808,0,0.0,0.6407803189509171,1,14.0
340.0,2,5.0,0.21739130434782608,9.365177461283269,2,14.0,0.3872677585053752,0,4.0,0.8466014746798338,0,0.0,0.9080313847929865,2,18.0
345.0,5,28.0,1.1666666666666667,8.996288021549876,5,37.0,0.3002854224363471,0,4.0,0.6904328795992768,0,0.0,0.8248557917807849,5,41.0
350.0,4,8.0,0.4,4.7543142388853745,1,30.0,0.15534254349189144,2,7.0,0.1947504393533266,1,2.0,0.4913362662292089,4,39.0
355.0,8,32.0,1.6842105263157894,6.196259594370634,2,8.0,0.2391294648854478,4,23.0,0.3569367011542411,2,10.0,0.48322643432326307,8,41.0
360.0,9,72.0,3.272727272727273,5.777479352499171,1,10.0,0.30264611018929305,5,48.0,0.3997461914211472,3,20.0,0.19194443589377416,9,78.0
365.0,2,4.0,0.17391304347826086,6.782281158158169,0,0.0,0.9333886691571412,1,36.0,0.39093734312359124,1,14.0,0.41432635087677644,2,50.0
370.0,3,11.0,0.4782608695652174,8.834476836959732,0,2.0,0.8606940755383848,3,15.0,0.448077916415977,0,2.0,0.6809492773182529,3,19.0
375.0,2,1.0,0.041666666666666664,8.583337955188254,1,2.0,0.5770115249924987,1,7.0,0.5629860234905136,0,2.0,0.7118189038145173,2,11.0
380.0,5,12.0,0.4444444444444444,8.86598587315904,1,0.0,0.5707902840974348,2,12.0,0.5176709592522987,2,4.0,0.5360693234007238,5,16.0
385.0,6,38.0,1.4615384615384615,6.526618849416915,0,0.0,0.71021837069458,3,26.0,0.15400028962659837,3,16.0,0.37287926705863467,6,42.0
390.0,9,55.0,1.896551724137931,4.890165721407616,1,5.0,0.48517353915474737,8,52.0,0.03821790959467852,0,15.0,0.3509469560088501,9,72.0
395.0,3,20.0,0.6896551724137931,7.927655859612284,2,14.0,0.5993159343588921,1,46.0,0.4653013363365656,0,0.0,0.631220545271486,3,60.0
400.0,4,6.0,0.1875,7.921752824063058,0,2.0,0.515812681543687,1,10.0,0.59223363966246,3,6.0,0.5515419622917251,4,18.0
405.0,5,24.0,0.6857142857142857,8.744292869754736,1,7.0,0.6272904320294923,1,14.0,0.6358870781942444,3,20.0,0.5525569423876154,5,41.0
410.0,10,58.0,1.45,7.726177387568077,2,15.0,0.6114879674319654,3,21.0,0.4291739914154956,5,38.0,0.46073445471291125,10,74.0
415.0,13,97.0,2.5526315789473686,6.659600421509326,0,0.0,0.6285035409249574,4,39.0,0.4597412080550262,9,72.0,0.2625000755521859,13,111.0
420.0,15,136.0,3.7777777777777777,4.759679086980999,3,9.0,0.3814402412967,1,30.0,0.2365299898020589,11,123.0,0.11446475002873414,15,162.0
425.0,9,77.0,2.2,5.673169461005475,1,9.0,0.5041289089900356,1,10.0,0.4737519753689543,7,136.0,0.25869004149014596,9,155.0
430.0,4,25.0,0.7142857142857143,8.823242352795644,1,9.0,0.7336731949749598,1,11.0,0.6220391907368611,2,93.0,0.4631515550131368,4,113.0
435.0,3,18.0,0.5142857142857142,9.747667289682559,0,2.0,0.7983560929277352,2,20.0,0.7340072041873491,1,55.0,0.5854479970824343,3,77.0
440.0,6,34.0,0.9444444444444444,7.775868386058284,2,7.0,0.29936080076925914,3,28.0,0.6132393130229632,1,56.0,0.39069624323268515,6,91.0
445.0,13,49.0,1.5806451612903225,4.896930266851889,5,24.0,0.23356754933734938,0,12.0,0.5080269346469869,8,80.0,0.2253448650358596,13,116.0
450.0,9,32.0,1.0,4.599667193564143,1,25.0,0.3972532454171033,4,11.0,0.0021874353558780993,4,80.0,0.24704340616782466,9,116.0
455.0,2,3.0,0.09090909090909091,8.33455797671101,2,9.0,0.4190565739365622,0,15.0,0.6880077471302624,0,33.0,0.538436273785752,2,57.0
460.0,6,11.0,0.2972972972972973,8.172968315838006,1,11.0,0.4772196273035305,0,4.0,0.8652140369698039,5,43.0,0.36400226151627263,6,58.0
465.0,11,51.0,1.3421052631578947,8.425588760671479,3,23.0,0.623490740929711,1,4.0,0.7781184371703561,7,71.0,0.2605738648504156,11,98.0
470.0,4,19.0,0.5757575757575758,7.078391115444561,0,10.0,0.5759463981852936,1,3.0,0.6316018092369533,3,68.0,0.37619267365578096,4,81.0
475.0,2,3.0,0.08823529411764706,9.02667002970601,1,3.0,0.6841357542672589,0,4.0,0.8679525296544109,1,24.0,0.4136622400316187,2,31.0
480.0,3,11.0,0.3055555555555556,10.283621199071133,1,8.0,0.7500235809851384,0,4.0,0.9502800374551885,2,16.0,0.41184166390105104,3,28.0
485.0,8,39.0,1.1470588235294117,8.101109303189856,2,16.0,0.491068514887162,0,2.0,0.9334939085714518,6,36.0,0.23407784731209877,8,54.0
490.0,4,7.0,0.19444444444444445,6.554393906894777,2,12.0,0.3836287139572156,0,2.0,0.7487774052296761,2,34.0,0.38010007980828836,4,48.0
495.0,5,20.0,0.5714285714285714,8.524456796580447,4,18.0,0.4772318888721733,1,6.0,0.5395212833791275,0,6.0,0.6087981206723335,5,30.0
500.0,4,15.0,0.40540540540540543,8.200290847630129,1,12.0,0.45926832681034685,3,19.0,0.5484467203464525,0,1.0,0.5404821704480962,4,32.0
505.0,8,45.0,1.2857142857142858,7.669183403830006,1,2.0,0.6327847931878577,3,36.0,0.48260803710520506,4,14.0,0.35192669866494486,8,52.0
510.0,5,14.0,0.3783783783783784,6.543650638936116,1,7.0,0.6149275418436408,1,26.0,0.3487540378475284,3,22.0,0.2512035612031698,5,55.0
515.0,2,4.0,0.1111111111111111,9.096543077758083,1,2.0,0.7003228596623702,1,8.0,0.588704268038949,0,10.0,0.4857228077846825,2,20.0
520.0,4,17.0,0.4473684210526316,9.459653433733399,2,8.0,0.5726399571687407,1,11.0,0.7172017507361805,1,5.0,0.6212067013987284,4,24.0
525.0,3,1.0,0.02631578947368421,8.915635320348459,2,8.0,0.5684802806687271,0,2.0,0.8183846518188219,1,4.0,0.6663870349275343,3,14.0
530.0,6,17.0,0.4473684210526316,8.019856906909988,1,1.0,0.5987176789334365,2,8.0,0.5408883288893782,3,15.0,0.3480512923601643,6,24.0
535.0,5,3.0,0.07692307692307693,5.81503755972635,3,2.0,0.3291286171350157,1,10.0,0.4500583130890635,1,12.0,0.40636069533721514,5,24.0
540.0,5,22.0,0.5365853658536586,8.69714413696823,5,24.0,0.3705790413170061,0,3.0,0.6933408730544863,0,0.0,0.841674011404567,5,27.0
545.0,10,61.0,1.4878048780487805,9.371500022476734,9,63.0,0.4527121228512341,0,2.0,0.9263689333058232,1,0.0,0.6581322339626918,10,65.0
550.0,4,26.0,0.6666666666666666,8.074502995714205,3,70.0,0.34286961288658385,1,2.0,0.7818983965860262,0,0.0,0.8726959325257354,4,72.0
555.0,3,13.0,0.35135135135135137,8.63759376839498,1,36.0,0.42096354479879405,1,9.0,0.754340923953751,1,1.0,0.615826993585152,3,46.0
560.0,7,19.0,0.5277777777777778,6.129619934170137,2,15.0,0.37412104886483405,1,5.0,0.5178613806509228,4,14.0,0.2518604808213488,7,34.0
565.0,11,41.0,1.0789473684210527,5.408161787762125,6,37.0,0.1981818869681074,3,17.0,0.4763772607338613,2,15.0,0.23473532726393456,11,69.0
570.0,6,18.0,0.4864864864864865,5.703548182388995,5,47.0,0.06422924867125646,1,16.0,0.4617143552702056,0,2.0,0.6062920219494189,6,65.0
575.0,3,11.0,0.2894736842105263,8.780885894016123,2,37.0,0.3488558039825891,0,4.0,0.8304191433492824,1,4.0,0.6777346806560477,3,45.0
580.0,7,15.0,0.3409090909090909,8.463797498999456,5,38.0,0.35428314499657637,0,4.0,0.7731020736412884,2,9.0,0.6357934410259167,7,51.0
585.0,9,42.0,0.9545454545454546,7.355830487343539,6,59.0,0.28872945830851104,1,4.0,0.6629202552173248,2,15.0,0.5277771378132474,9,78.0
590.0,9,27.0,0.675,4.837892503412621,4,57.0,0.34926022749373714,3,10.0,0.15161334714489974,2,10.0,0.3045510117637693,9,77.0
595.0,8,35.0,0.875,6.878372587611165,2,45.0,0.41071241636295047,6,38.0,0.43742371497123855,0,5.0,0.427134362213197,8,88.0
600.0,9,64.0,1.4883720930232558,7.486890239037733,3,35.0,0.3675149136421223,6,68.0,0.44900937229556576,0,0.0,0.5297657104499713,9,103.0
605.0,13,122.0,2.7111111111111112,6.568061098402666,6,58.0,0.12493050300394719,6,98.0,0.4283635061931387,1,5.0,0.5471096151259248,13,161.0
610.0,14,138.0,3.2857142857142856,5.518479737937895,3,57.0,0.21789165914495792,10,136.0,0.2796294211835029,1,1.0,0.6300075894586208,14,194.0
615.0,5,32.0,0.8205128205128205,6.693345336729179,0,16.0,0.6068623809387848,4,122.0,0.32173103664988,1,6.0,0.242892643088138,5,144.0
620.0,2,1.0,0.02564102564102564,7.684347245794159,0,10.0,0.6135612833192715,1,42.0,0.4208698818862505,1,3.0,0.6016191298536115,2,55.0
625.0,4,9.0,0.225,8.58010444961268,2,17.0,0.616171524715601,2,27.0,0.46403598459632833,0,2.0,0.7396301941092054,4,46.0
630.0,9,37.0,0.9024390243902439,7.15430805562344,2,27.0,0.6232084955999926,7,45.0,0.18305949028911683,0,2.0,0.9060807511879899,9,74.0
635.0,11,61.0,1.4878048780487805,4.855196505532004,0,2.0,0.5449939221719569,11,86.0,0.12273196029397096,0,2.0,0.3705849929186712,11,90.0
640.0,15,127.0,3.175,5.50901951528475,0,0.0,0.5557168513148807,15,154.0,0.21963182906814321,0,0.0,0.3178279978615356,15,154.0
645.0,21,209.0,4.644444444444445,5.681214988257769,5,7.0,0.35975946196321773,15,229.0,0.19083665584848014,1,0.0,0.3136549589407913,21,236.0
650.0,20,302.0,6.425531914893617,5.420606923232212,4,25.0,0.4479070045281306,15,304.0,0.08628833537743316,1,0.0,0.44958689226780935,20,329.0
655.0,15,197.0,4.282608695652174,5.164714562855341,2,21.0,0.36103065745972507,13,307.0,0.034006704579076,0,0.0,0.8367622617622277,15,328.0
660.0,5,58.0,1.3488372093023255,6.952832049483686,2,16.0,0.4003552394639791,3,237.0,0.30416338391560066,0,2.0,0.9409018759318083,5,255.0
665.0,4,6.0,0.14634146341463414,6.213125870474615,1,16.0,0.42049581261301505,3,244.0,0.29038152466179085,0,2.0,0.8375306341087038,4,262.0
670.0,14,52.0,1.1818181818181819,5.019997388086037,4,24.0,0.44953225370353017,9,276.0,0.18946837429551855,1,2.0,0.5296603292949296,14,302.0
675.0,12,53.0,1.2045454545454546,4.93997256529946,3,34.0,0.290856452090753,9,260.0,0.26274185667204997,0,0.0,0.5979003213568583,12,294.0
680.0,5,8.0,0.17391304347826086,6.32815976611002,2,30.0,0.3840669201401017,1,173.0,0.3534450138949228,2,5.0,0.659750622487,5,208.0
685.0,4,7.0,0.14285714285714285,6.835634836714694,0,20.0,0.5239149045997908,3,180.0,0.3599855926374043,1,6.0,0.6550657925922305,4,206.0
690.0,15,51.0,0.9807692307692307,6.571679477357521,5,29.0,0.2743046864172287,9,211.0,0.26106036993553206,1,6.0,0.785764359034723,15,246.0
695.0,12,43.0,0.86,5.588674536454111,3,30.0,0.3171911828034516,9,197.0,0.1820969405483804,0,0.0,0.6596155017985295,12,227.0
700.0,6,16.0,0.3076923076923077,6.799078194207653,1,14.0,0.5655323536304943,2,116.0,0.2668269435764667,3,11.0,0.41101284604198157,6,141.0
705.0,7,36.0,0.7346938775510204,8.795391591017859,1,6.0,0.7628294536064536,0,32.0,0.5435823417197759,6,34.0,0.4786958032173866,7,72.0
710.0,2,7.0,0.13725490196078433,7.759137628151072,0,2.0,0.7281092208630943,1,26.0,0.43464311300211783,1,32.0,0.5477901000032674,2,60.0
715.0,11,29.0,0.5178571428571429,6.807987989473186,4,10.0,0.44269359330204017,7,48.0,0.34202509480290283,0,6.0,0.5803894925582243,11,64.0
720.0,19,59.0,1.0350877192982457,4.760107631060286,9,41.0,0.30076917102835093,6,60.0,0.22318271141790683,4,2.0,0.3937688697621553,19,103.0
725.0,17,59.0,0.9516129032258065,5.383687422942579,8,58.0,0.2763509773886144,2,38.0,0.35090326949567185,7,27.0,0.36593955825920793,17,123.0
730.0,4,33.0,0.532258064516129,7.254130240235471,1,37.0,0.5015075145051094,2,31.0,0.4733778382508114,1,32.0,0.511901193254148,4,100.0
735.0,6,22.0,0.3492063492063492,8.585959146866978,3,17.0,0.6214112397264052,2,14.0,0.5143228795008524,1,6.0,0.6433025458023016,6,37.0
740.0,12,41.0,0.6029411764705882,8.366858692974455,3,15.0,0.47190684041307523,6,37.0,0.5923975323206662,3,11.0,0.5247417912602589,12,63.0
745.0,14,55.0,0.7971014492753623,6.631044300962473,8,25.0,0.2654752864836899,2,38.0,0.37302725042420465,4,25.0,0.5856082764542143,14,88.0
750.0,12,38.0,0.5757575757575758,6.2413343435823805,6,47.0,0.3474199081465523,4,17.0,0.2931443724702027,2,24.0,0.5249494640621961,12,88.0
755.0,9,30.0,0.4918032786885246,6.852266956419445,4,40.0,0.4220373676483678,2,16.0,0.35974218714821304,3,17.0,0.5705128760560279,9,73.0
760.0,12,33.0,0.5409836065573771,6.027929140523712,3,40.0,0.3776854707884128,7,27.0,0.26335615677302626,2,16.0,0.4488217577786913,12,83.0
765.0,16,62.0,1.0,5.710241243934828,9,62.0,0.21253853634766365,4,43.0,0.27223793298581295,3,14.0,0.46884378426886647,16,119.0
770.0,10,54.0,0.8852459016393442,6.3235846165283895,8,81.0,0.2650374598638236,0,25.0,0.4675010388050465,2,26.0,0.6055566713298631,10,132.0
775.0,7,12.0,0.18461538461538463,7.138052423908184,4,60.0,0.3738495776692757,2,20.0,0.496704240095729,1,16.0,0.6805737921955364,7,96.0
780.0,11,36.0,0.5454545454545454,6.550488582634572,2,56.0,0.32582983282468186,7,45.0,0.3055411083685564,2,6.0,0.6512786405090317,11,107.0
785.0,19,68.0,1.0625,4.9000474235648905,9,84.0,0.20307106101982544,4,54.0,0.3163042427159343,6,22.0,0.25904788814452967,19,160.0
790.0,19,109.0,1.7868852459016393,4.668677234820958,14,145.0,0.19615513932446726,1,35.0,0.3870831118575353,4,38.0,0.23205859259615436,19,218.0
795.0,15,92.0,1.4375,5.128777756228699,12,171.0,0.21151854477015125,2,42.0,0.361855915072235,1,25.0,0.5384604927823051,15,238.0
800.0,18,65.0,0.9420289855072463,6.197142829639494,5,134.0,0.22242269409644205,9,76.0,0.40921392627529035,4,26.0,0.5401306842064109,18,236.0
805.0,20,131.0,1.9264705882352942,6.344350553489701,4,83.0,0.2552501497296986,10,124.0,0.3457053743572411,6,49.0,0.33830307192964787,20,256.0
810.0,19,133.0,2.046153846153846,5.615585261107477,4,66.0,0.2825030554510735,6,132.0,0.3727906341273423,9,90.0,0.1683508183726628,19,288.0
815.0,17,141.0,2.1044776119402986,5.320765454139054,2,76.0,0.34594586371882646,3,88.0,0.38904236360556255,12,142.0,0.2559249398319618,17,306.0
820.0,13,83.0,1.2575757575757576,5.116522743391319,4,94.0,0.3770124585539389,2,64.0,0.29625755258218645,7,141.0,0.3512650254714074,13,299.0
825.0,14,49.0,0.7205882352941176,5.681249776836097,4,91.0,0.32959309160089245,8,89.0,0.16853846395445493,2,62.0,0.4940141535988733,14,242.0
830.0,17,52.0,0.7027027027027027,5.37839861493165,6,72.0,0.2596728273837112,8,102.0,0.33349863602060636,3,63.0,0.320227004398132,17,237.0
835.0,11,35.0,0.47297297297297297,5.526947099234283,3,77.0,0.34737663347773445,0,62.0,0.4448664095827157,8,94.0,0.2523744006119434,11,233.0
840.0,19,111.0,1.5857142857142856,5.079405885831838,6,90.0,0.30438624007871024,1,20.0,0.3794496259587877,12,146.0,0.26393638926665125,19,256.0
845.0,14,77.0,1.1159420289855073,4.322306095761434,3,93.0,0.2918211822705487,1,20.0,0.33475126764111546,10,158.0,0.19360473748579685,14,271.0
850.0,14,59.0,0.8428571428571429,5.789220804625539,1,61.0,0.31876653070316907,7,41.0,0.3241271565087346,6,123.0,0.310028125347771,14,225.0
855.0,11,36.0,0.5217391304347826,5.909637701628776,5,58.0,0.15700986650436974,3,47.0,0.5670746872419058,3,74.0,0.3134334142665915,11,179.0
860.0,12,35.0,0.4794520547945205,5.626607838834971,8,87.0,0.21012078926319283,1,20.0,0.5594159500716399,3,83.0,0.3177774849625508,12,190.0
865.0,19,111.0,1.5205479452054795,5.293029196481551,12,137.0,0.2420961538022061,1,8.0,0.5039977107409264,6,105.0,0.34713184076223697,19,250.0
870.0,15,78.0,1.0833333333333333,4.192351963392757,9,152.0,0.2223236764273417,2,8.0,0.16915458290845742,4,108.0,0.3059393352357519,15,268.0
875.0,16,56.0,0.7671232876712328,4.626842298679317,6,116.0,0.177117286722967,6,32.0,0.3703811732831515,4,76.0,0.3143377758297809,16,224.0
880.0,7,21.0,0.28378378378378377,6.2233973575345,5,84.0,0.24985045334515033,2,36.0,0.6196351361486959,0,40.0,0.3522888709480404,7,160.0
885.0,3,7.0,0.08641975308641975,7.16190660154068,3,85.0,0.26410435613895394,0,9.0,0.7644508357149024,0,18.0,0.43498947977747565,3,112.0
890.0,10,35.0,0.40229885057471265,7.556300653293134,9,122.0,0.2738580729149787,0,0.0,0.7571963876038051,1,9.0,0.5680035117377452,10,131.0
895.0,9,31.0,0.3875,6.1193941263235025,7,143.0,0.25304842662134464,1,2.0,0.49050506144965667,1,8.0,0.5823211297631383,9,153.0
900.0,18,58.0,0.7435897435897436,4.920042216164199,4,121.0,0.2213904424943577,7,25.0,0.27383593441679854,7,26.0,0.29967564179754863,18,172.0
905.0,19,107.0,1.445945945945946,4.527079631989944,3,91.0,0.2258538782817549,9,66.0,0.2726125121473987,7,42.0,0.1516462551788401,19,199.0
910.0,19,173.0,2.3378378378378377,5.83888413234053,4,89.0,0.30940152554233663,12,123.0,0.37238593820071664,3,36.0,0.2596743431070791,19,248.0
915.0,11,76.0,1.0,6.2071308408606285,2,68.0,0.2625527612957815,8,141.0,0.3514706932410373,1,30.0,0.48720976696857893,11,239.0
920.0,9,27.0,0.34177215189873417,6.559731671582507,6,64.0,0.32406483922829354,2,96.0,0.3346529214335409,1,22.0,0.5784741325951145,9,182.0
925.0,10,24.0,0.32,6.30354882091974,4,69.0,0.3390873145878933,3,87.0,0.32376183826596366,3,18.0,0.631578904040392,10,174.0
930.0,13,61.0,0.8356164383561644,5.586200033150182,2,44.0,0.32795870941330263,8,115.0,0.2546958943149687,3,26.0,0.5911597050438562,13,185.0
935.0,14,83.0,1.1066666666666667,5.731147302712607,1,26.0,0.374591091372113,9,118.0,0.2501471690652854,4,41.0,0.5001486602688764,14,185.0
940.0,12,75.0,0.974025974025974,5.2073796614212915,2,22.0,0.355427935620345,6,89.0,0.20650609947087295,4,62.0,0.5246419223827509,12,173.0
945.0,8,29.0,0.3717948717948718,5.8233315596873565,5,40.0,0.3807402209177055,2,55.0,0.2543792279259974,1,30.0,0.5760778211833588,8,125.0
950.0,15,80.0,1.0256410256410255,6.597140261940352,9,76.0,0.39275661956715413,3,32.0,0.2833498858429828,3,14.0,0.6305043994452642,15,122.0
955.0,26,169.0,2.0864197530864197,5.4410178165701675,15,133.0,0.22010441592871538,4,31.0,0.42444695536556143,7,35.0,0.45827971362413317,26,199.0
960.0,33,312.0,3.9,4.983163038508507,20,221.0,0.20968266945625066,3,38.0,0.5758120671876087,10,75.0,0.3429701160759361,33,334.0
965.0,35,372.0,4.376470588235295,3.5520660810188907,25,338.0,0.126969912216268,1,11.0,0.3857830725607822,9,97.0,0.2750866451671941,35,446.0
970.0,42,493.0,5.666666666666667,3.1039421118630774,31,480.0,0.05792302066788405,6,23.0,0.2914965990758972,5,80.0,0.21935643401583427,42,583.0
975.0,36,459.0,5.157303370786517,3.4443195585887016,32,563.0,0.06917649699314846,3,36.0,0.35942371748845947,1,59.0,0.2618517912288878,36,658.0
980.0,28,350.0,3.932584269662921,4.225500982036195,21,572.0,0.184510305873637,1,23.0,0.4229235283502712,6,77.0,0.2504787768061045,28,672.0
985.0,30,309.0,3.3956043956043955,3.773279545205925,18,613.0,0.1542327064725631,0,13.0,0.5589700420083235,12,123.0,0.19091158713512238,30,749.0
990.0,31,243.0,2.7,3.39805250781697,19,710.0,0.15613334937373005,0,7.0,0.6493876075346433,12,148.0,0.13193791195432095,31,865.0
995.0,22,119.0,1.3076923076923077,3.5802160028527124,11,725.0,0.10658157487364592,0,5.0,0.5293634107108371,11,129.0,0.19116779549987953,22,859.0
1000.0,18,70.0,0.7526881720430108,3.824651903139428,6,647.0,0.16902219954623582,6,18.0,0.35138858259651057,6,159.0,0.20760147870140155,18,824.0
1005.0,18,94.0,1.0,4.8360821401847085,1,494.0,0.23607535388808262,8,51.0,0.4015883735760226,9,194.0,0.17213448469106774,18,739.0
1010.0,20,143.0,1.5543478260869565,4.875783626086885,1,386.0,0.26515387078673835,9,93.0,0.31471380114436387,10,203.0,0.11157893672108488,20,682.0
1015.0,14,56.0,0.6222222222222222,4.751155233277763,3,373.0,0.3180389795541977,4,97.0,0.3904859179066376,7,173.0,0.14019354922757252,14,643.0
1020.0,11,43.0,0.4777777777777778,6.141007348976961,8,404.0,0.32034034675527306,1,44.0,0.4893209597873116,2,133.0,0.37610080452883987,11,581.0
1025.0,16,51.0,0.5666666666666667,5.672290005526123,12,397.0,0.23808876228946746,3,12.0,0.5411083035343627,1,106.0,0.3313390803693885,16,515.0
1030.0,16,50.0,0.5494505494505495,4.895278796444129,8,329.0,0.1983114697008364,2,7.0,0.4361421731653829,6,129.0,0.2797389532662881,16,465.0
1035.0,26,123.0,1.3666666666666667,4.610740572091624,10,236.0,0.23325175759440042,8,32.0,0.3609339432483335,8,166.0,0.22791014916400978,26,434.0
1040.0,13,49.0,0.5268817204301075,4.186919995716672,0,227.0,0.2504898629738211,4,47.0,0.35375531717086267,9,161.0,0.16759854191118598,13,435.0
1045.0,16,41.0,0.422680412371134,5.045361913772424,6,241.0,0.2660413041897745,2,33.0,0.4126881049548837,8,106.0,0.2638219364082434,16,380.0
1050.0,20,79.0,0.8144329896907216,4.760162020326245,13,295.0,0.1924638001043565,4,19.0,0.38723963788975024,3,102.0,0.30902614104323733,20,416.0
1055.0,28,127.0,1.2828282828282829,3.739097047158404,13,305.0,0.1329109879216371,5,38.0,0.2818146666329084,10,128.0,0.15066054641113477,28,471.0
1060.0,26,87.0,0.9157894736842105,3.2290757239289762,14,262.0,0.14706048057295823,4,44.0,0.299255433710277,8,135.0,0.10559240457246208,26,441.0
1065.0,14,48.0,0.5106382978723404,4.9062605932354995,9,189.0,0.23586801458598045,2,27.0,0.5056188417943578,3,107.0,0.2646173584106571,14,323.0
1070.0,16,67.0,0.6836734693877551,5.579777005717538,8,162.0,0.31239206070271874,4,32.0,0.6099074927587003,4,121.0,0.2633015676003133,16,315.0
1075.0,13,48.0,0.46153846153846156,4.929184021609114,5,149.0,0.28827369374703066,0,18.0,0.6245774185040404,8,152.0,0.15000330057508815,13,319.0
1080.0,21,72.0,0.7058823529411765,4.366153030441125,8,174.0,0.3315158286731827,4,14.0,0.20062331721740237,9,159.0,0.07670165046671147,21,347.0
1085.0,19,53.0,0.5463917525773195,3.6693508663420964,8,185.0,0.23298559027827656,4,26.0,0.22293860634619195,7,123.0,0.13638415356410477,19,334.0
1090.0,11,41.0,0.43617021276595747,5.506667334583092,8,173.0,0.24550046237372775,1,24.0,0.613591162055082,2,81.0,0.30111199638192593,11,278.0
1095.0,9,41.0,0.41414141414141414,5.659647570392241,6,130.0,0.20442423723109596,0,11.0,0.7477313475225529,3,73.0,0.26881821204422685,9,214.0
1100.0,14,44.0,0.43564356435643564,5.620107548790548,3,125.0,0.30300068133493896,3,15.0,0.6041097121552663,8,100.0,0.2585754804187284,14,240.0
1105.0,24,142.0,1.4947368421052631,4.731779335274684,7,126.0,0.24346747010771044,3,25.0,0.5541459335751627,14,158.0,0.1634627924253132,24,309.0
1110.0,27,154.0,1.6923076923076923,3.5604153059298675,8,132.0,0.21273433893356275,3,40.0,0.2577939679377078,16,192.0,0.14276169830846924,27,364.0
1115.0,19,74.0,0.8409090909090909,3.7301308568107903,6,100.0,0.1874279003955425,1,24.0,0.5539294216705648,12,184.0,0.15435936392595792,19,308.0
1120.0,14,51.0,0.5368421052631579,5.609930852789282,4,59.0,0.24869262433203276,1,9.0,0.7856051919058826,9,149.0,0.15581506010377985,14,217.0
1125.0,11,43.0,0.4479166666666667,6.021485037872279,2,56.0,0.2603185026341854,1,14.0,0.7578782151386848,8,146.0,0.2424264948331857,11,216.0
1130.0,10,45.0,0.4639175257731959,6.3214557201370845,7,82.0,0.25547875990071284,0,3.0,0.5435252971456316,3,125.0,0.360715956847841,10,210.0
1135.0,13,50.0,0.5319148936170213,6.220138672935862,9,96.0,0.213788747737631,2,4.0,0.4946939744666452,2,101.0,0.47186374009092263,13,201.0
1140.0,15,51.0,0.5368421052631579,6.030031260873363,8,89.0,0.2767940720855131,5,21.0,0.5207805950113876,2,93.0,0.4256784604460651,15,203.0
1145.0,17,61.0,0.6039603960396039,5.787461853907593,6,77.0,0.23634796578667497,4,20.0,0.43570260329118504,7,115.0,0.39297221970924084,17,212.0
1150.0,24,155.0,1.5816326530612246,5.639799845656299,4,71.0,0.29953694581539625,5,31.0,0.41325296024503766,15,173.0,0.22284003265362265,24,275.0
1155.0,34,249.0,2.7065217391304346,4.329408871708624,3,55.0,0.328874369938991,11,72.0,0.20680567366126118,20,261.0,0.11419090558705454,34,388.0
1160.0,42,342.0,3.6382978723404253,3.62237484868275,7,57.0,0.26580428258025285,13,135.0,0.058064119510165685,22,323.0,0.08622446573537107,42,515.0
1165.0,37,348.0,3.7419354838709675,3.7772842871262684,7,71.0,0.1776735625690458,16,209.0,0.21168256485141107,14,300.0,0.20884023071562025,37,580.0
1170.0,27,343.0,3.536082474226804,4.387789635096481,5,60.0,0.21651825123237475,15,286.0,0.28927700870449863,7,315.0,0.24222327742266198,27,661.0
1175.0,30,386.0,3.7475728155339807,4.136709278817816,4,67.0,0.21688324617928254,17,363.0,0.23399932159663536,9,342.0,0.22562746106744164,30,772.0
1180.0,35,348.0,3.3461538461538463,3.871821443314676,7,97.0,0.13997674759163184,15,374.0,0.1502365679009561,13,397.0,0.1713205383304676,35,868.0
1185.0,33,162.0,1.6875,3.3952507790619144,8,112.0,0.21184750945771522,9,304.0,0.19348053673447288,16,412.0,0.1600179780311987,33,828.0
1190.0,19,95.0,0.979381443298969,4.989704136412226,5,81.0,0.3011200438811442,4,171.0,0.38649982553822393,10,357.0,0.24193019440000846,19,609.0
1195.0,18,109.0,1.09,5.9462657736290945,5,92.0,0.2911885100434634,5,101.0,0.5669196270582516,8,243.0,0.29924191803641076,18,436.0
1200.0,18,61.0,0.5922330097087378,4.54401206999802,9,126.0,0.13986118003366624,2,74.0,0.3791345362374645,7,250.0,0.24917107897436416,18,450.0
1205.0,29,95.0,0.9693877551020408,3.6022422557761367,10,139.0,0.09141492889138242,6,66.0,0.2002529862592471,13,282.0,0.19952412126025795,29,487.0
1210.0,26,112.0,1.1914893617021276,3.613098632212169,5,86.0,0.16518388249420712,12,105.0,0.2053219784274543,9,275.0,0.1872479255201915,26,466.0
1215.0,18,79.0,0.8681318681318682,4.262665429551603,4,105.0,0.2330265177137837,8,120.0,0.40053222737701544,6,148.0,0.1762115906516932,18,373.0
1220.0,15,40.0,0.425531914893617,4.459757844496948,8,134.0,0.11915454463453751,2,67.0,0.4648579947453588,5,163.0,0.2399404247387112,15,364.0
1225.0,17,64.0,0.6597938144329897,3.8184634429918907,7,146.0,0.12584194256991332,2,43.0,0.3229345706007367,8,188.0,0.2040404687266968,17,377.0
1230.0,18,101.0,1.0520833333333333,4.417153472260073,2,111.0,0.24671853722934542,2,29.0,0.5634639803944146,14,241.0,0.1529151289443176,18,381.0
1235.0,20,113.0,1.1770833333333333,4.2204990231940895,3,115.0,0.30804940235001216,3,32.0,0.4636789166753676,14,258.0,0.1332693122739326,20,405.0
1240.0,23,122.0,1.2323232323232323,4.162079610178419,7,139.0,0.218708550198376,5,53.0,0.45692964629499777,11,230.0,0.1399310190072698,23,422.0
1245.0,23,64.0,0.6597938144329897,3.5144661134186617,8,138.0,0.15109644854389967,1,32.0,0.5045674174183519,14,272.0,0.11745619482902682,23,442.0
1250.0,23,87.0,0.87,4.300701692223603,5,99.0,0.20362105012953943,3,19.0,0.532692388935785,15,331.0,0.09610315384679245,23,449.0
1255.0,14,49.0,0.5051546391752577,4.762611720630432,2,61.0,0.25594041671343243,1,18.0,0.567783786650259,11,345.0,0.11361073810570631,14,424.0
1260.0,12,38.0,0.41304347826086957,5.097380979818331,3,57.0,0.29261740685887133,1,11.0,0.686411740500907,8,304.0,0.1679355812299034,12,372.0
1265.0,15,49.0,0.5268817204301075,5.220666609905612,8,82.0,0.23838081826861562,1,5.0,0.6263737385702893,6,232.0,0.20223507575386032,15,319.0
1270.0,19,108.0,1.173913043478261,5.307303525498931,12,131.0,0.17624176442406975,4,16.0,0.4875710575594975,3,174.0,0.24831670358835078,19,321.0
1275.0,24,187.0,2.1494252873563218,5.400497096442169,18,210.0,0.11927544917898295,2,24.0,0.5713924951484152,4,144.0,0.34831197603599756,24,378.0
1280.0,21,170.0,2.0,5.812172029782736,18,246.0,0.15555364731253785,1,14.0,0.582671356593439,2,110.0,0.5055715769446222,21,370.0
1285.0,14,72.0,0.8181818181818182,6.038899444370256,10,222.0,0.22877676276718417,3,18.0,0.46922885724634505,1,87.0,0.4884879058909247,14,327.0
1290.0,23,110.0,1.1827956989247312,5.01873903603788,11,243.0,0.1709616936314261,6,40.0,0.3799961804100638,6,100.0,0.3418168128154825,23,383.0
1295.0,25,106.0,1.164835164835165,3.8426144666961513,14,307.0,0.11103661761433188,4,44.0,0.2903841046438876,7,107.0,0.21337819706773625,25,458.0
1300.0,26,139.0,1.5977011494252873,4.133172225417068,19,393.0,0.15732863217314796,3,35.0,0.40407774648136885,4,88.0,0.28157049438444154,26,516.0
1305.0,25,220.0,2.391304347826087,5.228600182832902,19,493.0,0.19701862230050585,2,35.0,0.41530673140735674,4,75.0,0.3845493855919581,25,603.0
1310.0,28,233.0,2.4270833333333335,5.188427658337079,18,516.0,0.16537968494416816,5,43.0,0.4077120624238238,5,61.0,0.4362489451651244,28,620.0
1315.0,28,162.0,1.62,5.216018664811213,17,465.0,0.145999331635021,4,41.0,0.4554843092164708,7,66.0,0.46089036046653165,28,572.0
1320.0,22,105.0,1.0096153846153846,5.02654754667169,15,506.0,0.13906562392560165,4,35.0,0.4475556735141752,3,52.0,0.37717523562818334,22,593.0
1325.0,28,122.0,1.1730769230769231,4.813827665641346,15,568.0,0.1655511205720776,5,41.0,0.2694023171396075,8,46.0,0.26273871446564745,28,655.0
1330.0,27,103.0,1.0404040404040404,4.066963243817368,14,574.0,0.1834206617689915,7,41.0,0.12848401232682158,6,66.0,0.26480570319482993,27,681.0
1335.0,20,84.0,0.9230769230769231,4.431139348362888,10,514.0,0.18322909029883008,3,55.0,0.4782336129765927,7,64.0,0.31561349902078395,20,633.0
1340.0,17,33.0,0.3473684210526316,4.601134800460626,10,534.0,0.15797085920297546,4,59.0,0.46694746772706996,3,60.0,0.3575786778638481,17,653.0
1345.0,21,84.0,0.8484848484848485,4.721975395319121,11,562.0,0.1190634250891865,4,53.0,0.3034719430745846,6,60.0,0.29323399620418517,21,675.0
1350.0,23,108.0,1.173913043478261,4.261721964202709,10,537.0,0.1176927697120389,7,78.0,0.15711308109561187,6,72.0,0.2925918992582128,23,687.0
1355.0,20,85.0,1.0240963855421688,4.066836822633246,8,462.0,0.13392011585387492,6,98.0,0.38184038913007856,6,60.0,0.26957709775897326,20,620.0
1360.0,15,61.0,0.7011494252873564,5.5400384164616225,8,356.0,0.27183696430901083,4,69.0,0.440941272271699,3,63.0,0.3374582589285236,15,488.0
1365.0,12,54.0,0.5684210526315789,5.728744956600384,5,369.0,0.24206016416248266,2,52.0,0.5209477676992911,5,75.0,0.3263705918259098,12,496.0
1370.0,14,56.0,0.5957446808510638,5.116172538248177,8,377.0,0.1894056518782274,1,46.0,0.3873548648250579,5,79.0,0.3037151319815879,14,502.0
1375.0,23,72.0,0.8089887640449438,4.011410911239041,9,352.0,0.18065762948546227,7,60.0,0.15727999501472048,7,69.0,0.2316278190623882,23,481.0
1380.0,24,115.0,1.3218390804597702,4.204403832672067,6,277.0,0.17481296982857986,11,111.0,0.358631933909345,7,74.0,0.24323716616955596,24,462.0
1385.0,19,119.0,1.2659574468085106,4.482949925109923,5,284.0,0.21027456447683618,6,123.0,0.3662655465705968,8,86.0,0.24116671100055775,19,493.0
1390.0,12,45.0,0.45454545454545453,5.073183435627104,7,315.0,0.2622788789064066,2,68.0,0.4214646134442525,3,83.0,0.3276255468402095,12,466.0
1395.0,14,41.0,0.41,4.794854577117647,9,296.0,0.1754458286698834,1,52.0,0.3906807741593854,4,51.0,0.36865913979333553,14,399.0
1400.0,21,62.0,0.6458333333333334,4.313023980859051,10,234.0,0.13462910816632911,6,74.0,0.2718760569590691,5,58.0,0.2852498335134405,21,366.0
1405.0,30,138.0,1.393939393939394,4.331834820738905,10,169.0,0.19061053822125607,11,119.0,0.3031963530943894,9,67.0,0.2337399001480255,30,355.0
1410.0,28,227.0,2.1826923076923075,4.597714295590677,11,162.0,0.23013178317201502,13,177.0,0.27995347872521703,4,79.0,0.2308584399675824,28,418.0
1415.0,30,271.0,2.605769230769231,4.104901174514979,6,157.0,0.22028600183834912,17,254.0,0.18503505665923456,7,86.0,0.1459497789005594,30,497.0
1420.0,33,213.0,2.0679611650485437,3.6999610746190363,7,136.0,0.21664208570933677,18,280.0,0.10943633190783997,8,94.0,0.14045632714334347,33,510.0
1425.0,26,147.0,1.4848484848484849,4.026743353358192,6,128.0,0.2883553351434784,11,249.0,0.22328016110526297,9,102.0,0.20158596660666797,26,479.0
1430.0,27,148.0,1.4230769230769231,4.5642709963098405,8,103.0,0.27052964332276175,8,194.0,0.3562590175857402,11,109.0,0.27060591735068984,27,406.0
1435.0,27,179.0,1.5982142857142858,4.804291529127623,8,123.0,0.32356246327561167,5,195.0,0.33180275184834607,14,151.0,0.2609318324817105,27,469.0
1440.0,20,140.0,1.1965811965811965,4.847777426692739,4,115.0,0.3132198477915455,7,216.0,0.25799556401848206,9,171.0,0.30016608494350816,20,502.0
1445.0,27,152.0,1.216,5.158642298650435,4,59.0,0.27603524848858363,15,276.0,0.18575285525699997,8,165.0,0.26647949243750013,27,500.0
1450.0,36,196.0,1.719298245614035,4.376524057108097,10,68.0,0.22258587371966848,16,306.0,0.14460328094014296,10,174.0,0.24642825990938885,36,548.0
1455.0,43,241.0,2.2523364485981308,2.97307005973956,16,139.0,0.16484431396042953,15,294.0,0.11137857290062249,12,207.0,0.1916168785201831,43,640.0
1460.0,33,193.0,1.7545454545454546,3.250256868948662,12,177.0,0.1944116093723326,9,342.0,0.17337652993944822,12,214.0,0.20705176808210857,33,733.0
1465.0,38,199.0,1.7155172413793103,3.864245195054548,12,166.0,0.2168004942725873,13,379.0,0.19708678878569175,13,239.0,0.2159073624632719,38,784.0
1470.0,37,172.0,1.4576271186440677,3.5024281026902453,11,144.0,0.23427924706316494,16,403.0,0.1639137972509148,10,249.0,0.11669113564336574,37,796.0
1475.0,32,151.0,1.2479338842975207,4.131648733614784,10,152.0,0.26978200727586094,13,353.0,0.18690698759238156,9,232.0,0.17437312176454992,32,737.0
1480.0,25,153.0,1.2644628099173554,4.751334293318775,6,164.0,0.3327975076247736,11,263.0,0.19943254498727642,8,226.0,0.24602252940000474,25,653.0
1485.0,30,230.0,1.9658119658119657,5.07089801673424,6,185.0,0.41494487727692203,11,237.0,0.22669462078127348,13,242.0,0.29740207709200117,30,664.0
1490.0,36,376.0,3.2413793103448274,5.12815725517281,9,218.0,0.4052102139406498,11,244.0,0.2905541882804301,16,299.0,0.24228172411723187,36,761.0
1495.0,41,414.0,3.5384615384615383,3.8941379090130046,9,230.0,0.26396549373023837,9,243.0,0.3172070426129381,23,396.0,0.11381550981568794,41,869.0
1500.0,41,346.0,2.907563025210084,3.5905926134173924,9,220.0,0.24365231450432517,9,218.0,0.28356662307167674,23,447.0,0.0636190844166255,41,885.0
1505.0,45,367.0,3.0840336134453783,4.10695645295388,9,200.0,0.2156106464393453,15,215.0,0.27141332956531017,21,457.0,0.11527219122332258,45,872.0
1510.0,42,394.0,3.256198347107438,4.401762027056003,5,215.0,0.16628587404974765,21,283.0,0.22476276731263933,16,421.0,0.1713869990982953,42,919.0
1515.0,47,510.0,4.473684210526316,4.565196215576527,8,223.0,0.21467350286674178,26,399.0,0.10649066045082974,13,419.0,0.29557303574062577,47,1041.0
1520.0,41,455.0,4.212962962962963,3.7276416191134616,5,219.0,0.15066903618320537,25,469.0,0.053169730289897014,11,377.0,0.25001713312829965,41,1065.0
1525.0,30,287.0,2.8137254901960786,4.14967529438876,6,159.0,0.251182250765977,20,463.0,0.1639357230079765,4,356.0,0.3183811285183317,30,978.0
1530.0,27,201.0,1.8785046728971964,5.25245314783009,5,139.0,0.3357943235764497,16,395.0,0.20823679493898353,6,352.0,0.44456804301646485,27,886.0
1535.0,22,114.0,0.991304347826087,5.381637699176131,5,127.0,0.3530710151779444,13,330.0,0.2510535631192961,4,334.0,0.430601870072954,22,791.0
1540.0,23,121.0,1.043103448275862,5.326546840649012,5,122.0,0.34416543987019216,11,306.0,0.3308870468426516,7,349.0,0.3131027418323297,23,777.0
1545.0,20,91.0,0.7777777777777778,4.629731625196189,7,125.0,0.2314101538988763,5,289.0,0.3281277979330661,8,345.0,0.2722855210919157,20,759.0
1550.0,30,136.0,1.1056910569105691,4.763153657112282,11,114.0,0.16184864633623697,9,303.0,0.34271382095185837,10,346.0,0.2107660495124917,30,763.0
1555.0,30,225.0,1.8907563025210083,4.546436613061103,6,118.0,0.1634923052674999,14,348.0,0.2977767383908513,10,336.0,0.14893153817555263,30,802.0
1560.0,38,359.0,3.121739130434783,4.104680610677833,7,127.0,0.1505127579029669,20,437.0,0.1427901639773186,11,331.0,0.17905119179641021,38,895.0
1565.0,36,261.0,2.330357142857143,3.457267353473459,7,137.0,0.1544170914693147,21,475.0,0.08589175405373162,8,279.0,0.21264330254595393,36,891.0
1570.0,29,163.0,1.4954128440366972,4.224868271293741,10,133.0,0.22142435286966305,14,430.0,0.20980927045050113,5,219.0,0.3243304282045911,29,782.0
1575.0,23,113.0,1.018018018018018,4.871681188285855,4,121.0,0.31497813543926984,11,354.0,0.2607997565180003,8,218.0,0.32407135533440096,23,693.0
1580.0,22,83.0,0.7033898305084746,4.585794835952543,5,98.0,0.2713630748257367,5,346.0,0.27319390296718604,12,199.0,0.2507502343951599,22,643.0
1585.0,18,65.0,0.5652173913043478,4.100569917842267,5,83.0,0.18444082363361308,8,381.0,0.22204227306036897,5,205.0,0.2638493147774557,18,669.0
1590.0,24,83.0,0.7155172413793104,3.6870880657031,8,74.0,0.19454056845692713,9,369.0,0.19584053977846488,7,170.0,0.195524988667398,24,613.0
1595.0,23,63.0,0.5206611570247934,4.212184094494074,5,68.0,0.25973330124922656,7,239.0,0.2693037667007622,11,166.0,0.20832242243601584,23,473.0
1600.0,19,60.0,0.4878048780487805,4.3421497908462205,6,68.0,0.27914927107535736,2,242.0,0.2702364484859214,11,134.0,0.251840958021723,19,444.0
1605.0,27,111.0,0.8538461538461538,4.024733561320758,11,94.0,0.20121148449064072,6,261.0,0.19024975152495313,10,133.0,0.18917973484193312,27,488.0
1610.0,36,231.0,1.8188976377952757,3.667820041078196,15,159.0,0.14340309188029646,13,310.0,0.16364082196151458,8,128.0,0.16285695181367768,36,597.0
1615.0,45,283.0,2.246031746031746,3.368949374136817,18,208.0,0.09650817684505383,14,311.0,0.1450949380807587,13,153.0,0.15635560382997485,45,672.0
1620.0,42,295.0,2.43801652892562,3.751108390654199,14,213.0,0.18787049729032132,12,253.0,0.21663135472299755,16,232.0,0.17390443474988182,42,698.0
1625.0,42,364.0,2.9836065573770494,4.158753174219754,11,225.0,0.2289242756909168,11,205.0,0.2669295507288133,20,324.0,0.19313500034638717,42,754.0
1630.0,40,322.0,2.683333333333333,4.19586537587894,15,270.0,0.2433143856646196,6,156.0,0.3158598380272192,19,359.0,0.17302442577371302,40,785.0
1635.0,35,183.0,1.525,3.5234796828020905,13,302.0,0.1665046278327496,6,160.0,0.3354380722111227,16,325.0,0.16648197295025088,35,787.0
1640.0,34,166.0,1.3387096774193548,4.331957588205083,11,288.0,0.1513468964465488,10,157.0,0.33708290506192545,13,255.0,0.23087439723785208,34,700.0
1645.0,30,181.0,1.448,4.34933366212848,5,281.0,0.18306013585219075,14,200.0,0.30871221276352817,11,299.0,0.21091895158973537,30,780.0
1650.0,36,202.0,1.5905511811023623,4.087346176540464,8,282.0,0.19301389532928162,14,221.0,0.09150137107816478,14,355.0,0.225539543452043,36,858.0
1655.0,34,132.0,1.1282051282051282,3.691218531383951,11,279.0,0.19574825200788412,12,183.0,0.19436166663458246,11,354.0,0.23864161322969024,34,816.0
1660.0,23,96.0,0.8347826086956521,4.305638091394013,9,254.0,0.23299677793314966,6,155.0,0.35033690207972296,8,312.0,0.24183723581221087,23,721.0
1665.0,24,130.0,1.056910569105691,4.8052070873153125,7,202.0,0.24179334125827293,8,124.0,0.4053285515930927,9,317.0,0.2110068049369447,24,643.0
1670.0,21,143.0,1.1085271317829457,4.524165255617619,2,193.0,0.23852275731419362,9,132.0,0.43222435217035515,10,334.0,0.17422137710170707,21,659.0
1675.0,21,86.0,0.6564885496183206,4.012240348895002,9,188.0,0.19939568276017455,5,116.0,0.3072012614372477,7,320.0,0.1483376117699487,21,624.0
1680.0,26,71.0,0.5503875968992248,3.6722214653882097,10,195.0,0.2092309168796727,7,77.0,0.20877856311739512,9,272.0,0.1641788920100467,26,544.0
1685.0,26,66.0,0.515625,3.7761267211838287,9,155.0,0.18959779708010643,9,87.0,0.3148024817604152,8,302.0,0.14757271377061187,26,544.0
1690.0,21,83.0,0.6484375,3.701996979192888,3,166.0,0.19458088658234454,7,83.0,0.2515014609177986,11,338.0,0.13985834150325155,21,587.0
1695.0,30,151.0,1.1796875,3.254739822831735,8,177.0,0.16720733351069583,12,118.0,0.22621718661365361,10,334.0,0.10701269983497738,30,629.0
1700.0,32,126.0,0.9921259842519685,2.5714282868100335,9,178.0,0.15791024151504243,12,131.0,0.1698923906969587,11,272.0,0.13023307392824165,32,581.0
1705.0,24,96.0,0.7272727272727273,3.3702045358390578,4,141.0,0.19688674916861823,9,161.0,0.29068734419084774,11,250.0,0.16541795066491258,24,552.0
1710.0,18,49.0,0.35251798561151076,3.73735587605837,5,135.0,0.1791095735897403,2,164.0,0.31088813674183774,11,238.0,0.15370361644230482,18,537.0
1715.0,27,97.0,0.6879432624113475,3.9243287342560635,9,162.0,0.1842989422902185,8,172.0,0.23198762486700142,10,252.0,0.16640168968954888,27,586.0
1720.0,34,101.0,0.753731343283582,2.638948062006744,13,169.0,0.1333490514047488,12,183.0,0.08699684453852308,9,264.0,0.15859221913044852,34,616.0
1725.0,33,114.0,0.8702290076335878,3.458171311757517,8,142.0,0.15134017017514628,14,171.0,0.18638838025811016,11,244.0,0.18793936843927628,33,557.0
1730.0,29,174.0,1.2985074626865671,3.994715062076483,9,110.0,0.1711440970037894,12,164.0,0.3257901052885256,8,266.0,0.16284534101088502,29,540.0
1735.0,30,212.0,1.5474452554744527,4.449167272197877,4,114.0,0.23608651519516052,13,186.0,0.30918228883545473,13,285.0,0.14283288360536958,30,585.0
1740.0,29,176.0,1.3435114503816794,3.738533189401486,7,100.0,0.20422970623912057,12,206.0,0.08639408597683954,10,278.0,0.13609927106209713,29,584.0
1745.0,35,157.0,1.2764227642276422,3.4199833721912087,13,148.0,0.21664590640150375,11,192.0,0.219949267357002,11,234.0,0.1682777177786578,35,574.0
1750.0,39,261.0,2.0232558139534884,4.0454502336586025,20,232.0,0.1977378084377986,8,152.0,0.3569994050710942,11,218.0,0.1823341292100408,39,602.0
1755.0,45,380.0,2.814814814814815,3.381993015218213,27,345.0,0.13147298730224757,6,134.0,0.24748448059555617,12,226.0,0.14502845505078985,45,705.0
1760.0,56,595.0,4.375,3.572975102138155,31,487.0,0.08101969885104593,9,122.0,0.25135303507443785,16,259.0,0.19464954843175886,56,868.0
1765.0,49,556.0,4.149253731343284,3.322035864828923,33,578.0,0.05764381910862248,6,122.0,0.25068347893537024,10,268.0,0.24699679767847482,49,968.0
1770.0,46,419.0,3.198473282442748,3.624470038392507,27,600.0,0.1487156731133496,7,96.0,0.22247743392179173,12,239.0,0.24754974309741207,46,935.0
1775.0,43,328.0,2.484848484848485,3.8112045690080367,24,558.0,0.14141817100085405,9,110.0,0.2715067583470638,10,241.0,0.20812566251966796,43,909.0
1780.0,40,275.0,2.0676691729323307,4.104012613601094,20,544.0,0.173958947625043,10,117.0,0.34616173356620855,10,247.0,0.14380377437146372,40,908.0
1785.0,34,321.0,2.4135338345864663,5.080975018205145,14,505.0,0.3071776513890156,11,145.0,0.35661118730285285,9,259.0,0.18126819836510383,34,909.0
1790.0,30,216.0,1.6488549618320612,4.538378216288651,8,487.0,0.30863354907088814,11,151.0,0.22096250736929907,11,279.0,0.2166860932908314,30,917.0
1795.0,28,151.0,1.188976377952756,4.648003988851975,6,451.0,0.34132576057756364,11,155.0,0.16261465662829575,11,266.0,0.23774029589736756,28,872.0
1800.0,36,211.0,1.688,4.723565779001292,13,463.0,0.28021304036478445,11,157.0,0.19692712192643125,12,243.0,0.2666640136732619,36,863.0
1805.0,34,143.0,1.1626016260162602,3.36157343368594,14,469.0,0.14782389030017265,9,170.0,0.21817020583662586,11,276.0,0.20017335389657134,34,915.0
1810.0,33,123.0,1.0081967213114753,3.6155080908921975,14,417.0,0.16368238260041273,10,175.0,0.2409560088454767,9,283.0,0.15863748008291972,33,875.0
1815.0,40,194.0,1.503875968992248,4.869848610277508,12,319.0,0.24109015624362637,14,197.0,0.3293833399539478,14,300.0,0.1606043331234256,40,816.0
1820.0,26,139.0,1.0775193798449612,4.330682185617032,5,331.0,0.2547134661120084,12,228.0,0.22124908703268714,9,295.0,0.22050797334791897,26,854.0
1825.0,31,116.0,0.8923076923076924,4.455506418755989,8,330.0,0.2910088195062681,12,219.0,0.11222602518150744,11,260.0,0.22928943613633812,31,809.0
1830.0,36,194.0,1.564516129032258,4.278005610120594,14,375.0,0.22718697646578093,9,244.0,0.15248157672533466,13,221.0,0.23405622250484115,36,840.0
1835.0,38,191.0,1.5916666666666666,3.2043403262520957,15,383.0,0.13526622323085866,8,257.0,0.17522165393330635,15,255.0,0.12304741842857093,38,895.0
1840.0,40,153.0,1.2857142857142858,3.225453685792654,14,338.0,0.14807271609600758,11,252.0,0.24748543926686,15,267.0,0.1473632505340623,40,857.0
1845.0,31,117.0,0.9285714285714286,4.096894801648588,9,232.0,0.3030517329676004,9,216.0,0.2886285152409519,13,299.0,0.18871731661082428,31,747.0
1850.0,30,113.0,0.837037037037037,4.328001267863716,7,238.0,0.30561804604505366,10,165.0,0.204080484217687,13,299.0,0.23087790723512183,30,702.0
1855.0,28,117.0,0.8666666666666667,3.8814487781627545,8,251.0,0.26295863331986474,10,182.0,0.20378023055979227,10,301.0,0.16246620942398607,28,734.0
1860.0,32,118.0,0.8872180451127819,3.741984335384518,8,228.0,0.1977650037557756,12,190.0,0.21819775132904062,12,271.0,0.14535128507388195,32,689.0
1865.0,35,133.0,1.0,3.6233567962458038,9,168.0,0.17673640066107288,14,236.0,0.23181881486641334,12,264.0,0.15166425921423426,35,668.0
1870.0,32,211.0,1.5984848484848484,3.803009246665754,5,190.0,0.17585073200898818,19,303.0,0.19081735345910947,8,280.0,0.1884542091273048,32,773.0
1875.0,39,237.0,1.7686567164179106,3.2817413969865883,12,214.0,0.14214262093748675,18,334.0,0.08672247418911452,9,276.0,0.1571118621547576,39,824.0
1880.0,43,252.0,1.984251968503937,3.184992837200948,16,283.0,0.16080415986059696,16,312.0,0.22559138104189536,11,251.0,0.17948309781805127,43,846.0
1885.0,39,257.0,1.9323308270676691,3.699607327032391,18,302.0,0.16285238615950642,8,239.0,0.3155454962729782,13,221.0,0.2059616970703969,39,762.0
1890.0,37,249.0,1.8043478260869565,3.5098114922388803,14,268.0,0.17598627122258823,7,245.0,0.2861078230279373,16,254.0,0.18889470524950747,37,767.0
1895.0,39,218.0,1.5352112676056338,3.6206538409396463,14,302.0,0.1278467245856256,8,238.0,0.27210819242836515,17,290.0,0.1976281728770917,39,830.0
1900.0,38,176.0,1.2394366197183098,3.6192082832214365,14,369.0,0.09781803597988348,11,247.0,0.17062963859997582,13,283.0,0.20425189265864316,38,899.0
1905.0,40,176.0,1.3134328358208955,3.2480714559504964,19,453.0,0.1289698581666165,12,224.0,0.15460558217807713,9,284.0,0.22468124854737756,40,961.0
1910.0,40,202.0,1.5303030303030303,2.9514546037533265,15,472.0,0.13769821902921134,12,198.0,0.2338417297968409,13,274.0,0.19322954211582427,40,944.0
1915.0,38,189.0,1.3695652173913044,3.474820059513226,15,416.0,0.14317452616956813,10,195.0,0.31553058517413723,13,294.0,0.19114596474528361,38,905.0
1920.0,39,231.0,1.5931034482758621,4.329413605591206,12,356.0,0.1632642785138923,8,156.0,0.34149809851932117,19,355.0,0.1567503380195459,39,867.0
1925.0,44,368.0,2.537931034482759,4.765642885363679,7,366.0,0.19079193392811997,15,186.0,0.32073267216565493,22,452.0,0.23371855073285722,44,1004.0
1930.0,51,448.0,3.132867132867133,4.067068079925551,11,406.0,0.17874853842152227,21,263.0,0.1634563854735781,19,475.0,0.20485422237784656,51,1144.0
1935.0,51,405.0,3.0223880597014925,3.6046771927584222,13,468.0,0.1906790759897603,22,308.0,0.07836026229489046,16,421.0,0.19286830689713752,51,1197.0
1940.0,41,241.0,1.9126984126984128,3.350028691161327,14,478.0,0.19571699639648527,18,316.0,0.14267658275418907,9,466.0,0.20156776621290415,41,1260.0
1945.0,35,188.0,1.4803149606299213,3.6068977613488467,12,416.0,0.18783274885636372,13,280.0,0.27767351453226174,10,487.0,0.23716165328054867,35,1183.0
1950.0,33,159.0,1.1521739130434783,3.3786557763993335,9,431.0,0.17282817816768672,11,269.0,0.3249728183653179,13,461.0,0.18689466489533132,33,1161.0
1955.0,33,114.0,0.7755102040816326,3.8957940808123994,13,476.0,0.1467344460288795,7,245.0,0.2856206250537914,13,381.0,0.21152085903022597,33,1102.0
1960.0,37,150.0,1.0273972602739727,3.7602402080289554,20,554.0,0.12617307424244387,8,226.0,0.23599241651452718,9,377.0,0.18139929437428984,37,1157.0
1965.0,42,197.0,1.437956204379562,3.192400753881939,16,566.0,0.13011843433209438,14,246.0,0.19842945510491164,12,379.0,0.1583388622572302,42,1191.0
1970.0,38,175.0,1.2681159420289856,3.089139164718688,14,501.0,0.12728588545652644,12,267.0,0.20775488985930096,12,351.0,0.14850797660250234,38,1119.0
1975.0,40,166.0,1.1608391608391608,3.801106434457307,15,402.0,0.1890002815959104,13,235.0,0.2761619864528582,12,276.0,0.16521993602562968,40,913.0
1980.0,29,134.0,0.9436619718309859,3.6392314669579866,8,436.0,0.1769185306728165,11,214.0,0.25118543321800024,10,278.0,0.17962237016973032,29,928.0
1985.0,35,143.0,1.0141843971631206,3.5825254072951203,14,473.0,0.1742426377752046,10,241.0,0.24859157870934792,11,282.0,0.1909770928759382,35,996.0
1990.0,30,119.0,0.8439716312056738,3.2233403397502487,10,472.0,0.19304586565292842,10,254.0,0.19547831686665978,10,254.0,0.14827620001726252,30,980.0
1995.0,33,103.0,0.7304964539007093,3.350807502543528,10,407.0,0.20916905722397117,12,265.0,0.17523436242032167,11,223.0,0.13067526328132303,33,895.0
2000.0,34,172.0,1.2027972027972027,4.0444650249791,10,308.0,0.20840936441723895,11,246.0,0.22306496269405676,13,212.0,0.17985165187277338,34,766.0
2005.0,33,194.0,1.3566433566433567,3.784783136099469,10,274.0,0.22247605470494553,9,261.0,0.24633067950797005,14,245.0,0.19631674750852962,33,780.0
2010.0,37,146.0,1.0138888888888888,3.5641912414327694,10,288.0,0.211487207154562,12,249.0,0.23973776635418084,15,250.0,0.13305293418714823,37,787.0
2015.0,38,131.0,0.891156462585034,3.182559311270394,9,270.0,0.21649888106088885,12,250.0,0.14348425814446794,17,302.0,0.1161840054868971,38,822.0
2020.0,45,208.0,1.4149659863945578,3.5628768726016404,15,299.0,0.23644093869478344,14,229.0,0.10923844345016485,16,329.0,0.1646380656983818,45,857.0
2025.0,40,259.0,1.8368794326241136,3.394926161299578,21,382.0,0.17869244915968518,6,210.0,0.2013680846240419,13,328.0,0.15745079937240372,40,920.0
2030.0,46,271.0,1.9357142857142857,2.9244446006029516,25,437.0,0.08991815442674352,7,191.0,0.1964486078141113,14,306.0,0.11988839998413109,46,934.0
2035.0,47,273.0,1.9361702127659575,3.4855886672125123,23,430.0,0.11867254657469514,6,173.0,0.30723102762434,18,277.0,0.12757083779393671,47,880.0
2040.0,49,351.0,2.4545454545454546,4.416183458930489,24,402.0,0.19115909675121276,5,121.0,0.4223630573944632,20,311.0,0.20622059464352202,49,834.0
2045.0,48,372.0,2.5833333333333335,4.488269275779971,22,422.0,0.19660317129155322,7,98.0,0.37836224594900775,19,347.0,0.23556646797825223,48,867.0
2050.0,36,224.0,1.6,4.096535813263433,15,441.0,0.20132114851276253,8,109.0,0.2602001950220328,13,338.0,0.22420784424450704,36,888.0
2055.0,27,103.0,0.7463768115942029,4.117343259212994,11,439.0,0.2426302224769022,8,112.0,0.20758833633277748,8,365.0,0.18820330141200928,27,916.0
2060.0,38,156.0,1.1470588235294117,3.299349744097189,11,444.0,0.21674446990489357,14,138.0,0.17211407214484856,13,359.0,0.13644272747473243,38,941.0
2065.0,46,309.0,2.239130434782609,3.490479924374582,10,403.0,0.21418333476278126,19,210.0,0.25639007548555437,17,395.0,0.14184088349618298,46,1008.0
2070.0,48,380.0,2.6206896551724137,3.4224462255680352,7,370.0,0.17038433216409815,19,258.0,0.23390045230471357,22,471.0,0.13138030891661573,48,1099.0
2075.0,50,333.0,2.25,3.47570968807597,11,336.0,0.18771111201299312,18,270.0,0.1339655289566625,21,506.0,0.16661537572672883,50,1112.0
2080.0,46,322.0,2.236111111111111,4.274583401039063,13,372.0,0.17138899080833112,19,274.0,0.14185733814512919,14,446.0,0.28508482744972713,46,1092.0
2085.0,40,268.0,1.9562043795620438,3.9009260219448807,15,388.0,0.14541589221808282,20,314.0,0.20709402760232515,5,441.0,0.31431001434627814,40,1143.0
2090.0,39,203.0,1.5037037037037038,3.3240078127997754,17,350.0,0.14536723065774917,11,338.0,0.2462976590650164,11,456.0,0.25915761210157956,39,1144.0
2095.0,37,155.0,1.091549295774648,3.2977737527694675,12,370.0,0.1224650024655233,11,335.0,0.2477442621629305,14,439.0,0.15807799111979517,37,1144.0
2100.0,39,185.0,1.25,3.6794990804664804,14,422.0,0.10906267709042294,12,352.0,0.1915992277733653,13,359.0,0.12737869370512037,39,1133.0
2105.0,49,357.0,2.568345323741007,3.586390470651576,17,481.0,0.13382737865430228,18,379.0,0.12846831067422632,14,266.0,0.17864979052395305,49,1126.0
2110.0,46,323.0,2.4656488549618323,2.9529933217577353,15,474.0,0.15536983382360464,17,410.0,0.06592554397655745,14,285.0,0.16470133323075825,46,1169.0
2115.0,42,207.0,1.6428571428571428,3.2402343296883416,17,425.0,0.152465708535761,12,338.0,0.2706185115451838,13,285.0,0.19694001427984323,42,1048.0
2120.0,34,162.0,1.208955223880597,3.7509606804394684,11,420.0,0.13833207164777608,6,354.0,0.30539624486390216,17,291.0,0.23932423594194785,34,1065.0
2125.0,39,158.0,1.1285714285714286,3.7351132856500513,13,459.0,0.1508776537179602,10,346.0,0.22796830305784685,16,309.0,0.15977417797383184,39,1114.0
2130.0,37,169.0,1.2335766423357664,3.644991268914136,13,511.0,0.10921634265853061,8,345.0,0.1388638757192217,16,294.0,0.13045323468103032,37,1150.0
2135.0,36,242.0,1.936,3.628918286624047,19,598.0,0.11103892213857183,4,270.0,0.20822783168691136,13,303.0,0.2095730354971737,36,1171.0
2140.0,46,435.0,3.5365853658536586,3.820255471527731,26,711.0,0.08693303796208209,4,177.0,0.2852885714019118,16,329.0,0.3189949185582249,46,1217.0
2145.0,54,571.0,4.568,2.7160650631718517,35,858.0,0.08058161965446564,5,164.0,0.21214209524063246,14,343.0,0.21545705181728186,54,1365.0
2150.0,63,691.0,5.484126984126984,2.3302860424370944,40,1041.0,0.07185706061204068,5,162.0,0.2323275922201844,18,325.0,0.15602259137170743,63,1528.0
2155.0,60,696.0,5.2330827067669174,2.6838431489292107,42,1134.0,0.07507274422488477,6,161.0,0.2652078557020774,12,352.0,0.14514094433979383,60,1647.0
2160.0,63,646.0,4.7153284671532845,3.194596716684408,39,1117.0,0.09433461335542917,9,194.0,0.25179709628027175,15,375.0,0.1478310768827923,63,1686.0
2165.0,61,648.0,5.023255813953488,2.969651971844265,32,1006.0,0.1064199006673873,14,257.0,0.2429495393654868,15,396.0,0.11760120341204122,61,1659.0
2170.0,58,665.0,5.1953125,3.655037820207761,28,961.0,0.15896592356698486,17,335.0,0.36308789538374514,13,376.0,0.1369995501513701,58,1672.0
2175.0,55,717.0,5.390977443609023,4.369516484819229,21,901.0,0.21305075036891286,20,421.0,0.2962347565125899,14,348.0,0.24531511365423503,55,1670.0
2180.0,43,557.0,4.036231884057971,3.8565719185039287,10,893.0,0.26388389088242403,23,526.0,0.18513530224449362,10,375.0,0.19125661659201396,43,1794.0
2185.0,42,512.0,3.5555555555555554,4.443212084501074,8,853.0,0.31928443120256533,25,597.0,0.14927655636314857,9,364.0,0.16312113147441473,42,1814.0
2190.0,48,633.0,4.62043795620438,3.7010494553984614,9,814.0,0.206802844749577,27,702.0,0.12369707660236158,12,369.0,0.1711399185819599,48,1885.0
2195.0,56,795.0,6.2109375,3.228267514094994,15,725.0,0.12807262501909772,28,828.0,0.19088583359740188,13,346.0,0.16101631379958078,56,1899.0
2200.0,53,921.0,6.924812030075188,3.045140810604246,12,707.0,0.13429442944294817,30,970.0,0.12265860077830601,11,339.0,0.1445037711026965,53,2016.0
2205.0,48,835.0,6.374045801526718,3.4925506717970696,14,676.0,0.18842711987789945,27,1013.0,0.09097132505522502,7,319.0,0.16921255043105468,48,2008.0
2210.0,45,684.0,5.428571428571429,4.321518061404748,15,698.0,0.22138484691341603,20,944.0,0.10672325788970441,10,322.0,0.25460967033300996,45,1964.0
2215.0,47,612.0,5.142857142857143,3.8515472143792753,18,691.0,0.2035064001859996,16,777.0,0.13838911107408716,13,372.0,0.2378172925331216,47,1840.0
2220.0,44,475.0,3.991596638655462,3.7856586586165832,19,598.0,0.17549113977039646,10,690.0,0.40237684095460985,15,419.0,0.21474975657621517,44,1707.0
2225.0,43,400.0,3.3057851239669422,3.9217922653622743,20,494.0,0.1489826299513384,5,648.0,0.42583968345981427,18,457.0,0.17353286060909434,43,1599.0
2230.0,45,484.0,3.811023622047244,4.055904103374777,16,394.0,0.20560384620194236,7,679.0,0.3540759962671044,22,543.0,0.09941637449712923,45,1616.0
2235.0,52,656.0,5.2063492063492065,4.017141661876641,16,356.0,0.22370878769344854,8,639.0,0.268601680091668,28,667.0,0.09266663797909265,52,1662.0
2240.0,49,715.0,5.860655737704918,3.6666601069468845,10,360.0,0.29453050640654393,6,527.0,0.21113165027466585,33,821.0,0.09170423800854174,49,1708.0
2245.0,44,784.0,6.700854700854701,3.763290059175804,8,282.0,0.25948620560742386,3,523.0,0.18185620444988246,33,985.0,0.1167824276045826,44,1790.0
2250.0,43,764.0,6.643478260869565,3.0599875798265272,9,274.0,0.20578705690832894,6,535.0,0.19626389957292784,28,1041.0,0.06760192828451894,43,1850.0
2255.0,43,615.0,5.491071428571429,3.20210295170919,14,277.0,0.14954268883714375,8,505.0,0.2548729872149683,21,986.0,0.1578597819029982,43,1768.0
2260.0,35,518.0,4.504347826086956,4.807538821627601,14,289.0,0.21334958829546027,6,402.0,0.3636546732090697,15,835.0,0.23629438117508297,35,1526.0
2265.0,28,399.0,3.2975206611570247,4.935672196681484,9,278.0,0.2874106675438725,7,262.0,0.29111588944754235,12,885.0,0.2939425538912463,28,1425.0
2270.0,29,305.0,2.520661157024793,5.377782552375716,10,198.0,0.2865068204005334,5,156.0,0.30553144088547085,14,946.0,0.29429015841499484,29,1300.0
2275.0,40,303.0,2.5677966101694913,4.559667660980079,15,222.0,0.23055849703969494,8,127.0,0.42297824615311297,17,1015.0,0.2047852196550365,40,1364.0
2280.0,43,319.0,2.8230088495575223,3.4476141887395126,22,281.0,0.18236393093950629,6,135.0,0.31694201348196166,15,994.0,0.15994125630889325,43,1410.0
2285.0,47,370.0,3.1623931623931623,3.0883627392450275,27,388.0,0.08128951718656215,8,119.0,0.24533983401111384,12,878.0,0.1727736708439914,47,1385.0
2290.0,55,427.0,3.6186440677966103,3.55773438233285,29,470.0,0.11269379581503847,14,124.0,0.3120406861003246,12,766.0,0.17489011842356894,55,1360.0
2295.0,43,335.0,2.7235772357723578,3.7575762550097207,24,479.0,0.09620826480838185,9,125.0,0.26578897066487905,10,627.0,0.2444631130895331,43,1231.0
2300.0,32,224.0,1.8666666666666667,4.690339868571758,19,449.0,0.20450490310893923,5,107.0,0.4257195580907082,8,640.0,0.28875029452027645,32,1196.0
2305.0,30,219.0,1.8717948717948718,4.703439131877861,17,431.0,0.1875955319820436,4,84.0,0.38509053970222284,9,656.0,0.24808058910131445,30,1171.0
2310.0,25,119.0,1.0258620689655173,4.23267579578679,10,447.0,0.23840119571109136,3,70.0,0.39726963823108896,12,641.0,0.1757955072649574,25,1158.0
2315.0,29,112.0,0.9911504424778761,4.509586100391371,9,449.0,0.28978091010550583,6,76.0,0.31912578262016233,14,561.0,0.15116967799816897,29,1086.0
2320.0,35,178.0,1.6036036036036037,4.070936463893419,14,505.0,0.1765052657230706,8,79.0,0.23385862143460154,13,430.0,0.17724070068897793,35,1014.0
2325.0,35,293.0,2.6636363636363636,4.365232337379109,21,590.0,0.17078030013490067,5,72.0,0.33303016741917557,9,359.0,0.2954370208390313,35,1021.0
2330.0,34,346.0,3.0892857142857144,4.749098245259447,20,622.0,0.19473383947282813,3,50.0,0.3554371562785654,11,249.0,0.33891180979763225,34,921.0
2335.0,26,218.0,1.912280701754386,4.638279849341059,16,567.0,0.18354214272474922,4,49.0,0.3969540143879945,6,233.0,0.33768313454275245,26,849.0
2340.0,30,166.0,1.4310344827586208,4.859724134394808,16,448.0,0.17107874067602263,7,71.0,0.45039712986514086,7,186.0,0.279919515476345,30,705.0
2345.0,32,198.0,1.706896551724138,5.009277480083744,15,403.0,0.2210971988801398,4,73.0,0.4646608134579781,13,180.0,0.20273798373344878,32,656.0
2350.0,33,185.0,1.6371681415929205,4.823446274140844,15,345.0,0.2637261001245368,4,46.0,0.43895633109243415,14,172.0,0.10863195419350564,33,563.0
2355.0,28,131.0,1.201834862385321,5.001517581191858,6,316.0,0.3533267174324483,10,55.0,0.29873197185926703,12,172.0,0.17272478093023919,28,543.0
2360.0,27,124.0,1.1272727272727272,5.151368234346158,6,296.0,0.33311357364397204,12,95.0,0.22481566951175003,9,150.0,0.23724628317663388,27,541.0
2365.0,17,52.0,0.48148148148148145,4.892038954256792,6,266.0,0.23602095398722167,6,97.0,0.22779834024171255,5,158.0,0.34104828295071143,17,521.0
2370.0,15,47.0,0.44761904761904764,4.732512216070679,6,209.0,0.22472034981700412,3,102.0,0.28650380602835984,6,161.0,0.30969413514569044,15,472.0
2375.0,24,85.0,0.8018867924528302,4.346913521253438,7,149.0,0.21798328685724447,8,127.0,0.2760364644813719,9,172.0,0.1877654079488261,24,448.0
2380.0,20,71.0,0.6826923076923077,4.308616759652552,3,146.0,0.26117002421640834,7,138.0,0.2746728416914582,10,155.0,0.169269225404037,20,439.0
2385.0,22,55.0,0.4954954954954955,4.4119791744014485,9,147.0,0.2887372678443304,7,114.0,0.2153950954064409,6,160.0,0.24885782650159724,22,421.0
2390.0,18,61.0,0.5446428571428571,4.438815544151622,9,158.0,0.26254204424166316,2,109.0,0.22054248710203198,7,169.0,0.2206649421537961,18,436.0
2395.0,23,75.0,0.6944444444444444,3.679349284256301,8,132.0,0.15985636766275335,6,129.0,0.26314305180607495,9,176.0,0.1050974956172058,23,437.0
2400.0,27,114.0,1.0754716981132075,4.038496425127391,5,143.0,0.24157905958071008,13,183.0,0.22574494208270734,9,141.0,0.161886068883688,27,467.0
2405.0,30,163.0,1.5233644859813085,4.026701394337921,10,167.0,0.21241034734801328,14,206.0,0.12261562638743655,6,123.0,0.26008847537686053,30,496.0
2410.0,25,113.0,1.0761904761904761,3.9069684311861037,11,183.0,0.20607143326077124,10,184.0,0.13895426776887201,4,119.0,0.2968395852229264,25,486.0
2415.0,21,69.0,0.6509433962264151,4.097219074524254,8,143.0,0.2457439943335265,5,203.0,0.18533919197536058,8,112.0,0.24435384734684096,21,458.0
2420.0,29,137.0,1.2568807339449541,4.47398513329541,6,96.0,0.2545105300084262,9,241.0,0.21437795826353392,14,153.0,0.13848973114628174,29,490.0
2425.0,31,197.0,1.841121495327103,3.455157287329955,3,92.0,0.2891290449939875,9,240.0,0.13868223092668328,19,238.0,0.12074702230804113,31,570.0
2430.0,32,204.0,1.9065420560747663,3.5696348897205876,7,111.0,0.20107442253213237,7,176.0,0.14768152167107765,18,284.0,0.18469216399558358,32,571.0
2435.0,25,119.0,1.1121495327102804,4.136437394146864,8,115.0,0.2798674969278868,4,181.0,0.26852578384156206,13,258.0,0.2147306047653317,25,554.0
2440.0,25,112.0,1.0666666666666667,3.8898277322197408,3,77.0,0.3139089923834635,9,218.0,0.20018648377328624,13,288.0,0.15005916172434566,25,583.0
2445.0,30,137.0,1.2685185185185186,4.205765584757273,3,43.0,0.31339339151266177,9,218.0,0.22319777414931097,18,360.0,0.08707225473359419,30,621.0
2450.0,28,117.0,1.073394495412844,4.383442663244536,3,35.0,0.38931437346302045,8,176.0,0.2080185026473745,17,394.0,0.1668377040574831,28,605.0
2455.0,14,62.0,0.5961538461538461,5.163444804120163,5,36.0,0.3871986727788323,2,109.0,0.2793319496796246,7,319.0,0.2716778483766633,14,464.0
2460.0,8,26.0,0.24074074074074073,5.58013070052797,3,38.0,0.4505229425161731,3,75.0,0.28232767077487203,2,255.0,0.28013175123976713,8,368.0
2465.0,13,63.0,0.5943396226415094,6.353578640441002,7,37.0,0.39601257612687957,4,53.0,0.36109514461636494,2,193.0,0.36406848285145893,13,283.0
2470.0,22,146.0,1.4038461538461537,6.228410147213473,12,80.0,0.2603711475943324,6,58.0,0.42906229281436203,4,167.0,0.3970060435683279,22,305.0
2475.0,21,148.0,1.4230769230769231,5.8175740482233955,13,115.0,0.2697827280453289,6,80.0,0.49771068952960845,2,139.0,0.4017533660768145,21,334.0
2480.0,19,61.0,0.5754716981132075,5.640193146907124,8,109.0,0.2871486387688481,4,65.0,0.42004116207102093,7,151.0,0.3280635166874224,19,325.0
2485.0,19,61.0,0.5596330275229358,5.14791415479819,5,84.0,0.2656294613267723,7,34.0,0.30859895296345285,7,162.0,0.23061456787269924,19,280.0
2490.0,21,103.0,0.9537037037037037,5.471567123515901,4,72.0,0.35949922307105003,13,87.0,0.3013232916996246,4,136.0,0.22818673856634117,21,295.0
2495.0,27,194.0,1.830188679245283,5.0996346636744665,2,63.0,0.3435367807806773,20,174.0,0.2594722707128571,5,88.0,0.22869594126290244,27,325.0
2500.0,30,225.0,2.1226415094339623,4.945996828201663,7,72.0,0.2693673528556274,17,233.0,0.18434229427032875,6,79.0,0.33697897603469196,30,384.0
2505.0,30,164.0,1.5922330097087378,4.5058345251215375,14,126.0,0.23751142918919893,12,239.0,0.1403665300659314,4,55.0,0.3635532039901307,30,420.0
2510.0,28,144.0,1.3714285714285714,5.209159371149743,12,154.0,0.2809854697793149,9,195.0,0.19749435161447162,7,50.0,0.3670109688303651,28,399.0
2515.0,16,50.0,0.49019607843137253,5.207712557328242,5,127.0,0.32240070725426623,2,220.0,0.3612734338976772,9,63.0,0.27977173743342043,16,410.0
2520.0,20,77.0,0.77,4.860755201658164,6,90.0,0.25885037064391025,8,248.0,0.32244927791837075,6,58.0,0.2303525059968987,20,396.0
2525.0,19,91.0,0.91,4.567614283072781,4,99.0,0.28546568210551376,9,251.0,0.24578050050885125,6,61.0,0.20593269896231056,19,411.0
2530.0,24,145.0,1.4646464646464648,4.894049491954025,9,126.0,0.2363515437975249,6,184.0,0.23143440812253152,9,92.0,0.3264637993885378,24,402.0
2535.0,22,169.0,1.69,4.7263742931575266,9,134.0,0.30084221685814216,5,178.0,0.20274084883249444,8,130.0,0.38833672775133155,22,442.0
2540.0,20,61.0,0.5754716981132075,4.481489075505901,6,100.0,0.2364474156174717,7,203.0,0.21757657309821637,7,115.0,0.38102661819635747,20,418.0
2545.0,17,48.0,0.4485981308411215,4.316437034822441,4,116.0,0.23595132857125814,9,200.0,0.18593849148081754,4,47.0,0.3103223987038033,17,363.0
2550.0,23,78.0,0.7289719626168224,4.1674257076946795,10,154.0,0.25251135014816795,5,152.0,0.17167055387191243,8,53.0,0.27967420738687065,23,359.0
2555.0,23,111.0,1.0373831775700935,3.9554912016528765,10,166.0,0.20999419045327983,6,89.0,0.2087170595791116,7,73.0,0.33233064606553053,23,328.0
2560.0,20,93.0,0.8532110091743119,4.490393689256219,9,140.0,0.25416359623983464,3,92.0,0.259591578393027,8,102.0,0.390495392871022,20,334.0
2565.0,23,152.0,1.3333333333333333,4.3168613840881935,5,160.0,0.1718936942008603,7,84.0,0.21546094286412532,11,140.0,0.3486372869472642,23,384.0
2570.0,29,128.0,1.1130434782608696,3.6576099193961262,11,205.0,0.1354572326883932,9,94.0,0.1609931729192967,9,127.0,0.2133381411506832,29,426.0
2575.0,31,99.0,0.9166666666666666,2.8432631042943295,14,215.0,0.13974165327771332,7,83.0,0.17469030051978535,10,148.0,0.2135545604363524,31,446.0
2580.0,20,67.0,0.6036036036036037,3.561768874041655,7,176.0,0.16901063946228664,5,109.0,0.23571828206682688,8,176.0,0.23733668297122398,20,461.0
2585.0,29,96.0,0.8495575221238938,3.4462897730457565,7,187.0,0.13766946372031502,10,138.0,0.199263398851438,12,181.0,0.21769827662191807,29,506.0
2590.0,26,104.0,0.9043478260869565,3.340829082029911,9,226.0,0.14771085663686176,10,156.0,0.11503223812137324,7,169.0,0.22170973768844332,26,551.0
2595.0,23,71.0,0.6228070175438597,3.878186964166532,8,232.0,0.1466720078224219,9,139.0,0.12219135156609684,6,118.0,0.346190735058832,23,489.0
2600.0,20,54.0,0.5046728971962616,4.301773768846321,8,197.0,0.20770948845916695,6,111.0,0.29425003069515776,6,128.0,0.2929957569306008,20,436.0
2605.0,17,64.0,0.6095238095238096,4.506449039009611,5,151.0,0.22300782201491756,1,109.0,0.31232978644623444,11,134.0,0.2683314816090384,17,394.0
2610.0,17,94.0,0.8545454545454545,4.236930863614773,3,144.0,0.19668436471603212,6,126.0,0.17783878711365408,8,157.0,0.2889458185604375,17,427.0
2615.0,19,70.0,0.6363636363636364,3.813499379187506,8,173.0,0.18036851887290592,6,134.0,0.2148823695236997,5,134.0,0.26464663403560507,19,441.0
2620.0,21,72.0,0.6666666666666666,3.7474422552243567,8,182.0,0.17110211584895638,3,100.0,0.24795506378873655,9,117.0,0.24543281320885574,20,399.0
2625.0,19,97.0,0.8981481481481481,3.968837784761609,6,148.0,0.15473981960178887,1,101.0,0.27315971589941346,12,140.0,0.23331243389519532,19,389.0
2630.0,23,98.0,0.9245283018867925,4.165254850148199,5,95.0,0.19286585405219248,7,124.0,0.2812316839615808,11,159.0,0.17944923646666952,23,378.0
2635.0,22,94.0,0.8785046728971962,4.718014044006171,5,77.0,0.25507683943892184,7,128.0,0.2539164592299114,10,144.0,0.2057439376623515,22,349.0
2640.0,21,77.0,0.719626168224299,4.85216780802695,4,69.0,0.4096512982173606,6,95.0,0.1994295964435869,11,162.0,0.22205431946917817,21,326.0
2645.0,18,108.0,1.0093457943925233,5.729422375049455,2,60.0,0.5087880889986155,4,65.0,0.2554917548916555,12,197.0,0.28599402143140396,18,322.0
2650.0,21,175.0,1.6203703703703705,5.9214827774284675,3,65.0,0.5615233736547113,2,53.0,0.3125684741747092,16,269.0,0.2232390686032213,21,387.0
2655.0,20,126.0,1.2233009708737863,5.53509854459037,4,52.0,0.528487572329982,4,56.0,0.3702193739755601,12,296.0,0.21162156907214646,20,404.0
2660.0,20,73.0,0.7019230769230769,5.173072218231654,8,52.0,0.3188858744844309,2,40.0,0.49714434161261073,10,270.0,0.1693358139255726,20,362.0
2665.0,29,148.0,1.4368932038834952,4.768526846220651,13,95.0,0.16226350139217163,7,36.0,0.4145297361881503,9,222.0,0.13970709277689092,29,353.0
2670.0,27,151.0,1.51,4.211284481404499,12,131.0,0.1264037017275114,8,61.0,0.23139766865624659,7,211.0,0.26887149136183086,27,403.0
2675.0,21,100.0,1.0204081632653061,5.676021892568264,8,129.0,0.2932693989307999,5,67.0,0.3488217262994037,8,187.0,0.3603803996306859,21,383.0
2680.0,10,66.0,0.6804123711340206,5.610734713710793,3,136.0,0.3272217524991479,3,80.0,0.22820284065052124,4,178.0,0.4531944884146207,10,394.0
2685.0,24,149.0,1.49,4.9782450267459675,8,161.0,0.23675207078542895,11,107.0,0.14698397315757453,5,157.0,0.502959290443332,24,425.0
2690.0,20,86.0,0.8958333333333334,4.301689313413459,7,162.0,0.14937237416595017,9,127.0,0.13709224809470907,4,143.0,0.4333832337955494,20,432.0
2695.0,18,51.0,0.53125,4.7743858649191315,7,130.0,0.23361608941814602,6,98.0,0.21767104114821909,5,121.0,0.32389020810970937,18,349.0
2700.0,17,80.0,0.851063829787234,6.094090893190468,4,78.0,0.3977372145002369,4,72.0,0.344720521820548,9,136.0,0.32195565954669014,17,286.0
2705.0,20,120.0,1.2765957446808511,4.327657697688106,2,80.0,0.2981757201884475,5,77.0,0.22157649703264617,13,190.0,0.2568256391187982,20,347.0
2710.0,29,235.0,2.3979591836734695,4.183634182177745,7,103.0,0.24035261797249857,8,107.0,0.1949160966556736,14,256.0,0.19232701187098086,29,466.0
2715.0,29,182.0,1.956989247311828,3.582522588588819,8,108.0,0.22929500641945771,9,121.0,0.16660763098340117,12,266.0,0.22251975458546755,29,495.0
2720.0,18,71.0,0.7888888888888889,4.130704791035037,4,81.0,0.22444228221275558,9,100.0,0.26819282858547644,5,210.0,0.3030195900581479,18,391.0
2725.0,10,44.0,0.4631578947368421,5.920197650704916,4,58.0,0.3246605879992527,2,79.0,0.3286051043876913,4,160.0,0.4349891940750017,10,297.0
2730.0,7,7.0,0.07,5.414371517138188,1,57.0,0.372065989794087,3,82.0,0.26068289809075945,3,124.0,0.3914462223770321,7,263.0
2735.0,21,76.0,0.76,4.693266443383108,8,72.0,0.259137435345435,7,110.0,0.21416518950298363,6,139.0,0.348052747100256,21,321.0
2740.0,29,121.0,1.3010752688172043,2.9544006273713856,14,122.0,0.1546006432270795,9,127.0,0.20047224597683297,6,134.0,0.1767993950195282,29,383.0
2745.0,25,96.0,1.0105263157894737,3.4032080332871177,13,159.0,0.14840939520495064,5,108.0,0.24225303264551443,7,87.0,0.25630762590299194,25,354.0
2750.0,19,84.0,0.8484848484848485,4.969506982480769,11,140.0,0.20925334743095267,5,122.0,0.2697324964553578,3,53.0,0.4078554521596727,19,315.0
2755.0,21,103.0,1.0198019801980198,5.391820616767367,8,121.0,0.2336882189856584,10,160.0,0.17599684183965233,3,47.0,0.42674780398137646,21,328.0
2760.0,18,103.0,1.0618556701030928,5.253312897810596,4,107.0,0.35066518217154674,9,168.0,0.1656350877427182,5,56.0,0.3628131927109603,18,331.0
2765.0,9,24.0,0.24742268041237114,5.683866942109881,3,90.0,0.445580228603233,5,137.0,0.2502501028924171,1,29.0,0.4009572367013083,9,256.0
2770.0,13,34.0,0.3617021276595745,5.51984313570841,2,82.0,0.4371287192122279,5,92.0,0.2261042059015597,6,23.0,0.4351626206364121,13,197.0
2775.0,20,102.0,1.1333333333333333,5.219013920547234,7,102.0,0.30807760446959487,5,87.0,0.25273780564877335,8,58.0,0.39433878766642627,20,247.0
2780.0,22,133.0,1.528735632183908,4.248555397349659,10,119.0,0.21729248914422558,0,69.0,0.3418305036750888,12,107.0,0.2331594733897826,22,295.0
2785.0,22,117.0,1.3604651162790697,4.561273923359996,5,90.0,0.26582705460398137,6,74.0,0.3329429657889669,11,131.0,0.2507179252023826,22,295.0
2790.0,12,60.0,0.6741573033707865,5.478474293179021,2,57.0,0.3067479841948213,6,85.0,0.35846168010250373,4,113.0,0.32077415124395053,12,255.0
2795.0,7,29.0,0.32222222222222224,6.191581686424455,2,34.0,0.446808827681506,1,61.0,0.3038657545221534,4,109.0,0.3943281565356907,7,204.0
2800.0,15,32.0,0.32989690721649484,4.966838551442714,4,15.0,0.4191354894773512,3,59.0,0.20002010860809183,8,130.0,0.24969254258334966,15,204.0
2805.0,23,80.0,0.851063829787234,4.3125284928039225,6,39.0,0.351427978298066,9,89.0,0.1436257599677146,8,130.0,0.24215684107744312,23,258.0
2810.0,18,54.0,0.6,3.6465019873847053,6,48.0,0.2743815873707223,8,101.0,0.17567034323381817,4,99.0,0.21057347137609497,18,248.0
2815.0,15,45.0,0.5,4.766500512372092,6,46.0,0.2880402435207593,5,83.0,0.260076891390725,4,58.0,0.35257069930755236,15,187.0
2820.0,17,77.0,0.8020833333333334,5.778173784099615,6,48.0,0.40084351136138224,5,65.0,0.26156944799954535,6,52.0,0.37500850704972205,17,165.0
2825.0,6,21.0,0.21212121212121213,6.14924693392505,1,41.0,0.5244928355887488,4,68.0,0.2813570761205627,1,36.0,0.4449856616089036,6,145.0
2830.0,12,32.0,0.31683168316831684,5.87697648764047,5,46.0,0.36178818563682863,3,64.0,0.27389883389905567,4,24.0,0.43070606392962013,12,134.0
2835.0,26,129.0,1.34375,4.855011797779597,11,87.0,0.21184108458329937,7,84.0,0.28832077036330467,8,56.0,0.280065443554757,26,227.0
2840.0,28,120.0,1.3636363636363635,3.003075153143956,11,113.0,0.1422997012309018,8,104.0,0.1898713307398102,9,76.0,0.15575255606621152,28,293.0
2845.0,19,69.0,0.7840909090909091,4.212222401723692,7,112.0,0.247096643931247,6,101.0,0.2383002755358895,6,75.0,0.25468610348376924,19,288.0
2850.0,18,62.0,0.6595744680851063,4.955636413956463,6,125.0,0.3152710365981702,4,78.0,0.2761162166719179,8,102.0,0.2909017414376747,18,305.0
2855.0,19,65.0,0.6842105263157895,4.377526881205172,7,158.0,0.23616546838645744,3,69.0,0.27772791890185755,9,138.0,0.23111400310229044,19,365.0
2860.0,29,145.0,1.5591397849462365,3.086149723437867,13,215.0,0.1567120422737291,8,96.0,0.17823150473587887,8,152.0,0.13705756418626572,29,463.0
2865.0,36,219.0,2.4065934065934065,2.530811296963723,20,299.0,0.11847585073007373,9,111.0,0.18653442911957652,7,139.0,0.1489598851453803,36,549.0
2870.0,26,182.0,1.9361702127659575,3.8026762351726524,19,341.0,0.1694494946792094,4,88.0,0.26720671822266967,3,101.0,0.26693307506663677,26,530.0
2875.0,22,119.0,1.19,4.791949558783885,15,318.0,0.1913746328864076,5,105.0,0.26462286453063616,2,67.0,0.37413462759039623,22,490.0
2880.0,24,127.0,1.2574257425742574,4.494615029828103,14,266.0,0.14897096048404054,9,140.0,0.21281664465506722,1,52.0,0.350575284748673,24,458.0
2885.0,29,153.0,1.53,4.497659784389967,15,270.0,0.20998514154081982,7,145.0,0.24204377049241063,7,72.0,0.23310134864433135,29,487.0
2890.0,26,188.0,1.9583333333333333,5.113761131951864,11,252.0,0.3399153059423327,3,101.0,0.2890990150821778,12,121.0,0.24578951916495215,26,474.0
2895.0,19,179.0,1.8842105263157896,5.04904147092841,7,244.0,0.4119724983965114,4,107.0,0.24820325330472676,8,138.0,0.26462426238094827,19,489.0
2900.0,21,84.0,0.875,4.749390444276618,2,216.0,0.47284354927841815,10,144.0,0.18016210663420162,9,109.0,0.2512124174549704,21,469.0
2905.0,19,71.0,0.7473684210526316,4.7024907330070915,5,150.0,0.3278595192293014,8,149.0,0.13884232107880468,6,79.0,0.29152327910782,19,378.0
2910.0,13,44.0,0.46808510638297873,4.421862791080691,4,149.0,0.31870469092749926,5,120.0,0.13834972591339134,4,97.0,0.32115224081855875,13,366.0
2915.0,12,32.0,0.3404255319148936,5.2802285788050325,2,114.0,0.36996751121996757,6,100.0,0.3047138006348265,4,111.0,0.340142841475131,12,325.0
2920.0,13,57.0,0.6129032258064516,5.528655097419168,3,126.0,0.46472836763239384,3,86.0,0.24866731790170882,7,137.0,0.32778369219042197,13,349.0
2925.0,16,65.0,0.6989247311827957,5.332033541094428,7,154.0,0.35538079330710703,1,71.0,0.30690335854785006,8,144.0,0.29844383928539786,16,369.0
2930.0,18,59.0,0.6555555555555556,4.819259130961376,8,151.0,0.20317003081251633,6,75.0,0.27771572852859405,4,134.0,0.30636602414974595,18,360.0
2935.0,14,48.0,0.5454545454545454,4.3756835445435565,4,113.0,0.19267816344680286,5,88.0,0.26147615674391844,5,124.0,0.24093621929444795,14,325.0
2940.0,13,32.0,0.3595505617977528,4.805672497422603,5,77.0,0.31213801514591855,3,57.0,0.28607594688724414,5,125.0,0.20216437551806912,13,259.0
2945.0,12,45.0,0.5056179775280899,5.465353838195924,5,81.0,0.3507284766787974,0,32.0,0.31135558284805637,7,155.0,0.24932623448839525,12,268.0
2950.0,14,62.0,0.7294117647058823,5.166067616377679,9,111.0,0.2862974417690871,0,15.0,0.39322232321398787,5,155.0,0.3349758338668481,14,281.0
2955.0,13,54.0,0.6506024096385542,5.454322079239029,7,121.0,0.27244487133684575,0,7.0,0.623246299722227,6,128.0,0.30465997787877375,13,256.0
2960.0,9,19.0,0.2159090909090909,4.717485046172717,3,81.0,0.21994021644355835,1,10.0,0.4816633491654053,5,148.0,0.2255515996735243,9,239.0
2965.0,21,65.0,0.7142857142857143,4.5876829708448,3,43.0,0.2672298841056395,8,35.0,0.33293239174014144,10,186.0,0.16573607204004284,21,264.0
2970.0,17,61.0,0.6777777777777778,4.297999710575823,1,27.0,0.3674464061568365,7,57.0,0.2672199701219351,9,202.0,0.10903549754933275,17,286.0
2975.0,11,27.0,0.30337078651685395,5.157561456364102,1,24.0,0.4040663467638646,3,49.0,0.3500217064881602,7,175.0,0.2317985859272883,11,248.0
2980.0,17,59.0,0.6483516483516484,5.282708930305123,7,46.0,0.2897319015061888,4,64.0,0.3020362726869924,6,121.0,0.2710448197949077,17,231.0
2985.0,24,120.0,1.3333333333333333,3.7535038290932277,11,93.0,0.19785583356517417,9,97.0,0.15805502493602058,4,134.0,0.21214213691924078,24,324.0
2990.0,33,192.0,2.2325581395348837,2.457842379062384,10,123.0,0.12066494760305861,16,161.0,0.03748221110038664,7,143.0,0.15170039065117252,33,427.0
2995.0,36,248.0,2.883720930232558,3.0537422489794634,5,103.0,0.19276475795742168,21,259.0,0.12289517214363062,10,154.0,0.1345346095349173,36,516.0
3000.0,28,231.0,2.6551724137931036,4.483737084819124,4,65.0,0.2949433982288107,18,316.0,0.24081130757692212,6,110.0,0.19868689707903786,28,491.0
3005.0,19,120.0,1.3186813186813187,5.140953784067155,2,49.0,0.4042224054368899,11,294.0,0.2514002720654294,6,122.0,0.26794247150626477,19,465.0
3010.0,15,71.0,0.7634408602150538,5.257521687061684,1,53.0,0.4613845532551274,8,222.0,0.1776065684476015,6,132.0,0.28130310464285363,15,407.0
3015.0,19,113.0,1.2150537634408602,5.194717449979059,4,66.0,0.4463760677851624,5,176.0,0.2758046653164678,10,175.0,0.2448054773766853,19,417.0
3020.0,21,130.0,1.4130434782608696,5.314632810527318,8,97.0,0.36179951496603924,4,124.0,0.4374576419846008,9,176.0,0.2673639069576377,21,397.0
3025.0,15,66.0,0.7096774193548387,4.789473440379685,8,109.0,0.2472759925695156,0,81.0,0.5125609343714597,7,109.0,0.24264132655986279,15,299.0
3030.0,17,62.0,0.6458333333333334,4.4091159377720865,6,106.0,0.22851996180368866,6,83.0,0.40340519437562333,5,128.0,0.17023056554705096,17,317.0
3035.0,23,67.0,0.6907216494845361,3.7658610503642436,6,127.0,0.17287763815394983,7,85.0,0.2692068465129059,10,169.0,0.13195118897765298,23,381.0
3040.0,29,123.0,1.3085106382978724,3.0517037370898232,10,166.0,0.1725558717528687,3,64.0,0.18451023122132304,16,239.0,0.10886512630372347,29,469.0
3045.0,31,190.0,2.087912087912088,3.2295590157451253,16,232.0,0.17178402855610525,2,38.0,0.3177185158414218,13,272.0,0.1795633638413302,31,542.0
3050.0,28,177.0,1.923913043478261,3.466848089008012,16,275.0,0.131421448232887,3,44.0,0.48839143790903444,9,249.0,0.1921774209334574,28,568.0
3055.0,24,91.0,0.9381443298969072,4.278529143035162,15,267.0,0.12283075800964768,2,15.0,0.5981481062836884,7,197.0,0.1978286084427576,24,479.0
3060.0,21,78.0,0.78,5.5481185523396475,12,230.0,0.16593489888928817,5,26.0,0.5633664547073612,4,162.0,0.2131106138231831,21,418.0
3065.0,10,37.0,0.37755102040816324,6.208194997508013,6,215.0,0.2550787388013889,1,22.0,0.6272078166579734,3,177.0,0.24922633483091758,10,414.0
3070.0,12,53.0,0.5760869565217391,6.346690381128946,5,160.0,0.39015199893774455,0,2.0,0.5222945598714478,7,210.0,0.25026666257092284,12,372.0
3075.0,15,89.0,1.0348837209302326,5.458779499261536,1,140.0,0.4720179347294773,1,3.0,0.3580397632468946,13,265.0,0.1648529402345239,15,408.0
3080.0,24,116.0,1.4320987654320987,3.6884943440954703,4,144.0,0.3400282170156272,7,29.0,0.11285707161438874,13,289.0,0.09937506312403727,24,462.0
3085.0,22,75.0,0.9375,3.494694841667775,6,141.0,0.1909859059266337,7,55.0,0.18377940775289725,9,255.0,0.14143817094929087,22,451.0
3090.0,11,29.0,0.35802469135802467,5.492396873857172,2,107.0,0.30192054793631473,3,48.0,0.4581922835339901,6,203.0,0.2586077452006935,11,358.0
3095.0,6,20.0,0.23809523809523808,8.022769726026747,2,58.0,0.48280395299298123,0,22.0,0.6664836558762124,4,163.0,0.4032567144511398,6,243.0
3100.0,7,13.0,0.1566265060240964,7.187134529194698,2,52.0,0.4281739046080681,1,23.0,0.4170316000448289,4,107.0,0.46226344336619063,7,182.0
3105.0,14,51.0,0.6219512195121951,6.475945530590351,7,79.0,0.2540983638518369,7,43.0,0.37864294361744194,0,52.0,0.4607652799462294,14,174.0
3110.0,27,158.0,2.051948051948052,4.936862629935984,13,133.0,0.1066599405108992,12,92.0,0.2475277816902165,2,40.0,0.5513664397863337,27,265.0
3115.0,26,147.0,1.9090909090909092,4.602431229877,13,164.0,0.1432930522294263,11,122.0,0.17540379230692207,2,29.0,0.5661988306552542,26,315.0
3120.0,10,42.0,0.5384615384615384,6.063744079914279,5,126.0,0.32260735692337733,5,103.0,0.2593991194871736,0,20.0,0.5803370850849339,10,249.0
3125.0,12,27.0,0.35526315789473684,6.190359038787801,6,84.0,0.3786504669975287,3,102.0,0.2903020256249315,3,24.0,0.4208053584369879,12,210.0
3130.0,13,51.0,0.7083333333333334,4.639317479239326,1,81.0,0.37477424336397847,7,126.0,0.17690511896065894,5,44.0,0.25672897629601626,13,251.0
3135.0,19,69.0,0.971830985915493,3.3754432865213224,8,102.0,0.1747175942656725,6,127.0,0.1283205057613938,5,58.0,0.16141431078760507,19,287.0
3140.0,14,41.0,0.5942028985507246,4.7823469682043065,7,109.0,0.28627287785088085,3,95.0,0.24458015209201409,4,53.0,0.4323413276496135,14,257.0
3145.0,6,16.0,0.2222222222222222,6.748730670356475,4,69.0,0.32897287312466894,1,47.0,0.4143388483928957,1,33.0,0.6339722785434645,6,149.0
3150.0,3,16.0,0.21621621621621623,8.344588344136753,2,48.0,0.5200011199884278,0,23.0,0.4597085774831164,1,18.0,0.7742624195092037,3,89.0
3155.0,3,23.0,0.3026315789473684,8.365158332636716,0,22.0,0.576464100237284,1,14.0,0.4769525018984225,2,18.0,0.7069329565164149,3,54.0
3160.0,2,24.0,0.3076923076923077,7.804673554194114,0,22.0,0.5319498547533603,1,10.0,0.4597181585802788,1,23.0,0.6269647624056397,2,55.0
3165.0,13,39.0,0.5,5.956032368579004,5,36.0,0.30091521847289965,7,31.0,0.2773686518311729,1,3.0,0.5050840358976293,13,70.0
3170.0,18,52.0,0.7123287671232876,3.9199314715124958,5,46.0,0.1339357584443789,7,54.0,0.23451747746120777,6,20.0,0.28703307012185175,18,120.0
3175.0,17,70.0,0.9459459459459459,4.922468009591578,2,36.0,0.302793397100361,5,49.0,0.2719171729480449,10,63.0,0.31540939965307985,17,148.0
3180.0,15,53.0,0.7162162162162162,5.004723342960737,2,30.0,0.3627550447513956,5,67.0,0.27899612743264907,8,84.0,0.3164220223774262,15,181.0
3185.0,16,75.0,0.9868421052631579,4.595846169749471,6,52.0,0.23762288802284387,9,106.0,0.18668364471495996,1,56.0,0.31072260737975915,16,214.0
3190.0,24,145.0,1.9078947368421053,4.285135747874168,6,63.0,0.18938550862853484,16,173.0,0.12086931139195882,2,25.0,0.4731756193351261,24,261.0
3195.0,26,242.0,3.1842105263157894,4.7835636444484555,1,31.0,0.2696691547990606,22,275.0,0.12695235008521055,3,27.0,0.5720892090144464,26,333.0
3200.0,23,246.0,3.1139240506329116,4.969278993675061,0,10.0,0.3275508505840899,19,331.0,0.16201632109070613,4,42.0,0.35767998761086967,23,383.0
3205.0,20,188.0,2.3209876543209877,5.319634412537283,1,13.0,0.42491201007658985,14,297.0,0.11200567468072875,5,68.0,0.4632512994378151,20,378.0
3210.0,21,114.0,1.4430379746835442,5.542569785886674,4,27.0,0.4266372811033124,13,265.0,0.1435053552308758,4,61.0,0.5058342103926972,21,353.0
3215.0,19,110.0,1.4666666666666666,6.366219237564795,8,58.0,0.4336583007291722,8,230.0,0.2773476920971845,3,34.0,0.5815459573455939,19,322.0
3220.0,18,107.0,1.4078947368421053,6.236870284972455,7,77.0,0.37082523834481584,3,181.0,0.4732379032376944,8,58.0,0.43120419996296555,18,316.0
3225.0,15,77.0,1.0,6.967324643610328,7,79.0,0.35857561611034483,0,127.0,0.6305318187320261,8,85.0,0.4200827545711612,15,291.0
3230.0,10,61.0,0.8026315789473685,6.690849385838473,4,91.0,0.33322466759936653,2,129.0,0.5403216548819416,4,87.0,0.45968707157616373,10,307.0
3235.0,21,124.0,1.5696202531645569,5.490848458800846,10,130.0,0.1657489715487617,7,156.0,0.330360911919931,4,88.0,0.47468031343040756,21,374.0
3240.0,22,99.0,1.2857142857142858,3.53285906616707,13,185.0,0.09687234012758787,6,154.0,0.15275457442653517,3,58.0,0.35833191648931395,22,397.0
3245.0,24,108.0,1.3670886075949367,4.320539899251544,14,220.0,0.20052018947694888,3,111.0,0.2056232584077764,7,38.0,0.34185681184141764,24,369.0
3250.0,17,62.0,0.7948717948717948,4.885655082609765,8,201.0,0.2627146794835919,5,109.0,0.21981325398242968,4,50.0,0.41508025242753127,17,360.0
3255.0,15,54.0,0.6835443037974683,5.332740851176911,5,141.0,0.21274095948392854,8,140.0,0.35867543928167817,2,35.0,0.35906655863209835,15,316.0
3260.0,12,49.0,0.6125,6.1757944492419075,5,108.0,0.30551671713576517,5,135.0,0.37410702161307435,2,17.0,0.39864209726706945,12,260.0
3265.0,7,33.0,0.4125,6.648586609289436,3,95.0,0.4078127930844302,2,87.0,0.32550705551913445,2,17.0,0.5042560045146811,7,199.0
3270.0,13,35.0,0.4430379746835443,5.725128137114607,2,64.0,0.3910782778930943,5,107.0,0.19491141915565832,6,36.0,0.411704576109545,13,207.0
3275.0,19,82.0,1.1388888888888888,4.4198852986705175,5,79.0,0.3171151039356139,10,149.0,0.11749173825257857,4,42.0,0.33564572977637247,19,270.0
3280.0,23,105.0,1.4788732394366197,3.5157585995962313,10,120.0,0.17581494901265385,10,158.0,0.1540883156204541,3,33.0,0.26163681999695865,23,311.0
3285.0,16,67.0,0.9436619718309859,4.748960742154752,9,143.0,0.17366139973629544,6,124.0,0.2433186738640431,1,18.0,0.5760295048431364,16,285.0
3290.0,8,33.0,0.44,6.838836311089881,4,111.0,0.3407339224788928,3,86.0,0.34078256305319493,1,14.0,0.6793156273209044,8,211.0
3295.0,13,42.0,0.5753424657534246,6.242953947411419,7,116.0,0.27872824376939886,3,72.0,0.3922599028331828,3,19.0,0.6571802542218186,13,207.0
3300.0,17,78.0,1.0,5.390834109589964,11,159.0,0.2895917641384095,2,64.0,0.31922616480884447,4,34.0,0.4642954996838553,17,257.0
3305.0,14,49.0,0.620253164556962,4.375447816993577,5,158.0,0.20386677730093747,6,82.0,0.21894041735127337,3,15.0,0.45047232024417816,14,255.0
3310.0,22,112.0,1.4177215189873418,4.330124072054124,2,106.0,0.22333670658487026,12,134.0,0.25380423382014033,8,35.0,0.2571322209539723,22,275.0
3315.0,19,101.0,1.2469135802469136,4.847660109072564,4,76.0,0.23405418076201587,10,160.0,0.24648709269267585,5,57.0,0.2908103201062518,19,293.0
3320.0,7,33.0,0.4177215189873418,6.734688583850833,2,53.0,0.4025307228302776,5,132.0,0.3817137596567582,0,25.0,0.5229131834610716,7,210.0
3325.0,13,47.0,0.6025641025641025,6.047730787814687,1,38.0,0.4443994500563488,8,165.0,0.24415775855249452,4,31.0,0.44053453686909994,13,234.0
3330.0,21,85.0,1.0759493670886076,4.386060430444274,2,24.0,0.4313503573839559,12,214.0,0.12296683035434243,7,57.0,0.2521831490440233,21,295.0
3335.0,23,90.0,1.125,3.9273974349495333,6,39.0,0.2588749812155659,11,228.0,0.11753417810503,6,66.0,0.29094362826346243,23,333.0
3340.0,17,82.0,1.0933333333333333,4.519472618711223,10,82.0,0.2100282503441159,6,186.0,0.202466813910399,1,39.0,0.4184845306135793,17,307.0
3345.0,14,50.0,0.6578947368421053,4.665902157074448,7,96.0,0.23512609945266177,4,138.0,0.1818626279834928,3,27.0,0.4553274732585508,14,261.0
3350.0,16,55.0,0.7333333333333333,6.118021164297989,7,77.0,0.3500050766777585,2,97.0,0.367313693016124,7,48.0,0.43451637410111066,16,222.0
3355.0,11,47.0,0.6438356164383562,6.692435756648382,4,62.0,0.4616047650342426,1,59.0,0.5491633791254695,6,54.0,0.35513925504334387,11,175.0
3360.0,7,13.0,0.16883116883116883,6.441717237696127,3,75.0,0.37405916613182916,2,50.0,0.49906095899055525,2,33.0,0.4023248800317202,7,158.0
3365.0,13,47.0,0.6025641025641025,4.943975045716701,4,92.0,0.2966828648658366,8,77.0,0.28871077934005623,1,31.0,0.31682179418945333,13,200.0
3370.0,20,60.0,0.7317073170731707,3.6059551828949856,5,95.0,0.2270103423548786,7,91.0,0.13508488904930457,8,54.0,0.2415937974310074,20,240.0
3375.0,21,98.0,1.2098765432098766,4.159212089882694,3,74.0,0.3152032432151332,4,76.0,0.2757613642529931,14,115.0,0.2094313311928948,21,265.0
3380.0,25,121.0,1.3908045977011494,4.486428023079254,4,59.0,0.29790936057101,6,97.0,0.2730272343424353,15,159.0,0.20025659103762766,25,315.0
3385.0,21,115.0,1.3218390804597702,5.16330927957169,4,63.0,0.37846041514612555,9,131.0,0.3508078245885816,8,155.0,0.19698031174789368,21,349.0
3390.0,20,121.0,1.3444444444444446,5.133073473519231,5,65.0,0.32119316487371524,9,146.0,0.27193230486029646,6,111.0,0.2465106731173643,20,322.0
3395.0,10,41.0,0.45054945054945056,6.097471491082087,2,50.0,0.42775591174493177,7,127.0,0.24761220727128996,1,78.0,0.4832441429675725,10,255.0
3400.0,11,40.0,0.43956043956043955,5.883872130650394,5,31.0,0.4277575823871929,5,94.0,0.2019597410339662,1,54.0,0.43119381612492663,11,179.0
3405.0,18,98.0,1.065217391304348,6.089833813278116,8,63.0,0.3679728533748893,4,85.0,0.35214034009302514,6,73.0,0.4303007100521487,18,221.0
3410.0,19,91.0,1.0833333333333333,5.62765157778272,9,76.0,0.3426592861434631,4,73.0,0.46981576339659664,6,77.0,0.3684421439518683,19,226.0
3415.0,16,96.0,1.1428571428571428,6.2270384516604205,8,86.0,0.3483664221040082,4,72.0,0.6089688176433016,4,59.0,0.3037159327540434,16,217.0
3420.0,10,28.0,0.3333333333333333,5.174813463744565,4,93.0,0.27557641461368726,1,50.0,0.46888048511304353,5,53.0,0.24739462394466355,10,196.0
3425.0,25,81.0,0.9101123595505618,4.472514148487021,10,133.0,0.17144611800512274,7,42.0,0.23921845916478704,8,80.0,0.22656650024210723,25,255.0
3430.0,20,72.0,0.9113924050632911,2.9297398286564396,8,151.0,0.11038647204916606,5,54.0,0.11393269994223282,7,99.0,0.20817701178143744,20,304.0
3435.0,15,28.0,0.34146341463414637,4.716302014143362,7,139.0,0.2516023881652889,1,34.0,0.5203557119919465,7,88.0,0.2283440654759965,15,261.0
3440.0,8,21.0,0.2441860465116279,5.7794642976209705,2,130.0,0.25922652784094274,1,33.0,0.5728575102106064,5,64.0,0.26982608484149506,8,227.0
3445.0,17,75.0,0.8620689655172413,5.244309855990301,8,156.0,0.15908344085262444,6,55.0,0.41076172990140947,3,59.0,0.32306072935302493,17,270.0
3450.0,16,85.0,0.9770114942528736,4.885025733108737,8,169.0,0.12233952608604251,4,58.0,0.24363339715986612,4,59.0,0.41674010414859297,16,286.0
3455.0,9,18.0,0.21686746987951808,5.689134739937493,4,138.0,0.25675607456294874,2,44.0,0.39728604962015307,3,37.0,0.4464414681212788,9,219.0
3460.0,7,27.0,0.313953488372093,6.477804843482598,0,70.0,0.3212487273690839,2,21.0,0.44205774449187074,5,44.0,0.3152371358631493,7,135.0
3465.0,15,76.0,0.926829268292683,5.489757185173208,2,74.0,0.27658722661788027,1,17.0,0.5361406550927957,12,92.0,0.19743683799333045,15,183.0
3470.0,22,99.0,1.2375,4.4455741013513315,7,99.0,0.21695886992401647,1,12.0,0.6140275574118567,14,130.0,0.1818416471541911,22,241.0
3475.0,19,69.0,0.8734177215189873,4.9832472138698245,8,103.0,0.2144745856613321,1,14.0,0.7443120862688025,10,130.0,0.3070932521489947,19,247.0
3480.0,9,23.0,0.27710843373493976,5.871793906665214,5,64.0,0.20062492317006933,2,13.0,0.6153072709256902,2,91.0,0.39172835997521527,9,168.0
3485.0,8,25.0,0.29411764705882354,5.339611205688697,2,77.0,0.18066746270299358,4,28.0,0.5459220020327097,2,88.0,0.31386498384954553,8,193.0
3490.0,18,64.0,0.7441860465116279,4.45171255352023,8,103.0,0.1143567971198357,3,33.0,0.36156793109140956,7,109.0,0.2154120584927643,18,245.0
3495.0,15,50.0,0.6329113924050633,3.2540783603458165,8,113.0,0.15103571751401257,0,21.0,0.2465510620335049,7,116.0,0.2212011309035612,15,250.0
3500.0,11,17.0,0.21518987341772153,4.955882692383797,4,93.0,0.23146033955473205,3,13.0,0.5688030787741916,4,68.0,0.269422898924159,11,174.0
3505.0,6,7.0,0.08433734939759036,5.405449137035221,3,54.0,0.1986752230668059,1,9.0,0.633956500342331,2,67.0,0.24598734085508617,6,130.0
3510.0,11,38.0,0.4470588235294118,5.0598524960709765,2,63.0,0.22017081712837386,3,19.0,0.4217506083028546,6,89.0,0.2079946206214189,11,171.0
3515.0,23,112.0,1.3493975903614457,3.7805943392598036,6,88.0,0.16619938137290083,3,25.0,0.3394720791233757,14,143.0,0.12091104435564616,23,256.0
3520.0,20,97.0,1.2597402597402598,3.523124381119045,6,100.0,0.18328132114783094,0,20.0,0.3142897098792126,14,169.0,0.21581453388338545,20,289.0
3525.0,15,45.0,0.5555555555555556,5.536334021749659,6,71.0,0.281568788143832,0,10.0,0.8362418597249677,9,148.0,0.2478561394758726,15,229.0
3530.0,12,29.0,0.35365853658536583,5.146995469285671,4,80.0,0.2570630323520012,1,11.0,0.7130029890686538,7,167.0,0.20810166622773815,12,258.0
3535.0,21,89.0,1.0470588235294118,3.8181714002776856,6,107.0,0.12813720878888787,2,20.0,0.5496774254724084,13,218.0,0.11672535598003678,21,345.0
3540.0,17,63.0,0.8076923076923077,2.787000855560452,6,117.0,0.1228329305493521,0,15.0,0.24270882108373476,11,234.0,0.1067050300405727,17,366.0
3545.0,11,25.0,0.3246753246753247,4.687602607312034,5,92.0,0.21006006146053707,1,4.0,0.6837567441997652,5,190.0,0.21082660698622144,11,286.0
3550.0,6,10.0,0.12658227848101267,6.400395260996783,1,56.0,0.2894270523761432,1,5.0,0.8371675380520904,4,139.0,0.24982319173479003,6,200.0
3555.0,4,7.0,0.08536585365853659,7.131219842321293,2,26.0,0.32329614789184263,1,10.0,0.7821816030295069,1,82.0,0.29376269464206856,4,118.0
3560.0,4,4.0,0.04878048780487805,7.229076482656124,0,11.0,0.4643993833383686,0,3.0,0.6363182738155089,4,86.0,0.3098916336560364,4,100.0
3565.0,10,29.0,0.3493975903614458,6.378166336381525,2,14.0,0.4264503712615987,0,0.0,0.5306580617333911,8,109.0,0.2522134950669552,10,123.0
3570.0,14,51.0,0.6623376623376623,6.270832655599274,6,33.0,0.39482938040331284,0,0.0,0.5583840099976018,8,123.0,0.31713221527941865,14,156.0
3575.0,15,71.0,0.9466666666666667,5.748671811695616,9,74.0,0.36266469310888666,2,3.0,0.602912096391857,4,99.0,0.30652108920181126,15,176.0
3580.0,21,135.0,1.8,3.324722200181379,15,136.0,0.18419401133763352,2,4.0,0.4225359017100992,4,113.0,0.17788137658828068,21,253.0
3585.0,36,273.0,3.3292682926829267,2.470363065940553,22,229.0,0.09736330116179527,5,19.0,0.33339528353893655,9,147.0,0.12004430806776242,36,395.0
3590.0,39,384.0,4.682926829268292,2.149637470473317,28,353.0,0.10687159707718304,0,14.0,0.375830435103748,11,162.0,0.13433944634652903,39,529.0
3595.0,37,504.0,5.929411764705883,3.3754476593224636,30,500.0,0.13868797726743026,0,2.0,0.6985897358456258,7,132.0,0.204879344506195,37,634.0
3600.0,35,459.0,5.157303370786517,2.6354506328244542,26,577.0,0.11065316493510856,2,8.0,0.5535557007947894,7,158.0,0.14837878138006413,35,743.0
