step,system_total_stopped,system_total_waiting_time,system_mean_waiting_time,system_mean_speed,A0_stopped,A0_accumulated_waiting_time,A0_average_speed,B0_stopped,B0_accumulated_waiting_time,B0_average_speed,C0_stopped,C0_accumulated_waiting_time,C0_average_speed,agents_total_stopped,agents_total_accumulated_waiting_time
5.0,1,0.0,0.0,0.0,1,0.0,0.0,0,0.0,1.0,0,0.0,1.0,1,0.0
10.0,1,0.0,0.0,4.7339016700861976,0,0.0,0.6910953161386879,0,0.0,1.0,1,0.0,0.0,1,0.0
15.0,0,0.0,0.0,5.349144036748782,0,0.0,0.5729195702370186,0,0.0,0.1337887324238632,0,0.0,0.6643176034131378,0,0.0
20.0,1,0.0,0.0,8.283809537267038,0,0.0,0.5591429227545016,1,0.0,0.52295987520428,0,0.0,0.6607716283998241,1,0.0
25.0,0,0.0,0.0,11.160415834985763,0,0.0,0.5358082503195997,0,0.0,0.8511062380791883,0,0.0,0.9606668711462605,0,0.0
30.0,0,0.0,0.0,11.860667259188862,0,0.0,0.9253554861396489,0,0.0,0.960209549435026,0,0.0,0.9866895567730187,0,0.0
35.0,2,2.0,0.2222222222222222,8.295995839192665,0,0.0,0.357269688754313,1,2.0,0.49809103764207224,1,0.0,0.4887253221062486,2,2.0
40.0,1,7.0,1.1666666666666667,8.529777877597525,0,0.0,0.9766065910732162,1,7.0,0.4959705204759271,0,0.0,0.3798564084507278,1,7.0
45.0,3,17.0,2.125,6.132053254886548,1,0.0,0.6315445494216892,1,12.0,0.0,1,5.0,0.4258369599445788,3,17.0
50.0,1,17.0,1.8888888888888888,9.712739608044167,0,0.0,0.8392815527916032,1,17.0,0.0,0,0.0,0.8433545455803889,1,17.0
55.0,1,0.0,0.0,8.68389720286189,1,0.0,0.23415227513220827,0,2.0,0.7835265097859744,0,0.0,0.9093256376632417,1,2.0
60.0,2,3.0,0.21428571428571427,9.528753812317834,1,3.0,0.5423747490090918,0,2.0,0.903510232941912,1,0.0,0.5221778382657958,2,5.0
65.0,2,9.0,0.6923076923076923,10.344069683181242,1,8.0,0.607002021774148,0,2.0,0.9338349417311896,1,1.0,0.622481786566452,2,11.0
70.0,4,8.0,0.7272727272727273,4.975383681021021,0,0.0,0.8732451241404176,1,3.0,0.03031405343073995,3,7.0,0.2299024256219394,4,10.0
75.0,2,17.0,1.3076923076923077,5.781586110406688,0,0.0,0.11443038648700561,0,2.0,0.2570866527155601,2,17.0,0.41645850630726466,2,19.0
80.0,1,0.0,0.0,7.507558506840282,1,2.0,0.5878135663369128,0,0.0,0.9560718233579013,0,11.0,0.4713902324065041,1,13.0
85.0,1,3.0,0.2,9.257487707645101,0,2.0,0.8924366237724707,0,3.0,0.6545841484506004,1,5.0,0.47635389016510427,1,10.0
90.0,1,8.0,0.47058823529411764,10.202539396627335,0,2.0,0.7188623017609765,0,3.0,0.9635733718643136,1,10.0,0.6288187660755822,1,15.0
95.0,4,17.0,0.8947368421052632,8.389454525082378,2,6.0,0.2705771097007973,0,3.0,0.8996497500995297,2,13.0,0.3782009397349628,4,22.0
100.0,3,18.0,0.9473684210526315,8.745063608719859,0,4.0,0.5995515878816736,1,0.0,0.46966573320257127,2,18.0,0.5628287696135639,3,22.0
105.0,3,24.0,1.2,9.631350238099056,1,0.0,0.6391707233170862,0,2.0,0.7316575591941796,2,24.0,0.62816496958593,3,26.0
110.0,2,34.0,1.7,10.4448341944883,0,0.0,0.7497622363376232,0,2.0,0.8361465348714086,2,34.0,0.6035200516432968,2,36.0
115.0,2,44.0,1.9130434782608696,9.455142647708554,0,0.0,0.7802428795688326,0,2.0,0.6649369901996952,2,44.0,0.531972845744946,2,46.0
120.0,3,2.0,0.08,9.354661264716063,0,0.0,0.88703906666716,1,4.0,0.6357959118823141,2,0.0,0.0949046062320708,3,4.0
125.0,3,11.0,0.4230769230769231,8.45022511963952,1,3.0,0.48786574241455766,0,0.0,0.6873920564347762,2,8.0,0.31526133280020374,3,11.0
130.0,3,4.0,0.13333333333333333,7.3631590707458825,0,0.0,0.4256297278100594,1,4.0,0.5079087973098931,2,2.0,0.5035467611914862,3,6.0
135.0,7,29.0,0.9666666666666667,8.826249533300308,2,7.0,0.4670228848610733,3,18.0,0.378078333159716,2,8.0,0.6568444507735282,7,33.0
140.0,0,0.0,0.0,8.80467959059588,0,6.0,0.45617010616354076,0,7.0,0.4667261953523482,0,4.0,0.6726807740640472,0,17.0
145.0,3,9.0,0.34615384615384615,9.049865248121336,0,0.0,0.7723458293686933,1,8.0,0.5817306134204769,2,9.0,0.5252159958029985,3,17.0
150.0,3,10.0,0.43478260869565216,7.323303787599027,1,0.0,0.6113275710508573,2,14.0,0.6144731904148257,0,8.0,0.38552926998552145,3,22.0
155.0,2,7.0,0.30434782608695654,9.936162769327256,0,0.0,0.704089277091204,1,6.0,0.7454034550761965,1,7.0,0.6481231369241661,2,13.0
160.0,1,7.0,0.30434782608695654,10.96395194424732,0,2.0,0.9521152143919963,1,9.0,0.7933308826705695,0,2.0,0.6790150150229985,1,13.0
165.0,2,15.0,0.625,10.575107042621275,0,2.0,0.8539022820089877,1,14.0,0.7686994567614062,1,5.0,0.5908442243241485,2,21.0
170.0,2,17.0,0.7083333333333334,8.993276486372034,0,2.0,0.7268870630793426,1,17.0,0.6889255012296145,1,5.0,0.5619425532845189,2,24.0
175.0,1,4.0,0.16666666666666666,9.133760921447832,0,1.0,0.6904407653098209,0,0.0,0.44083249298879856,1,4.0,0.6806558379524374,1,5.0
180.0,4,13.0,0.5,9.060997261845651,2,5.0,0.6440209813188059,2,10.0,0.5718254085423219,0,0.0,0.45719497650707547,4,15.0
185.0,2,9.0,0.32142857142857145,8.200432688755257,0,0.0,0.47251213945021897,0,8.0,0.7925699263243382,2,9.0,0.3774230689921122,2,17.0
190.0,3,10.0,0.38461538461538464,8.456011493503848,3,10.0,0.34867891383879673,0,0.0,0.9870009580783077,0,12.0,0.6253211810282255,3,22.0
195.0,1,5.0,0.20833333333333334,8.891738754139817,1,17.0,0.33453573325056823,0,2.0,0.7695599069017982,0,2.0,0.7171748974432616,1,21.0
200.0,0,0.0,0.0,9.187709353618988,0,5.0,0.3376796836050191,0,4.0,0.8852099901778138,0,2.0,0.5814266537639917,0,11.0
205.0,6,15.0,0.5357142857142857,8.358739316699758,0,0.0,0.5125633324715363,1,5.0,0.7496378859036739,5,14.0,0.36627003168380046,6,19.0
210.0,2,5.0,0.1724137931034483,7.687464376457732,0,0.0,0.7893215761040082,0,2.0,0.41302483854252625,2,24.0,0.40758938220993457,2,26.0
215.0,5,13.0,0.4482758620689655,7.969792808252188,1,0.0,0.7497665908968392,3,12.0,0.3110287559275327,1,8.0,0.43570398142752037,5,20.0
220.0,4,15.0,0.5555555555555556,8.614674468997332,1,0.0,0.4560151681188659,0,12.0,0.663378918299122,3,15.0,0.33288755151384886,4,27.0
225.0,2,3.0,0.1111111111111111,10.071020874494115,0,2.0,0.8231605543380108,1,2.0,0.7719722389043829,1,10.0,0.5502689259808399,2,14.0
230.0,3,13.0,0.48148148148148145,10.64715754156189,0,2.0,0.9385285210156037,1,7.0,0.7347811281838722,2,7.0,0.5069356036360225,3,16.0
235.0,2,12.0,0.5,8.806643877776517,1,2.0,0.6234526567707835,1,12.0,0.6590896018446928,0,3.0,0.6630809466049996,2,17.0
240.0,3,19.0,0.76,8.003795020563077,0,0.0,0.5855198906200733,1,19.0,0.47815931439409515,2,2.0,0.6329282469624966,3,21.0
245.0,3,31.0,1.1071428571428572,10.158292529594577,0,0.0,0.7570918731058455,1,26.0,0.7694194864256042,2,9.0,0.5827976215616854,3,35.0
250.0,5,48.0,1.5,8.87827485054525,1,2.0,0.6159348273833282,2,31.0,0.6827349079948766,2,19.0,0.4232888754343091,5,52.0
255.0,8,79.0,2.393939393939394,8.088224315700646,3,15.0,0.39726304545608054,2,34.0,0.6005225929367483,3,32.0,0.4754746506983423,8,81.0
260.0,7,52.0,1.6774193548387097,6.837093239022944,2,21.0,0.3007185390853109,1,1.0,0.6864970244271225,4,47.0,0.4119598382264678,7,69.0
265.0,5,71.0,2.2903225806451615,8.629205909803632,0,5.0,0.5104599208730762,2,11.0,0.5478822398024955,3,62.0,0.462467757476194,5,78.0
270.0,1,0.0,0.0,9.267460160757915,1,0.0,0.536482297538586,0,4.0,0.6973974748109601,0,16.0,0.6063721657325428,1,20.0
275.0,3,7.0,0.21212121212121213,9.896321174132355,0,2.0,0.775052386239342,0,2.0,0.731136219596945,3,9.0,0.477844377558092,3,13.0
280.0,0,0.0,0.0,9.413950923129999,0,2.0,0.6967686264403882,0,0.0,0.7395523938309321,0,2.0,0.5975202478544898,0,4.0
285.0,1,3.0,0.09375,9.728971365900666,1,5.0,0.6801627523844301,0,2.0,0.5573562945094185,0,2.0,0.8373521391038322,1,9.0
290.0,5,13.0,0.41935483870967744,7.8862234871149495,1,2.0,0.4003246452491427,3,13.0,0.5242616470636917,1,2.0,0.6383197429985376,5,17.0
295.0,7,29.0,0.9354838709677419,7.482565321219905,5,19.0,0.3502157867489833,0,15.0,0.5403509264746506,2,12.0,0.6305276150387487,7,46.0
300.0,2,22.0,0.7333333333333333,8.826507002132702,0,18.0,0.551977581112695,0,0.0,0.767063217270308,2,24.0,0.5442875110989586,2,42.0
305.0,3,34.0,1.0625,10.229389506095064,1,2.0,0.6166388917251392,0,2.0,0.9125009663785095,2,34.0,0.6294791103817733,3,38.0
310.0,2,42.0,1.2727272727272727,10.537108896335235,0,0.0,0.65348608085279,0,2.0,0.935841471462175,2,44.0,0.709658129861478,2,46.0
315.0,5,59.0,1.84375,9.715269412953884,3,7.0,0.47456921173469635,0,0.0,0.8812254859161646,2,52.0,0.6015046343625436,5,59.0
320.0,5,26.0,0.8666666666666667,8.962480464180237,4,25.0,0.5678052712533789,0,0.0,0.9449800456511163,1,1.0,0.5312543323610148,5,26.0
325.0,9,61.0,2.103448275862069,7.371064556581792,6,48.0,0.33515475811602274,0,0.0,0.9612104997999557,3,13.0,0.5198885827878513,9,61.0
330.0,2,8.0,0.27586206896551724,7.032034588834666,2,45.0,0.42297815494728247,0,0.0,1.0,0,9.0,0.5042723091989929,2,54.0
335.0,1,1.0,0.03571428571428571,8.96346264219399,1,9.0,0.4576875492173505,0,4.0,0.8491869214193566,0,0.0,0.7404751515604376,1,13.0
340.0,3,7.0,0.22580645161290322,9.564425910999239,2,6.0,0.49244708557772826,0,4.0,0.9183588671389635,1,1.0,0.39611630241484774,3,11.0
345.0,5,15.0,0.45454545454545453,9.508098800034784,1,1.0,0.5902420784825876,0,4.0,0.8999477942882919,4,14.0,0.31868829112598707,5,19.0
350.0,3,13.0,0.4642857142857143,9.561808201190663,3,13.0,0.556907850927016,0,0.0,0.8960641563668932,0,15.0,0.6715836090951465,3,28.0
355.0,6,30.0,1.0344827586206897,7.878952384605458,5,30.0,0.3010227230626797,0,0.0,0.9380577137361463,1,0.0,0.6850408345337337,6,30.0
360.0,1,2.0,0.06666666666666667,9.0343022763835,1,23.0,0.5019011436368028,0,0.0,0.6928679956705138,0,0.0,0.7845423994139513,1,23.0
365.0,0,0.0,0.0,10.595849771032142,0,2.0,0.5580892399845423,0,2.0,0.9027562586116814,0,0.0,0.8076711830727407,0,4.0
370.0,1,2.0,0.0625,9.985474214718973,1,2.0,0.7656991254480118,0,2.0,0.8117988663738167,0,0.0,0.5415085299313115,1,4.0
375.0,9,23.0,0.7419354838709677,8.071289646184356,3,7.0,0.5371907325728399,1,5.0,0.796962011345846,5,11.0,0.16671384509760506,9,23.0
380.0,9,51.0,1.7,6.301860362864139,1,2.0,0.4227990364588813,1,10.0,0.7258292953622713,7,39.0,0.26497792177416674,9,51.0
385.0,10,85.0,2.9310344827586206,6.719260042888324,3,12.0,0.5483407141919519,0,2.0,0.7667143795379434,7,73.0,0.35320262587946755,10,87.0
390.0,4,15.0,0.46875,6.936360061888578,0,12.0,0.5223203479844938,2,7.0,0.37682599580633175,2,66.0,0.39174523444175974,4,85.0
395.0,2,4.0,0.12903225806451613,8.189893000022554,2,4.0,0.5850742396851372,0,7.0,0.6784686090985753,0,10.0,0.5023580212463622,2,21.0
400.0,4,8.0,0.25806451612903225,9.773865981473874,3,6.0,0.5551934680997578,0,4.0,0.9211213557171221,1,6.0,0.6790240624530668,4,16.0
405.0,6,30.0,0.8571428571428571,9.22348174749499,5,23.0,0.44718551579649973,0,4.0,0.8051063512049502,1,11.0,0.5944885705806345,6,38.0
410.0,2,20.0,0.5882352941176471,9.111071481586267,1,25.0,0.49427545510058385,0,0.0,0.8618490978157459,1,16.0,0.6880105109470379,2,41.0
415.0,0,0.0,0.0,8.564577405798364,0,8.0,0.5474991719786086,0,2.0,0.6107805301397866,0,2.0,0.6820852876535275,0,12.0
420.0,5,11.0,0.3235294117647059,9.66136744104586,0,0.0,0.7784914456936131,2,7.0,0.6520496552643631,3,8.0,0.505611665055417,5,15.0
425.0,1,1.0,0.030303030303030304,8.271531245236568,1,1.0,0.43884557499913046,0,7.0,0.7189091858273802,0,6.0,0.5344713220649121,1,14.0
430.0,5,21.0,0.6363636363636364,8.610302814087234,5,23.0,0.3689894035655209,0,0.0,0.90076679819225,0,0.0,0.73988079998304,5,23.0
435.0,9,60.0,1.875,8.205881889188417,7,56.0,0.28801023901467543,1,3.0,0.7562806108573576,1,3.0,0.8094730877570481,9,62.0
440.0,4,29.0,0.8529411764705882,8.191417720942189,3,58.0,0.42000931419743204,0,0.0,0.707627683476234,1,8.0,0.6718911906260371,4,66.0
445.0,4,8.0,0.21052631578947367,8.494262655573976,0,24.0,0.5154988593858466,3,9.0,0.5831428041984817,1,1.0,0.4570906370211834,4,34.0
450.0,5,16.0,0.45714285714285713,8.374103884819993,2,27.0,0.32896836573043725,0,2.0,0.7292145750963621,3,13.0,0.5477516956715052,5,42.0
455.0,9,50.0,1.5625,6.438796946492834,5,47.0,0.27397013301842854,0,0.0,0.6197423137947974,4,31.0,0.4724942411803168,9,78.0
460.0,5,21.0,0.65625,6.198491212517647,4,46.0,0.33237291761771964,0,0.0,0.5139446432389629,1,32.0,0.5266215652651851,5,78.0
465.0,3,5.0,0.14285714285714285,8.70899634348669,2,28.0,0.44340757774246015,1,7.0,0.6821871189279455,0,8.0,0.6779709594572385,3,43.0
470.0,4,17.0,0.5,8.408379699666163,2,24.0,0.3710555785136464,2,17.0,0.7116407047122699,0,2.0,0.6477855513848169,4,43.0
475.0,9,33.0,1.0,6.522426850520079,7,48.0,0.24189082030914152,0,10.0,0.5524525485296399,2,9.0,0.20204701808960138,9,67.0
480.0,14,98.0,3.2666666666666666,5.900272415278451,9,91.0,0.3130701626525749,1,5.0,0.4709312104390002,4,28.0,0.3663048234639592,14,124.0
485.0,12,117.0,3.65625,4.665939377500288,12,139.0,0.224125754440622,0,0.0,0.07655098152460894,0,18.0,0.6081611349029914,12,157.0
490.0,8,71.0,2.0285714285714285,6.532240628060238,6,143.0,0.2890244371377209,2,11.0,0.44499001139341,0,0.0,0.632771927214114,8,154.0
495.0,1,2.0,0.05405405405405406,8.103221550737029,0,73.0,0.3795081052737896,0,11.0,0.6373289657781719,1,2.0,0.7070446734824186,1,86.0
500.0,5,11.0,0.2972972972972973,7.95978263484615,4,83.0,0.3324367350669826,0,4.0,0.884964226720942,1,3.0,0.6060133288162924,5,90.0
505.0,13,59.0,1.5526315789473684,6.362566208738068,10,118.0,0.14185915278380143,0,2.0,0.7273052480179709,3,16.0,0.41797977019314436,13,136.0
510.0,13,106.0,2.864864864864865,5.938474805203379,12,175.0,0.14077210947493068,1,4.0,6.655060779780375e-05,0,12.0,0.6424546390917629,13,191.0
515.0,8,69.0,1.9714285714285715,6.988887277566446,7,162.0,0.22357538962092088,0,2.0,0.8201529195644073,1,0.0,0.7324730441628382,8,164.0
520.0,1,2.0,0.058823529411764705,9.415198093686355,0,78.0,0.41622665128961955,0,2.0,0.8722433218333037,1,2.0,0.6858567135101417,1,82.0
525.0,3,12.0,0.375,9.154663227860029,2,70.0,0.24615850068534365,0,2.0,0.8818018477853844,1,7.0,0.7477456310954104,3,79.0
530.0,9,35.0,1.0606060606060606,7.173185740108902,8,100.0,0.11522961453632923,0,0.0,0.9048440643226104,1,0.0,0.5897848818597635,9,100.0
535.0,12,87.0,2.6363636363636362,7.008629922160186,10,149.0,0.24406254196466473,0,0.0,0.8128928069217638,2,3.0,0.5393836582899997,12,152.0
540.0,7,58.0,1.9333333333333333,6.856037772561339,4,135.0,0.4448549727875793,0,0.0,0.7181613517201243,3,13.0,0.501742514555908,7,148.0
545.0,1,1.0,0.030303030303030304,7.949991178723143,0,34.0,0.48947087508106907,0,2.0,0.850694662269148,1,13.0,0.5080758525394281,1,49.0
550.0,2,3.0,0.08108108108108109,9.740799664051103,1,0.0,0.6798125736456263,0,4.0,0.8556648908261092,1,4.0,0.4583724913664383,2,8.0
555.0,3,11.0,0.28205128205128205,10.233674242921046,2,3.0,0.5728883522036714,0,4.0,0.8583145470909401,1,8.0,0.6521153273170924,3,15.0
560.0,2,2.0,0.05128205128205128,9.638522230668567,0,0.0,0.48117964278473757,1,4.0,0.7880524342039589,1,0.0,0.6983397372195675,2,4.0
565.0,7,24.0,0.6,8.273962943285113,4,13.0,0.4078108727088553,1,7.0,0.6582318928661545,2,4.0,0.5230612426346462,7,24.0
570.0,2,13.0,0.37142857142857144,8.610992704566259,0,16.0,0.5510046926795191,1,12.0,0.48216906344877336,1,5.0,0.6868008081350298,2,33.0
575.0,1,2.0,0.05555555555555555,9.837935032479173,0,0.0,0.6919269456248042,1,6.0,0.6813765597941897,0,1.0,0.7113954484579207,1,7.0
580.0,5,11.0,0.275,8.925031611690487,1,0.0,0.6368653490400593,1,11.0,0.7178518751568179,3,5.0,0.3612085026546813,5,16.0
585.0,7,29.0,0.725,8.59793042056012,0,0.0,0.7765082595503319,1,5.0,0.819132263667252,6,29.0,0.05696898105652341,7,34.0
590.0,6,26.0,0.65,7.0282770228734845,2,6.0,0.4386543932478064,1,6.0,0.4914511235842197,3,43.0,0.2856568208144763,6,55.0
595.0,4,5.0,0.13157894736842105,7.634897282011405,1,10.0,0.4379430160514266,1,3.0,0.54038475362976,2,20.0,0.49752564904748564,4,33.0
600.0,7,26.0,0.7647058823529411,8.842313094537692,1,8.0,0.673169179056153,4,20.0,0.5472981344009343,2,13.0,0.4754496867931301,7,41.0
605.0,5,26.0,0.7428571428571429,8.387797320231547,2,11.0,0.48271448342679324,0,15.0,0.6968785851239192,3,25.0,0.19750937915072758,5,51.0
610.0,3,1.0,0.029411764705882353,8.705560624338547,1,3.0,0.6502080528616988,1,1.0,0.6541173627772987,1,10.0,0.5129422947529324,3,14.0
615.0,3,10.0,0.2777777777777778,10.258513020294457,2,12.0,0.6895921508371559,0,2.0,0.8637410501269359,1,2.0,0.6440101116995053,3,16.0
620.0,3,4.0,0.11428571428571428,9.16896239580552,1,6.0,0.6140564049329659,1,3.0,0.5430017443604676,1,2.0,0.7484424857344781,3,11.0
625.0,3,19.0,0.5135135135135135,9.685772545967875,1,8.0,0.5615381843388746,2,15.0,0.6052763233551665,0,2.0,0.7222858711833925,3,25.0
630.0,6,15.0,0.45454545454545453,7.439598807580778,3,8.0,0.30288790421601497,0,10.0,0.7046108956976486,3,12.0,0.4320731002135589,6,30.0
635.0,9,30.0,0.8823529411764706,6.688146231500437,4,23.0,0.45491286753333043,1,0.0,0.6930733967738739,4,19.0,0.23783814956600505,9,42.0
640.0,6,47.0,1.46875,8.218377207184883,5,43.0,0.3696769821693904,0,0.0,0.7546897809386215,1,12.0,0.6513580837905472,6,55.0
645.0,7,80.0,2.5,8.196454634035867,6,71.0,0.2490556014338798,0,0.0,0.7351966346963407,1,9.0,0.8024418443736913,7,80.0
650.0,6,25.0,0.6756756756756757,7.1509900409914415,3,59.0,0.28664608227061805,0,0.0,0.7059013844913871,3,17.0,0.46524825098786593,6,76.0
655.0,4,32.0,0.8205128205128205,9.028802598120699,1,4.0,0.42925406571134317,0,2.0,0.660240713463335,3,32.0,0.45729468418566527,4,38.0
660.0,9,61.0,1.564102564102564,7.4380314121285505,3,9.0,0.2755756466307476,3,11.0,0.4668267950280032,3,47.0,0.3966231630807068,9,67.0
665.0,10,94.0,2.35,8.284820579304109,4,29.0,0.44255849765811117,2,17.0,0.42678440652865707,4,64.0,0.4741036266669137,10,110.0
670.0,1,2.0,0.05555555555555555,8.478020441222245,0,20.0,0.6349313789560346,0,6.0,0.4362705595941535,1,26.0,0.43830407862595927,1,52.0
675.0,3,14.0,0.4375,9.345006392749784,1,4.0,0.6800439115381516,0,2.0,0.8428110327619185,2,12.0,0.5340607034524584,3,18.0
680.0,7,37.0,1.0571428571428572,8.202956930477214,3,10.0,0.5377920362503302,0,2.0,0.7197824031653857,4,29.0,0.526771249180528,7,41.0
685.0,3,20.0,0.5405405405405406,8.745098931924094,2,18.0,0.5923802397867847,0,2.0,0.8621842223489938,1,24.0,0.5701501248297487,3,44.0
690.0,2,3.0,0.07317073170731707,7.970023944437762,0,9.0,0.5227134585742405,2,7.0,0.555325726223425,0,2.0,0.5607975549017139,2,18.0
695.0,8,15.0,0.3488372093023256,7.0079231900955286,4,9.0,0.4040348944933919,2,8.0,0.4225846000374829,2,7.0,0.43520758711040003,8,24.0
700.0,7,27.0,0.6136363636363636,7.936073707212839,1,16.0,0.4841937705343575,0,2.0,0.5610949578900721,6,26.0,0.4614556499251733,7,44.0
705.0,8,51.0,1.275,8.281094691711967,1,6.0,0.6101808153367301,0,2.0,0.7917338766774659,7,54.0,0.4139625850790747,8,62.0
710.0,10,49.0,1.1666666666666667,6.806492393214869,2,10.0,0.3660207456258151,1,4.0,0.520022028469131,7,70.0,0.47510760605719404,10,84.0
715.0,9,47.0,1.0930232558139534,7.3300223647789045,5,31.0,0.4398228612226041,2,15.0,0.6723298509167102,2,59.0,0.4058268490372178,9,105.0
720.0,7,35.0,0.7446808510638298,7.027188721610812,3,27.0,0.39952040693859125,2,23.0,0.5417845871127656,2,57.0,0.39884384640391074,7,107.0
725.0,10,62.0,1.2653061224489797,7.58886923111893,1,10.0,0.5305223679557246,2,35.0,0.6316780835944307,7,75.0,0.30341948788211404,10,120.0
730.0,9,38.0,0.8260869565217391,7.075954544208426,3,13.0,0.5106679467640148,0,21.0,0.6548437108464302,6,87.0,0.32110972420581735,9,121.0
735.0,9,43.0,0.8958333333333334,8.200628316504847,3,27.0,0.5078441480961928,3,16.0,0.6696025632953859,3,57.0,0.36220044433049264,9,100.0
740.0,4,27.0,0.5869565217391305,8.163699627059577,0,7.0,0.5561136507595433,4,33.0,0.5390487217260165,0,20.0,0.4848845530912519,4,60.0
745.0,11,63.0,1.4,7.070722105337451,3,5.0,0.3679843612304108,7,62.0,0.30369263327895557,1,10.0,0.5625915700647897,11,77.0
750.0,7,26.0,0.6190476190476191,6.668484888586865,0,7.0,0.4330015631526704,6,68.0,0.32423356864826036,1,7.0,0.6697836396628505,7,82.0
755.0,3,3.0,0.06976744186046512,7.178337301094118,0,2.0,0.6763921816038864,2,32.0,0.43512850064365727,1,2.0,0.556546444293709,3,36.0
760.0,5,12.0,0.2857142857142857,7.737696200547155,1,3.0,0.7206080211487331,1,16.0,0.4672987889711913,3,12.0,0.5486579348456979,5,31.0
765.0,5,13.0,0.28888888888888886,7.13138979879992,2,8.0,0.6962556943008791,1,16.0,0.382175018012144,2,20.0,0.5528394878582783,5,44.0
770.0,11,24.0,0.46153846153846156,6.382549487334269,1,0.0,0.6264734376308475,9,41.0,0.18388754002836166,1,9.0,0.6093195027177113,11,50.0
775.0,12,35.0,0.660377358490566,6.81564343273872,2,7.0,0.5254830693591815,8,66.0,0.4038926201922132,2,7.0,0.4600182220080549,12,80.0
780.0,10,45.0,0.7894736842105263,6.873239423021099,3,23.0,0.627931804861841,1,45.0,0.33917519159126785,6,30.0,0.37875914032435376,10,98.0
785.0,7,14.0,0.23333333333333334,6.679449976134093,0,20.0,0.6742576275961342,4,45.0,0.24057592785132448,3,37.0,0.4410206915394335,7,102.0
790.0,10,44.0,0.7213114754098361,6.889521751917716,1,5.0,0.6477301683482356,7,74.0,0.2776574855796083,2,22.0,0.3864024597913268,10,101.0
795.0,7,26.0,0.4406779661016949,5.957592813910998,0,5.0,0.43089764758022897,6,85.0,0.3589463666491718,1,10.0,0.3279729238802376,7,100.0
800.0,7,22.0,0.3728813559322034,7.7793273815879616,0,2.0,0.6221800082022907,2,50.0,0.4182065223968212,5,30.0,0.43001203455084697,7,82.0
805.0,8,27.0,0.45,7.729526299608074,2,7.0,0.5848877735274236,2,20.0,0.46817490758833485,4,37.0,0.4140427981185221,8,64.0
810.0,6,27.0,0.46551724137931033,8.527439383529686,3,21.0,0.6701859366220057,0,18.0,0.5726219122988272,3,28.0,0.42713743221325334,6,67.0
815.0,8,30.0,0.5263157894736842,7.137459178653723,1,19.0,0.40882161320703897,5,30.0,0.39116060122108026,2,25.0,0.43729790791842166,8,74.0
820.0,4,22.0,0.38596491228070173,7.207482136189785,2,12.0,0.4428030650660461,2,38.0,0.45786767442739346,0,16.0,0.42003974673886646,4,66.0
825.0,11,40.0,0.6896551724137931,7.165443091096181,3,24.0,0.47141946014900155,1,17.0,0.45713919409207115,7,36.0,0.36184039568281406,11,77.0
830.0,13,96.0,1.6271186440677967,7.323615521682129,4,41.0,0.5947115773460612,0,6.0,0.5803510623921425,9,75.0,0.302940453430964,13,122.0
835.0,14,119.0,2.087719298245614,7.20351932840417,1,36.0,0.6644262803722818,0,0.0,0.738168336888055,13,130.0,0.2053414210675676,14,166.0
840.0,23,203.0,3.690909090909091,5.337090030719807,3,17.0,0.5464009139632058,1,3.0,0.4830341656521009,19,210.0,0.16421582542627505,23,230.0
845.0,18,166.0,2.912280701754386,4.305732194497661,2,13.0,0.31723008278217835,2,13.0,0.3529801834862002,14,247.0,0.21589669756569949,18,273.0
850.0,12,89.0,1.5084745762711864,6.511610341221437,2,5.0,0.3895710944494309,1,15.0,0.7038484386423817,9,207.0,0.30074067184171716,12,227.0
855.0,12,60.0,1.0,6.238349130678724,2,2.0,0.43201861436640676,2,13.0,0.7363280675970565,8,219.0,0.18126019129376572,12,234.0
860.0,14,54.0,0.8571428571428571,5.357382938218404,4,18.0,0.339557674531417,0,6.0,0.690893295411686,10,260.0,0.12096363420778387,14,284.0
865.0,19,82.0,1.3015873015873016,4.845352993122093,10,52.0,0.3413503984427087,0,0.0,0.5548273829534706,9,265.0,0.23228847251826296,19,317.0
870.0,17,111.0,1.6818181818181819,5.661914554536583,13,106.0,0.3649966030589546,0,2.0,0.6528714254363768,4,211.0,0.30665833306499335,17,319.0
875.0,21,189.0,2.6619718309859155,5.67284625411896,16,172.0,0.17936803474992696,1,4.0,0.7671532774769855,4,142.0,0.3204415182772835,21,318.0
880.0,18,143.0,1.9066666666666667,5.031063066444365,14,206.0,0.24477611766403448,2,9.0,0.43761055900396145,2,146.0,0.27587870706476114,18,361.0
885.0,15,68.0,0.9066666666666666,5.350199903120541,6,173.0,0.2543045185299711,2,8.0,0.5932985814638514,7,158.0,0.1831906477918291,15,339.0
890.0,20,106.0,1.4133333333333333,5.01677808886665,4,186.0,0.2258473791041429,3,13.0,0.4064437167905093,13,214.0,0.11200228363864417,20,413.0
895.0,26,151.0,2.1884057971014492,4.10461522347115,9,221.0,0.19465565418612957,5,35.0,0.25883212037996517,12,226.0,0.1287104185285579,26,482.0
900.0,22,127.0,1.9538461538461538,3.7870897051383996,11,223.0,0.15140489737607266,7,66.0,0.28072018969551127,4,164.0,0.22054633615225067,22,453.0
905.0,14,63.0,0.9402985074626866,5.543579765206043,6,168.0,0.19919305532740103,2,65.0,0.5277161939873888,6,94.0,0.2416037650850561,14,327.0
910.0,10,36.0,0.5142857142857142,7.138160359438636,5,89.0,0.3628154719401783,0,30.0,0.7361685203342483,5,117.0,0.3105926348086095,10,236.0
915.0,11,55.0,0.7857142857142857,7.5146259306739305,3,56.0,0.5104679079621248,1,1.0,0.7281806936402073,7,147.0,0.2841609733650894,11,204.0
920.0,8,58.0,0.8405797101449275,7.422848150397902,2,53.0,0.5588741176012086,1,6.0,0.7877532458649789,5,132.0,0.27363501884276137,8,191.0
925.0,6,9.0,0.12857142857142856,6.939812032981321,0,30.0,0.6153791277953102,2,2.0,0.45159731704132444,4,108.0,0.3090652144897737,6,140.0
930.0,12,40.0,0.5714285714285714,6.216789239182531,5,27.0,0.32294644030623665,4,17.0,0.4496677045539954,3,75.0,0.32465712847155037,12,119.0
935.0,11,39.0,0.5492957746478874,5.111648739928802,5,42.0,0.1385593408024374,3,27.0,0.3960988057158471,3,68.0,0.3100534575094189,11,137.0
940.0,10,21.0,0.28378378378378377,5.519282698442191,2,34.0,0.3666118771515276,5,34.0,0.4052450805783268,3,64.0,0.31067541174280494,10,132.0
945.0,13,61.0,0.8133333333333334,7.355013138032718,3,39.0,0.5010003810533011,3,37.0,0.557541239067546,7,82.0,0.4102600956218323,13,158.0
950.0,18,103.0,1.3376623376623376,5.652040902604008,7,68.0,0.37163878767913416,1,25.0,0.30215341474268237,10,120.0,0.348005604979529,18,213.0
955.0,25,97.0,1.2763157894736843,3.6626127255879033,8,83.0,0.18459506282243135,6,35.0,0.20853438340923167,11,129.0,0.15851289638113458,25,247.0
960.0,15,62.0,0.8611111111111112,4.718460509159019,3,64.0,0.24614779954652294,5,56.0,0.3633265807307027,7,108.0,0.22392643443855412,15,228.0
965.0,14,51.0,0.68,6.994587802826227,2,33.0,0.4797973540940778,4,37.0,0.5810588550898497,8,96.0,0.2885825917043727,14,166.0
970.0,10,30.0,0.38461538461538464,7.622775426284751,0,18.0,0.6640801346088553,4,42.0,0.5666354119596512,6,98.0,0.3360536048600311,10,158.0
975.0,13,60.0,0.759493670886076,7.323124317266619,0,3.0,0.7625222320156121,7,65.0,0.40584502914318976,6,125.0,0.23891530269453506,13,193.0
980.0,11,33.0,0.4647887323943662,5.585751376894988,0,0.0,0.7154228220356389,7,69.0,0.24043565878109543,4,131.0,0.16595549502603138,11,200.0
985.0,6,12.0,0.18181818181818182,6.611357884260652,1,2.0,0.7459360673610413,4,38.0,0.35945963041113493,1,93.0,0.3567772267954759,6,133.0
990.0,3,17.0,0.25,7.769256610205758,0,2.0,0.8297155641404861,2,37.0,0.4450680824524065,1,69.0,0.44246192054352995,3,108.0
995.0,3,28.0,0.4,7.742468118779523,0,2.0,0.8022553342049945,2,35.0,0.4495912971905522,1,47.0,0.4642910176837851,3,84.0
1000.0,5,38.0,0.5277777777777778,7.5884194595607335,2,0.0,0.6231395014937527,2,41.0,0.5137158909832097,1,39.0,0.4638125230759429,5,80.0
1005.0,14,80.0,1.0526315789473684,7.248351308335756,0,0.0,0.7787218375894405,7,60.0,0.46779984380497475,7,60.0,0.32223261029403977,14,120.0
1010.0,13,41.0,0.5189873417721519,6.183772780025521,1,3.0,0.6391991289684228,4,53.0,0.418946703897956,8,73.0,0.22665891900451154,13,129.0
1015.0,10,29.0,0.3493975903614458,5.965759851163555,1,2.0,0.5488233970178363,6,44.0,0.23245308039575524,3,55.0,0.24217716669510983,10,101.0
1020.0,14,45.0,0.5844155844155844,5.438547654358272,6,19.0,0.32255850893416166,6,66.0,0.2195198320222913,2,60.0,0.22796412317180645,14,145.0
1025.0,23,109.0,1.472972972972973,4.279182893428116,9,60.0,0.2745776023960468,6,71.0,0.2117742194868572,8,86.0,0.13778561664704203,23,217.0
1030.0,23,150.0,2.142857142857143,4.387062725313546,5,73.0,0.35086495603379897,4,75.0,0.3152039890945523,14,141.0,0.19634441937135097,23,289.0
1035.0,26,230.0,3.23943661971831,4.836044104595756,1,39.0,0.5270806550792131,5,86.0,0.49512701016399313,20,225.0,0.19062704390396673,26,350.0
1040.0,34,313.0,4.173333333333333,4.006364712761952,4,44.0,0.3268211999500594,4,77.0,0.3539494550556058,26,337.0,0.15903177726000667,34,458.0
1045.0,34,317.0,4.116883116883117,3.4295027457265754,9,76.0,0.2320757640134275,1,41.0,0.4529502105299746,24,404.0,0.06729193987303286,34,521.0
1050.0,37,292.0,3.8933333333333335,3.384623654896528,13,132.0,0.20683845824963493,2,38.0,0.3507175094189935,22,407.0,0.11137806948840218,37,577.0
1055.0,39,355.0,4.671052631578948,4.120560365640805,15,197.0,0.15264605291774652,3,49.0,0.620603443229437,21,394.0,0.1745224728531543,39,640.0
1060.0,23,234.0,3.0,4.17720277542243,10,202.0,0.2288425313889479,2,32.0,0.4516302422615075,11,430.0,0.19075700269759957,23,664.0
1065.0,23,154.0,1.9012345679012346,5.119765100075374,6,133.0,0.27942948455604644,2,10.0,0.5483552649847993,15,486.0,0.1963626197091819,23,629.0
1070.0,16,47.0,0.5875,4.623788644921457,3,117.0,0.24254969678402302,4,13.0,0.46661161188971084,9,487.0,0.18328921400529657,16,617.0
1075.0,12,36.0,0.4444444444444444,5.618327475103512,5,132.0,0.35341754313656015,3,17.0,0.593799353787433,4,410.0,0.22982705965122385,12,559.0
1080.0,14,70.0,0.8641975308641975,5.902076139271055,7,160.0,0.35724542058361464,1,10.0,0.5356322933047403,6,323.0,0.2590112265518728,14,493.0
1085.0,15,57.0,0.7125,4.909002753403642,7,136.0,0.24045099943656265,4,19.0,0.44613706197983977,4,328.0,0.22299327230546911,15,483.0
1090.0,14,51.0,0.6455696202531646,4.925223051480998,5,109.0,0.25018140598898364,0,17.0,0.43410016894501674,9,341.0,0.1496887275509616,14,467.0
1095.0,16,57.0,0.7402597402597403,5.352025655725311,6,79.0,0.3444349817294649,1,3.0,0.4868462524201064,9,337.0,0.22303822440776713,16,419.0
1100.0,12,48.0,0.6153846153846154,5.909422379391979,4,74.0,0.4346905553219207,1,5.0,0.6253306313876708,7,281.0,0.23850052535390448,12,360.0
1105.0,10,24.0,0.2891566265060241,5.371892530409589,2,58.0,0.39684465192491947,3,15.0,0.5690369678879557,5,291.0,0.2085774016538806,10,364.0
1110.0,17,66.0,0.7764705882352941,5.0882272997176745,7,77.0,0.31853624331398583,1,14.0,0.4426026769036923,9,305.0,0.14912474801366885,17,396.0
1115.0,17,68.0,0.8192771084337349,4.329887151300587,6,95.0,0.26073343808572186,1,4.0,0.4106004736388619,10,300.0,0.15113780885230685,17,399.0
1120.0,16,46.0,0.5542168674698795,5.146005328867379,6,87.0,0.30926564324287514,4,14.0,0.46091214351264526,6,242.0,0.22404829982987134,16,343.0
1125.0,16,77.0,0.8850574712643678,5.540353521045421,5,73.0,0.3258031798974294,7,42.0,0.47003102001990704,4,237.0,0.19515347726555976,16,352.0
1130.0,19,99.0,1.1,5.1104388593602,4,73.0,0.3145408332789803,4,53.0,0.33010803438242897,11,279.0,0.12129320284882944,19,405.0
1135.0,13,48.0,0.5517241379310345,4.445419767706593,2,51.0,0.3772898833313501,1,24.0,0.33909475500943054,10,276.0,0.14143984690021538,13,351.0
1140.0,9,33.0,0.38823529411764707,6.103600300390282,3,46.0,0.44262911776547004,2,14.0,0.4246910348076063,4,192.0,0.29080184456734987,9,252.0
1145.0,12,50.0,0.5882352941176471,6.5494087840068165,8,72.0,0.3484470776781434,1,4.0,0.5540963297755374,3,104.0,0.3194298450754051,12,180.0
1150.0,18,115.0,1.369047619047619,6.367824187865748,11,118.0,0.23138851494549045,4,18.0,0.4965225952771451,3,58.0,0.3122717999023851,18,194.0
1155.0,28,204.0,2.6493506493506493,3.794982627209933,17,191.0,0.11218214414358976,9,49.0,0.22700734691544205,2,47.0,0.2097583248904624,28,287.0
1160.0,30,224.0,2.731707317073171,3.730854506919639,16,241.0,0.14246699873848287,5,67.0,0.1924710623216258,9,75.0,0.18022056142262388,30,383.0
1165.0,19,151.0,1.9113924050632911,5.004705104078879,13,244.0,0.2346980533812052,1,44.0,0.4853921104490855,5,88.0,0.31764876852415025,19,376.0
1170.0,17,104.0,1.2682926829268293,5.738189319990598,12,277.0,0.2521888903861131,1,16.0,0.7040011934693239,4,58.0,0.3456946593803731,17,351.0
1175.0,24,119.0,1.367816091954023,5.35622655075399,15,340.0,0.22973789704084574,4,20.0,0.5508105418164916,5,65.0,0.3506679876567119,24,425.0
1180.0,25,110.0,1.264367816091954,4.411983525147964,13,358.0,0.1521308661679153,5,41.0,0.35750415252220413,7,90.0,0.24369619129691358,25,489.0
1185.0,19,86.0,1.0238095238095237,3.8683641016198616,5,310.0,0.21279817318610234,1,34.0,0.340618311487165,13,141.0,0.19051723175118215,19,485.0
1190.0,17,88.0,1.0232558139534884,4.613865471962197,2,236.0,0.24662862372322716,3,14.0,0.5896463090031316,12,171.0,0.14403842684597398,17,421.0
1195.0,11,41.0,0.44565217391304346,5.125496447627364,3,235.0,0.21498545779019754,0,9.0,0.6655156400393892,8,153.0,0.18715176668741745,11,397.0
1200.0,17,55.0,0.6043956043956044,5.062578776167135,8,261.0,0.1760094460705321,4,11.0,0.6080989714371372,5,153.0,0.24129185870448452,17,425.0
1205.0,29,122.0,1.297872340425532,4.519326081005828,15,318.0,0.1989729254405121,3,12.0,0.4583888065124646,11,192.0,0.15981586259267958,29,522.0
1210.0,32,178.0,1.934782608695652,3.516815497870721,11,335.0,0.15897340060548532,5,25.0,0.31903146171002533,16,259.0,0.12856758880505476,32,619.0
1215.0,30,152.0,1.6344086021505377,3.8401379397838245,8,290.0,0.20912099835805717,10,62.0,0.3957602936225468,12,285.0,0.13920214621149732,30,637.0
1220.0,20,89.0,0.9270833333333334,4.636453159888729,8,302.0,0.16204253121579057,6,77.0,0.419749389966054,6,223.0,0.23216531353673447,20,602.0
1225.0,27,90.0,0.9,5.0841993682235405,12,349.0,0.143502075756789,6,58.0,0.42904140628502124,9,182.0,0.29118561443852714,27,589.0
1230.0,20,103.0,1.0618556701030928,4.804601275687057,14,416.0,0.17039869427759413,2,37.0,0.41536683897676574,4,196.0,0.28230930024882245,20,649.0
1235.0,22,100.0,1.0526315789473684,4.4557769447940645,11,415.0,0.14292681167373417,3,23.0,0.37508013913692023,8,226.0,0.2246771935099725,22,664.0
1240.0,23,134.0,1.4408602150537635,4.431502732527678,6,332.0,0.22191672346817198,5,36.0,0.34781386168314465,12,277.0,0.13063197323500483,23,645.0
1245.0,27,107.0,1.2298850574712643,4.316939877343327,8,242.0,0.24213293353733778,6,45.0,0.32676928676919226,13,291.0,0.17423089943045544,27,578.0
1250.0,19,76.0,0.8636363636363636,5.054196198332022,7,270.0,0.20925111076849903,4,39.0,0.5282170890871307,8,247.0,0.273708362265077,19,556.0
1255.0,18,70.0,0.7865168539325843,4.819412272571838,8,308.0,0.2140502957325741,2,36.0,0.40028233938775465,8,267.0,0.2265019195579886,18,611.0
1260.0,26,134.0,1.5056179775280898,4.31460326374287,10,356.0,0.2302713563826556,6,43.0,0.140951242851634,10,314.0,0.17660766436595485,26,713.0
1265.0,23,96.0,1.170731707317073,3.160529040700962,7,341.0,0.17895788334025434,5,54.0,0.161685594544323,11,325.0,0.09925119579053766,23,720.0
1270.0,14,43.0,0.5119047619047619,4.994592672406436,8,280.0,0.2808355109605541,0,30.0,0.5515169210081158,6,271.0,0.24130260915242785,14,581.0
1275.0,12,42.0,0.4772727272727273,6.39294541386499,8,313.0,0.3159672203151473,2,11.0,0.7603586726684355,2,195.0,0.3396222738254148,12,519.0
1280.0,11,52.0,0.5652173913043478,6.480240072493606,9,353.0,0.29487579525203383,0,9.0,0.6401770324251678,2,137.0,0.36568240984375894,11,499.0
1285.0,17,104.0,1.118279569892473,5.786649843559835,13,406.0,0.2129495238144859,2,7.0,0.4808852792694493,2,112.0,0.3523638902030825,17,525.0
1290.0,21,166.0,1.9529411764705882,4.654736285518008,15,475.0,0.11323692742191405,6,32.0,0.36461408049537375,0,82.0,0.3062960787561365,21,589.0
1295.0,36,323.0,3.8452380952380953,3.9422673219666544,22,577.0,0.10609542782791774,8,69.0,0.2423731832405517,6,88.0,0.323950178121977,36,734.0
1300.0,33,260.0,3.1325301204819276,2.9137289838067844,19,599.0,0.12068639328223389,9,82.0,0.21832443933608248,5,90.0,0.24630373007540568,33,771.0
1305.0,24,174.0,1.9772727272727273,4.65843273920735,15,537.0,0.18437712262298445,6,57.0,0.41654899554789787,3,71.0,0.3038455736828722,24,665.0
1310.0,21,159.0,1.6914893617021276,5.714414021591346,16,439.0,0.25458403399101603,1,64.0,0.4469337956544615,4,52.0,0.3592281046710571,21,555.0
1315.0,17,129.0,1.303030303030303,5.515729725366328,13,499.0,0.20651789816225774,4,69.0,0.3709988370430794,0,43.0,0.40634074789186003,17,611.0
1320.0,22,122.0,1.3118279569892473,4.803480756565207,11,542.0,0.18906280172355572,6,77.0,0.27389278865115885,5,57.0,0.2823854940298679,22,676.0
1325.0,26,119.0,1.367816091954023,3.9087930636419905,9,524.0,0.21087245930200266,7,79.0,0.17531513654132422,10,95.0,0.273053817709031,26,698.0
1330.0,16,57.0,0.6627906976744186,4.553082662875522,4,437.0,0.31852735941540483,4,85.0,0.23331555575329038,8,109.0,0.26898683439075133,16,631.0
1335.0,18,74.0,0.8314606741573034,4.967274959225272,4,433.0,0.21768023588572444,6,90.0,0.3285698989815916,8,97.0,0.26312777628020256,18,620.0
1340.0,22,73.0,0.8202247191011236,4.088359337609628,10,465.0,0.1555887204551337,4,87.0,0.31206714341779107,8,131.0,0.18886209136670978,22,683.0
1345.0,22,76.0,0.8444444444444444,4.129788183732259,8,448.0,0.2120050200144861,4,49.0,0.18476982173421558,10,174.0,0.2283186622071626,22,671.0
1350.0,21,107.0,1.2159090909090908,5.006730498924016,4,364.0,0.3200765811326095,3,43.0,0.38340673835563777,14,235.0,0.23978746128660836,21,642.0
1355.0,14,88.0,0.9565217391304348,5.102009577725403,4,258.0,0.3497560385511871,1,30.0,0.5182303042670316,9,241.0,0.19124188346812557,14,529.0
1360.0,14,82.0,0.8631578947368421,5.898906972284476,6,218.0,0.35424874662953326,1,23.0,0.6159927192042564,7,207.0,0.23279730565701112,14,448.0
1365.0,18,119.0,1.1666666666666667,6.27417136779363,7,179.0,0.3018955628253216,4,36.0,0.5848096102906315,7,182.0,0.23355592058132346,18,397.0
1370.0,23,199.0,1.9702970297029703,5.947777683046355,7,155.0,0.3522881567037563,7,65.0,0.45959970375267317,9,188.0,0.21113090733171366,23,408.0
1375.0,24,147.0,1.47,4.687842712510339,5,140.0,0.32626072625511926,15,123.0,0.19979197106655505,4,184.0,0.20850488635508754,24,447.0
1380.0,30,218.0,2.202020202020202,4.8473319367972545,8,109.0,0.27287181593669046,19,207.0,0.0886537687548256,3,179.0,0.2966611157467933,30,495.0
1385.0,38,336.0,3.652173913043478,3.620814163609636,7,112.0,0.19032263623785228,25,321.0,0.06025875844486601,6,179.0,0.1951534370037426,38,612.0
1390.0,38,345.0,3.9655172413793105,3.2417124185037873,8,103.0,0.14977427756120176,22,392.0,0.20762138234693034,8,175.0,0.18914972454436682,38,670.0
1395.0,24,179.0,1.924731182795699,3.3711624212443363,7,95.0,0.25079164751083993,17,378.0,0.1592763530651493,0,156.0,0.24974830973120862,24,629.0
1400.0,22,107.0,1.1263157894736842,4.650079300072828,6,76.0,0.36373258155527954,11,389.0,0.15722716518016452,5,137.0,0.2583942230119465,22,602.0
1405.0,19,64.0,0.6666666666666666,4.3347145889743475,6,84.0,0.31512295815760705,10,430.0,0.17406758102586642,3,133.0,0.2478875838375113,19,647.0
1410.0,21,97.0,1.0210526315789474,4.208050721739642,7,89.0,0.22010390218739354,13,486.0,0.2349911262552352,1,95.0,0.28794638459836785,21,670.0
1415.0,25,98.0,0.9702970297029703,3.1966308692695216,7,99.0,0.21014803212306807,15,489.0,0.17007477724810707,3,101.0,0.18591733287497475,25,689.0
1420.0,23,96.0,0.8807339449541285,4.088997098897218,4,89.0,0.3291163022274057,10,422.0,0.14653426236273387,9,132.0,0.2032190366173143,23,643.0
1425.0,26,126.0,1.125,4.963992931425481,8,100.0,0.3719924294700677,13,328.0,0.21576689975038138,5,130.0,0.25301716355127307,26,558.0
1430.0,23,126.0,1.1150442477876106,4.988417398330509,11,143.0,0.33295225318298693,9,359.0,0.2523973273119435,3,84.0,0.29800606813061653,23,586.0
1435.0,30,221.0,1.9557522123893805,4.53865817372666,17,211.0,0.20616167806339086,9,367.0,0.24398100515100526,4,60.0,0.2476280441913059,30,638.0
1440.0,35,269.0,2.3596491228070176,4.181603212704963,15,248.0,0.15176084672000745,15,421.0,0.16558850330455635,5,73.0,0.23631458179732392,35,742.0
1445.0,35,251.0,2.2410714285714284,4.136164458770236,12,245.0,0.22507136310634326,16,426.0,0.130471505061254,7,86.0,0.22750935962587704,35,757.0
1450.0,39,244.0,2.2181818181818183,4.136463537260936,14,274.0,0.23215902481187303,14,357.0,0.19142521459779752,11,130.0,0.18760300265820998,39,761.0
1455.0,31,183.0,1.6944444444444444,4.121844271826918,15,341.0,0.23605529849315682,8,364.0,0.16806106097628956,8,145.0,0.228769542584768,31,850.0
1460.0,26,119.0,1.1018518518518519,4.151090859694931,9,362.0,0.20351229178960292,9,377.0,0.2026227644133389,8,114.0,0.2525765099346225,26,853.0
1465.0,20,72.0,0.6857142857142857,4.446127616177107,5,323.0,0.24579397751710158,9,348.0,0.25857224986027455,6,92.0,0.2323507593218831,20,763.0
1470.0,15,30.0,0.2830188679245283,4.277307013024493,3,307.0,0.24754193177097616,8,230.0,0.24968515332147811,4,100.0,0.2841431806932397,15,637.0
1475.0,23,95.0,0.8407079646017699,4.768798526599423,8,322.0,0.28869873192833406,9,157.0,0.21828490030172729,6,123.0,0.27647229953655655,23,602.0
1480.0,31,220.0,1.981981981981982,4.533966127612551,12,371.0,0.2385670666219225,10,146.0,0.25966837650326957,9,162.0,0.2968015643247767,31,679.0
1485.0,38,335.0,2.9646017699115044,4.135929795566876,16,441.0,0.23652516762451034,13,169.0,0.2573718204245326,9,168.0,0.2614639289154124,38,778.0
1490.0,44,486.0,4.2631578947368425,3.842088192325384,22,537.0,0.11753808731340343,16,234.0,0.2323253116954578,6,139.0,0.3409734854760659,44,910.0
1495.0,56,706.0,6.139130434782609,2.9955562930490913,29,666.0,0.08151668479616447,20,317.0,0.21015397404930003,7,169.0,0.21863794109356224,56,1152.0
1500.0,61,817.0,6.982905982905983,2.659716108796379,28,731.0,0.11258415650749569,20,417.0,0.17125274853837158,13,219.0,0.12970661132808564,61,1367.0
1505.0,56,817.0,7.166666666666667,2.33220293378428,23,705.0,0.1276175166592434,20,517.0,0.17358344274320686,13,246.0,0.08173780891509015,56,1468.0
1510.0,46,597.0,5.191304347826087,3.364546351462885,23,662.0,0.16789622298586257,16,522.0,0.2417089738911057,7,232.0,0.1666434263340795,46,1416.0
1515.0,26,312.0,2.689655172413793,5.482151655966473,17,582.0,0.22729949300681432,7,416.0,0.434921196471575,2,176.0,0.2716869341145026,26,1174.0
1520.0,17,142.0,1.2136752136752136,6.066689048144236,10,633.0,0.23795049898513962,2,270.0,0.5667796093528588,5,149.0,0.302403723483173,17,1052.0
1525.0,11,53.0,0.4608695652173913,5.436339193385268,9,673.0,0.25033209412983076,1,228.0,0.4099201828021846,1,129.0,0.2996257849863956,11,1030.0
1530.0,27,130.0,1.1711711711711712,4.893814881472815,14,730.0,0.23325725929404545,6,244.0,0.24345835573768082,7,139.0,0.28008745920301104,27,1113.0
1535.0,38,224.0,2.0934579439252334,3.776516004517998,21,824.0,0.14104379941203601,9,212.0,0.17515902110616913,8,153.0,0.30001148645898945,38,1189.0
1540.0,37,244.0,2.259259259259259,3.7805039460272876,23,845.0,0.10152300890057415,9,139.0,0.24629140122124554,5,127.0,0.28304765222188927,37,1111.0
1545.0,37,272.0,2.542056074766355,4.649800888979855,21,770.0,0.08852876196242954,11,98.0,0.3766310677766192,5,95.0,0.3354704450162065,37,963.0
1550.0,36,295.0,2.6339285714285716,5.147745583115933,18,633.0,0.1257150330695266,13,150.0,0.3841657717223123,5,88.0,0.28046337521676373,36,871.0
1555.0,29,198.0,1.7678571428571428,4.79946709749719,12,683.0,0.18713710371977663,10,169.0,0.3089948600559014,7,90.0,0.25438126364625535,29,942.0
1560.0,34,180.0,1.6363636363636365,4.556465203507605,14,742.0,0.22166966246418854,8,134.0,0.28648843231071625,12,136.0,0.269639402865981,34,1012.0
1565.0,35,240.0,2.1818181818181817,4.400713523524594,9,718.0,0.2522887481629067,9,108.0,0.26872208721110036,17,207.0,0.2632526593811308,35,1033.0
1570.0,25,162.0,1.4727272727272727,4.226028986044584,7,596.0,0.1983502053491059,5,110.0,0.3373245748580761,13,234.0,0.23418688836049323,25,940.0
1575.0,31,165.0,1.4732142857142858,4.524595489663519,6,418.0,0.21583353115780596,11,123.0,0.3205601539311906,14,206.0,0.2233473871392195,31,747.0
1580.0,24,121.0,1.0614035087719298,4.446840089900198,2,417.0,0.19963927730166656,8,129.0,0.36480027687148947,14,215.0,0.1816220693445218,24,761.0
1585.0,21,86.0,0.7478260869565218,4.490179829658867,10,429.0,0.22069323176911487,3,84.0,0.2886229222307513,8,225.0,0.2690994349927932,21,738.0
1590.0,31,151.0,1.3130434782608695,4.236351131050841,14,487.0,0.19996346578076338,5,81.0,0.25399154324019013,12,261.0,0.2513466913303618,31,829.0
1595.0,36,193.0,1.6637931034482758,4.043329813432519,18,482.0,0.15051744717967042,7,83.0,0.19315090029574314,11,309.0,0.27091759867821175,36,874.0
1600.0,37,225.0,1.991150442477876,3.4116418509937687,14,400.0,0.12961646364492596,8,103.0,0.22272280313410478,15,371.0,0.15227538370278124,37,874.0
1605.0,44,341.0,2.991228070175439,4.044934913504219,16,278.0,0.18810478047925766,8,99.0,0.2970389749799647,20,465.0,0.1862259982023514,44,842.0
1610.0,42,452.0,3.7983193277310923,4.238553428996998,12,263.0,0.2057026099687575,6,103.0,0.31853806056979794,24,577.0,0.18338238153444839,42,943.0
1615.0,41,334.0,2.693548387096774,3.9078815442940096,5,245.0,0.2759541865400315,13,114.0,0.2344976704501533,23,617.0,0.0978738658668553,41,976.0
1620.0,35,248.0,2.049586776859504,4.202681138236396,7,227.0,0.28799851448126546,9,152.0,0.2365588395026062,19,572.0,0.1235115866939558,35,951.0
1625.0,40,297.0,2.582608695652174,4.2963316862582595,13,283.0,0.2711812127901566,10,157.0,0.254195783409699,17,506.0,0.20941040192119256,40,946.0
1630.0,43,370.0,3.1092436974789917,4.121336675937113,20,371.0,0.18733149935277432,9,176.0,0.26234993648839283,14,441.0,0.26556236258511134,43,988.0
1635.0,40,287.0,2.2777777777777777,3.7174203105829693,20,416.0,0.1421686643084808,11,168.0,0.23777654037891768,9,467.0,0.22874716706523174,40,1051.0
1640.0,38,262.0,2.130081300813008,4.535039558613246,18,369.0,0.19303340129601038,11,165.0,0.23381771779519536,9,487.0,0.2301944473543368,38,1021.0
1645.0,32,169.0,1.3739837398373984,3.631988462881618,10,430.0,0.17938213894187457,14,186.0,0.16719808400777375,8,474.0,0.21681889198448662,32,1090.0
1650.0,37,141.0,1.146341463414634,3.9739564530084412,15,484.0,0.2203414221665915,12,184.0,0.2068006658085204,10,408.0,0.2927721403405752,37,1076.0
1655.0,25,98.0,0.765625,3.8402008163197285,13,484.0,0.1707196861887495,5,176.0,0.26358412083755806,7,391.0,0.24410527156251538,25,1051.0
1660.0,28,97.0,0.751937984496124,3.9650989197192286,13,434.0,0.13568510184503355,7,162.0,0.28551120183398115,8,404.0,0.20154788253216113,28,1000.0
1665.0,28,118.0,0.9147286821705426,3.7872607625932164,6,440.0,0.16090598847052467,12,179.0,0.20854288052921535,10,388.0,0.17336957433273553,28,1007.0
1670.0,36,225.0,1.814516129032258,3.8569506022052438,8,457.0,0.15878236955277222,18,256.0,0.14862479442695326,10,328.0,0.16854189360360958,36,1041.0
1675.0,51,445.0,3.6475409836065573,3.5277712087755715,15,502.0,0.09277894883377909,22,363.0,0.16822571649926613,14,280.0,0.15330523942520782,51,1145.0
1680.0,54,500.0,4.166666666666667,2.9136262369774784,16,503.0,0.11796409048486946,20,399.0,0.1735712891985182,18,309.0,0.146202600310791,54,1211.0
1685.0,39,321.0,2.6097560975609757,3.616490517036674,13,433.0,0.21241884368435704,12,356.0,0.26608107141281917,14,322.0,0.21571742338530528,39,1111.0
1690.0,27,153.0,1.2540983606557377,4.84137575356286,10,313.0,0.2642905998148777,9,352.0,0.2828912695547432,8,284.0,0.2845373844546384,27,949.0
1695.0,26,123.0,1.0165289256198347,4.61009795074186,7,331.0,0.19241844067560432,11,401.0,0.1991872101798703,8,210.0,0.3312469066887683,26,942.0
1700.0,31,117.0,0.9831932773109243,4.041583560218442,10,366.0,0.1817623606348088,10,390.0,0.13674470773394098,11,215.0,0.2519397523842767,31,971.0
1705.0,36,177.0,1.5663716814159292,3.681418105791815,15,434.0,0.18545205692093136,7,314.0,0.2052972929657569,14,214.0,0.22083786069905584,36,962.0
1710.0,28,132.0,1.1478260869565218,3.6547869173915086,12,426.0,0.20600473483866208,3,272.0,0.19581019183087528,13,241.0,0.23025228451127785,28,939.0
1715.0,26,88.0,0.7213114754098361,4.3935556950618135,10,328.0,0.16361330667318336,8,293.0,0.24836805148567268,8,225.0,0.2030491159127007,26,846.0
1720.0,26,113.0,0.9576271186440678,4.480089864107039,6,229.0,0.18302514429304867,8,270.0,0.30569173211642037,12,211.0,0.13698685138962508,26,710.0
1725.0,29,155.0,1.3478260869565217,4.1261014172885595,6,242.0,0.2576377657692951,7,186.0,0.21865377828342403,16,275.0,0.19468690088129015,29,703.0
1730.0,31,190.0,1.623931623931624,4.125920297022565,10,279.0,0.3012690843059152,9,165.0,0.20510884763260856,12,291.0,0.23071838671718567,31,735.0
1735.0,33,184.0,1.5333333333333334,4.176088657775884,14,345.0,0.23453393789014354,4,167.0,0.3187040151598074,15,281.0,0.22667589068111801,33,793.0
1740.0,39,198.0,1.5348837209302326,3.6880159399000783,16,358.0,0.16633771030841263,8,162.0,0.2336616253908885,15,338.0,0.19177134695970807,39,858.0
1745.0,43,239.0,1.8671875,3.927417316586622,13,319.0,0.18342007894403614,14,215.0,0.2234242103102783,16,400.0,0.1346662476270009,43,934.0
1750.0,49,344.0,2.752,3.618738708735558,10,332.0,0.1632778882899458,19,303.0,0.19696580984940915,20,483.0,0.1456057936156441,49,1118.0
1755.0,53,429.0,3.432,3.0883212233116653,12,364.0,0.16656256202660924,26,412.0,0.06229138349863061,15,513.0,0.12418086724404641,53,1289.0
1760.0,51,510.0,4.25,2.937658118243081,11,359.0,0.1210996459745268,27,544.0,0.17532988897441654,13,480.0,0.1302339973928921,51,1383.0
1765.0,44,451.0,3.69672131147541,2.922212845404864,9,285.0,0.16317829191111322,23,596.0,0.18891750605301805,12,494.0,0.1489428276549365,44,1375.0
1770.0,39,332.0,2.5538461538461537,4.12249641435184,7,226.0,0.25980820330769033,21,553.0,0.18623886321983654,11,523.0,0.22220632841552918,39,1302.0
1775.0,34,240.0,1.8461538461538463,3.902522751578728,6,238.0,0.2517883676029478,15,625.0,0.11246577837294225,13,575.0,0.23390881109623107,34,1438.0
1780.0,37,236.0,1.858267716535433,3.7655281998599976,9,235.0,0.23706519152229105,14,683.0,0.12543891827633588,14,646.0,0.14114249013310537,37,1564.0
1785.0,43,335.0,2.7016129032258065,3.48394315560957,15,270.0,0.17615997683329448,10,653.0,0.1560339599058977,18,728.0,0.12180435857511329,43,1651.0
1790.0,43,283.0,2.3781512605042017,3.0082210105581195,14,289.0,0.22329174812919797,11,497.0,0.14449607880576038,18,733.0,0.18416033991946343,43,1519.0
1795.0,36,229.0,1.8770491803278688,3.727564300359478,11,244.0,0.2096209115738722,10,424.0,0.2929694952641099,15,635.0,0.2528098305920743,36,1303.0
1800.0,29,182.0,1.4444444444444444,4.000117245283463,12,175.0,0.2582808573302029,3,412.0,0.24844278688062887,14,649.0,0.22068810195440372,29,1236.0
1805.0,32,160.0,1.2121212121212122,3.906988303567695,7,194.0,0.22290965200595791,8,406.0,0.20853135481385088,17,721.0,0.14892106958788803,32,1321.0
1810.0,35,170.0,1.3385826771653544,3.4783586430409392,11,200.0,0.16916884118628975,9,388.0,0.1659824328189939,15,724.0,0.13836453309374383,35,1312.0
1815.0,32,115.0,0.9663865546218487,3.289565956501867,16,226.0,0.15614294234156983,7,309.0,0.1981617635528023,9,659.0,0.2274383894804683,32,1194.0
1820.0,23,106.0,0.8983050847457628,3.966954890109787,8,200.0,0.28044404396911193,9,190.0,0.23930813658539787,6,676.0,0.2178852256195603,23,1066.0
1825.0,20,108.0,0.8709677419354839,4.289329638810851,9,175.0,0.2711920615228256,2,174.0,0.3047491455219161,9,694.0,0.16656526012529435,20,1043.0
1830.0,29,144.0,1.125,3.9937619685774135,7,184.0,0.19605898203267638,8,178.0,0.23664923017515846,14,733.0,0.1370681382178923,29,1095.0
1835.0,41,280.0,2.2222222222222223,3.680999387837339,8,154.0,0.19244378533326273,12,228.0,0.19216241055466374,21,818.0,0.10171507988173924,41,1200.0
1840.0,50,331.0,2.7815126050420167,3.0481645585402766,14,183.0,0.18036984568173905,14,236.0,0.15140547934390797,22,829.0,0.09821211761546556,50,1248.0
1845.0,44,312.0,2.6666666666666665,3.5340093278886093,16,256.0,0.18066925180400994,13,169.0,0.22338932332260528,15,745.0,0.19193130875108705,44,1170.0
1850.0,37,241.0,1.9754098360655739,3.829585968405802,15,280.0,0.20220623277109473,11,145.0,0.22730267204969565,11,709.0,0.2348185202501958,37,1134.0
1855.0,33,155.0,1.2916666666666667,4.130102962868052,11,241.0,0.20274182599395757,7,171.0,0.25092855499022226,15,754.0,0.20636493681810641,33,1166.0
1860.0,32,143.0,1.1818181818181819,3.2894173080454157,13,288.0,0.10458291116845571,8,190.0,0.19900888541490203,11,730.0,0.11983995873827827,32,1208.0
1865.0,38,204.0,1.7586206896551724,3.105815389645609,16,358.0,0.11974972146162927,14,238.0,0.19054298222589722,8,616.0,0.1641530415586274,38,1212.0
1870.0,31,163.0,1.38135593220339,2.9245131525148547,15,380.0,0.11190180022103931,15,266.0,0.16284198511362333,1,566.0,0.20794690282763403,31,1212.0
1875.0,28,103.0,0.865546218487395,3.823894469620002,6,298.0,0.24401981649931948,15,255.0,0.15552210747403408,7,581.0,0.23218581212492562,28,1134.0
1880.0,27,91.0,0.7520661157024794,3.9266450162853306,6,229.0,0.2885470743965424,11,267.0,0.1859569500119697,10,538.0,0.1751377077641653,27,1034.0
1885.0,25,73.0,0.5983606557377049,3.5778615882703124,6,236.0,0.23290656402016352,10,300.0,0.19505712788228743,9,429.0,0.14259084285201903,25,965.0
1890.0,23,76.0,0.5891472868217055,3.627946720574145,9,247.0,0.17814528644425104,10,305.0,0.15507249235851064,4,440.0,0.203002560000083,23,992.0
1895.0,32,155.0,1.2301587301587302,4.027593369528181,14,308.0,0.22687537114399203,9,258.0,0.15883635977591692,9,458.0,0.21378449257544768,32,1024.0
1900.0,29,167.0,1.3688524590163935,3.520206730413797,11,316.0,0.20329264843936046,8,204.0,0.16189113193404817,10,419.0,0.19325399511993005,29,939.0
1905.0,29,111.0,0.925,3.879993192989425,10,261.0,0.2492683027222799,8,184.0,0.3066455864428831,11,346.0,0.19820923111515779,29,791.0
1910.0,17,67.0,0.5275590551181102,4.3023122844074715,7,212.0,0.248367305058382,8,189.0,0.2932527122781257,2,309.0,0.1588096539434437,17,710.0
1915.0,22,55.0,0.4166666666666667,4.270546101906183,9,228.0,0.21347764501876745,5,180.0,0.25177627675234676,8,317.0,0.16203525832306664,22,725.0
1920.0,29,137.0,1.0873015873015872,4.272216635958591,10,260.0,0.22898604189902266,5,146.0,0.2135437695235622,14,373.0,0.18710832539394368,29,779.0
1925.0,40,237.0,1.9915966386554622,3.886030935961364,15,324.0,0.22428240309066091,9,138.0,0.18673194389571612,16,373.0,0.14633227383885827,40,835.0
1930.0,43,286.0,2.4237288135593222,3.1854330991022013,21,408.0,0.14684900875274912,9,148.0,0.23984904529660164,13,307.0,0.16271479307161382,43,863.0
1935.0,45,282.0,2.330578512396694,3.424257816021581,19,433.0,0.0990126963454515,12,147.0,0.2510711329843219,14,241.0,0.15014296562378313,45,821.0
1940.0,43,230.0,1.8548387096774193,3.716891100107093,16,369.0,0.14945646856866987,14,166.0,0.24854452578287814,13,290.0,0.15547805455964042,43,825.0
1945.0,37,189.0,1.5,3.841095059800031,11,312.0,0.20486398990423488,13,203.0,0.23038856874881877,13,318.0,0.15291901142002587,37,833.0
1950.0,34,175.0,1.4112903225806452,3.7275789108610966,9,363.0,0.23620484157546873,10,197.0,0.19022370485799744,15,370.0,0.18886973143844032,34,930.0
1955.0,35,169.0,1.3739837398373984,3.5610497582900473,12,417.0,0.20460536626739023,7,194.0,0.19016166544929308,16,372.0,0.17757014179305441,35,983.0
1960.0,38,182.0,1.467741935483871,3.923818793770544,14,482.0,0.13339370413831414,10,200.0,0.2629977048631233,14,336.0,0.13789022189836236,38,1018.0
1965.0,44,242.0,1.9836065573770492,3.9459785235864775,13,483.0,0.14575432854890563,14,224.0,0.23374707423599597,17,281.0,0.14923763099030188,44,988.0
1970.0,37,182.0,1.5294117647058822,3.9926368626891167,8,371.0,0.2154803481413152,17,259.0,0.19640704435319017,12,318.0,0.19719389978113172,37,948.0
1975.0,31,129.0,1.0573770491803278,4.361980925580905,6,398.0,0.2684757445746671,14,245.0,0.18792465716670886,11,344.0,0.23321675450991125,31,987.0
1980.0,34,163.0,1.3252032520325203,4.24618381388287,13,449.0,0.19315370747848098,6,230.0,0.22776655050606173,15,377.0,0.20451071147903876,34,1056.0
1985.0,38,198.0,1.6923076923076923,3.267909632711568,16,526.0,0.14539663664601388,8,239.0,0.23544609818323406,14,395.0,0.12782177719727678,38,1160.0
1990.0,45,265.0,2.264957264957265,2.813188555468753,20,616.0,0.09710923169229962,9,225.0,0.2128539529787866,16,364.0,0.12802442635745037,45,1205.0
1995.0,45,374.0,3.0655737704918034,3.979699198001355,24,724.0,0.17588303543923756,9,190.0,0.2127848092549726,12,302.0,0.2532588193265647,45,1216.0
2000.0,45,498.0,3.830769230769231,3.9027824352829086,28,855.0,0.13842869768803415,4,188.0,0.2261411332872389,13,261.0,0.22523617363965628,45,1304.0
2005.0,45,463.0,3.507575757575758,3.5994137639559725,27,882.0,0.08743727745871811,9,191.0,0.18017816133829323,9,260.0,0.2767944560793806,45,1333.0
2010.0,46,363.0,2.813953488372093,3.955628984403466,23,804.0,0.13458642724810016,14,243.0,0.12801148642882432,9,257.0,0.24208422115318662,46,1304.0
2015.0,43,333.0,2.685483870967742,3.759064009500233,20,897.0,0.1332288684585631,12,255.0,0.16355637872487624,11,265.0,0.2431633516698073,43,1417.0
2020.0,49,353.0,2.8934426229508197,3.804231939891663,20,984.0,0.18419964423259175,9,198.0,0.18916127043668293,20,321.0,0.2256681978926954,49,1503.0
2025.0,49,397.0,3.3361344537815127,3.342579710465398,17,970.0,0.14159732253175586,10,220.0,0.18350166539271864,22,414.0,0.18462098645542124,49,1604.0
2030.0,51,473.0,4.008474576271187,3.0500029531787303,14,843.0,0.11923453009147557,11,278.0,0.20291236432839824,26,531.0,0.11573980563930272,51,1652.0
2035.0,53,488.0,4.033057851239669,3.219454842467975,12,649.0,0.19252639293209006,13,334.0,0.2650360895527638,28,583.0,0.06804297803363762,53,1566.0
2040.0,45,418.0,3.2913385826771653,3.777098919761374,8,642.0,0.21768760175493934,16,409.0,0.26611400996262446,21,549.0,0.13171706287149226,45,1600.0
2045.0,45,433.0,3.2803030303030303,3.4451916149784214,8,643.0,0.19668038352201267,21,501.0,0.14377805132700952,16,630.0,0.1405499552821564,45,1774.0
2050.0,53,408.0,3.1384615384615384,2.780394317765561,13,612.0,0.15096139636309508,20,523.0,0.08271428335308623,20,708.0,0.14319871987430866,53,1843.0
2055.0,52,405.0,3.13953488372093,3.428251315282867,11,532.0,0.20457254981755538,20,473.0,0.17472408559554176,21,801.0,0.1807110162601384,52,1806.0
2060.0,43,375.0,2.8625954198473282,4.0007988227884805,10,550.0,0.1872207758911206,13,428.0,0.25147036610044926,20,905.0,0.20056983322636526,43,1883.0
2065.0,39,280.0,2.121212121212121,3.291469715981193,12,553.0,0.1656739658730785,8,450.0,0.18091929258144523,19,895.0,0.13030464968766345,39,1898.0
2070.0,43,247.0,1.9603174603174602,3.4860922072832086,14,582.0,0.14772742989590731,10,480.0,0.17397227827755318,19,762.0,0.10959941686871835,43,1824.0
2075.0,42,268.0,2.126984126984127,3.314631428144813,18,650.0,0.12069030622260771,9,471.0,0.1427146191317845,15,832.0,0.14758665953853445,42,1953.0
2080.0,41,361.0,3.033613445378151,3.495278880226805,22,740.0,0.15159537454398134,5,357.0,0.24226922914412963,14,888.0,0.14849643898645895,41,1985.0
2085.0,46,475.0,4.02542372881356,3.5347190925881407,26,853.0,0.13930092092190477,6,279.0,0.24714872924167414,14,861.0,0.14713894455685234,46,1993.0
2090.0,35,417.0,3.6578947368421053,3.6560801215332615,23,864.0,0.16854615636786618,4,208.0,0.29782257827076897,8,733.0,0.20579709948467628,35,1805.0
2095.0,33,327.0,2.7711864406779663,3.9273270757462533,21,764.0,0.18008163462794313,6,178.0,0.34430350780831415,6,601.0,0.21763919473166077,33,1543.0
2100.0,24,219.0,1.7950819672131149,3.81543364689767,16,851.0,0.14440907059298755,4,145.0,0.37140716334905544,4,563.0,0.2273608602006068,24,1559.0
2105.0,29,239.0,1.8968253968253967,4.44007963691481,19,946.0,0.10891210185417047,3,103.0,0.4335186935400451,7,571.0,0.17256218621313438,29,1620.0
2110.0,29,191.0,1.6050420168067228,3.947159068271962,14,917.0,0.1468161425721012,8,121.0,0.2718154946229767,7,538.0,0.14620832027510564,29,1576.0
2115.0,32,175.0,1.5625,3.555681733375656,13,780.0,0.13861911540880745,12,173.0,0.22780932953002683,7,446.0,0.19019469119044247,32,1399.0
2120.0,28,189.0,1.6578947368421053,4.017626133230433,5,720.0,0.2027125804962792,16,247.0,0.26828209950704995,7,470.0,0.20366250466697716,28,1437.0
2125.0,33,208.0,1.6910569105691058,3.9488684059508916,9,744.0,0.18280771900857676,14,264.0,0.20046830326071752,10,491.0,0.17921274239102836,33,1499.0
2130.0,35,210.0,1.7355371900826446,4.148393709761668,13,792.0,0.1766987236337499,12,226.0,0.21735820457012814,10,460.0,0.23878566758760017,35,1478.0
2135.0,28,159.0,1.407079646017699,3.545265718850159,11,754.0,0.14545914685079625,9,199.0,0.2519823151712153,8,368.0,0.2295956914122569,28,1321.0
2140.0,24,107.0,0.9469026548672567,3.5879721762711685,12,632.0,0.17272576738723475,8,204.0,0.3131604440194306,4,381.0,0.2200175381580535,24,1217.0
2145.0,23,86.0,0.7288135593220338,3.9060679628267145,9,603.0,0.181090010777705,6,192.0,0.36084568805670986,8,405.0,0.16594605541235297,23,1200.0
2150.0,24,81.0,0.675,3.986120282259966,11,647.0,0.13276799140633433,3,161.0,0.4317431630469145,10,380.0,0.1026149377785337,24,1188.0
2155.0,30,96.0,0.8205128205128205,3.7143354858348525,10,606.0,0.14931445645687516,9,160.0,0.2565788068902197,11,295.0,0.11966431878497458,30,1061.0
2160.0,23,110.0,0.990990990990991,4.214621666521464,6,475.0,0.1607740174597984,9,169.0,0.3421566830787716,8,184.0,0.1977810296756041,23,828.0
2165.0,20,129.0,1.1517857142857142,5.1916770396226255,7,346.0,0.2444507254992179,7,145.0,0.33964720766343015,6,142.0,0.2963820961909866,20,633.0
2170.0,19,166.0,1.456140350877193,5.834287429289306,5,286.0,0.31455629221280695,6,141.0,0.3831294053760011,8,133.0,0.28168228270051254,19,560.0
2175.0,16,96.0,0.8495575221238938,5.303554666387945,2,247.0,0.2994738134943896,8,162.0,0.2795179828672279,6,127.0,0.32469257859352707,16,536.0
2180.0,22,61.0,0.5398230088495575,5.19605466842574,7,239.0,0.35041513521869355,7,153.0,0.18865511608404917,8,99.0,0.2629447327155826,22,491.0
2185.0,23,105.0,0.9813084112149533,4.633836831106563,8,215.0,0.2842140147665796,5,107.0,0.1470076569035284,10,97.0,0.32721688453170533,23,419.0
2190.0,19,75.0,0.7211538461538461,3.9388778411160477,5,149.0,0.26235187177852165,3,115.0,0.2069260196486919,11,116.0,0.21710683762060187,19,380.0
2195.0,24,86.0,0.7747747747747747,4.444808504787751,3,118.0,0.24107143246676013,10,140.0,0.2952440950655837,11,112.0,0.21852527413053022,24,370.0
2200.0,31,157.0,1.3893805309734513,4.236640899895957,7,132.0,0.2324400902153072,14,205.0,0.2024671492907679,10,145.0,0.15129615599923907,31,482.0
2205.0,35,165.0,1.5137614678899083,3.2636011838405743,9,122.0,0.1308581847046209,15,234.0,0.08207894969154464,11,174.0,0.16138038676267635,35,530.0
2210.0,27,114.0,1.0961538461538463,3.5393519485674454,9,98.0,0.2130532424236271,11,222.0,0.18898176224542093,7,182.0,0.16762385304035876,27,502.0
2215.0,17,64.0,0.6095238095238096,4.176105542826515,2,96.0,0.2508102668961474,6,239.0,0.3039623524102269,9,164.0,0.20214918913932686,17,499.0
2220.0,25,87.0,0.8130841121495327,3.791741063373522,8,102.0,0.18804398195871067,11,276.0,0.13274232474005554,6,179.0,0.19157282858985292,25,557.0
2225.0,27,98.0,0.9423076923076923,3.1365085341497876,9,114.0,0.1282305150541637,10,282.0,0.10671723382811056,8,186.0,0.138624539679912,27,582.0
2230.0,17,51.0,0.5,3.810533299496998,5,95.0,0.2621150647984094,6,237.0,0.25285140980295784,6,184.0,0.1458713681256265,17,516.0
2235.0,10,45.0,0.42857142857142855,5.460828662221921,1,54.0,0.37173120289362144,1,153.0,0.35017511140374674,8,160.0,0.28547499201615056,10,367.0
2240.0,11,48.0,0.4444444444444444,5.205904920405659,4,51.0,0.31231885654779956,0,118.0,0.30706962122655085,7,135.0,0.3375105634126885,11,304.0
2245.0,20,103.0,0.9196428571428571,4.738199472461829,6,72.0,0.18542132470834194,6,133.0,0.2751937880991494,8,147.0,0.2794691545633856,20,352.0
2250.0,19,54.0,0.5094339622641509,3.3208149055396547,8,80.0,0.1461666240956769,7,135.0,0.1999885797473647,4,141.0,0.21326431496409717,19,356.0
2255.0,18,53.0,0.5047619047619047,3.8605665982714763,5,55.0,0.25609445375802575,5,116.0,0.2556482697475116,8,172.0,0.2389985255252373,18,343.0
2260.0,22,126.0,1.1559633027522935,4.632169657500839,3,52.0,0.3096095182449302,7,92.0,0.26313034246968037,12,201.0,0.27273642651618063,22,345.0
2265.0,30,256.0,2.245614035087719,4.871034683936308,7,77.0,0.28219643344225603,7,107.0,0.3305568986427097,16,250.0,0.26288917335083456,30,434.0
2270.0,29,175.0,1.5765765765765767,3.334917367462835,9,92.0,0.18101460397274297,3,89.0,0.29132555752100564,17,285.0,0.1574431465939023,29,466.0
2275.0,30,136.0,1.2142857142857142,3.849991661546771,8,81.0,0.1410940975789309,6,60.0,0.3931696753282959,16,272.0,0.15502147098618743,30,413.0
2280.0,27,174.0,1.5535714285714286,4.899263514782051,9,75.0,0.20104967702310347,4,58.0,0.4159501437425495,14,230.0,0.17522998792493125,27,363.0
2285.0,22,89.0,0.7739130434782608,4.681925087016136,7,88.0,0.2597215807811176,4,38.0,0.33880519991079244,11,263.0,0.2569072887602087,22,389.0
2290.0,24,116.0,1.0265486725663717,5.0980164880103915,9,93.0,0.23644146032302166,2,31.0,0.3209108506145682,13,307.0,0.2520537337343059,24,431.0
2295.0,24,118.0,1.145631067961165,4.538605809360112,11,123.0,0.2344500085366472,3,37.0,0.3895292044949566,10,330.0,0.21189266405905258,24,490.0
2300.0,17,60.0,0.6060606060606061,4.300890356094909,9,129.0,0.22138189016687237,1,29.0,0.4606954489276249,7,295.0,0.23477127925035923,17,453.0
2305.0,18,97.0,0.9238095238095239,4.848864046266456,8,136.0,0.21868396727431463,4,29.0,0.5081596000208717,6,318.0,0.18905512367080393,18,483.0
2310.0,22,106.0,0.9906542056074766,4.002637528444151,5,113.0,0.18799399233107156,8,61.0,0.31252396406339344,9,356.0,0.1523852965152269,22,530.0
2315.0,27,100.0,0.9433962264150944,3.6203583982966174,8,84.0,0.19050078255398495,6,72.0,0.2484317963913152,13,358.0,0.11656898935380192,27,514.0
2320.0,20,61.0,0.580952380952381,3.8791076399467945,9,97.0,0.18380553998118107,3,63.0,0.358058418598674,8,314.0,0.16256047409952643,20,474.0
2325.0,16,41.0,0.3904761904761905,4.855807501017131,7,97.0,0.25643694367460956,3,62.0,0.4800841243349474,6,305.0,0.20928955184166995,16,464.0
2330.0,20,74.0,0.6666666666666666,4.158097384497462,5,92.0,0.1992985836368406,8,89.0,0.26442353720687206,7,330.0,0.13803455575578227,20,511.0
2335.0,28,138.0,1.2321428571428572,4.064234737659556,9,98.0,0.20788549757858868,5,97.0,0.2669907072642935,14,385.0,0.12040596036364193,28,580.0
2340.0,34,213.0,1.9189189189189189,3.831851620970793,9,110.0,0.20868162766710424,3,66.0,0.28202791040601727,22,473.0,0.1572366489583298,34,649.0
2345.0,34,307.0,2.8962264150943398,3.704786370048642,8,96.0,0.21503786289261573,2,64.0,0.3418559121115426,24,588.0,0.16063921028588993,34,748.0
2350.0,41,453.0,4.233644859813084,3.5520350987578966,3,84.0,0.21199645055775643,8,86.0,0.3083112619756047,30,727.0,0.03240158071898871,41,897.0
2355.0,51,510.0,4.594594594594595,3.339310970603853,10,101.0,0.13182358819614298,10,133.0,0.24134791351192764,31,790.0,0.05419204986799629,51,1024.0
2360.0,42,449.0,4.445544554455446,3.1711830968403705,8,113.0,0.13463145133779522,12,191.0,0.16439317999229974,22,745.0,0.10675685054252715,42,1049.0
2365.0,30,274.0,2.795918367346939,4.224879508219371,4,88.0,0.1980237867950399,8,198.0,0.3980330501254717,18,640.0,0.13572538634536127,30,926.0
2370.0,16,132.0,1.346938775510204,5.180752054022134,2,76.0,0.25959047913764105,2,125.0,0.4949087109034359,12,551.0,0.2803898503638482,16,752.0
2375.0,17,132.0,1.306930693069307,5.764670770567979,5,99.0,0.28188332593909826,3,100.0,0.391465386240986,9,441.0,0.3659336822256115,17,640.0
2380.0,23,166.0,1.6938775510204083,5.086224512801858,9,134.0,0.14356844958887924,8,129.0,0.27151004436815385,6,347.0,0.42198659006328704,23,610.0
2385.0,25,133.0,1.3711340206185567,4.154674789226215,7,138.0,0.15559316142732973,14,187.0,0.10131400730365117,4,289.0,0.3728695297276601,25,614.0
2390.0,21,115.0,1.2234042553191489,4.8889202644061065,4,97.0,0.20568433900203123,11,200.0,0.2109310040332838,6,276.0,0.32152196978899006,21,573.0
2395.0,19,66.0,0.7252747252747253,4.941570513084432,7,71.0,0.21468252455031073,6,135.0,0.3001283010588795,6,266.0,0.32461781595261824,19,472.0
2400.0,13,52.0,0.5777777777777777,6.098053917230944,4,73.0,0.3019808592986061,5,86.0,0.47463717507209435,4,204.0,0.37480164196429233,13,363.0
2405.0,8,51.0,0.5604395604395604,6.731830817715639,4,71.0,0.42310193777769967,3,69.0,0.4034878868407277,1,166.0,0.44391527961840777,8,306.0
2410.0,11,45.0,0.5,6.627774329468616,1,49.0,0.43330533859922615,3,68.0,0.4634778010262333,7,180.0,0.3460744904169666,11,297.0
2415.0,17,80.0,0.9090909090909091,5.7996114558087415,5,54.0,0.39829379939864534,4,63.0,0.5013280359803536,8,179.0,0.2642524524911833,17,296.0
2420.0,14,75.0,0.8426966292134831,5.409677842293189,7,66.0,0.34146825969578026,3,65.0,0.5831420650076546,4,139.0,0.2366568273734016,14,270.0
2425.0,7,23.0,0.24731182795698925,5.510643444465301,4,54.0,0.26971116990809574,1,28.0,0.5727917418384931,2,74.0,0.28631821041654826,7,156.0
2430.0,12,36.0,0.3564356435643564,5.863742707608113,4,43.0,0.2752018317802567,5,25.0,0.5390294321891526,3,72.0,0.2760664311227506,12,140.0
2435.0,19,71.0,0.696078431372549,5.495188914739194,4,45.0,0.2986121953559735,6,28.0,0.43767186962415294,9,98.0,0.2319025203353493,19,171.0
2440.0,12,54.0,0.5510204081632653,5.315085540364233,0,25.0,0.3828526278760147,4,33.0,0.3877491790372594,8,104.0,0.2422266198741344,12,162.0
2445.0,14,38.0,0.3917525773195876,4.651858037942083,6,32.0,0.29118964529450897,1,26.0,0.3406221776460656,7,82.0,0.18626754351625538,14,140.0
2450.0,21,49.0,0.49,4.265239607433889,7,49.0,0.2737829585596509,7,33.0,0.24331578757461414,7,95.0,0.17000775063304097,21,177.0
2455.0,20,78.0,0.78,4.580633034351732,3,37.0,0.21345392557106288,7,57.0,0.2805055305705466,10,131.0,0.17785210557910805,20,225.0
2460.0,16,64.0,0.6666666666666666,4.386542113770685,2,37.0,0.3491455072081214,3,53.0,0.42052711030788603,11,150.0,0.1645778284826683,16,240.0
2465.0,24,73.0,0.7227722772277227,4.286700482244948,8,59.0,0.31845545653551766,3,59.0,0.3861883651325864,13,142.0,0.16091700885613922,24,260.0
2470.0,26,130.0,1.2380952380952381,4.395637457386139,12,110.0,0.2698336337213693,9,78.0,0.24899451302704367,5,140.0,0.1788648893231569,26,328.0
2475.0,28,128.0,1.2190476190476192,3.934226524124272,10,137.0,0.12987377557462382,7,94.0,0.27223662060819886,11,168.0,0.16825661549038315,28,399.0
2480.0,21,64.0,0.6336633663366337,4.3124910278821815,8,121.0,0.3141578429817835,2,60.0,0.32988512027072125,11,190.0,0.1705225191843683,21,371.0
2485.0,14,38.0,0.38,5.07706833420048,4,79.0,0.38165424010082133,3,61.0,0.46140874641303975,7,159.0,0.1514374313158528,14,299.0
2490.0,20,90.0,0.8653846153846154,5.16681165599751,4,96.0,0.3006921258038889,7,83.0,0.4070653607354413,9,144.0,0.17941493612691597,20,323.0
2495.0,19,59.0,0.5784313725490197,3.9663901577117824,9,122.0,0.1745410957147137,7,89.0,0.19599748398445846,3,147.0,0.18850974319828528,19,358.0
2500.0,19,61.0,0.61,4.130042140498066,7,134.0,0.2504005243101831,4,58.0,0.19608909866969282,8,146.0,0.20841869311719316,19,338.0
2505.0,14,47.0,0.4845360824742268,4.885030121388606,3,103.0,0.37632515435878494,2,30.0,0.4437830521852025,9,156.0,0.18259709150901055,14,289.0
2510.0,15,53.0,0.5638297872340425,5.1411542978641265,5,69.0,0.3423099785302473,2,27.0,0.5489703268137512,8,138.0,0.19042843715156932,15,234.0
2515.0,16,65.0,0.6632653061224489,5.6731173595688835,9,77.0,0.38836187606080846,2,17.0,0.5611152368110156,5,116.0,0.20730270386923233,16,210.0
2520.0,17,93.0,0.9029126213592233,5.208597272652519,7,83.0,0.39424818328919364,7,41.0,0.31767447383833114,3,103.0,0.1615596913461857,17,227.0
2525.0,23,148.0,1.510204081632653,4.659542016316153,6,102.0,0.36574274049564337,10,66.0,0.24480966575549176,7,128.0,0.14546365289386018,23,296.0
2530.0,28,226.0,2.329896907216495,4.290750698801511,9,135.0,0.40297378159971037,6,63.0,0.2911754591832518,13,182.0,0.16243097591979017,28,380.0
2535.0,28,208.0,2.122448979591837,3.9168140757996976,4,114.0,0.441584658290957,4,66.0,0.26227221291668174,20,269.0,0.10455430087643951,28,449.0
2540.0,36,318.0,3.0576923076923075,3.948484660881156,4,54.0,0.413943082661932,6,90.0,0.15110974716927347,26,387.0,0.09652094956701314,36,531.0
2545.0,45,393.0,3.891089108910891,3.137273526657254,8,56.0,0.2754190243527223,10,134.0,0.12918272904716574,27,460.0,0.08598647795124183,45,650.0
2550.0,41,314.0,3.204081632653061,2.9868447049959306,8,79.0,0.2692997670387409,6,142.0,0.20530838309442395,27,480.0,0.10028790746430748,41,701.0
2555.0,34,244.0,2.4646464646464645,4.023872189067571,6,78.0,0.40771199853810935,6,115.0,0.3658719882825448,22,595.0,0.12910211319448642,34,788.0
2560.0,34,206.0,1.9807692307692308,4.033537971568708,3,83.0,0.3784182056383002,7,128.0,0.24174837993208498,24,706.0,0.08802149891671697,34,917.0
2565.0,31,168.0,1.68,3.8261304925137534,5,101.0,0.336016573790375,6,146.0,0.21799383208554113,20,745.0,0.09016594510214902,31,992.0
2570.0,23,101.0,1.041237113402062,3.706366173160412,5,104.0,0.21395653534684458,9,181.0,0.24544671100915239,9,649.0,0.13002563164404765,23,934.0
2575.0,17,70.0,0.7142857142857143,4.828323360892275,5,93.0,0.27130573025570387,6,185.0,0.3934727898041616,6,548.0,0.19586686208158455,17,826.0
2580.0,14,60.0,0.6122448979591837,5.539450834194216,5,113.0,0.26481008769237036,5,156.0,0.41610921081753466,4,435.0,0.27465439636622846,14,704.0
2585.0,13,49.0,0.494949494949495,5.520301954515949,5,136.0,0.3128491039041455,6,142.0,0.34500972309800393,2,420.0,0.2616095171257076,13,698.0
2590.0,18,103.0,1.10752688172043,4.983712758348774,7,165.0,0.30849905337742645,3,146.0,0.2830098123580018,8,443.0,0.24933565072178437,18,754.0
2595.0,22,125.0,1.3440860215053763,3.764737325256431,14,211.0,0.2249590197045885,1,133.0,0.15403167562757455,7,429.0,0.28463060656387007,22,773.0
2600.0,22,112.0,1.2173913043478262,3.4149436881683197,12,226.0,0.20559157411387147,5,149.0,0.19586350797883734,5,349.0,0.2338748413315102,22,724.0
2605.0,21,79.0,0.797979797979798,3.6265241844058687,10,201.0,0.16507209620326407,3,145.0,0.3461061299230704,8,371.0,0.16100661601488692,21,717.0
2610.0,25,118.0,1.1238095238095238,4.417201383521653,12,205.0,0.25165565597140177,2,107.0,0.36493245412527936,11,411.0,0.18747595458701435,25,723.0
2615.0,18,87.0,0.8285714285714286,3.5766108358828244,8,240.0,0.21186629724302875,1,95.0,0.19681785052291614,9,393.0,0.15095693909362665,18,728.0
2620.0,27,103.0,0.9626168224299065,4.037779683505642,11,283.0,0.18769918376474237,8,123.0,0.28168423850679386,8,313.0,0.15865834274835336,27,719.0
2625.0,24,93.0,0.8773584905660378,3.9482416743497,8,293.0,0.14799029437723518,7,129.0,0.2773945607246145,9,204.0,0.1925281194240422,24,626.0
2630.0,16,52.0,0.5,4.669216883106841,5,255.0,0.26583260784215895,6,99.0,0.40972866756581805,5,211.0,0.20906102895368783,16,565.0
2635.0,21,76.0,0.7238095238095238,4.754220884424283,8,217.0,0.2687799159443378,3,109.0,0.3230326970777756,10,226.0,0.17096044185715112,21,552.0
2640.0,23,73.0,0.7019230769230769,3.7129589877557354,5,232.0,0.23778813879481359,8,119.0,0.18254905450473605,10,214.0,0.16104886984929392,23,565.0
2645.0,19,61.0,0.5865384615384616,4.229124666409377,6,234.0,0.1676837290001568,5,119.0,0.26729502027532015,8,157.0,0.20974881973223855,19,510.0
2650.0,15,42.0,0.42857142857142855,3.8763628681504883,4,230.0,0.24415027591221308,7,75.0,0.23543876340123268,4,163.0,0.21957775214532177,15,468.0
2655.0,16,67.0,0.6442307692307693,4.039119037570747,4,200.0,0.3197318613614957,4,94.0,0.28375645168119,8,183.0,0.1318024450512689,16,477.0
2660.0,16,60.0,0.5825242718446602,3.5834871395372283,3,201.0,0.2571699199004072,5,101.0,0.23321903200924501,8,178.0,0.11758039735825061,16,480.0
2665.0,21,71.0,0.6893203883495146,3.5486242164313855,9,216.0,0.1512982400486235,5,104.0,0.1865203110336036,7,139.0,0.144989798392784,21,459.0
2670.0,19,65.0,0.65,3.639015112447431,7,218.0,0.20145254327272913,6,84.0,0.28797471823638826,6,160.0,0.15758761382966607,19,462.0
2675.0,22,67.0,0.6504854368932039,3.6301618021884887,5,183.0,0.24335470698525116,6,88.0,0.3148815946244075,11,189.0,0.09162877826160479,22,460.0
2680.0,21,80.0,0.7547169811320755,3.6927072200071454,5,200.0,0.23198819622270064,6,88.0,0.2372916549702944,10,199.0,0.13272033006097383,21,487.0
2685.0,23,123.0,1.1941747572815533,4.000251188053304,8,232.0,0.1136602114939796,11,134.0,0.17160302653141737,4,162.0,0.22015032161303189,23,528.0
2690.0,23,140.0,1.4285714285714286,3.777526630694484,11,287.0,0.08811455049891664,8,141.0,0.2611701353218616,4,113.0,0.1882071724108783,23,541.0
2695.0,17,87.0,0.90625,4.13776534454194,9,291.0,0.15770503860920393,5,105.0,0.38317179785044514,3,124.0,0.24559809496760523,17,520.0
2700.0,21,96.0,0.9696969696969697,4.608387454872209,8,245.0,0.2639279941273732,5,109.0,0.3876974864363863,8,151.0,0.18543777952765844,21,505.0
2705.0,30,158.0,1.6631578947368422,3.6250108147485873,8,191.0,0.24775912858705865,8,137.0,0.20743894042901945,14,210.0,0.1869839793945559,30,538.0
2710.0,30,140.0,1.443298969072165,2.6972457625451844,6,214.0,0.15480541385241697,6,143.0,0.15988709917676613,18,246.0,0.09220937170521573,30,603.0
2715.0,30,121.0,1.315217391304348,3.7201562921582694,12,259.0,0.19994392363735936,2,111.0,0.31394140441823254,16,207.0,0.18497521965828778,30,577.0
2720.0,21,97.0,1.0210526315789474,4.394223252839232,7,262.0,0.2850391509206235,3,68.0,0.32873780257069596,11,209.0,0.2031361884543874,21,539.0
2725.0,13,46.0,0.46938775510204084,5.45697670463744,2,199.0,0.3833633726464791,2,56.0,0.557471087071737,9,227.0,0.19672625688371526,13,482.0
2730.0,17,51.0,0.5151515151515151,4.93907018072178,2,134.0,0.2921978348846385,2,53.0,0.3464111309125688,13,266.0,0.13868899477918514,17,453.0
2735.0,20,69.0,0.7040816326530612,3.7993840485845225,3,134.0,0.17748046010889595,9,77.0,0.1935769243695864,8,277.0,0.16121121635399674,20,488.0
2740.0,18,72.0,0.7578947368421053,4.141472743171243,6,158.0,0.24079070390438034,7,97.0,0.2627960782614863,5,215.0,0.18596745127573705,18,470.0
2745.0,13,27.0,0.29347826086956524,4.270612609947933,4,154.0,0.28123676572138584,5,74.0,0.30830656612009205,4,221.0,0.2303800376780226,13,449.0
2750.0,18,49.0,0.5212765957446809,4.495949853306564,7,104.0,0.2882866852193318,4,37.0,0.4248525060220277,7,245.0,0.1557816242994564,18,386.0
2755.0,11,31.0,0.3263157894736842,4.028409241023841,2,112.0,0.34776657454492926,1,44.0,0.3440034453357519,8,244.0,0.12588007713978472,11,400.0
2760.0,13,51.0,0.53125,4.316508658233556,4,114.0,0.19864622009030353,6,68.0,0.291868299899961,3,193.0,0.17500514372626844,13,375.0
2765.0,12,45.0,0.46875,4.240678801506202,5,115.0,0.10761391571268088,4,81.0,0.30805466172000556,3,130.0,0.21592356186715067,12,326.0
2770.0,10,33.0,0.3473684210526316,5.438926157078261,3,88.0,0.2737065897415101,4,67.0,0.41858839764788436,3,88.0,0.35183943000853585,10,243.0
2775.0,11,51.0,0.5204081632653061,5.885499026214042,5,101.0,0.2329927325555085,3,49.0,0.44252600943947834,3,59.0,0.35009977530001213,11,209.0
2780.0,16,109.0,1.1237113402061856,6.262145422967397,8,136.0,0.2847257151608007,3,50.0,0.5016370044678741,5,66.0,0.4076881520999645,16,252.0
2785.0,10,98.0,1.053763440860215,6.44976601856812,4,137.0,0.23205812268814902,0,22.0,0.5545500803012038,5,78.0,0.527821432361653,9,237.0
2790.0,15,126.0,1.4,6.4180690358413495,5,102.0,0.2063843974900739,5,30.0,0.43384047214757543,5,100.0,0.5709937229322595,15,232.0
2795.0,17,150.0,1.6304347826086956,5.672214819128408,6,118.0,0.14584568609054063,5,43.0,0.34627208707542156,6,128.0,0.5026856635252119,17,289.0
2800.0,14,64.0,0.7191011235955056,4.072032351107372,9,157.0,0.15059161310217042,3,36.0,0.21664258994820976,2,77.0,0.3377823991425095,14,270.0
2805.0,19,66.0,0.75,4.057328839226083,8,168.0,0.1796538183948424,3,32.0,0.19645440768425726,8,33.0,0.34469056251977603,19,233.0
2810.0,21,114.0,1.3255813953488371,4.183020698965762,4,107.0,0.16694767971172136,8,58.0,0.16743836627924513,9,69.0,0.22588718819094147,21,234.0
2815.0,20,88.0,1.1,3.5085362888798897,4,122.0,0.19863008764505943,10,85.0,0.19531745680634915,6,87.0,0.13601102919029992,20,294.0
2820.0,11,44.0,0.5432098765432098,4.993972057091149,8,146.0,0.17327368135936053,3,74.0,0.3185835160868772,0,57.0,0.49177980049824477,11,277.0
2825.0,12,39.0,0.46987951807228917,5.554300964663711,7,147.0,0.24129884454283854,2,47.0,0.31827159768858665,3,53.0,0.5024035205091953,12,247.0
2830.0,13,43.0,0.5180722891566265,5.40154519017477,4,99.0,0.24131114840294385,1,54.0,0.3576147910606949,8,85.0,0.4096971194267831,13,238.0
2835.0,15,53.0,0.6235294117647059,5.162181349125108,2,48.0,0.28138046676883616,7,74.0,0.3546857788393227,6,84.0,0.2484292148507093,15,206.0
2840.0,16,89.0,1.0595238095238095,5.457850011289587,2,35.0,0.3337785299610617,11,123.0,0.3415559161978073,3,47.0,0.28193242196111806,16,205.0
2845.0,20,105.0,1.1931818181818181,5.309955514576571,4,38.0,0.3214537006950454,13,155.0,0.24446886524735204,3,38.0,0.3097025089374592,20,231.0
2850.0,22,125.0,1.404494382022472,5.43032308049102,4,58.0,0.4417033710834053,11,156.0,0.22317923213708524,7,64.0,0.2887133001870753,22,278.0
2855.0,19,144.0,1.6941176470588235,5.528410350411642,5,80.0,0.5418816130636651,7,140.0,0.23504292953241004,7,75.0,0.29619398775188754,19,295.0
2860.0,10,122.0,1.4698795180722892,6.386487946765859,5,103.0,0.5452296858562613,3,143.0,0.33342398984547317,2,52.0,0.4200342551994967,10,298.0
2865.0,15,48.0,0.5853658536585366,4.5719518859984385,3,59.0,0.35161569006765414,7,145.0,0.23102622375434825,5,60.0,0.2749231219445079,15,264.0
2870.0,28,97.0,1.1686746987951808,3.523809895235518,9,43.0,0.15461421700776326,9,158.0,0.15602786332261237,10,93.0,0.19262414422408566,28,294.0
2875.0,32,170.0,2.207792207792208,3.3150458110082943,7,58.0,0.24248921936830914,9,143.0,0.14035199292669567,16,164.0,0.14533905573461972,32,365.0
2880.0,19,121.0,1.5316455696202531,3.986592073065316,1,45.0,0.3549520563166362,5,158.0,0.21829443081971883,13,201.0,0.16536551532835875,19,404.0
2885.0,22,88.0,1.035294117647059,5.112922995958523,2,14.0,0.3818730726097213,10,172.0,0.21628968439975524,10,179.0,0.2415233077632345,22,365.0
2890.0,14,57.0,0.6705882352941176,5.917545952442848,1,5.0,0.541423839687732,10,182.0,0.2355997914006591,3,116.0,0.28894945462191457,14,303.0
2895.0,10,24.0,0.2857142857142857,5.5331096211741295,2,10.0,0.5312819898545269,5,142.0,0.20055157450104052,3,131.0,0.3549446837760713,10,283.0
2900.0,14,41.0,0.4880952380952381,4.1163537663688725,3,16.0,0.3676968410484478,4,145.0,0.1535086929373793,7,157.0,0.28695160602216996,14,318.0
2905.0,24,83.0,1.0,3.471045052410183,7,30.0,0.31000668672183485,10,185.0,0.15278624303773974,7,158.0,0.23633818454543887,24,373.0
2910.0,24,101.0,1.2469135802469136,3.519808593325657,10,63.0,0.20489007524562022,11,194.0,0.14945496365067842,3,84.0,0.2595901619272519,24,341.0
2915.0,14,77.0,0.9166666666666666,5.1895931976509955,6,87.0,0.3401043973153615,7,159.0,0.21911746580325503,1,42.0,0.42040321561267413,14,288.0
2920.0,6,10.0,0.11904761904761904,6.187256644164855,2,68.0,0.49016045210381415,3,124.0,0.24702512645672617,1,17.0,0.5019434885047453,6,209.0
2925.0,12,32.0,0.38095238095238093,5.3036718800473075,3,73.0,0.3878806577202937,8,151.0,0.15423442634527515,1,16.0,0.5108675318943146,12,240.0
2930.0,19,66.0,0.7764705882352941,4.311031290823656,8,100.0,0.2507672701231001,7,153.0,0.14335394920204111,4,29.0,0.2810027811862926,19,282.0
2935.0,21,102.0,1.2289156626506024,4.405932673689986,8,117.0,0.2945451012710163,2,114.0,0.2015355507534415,11,71.0,0.2809738593694286,21,302.0
2940.0,13,60.0,0.7407407407407407,4.5019896994748025,5,117.0,0.3198326068932327,0,71.0,0.22158891054944832,8,92.0,0.2807390368074802,13,280.0
2945.0,13,54.0,0.6428571428571429,5.933648943726131,6,146.0,0.3098017192979053,1,51.0,0.3969630414675708,6,86.0,0.3949369797499253,13,283.0
2950.0,12,54.0,0.6428571428571429,6.600487803730888,6,144.0,0.3555016263167018,1,38.0,0.5131308108272223,5,81.0,0.45902257965634,12,263.0
2955.0,6,17.0,0.19767441860465115,6.42766182301555,3,108.0,0.36014617540339466,1,33.0,0.4281572709329339,2,81.0,0.4334197052428063,6,222.0
2960.0,19,62.0,0.7045454545454546,4.667043057332337,4,99.0,0.29065866387087813,6,55.0,0.21222630360230232,9,106.0,0.2193528693862902,19,260.0
2965.0,30,133.0,1.5113636363636365,3.2930367061046453,9,134.0,0.18627864975693414,14,110.0,0.11035478189794043,7,121.0,0.1540094285752761,30,365.0
2970.0,30,168.0,2.0,3.1769657304128507,13,191.0,0.08796768701740049,13,151.0,0.22361924254676582,4,99.0,0.1803762838389675,30,441.0
2975.0,19,106.0,1.2619047619047619,4.354834111020227,10,215.0,0.19658199691581418,6,142.0,0.27017403829085135,3,74.0,0.40103870439219663,19,431.0
2980.0,12,54.0,0.6136363636363636,6.031118117188785,5,163.0,0.2842450739609484,5,104.0,0.4300090794323409,2,56.0,0.45173302214191674,12,323.0
2985.0,13,62.0,0.6595744680851063,5.890582843652178,6,184.0,0.2576807732391623,4,78.0,0.4385365192633668,3,55.0,0.44943445909316365,13,317.0
2990.0,23,128.0,1.3473684210526315,5.180723441604592,11,224.0,0.1973803244587455,4,80.0,0.5456684311195994,8,80.0,0.3349924205901287,23,384.0
2995.0,33,263.0,2.955056179775281,3.7959718440295953,15,297.0,0.16071799314334276,5,85.0,0.22806816832971857,13,133.0,0.25749160826068884,33,515.0
3000.0,37,298.0,3.4651162790697674,2.200927628718507,16,324.0,0.1093990950623848,7,115.0,2.8914062150400237e-06,14,167.0,0.16098461594908334,37,606.0
3005.0,26,124.0,1.4252873563218391,3.58195338841356,13,286.0,0.14235580339121034,0,78.0,0.5774739656803277,13,167.0,0.1706308574283998,26,531.0
3010.0,20,86.0,0.9347826086956522,5.919019077725876,12,227.0,0.16389596470293477,0,4.0,0.8723223950955653,8,146.0,0.22527874557262054,20,377.0
3015.0,11,39.0,0.42391304347826086,6.525715574267896,7,208.0,0.3066521497479231,0,0.0,0.8734832222617168,4,164.0,0.23959351900063494,11,372.0
3020.0,16,64.0,0.7272727272727273,6.310275220881905,8,188.0,0.37187567405438354,0,0.0,0.7609140134615487,8,196.0,0.2092861752734374,16,384.0
3025.0,21,134.0,1.6341463414634145,5.926953699127752,6,161.0,0.4304231750249159,1,4.0,0.7087247678103712,14,254.0,0.1677453627746362,21,419.0
3030.0,18,107.0,1.3209876543209877,5.109224534230422,2,148.0,0.4450923750732572,1,9.0,0.6192138963045841,15,287.0,0.13385047743602202,18,444.0
3035.0,20,73.0,0.8902439024390244,5.039761414131095,8,145.0,0.29773054175070446,1,3.0,0.5771886051460476,11,265.0,0.1563839453846171,20,413.0
3040.0,20,71.0,0.8765432098765432,4.967989316798482,8,156.0,0.19615786744206354,3,14.0,0.418496404321949,9,220.0,0.2036966605098228,20,390.0
3045.0,12,58.0,0.7532467532467533,5.809838692132968,2,119.0,0.19384465483022278,7,43.0,0.46106718019432325,3,172.0,0.3155119508957994,12,334.0
3050.0,11,47.0,0.6103896103896104,6.431717984065237,4,111.0,0.2206836469075133,5,59.0,0.5085867776086224,2,118.0,0.4341775175861554,11,288.0
3055.0,11,43.0,0.5657894736842105,6.20709041443834,9,142.0,0.24690886592682068,1,48.0,0.4593239921676826,1,113.0,0.4115546606422478,11,303.0
3060.0,16,64.0,0.8767123287671232,5.802108454740776,7,150.0,0.3215946367611286,1,25.0,0.47206097544786124,8,139.0,0.38561460439743556,16,314.0
3065.0,14,51.0,0.68,5.515090380923983,6,106.0,0.35026116415946756,2,21.0,0.5819765909135652,6,142.0,0.32953624615279803,14,269.0
3070.0,12,43.0,0.5657894736842105,5.88293991504655,6,111.0,0.3741369899389918,2,27.0,0.7207602356860412,4,104.0,0.2913722060012506,12,242.0
3075.0,15,73.0,0.9125,4.970755348806328,9,147.0,0.21498030851806513,2,35.0,0.6128933619135405,4,120.0,0.25193334362789466,15,302.0
3080.0,18,58.0,0.7160493827160493,3.4986171661531795,8,146.0,0.12115359672156006,1,5.0,0.4820317395989531,9,148.0,0.15811984600805953,18,299.0
3085.0,16,46.0,0.5609756097560976,3.760819553514482,4,112.0,0.1860507713534205,4,12.0,0.35915115264524333,8,150.0,0.14711922639688493,16,274.0
3090.0,9,18.0,0.21428571428571427,4.3436174174683435,3,126.0,0.23096910151305405,0,18.0,0.5412848238342266,6,115.0,0.1533706100230154,9,259.0
3095.0,15,44.0,0.5057471264367817,5.250702087152442,10,159.0,0.21112236487376637,1,6.0,0.8057296905412452,4,124.0,0.2855947390008402,15,289.0
3100.0,19,72.0,0.8275862068965517,4.23387413409152,10,169.0,0.18710507971201143,1,7.0,0.6388822432350523,8,148.0,0.2128824228720797,19,324.0
3105.0,15,50.0,0.5747126436781609,3.640765608458669,7,133.0,0.1660145248466534,0,4.0,0.4436059373317725,8,158.0,0.14431565951610892,15,295.0
3110.0,13,37.0,0.43023255813953487,4.87814559093968,5,96.0,0.21420192886544753,2,9.0,0.7312185524191687,6,131.0,0.1620037948373261,13,236.0
3115.0,7,29.0,0.3333333333333333,5.974661648791928,2,74.0,0.2611996429110767,0,9.0,0.7382154240636177,5,81.0,0.2099889389399312,7,164.0
3120.0,4,30.0,0.33707865168539325,6.991571383991573,1,47.0,0.37832565013038816,1,5.0,0.8169477834234418,2,83.0,0.2677995535202311,4,135.0
3125.0,9,54.0,0.6352941176470588,6.261998913153683,1,40.0,0.4659170012102125,1,0.0,0.5427508757720096,7,107.0,0.22485303380748098,9,147.0
3130.0,21,129.0,1.5542168674698795,5.83638656603641,1,33.0,0.5654022024991328,6,16.0,0.456089261730185,14,161.0,0.12387717843064347,21,210.0
3135.0,19,124.0,1.5308641975308641,5.159536517437028,2,38.0,0.5859413503600037,3,28.0,0.3824712925450744,14,189.0,0.1411725642576859,19,255.0
3140.0,14,59.0,0.7195121951219512,6.480169840751251,0,3.0,0.6844185318069542,3,16.0,0.4491843560487272,11,170.0,0.23703739120503403,14,189.0
3145.0,15,61.0,0.7261904761904762,6.343558701131141,3,10.0,0.5187870356797512,4,19.0,0.4245694020336164,8,147.0,0.24042560117578235,15,176.0
3150.0,9,29.0,0.3625,5.7651478418899185,3,20.0,0.41399264382578477,1,17.0,0.4389463237577548,5,115.0,0.25319154799385085,9,152.0
3155.0,9,46.0,0.5822784810126582,7.088965304179784,1,17.0,0.4110067350603357,4,21.0,0.46143138378025345,4,106.0,0.37773670100503387,9,144.0
3160.0,10,54.0,0.6923076923076923,7.266793530012869,2,14.0,0.3864652018609101,4,34.0,0.3898066561026492,4,83.0,0.4619360929187889,10,131.0
3165.0,11,82.0,1.1388888888888888,7.478785578476177,5,33.0,0.43451325375369104,2,24.0,0.3243575784588802,4,87.0,0.5888601460637042,11,144.0
3170.0,8,88.0,1.2753623188405796,7.433829824603243,3,39.0,0.42802282010086334,0,17.0,0.3678486036759038,5,97.0,0.6383075857306089,8,153.0
3175.0,2,5.0,0.07246376811594203,7.659111419853123,2,24.0,0.45749863743201286,0,10.0,0.4845256985295164,0,47.0,0.5626358991794096,2,81.0
3180.0,5,14.0,0.21212121212121213,7.949917721401169,1,13.0,0.4963238350357344,0,3.0,0.6170701615499499,4,28.0,0.4271212938274293,5,44.0
3185.0,12,31.0,0.47692307692307695,6.382214061351252,6,29.0,0.3776976886958264,1,2.0,0.6531641536869105,5,42.0,0.27296339160541133,12,73.0
3190.0,6,15.0,0.23076923076923078,7.070907943223553,6,43.0,0.38918285197445496,0,2.0,0.7856362614156148,0,22.0,0.3678569785803954,6,67.0
3195.0,4,4.0,0.06060606060606061,7.553673866752117,3,29.0,0.3220763030066604,1,5.0,0.6731478257492759,0,0.0,0.5283600802544521,4,34.0
3200.0,10,22.0,0.3188405797101449,6.452457031763466,3,36.0,0.20843627618958827,4,19.0,0.5861945518370446,3,2.0,0.390160011999384,10,57.0
3205.0,17,66.0,0.9565217391304348,4.886122175007965,8,68.0,0.18384332120884533,2,18.0,0.356564829694344,7,26.0,0.29279376410734814,17,112.0
3210.0,23,109.0,1.703125,3.6492200056079986,9,88.0,0.19667833528164094,1,8.0,0.3386708686000943,13,77.0,0.23932043280622062,23,173.0
3215.0,21,155.0,2.3484848484848486,4.671483434271843,5,78.0,0.25658481049445053,0,4.0,0.6822268937928335,16,148.0,0.2409839627005135,21,230.0
3220.0,17,121.0,1.7536231884057971,5.0944990527551655,3,54.0,0.2741423463511751,1,5.0,0.611015904619421,13,185.0,0.17541618971284942,17,244.0
3225.0,10,45.0,0.6081081081081081,6.436154917628621,1,36.0,0.36314833426902454,3,16.0,0.6088278656370192,6,162.0,0.2539568737749472,10,214.0
3230.0,8,40.0,0.5333333333333333,7.282948957651257,2,30.0,0.3786237225251531,5,35.0,0.5637021847713871,1,91.0,0.42287620362980227,8,156.0
3235.0,9,39.0,0.52,6.960215100466585,7,52.0,0.24592748737618192,1,31.0,0.4807640313013725,1,54.0,0.5735303972696011,9,137.0
3240.0,16,81.0,1.1408450704225352,5.5542186958547735,14,108.0,0.16149268122536503,1,5.0,0.4154445304353026,1,26.0,0.4934531881795476,16,139.0
3245.0,27,185.0,2.5342465753424657,4.742446901293357,18,190.0,0.1572041342607647,3,9.0,0.2924867609080567,6,42.0,0.3787684978904773,27,241.0
3250.0,36,310.0,4.366197183098592,3.2743599483909516,23,291.0,0.07870308939380478,9,40.0,0.10585916100212424,4,46.0,0.32510727862479044,36,377.0
3255.0,36,334.0,4.911764705882353,3.13305288928764,20,349.0,0.08570792853580786,13,97.0,0.14205926642853212,3,22.0,0.3264017924073639,36,468.0
3260.0,24,238.0,3.449275362318841,4.359352037367612,13,323.0,0.16532165337719973,8,125.0,0.3059327546517296,3,31.0,0.29178839741102236,24,479.0
3265.0,21,120.0,1.6666666666666667,4.592667974033045,10,377.0,0.19002434736016877,2,93.0,0.3478298175466731,9,67.0,0.30705746488447067,21,537.0
3270.0,21,95.0,1.3013698630136987,4.735578293560797,14,437.0,0.19259604923090726,0,38.0,0.39161002565968533,7,83.0,0.37214844476182457,21,558.0
3275.0,15,53.0,0.7361111111111112,5.275212941118831,12,434.0,0.19114020790644126,0,19.0,0.7877292830415782,3,56.0,0.4576905520702608,15,509.0
3280.0,7,14.0,0.1917808219178082,6.065900817353343,7,351.0,0.17879056336116933,0,11.0,0.6469686880709752,0,22.0,0.5286546104342773,7,384.0
3285.0,9,18.0,0.23376623376623376,7.211702026974293,5,222.0,0.17085051632416615,4,19.0,0.6310557252894032,0,10.0,0.6752425044930902,9,251.0
3290.0,3,9.0,0.11842105263157894,7.814421936667836,1,153.0,0.30801868751825423,2,23.0,0.5976744856963043,0,0.0,0.6735490759701699,3,176.0
3295.0,5,10.0,0.13157894736842105,6.802210235072869,2,155.0,0.3479950080591817,0,6.0,0.46769773044480917,3,6.0,0.4774196914857752,5,167.0
3300.0,16,66.0,0.9295774647887324,5.934526965633114,9,184.0,0.3020631867840427,1,3.0,0.40957200121414683,6,30.0,0.3370963988233256,16,217.0
3305.0,14,62.0,0.9253731343283582,5.238399367215115,10,194.0,0.2467039723998774,1,8.0,0.5256077855801304,3,37.0,0.4283139532067894,14,239.0
3310.0,10,21.0,0.31343283582089554,5.185014533424872,8,155.0,0.20479639113260106,1,7.0,0.4901385497773129,1,24.0,0.4421720554933215,10,186.0
3315.0,16,55.0,0.7746478873239436,5.909212205760561,6,100.0,0.21387805225910847,7,35.0,0.44495693411380266,3,28.0,0.4901359614938982,16,163.0
3320.0,17,97.0,1.3661971830985915,4.884933804575001,3,104.0,0.23265415435930895,8,75.0,0.30974388963567623,6,46.0,0.4003221523018599,17,225.0
3325.0,21,117.0,1.6956521739130435,4.060321269886727,7,120.0,0.17945658566256206,6,88.0,0.16400846464555674,8,77.0,0.29372844453619174,21,285.0
3330.0,15,72.0,1.0588235294117647,4.301001057857867,8,129.0,0.2217982089035252,1,49.0,0.3189755870248725,6,92.0,0.341431425217106,15,270.0
3335.0,10,27.0,0.391304347826087,6.130168861482293,5,94.0,0.2635173327843246,1,15.0,0.7077793917205577,4,70.0,0.4345229874463512,10,179.0
3340.0,8,24.0,0.32432432432432434,6.576562605311286,4,52.0,0.24768492273427392,2,12.0,0.6561932178221077,2,46.0,0.45560770240981413,8,110.0
3345.0,6,27.0,0.3375,6.969298816975595,1,38.0,0.32330253001274,4,30.0,0.5699323525237557,1,36.0,0.4501598556116445,6,104.0
3350.0,10,26.0,0.3170731707317073,5.91575267487133,0,26.0,0.3779951067363078,3,31.0,0.3630441735774449,7,47.0,0.24448126111598495,10,104.0
3355.0,12,43.0,0.5584415584415584,5.387581018265109,6,49.0,0.3198300652425346,2,19.0,0.2510376098251879,4,60.0,0.2994625219928825,12,128.0
3360.0,12,34.0,0.4857142857142857,5.485572696357834,7,63.0,0.29444084487644656,1,17.0,0.507510064735328,4,45.0,0.3240105617693154,12,125.0
3365.0,7,34.0,0.4657534246575342,7.015747445969354,4,50.0,0.2734678837643436,1,18.0,0.7086721293632675,2,33.0,0.5033935607267281,7,101.0
3370.0,5,27.0,0.35064935064935066,6.4556446800464995,3,58.0,0.23016044013804393,1,20.0,0.7622280807779379,1,25.0,0.4803671965084003,5,103.0
3375.0,17,86.0,1.1025641025641026,5.237248655399963,10,94.0,0.16966912492486447,1,23.0,0.6847608322404841,6,44.0,0.35061955885047885,17,161.0
3380.0,17,88.0,1.1428571428571428,3.965644894853881,10,114.0,0.19263267266339185,2,30.0,0.41624735974127464,5,61.0,0.24638901502904098,17,205.0
3385.0,12,29.0,0.3625,4.300186067656942,9,106.0,0.18311268406113787,0,10.0,0.5603750311895214,3,49.0,0.25389378577236554,12,165.0
3390.0,13,49.0,0.5903614457831325,5.64479751871261,7,96.0,0.20899873419468595,2,13.0,0.7774394937163837,4,48.0,0.2572660634775048,13,157.0
3395.0,12,48.0,0.5581395348837209,5.107568474617281,2,95.0,0.22644137735083458,2,23.0,0.595539756575501,8,77.0,0.21003832125415914,12,195.0
3400.0,19,87.0,1.0357142857142858,3.7627217489964524,6,109.0,0.19591781616619924,6,42.0,0.19141126988327228,7,91.0,0.1557630532794138,19,242.0
3405.0,15,46.0,0.5822784810126582,3.684155423757861,7,120.0,0.13865145394418255,4,54.0,0.29651147421398083,4,65.0,0.16605845576177997,15,239.0
3410.0,8,19.0,0.24050632911392406,6.1937211520272575,5,97.0,0.2719880069149239,1,24.0,0.6486799259839999,2,51.0,0.3210544806484337,8,172.0
3415.0,3,15.0,0.18518518518518517,7.508024612779486,1,55.0,0.3666789301934017,0,16.0,0.6113103751031901,2,30.0,0.40030575397822693,3,101.0
3420.0,9,23.0,0.2804878048780488,6.717007119613324,2,30.0,0.34668429181400645,5,34.0,0.5111088739866653,2,20.0,0.33170807919377726,9,84.0
3425.0,13,47.0,0.5949367088607594,5.726844901063464,1,11.0,0.3862942782562204,4,41.0,0.3210878288425409,8,46.0,0.21265134444684797,13,98.0
3430.0,11,36.0,0.47368421052631576,4.967539122080942,2,9.0,0.356815050417874,1,17.0,0.3048938723220075,8,73.0,0.2388340331031832,11,99.0
3435.0,13,43.0,0.5733333333333334,6.2797163054334675,8,35.0,0.39257649710431136,1,14.0,0.46299282507148615,4,59.0,0.3469084322793532,13,108.0
3440.0,11,31.0,0.4189189189189189,5.768999959826928,5,48.0,0.37048180786225327,2,15.0,0.5986333858013385,4,64.0,0.30312600534425627,11,127.0
3445.0,16,50.0,0.6578947368421053,4.681952525542147,3,37.0,0.2932083438977639,3,9.0,0.5093446817977496,10,102.0,0.17199544317739945,16,148.0
3450.0,17,76.0,0.987012987012987,4.198903337027726,3,31.0,0.27557377015808915,6,33.0,0.3446886283187065,8,122.0,0.12014119023502562,17,186.0
3455.0,15,82.0,1.025,4.861453222946994,0,26.0,0.30254576075357914,10,78.0,0.35519031427937864,5,97.0,0.15355966618394062,15,201.0
3460.0,16,63.0,0.7777777777777778,4.646445666882523,8,54.0,0.12416192780689227,6,91.0,0.34274164539663843,2,57.0,0.21396981224755784,16,202.0
3465.0,12,39.0,0.47560975609756095,6.345188762725818,7,77.0,0.2445397690739817,5,63.0,0.4504253499447938,0,37.0,0.4141709940493905,12,177.0
3470.0,6,23.0,0.2911392405063291,7.328779044756158,2,59.0,0.3823872057848345,4,42.0,0.5510256582065763,0,14.0,0.4495960072546791,6,115.0
3475.0,6,42.0,0.5316455696202531,8.568333076694417,0,29.0,0.4737148789626952,4,52.0,0.6342054245309073,2,8.0,0.5613410563890946,6,89.0
3480.0,7,63.0,0.7974683544303798,8.039151403922002,1,30.0,0.4330345730328784,5,63.0,0.6162486147373806,1,5.0,0.5620844793676485,7,98.0
3485.0,18,126.0,1.5949367088607596,6.067074899017526,7,51.0,0.2969404986801329,5,86.0,0.4823659852320308,6,22.0,0.40018770826126615,18,159.0
3490.0,12,39.0,0.5064935064935064,4.078724822008743,6,67.0,0.258690494778413,1,52.0,0.21666811410287717,5,37.0,0.28704275534569984,12,156.0
3495.0,15,40.0,0.5194805194805194,4.756268899467646,7,62.0,0.15958136720453706,6,27.0,0.4541775825532443,2,33.0,0.24760355856377528,15,122.0
3500.0,7,23.0,0.2839506172839506,6.420459178948336,3,51.0,0.26300619965543637,2,38.0,0.5425608911146395,2,20.0,0.29340076729449593,7,109.0
3505.0,7,34.0,0.425,7.790622874636372,2,41.0,0.4845461718753618,3,22.0,0.653091323538018,2,23.0,0.4072548881798848,7,86.0
3510.0,14,86.0,1.075,7.655736828883647,3,37.0,0.5768726348390387,3,33.0,0.6704004895867626,8,51.0,0.32342595904656585,14,121.0
3515.0,14,116.0,1.4683544303797469,7.400347145686747,3,41.0,0.6279481782064158,3,48.0,0.6707295167534535,8,76.0,0.277330742492423,14,165.0
3520.0,10,79.0,1.025974025974026,6.942755955967743,1,17.0,0.5180773067039136,4,67.0,0.5887652421647703,5,67.0,0.25870669588404005,10,151.0
3525.0,11,34.0,0.43037974683544306,6.352721795535169,7,31.0,0.2152796954402006,1,30.0,0.6577917484221362,3,52.0,0.26603178211880096,11,113.0
3530.0,19,99.0,1.32,6.019649925618229,14,86.0,0.0654453588582413,4,21.0,0.4988641548656174,1,42.0,0.3694203174345216,19,149.0
3535.0,16,93.0,1.3285714285714285,5.486362395223463,13,128.0,0.09241255801344242,3,30.0,0.35432541419333,0,23.0,0.48808371917924087,16,181.0
3540.0,6,27.0,0.38028169014084506,8.183010844482816,5,119.0,0.34573415319789597,0,24.0,0.6335317361936764,1,19.0,0.6368312182544783,6,162.0
3545.0,1,1.0,0.014492753623188406,9.09762270381778,0,64.0,0.5953923762710895,0,9.0,0.7490230361195109,1,16.0,0.4862291952224579,1,89.0
3550.0,6,19.0,0.27941176470588236,8.157193290165281,0,22.0,0.5213160635273293,0,4.0,0.6754489347853577,6,31.0,0.3243204995431506,6,57.0
3555.0,10,24.0,0.3870967741935484,6.170206824828857,2,25.0,0.47983925277242034,3,13.0,0.3798166846478296,5,43.0,0.14788645583308385,10,81.0
3560.0,10,37.0,0.6491228070175439,4.736647366526105,7,50.0,0.19009962129155075,2,27.0,0.2863651001905468,1,29.0,0.21729112330891262,10,106.0
3565.0,18,90.0,1.5254237288135593,5.2926859069146985,13,105.0,0.1683561436908548,0,10.0,0.4687845697389464,5,40.0,0.37415353469206103,18,155.0
3570.0,20,118.0,1.9666666666666666,6.05299688672851,10,128.0,0.27318384144068164,0,4.0,0.5958247348574152,10,77.0,0.4079317344185391,20,209.0
3575.0,16,119.0,2.087719298245614,5.460179778909753,4,92.0,0.34826361675929757,0,4.0,0.5637333808552967,12,136.0,0.24749717234381705,16,232.0
3580.0,17,96.0,1.6271186440677967,4.3974079256761325,1,83.0,0.2900741062050995,3,15.0,0.4783337527062498,13,161.0,0.12918153566212284,17,259.0
3585.0,13,48.0,0.7741935483870968,5.678521691273553,7,105.0,0.29056747779773096,0,13.0,0.6373114508808316,6,137.0,0.2425630706066716,13,255.0
3590.0,8,26.0,0.41935483870967744,6.947293130903159,8,115.0,0.24939277595756237,0,2.0,0.8380423789741205,0,67.0,0.5102607432107502,8,184.0
3595.0,5,12.0,0.18181818181818182,8.091835683561017,5,86.0,0.30169508397554506,0,4.0,0.8743876127087282,0,32.0,0.585317070035379,5,122.0
3600.0,4,16.0,0.23880597014925373,9.597777211443253,3,43.0,0.4653527278512774,0,2.0,0.8581680217448054,1,13.0,0.6441409295305286,4,58.0
