step,system_total_stopped,system_total_waiting_time,system_mean_waiting_time,system_mean_speed,A0_stopped,A0_accumulated_waiting_time,A0_average_speed,B0_stopped,B0_accumulated_waiting_time,B0_average_speed,C0_stopped,C0_accumulated_waiting_time,C0_average_speed,agents_total_stopped,agents_total_accumulated_waiting_time
5.0,0,0.0,0.0,7.781566000145138,0,0.0,0.4725608933805794,0,0.0,0.5536454829615367,0,0.0,0.5833085122089949,0,0.0
10.0,1,0.0,0.0,11.438575242814084,1,0.0,0.6071793583702836,0,0.0,0.9566261134250028,0,0.0,0.8261359358880853,1,0.0
15.0,0,0.0,0.0,9.8434738070522,0,0.0,0.6186168481415291,0,0.0,0.33490328353771903,0,0.0,0.5635603782218507,0,0.0
20.0,1,0.0,0.0,11.180541619666675,1,0.0,0.7527164957634515,0,0.0,0.962435855503973,0,0.0,0.780277864788602,1,0.0
25.0,12,5.0,0.2,5.638106127526353,4,2.0,0.42429743111281026,3,1.0,0.3827392205759502,5,2.0,0.2752862854525645,12,5.0
30.0,4,23.0,0.8518518518518519,8.387141837188214,0,0.0,0.6999134287682038,2,11.0,0.6101004062089748,2,12.0,0.5667102713280808,4,23.0
35.0,5,25.0,0.8333333333333334,8.277516368945316,3,4.0,0.5156033116511216,2,21.0,0.5070455143338264,0,0.0,0.6779255975308268,5,25.0
40.0,5,42.0,1.1666666666666667,7.390096103024515,0,7.0,0.45919530638261047,4,39.0,0.14224103769791116,1,3.0,0.5170937887939809,5,49.0
45.0,4,59.0,1.6857142857142857,8.594111703548593,0,0.0,0.6140880265094649,4,61.0,0.418514994262967,0,4.0,0.6959501210407251,4,65.0
50.0,9,84.0,2.0,6.724611694431017,1,0.0,0.48202536613442315,6,86.0,0.44986193363777766,2,2.0,0.49424168908361316,9,88.0
55.0,10,116.0,2.697674418604651,6.992499683051233,2,2.0,0.5732800870583903,6,116.0,0.5684988775050464,2,2.0,0.4249808139447218,10,120.0
60.0,11,40.0,0.9090909090909091,6.4361805600024296,5,17.0,0.301052861632125,1,69.0,0.4223738916514081,5,21.0,0.37486952713625693,11,107.0
65.0,5,19.0,0.3877551020408163,6.392905231069016,3,25.0,0.3255069023643968,2,12.0,0.2895049754115202,0,21.0,0.5011863224831709,5,58.0
70.0,8,36.0,0.8,8.093247092690282,1,17.0,0.4903807519053483,7,42.0,0.4216052607563275,0,0.0,0.7893299353686625,8,59.0
75.0,13,82.0,1.7083333333333333,7.113521614039025,1,5.0,0.471205062805226,10,82.0,0.45896225838598986,2,4.0,0.37708372338320106,13,91.0
80.0,11,133.0,2.7142857142857144,7.084060995840964,1,6.0,0.5336107783926383,8,122.0,0.4177320453766763,2,14.0,0.5386931934301337,11,142.0
85.0,17,61.0,1.1296296296296295,4.359481042278638,7,20.0,0.2563208708228056,8,119.0,0.1622867259303071,2,0.0,0.3437480807220679,17,139.0
90.0,13,65.0,1.25,6.124264987115558,7,51.0,0.36797485941935265,5,75.0,0.23020807974147894,1,6.0,0.7530976305397534,13,132.0
95.0,9,60.0,1.2244897959183674,6.223621472098982,7,71.0,0.3639027343887875,2,39.0,0.3224878268171278,0,2.0,0.7413743948906817,9,112.0
100.0,12,33.0,0.5689655172413793,6.1481866196135275,8,78.0,0.3588869902924805,2,32.0,0.4583810657736971,2,8.0,0.6600681962735198,12,118.0
105.0,12,60.0,1.0,7.7281921882074105,4,66.0,0.40487403980558556,6,54.0,0.5244936048943516,2,16.0,0.7089518965525076,12,136.0
110.0,10,41.0,0.6307692307692307,5.650084246774498,4,67.0,0.34635496014434897,3,61.0,0.42846302751449883,3,4.0,0.30145939506044644,10,132.0
115.0,14,83.0,1.2205882352941178,7.027674033592,5,68.0,0.4570590060112076,2,36.0,0.4394600987531538,7,28.0,0.3989298918918175,14,132.0
120.0,13,131.0,2.046875,6.331925191645649,4,75.0,0.4864446371431509,2,28.0,0.32689906561900517,7,62.0,0.3765270908782119,13,165.0
125.0,21,226.0,3.2753623188405796,6.116652493400026,6,98.0,0.5512266098745666,7,55.0,0.2322013999455437,8,101.0,0.3129615527893125,21,254.0
130.0,18,167.0,2.5692307692307694,3.9455945542417514,3,58.0,0.33993005646650354,5,59.0,0.15326870844556278,10,146.0,0.20882208331203136,18,263.0
135.0,18,99.0,1.4142857142857144,4.517032095662532,6,23.0,0.31025896684477877,5,45.0,0.1437367261354525,7,153.0,0.2607122011913629,18,221.0
140.0,10,27.0,0.391304347826087,5.974068466312142,5,39.0,0.36713347487430903,4,58.0,0.2788692506286069,1,83.0,0.5222383325013308,10,180.0
145.0,19,41.0,0.5616438356164384,5.087569368166616,6,35.0,0.31145259122584384,8,88.0,0.25903124388461307,5,66.0,0.270754819796431,19,189.0
150.0,14,54.0,0.75,4.966971703572376,1,22.0,0.33471503626781474,5,102.0,0.2767663934026934,8,94.0,0.22048560500829892,14,218.0
155.0,21,115.0,1.6428571428571428,5.4569281887687815,5,35.0,0.3070964581655371,4,93.0,0.2649605047115181,12,149.0,0.3130219019753886,21,277.0
160.0,21,170.0,2.4285714285714284,4.884819822578741,3,37.0,0.3637310514503683,5,79.0,0.1845661837265702,13,212.0,0.32746986595909794,21,328.0
165.0,13,116.0,1.7313432835820894,5.374867683782859,1,23.0,0.41391651854250044,3,72.0,0.3580122568834576,9,205.0,0.35975283246730144,13,300.0
170.0,8,34.0,0.4473684210526316,5.201874994175866,1,18.0,0.41149805594762623,3,75.0,0.3161243207010468,4,135.0,0.297686513419265,8,228.0
175.0,14,71.0,0.9102564102564102,6.4106883880192544,5,29.0,0.27685825872025444,4,72.0,0.5143964531383631,5,58.0,0.40647827054107194,14,159.0
180.0,13,100.0,1.3157894736842106,5.943937235413371,5,41.0,0.18210657307499845,6,84.0,0.5790280813087737,2,37.0,0.35502548276697476,13,162.0
185.0,13,145.0,1.7682926829268293,6.665253225009961,3,34.0,0.2986358832842458,6,107.0,0.58338389416845,4,46.0,0.36412659222287436,13,187.0
190.0,10,136.0,1.6790123456790123,5.988045636715444,1,21.0,0.3648048915874905,6,134.0,0.4658557359867477,3,27.0,0.35635390414899254,10,182.0
195.0,16,57.0,0.6477272727272727,5.3419983693043855,6,37.0,0.2933106326152187,3,91.0,0.27907283074981154,7,39.0,0.30760997020597974,16,167.0
200.0,15,53.0,0.6463414634146342,5.1070385377704675,4,36.0,0.3442148190642298,5,82.0,0.18459087443574046,6,50.0,0.3606190653005886,15,168.0
205.0,24,70.0,0.8536585365853658,4.672077204004749,5,24.0,0.2307064468441664,13,69.0,0.2841752759866639,6,43.0,0.2203248389407272,24,136.0
210.0,20,70.0,0.8641975308641975,5.853209574767253,5,32.0,0.2459083818809024,10,97.0,0.3832961295749908,5,61.0,0.33508992762608064,20,190.0
215.0,11,49.0,0.620253164556962,5.5122616854136135,1,25.0,0.33351271812987,4,83.0,0.2726495576634608,6,88.0,0.28115318902959785,11,196.0
220.0,11,42.0,0.5060240963855421,4.43813109286168,4,39.0,0.27603513453989964,3,79.0,0.16957061744838922,4,94.0,0.2209322959670856,11,212.0
225.0,15,61.0,0.8026315789473685,5.32003386555378,4,50.0,0.3276724824782567,9,103.0,0.25166133297678883,2,71.0,0.3168166667018747,15,224.0
230.0,20,111.0,1.4050632911392404,4.642683233995887,4,44.0,0.24012703971873584,14,164.0,0.2561497773915213,2,65.0,0.227812148928584,20,273.0
235.0,20,102.0,1.3246753246753247,4.70496484662509,4,44.0,0.23245974863588922,10,181.0,0.2986084746051381,6,81.0,0.2873573721816167,20,306.0
240.0,18,99.0,1.337837837837838,4.34163925913123,5,69.0,0.2234681819807364,5,131.0,0.17164243227049103,8,116.0,0.2735945678343982,18,316.0
245.0,16,69.0,0.8734177215189873,4.769931272578018,4,68.0,0.26589827331015076,5,82.0,0.25172269079758247,7,121.0,0.30406516218194934,16,271.0
250.0,8,26.0,0.35135135135135137,5.710782456404735,2,37.0,0.3253479088021023,2,86.0,0.45691974819113607,4,96.0,0.33916932326793414,8,219.0
255.0,13,49.0,0.5975609756097561,5.560114269647515,0,39.0,0.29592168910929845,7,114.0,0.3577069892152869,6,77.0,0.26609272793758854,13,230.0
260.0,20,100.0,1.25,4.688156784758469,6,52.0,0.18786594842509838,10,158.0,0.245081732765652,4,93.0,0.3559144632978376,20,303.0
265.0,33,184.0,2.216867469879518,2.8145794336120575,7,66.0,0.09601555512742711,18,226.0,0.008421447264509626,8,114.0,0.2000899366219171,33,406.0
270.0,27,197.0,2.5256410256410255,3.9338923911675945,4,59.0,0.20071531784399937,14,262.0,0.1712885946241728,9,157.0,0.25331869127284656,27,478.0
275.0,14,110.0,1.4666666666666666,4.385911196260268,3,45.0,0.2187256825948818,5,211.0,0.2891702214608691,6,164.0,0.27910365984853774,14,420.0
280.0,15,84.0,1.0,5.681016707596653,4,52.0,0.317955208387071,5,136.0,0.359720725394516,6,129.0,0.39640233985318607,15,317.0
285.0,11,94.0,1.0930232558139534,6.832717937295605,4,66.0,0.41784174074018615,3,91.0,0.4371419858798456,4,100.0,0.40116757127044506,11,257.0
290.0,6,32.0,0.3595505617977528,5.706151534433755,1,34.0,0.3480791108771842,4,78.0,0.384429925389301,1,90.0,0.315743793323794,6,202.0
295.0,12,37.0,0.42528735632183906,5.860605632785572,6,30.0,0.27892855123010124,1,58.0,0.4382204537201167,5,104.0,0.2468726444347237,12,192.0
300.0,17,53.0,0.6708860759493671,4.631333282145992,6,51.0,0.21743397100294015,7,69.0,0.24161859857058343,4,102.0,0.25315125607033173,17,222.0
305.0,14,40.0,0.49382716049382713,4.941795551876813,4,45.0,0.25056415160147266,6,83.0,0.30889454978149866,4,79.0,0.2921784249430048,14,207.0
310.0,7,10.0,0.12048192771084337,5.4756894278792005,3,49.0,0.28729767987472354,3,56.0,0.3858795180950207,1,62.0,0.42420864419203624,7,167.0
315.0,15,49.0,0.532608695652174,5.112812420377141,8,78.0,0.22384839009778476,3,51.0,0.3572227008339532,4,73.0,0.2121475003372678,15,202.0
320.0,16,44.0,0.5,4.788365529896179,5,83.0,0.29305458616341123,7,70.0,0.2383588906585595,4,64.0,0.2867090851446978,16,217.0
325.0,18,34.0,0.38202247191011235,4.6750702994639814,7,51.0,0.17406223063109907,6,87.0,0.3673810761610699,5,30.0,0.22438947281627386,18,168.0
330.0,15,26.0,0.2857142857142857,4.979563356992707,5,64.0,0.2239266543374703,8,76.0,0.32048804841633066,2,38.0,0.40734561217623416,15,178.0
335.0,16,50.0,0.5319148936170213,4.668312972002692,10,99.0,0.16104253110590044,3,82.0,0.3121791168996559,3,51.0,0.259823491119859,16,232.0
340.0,17,51.0,0.5257731958762887,4.394440955480156,7,113.0,0.16920448637353955,6,84.0,0.2516493513211967,4,57.0,0.23161141481538944,17,254.0
345.0,19,81.0,0.9204545454545454,5.359394838857876,3,83.0,0.23517953701984756,12,133.0,0.34387492477063736,4,48.0,0.3234768991637639,19,264.0
350.0,21,149.0,1.6555555555555554,5.028917118193891,4,97.0,0.11005126966957547,16,205.0,0.26776957066044504,1,41.0,0.27636976213703934,21,343.0
355.0,29,268.0,3.0454545454545454,4.706649690218655,8,128.0,0.12742287555387194,18,291.0,0.12995782881437276,3,32.0,0.4629108797720552,29,451.0
360.0,30,275.0,3.3132530120481927,4.024781611305092,10,172.0,0.06156657915497836,19,330.0,0.11855757588299873,1,19.0,0.5186788538582114,30,521.0
365.0,25,173.0,2.011627906976744,4.703274768912023,8,183.0,0.2102766210308223,12,269.0,0.21444379417832207,5,35.0,0.389070843875357,25,487.0
370.0,11,59.0,0.7023809523809523,5.187854627866471,7,155.0,0.29759038796863235,1,260.0,0.3290194455600014,3,34.0,0.3907226932867565,11,449.0
375.0,17,51.0,0.5730337078651685,4.6622943546086635,7,190.0,0.20209532230447533,7,274.0,0.310517186838329,3,27.0,0.2451066181397335,17,491.0
380.0,23,67.0,0.7282608695652174,4.423715326475782,11,236.0,0.16012459638159826,8,261.0,0.25749178644038595,4,29.0,0.3419171181183513,23,526.0
385.0,30,103.0,1.1318681318681318,3.6793460300089027,12,255.0,0.14859083683817267,9,194.0,0.19934004427209828,9,53.0,0.28065550756713714,30,502.0
390.0,29,167.0,1.835164835164835,5.110130697007893,6,242.0,0.2998282543536336,14,159.0,0.26708431643416486,9,95.0,0.4090461985720475,29,496.0
395.0,24,115.0,1.2637362637362637,3.8663005819984457,7,256.0,0.2946597414630166,9,179.0,0.21913232197254962,8,106.0,0.23778494034560263,24,541.0
400.0,24,94.0,0.9306930693069307,4.414259393036293,8,289.0,0.16501373142071615,9,176.0,0.22766694586627362,7,82.0,0.2609651331684353,24,547.0
405.0,18,102.0,1.0515463917525774,4.608979913092365,6,285.0,0.13338838681660228,8,170.0,0.27579757890669665,4,102.0,0.31895793394353333,18,557.0
410.0,19,67.0,0.6907216494845361,4.632546193277281,4,208.0,0.14328775118350437,9,170.0,0.30039113876488427,6,127.0,0.24104360807396027,19,505.0
415.0,17,59.0,0.6483516483516484,4.598670210637869,3,216.0,0.26266393264843707,11,136.0,0.2561104413065066,3,127.0,0.34967850627832864,17,479.0
420.0,23,110.0,1.1702127659574468,4.801150272347208,7,241.0,0.21458523914492916,15,146.0,0.21883136629930097,1,89.0,0.40414406050032475,23,476.0
425.0,17,92.0,0.9583333333333334,4.6313668151311935,3,223.0,0.2854702009237641,12,183.0,0.21767236598518,2,83.0,0.34401112937721007,17,489.0
430.0,17,77.0,0.8020833333333334,5.120710655088206,2,162.0,0.3128395635697513,10,181.0,0.2349215574382583,5,105.0,0.26602167872461036,17,448.0
435.0,13,57.0,0.6063829787234043,5.198860350459257,2,121.0,0.2664377920072445,8,160.0,0.28751778978288334,3,101.0,0.22752297121881293,13,382.0
440.0,12,47.0,0.5164835164835165,5.181914882068695,4,125.0,0.2034806318656326,8,176.0,0.3034632883531623,0,52.0,0.3709018770979296,12,353.0
445.0,28,79.0,0.8494623655913979,4.8131203223502546,11,159.0,0.18379811753165617,13,180.0,0.2201637920000934,4,16.0,0.37855084206177003,28,355.0
450.0,16,64.0,0.6956521739130435,5.3926747126954835,7,165.0,0.2479998919190724,8,185.0,0.26636736501538993,1,17.0,0.5724890084808635,16,367.0
455.0,15,46.0,0.5054945054945055,5.5737304792993925,2,103.0,0.2937221134216962,8,164.0,0.28314545670424657,5,31.0,0.3069734856835277,15,298.0
460.0,18,48.0,0.5274725274725275,4.04029404636285,6,123.0,0.16813149738760227,8,163.0,0.21942489079692384,4,35.0,0.17425473035246852,18,321.0
465.0,19,70.0,0.7865168539325843,4.264501135007954,7,157.0,0.21789318011684614,10,164.0,0.19278222252102134,2,31.0,0.4265857018129361,19,352.0
470.0,15,51.0,0.5425531914893617,3.870499553805393,5,148.0,0.18283463522704574,10,175.0,0.15203678341194649,0,17.0,0.41288030166502804,15,340.0
475.0,19,69.0,0.7340425531914894,5.680751550813638,3,95.0,0.2736599525285203,14,184.0,0.22499642454956476,2,18.0,0.6068287927781811,19,297.0
480.0,13,46.0,0.5111111111111111,5.030584814139603,2,53.0,0.20805011788899141,9,210.0,0.19087129969974392,2,7.0,0.47310402494965226,13,270.0
485.0,19,85.0,0.9042553191489362,5.035197769075992,4,51.0,0.31017170852454923,10,204.0,0.19012939898869272,5,24.0,0.3381251698999549,19,279.0
490.0,28,194.0,2.108695652173913,4.680746152028524,4,50.0,0.410368867722161,15,221.0,0.11865573742506452,9,60.0,0.4476927311343339,28,331.0
495.0,28,190.0,2.0652173913043477,4.036808289199971,5,66.0,0.4482037761946267,17,261.0,0.11637131465935564,6,68.0,0.33866820690030214,28,395.0
500.0,17,91.0,0.9891304347826086,5.3035776705324205,2,38.0,0.49938402787710795,13,236.0,0.1919267552655115,2,37.0,0.39797239858043437,17,311.0
505.0,20,60.0,0.631578947368421,5.5531172440072005,8,23.0,0.3029952032541234,6,251.0,0.2727789826979287,6,23.0,0.3512884556848937,20,297.0
510.0,22,95.0,1.0555555555555556,5.12560672033036,12,66.0,0.21488316976197194,10,267.0,0.2717611231267415,0,9.0,0.5585365313780284,22,342.0
515.0,22,88.0,0.9777777777777777,4.210495714225469,9,96.0,0.17437976161784832,8,254.0,0.1772955297467485,5,15.0,0.4164294188196697,22,365.0
520.0,19,68.0,0.7157894736842105,4.803890584259646,7,90.0,0.24707334670806388,10,199.0,0.17606224717239644,2,28.0,0.39791480435516136,19,317.0
525.0,20,95.0,1.0795454545454546,5.3785834221249935,6,87.0,0.2637112541567631,14,178.0,0.24387755065306466,0,13.0,0.44550093585008227,20,278.0
530.0,20,103.0,1.1318681318681318,4.772964724669286,6,115.0,0.15872689804471266,12,208.0,0.24048817723742785,2,16.0,0.238111515908048,20,339.0
535.0,28,138.0,1.550561797752809,4.255650880701981,8,153.0,0.23801580209738663,14,218.0,0.15358419165531162,6,40.0,0.47168667753865257,28,411.0
540.0,39,267.0,3.0689655172413794,3.9634209333956063,12,202.0,0.2283553493609431,20,228.0,0.14584745905929955,7,73.0,0.4703088371047731,39,503.0
545.0,33,304.0,3.2,4.249503218945377,10,202.0,0.3150825931995632,19,301.0,0.17596617744471912,4,69.0,0.39602379576993135,33,572.0
550.0,30,225.0,2.3684210526315788,4.7611709443734505,10,197.0,0.32585344255643844,19,327.0,0.2196300604975513,1,45.0,0.4582902595578208,30,569.0
555.0,24,145.0,1.4356435643564356,4.690302079304253,10,214.0,0.18293406393473366,12,306.0,0.27897045825901556,2,16.0,0.32573012677578883,24,536.0
560.0,24,125.0,1.25,5.545228148862022,14,274.0,0.12891180907794886,8,265.0,0.30267775217271065,2,17.0,0.528349865010262,24,556.0
565.0,25,100.0,1.0416666666666667,4.021308442283218,15,313.0,0.07390062278813436,8,262.0,0.20827960044296026,2,2.0,0.37036922353285373,25,577.0
570.0,22,88.0,0.9565217391304348,4.798122854141812,5,289.0,0.24914034284398634,12,274.0,0.21723344350930404,5,22.0,0.3632537207633852,22,585.0
575.0,21,104.0,1.1428571428571428,4.479099874090125,2,283.0,0.26956054696888254,16,300.0,0.14047947095222427,3,38.0,0.4542374980933832,21,621.0
580.0,30,204.0,2.1030927835051547,4.738775337164797,8,313.0,0.2282210801905818,19,358.0,0.1786899027853761,3,20.0,0.5293574310755783,30,691.0
585.0,26,188.0,2.021505376344086,4.227910684260246,7,301.0,0.16852040658697748,18,394.0,0.2125274910952871,1,13.0,0.548732535360106,26,708.0
590.0,21,114.0,1.175257731958763,4.628393476747634,4,233.0,0.138703744250532,12,350.0,0.2786146610140319,5,27.0,0.28257316923752096,21,610.0
595.0,17,77.0,0.8461538461538461,5.794131657868839,5,174.0,0.2581792266337449,8,241.0,0.306763738551109,4,38.0,0.34986714635285127,17,453.0
600.0,17,75.0,0.8620689655172413,5.581470974707797,5,156.0,0.23916206345400334,10,260.0,0.32063806032085523,2,31.0,0.35877717725090896,17,447.0
605.0,15,54.0,0.6067415730337079,5.645253666915286,3,137.0,0.33944161607867235,12,263.0,0.22512382660430838,0,29.0,0.5142330712222628,15,429.0
610.0,19,71.0,0.797752808988764,5.732174617997601,3,145.0,0.386703736201034,12,259.0,0.19567696701446669,4,45.0,0.46394245603627593,19,449.0
615.0,16,46.0,0.5287356321839081,4.591887588684992,5,144.0,0.3148052487524405,6,218.0,0.15771200223976362,5,52.0,0.25840434277853763,16,414.0
620.0,16,76.0,0.9156626506024096,5.6310555876386195,3,121.0,0.24522408822806538,10,163.0,0.2937637612722513,3,39.0,0.36003956916897567,16,323.0
625.0,22,126.0,1.4651162790697674,5.739477813118809,3,102.0,0.20290464790363621,14,211.0,0.3128760421434073,5,31.0,0.2510822215974526,22,344.0
630.0,24,129.0,1.5542168674698795,5.114313327792168,5,116.0,0.22290784182384002,14,223.0,0.14813235572386957,5,48.0,0.3365682451606059,24,387.0
635.0,24,132.0,1.8082191780821917,4.152268260384055,7,147.0,0.2074142511978228,14,206.0,0.12805615678028676,3,50.0,0.36594218533250505,24,403.0
640.0,22,103.0,1.3037974683544304,4.529254622739363,8,155.0,0.23827325534703547,11,253.0,0.22281508230665803,3,28.0,0.4845166552211616,22,436.0
645.0,19,84.0,1.024390243902439,5.927465507261096,6,128.0,0.29318860089821774,11,277.0,0.3196674862320234,2,28.0,0.5817447661565266,19,433.0
650.0,20,81.0,0.9529411764705882,4.454573101449464,7,156.0,0.17450213853768962,8,267.0,0.18282762637857133,5,46.0,0.27148232117009574,20,469.0
655.0,25,87.0,1.0740740740740742,3.7535290738643474,10,199.0,0.21012648515662716,12,236.0,0.1103737028710903,3,46.0,0.5442514514660127,25,481.0
660.0,25,158.0,1.9268292682926829,4.812019427567417,13,262.0,0.20448464606179992,12,221.0,0.2404524353559378,0,11.0,0.6694505115124452,25,494.0
665.0,25,197.0,2.1648351648351647,5.359413159544037,9,267.0,0.2706396376113595,14,248.0,0.25295540265779637,2,16.0,0.6539386223632605,25,531.0
670.0,26,150.0,1.5957446808510638,5.288390687498263,8,196.0,0.2891727154517398,13,252.0,0.2819319051907668,5,34.0,0.4518840071630365,26,482.0
675.0,23,76.0,0.7835051546391752,4.034562357531656,8,226.0,0.14348635055671352,9,231.0,0.21760200105221436,6,36.0,0.25887926334188904,23,493.0
680.0,25,102.0,1.096774193548387,4.750525963508656,12,274.0,0.12307820323691512,10,203.0,0.24745890805758497,3,32.0,0.34471796992029097,25,509.0
685.0,29,142.0,1.5434782608695652,4.468917073740618,12,292.0,0.08525451205905323,12,227.0,0.34464156370253896,5,34.0,0.24059376995005657,29,553.0
690.0,20,110.0,1.264367816091954,5.061679831535764,4,256.0,0.1947843453725612,11,229.0,0.31157054363703796,5,51.0,0.32145400727937684,20,536.0
695.0,18,78.0,0.9397590361445783,4.430158652554566,3,232.0,0.2649922097852041,11,195.0,0.21031214344135044,4,62.0,0.3974020992199712,18,489.0
700.0,17,60.0,0.6666666666666666,4.619655712524253,9,261.0,0.23077796649148827,6,216.0,0.23119730498432034,2,50.0,0.40543587778017404,17,527.0
705.0,16,50.0,0.5376344086021505,4.794886652781112,6,252.0,0.22816007738295274,8,203.0,0.2410948725832823,2,48.0,0.3837962850682691,16,503.0
710.0,18,96.0,1.032258064516129,5.009049766249301,4,185.0,0.1646812516051582,10,234.0,0.2550516639303224,4,65.0,0.18132010762344916,18,484.0
715.0,22,159.0,1.8488372093023255,5.568277552400172,3,129.0,0.27830406359410964,16,298.0,0.20358175731795852,3,62.0,0.3740313415929385,22,489.0
720.0,17,114.0,1.3902439024390243,5.017489482355296,2,121.0,0.19083412168645977,15,314.0,0.17664379168349428,0,35.0,0.41621729375550504,17,470.0
725.0,21,98.0,1.2098765432098766,4.821600752552486,5,142.0,0.23063980517910032,14,262.0,0.21051081049444564,2,40.0,0.4415082095373822,21,444.0
730.0,21,94.0,1.146341463414634,4.950259073355797,3,129.0,0.28789054043748474,11,309.0,0.19160645022774878,7,65.0,0.45560711813508464,21,503.0
735.0,18,76.0,0.9156626506024096,4.508785678484465,4,98.0,0.2885543889341599,10,352.0,0.20596106839614273,4,60.0,0.34534295141327115,18,510.0
740.0,13,45.0,0.5357142857142857,4.5974489533166825,1,83.0,0.26954250684200126,11,352.0,0.21493425199911184,1,31.0,0.48217280757177083,13,466.0
745.0,19,53.0,0.5888888888888889,4.809417004309675,6,102.0,0.1842313399117461,10,258.0,0.24595418148297432,3,17.0,0.4584574359745061,19,377.0
750.0,17,41.0,0.45054945054945056,4.911327951666111,4,94.0,0.27021418534162417,8,272.0,0.22301507652612257,5,28.0,0.5309887029343825,17,394.0
755.0,10,31.0,0.34444444444444444,4.925744625365774,1,54.0,0.33425891132918467,8,280.0,0.21592274239075437,1,24.0,0.3778172565600817,10,358.0
760.0,13,35.0,0.3804347826086957,4.625577851066503,2,32.0,0.22443456272228826,8,274.0,0.2045634456755466,3,8.0,0.2706187622525427,13,314.0
765.0,16,61.0,0.6630434782608695,5.277706785690017,3,29.0,0.3124006627361205,11,201.0,0.19616699954438788,2,17.0,0.605482007151138,16,247.0
770.0,16,111.0,1.121212121212121,5.139703317261266,0,15.0,0.30368823358633806,12,203.0,0.23865452174587956,4,30.0,0.5058930987283824,16,248.0
775.0,19,161.0,1.61,5.742745963385878,2,21.0,0.3809179612254374,17,219.0,0.16593269081789944,0,11.0,0.7438772710407068,19,251.0
780.0,23,152.0,1.6,4.729212904378305,5,30.0,0.2860860672499513,15,258.0,0.13893901165807532,3,7.0,0.486816281787237,23,295.0
785.0,17,94.0,1.010752688172043,4.617461976216905,4,40.0,0.2851581309968551,12,251.0,0.1891753424742716,1,11.0,0.23478133734151532,17,302.0
790.0,11,62.0,0.6888888888888889,5.373651563122239,2,36.0,0.19426503599181646,9,209.0,0.2876713475187827,0,3.0,0.40139083941991643,11,248.0
795.0,22,88.0,0.9565217391304348,4.739943216475994,8,54.0,0.10322887721841924,10,221.0,0.24975086768816637,4,11.0,0.2845086887987553,22,286.0
800.0,29,172.0,1.9111111111111112,4.233698283791443,12,108.0,0.1706314313548716,12,221.0,0.1396982194816267,5,35.0,0.4787465528789549,29,364.0
805.0,34,131.0,1.4719101123595506,2.8515627960366223,13,134.0,0.14290308194544896,15,251.0,0.12046652545238634,6,40.0,0.3758928897763625,34,425.0
810.0,20,101.0,1.086021505376344,4.876827604637881,9,126.0,0.2430491672625521,9,237.0,0.2479214350806499,2,25.0,0.48229065769679125,20,388.0
815.0,20,150.0,1.6129032258064515,5.575415008422904,7,111.0,0.17560677577613537,11,206.0,0.28429804684025306,2,23.0,0.4201309121796403,20,340.0
820.0,19,92.0,0.968421052631579,4.91135559003455,6,119.0,0.16018467316551102,11,218.0,0.26846833834857375,2,11.0,0.3561276012509141,19,348.0
825.0,27,126.0,1.3846153846153846,5.064656500375673,9,159.0,0.2791266658936825,14,221.0,0.13807033059500992,4,28.0,0.5325849012042033,27,408.0
830.0,28,166.0,1.930232558139535,4.691917094029734,8,204.0,0.3069720663561384,18,240.0,0.14961845454884917,2,21.0,0.49891176750862254,28,465.0
835.0,32,192.0,2.157303370786517,4.665639670178254,12,252.0,0.2838466888974144,17,294.0,0.17883614036249704,3,14.0,0.6500098396260824,32,560.0
840.0,21,116.0,1.288888888888889,4.462199266697415,11,264.0,0.17282987413202486,9,297.0,0.21656916944921764,1,3.0,0.532299432871041,21,564.0
845.0,22,136.0,1.431578947368421,5.357281528137059,9,258.0,0.15312905850516575,8,291.0,0.2980784097966045,5,19.0,0.29735885978218835,22,568.0
850.0,23,122.0,1.3863636363636365,4.979699263763664,12,238.0,0.17905921858940504,9,280.0,0.22890705782298257,2,23.0,0.3879128999087707,23,541.0
855.0,27,142.0,1.6511627906976745,4.439368205865881,11,252.0,0.23333471726127422,14,275.0,0.1626285869388546,2,13.0,0.5072823122023847,27,540.0
860.0,31,203.0,2.3068181818181817,5.404543975169783,10,263.0,0.35794554871378964,19,271.0,0.2072557013594813,2,16.0,0.659108242084745,31,550.0
865.0,28,195.0,2.096774193548387,5.4442219065226976,5,255.0,0.3299735883894266,18,311.0,0.23100393759431914,5,30.0,0.5875172995581331,28,596.0
870.0,22,143.0,1.5376344086021505,4.495657231062159,4,249.0,0.27849266575846615,17,331.0,0.15214863963031383,1,21.0,0.5074183477330674,22,601.0
875.0,22,92.0,1.0222222222222221,4.607108058072929,8,247.0,0.21092566500192197,14,322.0,0.21606560893725688,0,2.0,0.42448944583517584,22,571.0
880.0,19,101.0,1.10989010989011,5.641954929364029,7,251.0,0.1746371873666806,10,289.0,0.29668777265699,2,4.0,0.42076280128686966,19,544.0
885.0,21,94.0,1.0444444444444445,5.476113473439158,8,279.0,0.17776704555802955,11,301.0,0.26798945081553815,2,14.0,0.6249185645879832,21,594.0
890.0,24,95.0,1.0326086956521738,4.27410295393937,10,322.0,0.16040993615877983,12,281.0,0.16325038220595164,2,3.0,0.4386934769933114,24,606.0
895.0,28,132.0,1.4831460674157304,4.936194097115288,6,313.0,0.27222348508648514,19,272.0,0.15595268024613618,3,15.0,0.6081086097619486,28,600.0
900.0,19,86.0,1.011764705882353,4.155881801105321,5,264.0,0.2899877283191067,14,307.0,0.16807324515956815,0,12.0,0.5954593078927938,19,583.0
905.0,22,77.0,0.8369565217391305,4.402813228768856,5,254.0,0.22163257633025826,14,299.0,0.20549602117631813,3,9.0,0.5477159404223988,22,562.0
910.0,12,37.0,0.4111111111111111,4.358297762277703,7,283.0,0.14640832017711264,5,320.0,0.21804812987714625,0,0.0,0.5819762754239622,12,603.0
915.0,19,69.0,0.75,4.17099850419121,7,280.0,0.17053554012310784,8,304.0,0.1825777269479264,4,14.0,0.41096322085772063,19,598.0
920.0,14,36.0,0.4,4.727939343336827,2,182.0,0.31894801495386815,11,302.0,0.14929713065409492,1,17.0,0.6815109321054162,14,501.0
925.0,20,41.0,0.44086021505376344,5.216708706910088,3,128.0,0.28556535734821353,12,246.0,0.20970711970326666,5,8.0,0.4206143272772945,20,382.0
930.0,10,32.0,0.34782608695652173,5.377110997952274,3,93.0,0.304080072699886,6,255.0,0.25136732105252824,1,8.0,0.4083813069420446,10,356.0
935.0,16,51.0,0.5730337078651685,5.245032068417854,0,65.0,0.341566808902992,11,241.0,0.2001067565038664,5,27.0,0.5205101364345734,16,333.0
940.0,20,61.0,0.6703296703296703,4.33778644377376,4,81.0,0.3165225374639538,13,257.0,0.10368329186426513,3,29.0,0.44518774319814713,20,367.0
945.0,24,107.0,1.2159090909090908,4.5473637045198,8,110.0,0.289117965255512,13,253.0,0.14150723993658332,3,16.0,0.5690672610304307,24,379.0
950.0,20,97.0,1.0777777777777777,3.799560571512839,8,108.0,0.15028429172335125,9,267.0,0.1920096854525449,3,25.0,0.26692534738494583,20,400.0
955.0,25,120.0,1.3186813186813187,4.720592859420838,8,98.0,0.2898461694291132,12,223.0,0.18478057728807598,5,47.0,0.4998873177991359,25,368.0
960.0,23,135.0,1.4361702127659575,4.623524859675799,6,85.0,0.28854429912588797,17,256.0,0.15624805143652656,0,19.0,0.6097427832199384,23,360.0
965.0,32,242.0,2.4948453608247423,4.87380753380439,7,122.0,0.32614093844347014,25,341.0,0.122519958579497,0,2.0,0.6958273575084414,32,465.0
970.0,26,259.0,2.78494623655914,4.5550629991578395,7,143.0,0.29972331466755925,19,387.0,0.12488210762997526,0,0.0,0.6949877717872464,26,530.0
975.0,17,133.0,1.4,4.785874031590299,1,117.0,0.21196042353971153,14,359.0,0.23244298622731446,2,1.0,0.49793005290704123,17,477.0
980.0,12,36.0,0.37894736842105264,5.847511076400995,7,108.0,0.2289578561989874,4,331.0,0.29607611567373127,1,1.0,0.585309108165557,12,440.0
985.0,27,108.0,1.173913043478261,4.475716373076637,12,157.0,0.13245603010393847,9,338.0,0.2002448585908685,6,15.0,0.41299356229392037,27,510.0
990.0,36,250.0,2.808988764044944,3.627945046642688,16,225.0,0.13447504874078522,15,371.0,0.12244315767033301,5,39.0,0.524613756547855,36,635.0
995.0,38,289.0,3.247191011235955,3.146875529525897,16,254.0,0.15197475167953436,20,442.0,0.11720038090426887,2,45.0,0.49164907852698936,38,741.0
1000.0,36,339.0,3.606382978723404,4.328166507419107,10,231.0,0.17125475038113913,24,544.0,0.22108132159952212,2,19.0,0.46320874725465416,36,794.0
1005.0,34,334.0,3.4791666666666665,4.717986100872822,13,286.0,0.15558662839064002,19,565.0,0.2764328709741252,2,15.0,0.4516169946287936,34,866.0
1010.0,29,244.0,2.44,4.433592587108319,16,358.0,0.0562040301313912,12,483.0,0.2462199102757649,1,3.0,0.31016734755342723,29,844.0
1015.0,25,132.0,1.4505494505494505,4.962176570694821,14,389.0,0.11935592658563665,7,309.0,0.23046863550354046,4,18.0,0.3480983893816925,25,716.0
1020.0,13,59.0,0.7195121951219512,4.139383384865174,4,333.0,0.1502748101406323,5,327.0,0.2860309477838873,4,27.0,0.1807348636564761,13,687.0
1025.0,15,48.0,0.5853658536585366,5.464875958427646,4,254.0,0.28676423540465396,7,333.0,0.3529317719709019,4,38.0,0.35779715708683535,15,625.0
1030.0,20,101.0,1.1348314606741574,6.217900320733346,3,254.0,0.31815097532198355,15,357.0,0.35359335760285165,2,41.0,0.5296760496039129,20,652.0
1035.0,23,203.0,2.136842105263158,5.998422396700687,4,271.0,0.2730750062357832,15,416.0,0.2674535936090482,4,45.0,0.4480876104784647,23,732.0
1040.0,26,260.0,2.888888888888889,5.23748614433063,4,261.0,0.3529673644285986,21,508.0,0.13120329493310498,1,20.0,0.5348620192251967,26,789.0
1045.0,34,375.0,4.076086956521739,4.743578872333058,4,215.0,0.2637576968482474,24,626.0,0.10084166591206925,6,18.0,0.3163805321594957,34,859.0
1050.0,31,497.0,5.6477272727272725,4.278377843437185,4,232.0,0.2718931856388173,24,746.0,0.10044079510224807,3,28.0,0.3446547983495771,31,1006.0
1055.0,34,634.0,7.5476190476190474,3.8901908121178677,8,266.0,0.15127851279632817,24,868.0,0.16616343114712442,2,18.0,0.31766142051173507,34,1152.0
1060.0,39,813.0,9.453488372093023,3.6785924977290305,12,318.0,0.11551280624171589,24,986.0,0.15570201916538703,3,16.0,0.3190158547684422,39,1320.0
1065.0,36,908.0,10.80952380952381,4.068308281583863,11,325.0,0.14129298254827422,24,1106.0,0.12309334873479756,1,10.0,0.5699042370197464,36,1441.0
1070.0,29,713.0,8.102272727272727,3.9406571319695005,7,266.0,0.16579296335023705,18,1056.0,0.14603154278640684,4,25.0,0.3130417891420445,29,1347.0
1075.0,23,421.0,4.952941176470588,4.363630144923124,6,287.0,0.14026263058574925,13,839.0,0.1915644035888478,4,37.0,0.2663687328613617,23,1163.0
1080.0,17,82.0,1.0,5.444579884793579,11,339.0,0.0558045432088047,4,511.0,0.404600333239738,2,37.0,0.2738167999475921,17,887.0
1085.0,13,52.0,0.6582278481012658,5.555197400132234,8,337.0,0.11656653883318396,3,512.0,0.37673067828128864,2,31.0,0.45174527118268765,13,880.0
1090.0,15,62.0,0.8493150684931506,6.0323442391145194,5,251.0,0.25896121137429934,8,518.0,0.31860457625928185,2,31.0,0.6386390103182465,15,800.0
1095.0,14,41.0,0.5125,5.631707953306562,4,207.0,0.2939743066870465,8,449.0,0.3382751912239206,2,13.0,0.44912433463129825,14,669.0
1100.0,9,29.0,0.34523809523809523,6.114004514655037,2,217.0,0.3427013745060087,3,284.0,0.30919580881256575,4,27.0,0.3375268321037034,9,528.0
1105.0,24,96.0,1.1851851851851851,4.691076780006546,8,236.0,0.13764650783309124,5,44.0,0.24135350056944727,11,63.0,0.15277159695230907,24,343.0
1110.0,17,101.0,1.4225352112676057,4.950220087351186,5,222.0,0.1977807486232055,8,65.0,0.28217896299222434,4,71.0,0.3134143136205765,17,358.0
1115.0,13,112.0,1.671641791044776,6.501428415152266,3,172.0,0.2520878765249093,10,116.0,0.40423539482560844,0,29.0,0.5141431146573814,13,317.0
1120.0,13,65.0,0.9558823529411765,5.7921166891624205,5,188.0,0.16356965652263303,6,121.0,0.41776895872244324,2,4.0,0.4358484705748235,13,313.0
1125.0,10,49.0,0.7101449275362319,6.295813025033608,6,212.0,0.23292449783268593,4,76.0,0.37606311280693294,0,2.0,0.7854217498188594,10,290.0
1130.0,12,36.0,0.5,5.189581102661119,7,198.0,0.16911657835182753,4,75.0,0.3268943809132629,1,5.0,0.5348068462558996,12,278.0
1135.0,17,71.0,0.9861111111111112,5.671112012689568,7,172.0,0.2486729518348837,10,95.0,0.2718921424621038,0,5.0,0.654122062542668,17,272.0
1140.0,14,65.0,0.9420289855072463,5.258637787033793,4,134.0,0.20327462907030236,10,95.0,0.3724171698111306,0,0.0,0.4772012835793443,14,229.0
1145.0,11,32.0,0.4266666666666667,5.920818094562205,4,127.0,0.25367870311418617,5,71.0,0.4180657545636995,2,8.0,0.6068430196281542,11,206.0
1150.0,15,81.0,1.0384615384615385,6.298782456468454,5,143.0,0.32543680129788477,10,72.0,0.2771795964534526,0,2.0,0.7758400922760175,15,217.0
1155.0,21,167.0,2.0617283950617282,6.007638721256743,7,174.0,0.2760204453310432,13,116.0,0.22801469064809923,1,6.0,0.6510494457590876,21,296.0
1160.0,17,108.0,1.3846153846153846,4.609424249822061,6,166.0,0.2986469076536956,11,140.0,0.09582046520974041,0,0.0,0.6260711404219859,17,306.0
1165.0,23,56.0,0.6511627906976745,4.949422186969779,8,129.0,0.24913707189249903,10,133.0,0.23640718702194258,5,2.0,0.375151223832492,23,264.0
1170.0,9,22.0,0.2619047619047619,6.289958603423656,6,85.0,0.24492160998989354,1,115.0,0.4052481168287251,2,3.0,0.49251678438676366,9,203.0
1175.0,16,59.0,0.6941176470588235,6.437926400340178,5,83.0,0.26745610716890816,7,114.0,0.384955873312341,4,20.0,0.3907771841854505,16,217.0
1180.0,13,34.0,0.3953488372093023,5.7111560192418835,3,76.0,0.3182911344461417,8,115.0,0.2838118299042883,2,23.0,0.4701041021784412,13,214.0
1185.0,11,38.0,0.4470588235294118,6.442820433167182,4,94.0,0.33935342561517073,7,101.0,0.2607718719500094,0,6.0,0.6047274405358688,11,201.0
1190.0,17,65.0,0.8125,5.8004598390295845,8,101.0,0.18230394024107208,8,82.0,0.29712495303362935,1,1.0,0.3956681477064012,17,184.0
1195.0,11,43.0,0.581081081081081,6.456298049930993,4,83.0,0.26466074522072214,6,92.0,0.358846955281118,1,0.0,0.6508412331065129,11,175.0
1200.0,11,44.0,0.6027397260273972,5.9945843011097235,2,80.0,0.31172243817797446,8,96.0,0.2718043533985503,1,7.0,0.5797079641632091,11,183.0
1205.0,12,48.0,0.6233766233766234,5.502325765364291,5,101.0,0.33512475948935344,7,109.0,0.16401594171655093,0,3.0,0.6659782490791474,12,213.0
1210.0,12,45.0,0.6081081081081081,5.309612527531809,5,95.0,0.3027084672084584,7,108.0,0.2115664281952868,0,2.0,0.8449208327157298,12,205.0
1215.0,11,35.0,0.44871794871794873,5.0693546277020225,4,61.0,0.21768108820558346,7,126.0,0.2611771100527583,0,2.0,0.4162613724655375,11,189.0
1220.0,16,61.0,0.7721518987341772,5.2711179486070385,2,72.0,0.31725457278200614,11,136.0,0.2395279113859786,3,15.0,0.5157168831808981,16,223.0
1225.0,26,63.0,0.7325581395348837,3.6195522837660894,7,93.0,0.2321806140140833,14,162.0,0.08877899374627467,5,17.0,0.3686638115081771,26,272.0
1230.0,18,66.0,0.7951807228915663,5.1812721688015255,3,90.0,0.2957322907480204,13,177.0,0.18929207480392127,2,15.0,0.702380921625459,18,282.0
1235.0,13,86.0,1.0617283950617284,5.938427910624062,2,64.0,0.24137787064639857,9,188.0,0.3183339660668614,2,23.0,0.5229043196166758,13,275.0
1240.0,14,119.0,1.4166666666666667,6.023722624628944,1,59.0,0.18635053524099457,12,221.0,0.380529156059453,1,6.0,0.45334260024414264,14,286.0
1245.0,24,213.0,2.6962025316455698,5.715937637818454,4,72.0,0.20625502485272323,18,268.0,0.16727630094503856,2,10.0,0.5438478213396499,24,350.0
1250.0,23,205.0,2.8472222222222223,3.929243208277314,7,101.0,0.0930661450591978,16,294.0,0.07566084382838699,0,3.0,0.32894664380750516,23,398.0
1255.0,19,146.0,2.212121212121212,4.374584921039978,5,100.0,0.2383970168584827,11,262.0,0.23329481544957545,3,12.0,0.5483222511345097,19,374.0
1260.0,11,61.0,0.8714285714285714,5.468275619800347,3,82.0,0.2567618935721999,8,286.0,0.36140989301556264,0,2.0,0.8370753267502857,11,370.0
1265.0,16,58.0,0.7341772151898734,6.10799211187224,6,70.0,0.2718732192536432,10,311.0,0.3390448270630315,0,2.0,0.6611719216357966,16,383.0
1270.0,14,40.0,0.5128205128205128,4.213554576100764,3,66.0,0.18948491312140334,11,302.0,0.1695060033295933,0,0.0,0.5625741082586291,14,368.0
1275.0,18,57.0,0.7215189873417721,4.689848721413991,8,102.0,0.22493948223530522,8,240.0,0.2416443065974109,2,7.0,0.49597356058186126,18,349.0
1280.0,22,128.0,1.6,5.439648477559466,10,150.0,0.32049965971217,12,191.0,0.24393210318511482,0,2.0,0.7710997745227194,22,343.0
1285.0,33,237.0,2.6931818181818183,5.210694721921274,15,206.0,0.27151403114635,15,204.0,0.20802264377270124,3,7.0,0.6553249237629181,33,417.0
1290.0,30,280.0,3.146067415730337,4.905327071952865,13,225.0,0.2362659518589343,17,218.0,0.16770650222473743,0,0.0,0.6885357554770687,30,443.0
1295.0,26,210.0,2.3863636363636362,4.74298185572897,9,204.0,0.1929481258590695,17,264.0,0.26763107192988894,0,0.0,0.6824051269728636,26,468.0
1300.0,26,147.0,1.5473684210526315,5.759541715364886,12,186.0,0.1727634256406588,12,259.0,0.331036791419074,2,7.0,0.5723789976281517,26,452.0
1305.0,15,62.0,0.6595744680851063,5.848507286218852,8,221.0,0.257506516220081,6,240.0,0.2990816339908488,1,2.0,0.48784086793706544,15,463.0
1310.0,27,107.0,1.202247191011236,4.512701405750975,13,279.0,0.15978002567361235,9,248.0,0.16134565310442026,5,21.0,0.3472988489412745,27,548.0
1315.0,26,134.0,1.6144578313253013,3.762189438795973,14,348.0,0.21554577261714528,9,248.0,0.12239394706714839,3,29.0,0.4991036069797982,26,625.0
1320.0,20,109.0,1.3132530120481927,3.7926598432478458,11,370.0,0.149074376291753,9,211.0,0.19107088468787234,0,15.0,0.48289839981170485,20,596.0
1325.0,18,62.0,0.7045454545454546,4.724980579937704,10,336.0,0.1698963871185822,6,220.0,0.26106638486046985,2,7.0,0.518952672281597,18,563.0
1330.0,21,73.0,0.8295454545454546,4.956177866118825,7,330.0,0.2107548059201912,12,238.0,0.290066875032454,2,6.0,0.6243459295250955,21,574.0
1335.0,23,92.0,0.9292929292929293,4.336292616360714,10,371.0,0.13725551330730962,11,230.0,0.13202148163046742,2,16.0,0.5418705748101845,23,617.0
1340.0,29,131.0,1.4555555555555555,4.211975057218195,17,448.0,0.1436266602988051,12,189.0,0.11468161283219248,0,11.0,0.6287587163304055,29,648.0
1345.0,27,102.0,1.186046511627907,3.2261050824599065,14,454.0,0.0769307316025592,8,223.0,0.1876470585616493,5,2.0,0.36558289722111414,27,679.0
1350.0,20,85.0,1.0,4.798425146989105,8,387.0,0.226664836233557,9,231.0,0.267765553002527,3,10.0,0.578486175473973,20,628.0
1355.0,23,83.0,0.9021739130434783,4.6915120841988385,9,401.0,0.2186581096534506,10,225.0,0.22536836232636112,4,27.0,0.49821637005072567,23,653.0
1360.0,23,80.0,0.8695652173913043,4.323613751008298,12,449.0,0.12839663725603284,11,189.0,0.1498383503550843,0,23.0,0.5055094428535687,23,661.0
1365.0,18,62.0,0.7294117647058823,4.495003759153246,11,443.0,0.12053525039501971,7,187.0,0.18999122435893373,0,2.0,0.6109800914785829,18,632.0
1370.0,16,45.0,0.5232558139534884,5.09703322958453,6,362.0,0.20466642320747477,10,193.0,0.30229481217449594,0,2.0,0.49722767951388847,16,557.0
1375.0,13,38.0,0.42696629213483145,5.5546709016828295,3,323.0,0.2956334320340317,9,188.0,0.255029531482153,1,6.0,0.6573286738279037,13,517.0
1380.0,19,57.0,0.6404494382022472,4.5031519567662,9,353.0,0.14034217101463753,10,170.0,0.16194272669722867,0,2.0,0.530166337100168,19,525.0
1385.0,20,100.0,1.1235955056179776,4.670349977417035,7,340.0,0.1302828376394279,11,157.0,0.12312818369248611,2,9.0,0.4525005433673448,20,506.0
1390.0,12,58.0,0.7532467532467533,4.8144824551197685,2,232.0,0.23237966087352302,10,177.0,0.24748341491379822,0,8.0,0.441270015600415,12,417.0
1395.0,13,46.0,0.5822784810126582,5.288355862097702,2,227.0,0.2384159221774451,9,159.0,0.2964015033384585,2,4.0,0.5482027269037831,13,390.0
1400.0,19,47.0,0.5465116279069767,5.416897093037391,7,248.0,0.2805908061295641,12,171.0,0.22259975836273369,0,2.0,0.7546319749553807,19,421.0
1405.0,17,47.0,0.5222222222222223,4.870259088458551,6,228.0,0.16435025239416007,7,168.0,0.24149737533799628,4,6.0,0.4306670233314668,17,402.0
1410.0,13,39.0,0.4642857142857143,4.811466029890962,4,161.0,0.20809889653852304,9,155.0,0.2004315164521657,0,3.0,0.5225962591878295,13,319.0
1415.0,14,50.0,0.6329113924050633,5.027918234182121,3,159.0,0.21761400052051524,11,161.0,0.2574830211748508,0,2.0,0.7808745904771776,14,322.0
1420.0,20,72.0,0.8089887640449438,4.937688954996312,7,187.0,0.20551603123264614,13,169.0,0.19561719243983003,0,2.0,0.7353917134090717,20,358.0
1425.0,20,114.0,1.2954545454545454,5.050524738811544,10,231.0,0.15233952907995602,10,170.0,0.2106496228944331,0,2.0,0.7296786480713819,20,403.0
1430.0,25,170.0,2.0238095238095237,3.019200541738756,16,302.0,0.06049920862506321,8,172.0,0.1260324732047281,1,1.0,0.3853984189191873,25,475.0
1435.0,26,167.0,2.0365853658536586,4.055540975787752,13,317.0,0.16669606297133147,10,156.0,0.20477366689327844,3,13.0,0.6081046073309925,26,486.0
1440.0,25,163.0,1.8953488372093024,5.076724393677529,9,247.0,0.2519066574921661,15,183.0,0.2403868501290924,1,4.0,0.6799809269906109,25,434.0
1445.0,27,156.0,1.6774193548387097,5.860970373082732,11,177.0,0.2753460139557117,14,216.0,0.24194292750041893,2,11.0,0.664202094526461,27,404.0
1450.0,23,108.0,1.2134831460674158,5.247236261584481,10,212.0,0.22080516728919378,13,214.0,0.22181312286152158,0,2.0,0.46510714775431666,23,428.0
1455.0,24,119.0,1.367816091954023,5.201295391285536,13,268.0,0.10630512220521281,9,181.0,0.29110821058574876,2,4.0,0.3690090578105145,24,453.0
1460.0,20,144.0,1.8461538461538463,5.645114070732682,7,283.0,0.20269954170061527,12,185.0,0.33580643555995726,1,2.0,0.47583235742328306,20,470.0
1465.0,19,93.0,1.1923076923076923,5.105218426467093,4,233.0,0.20035221548794854,8,190.0,0.2583393723721338,7,18.0,0.2204305697008063,19,441.0
1470.0,13,49.0,0.6901408450704225,5.370022346005839,3,240.0,0.27812773526028595,10,162.0,0.23401733602577046,0,15.0,0.5922089704373865,13,417.0
1475.0,12,44.0,0.5945945945945946,5.600557617502667,7,265.0,0.21367255637206717,5,166.0,0.2799068134856388,0,2.0,0.7355830049135772,12,433.0
1480.0,12,45.0,0.569620253164557,5.6524797195014855,5,249.0,0.17939351133692577,7,139.0,0.3298015256609609,0,2.0,0.6004137580855233,12,390.0
1485.0,16,89.0,1.1866666666666668,6.414100993719218,4,198.0,0.23718213979356628,9,170.0,0.3354759077293565,3,12.0,0.46858314424813924,16,380.0
1490.0,18,136.0,1.8630136986301369,5.194631331908036,2,149.0,0.15405595903291475,14,231.0,0.2479011211612218,2,12.0,0.2843790268965519,18,392.0
1495.0,21,219.0,3.084507042253521,5.708572968147353,2,159.0,0.22660664677428807,16,309.0,0.2541076304831339,3,12.0,0.4964769914203038,21,480.0
1500.0,23,306.0,4.636363636363637,4.626306355918233,4,171.0,0.14074950389242527,19,398.0,0.14981806931886385,0,0.0,0.6633514950099393,23,569.0
1505.0,27,409.0,5.8428571428571425,4.3724848706361525,4,168.0,0.17578209145584536,22,500.0,0.14208895533453206,1,2.0,0.6141421456995565,27,670.0
1510.0,21,312.0,4.656716417910448,4.422709006113178,2,135.0,0.28403700996356235,19,519.0,0.20777087094593272,0,0.0,0.8242076807359217,21,654.0
1515.0,16,175.0,2.3972602739726026,4.220405629137389,0,80.0,0.29045855984826974,15,445.0,0.2356172500097875,1,3.0,0.5054374066025118,16,528.0
1520.0,14,115.0,1.4556962025316456,4.654679183288562,0,81.0,0.3739560002991226,12,480.0,0.216206900933332,2,13.0,0.6914367306644753,14,574.0
1525.0,24,87.0,0.9666666666666667,4.200527095576046,7,94.0,0.2272712573203117,14,527.0,0.18262307447879655,3,2.0,0.420650250786138,24,623.0
1530.0,18,62.0,0.6966292134831461,3.879946011914619,3,89.0,0.20275024722123122,12,507.0,0.12465261523084063,3,14.0,0.39081289052858187,18,610.0
1535.0,21,94.0,1.119047619047619,3.975036913990986,1,57.0,0.3168236669667013,14,441.0,0.14375466686545182,6,43.0,0.3887284507250817,21,541.0
1540.0,21,120.0,1.2903225806451613,4.447043048408483,1,43.0,0.3510859252430825,19,385.0,0.13543055802734208,1,38.0,0.5054548497428061,21,466.0
1545.0,20,115.0,1.1979166666666667,5.022401588309582,3,53.0,0.3616585894903445,17,444.0,0.13835979522566344,0,3.0,0.7901331924893035,20,500.0
1550.0,22,105.0,1.09375,4.537375099389721,8,76.0,0.15445910518352082,14,475.0,0.20743076605821464,0,0.0,0.5363648013689377,22,551.0
1555.0,25,155.0,1.648936170212766,4.952765943394872,14,132.0,0.134690879972969,9,454.0,0.2812223890949559,2,3.0,0.47476160316152427,25,589.0
1560.0,26,148.0,1.7011494252873562,3.8223312112680325,14,162.0,0.09587053228149578,8,436.0,0.22164222772369588,4,15.0,0.22134774459080495,26,613.0
1565.0,31,154.0,1.711111111111111,3.92845519410007,11,163.0,0.20773862154194017,14,391.0,0.16309018166988734,6,46.0,0.43201357125279566,31,600.0
1570.0,34,182.0,1.9782608695652173,3.298253266283102,12,184.0,0.20215033392203402,15,427.0,0.11221272056239912,7,80.0,0.4579672358293754,34,691.0
1575.0,32,144.0,1.4545454545454546,3.7108447324347877,14,249.0,0.16288629859019876,15,432.0,0.1251918563733926,3,72.0,0.30994166312133137,32,753.0
1580.0,25,153.0,1.627659574468085,4.6543807655892895,11,274.0,0.17102726790969586,12,422.0,0.2131598677011751,2,16.0,0.4662325740271824,25,712.0
1585.0,20,73.0,0.7684210526315789,4.113105263001089,4,231.0,0.15289067667788603,12,414.0,0.23997414465891892,4,4.0,0.2170206359640609,20,649.0
1590.0,23,92.0,0.9787234042553191,4.893434231318852,2,185.0,0.31794656521947445,15,349.0,0.1822799241665901,6,27.0,0.42609931530199796,23,561.0
1595.0,22,114.0,1.1875,5.05681765277816,0,175.0,0.38221947180361826,21,303.0,0.14494959515309477,1,32.0,0.5338134200995335,22,510.0
1600.0,24,111.0,1.1326530612244898,4.645973610244998,3,186.0,0.31866543329814184,19,365.0,0.1383479675434056,2,14.0,0.5437095329072898,24,565.0
1605.0,24,115.0,1.1979166666666667,5.386161798906833,6,207.0,0.28243627832989815,16,394.0,0.2220130171036897,2,18.0,0.6065905180771485,24,619.0
1610.0,16,68.0,0.7010309278350515,4.714569131264155,10,219.0,0.16007394342538134,5,383.0,0.2574624086240685,1,1.0,0.32502873080435907,16,603.0
1615.0,22,90.0,0.9473684210526315,5.275156669833024,8,215.0,0.2495821879577422,10,345.0,0.22664509240146483,4,18.0,0.5040263161506998,22,578.0
1620.0,22,100.0,1.0416666666666667,4.5573005799357995,6,226.0,0.2759790536578644,16,332.0,0.13332648413943815,0,17.0,0.5641698488151491,22,575.0
1625.0,29,209.0,2.13265306122449,4.925958951942195,6,258.0,0.2685004199003024,21,375.0,0.13549354485839168,2,12.0,0.6786519927728547,29,645.0
1630.0,33,249.0,2.6210526315789475,4.863693534143938,12,307.0,0.19989769829420298,19,423.0,0.20423804129877052,2,20.0,0.6919758386443337,33,750.0
1635.0,25,182.0,1.8762886597938144,4.858450910684261,10,319.0,0.091564502886549,11,390.0,0.3004499251746014,4,35.0,0.4742159845105109,25,744.0
1640.0,14,98.0,1.0425531914893618,5.31946817552437,5,278.0,0.21478361141323496,5,384.0,0.2460390544842431,4,55.0,0.5052032531590694,14,717.0
1645.0,26,142.0,1.5106382978723405,5.066098133257233,8,219.0,0.23910886610776264,10,386.0,0.2657060285909717,8,81.0,0.3264375407249379,26,686.0
1650.0,21,113.0,1.1649484536082475,5.127896671043958,5,229.0,0.2860867796913586,16,421.0,0.16746420799475778,0,45.0,0.6330516635419811,21,695.0
1655.0,30,224.0,2.382978723404255,5.530820372554796,7,256.0,0.19294239748648231,23,497.0,0.13188469045107748,0,2.0,0.772942275194568,30,755.0
1660.0,32,331.0,3.7613636363636362,4.575825716495291,6,249.0,0.21535834090855863,24,611.0,0.1468328917216828,2,2.0,0.5248299149654466,32,862.0
1665.0,23,299.0,3.6463414634146343,5.093346602025623,3,193.0,0.3341733824298739,19,630.0,0.23811711131095367,1,7.0,0.5019443885358232,23,830.0
1670.0,15,187.0,2.101123595505618,6.0312654177710066,1,116.0,0.2651417256196087,13,534.0,0.3030965473300487,1,12.0,0.4238220822770383,15,662.0
1675.0,6,19.0,0.2111111111111111,6.0037380559494,1,118.0,0.21969915173386054,4,526.0,0.288212458649277,1,3.0,0.5520860075142384,6,647.0
1680.0,19,68.0,0.8192771084337349,5.014248518484935,7,140.0,0.20193297770455554,9,544.0,0.15026085302260217,3,14.0,0.4366875884111765,19,698.0
1685.0,16,57.0,0.6951219512195121,3.9697234662247327,4,133.0,0.2770966343510839,10,500.0,0.0898596951481206,2,26.0,0.41230831060493556,16,659.0
1690.0,15,46.0,0.575,5.636618177625822,5,101.0,0.35126139709343923,10,380.0,0.2502213869444643,0,13.0,0.5561788434461483,15,494.0
1695.0,13,61.0,0.7261904761904762,6.004754001013513,3,94.0,0.22811006776348436,8,221.0,0.32721122934877384,2,16.0,0.3564564799293395,13,331.0
1700.0,21,100.0,1.2345679012345678,5.439722819927849,6,114.0,0.19655659158098035,10,246.0,0.24312906935347628,5,36.0,0.42084265924691494,21,396.0
1705.0,25,83.0,1.1066666666666667,2.960308026694369,7,114.0,0.18637926849357342,13,249.0,0.06376167061458204,5,38.0,0.3665032070512935,25,401.0
1710.0,21,118.0,1.475,5.505420819260746,3,89.0,0.3087849932848256,16,295.0,0.2601300471825655,2,25.0,0.6490919492199198,21,409.0
1715.0,19,159.0,1.8488372093023255,5.224936884822291,1,65.0,0.24979422925173259,17,349.0,0.26813094040379154,1,16.0,0.597047224329266,19,430.0
1720.0,27,173.0,1.8210526315789475,4.780042714387364,6,80.0,0.1374733563474687,16,337.0,0.21590797191826105,5,36.0,0.4344424528814642,27,453.0
1725.0,25,133.0,1.528735632183908,4.2453515591635576,9,120.0,0.145707422582428,12,266.0,0.17101335964128908,4,41.0,0.3819210637502075,25,427.0
1730.0,15,54.0,0.6352941176470588,3.4546936471165637,7,123.0,0.10667569807142882,6,269.0,0.18265063221748698,2,27.0,0.23947254176587493,15,419.0
1735.0,20,68.0,0.8,4.892037356620363,6,92.0,0.2755530361747913,10,275.0,0.2830881328505984,4,39.0,0.41444232856180996,20,406.0
1740.0,28,139.0,1.5617977528089888,5.139194300496679,6,112.0,0.24197066948268528,16,300.0,0.2536312798964352,6,63.0,0.3872054283004381,28,475.0
1745.0,32,223.0,2.3978494623655915,4.446549617087482,9,148.0,0.2605847992110239,19,374.0,0.11104230138058443,4,64.0,0.3391567694130184,32,586.0
1750.0,39,358.0,4.211764705882353,3.3603137609153677,12,198.0,0.19733296693800126,24,488.0,0.11533389304029586,3,47.0,0.37777867535923365,39,733.0
1755.0,46,546.0,6.066666666666666,2.7861307269507853,16,269.0,0.13351787140029722,24,608.0,0.10175263013290119,6,70.0,0.21764284639081002,46,947.0
1760.0,39,500.0,5.555555555555555,2.833747859992739,14,296.0,0.12208433377482518,18,624.0,0.10939163531239908,7,103.0,0.23104183467412273,39,1023.0
1765.0,30,264.0,2.869565217391304,3.2729490159441665,12,270.0,0.11124788624413309,9,517.0,0.1750948095558287,9,108.0,0.16647371366885325,30,895.0
1770.0,19,113.0,1.2417582417582418,5.945994332284105,11,239.0,0.16142122515819024,3,370.0,0.4677431844942383,5,92.0,0.2800928672344113,19,701.0
1775.0,16,100.0,1.1627906976744187,6.757717482926883,10,273.0,0.16331845439273596,3,224.0,0.689650908485476,3,84.0,0.2684166163829947,16,581.0
1780.0,20,81.0,0.9529411764705882,5.613289970458789,10,326.0,0.15105006070063282,4,188.0,0.3947708025380986,6,111.0,0.26534821751140136,20,625.0
1785.0,21,105.0,1.4,4.795854232679636,4,321.0,0.2894399949534091,7,187.0,0.2396769838337501,10,151.0,0.32969706680655425,21,659.0
1790.0,20,78.0,0.9873417721518988,3.788575146248936,4,284.0,0.256099501214349,8,163.0,0.26478703933660763,8,166.0,0.1787400425174517,20,613.0
1795.0,16,61.0,0.7349397590361446,5.672519280571704,4,268.0,0.29664441261119073,5,42.0,0.4411991071547496,7,141.0,0.2542362674366267,16,451.0
1800.0,14,47.0,0.5595238095238095,5.3704270498344355,7,292.0,0.10468149295135007,3,35.0,0.4439483977781085,4,137.0,0.23290204642483617,14,464.0
1805.0,25,113.0,1.3452380952380953,4.4915784603752416,11,341.0,0.19956195422458495,8,37.0,0.2613989464620355,6,172.0,0.29817052956612816,25,550.0
1810.0,23,130.0,1.5662650602409638,3.7150811641331667,7,339.0,0.2780962976859997,12,77.0,0.1585270872164519,4,164.0,0.2371375434570901,23,580.0
1815.0,28,183.0,2.010989010989011,4.337447099309916,8,287.0,0.32424838106866266,16,152.0,0.1865099808399702,4,126.0,0.2811341246874799,28,565.0
1820.0,30,274.0,2.8247422680412373,5.020485018459,6,309.0,0.2698775025116323,21,244.0,0.24465410602347282,3,84.0,0.3528414455802876,30,637.0
1825.0,32,235.0,2.303921568627451,4.208274721481255,11,348.0,0.07019602262137019,18,294.0,0.2147447522858544,3,74.0,0.33368937636786766,32,716.0
1830.0,33,186.0,1.9578947368421054,4.027754177755167,15,412.0,0.08321730278495285,12,277.0,0.16313411472384212,6,88.0,0.32459774325489793,33,777.0
1835.0,23,121.0,1.375,3.9947625320539433,12,433.0,0.10332304197328591,7,209.0,0.1851460754643707,4,90.0,0.23996617114595248,23,732.0
1840.0,20,113.0,1.2988505747126438,5.198915793973642,7,367.0,0.16077921749065374,8,188.0,0.4625280291706834,5,65.0,0.25426458728834894,20,620.0
1845.0,19,148.0,1.7209302325581395,5.8201723674378565,7,384.0,0.149028450993154,8,150.0,0.4732273765080047,4,61.0,0.3513693207223609,19,595.0
1850.0,29,238.0,2.7045454545454546,5.01036996398722,13,435.0,0.06393233886234645,8,165.0,0.2857288876965271,8,88.0,0.2517676278504414,29,688.0
1855.0,29,165.0,2.1153846153846154,3.4407234156017568,15,499.0,0.09624245371152905,9,154.0,0.08779260496605763,5,91.0,0.29480879672568006,29,744.0
1860.0,13,68.0,0.9315068493150684,4.68578889504582,9,485.0,0.1446970718967697,2,83.0,0.4386889364140793,2,46.0,0.3795195227940068,13,614.0
1865.0,13,64.0,0.7710843373493976,6.433590156193496,9,344.0,0.2644619066436019,4,38.0,0.5179016013295015,0,38.0,0.48870876150079373,13,420.0
1870.0,16,50.0,0.5681818181818182,5.840019809660498,5,365.0,0.3031025848894482,4,38.0,0.4043834850900434,7,57.0,0.375030961335348,16,460.0
1875.0,22,68.0,0.7391304347826086,4.59141406368285,8,403.0,0.16912595309836972,4,36.0,0.3672843394108949,10,74.0,0.17115704554442016,22,513.0
1880.0,26,125.0,1.4367816091954022,4.748059215840371,14,464.0,0.13826617792660512,7,60.0,0.34252431380536114,5,70.0,0.24241637274651606,26,594.0
1885.0,23,86.0,0.9772727272727273,3.976590468642136,12,463.0,0.07690609803267719,6,70.0,0.3261987650030788,5,64.0,0.27592169677781375,23,597.0
1890.0,21,84.0,0.9655172413793104,5.099080433457412,6,391.0,0.2487002292035745,7,58.0,0.3002397894508719,8,98.0,0.3409043492052606,21,547.0
1895.0,26,113.0,1.2696629213483146,4.850883139740287,8,401.0,0.2502637738216604,10,75.0,0.31259903716914633,8,113.0,0.30836283921613566,26,589.0
1900.0,24,158.0,1.6631578947368422,5.060787314092257,9,440.0,0.25215183524877377,11,116.0,0.35373558937628563,4,87.0,0.2589987261013341,24,643.0
1905.0,27,212.0,2.231578947368421,4.2955605656908995,7,414.0,0.2410990958389869,17,186.0,0.18428790277500118,3,78.0,0.3973636007012032,27,678.0
1910.0,28,185.0,1.8137254901960784,4.0078719344448634,3,326.0,0.17003824066109957,16,224.0,0.2343309722714687,9,109.0,0.2342820763077994,28,659.0
1915.0,20,92.0,0.9484536082474226,4.158226646080657,2,296.0,0.19657918969654928,9,198.0,0.27096713822274515,9,121.0,0.20323869501828973,20,615.0
1920.0,14,41.0,0.43157894736842106,4.3665790173521195,6,320.0,0.09448475283083876,2,207.0,0.31537838486210024,6,98.0,0.22161575098125408,14,625.0
1925.0,19,59.0,0.6082474226804123,4.8168236091801955,7,305.0,0.16105246635481849,9,228.0,0.2878040363172991,3,58.0,0.3930809582996379,19,591.0
1930.0,18,91.0,0.9285714285714286,5.368954578713144,2,244.0,0.31031719664002083,15,286.0,0.26306373541597494,1,52.0,0.4281527507303888,18,582.0
1935.0,29,203.0,1.970873786407767,5.008314200685407,1,141.0,0.3122733017298327,20,372.0,0.22401551809155046,8,78.0,0.23810431661085452,29,591.0
1940.0,29,203.0,2.0505050505050506,4.2004897727788295,2,143.0,0.3094956583354063,18,405.0,0.1980838746264872,9,95.0,0.18627092418734414,29,643.0
1945.0,28,129.0,1.303030303030303,4.152674587648671,10,167.0,0.13667788798406322,12,319.0,0.24039323512315677,6,62.0,0.1494890355442224,28,548.0
1950.0,23,131.0,1.3645833333333333,4.964650855474122,14,225.0,0.15395852060787538,6,242.0,0.3224687326100296,3,73.0,0.30508178307017625,23,540.0
1955.0,31,197.0,2.1648351648351647,4.560283890934393,15,244.0,0.125428505796383,9,170.0,0.335903588868812,7,97.0,0.25042922418645014,31,511.0
1960.0,32,207.0,2.3258426966292136,4.0704397946611826,10,203.0,0.16717216306850788,13,165.0,0.22906236881380795,9,108.0,0.1650775041365206,32,476.0
1965.0,19,119.0,1.367816091954023,5.749742875689031,7,140.0,0.23979195844110782,9,166.0,0.39680629318028676,3,73.0,0.3056744268439734,19,379.0
1970.0,11,36.0,0.3956043956043956,5.2801608051254485,5,155.0,0.23413486345863438,3,109.0,0.4092424131738268,3,69.0,0.2775255527222446,11,333.0
1975.0,21,96.0,1.0212765957446808,6.140348909974903,9,195.0,0.2940199947815461,4,53.0,0.42707335194389806,8,99.0,0.3323932987501299,21,347.0
1980.0,21,104.0,1.1685393258426966,4.383747171340495,12,256.0,0.21031693263219,4,37.0,0.268780003829785,5,100.0,0.28092163639780665,21,393.0
1985.0,25,109.0,1.1720430107526882,4.1462033894454295,10,266.0,0.16571670866076424,9,45.0,0.2771139536941361,6,69.0,0.21330649849702094,25,380.0
1990.0,24,123.0,1.3369565217391304,4.956278472673359,8,214.0,0.19787566014814895,12,93.0,0.389085570007577,4,79.0,0.22917727684544428,24,386.0
1995.0,25,112.0,1.1666666666666667,4.28128903692438,8,249.0,0.13078017621986557,5,97.0,0.34709254038683396,12,122.0,0.1341661991110327,25,468.0
2000.0,27,111.0,1.1935483870967742,3.817275114809519,13,304.0,0.17771274196217726,5,53.0,0.28018679729753665,9,143.0,0.226335522865604,27,500.0
2005.0,27,105.0,1.105263157894737,4.191992112699564,16,316.0,0.17220226732691876,6,50.0,0.3577334392398169,5,112.0,0.30005110698552123,27,478.0
2010.0,23,126.0,1.26,4.759943220450811,6,255.0,0.2627339452968219,11,92.0,0.34653367296957344,6,132.0,0.31141783978574805,23,479.0
2015.0,29,219.0,2.085714285714286,4.467180528422939,5,209.0,0.2126679589245916,15,149.0,0.30158561266546,9,171.0,0.1827485632751604,29,529.0
2020.0,31,271.0,2.4862385321100917,3.591809853360583,5,210.0,0.2581838561030713,18,228.0,0.2065152887262383,8,179.0,0.10912653699191427,31,617.0
2025.0,31,218.0,2.0185185185185186,3.8965024044872782,8,240.0,0.23051000059667104,17,267.0,0.1797753034777332,6,139.0,0.22170880870164575,31,646.0
2030.0,29,171.0,1.5981308411214954,4.293481563176931,15,298.0,0.10715080923830343,11,242.0,0.2972861584571867,3,87.0,0.20614493781922333,29,627.0
2035.0,24,123.0,1.2058823529411764,4.838140608719864,14,317.0,0.12867312705093373,5,174.0,0.40489827789343263,5,98.0,0.24240520532629217,24,589.0
2040.0,23,126.0,1.2727272727272727,4.900265250571814,10,276.0,0.1668743274507851,7,139.0,0.45036858357973575,6,122.0,0.12062187082934257,23,537.0
2045.0,24,144.0,1.469387755102041,5.068642404115495,7,198.0,0.21031872562497822,10,122.0,0.35370511029266005,7,130.0,0.14990481555233062,24,450.0
2050.0,20,177.0,1.8829787234042554,5.167820954051396,7,222.0,0.227936164766021,12,158.0,0.34482693443318424,1,82.0,0.2599896789427854,20,462.0
2055.0,21,128.0,1.3473684210526315,4.8301267353074575,11,268.0,0.11137130982609822,8,169.0,0.3345653020210906,2,39.0,0.2634418192498082,21,476.0
2060.0,22,108.0,1.173913043478261,5.24667750983163,13,333.0,0.2288494414872576,7,118.0,0.3704954808948663,2,31.0,0.39621608936856634,22,482.0
2065.0,21,91.0,0.9479166666666666,4.731832695030286,11,330.0,0.23866996430922685,6,53.0,0.35292895752086917,4,20.0,0.3472441452276903,21,403.0
2070.0,21,111.0,1.11,5.66283004656491,8,267.0,0.32872927549155995,9,76.0,0.3684654047691008,4,31.0,0.40489234237991284,21,374.0
2075.0,21,105.0,1.05,5.158700946240605,6,187.0,0.2891322890380252,7,81.0,0.32178560017428004,8,61.0,0.3416482186833343,21,329.0
2080.0,18,65.0,0.6074766355140186,4.594493386399453,5,189.0,0.23093189864876254,6,54.0,0.26715932305896617,7,81.0,0.2505582696844559,18,324.0
2085.0,27,117.0,1.1037735849056605,4.905479745725907,9,226.0,0.1685043581190461,11,71.0,0.3140064531541914,7,83.0,0.2555156299455844,27,380.0
2090.0,25,146.0,1.4455445544554455,4.567639871108062,10,238.0,0.11167595465733439,12,119.0,0.35149235028737713,3,80.0,0.1816869663835719,25,437.0
2095.0,25,121.0,1.2222222222222223,4.331250996706328,4,200.0,0.22354259317072045,10,144.0,0.2789795829756652,11,117.0,0.16031955106271123,25,461.0
2100.0,18,50.0,0.5208333333333334,3.8992265498015564,5,204.0,0.24752651095996575,6,119.0,0.24150344246275562,7,144.0,0.18775266306840538,18,467.0
2105.0,24,116.0,1.1262135922330097,4.9909683076402365,9,244.0,0.2386819380493984,11,87.0,0.34715720790625565,4,121.0,0.3062655511016914,24,452.0
2110.0,21,152.0,1.504950495049505,4.842611617818686,7,245.0,0.2743262364833726,11,110.0,0.32585010531299036,3,122.0,0.35054175576909535,21,477.0
2115.0,29,221.0,2.0275229357798166,4.177675851526708,6,175.0,0.2575482817144197,16,174.0,0.21033974004260866,7,148.0,0.217292813756432,29,497.0
2120.0,30,287.0,2.609090909090909,3.70150370412242,4,162.0,0.27642491359925925,19,258.0,0.15126357485039313,7,148.0,0.21188855707534887,30,568.0
2125.0,38,395.0,3.495575221238938,3.2001914767607476,9,192.0,0.13911661786687068,23,365.0,0.18336881514284784,6,119.0,0.15483888813427335,38,676.0
2130.0,41,566.0,5.099099099099099,2.8872072147295667,13,245.0,0.12183883549674868,24,485.0,0.12944685280935114,4,136.0,0.20037194459334273,41,866.0
2135.0,46,714.0,6.611111111111111,2.463216868642908,12,254.0,0.1134313762439379,24,605.0,0.10127713885887303,10,171.0,0.14144183229305726,46,1030.0
2140.0,39,547.0,4.972727272727273,2.5855374537785996,11,221.0,0.1450459474743975,19,631.0,0.15012162924371056,9,184.0,0.10515152596129151,39,1036.0
2145.0,24,241.0,2.2110091743119265,4.264070832472745,8,221.0,0.20326399023316452,11,503.0,0.3073612235568905,5,147.0,0.17943092619127027,24,871.0
2150.0,17,69.0,0.6160714285714286,5.23932453447937,10,262.0,0.11866359202851738,3,362.0,0.5056692271063356,4,88.0,0.17727136518350584,17,712.0
2155.0,17,80.0,0.7619047619047619,5.216853090848735,9,269.0,0.13931619194326036,4,231.0,0.4605887215896482,4,96.0,0.2432278507212761,17,596.0
2160.0,18,52.0,0.5473684210526316,4.045685102245954,4,211.0,0.1596146267093758,5,206.0,0.29506350599816983,9,124.0,0.11887821513619946,18,541.0
2165.0,21,71.0,0.7553191489361702,4.071324235768165,6,233.0,0.24081009988705745,7,193.0,0.30414558024312865,8,136.0,0.2175008744976788,21,562.0
2170.0,17,65.0,0.6632653061224489,5.061417638243439,10,276.0,0.21711336972448309,5,146.0,0.4221270756456923,2,86.0,0.3478681448369127,17,508.0
2175.0,17,62.0,0.6019417475728155,4.25416081379703,9,275.0,0.13094873355161255,3,26.0,0.36654076187664214,5,88.0,0.20479177456944467,17,389.0
2180.0,17,55.0,0.5445544554455446,4.519382198636648,6,199.0,0.1698303758224412,3,31.0,0.3409128761656367,8,111.0,0.1824548462058101,17,341.0
2185.0,24,58.0,0.5742574257425742,3.4086975279410785,7,216.0,0.2014837403919363,6,31.0,0.22950287320553578,11,119.0,0.15558691722477214,24,366.0
2190.0,21,70.0,0.6730769230769231,4.4717628729823975,8,249.0,0.20528371471050935,8,53.0,0.3074442977403084,5,95.0,0.2676955013409088,21,397.0
2195.0,16,48.0,0.45714285714285713,4.161334169345555,8,231.0,0.13141761960594062,4,49.0,0.2946198037736889,4,88.0,0.19133079191955393,16,368.0
2200.0,17,61.0,0.580952380952381,3.886844226686064,5,170.0,0.14466310723714515,4,55.0,0.29585838627360783,8,122.0,0.11587532017430316,17,347.0
2205.0,22,78.0,0.7878787878787878,3.6451119266733594,4,183.0,0.23990813683948287,9,71.0,0.20205135833981633,9,139.0,0.20004233461100032,22,393.0
2210.0,23,80.0,0.7476635514018691,3.846510983496125,9,217.0,0.15565246778993538,9,97.0,0.26835859212776364,5,102.0,0.2138646949841533,23,416.0
2215.0,24,82.0,0.7663551401869159,4.528687744718413,10,218.0,0.12584069976720824,10,97.0,0.2819911586710139,4,70.0,0.3068370568393749,24,385.0
2220.0,13,36.0,0.34951456310679613,4.381967711060899,5,181.0,0.14830341572942446,6,99.0,0.3308419659130139,2,66.0,0.17128773568551614,13,346.0
2225.0,17,62.0,0.5904761904761905,4.365605624782935,4,170.0,0.24745416749114924,6,97.0,0.23715980987515106,7,93.0,0.23520528706992336,17,360.0
2230.0,23,75.0,0.7281553398058253,3.833602335185546,8,202.0,0.2195760335271495,10,110.0,0.20418332404799042,5,97.0,0.27227663242706857,23,409.0
2235.0,19,61.0,0.5754716981132075,3.767360714607374,8,197.0,0.1105635156801044,7,103.0,0.18075781584608394,4,71.0,0.2484619462759343,19,371.0
2240.0,18,86.0,0.8349514563106796,5.424204091764804,3,143.0,0.2115419923366188,11,110.0,0.3167227580013251,4,45.0,0.2879523223911997,18,298.0
2245.0,23,135.0,1.3106796116504855,5.005689877238042,6,154.0,0.13399583113264407,13,156.0,0.3877893240960329,4,34.0,0.1710323229662974,23,344.0
2250.0,30,254.0,2.514851485148515,4.416289409560896,8,183.0,0.12168514375832329,17,222.0,0.18292578730672934,5,53.0,0.19830395894489677,30,458.0
2255.0,28,206.0,2.3146067415730336,3.207077268398784,9,180.0,0.12234216856536224,15,253.0,0.12751021726068115,4,52.0,0.17238603554152104,28,485.0
2260.0,21,109.0,1.211111111111111,4.236936421898091,6,130.0,0.24024171676677084,10,225.0,0.33029430695461204,5,49.0,0.28068271463797384,21,404.0
2265.0,13,71.0,0.7473684210526316,5.304767987151498,2,101.0,0.32747528899250006,8,172.0,0.3555096410378152,3,58.0,0.3494021744382772,13,331.0
2270.0,22,118.0,1.1132075471698113,5.146380393494677,8,129.0,0.24570322968073577,9,166.0,0.30012172519642555,5,75.0,0.2963767079819852,22,370.0
2275.0,29,218.0,2.1372549019607843,4.18313186305469,11,178.0,0.22191683599004416,13,171.0,0.2504070944162127,5,79.0,0.3125521529182051,29,428.0
2280.0,30,268.0,2.627450980392157,3.595858561203841,11,189.0,0.17552414309966108,16,205.0,0.22124765566162155,3,67.0,0.28171443709510013,30,461.0
2285.0,30,182.0,1.6545454545454545,3.814208746143127,10,158.0,0.18885105915295214,17,244.0,0.23078104740509464,3,66.0,0.2430415511125104,30,468.0
2290.0,23,107.0,0.9469026548672567,4.122891750744218,6,163.0,0.1365269746022538,11,223.0,0.3045165594412739,6,91.0,0.16652770004734518,23,477.0
2295.0,21,93.0,0.8378378378378378,4.21284620614576,10,210.0,0.09629241325025899,5,168.0,0.3207759474626969,6,102.0,0.10877045830309043,21,480.0
2300.0,19,101.0,1.0,4.496452131425042,9,219.0,0.14017199745296738,8,144.0,0.36042001240078414,2,71.0,0.22817414496876817,19,434.0
2305.0,22,76.0,0.7676767676767676,3.8250850756264088,9,187.0,0.12974326270094458,7,159.0,0.29764742646115866,6,83.0,0.12547890388104838,22,429.0
2310.0,20,82.0,0.8367346938775511,4.491273819953889,3,140.0,0.27830144215273606,7,131.0,0.2484398221033838,10,118.0,0.1901234387536576,20,389.0
2315.0,19,100.0,1.0101010101010102,4.359564763567571,3,131.0,0.2619662650246472,11,151.0,0.3178784375276234,5,120.0,0.21745492946532177,19,402.0
2320.0,21,92.0,0.8846153846153846,4.310733564273606,7,156.0,0.20067652917978512,7,150.0,0.29886647076165246,7,86.0,0.24262351158391599,21,392.0
2325.0,17,66.0,0.6346153846153846,4.80183709914185,6,161.0,0.19866988340042294,6,94.0,0.3184068881569824,5,70.0,0.24373248090770386,17,325.0
2330.0,16,85.0,0.794392523364486,4.999101503774949,5,121.0,0.1696143606253197,7,74.0,0.36577917886693556,4,71.0,0.15393882641583345,16,266.0
2335.0,13,45.0,0.4411764705882353,5.527066430799306,3,71.0,0.2580194006358611,8,78.0,0.34306001361104443,2,58.0,0.266565017847326,13,207.0
2340.0,16,72.0,0.72,5.366255891018667,2,58.0,0.34803484295355586,10,80.0,0.25750362810539934,4,66.0,0.26538829562619376,16,204.0
2345.0,18,95.0,0.9134615384615384,5.3258269115216965,2,32.0,0.42330789605615776,12,99.0,0.24769484783226806,4,71.0,0.3101113992786347,18,202.0
2350.0,21,88.0,0.8543689320388349,4.951005655665611,7,50.0,0.3270950380523334,12,125.0,0.2365141329520751,2,59.0,0.3900727923167438,21,234.0
2355.0,22,71.0,0.6761904761904762,4.39503574153461,7,65.0,0.19233810986844888,11,129.0,0.21711054904937158,4,76.0,0.2754864921559058,22,270.0
2360.0,20,107.0,1.0594059405940595,4.274091169813431,2,50.0,0.2222794153611023,13,131.0,0.21153702247825767,5,95.0,0.19692619341140621,20,276.0
2365.0,27,106.0,1.0392156862745099,3.131852014595407,7,64.0,0.17149428465822122,13,173.0,0.20069587390744276,7,98.0,0.08272078663000672,27,335.0
2370.0,25,103.0,1.0098039215686274,4.002849303090698,8,99.0,0.24464925000271556,11,168.0,0.1993948667334508,6,89.0,0.26515722520476076,25,356.0
2375.0,27,125.0,1.2135922330097086,4.2969545559395055,10,118.0,0.24263259456691535,13,175.0,0.2762519525401032,4,86.0,0.29512923849532025,27,379.0
2380.0,31,191.0,1.7053571428571428,4.658164771530181,7,102.0,0.2630638176002558,16,206.0,0.2845930875985695,8,119.0,0.2599298532554989,31,427.0
2385.0,32,266.0,2.353982300884956,4.127070896073378,6,101.0,0.2647874099517197,21,280.0,0.19881422578704722,5,132.0,0.2627726165250586,32,513.0
2390.0,36,387.0,3.365217391304348,3.760533874137277,9,131.0,0.18178258924634674,24,397.0,0.2040732370390986,3,96.0,0.24048398040197175,36,624.0
2395.0,35,503.0,4.451327433628318,3.386849750528975,5,135.0,0.1513312229672535,24,515.0,0.1341674717401278,6,112.0,0.25730444920383483,35,762.0
2400.0,35,642.0,5.783783783783784,3.2504634643396804,2,97.0,0.17496248212204024,24,635.0,0.15220183041716948,9,147.0,0.15301533891156693,35,879.0
2405.0,38,761.0,6.794642857142857,2.725808491932892,4,93.0,0.19155463731288686,24,755.0,0.12263167477608652,10,162.0,0.10841898595178433,38,1010.0
2410.0,33,623.0,5.5625,3.2496795015631244,8,122.0,0.1541910328728145,18,772.0,0.19879250734184098,7,130.0,0.15637311541732046,33,1024.0
2415.0,28,360.0,3.1578947368421053,3.782439020787848,14,183.0,0.09163292687856513,9,614.0,0.2544046100297124,5,106.0,0.1981153746919327,28,903.0
2420.0,24,120.0,1.1009174311926606,4.5762162009716,16,216.0,0.12392861485347907,3,432.0,0.3988043398028703,5,123.0,0.2649331697012871,24,771.0
2425.0,29,103.0,0.944954128440367,4.417245180426454,14,188.0,0.1367855464854254,4,440.0,0.41298243835848736,11,158.0,0.12043155747485874,29,786.0
2430.0,33,165.0,1.5865384615384615,3.810529250742836,10,221.0,0.21166818927323577,8,454.0,0.3070184092483015,15,222.0,0.19485295863145555,33,897.0
2435.0,38,223.0,2.1037735849056602,3.3631608966917557,12,273.0,0.10656067185870204,12,502.0,0.22115168103298508,14,257.0,0.2607580242031044,38,1032.0
2440.0,39,240.0,2.142857142857143,2.8567451228361165,9,284.0,0.11841546012938034,19,579.0,0.16737593087394914,11,234.0,0.20773110064479675,39,1097.0
2445.0,27,164.0,1.4642857142857142,3.6542026519455013,4,223.0,0.1996499133146553,17,554.0,0.23530897602470385,6,225.0,0.2148495674964383,27,1002.0
2450.0,22,100.0,0.8403361344537815,4.448658676974093,1,160.0,0.18787504177845737,9,411.0,0.3766886378355269,12,271.0,0.10658834542595953,22,842.0
2455.0,13,49.0,0.4298245614035088,5.49843392080393,2,125.0,0.3034301664805303,2,135.0,0.47186674670778056,9,276.0,0.1512360519385891,13,536.0
2460.0,11,22.0,0.20952380952380953,4.836667000147656,3,110.0,0.27518022756428717,4,135.0,0.40949859652090653,4,219.0,0.1501049808649872,11,464.0
2465.0,18,73.0,0.6822429906542056,5.23351070602081,7,136.0,0.2789541116004087,8,156.0,0.30250810849386284,3,139.0,0.28235488905930334,18,431.0
2470.0,22,134.0,1.2641509433962264,5.773125053010636,8,140.0,0.2688062253925173,12,211.0,0.36301041653751037,2,109.0,0.42309320394010574,22,460.0
2475.0,22,84.0,0.7706422018348624,4.597221915303639,7,114.0,0.1889958378370121,13,219.0,0.2840526313207865,2,75.0,0.36645475644781306,22,408.0
2480.0,22,64.0,0.5714285714285714,4.957911858543129,4,124.0,0.21837290313810465,11,155.0,0.21744370045706846,7,97.0,0.29125084907155213,22,376.0
2485.0,30,122.0,1.1296296296296295,4.2657628261118035,10,155.0,0.12374025404773419,12,116.0,0.18135502973932688,8,109.0,0.19017145436328875,30,380.0
2490.0,30,181.0,1.846938775510204,4.315957811886416,8,161.0,0.14690959275184243,17,161.0,0.27541829474626683,5,96.0,0.2594387859480911,30,418.0
2495.0,24,248.0,2.556701030927835,5.300431645140755,5,128.0,0.1902194256059674,16,230.0,0.3401341011371874,3,68.0,0.28521625222093716,24,426.0
2500.0,20,179.0,1.8080808080808082,5.351410851334636,5,85.0,0.24293221466381248,13,256.0,0.3103258143817879,2,58.0,0.2434068769609534,20,399.0
2505.0,19,79.0,0.8144329896907216,5.150728317464452,4,93.0,0.3361180074472802,9,218.0,0.21455504155732755,6,80.0,0.28750624969168087,19,391.0
2510.0,27,139.0,1.4183673469387754,4.633147953232861,8,127.0,0.23772645218323257,6,145.0,0.24042712382665601,13,122.0,0.24795269856613847,27,394.0
2515.0,16,65.0,0.6842105263157895,4.680987486972381,7,137.0,0.31259376192503796,3,136.0,0.30375441245012025,6,125.0,0.30095265652613234,16,398.0
2520.0,15,51.0,0.5257731958762887,4.784785847107187,2,92.0,0.25233527046259163,9,154.0,0.3409213960950165,4,84.0,0.23095799848361004,15,330.0
2525.0,21,57.0,0.5480769230769231,4.991100505701846,4,59.0,0.2833184980738901,10,150.0,0.336694497570045,7,111.0,0.16174578261895128,21,320.0
2530.0,23,89.0,0.8557692307692307,5.065551020517594,3,49.0,0.40687617397592524,9,128.0,0.2398734121767094,11,153.0,0.18498690003536736,23,330.0
2535.0,18,61.0,0.5700934579439252,4.350080798382343,2,36.0,0.35367149018455635,7,139.0,0.23074711811111182,9,170.0,0.1732544334150773,18,345.0
2540.0,17,65.0,0.5963302752293578,4.871938803769941,5,54.0,0.340713526344794,9,146.0,0.21213312225478903,3,134.0,0.23886045327938746,17,334.0
2545.0,28,120.0,1.1214953271028036,4.046465144565262,6,63.0,0.1702713990238061,14,186.0,0.2224333809927509,8,155.0,0.11996830705210927,28,404.0
2550.0,32,233.0,2.262135922330097,4.26607168965215,4,55.0,0.27209202736352,20,276.0,0.21519566890762543,8,192.0,0.11230907452281841,32,523.0
2555.0,35,288.0,2.9690721649484537,3.7502314615032786,3,44.0,0.25187555359554753,18,313.0,0.17895275305470665,14,252.0,0.10840123872015768,35,609.0
2560.0,34,277.0,2.797979797979798,3.4112102528951693,1,29.0,0.35143368440377737,16,292.0,0.13152832854814867,17,333.0,0.13451634301983284,34,654.0
2565.0,28,209.0,2.09,4.151687436638957,3,38.0,0.34677397794536624,12,319.0,0.17721609177358144,13,349.0,0.212380043105778,28,706.0
2570.0,25,127.0,1.2574257425742574,3.8657102088032937,4,39.0,0.2216795723828425,10,358.0,0.2503718674911834,11,292.0,0.13876853736843978,25,689.0
2575.0,32,183.0,1.7766990291262137,4.990304796833904,5,40.0,0.26670671481284985,16,424.0,0.30562080802228797,11,214.0,0.2156456048053829,32,678.0
2580.0,30,252.0,2.4705882352941178,4.867191212158569,1,28.0,0.2295994992862601,20,510.0,0.24279176308533476,9,215.0,0.21195630802627016,30,753.0
2585.0,37,387.0,3.7211538461538463,4.709704678709252,4,44.0,0.192911263710354,24,621.0,0.12482287604164274,9,200.0,0.26589421527826257,37,865.0
2590.0,39,519.0,5.463157894736842,3.7448756709872337,3,44.0,0.22247644916564407,31,762.0,0.11151546016203989,5,181.0,0.33361715461793423,39,987.0
2595.0,41,619.0,6.447916666666667,3.1410017308319973,3,35.0,0.1898040045002846,37,939.0,0.09790165491237328,1,150.0,0.3952051989162549,41,1124.0
2600.0,42,625.0,6.313131313131313,3.555263715769208,3,35.0,0.257760590055528,36,1013.0,0.08981935291298303,3,132.0,0.3947539648813439,42,1180.0
2605.0,40,475.0,4.611650485436893,2.986191841296697,4,29.0,0.22171657554764523,32,973.0,0.11045723257976237,4,131.0,0.26886116661242665,40,1133.0
2610.0,37,412.0,3.8867924528301887,3.410555453447283,6,47.0,0.26232487026503176,27,1062.0,0.1498597658131561,4,134.0,0.33715778388074197,37,1243.0
2615.0,36,371.0,3.403669724770642,3.8460267814870392,9,83.0,0.23714032944718902,24,1176.0,0.13419715140406702,3,137.0,0.36316623537424847,36,1396.0
2620.0,37,288.0,2.5714285714285716,3.0061105034489395,13,139.0,0.14814396750444145,15,1168.0,0.13509888728180564,9,166.0,0.15560971650805333,37,1473.0
2625.0,41,308.0,2.8,2.8948929154297955,15,201.0,0.21053490241660974,13,1027.0,0.1497183196822895,13,222.0,0.2442788607218016,41,1450.0
2630.0,45,410.0,3.4166666666666665,3.298150038097083,19,286.0,0.15740329378096432,15,824.0,0.18367980885197352,11,235.0,0.24610926168504452,45,1345.0
2635.0,44,469.0,3.8442622950819674,3.351844518330378,23,393.0,0.17664501407806363,11,862.0,0.17518393033300314,10,204.0,0.2806624246950888,44,1459.0
2640.0,42,473.0,3.814516129032258,3.3917834093316714,22,455.0,0.1235816982665673,11,872.0,0.17906569972621686,9,213.0,0.211493156739397,42,1540.0
2645.0,41,397.0,3.125984251968504,3.5420219184499793,20,449.0,0.14533853448944295,11,817.0,0.20105052232834073,10,235.0,0.13919889903196744,41,1501.0
2650.0,40,360.0,2.9508196721311477,3.5595149748128914,14,522.0,0.21622560430210486,13,701.0,0.17958397596016007,13,291.0,0.20705912033808452,40,1514.0
2655.0,35,268.0,2.161290322580645,3.2055436326170503,15,597.0,0.18519318194483772,12,648.0,0.13681925348704557,8,300.0,0.19932616951387627,35,1545.0
2660.0,28,211.0,1.7295081967213115,3.7377967693543424,14,670.0,0.19845319657230626,9,657.0,0.16126059639683354,5,247.0,0.2484494430003085,28,1574.0
2665.0,25,105.0,0.875,3.1096326317647796,11,672.0,0.09929736010542287,8,598.0,0.1536652054862043,6,179.0,0.21521214472692637,25,1449.0
2670.0,23,76.0,0.628099173553719,3.862012834511434,7,562.0,0.24611587964838508,11,460.0,0.17793423915019127,5,187.0,0.269300434729887,23,1209.0
2675.0,24,83.0,0.664,3.54700134115364,7,581.0,0.21536128032382607,11,486.0,0.1356199008323531,6,214.0,0.2548894015388811,24,1281.0
2680.0,30,102.0,0.816,3.4428261663099273,13,627.0,0.11619495492097022,13,494.0,0.11900110503890192,4,207.0,0.24259050168725932,30,1328.0
2685.0,24,119.0,1.0347826086956522,3.993180478181969,9,621.0,0.14899228174328544,13,525.0,0.16235725434130022,2,167.0,0.3303151013182719,24,1313.0
2690.0,23,98.0,0.8596491228070176,3.5680694067959084,5,541.0,0.16238564487737558,15,502.0,0.18614449145253795,3,177.0,0.14783055443577614,23,1220.0
2695.0,26,96.0,0.8421052631578947,3.468237275837898,3,508.0,0.28005288296833947,17,417.0,0.12539746446064906,6,203.0,0.23166703778458436,26,1128.0
2700.0,35,158.0,1.3620689655172413,3.535056030557133,7,534.0,0.24752404910229261,24,304.0,0.13306457069327365,4,196.0,0.22641537710831147,35,1034.0
2705.0,33,174.0,1.4621848739495797,3.454249024118806,12,581.0,0.22749043593748675,16,356.0,0.1749260495797286,5,167.0,0.28676355087286926,33,1104.0
2710.0,26,101.0,0.8347107438016529,3.33162321147612,10,561.0,0.1663038469773501,13,356.0,0.16613804441510735,3,171.0,0.25202034930717054,26,1088.0
2715.0,24,74.0,0.592,3.327049686224506,8,466.0,0.15176738758581315,10,342.0,0.19100989952907002,6,192.0,0.10247621436218905,24,1000.0
2720.0,28,134.0,1.098360655737705,3.7756135641529975,7,335.0,0.2758723933794735,10,303.0,0.19041048865760313,11,241.0,0.17742974498994937,28,879.0
2725.0,36,120.0,0.9375,2.844965904688263,10,347.0,0.22085193010356707,12,316.0,0.11261418591790445,14,257.0,0.15873480674657736,36,920.0
2730.0,30,120.0,0.9448818897637795,3.7340672847221343,10,392.0,0.20290721201620057,11,296.0,0.15773491305080256,9,223.0,0.19551133980406676,30,911.0
2735.0,31,148.0,1.2333333333333334,3.3172347879938724,9,381.0,0.15486437358672128,14,314.0,0.1379416792549055,8,242.0,0.13647607844641116,31,937.0
2740.0,36,228.0,1.9,3.886038557226645,4,290.0,0.21077030087263715,20,382.0,0.20970547032773146,12,295.0,0.08473786236563957,36,967.0
2745.0,40,348.0,3.107142857142857,3.9987903493932495,2,160.0,0.2969726852244232,27,488.0,0.12217469187511183,11,305.0,0.13833923187424912,40,953.0
2750.0,39,351.0,3.1339285714285716,3.4194283294363865,4,87.0,0.1827903217512597,30,566.0,0.11214984822013276,5,250.0,0.13641634021835147,39,903.0
2755.0,30,257.0,2.3363636363636364,4.3385435652493,0,70.0,0.3948162166387937,26,538.0,0.11535392816496229,4,177.0,0.30211280099626925,30,785.0
2760.0,34,247.0,2.205357142857143,4.840120916574242,4,73.0,0.3851689775920509,27,521.0,0.15782352059429416,3,178.0,0.3265937438678578,34,772.0
2765.0,27,172.0,1.5087719298245614,5.055474830506461,6,80.0,0.3971971361039204,16,567.0,0.21632315567491633,5,197.0,0.3490142364920207,27,844.0
2770.0,23,126.0,1.1454545454545455,4.581221492732147,4,100.0,0.3129098445980309,13,616.0,0.22708343859158123,6,222.0,0.25187743209787095,23,938.0
2775.0,25,100.0,0.9009009009009009,3.356137038860397,6,127.0,0.13301358835660895,10,606.0,0.20439224171437267,9,226.0,0.1361094166885767,25,959.0
2780.0,28,121.0,1.09009009009009,3.8380738862146355,10,164.0,0.18797500309730508,12,543.0,0.20266372610285546,6,200.0,0.2929522912030595,28,907.0
2785.0,38,210.0,1.7355371900826446,3.7690841920432234,15,221.0,0.183119649374117,15,454.0,0.1697528289751589,8,220.0,0.23684069051975606,38,895.0
2790.0,38,284.0,2.347107438016529,3.370128101602839,15,293.0,0.19425925780450437,12,492.0,0.1686734594629313,11,263.0,0.24182315930809356,38,1048.0
2795.0,35,240.0,2.0,2.9564713980700996,16,322.0,0.1469899972312189,13,505.0,0.1666095192885172,6,265.0,0.15423073823477898,35,1092.0
2800.0,36,255.0,2.125,3.6708683203402486,16,325.0,0.1281563273132326,15,515.0,0.22225990770456303,5,220.0,0.156552878137622,36,1060.0
2805.0,38,238.0,2.016949152542373,3.412347940355334,16,391.0,0.1057017001945207,17,525.0,0.188309557783455,5,228.0,0.19567470833795259,38,1144.0
2810.0,46,265.0,2.190082644628099,2.9827100095134003,18,478.0,0.13367218179854062,20,481.0,0.10069801754725985,8,263.0,0.1501427131346005,46,1222.0
2815.0,37,206.0,1.791304347826087,2.930782303920424,12,507.0,0.22706570265068282,17,510.0,0.12233993318431498,8,261.0,0.21022093010156867,37,1278.0
2820.0,19,89.0,0.7807017543859649,3.903566176046117,5,452.0,0.25172360275355254,11,522.0,0.21962056600506596,3,177.0,0.16811542140999602,19,1151.0
2825.0,17,59.0,0.4957983193277311,4.093085191731025,2,420.0,0.2122337553942657,11,502.0,0.19796335128479872,4,128.0,0.2240483379183588,17,1050.0
2830.0,23,76.0,0.6495726495726496,3.594158863271123,7,449.0,0.22319414488136252,15,434.0,0.12157186168376037,1,127.0,0.2855934868995871,23,1010.0
2835.0,32,190.0,1.5447154471544715,3.918587071071531,10,497.0,0.20585508358665733,15,334.0,0.13586888128434754,7,150.0,0.26588550002496736,32,981.0
2840.0,32,238.0,2.0695652173913044,4.019828459055514,7,485.0,0.2786473746645498,21,317.0,0.16747064127127678,4,142.0,0.37964745783548737,32,944.0
2845.0,28,192.0,1.6271186440677967,4.006485558586269,6,395.0,0.20772582108090673,19,357.0,0.25522207846362993,3,88.0,0.30077571395818187,28,840.0
2850.0,27,151.0,1.2377049180327868,4.5312465080857525,6,304.0,0.19636163959999547,17,354.0,0.2681983875495764,4,97.0,0.2373906174172555,27,755.0
2855.0,27,125.0,1.050420168067227,4.186464250432494,4,312.0,0.2065965639167905,14,324.0,0.23425024469462669,9,124.0,0.11972583160225461,27,760.0
2860.0,39,230.0,1.9491525423728813,3.790337609564184,11,352.0,0.14160573851780334,20,335.0,0.1620612658506765,8,127.0,0.09683790814727787,39,814.0
2865.0,35,208.0,1.9259259259259258,3.843118994519839,10,360.0,0.18105277414570395,20,372.0,0.1556581445254378,5,81.0,0.20665526611925314,35,813.0
2870.0,26,128.0,1.2190476190476192,3.8557535188125973,4,303.0,0.2696296861815743,16,358.0,0.1954417896502695,6,107.0,0.2187563871318189,26,768.0
2875.0,24,93.0,0.8454545454545455,4.571830638174793,3,212.0,0.35949893426340873,11,389.0,0.20572699279303577,10,144.0,0.21062998012440023,24,745.0
2880.0,24,136.0,1.2142857142857142,3.946412229326428,2,206.0,0.28746638819723347,10,364.0,0.19805822579862334,12,201.0,0.0939859095923811,24,771.0
2885.0,40,237.0,2.0973451327433628,3.0203152189012394,7,225.0,0.17224512046923493,15,365.0,0.15206786151981574,18,279.0,0.08886167689364816,40,869.0
2890.0,35,221.0,2.0654205607476634,2.865377352141928,5,211.0,0.2944628771824499,15,333.0,0.10007819355342171,15,306.0,0.1878409141019473,35,850.0
2895.0,29,112.0,0.9739130434782609,3.682182543735934,3,147.0,0.32835443645044926,15,363.0,0.22377295315447668,11,241.0,0.17805337646404296,29,751.0
2900.0,21,99.0,0.825,4.685848457432039,3,78.0,0.3651054079069837,9,375.0,0.21986026748265372,9,187.0,0.21221254393365213,21,640.0
2905.0,27,93.0,0.75,3.974741076289685,6,56.0,0.2843473783312339,9,349.0,0.1761582111603749,12,210.0,0.15652687521737685,27,615.0
2910.0,30,134.0,1.1260504201680672,4.237835313363172,4,60.0,0.4128495991372044,13,299.0,0.1492738724026284,13,267.0,0.2137275438438042,30,626.0
2915.0,32,233.0,2.043859649122807,3.936630823324626,4,75.0,0.4201938531460275,16,233.0,0.1304554021111061,12,329.0,0.23688890554508743,32,637.0
2920.0,32,235.0,1.9421487603305785,3.6043372237395808,7,96.0,0.40051682760768326,15,275.0,0.13061499034575724,10,328.0,0.22835372934855358,32,699.0
2925.0,24,106.0,0.8688524590163934,4.133002780717662,1,59.0,0.3505168512498871,16,293.0,0.19671522905367417,7,268.0,0.1990203634656111,24,620.0
2930.0,28,140.0,1.1111111111111112,4.229842963482924,7,31.0,0.17126517360041163,14,305.0,0.20094896529877682,7,299.0,0.12955780524148333,28,635.0
2935.0,45,227.0,1.956896551724138,3.3422922769003236,15,89.0,0.15874984059696262,16,324.0,0.1662356982919286,14,354.0,0.11413160479622587,45,767.0
2940.0,44,215.0,1.9545454545454546,2.1958625987016207,12,127.0,0.18351749933701691,20,308.0,0.10071470196555522,12,372.0,0.14451838997084057,44,807.0
2945.0,30,135.0,1.1538461538461537,3.8109204221852613,9,130.0,0.2988131414409888,14,341.0,0.20251913312836098,7,322.0,0.23762686694060411,30,793.0
2950.0,26,105.0,0.8536585365853658,4.1230056591704045,9,165.0,0.21672601300549735,12,339.0,0.1987363577994213,5,233.0,0.21827977559668452,26,737.0
2955.0,36,183.0,1.4186046511627908,4.465052321923636,14,223.0,0.09014137151658806,16,336.0,0.18275231629263672,6,180.0,0.2516650072916027,36,739.0
2960.0,31,209.0,1.7563025210084033,4.169217049761158,10,248.0,0.15003325043934942,19,414.0,0.17231319367668424,2,160.0,0.29824062498104886,31,822.0
2965.0,36,202.0,1.7413793103448276,3.694665255936964,6,216.0,0.1595355109698405,21,452.0,0.13739486026915032,9,170.0,0.17644060024947097,36,838.0
2970.0,39,241.0,2.2314814814814814,3.421642336469414,6,214.0,0.2668084975099664,24,447.0,0.09250107849587892,9,212.0,0.2807670670375944,39,873.0
2975.0,43,304.0,2.7889908256880735,3.745762744493181,6,245.0,0.27417738092464505,24,427.0,0.1307335991834855,13,265.0,0.2885591713823696,43,937.0
2980.0,34,258.0,2.263157894736842,4.060265652397617,4,234.0,0.3043835293878307,20,436.0,0.1981462401884009,10,268.0,0.2750643979259826,34,938.0
2985.0,23,135.0,1.2053571428571428,4.557927832338268,2,210.0,0.342276522611246,13,456.0,0.25525308699766813,8,211.0,0.3120033869940722,23,877.0
2990.0,26,99.0,0.825,4.656263643048603,7,237.0,0.1984705190526004,8,416.0,0.25113187215450306,11,194.0,0.2551720459107737,26,847.0
2995.0,31,168.0,1.435897435897436,4.607990493731908,10,277.0,0.13118796514094644,14,426.0,0.24741478575367892,7,200.0,0.23923478870557585,31,903.0
3000.0,41,264.0,2.4444444444444446,3.270717374941168,11,292.0,0.06443626809505155,20,492.0,0.08755336173723033,10,246.0,0.11165960265202306,41,1030.0
3005.0,42,285.0,2.7941176470588234,2.711516755688937,8,259.0,0.1473748447676325,21,519.0,0.0922111296135554,13,300.0,0.13215055299135536,42,1078.0
3010.0,40,316.0,3.191919191919192,3.434492722529092,7,199.0,0.21978841634631952,18,490.0,0.15345835688323778,15,371.0,0.2217616779182339,40,1060.0
3015.0,28,229.0,2.1203703703703702,4.14551096827122,4,206.0,0.2740727680171922,12,392.0,0.19152251221463487,12,376.0,0.24587250043793943,28,974.0
3020.0,22,120.0,1.1428571428571428,5.535471133075135,7,235.0,0.3629144282740821,7,335.0,0.3870090461441585,8,312.0,0.30713651066532843,22,882.0
3025.0,20,88.0,0.822429906542056,5.0269189322504735,5,224.0,0.2855492990490519,7,235.0,0.38497008596924315,8,224.0,0.2696167324757817,20,683.0
3030.0,18,109.0,1.028301886792453,6.20729259690988,5,183.0,0.34366430761932426,5,170.0,0.48573010755754525,8,188.0,0.37100356438185705,18,541.0
3035.0,15,111.0,1.0471698113207548,5.932675803401051,4,182.0,0.3014476629311174,5,144.0,0.5189225035000863,6,204.0,0.38042447299056953,15,530.0
3040.0,21,168.0,1.5,5.398444275019571,8,211.0,0.19674796371562375,7,142.0,0.47802591415907303,6,233.0,0.30685227021905404,21,586.0
3045.0,20,195.0,1.8396226415094339,4.7741504292558075,7,208.0,0.20113432240453558,7,161.0,0.440934394131212,6,230.0,0.29823568861995703,20,599.0
3050.0,14,37.0,0.3557692307692308,3.508213344425864,5,154.0,0.15846260335725884,5,120.0,0.3083633086648793,4,187.0,0.18902691953034076,14,461.0
3055.0,14,49.0,0.46226415094339623,5.182997341238182,4,102.0,0.1997041126475302,7,57.0,0.5274110589269964,3,189.0,0.2071231353385642,14,348.0
3060.0,14,66.0,0.6285714285714286,4.939846776378397,2,80.0,0.24860601633508198,3,49.0,0.3724259767876733,9,217.0,0.13161913571997638,14,346.0
3065.0,19,112.0,1.0769230769230769,4.715065101480761,1,56.0,0.3612464744687908,4,39.0,0.33431747148525087,14,275.0,0.17596113082107848,19,370.0
3070.0,26,151.0,1.5252525252525253,4.7454128833528,8,75.0,0.35042673012632886,4,47.0,0.4038492863244235,14,296.0,0.16738030843003746,26,418.0
3075.0,24,127.0,1.2450980392156863,3.815540080773996,12,127.0,0.22212045556493595,1,27.0,0.37137460229420205,11,213.0,0.12042840902059129,24,367.0
3080.0,28,144.0,1.469387755102041,4.395523891588328,13,161.0,0.14985069307025922,5,24.0,0.46157487961582394,10,197.0,0.1987936449381204,28,382.0
3085.0,29,120.0,1.1650485436893203,4.290439401300271,12,134.0,0.11778653657105123,7,60.0,0.48005606528649136,10,222.0,0.15857519666131997,29,416.0
3090.0,32,173.0,1.73,3.9897563473608413,12,184.0,0.18834309948750722,9,99.0,0.2986843949325519,11,273.0,0.18139857999686376,32,556.0
3095.0,33,226.0,2.329896907216495,3.373475570966421,13,238.0,0.12581543078779991,12,150.0,0.15817735104238867,8,283.0,0.1683183935496875,33,671.0
3100.0,28,152.0,1.5670103092783505,2.893474406693379,10,253.0,0.11053490628211224,11,173.0,0.1985257924377457,7,241.0,0.168691616933337,28,667.0
3105.0,13,52.0,0.5306122448979592,5.456039553450626,4,212.0,0.26069675481532745,4,143.0,0.5066524295525064,5,174.0,0.2959552991938644,13,529.0
3110.0,8,30.0,0.2830188679245283,5.253183575272128,1,206.0,0.22842185568395365,4,71.0,0.48861406152013737,3,163.0,0.2601735108669586,8,440.0
3115.0,20,104.0,0.9904761904761905,4.9596636826111835,8,231.0,0.19640991174469946,4,62.0,0.5549198030445633,8,195.0,0.24295352261690167,20,488.0
3120.0,30,175.0,1.7676767676767677,3.058427964689016,13,283.0,0.0948707248531294,2,33.0,0.19784506750819472,15,255.0,0.14999277858287285,30,571.0
3125.0,36,195.0,1.911764705882353,3.0240473048371665,13,294.0,0.12015824869820538,8,39.0,0.12563701349464493,15,280.0,0.15688247669933345,36,613.0
3130.0,29,159.0,1.6391752577319587,3.747989891952913,11,230.0,0.15810076677469204,8,83.0,0.3704601525589938,10,222.0,0.14609314443321178,29,535.0
3135.0,21,82.0,0.7961165048543689,4.641686738015333,9,182.0,0.14868524562415955,3,78.0,0.5388213046699427,9,178.0,0.1707112719896555,21,438.0
3140.0,11,41.0,0.39805825242718446,6.380212423097069,6,213.0,0.25411429168934074,1,33.0,0.7368190424515629,4,144.0,0.34442343887118654,11,390.0
3145.0,25,90.0,0.8411214953271028,5.724460037659903,14,261.0,0.1854063607819217,3,12.0,0.605586274679839,8,119.0,0.3455016765432681,25,392.0
3150.0,18,125.0,1.2254901960784315,5.619282228441617,15,334.0,0.18175628251375936,3,27.0,0.588581847821422,0,93.0,0.42184622600295824,18,454.0
3155.0,25,152.0,1.6,4.626810518897062,15,350.0,0.14786804836468256,3,42.0,0.3456712131592709,7,108.0,0.3671237546662981,25,500.0
3160.0,26,144.0,1.5,3.9162449356178812,14,314.0,0.15124244978156737,5,67.0,0.3712550652106576,7,120.0,0.26125703835747766,26,501.0
3165.0,19,131.0,1.3936170212765957,3.9472794354723235,10,333.0,0.15247078976393674,5,94.0,0.4947056186260119,4,95.0,0.20359412895959528,19,522.0
3170.0,28,179.0,1.7378640776699028,3.848388958029009,14,397.0,0.08543875153452343,10,132.0,0.38421314972123877,4,89.0,0.1885726130840738,28,618.0
3175.0,30,247.0,2.494949494949495,3.7892398703443377,13,418.0,0.12656853295828205,10,180.0,0.29881026157111396,7,115.0,0.2996005061412094,30,713.0
3180.0,25,257.0,2.6770833333333335,3.0962493576663106,6,359.0,0.14106277887967714,13,229.0,0.10550829022595065,6,117.0,0.24105000346037145,25,705.0
3185.0,21,272.0,2.6930693069306932,4.384775354145198,5,276.0,0.19324257501102815,10,277.0,0.37763186896677814,6,92.0,0.19632555099641721,21,645.0
3190.0,14,78.0,0.7428571428571429,5.200264393500616,4,235.0,0.26056629578212315,6,222.0,0.4453326009190558,4,92.0,0.2404333005400406,14,549.0
3195.0,18,94.0,0.8545454545454545,5.753152981974278,4,181.0,0.28460487509384674,6,121.0,0.3823510266834509,8,118.0,0.2108309080845952,18,420.0
3200.0,19,60.0,0.5825242718446602,5.232292258372453,3,159.0,0.3640006431902638,7,95.0,0.279982609331581,9,130.0,0.21889554135632552,19,384.0
3205.0,23,55.0,0.5445544554455446,4.575209395725234,9,174.0,0.2659646782111758,8,88.0,0.24006294809681308,6,104.0,0.20477438535813317,23,366.0
3210.0,21,129.0,1.34375,4.840212018941167,14,229.0,0.24876620642120167,5,84.0,0.3561878720693512,2,117.0,0.3053425489642682,21,430.0
3215.0,28,189.0,2.0106382978723403,3.7623388652381142,15,262.0,0.14944155666322279,5,94.0,0.33564010222196805,8,146.0,0.22394082656217937,28,502.0
3220.0,32,197.0,1.97,3.4791355665996746,14,244.0,0.17937966503888406,7,118.0,0.30085625115339065,11,156.0,0.15390031649226166,32,518.0
3225.0,22,192.0,1.92,3.9321018235604748,10,273.0,0.18410730113121024,7,155.0,0.36752291751772587,5,121.0,0.2053854053119436,22,549.0
3230.0,23,79.0,0.7247706422018348,4.25766351342427,14,335.0,0.12375233285459049,3,117.0,0.45092485199314447,6,78.0,0.17607189404217727,23,530.0
3235.0,14,39.0,0.37142857142857144,4.62517643456988,9,345.0,0.13814638067773127,1,26.0,0.580690030441928,4,95.0,0.2434463865079117,14,466.0
3240.0,19,51.0,0.49514563106796117,4.680570038866978,6,264.0,0.16385741895349437,5,21.0,0.3668453715376217,8,127.0,0.16015089433780605,19,412.0
3245.0,13,36.0,0.3564356435643564,4.096987887855049,4,265.0,0.16499251617845162,2,24.0,0.38862614898739456,7,137.0,0.163737394921666,13,426.0
3250.0,12,41.0,0.4270833333333333,4.881722129186847,7,296.0,0.16043306895992276,0,8.0,0.7430188039992207,5,114.0,0.27555120187531734,12,418.0
3255.0,11,33.0,0.336734693877551,4.313989790753857,8,284.0,0.10985518593046825,0,4.0,0.5337734944662308,3,81.0,0.24659227640254072,11,369.0
3260.0,12,32.0,0.32989690721649484,5.032017598856829,5,218.0,0.19872736160048415,5,23.0,0.5777330104260116,2,83.0,0.26382551901847445,12,324.0
3265.0,12,25.0,0.24509803921568626,4.4692118677621435,3,133.0,0.17262558292626598,2,23.0,0.4188005861008809,7,103.0,0.16548190965338969,12,259.0
3270.0,18,87.0,0.87,4.708188995929199,2,140.0,0.21114127256707846,2,10.0,0.5892177311899228,14,159.0,0.20460010940808945,18,309.0
3275.0,25,126.0,1.3125,4.151040700472678,9,169.0,0.174714122798947,2,18.0,0.5193907480147828,14,190.0,0.22348679657269171,25,377.0
3280.0,21,80.0,0.8163265306122449,3.3673810731745126,8,172.0,0.16702706341901644,1,5.0,0.3506267961607418,12,182.0,0.16644760354522503,21,359.0
3285.0,25,76.0,0.7676767676767676,4.144372292139684,5,114.0,0.2461518469754004,7,29.0,0.4888443176822672,12,219.0,0.16005897254467052,24,362.0
3290.0,20,61.0,0.5648148148148148,4.437041986533414,5,70.0,0.21507168429233087,2,32.0,0.4383482984330933,13,282.0,0.10330345231703339,20,384.0
3295.0,19,83.0,0.7830188679245284,5.419100123878935,3,56.0,0.3162697524820599,4,32.0,0.5861690035663062,12,298.0,0.18072556995302202,19,386.0
3300.0,14,80.0,0.8080808080808081,5.372755786142055,2,43.0,0.3008295887575841,5,53.0,0.5271599191820465,7,248.0,0.2128600813785151,14,344.0
3305.0,6,15.0,0.14563106796116504,5.003352638014102,1,24.0,0.3804111091168618,0,37.0,0.47354423899370574,5,250.0,0.1662396759281612,6,311.0
3310.0,20,73.0,0.7227722772277227,4.72261017651388,6,41.0,0.35711304067965915,4,49.0,0.33241370045874513,10,291.0,0.15373571684667003,20,381.0
3315.0,27,116.0,1.1262135922330097,3.1578898680810146,13,92.0,0.1828738951150589,5,62.0,0.11290788787783587,9,287.0,0.11134692378566476,27,441.0
3320.0,27,129.0,1.3578947368421053,3.7225813172721254,14,133.0,0.2097176021737505,6,85.0,0.34946200549443235,7,245.0,0.20526023079197483,27,463.0
3325.0,25,72.0,0.7128712871287128,4.08229087589269,13,140.0,0.17105326967817852,6,65.0,0.3966784094079796,6,176.0,0.16280030835494416,25,381.0
3330.0,14,47.0,0.4519230769230769,6.004568942925717,8,127.0,0.28562084979612645,5,39.0,0.6014037174676573,1,177.0,0.21470601525294475,14,343.0
3335.0,14,72.0,0.7128712871287128,5.681215775908663,1,125.0,0.30077263748569366,6,62.0,0.4332706654689569,7,200.0,0.16404870668488156,14,387.0
3340.0,26,133.0,1.4,3.9180933597562024,4,139.0,0.26013720072273944,13,106.0,0.03971100017856993,9,206.0,0.16591549082542603,26,451.0
3345.0,21,102.0,1.1724137931034482,3.8443984074728617,5,139.0,0.22304375802046164,10,135.0,0.2361119379951353,6,160.0,0.22654736388299243,21,434.0
3350.0,12,36.0,0.3870967741935484,5.135972679465068,4,108.0,0.25122406150638205,3,112.0,0.456278994403677,5,101.0,0.2636575548318379,12,321.0
3355.0,9,19.0,0.19791666666666666,6.234116077373609,5,104.0,0.3601809683749219,2,62.0,0.6093561538171036,2,108.0,0.3335311740467061,9,274.0
3360.0,19,86.0,0.9148936170212766,5.2925547515554205,10,138.0,0.2524826185093129,2,45.0,0.4862612574236792,7,131.0,0.24658658698025618,19,314.0
3365.0,18,68.0,0.7083333333333334,3.742781212305785,9,145.0,0.17561758848324732,2,22.0,0.2921456766233598,7,138.0,0.21131012521535467,18,305.0
3370.0,16,55.0,0.5978260869565217,4.652963190766422,5,111.0,0.20474316905861156,7,52.0,0.4058052844041633,4,105.0,0.22558232894073016,16,268.0
3375.0,14,30.0,0.3125,5.380351928837814,5,56.0,0.2057937141881206,4,57.0,0.529538766605969,5,56.0,0.22656033338692677,14,169.0
3380.0,6,26.0,0.26804123711340205,7.455712812507308,3,50.0,0.4090763787528245,0,19.0,0.6853432313887241,3,44.0,0.3935550831435533,6,113.0
3385.0,12,7.0,0.0707070707070707,6.34457001585279,5,47.0,0.36196368169927196,2,0.0,0.6402997380527582,5,31.0,0.2986844821291693,12,78.0
3390.0,18,64.0,0.6530612244897959,5.989667753986679,9,77.0,0.31984245056542665,2,3.0,0.45106010661446977,7,58.0,0.2878301446175336,18,138.0
3395.0,24,92.0,1.0337078651685394,3.854244486647978,7,98.0,0.2065605665910217,8,32.0,0.14382567588634512,9,83.0,0.21109072467909454,24,213.0
3400.0,22,64.0,0.7272727272727273,3.667113537323897,6,90.0,0.18290975956657024,8,65.0,0.26785277978947475,8,75.0,0.16516941263372856,22,230.0
3405.0,9,33.0,0.36666666666666664,5.892207094345892,4,83.0,0.3645299310900781,1,51.0,0.6123616167056709,4,93.0,0.2621573314862206,9,227.0
3410.0,12,40.0,0.40404040404040403,5.466813059638201,2,56.0,0.36944156036756454,0,23.0,0.5150006651810717,10,131.0,0.21098266813920474,12,210.0
3415.0,20,68.0,0.7083333333333334,4.838036501412397,7,80.0,0.3013360640288045,2,20.0,0.3965963008001007,11,153.0,0.20492430830171562,20,253.0
3420.0,20,69.0,0.7752808988764045,3.8431331205903425,7,97.0,0.19206655366460584,8,47.0,0.19780031070198684,5,132.0,0.14588741218467471,20,276.0
3425.0,17,49.0,0.532608695652174,4.6972153761230935,7,87.0,0.19773958915864676,5,60.0,0.4393392622418718,5,107.0,0.21785594882133874,17,254.0
3430.0,4,20.0,0.21739130434782608,6.579105627374326,2,61.0,0.35812991553723084,0,27.0,0.6858771600549854,2,110.0,0.3038474569558842,4,198.0
3435.0,13,58.0,0.58,5.695277259899115,3,50.0,0.4171886370204212,3,32.0,0.4217216351815117,7,132.0,0.18444600342148817,13,214.0
3440.0,21,105.0,1.1170212765957446,4.7544661132682995,0,24.0,0.4772278258130283,8,61.0,0.2290673126176781,13,184.0,0.16631951866667094,21,269.0
3445.0,32,123.0,1.2947368421052632,2.9997160297979066,9,33.0,0.20586798355623964,9,76.0,0.08453130863671471,14,214.0,0.09370708100957645,32,323.0
3450.0,26,128.0,1.391304347826087,4.429072746581381,11,82.0,0.26136302405125794,4,56.0,0.3027664552711255,11,205.0,0.21204448157462244,26,343.0
3455.0,20,102.0,1.1590909090909092,4.1041456711582125,8,104.0,0.2821077418485729,2,37.0,0.425697442722196,10,240.0,0.1793965161644015,20,381.0
3460.0,23,71.0,0.7244897959183674,4.289848282434213,8,86.0,0.330538792845048,2,26.0,0.4553551170612891,13,293.0,0.1058381614614791,23,405.0
3465.0,20,79.0,0.8404255319148937,4.3106659959508375,3,81.0,0.3521210134290411,6,46.0,0.36323371423255973,11,306.0,0.13114558217158742,20,433.0
3470.0,20,56.0,0.5833333333333334,3.8004976605913794,5,98.0,0.15743510816513034,6,60.0,0.27840549800471165,9,247.0,0.11094911964198917,20,405.0
3475.0,21,84.0,0.8936170212765957,4.35594498982888,12,146.0,0.23128656119582722,2,44.0,0.36877615609791387,7,272.0,0.20829353508517667,21,462.0
3480.0,23,113.0,1.2282608695652173,3.9770232167556476,12,170.0,0.21214254106266536,1,28.0,0.4961373364356216,10,310.0,0.13428837551944284,23,508.0
3485.0,20,76.0,0.7916666666666666,3.71967724913092,8,160.0,0.23247602761431746,2,20.0,0.417800639748359,10,307.0,0.12236406753118187,20,487.0
3490.0,22,68.0,0.723404255319149,4.401785480061629,9,158.0,0.23914229878156915,7,45.0,0.4334427514576683,6,252.0,0.17016025375134677,22,455.0
3495.0,23,110.0,1.1111111111111112,4.571453219005639,9,194.0,0.13715137241823477,9,84.0,0.42219563550363143,5,168.0,0.18474643698380647,23,446.0
3500.0,13,47.0,0.49473684210526314,4.334045047715734,8,202.0,0.1703019645856857,3,81.0,0.3820450180326606,2,174.0,0.22433253048675184,13,457.0
3505.0,15,29.0,0.29292929292929293,4.425199445763907,3,134.0,0.21977981054058296,3,41.0,0.3525098592250967,9,201.0,0.19056565770288758,15,376.0
3510.0,10,31.0,0.3263157894736842,5.241661434203623,2,131.0,0.33225151671648134,2,17.0,0.5986741689378816,6,198.0,0.21312276135162625,10,346.0
3515.0,11,48.0,0.5161290322580645,5.23638355525396,7,156.0,0.2905488155632828,2,23.0,0.5602699652598625,2,151.0,0.24538494184897328,11,330.0
3520.0,16,84.0,0.865979381443299,4.499495008869674,11,204.0,0.19056053069130488,1,9.0,0.49752266892443064,4,90.0,0.22546881467570057,16,303.0
3525.0,16,78.0,0.8210526315789474,4.341816513679808,11,214.0,0.1567891401403885,3,19.0,0.5197858342710286,2,95.0,0.23373556058137945,16,328.0
3530.0,20,69.0,0.69,3.954576784840756,7,174.0,0.14499024606329372,4,26.0,0.3758542770139632,9,127.0,0.17512437571930492,20,327.0
3535.0,20,76.0,0.7835051546391752,4.3443630970351785,10,218.0,0.2224157064539053,2,21.0,0.5315410275380322,8,137.0,0.2369343782906521,20,376.0
3540.0,23,99.0,1.0421052631578946,4.081371427536942,15,275.0,0.17287500580808723,2,25.0,0.5545774698692465,6,106.0,0.19989574302180646,23,406.0
3545.0,21,66.0,0.673469387755102,3.3091766990284253,13,295.0,0.12945566510344034,1,8.0,0.46381327775823256,7,134.0,0.16958763837056892,21,437.0
3550.0,22,85.0,0.8762886597938144,4.0528619963144905,7,258.0,0.16367408376905931,3,17.0,0.6503690397072514,12,182.0,0.1394215985211463,22,457.0
3555.0,21,68.0,0.6938775510204082,3.501348857293683,9,296.0,0.14288214851446257,1,14.0,0.5327337080111914,11,201.0,0.09867232723333726,21,511.0
3560.0,20,72.0,0.7578947368421053,4.215150919806896,13,346.0,0.1866582826331822,0,4.0,0.7374374557443808,7,175.0,0.19758166781618364,20,525.0
3565.0,23,59.0,0.6020408163265306,3.693065345588998,13,351.0,0.08535844638945095,4,8.0,0.5623561141347564,6,116.0,0.17473411724837706,23,475.0
3570.0,13,46.0,0.4742268041237113,4.570257616458854,8,295.0,0.16765734876210547,3,24.0,0.6134915769396093,2,127.0,0.21846648709290215,13,446.0
3575.0,14,51.0,0.5368421052631579,4.959596449041309,7,223.0,0.2076377387604448,0,19.0,0.640301949089262,7,147.0,0.17221313146442502,14,389.0
3580.0,13,33.0,0.336734693877551,4.865240693873709,4,221.0,0.2634390193741847,2,8.0,0.5473900783844611,7,153.0,0.20574340934640636,13,382.0
3585.0,13,47.0,0.5,5.213245022202921,7,249.0,0.26961483890130955,2,18.0,0.6829028379690735,4,120.0,0.24940231882783215,13,387.0
3590.0,15,53.0,0.5408163265306123,3.9914952126379495,8,244.0,0.16200615297835522,4,30.0,0.48091084396174827,3,60.0,0.2004276716124901,15,334.0
3595.0,9,62.0,0.6391752577319587,4.702755959148078,4,194.0,0.22339502636951325,4,50.0,0.5954303604870107,1,63.0,0.22706379842668617,9,307.0
3600.0,10,28.0,0.2828282828282828,4.3128852180488,3,177.0,0.18159897933037805,0,20.0,0.5362369693788321,7,87.0,0.1514337789012833,10,284.0
