step,system_total_stopped,system_total_waiting_time,system_mean_waiting_time,system_mean_speed,A0_stopped,A0_accumulated_waiting_time,A0_average_speed,B0_stopped,B0_accumulated_waiting_time,B0_average_speed,C0_stopped,C0_accumulated_waiting_time,C0_average_speed,agents_total_stopped,agents_total_accumulated_waiting_time
5.0,0,0.0,0.0,6.928732917729454,0,0.0,0.40931542602599796,0,0.0,0.5960568470515009,0,0.0,0.5197955647041083,0,0.0
10.0,1,0.0,0.0,10.669070750958637,1,0.0,0.6887108968913584,0,0.0,0.9018796558444928,0,0.0,0.7801946930354284,1,0.0
15.0,0,0.0,0.0,8.932608660905704,0,0.0,0.6629002629541395,0,0.0,0.17831867209127975,0,0.0,0.5386503102180793,0,0.0
20.0,2,6.0,0.3157894736842105,9.834498024676886,0,0.0,0.7460117232752518,1,5.0,0.6604034138716124,1,1.0,0.6364864345446023,2,6.0
25.0,11,17.0,0.6296296296296297,5.584803995701713,3,0.0,0.4793438771761676,4,11.0,0.15784130764369247,4,6.0,0.32283299099529533,11,17.0
30.0,2,8.0,0.2962962962962963,8.510427085176037,2,8.0,0.6086980099123438,0,4.0,0.5905787051401045,0,0.0,0.6258037188486756,2,12.0
35.0,3,20.0,0.6896551724137931,9.257136912314603,2,18.0,0.49882731115000467,1,4.0,0.7314657477958827,0,0.0,0.6488088272695347,3,22.0
40.0,3,6.0,0.16666666666666666,8.431491430510468,1,4.0,0.5226835712427711,0,2.0,0.7793269423816329,2,6.0,0.48660482467449256,3,12.0
45.0,2,6.0,0.17142857142857143,9.951135864638157,2,6.0,0.5767311307310524,0,0.0,0.8907182538986126,0,2.0,0.7048119938647947,2,8.0
50.0,5,9.0,0.225,7.6474527499289735,4,12.0,0.415485651382239,0,0.0,0.3957532605686684,1,7.0,0.5858792650360912,5,19.0
55.0,5,9.0,0.225,8.46419207220693,2,10.0,0.4956344708855461,2,5.0,0.6153172161917427,1,1.0,0.7511542095230644,5,16.0
60.0,3,14.0,0.358974358974359,8.802844242850993,1,5.0,0.5142377313474474,2,17.0,0.6682700058586739,0,0.0,0.7099242859090378,3,22.0
65.0,7,38.0,0.8260869565217391,7.122658436289663,4,18.0,0.29447533713374646,2,27.0,0.6402335683619489,1,1.0,0.5490592124826903,7,46.0
70.0,13,68.0,1.5813953488372092,5.616801472184881,5,34.0,0.30566721957114723,4,42.0,0.4381485953620315,4,13.0,0.3969370674264359,13,89.0
75.0,8,18.0,0.375,4.659188053004928,4,35.0,0.238694522378306,2,24.0,0.3529247778398225,2,17.0,0.2707886824476431,8,76.0
80.0,5,22.0,0.44,8.38683013869123,2,38.0,0.45446821276177296,2,20.0,0.7133614840201612,1,8.0,0.6920894053556356,5,66.0
85.0,13,22.0,0.3793103448275862,7.202696333870253,6,50.0,0.34593713438069645,3,12.0,0.5512081678712756,4,6.0,0.4719137198830166,13,68.0
90.0,10,63.0,1.1886792452830188,6.929883960352058,6,76.0,0.318145305989247,2,19.0,0.47904564398765953,2,14.0,0.5767394327104394,10,109.0
95.0,10,47.0,0.94,5.036774630927996,8,92.0,0.23215611443669765,2,17.0,0.27200229245456525,0,9.0,0.5106204747105823,10,118.0
100.0,11,37.0,0.6981132075471698,6.880390214765488,7,92.0,0.31065585770215154,2,16.0,0.5845199800591897,2,6.0,0.5658834726878996,11,114.0
105.0,8,45.0,0.8035714285714286,8.235394676473472,6,83.0,0.36054334849938036,2,19.0,0.7778491940367182,0,2.0,0.7173201002952653,8,104.0
110.0,9,40.0,0.6349206349206349,7.317665123240439,4,84.0,0.2983747551318601,4,28.0,0.5409261242439969,1,7.0,0.6473678668778208,9,119.0
115.0,14,86.0,1.4333333333333333,6.6573192249239685,6,111.0,0.296598629390256,4,48.0,0.48603757288173827,4,16.0,0.5201812925381286,14,175.0
120.0,5,16.0,0.3018867924528302,4.979597115507539,3,116.0,0.26284984622350116,1,20.0,0.33276662212255026,1,11.0,0.4838272944179238,5,147.0
125.0,8,31.0,0.5081967213114754,7.185745850667256,5,93.0,0.28041111983022543,1,10.0,0.6304027469585364,2,9.0,0.5256397052130114,8,112.0
130.0,10,45.0,0.7377049180327869,7.687857991590512,5,77.0,0.25658797341774886,3,21.0,0.7190556606623191,2,5.0,0.46930239491942355,10,103.0
135.0,8,27.0,0.4090909090909091,6.539269608139058,2,67.0,0.21952161725873445,0,9.0,0.6069781136974638,6,24.0,0.21728052021682426,8,100.0
140.0,13,78.0,1.3,6.854702190779914,4,84.0,0.2989072664426862,0,0.0,0.6568269622580967,9,64.0,0.3610680903430034,13,148.0
145.0,23,156.0,2.7857142857142856,4.4387282403088495,8,113.0,0.2644345278092576,3,4.0,0.07250759076796376,12,109.0,0.22386414304018315,23,226.0
150.0,17,109.0,1.9464285714285714,4.93609663842757,9,129.0,0.27785967403724765,4,22.0,0.18824882000737628,4,108.0,0.37614778390432535,17,259.0
155.0,7,37.0,0.6981132075471698,5.994283909138993,5,114.0,0.26040909022865216,2,34.0,0.5197496598071066,0,49.0,0.48245840083838437,7,197.0
160.0,13,35.0,0.5645161290322581,5.531972229144152,8,146.0,0.13062260919573734,2,25.0,0.6083180156201683,3,41.0,0.4081687688605602,13,212.0
165.0,21,78.0,1.21875,5.676357809372756,11,193.0,0.1545130028006277,1,20.0,0.6396002094724211,9,68.0,0.3897657161901678,21,281.0
170.0,20,67.0,1.046875,3.196364697358943,9,208.0,0.09695916510165237,5,36.0,0.056416687076456376,6,62.0,0.21034836936817117,20,306.0
175.0,17,81.0,1.35,4.972280228721255,6,182.0,0.1803544212802564,8,73.0,0.4214378849095307,3,37.0,0.3711388866328955,17,292.0
180.0,8,52.0,0.8666666666666667,5.56905146930442,4,195.0,0.1276479316713096,2,70.0,0.5115780399411314,2,21.0,0.4801553852542429,8,286.0
185.0,9,33.0,0.4852941176470588,6.122667785195316,6,224.0,0.191372003542736,2,21.0,0.5232775534666693,1,8.0,0.5267134948789717,9,253.0
190.0,15,78.0,1.2,5.820818980107965,9,261.0,0.18947081322668768,3,18.0,0.4404784329113009,3,18.0,0.5541884187019456,15,297.0
195.0,16,88.0,1.3134328358208955,4.982137465574853,7,265.0,0.18294328593293605,7,45.0,0.07862022594424527,2,16.0,0.488917481924714,16,326.0
200.0,10,45.0,0.7627118644067796,6.2642205607601,5,232.0,0.2141571111613695,4,52.0,0.45680473389830073,1,3.0,0.696557734295728,10,287.0
205.0,18,30.0,0.46875,5.518823849945164,10,267.0,0.13290572113708218,3,24.0,0.48513323366563377,5,4.0,0.4304698277405756,18,295.0
210.0,15,68.0,1.0793650793650793,6.616587356492679,10,314.0,0.2386191662179767,2,15.0,0.6198981960024337,3,16.0,0.656749544331669,15,345.0
215.0,10,32.0,0.5333333333333333,5.514493081395883,9,313.0,0.24868313549179513,1,3.0,0.34463089558590915,0,9.0,0.6280412245504117,10,325.0
220.0,12,33.0,0.5238095238095238,6.13249992964254,5,270.0,0.22418294599367694,5,23.0,0.45062254386237627,2,5.0,0.5423052710252789,12,298.0
225.0,5,23.0,0.3770491803278688,7.036164893223497,2,246.0,0.2714399057757262,1,26.0,0.6623668897220768,2,15.0,0.517254385987808,5,287.0
230.0,8,17.0,0.25,6.557766183827087,6,265.0,0.1841039584145856,2,11.0,0.6100037351804982,0,2.0,0.5491059947437261,8,278.0
235.0,12,55.0,0.873015873015873,6.368016448368232,10,304.0,0.21037160860758042,1,9.0,0.40398630581205897,1,5.0,0.7677698672796706,12,318.0
240.0,13,64.0,1.1428571428571428,4.549901997991541,5,298.0,0.16770350877204834,8,39.0,0.04629196906114122,0,0.0,0.5320848057013268,13,337.0
245.0,12,46.0,0.7931034482758621,5.229731571745077,6,240.0,0.20562188467353953,4,53.0,0.41308321209109167,2,7.0,0.4985074966038178,12,300.0
250.0,8,32.0,0.5333333333333333,7.412420710972275,8,185.0,0.24750764051616805,0,17.0,0.8244222471059635,0,2.0,0.7130810351442858,8,204.0
255.0,6,15.0,0.22058823529411764,7.330173483645776,5,186.0,0.2926350008382699,0,2.0,0.6356358204178773,1,5.0,0.6088943230901541,6,193.0
260.0,8,28.0,0.4444444444444444,7.823432001699775,6,213.0,0.3573924009319049,2,7.0,0.6422021686707144,0,3.0,0.7714973464850948,8,223.0
265.0,12,15.0,0.24193548387096775,5.198393479981816,5,204.0,0.299730492219077,4,6.0,0.3021394322226001,3,0.0,0.5142855468437518,12,210.0
270.0,8,31.0,0.5166666666666667,6.994854919045595,4,171.0,0.29533524088263297,4,25.0,0.5790403407444923,0,0.0,0.6355843482798308,8,196.0
275.0,7,20.0,0.3333333333333333,6.538644677309334,4,171.0,0.1977337760022457,1,29.0,0.6258414347629769,2,6.0,0.5697104182771383,7,206.0
280.0,11,42.0,0.6666666666666666,6.103478970230664,9,204.0,0.17724294250867606,2,15.0,0.4976213592607936,0,2.0,0.6328200810045623,11,221.0
285.0,8,46.0,0.7931034482758621,6.709143825457113,6,209.0,0.259274662349826,2,17.0,0.6584351734223102,0,2.0,0.7998866793846078,8,228.0
290.0,9,36.0,0.5806451612903226,5.825947730057351,4,156.0,0.2405660668046509,4,31.0,0.4849578470317252,1,1.0,0.5593941031369594,9,188.0
295.0,4,13.0,0.20634920634920634,6.983844093344268,2,134.0,0.22698154663510656,0,12.0,0.7112961701468197,2,10.0,0.6446599257433359,4,156.0
300.0,10,43.0,0.671875,6.513164384957106,7,155.0,0.0949447618639339,1,7.0,0.7359569241972042,2,20.0,0.5129101964827312,10,182.0
305.0,6,16.0,0.24615384615384617,5.434903059187859,5,146.0,0.1439756485404478,0,1.0,0.4307497725243707,1,5.0,0.45370526220096996,6,152.0
310.0,6,12.0,0.19672131147540983,7.301380696651763,1,100.0,0.3087377062076776,1,2.0,0.5690598033404733,4,12.0,0.5732759335902471,6,114.0
315.0,7,11.0,0.1774193548387097,6.625063383322629,2,89.0,0.24282889706111738,3,7.0,0.5860913554912425,2,9.0,0.5614422155527529,7,105.0
320.0,6,39.0,0.6,7.364273550429182,4,107.0,0.23055765334488904,2,19.0,0.645026566924886,0,0.0,0.7096387807215435,6,126.0
325.0,10,11.0,0.16666666666666666,5.444238819742141,6,98.0,0.13488287317068676,1,12.0,0.5408461915304454,3,0.0,0.4938494424775555,10,110.0
330.0,11,34.0,0.5230769230769231,6.728946160537612,6,74.0,0.2605677479570738,4,17.0,0.4851910131003665,1,1.0,0.681828755700137,11,92.0
335.0,11,72.0,1.0285714285714285,7.302882565187481,3,59.0,0.3161352817443099,7,49.0,0.4216526706322089,1,6.0,0.7313637799363437,11,114.0
340.0,17,112.0,1.5135135135135136,5.970101102596911,1,50.0,0.37316002455964903,13,94.0,0.30656524337583246,3,17.0,0.5064566940860323,17,161.0
345.0,14,76.0,1.0410958904109588,4.903488406032457,6,67.0,0.2981715346741524,8,111.0,0.22744831771804352,0,9.0,0.45543424677640526,14,187.0
350.0,13,27.0,0.34177215189873417,4.545201318352772,8,72.0,0.15032170124746547,5,83.0,0.22229371124208838,0,0.0,0.5022149169029523,13,155.0
355.0,12,30.0,0.39473684210526316,5.969320667757304,4,57.0,0.23957908038652723,5,97.0,0.3819323014202847,3,6.0,0.5366963329986499,12,160.0
360.0,12,39.0,0.5131578947368421,5.6241568201962275,3,53.0,0.16858889865536839,9,118.0,0.364356500854975,0,2.0,0.6919701014386698,12,173.0
365.0,19,72.0,0.8571428571428571,5.319285291103672,8,81.0,0.15384164552433072,10,129.0,0.18958514514402353,1,4.0,0.6913728316386318,19,214.0
370.0,19,67.0,0.881578947368421,4.589535684906153,6,90.0,0.16562306064303944,11,115.0,0.09736332062765848,2,11.0,0.692968353620372,19,216.0
375.0,12,44.0,0.5945945945945946,4.3768474551455805,5,64.0,0.1700466327629279,4,140.0,0.21887916417004746,3,22.0,0.3729987154207159,12,226.0
380.0,15,47.0,0.6527777777777778,4.673067294723018,6,86.0,0.2478495206320457,9,150.0,0.22808134405252808,0,19.0,0.5287276223667181,15,255.0
385.0,22,64.0,0.7901234567901234,5.047406053675042,9,118.0,0.17049300280015436,9,157.0,0.24883389321627067,4,3.0,0.5589592821012015,22,278.0
390.0,14,51.0,0.6455696202531646,5.5667375764116676,6,122.0,0.1859677427751338,6,131.0,0.2826672016369335,2,11.0,0.6655653256079803,14,264.0
395.0,6,14.0,0.18666666666666668,5.683516258203601,3,99.0,0.16331834505896417,3,127.0,0.36201120072617493,0,0.0,0.5266421785286654,6,226.0
400.0,18,61.0,0.782051282051282,5.808380963756554,5,80.0,0.2557095587647174,9,151.0,0.34248509889647877,4,16.0,0.4456478420606851,18,247.0
405.0,17,97.0,1.2763157894736843,5.752712297810975,2,85.0,0.37905474770949926,15,212.0,0.2368129551692908,0,15.0,0.6863653978698884,17,312.0
410.0,22,117.0,1.4625,5.179399452015983,5,101.0,0.2950669096510612,16,242.0,0.21082823581782037,1,3.0,0.5463870746162997,22,346.0
415.0,15,84.0,1.0769230769230769,5.398872686276443,3,102.0,0.31161524930612783,11,219.0,0.19878102927736385,1,0.0,0.5760775798433115,15,321.0
420.0,10,41.0,0.5616438356164384,6.053496787657836,2,81.0,0.23822827802033347,5,156.0,0.29496553062294334,3,9.0,0.3731898486732284,10,246.0
425.0,12,49.0,0.6621621621621622,5.942734271734119,4,59.0,0.23957084255246336,4,160.0,0.3460340681626392,4,27.0,0.3443957335719823,12,246.0
430.0,11,40.0,0.5797101449275363,5.917451874116821,3,47.0,0.33783480281282946,8,161.0,0.33354456110821606,0,22.0,0.5823303613985832,11,230.0
435.0,19,113.0,1.486842105263158,6.184036886135299,4,48.0,0.3964241054979077,13,202.0,0.34668607679367536,2,7.0,0.5730324531953724,19,257.0
440.0,18,156.0,1.9746835443037976,6.495811395006587,0,22.0,0.5131157208239253,17,279.0,0.2724222034496882,1,5.0,0.7125008362139174,18,306.0
445.0,35,275.0,3.197674418604651,5.358497161481287,7,22.0,0.25194714172950505,22,377.0,0.20133318391348387,6,14.0,0.4857465312964862,35,413.0
450.0,28,383.0,4.728395061728395,4.971409483076118,4,33.0,0.29896040330767637,24,497.0,0.11788062502896889,0,9.0,0.5064918522474352,28,539.0
455.0,20,324.0,4.207792207792208,4.676759698540998,0,20.0,0.3254379208205277,20,530.0,0.16546753994078325,0,0.0,0.4278687863129522,20,550.0
460.0,18,195.0,2.3214285714285716,6.253333352706258,3,8.0,0.26042040733365734,13,457.0,0.3611139389720231,2,7.0,0.38316457314686037,18,472.0
465.0,7,56.0,0.6746987951807228,8.010635672077354,1,5.0,0.3586573857722597,4,294.0,0.49270835756990355,2,17.0,0.5561727422963346,7,316.0
470.0,14,86.0,1.1025641025641026,6.930830606193815,5,22.0,0.16362545173787177,8,190.0,0.3769567755513958,1,1.0,0.40221930683792023,14,213.0
475.0,23,150.0,2.2388059701492535,5.260880971504644,5,33.0,0.2590955067091069,13,158.0,0.11090717094431221,5,17.0,0.30799561657185603,23,208.0
480.0,21,131.0,2.1129032258064515,5.057838960849217,3,33.0,0.24049460501208106,11,158.0,0.20528796709450753,7,50.0,0.24224951259589483,21,241.0
485.0,8,44.0,0.7096774193548387,5.900433506597555,4,35.0,0.3010501441173088,2,119.0,0.4099215872103456,2,53.0,0.4589783772036745,8,207.0
490.0,8,27.0,0.4090909090909091,6.755515324350581,2,38.0,0.42831448709493103,6,107.0,0.3539276024235846,0,12.0,0.7423129222915417,8,157.0
495.0,14,81.0,1.1095890410958904,6.8676711506189125,4,43.0,0.41268571067239285,8,140.0,0.3789584650432617,2,2.0,0.49836801081105114,14,185.0
500.0,9,30.0,0.40540540540540543,6.093275498874816,1,21.0,0.4476035164083855,7,135.0,0.2684731636586691,1,0.0,0.6596633782810005,9,156.0
505.0,23,55.0,0.7051282051282052,5.284788067469731,9,32.0,0.3324752043297151,8,82.0,0.16312779327931268,6,8.0,0.4548722228533038,23,122.0
510.0,11,60.0,0.7792207792207793,6.154900827571459,3,42.0,0.44286913193599026,8,77.0,0.2197236964995811,0,6.0,0.7165106597338579,11,125.0
515.0,11,20.0,0.2597402597402597,5.95578975787094,2,28.0,0.45968798713505293,9,96.0,0.2683518796162042,0,2.0,0.7478818215017092,11,126.0
520.0,10,29.0,0.3372093023255814,6.107328366833475,4,22.0,0.369899237720956,6,81.0,0.26975319402077363,0,0.0,0.5869174296953482,10,103.0
525.0,13,30.0,0.3409090909090909,5.452590309295473,2,18.0,0.3359302380618981,6,81.0,0.23408420230433924,5,14.0,0.3750772299741707,13,113.0
530.0,22,100.0,1.1627906976744187,4.817981557851745,6,45.0,0.28484084625695194,9,79.0,0.2023042789081851,7,47.0,0.30711291161396054,22,171.0
535.0,13,50.0,0.5952380952380952,4.366614055587441,4,55.0,0.34552569498099617,7,90.0,0.11879890659874445,2,50.0,0.47434858985246453,13,195.0
540.0,11,27.0,0.3176470588235294,5.357845722612314,2,32.0,0.29671289436167225,9,104.0,0.21662448852397398,0,19.0,0.5231423864793822,11,155.0
545.0,11,31.0,0.34831460674157305,5.773689890490686,3,27.0,0.3111680279996812,6,107.0,0.2702165374215868,2,6.0,0.5536959995046115,11,140.0
550.0,12,39.0,0.43820224719101125,5.584238167546871,1,22.0,0.3712022349109597,10,112.0,0.20907522780515064,1,4.0,0.6043613539490619,12,138.0
555.0,23,72.0,0.7659574468085106,4.728714977740831,7,42.0,0.2664472216437608,12,142.0,0.1285319414312328,4,17.0,0.5002811990824433,23,201.0
560.0,15,62.0,0.6966292134831461,4.8651172840686,4,47.0,0.3649913788661961,11,154.0,0.1020947058513074,0,16.0,0.5812594076904306,15,217.0
565.0,22,90.0,1.0465116279069768,4.586199728552942,5,42.0,0.23501769930160668,12,176.0,0.19625360630464864,5,4.0,0.3092357079386333,22,222.0
570.0,16,69.0,0.8214285714285714,4.662565598121925,4,54.0,0.21004520875295993,10,194.0,0.2239431240943322,2,2.0,0.5409658598471112,16,250.0
575.0,23,101.0,1.2023809523809523,4.828375285642077,7,83.0,0.21832520667440145,12,186.0,0.17489193327223485,4,18.0,0.5154902542261264,23,287.0
580.0,28,177.0,2.058139534883721,4.641574662396318,9,125.0,0.286799271462674,19,211.0,0.15659840325098853,0,12.0,0.5865159941468475,28,348.0
585.0,31,219.0,2.460674157303371,4.376632068432157,13,183.0,0.2396992309672296,18,270.0,0.16516507325035584,0,0.0,0.8425014837418452,31,453.0
590.0,31,255.0,2.7127659574468086,3.8179329827470765,19,264.0,0.056384166562067774,11,272.0,0.21516484694094387,1,1.0,0.38717982749090285,31,537.0
595.0,33,231.0,2.4574468085106385,4.194195866016813,20,307.0,0.10031342879536935,7,264.0,0.25446714088462613,6,20.0,0.3579568854331621,33,591.0
600.0,32,224.0,2.604651162790698,3.616897992511828,14,292.0,0.16455352344313415,11,265.0,0.21343513123433652,7,54.0,0.3168145312644502,32,611.0
605.0,31,231.0,2.4838709677419355,4.944378080478196,13,266.0,0.26449065954563966,16,279.0,0.18132970382408425,2,57.0,0.5066453178203774,31,602.0
610.0,25,179.0,1.8842105263157896,5.010926021283386,13,319.0,0.29611793644449697,12,297.0,0.1665898829647737,0,24.0,0.6535852873443507,25,640.0
615.0,24,132.0,1.3608247422680413,5.635032929013836,11,376.0,0.20551843494177788,11,271.0,0.259413855101688,2,6.0,0.48870293347381977,24,653.0
620.0,17,76.0,0.8444444444444444,5.666427348399943,6,377.0,0.24052085123871583,9,297.0,0.2379510713079765,2,16.0,0.6685407693629412,17,690.0
625.0,23,66.0,0.75,4.762506694249368,7,300.0,0.23340867216866415,13,315.0,0.22766065441579938,3,3.0,0.43584049909108186,23,618.0
630.0,26,138.0,1.4838709677419355,5.4689345847180615,5,268.0,0.3659415017670611,18,336.0,0.16086689682988928,3,13.0,0.561475959755176,26,617.0
635.0,27,228.0,2.5054945054945055,4.601283856231781,2,266.0,0.31454324813634543,21,396.0,0.11523959266979239,4,30.0,0.4897503862808208,27,692.0
640.0,26,210.0,2.234042553191489,4.199872191638189,6,286.0,0.1621555782455353,20,430.0,0.12629799890804816,0,22.0,0.5207978042126669,26,738.0
645.0,25,179.0,2.0112359550561796,5.114807050428878,12,337.0,0.17073490469275307,13,349.0,0.24117849491057744,0,0.0,0.5488349313238042,25,686.0
650.0,26,203.0,2.3068181818181817,4.848613065443145,18,414.0,0.09382496531072017,8,279.0,0.27907671292433056,0,0.0,0.3562523729733778,26,693.0
655.0,30,250.0,3.0120481927710845,4.973806600813849,14,435.0,0.14173719071131005,11,248.0,0.3336082879985703,5,14.0,0.30915429686161394,30,697.0
660.0,26,248.0,3.1794871794871793,4.490730295837027,10,384.0,0.14843500879888405,13,222.0,0.24964049207974306,3,24.0,0.2224027808657009,26,630.0
665.0,25,212.0,2.617283950617284,4.959944915606192,13,422.0,0.1103459555078276,10,234.0,0.3029823376839216,2,24.0,0.4406208362580555,25,680.0
670.0,27,157.0,1.9873417721518987,4.809138761976925,14,491.0,0.19225496905129721,10,192.0,0.2460468458038283,3,24.0,0.43605798290509507,27,707.0
675.0,22,103.0,1.2875,4.5551079239519,11,486.0,0.16719369147263627,4,184.0,0.28625345944384567,7,53.0,0.37370104285220523,22,723.0
680.0,18,118.0,1.5128205128205128,5.2969429933727,5,414.0,0.2676798087044866,6,194.0,0.35658131364017986,7,88.0,0.36364424096390413,18,696.0
685.0,22,55.0,0.6707317073170732,3.95921322802433,6,313.0,0.1694600381914568,9,188.0,0.27503191256295323,7,81.0,0.1456697978486955,22,582.0
690.0,13,48.0,0.5925925925925926,5.397166025988051,3,317.0,0.274664118437248,8,155.0,0.26808880815159214,2,39.0,0.46379035175410466,13,511.0
695.0,15,104.0,1.223529411764706,6.182965573616168,2,326.0,0.300368643567125,11,128.0,0.2831043461677977,2,23.0,0.6171635769009042,15,477.0
700.0,16,139.0,1.5617977528089888,6.036640297476734,4,299.0,0.28208486815311573,12,149.0,0.33703458413779247,0,6.0,0.5658472851861432,16,454.0
705.0,23,219.0,2.460674157303371,6.136727752877313,2,232.0,0.3762661312116466,17,202.0,0.311063713531962,4,21.0,0.4841506868649126,23,455.0
710.0,24,164.0,1.8222222222222222,4.575618961214942,0,165.0,0.28875770417619445,19,244.0,0.2102694018587736,5,31.0,0.30379026598408315,24,440.0
715.0,22,107.0,1.2159090909090908,5.3639781376932705,2,116.0,0.364592584477052,16,238.0,0.2638366270381563,4,28.0,0.29935828907883216,22,382.0
720.0,9,24.0,0.27906976744186046,5.3382772324827386,3,109.0,0.24498031966134537,5,249.0,0.3006927841283635,1,18.0,0.44116444784979203,9,376.0
725.0,20,73.0,0.8202247191011236,4.987847594137509,7,133.0,0.29571569830487837,10,262.0,0.19459370556779026,3,32.0,0.4293278019778961,20,427.0
730.0,28,150.0,1.7045454545454546,4.618730710587666,4,132.0,0.39942668997560943,15,307.0,0.1317338427835825,9,63.0,0.38095745220976407,28,502.0
735.0,25,134.0,1.488888888888889,4.142542361186231,4,77.0,0.38611364936449005,14,318.0,0.17679344075598827,7,84.0,0.23910445348488282,25,479.0
740.0,20,83.0,0.9021739130434783,4.913433877826575,2,83.0,0.2885479740170967,12,283.0,0.2537255248918162,6,80.0,0.29580089365527934,20,446.0
745.0,25,90.0,0.9278350515463918,5.12807837058168,11,110.0,0.10929216201955362,7,200.0,0.29601415472645987,7,71.0,0.23854423722394133,25,381.0
750.0,23,127.0,1.4269662921348314,4.9633466577915,13,162.0,0.11207379515604596,9,223.0,0.3023222953172838,1,69.0,0.4708169003649982,23,454.0
755.0,27,143.0,1.6627906976744187,4.262885123903618,11,188.0,0.15705773490118854,12,230.0,0.18028870104523062,4,81.0,0.37230079885640927,27,499.0
760.0,24,137.0,1.5393258426966292,4.701688162948226,7,149.0,0.236983217954494,13,269.0,0.23779924566807634,4,84.0,0.4181130565337856,24,502.0
765.0,23,116.0,1.2608695652173914,5.157604248976831,7,93.0,0.3150856599265514,13,276.0,0.28365020916343775,3,67.0,0.3813269047102887,23,436.0
770.0,15,47.0,0.47474747474747475,5.39703203589067,3,99.0,0.2422041350298342,10,220.0,0.2890350603355081,2,55.0,0.27068364230612,15,374.0
775.0,22,87.0,0.9354838709677419,5.4902893537686515,10,136.0,0.175092172682446,7,154.0,0.27648832160405196,5,71.0,0.36240699270098337,22,361.0
780.0,23,114.0,1.3411764705882352,4.182558282889902,8,153.0,0.17728220611278653,8,164.0,0.20550698119498498,7,103.0,0.1890511696624533,23,420.0
785.0,19,87.0,1.0609756097560976,4.200392633786035,4,133.0,0.30127278565960747,9,170.0,0.19313484095801792,6,111.0,0.32671842039493,19,414.0
790.0,16,57.0,0.6627906976744186,4.908713073748523,3,123.0,0.2964955814928864,9,187.0,0.2724891026876939,4,88.0,0.44992887141164767,16,398.0
795.0,13,47.0,0.5,4.954743994674301,6,149.0,0.15180222644812,4,167.0,0.25644301824989896,3,51.0,0.3413391067594355,13,367.0
800.0,15,39.0,0.42391304347826086,4.943599092001254,6,152.0,0.18681034174825217,7,158.0,0.2139088257089394,2,51.0,0.45748080583315115,15,361.0
805.0,24,64.0,0.7032967032967034,4.5670457103922955,5,116.0,0.25870499810668635,11,144.0,0.18190415277925384,8,73.0,0.3128892838807255,24,333.0
810.0,27,151.0,1.6777777777777778,4.475107406134365,2,116.0,0.2623997548130663,15,178.0,0.16128079648267077,10,113.0,0.384610619196168,27,407.0
815.0,30,160.0,1.7582417582417582,3.178145334020196,7,139.0,0.14502393987883866,16,213.0,0.10199904783947918,7,124.0,0.27013070365599756,30,476.0
820.0,23,101.0,1.086021505376344,4.003481355650257,5,140.0,0.11203650036244309,13,210.0,0.18769363310324677,5,90.0,0.2840870056957445,23,440.0
825.0,14,71.0,0.8068181818181818,6.074002045218203,3,108.0,0.22593499666101505,7,189.0,0.39394273735797697,4,61.0,0.40361787630680346,14,358.0
830.0,10,51.0,0.5604395604395604,6.019540779784138,1,64.0,0.18518859920554964,8,207.0,0.4052264699105622,1,50.0,0.3767376170888382,10,321.0
835.0,18,64.0,0.7272727272727273,5.45694651370345,0,66.0,0.2785734705417958,12,215.0,0.2490637808614827,6,69.0,0.4208737070989655,18,350.0
840.0,23,102.0,1.186046511627907,4.660404260481699,3,79.0,0.22294953692335925,10,219.0,0.17975543296126797,10,109.0,0.30392133903424795,23,407.0
845.0,18,84.0,0.9767441860465116,4.1121913191893285,4,81.0,0.23052464833642078,8,191.0,0.16744345732360988,6,118.0,0.23631398413821703,18,390.0
850.0,13,37.0,0.4567901234567901,5.183493573566878,2,62.0,0.28389112996516824,8,191.0,0.26456529196452805,3,89.0,0.3920896901603086,13,342.0
855.0,15,46.0,0.5411764705882353,4.888426544124337,0,56.0,0.2838442139910925,11,183.0,0.2689663501405791,4,105.0,0.358898608819122,15,344.0
860.0,21,84.0,0.9230769230769231,4.497202568658181,3,67.0,0.313631166573904,11,184.0,0.16405081761314327,7,132.0,0.3649972013598653,21,383.0
865.0,28,124.0,1.3333333333333333,3.358243173793444,6,68.0,0.20522252933529725,9,152.0,0.13175432834706638,13,179.0,0.13492708039564325,28,399.0
870.0,29,198.0,2.25,3.3903039085293685,5,61.0,0.2599730540013576,9,172.0,0.15449957165406691,15,244.0,0.1521815043514287,29,477.0
875.0,26,169.0,1.9204545454545454,3.084851229118659,3,65.0,0.2534684352169283,12,166.0,0.13117439729656385,11,262.0,0.2296485254905288,26,493.0
880.0,24,123.0,1.2424242424242424,3.9027524059820737,7,94.0,0.209601237764045,11,193.0,0.15125543172460554,6,202.0,0.34877211437543393,24,489.0
885.0,19,68.0,0.6938775510204082,5.00961399316762,5,98.0,0.22628899781915637,9,185.0,0.2555335176002539,5,122.0,0.3760021713995294,19,405.0
890.0,18,83.0,0.8556701030927835,5.75543428959085,6,79.0,0.13361421511520558,7,170.0,0.4016106189892192,5,102.0,0.3372470151051708,18,351.0
895.0,15,65.0,0.7065217391304348,6.206276455882493,4,62.0,0.21919999390597714,10,187.0,0.3739537607572023,1,68.0,0.5144878693768535,15,317.0
900.0,18,70.0,0.8045977011494253,5.089244533280836,1,54.0,0.28146165047235067,12,197.0,0.19396182290634598,5,74.0,0.40114381398980564,18,325.0
905.0,21,68.0,0.7555555555555555,4.4901323413983025,4,66.0,0.29854360324339735,12,233.0,0.13919397390814467,5,68.0,0.3660194816784821,21,367.0
910.0,20,79.0,0.9186046511627907,4.67204528021117,7,94.0,0.2964958172564576,12,236.0,0.19670998589116415,1,33.0,0.39436923210187624,20,363.0
915.0,26,178.0,2.022727272727273,4.942712466500583,12,139.0,0.1581982810993413,12,233.0,0.2369512459423512,2,12.0,0.4167975690859756,26,384.0
920.0,29,245.0,2.8823529411764706,4.880369315900343,12,168.0,0.1580934402774535,16,300.0,0.20983580419556752,1,9.0,0.5332351593424827,29,477.0
925.0,32,198.0,2.302325581395349,4.239548220312904,11,158.0,0.10617310359318594,15,324.0,0.14989680357051832,6,21.0,0.33834564689453467,32,503.0
930.0,29,178.0,2.225,4.002898338407262,10,207.0,0.20194224287054036,14,290.0,0.16290544038853796,5,48.0,0.45931263673700984,29,545.0
935.0,26,127.0,1.548780487804878,4.046732551983031,14,266.0,0.1732708841277792,11,313.0,0.1676453915110643,1,41.0,0.44640268896999985,26,620.0
940.0,20,84.0,0.9655172413793104,5.0687662756654825,10,284.0,0.1979943385399945,8,332.0,0.2759417748136473,2,19.0,0.4664292620009223,20,635.0
945.0,19,117.0,1.4268292682926829,6.604978415923187,5,262.0,0.25145004382010777,12,370.0,0.3798808664238263,2,16.0,0.5913376533424396,19,648.0
950.0,13,65.0,0.7738095238095238,4.658490167736549,2,275.0,0.11809739351889663,10,359.0,0.2248480358753566,1,2.0,0.4014120275744898,13,636.0
955.0,20,92.0,1.1219512195121952,4.810885916769879,6,302.0,0.20832604159580173,13,305.0,0.13893746884420693,1,9.0,0.6108114089870916,20,616.0
960.0,18,100.0,1.2658227848101267,5.001154193409137,4,291.0,0.2239570923941822,14,254.0,0.24330892835825163,0,4.0,0.6843992177036167,18,549.0
965.0,16,120.0,1.4814814814814814,5.98417691214307,5,252.0,0.32080706355046285,9,248.0,0.3565934964587104,2,5.0,0.6751309485876972,16,505.0
970.0,10,55.0,0.632183908045977,5.605948757603925,3,258.0,0.30212541255082476,6,224.0,0.31711921326527776,1,2.0,0.6917490617855692,10,484.0
975.0,19,64.0,0.6736842105263158,5.122691143266294,7,288.0,0.14162134343195193,7,195.0,0.3030789480006626,5,15.0,0.4464765943557361,19,498.0
980.0,30,165.0,1.875,4.209859574295339,15,346.0,0.10467435328105977,8,187.0,0.1934638719080197,7,42.0,0.33609948867060974,30,575.0
985.0,44,301.0,3.6265060240963853,2.9583592459309687,21,432.0,0.038714607457199846,14,231.0,0.19894931112132008,9,60.0,0.16869427432105094,44,723.0
990.0,39,453.0,5.592592592592593,3.9621063148485565,22,535.0,0.07563430063866271,15,297.0,0.20732041033565302,2,56.0,0.4766067886489808,39,888.0
995.0,36,498.0,6.225,3.873843178174097,20,576.0,0.06221697396422623,15,370.0,0.2422877840878994,1,36.0,0.4442310430925292,36,982.0
1000.0,35,476.0,5.666666666666667,4.361256109870357,16,529.0,0.11230998780751049,15,447.0,0.2305425128489725,4,51.0,0.2893238121769913,35,1027.0
1005.0,34,546.0,6.658536585365853,5.197675527595175,15,424.0,0.18540033966476197,18,529.0,0.24493970849441815,1,43.0,0.46996236272296327,34,996.0
1010.0,30,411.0,4.892857142857143,4.829489318638077,13,384.0,0.14701434962807108,15,518.0,0.2708034469477682,2,14.0,0.39620894434312603,30,916.0
1015.0,19,187.0,2.2261904761904763,5.391791965897911,6,405.0,0.3131081071637754,11,403.0,0.23974938255680955,2,5.0,0.6255406537387632,19,813.0
1020.0,21,120.0,1.4285714285714286,6.260056011472601,5,422.0,0.3412640060070667,14,288.0,0.22743317469817081,2,15.0,0.677193022784367,21,725.0
1025.0,20,63.0,0.7411764705882353,5.376246867261763,7,405.0,0.35857451192266154,13,317.0,0.17864146540358686,0,13.0,0.7052786045598439,20,735.0
1030.0,13,34.0,0.4146341463414634,6.292303720741252,3,346.0,0.37395256289874246,9,316.0,0.2887632722587665,1,0.0,0.7384733374323358,13,662.0
1035.0,17,79.0,0.8977272727272727,5.912525891785554,3,256.0,0.2683601958794095,12,341.0,0.2978028164767254,2,2.0,0.3578690877533128,17,599.0
1040.0,20,150.0,1.7241379310344827,5.817373158012355,2,258.0,0.26872972639415643,15,397.0,0.2532115763604762,3,14.0,0.42623446917882885,20,669.0
1045.0,27,233.0,2.7411764705882353,4.739092763942358,6,272.0,0.13427709297199286,19,480.0,0.14206216417858758,2,8.0,0.3697461022646814,27,760.0
1050.0,25,206.0,2.7837837837837838,4.32240467857378,3,250.0,0.20676227660615773,20,488.0,0.1780092531096008,2,8.0,0.48280336620324527,25,746.0
1055.0,20,129.0,1.7916666666666667,4.967020207576358,5,192.0,0.31028722498377376,15,415.0,0.25884010028941623,0,2.0,0.7378997991817372,20,609.0
1060.0,18,132.0,1.6296296296296295,5.28118991580198,3,154.0,0.33990499568391663,15,311.0,0.19105485723992527,0,2.0,0.7309546175807466,18,467.0
1065.0,19,144.0,1.7560975609756098,5.590030388618438,2,156.0,0.411851810948778,16,311.0,0.24770227979482395,1,6.0,0.7320874453790704,19,473.0
1070.0,19,80.0,0.8791208791208791,4.217227192214828,6,175.0,0.23533986107121235,11,317.0,0.19445138855705263,2,4.0,0.49342106706790845,19,496.0
1075.0,17,77.0,0.8191489361702128,5.069021492895018,6,166.0,0.20683756380400978,8,308.0,0.2572297603914474,3,13.0,0.6557215989457154,17,487.0
1080.0,10,35.0,0.3804347826086957,4.888349663966878,5,157.0,0.18619594199309358,5,303.0,0.2858707015439861,0,0.0,0.4994853143359128,10,460.0
1085.0,19,70.0,0.7291666666666666,5.291989881910518,6,98.0,0.28076679098626556,10,273.0,0.23840594918433503,3,11.0,0.48177399677999255,19,382.0
1090.0,22,131.0,1.336734693877551,5.170992302650926,4,73.0,0.3273235915825884,17,273.0,0.1474668420389001,1,19.0,0.6176459380381942,22,365.0
1095.0,22,115.0,1.1734693877551021,4.432659029784357,2,67.0,0.3062875469857839,17,315.0,0.1499549785429402,3,9.0,0.5052257349906166,22,391.0
1100.0,21,106.0,1.092783505154639,5.254613044905626,6,86.0,0.27669221060616456,13,320.0,0.2070544565235328,2,12.0,0.5182887567590363,21,418.0
1105.0,28,130.0,1.368421052631579,5.147650983959968,12,127.0,0.14660974188907322,8,285.0,0.2718693278994979,8,31.0,0.28061091412436434,28,443.0
1110.0,31,238.0,2.735632183908046,4.568799373883101,15,190.0,0.13777991447189872,13,283.0,0.213402851021441,3,37.0,0.3783403323120426,31,510.0
1115.0,28,192.0,2.3703703703703702,3.8142349388314067,14,221.0,0.1178424788967454,14,292.0,0.16006165080852075,0,24.0,0.5451745530686084,28,537.0
1120.0,27,149.0,1.7951807228915662,4.520196311849208,10,201.0,0.2276498518936218,15,282.0,0.2631566051883939,2,30.0,0.44060724863704515,27,513.0
1125.0,25,114.0,1.2808988764044944,5.072127759870125,10,204.0,0.24040985708649693,9,276.0,0.24686537213877985,6,51.0,0.5098205056316243,25,531.0
1130.0,24,136.0,1.4623655913978495,4.860715549233853,11,257.0,0.14012114572352471,7,242.0,0.2644471775773034,6,81.0,0.29786492042087487,24,580.0
1135.0,17,55.0,0.6395348837209303,3.908546262918711,8,264.0,0.1424771413004666,4,218.0,0.18936113775617178,5,73.0,0.2658453807760044,17,555.0
1140.0,11,32.0,0.4050632911392405,4.741845124212324,1,219.0,0.26707315711477847,10,200.0,0.2559444813040039,0,36.0,0.4585497441897175,11,455.0
1145.0,11,34.0,0.38636363636363635,4.768184911936075,3,212.0,0.2894069279412788,6,223.0,0.23214993548268814,2,42.0,0.4394609358205294,11,477.0
1150.0,17,84.0,0.9032258064516129,4.918073288565333,7,236.0,0.22566325037026322,5,210.0,0.2307329547126883,5,66.0,0.3536344375760217,17,512.0
1155.0,20,88.0,0.9777777777777777,4.20201193377426,6,230.0,0.18819430793325906,9,228.0,0.1921897452411352,5,64.0,0.1691240366763054,20,522.0
1160.0,13,69.0,0.8214285714285714,5.004374324712068,4,187.0,0.22835065535226703,9,238.0,0.19964328826480277,0,34.0,0.4571301510459504,13,459.0
1165.0,30,75.0,0.8522727272727273,4.201300116831127,7,200.0,0.19508434336231464,18,224.0,0.18195077627117823,5,37.0,0.3669783466553863,30,461.0
1170.0,29,159.0,1.7282608695652173,5.071812945078593,8,231.0,0.21369694967529757,15,217.0,0.22109738745081067,6,59.0,0.48562063738209155,29,507.0
1175.0,28,227.0,2.550561797752809,4.392116450355985,10,277.0,0.21857197169055545,16,251.0,0.2017756858960271,2,59.0,0.4549879623968783,28,587.0
1180.0,31,233.0,2.4270833333333335,3.611526999128443,16,342.0,0.11855109276708393,13,262.0,0.2022256394028669,2,30.0,0.36747383679232476,31,634.0
1185.0,34,291.0,3.03125,4.3954256603932755,21,435.0,0.09594615431363322,11,250.0,0.2789959717642933,2,17.0,0.41877685030008654,34,702.0
1190.0,29,268.0,2.68,4.66171593953378,18,470.0,0.04986855067351821,9,236.0,0.2589236210238663,2,5.0,0.3720308453017055,29,711.0
1195.0,32,266.0,2.891304347826087,5.094181367683763,12,418.0,0.15226066094181254,15,260.0,0.28242150665811305,5,23.0,0.33455242565851756,32,701.0
1200.0,32,229.0,2.632183908045977,4.470723014879333,12,335.0,0.1363470843995841,15,279.0,0.21514208566564424,5,39.0,0.19830219756924644,32,653.0
1205.0,27,153.0,1.8,5.153898796224809,11,289.0,0.27978810654250885,14,250.0,0.24443192140364545,2,32.0,0.43361974698645667,27,571.0
1210.0,17,92.0,1.0454545454545454,5.556502245417689,6,315.0,0.3459724336724718,10,284.0,0.2201717063255263,1,27.0,0.5653782198766145,17,626.0
1215.0,22,91.0,0.9680851063829787,5.336320098453471,5,340.0,0.30046438605627523,12,292.0,0.15944022110518502,5,42.0,0.2955330587107868,22,674.0
1220.0,35,197.0,2.402439024390244,4.498399067592708,11,375.0,0.24273256063873816,15,337.0,0.1619975807163568,9,80.0,0.31989116709738846,35,792.0
1225.0,35,257.0,3.1728395061728394,3.1537490665510637,10,374.0,0.11205336091445472,17,415.0,0.12882128963576364,8,83.0,0.16605025164548715,35,872.0
1230.0,30,318.0,3.925925925925926,4.7905714494716625,8,331.0,0.189441419951495,20,516.0,0.1992535608097106,2,56.0,0.43598861736640554,30,903.0
1235.0,28,259.0,3.278481012658228,3.7983023898933106,7,348.0,0.13781242442139088,19,535.0,0.16863958635107598,2,51.0,0.3319073028869482,28,934.0
1240.0,30,194.0,2.255813953488372,4.537754642063567,8,391.0,0.18922103239673668,15,470.0,0.1314212009638078,7,82.0,0.3781100259512591,30,943.0
1245.0,27,169.0,2.0609756097560976,4.137258291423094,10,436.0,0.22051370785606642,14,520.0,0.18381950068067557,3,73.0,0.505361858797279,27,1029.0
1250.0,25,136.0,1.5813953488372092,4.150150258144486,10,435.0,0.16249440837407014,13,575.0,0.23446091026086016,2,22.0,0.3922935766137533,25,1032.0
1255.0,21,94.0,1.0561797752808988,5.256441196626288,8,382.0,0.16927051604118126,10,547.0,0.2981354292148056,3,12.0,0.5278933037004943,21,941.0
1260.0,15,52.0,0.5909090909090909,5.064989950494533,6,358.0,0.21416277369600026,8,428.0,0.23207091618400164,1,4.0,0.6139098893864152,15,790.0
1265.0,17,45.0,0.4787234042553192,4.909737742008358,7,389.0,0.24214895664565989,8,427.0,0.17291799685823672,2,9.0,0.5766190192604911,17,825.0
1270.0,25,100.0,1.1363636363636365,4.222338643934799,10,436.0,0.23107125745096815,12,445.0,0.1521539690890647,3,20.0,0.5242010133732541,25,901.0
1275.0,24,133.0,1.4777777777777779,3.454114925396459,8,432.0,0.10097166734761036,15,498.0,0.13595046181434056,1,8.0,0.23409730417035718,24,938.0
1280.0,24,134.0,1.5402298850574712,4.759100388211038,7,380.0,0.2004662805588221,17,508.0,0.1963805286114104,0,0.0,0.6868192823943992,24,888.0
1285.0,28,100.0,1.098901098901099,4.050781813319722,9,359.0,0.18654201659371444,14,445.0,0.1769465759585042,5,6.0,0.4675470239491723,28,810.0
1290.0,30,149.0,1.568421052631579,5.08282438383511,10,400.0,0.26806469840985786,18,373.0,0.15913331725603513,2,16.0,0.6930845675468918,30,789.0
1295.0,28,138.0,1.550561797752809,4.038845352422585,13,456.0,0.26235639874021555,14,423.0,0.16732527339870634,1,4.0,0.5999886887166317,28,883.0
1300.0,27,151.0,1.5729166666666667,4.283375044049078,14,520.0,0.16005264844004133,11,438.0,0.2027266048372028,2,4.0,0.5626122544548792,27,962.0
1305.0,24,173.0,1.8210526315789475,4.905010505939717,11,507.0,0.1446813883737297,13,446.0,0.2512046228842017,0,0.0,0.6461195413940934,24,953.0
1310.0,29,226.0,2.3789473684210525,5.100824114330129,9,432.0,0.13662966174453775,17,511.0,0.2622150300121677,3,11.0,0.33792132706377115,29,954.0
1315.0,33,315.0,3.539325842696629,4.840540148148422,10,324.0,0.18291358264260765,23,606.0,0.1330001634356708,0,9.0,0.6268643153077914,33,939.0
1320.0,35,418.0,5.036144578313253,4.137390184780134,8,347.0,0.15595538643560938,27,736.0,0.12414057604218331,0,0.0,0.5930146062912619,35,1083.0
1325.0,41,572.0,6.809523809523809,4.03320406539272,9,392.0,0.16216258191793112,32,882.0,0.11068373912889491,0,0.0,0.6862629078325451,41,1274.0
1330.0,34,515.0,6.204819277108434,4.0831856505196304,5,381.0,0.21437480792665506,28,921.0,0.1042362079935189,1,1.0,0.7129425173279708,34,1303.0
1335.0,29,337.0,4.0602409638554215,3.7684446862511662,5,361.0,0.2517437472797353,23,830.0,0.14676561154567425,1,8.0,0.5391335686057106,29,1199.0
1340.0,27,283.0,3.2906976744186047,4.379830098807933,5,375.0,0.3101561970774284,20,654.0,0.16456074901157178,2,16.0,0.652655548499548,27,1045.0
1345.0,28,256.0,2.694736842105263,4.787144810454965,8,402.0,0.2700550480457571,17,542.0,0.2264930618887028,3,11.0,0.5251556535948911,28,955.0
1350.0,24,182.0,1.8762886597938144,4.685392537379453,10,440.0,0.2426277481336919,12,571.0,0.236085906691427,2,10.0,0.6973153776743564,24,1021.0
1355.0,22,124.0,1.24,4.71560331716556,11,440.0,0.16306149573259202,10,573.0,0.22927641815181685,1,1.0,0.6013188526509511,22,1014.0
1360.0,24,117.0,1.1359223300970873,4.45700833343547,11,394.0,0.16974612562392852,8,552.0,0.21155457514971504,5,14.0,0.27789675184361456,24,960.0
1365.0,30,143.0,1.4591836734693877,4.047611827662983,10,437.0,0.21070299087091962,12,478.0,0.16835165704380933,8,51.0,0.41480179644768783,30,966.0
1370.0,36,209.0,2.0096153846153846,3.0187639983613432,14,499.0,0.14441344737732537,12,502.0,0.08570960950513137,10,95.0,0.2508045617306022,36,1096.0
1375.0,30,156.0,1.5918367346938775,3.4640137559694137,10,495.0,0.19351692037717858,14,508.0,0.08864215629849771,6,102.0,0.30505756404034656,30,1105.0
1380.0,18,128.0,1.4065934065934067,4.815931066272325,4,416.0,0.16216347358287575,14,531.0,0.2429819032136416,0,41.0,0.4021454043882991,18,988.0
1385.0,14,92.0,0.968421052631579,4.4789382312910435,1,380.0,0.18450846169951743,11,513.0,0.21018739825029792,2,44.0,0.3231389895889706,14,937.0
1390.0,27,118.0,1.2553191489361701,4.329510038357265,5,400.0,0.25165373987775524,14,431.0,0.13624143904302707,8,74.0,0.36227875203056475,27,905.0
1395.0,29,138.0,1.4526315789473685,4.314649271361807,5,371.0,0.2638340385817685,21,390.0,0.14519189437075586,3,68.0,0.4248446697735736,29,829.0
1400.0,23,108.0,1.1612903225806452,4.8769171170001995,4,303.0,0.38737229509183424,19,454.0,0.19185007099734383,0,14.0,0.6040994478745842,23,771.0
1405.0,23,87.0,0.87,5.013059702062756,5,211.0,0.254076354743458,15,469.0,0.21521777811641304,3,0.0,0.37510127295763557,23,680.0
1410.0,15,99.0,1.010204081632653,5.828246898208104,2,203.0,0.2201781715973758,11,458.0,0.2530921997416399,2,9.0,0.6216983712985348,15,670.0
1415.0,20,105.0,1.141304347826087,5.0068875969058775,6,219.0,0.1271909641591108,12,448.0,0.2229324044184008,2,19.0,0.3903825721249949,20,686.0
1420.0,19,77.0,0.8461538461538461,4.416426566341107,4,207.0,0.2520427710630641,15,387.0,0.14590953016528152,0,5.0,0.6152944527853828,19,599.0
1425.0,20,75.0,0.8522727272727273,5.17052366468048,3,128.0,0.3399467785507801,16,391.0,0.18118179470532111,1,3.0,0.8108643128886261,20,522.0
1430.0,19,67.0,0.7204301075268817,3.986958995357905,3,138.0,0.24882574329360427,14,405.0,0.12234998096213617,2,8.0,0.4797005545695944,19,551.0
1435.0,24,88.0,0.946236559139785,3.4886683974721056,5,151.0,0.2092484512591879,14,412.0,0.11515709762607856,5,19.0,0.3335666656203858,24,582.0
1440.0,23,101.0,1.0978260869565217,3.5148113406163937,9,189.0,0.14618917101125656,14,370.0,0.13193659666398114,0,17.0,0.5059146230500332,23,576.0
1445.0,27,162.0,1.6875,3.9087807670015207,14,249.0,0.19010396546580532,11,360.0,0.1496807327014479,2,9.0,0.6698022420115339,27,618.0
1450.0,25,146.0,1.5051546391752577,4.61243347555715,11,257.0,0.19857442208264933,12,346.0,0.19195173753970388,2,17.0,0.6651812648892057,25,620.0
1455.0,25,149.0,1.505050505050505,4.538279698535954,11,223.0,0.13592967982494664,13,365.0,0.2197830962018196,1,2.0,0.3957563694267592,25,590.0
1460.0,31,163.0,1.6979166666666667,4.24174570478337,12,238.0,0.15470602502652173,15,385.0,0.14579285964006608,4,15.0,0.4778091928058266,31,638.0
1465.0,32,132.0,1.4042553191489362,3.559560974763194,14,300.0,0.15517242626765929,17,359.0,0.11826547852550882,1,14.0,0.39767468269037654,32,673.0
1470.0,30,153.0,1.6105263157894736,3.9837782396832826,14,370.0,0.19161047541525392,14,378.0,0.17492701118730483,2,13.0,0.6417878880809149,30,761.0
1475.0,24,116.0,1.2210526315789474,4.244253643905635,9,373.0,0.19572790802242462,13,394.0,0.1774650018743786,2,23.0,0.6797059753460412,24,790.0
1480.0,18,70.0,0.7070707070707071,4.076894233445311,7,317.0,0.19124808308539343,10,380.0,0.17519238042639743,1,4.0,0.45126782540677235,18,701.0
1485.0,21,69.0,0.711340206185567,4.213378517061683,5,304.0,0.2589272128390329,13,335.0,0.13352276356332196,3,16.0,0.551409664620088,21,655.0
1490.0,22,75.0,0.7352941176470589,3.569917874148023,7,338.0,0.1733252634580938,13,370.0,0.10499934678881509,2,20.0,0.42535725163735577,22,728.0
1495.0,23,87.0,0.87,4.326306985208787,5,316.0,0.22797333553549168,15,380.0,0.15335677504866324,3,18.0,0.509381462849786,23,714.0
1500.0,16,73.0,0.7849462365591398,4.717796217442838,2,272.0,0.19904917343233472,12,384.0,0.20596568192871564,2,21.0,0.5830498510755018,16,677.0
1505.0,18,77.0,0.7857142857142857,4.412355999259017,2,251.0,0.28066531597729993,12,313.0,0.15464727193210767,4,36.0,0.504314450291134,18,600.0
1510.0,24,110.0,1.0891089108910892,4.27615356228428,6,271.0,0.28143730493573144,14,340.0,0.13078302768001007,4,56.0,0.5400239845539953,24,667.0
1515.0,21,64.0,0.64,3.7261249668130785,5,253.0,0.1622743450879004,16,361.0,0.12083933375865767,0,23.0,0.4454215117581587,21,637.0
1520.0,17,51.0,0.5368421052631579,3.86753669406134,1,201.0,0.20298253913915149,13,376.0,0.13376673831033822,3,10.0,0.3180812710550936,17,587.0
1525.0,23,79.0,0.8229166666666666,3.853353667280914,2,158.0,0.29357051578678406,13,331.0,0.12986478251473169,8,35.0,0.3537702977635913,23,524.0
1530.0,21,114.0,1.163265306122449,4.397495895799098,2,145.0,0.3356270254372009,17,291.0,0.13242168859073655,2,31.0,0.5823737494693897,21,467.0
1535.0,19,105.0,1.105263157894737,4.616765975358358,2,142.0,0.3435428381398703,17,327.0,0.171085479561359,0,9.0,0.7335415614812975,19,478.0
1540.0,24,111.0,1.099009900990099,4.719536090998505,7,167.0,0.22641260269868319,16,331.0,0.18499171801456366,1,3.0,0.5440624364653351,24,501.0
1545.0,26,131.0,1.3645833333333333,4.264848496454672,7,173.0,0.18654717402250712,14,324.0,0.17434857568760728,5,16.0,0.3059602036400285,26,513.0
1550.0,31,201.0,2.1382978723404253,4.105253901644175,5,137.0,0.14878559706454908,21,338.0,0.18912142366405468,5,26.0,0.24235828489979636,31,501.0
1555.0,28,205.0,2.303370786516854,4.514219789094202,6,93.0,0.20954551047377265,20,386.0,0.16664901774186758,2,24.0,0.47205108451633765,28,503.0
1560.0,27,154.0,1.6923076923076923,4.202890308261952,6,103.0,0.2349520897109888,18,379.0,0.1762760825480837,3,22.0,0.5063567393920715,27,504.0
1565.0,20,105.0,1.0714285714285714,4.8628768404441365,3,104.0,0.3064874014248977,14,382.0,0.17334338086570258,3,37.0,0.5745663051579571,20,523.0
1570.0,23,141.0,1.5161290322580645,5.151721109362431,6,123.0,0.32534713472907095,13,385.0,0.19200165264491556,4,57.0,0.5197854195433469,23,565.0
1575.0,29,182.0,1.956989247311828,4.279826126400462,10,159.0,0.2179025596565708,16,440.0,0.15492698581637235,3,47.0,0.2642319412233064,29,646.0
1580.0,28,167.0,1.9195402298850575,4.241784932236281,12,171.0,0.15753377736211122,16,452.0,0.1800136416616051,0,13.0,0.5568019984797259,28,636.0
1585.0,30,129.0,1.4021739130434783,4.179117933311405,12,222.0,0.19016741577573448,13,407.0,0.20735286111422854,5,19.0,0.4306762434832713,30,648.0
1590.0,30,158.0,1.6288659793814433,4.701332237013359,12,275.0,0.23721146553109254,13,323.0,0.1833138719893004,5,39.0,0.543533810041431,30,637.0
1595.0,30,217.0,2.2604166666666665,4.428384559410094,13,338.0,0.26801003771307713,16,313.0,0.218712410258271,1,35.0,0.5191353293183808,30,686.0
1600.0,37,321.0,3.21,4.275720152553031,18,421.0,0.16800920018782822,17,346.0,0.2909068085495948,2,19.0,0.49080275615709906,37,786.0
1605.0,34,255.0,2.5247524752475248,3.7591733495296755,15,455.0,0.1774090515018412,17,370.0,0.2177975255135531,2,16.0,0.41052512714003536,34,841.0
1610.0,30,161.0,1.5046728971962617,4.288617178562331,12,417.0,0.1316794436521825,13,356.0,0.25516209404405993,5,35.0,0.23349672438083774,30,808.0
1615.0,26,138.0,1.3663366336633664,4.67331431154254,11,423.0,0.18016448346381359,10,335.0,0.2391103773651524,5,39.0,0.27810678606144323,26,797.0
1620.0,33,213.0,2.2421052631578946,4.586051519714623,15,484.0,0.07312526802742321,15,342.0,0.2908818146604965,3,36.0,0.2639379942111229,33,862.0
1625.0,34,286.0,3.0425531914893615,4.470783696397742,14,513.0,0.10202202766393834,18,371.0,0.24419054178922894,2,48.0,0.2823804925579833,34,932.0
1630.0,24,200.0,2.247191011235955,4.6257076262894286,2,454.0,0.23117401704016238,16,398.0,0.21044531909691486,6,71.0,0.29764976440145446,24,923.0
1635.0,24,170.0,1.9318181818181819,4.614848153858569,2,344.0,0.30375305247102596,12,342.0,0.25185177018983346,10,115.0,0.24799177909547446,24,801.0
1640.0,23,126.0,1.4157303370786516,4.9779820393127325,3,347.0,0.37754701603494445,13,240.0,0.21149384270188204,7,133.0,0.3726972762605584,23,720.0
1645.0,28,93.0,0.9489795918367347,4.549539765126302,9,371.0,0.2846296660617659,11,256.0,0.21318525339284916,8,105.0,0.28834286904534406,28,732.0
1650.0,21,113.0,1.1649484536082475,5.093848364830399,10,410.0,0.2427228523545693,7,255.0,0.289618561679703,4,78.0,0.3501755146280928,21,743.0
1655.0,18,93.0,0.96875,4.934299310923863,10,401.0,0.16087529360189637,6,227.0,0.2794296875363449,2,61.0,0.433287191168884,18,689.0
1660.0,17,68.0,0.7010309278350515,5.5396033372936895,7,343.0,0.25673776541720295,10,176.0,0.27653695670166634,0,34.0,0.546534740454624,17,553.0
1665.0,24,125.0,1.2626262626262625,5.655684877493678,7,329.0,0.31740365048470287,15,175.0,0.23414940608317059,2,39.0,0.5122089281730339,24,543.0
1670.0,32,129.0,1.29,3.356343695362109,11,372.0,0.19308503046379866,15,205.0,0.11191025660096002,6,39.0,0.23889879882492404,32,616.0
1675.0,28,110.0,1.1224489795918366,3.9534136994491025,9,374.0,0.17340591692688798,15,211.0,0.17497828879236496,4,39.0,0.2458869806836052,28,624.0
1680.0,15,90.0,0.9782608695652174,4.7415622143892895,3,310.0,0.15427971861312367,11,226.0,0.2621642981453847,1,30.0,0.2799134049905782,15,566.0
1685.0,18,82.0,0.8631578947368421,5.4933273644737515,2,246.0,0.2784021085413979,12,239.0,0.2655527350109274,4,43.0,0.3531485393437822,18,528.0
1690.0,21,74.0,0.7956989247311828,4.704895014974499,3,211.0,0.30243240071645244,13,231.0,0.16758391649952187,5,53.0,0.4302063555681273,21,495.0
1695.0,25,77.0,0.7938144329896907,4.31939606722502,8,237.0,0.21005932138923875,13,239.0,0.16131327083851954,4,47.0,0.41924025915959756,25,523.0
1700.0,17,70.0,0.7291666666666666,5.190770812883893,5,222.0,0.2807520990476029,10,234.0,0.22809965845552332,2,35.0,0.4078099173073325,17,491.0
1705.0,16,33.0,0.336734693877551,4.696825259499926,4,148.0,0.19606237860834605,8,217.0,0.2340028259832502,4,24.0,0.3519373893552675,16,389.0
1710.0,22,72.0,0.7578947368421053,4.650983876197154,5,165.0,0.255187624158465,12,183.0,0.16127849784459306,5,41.0,0.40114222110580855,22,389.0
1715.0,27,149.0,1.568421052631579,4.414718646051035,8,199.0,0.2319307096491104,15,213.0,0.11277682714347205,4,49.0,0.43900234401489285,27,461.0
1720.0,24,125.0,1.3020833333333333,3.8354861883874585,4,178.0,0.21394413556126118,17,248.0,0.14321598049309167,3,29.0,0.33820247322048447,24,455.0
1725.0,18,87.0,0.9157894736842105,4.97167169986246,3,110.0,0.2348255862725987,14,250.0,0.27319255399516806,1,27.0,0.33871537653893713,18,387.0
1730.0,14,86.0,0.8775510204081632,5.844411847950518,1,69.0,0.2111205891790669,9,224.0,0.35094813652454204,4,43.0,0.2782766915006264,14,336.0
1735.0,20,147.0,1.5806451612903225,5.857756204699939,2,48.0,0.26105421033062726,14,232.0,0.26404138780468117,4,42.0,0.37509209343480376,20,322.0
1740.0,17,114.0,1.3103448275862069,5.003049680505575,1,40.0,0.25990684870193675,14,263.0,0.1773606565559641,2,33.0,0.3558373609231203,17,336.0
1745.0,23,118.0,1.372093023255814,5.688596819927914,3,52.0,0.30491179202386753,18,255.0,0.18768435552558027,2,22.0,0.5685573324652349,23,329.0
1750.0,22,143.0,1.7228915662650603,5.675121339928393,3,54.0,0.4386063375351787,17,269.0,0.19256201695177025,2,18.0,0.5010406456353479,22,341.0
1755.0,26,188.0,2.1123595505617976,5.397692478739237,4,37.0,0.38590810269480447,16,317.0,0.1991806392305841,6,40.0,0.43043878165741145,26,394.0
1760.0,24,215.0,2.4431818181818183,4.554341991084576,1,26.0,0.38236352704680293,20,353.0,0.1426833796846376,3,45.0,0.45211085951759317,24,424.0
1765.0,30,186.0,1.9787234042553192,3.646070267660029,9,47.0,0.16167916191009304,17,382.0,0.19645245251282575,4,18.0,0.2715271689873585,30,447.0
1770.0,24,106.0,1.127659574468085,4.201077940359448,9,67.0,0.15887426773279836,11,313.0,0.2582334699169723,4,26.0,0.26588901528026154,24,406.0
1775.0,16,59.0,0.6413043478260869,4.935109155200106,3,58.0,0.2255734575661171,6,329.0,0.28527566627884926,7,54.0,0.2981764038933272,16,441.0
1780.0,20,66.0,0.717391304347826,4.574348645685688,4,37.0,0.23328941289867888,11,329.0,0.22279759533674362,5,57.0,0.31439212041361997,20,423.0
1785.0,20,109.0,1.1122448979591837,4.620226046399989,2,35.0,0.2913780959347863,15,344.0,0.1488004706978824,3,47.0,0.4013333584213273,20,426.0
1790.0,32,218.0,2.1372549019607843,4.145365772050783,6,56.0,0.21273464915020138,21,410.0,0.16335792639309554,5,56.0,0.26966867457270205,32,522.0
1795.0,34,268.0,2.7916666666666665,3.726012953910504,8,90.0,0.24427691577279945,18,438.0,0.17681848454431376,8,85.0,0.2646964036600506,34,613.0
1800.0,23,146.0,1.5698924731182795,3.3982448792026205,6,92.0,0.15155277479795304,13,379.0,0.15276309627555604,4,88.0,0.22895552821363233,23,559.0
1805.0,18,83.0,0.8829787234042553,5.131621742162186,6,78.0,0.21744391513352226,8,272.0,0.29301948907881664,4,69.0,0.28059799341680247,18,419.0
1810.0,14,51.0,0.5543478260869565,4.833328816845248,6,82.0,0.17601769927178243,6,284.0,0.3674635161226384,2,71.0,0.22030970944708225,14,437.0
1815.0,28,104.0,1.0721649484536082,4.4584596262822,9,121.0,0.1817586956322846,10,288.0,0.22196268018098647,9,103.0,0.23865351504861312,28,512.0
1820.0,19,68.0,0.7472527472527473,3.8966433085948013,4,123.0,0.2713638432560943,9,271.0,0.15546186939821138,6,114.0,0.28904879057777644,19,508.0
1825.0,22,52.0,0.5306122448979592,4.323368321644118,6,97.0,0.20402495538936508,8,201.0,0.24706797024505026,8,91.0,0.19334339798782915,22,389.0
1830.0,15,35.0,0.35714285714285715,4.329588808801591,4,108.0,0.17822304172968287,6,216.0,0.2651744462069852,5,89.0,0.24705175217184744,15,413.0
1835.0,25,95.0,0.95,4.48042577016812,8,140.0,0.16393152880225287,12,223.0,0.18928435062224758,5,115.0,0.337613701066216,25,478.0
1840.0,29,183.0,1.811881188118812,3.5533842733448577,10,188.0,0.18464092340112678,16,257.0,0.10693571709876211,3,108.0,0.3070781117888115,29,553.0
1845.0,28,159.0,1.65625,3.6646575283781395,8,198.0,0.2255103082806192,19,280.0,0.16834802038740965,1,55.0,0.35150883203528044,28,533.0
1850.0,22,120.0,1.1650485436893203,4.677301340147368,7,164.0,0.18414670471704891,14,243.0,0.28769378483056884,1,31.0,0.2600244296104204,22,438.0
1855.0,17,59.0,0.5784313725490197,5.641037856266344,9,177.0,0.1777762469298562,6,252.0,0.3445320897434223,2,21.0,0.43043598682171763,17,450.0
1860.0,23,99.0,0.99,5.467503435556795,12,233.0,0.14188308036390354,9,256.0,0.2632385145508196,2,25.0,0.5433463030285954,23,514.0
1865.0,28,155.0,1.5346534653465347,5.3675345356935145,9,250.0,0.25702361541683044,14,281.0,0.22574578525545042,5,37.0,0.49109097735828705,28,568.0
1870.0,21,146.0,1.489795918367347,5.49665512173557,2,208.0,0.3139788474245853,15,306.0,0.21112554389204766,4,57.0,0.5585809668876741,21,571.0
1875.0,17,77.0,0.7623762376237624,5.748584067558929,1,143.0,0.24720712781956575,15,261.0,0.283757684515151,1,29.0,0.42123016642635513,17,433.0
1880.0,14,83.0,0.8556701030927835,6.372652056527972,1,144.0,0.28069057223680927,8,218.0,0.3161417095990978,5,19.0,0.3853649725031058,14,381.0
1885.0,29,152.0,1.6888888888888889,4.732686710542648,9,165.0,0.11179155939293664,14,181.0,0.21771045026081023,6,28.0,0.15558174138061664,29,374.0
1890.0,26,237.0,2.9625,4.995476940308416,7,175.0,0.1995735729921381,17,229.0,0.20308045492655746,2,28.0,0.3899981221512166,26,432.0
1895.0,20,151.0,1.986842105263158,5.400026558795955,4,138.0,0.27271065826557367,14,254.0,0.24844330447733093,2,14.0,0.4695316047920368,20,406.0
1900.0,15,87.0,1.1012658227848102,5.652018967853078,4,150.0,0.22281252437568655,7,205.0,0.2752709767110163,4,33.0,0.44551305118861634,15,388.0
1905.0,17,82.0,1.0512820512820513,6.0464693481587615,8,182.0,0.3175108561451966,7,139.0,0.2613821017943952,2,30.0,0.634724422061299,17,351.0
1910.0,13,32.0,0.3950617283950617,5.08822453919826,8,175.0,0.2448072806250838,3,121.0,0.3127012687587083,2,11.0,0.5632130992323118,13,307.0
1915.0,16,61.0,0.7011494252873564,6.597551204089762,6,145.0,0.28685658576323814,7,118.0,0.39368775535576833,3,12.0,0.5691749783336034,16,275.0
1920.0,15,53.0,0.6091954022988506,5.783038668108642,5,111.0,0.1895045770371098,9,123.0,0.35860245331058016,1,2.0,0.44202918234058086,15,236.0
1925.0,22,82.0,0.9010989010989011,5.4104053259382265,6,115.0,0.2491134177402904,12,114.0,0.23400808969812484,4,20.0,0.5204344807209035,22,249.0
1930.0,18,87.0,0.9666666666666667,4.990288297693872,7,138.0,0.2806838671526607,10,150.0,0.14699386043085938,1,25.0,0.6250988999622513,18,313.0
1935.0,17,60.0,0.6666666666666666,4.627599577467797,6,133.0,0.21586345016488148,10,164.0,0.1973038649152409,1,11.0,0.43326071234136,17,308.0
1940.0,14,51.0,0.5730337078651685,5.277116924140934,3,79.0,0.27782750718958105,9,166.0,0.25742904442407677,2,3.0,0.4764210063932879,14,248.0
1945.0,22,70.0,0.7526881720430108,5.476198089597789,4,67.0,0.27585427217508224,11,156.0,0.25791773144795516,7,23.0,0.40592839135060316,22,246.0
1950.0,23,137.0,1.4421052631578948,5.271983791322642,2,62.0,0.3768036718708387,16,170.0,0.15644677664656811,5,48.0,0.5403990775606188,23,280.0
1955.0,26,186.0,2.0217391304347827,4.420845576500313,4,75.0,0.35064604754137013,15,207.0,0.09088949168463065,7,80.0,0.3760755472409942,26,362.0
1960.0,27,113.0,1.2150537634408602,4.114998239896388,6,76.0,0.25978203673424294,16,216.0,0.1483348427288374,5,77.0,0.22501542123601878,27,369.0
1965.0,13,35.0,0.3888888888888889,5.305583793894237,4,64.0,0.30993493987461374,8,239.0,0.23995680876745343,1,29.0,0.38142358970226325,13,332.0
1970.0,18,59.0,0.6344086021505376,5.22595816126263,2,39.0,0.2781239761173388,13,251.0,0.27272677866044437,3,36.0,0.3646692564963611,18,326.0
1975.0,25,146.0,1.5051546391752577,5.192845987684012,2,45.0,0.38263693067624727,15,282.0,0.20575076926492197,8,67.0,0.3812413326156709,25,394.0
1980.0,31,159.0,1.6736842105263159,3.6364144864174035,5,60.0,0.31273378856702744,17,310.0,0.11514470037770952,9,87.0,0.23491011560211408,31,457.0
1985.0,22,102.0,1.0625,4.446624329887629,3,60.0,0.2687908627104061,14,273.0,0.21478470936327804,5,78.0,0.20311634861665206,22,411.0
1990.0,13,68.0,0.723404255319149,5.737843277184776,3,48.0,0.30253620893754773,8,225.0,0.3341074503966115,2,75.0,0.2805467520755622,13,348.0
1995.0,21,77.0,0.7857142857142857,5.041730081046801,4,35.0,0.22353217797557273,10,239.0,0.30987967005289635,7,102.0,0.19433242559523067,21,376.0
2000.0,28,92.0,1.010989010989011,4.083845025932889,4,42.0,0.3378325380710186,14,258.0,0.19312770125107084,10,120.0,0.26535457070877677,28,420.0
2005.0,25,74.0,0.7551020408163265,4.257175366660965,6,58.0,0.2769089759260472,12,254.0,0.19680740653281162,7,94.0,0.2686541638372206,25,406.0
2010.0,14,48.0,0.48484848484848486,5.522345240198171,4,66.0,0.32052681031757363,8,210.0,0.261118387244309,2,56.0,0.36294435506017886,14,332.0
2015.0,13,80.0,0.8080808080808081,6.660965761313645,3,52.0,0.24615216140000082,8,161.0,0.3691221187286365,2,33.0,0.4402773301815774,13,246.0
2020.0,20,154.0,1.5876288659793814,6.322292194289268,2,32.0,0.2156005726953924,14,201.0,0.33593924855911345,4,38.0,0.46125759428556345,20,271.0
2025.0,20,101.0,1.0978260869565217,4.933545090963539,2,35.0,0.2780915760202027,16,230.0,0.17576839566249466,2,19.0,0.4186714635713011,20,284.0
2030.0,29,126.0,1.3548387096774193,4.301720678465011,4,53.0,0.24171513406486075,18,234.0,0.10795225549074706,7,31.0,0.31453296581188095,29,318.0
2035.0,21,95.0,1.0555555555555556,4.3999396333400815,4,58.0,0.32524910393193307,13,269.0,0.15796463844492895,4,39.0,0.4598609751600587,21,366.0
2040.0,14,52.0,0.5714285714285714,4.964789881936881,2,48.0,0.308149652249059,11,289.0,0.2650657996147186,1,24.0,0.47335776599249363,14,361.0
2045.0,15,43.0,0.43434343434343436,4.236463903696942,2,44.0,0.21609746250615905,11,291.0,0.20098459611016364,2,22.0,0.4501394267080604,15,357.0
2050.0,23,94.0,0.9591836734693877,4.013348502907748,5,66.0,0.25757521008056894,12,276.0,0.14228737379443307,6,49.0,0.3839239585345515,23,391.0
2055.0,26,68.0,0.6666666666666666,3.2265714216113586,6,70.0,0.19937644730238324,16,325.0,0.116122384490235,4,56.0,0.2800183113584833,26,451.0
2060.0,15,50.0,0.4807692307692308,4.653246062027187,2,52.0,0.2696592974070036,11,359.0,0.18782249778471902,2,25.0,0.4107733138985112,15,436.0
2065.0,19,104.0,0.9811320754716981,4.973564867983014,2,30.0,0.20221572819850972,15,392.0,0.2075041206625209,2,13.0,0.36443727064227643,19,435.0
2070.0,23,118.0,1.1132075471698113,4.253492837672467,3,21.0,0.2479476990847865,18,421.0,0.1347144472662568,2,15.0,0.37422824324076515,23,457.0
2075.0,26,122.0,1.2079207920792079,3.7027387792824142,0,17.0,0.30491324962638916,22,408.0,0.08921259055308499,4,34.0,0.37231702200038574,26,459.0
2080.0,33,198.0,1.9223300970873787,3.6525372327298573,2,21.0,0.3576428949488037,23,383.0,0.12908573139970209,8,63.0,0.31184267009442385,33,467.0
2085.0,35,236.0,2.2264150943396226,4.171522476108288,7,43.0,0.34411596786477167,22,409.0,0.17407119245104305,6,72.0,0.4262190859191434,35,524.0
2090.0,37,240.0,2.0869565217391304,4.107967036280382,14,90.0,0.24953660933834487,18,433.0,0.2180998724266431,5,67.0,0.3893860329617366,37,590.0
2095.0,32,192.0,1.641025641025641,4.362267240334425,13,133.0,0.21770735633739538,14,433.0,0.2162117808188708,5,85.0,0.34768675853872105,32,651.0
2100.0,38,254.0,2.189655172413793,3.3990591103160734,19,206.0,0.04315984770871686,10,447.0,0.16307852495166061,9,117.0,0.13731026654064105,38,770.0
2105.0,43,282.0,2.389830508474576,2.804699783923989,20,272.0,0.12383828507571809,15,415.0,0.13141633529848887,8,135.0,0.22277990073170595,43,822.0
2110.0,33,212.0,1.8434782608695652,3.9328978263047847,15,268.0,0.20672024752296062,13,416.0,0.2013132510781246,5,112.0,0.35714027505539503,33,796.0
2115.0,31,206.0,1.7166666666666666,4.5044989270424605,14,276.0,0.184213681767221,14,387.0,0.23083457739619997,3,69.0,0.2919284326985108,31,732.0
2120.0,29,232.0,1.9661016949152543,5.652531901370949,11,269.0,0.2978777690586634,16,354.0,0.24000694621222307,2,43.0,0.3820118898876167,29,666.0
2125.0,31,184.0,1.546218487394958,4.1563899629701435,8,294.0,0.1920808162087912,19,387.0,0.1652713338210424,4,32.0,0.23714271742116916,31,713.0
2130.0,30,153.0,1.3304347826086957,4.615198315960624,6,329.0,0.32406520317939064,19,358.0,0.09369835956259005,5,56.0,0.3415530319630049,30,743.0
2135.0,30,156.0,1.4444444444444444,4.618116323852568,3,319.0,0.4084540470433338,24,393.0,0.13441164306553616,3,55.0,0.41055089778204396,30,767.0
2140.0,33,201.0,1.8108108108108107,4.727155005910011,5,256.0,0.3945289551642294,24,419.0,0.21048333369504632,4,29.0,0.3788171645132212,33,704.0
2145.0,28,297.0,2.6283185840707963,5.365900172409394,1,253.0,0.4241620201466373,25,469.0,0.20756791173102832,2,27.0,0.44210563522964014,28,749.0
2150.0,30,301.0,2.5083333333333333,4.819062471524833,7,276.0,0.22834769400657848,19,505.0,0.23635667368767208,4,33.0,0.39220834832911616,30,814.0
2155.0,22,159.0,1.358974358974359,4.845711099497874,7,275.0,0.1841340675867929,13,422.0,0.2615052665477326,2,17.0,0.38764718966287554,22,714.0
2160.0,21,59.0,0.5363636363636364,4.235612896722415,4,231.0,0.17074046352820163,9,421.0,0.21399966037056675,8,35.0,0.19348558781312103,21,687.0
2165.0,24,72.0,0.6605504587155964,4.33571564269507,3,156.0,0.32163625785578837,12,420.0,0.18150158480695167,9,61.0,0.2448251221470678,24,637.0
2170.0,25,111.0,0.9823008849557522,5.362400904365393,4,98.0,0.4632777505403535,17,435.0,0.2027813500237431,4,55.0,0.35031918369051496,25,588.0
2175.0,26,183.0,1.5508474576271187,4.858918461489655,1,81.0,0.4076639084347868,21,503.0,0.18477965757310058,4,72.0,0.3177319790852058,26,656.0
2180.0,40,350.0,2.9661016949152543,4.948569547906341,6,101.0,0.40656070158425556,24,595.0,0.20380632992639963,10,109.0,0.2944481996469983,40,805.0
2185.0,38,322.0,2.849557522123894,3.376200728190544,9,105.0,0.24524530844453624,19,606.0,0.18272719844748025,10,126.0,0.18012166006210767,38,837.0
2190.0,28,186.0,1.6460176991150441,4.057759089192812,7,82.0,0.22116043536116703,13,477.0,0.2663797150602589,8,103.0,0.1783413189224739,28,662.0
2195.0,12,45.0,0.39473684210526316,4.890877877145813,1,56.0,0.2504537500934719,7,509.0,0.29971337837568823,4,86.0,0.2343721798753741,12,651.0
2200.0,23,98.0,0.8376068376068376,5.142302196734043,7,85.0,0.2605327976321265,9,517.0,0.2680439817969178,7,80.0,0.34096751945239095,23,682.0
2205.0,24,170.0,1.452991452991453,5.394331846295762,6,100.0,0.28122212134149926,14,557.0,0.261075878845646,4,83.0,0.44514867183564616,24,740.0
2210.0,27,113.0,0.9495798319327731,4.48729775249006,7,73.0,0.17990313422563348,18,541.0,0.26211159046621163,2,49.0,0.3706964873492951,27,663.0
2215.0,29,125.0,1.0416666666666667,5.119429558853804,4,51.0,0.2549149724212282,16,435.0,0.21550043912702352,9,53.0,0.3129312865090655,29,539.0
2220.0,26,144.0,1.263157894736842,5.211459900060674,2,43.0,0.3019264271591688,15,286.0,0.20412559300575,9,75.0,0.18745325175452762,26,404.0
2225.0,31,240.0,2.2429906542056073,5.565569389800937,4,47.0,0.4195656143288459,20,271.0,0.30467182936319787,7,78.0,0.16605974929201547,31,396.0
2230.0,30,352.0,3.3846153846153846,5.484789639583555,4,61.0,0.44583528070265865,23,314.0,0.19300910980200084,3,70.0,0.2608974185475485,30,445.0
2235.0,43,394.0,3.825242718446602,4.463319170281099,7,84.0,0.38383975864576847,27,391.0,0.09114726127125328,9,102.0,0.18943183286876555,43,577.0
2240.0,31,223.0,2.2989690721649483,4.410460854669033,1,50.0,0.4496106578782074,23,414.0,0.09487198542113183,7,119.0,0.32089701418699434,31,583.0
2245.0,28,183.0,1.83,5.221524724077884,6,20.0,0.39958123420960606,19,391.0,0.24278573801261286,3,82.0,0.2970416256192969,28,493.0
2250.0,29,215.0,2.1717171717171717,5.400557753140164,7,48.0,0.49831683512774017,17,375.0,0.25525050310494446,5,96.0,0.31277230333982436,29,519.0
2255.0,32,283.0,2.8585858585858586,4.940399037649361,8,84.0,0.4081903923755897,15,362.0,0.3055513845286634,9,126.0,0.25070396106847886,32,572.0
2260.0,37,328.0,3.1538461538461537,4.595085945023562,9,106.0,0.40296324140526996,17,355.0,0.26869752900405763,11,140.0,0.18528148513624865,37,601.0
2265.0,33,338.0,3.1588785046728973,4.841878005126127,3,121.0,0.4493174026659953,22,409.0,0.24641766984606767,8,117.0,0.2303051529160013,33,647.0
2270.0,39,454.0,3.982456140350877,4.591926785376849,8,147.0,0.25848822741666316,24,493.0,0.2643573416354798,7,85.0,0.23021336958032934,39,725.0
2275.0,31,343.0,3.0625,4.5896087473355065,8,150.0,0.21308785314258488,19,496.0,0.25013715678148024,4,76.0,0.30793876010429816,31,722.0
2280.0,21,180.0,1.651376146788991,4.6950247820820215,3,107.0,0.17352498590561374,15,478.0,0.2699259251899609,3,75.0,0.28715533366063,21,660.0
2285.0,21,89.0,0.8018018018018018,5.810658889523948,5,59.0,0.2908872442417662,9,375.0,0.30844065053666603,7,101.0,0.29387312137594873,21,535.0
2290.0,24,112.0,1.087378640776699,4.982753949229499,3,57.0,0.37466600309957665,8,379.0,0.23358637310253064,13,151.0,0.2669260860217996,24,587.0
2295.0,31,138.0,1.3142857142857143,3.5431100872296315,9,90.0,0.25583097897907675,9,332.0,0.14497927913982167,13,184.0,0.15840469999899676,31,606.0
2300.0,27,103.0,1.0,3.910288626712681,9,100.0,0.3133737031087052,9,312.0,0.2231835885423731,9,163.0,0.2193076161407957,27,575.0
2305.0,22,58.0,0.5178571428571429,4.4140872150496575,6,83.0,0.2015735080037046,8,246.0,0.2886371113771658,8,132.0,0.22991085648772178,22,461.0
2310.0,22,103.0,0.911504424778761,6.271364365192358,5,61.0,0.2959753833236165,11,152.0,0.3712457244102292,6,107.0,0.351200815119661,22,320.0
2315.0,17,68.0,0.6071428571428571,5.554592424816802,2,60.0,0.3043833951096771,12,174.0,0.2593206733778909,3,104.0,0.38493280073225966,17,338.0
2320.0,30,106.0,0.9724770642201835,4.4189663740963026,9,89.0,0.23737854092659383,13,180.0,0.11280619755895131,8,131.0,0.3402737906867834,30,400.0
2325.0,39,206.0,1.9619047619047618,3.4157868621673857,13,145.0,0.2701201151380215,14,199.0,0.11632678707586287,12,183.0,0.236346186841661,39,527.0
2330.0,43,274.0,2.560747663551402,2.3475469022717985,17,220.0,0.09446787164396957,12,209.0,0.1379172462192709,14,210.0,0.057918681430493196,43,639.0
2335.0,50,413.0,3.7889908256880735,3.591341897564306,22,320.0,0.10010310049853649,15,238.0,0.19842225933682775,13,192.0,0.19858288721404385,50,750.0
2340.0,41,354.0,3.4038461538461537,3.4349635006113974,21,369.0,0.0738138691902411,17,272.0,0.21686221241300277,3,185.0,0.2779692727732021,41,826.0
2345.0,35,223.0,2.0272727272727273,3.826960804827685,15,347.0,0.21590402641683865,15,240.0,0.16620745865531683,5,205.0,0.28620644035256715,35,792.0
2350.0,40,276.0,2.4210526315789473,4.916047898983466,12,273.0,0.30166533141411006,15,230.0,0.28185077224316335,13,254.0,0.24933871655171796,40,757.0
2355.0,41,307.0,2.6016949152542375,4.060722138009064,12,305.0,0.2830854824698786,16,240.0,0.28248488722547577,13,268.0,0.1881735249166424,41,813.0
2360.0,41,250.0,2.0833333333333335,4.041422311547707,13,365.0,0.24773630499255225,17,273.0,0.24723529208793574,11,234.0,0.19916828716103196,41,872.0
2365.0,36,149.0,1.2416666666666667,3.7973540403488864,10,369.0,0.1253005125915133,14,270.0,0.2133533667022648,12,192.0,0.17279266686072892,36,831.0
2370.0,26,109.0,0.9316239316239316,4.876413373613035,7,283.0,0.2226656730735554,13,248.0,0.2873125245159097,6,197.0,0.23108487921149642,26,728.0
2375.0,24,95.0,0.8189655172413793,4.546226711985343,4,282.0,0.23750164747702437,11,260.0,0.2592749028292454,9,223.0,0.17070400957141374,24,765.0
2380.0,30,96.0,0.8421052631578947,3.6644509984431726,9,314.0,0.20568492599597735,12,243.0,0.15854494405680875,9,218.0,0.22475829675134634,30,775.0
2385.0,24,118.0,1.0535714285714286,4.40309284684701,8,314.0,0.27320503290594766,14,239.0,0.2253802188245281,2,159.0,0.297961667309224,24,712.0
2390.0,25,100.0,0.8403361344537815,3.6024011923623034,5,263.0,0.2260204895568167,15,265.0,0.24653349543155834,5,155.0,0.16612431054891022,25,683.0
2395.0,27,99.0,0.8181818181818182,3.7572254344254796,3,246.0,0.2036587466051575,15,252.0,0.1996420413087527,9,188.0,0.1541742270265354,27,686.0
2400.0,26,94.0,0.7966101694915254,3.167999343021378,8,275.0,0.10838295414819077,10,258.0,0.18120365927896281,8,189.0,0.12281370879990021,26,722.0
2405.0,23,84.0,0.7241379310344828,3.280340554979659,7,273.0,0.16795615910904133,8,261.0,0.2087203665975258,8,159.0,0.19309220396484994,23,693.0
2410.0,22,116.0,0.9830508474576272,4.659019145785714,4,199.0,0.2877171338283162,14,269.0,0.2795807364423104,4,111.0,0.25990229947932647,22,579.0
2415.0,16,86.0,0.688,4.255829880995005,0,107.0,0.24274716776679878,13,275.0,0.2588070414907995,3,109.0,0.1953466875601409,16,491.0
2420.0,24,94.0,0.752,4.965553054528037,3,69.0,0.32314890139607944,14,240.0,0.26979891826124486,7,135.0,0.20040699033628787,24,444.0
2425.0,22,82.0,0.6833333333333333,4.478895101033982,4,46.0,0.28183145100131307,11,191.0,0.23197974067579372,7,138.0,0.14442389174299017,22,375.0
2430.0,30,168.0,1.4736842105263157,4.61865754119894,5,64.0,0.22818856773795718,19,214.0,0.25392851696386437,6,114.0,0.18753634744688596,30,392.0
2435.0,31,247.0,2.287037037037037,4.363189367389898,7,66.0,0.20599482170421807,20,261.0,0.22172721149823568,4,100.0,0.20075786475988888,31,427.0
2440.0,29,228.0,2.111111111111111,4.061436305324461,3,36.0,0.2391158927233481,19,314.0,0.20624744999783357,7,123.0,0.14740151521878603,29,473.0
2445.0,26,128.0,1.2075471698113207,3.8905314140092324,3,33.0,0.3224338058091135,17,305.0,0.17837031733804612,6,123.0,0.22070368699623438,26,461.0
2450.0,14,41.0,0.37272727272727274,4.062108604918069,6,56.0,0.22932523066417265,4,300.0,0.24418298738195235,4,86.0,0.22629335508649753,14,442.0
2455.0,12,50.0,0.45045045045045046,4.943393966034692,4,62.0,0.22667475971269274,6,304.0,0.29294851446882864,2,48.0,0.28312845593728164,12,414.0
2460.0,14,53.0,0.49074074074074076,4.880383935656973,2,28.0,0.19763443035562608,10,296.0,0.2543576761717676,2,34.0,0.30629899503171537,14,358.0
2465.0,17,40.0,0.3669724770642202,4.519588223675129,2,29.0,0.2943067718173188,12,253.0,0.1775158494954653,3,19.0,0.35836074387511835,17,301.0
2470.0,27,122.0,1.0608695652173914,5.013415847681602,6,48.0,0.2616212407479066,13,185.0,0.17751468572873488,8,38.0,0.34047812422242946,27,271.0
2475.0,26,160.0,1.4035087719298245,4.657328256258785,4,51.0,0.3030132684286784,15,170.0,0.20617264336973182,7,55.0,0.326184906354507,26,276.0
2480.0,16,102.0,0.9357798165137615,4.688416742380809,1,30.0,0.3324827804587859,14,209.0,0.26407373866211414,1,37.0,0.33146054819877546,16,276.0
2485.0,20,67.0,0.5630252100840336,4.376576550145675,2,11.0,0.243679011734736,11,208.0,0.24691026488761,7,46.0,0.18476770306946855,20,265.0
2490.0,23,77.0,0.652542372881356,3.9744944372669773,2,13.0,0.2652392352442392,11,240.0,0.1779880068792886,10,81.0,0.1612867268981718,23,334.0
2495.0,29,109.0,0.9396551724137931,3.183245214892843,6,35.0,0.20317937441044082,14,261.0,0.10632385484453281,9,102.0,0.19574900578700263,29,398.0
2500.0,34,140.0,1.1764705882352942,3.2092405271932063,13,88.0,0.2106253116968994,13,276.0,0.12760974257718743,8,89.0,0.2255220465387808,34,453.0
2505.0,32,142.0,1.2033898305084745,3.8109660739251785,11,122.0,0.2127133494304563,16,268.0,0.18142991183329255,5,67.0,0.21992140814570546,32,457.0
2510.0,26,116.0,0.9508196721311475,4.008237164246025,9,116.0,0.1505750575138516,15,270.0,0.2089014851774338,2,57.0,0.21492373981096002,26,443.0
2515.0,35,240.0,2.0338983050847457,5.049345460164368,7,91.0,0.24610331858142323,20,298.0,0.272848080231477,8,87.0,0.18774816470091385,35,476.0
2520.0,36,228.0,2.054054054054054,3.4417612232974695,7,109.0,0.16169911953813793,19,331.0,0.1459598473733496,10,108.0,0.13414629668944453,36,548.0
2525.0,35,184.0,1.7037037037037037,3.885410757587439,9,154.0,0.2138813299858019,21,340.0,0.1367797718521693,5,92.0,0.2901136026464871,35,586.0
2530.0,20,82.0,0.7522935779816514,4.349669871004043,5,165.0,0.3106034013892786,11,376.0,0.17242909207195647,4,75.0,0.3303529978959912,20,616.0
2535.0,20,65.0,0.5752212389380531,4.357056180158303,4,133.0,0.2908262228480572,9,378.0,0.2522047568194239,7,95.0,0.1410329619285192,20,606.0
2540.0,19,52.0,0.48148148148148145,3.907092034511323,3,128.0,0.3042658753496478,9,370.0,0.196847751085257,7,101.0,0.15438444809562685,19,599.0
2545.0,21,58.0,0.5225225225225225,3.5389514691527477,7,151.0,0.20350240018297278,11,325.0,0.15850249543401382,3,67.0,0.212645529322708,21,543.0
2550.0,23,145.0,1.2831858407079646,4.299796171897597,9,190.0,0.2697467424555196,12,267.0,0.1762781604205993,2,62.0,0.307172426233526,23,519.0
2555.0,28,214.0,1.8771929824561404,4.216464194469699,8,199.0,0.2975431136981119,12,240.0,0.21065697204939843,8,90.0,0.22118363744284197,28,529.0
2560.0,37,332.0,2.7899159663865545,4.019475411848325,7,175.0,0.2883767613769151,16,276.0,0.2865034921119774,14,147.0,0.17812550871428257,37,598.0
2565.0,39,267.0,2.225,3.0497276073233914,9,203.0,0.2282974740687088,17,311.0,0.22328228567232586,13,172.0,0.1422505364107675,39,686.0
2570.0,41,186.0,1.4761904761904763,3.1275265664267686,12,255.0,0.07917580708852212,17,312.0,0.22207502241615582,12,159.0,0.10849698086932331,41,726.0
2575.0,42,243.0,2.042016806722689,3.2039660349620185,17,325.0,0.09042006349346367,13,272.0,0.22935677155991502,12,195.0,0.14528403884373667,42,792.0
2580.0,52,425.0,3.6956521739130435,3.216530707365592,21,426.0,0.0391777117754285,17,303.0,0.2453115643755586,14,259.0,0.08812225464615689,52,988.0
2585.0,58,626.0,5.63963963963964,2.7234352485769207,25,541.0,0.06865427205223361,19,339.0,0.1162991838647434,14,286.0,0.10985484574163784,58,1166.0
2590.0,44,522.0,4.9714285714285715,2.902811136928766,21,586.0,0.08053306163934247,16,364.0,0.16861479598956233,7,259.0,0.17733955451261174,44,1209.0
2595.0,32,277.0,2.541284403669725,3.5496352823222015,17,547.0,0.16128243997366482,10,286.0,0.27918221403005966,5,293.0,0.20385905223757547,32,1126.0
2600.0,36,255.0,2.256637168141593,4.462601040231178,14,576.0,0.23875827471030442,10,215.0,0.37955402037355584,12,332.0,0.21201262998948203,36,1123.0
2605.0,36,188.0,1.5932203389830508,3.287451965513772,18,659.0,0.13228014154576265,4,180.0,0.3657037696503412,14,340.0,0.09658248223619728,36,1179.0
2610.0,26,131.0,1.1196581196581197,3.636044435160358,12,657.0,0.12589338390066296,6,163.0,0.2980637705491946,8,302.0,0.1509657207329421,26,1122.0
2615.0,18,49.0,0.4375,3.871857363160193,5,550.0,0.16816586330597597,6,139.0,0.2867482698491008,7,304.0,0.13622619636338118,18,993.0
2620.0,24,75.0,0.635593220338983,4.286121493782505,5,384.0,0.27340895473880594,9,106.0,0.25367630403816555,10,346.0,0.17897699526659777,24,836.0
2625.0,20,65.0,0.5652173913043478,4.000366767588684,2,383.0,0.3242772882331699,9,132.0,0.2671999728522686,9,337.0,0.16387264611453348,20,852.0
2630.0,16,66.0,0.5454545454545454,3.9922182196802596,6,405.0,0.18771904499712977,6,142.0,0.2578068414797472,4,269.0,0.12808291003185246,16,816.0
2635.0,17,59.0,0.5086206896551724,4.228174460677918,7,374.0,0.18675712702310848,5,119.0,0.2606489454078649,5,164.0,0.19661069229281414,17,657.0
2640.0,17,37.0,0.3274336283185841,4.104425812223658,4,308.0,0.25179887015705976,10,101.0,0.22384429167482206,3,164.0,0.2446025634941229,17,573.0
2645.0,21,65.0,0.5416666666666666,4.3056460982766875,4,217.0,0.2869727623990405,11,128.0,0.221516877612788,6,188.0,0.20478608226189499,21,533.0
2650.0,19,69.0,0.5847457627118644,4.149053339434566,2,215.0,0.29610756575074737,10,135.0,0.21827311652610296,7,188.0,0.15906806587332795,19,538.0
2655.0,23,76.0,0.6440677966101694,3.758896690856592,8,241.0,0.1454365647028765,9,145.0,0.19755018050439058,6,147.0,0.17513788944426867,23,533.0
2660.0,23,78.0,0.6964285714285714,3.665207995721158,8,241.0,0.2384083549252375,12,150.0,0.1610576760752777,3,170.0,0.2534804194787334,23,561.0
2665.0,29,87.0,0.7310924369747899,3.357962771504036,4,183.0,0.28791921976274765,14,196.0,0.14249551745159897,11,203.0,0.13289374500549844,29,582.0
2670.0,26,91.0,0.7520661157024794,3.6020020035321956,5,189.0,0.23518481238077685,12,209.0,0.17074844299362996,9,206.0,0.13675677238606174,26,604.0
2675.0,26,94.0,0.8034188034188035,3.3902091333203668,9,218.0,0.09914044498780177,12,224.0,0.1717014883861162,5,158.0,0.16436160813992887,26,600.0
2680.0,35,162.0,1.3728813559322033,3.6339405522443693,15,279.0,0.13832855857270335,14,227.0,0.1879821286758816,6,96.0,0.25145673870480106,35,602.0
2685.0,34,147.0,1.2148760330578512,3.339485798847139,13,291.0,0.18702999288463557,15,267.0,0.12116028743572614,6,106.0,0.2844886529967222,34,664.0
2690.0,31,140.0,1.1382113821138211,3.3612810669755997,9,229.0,0.15197324739529805,14,288.0,0.15198360740004838,8,141.0,0.15086279557757568,31,658.0
2695.0,30,168.0,1.423728813559322,4.134496841669967,6,212.0,0.1855795211496251,15,311.0,0.235107489139056,9,151.0,0.15986537974258966,30,674.0
2700.0,38,254.0,2.2280701754385963,4.287537109231657,13,269.0,0.07460082253660708,20,367.0,0.25072338984046655,5,124.0,0.17539600353005824,38,760.0
2705.0,34,230.0,2.0353982300884956,3.867044708472392,11,277.0,0.10929434381140883,19,400.0,0.14556616842187628,4,85.0,0.22923846596685987,34,762.0
2710.0,26,131.0,1.2242990654205608,4.028395743710262,3,200.0,0.2890766814276318,19,380.0,0.15113948632037008,4,92.0,0.3047228823853807,26,672.0
2715.0,28,158.0,1.373913043478261,4.923359480270284,2,146.0,0.3488880313652088,18,330.0,0.2349116771062011,8,118.0,0.2517019191596286,28,594.0
2720.0,24,181.0,1.6017699115044248,5.003490056224173,1,146.0,0.4253383980995696,19,339.0,0.24208704078583454,4,117.0,0.3409982204286345,24,602.0
2725.0,29,224.0,1.8983050847457628,4.752322993852019,7,160.0,0.29897965964836265,17,341.0,0.2576597234485771,5,67.0,0.30061355597815503,29,568.0
2730.0,33,356.0,3.016949152542373,4.633408507217331,11,203.0,0.2771991863766378,20,402.0,0.2174742520652888,2,52.0,0.3841096330904576,33,657.0
2735.0,37,378.0,3.230769230769231,3.998651537256009,16,271.0,0.17033208070280603,19,430.0,0.179684444045196,2,53.0,0.32579013753983,37,754.0
2740.0,40,341.0,2.841666666666667,3.7338954392480996,23,371.0,0.07814352167858252,14,395.0,0.2162631715508129,3,39.0,0.2816462079501897,40,805.0
2745.0,38,273.0,2.373913043478261,3.541488616707401,24,434.0,0.09019155666333019,6,391.0,0.16308068793550337,8,63.0,0.24151364945506196,38,888.0
2750.0,41,232.0,2.0350877192982457,2.877604388540759,20,441.0,0.14234071157391062,9,381.0,0.17312873818577254,12,89.0,0.17633049009488877,41,911.0
2755.0,37,235.0,2.0434782608695654,3.750398961644418,16,487.0,0.1731185324889376,16,402.0,0.22096087219296615,5,84.0,0.2610966374880753,37,973.0
2760.0,43,304.0,2.5982905982905984,3.2955042497855485,18,570.0,0.12067169513190579,19,468.0,0.222686263022794,6,90.0,0.15872465943569541,43,1128.0
2765.0,44,292.0,2.453781512605042,2.880477599107597,11,578.0,0.13602452987326497,19,483.0,0.13402425697950193,14,139.0,0.12186730012546215,44,1200.0
2770.0,36,238.0,2.144144144144144,3.2933671246397704,6,464.0,0.17113241100909773,15,391.0,0.1782636462755246,15,205.0,0.0970128299964105,36,1060.0
2775.0,33,276.0,2.4424778761061945,4.082041135778282,4,368.0,0.1904121555990239,9,303.0,0.29539711368217697,20,292.0,0.06784747093444023,33,963.0
2780.0,31,314.0,2.9345794392523366,4.971382129003107,2,278.0,0.30445047679189946,12,252.0,0.38637448265117486,17,330.0,0.13074827436349407,31,860.0
2785.0,26,175.0,1.5909090909090908,4.707666606900331,5,202.0,0.30110389620624983,9,228.0,0.32922673602600167,12,288.0,0.09930019474698046,26,718.0
2790.0,22,134.0,1.2523364485981308,5.565064498550754,4,154.0,0.5095255366306018,8,193.0,0.3425966831965064,10,312.0,0.19315963229590435,22,659.0
2795.0,30,205.0,1.8807339449541285,5.861067353550436,4,141.0,0.5542622297279832,8,150.0,0.3226004564424821,18,383.0,0.2178822139713974,30,674.0
2800.0,26,252.0,2.25,5.628246778419902,6,128.0,0.5410050863911688,9,172.0,0.26826859601859254,11,398.0,0.22478966288210264,26,698.0
2805.0,22,289.0,2.6036036036036037,5.598877620188243,6,134.0,0.4772002378284876,14,230.0,0.24771812512869232,2,317.0,0.3036596133404759,22,681.0
2810.0,18,98.0,0.8521739130434782,4.830008877614669,3,90.0,0.3208710771074817,14,225.0,0.2564699447005685,1,272.0,0.23846168997134182,18,587.0
2815.0,23,93.0,0.808695652173913,5.0537070572476,7,44.0,0.24161890697405727,9,147.0,0.28649757244486873,7,296.0,0.18988292873224008,23,487.0
2820.0,26,102.0,0.9807692307692307,3.591154186298042,10,68.0,0.04219814634841176,8,118.0,0.2042351588213853,8,274.0,0.11951754222390258,26,460.0
2825.0,23,95.0,0.9405940594059405,4.077971084978446,8,79.0,0.1852407701317484,10,152.0,0.2755835447109891,5,225.0,0.1641346927145457,23,456.0
2830.0,15,58.0,0.58,4.952199079744252,1,55.0,0.4258030728483686,13,170.0,0.22494680320955374,1,199.0,0.3035418902596286,15,424.0
2835.0,34,146.0,1.3153153153153154,4.856905563510807,6,63.0,0.38620125742405575,20,227.0,0.16506314426291058,8,223.0,0.23182875545201845,34,513.0
2840.0,33,219.0,2.0660377358490565,4.531251539292634,4,70.0,0.45353713771512477,21,301.0,0.17834691720316315,8,224.0,0.23476549391125628,33,595.0
2845.0,27,165.0,1.5714285714285714,3.7799982829093097,5,36.0,0.3137981112913015,17,345.0,0.23931106253826293,5,176.0,0.17714022731214848,27,557.0
2850.0,20,113.0,1.0560747663551402,6.064226752488842,2,15.0,0.564630037967045,14,306.0,0.31582718804374477,4,119.0,0.23397132833010603,20,440.0
2855.0,9,57.0,0.5428571428571428,6.554764851463266,2,21.0,0.622264160812431,5,305.0,0.34351109262769175,2,82.0,0.2728174455446764,9,408.0
2860.0,15,34.0,0.3333333333333333,5.554082371683324,2,7.0,0.5053437999440079,10,306.0,0.26302541268798196,3,67.0,0.3770161965706859,15,380.0
2865.0,22,73.0,0.7019230769230769,5.043174489446823,5,21.0,0.5566243363211887,10,299.0,0.13587914004053023,7,88.0,0.315836084848533,22,408.0
2870.0,23,68.0,0.6666666666666666,3.838204744835939,3,18.0,0.3323271919325886,11,259.0,0.11815772165418088,9,100.0,0.18544704668693868,23,377.0
2875.0,17,62.0,0.6526315789473685,5.002899548331082,3,13.0,0.4591772937458862,10,248.0,0.2396153171262631,4,80.0,0.2685528113142564,17,341.0
2880.0,15,47.0,0.5053763440860215,5.236900083551195,2,5.0,0.541716547018879,11,220.0,0.234357403924738,2,46.0,0.3375267118995265,15,271.0
2885.0,18,56.0,0.5436893203883495,5.16094551205446,3,19.0,0.5403950829158902,12,233.0,0.19208440661668857,3,46.0,0.34452103503529397,18,298.0
2890.0,24,113.0,1.0761904761904761,4.7617303332492185,5,39.0,0.4873877612265832,10,220.0,0.1351432807294921,9,76.0,0.2469249884810389,24,335.0
2895.0,33,200.0,2.0,4.157940943869718,8,68.0,0.23390393059927353,16,234.0,0.1412569887031224,9,99.0,0.14479801572231113,33,401.0
2900.0,32,229.0,2.5164835164835164,4.355803401388714,5,71.0,0.31953074115172647,21,316.0,0.22418775617699033,6,89.0,0.2063962967989048,32,476.0
2905.0,31,307.0,3.231578947368421,5.627037926593612,3,32.0,0.2716636108833644,23,422.0,0.27656440221329676,5,51.0,0.2823290139713726,31,505.0
2910.0,29,296.0,3.1157894736842104,5.555288834286479,2,12.0,0.5035049745962401,25,473.0,0.17392585652862266,2,42.0,0.36754475054258523,29,527.0
2915.0,24,200.0,2.150537634408602,5.3146355662347515,3,21.0,0.5674710230017411,21,428.0,0.16362340872140663,0,30.0,0.4154979239071969,24,479.0
2920.0,29,197.0,1.97,5.523851905183289,5,39.0,0.5132943982520981,22,404.0,0.16706331375531328,2,36.0,0.457416187930823,29,479.0
2925.0,26,162.0,1.6701030927835052,5.6480818406594,5,29.0,0.5240726055228916,18,391.0,0.21091771713352916,3,39.0,0.49946030789925766,26,459.0
2930.0,27,221.0,2.1881188118811883,5.458787239438824,8,43.0,0.38172538224403035,17,382.0,0.29174696121820326,2,31.0,0.39272051746829795,27,456.0
2935.0,19,154.0,1.4951456310679612,5.660455487602769,7,65.0,0.37732099582224904,12,374.0,0.2982194516502531,0,21.0,0.4652001457116732,19,460.0
2940.0,21,87.0,0.87,5.121016622110216,5,68.0,0.26378906759235005,11,351.0,0.2855402173707274,5,36.0,0.2708048382100078,21,455.0
2945.0,18,54.0,0.5294117647058824,4.485011249299153,3,47.0,0.32042245597992985,10,363.0,0.1955526309525151,5,48.0,0.18308777933590356,18,458.0
2950.0,16,51.0,0.5151515151515151,5.153366737059586,1,44.0,0.4540882340348582,12,348.0,0.20845963666595796,3,32.0,0.3795160209907662,16,424.0
2955.0,22,122.0,1.1401869158878504,5.20702913206931,7,68.0,0.3418588281899186,12,323.0,0.22091322899415186,3,25.0,0.41079986084859743,22,416.0
2960.0,26,198.0,1.8504672897196262,5.348018754582459,8,85.0,0.3329922080887613,17,356.0,0.242632995338372,1,23.0,0.4560055536543127,26,464.0
2965.0,36,290.0,2.685185185185185,5.100027947185439,8,69.0,0.24971588685081103,19,407.0,0.30750752820296007,9,46.0,0.33259711184807783,36,522.0
2970.0,21,210.0,1.9811320754716981,4.802249060280472,4,78.0,0.23419366254171414,13,397.0,0.28999283205482185,4,53.0,0.3444689340430699,21,528.0
2975.0,23,133.0,1.2912621359223302,4.371425655037402,8,106.0,0.14733356079722887,11,284.0,0.21833835237934535,4,31.0,0.2533919651099175,23,421.0
2980.0,29,171.0,1.6132075471698113,4.782073044979556,14,163.0,0.1231121889586614,12,228.0,0.2829298676447667,3,21.0,0.2431321247905626,29,412.0
2985.0,28,156.0,1.56,4.351557788288794,14,195.0,0.1351756061031501,12,260.0,0.24524012644563162,2,17.0,0.3510676591246027,28,472.0
2990.0,26,106.0,1.0392156862745099,4.18020759999647,13,186.0,0.20664628068558646,6,254.0,0.23850795296982388,7,41.0,0.23539105285937328,26,481.0
2995.0,23,120.0,1.1428571428571428,4.915646163893918,7,213.0,0.2540895023171934,9,235.0,0.3234938040158213,7,63.0,0.3035509227585819,23,511.0
3000.0,21,80.0,0.7692307692307693,4.1183216626870465,9,251.0,0.13452009398875134,9,227.0,0.2855731751135831,3,57.0,0.2394453057985363,21,535.0
3005.0,21,79.0,0.7383177570093458,4.394698361800258,7,250.0,0.1303967072942431,10,181.0,0.26570486449069647,4,42.0,0.2433533610908633,21,473.0
3010.0,19,107.0,1.0388349514563107,5.537508936294639,4,201.0,0.1949772474700606,12,143.0,0.32609422498461493,3,40.0,0.3628176057309438,19,384.0
3015.0,25,189.0,1.7830188679245282,5.664905653409609,4,133.0,0.18231867480214092,16,187.0,0.34618726248374804,5,49.0,0.3622942347847764,25,369.0
3020.0,17,119.0,1.1666666666666667,5.224044634119387,1,134.0,0.24502675422912193,13,207.0,0.23982961956159005,3,27.0,0.36228923915481226,17,368.0
3025.0,29,99.0,0.9705882352941176,4.844034417025253,9,158.0,0.20845237077266066,12,184.0,0.12876809020624308,8,40.0,0.33806921592414285,29,382.0
3030.0,27,139.0,1.4787234042553192,4.811516854853196,9,160.0,0.2390820593067449,9,146.0,0.21464049828017295,9,78.0,0.3403227739228118,27,384.0
3035.0,13,56.0,0.6363636363636364,4.204318496990155,4,106.0,0.2227146495515506,0,144.0,0.3345913771425302,9,96.0,0.2590308568699759,13,346.0
3040.0,16,72.0,0.75,5.5255914096761884,2,58.0,0.22803291040058427,6,144.0,0.39893809301624594,8,97.0,0.3033498011163227,16,299.0
3045.0,14,49.0,0.5104166666666666,5.755524075831365,3,62.0,0.2795967743863433,7,146.0,0.32217105778860244,4,99.0,0.3676117643393629,14,307.0
3050.0,19,79.0,0.797979797979798,5.162476928612246,9,97.0,0.2529476644929742,5,119.0,0.20687496872169311,5,83.0,0.3835452669006574,19,299.0
3055.0,13,50.0,0.5376344086021505,4.832262628366351,9,114.0,0.21954435393859262,4,135.0,0.19335487708099872,0,51.0,0.5669513278388619,13,300.0
3060.0,19,72.0,0.8,4.752111414802468,6,94.0,0.18676662782247233,10,175.0,0.12925191431523314,3,48.0,0.43987990052221543,19,317.0
3065.0,25,135.0,1.5,3.597975470973369,6,109.0,0.17841618050594052,16,243.0,0.15078438369564218,3,47.0,0.2053962152887245,25,399.0
3070.0,22,145.0,1.6292134831460674,3.790076177100935,7,139.0,0.1924355060098413,15,276.0,0.17668391392142402,0,25.0,0.33077190873848783,22,440.0
3075.0,22,95.0,1.0106382978723405,3.823219492679949,8,152.0,0.14194771524133953,13,231.0,0.13529540912899532,1,6.0,0.4691331111621369,22,389.0
3080.0,14,56.0,0.6021505376344086,5.478687826428782,5,106.0,0.2928877466409069,8,184.0,0.2898366810207109,1,7.0,0.5622184872302216,14,297.0
3085.0,21,59.0,0.5959595959595959,5.612671040254057,4,76.0,0.2896754441386987,12,153.0,0.3152118790977686,5,18.0,0.4284182170837359,21,247.0
3090.0,14,80.0,0.8080808080808081,6.1785846063676075,3,44.0,0.33807094683829214,6,145.0,0.4842983360348274,5,28.0,0.3964676000311751,14,217.0
3095.0,6,66.0,0.6666666666666666,6.193757026157722,0,40.0,0.32001412026255294,4,141.0,0.49463398195679154,2,31.0,0.3981814643850868,6,212.0
3100.0,14,110.0,1.0576923076923077,5.925182271702259,5,55.0,0.2605416694864683,6,151.0,0.48329687363242296,3,31.0,0.382110555917196,14,237.0
3105.0,16,147.0,1.4554455445544554,5.459156910904532,7,74.0,0.30108080794640046,6,167.0,0.39712062417106575,3,35.0,0.36498780026963223,16,276.0
3110.0,14,42.0,0.4,4.195739759646581,4,63.0,0.23121515196573195,2,127.0,0.26880445149739673,8,62.0,0.19158919477450714,14,252.0
3115.0,16,53.0,0.5247524752475248,4.224864641030295,3,67.0,0.19671245824825576,5,72.0,0.33734445472770147,8,87.0,0.17215567757816633,16,226.0
3120.0,19,62.0,0.6326530612244898,4.061273416615047,9,96.0,0.12892638302372114,5,78.0,0.3360969447312729,5,81.0,0.15545049056426619,19,255.0
3125.0,25,127.0,1.27,4.4966645395273055,14,159.0,0.16639531160078447,5,75.0,0.3688619206931027,6,67.0,0.3092984519733411,25,301.0
3130.0,24,152.0,1.5670103092783505,4.819754129106716,16,203.0,0.16327831885393515,3,54.0,0.41461307585704477,5,66.0,0.3850549728343112,24,323.0
3135.0,17,71.0,0.6826923076923077,4.228229958003954,14,205.0,0.11943879080455903,0,35.0,0.3609648370845684,3,58.0,0.33696832190110004,17,298.0
3140.0,25,96.0,0.9320388349514563,4.707013007315318,14,267.0,0.1344916665960556,4,34.0,0.40754336382699613,7,80.0,0.28453891257391767,25,381.0
3145.0,33,135.0,1.3366336633663367,3.489290411132576,19,346.0,0.06855368072541254,7,59.0,0.19797553530219023,7,94.0,0.17325672581562024,33,499.0
3150.0,25,105.0,1.105263157894737,3.65903466548794,14,374.0,0.11427060508412043,6,77.0,0.2662206121420908,5,78.0,0.2576544638273704,25,529.0
3155.0,16,54.0,0.5869565217391305,4.496389099971202,8,341.0,0.18957711396627636,5,79.0,0.39098417830356047,3,66.0,0.35879150902547097,16,486.0
3160.0,19,57.0,0.5643564356435643,4.902567557938879,7,268.0,0.20064785004336277,5,68.0,0.3710052315837443,7,88.0,0.25147188242499463,19,424.0
3165.0,17,95.0,0.979381443298969,5.255415327561212,4,224.0,0.25069523762247126,2,76.0,0.5408555408958954,11,135.0,0.1841886668579287,17,435.0
3170.0,17,79.0,0.79,4.053729941144075,1,201.0,0.2360409715062348,4,90.0,0.3409277131274846,12,158.0,0.07869654307056687,17,449.0
3175.0,17,65.0,0.6701030927835051,5.052133321955886,6,222.0,0.2835725064839669,5,96.0,0.3295953332920586,6,121.0,0.21189919898943557,17,439.0
3180.0,16,42.0,0.45652173913043476,4.343532780083271,7,223.0,0.27430905661232713,2,79.0,0.2675998700593021,7,136.0,0.25784417114030733,16,438.0
3185.0,19,65.0,0.6701030927835051,4.850501054077678,6,184.0,0.2645427297971718,2,68.0,0.3788321035918782,11,177.0,0.26167060385462265,19,429.0
3190.0,14,64.0,0.6666666666666666,5.466687976616899,4,119.0,0.2688623328112001,2,45.0,0.5406232534942926,8,180.0,0.2948317305221505,14,344.0
3195.0,9,15.0,0.14705882352941177,4.902401531867336,3,107.0,0.24197800915168252,1,31.0,0.5278645364678902,5,134.0,0.23323818688545525,9,272.0
3200.0,16,63.0,0.6237623762376238,5.367736934558412,9,135.0,0.23655801420235079,5,44.0,0.39158962832212096,2,81.0,0.2525569239513302,16,260.0
3205.0,22,74.0,0.7326732673267327,4.378947679258944,11,141.0,0.16966228202398823,7,55.0,0.2687205844120139,4,72.0,0.2753973741946311,22,268.0
3210.0,13,35.0,0.35714285714285715,5.083386246091344,7,120.0,0.24441662431441408,4,47.0,0.3690067838844397,2,48.0,0.35012040182048776,13,215.0
3215.0,15,51.0,0.5151515151515151,5.059403396979869,8,130.0,0.19519119366340562,2,38.0,0.33720281873714325,5,61.0,0.3160935024229338,15,229.0
3220.0,19,89.0,0.8811881188118812,4.631679376274498,9,168.0,0.14712062432405007,4,44.0,0.4050103999332435,6,73.0,0.2948992460222465,19,285.0
3225.0,13,92.0,0.968421052631579,4.293828696928669,9,176.0,0.14931512917477793,4,60.0,0.4696352798529557,0,49.0,0.30265841401092713,13,285.0
3230.0,20,109.0,1.0792079207920793,3.6270744081552166,9,129.0,0.13319045528841858,6,85.0,0.33888018742775894,5,60.0,0.24512451954434558,20,274.0
3235.0,21,178.0,1.7281553398058251,4.154697259421026,6,103.0,0.20842622886913972,6,115.0,0.35008015949628757,9,94.0,0.17363117866243769,21,312.0
3240.0,20,78.0,0.7647058823529411,3.593590805766481,5,99.0,0.23501546669717127,4,78.0,0.3338384193576316,11,113.0,0.09670291090928927,20,290.0
3245.0,19,99.0,0.908256880733945,5.175396611766167,4,85.0,0.2989724108266319,7,41.0,0.4099744731971661,8,104.0,0.164586524371905,19,230.0
3250.0,17,48.0,0.4444444444444444,5.122838594820409,3,62.0,0.3349596580555798,8,63.0,0.33887102520802653,6,114.0,0.19074517643379976,17,239.0
3255.0,23,86.0,0.7889908256880734,4.488664684709259,8,76.0,0.2992383834201279,5,65.0,0.19771681318816628,10,155.0,0.1519187389137044,23,296.0
3260.0,17,62.0,0.6078431372549019,4.493026391925315,8,97.0,0.29025395827047323,2,59.0,0.2684375996110211,7,164.0,0.2140033377374391,17,320.0
3265.0,20,48.0,0.4897959183673469,3.854228111852327,7,80.0,0.17670112226144913,8,80.0,0.2653660297925773,5,124.0,0.16863690146266358,20,284.0
3270.0,14,45.0,0.45454545454545453,4.746977682053228,4,60.0,0.2501027081198335,8,97.0,0.38901235999180056,2,137.0,0.16636877649981438,14,294.0
3275.0,12,52.0,0.5360824742268041,5.092070140556686,3,57.0,0.37739214883656846,1,62.0,0.4158506570428947,8,167.0,0.134901500044395,12,286.0
3280.0,15,69.0,0.696969696969697,5.196053607330036,4,55.0,0.4324855895216892,2,25.0,0.3784414593006476,9,168.0,0.1841386579945321,15,248.0
3285.0,5,9.0,0.09183673469387756,5.76928411980081,1,30.0,0.4596008441168622,2,24.0,0.4166171633914528,2,125.0,0.26145340782187976,5,179.0
3290.0,16,52.0,0.5,5.042560778697474,6,35.0,0.3272877437073174,6,47.0,0.24244014208768264,4,129.0,0.15667737303191973,16,211.0
3295.0,21,73.0,0.7525773195876289,4.040252173494165,6,53.0,0.22904052942522743,6,61.0,0.22202795136170117,9,160.0,0.14305733553960778,21,274.0
3300.0,22,103.0,1.1704545454545454,3.5657896845303494,5,52.0,0.2814972315392885,2,41.0,0.24389465291689058,15,223.0,0.14141042862321385,22,316.0
3305.0,21,113.0,1.2150537634408602,4.2644148831473485,2,33.0,0.37462701485638833,4,53.0,0.2880867908225611,15,252.0,0.1419253184205388,21,338.0
3310.0,19,106.0,1.1157894736842104,5.221423768021225,2,26.0,0.5134044462305019,8,86.0,0.2697681379340319,9,224.0,0.1561727153253569,19,336.0
3315.0,26,160.0,1.6326530612244898,5.252177727887904,4,34.0,0.5253699119949841,13,143.0,0.22414501564494077,9,160.0,0.16611327441735563,26,337.0
3320.0,21,149.0,1.5851063829787233,5.164220712662104,4,52.0,0.5470455483226123,10,161.0,0.22372421139431872,7,186.0,0.24005272250386536,21,399.0
3325.0,27,78.0,0.7959183673469388,4.149366949075305,4,27.0,0.3050970885777359,9,132.0,0.1316257912327917,14,234.0,0.15393275851138363,27,393.0
3330.0,28,152.0,1.7272727272727273,5.086466733864134,4,21.0,0.5119736287010838,9,103.0,0.1960864068386588,15,309.0,0.25326940552415816,28,433.0
3335.0,23,144.0,1.7560975609756098,5.049431103915775,3,34.0,0.591945534040968,8,118.0,0.2852140246443984,12,321.0,0.24137184006805412,23,473.0
3340.0,20,93.0,1.0813953488372092,5.064338284266901,3,30.0,0.476280028749557,8,133.0,0.335560913546112,9,277.0,0.2377537724783555,20,440.0
3345.0,18,93.0,1.0449438202247192,5.409949657004018,4,35.0,0.4817004699480141,5,137.0,0.47495980452973025,9,288.0,0.21306387525941844,18,460.0
3350.0,27,167.0,1.6868686868686869,4.588094247234693,8,66.0,0.2362785349457956,6,146.0,0.4627110224590086,13,339.0,0.12258892601700568,27,551.0
3355.0,16,64.0,0.7111111111111111,4.078017108546591,5,79.0,0.3405704329950941,1,105.0,0.4732554471399516,10,341.0,0.13491818710465306,16,525.0
3360.0,11,27.0,0.3103448275862069,4.631167185806399,1,45.0,0.2859799243419034,5,77.0,0.4319865205351639,5,283.0,0.15085582395354563,11,405.0
3365.0,15,68.0,0.7391304347826086,6.198163063332819,2,12.0,0.47773278520643064,8,110.0,0.4692421478554138,5,206.0,0.18947949137147285,15,328.0
3370.0,11,65.0,0.7386363636363636,6.589781518956261,2,17.0,0.604056412002317,5,113.0,0.49204682293786556,4,176.0,0.27462277214966385,11,306.0
3375.0,9,44.0,0.4731182795698925,6.669521224959295,0,3.0,0.6199610264403128,5,86.0,0.4042778715958144,4,154.0,0.32587824171518504,9,243.0
3380.0,7,27.0,0.3103448275862069,7.463295947138964,2,9.0,0.6821362079311744,4,65.0,0.4160824510603177,1,119.0,0.4218933851821201,7,193.0
3385.0,18,70.0,0.8333333333333334,6.074213681258594,5,26.0,0.4458512595117774,5,65.0,0.3091647180032548,8,129.0,0.3318955450546653,18,220.0
3390.0,21,131.0,1.6582278481012658,5.516654357466433,4,34.0,0.5057840472216619,4,68.0,0.41836392000201483,13,178.0,0.25937467402372305,21,280.0
3395.0,19,152.0,2.0821917808219177,4.627563833214308,0,19.0,0.633331867289372,1,44.0,0.41724471553821146,18,258.0,0.1133798387819367,19,321.0
3400.0,27,171.0,2.0602409638554215,4.9733133667234055,2,5.0,0.5191848391422024,5,40.0,0.34142999160668563,20,307.0,0.10446158607789746,27,352.0
3405.0,20,118.0,1.4567901234567902,5.722267794433464,2,4.0,0.6002795103545806,3,49.0,0.4177134607728219,15,297.0,0.20109436403026795,20,350.0
3410.0,22,101.0,1.1744186046511629,4.7033175390086885,6,23.0,0.33321742745345917,4,44.0,0.2582003508789685,12,332.0,0.1788432817035843,22,399.0
3415.0,18,66.0,0.7857142857142857,4.671239098358446,4,35.0,0.40284036486204494,2,50.0,0.39049892739910985,12,389.0,0.16918851977313892,18,474.0
3420.0,14,49.0,0.6282051282051282,4.201651373072999,0,21.0,0.4669911460787079,5,68.0,0.27698554981598883,9,390.0,0.12998050443598014,14,479.0
3425.0,15,32.0,0.3764705882352941,4.523193726251197,2,15.0,0.38844453155338415,5,76.0,0.29875059336817955,8,328.0,0.17280682785416052,15,419.0
3430.0,12,31.0,0.36470588235294116,5.3843664074463815,6,36.0,0.4573273178103835,2,54.0,0.38702428518194837,4,320.0,0.2406222281852578,12,410.0
3435.0,19,93.0,1.0333333333333334,4.274377552339559,8,72.0,0.3806024692300173,3,65.0,0.24263307710672308,8,350.0,0.11862378002930314,19,487.0
3440.0,17,73.0,0.8690476190476191,4.173086717884324,4,73.0,0.43053752999415057,6,87.0,0.2876925427883697,7,331.0,0.14656589376586407,17,491.0
3445.0,16,36.0,0.4186046511627907,3.5346162884045405,3,32.0,0.28181952923672,8,101.0,0.25103321104852133,5,252.0,0.12898062278943542,16,385.0
3450.0,15,48.0,0.5393258426966292,5.493029965479448,3,16.0,0.574557607434077,6,97.0,0.4368953924294153,6,274.0,0.20637131977818152,15,387.0
3455.0,18,58.0,0.6373626373626373,4.527893494160633,2,12.0,0.554994137059732,4,105.0,0.2704635265172982,12,320.0,0.11521308346887497,18,437.0
3460.0,23,97.0,1.0319148936170213,3.615965078737287,6,31.0,0.36203971422527936,6,131.0,0.1028167915860009,11,318.0,0.10063867108561123,23,480.0
3465.0,23,118.0,1.3258426966292134,4.185440361375471,4,36.0,0.37565836550639065,12,184.0,0.2357210934623275,7,226.0,0.16205292970069485,23,446.0
3470.0,25,167.0,1.8555555555555556,3.8753127926969952,5,33.0,0.3064726212626538,14,251.0,0.2315560410974507,6,248.0,0.1350106955492842,25,532.0
3475.0,21,149.0,1.6373626373626373,3.9471773868693187,2,37.0,0.3115447194005162,11,268.0,0.2117198922200448,8,286.0,0.1445758797744376,21,591.0
3480.0,23,128.0,1.4222222222222223,3.8525478981084857,6,56.0,0.3182399171462318,9,229.0,0.14794367082368576,8,269.0,0.16177344253451625,23,554.0
3485.0,20,100.0,1.1111111111111112,3.9175704989107842,5,65.0,0.3357164197670096,9,275.0,0.21174930492236144,6,204.0,0.19361880996072178,20,544.0
3490.0,16,73.0,0.8295454545454546,4.745147043675419,3,53.0,0.3627966542621443,10,330.0,0.2938314058953231,3,169.0,0.20889657077443594,16,552.0
3495.0,17,56.0,0.5894736842105263,3.7554713821384764,5,69.0,0.1719041186394867,5,321.0,0.2013658606808041,7,196.0,0.1425667296097613,17,586.0
3500.0,17,55.0,0.6043956043956044,4.09584643516028,8,101.0,0.2984463675336786,2,239.0,0.25857687541701435,7,188.0,0.2214203638458478,17,528.0
3505.0,15,26.0,0.2826086956521739,3.8609162170181155,6,101.0,0.3053044562386151,4,161.0,0.25558025812742985,5,140.0,0.2067784547301028,15,402.0
3510.0,12,40.0,0.42105263157894735,5.980850477127852,6,82.0,0.412915067293188,3,135.0,0.5563787124605506,3,79.0,0.25717412770577075,12,296.0
3515.0,6,43.0,0.4387755102040816,5.730247069023468,3,64.0,0.3784206068554247,2,88.0,0.5001822552240137,1,70.0,0.22739059027267192,6,222.0
3520.0,18,105.0,1.0,5.419305454737474,5,73.0,0.38874815037134575,4,72.0,0.44919836996766516,9,98.0,0.17293995606644624,18,243.0
3525.0,16,93.0,0.9489795918367347,4.670293237982249,3,57.0,0.3621002006759335,0,34.0,0.4768393953275882,13,156.0,0.173817775642504,16,247.0
3530.0,28,139.0,1.3627450980392157,3.4196390240686085,6,68.0,0.25053098950300284,5,49.0,0.21723769689919056,16,189.0,0.13087038834102677,27,306.0
3535.0,25,94.0,0.9215686274509803,4.028042625630603,7,80.0,0.23155447671799748,4,54.0,0.2881853628806842,14,166.0,0.1535963282307792,25,300.0
3540.0,24,91.0,0.9381443298969072,3.9443333332636645,5,69.0,0.23052967895453413,6,67.0,0.30499039832544544,13,227.0,0.1413088710226437,24,363.0
3545.0,28,146.0,1.4038461538461537,4.374402908205444,5,59.0,0.2866067402655126,6,90.0,0.35762350483502775,17,300.0,0.11082743873780383,28,449.0
3550.0,24,97.0,0.9603960396039604,3.7994996665327734,3,65.0,0.38196871506900454,3,70.0,0.2449963174331058,18,342.0,0.11816321780866394,24,477.0
3555.0,21,122.0,1.1730769230769231,4.291114114190411,6,68.0,0.3039864135059477,7,53.0,0.26971358945589996,8,317.0,0.1457326278491301,21,438.0
3560.0,16,50.0,0.5,4.825035243059129,1,44.0,0.4303071031066628,7,66.0,0.30038130372598526,8,334.0,0.182541345258056,16,444.0
3565.0,29,80.0,0.7692307692307693,3.9859206716345588,8,35.0,0.31603261235311764,7,63.0,0.18967967062496627,14,383.0,0.11558778116796552,29,481.0
3570.0,28,159.0,1.6391752577319587,3.5920397601019673,8,68.0,0.3449506905377494,4,69.0,0.2626683110355481,16,457.0,0.10484050667264216,28,594.0
3575.0,37,248.0,2.7252747252747254,2.599350657003409,7,81.0,0.259296775607604,9,96.0,0.13928763381034467,21,552.0,0.09045648233181491,37,729.0
3580.0,32,212.0,2.2083333333333335,3.158507898807828,7,81.0,0.22942658778266964,3,103.0,0.22811936795274593,22,590.0,0.08681183266148372,32,774.0
3585.0,28,157.0,1.6020408163265305,4.214742870116845,6,74.0,0.36043794306567756,2,79.0,0.3630705447711992,20,565.0,0.13258157152126307,28,718.0
3590.0,27,157.0,1.5096153846153846,3.3573130350876332,3,78.0,0.336181882105039,3,89.0,0.2594489120672816,21,665.0,0.0634927796175239,27,832.0
3595.0,30,169.0,1.6407766990291262,3.5235730125607163,1,61.0,0.4053412195424165,6,109.0,0.20727307735863928,23,773.0,0.0953165738620009,30,943.0
3600.0,30,160.0,1.6161616161616161,2.659944032343992,4,66.0,0.3310253500159809,10,150.0,0.09219210959622,16,791.0,0.07711457862677266,30,1007.0
