step,system_total_stopped,system_total_waiting_time,system_mean_waiting_time,system_mean_speed,A0_stopped,A0_accumulated_waiting_time,A0_average_speed,B0_stopped,B0_accumulated_waiting_time,B0_average_speed,C0_stopped,C0_accumulated_waiting_time,C0_average_speed,agents_total_stopped,agents_total_accumulated_waiting_time
5.0,0,0.0,0.0,6.039811202978338,0,0.0,0.37113521052707177,0,0.0,0.4617728918497004,0,0.0,0.5901896831304065,0,0.0
10.0,1,0.0,0.0,10.270458045198366,1,0.0,0.6943688637371156,0,0.0,0.9681848029892562,0,0.0,0.8137239110139387,1,0.0
15.0,2,4.0,0.2,7.5798791359134,2,4.0,0.5019129925213855,0,0.0,0.28888787007591216,0,0.0,0.5488998206850054,2,4.0
20.0,2,14.0,0.7,9.670743190066679,2,14.0,0.6070246061021061,0,0.0,0.936687479442491,0,0.0,0.7839897348456164,2,14.0
25.0,10,25.0,0.8928571428571429,5.212043013547117,5,24.0,0.3654280815496699,2,0.0,0.40443772001713574,3,1.0,0.3849313795979965,10,25.0
30.0,2,10.0,0.3448275862068966,8.174315558636302,0,6.0,0.6713303200024294,2,10.0,0.6498314294687951,0,0.0,0.558408673049921,2,16.0
35.0,5,30.0,0.9375,8.495121142186868,1,2.0,0.41439133376942233,2,20.0,0.4914431139087085,2,8.0,0.6172827726943185,5,30.0
40.0,6,41.0,1.1081081081081081,6.548076065808853,2,6.0,0.34638694183279545,4,40.0,0.39289515044845325,0,7.0,0.44733484648078753,6,53.0
45.0,2,3.0,0.09090909090909091,8.565079936332076,0,2.0,0.5665186538966144,2,23.0,0.5614649068025104,0,0.0,0.8019168178792504,2,25.0
50.0,5,19.0,0.4523809523809524,7.418104162002306,2,5.0,0.3260715788021724,2,17.0,0.5559298135187248,1,3.0,0.432458930462454,5,25.0
55.0,11,54.0,1.255813953488372,8.017149191604487,6,22.0,0.34635641398837996,2,27.0,0.7030431644906632,3,11.0,0.5031207340499054,11,60.0
60.0,7,53.0,1.4722222222222223,4.5303906416317865,4,37.0,0.24172959120889675,3,38.0,0.13611756209467712,0,8.0,0.39095938674980985,7,83.0
65.0,8,26.0,0.5909090909090909,6.589493737727984,4,36.0,0.32113063578771817,2,25.0,0.5302718660510941,2,7.0,0.5221719198285143,8,68.0
70.0,3,18.0,0.4,8.449228918777509,3,38.0,0.43174009641448335,0,6.0,0.8285062360673731,0,2.0,0.7455695400128547,3,46.0
75.0,4,11.0,0.20754716981132076,7.946951980182189,1,25.0,0.46333968683724014,2,4.0,0.6162055121592396,1,6.0,0.6057625789191106,4,35.0
80.0,6,21.0,0.40384615384615385,7.790616057775016,5,39.0,0.4664456936579368,1,2.0,0.493391549659649,0,3.0,0.7494375842989157,6,44.0
85.0,22,46.0,0.8070175438596491,5.117183974771961,9,51.0,0.24022569921473808,8,23.0,0.20907197345916384,5,2.0,0.45073847064260186,22,76.0
90.0,10,37.0,0.6727272727272727,6.467833578873415,7,58.0,0.27697830622851183,2,37.0,0.5809322352391563,1,1.0,0.4910111429246079,10,96.0
95.0,8,42.0,0.75,7.675134339407772,4,58.0,0.32923102324554393,0,9.0,0.7722590316720863,4,18.0,0.47152659999711427,8,85.0
100.0,7,43.0,0.6935483870967742,6.854062018852276,5,69.0,0.3267745909580127,2,12.0,0.5401331554344654,0,17.0,0.5540105150266189,7,98.0
105.0,11,83.0,1.3833333333333333,7.9717844995037614,4,80.0,0.4580095225408927,6,34.0,0.5017713629879151,1,2.0,0.7495576444199524,11,116.0
110.0,6,14.0,0.2222222222222222,5.691866245838634,2,44.0,0.295519291181269,3,37.0,0.38509708336862486,1,2.0,0.3500676644976506,6,83.0
115.0,11,48.0,0.75,7.393722440189358,7,43.0,0.3942987425743157,2,23.0,0.41709873619596427,2,14.0,0.685867414159261,11,80.0
120.0,12,88.0,1.4426229508196722,6.966781626828494,9,84.0,0.34128601588167556,2,21.0,0.31548124110984577,1,3.0,0.6807627595672575,12,108.0
125.0,13,127.0,1.984375,5.987337865361546,12,139.0,0.27185072194493515,0,4.0,0.33282352349303107,1,8.0,0.597613142218675,13,151.0
130.0,16,98.0,1.6333333333333333,4.942471309751239,12,160.0,0.2030920746356625,4,16.0,0.22488691408526362,0,3.0,0.5754625844815984,16,179.0
135.0,13,66.0,1.0153846153846153,5.617110374505663,9,135.0,0.18728526191845773,2,27.0,0.4730442166587673,2,4.0,0.47464700413150807,13,166.0
140.0,10,55.0,0.859375,7.8879026948818876,9,130.0,0.3141625304176197,0,12.0,0.8111116973651472,1,3.0,0.6267238570909167,10,145.0
145.0,20,69.0,0.9583333333333334,6.898134398046003,11,146.0,0.22973952956995228,3,16.0,0.5944587773424937,6,15.0,0.3881820105290363,20,177.0
150.0,8,31.0,0.45588235294117646,6.633572165171181,3,142.0,0.316584943832862,5,32.0,0.38783863604742874,0,16.0,0.5427118192610799,8,190.0
155.0,16,78.0,1.278688524590164,6.291297058135842,6,158.0,0.2114747190192798,10,76.0,0.26354310567754113,0,2.0,0.6433828548232804,16,236.0
160.0,24,176.0,2.7936507936507935,5.227328078980793,9,192.0,0.18868354204422566,13,138.0,0.211415372400898,2,4.0,0.4393840406530973,24,334.0
165.0,18,139.0,2.396551724137931,5.182786568051434,7,196.0,0.24247815844374399,9,159.0,0.2757065735191232,2,14.0,0.5607964838860363,18,369.0
170.0,8,54.0,0.8181818181818182,5.411525269995879,5,172.0,0.24863084661790544,3,103.0,0.3000285541599166,0,2.0,0.5285648396320979,8,277.0
175.0,9,26.0,0.4,6.480733633862638,6,142.0,0.3046427940410558,2,111.0,0.4071696039973941,1,3.0,0.720500443920371,9,256.0
180.0,13,60.0,0.9375,5.709952782242764,5,127.0,0.2797762664422238,8,140.0,0.24646310194979593,0,2.0,0.578394659110165,13,269.0
185.0,15,81.0,1.2461538461538462,5.507402909614152,6,109.0,0.2910207912513586,7,143.0,0.29615613645885913,2,8.0,0.5743205844335583,15,260.0
190.0,4,21.0,0.3230769230769231,6.6339673842545475,1,92.0,0.4159033247129704,1,98.0,0.3945766929295,2,20.0,0.5754754386236393,4,210.0
195.0,7,23.0,0.3150684931506849,6.324479296967009,3,89.0,0.36183714682578383,4,114.0,0.19065342832870116,0,4.0,0.622135330636027,7,207.0
200.0,16,83.0,1.2028985507246377,5.89006314481132,7,118.0,0.3440125233151493,9,147.0,0.1393549290971915,0,2.0,0.6604331169929853,16,267.0
205.0,26,125.0,1.9230769230769231,2.821411082194208,14,163.0,0.10320709160546036,11,151.0,0.07781879738805964,1,0.0,0.3816015992707642,26,314.0
210.0,23,190.0,2.923076923076923,4.553189933334462,16,237.0,0.20953592169757745,5,107.0,0.2707843678810713,2,11.0,0.5699837574152052,23,355.0
215.0,18,168.0,2.5074626865671643,5.575770858437135,14,268.0,0.2452960353784396,4,66.0,0.3305039840996597,0,2.0,0.7807228761412891,18,336.0
220.0,19,117.0,1.56,6.128777376626972,15,253.0,0.25390956311366436,3,58.0,0.4488124547563727,1,3.0,0.6390375810982044,19,314.0
225.0,18,133.0,1.7972972972972974,6.7979177746863275,12,232.0,0.2782375786869985,6,74.0,0.35686945252914576,0,0.0,0.7796343907532086,18,306.0
230.0,16,81.0,1.08,4.691875527477157,9,265.0,0.14176810544504334,6,77.0,0.2273708737422164,1,1.0,0.4297101367638577,16,343.0
235.0,18,89.0,1.2191780821917808,6.062935630869714,12,325.0,0.2476558094583222,3,55.0,0.3444365396996173,3,13.0,0.5857011715212992,18,393.0
240.0,16,118.0,1.7352941176470589,6.227137413935106,12,386.0,0.24005588618584242,2,37.0,0.452056959025899,2,23.0,0.6152563319586956,16,446.0
245.0,15,141.0,1.9583333333333333,5.540426202567762,14,450.0,0.2242821096127138,1,32.0,0.35459630296467043,0,8.0,0.6402794316880666,15,490.0
250.0,22,134.0,1.8873239436619718,4.861860960963785,13,463.0,0.17534044907647828,6,51.0,0.17983038640053076,3,8.0,0.4986299231018271,22,522.0
255.0,22,118.0,1.6857142857142857,3.932600487927425,12,409.0,0.13812526209193218,4,62.0,0.26540129519250255,6,29.0,0.1836802553331759,22,500.0
260.0,15,92.0,1.3529411764705883,5.768445714522889,11,356.0,0.2756300865420967,1,42.0,0.5136227035648653,3,39.0,0.4033524085239741,15,437.0
265.0,19,71.0,0.9466666666666667,6.417198138686633,11,341.0,0.23473563774892417,4,23.0,0.4657073008973017,4,18.0,0.5668651438441906,19,382.0
270.0,10,55.0,0.7534246575342466,7.749539243332703,6,327.0,0.3437242343891463,2,20.0,0.5474725946376694,2,12.0,0.6847999232815692,10,359.0
275.0,9,44.0,0.6111111111111112,7.2350684603353885,5,347.0,0.2640794198310309,2,24.0,0.5269610712091991,2,5.0,0.539013734618329,9,376.0
280.0,14,70.0,0.9722222222222222,6.595770510094478,4,329.0,0.22624675829030577,4,37.0,0.49898417369118736,6,27.0,0.3892423068327182,14,393.0
285.0,16,126.0,2.032258064516129,6.114682391724938,2,268.0,0.329692889452261,4,59.0,0.5549866888623819,10,66.0,0.36552648284886763,16,393.0
290.0,15,126.0,1.826086956521739,4.756154586936024,0,181.0,0.3334884613325557,0,26.0,0.43311175369152033,15,128.0,0.1680241898481398,15,335.0
295.0,20,218.0,3.0704225352112675,5.580918261553801,0,181.0,0.3712364931508516,2,12.0,0.7084520553139626,18,210.0,0.1545009550673884,20,403.0
300.0,29,344.0,5.292307692307692,4.372544116490748,4,193.0,0.29358144183167534,3,24.0,0.2502495924559037,22,312.0,0.06691387499922247,29,529.0
305.0,32,482.0,6.9855072463768115,3.195963730339367,3,179.0,0.23587859878238174,6,47.0,0.0706990508196694,23,427.0,0.12086205202767518,32,653.0
310.0,25,366.0,5.382352941176471,3.818962272468094,3,126.0,0.24767072169483895,4,44.0,0.3811656412564061,18,464.0,0.15229289148867822,25,634.0
315.0,17,215.0,2.7564102564102564,5.159426247206259,5,91.0,0.25726182993202684,1,31.0,0.5467833724344499,11,411.0,0.2112521166414779,17,533.0
320.0,13,148.0,1.7619047619047619,6.356904942123249,0,79.0,0.3255159905594906,5,23.0,0.5535425651025639,8,318.0,0.3353575629753938,13,420.0
325.0,21,94.0,1.0217391304347827,5.221933684264393,5,88.0,0.185956384875576,7,42.0,0.4178505612345249,9,334.0,0.223083434984109,21,464.0
330.0,34,177.0,1.945054945054945,4.084968613077309,7,115.0,0.25678463182346134,15,97.0,0.14975592607440563,12,381.0,0.2030735032150273,34,593.0
335.0,42,259.0,2.9431818181818183,3.181434226796422,12,160.0,0.24545539328161503,18,145.0,0.07641989816960401,12,441.0,0.1460479323635961,42,746.0
340.0,37,289.0,3.074468085106383,3.2995637075127986,14,222.0,0.16812380117208492,12,151.0,0.09199972674739448,11,437.0,0.17296774696421788,37,810.0
345.0,34,358.0,3.934065934065934,4.14127436076411,21,311.0,0.0951446744357098,8,155.0,0.30190252494394537,5,360.0,0.2962618074900059,34,826.0
350.0,37,306.0,3.221052631578947,3.397844588059819,22,359.0,0.04638249852986382,6,152.0,0.3168662941172788,9,381.0,0.19655975753664381,37,892.0
355.0,34,266.0,2.8,4.517175141202438,17,361.0,0.1791445303072066,7,114.0,0.34315095223951625,10,428.0,0.2673739176846382,34,903.0
360.0,43,351.0,3.774193548387097,3.5650276819332967,17,394.0,0.1734907052117895,13,131.0,0.25604996255134527,13,488.0,0.1627813526540535,43,1013.0
365.0,46,414.0,4.099009900990099,3.354108219662087,15,473.0,0.2097913247980373,20,213.0,0.14932114318418988,11,475.0,0.15006469763306304,46,1161.0
370.0,37,301.0,3.168421052631579,3.515133647065825,10,473.0,0.24709384055258232,19,258.0,0.17240750859541046,8,383.0,0.22301010018377468,37,1114.0
375.0,23,138.0,1.4081632653061225,5.116615661307514,4,419.0,0.2301379957009168,10,217.0,0.3448655477747729,9,259.0,0.2274345992396016,23,895.0
380.0,10,35.0,0.35714285714285715,6.299666794589904,2,395.0,0.235628180110176,2,220.0,0.4486876061125146,6,199.0,0.35173210934264965,10,814.0
385.0,25,81.0,0.84375,5.202500568279956,9,417.0,0.1688482553068645,9,238.0,0.341595722270587,7,154.0,0.2900950904547492,25,809.0
390.0,23,142.0,1.5434782608695652,5.011791953113664,10,462.0,0.21486148061494098,9,234.0,0.2292916496977107,4,134.0,0.4804842383644054,23,830.0
395.0,21,147.0,1.5638297872340425,5.100869095791812,7,455.0,0.21325701551766638,10,195.0,0.19253200036089776,4,105.0,0.49627371354873046,21,755.0
400.0,19,140.0,1.4736842105263157,5.110748347438158,7,388.0,0.1773034123972466,6,215.0,0.24111258435134084,6,113.0,0.43972840973690397,19,716.0
405.0,18,62.0,0.6666666666666666,5.074925022821059,9,416.0,0.2226492371008725,9,224.0,0.27174974043423067,0,76.0,0.4639692624478332,18,716.0
410.0,31,113.0,1.1414141414141414,4.23414247855581,12,467.0,0.13894129082096443,14,228.0,0.10627463847452602,5,35.0,0.3767095093771287,31,730.0
415.0,34,183.0,2.0795454545454546,3.385884159337532,15,535.0,0.14472164420341582,15,205.0,0.07657649578374237,4,46.0,0.25009396332393286,34,786.0
420.0,25,186.0,2.2962962962962963,3.7704728643341157,11,529.0,0.09775854400461428,11,188.0,0.24205668280132667,3,37.0,0.17511139882710308,25,754.0
425.0,21,195.0,2.3214285714285716,5.706337558347512,9,459.0,0.17261891656728745,12,203.0,0.38813808753182966,0,17.0,0.39787222181030474,21,679.0
430.0,15,136.0,1.619047619047619,6.2602374812719885,7,351.0,0.20846539834819242,5,193.0,0.31453788192724275,3,21.0,0.5391370101731059,15,565.0
435.0,24,107.0,1.3048780487804879,5.511821624801249,9,288.0,0.22482621259216282,10,138.0,0.31648594697814336,5,43.0,0.46686947234480075,24,469.0
440.0,16,103.0,1.2875,6.005663427356703,9,263.0,0.3860005618907199,6,137.0,0.31873471834359607,1,40.0,0.5926744318830858,16,440.0
445.0,17,49.0,0.5697674418604651,5.798997026733233,6,248.0,0.3281281899585142,8,131.0,0.3058985531788467,3,13.0,0.4938491931911016,17,392.0
450.0,19,110.0,1.2941176470588236,6.210301657824991,5,244.0,0.30616842854709647,13,167.0,0.27527248908071583,1,15.0,0.46291399095648694,19,426.0
455.0,22,110.0,1.4473684210526316,4.635233584914187,4,227.0,0.24912435419390078,12,166.0,0.14718932679691482,6,39.0,0.35715351202085743,22,432.0
460.0,25,116.0,1.4871794871794872,4.2514468587815015,5,168.0,0.2999602931216781,13,143.0,0.1697454167137752,7,73.0,0.31471589298224695,25,384.0
465.0,14,64.0,0.8,5.26140311247286,5,113.0,0.37817456680669126,7,154.0,0.2752589248062161,2,63.0,0.4897998913448246,14,330.0
470.0,11,36.0,0.4044943820224719,5.2140430879357185,3,104.0,0.31122316163962593,8,159.0,0.24522675723657514,0,28.0,0.3769898926013137,11,291.0
475.0,19,62.0,0.7126436781609196,5.092830310907458,5,122.0,0.2818734356044567,9,164.0,0.21885784828741428,5,38.0,0.3806144107823072,19,324.0
480.0,21,86.0,1.0238095238095237,3.974721152788013,4,121.0,0.2632342424765934,9,128.0,0.12627712347193368,8,69.0,0.32026947643729464,21,318.0
485.0,28,186.0,2.0898876404494384,4.779435063359103,5,89.0,0.3658438117423738,14,146.0,0.22497633436000924,9,113.0,0.3627342339665709,28,348.0
490.0,32,310.0,3.369565217391304,4.335261665907436,3,96.0,0.3522489698567471,18,200.0,0.16741689233380858,11,164.0,0.4347059035772186,32,460.0
495.0,32,250.0,2.525252525252525,3.5835558432854446,9,127.0,0.20374257344344746,16,235.0,0.15769884883490085,7,154.0,0.2695865239934984,32,516.0
500.0,22,113.0,1.1649484536082475,4.444838852386213,9,137.0,0.1926131148935858,10,222.0,0.23318904704970353,3,89.0,0.31811715452994943,22,448.0
505.0,19,50.0,0.5208333333333334,4.462833817930612,6,102.0,0.12598077942690872,6,169.0,0.33746530646213246,7,94.0,0.17737091947938652,19,365.0
510.0,20,117.0,1.2717391304347827,5.459592706658925,3,100.0,0.17946026629298956,9,160.0,0.4527263388073996,8,125.0,0.2090636452618418,20,385.0
515.0,25,127.0,1.4597701149425288,3.764439971055629,9,132.0,0.11917312143631982,9,169.0,0.16261960318283644,7,121.0,0.17143890170717105,25,422.0
520.0,23,92.0,1.0823529411764705,4.076724562788104,7,138.0,0.18343370518327526,10,187.0,0.23539437407698338,6,78.0,0.32566236755676276,23,403.0
525.0,14,83.0,0.9325842696629213,5.925842214131918,1,94.0,0.27046519886681736,11,201.0,0.3594921316731295,2,46.0,0.5720352288231219,14,341.0
530.0,15,120.0,1.2244897959183674,5.926952045832456,0,42.0,0.32396464796861585,13,228.0,0.3615338841585245,2,36.0,0.39936608422407455,15,306.0
535.0,25,219.0,2.19,5.921963866749013,2,20.0,0.4020294435247366,17,268.0,0.29812757164469905,6,58.0,0.3562114393233493,25,346.0
540.0,32,355.0,3.6597938144329896,4.637307951751524,1,19.0,0.33204710336010446,21,351.0,0.20845107864469245,10,99.0,0.2023776285045923,32,469.0
545.0,34,297.0,3.0306122448979593,3.941012127281758,5,34.0,0.2951430781720427,21,382.0,0.129538731792579,8,117.0,0.21036869080510923,34,533.0
550.0,23,159.0,1.7282608695652173,4.375614171456595,3,34.0,0.2908445246118046,15,333.0,0.1755932656933288,5,88.0,0.274087793308416,23,455.0
555.0,19,105.0,1.1170212765957446,5.5795116728955785,2,25.0,0.2612034998370228,10,263.0,0.35288641253327835,7,74.0,0.2667139876523817,19,362.0
560.0,17,150.0,1.6129032258064515,6.0620759172347976,1,27.0,0.25803898831689703,11,251.0,0.4296923246403022,5,78.0,0.34115745143185683,17,356.0
565.0,30,241.0,2.5913978494623655,5.157550686030978,9,47.0,0.10703436131920792,14,227.0,0.24829842741021504,7,99.0,0.2282111632625959,30,373.0
570.0,33,355.0,4.176470588235294,4.2662782296795925,5,52.0,0.1731374381710807,19,284.0,0.05777755265585412,9,134.0,0.22694936135428975,33,470.0
575.0,30,423.0,5.716216216216216,3.2370698021278956,2,43.0,0.15787175373437135,20,386.0,0.1481071561408527,8,149.0,0.2117593471633698,30,578.0
580.0,32,515.0,6.518987341772152,3.752728996337732,4,36.0,0.16793076186563097,22,488.0,0.221614409662011,6,126.0,0.26453696288097506,32,650.0
585.0,27,599.0,7.304878048780488,3.9899675303989435,1,34.0,0.23185678524888187,22,592.0,0.19204462854215643,4,144.0,0.30321536233428475,27,770.0
590.0,31,480.0,5.333333333333333,3.5327801150351976,3,45.0,0.14644321616940814,19,610.0,0.1417319209362013,9,176.0,0.15833765937909958,31,831.0
595.0,37,315.0,3.7058823529411766,3.2194002300099647,6,72.0,0.2713944318232758,18,529.0,0.1492260982583899,13,232.0,0.24708572595692144,37,833.0
600.0,37,344.0,4.0,3.956993389694142,9,110.0,0.2768426434159785,13,438.0,0.19576941552032429,15,305.0,0.2577028638028912,37,853.0
605.0,36,359.0,3.7395833333333335,3.828727091393386,10,135.0,0.27812099865963563,8,424.0,0.22589820715991427,18,387.0,0.1702252234784283,36,946.0
610.0,32,271.0,2.7653061224489797,4.034785634964687,9,117.0,0.23842760572352295,8,410.0,0.2345857343117047,15,406.0,0.14038309674576085,32,933.0
615.0,34,214.0,2.0776699029126213,4.159699049569219,10,158.0,0.12048597731067225,13,451.0,0.25898584991433776,11,343.0,0.1783347704092828,34,952.0
620.0,31,155.0,1.5346534653465347,4.026166898727267,14,220.0,0.13987723994011278,12,419.0,0.2291429547810904,5,350.0,0.2767033036120939,31,989.0
625.0,40,178.0,1.7450980392156863,3.302511769428551,16,295.0,0.13496998987749595,13,304.0,0.16748646872475753,11,387.0,0.19072631166538037,40,986.0
630.0,29,128.0,1.28,3.479556528788955,7,308.0,0.2559833787291517,14,335.0,0.1552417705401144,8,364.0,0.21459219683570263,29,1007.0
635.0,19,71.0,0.71,4.501906685034142,5,256.0,0.28603240729217005,11,360.0,0.2358501417034835,3,271.0,0.2132290969034565,19,887.0
640.0,21,71.0,0.6826923076923077,4.631259727655262,7,261.0,0.17773099909060783,10,337.0,0.25600510439224655,4,155.0,0.32374836902478665,21,753.0
645.0,26,96.0,0.9142857142857143,4.943064342062148,10,300.0,0.2066777893426729,14,273.0,0.20297619401345413,2,109.0,0.5504871978942445,26,682.0
650.0,24,75.0,0.7075471698113207,3.7145127059643577,8,310.0,0.17891822376317168,15,316.0,0.15942424436728542,1,74.0,0.42270194087205915,24,700.0
655.0,22,90.0,0.8411214953271028,4.7878896676813145,4,254.0,0.24245614211121294,13,343.0,0.18724384113052994,5,88.0,0.4238488469307868,22,685.0
660.0,17,55.0,0.55,3.5540950730877814,3,248.0,0.1657791587817153,11,340.0,0.1364373102543417,3,80.0,0.24623596527089806,17,668.0
665.0,26,76.0,0.7450980392156863,4.061115657257221,9,277.0,0.2147669752046422,14,299.0,0.15932195880100355,3,54.0,0.420726539598115,26,630.0
670.0,21,77.0,0.77,4.51453325921528,6,271.0,0.2610642990049958,13,290.0,0.1667210054680367,2,33.0,0.621389226942878,21,594.0
675.0,18,51.0,0.4811320754716981,4.56187220703235,4,224.0,0.24450926604512355,11,300.0,0.1860197572567753,3,20.0,0.3597826740331981,18,544.0
680.0,21,109.0,1.0686274509803921,4.759460864859206,4,232.0,0.20725017530978646,12,303.0,0.1788012578856938,5,42.0,0.2971578130642648,21,577.0
685.0,38,180.0,1.7821782178217822,3.4421109920652424,11,264.0,0.09043131445097875,16,314.0,0.13317207052013533,11,82.0,0.1182136955071212,38,660.0
690.0,34,218.0,2.3191489361702127,3.0597549017906065,12,319.0,0.16103838054722538,17,309.0,0.09837043803037483,5,94.0,0.3849815637977454,34,722.0
695.0,30,182.0,1.8958333333333333,4.275636539069738,10,314.0,0.23183863824396647,19,296.0,0.19369588905853227,1,62.0,0.6131879211352433,30,672.0
700.0,27,132.0,1.2571428571428571,4.255752855081141,8,248.0,0.2453339212397509,16,331.0,0.20866264344323177,3,71.0,0.39317846216118707,27,650.0
705.0,30,127.0,1.1869158878504673,4.232395860891179,7,271.0,0.20629879799832118,16,333.0,0.16994320407870595,7,98.0,0.2816784099987569,30,702.0
710.0,33,152.0,1.4339622641509433,3.7321526888078376,12,316.0,0.07249530846173395,13,328.0,0.16475109476121974,8,102.0,0.15236551455137007,33,746.0
715.0,31,145.0,1.4646464646464648,4.148162110167315,11,321.0,0.11884776547017037,16,355.0,0.19166360846928726,4,77.0,0.38030639435771996,31,753.0
720.0,18,67.0,0.7127659574468085,4.3758757973831965,2,265.0,0.21115302259052035,14,333.0,0.2527513717054566,2,80.0,0.3528133461001697,18,678.0
725.0,27,124.0,1.2156862745098038,4.6932085172927,5,275.0,0.2861857732951666,15,285.0,0.16736392751968426,7,105.0,0.3805038052493642,27,665.0
730.0,26,132.0,1.2692307692307692,4.010643958853162,7,305.0,0.24718645004234294,14,315.0,0.148990493360875,5,104.0,0.34820063003071794,26,724.0
735.0,26,101.0,0.9711538461538461,3.7141895700431484,6,294.0,0.13033928687771976,15,312.0,0.1706620668943788,5,79.0,0.2355608495803333,26,685.0
740.0,21,99.0,1.0206185567010309,4.743425228018797,4,227.0,0.19973630735901102,13,287.0,0.23933274459780443,4,89.0,0.29801578588970745,21,603.0
745.0,30,189.0,1.89,5.315127066704962,5,145.0,0.1840260685879061,18,332.0,0.2893735816195032,7,109.0,0.19559563337669444,30,586.0
750.0,34,334.0,3.630434782608696,4.936966808961566,3,123.0,0.2971910848448586,22,396.0,0.21015088628320572,9,148.0,0.1734896773098465,34,667.0
755.0,34,354.0,4.116279069767442,3.6900064834920436,1,104.0,0.29169874014599945,20,429.0,0.10456623506262316,13,205.0,0.17531428215711556,34,738.0
760.0,32,231.0,2.595505617977528,4.367509123693975,5,121.0,0.33384833642012757,17,382.0,0.13852174997903371,10,219.0,0.2872427283884875,32,722.0
765.0,18,132.0,1.5172413793103448,5.486824810284346,7,149.0,0.4300171868839468,8,384.0,0.25571146967332864,3,158.0,0.4459827137593091,18,691.0
770.0,24,144.0,1.5483870967741935,4.602839538859536,11,191.0,0.24323401786265716,12,420.0,0.24740163107366925,1,137.0,0.23570864423390608,24,748.0
775.0,31,204.0,2.241758241758242,3.780080433774195,15,255.0,0.1471126498962264,9,400.0,0.1657890414732946,7,162.0,0.27214378427820857,31,817.0
780.0,31,201.0,2.284090909090909,2.803850716486092,14,293.0,0.16876184448347814,12,327.0,0.11218328405575777,5,152.0,0.2503393941005424,31,772.0
785.0,30,199.0,2.094736842105263,5.111079119158268,15,283.0,0.2624742397202403,12,243.0,0.32841476487760646,3,105.0,0.3996627758344344,30,631.0
790.0,22,160.0,1.5841584158415842,5.2423843981603255,12,336.0,0.2755066797456828,8,266.0,0.2695303193785403,2,44.0,0.4861036117110327,22,646.0
795.0,28,142.0,1.3027522935779816,4.8486920557438475,15,402.0,0.13294075276994263,11,264.0,0.271084311642521,2,28.0,0.33943274868049395,28,694.0
800.0,27,115.0,1.1734693877551021,3.767789955907907,11,423.0,0.14239999365565914,10,277.0,0.18568482954516724,6,45.0,0.31349999749747376,27,745.0
805.0,24,76.0,0.7916666666666666,3.5928936959439195,6,373.0,0.20374861627178073,12,262.0,0.19382599115625226,6,49.0,0.26911452160181226,24,684.0
810.0,23,128.0,1.28,5.2623225290985225,4,288.0,0.37282952938220953,15,260.0,0.2309451517958546,4,45.0,0.4756281354336913,23,593.0
815.0,25,217.0,2.1067961165048543,5.477546200686225,3,226.0,0.3958219656957339,21,311.0,0.24321984948769546,1,32.0,0.4770182481426244,25,569.0
820.0,31,246.0,2.2990654205607477,4.799427629422528,5,209.0,0.4094553278096655,21,364.0,0.18793050004450496,5,46.0,0.2575815567950161,31,619.0
825.0,23,192.0,1.92,5.133811272124079,4,194.0,0.4410116042054714,15,357.0,0.17916086176012277,4,48.0,0.3084322985888265,23,599.0
830.0,24,176.0,1.7777777777777777,5.129865873847562,6,201.0,0.3365472827894703,13,308.0,0.2521422008679233,5,45.0,0.22018841914490592,24,554.0
835.0,23,173.0,1.7835051546391754,6.018130087189323,3,169.0,0.3314202403786383,17,294.0,0.2923410180723552,3,34.0,0.3631094339953964,23,497.0
840.0,20,149.0,1.6021505376344085,5.573616158216895,6,141.0,0.2228071422845279,13,305.0,0.19840881013417425,1,22.0,0.4610000435997264,20,468.0
845.0,27,126.0,1.4,4.513465462277296,7,141.0,0.24340291903742103,16,263.0,0.11691348900820844,4,39.0,0.41479063949941386,27,443.0
850.0,23,143.0,1.7023809523809523,4.787976045020737,5,119.0,0.3363825691718887,14,273.0,0.24084595471843778,4,46.0,0.43426881054820016,23,438.0
855.0,18,84.0,0.9130434782608695,4.595389239361148,5,104.0,0.34668572038680745,11,266.0,0.24790995544626124,2,38.0,0.39036294621305645,18,408.0
860.0,16,87.0,0.8969072164948454,5.398231750813404,6,130.0,0.34669899129675663,10,219.0,0.2630438699174003,0,24.0,0.4088827089660919,16,373.0
865.0,21,112.0,1.12,4.507641080868313,10,146.0,0.18496285099098236,5,205.0,0.2258277423268684,6,38.0,0.2618254719191854,21,389.0
870.0,25,170.0,1.7346938775510203,4.0271409480335265,8,146.0,0.2312942101658456,9,185.0,0.1867380954828824,8,70.0,0.2925100558397652,25,401.0
875.0,22,110.0,1.134020618556701,4.171257251420428,2,107.0,0.2864643716557256,13,182.0,0.1748492821949877,7,82.0,0.33481948324060345,22,371.0
880.0,22,107.0,0.9907407407407407,4.454910309390065,3,56.0,0.3083009775347286,13,224.0,0.16767132908925803,6,72.0,0.28220828504997314,22,352.0
885.0,23,94.0,0.8867924528301887,5.12007104719244,6,56.0,0.23118473418853036,12,235.0,0.23880270593960617,5,65.0,0.3395582136695309,23,356.0
890.0,15,86.0,0.8269230769230769,5.409616786009851,6,60.0,0.14708644590026876,8,229.0,0.3350031245820112,1,58.0,0.31067851681607955,15,347.0
895.0,16,70.0,0.7142857142857143,4.943569724841461,1,44.0,0.18426298715302875,10,234.0,0.23493937628054207,5,75.0,0.33766591158716797,16,353.0
900.0,27,140.0,1.4893617021276595,4.265358679003113,5,58.0,0.19702998631578428,13,244.0,0.12134124986330988,9,116.0,0.25420290185193656,27,418.0
905.0,32,179.0,1.8645833333333333,3.53275765708179,3,61.0,0.2506808297091373,16,284.0,0.10734705545041862,13,173.0,0.21494827855303403,32,518.0
910.0,27,234.0,2.5434782608695654,4.027657901123064,1,37.0,0.3047981369970178,10,284.0,0.20158639534274927,16,249.0,0.18175807117127019,27,570.0
915.0,20,180.0,1.8556701030927836,4.054188205943172,2,18.0,0.22666637346905152,5,258.0,0.17739205644140174,13,278.0,0.16267244912469184,20,554.0
920.0,17,118.0,1.2553191489361701,4.6046201849211075,1,19.0,0.32618532452605953,9,209.0,0.1834222535978757,7,240.0,0.4114432200926927,17,468.0
925.0,32,121.0,1.174757281553398,3.9300505269152715,7,32.0,0.18741535393768038,17,234.0,0.18090443294736772,8,250.0,0.25105145163961884,32,516.0
930.0,31,197.0,1.9313725490196079,4.056045392097365,3,39.0,0.2973964484660475,21,274.0,0.14803083546326598,7,278.0,0.26154700076566734,31,591.0
935.0,30,279.0,2.8762886597938144,3.5236176386636946,2,31.0,0.3217811562496079,24,363.0,0.16026401457963035,4,262.0,0.19239359956788077,30,656.0
940.0,30,395.0,3.95,3.7068574210079515,2,29.0,0.3456727504420797,24,461.0,0.18480594276539966,4,199.0,0.22417686774824147,30,689.0
945.0,23,355.0,3.4466019417475726,4.036701317204536,2,34.0,0.3306297835677082,18,496.0,0.22174995091121108,3,177.0,0.25330850979294894,23,707.0
950.0,21,243.0,2.229357798165138,3.91893119596694,3,41.0,0.18962084065260576,11,525.0,0.21309625695307816,7,205.0,0.16232288121891178,21,771.0
955.0,22,169.0,1.625,4.005041900918412,5,52.0,0.23738735870896344,6,455.0,0.18140568075176225,11,252.0,0.18089776206563324,22,759.0
960.0,25,175.0,1.7857142857142858,3.2704123051364635,1,24.0,0.2079422494349564,9,468.0,0.14002263386899866,15,320.0,0.12035186103951952,25,812.0
965.0,31,181.0,1.7745098039215685,3.479129892457643,4,21.0,0.3014540845575448,13,489.0,0.09207555724948109,14,331.0,0.17074896896063244,31,841.0
970.0,35,208.0,2.0594059405940595,3.1528758832311823,6,47.0,0.29138470246200604,20,560.0,0.11218864792796827,9,219.0,0.2002029534559169,35,826.0
975.0,41,292.0,2.780952380952381,2.8069332841023664,7,66.0,0.23372966307588136,23,669.0,0.0954089640815094,11,261.0,0.1727770500720799,41,996.0
980.0,49,423.0,4.0285714285714285,3.101838584935221,6,66.0,0.22096598025157918,29,810.0,0.1359719962277054,14,323.0,0.1855841195307313,49,1199.0
985.0,45,401.0,3.7476635514018692,2.378372848396016,7,56.0,0.13165816572163974,27,859.0,0.12010208752929684,11,318.0,0.11611566783159398,45,1233.0
990.0,31,286.0,2.6481481481481484,3.7252777309684726,5,68.0,0.23439662233407835,22,791.0,0.15087988681370323,4,235.0,0.23352676302971315,31,1094.0
995.0,26,255.0,2.383177570093458,4.836085657949999,4,75.0,0.24672500358647795,19,625.0,0.20125891586085468,3,180.0,0.31192920853136596,26,880.0
1000.0,23,211.0,1.990566037735849,4.379246844425996,3,69.0,0.2989653910227135,18,672.0,0.2092112026650196,2,165.0,0.2775407748005545,23,906.0
1005.0,34,237.0,2.257142857142857,4.496015637895746,4,85.0,0.3768961299833513,23,687.0,0.12430978097095721,7,187.0,0.3457727222030088,34,959.0
1010.0,44,348.0,3.3461538461538463,3.295703989335164,9,118.0,0.25818999608200877,25,721.0,0.12721916339246025,10,227.0,0.18467805357460176,44,1066.0
1015.0,51,438.0,4.132075471698113,2.7650118272228212,15,178.0,0.26720194357638616,25,823.0,0.10655689049204575,11,241.0,0.21257175391315677,51,1242.0
1020.0,46,523.0,4.798165137614679,3.0314714409958414,17,254.0,0.22992639012059207,24,924.0,0.12510306193040974,5,201.0,0.2521344026283174,46,1379.0
1025.0,53,664.0,5.773913043478261,2.8736685089419343,20,322.0,0.16284508538599676,24,997.0,0.17498572365911919,9,235.0,0.2053638838099851,53,1554.0
1030.0,55,745.0,6.313559322033898,2.8762949920685283,25,430.0,0.08151348296948167,20,969.0,0.18247473769919983,10,286.0,0.15920139933488994,55,1685.0
1035.0,58,716.0,6.172413793103448,2.549808896703069,33,573.0,0.007077409674721958,14,756.0,0.12188682413084913,11,297.0,0.12771260547432736,58,1626.0
1040.0,39,552.0,5.064220183486238,3.3538807619441973,28,668.0,0.07057383553697039,7,722.0,0.20077499855464145,4,240.0,0.2550840710256239,39,1630.0
1045.0,35,449.0,4.081818181818182,3.6767878737538564,20,671.0,0.17980759194420698,10,699.0,0.2652853141353048,5,216.0,0.1805406650368653,35,1586.0
1050.0,33,394.0,3.4867256637168142,3.665280160695239,16,710.0,0.22220964934158335,11,647.0,0.19658840907033687,6,240.0,0.2052732619343309,33,1597.0
1055.0,32,337.0,3.0089285714285716,3.304841012092909,17,791.0,0.14861172334474315,11,539.0,0.10677649821568043,4,225.0,0.21488115268346702,32,1555.0
1060.0,31,275.0,2.522935779816514,3.9502137003238427,14,802.0,0.10334087497917463,12,467.0,0.21722890600036035,5,166.0,0.27842912066801645,31,1435.0
1065.0,17,116.0,1.1262135922330097,5.393223062858069,3,671.0,0.21784574444031046,11,447.0,0.30714610729867825,3,106.0,0.37373554579398083,17,1224.0
1070.0,19,75.0,0.7009345794392523,4.772144649901777,3,566.0,0.2777827812544222,14,368.0,0.24780832686484006,2,98.0,0.2743291588473485,19,1032.0
1075.0,26,129.0,1.18348623853211,4.932101247415183,2,558.0,0.3494045665613275,17,372.0,0.19125702444978374,7,122.0,0.27459746383023703,26,1052.0
1080.0,36,187.0,1.7641509433962264,3.6949737745966145,7,581.0,0.2781719351327392,19,391.0,0.12137866704631826,10,165.0,0.1802148021383052,36,1137.0
1085.0,32,170.0,1.5454545454545454,2.6954795031071823,11,626.0,0.17153388484137405,13,458.0,0.0783682706255243,8,166.0,0.18345412640075726,32,1250.0
1090.0,27,124.0,1.1923076923076923,3.0677708395065655,13,619.0,0.16226316848850156,8,468.0,0.1499797366802885,6,129.0,0.2808229687337412,27,1216.0
1095.0,28,115.0,1.0454545454545454,3.824568636590786,8,541.0,0.22366367499237783,13,434.0,0.20299828933877834,7,97.0,0.2678390519626438,28,1072.0
1100.0,27,109.0,0.956140350877193,4.024701106793345,10,568.0,0.23996760710878964,13,421.0,0.1772006750481381,4,121.0,0.31717757165844246,27,1110.0
1105.0,42,136.0,1.152542372881356,4.027431817058091,17,625.0,0.0945188931266647,15,399.0,0.1785913298271121,10,156.0,0.17636192278301532,42,1180.0
1110.0,31,181.0,1.7075471698113207,3.905547936432526,11,622.0,0.11232837654657771,11,354.0,0.17965714574966096,9,197.0,0.21782767758895077,31,1173.0
1115.0,30,188.0,1.9381443298969072,3.448265179747841,3,478.0,0.17738375074562981,14,351.0,0.20476767744673724,13,257.0,0.1319204102133516,30,1086.0
1120.0,37,269.0,2.6633663366336635,3.7075001933588903,5,378.0,0.29989883845246745,15,318.0,0.17233426625103557,17,338.0,0.17835259604367243,37,1034.0
1125.0,36,231.0,2.1792452830188678,3.3785494100398465,2,377.0,0.3069483552948087,18,341.0,0.11351399172963662,16,367.0,0.16924195853360618,36,1085.0
1130.0,34,189.0,1.6725663716814159,3.8548597109442757,5,395.0,0.19641769877380535,15,352.0,0.18404164711427412,14,332.0,0.1439535790854277,34,1079.0
1135.0,23,124.0,1.169811320754717,3.9954460385900608,5,355.0,0.20632298744022615,5,332.0,0.22781510843059385,13,373.0,0.19969616467930212,23,1060.0
1140.0,28,130.0,1.2621359223300972,3.9937142934601497,2,219.0,0.2995837306774774,12,282.0,0.21415581100416123,14,438.0,0.1486251758216872,28,939.0
1145.0,30,98.0,0.9245283018867925,2.9438380976656884,4,232.0,0.31069560618400555,14,308.0,0.1138424230159482,12,443.0,0.13739884585182696,30,983.0
1150.0,24,94.0,0.8623853211009175,4.201082517090241,6,255.0,0.25455506064011646,15,310.0,0.14795935060022755,3,377.0,0.27730108852691115,24,942.0
1155.0,18,96.0,0.8727272727272727,4.620506647298505,10,291.0,0.1281201706068376,8,309.0,0.24621353806091462,0,277.0,0.2959194869687673,18,877.0
1160.0,30,172.0,1.638095238095238,4.31904011960636,14,354.0,0.1898070464101779,13,275.0,0.21519815515811422,3,203.0,0.3734605669291273,30,832.0
1165.0,29,142.0,1.3027522935779816,3.577851808168114,15,341.0,0.20770588608534699,12,305.0,0.1659523655579799,2,195.0,0.30320755717239634,29,841.0
1170.0,30,135.0,1.1946902654867257,4.338564934888869,13,253.0,0.2040256668116498,13,325.0,0.16162252333245541,4,207.0,0.33351354319788074,30,785.0
1175.0,31,162.0,1.514018691588785,3.6435725889303896,11,214.0,0.1404640329579904,11,325.0,0.13497098132390123,9,240.0,0.2171283377873424,31,779.0
1180.0,34,222.0,2.074766355140187,3.4900902701179026,12,227.0,0.23638613579182743,11,313.0,0.1257526932263899,11,292.0,0.21402517583825215,34,832.0
1185.0,40,311.0,2.853211009174312,3.7543084713466994,7,243.0,0.36131118304270693,18,307.0,0.11784083572453757,15,359.0,0.2220896707497968,40,909.0
1190.0,41,344.0,3.0442477876106193,3.358583300485053,5,260.0,0.3535459455272364,21,350.0,0.08884861931587634,15,374.0,0.15046568351840736,41,984.0
1195.0,42,336.0,3.0545454545454547,3.9732551211973064,10,295.0,0.3137683028740826,18,382.0,0.16688160018206252,14,288.0,0.18979623794866704,42,965.0
1200.0,33,235.0,2.2596153846153846,3.630538698635144,9,303.0,0.13496998547772254,12,353.0,0.2537659502725877,12,333.0,0.16905438940951048,33,989.0
1205.0,29,172.0,1.5925925925925926,5.084353185893888,8,268.0,0.20210123804701205,6,276.0,0.32768966698585067,15,406.0,0.19023715608889458,29,950.0
1210.0,36,214.0,2.1616161616161618,4.067145387461297,10,268.0,0.2294251908917924,11,315.0,0.22897473619406133,15,480.0,0.17276513658311385,36,1063.0
1215.0,45,309.0,3.09,2.4813713710003555,11,315.0,0.1895958549609777,17,355.0,0.03918258455284449,17,550.0,0.09995414267982011,45,1220.0
1220.0,57,467.0,4.67,2.5039695199042584,13,377.0,0.21662579216244643,23,390.0,0.08286586960286549,21,647.0,0.15672084488539134,57,1414.0
1225.0,52,497.0,4.733333333333333,1.8979958397014205,9,367.0,0.13733011316381347,16,426.0,0.10836368218658747,27,759.0,0.08399372254371179,52,1552.0
1230.0,44,542.0,4.882882882882883,3.1151881643153967,7,307.0,0.22110993588797653,9,384.0,0.17176860606929562,28,891.0,0.09284388752857614,44,1582.0
1235.0,39,495.0,4.626168224299065,3.5082048800136802,7,235.0,0.19010799909352066,6,282.0,0.18523512020517358,26,919.0,0.09241182354690418,39,1436.0
1240.0,32,327.0,2.945945945945946,3.8468984266777118,4,238.0,0.16788257277663038,8,287.0,0.2156366436233416,20,830.0,0.14012369327170504,32,1355.0
1245.0,34,299.0,2.7685185185185186,4.179911277137855,7,259.0,0.2045120839539109,13,341.0,0.17392250462227957,14,651.0,0.2132484083523423,34,1251.0
1250.0,44,344.0,3.1559633027522938,3.9519431668755494,10,297.0,0.15504676575148038,21,428.0,0.18990835353846436,13,542.0,0.26299593078871997,44,1267.0
1255.0,40,285.0,2.590909090909091,3.7765045576861853,12,348.0,0.21838521241610553,22,501.0,0.16078781588795343,6,543.0,0.3295971495514437,40,1392.0
1260.0,41,255.0,2.2767857142857144,4.128097460046885,12,343.0,0.1768501604949664,22,548.0,0.13812588331001738,7,563.0,0.27946648432829274,41,1454.0
1265.0,36,277.0,2.518181818181818,3.5442564989188408,12,316.0,0.13051288637240774,13,556.0,0.1356657758157614,11,611.0,0.19919850966333993,36,1483.0
1270.0,37,227.0,2.1826923076923075,2.856607071184388,11,336.0,0.20042210287201812,17,522.0,0.10843116395878587,9,591.0,0.26761912141869626,37,1449.0
1275.0,36,177.0,1.5803571428571428,3.117329073398346,11,374.0,0.1975431763717779,20,546.0,0.14354930980926073,5,484.0,0.22557694662886532,36,1404.0
1280.0,36,188.0,1.6491228070175439,4.031592061977484,13,433.0,0.22680983581041053,17,581.0,0.16802699652950742,6,505.0,0.2405224622171531,36,1519.0
1285.0,34,185.0,1.6972477064220184,3.146914769033317,12,488.0,0.1038441793300595,9,565.0,0.17380623346003013,13,550.0,0.11909877159686696,34,1603.0
1290.0,29,195.0,1.875,3.089624640812781,14,552.0,0.15786059062158747,8,497.0,0.16231163668129098,7,518.0,0.238329040994884,29,1567.0
1295.0,35,288.0,2.6422018348623855,3.707839927159875,17,615.0,0.21391173247087494,15,433.0,0.1928642488830349,3,393.0,0.2694353849410225,35,1441.0
1300.0,40,452.0,3.8632478632478633,3.8626225969815566,19,702.0,0.20565013364475285,18,444.0,0.17885348532873757,3,348.0,0.24146069024033195,40,1494.0
1305.0,52,589.0,5.212389380530974,3.3675056093457147,19,727.0,0.19600551231927368,25,554.0,0.15774187458976138,8,379.0,0.19810644033413152,52,1660.0
1310.0,52,650.0,5.8558558558558556,2.8233157618612488,20,684.0,0.14152136178771835,24,645.0,0.1758230113711687,8,347.0,0.1541242336441171,52,1676.0
1315.0,42,568.0,5.163636363636364,3.3052567028267132,17,701.0,0.17047786818405847,21,688.0,0.15517434137808955,4,235.0,0.2745140608184494,42,1624.0
1320.0,35,378.0,3.4363636363636365,3.935345754390879,18,788.0,0.09600245548114439,15,641.0,0.18624565885558558,2,233.0,0.2153468857554365,35,1662.0
1325.0,27,184.0,1.7037037037037037,3.784020507677284,11,789.0,0.10802034318727859,8,581.0,0.22999119416281474,8,264.0,0.1848900319503645,27,1634.0
1330.0,21,74.0,0.74,3.9979083515308003,2,680.0,0.3248131955290073,12,566.0,0.21510702150134675,7,235.0,0.22695606258192158,21,1481.0
1335.0,21,56.0,0.5283018867924528,3.7963532950739265,4,683.0,0.2575930671785421,12,533.0,0.1869033233401012,5,155.0,0.2124644313849569,21,1371.0
1340.0,21,82.0,0.7387387387387387,4.9322578494195914,8,714.0,0.23270082522050667,9,458.0,0.24215734910279088,4,80.0,0.29732569416562965,21,1252.0
1345.0,19,65.0,0.5963302752293578,4.365472578860729,9,669.0,0.11843357525280011,5,420.0,0.2797936523061953,5,69.0,0.24857838785508493,19,1158.0
1350.0,17,57.0,0.5377358490566038,4.854231825003104,5,572.0,0.24417604434822485,11,397.0,0.273793098492791,1,42.0,0.38927769970998427,17,1011.0
1355.0,26,116.0,1.0740740740740742,4.46182207394035,6,584.0,0.2753969189456835,16,411.0,0.16380477253737472,4,47.0,0.3076477570470276,26,1042.0
1360.0,38,257.0,2.3577981651376145,3.7534281173505764,8,622.0,0.277146120956652,21,502.0,0.07633962952293123,9,77.0,0.2500773904521215,38,1201.0
1365.0,38,296.0,2.8737864077669903,3.0968195980596676,11,670.0,0.21866310779031062,21,522.0,0.06411141785671466,6,84.0,0.3485617664627583,38,1276.0
1370.0,32,204.0,1.9428571428571428,3.0329301381282887,13,658.0,0.10148471524270791,15,484.0,0.1558292017875744,4,71.0,0.2613551749799802,32,1213.0
1375.0,27,119.0,1.1442307692307692,4.408144342767376,11,519.0,0.16598769957167928,9,466.0,0.27804075878059187,7,63.0,0.2933882255898115,27,1048.0
1380.0,23,121.0,1.174757281553398,5.050389317059553,8,447.0,0.20108991425372266,12,470.0,0.26594276076481393,3,65.0,0.41953369792958156,23,982.0
1385.0,24,118.0,1.0727272727272728,4.7205636250777605,7,463.0,0.26976372945949373,16,488.0,0.18508263739508593,1,55.0,0.4069881567043371,24,1006.0
1390.0,39,247.0,2.287037037037037,4.824499905258544,13,513.0,0.262347601622802,21,557.0,0.1279219432135361,5,68.0,0.39275031966586565,39,1138.0
1395.0,46,408.0,4.08,3.531297701097308,16,583.0,0.20851202690778506,24,664.0,0.13729851071516178,6,74.0,0.24490234094930696,46,1321.0
1400.0,39,509.0,5.3578947368421055,3.208554096114575,12,572.0,0.19530755266855593,24,772.0,0.1364156848609874,3,66.0,0.2912716492484891,39,1410.0
1405.0,41,579.0,5.676470588235294,3.309233462310544,11,472.0,0.14655528141984478,24,880.0,0.2029609418137528,6,71.0,0.20909326108885026,41,1423.0
1410.0,35,702.0,6.815533980582524,4.457195672358436,7,305.0,0.23905818302579346,24,996.0,0.22824083556436356,4,89.0,0.25634427414454014,35,1390.0
1415.0,33,598.0,5.805825242718447,3.9602937553469912,5,319.0,0.22229755741501128,20,971.0,0.17529771205458447,8,120.0,0.2046447759004132,33,1410.0
1420.0,36,396.0,3.8446601941747574,3.47285413877396,10,358.0,0.13945957610779366,14,870.0,0.13063728011009748,12,171.0,0.16794757507207334,36,1399.0
1425.0,29,208.0,2.1894736842105265,3.2634814601968873,7,339.0,0.18611621101511844,4,765.0,0.14415884832390463,18,250.0,0.16085451669180184,29,1354.0
1430.0,34,309.0,3.2526315789473683,2.815534669461475,4,202.0,0.2473697306748401,7,785.0,0.1909420686900974,23,355.0,0.07987528607965848,34,1342.0
1435.0,44,363.0,3.594059405940594,2.9035874965485586,4,207.0,0.2659369634899847,18,847.0,0.1362391367264597,22,415.0,0.11982226372702348,44,1469.0
1440.0,48,434.0,4.254901960784314,2.9135228273638383,8,237.0,0.12014344677429716,24,954.0,0.11628733271711308,16,404.0,0.17894791361723153,48,1595.0
1445.0,58,585.0,5.571428571428571,2.594865621494355,13,292.0,0.09460485405421966,32,1101.0,0.09017541130515926,13,427.0,0.1924095601806481,58,1820.0
1450.0,58,735.0,7.135922330097087,2.686620170049773,10,299.0,0.14558386429945475,34,1269.0,0.08521897321356345,14,495.0,0.2025873870635566,58,2063.0
1455.0,50,652.0,6.269230769230769,2.6775434587905798,7,190.0,0.14700239908726764,28,1273.0,0.11367601968113232,15,565.0,0.1437184972598967,50,2028.0
1460.0,44,540.0,5.1923076923076925,3.2235945440172604,7,215.0,0.18384616270151097,21,1093.0,0.15357579404934965,16,636.0,0.1574538744265176,44,1944.0
1465.0,39,319.0,2.9813084112149535,2.963556375735101,12,253.0,0.07521338906852951,10,974.0,0.12128177885950296,17,637.0,0.10452719848229636,39,1864.0
1470.0,35,215.0,2.128712871287129,3.5248032379132272,13,312.0,0.17904379201740853,13,947.0,0.20239488284646215,9,563.0,0.24357585163150475,35,1822.0
1475.0,28,143.0,1.4158415841584158,3.698895544173733,7,294.0,0.21544846322258612,11,866.0,0.20779278644458096,10,446.0,0.21107220736840424,28,1606.0
1480.0,25,103.0,0.944954128440367,4.63708551631058,7,242.0,0.21827491650776612,9,579.0,0.30378538649239806,9,463.0,0.21977844353453022,25,1284.0
1485.0,22,97.0,0.8981481481481481,4.978646968667944,6,177.0,0.21017380186018864,7,498.0,0.2598658056286675,9,505.0,0.2532192654705995,22,1180.0
1490.0,20,60.0,0.5825242718446602,3.3520858738831154,4,183.0,0.22006029971813676,11,498.0,0.13411076107774625,5,483.0,0.19972738585795816,20,1164.0
1495.0,29,125.0,1.2019230769230769,4.134359369363395,7,212.0,0.3220435331921114,18,491.0,0.13719960275542428,4,407.0,0.275602363240199,29,1110.0
1500.0,25,137.0,1.3173076923076923,4.22269860330068,7,247.0,0.2927759398160488,17,464.0,0.16155694435100526,1,359.0,0.2913561441123572,25,1070.0
1505.0,26,125.0,1.179245283018868,4.440766628077553,8,237.0,0.22990803777905966,12,353.0,0.18494742598382746,6,384.0,0.2296267748935492,26,974.0
1510.0,19,89.0,0.89,4.592522654390382,7,207.0,0.20346524601504395,8,328.0,0.2302649539681148,4,359.0,0.2853484512584065,19,894.0
1515.0,27,147.0,1.47,4.725090481200759,8,236.0,0.11904998587660616,14,350.0,0.29037312037967616,5,281.0,0.26462794233823894,27,867.0
1520.0,28,147.0,1.5,4.3082321224908195,11,282.0,0.1203611313177361,12,342.0,0.22230396052624163,5,295.0,0.2965424830340679,28,919.0
1525.0,37,183.0,1.8865979381443299,3.781413252230888,14,346.0,0.1287145336284393,15,293.0,0.19860012868210336,8,321.0,0.24615290685859517,37,960.0
1530.0,37,265.0,2.849462365591398,2.854280729690504,15,417.0,0.18152357745901643,10,295.0,0.1939727098524701,12,368.0,0.1586798474491746,37,1080.0
1535.0,42,398.0,4.145833333333333,2.790946486442246,17,495.0,0.08047213107904261,9,278.0,0.18663091631157938,16,443.0,0.07906259190447218,42,1216.0
1540.0,48,479.0,4.742574257425742,2.7356959240065555,24,598.0,0.038269850889588966,10,269.0,0.15639598953801145,14,441.0,0.15244859638071692,48,1308.0
1545.0,48,569.0,5.927083333333333,3.065845610434718,27,728.0,0.10581398850231577,11,224.0,0.2034200562504055,10,362.0,0.30800935437587995,48,1314.0
1550.0,50,564.0,5.423076923076923,3.058914162753789,25,770.0,0.1411288654765917,13,195.0,0.23927543663541095,12,414.0,0.15452350428338774,50,1379.0
1555.0,51,545.0,5.093457943925234,3.3737307874734612,20,706.0,0.2055963438449596,16,266.0,0.2563972734502233,15,481.0,0.15782506992276846,51,1453.0
1560.0,45,466.0,4.355140186915888,3.1688178729422605,16,601.0,0.154773324125854,19,314.0,0.18997914740963026,10,466.0,0.14053151940106706,45,1381.0
1565.0,36,358.0,3.225225225225225,4.874103072378802,14,540.0,0.2604417582960472,17,336.0,0.2422571631809613,5,304.0,0.22961241097320298,36,1180.0
1570.0,19,176.0,1.6296296296296295,5.2850903189360015,6,550.0,0.22415052762114898,9,345.0,0.2869363264416013,4,248.0,0.26510807440400064,19,1143.0
1575.0,20,75.0,0.6944444444444444,4.9667997877401,6,569.0,0.2827296527884613,11,325.0,0.2224095095094639,3,243.0,0.2423184654628422,20,1137.0
1580.0,28,147.0,1.4,4.957002885178925,2,537.0,0.4181899570321809,19,353.0,0.14849110307052793,7,270.0,0.26072305086390224,28,1160.0
1585.0,29,137.0,1.37,3.285749146408106,4,394.0,0.3423973292672158,18,387.0,0.1409442501157346,7,254.0,0.1745205703657691,29,1035.0
1590.0,25,115.0,1.1274509803921569,3.896225163904612,3,400.0,0.3104385076898994,17,447.0,0.14979516056134917,4,205.0,0.30060777424055507,24,1052.0
1595.0,20,88.0,0.8461538461538461,4.179661833691624,8,425.0,0.1560910888315805,9,474.0,0.16936934556711794,3,146.0,0.26722118682442675,20,1045.0
1600.0,17,66.0,0.6226415094339622,4.13559567232894,6,404.0,0.1817656545406405,11,475.0,0.17189490711925268,0,130.0,0.30073525015621916,17,1009.0
1605.0,15,47.0,0.4563106796116505,4.502388829463374,1,316.0,0.3472622190678434,10,444.0,0.18238448017758496,4,145.0,0.2695461190419209,15,905.0
1610.0,20,52.0,0.5,3.8382013250215867,3,280.0,0.20630866094733702,12,377.0,0.15414787223624676,5,137.0,0.17860750354957675,20,794.0
1615.0,21,114.0,1.1067961165048543,4.432558171536985,6,305.0,0.1598747906542774,11,298.0,0.19592388677713948,4,100.0,0.2678056015155197,21,703.0
1620.0,30,224.0,2.2857142857142856,4.579119910632325,14,361.0,0.07022210738576558,14,295.0,0.28506745385728294,2,68.0,0.2854861718729217,30,724.0
1625.0,28,197.0,1.9898989898989898,4.023283377851152,9,350.0,0.11793762448275946,15,296.0,0.12592325092930773,4,84.0,0.2487139368893237,28,730.0
1630.0,25,141.0,1.5666666666666667,4.542552158365295,5,259.0,0.2793208188021162,12,275.0,0.23236121546960856,8,120.0,0.31051223557176066,25,654.0
1635.0,30,201.0,2.0721649484536084,3.959578714571881,7,234.0,0.2477489545729113,11,223.0,0.19647678255882814,12,172.0,0.18046299197164048,30,629.0
1640.0,32,143.0,1.43,3.7674547073527758,9,269.0,0.29029978113196947,11,227.0,0.1615147251338922,12,186.0,0.1875645703532593,32,682.0
1645.0,25,99.0,0.9705882352941176,3.7080967864277494,8,247.0,0.14579338604958691,6,200.0,0.25010564825599685,11,157.0,0.16884514931592692,25,604.0
1650.0,22,126.0,1.26,5.204938509870321,4,141.0,0.199971690357986,9,208.0,0.3488994765295477,9,166.0,0.2284233215438486,22,515.0
1655.0,26,189.0,1.9285714285714286,5.6575526286088245,2,110.0,0.2672097821286889,13,255.0,0.33911482148358846,11,215.0,0.20661932510886605,26,580.0
1660.0,26,158.0,1.6288659793814433,4.044235910157772,2,87.0,0.2187315172139949,13,260.0,0.15735098496784192,11,266.0,0.16992576274774973,26,613.0
1665.0,32,222.0,2.4130434782608696,4.038777538511835,4,100.0,0.31271366580171284,14,230.0,0.13631931430352676,14,331.0,0.22253386862058713,32,661.0
1670.0,34,281.0,3.021505376344086,3.184930298358457,5,97.0,0.2795330907754471,10,245.0,0.15616320404653938,19,416.0,0.10986883492535067,34,758.0
1675.0,31,232.0,2.442105263157895,4.4703152065555445,4,74.0,0.3291050606852437,8,270.0,0.28299578236524897,19,437.0,0.13844397141932935,31,781.0
1680.0,19,116.0,1.2473118279569892,4.35688624784305,2,68.0,0.26059975730077534,6,255.0,0.2855887741510281,11,389.0,0.15764104778643295,19,712.0
1685.0,25,138.0,1.422680412371134,4.748025682717801,7,91.0,0.2311731043989016,8,212.0,0.2855134169032941,10,314.0,0.2987263114792004,25,617.0
1690.0,28,182.0,1.8383838383838385,4.387975667711015,10,135.0,0.23690829573500954,10,221.0,0.2630993616929089,8,340.0,0.2673805124724635,28,696.0
1695.0,38,297.0,2.8285714285714287,3.67327150727671,14,195.0,0.2042449259866358,14,285.0,0.15510953018666163,10,386.0,0.18603483484703903,38,866.0
1700.0,33,218.0,2.116504854368932,3.186905958243014,12,219.0,0.24483318945430643,17,331.0,0.10531954724964468,4,372.0,0.2524741438299248,33,922.0
1705.0,29,156.0,1.4444444444444444,3.5905301476278315,11,181.0,0.156550746677394,15,354.0,0.18148374921534308,3,298.0,0.21151411253862473,29,833.0
1710.0,23,135.0,1.25,4.218028099276943,10,154.0,0.19098893857399116,12,377.0,0.1977620825477986,1,263.0,0.24078922531449082,23,794.0
1715.0,33,146.0,1.3394495412844036,4.177472280059805,9,186.0,0.20339587898805753,19,373.0,0.14221746778210864,5,285.0,0.33951704510210456,33,844.0
1720.0,36,163.0,1.4954128440366972,3.5082136843492226,13,242.0,0.20917747547858914,19,428.0,0.10649573731931737,4,260.0,0.24774276864994607,36,930.0
1725.0,32,170.0,1.6346153846153846,3.9388047826784938,11,299.0,0.2017389220150285,18,451.0,0.1500482098666367,3,202.0,0.344668754764568,32,952.0
1730.0,24,135.0,1.2980769230769231,4.447162835747528,10,307.0,0.11981385012235989,12,453.0,0.2500399893669176,2,123.0,0.27745578430536805,24,883.0
1735.0,20,104.0,1.0297029702970297,4.846715775728015,8,263.0,0.19775088757032203,11,458.0,0.2458946157298956,1,129.0,0.4424959290233046,20,850.0
1740.0,24,120.0,1.188118811881188,4.3716151920013235,6,220.0,0.21256943671761996,14,413.0,0.15725931409346036,4,146.0,0.38235468900836994,24,779.0
1745.0,27,136.0,1.3076923076923077,4.322316140869268,3,222.0,0.3131053344322895,20,386.0,0.12696035506643738,4,137.0,0.356828295111298,27,745.0
1750.0,23,107.0,1.0288461538461537,4.170903134985725,5,235.0,0.3338221347092937,16,432.0,0.1626891491204194,2,99.0,0.3241221709318508,23,766.0
1755.0,28,100.0,0.9615384615384616,4.155650446777385,8,270.0,0.22727128960369952,17,444.0,0.17852533979082777,3,110.0,0.20940732698451558,28,824.0
1760.0,24,127.0,1.2828282828282829,3.5389296125958394,11,317.0,0.1272114893663527,8,440.0,0.1764791665215526,5,131.0,0.29521642204971466,24,888.0
1765.0,35,178.0,1.7450980392156863,3.0564037639233588,14,335.0,0.18461368351525614,11,402.0,0.1654286241300548,10,169.0,0.2281235382716231,35,906.0
1770.0,38,261.0,2.4857142857142858,3.3710178360676006,9,305.0,0.2627387529808628,15,383.0,0.14724793732291078,14,226.0,0.2072968004742023,38,914.0
1775.0,39,241.0,2.2314814814814814,3.0839885029011174,8,254.0,0.2695279712223529,19,412.0,0.11294517795348433,12,234.0,0.15136332689675702,39,900.0
1780.0,30,172.0,1.5221238938053097,4.1926158933380755,7,272.0,0.25416156197616824,13,372.0,0.18771712536209018,10,202.0,0.18295917430528427,30,846.0
1785.0,31,147.0,1.3243243243243243,4.538385377949582,12,313.0,0.1754546762790667,7,379.0,0.2618391194742122,12,247.0,0.23197069612992108,31,939.0
1790.0,35,182.0,1.7169811320754718,3.896050305656314,13,378.0,0.1350869089486498,11,367.0,0.19955153581428678,11,304.0,0.17295684308506387,35,1049.0
1795.0,40,259.0,2.59,2.322006022566943,15,444.0,0.1771379774316311,13,349.0,0.11740296481102709,12,364.0,0.16090692146143598,40,1157.0
1800.0,36,285.0,2.7941176470588234,2.7187079461618886,12,451.0,0.14620351318242417,10,282.0,0.1123780598667962,14,434.0,0.11275060647216827,36,1167.0
1805.0,29,187.0,1.7641509433962264,3.396754975352069,10,388.0,0.1699439895408539,6,289.0,0.2183306436351697,13,436.0,0.1538427412470192,29,1113.0
1810.0,29,154.0,1.439252336448598,4.0985807315144305,11,293.0,0.24571805046062029,8,269.0,0.21320513752154965,10,370.0,0.23694397660800162,29,932.0
1815.0,31,154.0,1.3275862068965518,4.321894762491216,11,275.0,0.2416999105188408,10,257.0,0.20665136770414752,10,333.0,0.24939983010386543,31,865.0
1820.0,24,112.0,0.9491525423728814,5.594843414733814,6,266.0,0.36730095221324127,8,195.0,0.23206885996963433,10,290.0,0.3549202066548419,24,751.0
1825.0,25,116.0,1.0,5.340306314090716,7,279.0,0.1928418682454643,10,215.0,0.24031265182197442,8,245.0,0.3238698328618619,25,739.0
1830.0,23,118.0,1.1346153846153846,4.895150193149162,4,269.0,0.3533875944477362,18,256.0,0.17159235318479135,1,234.0,0.4593266286253714,23,759.0
1835.0,31,161.0,1.5188679245283019,4.721776866570664,2,215.0,0.4257686129352142,23,331.0,0.1232467439287912,6,249.0,0.35567305338347355,31,795.0
1840.0,33,191.0,1.8018867924528301,3.4202928226460645,1,189.0,0.3790765724327879,21,354.0,0.06454228134506682,11,289.0,0.2265083643262919,33,832.0
1845.0,36,185.0,1.7289719626168225,3.2731973530797984,6,206.0,0.2639944591821383,21,389.0,0.08310316237332607,9,292.0,0.1829553040805637,36,887.0
1850.0,31,172.0,1.5925925925925926,4.108915968052424,10,250.0,0.1009269670414934,15,409.0,0.19984536861562757,6,235.0,0.31767780499330467,31,894.0
1855.0,31,197.0,1.912621359223301,4.100374911262578,16,318.0,0.12648870554751876,9,407.0,0.23930938771801977,6,220.0,0.35295752321229873,31,945.0
1860.0,32,186.0,1.8058252427184467,3.8475736261267612,13,340.0,0.14228529541763724,13,376.0,0.18378281732592822,6,248.0,0.345553338866003,32,964.0
1865.0,39,220.0,2.018348623853211,3.7043785506415183,10,292.0,0.2540906174653709,18,384.0,0.1627508825430326,11,289.0,0.27420800979256943,39,965.0
1870.0,35,173.0,1.5309734513274336,2.980454342311073,10,327.0,0.17889314903292788,16,419.0,0.12646048896921186,9,282.0,0.24401848175777194,35,1028.0
1875.0,32,135.0,1.125,3.5441183407063663,14,395.0,0.0832031039890114,11,401.0,0.20051944034329208,7,224.0,0.20721450112537726,32,1020.0
1880.0,35,201.0,1.763157894736842,4.331541393865138,21,484.0,0.09295288215366432,9,356.0,0.2755242136388255,5,203.0,0.28068515577061703,35,1043.0
1885.0,38,178.0,1.575221238938053,3.47119353457931,18,503.0,0.057513805009382205,9,355.0,0.25144601707386244,11,239.0,0.1853137619056603,38,1097.0
1890.0,29,134.0,1.2407407407407407,3.7325850739028414,10,426.0,0.22555717903445102,13,336.0,0.18739301504446348,6,236.0,0.3007903118757459,29,998.0
1895.0,30,152.0,1.3571428571428572,4.1589901050349125,8,317.0,0.30102053492583297,18,332.0,0.1863934916205671,4,178.0,0.2475012508432499,30,827.0
1900.0,32,230.0,1.9008264462809918,4.128772621665565,9,340.0,0.2740605399059648,21,372.0,0.1761061487119637,2,160.0,0.2545315922660569,32,872.0
1905.0,37,256.0,2.0813008130081303,4.134940355471446,11,387.0,0.25630869378468407,17,399.0,0.18099845866783135,9,189.0,0.2160993190953688,37,975.0
1910.0,31,155.0,1.28099173553719,3.4899918916270956,9,397.0,0.14885858378878009,12,366.0,0.18513756929732383,10,185.0,0.14175525791496074,31,948.0
1915.0,28,145.0,1.2608695652173914,4.506719622188597,14,433.0,0.15387283295394902,5,352.0,0.28455384965091907,9,153.0,0.22245741076488865,28,938.0
1920.0,31,150.0,1.3513513513513513,3.3491711368764543,12,448.0,0.16894092955038859,10,307.0,0.18597942300982748,9,185.0,0.17960887300768064,31,940.0
1925.0,30,148.0,1.2758620689655173,3.5702225619014323,12,393.0,0.2127429269354775,8,307.0,0.22806143763420833,10,230.0,0.15052226263146765,30,930.0
1930.0,30,137.0,1.2017543859649122,3.3625873311676955,13,437.0,0.2352460682886296,8,267.0,0.15262209712387742,9,234.0,0.14947918276324546,30,938.0
1935.0,28,110.0,0.9401709401709402,3.4282470045925195,13,493.0,0.0897664332589927,7,274.0,0.19889964878690417,8,192.0,0.15271642963915671,28,959.0
1940.0,31,145.0,1.2608695652173914,3.405216906641617,15,571.0,0.1670406549320594,11,262.0,0.1904131250744558,5,173.0,0.19141299835103137,31,1006.0
1945.0,43,264.0,2.2,2.839709741363648,17,647.0,0.1279951323897852,18,299.0,0.1665432292041963,8,198.0,0.1313983523367461,43,1144.0
1950.0,48,437.0,3.8333333333333335,2.3253727429857616,19,731.0,0.1613935208912762,22,384.0,0.11102904005092844,7,195.0,0.14516292989242202,48,1310.0
1955.0,48,514.0,4.508771929824562,2.2987897484427475,18,741.0,0.1572933381513128,24,496.0,0.09929779751663476,6,140.0,0.18334555517363751,48,1377.0
1960.0,38,440.0,3.6666666666666665,3.461594795270929,16,669.0,0.18817662010127115,18,525.0,0.191318576065182,4,86.0,0.22449925456778563,38,1280.0
1965.0,28,312.0,2.557377049180328,4.2255365110243925,15,727.0,0.16267035842573552,11,556.0,0.2627766487731408,2,53.0,0.2888827849543121,28,1336.0
1970.0,25,193.0,1.5317460317460319,4.251906248372355,17,809.0,0.0544965297770004,7,459.0,0.23074764356426147,1,34.0,0.25521863507518,25,1302.0
1975.0,27,152.0,1.2881355932203389,4.2187940203950305,11,810.0,0.12746161455426458,9,480.0,0.16100460791147655,7,57.0,0.28626818693198786,27,1347.0
1980.0,23,107.0,1.0,3.8008323285734145,6,711.0,0.2052463100175265,11,498.0,0.1881078881471822,6,76.0,0.2817608343945912,23,1285.0
1985.0,20,66.0,0.5892857142857143,4.577287248607498,4,551.0,0.28383421472678316,10,455.0,0.2754096158977859,6,68.0,0.2587149458371929,20,1074.0
1990.0,24,68.0,0.591304347826087,4.390775671981927,3,551.0,0.2870587225965881,16,388.0,0.2514227113201143,5,75.0,0.18820058368260237,24,1014.0
1995.0,22,77.0,0.652542372881356,3.919055187770491,6,566.0,0.15564921326193887,9,394.0,0.14896791661121456,7,105.0,0.1507837998069722,22,1065.0
2000.0,32,171.0,1.5833333333333333,3.3082485186727806,9,606.0,0.2567044465306226,10,399.0,0.15512592403716904,13,160.0,0.20292703417021832,32,1165.0
2005.0,38,155.0,1.3839285714285714,2.2467960104201885,10,583.0,0.22641890928870287,10,358.0,0.14506934290872375,18,194.0,0.0939961916991577,38,1135.0
2010.0,32,138.0,1.1896551724137931,3.8568906515222032,8,491.0,0.27075463321555177,11,278.0,0.2276774077420017,13,188.0,0.14124915472485683,32,957.0
2015.0,29,135.0,1.1538461538461537,4.426896958687953,4,450.0,0.20800867972773612,13,199.0,0.3072879490323954,12,233.0,0.12853876644763795,29,882.0
2020.0,36,156.0,1.3109243697478992,3.5748999153048415,8,481.0,0.10489240852811389,11,216.0,0.21577772498679781,17,302.0,0.12188951636968835,36,999.0
2025.0,36,162.0,1.4594594594594594,3.0383339026690437,6,456.0,0.24646653942326718,12,198.0,0.11140816079950941,18,382.0,0.16817854760769055,36,1036.0
2030.0,33,151.0,1.3482142857142858,2.718917013991455,4,359.0,0.24123040745815813,11,227.0,0.21326826446234046,18,419.0,0.09176121662848781,33,1005.0
2035.0,27,131.0,1.1196581196581197,4.271825207654844,2,241.0,0.3403784673588699,11,226.0,0.2683809594345713,14,398.0,0.15508474469483235,27,865.0
2040.0,34,184.0,1.546218487394958,4.433071654554777,2,153.0,0.2540464555344354,16,250.0,0.26216506196521994,16,401.0,0.1286104816861997,34,804.0
2045.0,37,250.0,2.1186440677966103,4.3695539304308415,1,137.0,0.2809524118136417,21,333.0,0.22353798741628217,15,471.0,0.12830496840511402,37,941.0
2050.0,40,363.0,3.27027027027027,4.0846126683376225,5,148.0,0.2786995473067716,25,444.0,0.095500756638319,10,474.0,0.1426226183238707,40,1066.0
2055.0,38,474.0,4.471698113207547,3.799396486192504,3,133.0,0.2325630005954286,28,586.0,0.1317938944141981,7,410.0,0.15536415191940114,38,1129.0
2060.0,30,419.0,4.275510204081633,3.7340870394543213,2,84.0,0.2910011909803445,23,634.0,0.21189702643512598,5,405.0,0.19089029868982263,30,1123.0
2065.0,33,284.0,2.730769230769231,3.2537166913682523,5,96.0,0.26474083455746594,17,533.0,0.11351821896044047,11,444.0,0.1498951486105855,33,1073.0
2070.0,32,249.0,2.349056603773585,3.7125598876423886,4,111.0,0.3610549226920625,14,477.0,0.23733173498498736,14,506.0,0.16708743949650118,32,1094.0
2075.0,28,199.0,1.8773584905660377,3.7393904129155606,5,94.0,0.358909969375249,9,365.0,0.31154380335414783,14,507.0,0.1395201422131236,28,966.0
2080.0,28,133.0,1.1367521367521367,4.177627196972424,6,79.0,0.336018418677355,9,297.0,0.35785799568560933,13,443.0,0.14159276870998977,28,819.0
2085.0,28,97.0,0.782258064516129,4.321711771292349,5,93.0,0.3091155571078264,10,298.0,0.3024898301139757,13,333.0,0.16339445627977728,28,724.0
2090.0,29,116.0,0.8721804511278195,4.775478716550825,7,129.0,0.17785577922093987,10,292.0,0.34772686584179247,12,294.0,0.1926302459580582,29,715.0
2095.0,20,68.0,0.5271317829457365,4.302023159913437,6,134.0,0.13943484715574492,9,292.0,0.23778093670677933,5,271.0,0.2807279731125391,20,697.0
2100.0,23,89.0,0.7416666666666667,3.9792726889573347,5,108.0,0.20204168173613118,11,290.0,0.17164646610869752,7,301.0,0.23252753726587114,23,699.0
2105.0,35,203.0,1.6504065040650406,4.164364835142457,6,76.0,0.3387746850387164,16,291.0,0.15738264492073853,13,350.0,0.2393323328006042,35,717.0
2110.0,38,286.0,2.3833333333333333,3.625938970473313,4,85.0,0.3676400943710354,22,335.0,0.11991587109402954,12,359.0,0.19708295126281947,38,779.0
2115.0,43,401.0,3.208,3.623777994267855,8,116.0,0.2605880849251762,24,410.0,0.16307215953366705,11,307.0,0.1745752721460819,43,833.0
2120.0,39,345.0,2.782258064516129,3.614099125403816,9,132.0,0.25703645198784925,20,457.0,0.18682842017138104,10,323.0,0.1758105533664644,39,912.0
2125.0,35,213.0,1.704,3.83996909401565,6,111.0,0.1777801363285139,12,424.0,0.2594120268290617,17,383.0,0.10007271437520918,35,918.0
2130.0,21,101.0,0.8416666666666667,4.294037315615373,4,79.0,0.23091466516928097,8,331.0,0.24096320283209197,9,389.0,0.13869425715897604,21,799.0
2135.0,23,149.0,1.3185840707964602,5.107189455014294,2,65.0,0.32884642706238404,15,294.0,0.3130484064002293,6,319.0,0.17290558485000335,23,678.0
2140.0,29,246.0,2.139130434782609,4.7051562145702395,4,56.0,0.38750022967279035,19,281.0,0.2007757446385245,6,345.0,0.12467521343147148,29,682.0
2145.0,33,341.0,3.044642857142857,4.28702858320771,0,28.0,0.4245865105578485,22,343.0,0.12389854336014822,11,393.0,0.13131960389704916,33,764.0
2150.0,48,544.0,4.990825688073395,3.2938752741903503,6,33.0,0.2676859552898007,28,469.0,0.04749982366029999,14,460.0,0.07157066547337383,48,962.0
2155.0,52,717.0,7.029411764705882,2.665263310988831,7,62.0,0.25789743986624936,30,614.0,0.03639154695329783,15,465.0,0.08891791341459807,52,1141.0
2160.0,46,653.0,6.663265306122449,2.695561736630139,12,109.0,0.1040663162828402,23,662.0,0.18987881354516933,11,398.0,0.11126369335873408,46,1169.0
2165.0,42,580.0,5.471698113207547,3.9739880060184016,14,175.0,0.18388123410706017,18,602.0,0.26120125305183484,10,295.0,0.22948862144496093,42,1072.0
2170.0,39,578.0,5.254545454545455,4.508211077972213,17,255.0,0.2988832064340975,17,531.0,0.26999117816752827,5,317.0,0.24196705987329814,39,1103.0
2175.0,34,429.0,3.6666666666666665,3.7681685297345036,14,272.0,0.2528459621095568,10,581.0,0.20940156732158974,10,357.0,0.16365970283844258,34,1210.0
2180.0,43,338.0,2.9649122807017543,3.637517185298408,14,306.0,0.2333263172949655,14,615.0,0.1764508257439212,15,420.0,0.17144333079617105,43,1341.0
2185.0,49,340.0,2.8813559322033897,3.3899875208042216,14,334.0,0.10135800853260259,13,670.0,0.20359699946985002,22,500.0,0.08498814712137152,49,1504.0
2190.0,54,479.0,4.094017094017094,3.4882507124814617,12,387.0,0.09544227392912184,16,747.0,0.2147766166772822,26,615.0,0.08810815366439637,54,1749.0
2195.0,55,566.0,5.192660550458716,2.7155528162096996,10,438.0,0.032724718551323355,20,840.0,0.08601565192969839,25,657.0,0.06323372488741165,55,1935.0
2200.0,51,474.0,4.348623853211009,2.4139302745983318,10,487.0,0.05785763730240258,19,855.0,0.10156433180752407,22,611.0,0.09332571711632266,51,1953.0
2205.0,39,320.0,3.018867924528302,3.3371695769814758,8,470.0,0.19605023919063932,14,774.0,0.25784494072998304,17,692.0,0.18300410718195886,39,1936.0
2210.0,37,269.0,2.3805309734513274,3.7189526529227916,8,423.0,0.22860646453419006,11,602.0,0.3034532004172615,18,779.0,0.11433044701499058,37,1804.0
2215.0,35,231.0,2.081081081081081,3.065069549958986,7,384.0,0.2962818813874909,7,620.0,0.18957638053351103,21,878.0,0.1108344061351245,35,1882.0
2220.0,41,266.0,2.3333333333333335,2.8989859222004597,6,400.0,0.18885147419520676,11,654.0,0.214246895924184,24,991.0,0.05264632325203784,41,2045.0
2225.0,49,448.0,3.8620689655172415,3.1843730486088035,11,441.0,0.12036744862318681,10,707.0,0.23999437060091666,28,1124.0,0.055219713872042255,49,2272.0
2230.0,52,515.0,4.768518518518518,2.709700330018916,7,442.0,0.17999570312653115,15,770.0,0.1542564649025158,30,1155.0,0.05766610550922993,52,2367.0
2235.0,48,509.0,4.669724770642202,3.024074238328695,6,376.0,0.17340817511112105,17,856.0,0.20549597890867358,25,1067.0,0.07311706268754255,48,2299.0
2240.0,51,554.0,4.990990990990991,3.2788022532002223,7,394.0,0.17396666913939673,21,955.0,0.20162337743581185,23,1119.0,0.1184371205454475,51,2468.0
2245.0,59,649.0,5.594827586206897,3.159663047219129,12,436.0,0.07494379145810084,25,1068.0,0.1632185545350164,22,1223.0,0.0760383728574046,59,2727.0
2250.0,47,526.0,4.91588785046729,2.447097793138764,7,417.0,0.14378351449110252,21,1061.0,0.13122325750267763,19,1315.0,0.10495060813736096,47,2793.0
2255.0,43,473.0,4.504761904761905,2.76489864512122,3,342.0,0.24402594799360838,18,835.0,0.17223134274792057,22,1419.0,0.13007448504241653,43,2596.0
2260.0,42,515.0,4.557522123893805,2.4093252787113224,3,358.0,0.22496484138897202,14,904.0,0.14353159502116528,25,1534.0,0.07126273219086382,42,2796.0
2265.0,48,491.0,4.161016949152542,3.0075882961072278,6,380.0,0.23287149022988526,15,969.0,0.1737010737462821,27,1525.0,0.08564309918854181,48,2874.0
2270.0,46,391.0,3.2857142857142856,2.94126412790383,9,411.0,0.09064606602142196,13,1042.0,0.23783274702607396,24,1367.0,0.0677729854538302,46,2820.0
2275.0,45,420.0,3.6842105263157894,4.018530512759632,12,411.0,0.11111962084232693,14,1111.0,0.2623432180270334,19,1118.0,0.14863352402231333,45,2640.0
2280.0,45,408.0,3.743119266055046,3.3625531876947576,11,415.0,0.08404204339287095,19,1196.0,0.20773220185274865,15,1181.0,0.16394314448812883,45,2792.0
2285.0,45,356.0,3.150442477876106,3.018127879081154,13,378.0,0.13634504950931361,20,1153.0,0.09316112983724427,12,1246.0,0.17773502239458294,45,2777.0
2290.0,31,194.0,1.7962962962962963,3.308604976169698,8,396.0,0.20580878469770741,15,950.0,0.16010658158241234,8,1170.0,0.2326910418742889,31,2516.0
2295.0,31,172.0,1.5221238938053097,4.005779969156027,11,429.0,0.21226514407769703,14,912.0,0.2593790544304974,6,949.0,0.2084292702735352,31,2290.0
2300.0,30,188.0,1.6491228070175439,5.035099689393455,12,482.0,0.2361981442404659,14,980.0,0.2673815133504505,4,667.0,0.2528853737261187,30,2129.0
2305.0,35,248.0,2.1379310344827585,4.618551159589819,16,542.0,0.09578274490377536,15,1053.0,0.24841966938378507,4,458.0,0.2448817623065547,35,2053.0
2310.0,33,287.0,2.5398230088495577,4.856822560576918,16,609.0,0.12171050751512977,13,992.0,0.22843623034221222,4,306.0,0.4183501518514223,33,1907.0
2315.0,37,379.0,3.4144144144144146,4.760089176682757,18,695.0,0.12513073707501926,15,810.0,0.18099127540500198,4,175.0,0.5277965394683289,37,1680.0
2320.0,37,478.0,4.192982456140351,4.076931643551351,21,798.0,0.11261960324602345,10,779.0,0.16969540853246853,6,128.0,0.4986608074218438,37,1705.0
2325.0,41,528.0,4.672566371681416,4.018535110657802,26,917.0,0.14998634475349965,13,811.0,0.1637811231961578,2,92.0,0.5015710963108727,41,1820.0
2330.0,46,597.0,5.283185840707965,3.6400445933491943,24,957.0,0.05441686317900385,18,880.0,0.16280325882859523,4,53.0,0.28056514784793807,46,1890.0
2335.0,47,562.0,5.155963302752293,3.601968821126383,20,909.0,0.11259954970331043,18,854.0,0.15744823900266314,9,86.0,0.19173698485164958,47,1849.0
2340.0,43,467.0,4.533980582524272,3.024209031011365,15,789.0,0.17079730595123863,22,760.0,0.1344733602721785,6,96.0,0.2871295877861972,43,1645.0
2345.0,31,310.0,2.8440366972477062,3.8072475570618787,10,830.0,0.2610830125192562,17,767.0,0.1368093094791289,4,57.0,0.45476793250894865,31,1654.0
2350.0,25,220.0,1.981981981981982,4.308225137452863,8,873.0,0.24402976121381428,15,812.0,0.13875526742816802,2,52.0,0.4987173080679255,25,1737.0
2355.0,33,176.0,1.5172413793103448,4.001268734507835,8,912.0,0.13567776360721376,19,871.0,0.14879211110967527,6,75.0,0.23286336720319936,33,1858.0
2360.0,35,198.0,1.8679245283018868,3.3977426008714033,7,869.0,0.21919953818167556,17,839.0,0.13579171639796161,11,119.0,0.21476081072621364,35,1827.0
2365.0,40,157.0,1.4952380952380953,2.5552248920019847,9,749.0,0.21748074084753227,19,723.0,0.13628877706457299,12,138.0,0.17010353313625937,40,1610.0
2370.0,36,175.0,1.5625,4.161870662457852,7,777.0,0.298907667494929,21,559.0,0.15386482474689817,8,120.0,0.3971277142088392,36,1456.0
2375.0,37,238.0,2.016949152542373,4.622733163842566,7,814.0,0.28368235178878237,24,491.0,0.1609931754900973,6,123.0,0.4097841114418616,37,1428.0
2380.0,36,292.0,2.3934426229508197,4.44712628421273,10,786.0,0.24315645524965213,22,479.0,0.2028490099652817,4,122.0,0.3826261014503152,36,1387.0
2385.0,33,262.0,2.2016806722689077,4.782259881088538,4,621.0,0.2974326684637744,19,487.0,0.2799628969073843,10,152.0,0.29737392319818906,33,1260.0
2390.0,27,156.0,1.2892561983471074,4.164332340311247,3,634.0,0.21241316308448668,14,479.0,0.2826737750101971,10,171.0,0.13840907803740665,27,1284.0
2395.0,28,134.0,1.1355932203389831,4.214569922693853,8,663.0,0.16801082826883665,12,427.0,0.2424126900564111,8,162.0,0.19324132863066085,28,1252.0
2400.0,34,193.0,1.6929824561403508,3.554855094389779,9,633.0,0.09438596780320306,19,445.0,0.21211877938485588,6,151.0,0.20892135885290616,34,1229.0
2405.0,41,311.0,2.6810344827586206,4.2130950360165,5,526.0,0.1961924369172511,27,488.0,0.18545484374616558,9,190.0,0.15541897631266458,41,1204.0
2410.0,35,291.0,2.669724770642202,3.4704916229556857,3,474.0,0.21907449532528617,25,545.0,0.10362823051495955,7,196.0,0.1581440738403743,35,1215.0
2415.0,32,235.0,2.1171171171171173,3.509082001288332,7,506.0,0.16378933403002716,22,501.0,0.14390717611368986,3,159.0,0.24795366782948902,32,1166.0
2420.0,22,149.0,1.3545454545454545,4.256249891689237,4,467.0,0.2953236637001724,15,435.0,0.20522804277344642,3,162.0,0.3130026440294811,22,1064.0
2425.0,30,156.0,1.3220338983050848,4.408524300520482,5,330.0,0.27885179760552414,14,380.0,0.2651136675268087,11,195.0,0.2191746039559328,30,905.0
2430.0,26,160.0,1.3559322033898304,4.06710954560423,2,168.0,0.34293775706893914,10,375.0,0.25813168606206227,14,255.0,0.18611614723886935,26,798.0
2435.0,25,130.0,1.0743801652892562,3.5747509346899564,2,158.0,0.2609724838322202,9,349.0,0.21773055638472436,14,273.0,0.11069873269912744,25,780.0
2440.0,32,162.0,1.296,4.072288872414202,7,179.0,0.16497987280440543,13,365.0,0.2399947603591781,12,209.0,0.10968103595437069,32,753.0
2445.0,43,278.0,2.396551724137931,3.9186857757381195,13,232.0,0.14980953651828585,21,439.0,0.19991094533673248,9,244.0,0.15896772646855462,43,915.0
2450.0,48,396.0,3.504424778761062,2.783109588889294,12,229.0,0.10985033707927196,25,547.0,0.06725845978098431,11,294.0,0.09265135372322106,48,1070.0
2455.0,48,491.0,4.588785046728972,3.213331837821372,6,151.0,0.21971456492330244,29,688.0,0.1252371799334102,13,298.0,0.12905919176623776,48,1137.0
2460.0,40,600.0,5.825242718446602,3.074103799385537,6,164.0,0.14019377856424084,29,835.0,0.1495761686942252,5,218.0,0.15466541352034055,40,1217.0
2465.0,41,564.0,5.081081081081081,3.6777876546372195,12,208.0,0.10704656224115722,27,867.0,0.10776452289547178,2,172.0,0.30880546370512124,41,1247.0
2470.0,38,433.0,3.9363636363636365,3.369977709529385,14,274.0,0.16095392551923993,21,786.0,0.13709602164311668,3,169.0,0.2922897997357647,38,1229.0
2475.0,38,386.0,3.415929203539823,3.570652090813629,15,344.0,0.14215677133170582,16,824.0,0.16327787112741785,7,195.0,0.2565591928392033,38,1363.0
2480.0,45,404.0,3.607142857142857,3.301525496139207,19,429.0,0.1487968720354913,15,895.0,0.1868035440022241,11,243.0,0.22189291708586606,45,1567.0
2485.0,46,315.0,2.7876106194690267,2.0688480414724166,21,452.0,0.03205013758503346,12,855.0,0.167684300104037,13,252.0,0.0882541350133183,46,1559.0
2490.0,33,213.0,1.8849557522123894,3.2891188540916003,15,393.0,0.19484073124029375,10,718.0,0.19211935722227563,8,208.0,0.2472215006462981,33,1319.0
2495.0,35,246.0,2.0672268907563027,4.143628602343995,15,324.0,0.23756791944223482,11,517.0,0.25807052580804996,9,239.0,0.2393327784929717,35,1080.0
2500.0,33,271.0,2.1507936507936507,4.467423029070215,12,371.0,0.3304848482891198,10,366.0,0.25319884602544934,11,290.0,0.19970808916625638,33,1027.0
2505.0,38,243.0,1.9285714285714286,4.001548542595511,10,420.0,0.2852673869411706,10,377.0,0.24079232330924719,18,369.0,0.15596723662556541,38,1166.0
2510.0,40,164.0,1.3225806451612903,2.920637860010373,10,420.0,0.1447153841878992,12,354.0,0.23030638728305988,18,393.0,0.06779589167416174,40,1167.0
2515.0,28,157.0,1.3083333333333333,4.123489537241889,4,371.0,0.23871155678339231,11,356.0,0.24002052660173986,13,356.0,0.1490687879997462,28,1083.0
2520.0,32,215.0,1.853448275862069,4.7106646702250945,4,298.0,0.26159951789030783,20,422.0,0.2899089561959475,8,379.0,0.11898831771014809,32,1099.0
2525.0,38,311.0,2.6134453781512605,4.0355404938995845,1,257.0,0.23987206083970944,25,529.0,0.11632051894500887,12,431.0,0.11885069839969271,38,1217.0
2530.0,45,460.0,4.1441441441441444,3.4178340450287195,6,273.0,0.23170723368389445,29,666.0,0.049592179795378374,10,431.0,0.10769882517699861,45,1370.0
2535.0,43,465.0,4.514563106796117,2.908647580816512,10,317.0,0.15533364267129707,27,701.0,0.10974662901683471,6,368.0,0.1395988026372443,43,1386.0
2540.0,35,406.0,3.9038461538461537,3.473487820839052,12,373.0,0.24416084715012717,19,611.0,0.16518869221542745,4,381.0,0.2605348781287258,35,1365.0
2545.0,40,264.0,2.357142857142857,3.6563255467252316,13,376.0,0.2645694258403544,15,475.0,0.20892292747058736,12,415.0,0.17181937087036056,40,1266.0
2550.0,28,153.0,1.3660714285714286,4.469520145522007,11,307.0,0.30913486680704255,8,370.0,0.33831500767388123,9,400.0,0.22917835310243154,28,1077.0
2555.0,19,81.0,0.6923076923076923,4.562481766532608,8,260.0,0.26885140732609564,6,362.0,0.3350736023746601,5,315.0,0.22206197882135095,19,937.0
2560.0,20,65.0,0.5118110236220472,4.679944538756648,8,245.0,0.21027115875667524,8,357.0,0.2901572637649246,4,204.0,0.19690171104473397,20,806.0
2565.0,27,134.0,1.0806451612903225,5.2401504172034254,11,291.0,0.15587968361831359,14,392.0,0.2726190836562933,2,159.0,0.3193993162099845,27,842.0
2570.0,31,206.0,1.7457627118644068,4.315014622730295,11,312.0,0.11631252290227996,20,476.0,0.18153887873017505,0,125.0,0.31122937562902425,31,913.0
2575.0,39,318.0,2.890909090909091,4.255754634828153,5,258.0,0.2322809122967735,28,596.0,0.15723393502490307,6,144.0,0.24513585492249948,39,998.0
2580.0,43,378.0,3.532710280373832,4.081786182713879,4,165.0,0.24422888601028342,27,641.0,0.1476074927335187,12,190.0,0.1486993584634894,43,996.0
2585.0,34,275.0,2.5700934579439254,3.830527246270925,2,155.0,0.30351336438980836,22,587.0,0.11360050964788657,10,212.0,0.22768086869305112,34,954.0
2590.0,29,185.0,1.7289719626168225,4.420856006164081,5,171.0,0.32066334557993764,18,628.0,0.19284124885818485,6,162.0,0.30256546360192305,29,961.0
2595.0,27,116.0,1.045045045045045,4.121312546664299,5,146.0,0.26585288611041286,16,691.0,0.16915730770180962,6,188.0,0.2123464184614346,27,1025.0
2600.0,28,140.0,1.2612612612612613,4.502599292163758,4,107.0,0.3315074554224515,14,761.0,0.1960219031780187,10,229.0,0.14763528793240296,28,1097.0
2605.0,32,123.0,1.1081081081081081,2.7905038818125516,6,111.0,0.16165682046541513,16,735.0,0.11130105306332076,10,236.0,0.09121721933152235,32,1082.0
2610.0,28,110.0,0.990990990990991,3.8285770481152746,6,134.0,0.2629406317845169,16,626.0,0.17368626695147796,6,178.0,0.26200820380467943,28,938.0
2615.0,21,61.0,0.5446428571428571,3.6835154578146785,4,126.0,0.30444882548425556,13,595.0,0.15744614537964952,4,159.0,0.25424461852042196,21,880.0
2620.0,24,79.0,0.6638655462184874,4.137176670628594,5,96.0,0.2686617042278502,13,634.0,0.18640663059048665,6,184.0,0.1790882433854052,24,914.0
2625.0,25,107.0,0.9145299145299145,4.093877798740308,3,100.0,0.23594991215317132,17,705.0,0.17540778422916817,5,166.0,0.16184740593412092,25,971.0
2630.0,29,198.0,1.736842105263158,3.7771381543821065,7,125.0,0.0961444918019608,20,800.0,0.14941902080923306,2,110.0,0.16683313358759275,29,1035.0
2635.0,29,215.0,1.9724770642201834,3.8230033980388645,5,124.0,0.17088414087204004,22,798.0,0.08938463632481153,2,64.0,0.26416264041932624,29,986.0
2640.0,26,162.0,1.542857142857143,3.530274312976537,3,96.0,0.23386066779093662,20,719.0,0.12333415791846017,3,64.0,0.26983651387260366,26,879.0
2645.0,29,175.0,1.5909090909090908,4.276567827698751,4,89.0,0.315124929817188,19,571.0,0.1877762038454364,6,90.0,0.27803813314439757,29,750.0
2650.0,28,190.0,1.6814159292035398,4.647213168077625,3,103.0,0.3711737941794188,16,469.0,0.2261075901730009,9,128.0,0.3275898430286088,28,700.0
2655.0,29,154.0,1.3162393162393162,3.731620714435966,8,128.0,0.2346612176432733,12,494.0,0.2352751628711944,9,131.0,0.2584107088708689,29,753.0
2660.0,30,202.0,1.6974789915966386,4.489846778609667,8,136.0,0.25817638361586037,6,507.0,0.27609906617565205,16,167.0,0.1814671080153894,30,810.0
2665.0,35,191.0,1.5916666666666666,3.6147478048490305,9,142.0,0.17565092179202568,10,484.0,0.23868882888605353,16,207.0,0.07524030403649345,35,833.0
2670.0,35,184.0,1.5206611570247934,3.4880390934354533,10,181.0,0.1968860068691553,12,418.0,0.184766708281531,13,218.0,0.19063260049795203,35,817.0
2675.0,36,172.0,1.3870967741935485,3.4105861780378013,13,236.0,0.19637888679849524,9,392.0,0.14413882127114297,14,266.0,0.20595320867031047,36,894.0
2680.0,37,174.0,1.3700787401574803,3.187805478450486,10,247.0,0.12943929484643077,9,397.0,0.14643595797458955,18,342.0,0.11671555775069054,37,986.0
2685.0,37,224.0,1.8983050847457628,3.575269367225454,6,224.0,0.18604701248809843,12,418.0,0.2087529851771789,19,436.0,0.09545466133358634,37,1078.0
2690.0,43,277.0,2.3675213675213675,2.531407367707975,6,249.0,0.10163940272440554,16,420.0,0.13254215259393867,21,537.0,0.04617812396110678,43,1206.0
2695.0,43,273.0,2.373913043478261,2.775918871448332,7,283.0,0.20560936607199334,18,359.0,0.09559708768727573,18,572.0,0.1621402254955329,43,1214.0
2700.0,35,219.0,1.9043478260869566,3.5310702974459214,5,275.0,0.24174953415889838,20,335.0,0.19717595086769074,10,517.0,0.20465579934163902,35,1127.0
2705.0,33,228.0,1.8688524590163935,4.105494654631122,6,235.0,0.3217288644933699,18,330.0,0.2552486920891844,9,541.0,0.1818753518736168,33,1106.0
2710.0,43,346.0,2.813008130081301,4.3136965739495725,5,189.0,0.35673486764369516,23,343.0,0.24693734947052376,15,604.0,0.16995415776835834,43,1136.0
2715.0,41,336.0,2.731707317073171,3.6032944534513858,6,172.0,0.322467209942916,22,403.0,0.22223450051073526,13,613.0,0.10995660084994514,41,1188.0
2720.0,24,159.0,1.325,4.293041125493826,2,156.0,0.3205629193260837,16,371.0,0.22973593042949203,6,532.0,0.18621706120095494,24,1059.0
2725.0,19,54.0,0.4426229508196721,4.49127932113041,10,173.0,0.1608666359918777,6,368.0,0.26164045019860305,3,388.0,0.16910668058525363,19,929.0
2730.0,17,52.0,0.4406779661016949,4.277167666807864,7,187.0,0.2868364385858151,7,341.0,0.214908981173502,3,399.0,0.24662957999645346,17,927.0
2735.0,24,105.0,0.9051724137931034,4.463093483495207,3,152.0,0.36386475092841963,15,354.0,0.22158464847803847,6,423.0,0.16414524203474318,24,929.0
2740.0,31,184.0,1.546218487394958,4.410714131072215,5,98.0,0.360205701481087,19,427.0,0.23739822575345304,7,410.0,0.16569337568761316,31,935.0
2745.0,33,288.0,2.4615384615384617,4.860892123134221,5,72.0,0.4406136451428569,24,542.0,0.23781473385675414,4,343.0,0.23000302572571793,33,957.0
2750.0,24,252.0,2.1,4.602808011546244,2,66.0,0.38497015295038123,20,564.0,0.23530376766311292,2,239.0,0.1971327850226844,24,869.0
2755.0,24,175.0,1.4462809917355373,4.83368385147904,8,92.0,0.2836655072186009,14,485.0,0.2524697062088095,2,239.0,0.22109874999580562,24,816.0
2760.0,27,137.0,1.2017543859649122,4.184417049826206,13,146.0,0.16706090334397966,8,483.0,0.19947009479030664,6,259.0,0.15104577014982462,27,888.0
2765.0,30,142.0,1.3027522935779816,3.4254787233330304,13,179.0,0.2158783096099805,11,502.0,0.14551157622533634,6,247.0,0.20787706640614456,30,928.0
2770.0,21,67.0,0.6090909090909091,3.9686470270096814,8,159.0,0.26603584577986766,10,467.0,0.22156328765372646,3,188.0,0.2536095888132902,21,814.0
2775.0,16,43.0,0.3644067796610169,4.529020143687568,6,112.0,0.20949615653671141,8,345.0,0.29886684107502304,2,163.0,0.18416229876194778,16,620.0
2780.0,18,82.0,0.7008547008547008,5.179989966780256,4,130.0,0.29769488080551376,8,229.0,0.3410848638384163,6,186.0,0.17990833039641807,18,545.0
2785.0,33,141.0,1.236842105263158,3.6880122593385303,10,162.0,0.14067834599376852,8,218.0,0.24544836105110918,15,239.0,0.1089399423309736,33,619.0
2790.0,42,220.0,2.05607476635514,3.003533242078733,14,220.0,0.21554700972338936,14,242.0,0.11787283575008825,14,259.0,0.17559313539272098,42,721.0
2795.0,40,238.0,2.2037037037037037,3.207792018557154,14,247.0,0.22889505303970523,16,277.0,0.20819449969108003,10,215.0,0.19267360073153866,40,739.0
2800.0,39,172.0,1.4453781512605042,3.3319664046063306,11,203.0,0.2010552087753436,13,275.0,0.2843977221042918,15,275.0,0.11490093839544858,39,753.0
2805.0,35,153.0,1.2439024390243902,4.355047179691713,7,170.0,0.27412922910855847,10,201.0,0.28849139853868105,18,357.0,0.11684178240361141,35,728.0
2810.0,29,118.0,0.9833333333333333,3.7136671222358113,8,135.0,0.29167633301017654,7,217.0,0.22456373788757678,14,370.0,0.08812140385418817,29,722.0
2815.0,28,99.0,0.8389830508474576,4.175662763955264,4,135.0,0.37969983076731645,12,230.0,0.20501055673778681,12,310.0,0.17755153236459847,28,675.0
2820.0,28,116.0,0.9586776859504132,4.24258965801366,8,159.0,0.26993310665950554,13,233.0,0.20942013762549883,7,262.0,0.1618262712750456,28,654.0
2825.0,23,102.0,0.8360655737704918,4.86575166839435,7,164.0,0.23480356293085325,8,205.0,0.2839683465228431,8,232.0,0.22327659776163333,23,601.0
2830.0,16,106.0,0.9298245614035088,5.788141176577023,3,128.0,0.2684094266116936,8,172.0,0.33907169490760497,5,199.0,0.3399793180165034,16,499.0
2835.0,26,189.0,1.6293103448275863,5.737751071430061,5,137.0,0.17436158292893678,15,180.0,0.2757378651457068,6,164.0,0.41697635717455345,26,481.0
2840.0,36,336.0,3.027027027027027,5.597026854693541,8,169.0,0.18254821997128254,22,258.0,0.20735053271967951,6,161.0,0.5241685538876055,36,588.0
2845.0,44,427.0,3.881818181818182,4.472950313152441,14,224.0,0.09445121718175402,20,309.0,0.1200646431436415,10,165.0,0.4174254407842755,44,698.0
2850.0,37,308.0,2.9615384615384617,4.021401171605222,15,293.0,0.1945145155415477,18,307.0,0.1456924380389948,4,124.0,0.36042612014803094,37,724.0
2855.0,36,356.0,3.4563106796116503,4.1502206052374175,18,377.0,0.1789040997322843,11,348.0,0.17702370130701015,7,63.0,0.3330827997886363,36,788.0
2860.0,32,245.0,2.289719626168224,3.7935190932763323,15,393.0,0.12040024320220075,11,401.0,0.1944897437076635,6,60.0,0.19720916422123383,32,854.0
2865.0,31,237.0,2.393939393939394,4.542422470177179,13,333.0,0.15991189155716207,15,469.0,0.27717335012985056,3,46.0,0.33260456728160553,31,848.0
2870.0,36,295.0,2.892156862745098,4.105084853937689,11,272.0,0.14366338957102215,22,568.0,0.15317480487042295,3,29.0,0.26820876037519437,36,869.0
2875.0,45,442.0,4.376237623762377,4.356287957601172,11,248.0,0.22060302548558486,29,698.0,0.1028898401539232,5,48.0,0.3281153418488821,45,994.0
2880.0,41,446.0,4.597938144329897,3.7043645117765123,5,273.0,0.2433150094049183,28,758.0,0.07785536128431858,8,81.0,0.17085040191437545,41,1112.0
2885.0,38,323.0,3.329896907216495,4.29615434456363,5,300.0,0.33713020053790826,26,741.0,0.13847012897260805,7,91.0,0.3432653881425988,38,1132.0
2890.0,35,281.0,2.957894736842105,4.868027181223603,7,327.0,0.4160999494951578,24,650.0,0.18779285072627422,4,73.0,0.4475300696535983,35,1050.0
2895.0,28,209.0,2.029126213592233,4.954381297620039,7,330.0,0.37296585302006047,18,575.0,0.2012167937778493,3,60.0,0.4581165730588389,28,965.0
2900.0,25,116.0,1.0841121495327102,4.918666076864947,7,325.0,0.3608805206315108,13,600.0,0.21869013302888743,5,73.0,0.4606396971294936,25,998.0
2905.0,25,65.0,0.5555555555555556,4.382333214043938,6,319.0,0.20317928347129022,10,602.0,0.23507438840038214,9,80.0,0.2435636568427559,25,1001.0
2910.0,27,116.0,0.9666666666666667,4.097643604661795,6,340.0,0.15433427050594548,7,558.0,0.21296961903151188,14,131.0,0.15930513647408479,27,1029.0
2915.0,39,234.0,2.108108108108108,3.1796734524207793,9,384.0,0.14799518945872528,12,452.0,0.14274717229071004,18,214.0,0.19068039771646259,39,1050.0
2920.0,46,390.0,3.4210526315789473,3.1112513516046088,7,385.0,0.23450026126615367,17,379.0,0.12799454302020943,22,317.0,0.19770521840692395,46,1081.0
2925.0,40,360.0,3.185840707964602,3.592365741687029,5,324.0,0.3271078310980165,17,403.0,0.18757518711472781,18,365.0,0.21335924452011382,40,1092.0
2930.0,33,241.0,2.0083333333333333,3.581532663782143,5,346.0,0.17868130270564364,16,425.0,0.18870819225747318,12,321.0,0.11212547239705958,33,1092.0
2935.0,35,248.0,2.0840336134453783,4.6041136689163435,10,391.0,0.12911251650746763,14,432.0,0.2213564881160044,11,259.0,0.21834961034272862,35,1082.0
2940.0,40,228.0,2.017699115044248,3.5325479456886146,15,450.0,0.05146685561223547,17,448.0,0.16676905141034204,8,286.0,0.18853716946262813,40,1184.0
2945.0,46,285.0,2.590909090909091,2.9462497016422846,17,527.0,0.12773540102349276,18,415.0,0.09272945403246548,11,339.0,0.1978010881468416,46,1281.0
2950.0,45,382.0,3.537037037037037,3.417179242440383,20,621.0,0.20316266885644332,18,356.0,0.1582292606859182,7,340.0,0.2908618497443297,45,1317.0
2955.0,35,292.0,2.5172413793103448,3.3501777942031192,18,633.0,0.12483011941028069,12,373.0,0.21102562255548754,5,285.0,0.27560332323054193,35,1291.0
2960.0,36,196.0,1.6333333333333333,3.695708281082297,15,562.0,0.14521010819561417,15,351.0,0.20867269512166658,6,297.0,0.206649219989875,36,1210.0
2965.0,37,194.0,1.6166666666666667,3.4391230438025473,16,606.0,0.09466760903048835,9,304.0,0.2080097236002582,12,340.0,0.0959779056731532,37,1250.0
2970.0,44,273.0,2.373913043478261,3.00187012751145,18,692.0,0.16576031229157087,10,273.0,0.15078675599277716,16,409.0,0.14620259766364915,44,1374.0
2975.0,52,394.0,3.456140350877193,2.3860295969428704,21,787.0,0.15600212747795633,12,276.0,0.12152056227702758,19,500.0,0.11697816792328768,52,1563.0
2980.0,55,533.0,4.516949152542373,1.9947871445837448,21,890.0,0.057167954194236224,11,239.0,0.09333989368733302,23,607.0,0.056453533286401326,55,1736.0
2985.0,58,562.0,5.017857142857143,2.4277026904727523,20,891.0,0.10187932797313673,15,259.0,0.13859041565117342,23,653.0,0.08390404374588263,58,1803.0
2990.0,52,501.0,4.318965517241379,3.571700921612032,16,785.0,0.08545980510607992,16,314.0,0.345882570859079,20,598.0,0.0918493264125366,52,1697.0
2995.0,40,349.0,3.088495575221239,3.697849026805588,11,779.0,0.14128523104528448,13,309.0,0.2925555614518701,16,631.0,0.14299124618845405,40,1719.0
3000.0,43,258.0,2.324324324324324,3.7273021856848136,17,854.0,0.13701113877811572,8,235.0,0.22844120056074138,18,716.0,0.13280168729013567,43,1805.0
3005.0,33,172.0,1.5495495495495495,3.252511950418465,12,839.0,0.1788997822412607,8,225.0,0.19146043019042028,13,708.0,0.17172737581962785,33,1772.0
3010.0,15,63.0,0.5887850467289719,4.380032039172735,3,707.0,0.20737652192772865,8,227.0,0.31995448553217154,4,591.0,0.21354185722094024,15,1525.0
3015.0,9,29.0,0.2543859649122807,4.929888694447171,0,500.0,0.21627139336833745,7,193.0,0.3330851593028258,2,525.0,0.1828025369239592,9,1218.0
3020.0,20,49.0,0.4298245614035088,4.451714031406304,2,504.0,0.3268024811864727,9,135.0,0.20277518976786002,9,549.0,0.2329740662513106,20,1188.0
3025.0,38,165.0,1.4224137931034482,3.99145262450272,10,528.0,0.24605716762862437,13,102.0,0.17887403973537963,15,601.0,0.17936192650338398,38,1231.0
3030.0,32,158.0,1.3859649122807018,3.2416338388596087,6,496.0,0.23574052486944583,13,133.0,0.17646966601789246,13,578.0,0.18066329280084062,32,1207.0
3035.0,26,84.0,0.7433628318584071,3.698663191967831,5,399.0,0.2030950618189859,13,155.0,0.2093604491218929,8,461.0,0.18180106018630712,26,1015.0
3040.0,29,123.0,1.0336134453781514,4.590353501129998,4,282.0,0.2500889980903405,14,180.0,0.298910230008351,11,507.0,0.11806147249714997,29,969.0
3045.0,28,138.0,1.1596638655462186,4.688823397444561,4,187.0,0.3400185438776347,12,202.0,0.24510849297939888,12,559.0,0.13112669939397964,28,948.0
3050.0,23,83.0,0.7217391304347827,3.4614327219599406,1,173.0,0.3002709474581628,11,196.0,0.14380603503877493,11,532.0,0.1265834434643386,23,901.0
3055.0,27,82.0,0.7192982456140351,4.2522427087569445,7,197.0,0.3308643174511656,12,219.0,0.17853076101820425,8,412.0,0.2252205405400659,27,828.0
3060.0,23,114.0,1.008849557522124,4.473931168930091,9,237.0,0.2310902371636775,10,220.0,0.23120817073249725,4,292.0,0.20422307647320126,23,749.0
3065.0,26,83.0,0.7094017094017094,3.9879406755824314,11,227.0,0.17454331860009617,11,229.0,0.17449256488018047,4,284.0,0.26358889924854184,26,740.0
3070.0,25,94.0,0.831858407079646,4.09808925538562,5,148.0,0.336017150218466,12,205.0,0.15341531053489102,8,308.0,0.25929596794510706,25,661.0
3075.0,33,145.0,1.2393162393162394,3.7479636417857756,6,78.0,0.27082011791008836,13,236.0,0.15168776607382423,14,364.0,0.17918495640102683,33,678.0
3080.0,34,150.0,1.3157894736842106,3.811740300836532,4,94.0,0.3122094291894734,17,244.0,0.1288558226062586,13,373.0,0.17588282284906787,34,711.0
3085.0,27,94.0,0.8103448275862069,3.8342423091151727,7,118.0,0.12203688545117912,10,252.0,0.1858850240284116,10,277.0,0.18066651454304236,27,647.0
3090.0,23,72.0,0.6486486486486487,4.20386760855308,4,113.0,0.24046775297106093,11,236.0,0.21538053453209524,8,202.0,0.2906271166358586,23,551.0
3095.0,21,70.0,0.6306306306306306,4.537340524367572,2,80.0,0.3319798395057164,12,266.0,0.2091406284340737,7,126.0,0.33598971004554784,21,472.0
3100.0,25,102.0,0.8571428571428571,4.900885579025218,4,69.0,0.3002660869732601,13,262.0,0.2082306912646007,8,111.0,0.3443183481763203,25,442.0
3105.0,16,54.0,0.46551724137931033,4.391215507533971,2,68.0,0.26286375891041475,11,260.0,0.14799401587520866,3,108.0,0.36300207788037125,16,436.0
3110.0,32,99.0,0.853448275862069,4.02430459400725,7,93.0,0.20653283795377056,17,247.0,0.12475316906556161,8,121.0,0.31638557715231874,32,461.0
3115.0,32,178.0,1.6481481481481481,4.132804577498102,10,138.0,0.2879013945939292,17,251.0,0.12638522704200933,5,125.0,0.39996341305186983,32,514.0
3120.0,35,284.0,2.704761904761905,4.288405636400951,13,198.0,0.25272787861611207,18,297.0,0.20083455987853535,4,81.0,0.4185063997583099,35,576.0
3125.0,32,232.0,2.0530973451327434,4.455655545390013,13,215.0,0.20692830839362145,15,319.0,0.2177572070615393,4,63.0,0.43345472022639436,32,597.0
3130.0,23,129.0,1.131578947368421,4.708497686775762,9,185.0,0.17384683089011815,12,283.0,0.24842583275129343,2,63.0,0.38406253321402245,23,531.0
3135.0,33,161.0,1.376068376068376,4.220267583188609,11,231.0,0.10004744263498903,15,238.0,0.2345152858020322,7,88.0,0.1915511792323691,33,557.0
3140.0,44,258.0,2.388888888888889,3.1183064953261983,16,298.0,0.11935676568642467,14,278.0,0.14082904539376254,14,145.0,0.1716944852074405,44,721.0
3145.0,59,369.0,3.5142857142857142,2.1472188166050987,22,394.0,0.09304893774496897,17,274.0,0.07833606213040856,20,231.0,0.1425709637987109,59,899.0
3150.0,45,411.0,3.951923076923077,2.6905804573610115,14,425.0,0.1709452969736107,9,301.0,0.1498302880962209,22,329.0,0.1905589281308805,45,1055.0
3155.0,41,454.0,4.365384615384615,3.2111525634995988,9,362.0,0.14269053276036084,8,294.0,0.19310038075532795,24,443.0,0.10018469376328315,41,1099.0
3160.0,44,576.0,5.284403669724771,2.908126884489955,5,393.0,0.13429227170983038,10,300.0,0.17338740702090805,29,576.0,0.060727978706348044,44,1269.0
3165.0,52,738.0,6.897196261682243,2.799502804593851,12,443.0,0.18499062098845348,8,244.0,0.1389449207462448,32,731.0,0.11606795475114268,52,1418.0
3170.0,52,918.0,8.422018348623853,2.7244463907869947,13,449.0,0.18081416552609023,5,200.0,0.25987201136707677,34,896.0,0.10091190069636131,52,1545.0
3175.0,52,1118.0,10.256880733944953,3.618921097511879,7,397.0,0.2567337959356082,6,167.0,0.42994755824588554,39,1078.0,0.10325622176706353,52,1642.0
3180.0,54,1336.0,12.37037037037037,2.843170402843148,4,353.0,0.23330883085930468,8,182.0,0.33818703942506473,42,1282.0,0.04183723275518125,54,1817.0
3185.0,56,1296.0,11.269565217391305,2.749952396338227,7,382.0,0.16303685414575694,9,210.0,0.24277025550564937,40,1374.0,0.05758529286245463,56,1966.0
3190.0,54,1082.0,9.926605504587156,2.7505579940974534,12,432.0,0.14135687733714575,10,258.0,0.2726651070553878,32,1327.0,0.09553508550677477,54,2017.0
3195.0,57,1017.0,9.080357142857142,2.642702741600273,19,514.0,0.08102780302686778,12,313.0,0.24552080956378278,26,1146.0,0.11315737581265414,57,1973.0
3200.0,46,701.0,6.315315315315315,3.6766924047395295,20,539.0,0.10174432768032624,8,284.0,0.33855486611080915,18,1054.0,0.2421049990814677,46,1877.0
3205.0,38,338.0,2.888888888888889,4.066529460322356,20,463.0,0.08041233880425254,6,141.0,0.3394100205053485,12,1067.0,0.20518078922474278,38,1671.0
3210.0,29,212.0,1.8928571428571428,5.501979171897553,14,425.0,0.17367079133276495,5,101.0,0.535454315064321,10,1116.0,0.23986342283568948,29,1642.0
3215.0,27,139.0,1.3627450980392157,4.18056697342457,7,417.0,0.19931884228059824,4,90.0,0.3478525121697717,16,1177.0,0.1953606209346967,27,1684.0
3220.0,35,253.0,2.4326923076923075,3.923405103892459,11,468.0,0.21282568834700646,4,74.0,0.3201044928413438,20,1268.0,0.1519204887603728,35,1810.0
3225.0,41,360.0,3.6363636363636362,2.7894421792390434,10,462.0,0.21692280030132913,4,55.0,0.22016623054281256,27,1391.0,0.09152589389839826,41,1908.0
3230.0,45,365.0,3.5096153846153846,2.6494317215655863,5,358.0,0.19265954748458286,9,49.0,0.21590403925176826,31,1402.0,0.04562352678544175,45,1809.0
3235.0,40,355.0,3.4134615384615383,4.499306809952954,4,251.0,0.28137938395370493,11,101.0,0.4186333872859197,25,1289.0,0.11128628727249437,40,1641.0
3240.0,33,352.0,3.4174757281553396,4.459400881504081,3,243.0,0.2334354589878339,11,156.0,0.35107598111261684,19,1062.0,0.12522253644829628,33,1461.0
3245.0,32,279.0,2.607476635514019,4.854124720589063,9,275.0,0.16923426664480198,8,164.0,0.3156908517483086,15,912.0,0.21605861755296965,32,1351.0
3250.0,23,181.0,1.81,5.268389763308981,9,268.0,0.23176483486440497,4,114.0,0.3410388945510963,10,687.0,0.326487567469087,23,1069.0
3255.0,15,128.0,1.2549019607843137,5.393686862717799,5,192.0,0.24532354818643237,2,128.0,0.3162281892125723,8,551.0,0.3802043196811472,15,871.0
3260.0,13,52.0,0.5148514851485149,5.981705130614821,3,104.0,0.35647012409221396,8,155.0,0.2585153478282919,2,460.0,0.4412154129434183,13,719.0
3265.0,30,121.0,1.1634615384615385,4.229562853773588,4,93.0,0.21048277516543212,17,216.0,0.08548782044949511,9,435.0,0.26832671069742337,30,744.0
3270.0,34,201.0,2.0510204081632653,3.8276941726808555,7,118.0,0.17715231703126874,15,235.0,0.07970711057090601,12,485.0,0.16867078393660853,34,838.0
3275.0,35,205.0,2.411764705882353,2.880071059757955,13,174.0,0.18745265697008076,12,197.0,0.11527279478455135,10,439.0,0.1733810128172122,35,810.0
3280.0,29,138.0,1.5,3.9402588775105842,11,185.0,0.22547068666637307,10,254.0,0.20090270133486152,8,293.0,0.3280685838488451,29,732.0
3285.0,19,79.0,0.8494623655913979,4.562937526046074,6,142.0,0.2673367437433711,10,301.0,0.22149696526068027,3,284.0,0.3546402130537698,19,727.0
3290.0,27,107.0,1.0594059405940595,3.1156798462212665,9,180.0,0.11623674582580346,10,306.0,0.12743746141298423,8,311.0,0.1418647826489438,27,797.0
3295.0,37,186.0,1.878787878787879,3.4898531945455167,13,239.0,0.1792460929601472,11,275.0,0.14945475610937758,13,369.0,0.21153439608661276,37,883.0
3300.0,35,246.0,2.6451612903225805,3.206822201499597,10,249.0,0.2083318899280547,8,210.0,0.1564957949852737,17,447.0,0.20726716557229624,35,906.0
3305.0,23,157.0,1.5544554455445545,4.239322115496372,6,194.0,0.24450755592107726,2,209.0,0.36275665864264006,15,420.0,0.19903541419422804,23,823.0
3310.0,21,124.0,1.24,5.108212520100518,4,149.0,0.2537572495784717,8,237.0,0.35750418540524814,9,340.0,0.23392486994233377,21,726.0
3315.0,28,156.0,1.4857142857142858,3.5823018575021353,2,142.0,0.19776423660103126,14,289.0,0.16081073464296158,12,393.0,0.12500842425840158,28,824.0
3320.0,39,200.0,1.9801980198019802,3.1825441955926093,8,168.0,0.18449719056306454,14,300.0,0.08247033552232173,17,467.0,0.12148263178250202,39,935.0
3325.0,37,150.0,1.5151515151515151,2.6554592432311086,7,179.0,0.1937469648622919,12,253.0,0.15303329591412052,18,475.0,0.12163151357672679,37,907.0
3330.0,16,65.0,0.6632653061224489,5.165929056323127,4,152.0,0.3429766916973333,4,157.0,0.380235589571514,8,394.0,0.27312928435052974,16,703.0
3335.0,12,54.0,0.5346534653465347,5.391055310754765,4,108.0,0.34367605186659655,2,159.0,0.38839597218428884,6,268.0,0.21610444829572964,12,535.0
3340.0,16,73.0,0.6697247706422018,5.099828767044392,4,97.0,0.35516076425189785,8,186.0,0.27169039820231095,4,269.0,0.21153640179549818,16,552.0
3345.0,28,170.0,1.6346153846153846,4.4243486907371326,5,86.0,0.33656072814064625,14,243.0,0.16576189755876233,9,297.0,0.17891290571223487,28,626.0
3350.0,40,334.0,3.2427184466019416,3.259728688324142,6,99.0,0.2597634290483013,21,332.0,0.08476248898355193,13,352.0,0.09091930326536377,40,783.0
3355.0,42,383.0,3.948453608247423,2.9918165102197167,1,67.0,0.3399111598363671,28,454.0,0.07993642381758355,13,366.0,0.15298037630385558,42,887.0
3360.0,38,360.0,3.673469387755102,3.5469407588415756,6,42.0,0.2843275916573819,24,509.0,0.08198778552355769,8,321.0,0.17784482132377022,38,872.0
3365.0,35,256.0,2.5098039215686274,3.9575897577450756,5,51.0,0.29499141504692056,21,484.0,0.12881442785463,9,359.0,0.20776066974189897,35,894.0
3370.0,30,213.0,2.195876288659794,4.2336498196201555,2,45.0,0.3517151803666803,15,402.0,0.18042972273642516,13,413.0,0.23577410209350239,30,860.0
3375.0,23,127.0,1.2450980392156863,3.6057624546151477,4,55.0,0.3117599940491434,8,433.0,0.19172656501044813,11,417.0,0.16464087449492731,23,905.0
3380.0,20,81.0,0.81,4.082446294344425,5,68.0,0.2543493402321223,9,483.0,0.25247104822580224,6,346.0,0.16997895006779207,20,897.0
3385.0,34,147.0,1.4271844660194175,3.1714973945535476,13,111.0,0.07975355767850797,15,542.0,0.1374873318702649,6,364.0,0.12323435906549138,34,1017.0
3390.0,38,242.0,2.349514563106796,2.869014960039616,16,179.0,0.1298649767786811,13,539.0,0.12349379828031862,9,398.0,0.12585998694108325,38,1116.0
3395.0,41,254.0,2.618556701030928,2.3839246955327993,14,216.0,0.1821337004850849,10,464.0,0.16676248225598359,17,464.0,0.1351478347676134,41,1144.0
3400.0,38,284.0,2.730769230769231,3.176904899636895,11,198.0,0.229354025017439,7,446.0,0.20433985855453457,20,554.0,0.1404175714675009,38,1198.0
3405.0,45,407.0,3.876190476190476,3.199833087691234,11,191.0,0.2505712190154906,8,486.0,0.2131839082076304,26,669.0,0.09449237188113732,45,1346.0
3410.0,50,447.0,4.0636363636363635,2.1655983098006737,11,223.0,0.15319695537613706,14,545.0,0.06550645272325027,25,702.0,0.03080588434690481,50,1470.0
3415.0,50,442.0,4.130841121495327,3.072101796859327,11,257.0,0.1839686165072999,19,629.0,0.1638817534276397,20,637.0,0.11392732384869934,50,1523.0
3420.0,45,467.0,4.490384615384615,2.754370827440806,7,261.0,0.16079836421982965,23,738.0,0.10793587430049066,15,702.0,0.09164700618469208,45,1701.0
3425.0,49,602.0,5.574074074074074,2.614081104654577,6,277.0,0.2385249117229237,26,860.0,0.04885939065528786,17,787.0,0.1004296618940717,49,1924.0
3430.0,59,806.0,7.98019801980198,1.4959328143048922,9,316.0,0.1499645761189331,31,1005.0,0.056005427478665964,19,879.0,0.09535898244239874,59,2200.0
3435.0,64,929.0,8.764150943396226,1.4043676555052036,9,299.0,0.14586346619701313,35,1171.0,0.016464133122279352,20,981.0,0.056934523350858114,64,2451.0
3440.0,56,891.0,8.485714285714286,2.3025575294624354,9,261.0,0.22126474404833793,30,1209.0,0.06680012805030057,17,966.0,0.10812789014240203,56,2436.0
3445.0,49,643.0,5.845454545454546,2.7674971962025325,14,316.0,0.1443766205762503,22,1080.0,0.13414397766086572,13,824.0,0.14534009353793417,49,2220.0
3450.0,42,547.0,5.018348623853211,2.889388584058239,19,404.0,0.13869021732670034,14,1163.0,0.17410774858654188,9,775.0,0.20877555823431926,42,2342.0
3455.0,53,594.0,5.351351351351352,2.649626528508176,23,508.0,0.14076129026344752,15,1240.0,0.08010746453272899,15,839.0,0.09570736088858392,53,2587.0
3460.0,49,588.0,5.297297297297297,1.9514903463621514,24,597.0,0.051460943851525685,13,1178.0,0.09254101715607324,12,805.0,0.10145056692636194,49,2580.0
3465.0,38,561.0,5.3428571428571425,3.622977102984072,28,721.0,0.12772827268513004,6,977.0,0.2540900834970484,4,645.0,0.2856049742574881,38,2343.0
3470.0,30,530.0,4.907407407407407,4.002136530454909,25,788.0,0.12340281354309923,3,881.0,0.2135584928869923,2,418.0,0.31847308505697736,30,2087.0
3475.0,28,466.0,4.314814814814815,4.081890967326229,20,776.0,0.1993865474494894,6,903.0,0.1671777286592243,2,423.0,0.31424768485126114,28,2102.0
3480.0,36,483.0,4.6,3.3730473176815723,16,755.0,0.1453539793562334,13,953.0,0.09572569422742211,7,447.0,0.13235598372289664,36,2155.0
3485.0,34,383.0,3.5794392523364484,3.0911327589900326,12,796.0,0.1340353500861942,13,896.0,0.10964698151664681,9,429.0,0.16330044453809386,34,2121.0
3490.0,24,215.0,2.128712871287129,4.047646692418843,11,853.0,0.18078642946243006,10,652.0,0.19752873609996904,3,344.0,0.33006656356509356,24,1849.0
3495.0,24,123.0,1.1495327102803738,4.294329163594454,8,827.0,0.25220887519857255,10,489.0,0.16729011087118695,6,352.0,0.2837075389798878,24,1668.0
3500.0,20,76.0,0.7238095238095238,5.26667669686983,6,798.0,0.34067761768665134,6,350.0,0.2861530682011147,8,385.0,0.30104930818053843,20,1533.0
3505.0,25,72.0,0.6605504587155964,4.002275115106211,7,800.0,0.25715512067741514,8,281.0,0.344856478131974,10,367.0,0.19938594093821424,25,1448.0
3510.0,19,106.0,0.9814814814814815,5.252094894902327,10,831.0,0.2251673543328897,4,181.0,0.5690833676520075,5,279.0,0.2333891073745239,19,1291.0
3515.0,15,60.0,0.5607476635514018,4.126450430434242,10,813.0,0.17334948717296125,1,123.0,0.49325958021684835,4,286.0,0.18525977117522968,15,1222.0
3520.0,24,83.0,0.7477477477477478,3.984637894979759,7,719.0,0.14118820167329682,8,130.0,0.34404046209292805,9,318.0,0.12486193160226024,24,1167.0
3525.0,20,84.0,0.8076923076923077,4.0498988460974505,7,560.0,0.22958022241818352,6,115.0,0.3250557470446969,7,302.0,0.1478658708912025,20,977.0
3530.0,16,56.0,0.5283018867924528,4.6708619811734975,7,480.0,0.3115374404133244,4,64.0,0.38751271715631885,5,237.0,0.17384246323854768,16,781.0
3535.0,12,32.0,0.3047619047619048,5.42342703594331,5,422.0,0.38139864976045934,2,39.0,0.46371042411053276,5,213.0,0.21740078489014106,12,674.0
3540.0,19,90.0,0.8737864077669902,4.923584476761933,8,450.0,0.3266851242964261,2,35.0,0.42895017713530753,9,251.0,0.13499358454702529,19,736.0
3545.0,31,214.0,2.0980392156862746,3.7068451906867366,12,499.0,0.22601213156610908,4,40.0,0.46342647333462283,15,312.0,0.10826517607898865,31,851.0
3550.0,38,313.0,3.294736842105263,2.5803294613733296,19,582.0,0.20522039234459938,4,59.0,0.3275737629090508,15,317.0,0.11611033677854281,38,958.0
3555.0,37,230.0,2.2115384615384617,2.515749182453408,19,605.0,0.1300593258368516,3,42.0,0.28555347091439065,15,257.0,0.1148640064434577,37,904.0
3560.0,36,214.0,2.038095238095238,4.584172603606941,17,538.0,0.15954658139041222,6,41.0,0.5825566322890127,13,203.0,0.17369186190748317,36,782.0
3565.0,33,170.0,1.5178571428571428,4.530932539056903,13,396.0,0.13879068752850307,7,71.0,0.5097401541802958,13,238.0,0.1408059241131554,33,705.0
3570.0,27,177.0,1.6238532110091743,4.621775221184009,9,427.0,0.23504023214903627,7,105.0,0.3605179703647738,11,293.0,0.17795279006069778,27,825.0
3575.0,28,139.0,1.39,3.5344696749698468,10,472.0,0.13472908423947322,7,114.0,0.1766135641098429,11,307.0,0.16561237824988806,28,893.0
3580.0,18,56.0,0.56,3.952795223397522,8,449.0,0.19067960711932036,4,96.0,0.28817160562521066,6,273.0,0.20418103185911599,18,818.0
3585.0,9,28.0,0.28865979381443296,5.191022154521026,3,268.0,0.3492638395834455,2,55.0,0.5627693647334971,4,273.0,0.21557603407061984,9,596.0
3590.0,13,63.0,0.5943396226415094,4.481465151608601,1,259.0,0.2651770022338155,4,50.0,0.4852258620670704,8,305.0,0.11406359715053015,13,614.0
3595.0,20,103.0,0.9903846153846154,3.7648379424256455,6,283.0,0.2114273657181199,4,63.0,0.3809846845566586,10,305.0,0.13031842070768143,20,651.0
3600.0,22,150.0,1.530612244897959,2.775996568508004,13,332.0,0.12101651136743068,4,79.0,0.2475174104956196,5,227.0,0.14744593958460428,22,638.0
