step,system_total_stopped,system_total_waiting_time,system_mean_waiting_time,system_mean_speed,A0_stopped,A0_accumulated_waiting_time,A0_average_speed,B0_stopped,B0_accumulated_waiting_time,B0_average_speed,C0_stopped,C0_accumulated_waiting_time,C0_average_speed,agents_total_stopped,agents_total_accumulated_waiting_time
5.0,0,0.0,0.0,7.286853707799066,0,0.0,0.502033930974952,0,0.0,0.5442969691299029,0,0.0,0.5488922763320253,0,0.0
10.0,1,0.0,0.0,11.023137442860923,1,0.0,0.711517825185019,0,0.0,0.9896033610209722,0,0.0,0.8246727891529567,1,0.0
15.0,0,0.0,0.0,9.231671580511948,0,0.0,0.6064975688334087,0,0.0,0.3614551310866517,0,0.0,0.5684712741880026,0,0.0
20.0,0,0.0,0.0,10.838062719227265,0,0.0,0.8073484350347779,0,0.0,0.9174648767884253,0,0.0,0.7485321712593105,0,0.0
25.0,8,0.0,0.0,5.621186312595835,3,0.0,0.4480063129540795,2,0.0,0.4159360457042896,3,0.0,0.25405287747259114,8,0.0
30.0,3,10.0,0.37037037037037035,8.728560650589182,1,1.0,0.6282981374535376,0,0.0,0.8518367534468536,2,9.0,0.5958034395457806,3,10.0
35.0,3,10.0,0.3333333333333333,8.759034547791158,2,9.0,0.47153928760574704,1,1.0,0.7688736292462477,0,0.0,0.6728462710244555,3,10.0
40.0,6,30.0,0.8333333333333334,7.388135568799555,5,26.0,0.3017525516840323,0,0.0,0.5260708317555247,1,4.0,0.5122059340268672,6,30.0
45.0,9,66.0,2.129032258064516,7.518931886455364,6,54.0,0.4282475910892329,0,0.0,0.9434395112562797,3,14.0,0.5912739038814054,9,68.0
50.0,9,41.0,1.0789473684210527,4.921316558710139,6,67.0,0.2967182398484359,0,0.0,0.12693288320322255,3,18.0,0.4047163248130841,9,85.0
55.0,9,37.0,0.925,7.756099454347731,6,62.0,0.38225354832638353,0,4.0,0.8794715413205966,3,16.0,0.5773509625981907,9,82.0
60.0,3,8.0,0.2,5.864085326005329,1,65.0,0.270964850469396,0,4.0,0.9505152552181086,2,7.0,0.2563116664711343,3,76.0
65.0,13,55.0,1.1224489795918366,6.677538950143131,7,86.0,0.245207310280315,0,4.0,0.7187433205365421,6,33.0,0.3398436911802217,13,123.0
70.0,10,65.0,1.4772727272727273,5.637750506571141,9,126.0,0.2518210851793426,0,0.0,0.511241601761431,1,31.0,0.43784289667212634,10,157.0
75.0,13,68.0,1.3877551020408163,5.576850502475673,9,133.0,0.2265290495128052,2,6.0,0.4611911699071639,2,8.0,0.5114648689551374,13,147.0
80.0,8,45.0,0.9183673469387755,7.758833735493203,7,123.0,0.340745722027418,0,4.0,0.9362273593351175,1,2.0,0.6832702439705056,8,129.0
85.0,14,36.0,0.631578947368421,6.961435337966356,8,98.0,0.22775606208481267,2,4.0,0.6822897544919765,4,11.0,0.3972777253144442,14,113.0
90.0,7,33.0,0.6111111111111112,7.1365633374571535,6,99.0,0.31351141923447906,1,7.0,0.6362122331229866,0,11.0,0.39118133153524326,7,117.0
95.0,10,49.0,0.98,7.295919643724047,5,91.0,0.2960640400482256,5,30.0,0.5099172152105316,0,0.0,0.6859438961187604,10,121.0
100.0,9,59.0,1.0172413793103448,6.569899929899959,1,69.0,0.3467917284083024,7,62.0,0.42539998134625634,1,2.0,0.4471115590263344,9,133.0
105.0,8,32.0,0.5925925925925926,6.804363677664838,3,75.0,0.427942651794229,5,65.0,0.32933526796466667,0,0.0,0.7727935141810286,8,140.0
110.0,7,14.0,0.25,5.237533211250649,4,77.0,0.3370832090649962,2,23.0,0.1633491411432368,1,6.0,0.45027221380554966,7,106.0
115.0,9,35.0,0.625,6.741643404690306,4,69.0,0.3906395412945287,2,25.0,0.43989072222142467,3,15.0,0.6020190411288006,9,109.0
120.0,4,41.0,0.7321428571428571,7.904583335569294,2,50.0,0.4642803037492933,2,29.0,0.5322136239356318,0,10.0,0.6658446763320223,4,89.0
125.0,11,82.0,1.2615384615384615,8.336014455649698,5,45.0,0.4583211005655992,4,41.0,0.568888235815205,2,7.0,0.7132407257612468,11,93.0
130.0,6,62.0,0.9253731343283582,7.6610721720825135,1,21.0,0.3969062235270119,4,59.0,0.5836048553450803,1,4.0,0.6320318932132984,6,84.0
135.0,14,51.0,0.6891891891891891,6.037541129923315,7,31.0,0.23702969278145145,1,33.0,0.43463047759463375,6,26.0,0.3696410526030234,14,90.0
140.0,21,104.0,1.4857142857142858,5.156957614566251,7,52.0,0.2881816795425777,5,18.0,0.1878698430004776,9,66.0,0.24010630895225557,21,136.0
145.0,26,147.0,2.1940298507462686,3.8885928838547708,4,33.0,0.19647123045853515,6,38.0,0.23704492433755225,16,125.0,0.08149535317409959,26,196.0
150.0,16,109.0,1.6515151515151516,5.9457056522916245,4,29.0,0.3578619403194327,2,35.0,0.4652226084671728,10,155.0,0.2633336886736487,16,219.0
155.0,6,53.0,0.7910447761194029,7.224593949153584,1,23.0,0.40211216389797366,2,30.0,0.6339482354355914,3,116.0,0.40575057173264706,6,169.0
160.0,10,58.0,0.8055555555555556,7.315072319583272,4,38.0,0.32294553823305383,3,35.0,0.5816742231046774,3,71.0,0.4263253543374989,10,144.0
165.0,9,82.0,1.1884057971014492,7.0690141056023155,3,43.0,0.2964910477863835,4,53.0,0.6035363947261115,2,59.0,0.43051551896565937,9,155.0
170.0,9,38.0,0.5205479452054794,5.896894205068687,3,35.0,0.20259134932237224,3,25.0,0.4059537039532349,3,38.0,0.33659986951028775,9,98.0
175.0,10,74.0,1.0422535211267605,7.403327391540729,1,41.0,0.2851810455481549,5,27.0,0.43126277271829294,4,51.0,0.5282763637853513,10,119.0
180.0,20,145.0,2.101449275362319,6.565277654230082,5,56.0,0.14659749375213865,9,61.0,0.25311738851127785,6,70.0,0.47983839868274075,20,187.0
185.0,10,49.0,0.7538461538461538,4.785645707019808,4,64.0,0.16433235274275126,4,70.0,0.1571015001045404,2,42.0,0.3216238449571837,10,176.0
190.0,11,39.0,0.65,6.694456717769795,4,56.0,0.3526831348012535,1,42.0,0.5009946478340872,6,30.0,0.3822263523596752,11,128.0
195.0,12,37.0,0.5967741935483871,6.135761666822748,4,61.0,0.31137061894950224,4,54.0,0.3726875143850475,4,43.0,0.3412808046588937,12,158.0
200.0,14,59.0,1.0172413793103448,5.259851327202325,6,83.0,0.2878450234263001,6,80.0,0.38597936623346657,2,28.0,0.28043252917027606,14,191.0
205.0,17,35.0,0.546875,3.982612541945571,7,90.0,0.14922407457168047,7,84.0,0.19480358280635218,3,15.0,0.4225940879600305,17,189.0
210.0,11,41.0,0.6119402985074627,6.326743005987538,5,87.0,0.28679519511335677,2,50.0,0.41867433816935545,4,29.0,0.46929552781084255,11,166.0
215.0,7,53.0,0.8153846153846154,7.315404330167913,3,71.0,0.32483002829792995,2,25.0,0.5770152138189749,2,33.0,0.6171536147198426,7,129.0
220.0,4,10.0,0.14285714285714285,6.862253374233502,1,57.0,0.34538916890841737,1,10.0,0.5433655581794796,2,20.0,0.5388834501463367,4,87.0
225.0,11,51.0,0.7285714285714285,7.386957731724338,5,68.0,0.25641567084138606,4,21.0,0.5724858162372644,2,17.0,0.5448303568240054,11,106.0
230.0,16,87.0,1.2794117647058822,5.067552672193234,4,75.0,0.13080908505935415,8,47.0,0.283789220784758,4,31.0,0.4155183744548198,16,153.0
235.0,17,104.0,1.5522388059701493,5.486783437313166,5,63.0,0.23350223611397078,11,94.0,0.25378981533125455,1,11.0,0.5004932954035685,17,168.0
240.0,15,84.0,1.2727272727272727,5.9066475823330755,4,49.0,0.22634613602413106,8,112.0,0.2977736146896513,3,11.0,0.2849881544701432,15,172.0
245.0,4,11.0,0.15942028985507245,6.5277215098832295,1,35.0,0.28292020657835876,3,77.0,0.3781475767697566,0,9.0,0.6359922986334987,4,121.0
250.0,5,26.0,0.4126984126984127,7.583121730306876,3,45.0,0.3582906605278678,2,37.0,0.47358823795551325,0,2.0,0.7738289438563389,5,84.0
255.0,10,40.0,0.6153846153846154,6.218159867073233,8,72.0,0.28991983038690045,2,27.0,0.4007813725597376,0,2.0,0.6548208067797096,10,101.0
260.0,16,69.0,1.078125,6.168315536808441,7,88.0,0.27273562833851384,7,48.0,0.245491951976241,2,6.0,0.6121766546261909,16,142.0
265.0,23,63.0,0.9692307692307692,4.140065668162637,8,85.0,0.2235237989128276,8,63.0,0.19155454393020477,7,20.0,0.26742179453838405,23,168.0
270.0,12,42.0,0.65625,5.740682870179534,7,116.0,0.23079176950965632,2,35.0,0.5184852722323697,3,21.0,0.476085974149619,12,172.0
275.0,11,60.0,0.9090909090909091,7.081206567818789,9,155.0,0.2542018704837049,2,25.0,0.5647365340176457,0,13.0,0.6821605688453317,11,193.0
280.0,12,35.0,0.5072463768115942,5.988832952564994,8,166.0,0.23494353538702098,1,8.0,0.44927540081251266,3,16.0,0.545868019604315,12,190.0
285.0,10,44.0,0.6666666666666666,6.737154598772942,3,145.0,0.26920479187709323,2,14.0,0.7262618899222746,5,35.0,0.39409852731857103,10,194.0
290.0,15,72.0,1.0746268656716418,5.275780601535748,2,105.0,0.22089103544344033,3,12.0,0.5173903828413494,10,76.0,0.12743272690687027,15,193.0
295.0,11,57.0,0.8636363636363636,6.375153804622608,1,112.0,0.3023111316724894,2,15.0,0.6660119481666851,8,95.0,0.32966415920109937,11,222.0
300.0,6,42.0,0.6885245901639344,6.868276659277448,3,123.0,0.23187093377170942,2,25.0,0.6328887702812508,1,61.0,0.4693980300451375,6,209.0
305.0,9,43.0,0.6417910447761194,6.442668808159391,7,149.0,0.23967263402799052,0,3.0,0.5014099645211162,2,40.0,0.5470865802161907,9,192.0
310.0,13,51.0,0.7391304347826086,6.315040102802011,7,161.0,0.22091216754013443,5,13.0,0.5338202061344981,1,27.0,0.4697334911072716,13,201.0
315.0,14,48.0,0.6666666666666666,5.687026794717728,8,148.0,0.13253355499084515,1,17.0,0.5617588336062375,5,44.0,0.2545672770463675,14,209.0
320.0,13,39.0,0.5652173913043478,5.124829803026927,6,174.0,0.23362348373976816,4,15.0,0.3269488387058432,3,46.0,0.4071953958872498,13,235.0
325.0,21,72.0,0.9473684210526315,5.309745595480187,9,208.0,0.21907055962960126,8,48.0,0.40245436758936737,4,22.0,0.36362482793271195,21,278.0
330.0,23,152.0,1.974025974025974,4.897341688214378,10,252.0,0.2472197037830749,11,91.0,0.277419573106155,2,26.0,0.4638434925893164,23,369.0
335.0,32,192.0,2.4615384615384617,4.007784861177048,15,313.0,0.18894389917631751,10,110.0,0.191533884526372,7,50.0,0.3432120685898928,32,473.0
340.0,35,277.0,3.2976190476190474,3.121145518145392,18,392.0,0.07925493987209353,7,90.0,0.14590070086576384,10,91.0,0.18465615279838343,35,573.0
345.0,35,368.0,4.658227848101266,3.532385893915641,24,504.0,0.07161138709418004,3,56.0,0.23735290851847188,8,105.0,0.2428497782057163,35,665.0
350.0,28,343.0,4.397435897435898,4.5871220814684905,22,554.0,0.03647299915441352,3,52.0,0.6010008051640001,3,83.0,0.2848469872350554,28,689.0
355.0,22,226.0,3.054054054054054,5.14765885743108,17,528.0,0.13574950098482297,3,40.0,0.4214204407145409,2,74.0,0.38504431638288905,22,642.0
360.0,28,251.0,3.486111111111111,5.932756198352187,15,456.0,0.21172280455699907,7,34.0,0.4766591809231236,6,95.0,0.22049928978245398,28,585.0
365.0,29,274.0,3.6533333333333333,5.805258376896141,12,413.0,0.359377128915197,7,60.0,0.42474652858422945,10,136.0,0.16703168289034104,29,609.0
370.0,22,217.0,2.9324324324324325,5.213988470962183,6,431.0,0.3923621013493351,4,61.0,0.36212091957165743,12,192.0,0.23248640676922053,22,684.0
375.0,16,99.0,1.2222222222222223,5.027594839538434,6,454.0,0.280686490841121,3,21.0,0.27354174132455583,7,192.0,0.20751656126948284,16,667.0
380.0,11,49.0,0.6447368421052632,5.963696455627814,5,435.0,0.2621399391499659,5,30.0,0.34248495258237344,1,120.0,0.4126201010575248,11,585.0
385.0,18,38.0,0.5,5.152219394379043,6,361.0,0.2335605811659427,7,54.0,0.3851617016998011,5,105.0,0.27387726818062125,18,520.0
390.0,18,65.0,0.8666666666666667,5.298010355272437,3,330.0,0.2254554406311681,7,69.0,0.3514336426096983,8,133.0,0.3353092903839235,18,532.0
395.0,22,128.0,1.641025641025641,5.263124194545227,7,356.0,0.23880781425982656,11,92.0,0.2967199854704599,4,119.0,0.43974078367430836,22,567.0
400.0,19,153.0,1.8888888888888888,5.37432669993413,4,335.0,0.2824960918094283,13,136.0,0.249955098716844,2,50.0,0.5454015413420594,19,521.0
405.0,17,94.0,1.119047619047619,5.502931049846339,2,216.0,0.3327875252574183,12,162.0,0.2561198706771883,3,21.0,0.45298292892599656,17,399.0
410.0,14,55.0,0.6043956043956044,5.644777939880331,1,220.0,0.24904341392628346,7,137.0,0.33440386357918506,6,43.0,0.20056674092003185,14,400.0
415.0,16,67.0,0.788235294117647,4.837406900712697,5,235.0,0.1710323368139933,4,90.0,0.2712763729484724,7,54.0,0.23051526980724757,16,379.0
420.0,17,73.0,0.9358974358974359,4.224226045330403,10,276.0,0.08131855674381161,5,102.0,0.2859605227692298,2,38.0,0.23717814953655586,17,416.0
425.0,15,75.0,0.9375,5.359461067039367,7,265.0,0.2272641257996467,6,97.0,0.26787249131210206,2,21.0,0.5627777940491263,15,383.0
430.0,20,100.0,1.2048192771084338,5.805584296409158,5,201.0,0.2822336838848409,13,140.0,0.31407775565559276,2,15.0,0.6187333771585,20,356.0
435.0,30,193.0,2.097826086956522,5.153023776321655,7,193.0,0.24071477251777318,18,213.0,0.242284721713884,5,33.0,0.47919793170754177,30,439.0
440.0,40,342.0,3.842696629213483,3.8491966199223135,9,229.0,0.22459370155124958,24,318.0,0.15673975221649963,7,66.0,0.3002133734152961,40,613.0
445.0,37,287.0,3.2988505747126435,2.4250042228183544,7,222.0,0.19637539367381104,20,367.0,0.109631970198926,10,78.0,0.17037534369549248,37,667.0
450.0,21,173.0,2.011627906976744,4.946959850402735,4,172.0,0.2853725208459292,12,334.0,0.25607329226878006,5,66.0,0.3287168372390238,21,572.0
455.0,9,62.0,0.7209302325581395,6.1219382275830085,2,169.0,0.19237827991014972,5,238.0,0.4071491069011287,2,50.0,0.36434422856653287,9,457.0
460.0,11,30.0,0.3409090909090909,5.604654154524943,9,197.0,0.1044322470307639,1,231.0,0.4225299486010535,1,33.0,0.39840056151466036,11,461.0
465.0,17,65.0,0.8125,5.025183941654894,6,191.0,0.226833020247536,7,221.0,0.27049067230391305,4,49.0,0.40536484465592,17,461.0
470.0,19,57.0,0.6951219512195121,3.815754152488817,3,127.0,0.21593915497940763,11,219.0,0.2051834493786958,5,54.0,0.2888802976087469,19,400.0
475.0,14,61.0,0.7176470588235294,5.828630854060269,3,109.0,0.2983121658421222,8,168.0,0.32027719178539166,3,39.0,0.47950935952780405,14,316.0
480.0,13,31.0,0.36904761904761907,5.106023379441334,4,112.0,0.18355198172062834,6,181.0,0.3498115794161355,3,32.0,0.42114935505080914,13,325.0
485.0,22,95.0,1.0555555555555556,5.048412590124568,7,147.0,0.24332127318146324,10,182.0,0.2303109258463343,5,53.0,0.3944052884495189,22,382.0
490.0,25,123.0,1.4470588235294117,4.1765031975334095,5,148.0,0.3315063128906504,12,169.0,0.08976214913298257,8,89.0,0.39199561520329973,25,406.0
495.0,24,90.0,1.0588235294117647,4.18110198626311,4,121.0,0.2903163350830806,15,123.0,0.1773510913210438,5,84.0,0.20467057213415363,24,328.0
500.0,15,93.0,1.1204819277108433,6.286408139116866,4,86.0,0.2934668169359283,10,146.0,0.3833851929985977,1,41.0,0.45077465234540315,15,273.0
505.0,21,135.0,1.588235294117647,5.7684602879203295,4,79.0,0.16145131542470267,12,175.0,0.452077764490584,5,44.0,0.28805201612398107,21,298.0
510.0,28,244.0,3.088607594936709,4.960929307819978,7,104.0,0.1798167822834531,16,214.0,0.20777206900448478,5,64.0,0.3060527255898275,28,382.0
515.0,24,305.0,4.178082191780822,3.8533477977481643,3,104.0,0.1800376979245227,18,290.0,0.07863910904305925,3,60.0,0.2854792340324724,24,454.0
520.0,20,207.0,2.835616438356164,4.785962716591064,5,71.0,0.19970070428898526,13,312.0,0.28658852274525626,2,29.0,0.374257066734711,20,412.0
525.0,10,72.0,0.96,5.563115416226088,3,80.0,0.2937731539026187,5,246.0,0.34075288311883845,2,30.0,0.563705865591224,10,356.0
530.0,15,59.0,0.686046511627907,4.984588014811766,5,102.0,0.2006483746542507,6,267.0,0.22724399344078006,4,48.0,0.4591591880721506,15,417.0
535.0,15,62.0,0.7294117647058823,5.4987136545649316,4,102.0,0.25513352470248335,11,301.0,0.20023010401110428,0,32.0,0.5757019151629164,15,435.0
540.0,16,59.0,0.7763157894736842,4.863006092646546,4,75.0,0.18086252572920064,12,291.0,0.2708728938041319,0,2.0,0.518800994513433,16,368.0
545.0,18,61.0,0.7530864197530864,4.712507100153479,5,100.0,0.22908482764808505,11,233.0,0.28439806574306353,2,10.0,0.5334669638407324,18,343.0
550.0,17,66.0,0.7674418604651163,4.724426630144294,5,127.0,0.25804096319493314,8,248.0,0.1871614167168166,4,26.0,0.5619144828503331,17,401.0
555.0,14,54.0,0.6206896551724138,4.597025411738068,7,122.0,0.182187176725717,7,254.0,0.2176622919339943,0,21.0,0.5388358817991354,14,397.0
560.0,15,58.0,0.7073170731707317,4.795644039770025,5,104.0,0.22992674982353478,10,251.0,0.24289180423035006,0,2.0,0.5522426579478823,15,357.0
565.0,19,41.0,0.4659090909090909,4.780946558645903,4,87.0,0.24717738365211409,12,197.0,0.23413098154119477,3,2.0,0.45882555865838565,19,286.0
570.0,14,48.0,0.5217391304347826,5.191508732294951,5,110.0,0.25875997998892264,9,226.0,0.17363259418598434,0,2.0,0.8693208251784248,14,338.0
575.0,14,51.0,0.5666666666666667,5.209537967479447,5,107.0,0.2377280859200029,9,233.0,0.16536299035991175,0,2.0,0.732498079961685,14,342.0
580.0,16,57.0,0.6627906976744186,4.039401197140997,5,89.0,0.2152317884281821,8,229.0,0.1783929530455809,3,10.0,0.3054897704570067,16,328.0
585.0,12,52.0,0.6341463414634146,4.589906587370146,2,60.0,0.33911542085764346,10,182.0,0.1848701712395107,0,9.0,0.5724181492128526,12,251.0
590.0,14,36.0,0.3870967741935484,4.454961427049938,2,46.0,0.28735015370239153,12,205.0,0.19277195047309567,0,2.0,0.5530510293397369,14,253.0
595.0,14,52.0,0.5416666666666666,5.349720474679596,4,60.0,0.2846618985309111,9,208.0,0.18934242148800978,1,2.0,0.7549096872336551,14,270.0
600.0,19,116.0,1.288888888888889,5.051977961122775,4,64.0,0.16252598993295372,14,237.0,0.19795302036732443,1,6.0,0.4443181295408107,19,307.0
605.0,28,208.0,2.447058823529412,4.889617269496174,5,62.0,0.19250523702869263,18,305.0,0.23029666740669724,5,21.0,0.32393831266952444,28,388.0
610.0,28,216.0,2.6341463414634148,3.822957500867558,3,68.0,0.20348433617141673,19,330.0,0.10755839242416913,6,48.0,0.3838565179947413,28,446.0
615.0,24,135.0,1.6071428571428572,4.055841272646579,6,96.0,0.19964702011136787,17,307.0,0.11242523911227795,1,40.0,0.4291236210408173,24,443.0
620.0,21,148.0,1.783132530120482,5.490146176272057,4,102.0,0.2985845541503668,17,289.0,0.25247329327279494,0,3.0,0.8086810622958035,21,394.0
625.0,23,159.0,1.7865168539325842,5.283359705938276,4,82.0,0.284721521054326,15,276.0,0.2887609914450062,4,3.0,0.5955225636456282,23,361.0
630.0,22,203.0,2.182795698924731,5.15349836651707,3,78.0,0.346010493665429,16,314.0,0.23326466620669534,3,12.0,0.5313746541545917,22,404.0
635.0,22,145.0,1.5425531914893618,3.944502432306654,6,101.0,0.19206111007909335,16,326.0,0.18834686287533883,0,11.0,0.4893296139359792,22,438.0
640.0,28,122.0,1.2708333333333333,4.0451975149272945,13,150.0,0.09929568269889653,13,303.0,0.22187806048626793,2,8.0,0.440777148390358,28,461.0
645.0,24,164.0,1.7634408602150538,4.337493619757474,18,229.0,0.1111104444758069,4,303.0,0.2580268128085695,2,18.0,0.48964833673861646,24,550.0
650.0,27,166.0,1.7473684210526317,3.9871937060704132,17,279.0,0.14735470672454307,9,295.0,0.22791070585510698,1,3.0,0.5167941164718647,27,577.0
655.0,30,168.0,1.696969696969697,5.069374606707357,11,268.0,0.2653135029778004,15,302.0,0.2214134993168584,4,15.0,0.5276362006936695,30,585.0
660.0,29,218.0,2.2708333333333335,4.1909532328148416,8,256.0,0.22908259310554177,19,359.0,0.1651748823945152,2,26.0,0.5034551725954081,29,641.0
665.0,34,223.0,2.207920792079208,4.414940498229083,13,308.0,0.17373331446506082,19,392.0,0.19063699783335564,2,23.0,0.437616281752778,34,723.0
670.0,24,154.0,1.5876288659793814,4.458607562345523,11,326.0,0.15573118440332034,11,338.0,0.2064180778645663,2,21.0,0.4014572877445638,24,685.0
675.0,14,37.0,0.3894736842105263,4.728456059347038,8,280.0,0.14744655958523595,6,340.0,0.30465442399639386,0,1.0,0.36060946450048514,14,621.0
680.0,19,69.0,0.7419354838709677,5.926360247489279,4,200.0,0.3202349409184617,8,354.0,0.3225149844472052,7,17.0,0.4079099969053133,19,571.0
685.0,29,167.0,1.7216494845360826,5.290534365952938,5,169.0,0.284750505078207,14,401.0,0.25442354875285594,10,52.0,0.3258532955698344,29,622.0
690.0,24,167.0,1.7395833333333333,5.025285938988054,4,139.0,0.4087812147121193,15,398.0,0.19702449731421087,5,68.0,0.2690692040300151,24,605.0
695.0,20,79.0,0.8586956521739131,5.2324739732772425,3,113.0,0.31788659584399354,13,298.0,0.23132063014472168,4,61.0,0.2968664257212864,20,472.0
700.0,19,88.0,0.946236559139785,6.638125918028786,7,119.0,0.32461262975629557,8,212.0,0.2844818451561265,4,53.0,0.3746637983873487,19,384.0
705.0,16,117.0,1.4096385542168675,6.679404191503618,5,125.0,0.2957102748912666,11,176.0,0.3457356087218282,0,50.0,0.42217163525267026,16,351.0
710.0,19,112.0,1.4545454545454546,4.548503504793904,4,91.0,0.1635504767283597,9,172.0,0.15894325130705203,6,69.0,0.19499833726505642,19,332.0
715.0,23,137.0,1.8767123287671232,5.2480599946307045,4,62.0,0.36963833125015794,10,187.0,0.26707583094590187,9,111.0,0.3010498128525543,23,360.0
720.0,18,121.0,1.5921052631578947,5.170229212191701,2,49.0,0.45420679309443074,9,188.0,0.2748717913762169,7,126.0,0.3115682666836881,18,363.0
725.0,16,110.0,1.3095238095238095,5.589757660572414,1,24.0,0.4751544917469776,11,205.0,0.2697212165616782,4,85.0,0.43778290015987037,16,314.0
730.0,11,57.0,0.6477272727272727,5.563635538856131,3,26.0,0.40285307675566173,7,190.0,0.27564322481326614,1,62.0,0.40470235462950593,11,278.0
735.0,21,81.0,0.8617021276595744,4.951820258969851,10,61.0,0.16149933348095716,7,129.0,0.28865580616303477,4,77.0,0.26976906861825106,21,267.0
740.0,29,191.0,2.1954022988505746,4.6163392629877045,14,124.0,0.16901874507294287,6,111.0,0.27222630211029003,9,109.0,0.23859538775816524,29,344.0
745.0,33,166.0,1.930232558139535,2.638051303614317,13,150.0,0.11106327656186109,10,122.0,0.17352911464326753,10,114.0,0.10274083979804939,33,386.0
750.0,29,139.0,1.6162790697674418,4.822659898619962,12,127.0,0.2820801787263814,10,128.0,0.2832497463610461,7,91.0,0.3685384876690201,29,346.0
755.0,24,144.0,1.565217391304348,5.436798944630964,9,128.0,0.30269695935546703,13,155.0,0.3169497122844198,2,75.0,0.37166544977804034,24,358.0
760.0,32,224.0,2.174757281553398,5.046294751647425,8,130.0,0.3109466097482324,19,214.0,0.2853844893004612,5,92.0,0.25406265415739426,32,436.0
765.0,28,268.0,2.7346938775510203,4.60731194085525,3,121.0,0.41436893693235566,21,288.0,0.18703726426939343,4,92.0,0.27408768705120884,28,501.0
770.0,28,249.0,2.5408163265306123,4.1706986370992984,5,129.0,0.28635384902512423,19,336.0,0.19234596927945855,4,52.0,0.22505631318078592,28,517.0
775.0,19,130.0,1.3402061855670102,4.782016529221164,4,134.0,0.31615589243806247,12,310.0,0.21853610124270018,3,57.0,0.25593599149346796,19,501.0
780.0,15,73.0,0.7849462365591398,5.170435331429899,2,86.0,0.22668625719299104,7,251.0,0.28471257890109686,6,80.0,0.18905711258490737,15,417.0
785.0,18,108.0,1.173913043478261,5.1579902539796,1,88.0,0.23140099369182326,12,230.0,0.33684899272718205,5,83.0,0.1991821092416782,18,401.0
790.0,22,181.0,2.1294117647058823,5.377170097650788,7,107.0,0.18505678140631882,14,207.0,0.27860583611687323,1,47.0,0.3338246727210322,22,361.0
795.0,18,139.0,1.6162790697674418,4.870459009915956,5,111.0,0.15434779218285408,12,216.0,0.24154081716750062,1,21.0,0.27676662094652127,18,348.0
800.0,15,97.0,1.1829268292682926,6.561786230296701,4,87.0,0.3133373046734205,9,205.0,0.40161854494538274,2,18.0,0.4818720464757682,15,310.0
805.0,14,51.0,0.5862068965517241,5.726860551678502,6,93.0,0.27055646262535427,5,168.0,0.3996184671381116,3,7.0,0.3431201926301612,14,268.0
810.0,12,38.0,0.4175824175824176,5.4166352475134705,4,108.0,0.30770636560037146,3,144.0,0.28230537028841707,5,26.0,0.335915917682562,12,278.0
815.0,21,92.0,1.069767441860465,4.499123159417656,8,139.0,0.15515690451484207,9,138.0,0.2381203654340305,4,36.0,0.30919597379207264,21,313.0
820.0,30,195.0,2.215909090909091,4.13677746591295,14,199.0,0.0846878306493353,12,192.0,0.24139150531985137,4,37.0,0.2522023548676079,30,428.0
825.0,27,182.0,2.1666666666666665,4.571110339137968,15,229.0,0.1146249214412893,9,204.0,0.2443195202617031,3,35.0,0.41222700077414465,27,468.0
830.0,21,123.0,1.4137931034482758,5.090775421174885,10,205.0,0.17258671015237595,8,160.0,0.32346202284021436,3,40.0,0.43495424787654413,21,405.0
835.0,15,77.0,0.875,6.423089348939194,11,172.0,0.26524304806344295,3,155.0,0.4246399603140052,1,23.0,0.512617299316279,15,350.0
840.0,22,100.0,1.098901098901099,5.879583484600756,8,200.0,0.2438649629247687,8,167.0,0.26820499977735124,6,33.0,0.3015596461153696,22,400.0
845.0,28,150.0,1.7045454545454546,5.100663923389941,10,244.0,0.16613185645600922,14,224.0,0.1819401211997933,4,41.0,0.25845728892166747,28,509.0
850.0,17,98.0,1.2894736842105263,4.577351205451913,5,254.0,0.17332605238381596,11,223.0,0.21512730055374846,1,30.0,0.4755827512827327,17,507.0
855.0,17,58.0,0.7435897435897436,5.885548386215006,5,220.0,0.27508540867742687,10,177.0,0.34338759826420967,2,17.0,0.5696319364825261,17,414.0
860.0,9,43.0,0.524390243902439,6.703090317598558,2,176.0,0.34111374421307417,5,187.0,0.37022683556376357,2,17.0,0.7178767381895239,9,380.0
865.0,15,54.0,0.6,5.378557112566906,3,165.0,0.22836354283502536,7,202.0,0.2746693841648098,5,25.0,0.43849183746422155,15,392.0
870.0,20,103.0,1.197674418604651,5.39868602385718,7,189.0,0.20154327917289835,12,245.0,0.2444402347338419,1,9.0,0.38256752118135134,20,443.0
875.0,22,105.0,1.3461538461538463,3.8310230723672154,5,187.0,0.18021690581558128,13,237.0,0.06403863301099937,4,19.0,0.3784455537262578,22,443.0
880.0,23,119.0,1.5256410256410255,4.879115226690225,4,158.0,0.27884879669454127,14,210.0,0.24914573098001572,5,46.0,0.40510193463128946,23,414.0
885.0,20,148.0,1.8734177215189873,5.30397616424396,3,163.0,0.33600021730970625,11,172.0,0.21513023752022645,6,76.0,0.5091561796918582,20,411.0
890.0,20,128.0,1.471264367816092,4.797040907258645,5,178.0,0.26819551495802874,13,174.0,0.18795454179432552,2,61.0,0.4262729348780675,20,413.0
895.0,24,110.0,1.2222222222222223,4.855574071737035,9,213.0,0.22700472380256662,12,196.0,0.2721519285123278,3,16.0,0.5330052658521791,24,425.0
900.0,24,142.0,1.5777777777777777,3.838475653795275,15,272.0,0.06185934481089141,6,172.0,0.271444886460577,3,16.0,0.2777710452836171,24,460.0
905.0,36,254.0,2.6736842105263157,3.5686519193661117,21,358.0,0.06904175216892183,6,162.0,0.21489055427206388,9,49.0,0.17902167158677518,36,569.0
910.0,34,253.0,2.875,2.972288094412934,18,394.0,0.13550421939116233,9,166.0,0.12067841129099367,7,70.0,0.30288199612458866,34,630.0
915.0,27,162.0,1.7052631578947368,3.962059460852273,15,363.0,0.17722717112280537,10,190.0,0.22213830985274421,2,52.0,0.39721734560244554,27,605.0
920.0,23,143.0,1.4742268041237114,5.710243939228271,12,368.0,0.21070827570934506,9,179.0,0.3270089302798722,2,29.0,0.479907554915976,23,576.0
925.0,32,170.0,1.7171717171717171,5.84293796636302,18,440.0,0.06592060011061408,7,163.0,0.3909144293838867,7,26.0,0.39464081823752006,32,629.0
930.0,22,126.0,1.4482758620689655,5.079668143469109,12,454.0,0.12571310031349395,9,175.0,0.2848143518691527,1,12.0,0.49634179621784336,22,641.0
935.0,19,83.0,1.0246913580246915,5.373225595344836,3,369.0,0.27124916532591137,12,185.0,0.2294899259510467,4,20.0,0.4818795631580967,19,574.0
940.0,16,93.0,1.0941176470588236,6.27329640783453,2,263.0,0.3490612287579837,14,175.0,0.27277997966909545,0,16.0,0.656558707730325,16,454.0
945.0,15,156.0,1.8571428571428572,6.522960712404728,0,257.0,0.4280821766502296,15,211.0,0.2305640806706506,0,2.0,0.8559285598302083,15,470.0
950.0,26,263.0,2.827956989247312,5.588905954733569,5,272.0,0.23537616597278255,21,287.0,0.2045045044118112,0,0.0,0.5737691233887435,26,559.0
955.0,38,432.0,4.909090909090909,4.835737865125675,11,315.0,0.15891748658667026,24,403.0,0.18428999930214673,3,10.0,0.5690953310804234,38,728.0
960.0,34,370.0,4.512195121951219,2.876728805054849,11,326.0,0.13784603218874905,20,440.0,0.06252799551299518,3,21.0,0.3352145859538806,34,787.0
965.0,25,198.0,2.302325581395349,4.434099087960934,8,294.0,0.21882256448359566,13,372.0,0.21779196300426693,4,29.0,0.250903102085664,25,695.0
970.0,14,101.0,1.1477272727272727,6.550355469449877,7,229.0,0.22133685230206177,5,272.0,0.44953183815134456,2,29.0,0.2990012355761286,14,530.0
975.0,10,23.0,0.25842696629213485,6.205776353365614,6,238.0,0.16774614884904573,4,266.0,0.460505218454471,0,11.0,0.3916424123795631,10,515.0
980.0,22,82.0,0.9647058823529412,6.0399458285798975,11,279.0,0.24206783225545314,8,257.0,0.22473526300776342,3,22.0,0.5111313304003162,22,558.0
985.0,34,204.0,2.5822784810126582,4.8485512135165285,11,331.0,0.26221034185059844,15,311.0,0.15693182562545274,8,49.0,0.32330204589213846,34,691.0
990.0,31,253.0,3.1625,3.4769202719854264,14,395.0,0.22920739996329123,11,304.0,0.07956045074108214,6,71.0,0.3056535242978788,31,770.0
995.0,29,266.0,3.2048192771084336,3.898537469145483,19,479.0,0.1354981402913859,7,223.0,0.2077157125175466,3,49.0,0.32374412788246776,29,751.0
1000.0,24,204.0,2.372093023255814,4.598983742320373,18,503.0,0.0761243267924386,2,201.0,0.34297056717278857,4,52.0,0.3556760731342824,24,756.0
1005.0,21,156.0,1.813953488372093,5.456709463426737,14,442.0,0.14226938827215865,7,216.0,0.3283244918364959,0,41.0,0.5875420512826831,21,699.0
1010.0,26,152.0,1.6703296703296704,4.973899317703302,14,357.0,0.16643452121222266,8,186.0,0.25428097209921063,4,52.0,0.32995930414330155,26,595.0
1015.0,23,142.0,1.632183908045977,5.897286607561277,12,328.0,0.2632549617526081,8,107.0,0.30540062186964734,3,54.0,0.2826681701886232,23,489.0
1020.0,13,110.0,1.3924050632911393,6.443127545105406,6,313.0,0.2814651502340716,6,89.0,0.37997691334665296,1,38.0,0.24184781456961355,13,440.0
1025.0,14,101.0,1.2625,7.257504963566751,4,338.0,0.23834971998402618,8,102.0,0.4250834182360541,2,21.0,0.4209806418437503,14,461.0
1030.0,13,59.0,0.8428571428571429,6.337974512866544,3,313.0,0.3057470098844653,8,103.0,0.2505543748363494,2,20.0,0.5889730424107423,13,436.0
1035.0,12,33.0,0.4782608695652174,5.531460308559832,3,265.0,0.29517003669534514,9,93.0,0.24494014447932128,0,3.0,0.6428592157930856,12,361.0
1040.0,13,80.0,1.1111111111111112,8.005380320095377,3,202.0,0.4458585181534491,9,99.0,0.4207120697473095,1,3.0,0.7946593439785241,13,304.0
1045.0,17,124.0,1.6533333333333333,6.320569703295099,3,190.0,0.3745565873260824,11,134.0,0.3218479268296719,3,12.0,0.5380216803518789,17,336.0
1050.0,18,86.0,1.1025641025641026,4.969939572928967,5,208.0,0.2925206466045408,12,144.0,0.17626382756341344,1,15.0,0.5178935905179457,18,367.0
1055.0,18,83.0,1.077922077922078,4.848962634243346,13,257.0,0.1570253028585325,5,87.0,0.21843756674200684,0,4.0,0.5886018053944012,18,348.0
1060.0,24,116.0,1.4146341463414633,5.2198650224103496,14,277.0,0.1260242703397995,7,71.0,0.31815098272801484,3,10.0,0.41008008783992567,24,358.0
1065.0,17,89.0,1.141025641025641,5.548170553066076,6,235.0,0.20596856621208146,5,86.0,0.3725122741448677,6,33.0,0.3413996287873802,17,354.0
1070.0,24,127.0,1.6075949367088607,4.248632972232904,6,261.0,0.1858892999626372,9,92.0,0.24671306854115968,9,74.0,0.23008410381723224,24,427.0
1075.0,32,171.0,2.111111111111111,4.3675108130194324,11,311.0,0.19713335132822116,15,121.0,0.17969635515777888,6,79.0,0.471407179532914,32,511.0
1080.0,22,120.0,1.4814814814814814,3.6012160180793886,9,323.0,0.13681991328923507,13,151.0,0.16301985486131243,0,38.0,0.4813276817398965,22,512.0
1085.0,19,65.0,0.7558139534883721,5.575413254278305,7,269.0,0.18623490206230284,10,147.0,0.3323074214191562,2,10.0,0.4771493530206702,19,426.0
1090.0,7,62.0,0.7380952380952381,7.715593328712154,2,184.0,0.2274410861262386,3,109.0,0.5431313350985243,2,18.0,0.539267703124376,7,311.0
1095.0,9,48.0,0.5783132530120482,6.889090281809443,3,171.0,0.18458386490512027,5,86.0,0.548762292771869,1,2.0,0.3101130631566683,9,259.0
1100.0,14,55.0,0.7142857142857143,5.790314800364859,6,192.0,0.213374896247363,4,79.0,0.2050358677726803,4,19.0,0.35927645147266135,14,290.0
1105.0,18,85.0,1.2686567164179106,4.382689892625054,4,175.0,0.2454406405586579,7,69.0,0.17056489179452564,7,45.0,0.3258221376196903,18,289.0
1110.0,19,143.0,2.072463768115942,5.684466144083288,4,141.0,0.3410114298465946,8,89.0,0.3578669206865846,7,75.0,0.4456101937347863,19,305.0
1115.0,11,41.0,0.5540540540540541,5.372416058061914,4,110.0,0.37178023012310973,6,86.0,0.28242321529201736,1,59.0,0.49511658926885516,11,255.0
1120.0,13,65.0,0.7831325301204819,6.049760389338973,5,88.0,0.31356846668591737,6,49.0,0.38255643504131415,2,9.0,0.4594076146270916,13,146.0
1125.0,7,28.0,0.3333333333333333,6.328118310127552,2,67.0,0.3072462743102752,3,53.0,0.3363953940111883,2,16.0,0.572962682230965,7,136.0
1130.0,19,65.0,0.7386363636363636,5.170997820681141,7,80.0,0.2464450083196211,10,64.0,0.2246367800112937,2,4.0,0.4489495557662906,19,148.0
1135.0,19,77.0,0.875,5.558265773717525,5,88.0,0.36085668288284245,9,82.0,0.17385153706973536,5,22.0,0.4899429553791422,19,192.0
1140.0,16,43.0,0.5180722891566265,4.935571618175144,4,68.0,0.3164371050872831,12,94.0,0.17223220840504522,0,25.0,0.42134270563350634,16,187.0
1145.0,13,40.0,0.47058823529411764,5.050646424002418,6,84.0,0.23711847371785358,5,128.0,0.25745459651024794,2,9.0,0.44826677895150596,13,221.0
1150.0,20,85.0,1.0,5.1462839305984085,9,121.0,0.21696840648692536,9,146.0,0.23928820855005337,2,21.0,0.5956616758712701,20,288.0
1155.0,22,116.0,1.288888888888889,4.615263188446329,7,133.0,0.19903483850009326,15,186.0,0.19958552419269573,0,2.0,0.5901821227760697,22,321.0
1160.0,25,112.0,1.2873563218390804,5.061594206341785,6,108.0,0.2590625927007909,17,224.0,0.16788255458820392,2,6.0,0.653761551648928,25,338.0
1165.0,24,91.0,1.058139534883721,4.611059412639916,8,125.0,0.11365704959266426,15,226.0,0.1691142043082316,1,2.0,0.6055578877339486,24,353.0
1170.0,24,119.0,1.4337349397590362,5.09179566372033,11,168.0,0.11684769919800612,11,201.0,0.293493648503563,2,11.0,0.5273060937002887,24,380.0
1175.0,19,152.0,1.9,5.292990127205851,5,169.0,0.13010069908795818,13,192.0,0.32207783963357567,1,3.0,0.6030607571398948,19,364.0
1180.0,22,220.0,2.7848101265822787,5.486147598721506,6,134.0,0.15626433299093484,14,226.0,0.2884487623730548,2,13.0,0.35873214952282517,22,373.0
1185.0,19,285.0,3.9583333333333335,5.814537144206446,4,101.0,0.1932954807693723,15,283.0,0.2546088992198699,0,9.0,0.6597206604101464,19,393.0
1190.0,21,350.0,4.929577464788732,4.543691007503901,2,91.0,0.18283676304066573,17,367.0,0.23855407838468848,2,1.0,0.2429182423549398,21,459.0
1195.0,18,251.0,3.535211267605634,4.941732489954341,3,99.0,0.20933930036413642,14,378.0,0.20013127306177875,1,0.0,0.6337846471436281,18,477.0
1200.0,16,83.0,1.2388059701492538,5.0247977242862065,6,124.0,0.22125121454821273,9,302.0,0.21647862092188558,1,3.0,0.7275858929361209,16,429.0
1205.0,15,65.0,0.9027777777777778,4.505025868376985,6,133.0,0.25946385192376875,7,325.0,0.205138362740673,2,9.0,0.5598620382059265,15,467.0
1210.0,18,79.0,1.0675675675675675,5.253345728574436,6,116.0,0.2746925611817946,9,362.0,0.2770934401066265,3,20.0,0.6173273074025073,18,498.0
1215.0,22,92.0,1.1794871794871795,3.714619522498136,5,140.0,0.1407572423782346,12,339.0,0.17549547896977696,5,37.0,0.2975093267430909,22,516.0
1220.0,27,148.0,1.922077922077922,3.494111756993343,10,183.0,0.20361495850029937,11,253.0,0.14439018640357254,6,69.0,0.3618457510128108,27,505.0
1225.0,30,114.0,1.3734939759036144,3.805497441004779,13,199.0,0.2109744013958634,12,165.0,0.2250083002195544,5,64.0,0.3735374093652493,30,428.0
1230.0,19,134.0,1.576470588235294,6.220626314932636,7,180.0,0.35342472812752934,10,164.0,0.3816518087367043,2,31.0,0.5988224507062267,19,375.0
1235.0,16,97.0,1.065934065934066,6.545769120285089,5,144.0,0.3435768848910251,9,161.0,0.3822364512738436,2,20.0,0.6105706127153452,16,325.0
1240.0,13,57.0,0.5643564356435643,6.338448279048635,6,141.0,0.30945374540421217,7,124.0,0.36341454150512364,0,4.0,0.4768644857111066,13,269.0
1245.0,12,32.0,0.3368421052631579,5.447179812217387,2,107.0,0.27707208094508684,6,130.0,0.2817736821039825,4,14.0,0.3142254049522323,12,251.0
1250.0,21,69.0,0.7666666666666667,4.519875667005376,6,122.0,0.23938715787656872,11,129.0,0.13410645068946264,4,26.0,0.349284579618238,21,277.0
1255.0,26,172.0,2.0,5.316958168233781,12,174.0,0.3472710515348942,13,173.0,0.19154442511817263,1,15.0,0.6437881223405781,26,362.0
1260.0,36,245.0,2.784090909090909,4.342293235514071,17,245.0,0.18010092904775216,15,198.0,0.23013938827246208,4,17.0,0.5433000187428992,36,460.0
1265.0,34,215.0,2.263157894736842,4.156267280429852,16,281.0,0.1168679322870395,11,190.0,0.21236352391609617,7,41.0,0.3449845522278753,34,512.0
1270.0,26,133.0,1.5465116279069768,4.461156585093607,11,256.0,0.1485747281509329,8,160.0,0.2554026521117277,7,57.0,0.3129361065768813,26,473.0
1275.0,27,154.0,1.7303370786516854,4.829845932919522,11,309.0,0.1062069299172892,11,161.0,0.3964386855692481,5,50.0,0.27362861746980555,27,520.0
1280.0,25,139.0,1.5795454545454546,4.881642359303801,17,377.0,0.11049858539677886,7,175.0,0.318080532668198,1,44.0,0.45453995187209845,25,596.0
1285.0,36,127.0,1.4431818181818181,4.049272392809124,19,410.0,0.11995784620790051,10,158.0,0.2544287681607743,7,61.0,0.3754676201200006,36,629.0
1290.0,16,62.0,0.7209302325581395,4.779099507808917,6,361.0,0.2225089369525745,7,160.0,0.2671796801992153,3,63.0,0.494880970246617,16,584.0
1295.0,13,56.0,0.6436781609195402,4.921419750213095,5,374.0,0.15141744150333486,8,123.0,0.31145333433150135,0,39.0,0.47844628326064237,13,536.0
1300.0,21,86.0,0.9247311827956989,4.818099102389817,9,418.0,0.09389454087228806,10,132.0,0.2606493342651836,2,20.0,0.47991338882652246,21,570.0
1305.0,22,95.0,1.1046511627906976,4.607772516905791,9,412.0,0.19871849639197792,11,118.0,0.20035948350694702,2,18.0,0.7085464147613806,22,548.0
1310.0,16,47.0,0.5164835164835165,4.458597410259875,3,282.0,0.19386875956471133,11,149.0,0.22714351484572398,2,3.0,0.5002283854138255,16,434.0
1315.0,18,74.0,0.7789473684210526,6.0779321003440625,4,220.0,0.2900505197626787,11,164.0,0.25736234319701534,3,11.0,0.5741764408422092,18,395.0
1320.0,11,45.0,0.5113636363636364,4.814805647507378,2,192.0,0.22347978362868914,9,163.0,0.2115572740419167,0,5.0,0.3751435085177375,11,360.0
1325.0,18,60.0,0.6818181818181818,4.793159055246554,6,214.0,0.26364491799502754,10,149.0,0.1871196014336184,2,11.0,0.5950664043636102,18,374.0
1330.0,18,53.0,0.6022727272727273,4.78354003422213,5,209.0,0.2996105613589097,12,165.0,0.1803106706353293,1,6.0,0.6599580266129372,18,380.0
1335.0,15,53.0,0.5760869565217391,4.955330291463607,2,154.0,0.2802834150371544,11,179.0,0.19842476829383418,2,15.0,0.45759788856786915,15,348.0
1340.0,20,109.0,1.2247191011235956,4.973122663779891,3,133.0,0.2545062228308275,13,206.0,0.20424836335839602,4,33.0,0.396558913880794,20,372.0
1345.0,32,185.0,2.0786516853932584,4.240603563561217,10,163.0,0.10738469328625722,18,262.0,0.21967655041348702,4,26.0,0.20739474880193717,32,451.0
1350.0,34,333.0,4.060975609756097,4.685736275276919,12,214.0,0.131028539491447,20,337.0,0.23557664980367718,2,13.0,0.5588668511288921,34,564.0
1355.0,27,271.0,3.4743589743589745,3.9668632933446193,9,220.0,0.15238202119302074,16,357.0,0.20010838587750163,2,11.0,0.4367797081578803,27,588.0
1360.0,23,150.0,1.7857142857142858,5.124418573603479,7,152.0,0.20528906933178945,12,305.0,0.26832197369884314,4,29.0,0.49559226374962456,23,486.0
1365.0,10,50.0,0.6172839506172839,5.064162031623559,5,143.0,0.2801209868445654,5,299.0,0.23780418335607376,0,19.0,0.693279990774723,10,461.0
1370.0,18,56.0,0.6153846153846154,5.344166130766572,8,172.0,0.18547167276723187,8,314.0,0.2584575626801862,2,2.0,0.5381227100563454,18,488.0
1375.0,17,58.0,0.6823529411764706,5.070003076872899,3,156.0,0.16012285037035462,11,303.0,0.24173441792085865,3,12.0,0.6167972702627434,17,471.0
1380.0,14,41.0,0.5125,4.832159117573363,1,117.0,0.2655350752682887,13,247.0,0.22406891399919504,0,2.0,0.5645418163752806,14,366.0
1385.0,13,86.0,0.9885057471264368,6.0157543236162185,0,96.0,0.36210921516726324,11,183.0,0.22796248132154898,2,9.0,0.7076892873402428,13,288.0
1390.0,15,139.0,1.5795454545454546,6.299816525822857,3,107.0,0.3892206849320258,12,166.0,0.24562008279358466,0,2.0,0.7254508217133144,15,275.0
1395.0,27,242.0,2.659340659340659,5.222128500811064,8,135.0,0.2605733011981999,17,216.0,0.295422295221194,2,4.0,0.5769795844417903,27,355.0
1400.0,31,244.0,2.681318681318681,4.39453971624543,15,194.0,0.23146377169899987,16,252.0,0.20281628652040065,0,0.0,0.6500341956668463,31,446.0
1405.0,42,269.0,2.7731958762886597,3.761670797777549,22,282.0,0.07621338389682415,13,219.0,0.14730542352171505,7,14.0,0.2770657867387826,42,515.0
1410.0,42,366.0,4.021978021978022,3.092407805057258,28,405.0,0.058270569326467396,6,217.0,0.16155514429445048,8,43.0,0.229287775955138,42,665.0
1415.0,37,366.0,4.305882352941176,2.674981346653615,25,477.0,0.10842531981304007,7,224.0,0.20538125506325627,5,61.0,0.3364347776653944,37,762.0
1420.0,33,289.0,3.074468085106383,3.9835510306776327,23,487.0,0.15176165845181658,8,206.0,0.24812835520914214,2,47.0,0.45291130420680004,33,740.0
1425.0,26,211.0,2.1752577319587627,5.776064816915694,18,446.0,0.16425631772425064,6,166.0,0.3774070783243862,2,32.0,0.5370896659905543,26,644.0
1430.0,20,174.0,1.7575757575757576,6.1500203182236435,12,433.0,0.22289434695402124,4,177.0,0.3904503606374158,4,29.0,0.4481366834309762,20,639.0
1435.0,17,113.0,1.202127659574468,5.971740936568896,5,405.0,0.3445606374539384,9,187.0,0.3302452631314622,3,14.0,0.4381421737446343,17,606.0
1440.0,23,101.0,1.086021505376344,5.280327498134514,7,427.0,0.2689131850118502,11,187.0,0.15895469028328046,5,26.0,0.44615036617588605,23,640.0
1445.0,18,52.0,0.5842696629213483,5.038294003035739,6,405.0,0.2592241022913116,12,155.0,0.11530947677113654,0,27.0,0.48300563817672726,18,587.0
1450.0,8,22.0,0.27848101265822783,5.136697952723803,2,323.0,0.264385678162312,6,194.0,0.25800430134204355,0,2.0,0.5112186243965152,8,519.0
1455.0,12,47.0,0.5595238095238095,5.960927677443313,1,230.0,0.36765710340800245,9,218.0,0.32475583525755264,2,8.0,0.41803942912063025,12,456.0
1460.0,21,67.0,0.7444444444444445,5.437953387441104,4,234.0,0.3323953436741949,11,206.0,0.2265263992278811,6,27.0,0.5150590386658318,21,467.0
1465.0,23,69.0,0.75,4.229921392274102,9,261.0,0.13075573126716408,10,168.0,0.15112468729589426,4,25.0,0.36018174702733413,23,454.0
1470.0,14,51.0,0.6144578313253012,5.034180112652658,6,255.0,0.21552812963143864,6,171.0,0.22432050295352726,2,20.0,0.48401710139087073,14,446.0
1475.0,14,50.0,0.6329113924050633,5.656478182111719,3,164.0,0.3175454427225754,9,182.0,0.29240601577345054,2,22.0,0.5798271403645805,14,368.0
1480.0,19,110.0,1.25,5.711246913142663,2,170.0,0.31939898387606647,13,216.0,0.29988518207437936,4,40.0,0.5321000922165825,19,426.0
1485.0,29,232.0,2.5217391304347827,5.6607741629450645,6,192.0,0.33051842541383136,18,281.0,0.21531674192581596,5,60.0,0.6057107587739714,29,533.0
1490.0,31,244.0,2.681318681318681,4.0553687669372245,6,178.0,0.19448564548372552,18,317.0,0.16232209139368114,7,81.0,0.43656261205015573,31,576.0
1495.0,18,104.0,1.1428571428571428,4.9530258948806525,4,120.0,0.23724991537844578,12,286.0,0.21775194159937586,2,49.0,0.431966840133932,18,455.0
1500.0,14,62.0,0.7045454545454546,5.390747449146639,3,55.0,0.21812357927149684,6,321.0,0.2938293259936111,5,22.0,0.26193629170060634,14,398.0
1505.0,18,70.0,0.7777777777777778,5.250216372335755,2,45.0,0.28009572673999567,10,343.0,0.2675261929762715,6,37.0,0.3821982120090845,18,425.0
1510.0,21,92.0,1.0454545454545454,5.223962667742601,9,68.0,0.26743168580777443,11,332.0,0.18421010706359608,1,32.0,0.6124957011559808,21,432.0
1515.0,19,71.0,0.8255813953488372,5.276885737355303,5,63.0,0.1856438349426078,12,273.0,0.18523132547327914,2,21.0,0.5089607066655747,19,357.0
1520.0,11,48.0,0.5853658536585366,5.811388528664541,2,38.0,0.24920119423963127,6,278.0,0.2582048152580879,3,28.0,0.5509536102216744,11,344.0
1525.0,14,34.0,0.4,5.6243968120532895,4,35.0,0.24207463458732212,8,295.0,0.3222329051193071,2,8.0,0.46159425726384545,14,338.0
1530.0,24,116.0,1.3181818181818181,5.254327744248966,7,58.0,0.22128566651960782,15,336.0,0.19934672410776758,2,6.0,0.595690841890767,24,400.0
1535.0,28,240.0,2.962962962962963,4.312327112137367,10,103.0,0.22175957755266565,18,415.0,0.11356474481656163,0,6.0,0.6827786791952241,28,524.0
1540.0,36,303.0,3.6506024096385543,3.4842601922633576,15,167.0,0.12457297273882337,19,430.0,0.09512879961489616,2,6.0,0.5858857864233226,36,603.0
1545.0,26,219.0,2.607142857142857,5.081182680767278,13,197.0,0.18152077778733805,11,355.0,0.22321756266259365,2,16.0,0.6613445447017418,26,568.0
1550.0,16,79.0,0.9186046511627907,5.115156947842874,10,152.0,0.1005294929731123,2,295.0,0.38166086161175533,4,30.0,0.3746287219196803,16,477.0
1555.0,20,115.0,1.3529411764705883,5.544241092071821,9,192.0,0.22846778792424105,7,310.0,0.33012029182154873,4,52.0,0.5412048248425269,20,554.0
1560.0,22,71.0,0.8160919540229885,5.072290856315145,14,247.0,0.1648141498505361,8,268.0,0.2697019059375394,0,22.0,0.4389096468723036,22,537.0
1565.0,23,118.0,1.3563218390804597,4.95717098418723,17,326.0,0.11290806291938252,4,177.0,0.22275641447593011,2,10.0,0.4608161746553695,23,513.0
1570.0,18,100.0,1.3333333333333333,4.826060594431063,14,356.0,0.11908209779620862,4,85.0,0.24505663604603434,0,8.0,0.5301532601656787,18,449.0
1575.0,14,81.0,1.125,6.006674717879604,7,308.0,0.1449318482400358,5,57.0,0.570125828322342,2,5.0,0.4305172502196372,14,370.0
1580.0,12,45.0,0.6428571428571429,5.868586189771699,9,316.0,0.16394753121022104,1,45.0,0.5438437022413256,2,15.0,0.5303677743432388,12,376.0
1585.0,25,75.0,1.0416666666666667,5.031208582222826,16,375.0,0.1101134290845764,7,32.0,0.4290344538451835,2,2.0,0.5473045018645804,25,409.0
1590.0,21,108.0,1.5211267605633803,5.653025820800608,11,386.0,0.24641056680731505,9,69.0,0.31232727990238224,1,5.0,0.710078064820175,21,460.0
1595.0,7,33.0,0.4782608695652174,5.237550318067254,3,322.0,0.26921522376479057,4,77.0,0.28276365208127546,0,2.0,0.6733073649798001,7,401.0
1600.0,9,25.0,0.32051282051282054,6.31940401965834,2,223.0,0.23063785446426927,5,46.0,0.42561760729030645,2,5.0,0.6080420750857782,9,274.0
1605.0,6,31.0,0.3875,7.281260736269513,2,219.0,0.2617686640765365,3,36.0,0.5822713734757605,1,1.0,0.5577666996271591,6,256.0
1610.0,15,43.0,0.524390243902439,5.333022892218829,8,243.0,0.12991604173104931,2,20.0,0.32976021649020343,5,16.0,0.21605446866942354,15,279.0
1615.0,19,92.0,1.3142857142857143,4.764162505985402,6,248.0,0.27068890960413006,7,24.0,0.17141721144052663,6,48.0,0.41429764628033156,19,320.0
1620.0,15,36.0,0.5142857142857142,4.992082818552106,5,198.0,0.31741438487459217,9,42.0,0.24192651823960054,1,46.0,0.44746551219964836,15,286.0
1625.0,11,31.0,0.3974358974358974,6.488706491518305,3,207.0,0.2769796603702997,6,38.0,0.3818537750871674,2,9.0,0.5559502554563145,11,254.0
1630.0,14,68.0,0.85,6.214063021035267,7,235.0,0.1675872375946727,5,48.0,0.4285689184119681,2,6.0,0.4270650586514209,14,289.0
1635.0,18,115.0,1.4935064935064934,5.760441123908517,6,230.0,0.10262601368118372,7,70.0,0.415122255210066,5,26.0,0.22570077445907133,18,326.0
1640.0,14,114.0,1.7014925373134329,5.579677919083672,4,180.0,0.22182117866859927,9,107.0,0.287580008835112,1,29.0,0.4168334174978053,14,316.0
1645.0,17,151.0,2.1884057971014492,5.848485637780921,4,113.0,0.15840521786403416,10,153.0,0.43684050121018925,3,5.0,0.3209685989370071,17,271.0
1650.0,15,209.0,3.073529411764706,6.3779397544859995,3,84.0,0.2754076574571094,11,204.0,0.4199747988166885,1,3.0,0.5843006351618267,15,291.0
1655.0,16,132.0,1.8857142857142857,5.7745517252084415,2,47.0,0.2910597772937168,11,191.0,0.3195014311315545,3,17.0,0.42173719747554,16,255.0
1660.0,13,64.0,0.9411764705882353,5.328671973590658,0,22.0,0.43323881703947054,9,138.0,0.24076666453789725,4,37.0,0.46580740269002713,13,197.0
1665.0,13,41.0,0.6029411764705882,5.051991151379518,3,32.0,0.47819138304476827,8,164.0,0.1563649883162296,2,37.0,0.4948910232810151,13,233.0
1670.0,16,52.0,0.6753246753246753,4.88617233127152,6,31.0,0.2979611900567305,9,200.0,0.22913953669318785,1,10.0,0.356116588917014,16,241.0
1675.0,13,53.0,0.6708860759493671,5.84445856171199,3,29.0,0.30337608633390206,7,190.0,0.32684240052193386,3,10.0,0.5350359246549891,13,229.0
1680.0,16,63.0,0.8076923076923077,5.316106184456165,2,28.0,0.3223787351918982,14,150.0,0.2529328130450118,0,2.0,0.6323441472260519,16,180.0
1685.0,19,135.0,1.588235294117647,6.257170297345347,4,43.0,0.45479458567363945,14,157.0,0.2259802454304029,1,6.0,0.7249005781695095,19,206.0
1690.0,18,164.0,1.8636363636363635,5.8833762204101765,1,20.0,0.46575557682916197,17,206.0,0.17717660232354093,0,3.0,0.7560324603460021,18,229.0
1695.0,27,153.0,1.6630434782608696,5.146519417679315,7,26.0,0.32561839075265353,18,255.0,0.1973407686630722,2,3.0,0.6186651356444679,27,284.0
1700.0,18,83.0,0.9021739130434783,5.7480950100702595,5,43.0,0.28371313567646256,13,257.0,0.2764952896705793,0,0.0,0.6295387567274158,18,300.0
1705.0,19,73.0,0.7934782608695652,5.171066446654362,5,40.0,0.17181459025028922,8,213.0,0.3240006610546539,6,11.0,0.19500691655579616,19,264.0
1710.0,18,132.0,1.5348837209302326,5.77583613430873,3,37.0,0.2931945878946836,13,219.0,0.2826748697929256,2,20.0,0.3477444272727385,18,276.0
1715.0,21,197.0,2.402439024390244,5.301673463361092,2,32.0,0.22767725206672607,19,270.0,0.18163872824837762,0,10.0,0.5437307773806989,21,312.0
1720.0,25,203.0,2.475609756097561,4.809620839269965,6,55.0,0.16190173105954522,18,301.0,0.15972905099714457,1,12.0,0.4496117427760158,25,368.0
1725.0,23,160.0,2.1052631578947367,5.195075826911751,3,61.0,0.3426614135072979,16,294.0,0.17609766593511,4,30.0,0.5542954254633028,23,385.0
1730.0,17,133.0,1.6625,5.321043458710987,3,31.0,0.3222582787043865,14,265.0,0.2355512033669941,0,24.0,0.5197378616543002,17,320.0
1735.0,16,81.0,0.9642857142857143,5.469607376757174,4,38.0,0.3483490011955081,11,302.0,0.24003145183099553,1,2.0,0.7188627783856357,16,342.0
1740.0,17,60.0,0.6818181818181818,5.859629917536876,5,51.0,0.22559564276641958,10,324.0,0.2672201897925833,2,6.0,0.5563730585072607,17,381.0
1745.0,18,75.0,0.8333333333333334,4.164308930760943,8,79.0,0.11452565288306865,5,319.0,0.26558166979817255,5,27.0,0.24344914210234064,18,425.0
1750.0,16,62.0,0.7380952380952381,4.59461886614722,5,72.0,0.2820732162561463,8,289.0,0.1989641282245658,3,38.0,0.4696293800326608,16,399.0
1755.0,17,50.0,0.5376344086021505,4.191932775014846,6,94.0,0.21364746402514292,9,318.0,0.17053488255507568,2,19.0,0.488937321100927,17,431.0
1760.0,21,85.0,0.8854166666666666,5.055578227620958,9,138.0,0.20438632404112286,10,324.0,0.21803155202713925,2,15.0,0.6147452165020633,21,477.0
1765.0,21,91.0,0.9381443298969072,4.562705547382889,9,149.0,0.09143680317809898,9,349.0,0.2279109311884201,3,4.0,0.43862968571272554,21,502.0
1770.0,18,83.0,0.9222222222222223,4.521086468932607,5,133.0,0.18760684129298455,10,352.0,0.1970067103761031,3,14.0,0.37030237309809666,18,499.0
1775.0,17,60.0,0.6976744186046512,4.444069732500281,3,123.0,0.2478489037206783,14,286.0,0.12710352536160333,0,9.0,0.6341181233105239,17,418.0
1780.0,21,74.0,0.8131868131868132,4.738921312183392,5,145.0,0.21907928818713843,14,342.0,0.19493829898027354,2,7.0,0.6275029144409319,21,494.0
1785.0,18,77.0,0.8369565217391305,5.539003636482498,4,140.0,0.26062362065211525,12,360.0,0.22554398908864626,2,15.0,0.6803254064703188,18,515.0
1790.0,18,62.0,0.6813186813186813,4.207292819877928,3,115.0,0.16817823975243715,10,367.0,0.2031184274103995,5,29.0,0.24954440670694325,18,511.0
1795.0,13,45.0,0.4945054945054945,4.7603207745790295,3,128.0,0.2794050504384536,9,324.0,0.18051486072851383,1,12.0,0.6751059469360393,13,464.0
1800.0,20,63.0,0.6631578947368421,4.6356368208238585,7,150.0,0.22117288569368185,12,342.0,0.11587553942207489,1,4.0,0.719524403734085,20,496.0
1805.0,19,71.0,0.7319587628865979,4.515457837838814,5,151.0,0.22398500365617474,12,350.0,0.10435272083917808,2,11.0,0.5663454343592279,19,512.0
1810.0,11,39.0,0.46987951807228917,4.121073555311408,3,123.0,0.2300747861350523,8,341.0,0.16764216842179286,0,5.0,0.5333953953163958,11,469.0
1815.0,17,52.0,0.5909090909090909,4.276998666683513,4,122.0,0.23326723693712495,12,294.0,0.20113401231046688,1,4.0,0.5253092333242028,17,420.0
1820.0,20,65.0,0.6914893617021277,4.780678059292812,5,146.0,0.283544153109544,12,277.0,0.1814761441581069,3,14.0,0.6761391575987937,20,437.0
1825.0,15,35.0,0.36082474226804123,4.5714035466868905,5,128.0,0.1779437703780264,8,279.0,0.20403852040465495,2,2.0,0.6333017337198542,15,409.0
1830.0,11,31.0,0.33695652173913043,4.505418549294833,3,101.0,0.21634868079423042,7,277.0,0.17416940019922267,1,3.0,0.5395253946154738,11,381.0
1835.0,12,51.0,0.5543478260869565,3.9912206986915306,2,98.0,0.22273947480300646,10,262.0,0.15256207534892474,0,3.0,0.4598261246962267,12,363.0
1840.0,21,75.0,0.75,4.415023331868327,6,118.0,0.2307695436675053,12,251.0,0.14103500184475218,3,8.0,0.545678203759389,21,377.0
1845.0,25,114.0,1.1875,4.7048396212663155,9,153.0,0.2068536094376428,15,254.0,0.19425938625165823,1,5.0,0.6295966566556992,25,412.0
1850.0,21,90.0,0.9090909090909091,3.859822863264846,10,155.0,0.09597574045566645,6,256.0,0.20922885625079948,5,23.0,0.27922901403921796,21,434.0
1855.0,22,84.0,0.875,4.464029862225996,8,143.0,0.24709802144679435,10,228.0,0.19622366659337745,4,35.0,0.4416569271462238,22,406.0
1860.0,17,56.0,0.5773195876288659,4.095618902080504,7,162.0,0.22015704118978924,10,243.0,0.1617124358502273,0,14.0,0.5101604902582878,17,419.0
1865.0,24,85.0,0.8095238095238095,4.6712901012874095,9,207.0,0.210291841501506,12,225.0,0.1769008309248455,3,19.0,0.4164204800150659,24,451.0
1870.0,30,181.0,1.81,4.442892593080785,11,259.0,0.10672401491166691,11,219.0,0.2153070021178121,8,46.0,0.2985653489495144,30,524.0
1875.0,32,233.0,2.478723404255319,3.8810115070219697,10,280.0,0.10454436336156457,16,259.0,0.21095908107056668,6,59.0,0.22286398438158747,32,598.0
1880.0,30,283.0,3.2906976744186047,5.019791797293679,6,246.0,0.1989309802723743,22,340.0,0.22262384514918512,2,35.0,0.43253195363652924,30,621.0
1885.0,38,395.0,4.293478260869565,4.09012390084909,9,199.0,0.11543083389479951,25,453.0,0.15449389706857014,4,44.0,0.21633325758959696,38,696.0
1890.0,42,553.0,6.076923076923077,3.7336853556671987,7,191.0,0.23909434288896075,27,581.0,0.09210205109618472,8,71.0,0.2420209624296502,42,843.0
1895.0,38,488.0,5.674418604651163,2.830710713701077,6,222.0,0.18926393795123805,28,639.0,0.08602759497113284,4,70.0,0.21280684356245894,38,931.0
1900.0,30,329.0,3.696629213483146,3.563711536360425,5,234.0,0.2829792083461627,20,600.0,0.20117758319491888,5,57.0,0.2693137762556728,30,891.0
1905.0,28,318.0,3.3473684210526318,5.465020925167249,7,261.0,0.36022201291652817,17,507.0,0.26988889096734026,4,50.0,0.4873897932701634,28,818.0
1910.0,30,311.0,3.0194174757281553,4.9225670441370735,12,307.0,0.27687995587766157,17,449.0,0.29047919393981725,1,37.0,0.4293231999794964,30,793.0
1915.0,30,269.0,2.6116504854368934,4.654741278958112,14,368.0,0.2683943182319034,9,472.0,0.27050143076956595,7,57.0,0.4169959228800955,30,897.0
1920.0,29,249.0,2.3055555555555554,3.873916751985118,17,403.0,0.19645213429441835,8,471.0,0.19973276570200232,4,60.0,0.24301091360946997,29,934.0
1925.0,33,244.0,2.15929203539823,4.265179666261363,17,482.0,0.11730675232798632,12,505.0,0.25600571304491554,4,52.0,0.23176705369724693,33,1039.0
1930.0,34,255.0,2.3394495412844036,4.307134542865118,21,578.0,0.07313480692288059,11,497.0,0.2607788698713569,2,36.0,0.30863205172635577,34,1111.0
1935.0,33,188.0,1.709090909090909,3.5509566538941115,19,628.0,0.12493933393998363,12,445.0,0.18280630592685734,2,24.0,0.33185123117799487,33,1097.0
1940.0,30,175.0,1.6055045871559632,4.388562563827859,11,588.0,0.24102309889640477,12,483.0,0.21075525830435268,7,48.0,0.323481118041047,30,1119.0
1945.0,30,158.0,1.4107142857142858,3.6537237350394967,10,570.0,0.1695689367694228,9,493.0,0.18469009835584826,11,91.0,0.16146125588400198,30,1154.0
1950.0,30,174.0,1.6111111111111112,3.7595293386908293,7,600.0,0.1631776738183491,14,520.0,0.14066769895271258,9,111.0,0.13918786962448212,30,1231.0
1955.0,32,201.0,2.01,3.397113001202253,11,650.0,0.12682962665010553,15,526.0,0.14522279633054658,6,90.0,0.22073690537111643,32,1266.0
1960.0,32,152.0,1.4901960784313726,3.3573173098318545,9,638.0,0.18511092556971676,14,455.0,0.17180784484534659,9,120.0,0.20232219491928444,32,1213.0
1965.0,25,106.0,1.0,4.407860029234767,5,537.0,0.3366086452534238,11,490.0,0.20643084384760121,9,165.0,0.25622437076944604,25,1192.0
1970.0,26,81.0,0.7232142857142857,4.028473684559215,6,391.0,0.26593715960856995,11,510.0,0.18196654343472562,9,173.0,0.16329885835018487,26,1074.0
1975.0,19,72.0,0.6486486486486487,4.283722290922858,4,330.0,0.2970631388583515,10,490.0,0.1637465771540543,5,157.0,0.18301377175500524,19,977.0
1980.0,20,55.0,0.5092592592592593,3.72921921872745,4,329.0,0.2647699188331774,12,409.0,0.1707421792271697,4,159.0,0.21284819518045775,20,897.0
1985.0,23,87.0,0.7565217391304347,4.387605469558114,5,347.0,0.3306508066709032,12,381.0,0.17101653157567423,6,184.0,0.22169602710028838,23,912.0
1990.0,26,113.0,1.0272727272727273,3.7836765629148355,9,385.0,0.34537391133393663,11,391.0,0.13480755703390557,6,183.0,0.20830518481644952,26,959.0
1995.0,30,159.0,1.4722222222222223,3.033065999713114,15,442.0,0.1200363448124935,10,376.0,0.16820377942596867,5,157.0,0.2050105231097124,30,975.0
2000.0,34,261.0,2.439252336448598,3.8630383682999674,19,529.0,0.182764701931262,10,303.0,0.2338010324695227,5,125.0,0.2990645812570122,34,957.0
2005.0,32,224.0,1.8983050847457628,3.3131536059944646,19,539.0,0.16268562700908443,9,270.0,0.17103142690051396,4,118.0,0.24274979849651646,32,927.0
2010.0,33,193.0,1.6355932203389831,4.154338365613239,15,487.0,0.17637541596451653,13,274.0,0.1878783987182412,5,135.0,0.3044413360839892,33,896.0
2015.0,31,203.0,1.7964601769911503,3.996586590046537,14,532.0,0.12287307638737714,13,286.0,0.15246614486237509,4,129.0,0.23702711057735562,31,947.0
2020.0,35,197.0,1.8073394495412844,3.9378686220863632,17,613.0,0.07887662813698894,15,287.0,0.20601970457446656,3,86.0,0.20244040946219083,35,986.0
2025.0,34,236.0,2.269230769230769,3.8233148603542184,18,710.0,0.17784495944358245,14,264.0,0.20438736113934186,2,70.0,0.34224105100863345,34,1044.0
2030.0,26,152.0,1.3944954128440368,3.333033271680248,12,705.0,0.1764383374001868,13,296.0,0.17395236883711077,1,56.0,0.29673657655092256,26,1057.0
2035.0,22,90.0,0.8108108108108109,4.468268575931252,8,602.0,0.24507320784134645,11,288.0,0.2019398810163412,3,67.0,0.3115245655656364,22,957.0
2040.0,26,152.0,1.3818181818181818,4.279979732315257,7,453.0,0.1877164208056303,14,302.0,0.17100562177186673,5,63.0,0.18392360662191004,26,818.0
2045.0,29,134.0,1.2407407407407407,3.911399574308439,8,464.0,0.16549431656845023,18,330.0,0.15498305878460625,3,51.0,0.22347721694782038,29,845.0
2050.0,32,133.0,1.2547169811320755,3.794743313899035,11,508.0,0.20700465187093425,19,311.0,0.13594661706154695,2,52.0,0.2568273515697162,32,871.0
2055.0,30,166.0,1.5229357798165137,4.353058913321863,6,488.0,0.28540237408003194,20,287.0,0.1654656190301564,4,69.0,0.26435970569660344,30,844.0
2060.0,27,202.0,1.9238095238095239,4.69310430675413,4,381.0,0.42685491215258736,18,313.0,0.23068306376372097,5,73.0,0.33561099066353617,27,767.0
2065.0,31,254.0,2.2280701754385963,4.5435960768596555,4,343.0,0.3652780577064728,22,347.0,0.23685073020337705,5,56.0,0.2931918466718702,31,746.0
2070.0,32,371.0,3.1982758620689653,4.988693365683137,6,332.0,0.3524048904748077,24,413.0,0.2313447554092371,2,49.0,0.3327712702882214,32,794.0
2075.0,30,493.0,4.177966101694915,4.660291810114498,0,329.0,0.2918197096747586,24,518.0,0.25470600831483825,6,71.0,0.22092901346529623,30,918.0
2080.0,30,415.0,3.516949152542373,3.6452474971363253,5,347.0,0.17838605842202165,18,548.0,0.19136629240389147,7,81.0,0.16842541446135229,30,976.0
2085.0,32,270.0,2.477064220183486,3.351017106269412,13,395.0,0.11431326470560295,14,493.0,0.17771582409109377,5,68.0,0.18662070851695728,32,956.0
2090.0,27,189.0,1.75,3.8903709430551627,17,467.0,0.0514723598073348,9,365.0,0.3066657551263424,1,39.0,0.18493165103042078,27,871.0
2095.0,29,246.0,2.2990654205607477,5.133299523597245,16,489.0,0.08784958943104534,11,297.0,0.40274773555508436,2,29.0,0.34285632662403415,29,815.0
2100.0,19,125.0,1.1904761904761905,4.5039128398425605,9,426.0,0.10864003597091566,8,286.0,0.3019051936519074,2,14.0,0.28967494473655864,19,726.0
2105.0,25,93.0,0.8773584905660378,4.687069688641466,10,424.0,0.20135604543731406,9,228.0,0.30607372658061704,6,39.0,0.2755111707127794,25,691.0
2110.0,36,193.0,1.8737864077669903,4.710709523289333,14,481.0,0.20889896362606047,10,227.0,0.2798537187817039,12,89.0,0.3450949471664482,36,797.0
2115.0,39,311.0,2.9903846153846154,3.844923106121349,12,483.0,0.2193028204966155,10,242.0,0.2675983920020514,17,162.0,0.21720778391917403,39,887.0
2120.0,33,218.0,2.0961538461538463,3.278484819332072,4,387.0,0.28335224427954636,14,224.0,0.1851000572963231,15,205.0,0.1754969626949207,33,816.0
2125.0,27,108.0,0.9557522123893806,4.335264899053741,3,227.0,0.21050191981992902,9,109.0,0.3181683541993573,15,199.0,0.12389578042808015,27,535.0
2130.0,19,106.0,0.954954954954955,5.91208684499549,3,221.0,0.23342844208770894,6,96.0,0.47660446785913163,10,170.0,0.20935343848888305,19,487.0
2135.0,18,66.0,0.6226415094339622,5.65102893987105,10,246.0,0.1407036318168016,2,85.0,0.4042488740089776,6,139.0,0.2882257682873996,18,470.0
2140.0,27,120.0,1.1428571428571428,4.51650544339238,14,305.0,0.17104371925320247,10,69.0,0.21298784520968572,3,137.0,0.37061758508777914,27,511.0
2145.0,31,194.0,1.94,4.907117344664514,14,319.0,0.25080559001378244,11,109.0,0.2310456547940711,6,159.0,0.3735261656353089,31,587.0
2150.0,32,174.0,1.6893203883495145,3.644141438500367,9,236.0,0.17600580176689248,10,126.0,0.21650089464459343,13,212.0,0.2309699208959854,32,574.0
2155.0,37,215.0,2.0093457943925235,3.654340811502136,7,199.0,0.2318586387772936,10,113.0,0.23845430474623686,20,291.0,0.08991831735112413,37,603.0
2160.0,39,342.0,3.1666666666666665,4.088684989258295,5,210.0,0.1904514555398224,9,93.0,0.2842169766412884,25,402.0,0.09767885188626699,39,705.0
2165.0,38,318.0,2.890909090909091,3.8055546128857913,11,253.0,0.16578945975981357,6,103.0,0.21841745095450923,21,459.0,0.11161806172027397,38,815.0
2170.0,31,207.0,1.9903846153846154,3.911535163955775,9,265.0,0.21992571902405722,7,85.0,0.22723182752293883,15,425.0,0.24063772641934275,31,775.0
2175.0,26,116.0,1.0642201834862386,4.324680422180304,5,212.0,0.26157897982363215,11,105.0,0.2665897916213915,10,324.0,0.23919176798212727,26,641.0
2180.0,21,89.0,0.7672413793103449,5.231506235500767,4,141.0,0.2734973897009566,11,120.0,0.3276787690678594,6,349.0,0.2533954465807777,21,610.0
2185.0,29,125.0,1.0683760683760684,4.489768124496612,6,140.0,0.19124366367063614,12,150.0,0.27154794809212485,11,388.0,0.13312484209424194,29,678.0
2190.0,28,120.0,1.1009174311926606,3.7326386721110296,8,169.0,0.15198682319860654,13,169.0,0.1509223722438347,7,372.0,0.15945203835097302,28,710.0
2195.0,31,135.0,1.3235294117647058,3.6943236012395158,14,226.0,0.15761282573437937,14,159.0,0.19122304662094852,3,291.0,0.28595864768847096,31,676.0
2200.0,22,114.0,1.0654205607476634,4.350337039971852,10,239.0,0.2141805382044543,9,199.0,0.2445783685204204,3,164.0,0.30527903105004883,22,602.0
2205.0,17,87.0,0.7837837837837838,5.313180148539126,5,180.0,0.24079959275537596,10,207.0,0.2638092644198538,2,124.0,0.39171496725663646,17,511.0
2210.0,23,125.0,1.1061946902654867,5.220724800781749,5,107.0,0.17936886953450087,16,239.0,0.2904923664060858,2,90.0,0.2444327309409437,23,436.0
2215.0,28,137.0,1.2568807339449541,4.412839682067381,7,125.0,0.19550809033893882,16,271.0,0.15968478468715375,5,108.0,0.2655108648693045,28,504.0
2220.0,37,174.0,1.7058823529411764,3.546381860502511,9,164.0,0.19402814466779345,19,262.0,0.09561911751132877,9,149.0,0.26630209255616144,37,575.0
2225.0,41,288.0,2.796116504854369,3.649373421366261,10,212.0,0.25283228473526215,19,245.0,0.13723424253780628,12,205.0,0.2905732255974643,41,662.0
2230.0,34,264.0,2.5384615384615383,4.0474572809931155,7,210.0,0.3258372150190035,17,273.0,0.21930201768096005,10,211.0,0.30918519282328655,34,694.0
2235.0,35,228.0,2.0357142857142856,4.200362384883012,8,165.0,0.27339867929303097,16,299.0,0.27479568730968457,11,172.0,0.25883160322821813,35,636.0
2240.0,29,160.0,1.3793103448275863,4.774206500062513,7,197.0,0.22590073894785528,13,297.0,0.2737504047023164,9,149.0,0.2703473195414465,29,643.0
2245.0,33,112.0,0.9256198347107438,3.860078195031154,14,249.0,0.07790012392626477,8,303.0,0.2256924462847163,11,175.0,0.17529350478183683,33,727.0
2250.0,31,130.0,1.1403508771929824,3.763739760762751,9,271.0,0.15380944230988455,9,288.0,0.1486101401321477,13,230.0,0.22785030431231493,31,789.0
2255.0,21,74.0,0.6851851851851852,3.5774153265892674,4,237.0,0.22938662099221813,9,289.0,0.17607987519321058,8,255.0,0.25661738927233096,21,781.0
2260.0,19,63.0,0.5625,4.547820958856678,4,175.0,0.2131928352855572,11,242.0,0.25450037747760684,4,221.0,0.2438537386085418,19,638.0
2265.0,21,97.0,0.8584070796460177,5.232523463091239,5,184.0,0.24511071816693386,12,224.0,0.31852940273495184,4,209.0,0.24072198135334508,21,617.0
2270.0,33,214.0,1.927927927927928,4.002249328949609,7,212.0,0.11516423959972082,17,245.0,0.19032356095790925,9,236.0,0.09793604816129198,33,693.0
2275.0,33,199.0,2.01010101010101,3.051187074261597,5,213.0,0.18397992019033801,21,285.0,0.06412396333803577,7,240.0,0.16952788542117883,33,738.0
2280.0,21,114.0,1.2,4.094953883388928,3,169.0,0.26648013078253174,17,276.0,0.22656958177634381,1,192.0,0.2479394308885776,21,637.0
2285.0,10,40.0,0.38461538461538464,4.868142758636773,1,173.0,0.2839263269915765,7,300.0,0.2698545045554992,2,116.0,0.31474792756321046,10,589.0
2290.0,18,71.0,0.6454545454545455,4.887763863353625,6,195.0,0.24528019795288644,10,299.0,0.19344524319810733,2,111.0,0.31205966717751427,18,605.0
2295.0,22,87.0,0.7837837837837838,3.5982511118101255,4,179.0,0.11961549166105066,12,298.0,0.13823689133856776,6,130.0,0.14721904875337619,22,607.0
2300.0,23,78.0,0.7722772277227723,3.8469145530947424,3,140.0,0.2983536912196374,15,276.0,0.19743488989982463,5,129.0,0.2902156563174643,23,545.0
2305.0,21,53.0,0.49074074074074076,4.317993591074156,4,86.0,0.26126325356015834,13,273.0,0.25856131901755497,4,97.0,0.3030361871683759,21,456.0
2310.0,12,33.0,0.29464285714285715,4.654204974898969,1,88.0,0.30646379189973577,9,273.0,0.1948307580891827,2,94.0,0.3212892099113771,12,455.0
2315.0,20,62.0,0.5486725663716814,4.086118116649266,5,103.0,0.20901267711918567,9,260.0,0.17253379765620874,6,116.0,0.13152344121230222,20,479.0
2320.0,26,115.0,1.0849056603773586,2.9999838727133596,4,101.0,0.23149429911419858,10,213.0,0.14311299378227457,12,165.0,0.16662953647110726,26,479.0
2325.0,26,141.0,1.330188679245283,4.396954658266684,3,58.0,0.403601482764045,13,185.0,0.19795648304677071,10,179.0,0.28716767910882995,26,422.0
2330.0,25,113.0,0.9741379310344828,4.371291136104061,3,71.0,0.3333879031726609,16,225.0,0.22724456115949956,6,126.0,0.24263212679447868,25,422.0
2335.0,29,121.0,1.0168067226890756,4.565541621888588,5,87.0,0.23272752561981136,16,243.0,0.2047501294472146,8,97.0,0.2547700623854198,29,427.0
2340.0,30,187.0,1.6403508771929824,4.233928564331538,10,129.0,0.08362109568638933,13,247.0,0.19256954631559214,7,107.0,0.21904375084650815,30,483.0
2345.0,35,201.0,1.8108108108108107,3.7156894031758627,11,149.0,0.12241847868792322,16,284.0,0.1653629321502718,8,115.0,0.2360425553901083,35,548.0
2350.0,23,109.0,1.0186915887850467,4.441223669617794,5,103.0,0.2821090030106574,17,296.0,0.1839015088227303,1,104.0,0.3868489203689532,23,503.0
2355.0,30,132.0,1.1578947368421053,5.11276344943234,7,82.0,0.2852454269074445,20,305.0,0.18847772089269796,3,96.0,0.42758347557832077,30,483.0
2360.0,28,193.0,1.7079646017699115,5.40007824332316,3,96.0,0.39286994283529914,22,359.0,0.1940348295219694,3,99.0,0.4920745811273588,28,554.0
2365.0,37,286.0,2.5309734513274336,4.725273000343535,9,123.0,0.26120424414746035,23,419.0,0.2177278223472416,5,86.0,0.3440998677216561,37,628.0
2370.0,33,410.0,3.8317757009345796,5.0096300211432565,6,135.0,0.3130744212385746,24,513.0,0.21126522116589747,3,80.0,0.4800794555092521,33,728.0
2375.0,24,353.0,3.2685185185185186,4.919366196139823,2,110.0,0.2924323453539992,19,550.0,0.23676854760882898,3,79.0,0.40362674987332503,24,739.0
2380.0,20,178.0,1.5478260869565217,5.204020727513297,2,75.0,0.24282299275170124,14,491.0,0.28908015041782564,4,68.0,0.2908772502529267,20,634.0
2385.0,14,47.0,0.415929203539823,5.054908283553182,1,64.0,0.29552925652247747,4,481.0,0.2559268899173083,9,95.0,0.22453741639659824,14,640.0
2390.0,28,150.0,1.3888888888888888,3.960368312478884,6,88.0,0.20372605615053568,8,476.0,0.176192181505615,14,159.0,0.18076264120840588,28,723.0
2395.0,35,198.0,1.8504672897196262,3.1648765905879754,13,140.0,0.2296326439657697,10,451.0,0.11608931954125541,12,192.0,0.22560860701753063,35,783.0
2400.0,34,161.0,1.5333333333333334,3.4321320816552126,13,176.0,0.15976403582166773,14,369.0,0.16155499152071423,7,168.0,0.23981483070617093,34,713.0
2405.0,33,171.0,1.5545454545454545,4.829210926031611,11,172.0,0.1779752179303755,13,278.0,0.27742345811648067,9,132.0,0.2607326624650513,33,582.0
2410.0,26,130.0,1.2264150943396226,5.075368117318734,6,130.0,0.24797298555012892,13,310.0,0.29669005747716803,7,133.0,0.24071284104001614,26,573.0
2415.0,28,101.0,0.9181818181818182,4.236317920561628,4,129.0,0.2675639902579424,14,287.0,0.16201855972508153,10,174.0,0.2359972343966512,28,590.0
2420.0,31,159.0,1.485981308411215,4.783424653574575,8,163.0,0.27469105621883816,17,302.0,0.16733086626901877,6,177.0,0.3655462535904289,31,642.0
2425.0,37,246.0,2.2777777777777777,4.349585579131889,15,222.0,0.21629079898869194,17,346.0,0.22200131394497633,5,137.0,0.3528714435804763,37,705.0
2430.0,37,333.0,3.055045871559633,3.9715362276790778,12,240.0,0.21428865002586675,20,422.0,0.1789208056644136,5,155.0,0.3366505784060113,37,817.0
2435.0,38,302.0,2.6964285714285716,3.9132402661995243,10,200.0,0.22362500978532113,18,425.0,0.20530594709872557,10,191.0,0.19933241165527124,38,816.0
2440.0,36,253.0,2.219298245614035,3.858311215357401,9,147.0,0.17400412631665452,12,335.0,0.2724074012001096,15,258.0,0.09021191259592591,36,740.0
2445.0,32,250.0,2.272727272727273,4.15140516447652,7,138.0,0.2788146758673017,4,332.0,0.3030976470784181,21,356.0,0.11920134677676132,32,826.0
2450.0,36,249.0,2.1842105263157894,3.729241948290467,5,134.0,0.31945170165209585,8,337.0,0.26923475081069387,23,407.0,0.11539150664912465,36,878.0
2455.0,34,190.0,1.6379310344827587,3.973578574746136,7,163.0,0.2883260065742698,9,320.0,0.24602525483194543,18,400.0,0.1313351389002732,34,883.0
2460.0,31,147.0,1.2894736842105263,3.571620474237503,7,170.0,0.18064155493627926,10,254.0,0.23715862129492615,14,436.0,0.09877090346413692,31,860.0
2465.0,26,111.0,0.9823008849557522,4.045372735158784,6,152.0,0.2263356073092788,4,221.0,0.2846439338718266,16,508.0,0.10922420954831383,26,881.0
2470.0,24,95.0,0.8962264150943396,3.9218866605814995,4,152.0,0.2816849945643824,6,211.0,0.25732153506658795,14,527.0,0.19542536639241653,24,890.0
2475.0,21,72.0,0.6371681415929203,4.0347193449056045,7,179.0,0.20193112956517734,7,185.0,0.27625397726546397,7,457.0,0.18961880895134106,21,821.0
2480.0,24,124.0,1.117117117117117,4.259164817085359,12,232.0,0.1534230750748491,8,129.0,0.24578668275018703,4,336.0,0.24609437382316632,24,697.0
2485.0,33,173.0,1.5309734513274336,4.26657834235725,17,259.0,0.07904841228363055,10,98.0,0.3232252147714641,6,248.0,0.2341289846072879,33,605.0
2490.0,23,166.0,1.5229357798165137,5.434545481301033,10,202.0,0.15358327234351007,11,135.0,0.4151884579034368,2,215.0,0.3193163517287744,23,552.0
2495.0,21,127.0,1.165137614678899,5.196593535034093,6,170.0,0.21331944890168783,9,144.0,0.302501075729766,6,225.0,0.23845762166552323,21,539.0
2500.0,25,79.0,0.7596153846153846,4.5686981164441764,8,184.0,0.25731552421454484,11,106.0,0.24549615875078706,6,218.0,0.2706692226122805,25,508.0
2505.0,24,113.0,1.0970873786407767,5.397286994655024,11,229.0,0.2843795464441916,11,105.0,0.32317061075857306,2,169.0,0.3471612957088533,24,503.0
2510.0,22,74.0,0.6981132075471698,4.367597406415653,8,235.0,0.22575500349614408,8,120.0,0.2585653826983623,6,164.0,0.281548784746866,22,519.0
2515.0,20,82.0,0.7735849056603774,4.304786092117463,4,164.0,0.24660729137866957,8,118.0,0.23733851997035638,8,195.0,0.20949180260768152,20,477.0
2520.0,27,129.0,1.2285714285714286,3.2567524982781615,4,139.0,0.21028341245061277,8,137.0,0.20073985038282574,15,256.0,0.07338987372032833,27,532.0
2525.0,36,162.0,1.4594594594594594,3.3841286533999724,7,166.0,0.18979199197625363,13,142.0,0.16548332495587573,16,279.0,0.2105532458606145,36,587.0
2530.0,33,167.0,1.4910714285714286,3.5469828853803356,14,218.0,0.19534485574775073,11,164.0,0.16522579100682808,8,239.0,0.29713466099462976,33,621.0
2535.0,32,138.0,1.2,3.8096011227388336,11,228.0,0.1312648058980756,13,167.0,0.19002080779382008,8,159.0,0.22384145128635552,32,554.0
2540.0,27,134.0,1.1964285714285714,5.097362824317513,8,191.0,0.18628863729135794,13,199.0,0.288160469601305,6,100.0,0.34788310937999184,27,490.0
2545.0,29,118.0,1.0350877192982457,4.735785081474386,10,137.0,0.16601368515917933,12,220.0,0.2783629849418363,7,102.0,0.2903922329346427,29,459.0
2550.0,25,102.0,0.9026548672566371,4.720557244214145,5,145.0,0.275129880322641,14,192.0,0.1982516560247509,6,131.0,0.3137884627808468,25,468.0
2555.0,37,174.0,1.5675675675675675,4.651199666291252,11,181.0,0.25552088657632727,18,227.0,0.18905998859963627,8,139.0,0.31401527319423805,37,547.0
2560.0,26,109.0,0.9732142857142857,4.356068209013883,7,188.0,0.2823407189650414,15,254.0,0.18978755843784947,4,107.0,0.2867226663251044,26,549.0
2565.0,16,69.0,0.6330275229357798,4.88857051824878,1,137.0,0.30640903695070465,12,237.0,0.24478634874017047,3,90.0,0.295033526180848,16,464.0
2570.0,19,111.0,0.9652173913043478,5.776117947881481,3,88.0,0.24491509784646076,12,234.0,0.32650431585136686,4,75.0,0.3201361772117693,19,397.0
2575.0,20,167.0,1.518181818181818,6.362388917784125,2,65.0,0.3755524071345175,16,270.0,0.3237304696037814,2,47.0,0.340745869410009,20,382.0
2580.0,25,155.0,1.4761904761904763,4.766594828085802,3,55.0,0.2307592205461748,16,299.0,0.16646181969323504,6,59.0,0.25949768842340815,25,413.0
2585.0,31,146.0,1.46,4.678080987115965,7,80.0,0.3098594358971108,20,298.0,0.1271860839888515,4,67.0,0.3550332433832307,31,445.0
2590.0,20,91.0,0.9578947368421052,4.906913789943123,5,86.0,0.3975944409894813,14,316.0,0.18951982573612894,1,42.0,0.38996239808492333,20,444.0
2595.0,21,71.0,0.71,4.932980614615698,5,69.0,0.2931764817465973,13,336.0,0.22780540274339325,3,31.0,0.4048805085978232,21,436.0
2600.0,18,53.0,0.5247524752475248,4.912432115712841,3,51.0,0.3023217827701871,13,338.0,0.19992649306421476,2,30.0,0.4379453913931216,18,419.0
2605.0,25,66.0,0.6285714285714286,4.206516530173974,4,42.0,0.29722101994163475,11,301.0,0.16959226676160497,10,59.0,0.2655285876626694,25,402.0
2610.0,20,57.0,0.5277777777777778,4.512902202865833,4,53.0,0.38513340760013276,11,289.0,0.13801754821497023,5,67.0,0.33574772913300205,20,409.0
2615.0,16,49.0,0.47572815533980584,4.711116092489116,4,55.0,0.31986031490034267,9,309.0,0.16387899182205434,3,48.0,0.39773280111292114,16,412.0
2620.0,21,99.0,0.9519230769230769,4.880227404933488,4,48.0,0.22278376724400636,14,343.0,0.1974081732679351,3,34.0,0.3371953235788047,21,425.0
2625.0,20,93.0,0.9117647058823529,4.542781582642209,2,40.0,0.28261971769084704,16,362.0,0.17309798621541939,2,30.0,0.3673660749437217,20,432.0
2630.0,31,122.0,1.150943396226415,3.603870120684674,5,62.0,0.21967582469337757,20,344.0,0.11696723221520024,5,53.0,0.29375268447237984,30,459.0
2635.0,31,146.0,1.4038461538461537,4.109915471178313,4,57.0,0.3431619602617895,22,322.0,0.130919512063729,5,62.0,0.3825934816416945,31,441.0
2640.0,25,194.0,1.8653846153846154,4.463017122905443,2,45.0,0.4367120398277789,19,363.0,0.21777184449287268,4,69.0,0.2975717273279962,25,477.0
2645.0,33,311.0,2.752212389380531,4.968890077205362,2,31.0,0.4225162987503328,24,394.0,0.21140300146995825,7,104.0,0.34589103679211697,33,529.0
2650.0,35,459.0,3.956896551724138,5.571087240822695,3,26.0,0.442019210767149,24,464.0,0.26552210884321836,8,124.0,0.38002289862142674,35,614.0
2655.0,32,533.0,4.441666666666666,5.5118528076492845,4,34.0,0.4346496044134791,24,549.0,0.31236123335759014,4,112.0,0.31590562551657814,32,695.0
2660.0,30,485.0,4.041666666666667,5.646671939606324,4,52.0,0.4816671323089873,19,580.0,0.28996456225131567,7,109.0,0.25508819536681265,30,741.0
2665.0,30,295.0,2.5213675213675213,4.691327464531596,9,74.0,0.3876963064910116,14,522.0,0.24304095937445064,7,118.0,0.10930878877678968,30,714.0
2670.0,25,189.0,1.6725663716814159,5.560298055658646,6,104.0,0.4441471110968642,13,397.0,0.2862516185909607,6,95.0,0.16042600861038991,25,596.0
2675.0,28,288.0,2.618181818181818,5.731900525957363,7,135.0,0.3454588907621218,18,317.0,0.3043634599923328,3,78.0,0.23977983042614268,28,530.0
2680.0,27,176.0,1.6296296296296295,4.367154583109251,2,92.0,0.347934608961182,17,365.0,0.11951992100929583,8,105.0,0.13996642965683315,27,562.0
2685.0,35,183.0,1.83,4.036185109881302,3,23.0,0.4359890575595304,19,385.0,0.08154861397089486,13,161.0,0.1901901927358265,35,569.0
2690.0,35,250.0,2.525252525252525,3.6374265026632338,6,36.0,0.32787527630541397,11,377.0,0.16101126845839098,18,246.0,0.13616254379715856,35,659.0
2695.0,32,231.0,2.357142857142857,3.7898371626932814,6,55.0,0.3846194222145756,10,310.0,0.17551310212652804,16,280.0,0.13285114735342052,32,645.0
2700.0,25,116.0,1.183673469387755,4.079164722368039,1,44.0,0.44649027015211096,11,315.0,0.2211120329522153,13,260.0,0.11451252713244502,25,619.0
2705.0,21,100.0,0.9615384615384616,4.98971895506518,1,24.0,0.4816705629179385,10,276.0,0.23673721535477826,10,202.0,0.2394538790049598,21,502.0
2710.0,18,89.0,0.839622641509434,5.278362305068386,2,26.0,0.5438808992744024,7,278.0,0.22390490263103416,9,176.0,0.35139985387383144,18,480.0
2715.0,15,77.0,0.7,4.767811856319522,4,33.0,0.36667124897591274,7,277.0,0.19235984933743228,4,178.0,0.3212350574746145,15,488.0
2720.0,24,155.0,1.5048543689320388,4.755377599758966,4,49.0,0.3911331223581343,15,323.0,0.16091498805358223,5,207.0,0.27009268256871777,24,579.0
2725.0,32,182.0,1.82,3.3583389065620985,9,72.0,0.19390319772995643,17,339.0,0.10730600387668869,6,205.0,0.18440167830189266,32,616.0
2730.0,22,92.0,0.9292929292929293,3.9763712100719775,0,44.0,0.38945369529011364,18,321.0,0.1598192893340868,4,171.0,0.28824931099080453,22,536.0
2735.0,19,98.0,0.9514563106796117,4.362991329587427,2,32.0,0.40368441382293957,14,298.0,0.19838008666576606,3,172.0,0.3174434360100951,19,502.0
2740.0,30,165.0,1.4601769911504425,4.655338265650606,7,50.0,0.36483822971573654,16,282.0,0.1942214768167949,7,202.0,0.2807801297206088,30,534.0
2745.0,39,297.0,2.7,4.4209193490754375,8,87.0,0.37446432241178024,18,276.0,0.21448640321851742,13,255.0,0.2574233243965684,39,618.0
2750.0,39,350.0,2.9914529914529915,3.872702056262404,6,85.0,0.3194768703209397,19,317.0,0.25365995675241315,14,276.0,0.18860687926509234,39,678.0
2755.0,40,300.0,2.479338842975207,4.418683681557689,11,90.0,0.29711400954980494,17,342.0,0.2593846310972485,12,249.0,0.208789869800893,40,681.0
2760.0,39,278.0,2.3559322033898304,4.121354621488105,17,159.0,0.08213741565313841,14,291.0,0.282196320316138,8,200.0,0.14514420251976343,39,650.0
2765.0,28,166.0,1.4434782608695653,3.8080393533796584,18,217.0,0.07446163853876732,4,296.0,0.2705871594191968,6,206.0,0.19996806020138433,28,719.0
2770.0,32,166.0,1.4690265486725664,4.594635597199361,11,229.0,0.2871241498358877,9,295.0,0.28949482563321866,12,251.0,0.2494778521493519,32,775.0
2775.0,30,147.0,1.2782608695652173,4.6496141869854775,8,180.0,0.3619481579499782,13,313.0,0.2524543914592429,9,264.0,0.19988132278265347,30,757.0
2780.0,24,93.0,0.808695652173913,4.83202977124815,5,141.0,0.41970363971465857,15,324.0,0.26421014043617774,4,217.0,0.21927633266520927,24,682.0
2785.0,25,91.0,0.7777777777777778,4.958130574557116,6,119.0,0.3663363477242458,14,289.0,0.30016896970336726,5,211.0,0.1623634811790905,25,619.0
2790.0,19,101.0,0.8706896551724138,5.156657866915017,3,116.0,0.3716748053001879,9,218.0,0.299782749934101,7,237.0,0.14446432392090255,19,571.0
2795.0,30,116.0,1.0943396226415094,3.6036770159830986,9,140.0,0.21556919246825626,13,245.0,0.1430400751061618,8,232.0,0.12309452894579904,30,617.0
2800.0,30,112.0,1.0980392156862746,3.6454156886424887,8,153.0,0.2688428608482905,14,252.0,0.1652541242907651,8,170.0,0.1936891737474326,30,575.0
2805.0,23,139.0,1.3113207547169812,5.384670106082668,3,97.0,0.4038355239134557,16,288.0,0.3168547987823023,4,140.0,0.2993986454171919,23,525.0
2810.0,21,84.0,0.7304347826086957,4.332860452161197,5,103.0,0.3514352712443513,11,286.0,0.2586280324710254,5,132.0,0.20432539461520297,21,521.0
2815.0,21,81.0,0.6982758620689655,4.517537788013501,5,124.0,0.34474230123941085,9,234.0,0.18132074118503927,7,158.0,0.20741062260884613,21,516.0
2820.0,26,113.0,1.036697247706422,3.245306381250673,4,111.0,0.21290502706416045,9,243.0,0.14979640482610737,13,208.0,0.12170154761008675,26,562.0
2825.0,33,205.0,1.8807339449541285,3.35350292975516,5,84.0,0.28857604160926653,9,247.0,0.1919323219286741,19,290.0,0.12441543889548294,33,621.0
2830.0,46,381.0,3.4017857142857144,3.585609255288893,4,60.0,0.39136632170589447,15,270.0,0.1910801446084374,27,404.0,0.1546211858298006,46,734.0
2835.0,45,368.0,3.066666666666667,2.93196335687721,2,50.0,0.37571830347240975,16,274.0,0.11427997723544531,27,478.0,0.07485016208145508,45,802.0
2840.0,42,296.0,2.446280991735537,3.9437831432737083,6,66.0,0.2732358678235761,13,233.0,0.21078096227560889,23,447.0,0.11760356924722426,42,746.0
2845.0,38,212.0,1.7666666666666666,3.418642897576844,9,75.0,0.14364666403117665,8,254.0,0.24523933291962174,21,429.0,0.10451462300769575,38,758.0
2850.0,34,209.0,1.7563025210084033,4.767072329156224,5,69.0,0.2671611077572983,13,278.0,0.28833120802783563,16,417.0,0.25684624406735457,34,764.0
2855.0,24,154.0,1.305084745762712,4.3439832139700725,4,76.0,0.22867819653296134,12,293.0,0.20650043793168643,8,373.0,0.29838480473501305,24,742.0
2860.0,31,170.0,1.4049586776859504,5.110436977784964,11,117.0,0.14125838398140175,14,265.0,0.2444216779174354,6,331.0,0.43032285181070956,31,713.0
2865.0,24,128.0,1.1130434782608696,5.353554715609913,8,135.0,0.15981711810480198,13,224.0,0.22176711260042467,3,285.0,0.4553613800261605,24,644.0
2870.0,31,213.0,1.9017857142857142,4.964721734076974,5,107.0,0.16352639037691036,19,240.0,0.24188207960804228,7,279.0,0.26739058047447467,31,626.0
2875.0,39,322.0,3.0961538461538463,3.7961933603168747,6,130.0,0.15594730582201397,25,324.0,0.12045710994217608,8,275.0,0.17624231670735827,39,729.0
2880.0,43,470.0,4.795918367346939,3.365953186738635,10,171.0,0.07270141491744321,29,455.0,0.11417308778384198,4,197.0,0.16939608243622556,43,823.0
2885.0,37,584.0,5.959183673469388,3.0835018749471432,5,166.0,0.11169240363378857,29,600.0,0.10567506051171087,3,202.0,0.27142244319945186,37,968.0
2890.0,40,545.0,5.505050505050505,3.6263492819956347,4,116.0,0.19945078519690088,27,668.0,0.13079854804069097,9,228.0,0.2347842957399278,40,1012.0
2895.0,33,399.0,3.911764705882353,3.6053390426532075,4,137.0,0.2082277333165488,22,647.0,0.14852280832878018,7,219.0,0.250636392367216,33,1003.0
2900.0,28,247.0,2.3980582524271843,4.9415700361226715,6,162.0,0.27871375478346033,18,559.0,0.21921035690598656,4,138.0,0.42290198093835996,28,859.0
2905.0,21,65.0,0.6018518518518519,4.003352027505074,8,163.0,0.21757942450989082,10,595.0,0.19398215852138745,3,53.0,0.35649414140586716,21,811.0
2910.0,14,72.0,0.6545454545454545,5.132284517727652,5,141.0,0.24091355757349223,6,597.0,0.2278066075353273,3,31.0,0.4159520469743136,14,769.0
2915.0,15,54.0,0.5,4.213478019845732,4,105.0,0.2001964719472252,9,564.0,0.1943779665098906,2,10.0,0.27780871457831197,15,679.0
2920.0,27,110.0,1.0091743119266054,4.088632114722326,5,100.0,0.26087786075947894,11,472.0,0.17361562658658236,10,46.0,0.31170504635110313,26,618.0
2925.0,18,112.0,1.0666666666666667,4.269405714908883,4,101.0,0.3501533199310443,8,474.0,0.1601326574535848,6,68.0,0.3121904203685418,18,643.0
2930.0,20,142.0,1.3148148148148149,3.9124340219645597,6,105.0,0.3046236228380488,8,492.0,0.15501852293017995,6,71.0,0.19700603581090775,20,668.0
2935.0,12,38.0,0.35514018691588783,3.9298184214992755,1,69.0,0.3482156712786009,8,450.0,0.14284139973544038,3,62.0,0.2517072665126186,12,581.0
2940.0,21,76.0,0.7307692307692307,4.4667879670056685,6,44.0,0.27523753548337027,8,346.0,0.14682556712369044,7,64.0,0.2773604049341124,21,454.0
2945.0,20,59.0,0.5728155339805825,4.09323489569816,6,57.0,0.296311907584169,8,375.0,0.13967167063287786,6,72.0,0.2612163974391186,20,504.0
2950.0,15,56.0,0.5833333333333334,3.992355533712534,3,44.0,0.2810921873064488,9,393.0,0.15418025254635936,3,51.0,0.32134708626270614,15,488.0
2955.0,23,118.0,1.1238095238095238,3.793276027978808,5,55.0,0.2048201899721565,15,446.0,0.0915411242038657,3,33.0,0.27262963602758195,23,534.0
2960.0,31,247.0,2.3980582524271843,3.9695657160480784,8,90.0,0.18733276683989136,21,540.0,0.09457002808457339,2,33.0,0.3771845705663826,31,663.0
2965.0,39,287.0,2.8137254901960786,2.3994746927869754,13,138.0,0.07768387750926208,24,554.0,0.06273291732882293,2,21.0,0.22679540752351926,39,713.0
2970.0,32,218.0,2.1584158415841586,3.3791116081837425,9,155.0,0.22007498599471906,21,482.0,0.10382451056422672,2,29.0,0.3901869768872896,32,666.0
2975.0,35,219.0,2.212121212121212,3.908740198409256,7,143.0,0.2754641621971955,21,392.0,0.1217888225225999,7,51.0,0.34475858461612785,35,586.0
2980.0,39,251.0,2.3904761904761904,4.123826841424734,8,182.0,0.2930949399744647,19,386.0,0.2006898319994531,12,96.0,0.29332141161480946,39,664.0
2985.0,35,250.0,2.314814814814815,4.478219580701942,13,235.0,0.23762590264077155,7,396.0,0.2781154063404429,15,164.0,0.2993990797724365,35,795.0
2990.0,42,305.0,2.7232142857142856,3.3687451976891145,16,307.0,0.07782285723294757,7,415.0,0.2333197282830997,19,226.0,0.20200427438675364,42,948.0
2995.0,35,220.0,2.05607476635514,3.4152844165489813,15,340.0,0.09763236558256602,7,406.0,0.28468683214618307,13,267.0,0.19816504586342024,35,1013.0
3000.0,31,173.0,1.6320754716981132,3.8284778210902486,10,315.0,0.18115149321778257,4,341.0,0.2494112824748834,17,312.0,0.15368152131448673,31,968.0
3005.0,30,199.0,1.8256880733944953,4.45539336851727,9,269.0,0.2933816500517255,2,247.0,0.23262312090545073,19,399.0,0.17359202058783152,30,915.0
3010.0,22,141.0,1.3428571428571427,5.023786882679185,8,257.0,0.3807104731316619,2,196.0,0.32800767355742944,12,429.0,0.23222739546242216,22,882.0
3015.0,22,123.0,1.128440366972477,5.451128079718028,9,229.0,0.37728651689400694,4,132.0,0.41975188767929866,9,384.0,0.21822847380863025,22,745.0
3020.0,15,137.0,1.280373831775701,6.213596616931264,4,238.0,0.4653909264542428,4,83.0,0.5206652523116619,7,376.0,0.25625984850802086,15,697.0
3025.0,21,44.0,0.3963963963963964,4.570420605116877,4,204.0,0.32926380968970265,3,53.0,0.36991387291394706,14,427.0,0.13015779976853167,21,684.0
3030.0,31,140.0,1.308411214953271,4.038677122596591,7,223.0,0.2391332424861481,7,53.0,0.30489080132013663,17,506.0,0.11612736541701227,31,782.0
3035.0,31,139.0,1.4329896907216495,2.6660826968624542,9,234.0,0.09873536142660673,7,59.0,0.21999394553253585,15,532.0,0.10263761496954789,31,825.0
3040.0,23,100.0,1.0,3.890413687360467,8,224.0,0.23680132743789614,3,45.0,0.3347599919629642,12,498.0,0.1820409661795821,23,767.0
3045.0,15,70.0,0.6796116504854369,5.193423259819429,5,214.0,0.28724418601644863,2,34.0,0.4454587474509992,8,408.0,0.25503900544078256,15,656.0
3050.0,19,113.0,1.0089285714285714,5.044437637162163,10,219.0,0.1982948749326862,3,36.0,0.4354206032028633,6,356.0,0.22058198602017492,19,611.0
3055.0,16,97.0,0.8981481481481481,5.435557982515688,11,231.0,0.16204527197721785,4,53.0,0.5883402672819532,1,304.0,0.31622750575593095,16,588.0
3060.0,22,126.0,1.26,4.879916187930166,9,201.0,0.18860397765758627,6,75.0,0.4568605793887879,7,315.0,0.22929828543505812,22,591.0
3065.0,17,46.0,0.45544554455445546,3.952515913507868,8,234.0,0.1825331410520268,1,43.0,0.3283697470307715,8,307.0,0.25713581101290817,17,584.0
3070.0,17,60.0,0.6060606060606061,4.08249360805711,10,278.0,0.14051300852000315,5,48.0,0.2883793848357748,2,233.0,0.2814039118795843,17,559.0
3075.0,23,110.0,1.0576923076923077,3.6124717927117045,15,338.0,0.08946989463753148,5,63.0,0.26305227575413204,3,194.0,0.18928265143944448,23,595.0
3080.0,32,235.0,2.35,3.629906284099545,21,432.0,0.14920152469684453,5,69.0,0.3917810621217842,6,216.0,0.21617376531578675,32,717.0
3085.0,37,222.0,2.1553398058252426,1.9111668848026464,25,479.0,0.06731400826648298,4,48.0,0.12595361882933057,8,199.0,0.13314752657320636,37,726.0
3090.0,34,199.0,1.9134615384615385,3.7988461586229296,21,456.0,0.10386539480022018,6,44.0,0.45453821138595013,7,149.0,0.19421908108420585,34,649.0
3095.0,24,147.0,1.4271844660194175,4.02790888562827,17,506.0,0.10578407854192566,1,40.0,0.584792523610296,6,167.0,0.17676396962359248,24,713.0
3100.0,32,165.0,1.5566037735849056,4.000128955498228,19,595.0,0.11986224590780895,2,14.0,0.5126042171880757,11,208.0,0.18882478615085765,32,817.0
3105.0,27,121.0,1.2474226804123711,2.6569860069739293,14,600.0,0.13663608303676852,2,10.0,0.2890868816451793,11,211.0,0.1559435731517797,27,821.0
3110.0,21,71.0,0.7029702970297029,3.4205210353657196,5,519.0,0.1359977209010066,7,39.0,0.3690420686189856,9,157.0,0.13221615834839093,21,715.0
3115.0,21,102.0,1.0,4.6052470386717195,4,538.0,0.15307242750318922,7,74.0,0.5400152565939695,10,120.0,0.2277983046262694,21,732.0
3120.0,16,84.0,0.8155339805825242,4.907133750361641,10,577.0,0.0944173320515809,1,65.0,0.5298092496567467,5,113.0,0.26107224733110435,16,755.0
3125.0,11,48.0,0.46601941747572817,4.745517816945366,8,556.0,0.14828813341681893,2,9.0,0.4380150294954862,1,99.0,0.35263796539059344,11,664.0
3130.0,14,48.0,0.4897959183673469,4.839624903064848,5,462.0,0.17839543785238238,2,19.0,0.47969611595496253,7,116.0,0.30789116113523807,14,597.0
3135.0,13,31.0,0.30392156862745096,4.836853406455861,4,317.0,0.1784217010094572,1,4.0,0.5304045401988456,8,132.0,0.2491126541711747,13,453.0
3140.0,13,27.0,0.27,5.037953879185304,5,328.0,0.2037669005357768,4,17.0,0.5697245816458438,4,112.0,0.23452910863063428,13,457.0
3145.0,19,45.0,0.4368932038834951,4.826151083160576,12,359.0,0.12742746567935628,3,28.0,0.46159962199711846,4,69.0,0.2565316627056742,19,456.0
3150.0,13,39.0,0.39,4.993144095980692,9,347.0,0.20375863777303818,2,26.0,0.3523883224862602,2,79.0,0.372739810579273,13,452.0
3155.0,14,58.0,0.6105263157894737,4.699855073265583,4,250.0,0.21283287607185641,2,32.0,0.37717983564289015,8,108.0,0.2613533469325069,14,390.0
3160.0,15,64.0,0.64,4.561146286561733,5,166.0,0.24880112856152106,3,39.0,0.3770700387956486,7,117.0,0.20924907803038909,15,322.0
3165.0,9,61.0,0.6161616161616161,4.992843185175186,2,146.0,0.2500407080490553,4,52.0,0.5272873451936351,3,89.0,0.20922826170277778,9,287.0
3170.0,16,106.0,1.0095238095238095,4.503220247933649,6,166.0,0.1595793654770947,6,78.0,0.416510700435057,4,94.0,0.2070805434416852,16,338.0
3175.0,20,158.0,1.5490196078431373,4.1386446492676665,7,153.0,0.2135150823054477,6,108.0,0.3696091755219307,7,122.0,0.20114368992535758,20,383.0
3180.0,22,97.0,1.0104166666666667,2.979473364242455,4,108.0,0.21814842933375625,3,69.0,0.15408832407570364,15,180.0,0.11397048660206839,22,357.0
3185.0,24,116.0,1.1153846153846154,3.3618983126654425,3,111.0,0.18991526714002133,5,68.0,0.2752795096634293,16,214.0,0.12213703009500555,24,393.0
3190.0,24,130.0,1.25,4.372754523265341,7,136.0,0.16034588773364541,7,56.0,0.44628598793141677,10,197.0,0.17098845059841325,24,389.0
3195.0,22,83.0,0.7980769230769231,4.039879580765447,8,132.0,0.122822709237131,4,62.0,0.33104752084729233,10,158.0,0.1738856583202308,22,352.0
3200.0,13,37.0,0.37,5.122846924787163,6,92.0,0.22996942285221553,2,36.0,0.5795114562800456,5,182.0,0.2816444255500665,13,310.0
3205.0,24,67.0,0.6320754716981132,4.2439689933729134,6,97.0,0.14144400663158346,5,29.0,0.4874980628324138,13,222.0,0.194487727290668,24,348.0
3210.0,22,107.0,1.0288461538461537,3.814474298399043,10,137.0,0.13900181747100945,4,41.0,0.4687242550619994,8,233.0,0.19405202513444855,22,411.0
3215.0,12,41.0,0.41836734693877553,3.2387058922314513,9,153.0,0.1144353096581319,1,17.0,0.35936266819856744,2,172.0,0.22074949680886158,12,342.0
3220.0,17,49.0,0.4666666666666667,3.982564062306899,6,133.0,0.15253662943526056,6,26.0,0.45582293763774206,5,189.0,0.15259536226137493,17,348.0
3225.0,13,66.0,0.6346153846153846,4.935671382899782,3,89.0,0.20715028732941945,2,31.0,0.5894030890710339,8,222.0,0.15968042912660757,13,342.0
3230.0,17,71.0,0.6698113207547169,4.542643749998036,6,85.0,0.23328531126787497,1,15.0,0.5380580569588418,10,229.0,0.15574645212009705,17,329.0
3235.0,12,80.0,0.7766990291262136,5.681572709019826,4,80.0,0.30267808644691857,2,14.0,0.6727248030626815,6,168.0,0.2051068987804373,12,262.0
3240.0,7,32.0,0.31683168316831684,5.271877139991325,0,42.0,0.3506518801178638,2,24.0,0.610040402085924,5,186.0,0.17879400567884063,7,252.0
3245.0,12,43.0,0.4056603773584906,5.114465019774919,5,36.0,0.3766466095707964,0,6.0,0.5264188738674564,7,216.0,0.12954061090687466,12,258.0
3250.0,21,57.0,0.5876288659793815,3.5592274802971304,7,50.0,0.3131542680318962,6,22.0,0.19983519426515964,8,214.0,0.13309196243247848,21,286.0
3255.0,20,73.0,0.7448979591836735,3.8188269529042795,3,39.0,0.21292284412055829,10,59.0,0.30612646115862907,7,172.0,0.14649340996240168,20,270.0
3260.0,11,66.0,0.66,6.159384541415833,3,23.0,0.2963049625618748,5,79.0,0.5516647173509864,3,119.0,0.22867146684870832,11,221.0
3265.0,12,31.0,0.30097087378640774,6.005978779875084,4,30.0,0.4384884024630949,3,43.0,0.46767428631225977,5,118.0,0.2299353337025562,12,191.0
3270.0,10,32.0,0.31683168316831684,5.67191084610761,0,10.0,0.4835212104365439,3,39.0,0.34008226559055277,7,142.0,0.18114948740677755,10,191.0
3275.0,23,76.0,0.7916666666666666,4.368622853777458,7,21.0,0.2502333346699935,8,68.0,0.08842455755225487,8,146.0,0.17580476548045845,23,235.0
3280.0,26,122.0,1.3118279569892473,3.592299788181378,7,43.0,0.17072791384630623,13,124.0,0.1467346376005941,6,115.0,0.18659953194994697,26,282.0
3285.0,25,179.0,2.057471264367816,4.0946471421008255,3,41.0,0.2843793312480463,17,206.0,0.255263209228764,5,114.0,0.20963658712599786,25,361.0
3290.0,23,177.0,1.824742268041237,3.7468204930787756,1,40.0,0.238698886341018,14,236.0,0.16957653914415746,8,145.0,0.12753203264199234,23,421.0
3295.0,29,128.0,1.3333333333333333,3.966003516670357,10,70.0,0.28530819170421645,10,205.0,0.1652604015230027,9,152.0,0.19038616224194824,29,427.0
3300.0,18,92.0,1.0222222222222221,4.462527540113242,7,92.0,0.33077536184185297,6,151.0,0.2658675326669508,5,118.0,0.23660469897350356,18,361.0
3305.0,14,65.0,0.6770833333333334,5.040716173603787,4,77.0,0.3098053668511954,4,121.0,0.5014167633435257,6,145.0,0.20285123718444842,14,343.0
3310.0,14,47.0,0.47474747474747475,4.165969250910815,2,73.0,0.2784961677961272,1,99.0,0.37980021367038974,11,187.0,0.13901090437803565,14,359.0
3315.0,26,97.0,0.941747572815534,3.58717572783384,7,99.0,0.2067315000759877,8,109.0,0.17238773044355932,11,205.0,0.08705766294112204,26,413.0
3320.0,26,125.0,1.3440860215053763,3.356895725856213,7,102.0,0.18583210562950522,12,162.0,0.2045473137224454,7,159.0,0.1609961585007011,26,423.0
3325.0,25,84.0,0.8571428571428571,3.3461763385442884,6,76.0,0.15400385609391887,11,179.0,0.27879317131898973,8,180.0,0.12917343968208264,25,435.0
3330.0,16,61.0,0.61,5.242433065776586,4,52.0,0.35295047883749897,4,123.0,0.455549431546897,8,220.0,0.1800608300132176,16,395.0
3335.0,18,96.0,0.9696969696969697,4.051462140139568,2,50.0,0.3762979231636701,1,94.0,0.255401646687991,15,282.0,0.08965667859927863,18,426.0
3340.0,29,149.0,1.4752475247524752,3.5549958154906585,7,75.0,0.25074896803745217,6,114.0,0.12531170692877847,16,312.0,0.10288493282977759,29,501.0
3345.0,24,106.0,1.092783505154639,3.980874602645896,7,89.0,0.2114099661704669,4,103.0,0.2821983931362595,13,285.0,0.15349313200816544,24,477.0
3350.0,18,56.0,0.5714285714285714,4.671000624452202,5,77.0,0.25752317441216216,3,55.0,0.43321766086282093,10,222.0,0.17407616122936997,18,354.0
3355.0,12,42.0,0.4158415841584158,6.021612156370863,4,50.0,0.39225807651966915,2,22.0,0.5539402006552651,6,253.0,0.2158237655952606,12,325.0
3360.0,14,75.0,0.7575757575757576,5.5152844435466974,3,35.0,0.41086218322827406,2,26.0,0.4546456734596547,9,291.0,0.14471694827225753,14,352.0
3365.0,14,69.0,0.7040816326530612,4.806358539702661,1,18.0,0.44226022513092517,4,44.0,0.3278741541417635,9,293.0,0.16304947776650403,14,355.0
3370.0,11,34.0,0.3541666666666667,5.124713063682009,6,36.0,0.3192787022737147,0,20.0,0.3874608725337959,5,233.0,0.24424722325434214,11,289.0
3375.0,14,36.0,0.3564356435643564,4.219564172371561,7,53.0,0.1990867191726636,3,24.0,0.28439848392659745,4,232.0,0.1555224243702869,14,309.0
3380.0,17,49.0,0.5,4.424067656880496,4,45.0,0.24572185183188128,5,35.0,0.31443737134973154,8,259.0,0.1532106783772362,17,339.0
3385.0,20,56.0,0.5714285714285714,3.9770062195871203,3,28.0,0.3750974519113106,7,45.0,0.25535462633459927,10,258.0,0.10400521788367985,20,331.0
3390.0,12,73.0,0.7525773195876289,5.449196123306548,1,19.0,0.6032132096499483,5,65.0,0.3848953659784629,6,207.0,0.16723739900418305,12,291.0
3395.0,13,113.0,1.153061224489796,5.635265044855167,2,17.0,0.5865561777075089,6,89.0,0.3176179912861609,5,138.0,0.18128698469794663,13,244.0
3400.0,11,57.0,0.5480769230769231,5.393706643800939,0,4.0,0.423483381338053,4,75.0,0.3351155998767646,7,122.0,0.19797492219035823,11,201.0
3405.0,14,51.0,0.5151515151515151,6.030914366466723,6,19.0,0.26782495197220463,7,45.0,0.3492813699233577,1,93.0,0.2737101182229513,14,157.0
3410.0,19,63.0,0.65625,4.4751455938644105,4,33.0,0.10205796659618514,9,68.0,0.16793499001643597,6,96.0,0.24290580617339394,19,197.0
3415.0,16,66.0,0.7674418604651163,5.115299430352325,3,28.0,0.5023058076827444,7,82.0,0.242516119601547,6,109.0,0.28368431857115506,16,219.0
3420.0,10,53.0,0.6309523809523809,5.377122144173734,0,11.0,0.6152204161275054,7,103.0,0.28838643347632426,3,89.0,0.2688348521593561,10,203.0
3425.0,16,88.0,0.946236559139785,6.2907804308895034,4,22.0,0.6122712386755851,8,118.0,0.34450845335734664,4,58.0,0.24471684260019017,16,198.0
3430.0,5,22.0,0.24444444444444444,6.648128448398136,2,19.0,0.5665006854234423,1,98.0,0.45403745758840774,2,36.0,0.28576696911025284,5,153.0
3435.0,7,25.0,0.2631578947368421,6.304411952164077,2,8.0,0.42651794963060635,4,80.0,0.37517917676333123,1,22.0,0.3158189890809239,7,110.0
3440.0,15,61.0,0.6630434782608695,6.509333131321035,2,16.0,0.614493854181313,6,93.0,0.27492733871681996,7,47.0,0.31484859180604313,15,156.0
3445.0,19,37.0,0.42045454545454547,4.393428725953422,6,7.0,0.3590638322144586,5,84.0,0.16181789781232692,8,70.0,0.2636183551384473,19,161.0
3450.0,15,62.0,0.6966292134831461,5.502779009115983,6,32.0,0.4730189278708939,4,77.0,0.2985808964884534,5,63.0,0.25273018485491894,15,172.0
3455.0,7,52.0,0.6046511627906976,6.6598097899762125,2,41.0,0.5192806859713082,3,77.0,0.4646855717283975,2,43.0,0.3334691603769219,7,161.0
3460.0,6,45.0,0.4945054945054945,6.749068358887656,2,23.0,0.4590379422136054,0,52.0,0.5608425229788147,4,43.0,0.29257887387518094,6,118.0
3465.0,8,30.0,0.32608695652173914,7.051441084626383,2,19.0,0.4928575676786326,4,59.0,0.44760177487417746,2,19.0,0.3676866260612791,8,97.0
3470.0,19,73.0,0.7849462365591398,5.626033881169997,5,33.0,0.4072387154411336,8,67.0,0.22365500331167315,6,30.0,0.2757078460961318,19,130.0
3475.0,11,36.0,0.4090909090909091,5.603137913892198,2,17.0,0.5208897303710964,3,60.0,0.24995267899511034,6,49.0,0.2787407172400138,11,126.0
3480.0,14,41.0,0.5,5.512799573848204,6,28.0,0.497260062246865,4,59.0,0.2711862167893309,4,46.0,0.2195421421358938,14,133.0
3485.0,15,47.0,0.5529411764705883,5.572314999009519,4,31.0,0.30141448447644287,8,88.0,0.26165808432178317,3,37.0,0.29891570684026963,15,156.0
3490.0,10,36.0,0.45569620253164556,5.67979928467147,0,6.0,0.4097464378116359,8,107.0,0.2781301588804825,2,35.0,0.35950845011231075,10,148.0
3495.0,14,47.0,0.5529411764705883,5.99493474022405,2,4.0,0.526825858416273,5,84.0,0.24620370567576882,7,62.0,0.3069432688138195,14,150.0
3500.0,19,104.0,1.3164556962025316,5.891887973658899,1,4.0,0.6890926029645764,4,57.0,0.2876728109848787,14,117.0,0.2547179183164211,19,178.0
3505.0,28,100.0,1.1904761904761905,3.8036625631439827,6,18.0,0.470431078896698,4,51.0,0.17131483713880083,18,160.0,0.0897262483872815,28,229.0
3510.0,19,85.0,1.0625,4.833466668402681,1,17.0,0.4460677530140839,7,81.0,0.2553912589541784,11,169.0,0.20289385000051338,19,267.0
3515.0,10,55.0,0.6962025316455697,5.537403387165097,0,2.0,0.39558134595300376,5,101.0,0.3317035043879034,5,134.0,0.2540131825111077,10,237.0
3520.0,11,56.0,0.6436781609195402,6.918288452032195,3,9.0,0.5446949987454571,4,75.0,0.3634464694755743,4,124.0,0.4421066185225261,11,208.0
3525.0,9,78.0,0.896551724137931,8.00696136082255,2,4.0,0.6603431052023663,3,49.0,0.4134012255432306,4,96.0,0.51489727371647,9,149.0
3530.0,8,43.0,0.4777777777777778,6.810990021473474,3,17.0,0.5259324028717366,3,50.0,0.36752539315227933,2,65.0,0.3854373932743302,8,132.0
3535.0,20,117.0,1.3928571428571428,6.550367996100915,8,45.0,0.4820546011669806,4,54.0,0.4444524239649794,8,63.0,0.30044973266231473,20,162.0
3540.0,13,47.0,0.6025641025641025,4.382750489947021,5,54.0,0.29099428503991986,1,29.0,0.31720086843484513,7,73.0,0.23338622966852166,13,156.0
3545.0,14,49.0,0.5903614457831325,5.27517582268728,2,41.0,0.3394954258727497,8,41.0,0.33213176294638835,4,65.0,0.2564811813625449,14,147.0
3550.0,16,86.0,1.011764705882353,5.7802514177983335,2,22.0,0.38308477835741067,12,94.0,0.2940539089528361,2,54.0,0.3168718636920685,16,170.0
3555.0,25,116.0,1.288888888888889,4.875382524339797,7,44.0,0.25722104294965403,11,124.0,0.12547059997535176,7,79.0,0.2326482938524904,25,247.0
3560.0,26,125.0,1.6233766233766234,3.9678700900992516,7,61.0,0.29645214815093,5,105.0,0.22385829999985019,14,136.0,0.25282711684510756,26,302.0
3565.0,25,95.0,1.144578313253012,3.834486184445085,3,43.0,0.32021793047940333,6,116.0,0.2489159705315518,16,166.0,0.1545446394162843,25,325.0
3570.0,22,91.0,1.0705882352941176,4.487902119803903,3,51.0,0.31588066422323513,8,146.0,0.28112035359702814,11,160.0,0.2054540042460502,22,357.0
3575.0,21,82.0,0.9534883720930233,4.187214833079863,9,82.0,0.2521389936668879,5,146.0,0.2612213779490774,7,188.0,0.1986113077081379,21,416.0
3580.0,22,81.0,0.8901098901098901,4.263312305376918,9,103.0,0.2241155797243245,4,100.0,0.24895703719031004,9,228.0,0.24150245709281842,22,431.0
3585.0,15,59.0,0.6704545454545454,5.416430945918971,4,85.0,0.40555298699771114,3,64.0,0.47834479534633945,8,231.0,0.21957025034666716,15,380.0
3590.0,13,47.0,0.5108695652173914,5.054317733897037,3,52.0,0.40155624864215445,4,56.0,0.4705582982357567,6,187.0,0.16926055639923554,13,295.0
3595.0,8,26.0,0.2736842105263158,5.745087464177196,2,35.0,0.47609956616511473,0,29.0,0.5807789129171752,6,215.0,0.18409496269784928,8,279.0
3600.0,16,56.0,0.5773195876288659,5.364728938040739,2,18.0,0.408806215399386,3,28.0,0.4065319141741968,11,255.0,0.10393685298683855,16,301.0
