step,system_total_stopped,system_total_waiting_time,system_mean_waiting_time,system_mean_speed,A0_stopped,A0_accumulated_waiting_time,A0_average_speed,B0_stopped,B0_accumulated_waiting_time,B0_average_speed,C0_stopped,C0_accumulated_waiting_time,C0_average_speed,agents_total_stopped,agents_total_accumulated_waiting_time
0.0,0,0.0,0.0,0.0,0,0.0,1.0,0,0.0,1.0,0,0.0,1.0,0,0.0
5.0,1,0.0,0.0,2.6056601261137984,1,0.0,0.0,0,0.0,0.36400993825256467,0,0.0,1.0,1,0.0
10.0,0,0.0,0.0,9.64707801373848,0,0.0,0.5198088821624477,0,0.0,0.9655848617711336,0,0.0,1.0,0,0.0
15.0,1,0.0,0.0,6.821791980600071,0,0.0,0.9229829469716627,1,0.0,0.11570663118004872,0,0.0,0.6075855433759528,1,0.0
20.0,2,5.0,0.625,8.76696487289113,1,0.0,0.6242966635049293,1,5.0,0.5446836934566258,0,0.0,0.715705938314769,2,5.0
25.0,1,0.0,0.0,7.460926226949375,1,0.0,0.479393353274182,0,0.0,0.3568716199443758,0,0.0,0.9269959148574658,1,0.0
30.0,0,0.0,0.0,11.339810199560988,0,0.0,0.6903835461727073,0,0.0,0.8571632530517077,0,0.0,0.8043662769175386,0,0.0
35.0,0,0.0,0.0,12.230265484906564,0,0.0,0.8300429010333431,0,0.0,0.9620126247144597,0,0.0,0.8584453533471795,0,0.0
40.0,3,4.0,0.3333333333333333,9.852656926635783,1,0.0,0.7159984859003976,1,2.0,0.7104700633706137,1,2.0,0.4901077401140847,3,4.0
45.0,1,1.0,0.1,10.11975880039663,0,0.0,0.8564545378793272,1,1.0,0.7118590105265198,0,0.0,0.9466478395813885,1,1.0
50.0,1,6.0,0.46153846153846156,9.827944203784572,0,0.0,0.3548290659249122,1,6.0,0.7428717315752633,0,0.0,0.7898078062109353,1,6.0
55.0,2,3.0,0.21428571428571427,9.03752733317901,1,3.0,0.5098894507583027,0,0.0,0.7317723040842686,1,0.0,0.6148768900201717,2,3.0
60.0,3,9.0,0.5625,9.473526819566793,1,10.0,0.6807640430056662,0,0.0,1.0,2,1.0,0.5533515683512673,3,11.0
65.0,4,19.0,0.95,8.791571350303549,2,15.0,0.6040105563840228,1,0.0,0.0,1,6.0,0.6579600343979851,4,21.0
70.0,2,20.0,0.9090909090909091,8.705152261764459,2,22.0,0.4526474938311136,0,0.0,0.8007109979704318,0,0.0,0.728629080938975,2,22.0
75.0,1,4.0,0.16,7.722545119269933,0,9.0,0.4076616875854555,0,0.0,0.5555950428794043,1,4.0,0.5971514122959536,1,13.0
80.0,8,23.0,0.92,6.675532880310291,2,5.0,0.4996922204821019,1,4.0,0.5822837395747437,5,16.0,0.32318977564179857,8,25.0
85.0,8,46.0,1.7692307692307692,6.230532187660328,2,2.0,0.37257471143948834,0,2.0,0.8192805696501818,6,44.0,0.3200184432996696,8,48.0
90.0,8,84.0,3.36,7.762853634522403,1,7.0,0.6422648074597277,0,2.0,0.9369420933967902,7,77.0,0.2431454361231293,8,86.0
95.0,11,130.0,5.909090909090909,3.358378350051007,1,12.0,0.30579624512153303,1,4.0,0.10113063365615747,9,117.0,0.05648950181521719,11,133.0
100.0,9,48.0,2.1818181818181817,2.9805146090037393,0,4.0,0.2395526972210813,3,15.0,6.176242801928685e-05,6,114.0,0.14316472969287014,9,133.0
105.0,2,0.0,0.0,7.522101750684394,1,0.0,0.5561308322081016,0,17.0,0.6128541115748323,1,46.0,0.3533179593568977,2,63.0
110.0,0,0.0,0.0,10.520558464679409,0,0.0,0.61894513895513,0,4.0,0.8766275521426017,0,17.0,0.6905580737720556,0,21.0
115.0,3,3.0,0.1111111111111111,9.447076635501164,0,0.0,0.5820931018455738,1,4.0,0.710738828289643,2,20.0,0.6253550874671439,3,24.0
120.0,7,28.0,1.0769230769230769,7.16109805830239,1,5.0,0.461987311540805,2,8.0,0.41937279925536164,4,36.0,0.4930010861309026,7,49.0
125.0,7,33.0,1.375,3.6685008580948666,0,0.0,0.35625677204238143,5,28.0,0.1294812984441398,2,33.0,0.2451732197740395,7,61.0
130.0,3,6.0,0.23076923076923078,7.502168728706037,0,0.0,0.5377554076572928,3,36.0,0.47758761213710055,0,11.0,0.4390078532981222,3,47.0
135.0,1,1.0,0.037037037037037035,10.008652786878962,0,2.0,0.7518663159505576,1,14.0,0.6626959499453219,0,2.0,0.9054070808592842,1,18.0
140.0,1,6.0,0.20689655172413793,10.841158104719504,0,2.0,0.7312660829677621,1,8.0,0.8013598142783097,0,2.0,0.7919006303004567,1,12.0
145.0,2,11.0,0.4074074074074074,9.685023031879709,1,2.0,0.8188772128309602,1,11.0,0.5983183475754229,0,2.0,0.7211497350784991,2,15.0
150.0,3,8.0,0.27586206896551724,8.644552085712398,0,0.0,0.7775450765434705,0,3.0,0.5692272439713749,3,10.0,0.505302856476035,3,13.0
155.0,9,34.0,1.1333333333333333,6.923044298215763,2,1.0,0.5651583732741817,3,9.0,0.3286225409914569,4,26.0,0.3422247094308485,9,36.0
160.0,15,90.0,2.903225806451613,4.254728607231927,5,15.0,0.1955934710394748,4,28.0,0.2568973935259053,6,49.0,0.16639976280980967,15,92.0
165.0,9,65.0,2.1666666666666665,3.910616947859562,3,22.0,0.23171921528273792,5,51.0,0.009150705574724237,1,35.0,0.35341557760031567,9,108.0
170.0,1,14.0,0.45161290322580644,8.617729395741483,0,13.0,0.4593527636238476,1,52.0,0.5563340605226671,0,7.0,0.7360008629174735,1,72.0
175.0,1,0.0,0.0,10.733270456627324,0,5.0,0.7675465438154684,0,18.0,0.8880620351669781,1,2.0,0.586366118986223,1,25.0
180.0,1,4.0,0.11428571428571428,11.510768687529245,0,2.0,0.9305576645755878,0,2.0,0.956522291378802,1,6.0,0.6477013724692123,1,10.0
185.0,1,0.0,0.0,10.122006154270577,0,2.0,0.8484056877243156,1,0.0,0.6108831032881031,0,4.0,0.7592679994884101,1,6.0
190.0,6,12.0,0.3870967741935484,8.258713450902611,3,7.0,0.43509888224012694,0,2.0,0.7561379905800912,3,7.0,0.5587438870565766,6,16.0
195.0,8,30.0,1.0,6.663927680763664,6,28.0,0.16330825728640852,1,5.0,0.530981071944218,1,6.0,0.5153140944870477,8,39.0
200.0,14,84.0,2.896551724137931,5.55046602848678,8,64.0,3.0824585302784025e-05,2,12.0,0.4274392633441904,4,12.0,0.31144898375589525,14,88.0
205.0,12,126.0,4.5,3.88663279021706,8,104.0,0.04550533393837109,3,26.0,0.18309618054384658,1,15.0,0.2599204357734884,12,145.0
210.0,9,144.0,5.538461538461538,5.735104346425358,8,144.0,0.10650944985980162,0,15.0,0.6810844191077334,1,2.0,0.38715722526225166,9,161.0
215.0,8,182.0,6.7407407407407405,7.301975733826877,8,186.0,0.24560700598960938,0,2.0,0.6899504913347083,0,2.0,0.8401319456365322,8,190.0
220.0,5,72.0,2.3225806451612905,7.469493779895232,3,154.0,0.3042923774260691,1,2.0,0.6551958280952134,1,2.0,0.6725033796925882,5,158.0
225.0,1,0.0,0.0,8.739284155229667,1,77.0,0.4148947401782106,0,4.0,0.5678252349243473,0,2.0,0.7777373193972587,1,83.0
230.0,4,6.0,0.2,7.683736281024662,1,52.0,0.48554670654920057,1,4.0,0.48694069233553783,2,6.0,0.27638895449933115,4,62.0
235.0,8,37.0,1.1935483870967742,6.926408001607995,4,66.0,0.5148183679303503,2,10.0,0.38611853926331763,2,16.0,0.2626620422897769,8,92.0
240.0,9,63.0,2.032258064516129,7.2081037636878955,5,91.0,0.43998240243835846,3,25.0,0.23125166750089932,1,9.0,0.6724818674029263,9,125.0
245.0,8,70.0,2.3333333333333335,6.8384975249382345,7,121.0,0.36261554797216966,0,22.0,0.40891815862812453,1,2.0,0.6661395320561677,8,145.0
250.0,11,117.0,3.65625,6.655166993448832,9,159.0,0.09612455533412248,0,1.0,0.9876330994390758,2,11.0,0.6465528290969151,11,171.0
255.0,13,161.0,5.03125,5.964862414469232,13,214.0,0.09019860030369954,0,1.0,0.9404802631043047,0,0.0,0.7502669843262733,13,215.0
260.0,9,83.0,2.59375,5.572258355867437,7,191.0,0.2609947557291147,0,1.0,0.6736813832409856,2,4.0,0.3070254213127065,9,196.0
265.0,7,26.0,0.8387096774193549,5.947704844240838,1,93.0,0.4067500286972487,1,5.0,0.5079000667478647,5,23.0,0.27525497119245146,7,121.0
270.0,11,68.0,2.0,6.111167850466548,2,84.0,0.26960985784932645,3,17.0,0.5200420242092958,6,52.0,0.2970957261097638,11,153.0
275.0,9,36.0,1.0909090909090908,6.032196762674794,7,108.0,0.1643529753071458,0,14.0,0.6530364575288576,2,45.0,0.39829164901371145,9,167.0
280.0,10,71.0,2.2903225806451615,6.79960316993854,9,154.0,0.21174366752746496,1,3.0,0.6787962867973697,0,11.0,0.6210510608668618,10,168.0
285.0,4,37.0,1.2333333333333334,7.841650824451644,3,128.0,0.36499662056595367,1,8.0,0.7369245813038806,0,0.0,0.765222747183102,4,136.0
290.0,1,0.0,0.0,8.722603470219504,0,55.0,0.6776225724617048,0,4.0,0.7434000826860907,1,0.0,0.40979482644316984,1,59.0
295.0,5,14.0,0.42424242424242425,8.391505336710544,0,2.0,0.7931417270737938,0,4.0,0.7303748052004482,5,14.0,0.22653915747138356,5,20.0
300.0,7,46.0,1.393939393939394,7.152008100194885,0,0.0,0.7781078021306284,2,11.0,0.4394054690270128,5,39.0,0.358440007580427,7,50.0
305.0,11,35.0,0.9459459459459459,5.889647980956039,3,4.0,0.1318588727234329,7,34.0,0.2937076348526975,1,31.0,0.433183997211202,11,69.0
310.0,7,41.0,1.2424242424242424,7.0087853732228895,2,14.0,0.4094847289377558,4,48.0,0.3067265111791653,1,6.0,0.6185926034669417,7,68.0
315.0,7,41.0,1.2424242424242424,8.480911382864065,2,26.0,0.5624928627260831,2,32.0,0.5536047776071221,3,13.0,0.4813933552574661,7,71.0
320.0,3,32.0,1.0,10.3345858610944,0,2.0,0.8394800393340589,2,18.0,0.6720068834390264,1,18.0,0.7475028715024862,3,38.0
325.0,4,23.0,0.7931034482758621,8.374107719615592,1,2.0,0.6572649298475535,1,6.0,0.6286422740735201,2,23.0,0.5852604698031159,4,31.0
330.0,4,17.0,0.5666666666666667,8.801978188341081,0,0.0,0.79144836731,4,21.0,0.33275924845022536,0,0.0,0.7060722028270938,4,21.0
335.0,6,17.0,0.5862068965517241,6.5164122794340305,1,2.0,0.22914684401833915,3,30.0,0.25020578454073134,2,3.0,0.3389237242421107,6,35.0
340.0,9,34.0,1.2142857142857142,6.775158514100565,4,17.0,0.4035205771729149,1,18.0,0.2281995092374368,4,19.0,0.35554354522452175,9,54.0
345.0,6,39.0,1.56,5.984924141909473,4,37.0,0.46542782039322206,2,22.0,0.16539458407680646,0,14.0,0.3867367015476079,6,73.0
350.0,10,79.0,3.16,5.891451315924285,5,57.0,0.26716812750670166,4,41.0,0.33931501692579874,1,3.0,0.5760051666427713,10,101.0
355.0,7,42.0,1.68,6.135451845191636,4,60.0,0.17750020954977952,1,39.0,0.4992177576142837,2,10.0,0.5428362334910025,7,109.0
360.0,0,0.0,0.0,8.19395677758191,0,34.0,0.5386290608230954,0,13.0,0.5741815522684304,0,7.0,0.4474997241071283,0,54.0
365.0,2,8.0,0.25806451612903225,9.520845060627568,1,37.0,0.6709146610874334,0,0.0,0.529165107323617,1,5.0,0.42625739443789107,2,42.0
370.0,5,20.0,0.6451612903225806,7.934795159394023,4,52.0,0.5038533086469471,0,0.0,0.5307717586507416,1,2.0,0.41940117684722633,5,54.0
375.0,6,23.0,0.7931034482758621,6.145915609068567,3,44.0,0.30867322292168664,1,6.0,0.6006709352341861,2,7.0,0.3501020889130121,6,57.0
380.0,4,15.0,0.5172413793103449,7.327578684148559,2,16.0,0.30551974163229195,0,2.0,0.7250252150797977,2,13.0,0.5327966850153426,4,31.0
385.0,3,7.0,0.2413793103448276,8.299628015136486,1,17.0,0.500333504737232,2,7.0,0.6661246013081874,0,6.0,0.5647878876887439,3,30.0
390.0,5,14.0,0.4375,7.999973609172938,4,30.0,0.2918367387896921,0,5.0,0.76653956958316,1,2.0,0.43626419740901073,5,37.0
395.0,10,51.0,1.7586206896551724,6.806815321358192,7,62.0,0.27552604227210753,2,6.0,0.44354630376749,1,0.0,0.5037724006131317,10,68.0
400.0,14,107.0,4.458333333333333,4.309290775730671,10,102.0,0.14959940981528588,4,22.0,0.0017622950236844226,0,0.0,0.8734862201734087,14,124.0
405.0,16,181.0,6.961538461538462,3.8645388615770404,10,151.0,0.11239923299169798,6,47.0,0.0,0,0.0,0.7484825109594473,16,198.0
410.0,18,263.0,9.74074074074074,3.182840816071379,12,205.0,0.17434042299628513,5,72.0,0.0983488244436367,1,3.0,0.28281483810631847,18,280.0
415.0,16,276.0,10.222222222222221,3.5859506380965334,11,260.0,0.220660071816059,2,54.0,0.1790131161651258,3,15.0,0.23981606471640426,16,329.0
420.0,15,305.0,10.517241379310345,3.912217469017962,12,319.0,0.11114505454885858,1,20.0,0.4228438929589025,2,17.0,0.26754778008026353,15,356.0
425.0,10,176.0,6.068965517241379,5.838143759087077,8,298.0,0.12853852105177577,1,10.0,0.5440200309701393,1,8.0,0.743245514698848,10,316.0
430.0,4,28.0,1.0,7.609066682963006,1,142.0,0.21123884947420565,2,21.0,0.6846935557437808,1,13.0,0.6314739902753129,4,176.0
435.0,7,52.0,1.8571428571428572,7.697494908033744,2,146.0,0.2806935709637323,3,30.0,0.6061975409195278,2,20.0,0.487129503593419,7,196.0
440.0,7,30.0,1.0714285714285714,6.688528298818865,7,172.0,0.2670206791889809,0,6.0,0.5601256602253257,0,0.0,0.20356156054401325,7,178.0
445.0,8,24.0,0.8275862068965517,6.162681208765383,3,128.0,0.30316285663558973,2,8.0,0.03059443498366314,3,7.0,0.15953502164513403,8,143.0
450.0,0,0.0,0.0,8.547950152507227,0,12.0,0.5430830825016919,0,7.0,0.5831776736818981,0,0.0,0.6318384583237711,0,19.0
455.0,1,1.0,0.04,10.70127694521128,0,2.0,0.6155117006081521,0,2.0,0.9128280282252016,1,3.0,0.6497105021305238,1,7.0
460.0,2,9.0,0.34615384615384615,10.24150915789712,0,2.0,0.9116206213020983,0,0.0,0.8844637120368704,2,11.0,0.5456932048038617,2,13.0
465.0,2,0.0,0.0,7.738166360291812,1,2.0,0.2259939025054988,0,0.0,0.40261502413847994,1,12.0,0.525698026785525,2,14.0
470.0,7,23.0,0.92,6.318034200037883,2,9.0,0.18634502731709107,3,10.0,0.0025377832210891687,2,8.0,0.5434890642719422,7,27.0
475.0,5,29.0,1.0740740740740742,6.181336818980828,0,0.0,0.5852468459936947,1,17.0,0.08619189333770959,4,26.0,0.4291355598830904,5,43.0
480.0,8,51.0,1.7586206896551724,7.346101626184513,0,0.0,0.6329290161755176,1,7.0,0.5179588232351583,7,55.0,0.40891378552299856,8,62.0
485.0,13,101.0,3.3666666666666667,6.415906228366248,4,9.0,0.4208889541641542,1,11.0,0.6498100596055606,8,92.0,0.373467907916031,13,112.0
490.0,7,60.0,2.0,6.555508257653679,4,29.0,0.4159839684712416,1,16.0,0.5414589127094638,2,78.0,0.37706622885612273,7,123.0
495.0,3,3.0,0.09375,6.760630884846705,2,19.0,0.32440263768964445,0,6.0,0.6758660763615897,1,22.0,0.37619196775925384,3,47.0
500.0,4,10.0,0.2631578947368421,7.894348737529423,2,9.0,0.281499141882495,1,2.0,0.7579711192830544,1,8.0,0.44982721081832283,4,19.0
505.0,11,48.0,1.2307692307692308,7.922868814608807,5,22.0,0.32735225677379554,0,2.0,0.7238870317183901,6,33.0,0.4683096777436028,11,57.0
510.0,6,46.0,1.2777777777777777,6.375713538499637,3,37.0,0.4818052711966775,1,5.0,0.34730633659085325,2,38.0,0.3093268139632529,6,80.0
515.0,8,30.0,0.8333333333333334,6.719467009767854,1,29.0,0.5085531301123069,5,23.0,0.36000625602505015,2,17.0,0.33872446965843084,8,69.0
520.0,6,29.0,0.7837837837837838,7.871368118055411,2,3.0,0.43895889035302726,2,23.0,0.6024080442405332,2,20.0,0.4684869899208993,6,46.0
525.0,4,42.0,1.0769230769230769,9.21907560003897,2,14.0,0.5841095818091464,0,12.0,0.7395651650541918,2,32.0,0.41722657657778894,4,58.0
530.0,5,66.0,1.736842105263158,9.141502682476757,2,24.0,0.6364242778327103,0,4.0,0.7411432639789738,3,46.0,0.43775538714175294,5,74.0
535.0,4,61.0,1.6486486486486487,8.956199388590385,0,15.0,0.6726682940194622,0,0.0,0.8052884504270371,4,61.0,0.3344220704317676,4,76.0
540.0,4,9.0,0.24324324324324326,9.292165116114154,3,11.0,0.5779732516152227,0,0.0,0.8859771538917875,1,20.0,0.5926999127189028,4,31.0
545.0,1,0.0,0.0,9.141580174306494,0,12.0,0.5230755281132555,0,0.0,0.6133530006496012,1,0.0,0.7519177303398586,1,12.0
550.0,5,10.0,0.2702702702702703,8.998660529749712,1,4.0,0.5463020918889008,2,6.0,0.5693789768357939,2,2.0,0.6569866719350135,5,12.0
555.0,9,42.0,1.1666666666666667,7.068353355225951,1,9.0,0.4916971417847468,3,17.0,0.5710239016144503,5,18.0,0.3271820711038616,9,44.0
560.0,12,84.0,2.210526315789474,5.7440579406115075,1,6.0,0.3116309258497953,3,34.0,0.4267241455758389,8,53.0,0.2852224414019997,12,93.0
565.0,19,165.0,4.342105263157895,4.883466199440329,3,14.0,0.37886455989828427,5,54.0,0.25184038922325624,11,101.0,0.2118672786232402,19,169.0
570.0,11,64.0,1.6842105263157894,4.818539058518528,0,7.0,0.4747641627150438,4,46.0,0.19343609565642117,7,109.0,0.2716998408197983,11,162.0
575.0,1,0.0,0.0,7.827880537336672,0,2.0,0.68818697138444,0,28.0,0.5540642790268551,1,58.0,0.4609983246257673,1,88.0
580.0,1,0.0,0.0,9.624935282909805,0,2.0,0.6409677752308646,0,22.0,0.704124040972689,1,6.0,0.5431339614123548,1,30.0
585.0,5,13.0,0.3170731707317073,8.269590141287058,0,2.0,0.6199653661147885,4,34.0,0.48503605512925146,1,7.0,0.4729434386609565,5,43.0
590.0,11,55.0,1.4473684210526316,5.236155520822015,0,2.0,0.5580207726615746,6,60.0,0.20675497626078668,5,23.0,0.1632084514910632,11,85.0
595.0,17,93.0,2.5833333333333335,2.8850793133676813,1,0.0,0.5568533913672008,4,68.0,0.12248173078202979,12,68.0,0.006471312553465694,17,136.0
600.0,14,127.0,3.4324324324324325,5.8109383595063,1,7.0,0.669783753878428,0,42.0,0.5352682948435865,13,131.0,0.1993966247211669,14,180.0
605.0,9,84.0,2.210526315789474,7.810078688996836,1,2.0,0.7842425965767406,1,10.0,0.7308940946149871,7,145.0,0.37363698595606254,9,157.0
610.0,3,17.0,0.4358974358974359,8.25126794467955,1,5.0,0.7760236826822299,1,11.0,0.5819085780109159,1,99.0,0.4539090126426355,3,115.0
615.0,9,27.0,0.6923076923076923,6.167192163189404,3,14.0,0.3715975002553011,3,22.0,0.5162842769063659,3,89.0,0.32928455066014367,9,125.0
620.0,21,98.0,2.3902439024390243,3.818588559226917,9,40.0,0.08431951474510607,4,41.0,0.3505264632232747,8,115.0,0.17411959062561874,21,196.0
625.0,15,91.0,2.2195121951219514,3.6830133971083736,4,44.0,0.24155809853166418,5,64.0,0.30098743649213516,6,110.0,0.15101727822610103,15,218.0
630.0,9,88.0,2.046511627906977,6.851964107959419,0,14.0,0.6167457114070227,7,96.0,0.40982163277979766,2,68.0,0.3005371591421318,9,178.0
635.0,11,134.0,2.977777777777778,7.638065785613836,2,20.0,0.43197657892427255,8,134.0,0.47375515647017763,1,20.0,0.4143640783308982,11,174.0
640.0,8,57.0,1.2391304347826086,7.570772825339577,4,35.0,0.28731943254617304,3,111.0,0.42771292641493125,1,11.0,0.5393929431445248,8,157.0
645.0,9,55.0,1.3414634146341464,6.172541477041383,5,56.0,0.4212845988144431,0,41.0,0.27979702780412863,4,26.0,0.39427764230972584,9,123.0
650.0,6,43.0,1.1025641025641026,6.90470435991024,1,31.0,0.5266300440308125,0,0.0,0.43178753364301153,5,49.0,0.46991972409213373,6,80.0
655.0,8,31.0,0.7380952380952381,7.4168482488381615,1,9.0,0.6124136512639038,2,5.0,0.4930545711398998,5,58.0,0.4966585655637591,8,72.0
660.0,9,32.0,0.6956521739130435,7.971527807873079,2,10.0,0.5831558321946355,5,25.0,0.5721347741369399,2,22.0,0.43901542753003736,9,57.0
665.0,8,51.0,1.108695652173913,7.431416030752716,1,1.0,0.5551955484655084,5,52.0,0.5445912365032926,2,26.0,0.4371417529614629,8,79.0
670.0,18,112.0,2.24,5.2481972562512045,4,14.0,0.17229987624362705,6,79.0,0.3432958343943385,8,46.0,0.24929296816286692,18,139.0
675.0,11,48.0,1.0666666666666667,4.162838212127759,2,22.0,0.2977450541898831,5,75.0,0.1423645898030797,4,50.0,0.30859375917301207,11,147.0
680.0,4,5.0,0.10869565217391304,6.979372503060865,2,11.0,0.5672957448417093,2,48.0,0.38964145345878365,0,23.0,0.4256486214361901,4,82.0
685.0,6,17.0,0.3541666666666667,7.5739133624006385,1,8.0,0.7328793955052897,3,53.0,0.44549141564770034,2,26.0,0.4008879092993486,6,87.0
690.0,13,74.0,1.48,6.680350067058657,1,11.0,0.8262448458797377,8,87.0,0.25447142907330245,4,44.0,0.3494959049838792,13,142.0
695.0,18,115.0,2.3469387755102042,4.517025996686657,1,2.0,0.37109882874976924,12,139.0,0.08316838069579263,5,52.0,0.30723518501765706,18,193.0
700.0,23,188.0,4.0,4.310278966796104,4,14.0,0.39074511037982773,16,214.0,0.09141829452363624,3,39.0,0.16044429425806694,23,267.0
705.0,13,129.0,3.0,4.657240033102512,0,10.0,0.46384892740911515,12,227.0,0.16517565699673495,1,41.0,0.23844486254165645,13,278.0
710.0,8,38.0,0.8837209302325582,6.186621993939457,1,2.0,0.7073177911379417,3,173.0,0.2945013285228194,4,59.0,0.2807966929754489,8,234.0
715.0,10,22.0,0.5,5.493265421237037,1,3.0,0.673643387846325,3,181.0,0.32641480661116695,6,61.0,0.2722507553349353,10,245.0
720.0,11,46.0,1.0,6.444385053786308,1,6.0,0.7606191033984461,9,213.0,0.2073538167612445,1,47.0,0.547690396908777,11,266.0
725.0,11,47.0,0.9591836734693877,6.488767910220098,2,11.0,0.6316239428356327,9,205.0,0.22694817846162146,0,14.0,0.6396514346921146,11,230.0
730.0,6,8.0,0.14814814814814814,7.803382846353299,0,2.0,0.6901503799896482,4,138.0,0.348463882207146,2,4.0,0.6804405983723837,6,144.0
735.0,7,13.0,0.22413793103448276,7.009331175167141,3,8.0,0.5215384269941494,4,148.0,0.27820996750138954,0,2.0,0.633628068393867,7,158.0
740.0,14,52.0,0.9285714285714286,5.913587404523012,1,6.0,0.5088690207810769,10,183.0,0.12761953294473083,3,12.0,0.49703509753887276,14,201.0
745.0,20,121.0,2.240740740740741,4.352359558618301,1,2.0,0.45107646491766257,16,253.0,0.15209274917501958,3,21.0,0.3049601636726415,20,276.0
750.0,15,115.0,2.0535714285714284,6.016524899839687,2,10.0,0.5430152619816605,13,263.0,0.28784638372889726,0,13.0,0.4147601743794924,15,286.0
755.0,9,42.0,0.711864406779661,6.035138362019434,0,8.0,0.500487100413038,8,197.0,0.22077817551287574,1,17.0,0.5302556844883303,9,222.0
760.0,14,44.0,0.7213114754098361,5.694051948402199,3,12.0,0.5779416849624461,5,204.0,0.15634589005202806,6,34.0,0.4606106022089218,14,250.0
765.0,13,47.0,0.7966101694915254,4.844974451466818,1,15.0,0.5881079462489832,7,235.0,0.12587164538886594,5,41.0,0.3707959048939646,13,291.0
770.0,18,95.0,1.5833333333333333,5.039594725258022,3,7.0,0.4890065513697526,14,297.0,0.2078434085486058,1,31.0,0.3519603656928613,18,335.0
775.0,26,184.0,2.875,3.9348121706770174,1,5.0,0.4402593524532647,21,388.0,0.09335613166797245,4,38.0,0.262427470485497,26,431.0
780.0,38,344.0,5.292307692307692,3.3759348658302732,3,15.0,0.47909091549151,28,513.0,0.003925513881147727,7,60.0,0.2627608332408615,38,588.0
785.0,32,325.0,5.0,2.7750886850058296,2,8.0,0.19657157849754017,25,570.0,0.05752895323200326,5,59.0,0.22970918362477755,32,637.0
790.0,20,221.0,3.4,5.253315769197186,2,12.0,0.5868811072603423,15,488.0,0.23631486058632023,3,47.0,0.4030607636247314,20,547.0
795.0,15,126.0,1.8,5.54710795721616,1,2.0,0.7085603724061392,10,395.0,0.20336531312535502,4,62.0,0.41596681882583203,15,459.0
800.0,13,53.0,0.726027397260274,6.266164003316519,1,5.0,0.6951718392552929,7,343.0,0.29726733712486947,5,81.0,0.36605159658002195,13,429.0
805.0,12,72.0,0.9863013698630136,6.2532313556993095,0,0.0,0.6430010662819935,2,244.0,0.4026703772052082,10,118.0,0.28049020234010597,12,362.0
810.0,18,151.0,2.1884057971014492,6.657271936974505,0,0.0,0.6949482782585023,3,142.0,0.5228264054901086,15,184.0,0.22036476795902188,18,326.0
815.0,16,125.0,1.7857142857142858,5.381809046986413,0,0.0,0.5436921841614396,1,108.0,0.41495977300628767,15,225.0,0.17988114763515028,16,333.0
820.0,23,123.0,1.6849315068493151,4.669833920987252,5,14.0,0.21493959668969492,7,128.0,0.26428313730444375,11,191.0,0.20766205819310787,23,333.0
825.0,15,88.0,1.2571428571428571,4.574367909760723,5,33.0,0.14061633376359023,4,112.0,0.27645161850083233,6,168.0,0.25523606177130914,15,313.0
830.0,4,14.0,0.2028985507246377,7.053412935111999,0,22.0,0.415892597612728,0,51.0,0.43954996428822934,4,152.0,0.38360797932851426,4,225.0
835.0,4,14.0,0.2,8.043143498988666,2,21.0,0.429341747220846,0,4.0,0.58907586347014,2,147.0,0.46284176551914186,4,172.0
840.0,8,34.0,0.5230769230769231,7.835850439650953,6,46.0,0.3816536369951976,0,0.0,0.7950360791235658,2,140.0,0.46658219051243677,8,186.0
845.0,14,42.0,0.6363636363636364,6.194789872316332,6,52.0,0.33742724940649305,2,1.0,0.4621952558686392,6,163.0,0.3651017987496904,14,216.0
850.0,16,87.0,1.4262295081967213,5.44327293803663,4,34.0,0.3668496685532297,1,8.0,0.5810005443230105,11,206.0,0.25013343958106354,16,248.0
855.0,14,85.0,1.3492063492063493,5.095730194979244,3,36.0,0.30426262411422844,0,2.0,0.8281101638812878,11,221.0,0.10255880976377976,14,259.0
860.0,11,76.0,1.1014492753623188,7.16039370282279,3,40.0,0.4096344868015933,0,4.0,0.8288439489776813,8,202.0,0.2191452165489633,11,246.0
865.0,9,81.0,1.125,8.503457865431876,4,50.0,0.5880906673941797,0,2.0,0.7289499297332971,5,140.0,0.38006611038327287,9,192.0
870.0,7,37.0,0.5285714285714286,7.609263741730053,3,30.0,0.34630721155398997,0,2.0,0.7119015796907224,4,110.0,0.4515427938962014,7,142.0
875.0,13,89.0,1.328358208955224,7.846196339837132,7,36.0,0.2533040076334704,1,5.0,0.648409490049383,5,89.0,0.4759539697174515,13,130.0
880.0,10,96.0,1.5238095238095237,7.428783392713133,4,48.0,0.231014710538704,1,1.0,0.500682814932723,5,85.0,0.5594398988951272,10,134.0
885.0,8,31.0,0.5254237288135594,6.902026580543541,3,28.0,0.4905429900442234,4,19.0,0.3829913753682138,1,48.0,0.441844224053185,8,95.0
890.0,15,92.0,1.6428571428571428,5.661233250984075,2,22.0,0.5874565890736666,6,46.0,0.2755952959675092,7,33.0,0.18617063905119935,15,101.0
895.0,20,147.0,2.625,5.188186018112959,2,32.0,0.5817099225508336,6,67.0,0.27286611877484246,12,83.0,0.11078860908341154,20,182.0
900.0,23,211.0,3.9074074074074074,5.061882495012008,2,44.0,0.620056933366156,5,67.0,0.3749920856226387,16,157.0,0.16577254432535296,23,268.0
905.0,15,128.0,2.3703703703703702,4.789238741669504,1,25.0,0.593228841104246,4,87.0,0.2959185300505421,10,186.0,0.2598359671692159,15,298.0
910.0,13,48.0,0.8135593220338984,6.189826368707126,2,5.0,0.5617546126781952,7,116.0,0.3145788434899055,4,142.0,0.35567627574739613,13,263.0
915.0,12,82.0,1.3442622950819672,6.08767409877869,0,7.0,0.3879466997096998,11,168.0,0.19837754178337258,1,62.0,0.47445399416897943,12,237.0
920.0,14,74.0,1.1935483870967742,6.2539982067346465,2,5.0,0.4350060941350567,11,193.0,0.26485377210475336,1,24.0,0.4375060480453075,14,222.0
925.0,11,44.0,0.6875,7.082178647182075,1,5.0,0.6269477552292175,9,164.0,0.3160834840495054,1,9.0,0.5726390576859202,11,178.0
930.0,11,41.0,0.6612903225806451,7.797972873137015,3,4.0,0.6506983385798661,7,130.0,0.3483683951540331,1,11.0,0.7191714631473415,11,145.0
935.0,10,39.0,0.65,5.902697077001575,3,14.0,0.6118654110557662,6,156.0,0.18047268165156702,1,5.0,0.4792395299120447,10,175.0
940.0,22,85.0,1.328125,4.884080414993337,6,34.0,0.3739098396131791,10,200.0,0.1422852418727638,6,20.0,0.3942698768050928,22,254.0
945.0,23,141.0,2.274193548387097,3.74130164428544,11,78.0,0.21534996636266313,3,199.0,0.2007394206945028,9,55.0,0.2720449246099208,23,332.0
950.0,29,249.0,3.716417910447761,3.671330682260286,14,145.0,0.2697205303277372,2,150.0,0.20254704006056423,13,109.0,0.30096148804819955,29,404.0
955.0,23,177.0,2.4583333333333335,4.49685930837422,12,168.0,0.27558145357266456,2,113.0,0.2847303561846008,9,128.0,0.38379598070317,23,409.0
960.0,10,45.0,0.5921052631578947,5.777212182218657,5,133.0,0.4042154162827007,2,87.0,0.44240635331174777,3,93.0,0.28742930983612913,10,313.0
965.0,10,47.0,0.5529411764705883,7.02116098461405,3,68.0,0.4514398209681746,2,71.0,0.5224024214478294,5,40.0,0.3159952081651207,10,179.0
970.0,4,7.0,0.08045977011494253,7.2888030557169845,1,48.0,0.5577840080804727,1,59.0,0.5118869484690501,2,41.0,0.31122668357610683,4,148.0
975.0,14,44.0,0.4943820224719101,6.9538360741397796,2,37.0,0.43520200397654285,5,65.0,0.4343413066683995,7,53.0,0.29912238367103405,14,155.0
980.0,27,154.0,1.8780487804878048,5.451927169956631,7,63.0,0.23120995496843827,10,105.0,0.2158567176170071,10,97.0,0.25668672823078464,27,265.0
985.0,34,198.0,2.75,2.7549566469103413,7,78.0,0.13648232061119828,17,176.0,0.03763286399737526,10,111.0,0.11145185650212586,34,365.0
990.0,26,166.0,2.3380281690140845,4.293368665562634,3,55.0,0.2475684074398993,15,228.0,0.27124221682958843,8,92.0,0.15061099360324204,26,375.0
995.0,12,91.0,1.2638888888888888,5.766721352782735,3,61.0,0.3483571922818985,5,198.0,0.35303197192907004,4,80.0,0.3898107453536028,12,339.0
1000.0,15,79.0,1.025974025974026,6.044621524075224,8,87.0,0.34040243680621596,5,158.0,0.2818967102119414,2,74.0,0.5489351706924046,15,319.0
1005.0,11,41.0,0.5256410256410257,5.980347342295653,6,88.0,0.3605619006255963,4,128.0,0.3269390431041578,1,53.0,0.5423957388137256,11,269.0
1010.0,11,51.0,0.6538461538461539,6.288559787690248,4,56.0,0.41416283363894574,2,95.0,0.37661062390536404,5,62.0,0.47063065974364177,11,213.0
1015.0,13,25.0,0.3048780487804878,5.3229335763754015,4,61.0,0.341027035433961,2,73.0,0.4177413146376939,7,67.0,0.3054288077755295,13,201.0
1020.0,18,55.0,0.625,5.167707952289632,8,87.0,0.1841850821098738,4,88.0,0.4234751989486366,6,59.0,0.3148574346051611,18,234.0
1025.0,27,150.0,1.6483516483516483,4.449732371231283,15,140.0,0.1768670524775702,8,117.0,0.26031470615761504,4,43.0,0.31440484516887973,27,300.0
1030.0,26,132.0,1.4193548387096775,3.5679327615453778,13,180.0,0.15532491257309144,8,126.0,0.1040662372032398,5,39.0,0.2802407840476713,26,345.0
1035.0,23,91.0,0.9479166666666666,4.6446521928366336,9,162.0,0.2449147873021079,6,106.0,0.21427202321939992,8,53.0,0.2675171132677924,23,321.0
1040.0,27,136.0,1.4166666666666667,5.26721905849671,9,195.0,0.2876626594179845,6,85.0,0.31300752173011875,12,96.0,0.30366963298986677,27,376.0
1045.0,23,120.0,1.263157894736842,4.9152255466243995,10,229.0,0.28353294002596335,4,76.0,0.3155416673822828,9,122.0,0.23464611307069688,23,427.0
1050.0,26,147.0,1.5473684210526315,4.3580144849465325,12,280.0,0.17842324828151693,2,74.0,0.4705828805983917,12,120.0,0.21549137882506844,26,474.0
1055.0,28,177.0,1.84375,4.6371062511804455,15,301.0,0.16459153461697376,2,62.0,0.4848651925872956,11,109.0,0.303626827207438,28,472.0
1060.0,21,187.0,1.9081632653061225,5.00904891375211,10,262.0,0.18224543004291796,3,62.0,0.6097411836419543,8,133.0,0.2506702126277786,21,457.0
1065.0,29,254.0,2.466019417475728,4.62796978264323,13,313.0,0.1547056903952005,5,72.0,0.5510000770188552,11,170.0,0.24202578182889617,29,555.0
1070.0,27,153.0,1.4854368932038835,4.070679489047362,17,384.0,0.0919988577926588,3,53.0,0.522704531388221,7,164.0,0.22154261759010302,27,601.0
1075.0,30,148.0,1.4368932038834952,3.775037000927893,18,470.0,0.06809878652998916,5,28.0,0.343750870591503,7,123.0,0.26431866599094517,30,621.0
1080.0,33,205.0,2.0707070707070705,3.6518115869748615,16,487.0,0.09247920971621734,9,52.0,0.2566662120672247,8,89.0,0.21363103952879708,33,628.0
1085.0,35,259.0,2.6979166666666665,3.3566554117042338,12,415.0,0.13748123278159938,12,108.0,0.15416337421924958,11,123.0,0.16928432995796028,35,646.0
1090.0,38,383.0,4.074468085106383,3.653277545594721,10,335.0,0.18672386753467424,14,177.0,0.2480167082083719,14,188.0,0.12349557959177032,38,700.0
1095.0,35,289.0,2.919191919191919,3.7401980379999853,10,383.0,0.15469302719874778,10,191.0,0.3018099644176694,15,210.0,0.14314052455359663,35,784.0
1100.0,31,207.0,2.1122448979591835,3.893431039799885,16,447.0,0.14828257837390504,3,157.0,0.3849835660039353,12,226.0,0.19478918658633113,31,830.0
1105.0,25,140.0,1.4141414141414141,4.008919049562981,10,454.0,0.17580353230884915,3,139.0,0.3676812102840642,12,216.0,0.2282123514849885,25,809.0
1110.0,16,91.0,0.9191919191919192,4.229184041845433,4,383.0,0.21954364787960245,2,145.0,0.3858604820784126,10,250.0,0.28244483086284583,16,778.0
1115.0,27,103.0,1.0,3.903538657885765,6,388.0,0.18571563482627096,10,169.0,0.19492110106994529,11,297.0,0.17541683907749284,27,854.0
1120.0,28,130.0,1.3,3.1760260973271826,8,416.0,0.1261434455876113,10,180.0,0.17552245449129067,10,348.0,0.13052808784828504,28,944.0
1125.0,25,94.0,0.9494949494949495,2.973771938994334,10,398.0,0.14175929044926247,7,149.0,0.1594493786535322,8,357.0,0.2271565333085107,25,904.0
1130.0,20,75.0,0.7425742574257426,4.3553792215118525,7,320.0,0.2154707309756612,4,86.0,0.41578450075704126,9,320.0,0.24821474793800055,20,726.0
1135.0,11,51.0,0.49038461538461536,5.6163879834363275,4,224.0,0.2288331269485898,1,53.0,0.5408805098804125,6,270.0,0.33322583543602896,11,547.0
1140.0,16,54.0,0.5,5.453550447911709,2,222.0,0.2150595911343138,6,53.0,0.5083026133101828,8,247.0,0.29014442796072404,16,522.0
1145.0,18,76.0,0.7169811320754716,5.049253613924808,8,248.0,0.18473132485616306,4,51.0,0.33226655672577476,6,209.0,0.32383751183123277,18,508.0
1150.0,11,41.0,0.422680412371134,4.772451355169986,8,248.0,0.17522119390984522,2,28.0,0.30226711270798784,1,176.0,0.45671310176080515,11,452.0
1155.0,13,37.0,0.37755102040816324,5.1954257464805265,8,185.0,0.19141043480877165,2,22.0,0.28092135572553406,3,182.0,0.4699319219869148,13,389.0
1160.0,14,47.0,0.5,5.293780985053134,3,143.0,0.22429114743752743,8,52.0,0.2310601669721717,3,166.0,0.4156099389430176,14,361.0
1165.0,13,48.0,0.5161290322580645,4.697706778806116,5,155.0,0.21378131661953154,7,76.0,0.2371424332582968,1,126.0,0.33442894692983394,13,357.0
1170.0,17,66.0,0.7021276595744681,4.509190620530161,11,197.0,0.2218636947851369,5,64.0,0.21849975655916068,1,65.0,0.35822772159674154,17,326.0
1175.0,26,138.0,1.4081632653061225,4.1391597253302495,17,269.0,0.15927046357982813,6,70.0,0.2025766718078005,3,35.0,0.40632283222325977,26,374.0
1180.0,28,163.0,1.5673076923076923,3.6706165992699047,19,303.0,0.12324110060625976,9,107.0,0.1260201445225281,0,26.0,0.3822962224213409,28,436.0
1185.0,35,188.0,1.7735849056603774,3.574199979816518,18,292.0,0.1296084495552384,13,166.0,0.15894380856732984,4,33.0,0.32045755816279486,35,491.0
1190.0,31,180.0,1.7475728155339805,3.5626645964290318,14,346.0,0.15732726556120008,9,182.0,0.20148059170242422,8,63.0,0.17347478435261815,31,591.0
1195.0,26,117.0,1.125,4.264240075769869,13,412.0,0.15976330861447438,6,144.0,0.2029108367258977,7,73.0,0.3026930295073523,26,629.0
1200.0,27,96.0,0.9896907216494846,2.707663196094355,15,430.0,0.10293079906100187,6,178.0,0.11566217854045807,6,65.0,0.26051193170760906,27,673.0
1205.0,28,104.0,1.0612244897959184,3.002196431652856,9,384.0,0.1428633458026023,13,234.0,0.13758156586302075,6,79.0,0.2514831815245964,28,697.0
1210.0,29,155.0,1.4903846153846154,3.684797981340474,8,295.0,0.19908447619917385,15,305.0,0.18210907632857543,6,93.0,0.2201253379846521,29,693.0
1215.0,21,124.0,1.1376146788990826,3.8579398244204395,5,299.0,0.22089907856746757,10,311.0,0.18370784651418412,6,121.0,0.21025080531551052,21,731.0
1220.0,20,98.0,0.8828828828828829,4.277020967695409,6,301.0,0.2572709055251807,8,264.0,0.20068652167857662,6,132.0,0.2277762488370252,20,697.0
1225.0,27,126.0,1.1559633027522935,4.11097766190796,13,338.0,0.2209438433760852,7,261.0,0.18508349246062358,7,130.0,0.26097506139988885,27,729.0
1230.0,38,229.0,2.201923076923077,3.0997655101016686,20,425.0,0.08670283652095012,9,300.0,0.1153452148329015,9,164.0,0.2094144251157325,38,889.0
1235.0,56,421.0,4.0095238095238095,1.8700168882176649,27,543.0,0.05495973646827214,16,366.0,0.06543944815534103,13,216.0,0.08694189927197499,56,1125.0
1240.0,64,689.0,6.5,1.7326232613443524,32,691.0,0.06683905063367582,17,449.0,0.12309316647826926,15,257.0,0.0799632046641374,64,1397.0
1245.0,57,700.0,6.363636363636363,1.7792999658244368,31,764.0,0.051237069775568814,20,545.0,0.13019806566425846,6,269.0,0.11423270561272462,57,1578.0
1250.0,50,551.0,4.963963963963964,2.8464463561139097,24,733.0,0.08820057551902964,17,566.0,0.17047720647449563,9,278.0,0.12713970552774936,50,1577.0
1255.0,42,379.0,3.2956521739130435,3.7498743403362,20,627.0,0.17358861783244417,13,503.0,0.2788957305660589,9,287.0,0.151847127190611,42,1417.0
1260.0,31,279.0,2.4473684210526314,3.6259862642398977,12,688.0,0.21263117367380208,11,537.0,0.23396533855853355,8,265.0,0.21021702074400675,31,1490.0
1265.0,38,264.0,2.2956521739130435,3.1212198882239695,14,738.0,0.17182948091046563,15,599.0,0.14988939028692871,9,303.0,0.169572454946755,38,1640.0
1270.0,41,278.0,2.4601769911504423,2.697463891578776,12,721.0,0.15699987829232134,16,675.0,0.09259627710379652,13,356.0,0.13199236877188786,41,1752.0
1275.0,41,278.0,2.43859649122807,2.5278777358187634,9,621.0,0.1621434635114324,14,664.0,0.1525733523266437,18,394.0,0.07586226939836155,41,1679.0
1280.0,26,128.0,1.0847457627118644,3.517050216781429,4,636.0,0.27171326885563074,10,556.0,0.2144805365140568,12,420.0,0.14150713543939558,26,1612.0
1285.0,25,98.0,0.8166666666666667,4.662824178757659,10,653.0,0.23400050151870927,7,421.0,0.2207404666512458,8,391.0,0.26177500812749854,25,1465.0
1290.0,27,98.0,0.8305084745762712,4.436105391543395,10,621.0,0.19280276413241845,8,319.0,0.296151823856843,9,359.0,0.2555345995055876,27,1299.0
1295.0,25,108.0,0.9310344827586207,4.045028483569214,8,499.0,0.21697269116385073,9,285.0,0.34248425316496367,8,365.0,0.24383087238078438,25,1149.0
1300.0,21,134.0,1.098360655737705,4.295497260666087,5,482.0,0.22656867704922762,9,239.0,0.4017263014334475,7,373.0,0.2216686233635056,21,1094.0
1305.0,26,117.0,0.8931297709923665,4.024938622781846,9,520.0,0.15140744152956168,8,233.0,0.34831049741902204,9,368.0,0.18354742392490045,26,1121.0
1310.0,29,109.0,0.8515625,3.316169245206633,10,481.0,0.15032869102583016,7,209.0,0.230552788886267,12,374.0,0.1261559044681858,29,1064.0
1315.0,24,84.0,0.6885245901639344,3.543706865643187,7,368.0,0.16353868429877164,5,187.0,0.2901855056540827,12,333.0,0.10396340633549343,24,888.0
1320.0,32,126.0,1.0588235294117647,4.006165035105443,9,401.0,0.16613320414638952,9,160.0,0.3184540975496336,14,291.0,0.21220593917308966,32,852.0
1325.0,32,157.0,1.2764227642276422,3.9304111249474953,12,442.0,0.12654649281380997,12,146.0,0.2880122577545562,8,305.0,0.24035213772333233,32,893.0
1330.0,42,278.0,2.171875,3.7309873533785645,18,512.0,0.07516120497780161,14,179.0,0.23361553949583008,10,300.0,0.2602688038467625,42,991.0
1335.0,44,359.0,2.8951612903225805,3.0203465275611685,17,515.0,0.08689951091963602,17,248.0,0.14140827266333772,10,307.0,0.24105222232868329,44,1070.0
1340.0,33,252.0,2.0655737704918034,3.1285757202181834,13,434.0,0.14672058172987934,13,276.0,0.23117056377656184,7,265.0,0.21277216016116834,33,975.0
1345.0,31,163.0,1.2635658914728682,3.4461109407650765,15,460.0,0.14692955017032214,10,294.0,0.26648704622541863,6,235.0,0.20085124425716466,31,989.0
1350.0,35,137.0,1.0300751879699248,3.66214962853986,21,548.0,0.10129630242767323,7,318.0,0.23564248062111606,7,225.0,0.194284715987999,35,1091.0
1355.0,38,143.0,1.125984251968504,3.12328604706266,16,559.0,0.11389117208729906,13,364.0,0.10863599627018043,9,214.0,0.19428288620866704,38,1137.0
1360.0,31,175.0,1.4462809917355373,2.972706764387448,6,466.0,0.1595078777971785,19,444.0,0.1691416144860345,6,168.0,0.19482265513837424,31,1078.0
1365.0,26,142.0,1.126984126984127,4.0285650338864265,5,320.0,0.21161055706240978,15,459.0,0.20875554653471085,6,169.0,0.19370069239882548,26,948.0
1370.0,19,85.0,0.6538461538461539,4.312033497844341,2,328.0,0.22212691067037682,8,372.0,0.25261746860731654,9,175.0,0.15716220535236702,19,875.0
1375.0,22,67.0,0.536,4.45023808620832,8,348.0,0.18872232281687995,4,357.0,0.23912867230893625,10,173.0,0.15837409287214518,22,878.0
1380.0,27,88.0,0.7719298245614035,3.759791943332217,8,340.0,0.1815559719211428,10,366.0,0.23332425492397427,9,142.0,0.18910142145316744,27,848.0
1385.0,26,102.0,0.8869565217391304,4.05935933377967,6,285.0,0.20257043738905037,10,342.0,0.30216214352025644,10,131.0,0.24729581243752125,26,758.0
1390.0,25,155.0,1.2704918032786885,5.038955978424502,5,213.0,0.21444005050314863,9,261.0,0.3594945513552343,11,142.0,0.2197608089568198,25,616.0
1395.0,21,108.0,0.8780487804878049,4.7495711093816855,4,204.0,0.2219616398410264,10,175.0,0.3324833843129413,7,149.0,0.19472603385298712,21,528.0
1400.0,23,95.0,0.7851239669421488,4.730216126841413,7,224.0,0.20826285702679717,10,182.0,0.18387226450184732,6,111.0,0.27664819218150427,23,517.0
1405.0,29,152.0,1.2881355932203389,4.163820144537797,13,280.0,0.1880541831538599,13,181.0,0.10491786054146479,3,88.0,0.3276996180198558,29,549.0
1410.0,37,231.0,2.081081081081081,3.498059876786814,19,364.0,0.14759908003536074,11,193.0,0.22557413924873734,7,89.0,0.2620059188103649,37,646.0
1415.0,48,391.0,3.3135593220338984,3.3808097534109685,29,485.0,0.10423224778011206,9,193.0,0.19717818699571957,10,112.0,0.2201700176900692,48,790.0
1420.0,46,412.0,3.4915254237288136,2.9912976729586953,27,546.0,0.09488785196485855,12,220.0,0.14294081409261886,7,116.0,0.21243875023239792,46,882.0
1425.0,42,313.0,2.652542372881356,3.3552084082808373,25,534.0,0.09550164128881683,11,237.0,0.19416539345648604,6,94.0,0.19347957308474575,42,865.0
1430.0,37,245.0,2.130434782608696,3.625898498188844,20,638.0,0.16441711141721574,10,209.0,0.21563497412992078,7,101.0,0.23776009340643278,37,948.0
1435.0,41,225.0,1.8907563025210083,4.122804779176585,20,731.0,0.1457016261237107,12,178.0,0.28689928413914784,9,107.0,0.27687468707344864,41,1016.0
1440.0,41,297.0,2.4146341463414633,3.5381742296781975,23,840.0,0.11102303242617184,12,200.0,0.20434927384433865,6,103.0,0.2907433762739713,41,1143.0
1445.0,30,198.0,1.6229508196721312,3.545802921656828,20,856.0,0.11342055777947366,4,189.0,0.26456170925150774,5,95.0,0.235889562672422,29,1140.0
1450.0,33,162.0,1.3170731707317074,3.488530513532974,17,772.0,0.15623116129071868,5,206.0,0.2693427469989249,10,115.0,0.15871172651150567,32,1093.0
1455.0,36,131.0,1.0076923076923077,2.906145731884894,17,836.0,0.12553404778460397,5,209.0,0.20860937829539522,14,134.0,0.17211255993519367,36,1179.0
1460.0,41,151.0,1.143939393939394,3.3685903862046884,20,915.0,0.11200310842896487,11,247.0,0.20385446284631722,10,121.0,0.17918713647074633,41,1283.0
1465.0,45,220.0,1.6923076923076923,2.6696065175986177,25,1025.0,0.07468334000746123,9,256.0,0.10604610645736334,11,161.0,0.15523043351710197,45,1442.0
1470.0,49,332.0,2.4962406015037595,3.0764883264859066,25,1147.0,0.05858802354044158,11,241.0,0.1174057632337942,13,205.0,0.15668721216402773,49,1593.0
1475.0,48,414.0,3.234375,3.4783092546373213,24,1150.0,0.1011146548264459,12,251.0,0.136055555117021,12,245.0,0.11443640045033553,48,1646.0
1480.0,49,401.0,3.369747899159664,3.2844150859269527,21,1029.0,0.1575172473681371,16,316.0,0.22965070449918448,12,260.0,0.0911628500917856,49,1605.0
1485.0,49,352.0,2.957983193277311,3.9231726618325378,24,848.0,0.15328749006096587,14,335.0,0.3120795082635221,11,224.0,0.13600475938051348,49,1407.0
1490.0,44,305.0,2.5416666666666665,4.563076007325766,19,778.0,0.21048744340540648,15,307.0,0.31058002035297366,10,204.0,0.22754516544668094,44,1289.0
1495.0,40,260.0,2.1848739495798317,4.277878261077389,18,638.0,0.2278566203388475,16,347.0,0.2638109331817431,6,211.0,0.2793276806004555,40,1196.0
1500.0,36,282.0,2.369747899159664,5.049225713598494,10,547.0,0.33268711979512045,17,425.0,0.26620294359966895,9,215.0,0.368498392581669,36,1187.0
1505.0,29,260.0,2.1487603305785123,4.767912910931288,9,498.0,0.4096123910083977,15,462.0,0.21511392949450614,5,224.0,0.2903979869373712,29,1184.0
1510.0,31,297.0,2.376,5.019408965123707,11,402.0,0.41311998885613277,15,467.0,0.18877293532322198,5,221.0,0.2436344915354109,31,1090.0
1515.0,30,188.0,1.492063492063492,3.832303341233472,8,390.0,0.29665673936000975,15,496.0,0.16520399494015062,7,243.0,0.12455465235623231,30,1129.0
1520.0,35,151.0,1.188976377952756,3.834707246282499,9,328.0,0.230461981346644,18,478.0,0.12863189006873177,8,263.0,0.17136852606907668,35,1069.0
1525.0,40,233.0,1.9416666666666667,3.785625985820233,14,290.0,0.27678114106556906,20,443.0,0.12885622874114497,6,263.0,0.19878437208069283,40,996.0
1530.0,44,305.0,2.6293103448275863,3.6615268240493024,15,291.0,0.24183766124882788,22,479.0,0.17705690915538225,7,281.0,0.23127880731759914,44,1051.0
1535.0,40,336.0,2.823529411764706,3.68757689298777,11,226.0,0.22819091996867177,22,499.0,0.20637031753308416,7,296.0,0.19341009712169246,40,1021.0
1540.0,32,269.0,2.2416666666666667,3.6129143679213693,4,240.0,0.2662515764744376,16,520.0,0.22246307123720319,12,332.0,0.15543540584026017,32,1092.0
1545.0,31,192.0,1.5737704918032787,3.7668750201849237,9,246.0,0.21287122242501744,12,465.0,0.22835054934177554,10,340.0,0.12201115707173406,31,1051.0
1550.0,39,217.0,1.778688524590164,4.095995766483858,17,295.0,0.1613540496208813,13,427.0,0.2635687594367516,9,298.0,0.1779304871751754,39,1020.0
1555.0,45,315.0,2.669491525423729,3.330609408042595,21,387.0,0.13547261812900907,14,444.0,0.17864447070564152,10,262.0,0.2479780716772576,45,1093.0
1560.0,48,282.0,2.3114754098360657,3.2851649195476282,22,416.0,0.183183702586824,15,426.0,0.14918455717869933,11,289.0,0.20513297021042198,48,1131.0
1565.0,41,240.0,1.889763779527559,3.771614764172784,17,366.0,0.1986585690702917,14,456.0,0.19810182230982445,10,323.0,0.22582264178977884,41,1145.0
1570.0,34,178.0,1.4015748031496063,3.9739768318195687,15,302.0,0.17062802390289622,8,411.0,0.2670458551890235,11,331.0,0.15040187182541578,34,1044.0
1575.0,35,220.0,1.7322834645669292,5.031940163824474,12,279.0,0.23491494533212845,12,377.0,0.32200120457639897,11,261.0,0.19492239690055288,35,917.0
1580.0,32,208.0,1.6910569105691058,4.119572685105289,9,248.0,0.322172073885247,15,376.0,0.2007145799613834,8,281.0,0.11793766748038825,32,905.0
1585.0,29,129.0,1.0078125,4.082125466463973,6,247.0,0.336825632341302,17,333.0,0.12242804952498137,6,284.0,0.2240186248644096,29,864.0
1590.0,34,185.0,1.4453125,4.6744099313924865,9,212.0,0.305816994775285,16,295.0,0.17234957644639717,9,312.0,0.2516159360896347,34,819.0
1595.0,38,261.0,2.211864406779661,4.298046769974177,13,237.0,0.23045203650433566,15,284.0,0.21086255805638346,10,300.0,0.2700430260717955,38,821.0
1600.0,46,414.0,3.6,4.106177124336113,20,305.0,0.1827600807104496,16,321.0,0.30949174255745576,10,258.0,0.2809658579600871,46,884.0
1605.0,44,366.0,2.975609756097561,3.9515937273614195,19,333.0,0.1800744777924974,13,323.0,0.21783353674518355,12,220.0,0.2826200443382543,44,876.0
1610.0,37,244.0,1.921259842519685,4.2377176753057455,16,306.0,0.2094914612812809,11,294.0,0.2727315281662784,10,248.0,0.2530099692003519,37,848.0
1615.0,35,205.0,1.6015625,4.043254398218457,12,337.0,0.18610325560902088,10,313.0,0.2465616480408561,13,263.0,0.24356779627626104,35,913.0
1620.0,33,143.0,1.0916030534351144,4.034858106109585,15,385.0,0.19994685214528352,11,304.0,0.2216892568369157,7,276.0,0.2669114345441745,33,965.0
1625.0,32,156.0,1.2,4.258632369322163,9,372.0,0.20040328717669234,16,321.0,0.12248242114715932,7,248.0,0.31107706131947127,32,941.0
1630.0,34,181.0,1.4715447154471544,3.8663401403029396,10,311.0,0.16420444053474723,12,329.0,0.16654046591434243,12,255.0,0.25744120457722175,34,895.0
1635.0,29,133.0,1.1083333333333334,3.836872591740059,8,317.0,0.146484257179839,9,266.0,0.3039791439942644,12,269.0,0.11974402632842458,29,852.0
1640.0,30,136.0,1.2035398230088497,4.092820155342519,10,330.0,0.13176392328830144,9,224.0,0.28642317114088495,11,228.0,0.15434199214038596,30,782.0
1645.0,41,237.0,2.0973451327433628,3.3405131285400667,16,370.0,0.08541729317749312,16,213.0,0.21329840900073885,9,249.0,0.17806624171709812,41,832.0
1650.0,46,329.0,3.018348623853211,3.3256186702372785,21,452.0,0.09084198642873459,13,220.0,0.16114300320985836,12,285.0,0.16761468229879628,46,957.0
1655.0,51,414.0,3.869158878504673,2.930453868739093,25,570.0,0.13636780784541308,13,201.0,0.16189712404711168,13,296.0,0.19614128310413548,51,1067.0
1660.0,38,357.0,3.2162162162162162,3.130778254974405,23,603.0,0.09744488176444363,7,226.0,0.23305791210061627,8,247.0,0.24803208622890457,38,1076.0
1665.0,32,228.0,1.915966386554622,3.719573173650385,19,542.0,0.12874780550783765,8,233.0,0.21949007669479023,5,264.0,0.25640734307650104,32,1039.0
1670.0,35,245.0,2.0762711864406778,4.394225713102173,15,436.0,0.15898987509317225,11,274.0,0.3057720290255284,9,286.0,0.18379595164031703,35,996.0
1675.0,35,253.0,2.1260504201680672,3.900599171140351,12,487.0,0.20803233823400957,10,276.0,0.2649600483682956,13,347.0,0.14356831131372547,35,1110.0
1680.0,39,229.0,1.991304347826087,3.5616184753028106,13,543.0,0.17513296176693882,12,245.0,0.21105567686131574,14,356.0,0.16453077734856913,39,1144.0
1685.0,33,147.0,1.3008849557522124,3.708874659349385,10,532.0,0.2283405961170957,11,291.0,0.19926704153927402,12,308.0,0.2080672184150422,33,1131.0
1690.0,28,98.0,0.8521739130434782,3.56330213894917,5,430.0,0.21749728630924992,11,315.0,0.16574946509301022,12,350.0,0.1783533205277512,28,1095.0
1695.0,29,114.0,0.957983193277311,3.7894819445854817,5,450.0,0.19748229909697257,9,316.0,0.20149995267542772,15,400.0,0.1699213250788178,29,1166.0
1700.0,36,138.0,1.1596638655462186,3.8844866175827315,12,484.0,0.21302564165714682,10,275.0,0.20249685189732958,14,416.0,0.1915435251853754,36,1175.0
1705.0,32,179.0,1.5299145299145298,3.729867553801041,14,549.0,0.19688076459952417,7,294.0,0.219899760123363,11,361.0,0.2359540589093237,32,1204.0
1710.0,36,256.0,2.1512605042016806,3.1914773689880924,19,629.0,0.14760063568602633,8,306.0,0.14169997883925595,9,381.0,0.2127545412543513,36,1316.0
1715.0,40,288.0,2.360655737704918,3.4827425336134374,19,627.0,0.14190057208238033,11,333.0,0.1833017234332578,10,390.0,0.17146238989530885,40,1350.0
1720.0,36,190.0,1.5833333333333333,3.097883532004517,15,530.0,0.16781056056537608,10,326.0,0.20061992550772964,11,375.0,0.12228964363592597,36,1231.0
1725.0,39,210.0,1.7647058823529411,3.817271030848236,18,412.0,0.18166217985612548,10,271.0,0.30897221666084196,11,328.0,0.1854908516817933,39,1011.0
1730.0,29,131.0,1.0564516129032258,4.099179325500482,14,463.0,0.21678607849708684,8,258.0,0.3219871971122457,7,310.0,0.2134665822160366,29,1031.0
1735.0,32,132.0,1.0393700787401574,4.324839676009527,11,494.0,0.21308965980178776,11,293.0,0.27093449198945124,10,334.0,0.13719277427288215,32,1121.0
1740.0,39,158.0,1.3389830508474576,3.008594013248288,9,481.0,0.13818565912154365,10,293.0,0.19283433657342997,20,405.0,0.07335420987577308,39,1179.0
1745.0,38,249.0,2.2035398230088497,3.2496206031180352,11,424.0,0.16636862177597375,4,233.0,0.2499383364778624,23,494.0,0.14274598967495455,38,1151.0
1750.0,34,322.0,2.752136752136752,3.8369709471501663,6,436.0,0.22270732505584143,5,180.0,0.28592958092485815,23,590.0,0.20155318306724324,34,1206.0
1755.0,31,274.0,2.302521008403361,3.9100029496568434,9,432.0,0.22552692709479666,1,149.0,0.33629415248667344,21,602.0,0.15056383100432483,31,1183.0
1760.0,32,190.0,1.623931623931624,3.626025520607073,5,399.0,0.18787798291305,6,138.0,0.27245563687063706,21,540.0,0.10438497018020024,32,1077.0
1765.0,37,231.0,2.0625,3.85248160270507,6,273.0,0.15733061845809754,8,175.0,0.28439802411084697,23,534.0,0.1579034000623995,37,982.0
1770.0,31,175.0,1.5909090909090908,3.895139041403759,5,219.0,0.23288750767809369,8,179.0,0.32123214509396675,18,579.0,0.13865319545957622,31,977.0
1775.0,23,139.0,1.188034188034188,4.908618087827378,3,167.0,0.32547684868058563,6,156.0,0.3043818024893624,14,593.0,0.21560664612343575,23,916.0
1780.0,25,118.0,1.0350877192982457,4.963327223648307,6,133.0,0.32614244187355745,7,134.0,0.412206665874777,12,580.0,0.21181458454848326,25,847.0
1785.0,21,59.0,0.5221238938053098,4.374680909921031,4,115.0,0.3350955929675301,6,151.0,0.35326510332046707,11,481.0,0.18760082069801132,21,747.0
1790.0,21,61.0,0.5258620689655172,4.393588609080845,6,108.0,0.37283132901205296,6,156.0,0.23771858836166826,9,494.0,0.16108988720744655,21,758.0
1795.0,24,72.0,0.6101694915254238,3.7028450013870375,8,105.0,0.21334512472048084,5,155.0,0.15001490445067225,11,492.0,0.14834313770155816,24,752.0
1800.0,23,78.0,0.6842105263157895,3.802397087448781,9,109.0,0.24271041795236023,4,104.0,0.2616805025968974,10,473.0,0.1326622830277709,23,686.0
1805.0,23,66.0,0.5739130434782609,4.383896406492968,7,128.0,0.2666346729673975,2,77.0,0.4378506023389681,14,418.0,0.1858387590701597,23,623.0
1810.0,18,53.0,0.45689655172413796,4.255755431433552,9,134.0,0.250038977218064,3,70.0,0.30722988498075965,6,412.0,0.21837022086859914,18,616.0
1815.0,22,78.0,0.65,4.341835872476847,5,136.0,0.19192828572929754,8,93.0,0.19883768887030814,9,407.0,0.20375251770807962,22,636.0
1820.0,31,140.0,1.2173913043478262,3.815807342767652,11,122.0,0.19126208769620504,12,145.0,0.26392767217016144,8,382.0,0.14529008535528803,31,649.0
1825.0,29,157.0,1.3652173913043477,3.926962915538626,9,128.0,0.2214996959563149,8,161.0,0.3352444828110972,12,333.0,0.13595030810165806,29,622.0
1830.0,30,146.0,1.2066115702479339,4.518645330285012,7,139.0,0.2381783838789157,9,135.0,0.34295939614131227,14,316.0,0.22784184662947907,30,590.0
1835.0,34,194.0,1.5275590551181102,4.324194517522965,5,111.0,0.2634910517884454,9,165.0,0.21837694514145403,20,311.0,0.19089881863420868,34,587.0
1840.0,38,336.0,2.625,4.220461061906549,8,124.0,0.30292927175902523,12,216.0,0.11507325759429449,18,373.0,0.18014571756065562,38,713.0
1845.0,51,488.0,3.935483870967742,3.465704151357498,10,127.0,0.20529946644190242,18,296.0,0.0756316643204366,23,475.0,0.1255359945121572,51,898.0
1850.0,47,434.0,3.807017543859649,3.169676691364494,13,116.0,0.18054558957651717,13,322.0,0.16856240358650346,21,528.0,0.11561933867802553,47,966.0
1855.0,30,213.0,1.868421052631579,3.820606586199756,6,148.0,0.196219413817837,8,279.0,0.2621385118314677,16,503.0,0.17137408647530294,30,930.0
1860.0,27,194.0,1.6724137931034482,5.0176319451074765,7,148.0,0.24245793865051793,7,209.0,0.24507898980741546,13,442.0,0.2597415400333318,27,799.0
1865.0,30,205.0,1.8141592920353982,4.530526361346427,7,168.0,0.2588065213132418,7,227.0,0.26546102088404105,16,444.0,0.26490930384932165,30,839.0
1870.0,38,202.0,1.8703703703703705,3.957450263076612,10,183.0,0.22139542776879276,8,263.0,0.26925215546751635,20,439.0,0.1816330799909734,38,885.0
1875.0,41,230.0,2.0535714285714284,3.6997681484636544,9,177.0,0.18099182236483524,8,261.0,0.21597362788574764,24,448.0,0.14360683472663036,41,886.0
1880.0,37,177.0,1.475,3.681275786254434,12,213.0,0.1746624685573631,5,222.0,0.31164108555251757,20,486.0,0.14602299005197003,37,921.0
1885.0,32,123.0,1.0336134453781514,3.9435333670173147,9,248.0,0.20437225047818655,5,230.0,0.21672300463952562,18,486.0,0.17773250486306483,32,964.0
1890.0,33,110.0,0.9401709401709402,3.4058229423335376,11,255.0,0.13174806961626906,12,267.0,0.09344366062754658,10,509.0,0.19845549372285884,33,1031.0
1895.0,36,183.0,1.6486486486486487,3.3433009488841967,9,245.0,0.1546133755085821,15,333.0,0.25794736687261594,12,503.0,0.15263617274054664,36,1081.0
1900.0,34,192.0,1.6271186440677967,3.0867941003663977,6,214.0,0.16279137524423326,12,342.0,0.23902432261102358,16,483.0,0.10527533948397906,34,1039.0
1905.0,29,176.0,1.4545454545454546,4.274339498745813,7,215.0,0.29171235436902154,10,290.0,0.3097432369212685,12,439.0,0.17944579145214445,29,944.0
1910.0,23,167.0,1.3688524590163935,3.9513383347836033,8,206.0,0.29403612790642963,8,288.0,0.2545268429926392,7,426.0,0.1902502830894286,23,920.0
1915.0,36,265.0,2.1721311475409837,3.8055089996510443,11,231.0,0.3250511574390472,14,331.0,0.2326290060933194,11,418.0,0.16489904928363727,36,980.0
1920.0,38,225.0,1.7716535433070866,2.962281424041449,9,229.0,0.26865851751449565,13,335.0,0.15054469598403517,16,481.0,0.09117052296024485,38,1045.0
1925.0,40,189.0,1.4427480916030535,3.2649344194855727,9,169.0,0.3349021602365524,10,287.0,0.15039244422799297,21,509.0,0.09160391607387243,40,965.0
1930.0,28,147.0,1.1307692307692307,3.7302177237221072,5,150.0,0.28110181015500646,7,320.0,0.14855376158895311,16,469.0,0.13379722470620015,28,939.0
1935.0,31,176.0,1.4193548387096775,4.016081820157946,9,142.0,0.232504742778994,10,343.0,0.16246599508131268,12,436.0,0.19795499171816472,31,921.0
1940.0,32,238.0,1.9193548387096775,3.792992442004685,4,132.0,0.18789009260905395,12,345.0,0.16783569568381854,16,434.0,0.18792355051604046,32,911.0
1945.0,35,254.0,2.0991735537190084,3.7159123918071884,7,111.0,0.23913687072286133,11,298.0,0.09891700004252431,17,452.0,0.18540687442224985,35,861.0
1950.0,42,267.0,2.3421052631578947,3.410086167125468,7,116.0,0.2421327774468294,13,251.0,0.1679951649723593,22,452.0,0.17629824884023945,42,819.0
1955.0,33,285.0,2.4152542372881354,4.354805203533966,8,104.0,0.29189300396855294,8,244.0,0.28646252519438203,17,523.0,0.2745667995346401,33,871.0
1960.0,32,331.0,2.626984126984127,5.3047547742123955,8,112.0,0.32337016840442956,8,231.0,0.3982404869942783,16,540.0,0.26303221663178533,32,883.0
1965.0,25,182.0,1.3893129770992367,4.3663381628636175,6,103.0,0.26778601717551903,7,214.0,0.3272365815287017,12,551.0,0.21163961680825377,25,868.0
1970.0,29,106.0,0.8091603053435115,4.348122640457766,8,100.0,0.21952301614261166,9,188.0,0.34042724603101215,12,507.0,0.16536648970886955,29,795.0
1975.0,41,240.0,1.8181818181818181,4.400211382085234,13,134.0,0.16753193894807347,13,201.0,0.2484045610294523,15,452.0,0.18450387990984016,41,787.0
1980.0,53,391.0,3.078740157480315,3.2833033578995683,19,217.0,0.13178388542506717,20,255.0,0.14789380869146201,14,491.0,0.16697702460021896,53,963.0
1985.0,54,475.0,3.8,2.7258311045302737,17,267.0,0.08854057854823146,25,365.0,0.10750298842462569,12,497.0,0.12961720089133685,54,1129.0
1990.0,47,437.0,3.4682539682539684,3.337197538327914,13,261.0,0.16599363532913605,22,427.0,0.1333448678088254,12,499.0,0.18045798617303666,47,1187.0
1995.0,42,318.0,2.5853658536585367,3.9551493133452356,11,207.0,0.27694079207652794,17,405.0,0.219823711626466,14,512.0,0.20311116702626203,42,1124.0
2000.0,35,193.0,1.5196850393700787,3.9009820381460334,8,237.0,0.24710875538491925,12,324.0,0.2083427997221941,15,466.0,0.21034422842452546,35,1027.0
2005.0,41,236.0,1.7878787878787878,4.663130976717729,13,286.0,0.27218376098878744,11,293.0,0.27267244225915527,17,414.0,0.25208046292244934,41,993.0
2010.0,32,203.0,1.5263157894736843,4.457556935505566,9,296.0,0.2720302561257984,9,255.0,0.29342550211346113,14,443.0,0.24025495879630365,32,994.0
2015.0,24,102.0,0.7727272727272727,4.474150060318562,6,246.0,0.22699394230775335,6,242.0,0.3991219073570325,12,440.0,0.21745081895496218,24,928.0
2020.0,23,65.0,0.5,4.16432771727768,8,260.0,0.1706589293049922,7,218.0,0.3551393899231806,8,436.0,0.18403549809363026,23,914.0
2025.0,31,135.0,1.0546875,4.068359058512094,8,277.0,0.15143735430133332,13,226.0,0.22871442547280135,10,401.0,0.16732730794564474,31,904.0
2030.0,43,276.0,2.2439024390243905,3.334692390051042,9,277.0,0.11633759799446829,18,306.0,0.16671375510575331,16,367.0,0.15206090137742267,43,950.0
2035.0,48,455.0,3.760330578512397,3.2272422013200495,8,256.0,0.16785602488382584,23,415.0,0.15946992174643357,17,394.0,0.1582982677787988,48,1065.0
2040.0,49,578.0,4.699186991869919,3.3884783153532316,6,206.0,0.17695284456152247,26,541.0,0.17258409918241396,17,390.0,0.12712501138230484,49,1137.0
2045.0,43,483.0,3.8031496062992125,3.9646996760140585,6,190.0,0.24593713805356127,27,592.0,0.12749040605467143,10,320.0,0.16966299078385513,43,1102.0
2050.0,32,337.0,2.7398373983739837,4.59133416685095,6,170.0,0.303112679154217,22,568.0,0.1693499019108047,4,288.0,0.27438518391236927,32,1026.0
2055.0,34,343.0,2.956896551724138,4.410473221721873,7,178.0,0.40458825561251155,19,464.0,0.19113222741658334,8,266.0,0.2639106989602511,34,908.0
2060.0,40,253.0,2.1083333333333334,3.9046266444985394,4,145.0,0.43238630344030043,20,400.0,0.15448643850893562,16,321.0,0.22476474794561288,40,866.0
2065.0,36,273.0,2.184,4.634115901676702,5,89.0,0.3982035440103642,15,416.0,0.27076936403066865,16,336.0,0.24091978621015708,36,841.0
2070.0,31,148.0,1.1653543307086613,4.430736251813009,8,96.0,0.2622649593380797,7,418.0,0.2963845286096245,16,284.0,0.22205069654263568,31,798.0
2075.0,29,185.0,1.4682539682539681,4.620232752727797,8,81.0,0.193538947699779,5,387.0,0.35568707384652876,16,280.0,0.18733377029773088,29,748.0
2080.0,35,220.0,1.76,4.2018809952637035,9,116.0,0.26582468907952456,8,365.0,0.2524717298432604,18,305.0,0.11726380053267875,35,786.0
2085.0,38,243.0,1.9133858267716535,4.272588429828977,10,153.0,0.34067808726610826,9,325.0,0.2188219637590231,19,320.0,0.17769543504299323,38,798.0
2090.0,37,312.0,2.381679389312977,4.313192389471646,10,190.0,0.3441761292999878,7,307.0,0.21104432350262725,20,328.0,0.1978500847997141,37,825.0
2095.0,46,436.0,3.22962962962963,4.396824971191579,14,248.0,0.3273660171554225,9,295.0,0.20617495332612756,23,373.0,0.19166042922288423,46,916.0
2100.0,51,467.0,3.4338235294117645,3.986535694781985,13,234.0,0.25002665353671294,14,332.0,0.11732731761869503,24,436.0,0.16150019753263659,51,1002.0
2105.0,49,416.0,3.2248062015503876,3.2834095096319884,10,185.0,0.183206211382668,21,423.0,0.10288960828467297,18,471.0,0.14393698044036918,49,1079.0
2110.0,44,345.0,2.8048780487804876,3.9708154321956886,10,136.0,0.2424803883904955,21,458.0,0.0955595472534759,13,409.0,0.21487715053589365,44,1003.0
2115.0,34,189.0,1.6293103448275863,3.9276336016071207,9,155.0,0.27359144650907213,20,431.0,0.09508180556908823,5,396.0,0.292761054503535,34,982.0
2120.0,39,182.0,1.5555555555555556,3.889695312953221,9,149.0,0.3676487678448592,21,369.0,0.15448397921589804,9,381.0,0.22912379797925034,39,899.0
2125.0,33,182.0,1.4330708661417322,4.073369187393728,8,165.0,0.3482666424615587,16,440.0,0.1838102090655602,9,369.0,0.24743300942972168,33,974.0
2130.0,37,161.0,1.1925925925925926,4.1437134274767295,12,168.0,0.2379371344804119,15,509.0,0.19423300372009522,10,306.0,0.17933330643308573,37,983.0
2135.0,27,115.0,0.8984375,3.8741862590033547,10,147.0,0.20920404966200049,9,495.0,0.17073702136215047,8,292.0,0.18304188341360195,27,934.0
2140.0,35,170.0,1.3934426229508197,3.806147276540224,13,159.0,0.18538234415351487,10,433.0,0.18234770126096783,12,311.0,0.20209576632827278,35,903.0
2145.0,32,168.0,1.3658536585365855,3.923899843467166,12,186.0,0.27437106391717037,7,347.0,0.20449232887078986,13,300.0,0.20071857383370015,32,833.0
2150.0,26,155.0,1.2301587301587302,4.853383596267234,11,177.0,0.33386653588805365,7,319.0,0.31833007723607737,8,258.0,0.256153572180052,26,754.0
2155.0,28,192.0,1.5,4.733355729579133,11,168.0,0.304083761676976,8,266.0,0.3184812223577552,9,244.0,0.21759097609010258,28,678.0
2160.0,29,158.0,1.196969696969697,4.688558023232074,14,207.0,0.31140540341307255,6,260.0,0.31664976691144264,9,194.0,0.18043801010542035,29,661.0
2165.0,28,161.0,1.1751824817518248,4.387781201274169,9,222.0,0.20332053300106023,7,235.0,0.32899908228346103,12,205.0,0.18393207059725017,28,662.0
2170.0,35,201.0,1.4565217391304348,4.061175319835819,9,215.0,0.16944357238452076,9,236.0,0.23689489779489686,17,237.0,0.17465333061152968,35,688.0
2175.0,35,176.0,1.3134328358208955,3.3688272799263475,9,231.0,0.19589587527053037,11,206.0,0.1318624922765406,15,268.0,0.19281239660325664,35,705.0
2180.0,31,137.0,1.0458015267175573,3.641561610033337,10,227.0,0.17055376512298975,9,215.0,0.19594555854707885,12,244.0,0.21271637225586412,31,686.0
2185.0,29,96.0,0.7384615384615385,3.6287483893009314,13,251.0,0.19069500508423562,9,219.0,0.1381896788968978,7,263.0,0.20437565811027575,29,733.0
2190.0,30,117.0,0.9140625,3.5828577722914656,10,237.0,0.22500677293848728,10,215.0,0.15719113146661134,10,262.0,0.15919050816838612,30,714.0
2195.0,32,157.0,1.236220472440945,3.5864170608392394,12,248.0,0.27348788452237477,9,179.0,0.13767348037915506,11,245.0,0.1546020627792966,32,672.0
2200.0,37,222.0,1.7480314960629921,3.775516392127437,16,304.0,0.24283056553817345,10,172.0,0.1250971319712994,11,221.0,0.22556693855204832,37,697.0
2205.0,35,184.0,1.4959349593495934,2.8040183916593837,17,328.0,0.11766968025401851,11,178.0,0.10786459441084513,7,240.0,0.19782434238602353,35,746.0
2210.0,33,164.0,1.3015873015873016,3.071454940455327,13,260.0,0.14859572634096985,9,197.0,0.17200003753606005,11,254.0,0.15453945086933638,33,711.0
2215.0,31,139.0,1.0451127819548873,3.21009206320281,11,309.0,0.21727575018368575,10,183.0,0.20479432050560337,10,261.0,0.14892211333655003,31,753.0
2220.0,30,122.0,0.8840579710144928,3.225498326244462,14,353.0,0.2007759708192652,6,192.0,0.1501893190032956,10,243.0,0.1570038185520642,30,788.0
2225.0,30,101.0,0.7426470588235294,3.0222824122198935,14,356.0,0.12073345961776555,10,209.0,0.11925478176626005,6,225.0,0.16327123377359523,30,790.0
2230.0,30,105.0,0.8203125,2.811627647252428,12,282.0,0.10824308995468866,8,231.0,0.17103785562516663,10,206.0,0.13252186426639012,30,719.0
2235.0,28,116.0,0.8721804511278195,3.137798442011706,3,294.0,0.2538752929250316,10,212.0,0.15399769438559505,15,256.0,0.14078702435468776,28,762.0
2240.0,31,131.0,0.9562043795620438,2.9144410491235964,8,306.0,0.20002907915765428,10,242.0,0.13554371626202202,13,270.0,0.13052607814412462,31,818.0
2245.0,31,111.0,0.8102189781021898,2.8048691843508995,8,301.0,0.18286018347387076,11,262.0,0.1184579286268356,12,330.0,0.11137121375973291,31,893.0
2250.0,22,76.0,0.5714285714285714,3.3011592264589305,2,243.0,0.22528060878401537,12,286.0,0.17002629977671133,8,283.0,0.1100146701702964,22,812.0
2255.0,24,98.0,0.7424242424242424,3.1845129256541336,4,249.0,0.2639493618060356,10,262.0,0.1476614713174469,10,279.0,0.16721239243562508,24,790.0
2260.0,35,174.0,1.2985074626865671,3.1681045742371228,9,281.0,0.20311226786157077,11,254.0,0.1381414331535652,15,318.0,0.15429689968083818,35,853.0
2265.0,43,282.0,2.1044776119402986,3.315156414341118,10,275.0,0.14306342724487475,14,273.0,0.17420128102269658,19,367.0,0.19392526688487835,43,915.0
2270.0,40,326.0,2.4328358208955225,3.6885435888986375,9,227.0,0.20632803245101344,14,317.0,0.30290067483905175,17,398.0,0.17498004921085075,40,942.0
2275.0,33,257.0,1.946969696969697,4.344180850304951,6,163.0,0.23566900820129313,10,298.0,0.3622549770143755,17,412.0,0.1607830940785242,33,873.0
2280.0,27,177.0,1.3615384615384616,4.806834323356475,2,144.0,0.24379478123435364,9,255.0,0.39694616440165786,16,389.0,0.15681845593215765,27,788.0
2285.0,31,145.0,1.1693548387096775,4.1172223669112045,6,144.0,0.20061916500542923,9,210.0,0.23365862422124023,16,422.0,0.14701480514047516,31,776.0
2290.0,43,239.0,2.008403361344538,3.358254107658877,12,191.0,0.12969322928469987,15,206.0,0.2811123387072226,16,401.0,0.10115769900356805,43,798.0
2295.0,39,217.0,1.8235294117647058,3.0132155148956223,12,212.0,0.16643483231497366,13,244.0,0.1803243231903111,14,417.0,0.13120337382136757,39,873.0
2300.0,35,130.0,1.056910569105691,3.7211887315334926,9,184.0,0.24618723264394654,12,241.0,0.2222726663603138,14,397.0,0.1750273930315584,35,822.0
2305.0,28,102.0,0.8225806451612904,4.110677012117583,9,133.0,0.2295441054346716,9,245.0,0.2221797131207445,10,397.0,0.19892964391690357,28,775.0
2310.0,29,115.0,0.9349593495934959,4.026001483758044,11,117.0,0.2106764659522106,8,231.0,0.2592172639352635,10,336.0,0.14103286066745638,29,684.0
2315.0,35,238.0,1.934959349593496,4.227405739159693,10,143.0,0.3214853088490576,12,276.0,0.1901574573251534,13,338.0,0.1825778484548077,35,757.0
2320.0,45,410.0,3.28,3.753734375753473,8,156.0,0.3604155338562151,20,357.0,0.1513400369453799,17,353.0,0.14200681687235953,45,866.0
2325.0,50,551.0,4.479674796747967,3.4225052213951286,2,128.0,0.41987126733678937,26,474.0,0.12070498742279762,22,433.0,0.11658647321450945,50,1035.0
2330.0,58,679.0,5.658333333333333,2.9083553612380153,3,97.0,0.3764758732225285,31,546.0,0.062316496369522925,24,534.0,0.13761386384865676,58,1177.0
2335.0,66,798.0,6.65,3.00792583007949,7,110.0,0.35158872803507224,31,566.0,0.08970676638439039,28,666.0,0.16702440408959593,66,1342.0
2340.0,67,988.0,7.967741935483871,3.182546962914846,11,153.0,0.32088105217031854,26,526.0,0.12654352146963296,30,811.0,0.17130728821230942,67,1490.0
2345.0,53,800.0,6.666666666666667,3.2181339658801837,11,182.0,0.3470825078132136,15,552.0,0.19632299251089425,27,857.0,0.16820256745987636,53,1591.0
2350.0,44,503.0,3.992063492063492,3.663608691167363,11,204.0,0.23869934093722603,10,573.0,0.23746641293211943,23,802.0,0.14783609385231003,44,1579.0
2355.0,37,298.0,2.365079365079365,3.598057527204958,12,229.0,0.16758755238586914,5,552.0,0.20816807188186953,20,731.0,0.1261975356815958,37,1512.0
2360.0,36,286.0,2.306451612903226,3.4774699534921596,5,244.0,0.25450379586121763,9,492.0,0.20343217366199517,22,782.0,0.16763364071408765,36,1518.0
2365.0,35,280.0,2.1875,4.014731048929566,5,200.0,0.2972787300519842,9,405.0,0.23398655023435894,21,781.0,0.20187503546133387,35,1386.0
2370.0,36,323.0,2.503875968992248,4.143705890872523,3,205.0,0.3387531469866309,9,354.0,0.2172458460626868,24,776.0,0.21847694190989222,36,1335.0
2375.0,38,326.0,2.4511278195488724,4.274137762575319,4,208.0,0.26939603407855434,9,314.0,0.3044254407861894,25,804.0,0.1872261990977737,38,1326.0
2380.0,28,180.0,1.3953488372093024,4.0276572620513065,5,204.0,0.22749332464664548,4,285.0,0.3182324551654055,19,783.0,0.15667349282157617,28,1272.0
2385.0,21,73.0,0.5983606557377049,3.9593669389319763,1,162.0,0.24493908308141868,8,228.0,0.32843780289950636,12,813.0,0.12317494212809751,21,1203.0
2390.0,25,80.0,0.6722689075630253,3.4659635549118004,2,164.0,0.20457559139537151,10,225.0,0.2792476454906136,13,794.0,0.11715587797207401,25,1183.0
2395.0,30,171.0,1.3790322580645162,3.491222352025866,8,194.0,0.18424010364673168,7,190.0,0.22045203293450827,15,763.0,0.17096396002869052,30,1147.0
2400.0,30,148.0,1.15625,3.148585591146271,7,197.0,0.17749200295396125,5,147.0,0.15295562955064845,18,740.0,0.1579522254301493,30,1084.0
2405.0,33,128.0,0.9922480620155039,3.890730446461411,5,157.0,0.22788204971628845,11,140.0,0.21447327393333046,17,616.0,0.14914305332448824,33,913.0
2410.0,24,75.0,0.6,4.029310031318375,4,99.0,0.2470536270819091,11,148.0,0.23800020094294194,9,608.0,0.1505875986244851,24,855.0
2415.0,22,76.0,0.6333333333333333,4.046576981774038,1,100.0,0.31630682679255756,9,132.0,0.23513522543236332,12,580.0,0.20883907055466921,22,812.0
2420.0,27,122.0,0.9606299212598425,4.086749760393406,6,112.0,0.22193211051612313,6,137.0,0.19792680143758784,15,548.0,0.21982633653929487,27,797.0
2425.0,33,220.0,1.71875,4.143709363918816,5,111.0,0.23990783053771653,7,142.0,0.19687358975609756,21,588.0,0.1690967429702493,33,841.0
2430.0,32,323.0,2.669421487603306,4.102284527204384,2,80.0,0.24652489127118646,6,141.0,0.21322413401631524,24,666.0,0.16669977828690827,32,887.0
2435.0,32,431.0,3.6837606837606836,3.6981271651539807,4,92.0,0.21022545517909152,4,113.0,0.19135664564421972,24,773.0,0.19493705871723732,32,978.0
2440.0,28,396.0,3.327731092436975,4.200412349761652,7,111.0,0.2758654265508366,2,69.0,0.21916176938620527,19,756.0,0.22828029319741266,28,936.0
2445.0,24,269.0,2.2416666666666667,4.519976239759348,12,161.0,0.2587314443693975,2,48.0,0.31948102255289446,10,776.0,0.24237240411326477,24,985.0
2450.0,26,167.0,1.4152542372881356,4.087362316659968,17,233.0,0.18183629054444767,0,34.0,0.39954621797005274,9,800.0,0.2143428350601303,26,1067.0
2455.0,33,198.0,1.7217391304347827,3.230415156980369,16,265.0,0.09321278001165896,6,39.0,0.25154955185603955,11,811.0,0.1668167481824583,33,1115.0
2460.0,39,222.0,1.865546218487395,3.432269015000694,14,249.0,0.10719654568501265,8,59.0,0.2644713139138694,17,872.0,0.13368041443287879,39,1180.0
2465.0,34,198.0,1.6923076923076923,4.375125789616417,11,209.0,0.23531337535822455,3,45.0,0.38443786544833564,20,818.0,0.15038137381948413,34,1072.0
2470.0,29,151.0,1.26890756302521,4.714687717873926,10,246.0,0.2364460516766984,4,43.0,0.3077918865528558,15,675.0,0.2007846390128095,29,964.0
2475.0,32,181.0,1.5603448275862069,4.506123080535978,14,297.0,0.17400309883665008,7,71.0,0.1662955123871686,11,440.0,0.2096965092187464,32,808.0
2480.0,34,211.0,2.0485436893203883,3.6173143015314024,9,311.0,0.16955360921553372,9,85.0,0.13688840630842702,16,356.0,0.21950033338560573,34,752.0
2485.0,30,163.0,1.613861386138614,3.5522952921099575,7,272.0,0.24699621983834358,4,72.0,0.23959960566954208,19,368.0,0.1436610247817281,30,712.0
2490.0,24,145.0,1.3425925925925926,4.940801596367421,2,259.0,0.320870258083321,2,60.0,0.45917984169894566,20,385.0,0.23302372566205937,24,704.0
2495.0,30,215.0,1.8695652173913044,5.297826873396302,7,280.0,0.24884914198926056,4,51.0,0.48104324154353056,19,415.0,0.2772666787491572,30,746.0
2500.0,34,258.0,2.2051282051282053,4.337636017402279,10,275.0,0.20159660309792965,4,61.0,0.36631036400878314,20,473.0,0.2547494435319043,34,809.0
2505.0,26,145.0,1.228813559322034,3.9951810415817244,5,228.0,0.17539948769038274,2,40.0,0.40289289119878835,19,470.0,0.21009197484088724,26,738.0
2510.0,21,77.0,0.6363636363636364,4.621820288333339,1,198.0,0.19855988172285566,4,26.0,0.4069700195548164,16,398.0,0.20855194732444995,21,622.0
2515.0,23,106.0,0.8833333333333333,3.895936006797002,7,218.0,0.15197043181341657,7,57.0,0.3035595229412405,9,414.0,0.17491342400632748,23,689.0
2520.0,39,209.0,1.8333333333333333,3.144338411716951,13,264.0,0.11384451227395499,12,110.0,0.26372465885419966,14,405.0,0.15430059714144803,39,779.0
2525.0,32,174.0,1.5398230088495575,2.8024890674206655,14,279.0,0.11127556349402913,8,126.0,0.21191614008922954,10,401.0,0.1248925103869603,32,806.0
2530.0,32,115.0,0.9913793103448276,3.9658270446096906,11,249.0,0.19282321031816035,6,112.0,0.3232069072684442,15,389.0,0.1432904158560332,32,750.0
2535.0,28,141.0,1.2260869565217392,5.225269608859734,11,191.0,0.19698991213977723,4,85.0,0.45765238666767977,13,391.0,0.2529254187879294,28,667.0
2540.0,28,170.0,1.5044247787610618,4.5347193877800445,8,208.0,0.16162441179959225,4,89.0,0.3877793275670925,16,437.0,0.2366979869696422,28,734.0
2545.0,33,188.0,1.724770642201835,3.651015381636429,9,249.0,0.17904145029346197,5,90.0,0.258055856943062,19,455.0,0.0964410675024671,33,794.0
2550.0,35,202.0,1.9611650485436893,3.1947242734745993,14,306.0,0.17529220156140687,6,99.0,0.22678386119149355,15,418.0,0.10571246739233124,35,823.0
2555.0,34,206.0,2.019607843137255,4.000670951355225,14,325.0,0.18657352692204482,4,78.0,0.4672550554888052,16,346.0,0.18146187130125088,34,749.0
2560.0,33,187.0,1.7476635514018692,4.6671519462109075,14,286.0,0.1404804240562197,4,68.0,0.4816081417568794,15,316.0,0.2977689271333665,33,670.0
2565.0,25,111.0,1.018348623853211,5.234773893225711,10,210.0,0.16576810837643885,6,69.0,0.5070086020130331,9,328.0,0.2615351586631098,25,607.0
2570.0,20,62.0,0.5688073394495413,4.845523297441442,9,232.0,0.1633155020857337,4,62.0,0.3003170575876707,7,305.0,0.2449756737601156,20,599.0
2575.0,25,114.0,1.1067961165048543,4.9155428499906115,9,279.0,0.19759439226417788,6,47.0,0.2515944323832341,10,344.0,0.3043126810955041,25,670.0
2580.0,25,173.0,1.7835051546391754,4.203091543194292,7,281.0,0.18396481087094216,4,45.0,0.2862007513833487,14,408.0,0.24712583466726373,25,734.0
2585.0,18,109.0,1.184782608695652,4.187112632837553,4,211.0,0.23393757684146185,2,31.0,0.4432329790813307,12,407.0,0.2208527844685113,18,649.0
2590.0,18,90.0,0.9278350515463918,4.364539875926701,0,194.0,0.208455104178808,7,55.0,0.45288402866092664,11,340.0,0.1840882563054382,18,589.0
2595.0,21,98.0,1.0,4.3050626097630476,7,217.0,0.12892875621311178,3,65.0,0.3721584523415001,11,381.0,0.20656686349689776,21,663.0
2600.0,25,105.0,1.1290322580645162,3.4138133572074705,8,217.0,0.15714379523388394,1,37.0,0.29098462185797175,16,453.0,0.1581355141437792,25,707.0
2605.0,18,59.0,0.6344086021505376,3.8578606376771862,5,164.0,0.1852962633219271,1,21.0,0.45369779169901614,12,450.0,0.179486404245043,18,635.0
2610.0,16,42.0,0.45161290322580644,4.165032637289115,5,187.0,0.1599137533505044,6,39.0,0.46124723905299375,5,377.0,0.1873907048509478,16,603.0
2615.0,23,106.0,1.092783505154639,3.426087525414789,11,221.0,0.10536885189710889,8,75.0,0.3665591004668431,4,365.0,0.14081933259705962,23,661.0
2620.0,22,97.0,1.0,2.986101120410346,9,220.0,0.12569938548462828,4,77.0,0.28436056216757133,9,401.0,0.12708841696756898,22,698.0
2625.0,16,51.0,0.5368421052631579,3.863743054992869,7,169.0,0.1884157583881582,0,23.0,0.515529671796604,9,391.0,0.18849661391838288,16,583.0
2630.0,12,25.0,0.2631578947368421,4.667847461873524,8,188.0,0.17366607033219034,0,4.0,0.7758295394618219,4,316.0,0.2698756429465317,12,508.0
2635.0,17,68.0,0.6938775510204082,4.797612113286062,12,235.0,0.09545202982678172,0,4.0,0.7086143893237059,5,210.0,0.3011571985901303,17,449.0
2640.0,26,159.0,1.6391752577319587,4.214809627427214,17,307.0,0.10262176368951105,2,12.0,0.591205545531503,7,173.0,0.2921143880981377,26,492.0
2645.0,25,184.0,1.8775510204081634,3.880426960856875,16,332.0,0.1253964298182598,0,5.0,0.4129052981363642,9,144.0,0.2797218869666063,25,481.0
2650.0,24,188.0,1.898989898989899,5.374099189539576,16,302.0,0.1515414953269183,1,6.0,0.618385979704227,7,159.0,0.4246771924238042,24,467.0
2655.0,19,114.0,1.1287128712871286,5.00087540571082,13,319.0,0.11979506513810684,2,13.0,0.5054290405292886,4,131.0,0.45225813777984875,19,463.0
2660.0,23,87.0,0.87,4.652470912964413,16,386.0,0.09249261676678805,3,11.0,0.4001977085642072,4,102.0,0.42920366377119223,23,499.0
2665.0,25,92.0,1.0,3.2720448017918535,13,407.0,0.10012355471405089,6,37.0,0.1925774680519578,6,110.0,0.22189123640717953,25,554.0
2670.0,23,121.0,1.4069767441860466,3.3728123958168523,4,356.0,0.17422183728443225,12,90.0,0.25698924278926144,7,120.0,0.1463654714962857,23,566.0
2675.0,17,133.0,1.4777777777777779,4.743500214044116,0,274.0,0.20923480760147695,9,125.0,0.34331814490408036,8,130.0,0.2285027537176337,17,529.0
2680.0,11,120.0,1.2903225806451613,6.209778651262928,1,200.0,0.31552789773327083,4,112.0,0.45691409853056175,6,151.0,0.37163873119089214,11,463.0
2685.0,10,124.0,1.3478260869565217,6.070496178778705,1,175.0,0.29324678001224036,3,91.0,0.40867245243079175,6,177.0,0.5038510951682599,10,443.0
2690.0,14,75.0,0.8241758241758241,5.381497912805896,7,198.0,0.24741274102939395,3,81.0,0.31503610302385054,4,132.0,0.5426356553605374,14,411.0
2695.0,14,55.0,0.6111111111111112,5.066310232108007,7,198.0,0.2539409295234299,3,100.0,0.2536630490524974,4,65.0,0.47341902080945825,14,363.0
2700.0,17,88.0,0.9887640449438202,5.016249957851652,4,155.0,0.2661116950600841,4,99.0,0.284062856362164,9,45.0,0.3679126037038506,17,299.0
2705.0,18,107.0,1.1630434782608696,4.138133818415538,4,154.0,0.18620603766166774,5,99.0,0.26418111558645135,9,72.0,0.25313422012718967,18,325.0
2710.0,19,139.0,1.5274725274725274,4.031314495941944,10,189.0,0.13224189610085565,5,111.0,0.38702720087940634,4,68.0,0.26906496670493246,19,368.0
2715.0,19,156.0,1.6774193548387097,3.584675234110049,10,197.0,0.13268831899176897,5,127.0,0.29658910433231545,4,61.0,0.26003919450427976,19,385.0
2720.0,17,179.0,1.9042553191489362,4.183640309367815,5,159.0,0.16393415466335487,5,151.0,0.3377758497777252,7,84.0,0.2681542565482749,17,394.0
2725.0,10,27.0,0.2872340425531915,4.20880884016391,3,92.0,0.2068275410941851,0,96.0,0.3449290657740415,7,98.0,0.17075790868115426,10,286.0
2730.0,10,23.0,0.24468085106382978,4.347968590778382,2,103.0,0.19428479657464434,2,77.0,0.3895505910953051,6,70.0,0.15543936791397198,10,250.0
2735.0,17,64.0,0.6530612244897959,3.9438645436716158,9,134.0,0.16273036132948107,6,42.0,0.2566139206601767,2,76.0,0.23249448598781858,17,252.0
2740.0,22,88.0,0.9072164948453608,3.532588317296608,8,139.0,0.21372852487562613,7,60.0,0.11667850547802043,7,103.0,0.20354755054494666,22,302.0
2745.0,23,114.0,1.2391304347826086,3.6080797119157033,3,100.0,0.22671056861213604,5,65.0,0.2355501664592438,15,161.0,0.17147283377656522,23,326.0
2750.0,27,202.0,2.126315789473684,3.448495948296594,3,108.0,0.17059906079477888,4,73.0,0.3755031591238751,20,251.0,0.1950684809508198,27,432.0
2755.0,27,197.0,1.912621359223301,3.2860720798894127,8,135.0,0.14358336721204715,1,59.0,0.4492565896322131,18,295.0,0.1447615881664792,27,489.0
2760.0,27,144.0,1.3714285714285714,3.251949786656691,8,140.0,0.1212270483808405,4,66.0,0.2957008422081718,15,280.0,0.15044730180063862,27,486.0
2765.0,26,100.0,0.9433962264150944,3.407295310386611,6,100.0,0.13827264687346635,5,72.0,0.39203100943695884,15,349.0,0.13513837458557384,26,521.0
2770.0,25,97.0,0.8738738738738738,3.739277998781283,5,107.0,0.16021144396901935,3,59.0,0.4136582491992745,17,429.0,0.17342258371035202,25,595.0
2775.0,33,185.0,1.6666666666666667,3.146414807425916,6,128.0,0.15327806533692073,4,48.0,0.3505253530397334,23,527.0,0.12127117000455213,33,703.0
2780.0,37,238.0,2.18348623853211,2.7169304084567503,14,182.0,0.11778742960801963,4,57.0,0.34699676578153077,19,558.0,0.11659488574497291,37,797.0
2785.0,40,252.0,2.3333333333333335,2.399443572609211,21,266.0,0.09910867633234173,4,51.0,0.2753355422900373,15,499.0,0.14132949693231056,40,816.0
2790.0,38,257.0,2.3577981651376145,3.1895752532291106,20,313.0,0.10394771019626453,6,82.0,0.3750357189971324,12,397.0,0.16270963720242496,38,792.0
2795.0,33,181.0,1.6160714285714286,3.6284757820042963,19,308.0,0.10269175911754914,6,85.0,0.40703244701009345,8,439.0,0.16738367709471552,33,832.0
2800.0,36,171.0,1.5688073394495412,4.006918586385933,17,284.0,0.16940212807805555,6,91.0,0.3028388950727068,13,486.0,0.16496859972478592,36,861.0
2805.0,36,237.0,2.257142857142857,4.023712975819826,15,265.0,0.17764951967016507,8,126.0,0.37095494310074334,13,553.0,0.11633941065919844,36,944.0
2810.0,37,274.0,2.6095238095238096,4.025460570963748,12,276.0,0.2912913780280733,7,124.0,0.3227552593013841,18,636.0,0.10473228454602884,37,1036.0
2815.0,33,246.0,2.2990654205607477,4.277764170013992,2,269.0,0.35915032311708567,12,124.0,0.2534701533664101,19,650.0,0.1217284080153915,33,1043.0
2820.0,30,188.0,1.7407407407407407,4.282298912679954,7,289.0,0.3591354879084625,10,145.0,0.17730160397223194,13,573.0,0.13929467621783861,30,1007.0
2825.0,25,108.0,1.0285714285714285,4.681902157853143,7,292.0,0.30287825031736326,6,114.0,0.3024154661086396,12,473.0,0.24270468367090242,25,879.0
2830.0,20,74.0,0.7115384615384616,4.56391800762123,6,257.0,0.15995237785821176,5,130.0,0.36568701748174476,9,382.0,0.269805585318907,20,769.0
2835.0,23,102.0,0.9807692307692307,4.867022678845824,5,221.0,0.23028497487883864,10,153.0,0.24464587407402277,8,386.0,0.2711030437179814,23,760.0
2840.0,23,120.0,1.1764705882352942,4.933904127005199,4,156.0,0.37232017396167255,10,157.0,0.19700541289891013,9,411.0,0.21061743184296777,23,724.0
2845.0,21,110.0,1.1458333333333333,5.069873893362332,1,126.0,0.4876192521223426,7,133.0,0.241202563375734,13,468.0,0.23847760622629371,21,727.0
2850.0,25,126.0,1.2989690721649485,4.539677748358037,7,118.0,0.3546747964608763,4,72.0,0.25242933672906004,14,468.0,0.21471610062267124,25,658.0
2855.0,24,116.0,1.2210526315789474,4.252516332358246,12,168.0,0.2240721122852784,3,70.0,0.347314468659576,9,343.0,0.1915401208967275,24,581.0
2860.0,32,129.0,1.34375,3.070859035339923,15,191.0,0.11854536833365363,8,98.0,0.2394674370558961,9,377.0,0.12814421065276158,32,666.0
2865.0,29,114.0,1.2127659574468086,3.1892742308890796,10,157.0,0.18847924541698682,9,119.0,0.23969736837409544,10,423.0,0.11110739675210295,29,699.0
2870.0,22,69.0,0.7340425531914894,3.637735472873533,5,163.0,0.30984526038776067,7,107.0,0.23322698672810105,10,398.0,0.15822176858232564,22,668.0
2875.0,15,49.0,0.5268817204301075,4.303407265047855,8,186.0,0.2648409533641549,3,80.0,0.28783312843178493,4,298.0,0.20418036738340928,15,564.0
2880.0,12,53.0,0.5638297872340425,4.621869723709578,8,184.0,0.2266028018853589,2,62.0,0.5049623974793722,2,186.0,0.19807049126855797,12,432.0
2885.0,8,41.0,0.43157894736842106,5.183977087527163,3,145.0,0.2111407685751085,3,43.0,0.5981126249905837,2,181.0,0.23990812172377196,8,369.0
2890.0,16,74.0,0.7628865979381443,4.122810090575504,4,162.0,0.16284253487475445,4,47.0,0.5710525167801814,8,203.0,0.18599596117401784,16,412.0
2895.0,17,61.0,0.61,3.265989644320971,11,199.0,0.12409369412417304,0,9.0,0.4028941526665836,6,189.0,0.17304559790029736,17,397.0
2900.0,17,68.0,0.6732673267326733,3.7834644773931285,10,208.0,0.12208163311826817,5,20.0,0.3658294569549688,2,131.0,0.24983176374386365,17,359.0
2905.0,16,73.0,0.7156862745098039,4.9785573939032775,7,163.0,0.17031847120647245,9,62.0,0.40840362038238726,0,50.0,0.2678914480134679,16,275.0
2910.0,12,46.0,0.44660194174757284,4.959834588444253,6,173.0,0.13118122212632297,5,79.0,0.42195538748812655,1,19.0,0.30076417793662535,12,271.0
2915.0,13,51.0,0.51,4.921638384024516,9,212.0,0.10918482554938122,2,51.0,0.4252192594596968,2,16.0,0.4398206935591918,13,279.0
2920.0,13,40.0,0.40404040404040403,3.819798780926253,8,211.0,0.09175709583715183,4,58.0,0.1781902651112112,1,6.0,0.4333824428642967,13,275.0
2925.0,22,80.0,0.8333333333333334,4.046096686257316,7,152.0,0.1593032968365216,9,93.0,0.20287792696156834,6,28.0,0.27883031074472414,22,273.0
2930.0,27,130.0,1.3829787234042554,4.2606991122480276,5,107.0,0.21275661032803495,12,149.0,0.28503774609323523,10,54.0,0.1428741675528061,27,310.0
2935.0,23,180.0,1.935483870967742,4.929912860444547,2,71.0,0.2660523844172781,17,224.0,0.2434145945609559,4,53.0,0.1948171377276895,23,348.0
2940.0,18,146.0,1.5698924731182795,4.4068018646026585,1,75.0,0.30297703656893527,16,256.0,0.1561530470292251,1,47.0,0.21533734800833537,18,378.0
2945.0,26,125.0,1.3440860215053763,4.347347486955327,7,97.0,0.3186508353375756,14,241.0,0.092751159614681,5,67.0,0.2866151846623456,26,405.0
2950.0,30,168.0,1.9310344827586208,4.140167655266282,13,149.0,0.24687774060079679,11,203.0,0.22370185659467534,6,82.0,0.3253506537712412,30,434.0
2955.0,26,206.0,2.2888888888888888,4.447539565025427,19,234.0,0.15336106595089594,4,163.0,0.4132570874219953,3,45.0,0.3150951039822701,26,442.0
2960.0,29,282.0,3.098901098901099,3.963522328520839,26,351.0,0.0955049153134633,2,158.0,0.3241047867479865,1,17.0,0.3742483944495709,29,526.0
2965.0,42,463.0,4.925531914893617,3.714513719861088,34,500.0,0.032151868844267475,7,183.0,0.19827356423112844,1,15.0,0.47577831426496636,42,698.0
2970.0,47,509.0,5.302083333333333,3.0089214840709566,32,596.0,0.03781386089914654,12,233.0,0.19086291944660802,3,6.0,0.3477186100949751,47,835.0
2975.0,41,408.0,4.25,3.500934082330881,24,576.0,0.06538682576462633,9,244.0,0.2748771883111105,8,31.0,0.2614472448613555,41,851.0
2980.0,31,280.0,2.9166666666666665,3.7607617226854146,20,681.0,0.10054945222687231,5,165.0,0.26701483695836703,6,55.0,0.27197279860448936,31,901.0
2985.0,29,188.0,1.9789473684210526,3.7198001030585273,18,777.0,0.10210233756266719,6,196.0,0.262875302274248,5,48.0,0.26834053736172686,29,1021.0
2990.0,23,136.0,1.4945054945054945,3.7464400188511253,13,788.0,0.10543734588996419,7,228.0,0.11599102258553402,3,40.0,0.48058178866697765,23,1056.0
2995.0,16,77.0,0.8555555555555555,3.9121966866184925,6,700.0,0.14325329294265188,6,216.0,0.17896655979169082,4,42.0,0.38272580402071876,16,958.0
3000.0,7,14.0,0.15555555555555556,4.962663069594272,4,650.0,0.17986347586424284,2,146.0,0.3104445842427923,1,39.0,0.45402470287517543,7,835.0
3005.0,14,44.0,0.4835164835164835,4.158908156446348,6,676.0,0.11521568571013904,4,159.0,0.19732070471378657,4,34.0,0.3850738721391804,14,869.0
3010.0,21,77.0,0.9058823529411765,2.8867359351879616,8,642.0,0.11326925383525588,8,194.0,0.11244371044025489,5,43.0,0.18565285522876449,21,879.0
3015.0,18,50.0,0.5813953488372093,3.276280421670036,2,536.0,0.15639091504432973,10,192.0,0.16802988196155363,6,45.0,0.25338124071966356,18,773.0
3020.0,7,32.0,0.35555555555555557,5.3797441979340865,1,374.0,0.23612755902671717,4,130.0,0.3430217513025101,2,40.0,0.47039990376580954,7,544.0
3025.0,9,43.0,0.45263157894736844,5.930575348405504,1,275.0,0.2995187644696891,5,125.0,0.34087129221693024,3,47.0,0.4888503905083537,9,447.0
3030.0,9,33.0,0.3473684210526316,5.469793927533415,0,181.0,0.42345649626290466,8,160.0,0.19884067141068484,1,25.0,0.3646939872653939,9,366.0
3035.0,16,55.0,0.5913978494623656,4.7659752585653425,3,186.0,0.36936625459297545,7,174.0,0.15187038712851111,6,37.0,0.1826466014269139,16,397.0
3040.0,19,65.0,0.7471264367816092,4.13750552775288,8,217.0,0.2948951720110495,4,134.0,0.13928786305860713,7,54.0,0.2432306989496388,19,405.0
3045.0,15,56.0,0.6666666666666666,4.265103920391819,8,218.0,0.26290104883519183,2,127.0,0.17169669329576642,5,61.0,0.33526191540790656,15,406.0
3050.0,16,49.0,0.5833333333333334,3.857904701550878,4,167.0,0.1948229855155578,7,156.0,0.1949230294587154,5,70.0,0.24784350089810028,16,393.0
3055.0,25,124.0,1.441860465116279,3.48481740907711,5,183.0,0.19226784444431202,13,209.0,0.1333977707730442,7,94.0,0.1376199615064708,25,486.0
3060.0,26,138.0,1.6046511627906976,2.8483108914589064,7,214.0,0.14176034188016176,13,229.0,0.0825178947177552,6,106.0,0.1825963687217503,26,549.0
3065.0,30,146.0,1.6781609195402298,3.11951570871177,15,276.0,0.18997916268436696,10,198.0,0.14375003417740417,5,96.0,0.2366287449046658,30,570.0
3070.0,26,198.0,2.2247191011235956,4.403396457841641,18,361.0,0.24712569834602277,5,135.0,0.2324495733023057,3,97.0,0.3701885161632373,26,593.0
3075.0,29,187.0,2.032608695652174,3.845431907884993,19,382.0,0.14922673383905613,4,98.0,0.29421134213890127,6,117.0,0.33731451350151215,29,597.0
3080.0,27,149.0,1.6195652173913044,3.993724175526807,19,347.0,0.15361718091927726,4,91.0,0.3790447070161204,4,119.0,0.3000881747200429,27,557.0
3085.0,16,119.0,1.2395833333333333,5.247605891815526,13,273.0,0.21837666084541763,2,73.0,0.5694974402133655,1,110.0,0.29610230424941375,16,456.0
3090.0,12,55.0,0.55,4.942798986323856,9,282.0,0.20372011830874473,1,60.0,0.5642593929544033,2,116.0,0.19872754395896877,12,458.0
3095.0,25,109.0,1.058252427184466,4.148509804168566,11,308.0,0.16887459290837722,6,80.0,0.32720730677738186,8,143.0,0.10966930265135619,25,531.0
3100.0,22,74.0,0.7628865979381443,3.079226003742079,10,313.0,0.1931002509819592,5,91.0,0.14160431971434656,7,152.0,0.06925348469781079,22,556.0
3105.0,13,34.0,0.3541666666666667,4.415854373042674,6,269.0,0.25508879661998773,2,77.0,0.4274462686888974,5,103.0,0.2101706103432755,13,449.0
3110.0,12,48.0,0.4752475247524752,5.864166854298657,7,231.0,0.2395626905034351,1,48.0,0.45883555979814644,4,73.0,0.3713430377129234,12,352.0
3115.0,8,15.0,0.14563106796116504,5.1976705376347985,3,233.0,0.22176725395896393,1,45.0,0.5021305676515595,4,79.0,0.27994683409007987,8,357.0
3120.0,21,84.0,0.8484848484848485,4.674925343677888,8,245.0,0.19283447606217663,5,61.0,0.24582811422785894,8,110.0,0.15412368464585632,21,416.0
3125.0,22,78.0,0.896551724137931,3.3488435178230906,9,248.0,0.1351744333810223,4,63.0,0.0973814991244795,9,121.0,0.13076103052200974,22,432.0
3130.0,12,26.0,0.32098765432098764,4.660908964971304,7,216.0,0.2100612012588325,2,45.0,0.42491875256810585,3,95.0,0.2898581257193341,12,356.0
3135.0,4,5.0,0.05813953488372093,6.174863350927591,2,193.0,0.2497605723936451,0,25.0,0.5592597913656407,2,55.0,0.3773903093574225,4,273.0
3140.0,8,21.0,0.23595505617977527,5.4645555288970105,7,215.0,0.15244195839176683,1,26.0,0.4434466144366331,0,34.0,0.4086216592184086,8,275.0
3145.0,15,45.0,0.5294117647058824,3.904761236519578,7,214.0,0.1276184716346497,6,44.0,0.22958384091788475,2,31.0,0.2601501572554956,15,289.0
3150.0,11,42.0,0.5185185185185185,3.793604525164477,2,166.0,0.15377505995107976,4,53.0,0.3066589267361547,5,50.0,0.18134489439217666,11,269.0
3155.0,13,70.0,0.8433734939759037,5.056270223159439,1,88.0,0.3054335944864402,2,40.0,0.3952602562623557,10,95.0,0.24878139634800445,13,223.0
3160.0,18,130.0,1.4942528735632183,4.835675826000177,3,92.0,0.25767145456798807,1,32.0,0.4537996734589699,14,156.0,0.2603904069914766,18,280.0
3165.0,29,249.0,2.7362637362637363,3.6716202695091242,8,120.0,0.18610223194380326,5,50.0,0.29143368152300564,16,229.0,0.1561612666652719,29,399.0
3170.0,36,243.0,2.641304347826087,2.3695550398535796,7,120.0,0.16943727312382997,11,93.0,0.0799122815776595,18,261.0,0.06577150732310891,36,474.0
3175.0,33,267.0,2.966666666666667,3.360345974442324,3,80.0,0.21269166724004446,16,169.0,0.2063572837440575,14,246.0,0.1388067071820178,33,495.0
3180.0,29,227.0,2.467391304347826,4.035652233920987,4,48.0,0.2146049736330474,11,197.0,0.31540027038553775,14,303.0,0.11997734615043634,29,548.0
3185.0,26,162.0,1.6875,4.347431583973304,2,48.0,0.26939575484994355,5,158.0,0.2752009191290401,19,390.0,0.1387786178368199,26,596.0
3190.0,30,183.0,1.9891304347826086,3.8868989328090655,8,62.0,0.23314760518664476,4,160.0,0.2056204548183704,18,482.0,0.15643516374555763,30,704.0
3195.0,28,149.0,1.7325581395348837,2.7551877657580373,7,80.0,0.23438903255671975,8,188.0,0.11492599319286782,13,487.0,0.11698935567847352,28,755.0
3200.0,17,78.0,0.9069767441860465,3.6153047689844255,3,59.0,0.2282104033396159,7,191.0,0.26811413877225243,7,424.0,0.12654120966990146,17,674.0
3205.0,13,48.0,0.5454545454545454,4.983066613570156,5,59.0,0.21837304070682687,2,135.0,0.4229488567622562,6,358.0,0.24872153663947127,13,552.0
3210.0,17,75.0,0.8333333333333334,5.447324203004459,11,99.0,0.19965509879222906,0,57.0,0.40924282727423533,6,302.0,0.3226646859222151,17,458.0
3215.0,15,69.0,0.8117647058823529,5.006629789387928,9,119.0,0.18512183684394715,2,60.0,0.312874273775012,4,252.0,0.46725274265590994,15,431.0
3220.0,15,69.0,0.8414634146341463,4.857350239910001,5,81.0,0.1985421334233586,7,84.0,0.21767846754422587,3,199.0,0.48636741276270856,15,364.0
3225.0,13,75.0,0.9036144578313253,5.5099227018264685,3,53.0,0.22451388459510124,8,94.0,0.2553432177440181,2,167.0,0.5769193631186188,13,314.0
3230.0,6,62.0,0.7380952380952381,6.691804348574235,2,31.0,0.4310207778166895,2,60.0,0.3559888044305826,2,159.0,0.54829147119933,6,250.0
3235.0,4,73.0,0.8588235294117647,6.651367861793484,2,24.0,0.4328761776434955,0,22.0,0.36114764185219833,2,132.0,0.4655655875394197,4,178.0
3240.0,3,28.0,0.3333333333333333,6.907968409981992,3,29.0,0.4758137903411832,0,9.0,0.3708451909397445,0,75.0,0.5289980783842199,3,113.0
3245.0,7,53.0,0.6385542168674698,7.697446993920777,3,44.0,0.6290278016571014,0,2.0,0.4697588857890851,4,85.0,0.39230840851233556,7,131.0
3250.0,13,47.0,0.5875,6.326294596795717,2,16.0,0.5440681575140558,2,4.0,0.3999910406886549,9,117.0,0.2509753996877329,13,137.0
3255.0,24,100.0,1.2820512820512822,4.26995431485775,7,27.0,0.2586751895479534,8,29.0,0.2610772794116472,9,135.0,0.1952505648749998,24,191.0
3260.0,20,65.0,0.8552631578947368,3.205456391720904,6,46.0,0.13928034233116393,8,59.0,0.1538959470693307,6,105.0,0.23176960112456974,20,210.0
3265.0,9,15.0,0.19480519480519481,6.03839624634083,2,40.0,0.3964351377944681,4,58.0,0.3274159892542422,3,61.0,0.4097642345764313,9,159.0
3270.0,3,4.0,0.05,6.985953465599397,0,14.0,0.6463648816967664,1,43.0,0.3812577836501125,2,62.0,0.40520745458762325,3,119.0
3275.0,10,30.0,0.35294117647058826,7.495271244665668,0,0.0,0.7161340695853239,2,27.0,0.4089151309348613,8,86.0,0.3804939968254039,10,113.0
3280.0,14,88.0,1.0864197530864197,7.095989528858942,0,0.0,0.8368978744432467,1,20.0,0.5020870188312556,13,139.0,0.25414933849946486,14,159.0
3285.0,16,79.0,1.025974025974026,5.378692187318303,1,1.0,0.6557272470174549,2,15.0,0.3676184177475717,13,164.0,0.15250436374094553,16,180.0
3290.0,20,79.0,1.025974025974026,4.541018580118531,4,13.0,0.1817490004588382,7,44.0,0.29851447335485265,9,151.0,0.15601564122566328,20,208.0
3295.0,22,94.0,1.236842105263158,4.875695037056868,9,46.0,0.13548086931152614,7,67.0,0.30478296166931396,6,111.0,0.21898726831120563,22,224.0
3300.0,14,109.0,1.5138888888888888,5.877113645250464,10,98.0,0.25622380940659334,1,38.0,0.32975206377066524,3,84.0,0.38745227040087993,14,220.0
3305.0,15,156.0,2.0526315789473686,6.512157715803222,12,149.0,0.3060474921913664,2,21.0,0.3599418819899304,1,65.0,0.5026990322535794,15,235.0
3310.0,13,221.0,2.9864864864864864,7.759129954607075,11,204.0,0.3761090570226088,2,19.0,0.4770268685410353,0,32.0,0.6975484104008562,13,255.0
3315.0,10,107.0,1.445945945945946,6.410706158030259,7,199.0,0.25460078582174184,3,5.0,0.34060543707821,0,16.0,0.669583461545498,10,220.0
3320.0,14,46.0,0.6388888888888888,6.211134652974544,4,125.0,0.24433896431580912,8,37.0,0.261491400211737,2,13.0,0.633539248686389,14,175.0
3325.0,10,32.0,0.45714285714285713,5.27887184039136,2,109.0,0.2691577491660889,6,57.0,0.27193042359317854,2,4.0,0.37024194800367083,10,170.0
3330.0,15,63.0,0.9130434782608695,5.465348575631355,7,138.0,0.260033198181882,2,42.0,0.3202126334800709,6,28.0,0.2805358538441097,15,208.0
3335.0,30,167.0,2.609375,3.2981003063993937,14,191.0,0.20049655686414797,6,62.0,0.10268588644924118,10,73.0,0.274102612832842,30,326.0
3340.0,27,155.0,2.3134328358208953,2.3263351415562235,12,201.0,0.14526020553538016,10,107.0,0.08172618093333477,5,84.0,0.19985508834420304,27,392.0
3345.0,15,64.0,0.8767123287671232,4.809240312651951,9,144.0,0.17360331011342378,6,118.0,0.3066379771515096,0,45.0,0.4406573832072526,15,307.0
3350.0,10,43.0,0.5733333333333334,7.090212696188113,6,106.0,0.35287969778040895,4,92.0,0.4413141523735831,0,8.0,0.6417040274532121,10,206.0
3355.0,6,16.0,0.20512820512820512,6.501196632361497,2,93.0,0.39250570373253657,2,89.0,0.32252298664250445,2,15.0,0.5588949783379291,6,197.0
3360.0,19,68.0,0.8831168831168831,5.588067275491297,7,115.0,0.3056707255953179,8,117.0,0.17345077458573757,4,33.0,0.45620640097619514,19,265.0
3365.0,28,176.0,2.588235294117647,2.8337351357621805,11,159.0,0.13086694834472165,10,158.0,0.07720604653506825,7,63.0,0.23156388726265448,28,380.0
3370.0,33,212.0,3.212121212121212,1.9258274917658602,16,231.0,0.07309636209157104,10,179.0,0.10237840066589352,7,71.0,0.17652404152469764,33,481.0
3375.0,23,249.0,3.608695652173913,3.928236284252616,19,323.0,0.13394346490534179,4,152.0,0.25483280421371873,0,37.0,0.4451437859075553,23,512.0
3380.0,22,207.0,2.835616438356164,5.69742169389001,17,357.0,0.21458415897308247,4,101.0,0.2555131727678988,1,7.0,0.6835807091547095,22,465.0
3385.0,14,110.0,1.4473684210526316,6.086755806757146,10,260.0,0.21412543644651763,4,124.0,0.29175290986540364,0,0.0,0.7145026744568487,14,384.0
3390.0,18,91.0,1.1818181818181819,5.76710399280962,9,221.0,0.20999002832088032,6,145.0,0.32527417027431477,3,10.0,0.5067009034833142,18,376.0
3395.0,17,109.0,1.4155844155844155,6.151069611541024,7,194.0,0.2945839749152002,7,174.0,0.3163764876917267,3,24.0,0.3106347012238343,17,392.0
3400.0,16,82.0,1.0933333333333333,5.057929898761735,7,228.0,0.20365951404963029,7,184.0,0.25641300541749695,2,21.0,0.3395875985527729,16,433.0
3405.0,21,86.0,1.2285714285714286,5.157095676150901,11,276.0,0.2294340678258244,6,140.0,0.26477348224995584,4,26.0,0.4069391565096708,21,442.0
3410.0,25,126.0,1.9384615384615385,4.321955172018911,13,330.0,0.27821871151931654,6,124.0,0.23237004141668907,6,39.0,0.3217658865006752,25,493.0
3415.0,22,186.0,2.8615384615384616,4.430219576791512,16,403.0,0.2256236233606332,4,148.0,0.27198717678633144,2,35.0,0.48482721025127473,22,586.0
3420.0,22,167.0,2.420289855072464,3.6316631153629992,16,426.0,0.09958227080011339,5,172.0,0.1728136949828866,1,26.0,0.5729781449104232,22,624.0
3425.0,18,106.0,1.4929577464788732,4.2015159845821355,11,380.0,0.1561055408199636,3,165.0,0.2967532139202638,4,20.0,0.34944479228312614,18,565.0
3430.0,18,107.0,1.4078947368421053,5.375547269522078,10,314.0,0.260882966368925,2,132.0,0.3167514939357906,6,43.0,0.3843624859412502,18,489.0
3435.0,17,127.0,1.6933333333333334,4.790027618330699,9,360.0,0.2389972099382454,1,138.0,0.3154143370228983,7,75.0,0.35365819853764185,17,573.0
3440.0,25,191.0,2.6901408450704225,4.010164196876242,12,415.0,0.19015613508656382,4,154.0,0.32061463488773867,9,118.0,0.1936034810592299,25,687.0
3445.0,17,107.0,1.5507246376811594,3.04559213028407,6,416.0,0.13427735008925734,4,145.0,0.1873083767109832,7,118.0,0.16862266432398137,17,679.0
3450.0,8,30.0,0.42857142857142855,5.212720430837329,2,346.0,0.3046532903585475,2,112.0,0.3664685779755836,4,96.0,0.3934619010280796,8,554.0
3455.0,6,6.0,0.08,5.889621880285995,4,322.0,0.3036879430464894,1,62.0,0.3807607819300481,1,84.0,0.4810736967133929,6,468.0
3460.0,12,43.0,0.5512820512820513,5.626136291612969,8,351.0,0.2683583874610222,1,22.0,0.4362260423977616,3,94.0,0.4095521810733912,12,467.0
3465.0,22,109.0,1.3974358974358974,4.273061058177837,15,410.0,0.16220217471459655,2,26.0,0.43870264605681486,5,92.0,0.3244279264584853,22,528.0
3470.0,30,211.0,2.6375,3.5415553375857485,21,498.0,0.06532126710939183,7,53.0,0.3682572414303759,2,66.0,0.363221772777558,30,617.0
3475.0,33,256.0,3.0843373493975905,3.7195384743882665,21,534.0,0.10300882940449096,10,99.0,0.2574153109960999,2,26.0,0.4061555772572325,33,659.0
3480.0,29,250.0,2.840909090909091,4.335714815643664,15,479.0,0.15511214925546812,13,163.0,0.24435198566241462,1,12.0,0.44867107270613427,29,654.0
3485.0,31,299.0,3.397727272727273,3.7331157120826295,12,501.0,0.12311266928308481,16,237.0,0.20531071983821847,3,19.0,0.4418006675623895,31,757.0
3490.0,32,241.0,2.7701149425287355,3.392118952646584,16,573.0,0.09173249862484753,14,256.0,0.1652794046718115,2,20.0,0.42927049231940295,32,849.0
3495.0,29,188.0,2.211764705882353,3.5462148147728065,14,578.0,0.15406259364882488,11,221.0,0.10512835570371996,4,23.0,0.4008010395200793,29,822.0
3500.0,24,122.0,1.5061728395061729,3.701751327742726,8,486.0,0.19955624786635354,11,280.0,0.16978181575036005,5,35.0,0.33571055831888247,24,801.0
3505.0,19,90.0,1.1111111111111112,3.557324057832874,3,476.0,0.14794569401202692,13,340.0,0.180618149749205,3,34.0,0.40957536008917644,19,850.0
3510.0,18,65.0,0.7738095238095238,2.9167246238874123,7,498.0,0.12860436582428728,9,336.0,0.0987888954484733,2,45.0,0.2595721290078971,18,879.0
3515.0,15,43.0,0.4942528735632184,3.405632524552182,9,465.0,0.1559238852213106,3,288.0,0.18433992162852378,3,45.0,0.3338634343514505,15,798.0
3520.0,11,25.0,0.28735632183908044,4.236758940233518,6,372.0,0.27444859495225205,3,281.0,0.21954256235612546,2,55.0,0.28408088707271273,11,708.0
3525.0,17,58.0,0.651685393258427,3.975447839109748,4,230.0,0.2032144472805081,9,315.0,0.2380692926740375,4,72.0,0.19829190206278371,17,617.0
3530.0,15,54.0,0.627906976744186,4.167647716032318,5,173.0,0.2756951500552894,6,307.0,0.25864871171097004,4,73.0,0.18779235171451228,15,553.0
3535.0,7,28.0,0.3146067415730337,5.362460615706156,3,123.0,0.40309223998750715,1,238.0,0.30289857822661764,3,59.0,0.2003018903856572,7,420.0
3540.0,7,36.0,0.4044943820224719,6.068504956423299,2,104.0,0.5012410484110115,0,149.0,0.35166516650339863,5,72.0,0.25235743314615083,7,325.0
3545.0,9,26.0,0.29545454545454547,6.0563837142475245,2,95.0,0.5620592397532947,1,113.0,0.31641598307300517,6,96.0,0.31205667446933993,9,304.0
3550.0,19,92.0,1.0222222222222221,5.686398899553701,7,99.0,0.4482405064280094,3,72.0,0.43297608181076275,9,137.0,0.26932297693338914,19,308.0
3555.0,21,159.0,1.8488372093023255,4.724907391164485,5,107.0,0.3309721193789983,2,56.0,0.6130414539511849,14,201.0,0.1935568213274507,21,364.0
3560.0,21,132.0,1.5348837209302326,3.881515176749535,7,87.0,0.25247276708923777,0,36.0,0.47444440468441645,14,239.0,0.1475769123333551,21,362.0
3565.0,22,124.0,1.4090909090909092,4.527786689632614,5,55.0,0.2820764921061765,6,48.0,0.3938053395854735,11,232.0,0.11443269488733189,22,335.0
3570.0,23,142.0,1.595505617977528,4.873616604606518,2,56.0,0.27832297270944184,12,98.0,0.327404071107836,9,194.0,0.17528008607378298,23,348.0
3575.0,29,221.0,2.4831460674157304,4.788493911853902,6,67.0,0.18130029113246338,14,165.0,0.23646849745217136,9,176.0,0.29966983320744023,29,408.0
3580.0,32,288.0,3.388235294117647,4.316086053579238,7,84.0,0.21855736345350285,19,251.0,0.12598276090357025,6,181.0,0.3179009805929304,32,516.0
3585.0,29,349.0,4.154761904761905,3.911086021590959,5,73.0,0.22237010672104643,22,360.0,0.12269440349567513,2,192.0,0.3322173850549909,29,625.0
3590.0,27,311.0,3.746987951807229,4.567615692928928,3,53.0,0.32920188913474663,20,406.0,0.13571500893782495,4,208.0,0.31004596251367905,27,667.0
3595.0,24,191.0,2.3012048192771086,4.314300383520985,2,53.0,0.3038371419999274,14,374.0,0.15219019779220797,8,241.0,0.31885591115401596,24,668.0
3600.0,25,149.0,1.8625,3.7562706281409186,6,75.0,0.30127419680520395,11,378.0,0.1491953206021639,8,252.0,0.2248676552134216,25,705.0
