step,system_total_stopped,system_total_waiting_time,system_mean_waiting_time,system_mean_speed,A0_stopped,A0_accumulated_waiting_time,A0_average_speed,B0_stopped,B0_accumulated_waiting_time,B0_average_speed,C0_stopped,C0_accumulated_waiting_time,C0_average_speed,agents_total_stopped,agents_total_accumulated_waiting_time
5.0,0,0.0,0.0,4.425792126788292,0,0.0,1.0,0,0.0,1.0,0,0.0,0.30044437197628654,0,0.0
10.0,1,0.0,0.0,7.795490328616855,0,0.0,0.5528695410521373,0,0.0,1.0,1,0.0,0.5569808291339325,1,0.0
15.0,1,0.0,0.0,8.29555972964263,1,0.0,0.4167721383951839,0,0.0,1.0,0,0.0,0.7317989930467392,1,0.0
20.0,1,1.0,0.1,11.031690290017988,1,1.0,0.6238891988300487,0,0.0,0.9402634098576979,0,0.0,0.8888661910161202,1,1.0
25.0,2,7.0,0.7,10.414331754429167,2,7.0,0.48363624454898757,0,0.0,0.9574438255708684,0,0.0,0.8722798605425851,2,7.0
30.0,3,18.0,1.6363636363636365,8.683189691073567,2,17.0,0.308187269452623,0,0.0,0.9694104245612272,1,1.0,0.5865960371148592,3,18.0
35.0,5,33.0,2.2,6.185463401917884,3,27.0,0.3677153754868785,0,0.0,0.9301721707901248,2,6.0,0.0686402138215058,5,33.0
40.0,0,0.0,0.0,9.144108628853981,0,14.0,0.831607912845337,0,0.0,0.8533067201933744,0,6.0,0.38992555812936874,0,20.0
45.0,1,0.0,0.0,10.77185352865104,1,0.0,0.7426781813965099,0,2.0,0.8851381625225156,0,0.0,0.8092345531114293,1,2.0
50.0,0,0.0,0.0,10.80898247166676,0,0.0,0.8425972893208954,0,2.0,0.9047823290450528,0,0.0,0.7864247618906489,0,2.0
55.0,1,2.0,0.1,11.02823368855132,0,0.0,0.8118736071409511,0,2.0,0.8012421648817489,1,2.0,0.7348753039791572,1,4.0
60.0,2,7.0,0.35,9.026739641679011,1,0.0,0.4853163045898346,0,0.0,0.7929918712580302,1,7.0,0.3988054431587858,2,7.0
65.0,1,5.0,0.2631578947368421,10.14453221245375,1,5.0,0.6618470032871862,0,0.0,0.8910624315544768,0,0.0,0.914729177819141,1,5.0
70.0,1,0.0,0.0,10.350937529221268,1,0.0,0.7026156469174114,0,0.0,0.8673984436243624,0,0.0,0.6742623155330152,1,0.0
75.0,1,0.0,0.0,11.626282372274016,0,0.0,0.8653454603154572,0,2.0,0.8997452236748528,1,0.0,0.7758642124046906,1,2.0
80.0,1,1.0,0.05263157894736842,10.467355567874401,0,0.0,0.6605256863442517,0,2.0,0.910174623352621,1,1.0,0.7142263591130013,1,3.0
85.0,2,8.0,0.4,10.111268725449147,1,2.0,0.6068897295430055,0,2.0,0.9486864794585484,1,6.0,0.7109667613367036,2,10.0
90.0,2,13.0,0.65,8.099465420333562,0,0.0,0.700128834882388,1,4.0,0.4165751449045543,1,11.0,0.49424156184837703,2,15.0
95.0,5,18.0,0.9473684210526315,6.924325033733906,0,0.0,0.7722908151793341,4,20.0,0.16308329772709498,1,0.0,0.44674819178931163,5,20.0
100.0,4,12.0,0.7058823529411765,6.770482930029809,2,4.0,0.30198841349585565,1,19.0,0.25723645834646425,1,3.0,0.5423006859068593,4,26.0
105.0,3,14.0,0.9333333333333333,8.56512513028679,2,16.0,0.5516831247846234,0,5.0,0.6590551608268526,1,2.0,0.6666626930054907,3,23.0
110.0,2,2.0,0.11764705882352941,8.801027290751927,0,11.0,0.5887532757572962,1,2.0,0.6694267751327185,1,4.0,0.689661983300852,2,17.0
115.0,0,0.0,0.0,9.676520771370035,0,0.0,0.6725984408490908,0,2.0,0.7330128543407357,0,2.0,0.6140053967135515,0,4.0
120.0,3,5.0,0.19230769230769232,8.540079199552043,0,0.0,0.5127975638628385,0,2.0,0.7877639417970896,3,7.0,0.3908936758107142,3,9.0
125.0,3,7.0,0.28,8.01408075312479,1,5.0,0.4510005588118705,0,0.0,0.3607027927481454,2,7.0,0.4836871675962279,3,12.0
130.0,5,26.0,1.0833333333333333,8.916572996946718,2,15.0,0.43982679330381136,2,7.0,0.5443092886574716,1,7.0,0.6124301011415019,5,29.0
135.0,4,40.0,1.7391304347826086,7.97127250952239,2,25.0,0.40641854960919505,0,6.0,0.7549350531550845,2,15.0,0.4295854264525237,4,46.0
140.0,3,36.0,1.44,8.862050984301527,2,35.0,0.44650756406233055,0,2.0,0.765251357474084,1,12.0,0.49298710295483966,3,49.0
145.0,3,9.0,0.375,7.929447418218321,1,4.0,0.4771982715008541,0,0.0,0.4348968642822507,2,9.0,0.3035977127754211,3,13.0
150.0,3,21.0,1.05,9.493945175886346,0,0.0,0.8035891032702153,1,4.0,0.6508291483721945,2,19.0,0.21541245321821606,3,23.0
155.0,4,38.0,1.52,8.465836019249872,0,0.0,0.6544391494542275,1,9.0,0.6423688965280657,3,31.0,0.25389715076688174,4,40.0
160.0,6,55.0,2.037037037037037,8.324310306181895,3,9.0,0.6364972317363944,0,2.0,0.357259864645748,3,46.0,0.48188100670876216,6,57.0
165.0,11,97.0,3.730769230769231,4.953206405484121,6,31.0,0.20597857125768027,1,6.0,0.5701919538014759,4,62.0,0.22527602484289339,11,99.0
170.0,16,164.0,5.857142857142857,4.266399089604984,11,73.0,0.07712186927923542,1,11.0,0.4598470951676563,4,82.0,0.3608712220610836,16,166.0
175.0,7,57.0,1.9655172413793103,4.965733064319628,5,88.0,0.2096700015504073,1,16.0,0.4964634285266204,1,33.0,0.41526424358871095,7,137.0
180.0,3,8.0,0.24242424242424243,7.6321609797939685,0,40.0,0.4057469141088212,0,4.0,0.8047183873206479,3,11.0,0.4133988294465096,3,55.0
185.0,2,2.0,0.05405405405405406,9.270436232995603,0,9.0,0.5990889356334413,0,6.0,0.7832628577299678,2,13.0,0.5120349963520666,2,28.0
190.0,4,17.0,0.4473684210526316,9.860526606864498,1,11.0,0.5580551199539853,0,6.0,0.9068562103722222,3,20.0,0.4913049914207399,4,37.0
195.0,11,55.0,1.6666666666666667,5.293452619473411,4,23.0,0.170214912866587,2,11.0,0.3727838564899527,5,41.0,0.2627998688556929,11,75.0
200.0,16,107.0,3.1470588235294117,3.4011288095676537,2,23.0,0.12797258834090738,6,33.0,0.1214273331623537,8,76.0,0.21829904111755263,16,132.0
205.0,13,126.0,3.7058823529411766,4.0484544454753735,0,14.0,0.3443669140513561,4,43.0,0.23535830310028105,9,118.0,0.21715639553974514,13,175.0
210.0,13,167.0,4.771428571428571,5.249389232475509,2,20.0,0.4740360238910234,0,20.0,0.6351536606647009,11,170.0,0.2129237405052636,13,210.0
215.0,13,133.0,3.8,6.032041679971338,4,37.0,0.42808396894531825,0,2.0,0.7300057226476487,9,169.0,0.3477706780299636,13,208.0
220.0,6,50.0,1.4285714285714286,7.389361730231746,1,35.0,0.5633613064804049,0,2.0,0.6995422561030363,5,148.0,0.44284046885746314,6,185.0
225.0,3,16.0,0.43243243243243246,9.294919762479813,0,9.0,0.5686378628153862,0,4.0,0.900890374311191,3,100.0,0.4823215998574606,3,113.0
230.0,2,2.0,0.05,9.626690626622164,1,11.0,0.2495358220678027,0,4.0,0.9048762560231995,1,69.0,0.596921620660242,2,84.0
235.0,7,19.0,0.4634146341463415,7.891459604708525,3,23.0,0.3464849965953056,2,7.0,0.6490851981149971,2,55.0,0.43068357342583286,7,85.0
240.0,16,78.0,1.9024390243902438,4.34386508563045,3,38.0,0.3266100808313631,4,23.0,0.203917869506761,9,83.0,0.2586286495939685,16,144.0
245.0,19,137.0,3.6052631578947367,2.823998242965883,3,53.0,0.15680128524176268,4,36.0,0.1828510307315937,12,131.0,0.16822554496892075,19,220.0
250.0,21,160.0,3.902439024390244,3.1481718483324506,2,40.0,0.3105859786766545,2,29.0,0.21119544211813301,17,200.0,0.16182821201719322,21,269.0
255.0,13,110.0,2.682926829268293,6.017754032360972,0,7.0,0.8091358089867327,2,19.0,0.4811976661761276,11,219.0,0.2755350755941614,13,245.0
260.0,6,51.0,1.1590909090909092,7.098080751824068,1,8.0,0.6772990728153733,0,17.0,0.6538756261800869,5,163.0,0.34447414136626014,6,188.0
265.0,12,46.0,1.0,7.019611517797402,4,20.0,0.3791662241698601,3,28.0,0.6146571025724167,5,103.0,0.2890839126516024,12,151.0
270.0,8,43.0,0.9347826086956522,6.078379439211839,1,21.0,0.22756836270043052,5,48.0,0.44426890389478446,2,85.0,0.3474331853857642,8,154.0
275.0,5,24.0,0.5217391304347826,7.325071856045769,0,3.0,0.5282280896391364,2,47.0,0.4988366081247483,3,55.0,0.4131554900001332,5,105.0
280.0,4,33.0,0.717391304347826,8.11277492428399,1,3.0,0.5789305203379511,1,15.0,0.4710146026304376,2,44.0,0.6331694277019763,4,62.0
285.0,8,54.0,1.125,7.53186565094551,2,13.0,0.5899615313432601,3,19.0,0.3765287504728294,3,42.0,0.6074570837644734,8,74.0
290.0,10,90.0,1.9565217391304348,6.100183444765201,3,23.0,0.529481338446204,5,32.0,0.24360004544591166,2,49.0,0.5798688617556005,10,104.0
295.0,12,117.0,2.5434782608695654,4.595945175206345,0,3.0,0.27201530239845423,10,70.0,0.08312509750848841,2,59.0,0.5710708770839396,12,132.0
300.0,12,132.0,2.933333333333333,5.731528892151313,1,5.0,0.6092118124177534,9,98.0,0.18791137374212663,2,69.0,0.5164206573382514,12,172.0
305.0,8,111.0,2.4130434782608696,6.38419838864894,0,2.0,0.7588428017426277,6,91.0,0.16876664189985105,2,81.0,0.6507718682211177,8,174.0
310.0,10,119.0,2.5869565217391304,6.634074504488809,0,2.0,0.6990254129942227,6,87.0,0.23275302403631765,4,92.0,0.530760348197624,10,181.0
315.0,6,16.0,0.35555555555555557,6.624462685355917,0,3.0,0.7912490422478858,5,110.0,0.17504125580242738,1,6.0,0.7084034148861305,6,119.0
320.0,8,26.0,0.5909090909090909,6.8288881929569865,0,0.0,0.7919063889131542,7,145.0,0.22347749675941703,1,3.0,0.4585755707138289,8,148.0
325.0,5,12.0,0.27906976744186046,6.258247624704284,2,1.0,0.5710931538931034,3,145.0,0.28442066965092183,0,3.0,0.4140925244021099,5,149.0
330.0,4,7.0,0.16666666666666666,6.897938487409104,2,4.0,0.33191168209510574,2,129.0,0.3911841740697673,0,2.0,0.7500536900965017,4,135.0
335.0,5,14.0,0.3111111111111111,6.7222547349760955,2,13.0,0.6098097621930874,1,106.0,0.26356969652909834,2,5.0,0.4496605630574165,5,124.0
340.0,5,17.0,0.4146341463414634,7.411338329518104,1,2.0,0.7608246559509176,1,81.0,0.29769562518687825,3,14.0,0.5574000420433491,5,97.0
345.0,7,26.0,0.6190476190476191,7.296093282233988,1,0.0,0.6120577104110309,3,81.0,0.36554330664622753,3,25.0,0.5533296968624487,7,106.0
350.0,6,22.0,0.5116279069767442,6.987245148802187,1,1.0,0.5676237630017549,5,99.0,0.3636082993113684,0,7.0,0.4540439143769668,6,107.0
355.0,9,34.0,0.8095238095238095,6.492564323546242,4,16.0,0.3209439465665874,5,103.0,0.2765792283712935,0,0.0,0.6284060681235282,9,119.0
360.0,10,53.0,1.358974358974359,7.235647736463181,7,47.0,0.3700420437482481,3,84.0,0.30511937677313267,0,2.0,0.8986202367710175,10,133.0
365.0,10,86.0,2.097560975609756,6.185876123363472,8,85.0,0.29185733015852033,1,80.0,0.3238914000721044,1,2.0,0.670927511954308,10,167.0
370.0,8,53.0,1.2045454545454546,5.491776847944294,4,85.0,0.23018947033410592,4,92.0,0.22821332058092594,0,2.0,0.7031899999251519,8,179.0
375.0,9,39.0,0.8863636363636364,5.800651469962956,1,51.0,0.31994317186488586,7,121.0,0.2374388185928796,1,0.0,0.6402451815491683,9,172.0
380.0,8,41.0,0.8541666666666666,6.658631653933834,0,7.0,0.5858827779082627,8,131.0,0.25083390682776496,0,0.0,0.6544739252920251,8,138.0
385.0,9,28.0,0.5490196078431373,7.14061749165744,1,11.0,0.54913528291254,6,114.0,0.34044564822731155,2,1.0,0.5128849143764106,9,126.0
390.0,10,35.0,0.7142857142857143,6.844481126430825,5,26.0,0.3948812945429434,5,138.0,0.2282205840244598,0,2.0,0.6537547182935566,10,166.0
395.0,16,82.0,1.8636363636363635,5.337878430959953,7,57.0,0.1782469105107649,7,167.0,0.22233645479891878,2,5.0,0.5753950848366207,16,229.0
400.0,9,53.0,1.394736842105263,3.674961724159385,3,57.0,0.09094097600557635,4,163.0,0.2177106135041859,2,15.0,0.6252544038239268,9,235.0
405.0,4,31.0,0.8157894736842105,6.646063315344107,0,28.0,0.5681558240784359,2,121.0,0.3330144437088462,2,27.0,0.5931575103848927,4,176.0
410.0,8,45.0,1.0975609756097562,6.79682763704591,3,21.0,0.4915902777668908,3,73.0,0.30772306603160393,2,37.0,0.47159692044650003,8,131.0
415.0,8,67.0,1.558139534883721,7.365110540258032,5,37.0,0.5252391581449724,1,56.0,0.421591372534113,2,47.0,0.5490331559489133,8,140.0
420.0,9,97.0,2.3095238095238093,6.0973026935819785,6,58.0,0.3451528725816039,1,46.0,0.31512089839427165,2,55.0,0.5900717398522188,9,159.0
425.0,11,35.0,0.813953488372093,5.319985358813461,4,47.0,0.259255725867962,5,63.0,0.25403071186205206,2,3.0,0.6027523323466533,11,113.0
430.0,8,26.0,0.5777777777777777,5.580944642294907,3,30.0,0.26641248886242025,3,61.0,0.26194446286251816,2,11.0,0.5081239955366735,8,102.0
435.0,10,34.0,0.7555555555555555,5.762915330619879,4,43.0,0.23074468005635954,1,37.0,0.3799162780806163,5,30.0,0.4135172992192882,10,110.0
440.0,8,33.0,0.75,5.898097544680292,6,67.0,0.28238202382053773,0,28.0,0.38989077702703534,2,24.0,0.36340836140504873,8,119.0
445.0,11,42.0,1.0,6.118325736470267,5,72.0,0.3006543666436453,5,45.0,0.2505411477969246,1,10.0,0.522522463507263,11,127.0
450.0,14,66.0,1.5,6.03705332264401,3,63.0,0.2750798570223001,9,83.0,0.2568359198441625,2,12.0,0.3511058727730742,14,158.0
455.0,14,121.0,2.880952380952381,5.588636822228898,0,55.0,0.2971611644155849,10,129.0,0.11460643864161561,4,31.0,0.3116718214536758,14,215.0
460.0,18,122.0,2.975609756097561,4.513084092121174,6,71.0,0.21512139370341352,7,130.0,0.071856852592561,5,54.0,0.29610770598052777,18,255.0
465.0,9,35.0,0.9210526315789473,5.777762944633735,4,72.0,0.46063743520196604,1,86.0,0.3110730329163261,4,45.0,0.21541097254449848,9,203.0
470.0,2,6.0,0.16666666666666666,8.753617915052338,1,35.0,0.5225929771182196,0,37.0,0.7221586043173983,1,22.0,0.5419885025204138,2,94.0
475.0,3,9.0,0.225,9.59401108108637,1,17.0,0.5823342315821882,1,8.0,0.766391127289298,1,9.0,0.4275687359983009,3,34.0
480.0,6,20.0,0.45454545454545453,8.209497435629467,1,14.0,0.5022965627929724,1,11.0,0.7582080492247969,4,18.0,0.1801218385661128,6,43.0
485.0,9,44.0,1.0232558139534884,7.439843673853247,4,28.0,0.4473818183226358,1,0.0,0.4218519653126776,4,37.0,0.46253004778872303,9,65.0
490.0,12,56.0,1.5135135135135136,5.430145249802268,8,59.0,0.21333161646521684,4,10.0,0.33274976643211257,0,21.0,0.5768453060998773,12,90.0
495.0,14,102.0,2.4878048780487805,4.966095199196319,13,111.0,0.1024832874477142,0,13.0,0.5235006294987694,1,4.0,0.4393668744655892,14,128.0
500.0,15,96.0,2.2857142857142856,6.173529122216787,11,140.0,0.23134181145104687,2,5.0,0.6409970772973319,2,11.0,0.6387163756586542,15,156.0
505.0,5,47.0,1.0930232558139534,8.474874014727362,4,100.0,0.3384919002788457,1,12.0,0.7465655153358263,0,2.0,0.8368123642881855,5,114.0
510.0,3,18.0,0.42857142857142855,10.072089835599606,2,81.0,0.5620763401465887,1,15.0,0.7521423448217044,0,2.0,0.8169056216264583,3,98.0
515.0,3,20.0,0.45454545454545453,9.112426953368614,1,44.0,0.5693780903727397,2,20.0,0.6589033454623601,0,0.0,0.5947928311534597,3,64.0
520.0,5,3.0,0.07142857142857142,8.38969564519772,3,46.0,0.4637813495867639,1,1.0,0.667643188288138,1,0.0,0.5573975958052273,5,47.0
525.0,9,32.0,0.7272727272727273,7.423019971115235,6,66.0,0.2535777773081841,3,10.0,0.4244142622768435,0,0.0,0.593698037680462,9,76.0
530.0,9,42.0,1.105263157894737,6.575530070836163,3,64.0,0.27949939920889993,6,33.0,0.40149547345325715,0,0.0,0.6232668501632742,9,97.0
535.0,6,28.0,0.8,6.380014716863052,1,26.0,0.4690164807585694,3,46.0,0.40404575577147667,2,5.0,0.4708580300141073,6,77.0
540.0,4,15.0,0.375,8.832558347532165,2,7.0,0.6612532678334386,1,32.0,0.5959371283455153,1,12.0,0.5170421372891398,4,51.0
545.0,6,38.0,0.9047619047619048,9.729816042851834,2,9.0,0.6258992354108734,1,11.0,0.7562945625309891,3,22.0,0.5931558483784507,6,42.0
550.0,4,49.0,1.1395348837209303,9.164798638643232,0,2.0,0.6730153428981901,1,14.0,0.6270756251278355,3,37.0,0.6298483984566301,4,53.0
555.0,6,29.0,0.6590909090909091,7.487490410214902,4,6.0,0.4090966908841164,2,23.0,0.46318877460536323,0,13.0,0.5737009658596333,6,42.0
560.0,4,37.0,0.8809523809523809,7.719150853256908,1,14.0,0.38449370158162943,2,35.0,0.5873068917533746,1,2.0,0.5883126933999633,4,51.0
565.0,2,5.0,0.11904761904761904,8.20997664365021,0,2.0,0.45586756351262586,0,4.0,0.8883830549920477,2,5.0,0.4888621072911525,2,11.0
570.0,9,33.0,0.75,7.157305166873656,3,6.0,0.31282134860258703,0,4.0,0.788041686371378,6,29.0,0.306391335601344,9,39.0
575.0,14,91.0,2.116279069767442,5.31020248880352,4,23.0,0.38203104797123555,0,2.0,0.6214941285028376,10,70.0,0.14366838988127287,14,95.0
580.0,18,142.0,3.55,5.076040519335214,3,21.0,0.48717261718402954,0,0.0,0.8110185605636067,15,136.0,0.10383453604906297,18,157.0
585.0,12,111.0,2.466666666666667,5.840319972194724,0,9.0,0.5794708974079401,1,2.0,0.5033324708772688,11,167.0,0.23838021275908527,12,178.0
590.0,6,46.0,1.0454545454545454,7.505885920868249,2,14.0,0.5049361405819311,0,4.0,0.9065121995632578,4,138.0,0.3757317578031434,6,156.0
595.0,9,29.0,0.6170212765957447,5.920216257089578,6,33.0,0.24109823773090774,0,4.0,0.8781496824873599,3,150.0,0.20717763259818955,9,187.0
600.0,20,101.0,2.1041666666666665,4.050159954962777,10,76.0,0.2169632697784946,2,7.0,0.4133337741442638,8,177.0,0.16926607148000364,20,260.0
605.0,13,69.0,1.38,4.396422180764998,6,91.0,0.26823491070256883,0,6.0,0.44016395318556717,7,173.0,0.23572141538013178,13,270.0
610.0,7,19.0,0.35185185185185186,7.037894625423217,3,67.0,0.3619362485650411,0,4.0,0.7194007271644902,4,103.0,0.4162113709448057,7,174.0
615.0,4,19.0,0.3333333333333333,8.456889994312,3,42.0,0.4005640241667216,0,4.0,0.8266151303679464,1,62.0,0.5341814952862607,4,108.0
620.0,7,24.0,0.39344262295081966,8.235004214650495,1,38.0,0.48302231736584605,0,4.0,0.7560928766969995,6,42.0,0.36298106126519336,7,84.0
625.0,13,72.0,1.2413793103448276,7.129884438477732,5,47.0,0.30586022032918697,3,11.0,0.5317932179385185,5,53.0,0.35540469148123205,13,111.0
630.0,22,161.0,3.0377358490566038,4.7584027166009655,9,84.0,0.20042921887163329,6,33.0,0.24792206050863766,7,78.0,0.18309736555474654,22,195.0
635.0,26,232.0,4.64,4.020316160345766,7,91.0,0.13898261155556085,10,74.0,0.22925153573754486,9,123.0,0.13880046108975921,26,288.0
640.0,21,189.0,3.7058823529411766,4.214839246447179,4,72.0,0.16924938192814656,14,138.0,0.16929137740432235,3,106.0,0.14342869479989637,21,316.0
645.0,16,216.0,4.595744680851064,5.782541342900986,1,51.0,0.3318153191707332,14,208.0,0.15616186154801948,1,37.0,0.5197751501936255,16,296.0
650.0,15,154.0,3.422222222222222,5.707476648298911,2,37.0,0.4208809005537035,10,219.0,0.24032774245760596,3,40.0,0.3029326327838532,15,296.0
655.0,10,46.0,1.0454545454545454,5.850416264596387,2,29.0,0.49634825472040406,3,159.0,0.36326328338659275,5,64.0,0.3446015063612853,10,252.0
660.0,6,25.0,0.5434782608695652,7.750800260214745,5,46.0,0.5178496690304283,0,53.0,0.4888391965294181,1,38.0,0.6441521797312675,6,137.0
665.0,5,24.0,0.5,9.267322567476022,4,48.0,0.5471439527319588,0,4.0,0.6541327530739176,1,9.0,0.7500314584613541,5,61.0
670.0,5,24.0,0.5,8.023065552922523,2,27.0,0.5251940284847941,1,7.0,0.5010984288774761,2,16.0,0.5239427493891208,5,50.0
675.0,8,39.0,0.8297872340425532,7.169605227359833,2,19.0,0.4941843974127543,5,24.0,0.4830532717322355,1,7.0,0.4186576782275822,8,50.0
680.0,7,47.0,0.9591836734693877,7.054038697331327,1,11.0,0.37327811723217874,6,54.0,0.4443581183330211,0,2.0,0.39508378689302454,7,67.0
685.0,9,29.0,0.6041666666666666,7.119090821922214,6,22.0,0.30820578311680913,3,52.0,0.32592883037017334,0,0.0,0.6315281095976747,9,74.0
690.0,4,18.0,0.391304347826087,8.184890123946763,3,39.0,0.3579591270577953,1,22.0,0.3991603920482342,0,2.0,0.8689427108792102,4,63.0
695.0,4,11.0,0.2682926829268293,8.252729021716695,1,21.0,0.569396866323844,2,21.0,0.36778671024170645,1,3.0,0.7160947268651486,4,45.0
700.0,12,45.0,1.0465116279069768,6.8299640605450636,2,15.0,0.40285101425649544,8,49.0,0.2291753331208552,2,11.0,0.48917155316214167,12,75.0
705.0,16,73.0,1.7804878048780488,4.853319761515108,7,36.0,0.18607216580644148,3,53.0,0.17540970311302306,6,30.0,0.20971917551603692,16,119.0
710.0,4,20.0,0.5263157894736842,6.14509935535461,2,44.0,0.42539195136066127,1,26.0,0.18400767368984572,1,33.0,0.42414445865621825,4,103.0
715.0,2,7.0,0.1891891891891892,9.168225428130045,1,20.0,0.5577308487643683,1,32.0,0.5685319403761789,0,8.0,0.7374867133021252,2,60.0
720.0,10,27.0,0.6428571428571429,8.884661355482725,3,13.0,0.4872165350335651,5,43.0,0.5669449159388683,2,3.0,0.6147009114226359,10,59.0
725.0,4,17.0,0.3617021276595745,8.254737797702969,1,2.0,0.420376398033514,2,43.0,0.49689420830131137,1,6.0,0.6033865256095795,4,51.0
730.0,5,14.0,0.30434782608695654,8.773032821386254,3,11.0,0.5690932522479046,0,21.0,0.5401577978625506,2,5.0,0.6225799892154575,5,37.0
735.0,5,16.0,0.36363636363636365,6.827046193001019,0,7.0,0.5932766233425586,2,23.0,0.2284074281482974,3,16.0,0.5371425927748696,5,46.0
740.0,9,32.0,0.7111111111111111,6.6020740821122015,3,8.0,0.48483051828916285,6,47.0,0.2596397064690625,0,6.0,0.651794737616884,9,61.0
745.0,12,70.0,1.5555555555555556,7.155897009573429,1,4.0,0.5206969864161232,11,95.0,0.3462038841072438,0,0.0,0.7790305650684386,12,99.0
750.0,20,143.0,2.9791666666666665,5.743188202918276,5,16.0,0.20715343172606576,13,152.0,0.25800805550445105,2,1.0,0.6199721193347811,20,169.0
755.0,17,132.0,2.75,5.127563164975627,7,50.0,0.27412459467938477,9,163.0,0.19156979913803376,1,1.0,0.4680976293442203,17,214.0
760.0,11,60.0,1.25,5.687184352196568,3,53.0,0.43650618510285977,6,124.0,0.19755500767703296,2,12.0,0.4978492906113904,11,189.0
765.0,8,48.0,1.0212765957446808,7.662137551314983,0,4.0,0.7435179503608704,3,99.0,0.3217371023168634,5,30.0,0.47772664086383676,8,133.0
770.0,7,56.0,1.1914893617021276,7.749352891102302,0,4.0,0.7313298381389423,1,94.0,0.4396412921272546,6,55.0,0.5065931270745188,7,153.0
775.0,8,40.0,0.8163265306122449,6.822093032359861,1,2.0,0.6001006388652829,3,92.0,0.33222192130031164,4,61.0,0.4057463570036949,8,155.0
780.0,8,23.0,0.4791666666666667,6.376309663231527,3,11.0,0.3742600820414507,5,94.0,0.25432539831804457,0,36.0,0.5277029499003287,8,141.0
785.0,12,53.0,1.1521739130434783,5.3124883878692994,6,39.0,0.2506443937156899,2,69.0,0.30902000808137914,4,44.0,0.4368916621346725,12,152.0
790.0,11,56.0,1.1666666666666667,5.434972962426785,3,47.0,0.31357022365591775,1,46.0,0.4142080671558084,7,65.0,0.304821104916334,11,158.0
795.0,7,18.0,0.4,6.285472757428262,1,21.0,0.5523794834535561,0,18.0,0.46748185779192497,6,65.0,0.35072808690817014,7,104.0
800.0,11,23.0,0.45098039215686275,6.258311576441751,3,15.0,0.3654942012134431,6,37.0,0.393965585546996,2,38.0,0.35753072922651685,11,90.0
805.0,10,35.0,0.625,6.255628026843638,4,31.0,0.3174446709021542,3,47.0,0.3353505424857278,3,42.0,0.41955092765843927,10,120.0
810.0,8,35.0,0.625,7.215746593626373,1,26.0,0.5416239505177421,1,30.0,0.3646306616425162,6,71.0,0.3676685696212063,8,127.0
815.0,14,84.0,1.5849056603773586,6.479456809381748,1,6.0,0.6340521465768088,2,34.0,0.42205621894806644,11,118.0,0.26641184568682796,14,158.0
820.0,23,171.0,3.0535714285714284,5.632343246002285,2,9.0,0.6429185089562264,8,54.0,0.32710592819944734,13,180.0,0.26452878570689864,23,243.0
825.0,22,247.0,4.410714285714286,4.7459264222563515,1,12.0,0.6287514483160753,5,65.0,0.3636396686880529,16,254.0,0.07188743005981382,22,331.0
830.0,25,318.0,5.482758620689655,4.46930793775317,2,3.0,0.6677342282883449,3,50.0,0.286273251716932,20,350.0,0.11277461138811766,25,403.0
835.0,18,248.0,3.9365079365079363,4.943117061109037,2,13.0,0.5124313649391196,1,38.0,0.20415569356418786,15,374.0,0.25507273869321606,18,425.0
840.0,11,134.0,2.09375,5.533767735324039,0,11.0,0.5751353964531482,3,50.0,0.26282139404042215,8,302.0,0.26394322221726063,11,363.0
845.0,12,97.0,1.4696969696969697,6.294824586140815,0,0.0,0.6528861793838636,6,76.0,0.3445603182091597,6,236.0,0.2882587239325172,12,312.0
850.0,14,61.0,0.8970588235294118,6.604716680842736,2,3.0,0.4266899626870892,8,89.0,0.4039685573236969,4,178.0,0.4092375866010703,14,270.0
855.0,14,42.0,0.5753424657534246,5.981214833156965,5,19.0,0.3881118615099151,6,78.0,0.33972254745231306,3,182.0,0.37845144579963336,14,279.0
860.0,12,38.0,0.5277777777777778,6.382258050056517,4,20.0,0.41654071168181134,3,62.0,0.4675725118567506,5,200.0,0.3531190721585678,12,282.0
865.0,8,29.0,0.42028985507246375,6.362107723509912,2,17.0,0.44517215600003235,2,56.0,0.4699359064353265,4,187.0,0.43055263779347447,8,260.0
870.0,11,44.0,0.6376811594202898,6.008575739820368,1,16.0,0.424917768211246,4,58.0,0.5022798656941895,6,141.0,0.32942694819882323,11,215.0
875.0,12,88.0,1.2394366197183098,7.062663284840545,4,27.0,0.4793247495387023,4,60.0,0.580896417454056,4,89.0,0.3599156329217055,12,176.0
880.0,9,53.0,0.726027397260274,6.872021885647252,5,39.0,0.42641844306801396,0,41.0,0.5777562322081109,4,76.0,0.38464100878493596,9,156.0
885.0,13,24.0,0.32432432432432434,6.346561350919367,6,38.0,0.295591309273302,5,24.0,0.4162059764472767,2,48.0,0.3800380661428151,13,110.0
890.0,16,71.0,0.9726027397260274,5.238589879247758,1,41.0,0.2435519002705003,9,62.0,0.3244212069047967,6,50.0,0.2748753302333506,16,153.0
895.0,25,127.0,1.7397260273972603,4.093408066553732,6,59.0,0.18063827145983047,6,74.0,0.2365361616173006,13,102.0,0.1828623734355738,25,235.0
900.0,25,142.0,2.0,3.6456518721209683,10,101.0,0.22803029421916457,3,51.0,0.22228385444532017,12,137.0,0.19606823641785665,25,289.0
905.0,26,160.0,2.191780821917808,4.133609867802595,15,161.0,0.273833300323732,4,63.0,0.29956183097255257,7,121.0,0.2464779110617695,26,345.0
910.0,26,179.0,2.2948717948717947,4.391806145865203,11,182.0,0.264824262658879,10,102.0,0.2909354285770759,5,131.0,0.21686398921377215,26,415.0
915.0,31,222.0,2.775,3.951548410395931,12,170.0,0.14294736392056787,12,158.0,0.26838727570036813,7,156.0,0.15636040364023085,31,484.0
920.0,33,218.0,2.759493670886076,3.507676326851183,9,218.0,0.17833275897173112,9,166.0,0.2904714110719084,15,211.0,0.10356939432097358,33,595.0
925.0,24,141.0,1.7848101265822784,4.785305181626004,8,244.0,0.2858412501035675,4,125.0,0.33447662618250634,12,241.0,0.19285960372958522,24,610.0
930.0,14,54.0,0.6923076923076923,5.272876357222962,7,255.0,0.2616386497786609,1,101.0,0.35489595508695415,6,200.0,0.35135092052113776,14,556.0
935.0,17,54.0,0.7012987012987013,5.080290688108556,6,227.0,0.24427147398898585,6,124.0,0.3699076379049844,5,112.0,0.3158731860900666,17,463.0
940.0,13,68.0,0.8395061728395061,4.571844471614099,2,198.0,0.2209969345795139,10,168.0,0.27733639634447477,1,106.0,0.29622393690301185,13,472.0
945.0,20,85.0,1.0,3.790048071540282,6,209.0,0.15480368390261628,7,172.0,0.18178792240949107,7,127.0,0.18913554080768943,20,508.0
950.0,15,53.0,0.654320987654321,3.797805516518549,3,201.0,0.21627062379967682,5,122.0,0.17423740960587222,7,136.0,0.28673668505241284,15,459.0
955.0,12,31.0,0.38271604938271603,5.459575481179277,4,158.0,0.28137400573025356,3,76.0,0.47482141796839955,5,94.0,0.3055983436155485,12,328.0
960.0,11,32.0,0.367816091954023,5.596056329577077,4,115.0,0.334965556005539,2,76.0,0.4473427891676067,5,103.0,0.29236762820949097,11,294.0
965.0,18,75.0,0.7978723404255319,5.071680474838795,1,115.0,0.288287435740697,7,103.0,0.3781171497470985,10,136.0,0.18548091277004095,18,354.0
970.0,28,132.0,1.5,3.3641547895310397,6,114.0,0.11791270978287056,11,145.0,0.25106863994293366,11,147.0,0.1239121976195042,28,406.0
975.0,22,90.0,1.0227272727272727,3.716231543887389,4,113.0,0.1774760238929408,12,161.0,0.17651650075382072,6,117.0,0.18951212554466781,22,391.0
980.0,14,53.0,0.6235294117647059,4.955363666754688,3,74.0,0.3115761651439103,6,133.0,0.3473052358691794,5,124.0,0.24633413530626797,14,331.0
985.0,12,33.0,0.375,5.047779243178428,2,38.0,0.32842105627880935,2,119.0,0.3607892904779829,8,154.0,0.17735196775010303,12,311.0
990.0,15,57.0,0.6404494382022472,4.877555291800612,1,16.0,0.3199665549975026,7,138.0,0.31028186103542493,7,155.0,0.15645422866015363,15,309.0
995.0,17,84.0,0.9882352941176471,4.387053143150493,1,10.0,0.34464472817690023,13,192.0,0.25050390086792285,3,109.0,0.17088943299339387,17,311.0
1000.0,28,189.0,2.197674418604651,4.139955254586563,6,28.0,0.199460939027842,20,278.0,0.17634110711101283,2,56.0,0.21629364946544308,28,362.0
1005.0,31,218.0,2.449438202247191,3.533325929668796,10,64.0,0.20869036830624169,19,317.0,0.10958559904501335,2,55.0,0.17415879204925364,31,436.0
1010.0,28,170.0,1.9318181818181819,3.958333652263934,7,80.0,0.31290802129919687,15,292.0,0.11015158314481564,6,77.0,0.26708210941153193,28,449.0
1015.0,24,142.0,1.632183908045977,4.825545134187634,7,76.0,0.317695963834114,9,222.0,0.27531128738870336,8,112.0,0.3031406235600464,24,410.0
1020.0,16,77.0,0.875,4.795370937032862,6,75.0,0.33410221191132794,2,229.0,0.33018466182121076,8,122.0,0.27895470170662945,16,426.0
1025.0,21,98.0,1.0769230769230769,4.875827584700541,5,76.0,0.3489107193188059,8,256.0,0.2803563183783685,8,117.0,0.24402751897515862,21,449.0
1030.0,23,119.0,1.3076923076923077,4.158741631271646,4,77.0,0.22246826401476424,13,312.0,0.22093435970700237,6,103.0,0.17896982740633893,23,492.0
1035.0,34,237.0,2.46875,3.4559011350469775,7,92.0,0.19828409218625456,19,396.0,0.14947397165381485,8,102.0,0.1408532154522278,34,590.0
1040.0,39,292.0,3.0736842105263156,3.3166375886902864,11,134.0,0.19879125724300464,22,425.0,0.12503230669034568,6,125.0,0.30192308750624214,39,684.0
1045.0,33,244.0,2.568421052631579,3.6531465737969437,13,194.0,0.24416083149182158,18,399.0,0.13354218681508767,2,102.0,0.35586925914148965,33,695.0
1050.0,29,188.0,1.9381443298969072,4.05076656937697,10,214.0,0.20862952134261892,15,453.0,0.1476018059773976,4,85.0,0.416119611223935,29,752.0
1055.0,28,140.0,1.4583333333333333,3.984661200368075,11,180.0,0.17513560702637887,12,524.0,0.1994263762790041,5,93.0,0.3438514849720009,28,797.0
1060.0,26,113.0,1.1414141414141414,3.746605567830997,10,168.0,0.2407461865609516,10,511.0,0.13554091333232496,6,91.0,0.2142070207635331,26,770.0
1065.0,18,69.0,0.6764705882352942,4.152171542917699,7,187.0,0.26994619307694306,7,428.0,0.17486402813357704,4,93.0,0.29101299493552546,18,708.0
1070.0,18,67.0,0.6633663366336634,4.259485413172925,9,227.0,0.23799450179760562,5,407.0,0.15914797998615957,4,110.0,0.2787210987462992,18,744.0
1075.0,28,127.0,1.3229166666666667,3.5928784198317008,10,273.0,0.21678889235134924,11,437.0,0.09357648102628711,7,139.0,0.21347337496313867,28,849.0
1080.0,33,222.0,2.336842105263158,3.01142965405598,8,281.0,0.21630929267615023,13,492.0,0.10645728872787076,12,188.0,0.16151355838911588,33,961.0
1085.0,33,205.0,2.1808510638297873,2.3061718125324133,6,257.0,0.21465383922311984,14,489.0,0.11515055722732868,13,215.0,0.10573596218046233,33,961.0
1090.0,32,167.0,1.67,3.2970334161333805,9,211.0,0.19852575217091978,12,413.0,0.18230344976404994,11,212.0,0.20274833318527677,32,836.0
1095.0,27,118.0,1.1238095238095238,3.2656002985331964,5,230.0,0.31157006020055616,11,440.0,0.1091170940221176,11,263.0,0.17549406920726968,27,933.0
1100.0,34,154.0,1.4807692307692308,3.347442904979277,6,252.0,0.26406553653875625,14,508.0,0.09132602743050143,14,316.0,0.1857122491707735,34,1076.0
1105.0,31,148.0,1.4653465346534653,2.7931589211692724,11,294.0,0.16134489669400012,10,503.0,0.11926006981318064,10,338.0,0.116393129327662,31,1135.0
1110.0,18,95.0,0.95,4.0184509350583735,8,306.0,0.24112738416055043,5,415.0,0.2477196505683744,5,312.0,0.20892777069588256,18,1033.0
1115.0,17,74.0,0.6981132075471698,4.675839120577554,8,269.0,0.3217337562120329,5,273.0,0.24501961039893003,4,254.0,0.2886075188399827,17,796.0
1120.0,21,104.0,0.9454545454545454,4.908941007293088,11,309.0,0.27716759009783276,5,190.0,0.2624130424897797,5,228.0,0.39649824149659757,21,727.0
1125.0,16,92.0,0.8288288288288288,4.358947315267193,13,336.0,0.21956767477250808,2,173.0,0.2870282316253747,1,202.0,0.35880971583682775,16,711.0
1130.0,22,152.0,1.3693693693693694,4.332077706978654,10,326.0,0.17354979939206047,7,188.0,0.2727975961847046,5,208.0,0.2605707442063704,22,722.0
1135.0,28,223.0,1.9910714285714286,3.9304722959021987,8,372.0,0.15585475957692646,8,182.0,0.22427353841058636,12,255.0,0.18086795861473134,28,809.0
1140.0,24,113.0,1.018018018018018,3.6410028048701952,6,345.0,0.21060066176080194,7,158.0,0.18491730956530877,11,277.0,0.21004538428803893,24,780.0
1145.0,16,62.0,0.5535714285714286,4.1073510770825195,6,294.0,0.22667509322329768,5,182.0,0.1850766894597261,5,241.0,0.2711619025424628,16,717.0
1150.0,27,98.0,0.8909090909090909,3.862278858307223,10,297.0,0.1725485617979473,10,204.0,0.1486713214044878,7,173.0,0.23801584238722792,27,674.0
1155.0,27,122.0,1.1401869158878504,3.7592347153063654,11,278.0,0.2070453860871141,9,206.0,0.186499890418685,7,140.0,0.27288398515666934,27,624.0
1160.0,21,48.0,0.42857142857142855,3.177088307413771,10,295.0,0.13850627474625377,6,163.0,0.14634291612537248,5,123.0,0.2931888770777827,21,581.0
1165.0,25,82.0,0.7068965517241379,4.050592012168042,11,306.0,0.1761808023760521,7,184.0,0.17399195765864492,7,135.0,0.33976553857608893,25,625.0
1170.0,33,195.0,1.7105263157894737,4.319498533496775,13,355.0,0.2078061532999894,11,221.0,0.11230624683770014,9,176.0,0.3042824254094105,33,752.0
1175.0,40,299.0,2.8207547169811322,2.9488497782840755,15,426.0,0.09908524738395609,17,289.0,0.08347418692215064,8,177.0,0.15119761362987158,40,892.0
1180.0,44,356.0,3.423076923076923,2.4953606605338647,15,428.0,0.10854727340598634,23,395.0,0.08284884975276226,6,142.0,0.1815792321663209,44,965.0
1185.0,43,322.0,3.066666666666667,2.6544113657860873,10,365.0,0.1952772507199995,26,448.0,0.11438708256070242,7,137.0,0.14706847938515294,43,950.0
1190.0,39,262.0,2.381818181818182,3.352175584577726,10,293.0,0.21822086032520172,20,435.0,0.1385352537730294,9,178.0,0.21712778689953,39,906.0
1195.0,42,246.0,2.1578947368421053,3.224172700320084,9,328.0,0.23287423510651284,22,529.0,0.10739247821222607,11,228.0,0.2333199895161512,42,1085.0
1200.0,43,291.0,2.6216216216216215,3.289648842594408,9,368.0,0.23988873048313633,22,642.0,0.10576753381822657,12,283.0,0.15195820110382016,43,1293.0
1205.0,32,181.0,1.6759259259259258,2.7261723240532265,5,361.0,0.16927964491647837,16,663.0,0.10486887946105726,11,288.0,0.0963038203434179,32,1312.0
1210.0,27,117.0,1.1142857142857143,3.0498439320438218,5,351.0,0.23694648369611773,9,586.0,0.1581574570499888,13,295.0,0.13920658271419936,27,1232.0
1215.0,19,104.0,0.9369369369369369,3.906759434051433,2,353.0,0.28185987168028875,7,471.0,0.2009288546322303,10,287.0,0.20181953745384004,19,1111.0
1220.0,22,98.0,0.8672566371681416,4.571534598794246,4,361.0,0.28280056997393416,8,414.0,0.22339183288537443,10,319.0,0.28817509817959636,22,1094.0
1225.0,21,72.0,0.6545454545454545,4.381052767546681,4,342.0,0.21215503950822953,6,358.0,0.2704488152511381,11,354.0,0.24985184841940222,21,1054.0
1230.0,14,43.0,0.4056603773584906,4.1909476776069186,3,277.0,0.18102090505385596,6,363.0,0.302777835086625,5,356.0,0.1868550598175084,14,996.0
1235.0,16,33.0,0.30275229357798167,3.8187650102376063,5,255.0,0.17860443080752986,6,346.0,0.22794717388008148,5,305.0,0.18214316099432976,16,906.0
1240.0,18,62.0,0.5585585585585585,4.424621600340259,8,285.0,0.21203332526921628,5,263.0,0.2330984821465685,5,270.0,0.2685509208253028,18,818.0
1245.0,16,68.0,0.6126126126126126,4.391137010496275,7,274.0,0.25929015283000245,5,194.0,0.23777853365376234,4,277.0,0.2869837505429402,16,745.0
1250.0,17,70.0,0.6306306306306306,4.776041164740627,5,214.0,0.26863501292005415,6,203.0,0.24182811410249966,6,296.0,0.302110399385606,17,713.0
1255.0,18,63.0,0.5675675675675675,4.0217835195645275,2,194.0,0.2527753895395833,10,205.0,0.1962404893016173,6,287.0,0.18277522113170114,18,686.0
1260.0,24,83.0,0.7477477477477478,3.9361061616525945,8,206.0,0.1629408445933336,9,205.0,0.2124024301182169,7,243.0,0.18323202495627708,24,654.0
1265.0,28,122.0,1.1090909090909091,3.7329328294830266,13,263.0,0.1502187735526396,9,160.0,0.16153064990804772,6,261.0,0.24667954094748412,28,684.0
1270.0,39,246.0,2.256880733944954,3.8717920441847067,18,340.0,0.18422318743417712,11,125.0,0.199840992916601,10,292.0,0.23875188970138012,39,757.0
1275.0,33,250.0,2.2522522522522523,3.0967947276434904,17,358.0,0.17780569327151494,5,130.0,0.22349266918316155,11,350.0,0.17002863106234517,33,838.0
1280.0,34,168.0,1.4736842105263157,3.5329297158888178,13,268.0,0.14124256116125375,10,127.0,0.2618666984796322,11,360.0,0.1714285302850259,34,755.0
1285.0,32,130.0,1.1206896551724137,3.7885101259387013,11,216.0,0.16754842714417792,11,146.0,0.22828455736401754,10,314.0,0.17878456859384767,32,676.0
1290.0,26,104.0,0.8813559322033898,3.8848096771238696,10,262.0,0.20669679036823652,7,146.0,0.2230580096022917,9,350.0,0.20432888716014738,26,758.0
1295.0,36,146.0,1.2372881355932204,3.6483829968325114,14,316.0,0.21743105044611313,9,164.0,0.13512633373085992,13,404.0,0.18288089747840328,36,884.0
1300.0,35,153.0,1.3421052631578947,3.100829341486787,12,324.0,0.13545758159643342,10,175.0,0.11690433614934002,13,412.0,0.12133047164994415,35,911.0
1305.0,28,100.0,0.9174311926605505,3.5242304800445163,7,274.0,0.19163781563784715,11,184.0,0.225826505871416,10,352.0,0.12431107106092038,28,810.0
1310.0,16,37.0,0.3394495412844037,4.324384886786347,5,250.0,0.26233657875391864,7,162.0,0.29155163990871413,4,325.0,0.22250539853171444,16,737.0
1315.0,24,84.0,0.7241379310344828,4.746839655096504,7,261.0,0.2640408895792589,7,113.0,0.19660794404802598,10,339.0,0.22609755229409678,24,713.0
1320.0,26,117.0,1.0833333333333333,4.316998119137466,8,262.0,0.24820258588293076,4,105.0,0.27355432344914926,14,395.0,0.20193032864581997,26,762.0
1325.0,30,193.0,1.8737864077669903,3.4856658611530547,8,212.0,0.1546801322949305,5,106.0,0.2977876106848214,17,477.0,0.14025350736378306,30,795.0
1330.0,33,207.0,1.8990825688073394,3.588858065579083,5,159.0,0.25406524381143164,8,112.0,0.24506200446955156,20,495.0,0.08156347711451237,33,766.0
1335.0,25,171.0,1.5545454545454545,4.821241471920137,6,145.0,0.34846805703781814,3,91.0,0.34251436091401427,16,394.0,0.15258798542443863,25,630.0
1340.0,16,73.0,0.6460176991150443,4.875102376458264,3,129.0,0.31907903864703385,3,74.0,0.317497291663465,10,316.0,0.2247551969198016,16,519.0
1345.0,26,125.0,1.0593220338983051,5.449948993754119,8,121.0,0.29894471971903647,8,82.0,0.25907318319306055,10,269.0,0.24414291801084276,26,472.0
1350.0,24,83.0,0.7280701754385965,4.80834600404469,8,132.0,0.18025383565025008,8,94.0,0.19959809242408633,8,280.0,0.2760599530354008,24,506.0
1355.0,25,83.0,0.7685185185185185,4.455162164256413,9,116.0,0.2327157492366482,6,85.0,0.19243046649072862,10,312.0,0.25351014559380985,25,513.0
1360.0,25,126.0,1.1666666666666667,5.322936148054658,11,115.0,0.3253961758998267,6,79.0,0.3212563204982659,8,307.0,0.3055341910692691,25,501.0
1365.0,26,177.0,1.5945945945945945,5.275626723835372,13,134.0,0.28518289390021917,6,79.0,0.34466466034722393,7,243.0,0.3392007512538825,26,456.0
1370.0,28,291.0,2.5086206896551726,5.4629845533716805,13,184.0,0.28484276793403324,6,98.0,0.3774524264163085,9,201.0,0.29212580049282494,28,483.0
1375.0,31,361.0,3.0854700854700856,5.242688237795238,17,253.0,0.28129168423844675,8,123.0,0.37700482873707475,6,202.0,0.2596237387885779,31,578.0
1380.0,28,220.0,1.896551724137931,5.102901916023534,15,277.0,0.2713885907748414,4,107.0,0.37186480445732367,9,192.0,0.2660932962240348,28,576.0
1385.0,30,180.0,1.5254237288135593,4.746928171157427,11,255.0,0.21282705946736344,5,51.0,0.2879293586250619,14,236.0,0.17198859522451437,30,542.0
1390.0,33,163.0,1.4684684684684686,3.7171404080305184,11,221.0,0.1959644411522565,9,75.0,0.11483133343272947,13,258.0,0.1546494929074786,33,554.0
1395.0,36,153.0,1.4433962264150944,3.6688659641645023,14,237.0,0.20505137004435048,8,89.0,0.24581593547537553,14,237.0,0.20904479779750537,36,563.0
1400.0,32,166.0,1.4690265486725664,4.236087121459206,17,261.0,0.2147468839732184,8,110.0,0.31846979790249746,7,267.0,0.2580945443926823,32,638.0
1405.0,33,186.0,1.5630252100840336,4.592979935572746,16,296.0,0.26299539057168997,4,92.0,0.3726168442076102,13,315.0,0.20712793595424364,33,703.0
1410.0,40,289.0,2.3688524590163933,4.103876117345867,19,349.0,0.20533072693575669,5,43.0,0.3038691516233253,16,388.0,0.10878422746557749,40,780.0
1415.0,49,398.0,3.262295081967213,3.5765049471502386,17,367.0,0.18196913345536853,9,58.0,0.2200145400502031,23,491.0,0.08254167465724474,49,916.0
1420.0,41,312.0,2.6666666666666665,3.4814210786663407,10,313.0,0.1979554160192687,8,82.0,0.20187161345320653,23,528.0,0.11305509186212134,41,923.0
1425.0,34,223.0,1.9391304347826086,4.418096037977854,8,213.0,0.28837886626743225,7,70.0,0.2605578516064387,19,469.0,0.17265787802550386,34,752.0
1430.0,28,168.0,1.4608695652173913,3.7503685131467352,10,224.0,0.247161953864599,4,85.0,0.28128662997496273,14,546.0,0.14278061854625992,28,855.0
1435.0,39,164.0,1.3553719008264462,4.187880691969074,17,240.0,0.20912728901842978,4,109.0,0.3806915090989576,18,621.0,0.128261612676778,39,970.0
1440.0,36,163.0,1.4051724137931034,3.0838029444145443,14,272.0,0.13930419796222013,8,141.0,0.20469709640182043,14,626.0,0.1459061936709791,36,1039.0
1445.0,28,117.0,0.9831932773109243,3.815161671373029,8,244.0,0.2135772101521404,9,158.0,0.24726572313494508,11,525.0,0.1249203959243126,28,927.0
1450.0,24,117.0,0.975,4.2026354830447765,8,248.0,0.20218744259878937,7,131.0,0.2769864609358116,9,432.0,0.22412001906330925,24,811.0
1455.0,31,178.0,1.4833333333333334,4.443358395431947,13,245.0,0.1810211443343935,5,154.0,0.47641111448656764,13,382.0,0.17116992033864462,31,781.0
1460.0,30,142.0,1.1639344262295082,4.076966824003265,14,258.0,0.1607370371071249,7,176.0,0.30376273244630003,9,408.0,0.20726168178373616,30,842.0
1465.0,28,114.0,0.9344262295081968,3.942866244730711,10,225.0,0.13121417659713197,10,212.0,0.15598692634470435,8,397.0,0.2315764456484524,28,834.0
1470.0,33,202.0,1.7264957264957266,4.129837622198438,10,219.0,0.16105205613217644,9,221.0,0.13855873249027753,14,392.0,0.21463716162195623,33,832.0
1475.0,38,259.0,2.252173913043478,3.8361347850852,11,232.0,0.1562189870607734,6,173.0,0.19092653529711667,21,467.0,0.18205864765637453,38,872.0
1480.0,42,258.0,2.324324324324324,3.385984557028274,12,186.0,0.1403553579247613,7,196.0,0.3084336019340122,23,506.0,0.13203708463671915,42,888.0
1485.0,38,214.0,1.8448275862068966,3.570331447712331,8,215.0,0.15152103204692058,11,240.0,0.245879909823869,19,470.0,0.12289373695353203,38,925.0
1490.0,37,232.0,2.0,4.260241086474729,8,221.0,0.11181819615361796,12,299.0,0.2682267852988763,17,431.0,0.1944244336507814,37,951.0
1495.0,35,221.0,2.0462962962962963,4.334710919318654,11,245.0,0.13010709233697693,10,302.0,0.257440636997108,14,366.0,0.20690755541717962,35,913.0
1500.0,25,144.0,1.3846153846153846,4.412918968614592,11,299.0,0.21753747112482863,6,238.0,0.25932588546579133,8,391.0,0.29939805368872796,25,928.0
1505.0,32,205.0,1.9339622641509433,4.1336159817366145,13,360.0,0.2116043633928472,10,269.0,0.20480436070859903,9,393.0,0.24666815258713667,32,1022.0
1510.0,42,336.0,3.1401869158878504,3.6367896270757436,19,435.0,0.16917693812660442,10,314.0,0.15902930480329158,13,433.0,0.16471862006576388,42,1182.0
1515.0,47,403.0,3.80188679245283,2.624531868021974,17,450.0,0.1383672173937936,10,307.0,0.12365270790739741,20,512.0,0.08497875157510808,47,1269.0
1520.0,44,347.0,3.3047619047619046,3.2050197852656686,17,436.0,0.2177509709237091,8,239.0,0.24406157284986466,19,535.0,0.1587951967238647,44,1210.0
1525.0,38,277.0,2.4513274336283186,4.116130050249428,20,409.0,0.2273623742185622,5,259.0,0.32713401836321715,13,458.0,0.1881616666669534,38,1126.0
1530.0,38,282.0,2.389830508474576,4.775727586031471,18,435.0,0.25663183214452295,8,285.0,0.2722156055898556,12,322.0,0.20692438247827283,38,1042.0
1535.0,31,218.0,1.8793103448275863,3.6372375622073267,11,448.0,0.16402370301706373,13,340.0,0.15690371771318032,7,356.0,0.20702091691012858,31,1144.0
1540.0,39,255.0,2.236842105263158,3.9037528690016403,8,455.0,0.2358041238321779,19,421.0,0.10766826603084177,12,400.0,0.19080576495197313,39,1276.0
1545.0,45,377.0,3.3660714285714284,3.602037113757945,10,468.0,0.2127397413520651,25,527.0,0.1271483222259021,10,395.0,0.1834945010121564,45,1390.0
1550.0,41,329.0,3.074766355140187,3.217319616758292,10,463.0,0.15145602904711805,23,565.0,0.1786166723401833,8,335.0,0.19258907106097298,41,1363.0
1555.0,38,238.0,2.087719298245614,3.638286293712404,10,406.0,0.24690471170812178,19,510.0,0.17988808541822948,9,339.0,0.24212524267044086,38,1255.0
1560.0,37,233.0,1.9416666666666667,4.16730248768225,8,444.0,0.3185389540720432,18,404.0,0.16054067799497893,11,368.0,0.24543128266040887,37,1216.0
1565.0,39,291.0,2.4049586776859506,4.333922740238269,11,475.0,0.2988908391595961,15,338.0,0.22528846098064353,13,401.0,0.2422847892665687,39,1214.0
1570.0,36,287.0,2.314516129032258,3.9481008676663425,13,510.0,0.21964575883118148,6,355.0,0.25937150308668044,17,467.0,0.18808277998389136,36,1332.0
1575.0,38,282.0,2.256,3.52328476151441,15,579.0,0.1705487798782714,6,328.0,0.25525653559424955,17,473.0,0.10764212922360582,38,1380.0
1580.0,50,372.0,3.024390243902439,3.3554130248444816,22,676.0,0.08573700902163993,11,367.0,0.2619350479261845,17,409.0,0.10507901121844827,50,1452.0
1585.0,53,472.0,3.806451612903226,2.820566635021197,27,803.0,0.09788502577251472,12,366.0,0.21794560477229594,14,477.0,0.09607159140697245,53,1646.0
1590.0,48,426.0,3.4918032786885247,3.0700863285368323,26,849.0,0.1229462781791501,7,306.0,0.17135581747885878,15,530.0,0.15339118673973914,48,1685.0
1595.0,47,332.0,2.8135593220338984,3.165557441832504,22,742.0,0.12256233624240376,8,341.0,0.24170429700034113,17,532.0,0.14930067674443648,47,1615.0
1600.0,36,284.0,2.3865546218487395,3.1646415036034714,16,820.0,0.10897253688869461,11,378.0,0.18579692510470686,9,459.0,0.1484085453430051,36,1657.0
1605.0,40,305.0,2.520661157024793,3.6544667380607927,17,892.0,0.11749940545492096,15,443.0,0.18570481798566052,8,475.0,0.16314542604736826,40,1810.0
1610.0,42,347.0,2.965811965811966,3.1671515922241356,15,877.0,0.13915752718362878,20,528.0,0.07285962128034434,7,484.0,0.14155049273968814,42,1889.0
1615.0,38,274.0,2.382608695652174,3.3982182237725658,5,748.0,0.18887585875477045,18,549.0,0.1438278177316821,15,525.0,0.10327627588253734,38,1822.0
1620.0,34,211.0,1.8672566371681416,3.7889480869834524,6,534.0,0.3036524420370476,13,479.0,0.1665977484551383,15,525.0,0.16887258588751575,34,1538.0
1625.0,27,149.0,1.2956521739130435,4.304358584212973,5,538.0,0.2749150138700386,12,353.0,0.2611112828642617,10,448.0,0.22751604884354146,27,1339.0
1630.0,27,136.0,1.1239669421487604,4.92216438465746,7,544.0,0.2954044130124326,10,392.0,0.3082101939436801,10,342.0,0.24162992155723526,27,1278.0
1635.0,32,140.0,1.1290322580645162,4.583147771578517,12,581.0,0.23029096266107407,10,421.0,0.2928770463762766,10,350.0,0.18483068218944065,32,1352.0
1640.0,36,154.0,1.2833333333333334,3.9403109688960596,15,556.0,0.1410497150990776,9,398.0,0.22761036719955818,12,369.0,0.2167971864201392,36,1323.0
1645.0,31,105.0,0.9051724137931034,3.5598288068198354,13,462.0,0.20897864097073926,8,317.0,0.1965173214376958,10,352.0,0.2189597942830425,31,1131.0
1650.0,24,109.0,0.923728813559322,4.293678644500352,12,401.0,0.25026100194996287,4,272.0,0.26702950846912177,8,288.0,0.21491980422611393,24,961.0
1655.0,29,138.0,1.104,4.165596719456306,12,371.0,0.22500895901877166,7,280.0,0.24026764502036438,10,314.0,0.14189859497474117,29,965.0
1660.0,35,202.0,1.6422764227642277,3.821411114200264,15,438.0,0.17275732058372004,8,266.0,0.16879819417758088,12,334.0,0.16804384962996327,35,1038.0
1665.0,34,135.0,1.1440677966101696,3.221104139807914,13,462.0,0.22085357946460915,8,210.0,0.17174196835160377,13,337.0,0.13855953035472135,34,1009.0
1670.0,26,135.0,1.1637931034482758,4.294607220856333,7,452.0,0.30492180490337034,7,163.0,0.31188533874216895,12,300.0,0.1705479921057448,26,915.0
1675.0,23,127.0,1.0583333333333333,4.2633820219293295,8,425.0,0.3211455886243979,8,152.0,0.285428838409488,7,312.0,0.19626745124713676,23,889.0
1680.0,24,107.0,0.8770491803278688,4.340203609723498,10,370.0,0.2438829332247287,5,154.0,0.2718693069785512,9,313.0,0.18828979837892487,24,837.0
1685.0,30,114.0,0.926829268292683,3.958465949165134,12,342.0,0.23703614954396973,5,137.0,0.2595854601011446,13,306.0,0.11580453276126397,30,785.0
1690.0,30,134.0,1.089430894308943,4.111286167104971,9,354.0,0.17257559554170843,10,142.0,0.3069936814645125,11,242.0,0.1372227026000254,30,738.0
1695.0,26,94.0,0.7580645161290323,3.8300155771716256,13,381.0,0.13042652675636388,9,155.0,0.2539046608509018,4,222.0,0.1926381931862085,26,758.0
1700.0,28,93.0,0.7560975609756098,4.155642279070872,7,381.0,0.2105851622085942,13,142.0,0.23295966982455388,8,231.0,0.23941239748781606,28,754.0
1705.0,24,78.0,0.624,4.190827542627044,6,310.0,0.26010332250218415,9,146.0,0.2454285145496722,9,222.0,0.2421757494686568,24,678.0
1710.0,27,115.0,0.9274193548387096,3.9529436851386084,11,267.0,0.2110098691139292,10,167.0,0.23967279177634904,6,167.0,0.20865040147967207,27,601.0
1715.0,39,255.0,1.9921875,3.9963949834526313,16,331.0,0.1393262863958247,13,218.0,0.25435587779304225,10,121.0,0.2056458488260744,39,670.0
1720.0,41,282.0,2.169230769230769,3.641392290895177,19,357.0,0.1113717398120903,15,288.0,0.23861989099992453,7,130.0,0.21106001602801377,41,775.0
1725.0,39,356.0,2.7384615384615385,3.9666582357514533,12,334.0,0.15844113718345715,19,373.0,0.14853623326908694,8,122.0,0.20544097304194495,39,829.0
1730.0,44,338.0,2.747967479674797,3.29903151861186,11,313.0,0.193322312541527,22,411.0,0.10231754613382764,11,137.0,0.13286805203271235,44,861.0
1735.0,38,288.0,2.4615384615384617,3.468486431314948,10,320.0,0.2209147238546572,18,393.0,0.1739080709502368,10,129.0,0.22358416074474632,38,842.0
1740.0,37,221.0,1.7967479674796747,3.2234043111953747,14,348.0,0.16444558252240843,13,407.0,0.20861130613014142,10,140.0,0.22252256089430839,37,895.0
1745.0,38,205.0,1.5413533834586466,3.4966251082818633,15,391.0,0.14404839277428977,15,469.0,0.1788587900766155,8,133.0,0.19858163349149488,38,993.0
1750.0,40,198.0,1.4887218045112782,3.46896142043697,16,405.0,0.11331113322308808,16,544.0,0.10240181253722612,8,119.0,0.19461527214476498,40,1068.0
1755.0,39,217.0,1.778688524590164,3.308528197285425,16,438.0,0.14355595525489437,14,561.0,0.1614416174317909,9,91.0,0.15857617344537703,39,1090.0
1760.0,37,284.0,2.347107438016529,4.277159484515671,17,518.0,0.1772564144638531,7,458.0,0.2947120964414368,13,119.0,0.21991502813740169,37,1095.0
1765.0,33,245.0,1.991869918699187,4.034130634048685,14,527.0,0.20068334588463144,6,366.0,0.3323383087082202,13,149.0,0.21643995803685354,33,1042.0
1770.0,29,184.0,1.5206611570247934,4.805210709199507,15,479.0,0.24747286215713366,7,275.0,0.3586423198218007,7,138.0,0.28041256007602694,29,892.0
1775.0,31,183.0,1.5,4.684820146756366,18,464.0,0.26337676099667606,3,271.0,0.29793042385972207,10,117.0,0.3017847283268653,31,852.0
1780.0,29,205.0,1.6942148760330578,4.3464838810000055,15,427.0,0.24824492059794062,7,283.0,0.19787276192730333,7,128.0,0.24237464962732452,29,838.0
1785.0,39,224.0,1.8666666666666667,3.754434054016616,14,493.0,0.2177217521466702,10,285.0,0.25159973924231216,15,146.0,0.15910727507848704,39,924.0
1790.0,29,139.0,1.139344262295082,3.8946352119582888,8,505.0,0.24252670884323502,8,243.0,0.30241052115643713,13,187.0,0.1956293531123406,29,935.0
1795.0,27,133.0,1.0390625,4.574716023591419,9,508.0,0.28600108755009357,6,169.0,0.2667296053648352,12,195.0,0.21610375646413105,27,872.0
1800.0,30,148.0,1.184,4.1466177446675845,13,524.0,0.23410631530559006,6,174.0,0.2745948055973573,11,207.0,0.17197424088867916,30,905.0
1805.0,36,217.0,1.8389830508474576,3.6716975065452027,17,582.0,0.18026503651321826,7,174.0,0.301327724780752,12,212.0,0.1324418342282809,36,968.0
1810.0,50,379.0,3.1848739495798317,3.5754029781708643,23,679.0,0.12593387841076495,9,175.0,0.30720707076953596,18,223.0,0.14165926207820648,50,1077.0
1815.0,49,449.0,3.805084745762712,3.854792127228201,25,725.0,0.16051140641206724,9,147.0,0.3404763165106372,15,254.0,0.19388834927224297,49,1126.0
1820.0,37,335.0,2.8151260504201683,3.8489865956168177,18,676.0,0.2060539657455172,7,165.0,0.34441056585139657,12,276.0,0.19056636299550986,37,1117.0
1825.0,33,184.0,1.4838709677419355,3.723540947996548,17,692.0,0.15987578929278348,9,169.0,0.23420205475463765,7,242.0,0.1976801111070793,33,1103.0
1830.0,37,225.0,1.814516129032258,4.029070788299488,17,754.0,0.12249408460531645,9,172.0,0.1567939299051782,11,199.0,0.22535142096602073,37,1125.0
1835.0,36,185.0,1.5948275862068966,3.3368104201314814,17,755.0,0.1887720579671692,9,145.0,0.11958760088827697,10,215.0,0.22568660635814528,36,1115.0
1840.0,30,107.0,0.9145299145299145,3.9258517298272926,13,670.0,0.19749987498049926,6,151.0,0.34506130713271527,11,196.0,0.24506966071213432,30,1017.0
1845.0,30,143.0,1.1,4.685369184031112,11,524.0,0.16652577119969791,7,148.0,0.36494173755707,12,187.0,0.23928999929631842,30,859.0
1850.0,26,131.0,0.9703703703703703,4.4976246835743545,7,527.0,0.2043157207953616,11,167.0,0.2572039084652988,8,178.0,0.2286382752233553,26,872.0
1855.0,38,198.0,1.4666666666666666,4.170500116038665,10,539.0,0.20715653710815407,19,237.0,0.1282295396597175,9,137.0,0.20837403216847003,38,913.0
1860.0,48,377.0,2.9,4.703315182351593,12,563.0,0.1942937804592842,25,343.0,0.10003671001950852,11,158.0,0.24176082751536582,48,1064.0
1865.0,52,437.0,3.6416666666666666,3.8364747255373546,19,630.0,0.18834986115010957,23,399.0,0.0978613348065426,10,177.0,0.1715444240553019,52,1206.0
1870.0,53,464.0,4.142857142857143,3.375510125965159,25,717.0,0.1633788575421629,16,379.0,0.16555554132475556,12,171.0,0.24501968313526443,53,1267.0
1875.0,37,353.0,3.017094017094017,3.6476332010258354,19,722.0,0.1516003256610875,6,391.0,0.25820909503142936,12,170.0,0.231283034511605,37,1283.0
1880.0,27,197.0,1.628099173553719,4.045955188376305,16,610.0,0.13591888187150425,6,405.0,0.2810452674371731,5,187.0,0.2524547607281669,27,1202.0
1885.0,38,209.0,1.7416666666666667,3.836506280665435,17,677.0,0.14557701676971593,13,456.0,0.13466962195250323,8,188.0,0.20640302895069482,38,1321.0
1890.0,45,252.0,2.210526315789474,3.353576237127187,18,754.0,0.16002701786918688,14,454.0,0.04451475924836493,13,249.0,0.16850895399428342,45,1457.0
1895.0,40,248.0,2.317757009345794,3.5383034939677085,19,848.0,0.16876663157668076,13,388.0,0.11402942699384605,8,261.0,0.20030456936302501,40,1497.0
1900.0,37,191.0,1.8365384615384615,3.346173749432972,18,830.0,0.14789019531268546,9,436.0,0.22567029972770467,10,231.0,0.21701004856501044,37,1497.0
1905.0,30,141.0,1.3177570093457944,3.396734565680889,16,668.0,0.1143355358845041,10,474.0,0.22972913121659813,4,219.0,0.24278801201540454,30,1361.0
1910.0,32,141.0,1.2702702702702702,3.7214784336480746,14,515.0,0.19636398224433801,12,455.0,0.178621027590557,6,239.0,0.13366106132778538,32,1209.0
1915.0,23,90.0,0.8333333333333334,3.587780388251409,10,550.0,0.19705837420533104,8,359.0,0.19504741282355725,5,237.0,0.20575723505246668,23,1146.0
1920.0,22,57.0,0.5229357798165137,3.876704330519739,12,566.0,0.20752067062305662,7,357.0,0.21653831786562744,3,198.0,0.26638785664975984,22,1121.0
1925.0,26,129.0,1.1727272727272726,4.12092119503368,13,603.0,0.16414138914084644,10,403.0,0.19719058109147186,3,203.0,0.31899129261382553,26,1209.0
1930.0,41,291.0,2.6944444444444446,3.3072776480737307,17,673.0,0.15113505984970801,16,468.0,0.14608806120959789,8,226.0,0.15715071056091243,41,1367.0
1935.0,50,475.0,4.398148148148148,2.476800786602962,22,768.0,0.12215441297641916,21,563.0,0.08821596293467372,7,225.0,0.11249404889216016,50,1556.0
1940.0,55,574.0,5.364485981308412,2.49833126792765,21,774.0,0.08809350451639321,27,690.0,0.12401300281837961,7,183.0,0.19644267109475153,55,1647.0
1945.0,49,465.0,4.115044247787611,2.5538086349533553,18,650.0,0.1155433761012665,26,717.0,0.10744416748321813,5,199.0,0.15061885836411584,49,1566.0
1950.0,45,406.0,3.5,3.6943819499865724,18,580.0,0.20579228805805305,21,624.0,0.14205479974906385,6,230.0,0.2099255817522048,45,1434.0
1955.0,41,351.0,3.0,3.752631557945156,20,499.0,0.22884881815022265,14,663.0,0.15070827659932798,7,216.0,0.1971409635222297,41,1378.0
1960.0,32,234.0,2.0526315789473686,3.736666582078872,12,541.0,0.269220898534859,14,732.0,0.16178885151006947,6,159.0,0.2057027621045984,32,1432.0
1965.0,21,99.0,0.8608695652173913,3.6562980581915054,6,525.0,0.23298415097992944,10,698.0,0.11670803984464036,5,181.0,0.23169717600732842,21,1404.0
1970.0,17,39.0,0.325,3.8815759906450493,7,508.0,0.23033851122699536,4,550.0,0.16381316243620006,6,183.0,0.2762568674829391,17,1241.0
1975.0,24,99.0,0.8114754098360656,4.522561672898356,12,459.0,0.26183701737150467,5,405.0,0.2676887297586117,7,204.0,0.2728475987035282,24,1068.0
1980.0,23,132.0,1.064516129032258,4.2731838959040145,13,439.0,0.24119947760873103,3,379.0,0.2349211583597534,7,197.0,0.23773643894394722,23,1015.0
1985.0,34,223.0,1.7153846153846153,4.166121367758108,15,400.0,0.21971504300460823,7,399.0,0.2242700865137008,12,177.0,0.17974992899199732,34,976.0
1990.0,37,218.0,1.676923076923077,3.31179023670358,14,412.0,0.14933528232486015,15,459.0,0.19546446028427897,8,206.0,0.1831683028407255,37,1077.0
1995.0,38,170.0,1.2878787878787878,3.5098141307126327,13,378.0,0.20770919344161762,15,455.0,0.1515323526491238,10,227.0,0.1584396111123405,38,1060.0
2000.0,33,202.0,1.578125,4.309786685585127,12,360.0,0.27564000223997354,12,380.0,0.18209838799736902,9,273.0,0.22560826854802113,33,1013.0
2005.0,34,227.0,1.816,4.026310645646136,15,374.0,0.28494287866787615,11,336.0,0.16707453833098757,8,265.0,0.19000709996028725,34,975.0
2010.0,38,197.0,1.6016260162601625,3.758865429008931,16,384.0,0.15982513100167792,11,384.0,0.20227336364763523,11,222.0,0.23651492798134177,38,990.0
2015.0,36,177.0,1.3828125,3.754429837365402,17,354.0,0.1490226644561316,12,438.0,0.2163666100907757,7,242.0,0.22505088590705813,36,1034.0
2020.0,34,161.0,1.2384615384615385,3.2297032276598356,13,367.0,0.14812191341015052,12,428.0,0.13845464567694174,9,286.0,0.1657093759782856,34,1081.0
2025.0,37,131.0,1.0076923076923077,3.8424973279131627,14,385.0,0.2006182820051617,14,358.0,0.15245856799643862,9,296.0,0.2292060171213823,37,1039.0
2030.0,32,113.0,0.904,3.518648462528942,12,372.0,0.18319221019061319,11,408.0,0.1886742602182176,9,267.0,0.1964117499071786,32,1047.0
2035.0,25,73.0,0.5887096774193549,3.174444243853706,9,283.0,0.1318512562895534,12,460.0,0.17047666077350349,4,280.0,0.2020860430666535,25,1023.0
2040.0,26,140.0,1.09375,3.184801762406451,8,302.0,0.16016621411859674,14,526.0,0.12020236402299289,4,289.0,0.1882249758702648,26,1117.0
2045.0,42,252.0,1.9236641221374047,2.779592974946139,10,316.0,0.16796186404079266,23,621.0,0.08562778494614941,9,279.0,0.15992207381370013,42,1216.0
2050.0,52,455.0,3.4732824427480917,3.050978920599332,15,355.0,0.1725703050213572,28,753.0,0.10050679860589347,9,246.0,0.14334521371957484,52,1354.0
2055.0,51,516.0,4.0,3.010595688055171,18,431.0,0.16887524613073568,29,790.0,0.0941215708121661,4,230.0,0.19970819805196172,51,1451.0
2060.0,51,543.0,4.176923076923077,3.3600714969779086,21,531.0,0.15286692258007628,26,730.0,0.13278523952518925,4,221.0,0.2530114951251705,51,1482.0
2065.0,52,500.0,3.7593984962406015,3.98640687167005,20,538.0,0.17561354031419524,25,643.0,0.16904235939857987,7,247.0,0.30206525045906213,52,1428.0
2070.0,47,387.0,2.954198473282443,3.8974601623324365,17,464.0,0.18277514663006425,22,599.0,0.21541396217836528,8,253.0,0.3182081143097103,47,1316.0
2075.0,45,253.0,1.8880597014925373,3.521292025006336,17,461.0,0.18962549819548502,15,635.0,0.2123610720392504,13,303.0,0.23516191306234963,45,1399.0
2080.0,36,193.0,1.3985507246376812,4.088937396649116,18,471.0,0.18504792390506877,7,634.0,0.25804651720433136,11,346.0,0.20278125623812146,36,1451.0
2085.0,38,186.0,1.3676470588235294,3.642056033720445,12,530.0,0.1686423468670722,10,600.0,0.21593208774524028,16,395.0,0.13636088792340342,38,1525.0
2090.0,36,221.0,1.6870229007633588,3.421139547815283,8,553.0,0.19246921068597556,10,513.0,0.1849222938851453,18,479.0,0.10985665668595311,36,1545.0
2095.0,35,237.0,1.8515625,3.014111380695442,13,592.0,0.1662938067772372,6,493.0,0.14871787548837176,16,500.0,0.1316951067663326,35,1585.0
2100.0,43,311.0,2.4108527131782944,3.4123381389790772,19,667.0,0.07033821086062646,8,465.0,0.23095811425225882,16,448.0,0.1763335469725923,43,1580.0
2105.0,46,308.0,2.351145038167939,3.3261899664295513,19,692.0,0.06770996086577123,11,434.0,0.18348141006188715,16,370.0,0.19820043739605728,46,1496.0
2110.0,40,266.0,2.046153846153846,3.865968941042934,13,626.0,0.20680798457072355,11,334.0,0.19462756428036132,16,372.0,0.2572589439361128,40,1332.0
2115.0,38,265.0,1.9343065693430657,4.462300414069898,11,494.0,0.26241036634669207,9,322.0,0.23275331410404324,18,364.0,0.24568871254726998,38,1180.0
2120.0,30,182.0,1.348148148148148,4.538631255031916,12,421.0,0.29763171083049833,10,333.0,0.20824897326213526,8,388.0,0.25585419391696923,30,1142.0
2125.0,30,142.0,1.0757575757575757,4.434703030130527,9,409.0,0.2540566798374934,13,378.0,0.17554247739431386,8,355.0,0.2450311566361506,30,1142.0
2130.0,32,164.0,1.2713178294573644,4.226555104845953,6,413.0,0.26981454379793934,16,381.0,0.12009202823910492,10,331.0,0.24153334111568092,32,1125.0
2135.0,37,143.0,1.1626016260162602,3.539311625962236,10,395.0,0.2708158737860321,16,326.0,0.1239672084277184,11,334.0,0.2272677564601852,37,1055.0
2140.0,34,125.0,1.0245901639344261,3.419971024838386,10,349.0,0.23225971437219936,10,353.0,0.18923553542524382,14,341.0,0.22508321767626385,34,1043.0
2145.0,40,127.0,0.9769230769230769,3.2572122664640646,8,370.0,0.19808343082328914,15,401.0,0.13328987013919658,17,382.0,0.1589453513524794,40,1153.0
2150.0,40,203.0,1.549618320610687,3.897756276797079,10,372.0,0.18505562024340202,18,481.0,0.09722521014283735,12,396.0,0.1639763653584092,40,1249.0
2155.0,42,226.0,1.8677685950413223,2.920788532754904,12,368.0,0.11237943920839234,16,487.0,0.10321212745763346,14,386.0,0.10024996509818827,42,1241.0
2160.0,36,176.0,1.5304347826086957,3.059111836698245,9,281.0,0.23202579378140237,13,386.0,0.17557872395390958,14,393.0,0.16894020137544166,36,1060.0
2165.0,35,184.0,1.5862068965517242,3.7922516055439024,7,272.0,0.29869717518453714,13,337.0,0.18552452130663225,15,376.0,0.2090927358714679,35,985.0
2170.0,24,96.0,0.7868852459016393,3.710165839845982,4,275.0,0.22401601773544613,10,351.0,0.17107537928812647,10,393.0,0.20714699850133292,24,1019.0
2175.0,29,96.0,0.768,3.9070200628500933,6,256.0,0.16557703892325584,11,401.0,0.1848780142864738,12,378.0,0.18690460748510257,29,1035.0
2180.0,28,131.0,1.1101694915254237,3.8323587022349095,5,189.0,0.165755841643236,8,403.0,0.22651026182555947,15,414.0,0.18489599968541734,28,1006.0
2185.0,27,111.0,0.940677966101695,3.476442580533602,8,209.0,0.21541475817909672,5,342.0,0.21211680118191764,14,422.0,0.18863587611655766,27,973.0
2190.0,26,116.0,0.9666666666666667,3.9585410256109244,10,223.0,0.23550335271810788,3,333.0,0.1876346880621035,13,377.0,0.21201810702029428,26,933.0
2195.0,29,152.0,1.2258064516129032,3.4567839500701,7,200.0,0.16339221916170626,7,365.0,0.13208252564504444,15,352.0,0.16993063555545038,29,917.0
2200.0,33,191.0,1.5528455284552845,3.506889069153187,9,138.0,0.17854002918291564,9,356.0,0.1928414063903188,15,355.0,0.1974477983771361,33,849.0
2205.0,29,99.0,0.7983870967741935,3.307408265177384,11,149.0,0.17792855609622635,5,272.0,0.1688049276826403,13,389.0,0.21103876038438096,29,810.0
2210.0,21,88.0,0.6875,4.8149406027700135,9,170.0,0.24148560191649993,4,170.0,0.20212447222117602,8,354.0,0.30016642653282205,21,694.0
2215.0,26,154.0,1.2419354838709677,5.087389659420985,14,208.0,0.20525370717488317,4,171.0,0.26553734746919,8,360.0,0.3483175701467094,26,739.0
2220.0,27,143.0,1.2327586206896552,3.831664355021488,11,213.0,0.16218318926078953,7,196.0,0.2898102367537836,9,349.0,0.15906857031974495,27,758.0
2225.0,40,182.0,1.625,3.375301940545757,11,148.0,0.15725332510415752,15,261.0,0.20330062271971888,14,317.0,0.12913941905784337,40,726.0
2230.0,34,197.0,1.6694915254237288,3.543455280607065,8,186.0,0.16636848837857002,15,282.0,0.15320803303021396,11,276.0,0.20812768181179422,34,744.0
2235.0,32,111.0,0.9098360655737705,3.802438366221048,13,217.0,0.1663465180526701,12,231.0,0.17488682684395726,7,296.0,0.2343305115510471,32,744.0
2240.0,34,125.0,1.0593220338983051,4.243486152157717,14,247.0,0.18003760215409956,11,185.0,0.19141784171009418,9,303.0,0.30521257542664226,34,735.0
2245.0,24,119.0,1.0347826086956522,4.387001045088463,7,237.0,0.24229156932707813,7,225.0,0.23584535251226935,10,352.0,0.25703808940780015,24,814.0
2250.0,21,86.0,0.7543859649122807,4.008340297339535,4,215.0,0.21715708751597657,8,259.0,0.21617509143900596,9,346.0,0.19843751167879886,21,820.0
2255.0,25,91.0,0.7913043478260869,3.889541965675386,7,205.0,0.18883098167639487,11,260.0,0.19000208633246068,7,299.0,0.18757982849810897,25,764.0
2260.0,20,75.0,0.6578947368421053,4.205782498375435,7,204.0,0.20281398812103077,7,214.0,0.1766869467693409,6,263.0,0.3080019184046356,20,681.0
2265.0,16,59.0,0.5267857142857143,4.135143006087913,4,152.0,0.25239808064585256,5,226.0,0.22237277978742495,7,237.0,0.2543745961971519,16,615.0
2270.0,22,122.0,1.0892857142857142,4.443494760983087,5,115.0,0.2999216734228493,8,250.0,0.19932434960030207,9,252.0,0.23480191007693998,22,617.0
2275.0,24,148.0,1.264957264957265,4.069368324541292,5,112.0,0.25042313837805114,14,308.0,0.11917356344599417,5,255.0,0.23630812786996302,24,675.0
2280.0,34,275.0,2.2916666666666665,4.0235990548203695,8,117.0,0.22892511234191648,19,392.0,0.12270383883780513,7,236.0,0.24865266967778057,34,745.0
2285.0,34,219.0,1.8717948717948718,3.3803836081653085,5,102.0,0.24742419660929452,22,433.0,0.12150099052077518,7,221.0,0.22957146235514334,34,756.0
2290.0,32,167.0,1.4521739130434783,3.540639020613404,6,98.0,0.3286786107674055,21,399.0,0.11304583875419784,5,181.0,0.18842214553751505,32,678.0
2295.0,33,196.0,1.7043478260869565,4.2303762697819955,7,108.0,0.3548604701536129,21,375.0,0.10243326849974446,5,208.0,0.2635922439017292,33,691.0
2300.0,40,254.0,2.189655172413793,4.528481725723032,10,133.0,0.35316295634299955,20,369.0,0.17326078436742173,10,236.0,0.21775812197558914,40,738.0
2305.0,30,184.0,1.6140350877192982,4.150160883906025,12,161.0,0.2635221924490075,6,379.0,0.2861073110700749,12,281.0,0.21877578179594795,30,821.0
2310.0,34,183.0,1.6636363636363636,4.184311135608852,15,181.0,0.20756374314660123,8,361.0,0.2895235987662425,11,293.0,0.2022044715358674,34,835.0
2315.0,35,203.0,1.8454545454545455,3.7587889586552943,11,224.0,0.15945924015878812,13,416.0,0.22000386832201957,11,268.0,0.11885614996674466,35,908.0
2320.0,37,223.0,2.064814814814815,3.3495889570548094,12,252.0,0.12051788226288551,13,426.0,0.16758868361064166,12,264.0,0.09702713341495814,37,942.0
2325.0,31,172.0,1.5925925925925926,3.3108171620523246,10,276.0,0.15635063204564228,9,369.0,0.18089205299450345,12,267.0,0.1783609092510398,31,912.0
2330.0,21,79.0,0.7596153846153846,4.4882298899626,6,246.0,0.23644078481795014,8,279.0,0.25577676357321216,7,264.0,0.31682122887547887,21,789.0
2335.0,9,25.0,0.2403846153846154,4.603884071849877,1,214.0,0.24708067219533472,4,290.0,0.19626489410574385,4,246.0,0.336333913277922,9,750.0
2340.0,23,93.0,0.9029126213592233,4.231429741959767,7,220.0,0.1901348028279059,8,323.0,0.19728910151505274,8,274.0,0.19855090898752129,23,817.0
2345.0,21,80.0,0.8163265306122449,3.170460431574966,4,212.0,0.16488946615905367,7,309.0,0.18776702179510346,10,278.0,0.12649100854338238,21,799.0
2350.0,16,44.0,0.44,4.026860455603488,2,163.0,0.28896491712791933,7,224.0,0.22825923319795413,7,247.0,0.26110896449612997,16,634.0
2355.0,15,35.0,0.32710280373831774,4.231359167815871,3,171.0,0.28172700528188727,4,242.0,0.21339518116917697,8,250.0,0.24788647381597642,15,663.0
2360.0,24,85.0,0.7391304347826086,4.098784746589935,6,189.0,0.20712092702856724,8,260.0,0.17792120899331385,10,296.0,0.18724938999239166,24,745.0
2365.0,18,59.0,0.5462962962962963,3.3522986367028267,4,176.0,0.2117156071150121,7,245.0,0.1819870000637986,7,295.0,0.13642583396758165,18,716.0
2370.0,17,45.0,0.42452830188679247,4.276486902896819,4,139.0,0.24846986906313379,8,188.0,0.23693764818214336,5,251.0,0.28302161848069135,17,578.0
2375.0,15,64.0,0.5714285714285714,4.947950543109205,3,123.0,0.27413620785541837,9,120.0,0.25979212222055015,3,198.0,0.3375579263345461,15,441.0
2380.0,11,41.0,0.3565217391304348,4.848995147093544,5,141.0,0.2910945100083108,5,129.0,0.2131030725395873,1,196.0,0.34896776593691353,11,466.0
2385.0,18,56.0,0.4745762711864407,4.725884021219269,5,130.0,0.23148070752591948,9,131.0,0.2183343767529495,4,199.0,0.2651251185917901,18,460.0
2390.0,30,158.0,1.4363636363636363,4.044871230867962,6,104.0,0.17883624662026554,14,175.0,0.2053798581387251,10,238.0,0.13819022827928157,30,517.0
2395.0,27,143.0,1.375,3.0555315970356434,3,114.0,0.19087230959608525,15,204.0,0.10388760265643206,9,247.0,0.16931560462554449,27,565.0
2400.0,28,115.0,1.0648148148148149,4.269311980062487,8,137.0,0.213414438571775,13,203.0,0.21551594290669238,7,204.0,0.2760246131385221,28,544.0
2405.0,25,108.0,0.972972972972973,4.928105917974156,6,140.0,0.24067911081194082,11,168.0,0.26653972223759587,8,148.0,0.3450352086205751,25,456.0
2410.0,19,70.0,0.6363636363636364,5.168240015038766,6,105.0,0.27458538887860107,7,150.0,0.38692602761160655,6,165.0,0.3204959765087751,19,420.0
2415.0,17,35.0,0.29914529914529914,5.0250159320076095,5,110.0,0.2272368045712471,5,143.0,0.3481264334458393,7,180.0,0.28431326121858813,17,433.0
2420.0,25,119.0,1.0258620689655173,4.712888585588065,7,134.0,0.1139348667552689,7,152.0,0.3234796195552111,11,225.0,0.23170363733102958,25,511.0
2425.0,28,126.0,1.1775700934579438,2.974608388339981,7,139.0,0.09828500215691525,8,165.0,0.1419232979855164,13,249.0,0.13050481713046236,28,553.0
2430.0,24,81.0,0.7714285714285715,3.963963184929792,3,89.0,0.18153597506249694,8,151.0,0.26727241436796767,13,234.0,0.21200450598883602,24,474.0
2435.0,21,83.0,0.7545454545454545,5.368797026266673,4,68.0,0.3738201611601947,8,116.0,0.3698583349797436,9,265.0,0.23800317360617584,21,449.0
2440.0,23,146.0,1.280701754385965,5.826557860550519,3,46.0,0.4139518016696119,8,121.0,0.4084927687158506,12,301.0,0.24090099602753567,23,468.0
2445.0,25,114.0,1.027027027027027,5.1434763884735615,6,51.0,0.3871135760248236,4,118.0,0.3813764135155161,15,321.0,0.1715877578645709,25,490.0
2450.0,21,66.0,0.6055045871559633,4.49966250119316,2,43.0,0.3231360611151541,8,94.0,0.3087525257526794,11,288.0,0.13775874984253306,21,425.0
2455.0,22,103.0,0.9196428571428571,4.8934604141174445,6,48.0,0.2700774513040879,8,112.0,0.2948219756413667,8,232.0,0.18334341005088098,22,392.0
2460.0,21,80.0,0.7476635514018691,4.431198743055746,7,67.0,0.3020943201398416,6,96.0,0.23584391793530649,8,249.0,0.24181655772795843,21,412.0
2465.0,13,51.0,0.4811320754716981,4.549159279722073,4,59.0,0.3004257155832399,1,76.0,0.25332446182171997,8,256.0,0.2143867003404803,13,391.0
2470.0,17,78.0,0.7358490566037735,4.917453097138785,4,55.0,0.2661883834902981,7,63.0,0.2956210588501073,6,238.0,0.16944936785084477,17,356.0
2475.0,20,82.0,0.7961165048543689,4.387789366250807,1,45.0,0.2552021885135296,13,110.0,0.2089592166132659,6,201.0,0.1890576792644662,20,356.0
2480.0,23,99.0,0.9801980198019802,4.185417529046518,5,31.0,0.2594911588882772,15,147.0,0.1788126431710826,3,185.0,0.18989972639024408,23,363.0
2485.0,23,81.0,0.7864077669902912,4.246424205698539,5,40.0,0.2962522816322941,11,147.0,0.1557092866959454,7,188.0,0.23326689867077272,23,375.0
2490.0,25,121.0,1.1862745098039216,4.583334689687381,5,42.0,0.33588015470883226,8,137.0,0.2974309757823258,12,230.0,0.20296223880204695,25,409.0
2495.0,26,182.0,1.7169811320754718,4.27379316901755,5,43.0,0.4302375025259474,2,127.0,0.28978927338015875,19,312.0,0.11740862559244657,26,482.0
2500.0,38,335.0,3.073394495412844,4.008819265901514,6,59.0,0.40940074212668387,7,133.0,0.21949590108997988,25,424.0,0.09871294249269946,38,616.0
2505.0,51,507.0,4.5675675675675675,3.111983878101074,6,64.0,0.2969041178855397,13,182.0,0.15001055773270647,32,570.0,0.07136322275554922,51,816.0
2510.0,55,581.0,5.052173913043478,3.283054167337031,7,55.0,0.3434412924848947,17,259.0,0.12345344569678443,31,648.0,0.04111687270948009,55,962.0
2515.0,58,632.0,5.642857142857143,3.50168968354104,11,88.0,0.29428526426705803,21,356.0,0.13581547632055457,26,633.0,0.11738605541513035,58,1077.0
2520.0,51,507.0,4.5675675675675675,3.2628570045665017,14,126.0,0.10469546671585421,18,395.0,0.20519019790559503,19,548.0,0.17213458180500207,51,1069.0
2525.0,39,330.0,2.8947368421052633,4.804938792823829,11,137.0,0.2971013254647473,13,359.0,0.2646767691113764,15,514.0,0.27899417525574705,39,1010.0
2530.0,30,248.0,2.1946902654867255,5.157197970616735,5,126.0,0.3615424447144041,12,406.0,0.20316460731297067,13,428.0,0.32108451384003206,30,960.0
2535.0,21,121.0,1.09009009009009,4.956716859579957,4,111.0,0.28880352792530867,14,469.0,0.09474220155297419,3,396.0,0.31920285820268063,21,976.0
2540.0,21,77.0,0.7549019607843137,4.100342192184381,6,115.0,0.21636575763628385,10,455.0,0.08555136988305234,5,369.0,0.2872560668000323,21,939.0
2545.0,28,113.0,1.1649484536082475,4.045764008173244,6,133.0,0.25177251818203816,8,363.0,0.18139293362665895,14,404.0,0.22543785261402965,28,900.0
2550.0,22,158.0,1.6122448979591837,3.9716721067575804,4,142.0,0.2483127819138672,4,272.0,0.19230592102057917,14,472.0,0.27045553273890527,22,886.0
2555.0,32,240.0,2.2857142857142856,3.885944123285543,6,143.0,0.28587873117443957,5,289.0,0.2253193658663487,21,554.0,0.15894837758698663,32,986.0
2560.0,33,248.0,2.407766990291262,3.401427477603052,7,151.0,0.16272280282763205,9,322.0,0.22373202197140712,17,564.0,0.15289691063359503,33,1037.0
2565.0,34,175.0,1.6666666666666667,3.1266090217971287,11,147.0,0.14359948563178804,12,334.0,0.22573526689834805,11,468.0,0.16132743997569168,34,949.0
2570.0,25,119.0,1.1018518518518519,3.8959150126702258,5,143.0,0.20420676022395265,10,306.0,0.24119001479314373,9,470.0,0.24798617669624315,24,919.0
2575.0,29,109.0,0.9646017699115044,3.601629360269821,8,154.0,0.20262741576539617,8,332.0,0.15195594585620106,13,521.0,0.1982623775471548,29,1007.0
2580.0,25,93.0,0.8303571428571429,3.5134041898324737,4,151.0,0.19776909395930461,10,362.0,0.16355776707374597,11,507.0,0.1309535884706406,25,1020.0
2585.0,23,127.0,1.1759259259259258,3.691650946086272,5,113.0,0.1931812087926297,15,434.0,0.17633630679450216,3,356.0,0.17816092371271383,23,903.0
2590.0,24,151.0,1.3603603603603605,4.262468810630229,3,91.0,0.26542096495823675,19,458.0,0.16428616733175214,2,251.0,0.2732608690110793,24,800.0
2595.0,23,119.0,1.0818181818181818,4.343264730705613,3,85.0,0.26875354616494457,17,405.0,0.16650355217153953,3,142.0,0.2560447341540296,23,632.0
2600.0,26,98.0,0.8521739130434782,4.053826278195926,6,93.0,0.22103751911459776,17,475.0,0.11483577547401361,3,132.0,0.323961529473896,26,700.0
2605.0,31,155.0,1.3963963963963963,4.602772946290005,8,126.0,0.23883231297282131,19,558.0,0.13412818363382517,4,127.0,0.39524436340677577,31,811.0
2610.0,32,204.0,1.9615384615384615,3.1512338045924433,12,177.0,0.14909046354120944,13,561.0,0.10095999332957241,7,156.0,0.2594295444780952,32,894.0
2615.0,41,313.0,2.980952380952381,2.8031581695924723,18,259.0,0.14964854381341489,10,442.0,0.1428868009011099,13,212.0,0.2206077048861785,41,913.0
2620.0,39,356.0,3.2660550458715596,3.178178673055568,18,295.0,0.17917359334828944,6,412.0,0.20460186059218904,15,282.0,0.20722897695611164,39,989.0
2625.0,44,421.0,3.7589285714285716,3.592698848764949,15,322.0,0.19705494124916711,10,447.0,0.15648139145900833,19,369.0,0.21139456045833216,44,1138.0
2630.0,51,555.0,5.045454545454546,2.4334991506883443,16,390.0,0.07701483282904685,13,498.0,0.14245973670211826,22,470.0,0.12353775781003754,51,1358.0
2635.0,59,683.0,6.153153153153153,2.3309418350626583,19,481.0,0.07770399299212742,13,491.0,0.09917066998845336,27,595.0,0.04820889778545335,59,1567.0
2640.0,48,593.0,5.542056074766355,2.8129556882417033,13,516.0,0.17317368728737004,11,420.0,0.15129658702415916,24,633.0,0.10158402046791361,48,1569.0
2645.0,34,423.0,4.106796116504855,4.169744902757833,8,467.0,0.24603334619571943,8,312.0,0.300254298978897,18,593.0,0.22525216555138947,34,1372.0
2650.0,29,331.0,3.1226415094339623,4.26641930770196,9,500.0,0.27073005471682243,5,322.0,0.25483518009866224,15,616.0,0.2337019859535409,29,1438.0
2655.0,34,293.0,2.6636363636363636,3.6795954281226475,11,544.0,0.14616355084957763,7,352.0,0.2012489900542244,16,697.0,0.12208193268226608,34,1593.0
2660.0,46,347.0,3.3689320388349513,2.798550064285127,15,613.0,0.08426040661854392,14,409.0,0.14959554764929248,17,779.0,0.1343955756894375,46,1801.0
2665.0,53,432.0,4.5473684210526315,1.5631070140044034,18,703.0,0.053992731660797606,16,416.0,0.046023892586211625,19,877.0,0.08263366067475268,53,1996.0
2670.0,49,454.0,4.63265306122449,2.270030980070605,16,714.0,0.13983103221909582,11,350.0,0.13588451432276577,22,982.0,0.11320867380512344,49,2046.0
2675.0,40,355.0,3.4134615384615383,3.0006823328900234,11,640.0,0.20261156097478722,8,386.0,0.20211034587591806,21,996.0,0.15632478578180614,40,2022.0
2680.0,35,255.0,2.361111111111111,4.263192540850429,9,523.0,0.20746139624836687,10,429.0,0.30007137429371805,16,842.0,0.1593218844273133,35,1794.0
2685.0,34,231.0,2.1588785046728973,3.5906494806511353,10,567.0,0.15071706142607152,10,402.0,0.19464645911197476,14,885.0,0.12302693567190559,34,1854.0
2690.0,36,214.0,2.018867924528302,3.7768938333284963,11,623.0,0.1993860011374377,9,313.0,0.1452623865254917,16,961.0,0.17532949509304271,36,1897.0
2695.0,35,237.0,2.37,3.8445643250471786,9,672.0,0.26940259477271394,7,191.0,0.18438119450600357,19,1045.0,0.19394881234499273,35,1908.0
2700.0,23,122.0,1.2842105263157895,3.533728616427688,8,644.0,0.28150090229280705,3,145.0,0.2750296663846889,12,1016.0,0.18327444429295633,23,1805.0
2705.0,22,82.0,0.8367346938775511,4.611161245995687,8,557.0,0.2589854537568176,6,153.0,0.3983853942841339,8,877.0,0.14414115169493083,22,1587.0
2710.0,27,119.0,1.1666666666666667,4.080693308111105,8,445.0,0.19778178401888913,11,195.0,0.2743621636648865,8,907.0,0.1245551414435773,27,1547.0
2715.0,31,148.0,1.4230769230769231,3.72689257916908,8,357.0,0.2524496469054458,11,196.0,0.17193069612654777,12,953.0,0.11035226746899075,31,1506.0
2720.0,27,131.0,1.297029702970297,3.8601414578987683,4,367.0,0.3097966486299332,7,148.0,0.20685093267620325,16,1027.0,0.1574920465694253,27,1542.0
2725.0,33,217.0,2.17,3.6964516466036197,5,372.0,0.3263741815612142,5,149.0,0.16881770824940925,23,1122.0,0.14630631602390393,33,1643.0
2730.0,36,262.0,2.7010309278350517,3.0377832603548813,6,398.0,0.2542350740907973,9,183.0,0.12918371399695688,21,1101.0,0.09745283266578646,36,1682.0
2735.0,38,252.0,2.6526315789473682,2.8665186933820515,7,375.0,0.18124519033151185,14,240.0,0.19141621819558538,17,992.0,0.11694293431213916,38,1607.0
2740.0,38,291.0,3.03125,3.5998730097115783,6,295.0,0.1466406043331292,17,322.0,0.25737511284684267,15,791.0,0.15967741942672564,38,1408.0
2745.0,34,269.0,2.717171717171717,4.272839805473485,6,186.0,0.17121696435865053,16,339.0,0.24092625149358426,12,620.0,0.21362719927700272,34,1145.0
2750.0,30,199.0,2.0306122448979593,4.512099561883672,5,206.0,0.2907726449967368,13,298.0,0.21999667229339367,12,521.0,0.3477349618507363,30,1025.0
2755.0,21,182.0,1.8571428571428572,4.621620191420539,4,225.0,0.3051756224280052,10,302.0,0.1722701202553261,7,366.0,0.40800014444640614,21,893.0
2760.0,23,100.0,0.9803921568627451,4.067929012427672,7,254.0,0.2682336370465184,13,363.0,0.12032644659271174,3,331.0,0.4144329131121538,23,948.0
2765.0,27,145.0,1.45,4.0404335892452385,12,303.0,0.17825037883230394,9,362.0,0.14176210242693632,6,279.0,0.36617345709027366,27,944.0
2770.0,37,250.0,2.525252525252525,3.4749356054663734,18,379.0,0.14230190760041897,7,292.0,0.15886020671205134,12,325.0,0.22643832451872373,37,996.0
2775.0,36,411.0,4.326315789473684,3.420619312717942,20,475.0,0.16956078920094647,2,205.0,0.17647983992237723,14,389.0,0.2441660881243877,36,1069.0
2780.0,33,367.0,3.8229166666666665,3.919371981716235,18,499.0,0.20894430526822338,2,163.0,0.32067029864818236,13,358.0,0.2741938381757916,33,1020.0
2785.0,26,239.0,2.39,4.95462118436451,17,437.0,0.20013058635351016,1,133.0,0.4633676811767253,8,275.0,0.2960644532453155,26,845.0
2790.0,30,257.0,2.495145631067961,4.666717760043837,17,384.0,0.18576622088775396,7,160.0,0.3101524736332876,6,301.0,0.21281822520721905,30,845.0
2795.0,36,309.0,2.942857142857143,4.237939153038522,14,391.0,0.2693628855916647,13,214.0,0.18035239610740175,9,342.0,0.15765464612372174,36,947.0
2800.0,38,297.0,3.0,2.929896825846195,8,422.0,0.21709451748827902,14,241.0,0.1092061600629867,16,411.0,0.11014846584342898,38,1074.0
2805.0,34,208.0,2.08,3.434664430489584,9,460.0,0.26661136144415165,9,221.0,0.12461931251831866,16,408.0,0.16835689469805398,34,1089.0
2810.0,28,169.0,1.7244897959183674,4.733695009833561,12,512.0,0.30658088125379723,7,169.0,0.2920530583699777,9,278.0,0.21484215001638496,28,959.0
2815.0,26,203.0,2.0505050505050506,5.129971435928225,17,582.0,0.2687278500221664,3,142.0,0.40760822169938044,6,220.0,0.2620988601783899,26,944.0
2820.0,31,298.0,2.9504950495049505,5.401557788123483,22,678.0,0.19602962026910675,3,84.0,0.4949763758060577,6,153.0,0.3537208406764684,31,915.0
2825.0,30,292.0,2.92,5.495666149920362,22,708.0,0.15850670137187056,2,57.0,0.6432785221604942,6,107.0,0.3978504274986187,30,872.0
2830.0,24,248.0,2.4554455445544554,5.872988504980372,19,653.0,0.15967123616114817,2,56.0,0.6344133552557799,3,106.0,0.4599794342096376,24,815.0
2835.0,19,153.0,1.5148514851485149,5.732816181666635,17,564.0,0.13517949850845104,0,10.0,0.6144127922338513,2,84.0,0.43581149868687413,19,658.0
2840.0,24,135.0,1.35,5.170194644628269,13,613.0,0.1562598925586628,4,21.0,0.43385283603025987,7,84.0,0.294791128482442,24,718.0
2845.0,23,119.0,1.2659574468085106,4.153744887197426,12,663.0,0.1552071398563548,4,26.0,0.33094060322093993,7,106.0,0.15530904135061321,23,795.0
2850.0,15,52.0,0.5777777777777777,4.482766954678092,8,652.0,0.205545812989942,2,27.0,0.32336029517873766,5,95.0,0.30359137094871885,15,774.0
2855.0,7,16.0,0.1797752808988764,4.620013377058388,4,554.0,0.2348374049836802,1,20.0,0.32536466670291514,2,92.0,0.2991459645640319,7,666.0
2860.0,20,67.0,0.7282608695652174,3.799270385359136,4,577.0,0.14415444681662568,6,41.0,0.28408039990867706,10,121.0,0.19191002909110677,20,739.0
2865.0,32,197.0,2.188888888888889,2.4819834976291775,9,615.0,0.10705897241598221,9,80.0,0.140984274004274,14,180.0,0.1158399883313733,32,875.0
2870.0,46,344.0,3.8222222222222224,1.5455535719765032,10,588.0,0.12194832304495347,15,142.0,0.026372057717333152,21,270.0,0.0462130378520861,46,1000.0
2875.0,41,398.0,4.373626373626373,2.469684294966768,6,479.0,0.1612846242052802,16,223.0,0.17343269444316284,19,317.0,0.10647798496396511,41,1019.0
2880.0,28,256.0,2.782608695652174,3.92366639585825,6,328.0,0.17885082488825577,10,243.0,0.31617518215993884,12,273.0,0.13524459763830027,28,844.0
2885.0,18,116.0,1.1958762886597938,6.061305404454945,4,246.0,0.3318541178451927,5,182.0,0.4706307576902151,9,221.0,0.2797512658684144,18,649.0
2890.0,12,74.0,0.7628865979381443,6.490959882109736,3,155.0,0.41615654103194266,3,101.0,0.4454635928777216,6,250.0,0.3313863603587611,12,506.0
2895.0,15,43.0,0.4387755102040816,5.596740238707858,1,113.0,0.4408987452237599,2,77.0,0.41077980637304007,12,294.0,0.19847766464057387,15,484.0
2900.0,26,123.0,1.3225806451612903,4.59601471571302,7,124.0,0.33226465642690817,6,97.0,0.27019475795826364,13,351.0,0.12400342032188767,26,572.0
2905.0,28,130.0,1.4285714285714286,2.7986567424595887,6,126.0,0.17522163436675597,8,101.0,0.09290457288249576,14,365.0,0.12319899218358478,28,592.0
2910.0,21,86.0,0.9772727272727273,4.476587504499045,5,75.0,0.25791401503910344,5,76.0,0.349334221540069,11,316.0,0.23191170098157232,21,467.0
2915.0,13,47.0,0.47959183673469385,5.206977706323055,1,64.0,0.34740205944608155,3,46.0,0.4574295678087829,9,357.0,0.22172433656583684,13,467.0
2920.0,23,111.0,1.0776699029126213,4.983144387298703,8,88.0,0.2984836673147845,3,48.0,0.5126902351938434,12,407.0,0.19138077820835475,23,543.0
2925.0,29,170.0,1.7346938775510203,3.6654818937714677,13,141.0,0.21471963735175703,5,58.0,0.4107205262927482,11,406.0,0.15664193737218218,29,605.0
2930.0,21,97.0,0.9897959183673469,3.0132009315073467,14,160.0,0.13272221785664504,1,30.0,0.30757366062744496,6,328.0,0.1559172987048481,21,518.0
2935.0,25,85.0,0.8415841584158416,4.213005410301868,12,141.0,0.14417378405963927,6,26.0,0.4443694765970516,7,339.0,0.1568210332313677,25,506.0
2940.0,18,79.0,0.7745098039215687,4.594020538530462,8,125.0,0.2127475170930189,1,32.0,0.5280290500959199,9,378.0,0.09888640564374518,18,535.0
2945.0,21,117.0,1.2061855670103092,4.109582088718237,2,138.0,0.2948042443952762,3,21.0,0.5123087728579798,16,446.0,0.11593587432636134,21,605.0
2950.0,24,149.0,1.6195652173913044,3.6039869915639313,8,167.0,0.24470286001939376,3,32.0,0.5733605234131289,13,453.0,0.13099694668921846,24,652.0
2955.0,22,78.0,0.8571428571428571,3.1362635869503834,9,176.0,0.16530907679205534,1,17.0,0.4131800565316181,12,363.0,0.12278295859328459,22,556.0
2960.0,14,50.0,0.5494505494505495,3.690332888028206,3,143.0,0.17018120309280604,3,21.0,0.46479273805511684,8,407.0,0.10535313652058122,14,571.0
2965.0,20,96.0,1.0105263157894737,4.7328643400607096,1,88.0,0.2734927949882849,5,43.0,0.5236541575359005,14,471.0,0.08173133077216402,20,602.0
2970.0,24,128.0,1.4382022471910112,3.606387987895241,3,93.0,0.32259414722742896,2,45.0,0.33850575030298663,19,551.0,0.07351812513755902,24,689.0
2975.0,29,214.0,2.4318181818181817,2.7401288904705776,8,118.0,0.21321167102727184,0,24.0,0.22182750867667073,21,655.0,0.09959631817895763,29,797.0
2980.0,42,384.0,4.173913043478261,2.679334803195463,14,170.0,0.17883456499842018,2,29.0,0.24307500394854323,26,778.0,0.08769547956939767,42,977.0
2985.0,46,403.0,4.477777777777778,1.597489728194696,14,201.0,0.11581670285540109,4,46.0,0.033720727578612844,28,813.0,0.0406930373992346,46,1060.0
2990.0,45,332.0,3.6483516483516483,2.715008403372221,9,170.0,0.1715189112772044,8,80.0,0.3608651358926931,28,773.0,0.0614897261202399,45,1023.0
2995.0,37,301.0,3.3076923076923075,4.019055753749967,6,114.0,0.25673827989449466,8,120.0,0.4610287997600209,23,863.0,0.08972877536209038,37,1097.0
3000.0,38,341.0,3.7065217391304346,3.6888990279949216,6,129.0,0.19715561816987792,9,163.0,0.3339403407110724,23,971.0,0.07901844636821012,38,1263.0
3005.0,38,295.0,3.352272727272727,2.5186626124433187,9,165.0,0.10705589800813772,9,174.0,0.115815315504893,20,1070.0,0.08164907723508481,38,1409.0
3010.0,28,163.0,1.9878048780487805,2.8026103728555674,5,167.0,0.29216047174593707,7,149.0,0.09335094303262052,16,1061.0,0.11111456355456942,28,1377.0
3015.0,16,85.0,1.0119047619047619,4.471815350117257,2,100.0,0.30634375154657545,3,113.0,0.4314479311238247,11,932.0,0.13680599432500326,16,1145.0
3020.0,19,55.0,0.632183908045977,3.7983665123796007,5,116.0,0.21831599401752375,2,120.0,0.462617802092281,12,933.0,0.10178291060009467,19,1169.0
3025.0,28,100.0,1.075268817204301,2.99441040596884,9,148.0,0.115063427933867,3,134.0,0.3602508316520691,16,1002.0,0.08317876803930038,28,1284.0
3030.0,20,60.0,0.6521739130434783,2.9553850530109256,5,134.0,0.19650645913986473,3,125.0,0.2615566623607522,12,968.0,0.11727491815312893,20,1227.0
3035.0,11,23.0,0.25555555555555554,4.441926552429371,1,89.0,0.2999094030350111,3,94.0,0.40989154478330414,7,801.0,0.19123733118835903,11,984.0
3040.0,9,21.0,0.22580645161290322,4.521307386030309,0,71.0,0.3283095261366559,2,107.0,0.37010881996645056,7,827.0,0.15239063330593453,9,1005.0
3045.0,17,65.0,0.6701030927835051,4.141965239926816,3,79.0,0.26143240201158185,5,124.0,0.22444173290859656,9,862.0,0.1068582317570527,17,1065.0
3050.0,22,114.0,1.2808988764044944,2.351793675422402,3,76.0,0.17803910233767972,4,118.0,0.0873354796455758,15,924.0,0.08037660081436943,22,1118.0
3055.0,27,191.0,2.0760869565217392,2.932463292344955,4,53.0,0.2562433892710293,2,87.0,0.29629306868339156,21,1017.0,0.10090636354791306,27,1157.0
3060.0,30,322.0,3.389473684210526,3.501296279420777,2,32.0,0.32440385342227834,1,58.0,0.3639601276260133,27,1146.0,0.0812130241528354,30,1236.0
3065.0,33,318.0,3.2448979591836733,2.905174314217968,1,15.0,0.2890468509750869,2,34.0,0.267490348847449,30,1165.0,0.044032744477696915,33,1214.0
3070.0,33,269.0,2.7731958762886597,2.96711550412733,4,30.0,0.18976671164186334,2,34.0,0.3392607236204419,27,991.0,0.0620002539528876,33,1055.0
3075.0,30,224.0,2.357894736842105,3.263874036736258,3,38.0,0.19119494618501082,4,48.0,0.3396591527580334,23,1100.0,0.09787117416222763,30,1186.0
3080.0,34,244.0,2.652173913043478,3.117096500575105,3,31.0,0.19426464627111212,7,78.0,0.301976756764506,24,1224.0,0.06844631943673987,34,1333.0
3085.0,38,273.0,3.0,2.545388244372492,5,38.0,0.2047035825467657,11,122.0,0.18684011741794543,22,1341.0,0.07253702873847213,38,1501.0
3090.0,35,248.0,2.7252747252747254,2.560422358113064,6,54.0,0.21978072136543772,12,157.0,0.028827830355636144,17,1307.0,0.09273701996893934,35,1518.0
3095.0,29,176.0,1.9130434782608696,2.9826619184729815,7,68.0,0.2071895489988927,9,160.0,0.25450867456338006,13,1133.0,0.12910278460291344,29,1361.0
3100.0,21,109.0,1.1354166666666667,4.131531344347791,5,63.0,0.210140434933921,4,191.0,0.4163628059233801,12,852.0,0.1733332097047664,21,1106.0
3105.0,13,41.0,0.41836734693877553,4.243430732394239,3,78.0,0.2023691255692218,3,205.0,0.36493961916759554,7,697.0,0.20417415318496582,13,980.0
3110.0,24,83.0,0.8469387755102041,4.306759435032146,8,107.0,0.06896887779120213,7,232.0,0.2648349669581272,9,532.0,0.25623756085587784,24,871.0
3115.0,17,79.0,0.8586956521739131,4.247925827292818,4,116.0,0.12552961197974682,10,239.0,0.18475944862937643,3,511.0,0.3522819078047822,17,866.0
3120.0,17,75.0,0.8426966292134831,4.973064791259379,3,92.0,0.25482079375910993,7,247.0,0.26121893036481647,7,538.0,0.3182919786949385,17,877.0
3125.0,14,62.0,0.7045454545454546,4.978333740968498,2,66.0,0.36366969560119866,6,218.0,0.3472196136379079,6,495.0,0.26025933779918226,14,779.0
3130.0,12,25.0,0.2808988764044944,4.827455239887469,1,74.0,0.39570118442363544,6,165.0,0.29629894071079166,5,380.0,0.22604693245523455,12,619.0
3135.0,8,19.0,0.20652173913043478,5.198851274686465,4,87.0,0.27903178180145854,3,169.0,0.409436829441915,1,220.0,0.23578552829306826,8,476.0
3140.0,14,66.0,0.7333333333333333,5.483773324058897,9,125.0,0.18988852589622562,3,180.0,0.4118187527607889,2,138.0,0.33497158207099553,14,443.0
3145.0,17,86.0,0.9772727272727273,5.291124652276405,10,145.0,0.13642956984698953,7,206.0,0.3141936233769645,0,39.0,0.5133322001795358,17,390.0
3150.0,18,69.0,0.7840909090909091,5.432796169716249,11,136.0,0.1541326471898177,7,201.0,0.24977102108138638,0,10.0,0.6901818351418083,18,347.0
3155.0,11,41.0,0.4606741573033708,5.566450785720335,6,167.0,0.18960896948305234,4,152.0,0.31040063695662606,1,8.0,0.5633408264869951,11,327.0
3160.0,18,58.0,0.651685393258427,5.40843923967248,12,215.0,0.1722135657781686,3,83.0,0.355828019707234,3,8.0,0.4658038083678088,18,306.0
3165.0,20,72.0,0.8470588235294118,4.588272554415663,12,237.0,0.16386345787933881,2,95.0,0.3218717788586384,6,31.0,0.38487591322415676,20,363.0
3170.0,22,107.0,1.3544303797468353,4.11324309918055,5,207.0,0.14698070423698517,7,122.0,0.3034094425545597,10,74.0,0.2762609087024848,22,403.0
3175.0,15,70.0,0.8641975308641975,3.9970744336343462,1,133.0,0.21409552119995734,8,135.0,0.20444850676139686,6,90.0,0.1335651089057512,15,358.0
3180.0,10,23.0,0.27380952380952384,5.276698887177844,3,140.0,0.2945242008498364,5,113.0,0.31222057985819057,2,63.0,0.3903219525478366,10,316.0
3185.0,16,55.0,0.625,5.416241197013772,7,163.0,0.25142674584569846,4,81.0,0.2921115124428826,5,68.0,0.4430743705306313,16,312.0
3190.0,22,113.0,1.2988505747126438,4.799946314205527,12,213.0,0.16739311075250504,2,73.0,0.30500848735824154,8,99.0,0.3828038237215995,22,385.0
3195.0,36,208.0,2.5365853658536586,2.954696138755096,20,293.0,0.11287024421777683,8,86.0,0.13187807902326698,8,112.0,0.23397898734644998,36,491.0
3200.0,42,363.0,4.426829268292683,2.536373225498239,24,407.0,0.05112770768496388,11,136.0,0.14254798037200456,7,83.0,0.21115309367492505,42,626.0
3205.0,42,424.0,4.873563218390805,3.464661495178019,22,461.0,0.04824485455911052,14,199.0,0.21969653020782332,6,60.0,0.3207405008576027,42,720.0
3210.0,29,304.0,3.3777777777777778,5.033471143476457,16,438.0,0.09171166190594776,10,216.0,0.34033659583989057,3,65.0,0.48598229830691675,29,719.0
3215.0,22,203.0,2.2555555555555555,5.13007143142017,15,511.0,0.1539048276015212,3,154.0,0.38661523390392055,4,71.0,0.4211547828213627,22,736.0
3220.0,20,123.0,1.3820224719101124,4.875934198193159,17,596.0,0.16419256305042979,1,69.0,0.30736778902265993,2,48.0,0.5400102333198068,20,713.0
3225.0,25,186.0,2.1627906976744184,5.202137840691513,20,698.0,0.17827011479856494,1,47.0,0.45119129443330286,4,29.0,0.4965033377730933,25,774.0
3230.0,24,146.0,1.8024691358024691,3.852353244634541,18,719.0,0.10910482329547315,1,32.0,0.4011201115792106,5,41.0,0.3856606487354038,24,792.0
3235.0,25,118.0,1.4390243902439024,3.723905162701868,15,642.0,0.10043038238644426,6,57.0,0.28865616074755296,4,41.0,0.32785861168696695,25,740.0
3240.0,24,143.0,1.7023809523809523,5.44159572471207,11,535.0,0.16615773494026026,12,105.0,0.4112223589626863,1,32.0,0.4109815213667238,24,672.0
3245.0,14,86.0,0.9885057471264368,5.482177064112417,6,533.0,0.18632649566360263,7,116.0,0.3475326603735659,1,28.0,0.4965661449875863,14,677.0
3250.0,13,44.0,0.5176470588235295,5.413388113076008,10,579.0,0.20897982045435057,2,65.0,0.28706647277228403,1,8.0,0.5918840955530966,13,652.0
3255.0,19,94.0,1.1604938271604939,4.435258709148253,14,644.0,0.15510728457995498,2,64.0,0.18845298425124749,3,18.0,0.5170641657852457,19,726.0
3260.0,24,115.0,1.4743589743589745,3.3030486176763176,14,632.0,0.14739670802666954,7,90.0,0.11913689833359731,3,25.0,0.325797077700396,24,747.0
3265.0,20,75.0,0.9868421052631579,3.7454083633956894,11,534.0,0.15140386454991187,7,100.0,0.28743943663945987,2,23.0,0.2579881717793216,20,657.0
3270.0,12,41.0,0.5061728395061729,5.318254870067487,9,519.0,0.1948022351227228,2,72.0,0.3915584256889391,1,18.0,0.4884403257307068,12,609.0
3275.0,10,41.0,0.5,5.758570356278748,9,560.0,0.1573533992754375,0,32.0,0.40214009223499514,1,17.0,0.7564633938162804,10,609.0
3280.0,8,29.0,0.3670886075949367,4.676146502648837,8,541.0,0.13447193439571836,0,16.0,0.3996089441125851,0,3.0,0.6771643662368564,8,560.0
3285.0,9,21.0,0.2625,4.879149501293854,6,442.0,0.17244351097402905,0,11.0,0.4611647124695038,3,12.0,0.49483452673175954,9,465.0
3290.0,13,51.0,0.6296296296296297,4.025870842223407,2,452.0,0.1657380875468401,2,15.0,0.4600826796568621,9,44.0,0.28414605804387905,13,511.0
3295.0,20,84.0,0.9882352941176471,3.4072121222306664,9,481.0,0.09814720580876274,5,34.0,0.3731683890440945,6,61.0,0.2457730717315541,20,576.0
3300.0,19,97.0,1.127906976744186,3.4265006461744028,9,452.0,0.10424795647579459,8,70.0,0.23954716324033226,2,44.0,0.3088914312144257,19,566.0
3305.0,21,85.0,0.9340659340659341,4.173673820033205,6,311.0,0.16112158948665598,9,100.0,0.284081905567683,6,57.0,0.32388105022685576,21,468.0
3310.0,23,90.0,0.967741935483871,4.222811545849518,6,341.0,0.15047740724158049,7,102.0,0.35262166168441617,10,91.0,0.31093660548860935,23,534.0
3315.0,28,169.0,1.8172043010752688,3.5113267917888398,8,385.0,0.09898102078669718,4,96.0,0.3802256270312896,16,154.0,0.19512129246538762,28,635.0
3320.0,37,305.0,3.3516483516483517,2.1550857030541,15,449.0,0.07906194927491045,3,92.0,0.24664958100319326,19,247.0,0.1674232612688594,37,788.0
3325.0,49,416.0,4.473118279569892,1.69321358929186,21,544.0,0.07169793282417129,9,123.0,0.1019557328280468,19,291.0,0.144481114740677,49,958.0
3330.0,44,443.0,4.712765957446808,2.4118075377796755,27,669.0,0.05092099264191548,5,133.0,0.2420751529696263,12,276.0,0.17838748028391013,44,1078.0
3335.0,39,373.0,3.8854166666666665,3.307294331954937,29,709.0,0.042588016761581735,2,112.0,0.43283665145758454,8,216.0,0.28323224918373474,39,1037.0
3340.0,35,269.0,2.717171717171717,3.5449578418369945,27,595.0,0.05504729438740832,3,123.0,0.3654389662136026,5,231.0,0.30840778514176287,35,949.0
3345.0,40,281.0,2.86734693877551,2.9978825622129066,25,717.0,0.0897872861661665,6,146.0,0.26775854766308194,9,260.0,0.16610135428892972,40,1123.0
3350.0,47,356.0,3.7473684210526317,2.3774619481531967,25,844.0,0.089510475280705,9,185.0,0.22645981836326431,13,315.0,0.12232196119506551,47,1344.0
3355.0,54,455.0,4.840425531914893,1.7574124498364543,21,957.0,0.07101143782534038,13,237.0,0.05735563833881387,20,397.0,0.13589537892348483,54,1591.0
3360.0,57,653.0,6.946808510638298,1.4416661910956057,21,1065.0,0.06703120218921574,13,302.0,0.06837251259401046,23,506.0,0.1393145148420088,57,1873.0
3365.0,68,953.0,9.927083333333334,0.7320552773090562,28,1190.0,0.04612880726859195,13,367.0,0.06363737924095504,27,631.0,0.04528427416209047,68,2188.0
3370.0,77,1154.0,11.54,0.6365508318556796,36,1348.0,0.02027517176036639,13,432.0,0.0,28,684.0,0.048097972865243886,77,2464.0
3375.0,76,1281.0,12.2,1.1746181358013337,40,1537.0,0.007346664809304518,14,499.0,0.12855915691935446,22,635.0,0.06824706020855446,76,2671.0
3380.0,71,1365.0,13.125,2.121208486686688,44,1751.0,0.0018975996668638344,10,496.0,0.2765340830435335,17,540.0,0.15008929225877365,71,2787.0
3385.0,59,1157.0,11.343137254901961,2.5250206430784288,41,1810.0,0.03494031888827915,8,421.0,0.20765816634159,10,445.0,0.2624666233560424,59,2676.0
3390.0,49,828.0,8.117647058823529,3.0473403063952644,34,1707.0,0.069256357817201,9,465.0,0.18522416552233964,6,426.0,0.28466674192139757,49,2598.0
3395.0,45,666.0,6.594059405940594,3.619222601716494,26,1489.0,0.11828229701881791,11,512.0,0.22556765246928215,8,461.0,0.19297732312020105,45,2462.0
3400.0,36,518.0,5.232323232323233,4.086917239341821,19,1380.0,0.1991099329930965,10,564.0,0.29681009538743913,7,435.0,0.19919264688502752,36,2379.0
3405.0,25,345.0,3.556701030927835,4.905828782381928,10,1139.0,0.2898765999982627,13,618.0,0.2593091640531774,2,343.0,0.2718301118654218,25,2100.0
3410.0,21,221.0,2.2783505154639174,5.336284781370868,2,966.0,0.4502686109870913,16,618.0,0.23494986470094856,3,353.0,0.2699372948308368,21,1937.0
3415.0,22,204.0,2.1702127659574466,5.745846291598678,1,684.0,0.6089239894451733,15,617.0,0.29102877435676083,6,381.0,0.2360413128393175,22,1682.0
3420.0,25,199.0,2.117021276595745,5.571761018530443,1,465.0,0.6742582390994902,13,584.0,0.2393724009453244,11,427.0,0.260207973940684,25,1476.0
3425.0,31,236.0,2.5376344086021505,4.354243453346285,0,357.0,0.5701702998878377,15,627.0,0.1629451537876662,16,492.0,0.16751859989520126,31,1476.0
3430.0,42,253.0,2.75,2.403789964698801,7,375.0,0.23927277310248832,17,708.0,0.07039183791517249,18,487.0,0.058504262903344685,42,1570.0
3435.0,43,334.0,3.752808988764045,1.7308836282620448,10,416.0,0.10102916473323933,21,802.0,0.05835912001847567,12,369.0,0.0923785888105097,43,1587.0
3440.0,48,421.0,4.677777777777778,1.6233574285764916,13,366.0,0.14148890556391244,26,922.0,0.03869085550669421,9,403.0,0.10595378844626076,48,1691.0
3445.0,46,535.0,5.815217391304348,2.4791687850240782,3,220.0,0.29344466033953087,29,1065.0,0.07794580821070864,14,464.0,0.06351954300383013,46,1749.0
3450.0,46,535.0,5.815217391304348,2.2799203773029517,2,196.0,0.2624214180709522,27,1086.0,0.07126802535575694,17,545.0,0.0795866196885832,46,1827.0
3455.0,45,472.0,5.0212765957446805,2.674694503741357,7,225.0,0.2687368029861205,22,980.0,0.08184369618090205,16,629.0,0.16246613648590083,45,1834.0
3460.0,39,347.0,3.6145833333333335,2.7255424846321676,8,190.0,0.24416126415756356,18,1071.0,0.1250230875086202,13,623.0,0.1637290906608744,39,1884.0
3465.0,29,213.0,2.173469387755102,3.1941864899449377,4,99.0,0.24417168520799537,16,1154.0,0.14443412956980448,9,575.0,0.13109154094853362,29,1828.0
3470.0,28,163.0,1.6464646464646464,3.406846769366521,2,35.0,0.35654359910945665,13,1108.0,0.1460819221103358,13,628.0,0.07838015249415645,28,1771.0
3475.0,27,117.0,1.1818181818181819,3.338740868927695,3,36.0,0.3639130361537173,8,918.0,0.15253968844220026,16,705.0,0.10587197957616153,27,1659.0
3480.0,33,207.0,2.07,4.057768655597118,7,62.0,0.37878499593841125,6,662.0,0.17895285413130674,20,800.0,0.156310832533091,33,1524.0
3485.0,35,300.0,3.1914893617021276,3.037842913308407,12,108.0,0.2767581882835499,3,656.0,0.2210790978493379,20,904.0,0.1378556511099789,35,1668.0
3490.0,40,295.0,3.0412371134020617,2.472446083728852,11,129.0,0.18833122430958332,8,687.0,0.19462773841609793,21,902.0,0.07849364260545087,40,1718.0
3495.0,32,223.0,2.2755102040816326,3.2351775310136865,6,114.0,0.23067143120497552,8,639.0,0.27405620721086926,18,790.0,0.09088943015728009,32,1543.0
3500.0,26,145.0,1.4356435643564356,3.902407428866893,6,120.0,0.3170345876284194,6,492.0,0.25285537789921375,14,794.0,0.18045218344856465,26,1406.0
3505.0,31,166.0,1.6274509803921569,3.9054469995289476,10,158.0,0.28938194235958675,4,295.0,0.22247986642576914,17,877.0,0.16912941598933282,31,1330.0
3510.0,31,184.0,1.8775510204081634,3.3556881159972494,7,164.0,0.2585384797043568,3,154.0,0.311103394593982,21,973.0,0.12500193278611113,31,1291.0
3515.0,21,114.0,1.175257731958763,3.507509067016639,3,126.0,0.1892255414254853,2,150.0,0.4944768433148245,16,958.0,0.12734351899591648,21,1234.0
3520.0,20,88.0,0.88,4.213910417771379,0,64.0,0.23243358916062593,8,178.0,0.373179053973623,12,826.0,0.12091289095378366,20,1068.0
3525.0,23,84.0,0.8316831683168316,4.755620331609635,1,34.0,0.3667535320891698,8,172.0,0.34286167175541954,14,703.0,0.14612909373195437,23,909.0
3530.0,11,36.0,0.35294117647058826,5.069131403730826,1,11.0,0.42490642236484666,2,113.0,0.26195136704883154,8,689.0,0.18198407507445072,11,813.0
3535.0,19,52.0,0.5252525252525253,3.9245663148805288,2,12.0,0.34903932444396857,5,125.0,0.16251767778471274,12,742.0,0.14477955861424566,19,879.0
3540.0,24,95.0,1.0106382978723405,3.4770058836804085,7,37.0,0.29748609023411443,8,159.0,0.13654669204989897,9,717.0,0.15222767851916644,24,913.0
3545.0,27,131.0,1.4555555555555555,3.0970864574362307,7,57.0,0.16420277516311413,15,224.0,0.14488070955531582,5,596.0,0.18045383135679965,27,877.0
3550.0,21,108.0,1.2134831460674158,4.198781411423485,3,45.0,0.2110809298860526,16,241.0,0.2233446928966706,2,415.0,0.23413718810830256,21,701.0
3555.0,18,65.0,0.6914893617021277,4.862700797767574,5,61.0,0.26210846223044304,12,191.0,0.18925383837424273,1,294.0,0.3639705475271867,18,546.0
3560.0,17,75.0,0.7978723404255319,4.385924694765768,7,95.0,0.2765951134449246,9,223.0,0.13884805109471432,1,254.0,0.3233943069682433,17,572.0
3565.0,28,139.0,1.5274725274725274,3.5156049819963053,10,141.0,0.1961451988707107,11,274.0,0.12484622518977957,7,274.0,0.27044620698029814,28,689.0
3570.0,29,147.0,1.651685393258427,2.2274213244294985,11,155.0,0.09023759874592117,6,270.0,0.13357562562615335,12,319.0,0.16715422954607514,29,744.0
3575.0,23,109.0,1.184782608695652,3.4905244938376554,7,120.0,0.2484017011330794,3,200.0,0.21255720406200346,13,314.0,0.19072673418219196,23,634.0
3580.0,18,74.0,0.7708333333333334,4.398638694368533,9,159.0,0.24176389145039306,1,143.0,0.3181831806502753,8,246.0,0.23339482661978103,18,548.0
3585.0,22,78.0,0.7878787878787878,3.495499069401058,11,210.0,0.23019992721195065,2,146.0,0.21339398414523114,9,291.0,0.14426518392426474,22,647.0
3590.0,30,113.0,1.13,2.4519017271763026,11,232.0,0.1321172541950238,7,169.0,0.1900794763507166,12,344.0,0.08234318546928042,30,745.0
3595.0,29,132.0,1.375,2.3865791612699696,5,210.0,0.16543512753502113,13,223.0,0.16863138996496918,11,326.0,0.09816734399081273,29,759.0
3600.0,23,108.0,1.0909090909090908,2.962407095913679,5,205.0,0.14195468451723695,13,251.0,0.19445307825790936,5,245.0,0.13322310600185738,23,701.0
