step,system_total_stopped,system_total_waiting_time,system_mean_waiting_time,system_mean_speed,A0_stopped,A0_accumulated_waiting_time,A0_average_speed,B0_stopped,B0_accumulated_waiting_time,B0_average_speed,C0_stopped,C0_accumulated_waiting_time,C0_average_speed,agents_total_stopped,agents_total_accumulated_waiting_time
5.0,0,0.0,0.0,2.891010009590536,0,0.0,0.17430371811819295,0,0.0,1.0,0,0.0,1.0,0,0.0
10.0,0,0.0,0.0,7.706097802418035,0,0.0,0.5140933580377338,0,0.0,1.0,0,0.0,1.0,0,0.0
15.0,0,0.0,0.0,13.03697351806598,0,0.0,0.8841073520049452,0,0.0,1.0,0,0.0,1.0,0,0.0
20.0,2,2.0,0.3333333333333333,5.459036613419304,2,2.0,0.24279261198824806,0,0.0,0.970961358766785,0,0.0,1.0,2,2.0
25.0,1,0.0,0.0,6.808135872094889,1,0.0,0.4345777674661443,0,0.0,0.731714539356412,0,0.0,0.20096393109009253,1,0.0
30.0,3,3.0,0.21428571428571427,9.188650536775752,2,3.0,0.4850145200046832,0,0.0,0.945288048454201,1,0.0,0.4812772465092625,3,3.0
35.0,0,0.0,0.0,10.01253908447029,0,0.0,0.7898135834658329,0,0.0,0.05004498143163389,0,0.0,0.7612669639796442,0,0.0
40.0,1,4.0,0.3076923076923077,10.088833444417231,1,4.0,0.6645300396290904,0,2.0,0.9680969515726524,0,0.0,0.728897674636081,1,6.0
45.0,1,9.0,0.6,10.696472291773443,1,9.0,0.38505180244125586,0,2.0,0.9323329807485581,0,0.0,0.8377628443785755,1,11.0
50.0,0,0.0,0.0,10.988136662398063,0,0.0,0.8903939117125378,0,2.0,0.8629925803287855,0,0.0,0.7669283041419919,0,2.0
55.0,2,3.0,0.16666666666666666,8.611725468423767,1,0.0,0.4612581680390504,1,5.0,0.5709522103720492,0,0.0,0.6802614857434596,2,5.0
60.0,2,1.0,0.05,7.143057900669577,1,0.0,0.3056585662367685,1,5.0,0.5324558287810669,0,0.0,0.5165042367034964,2,5.0
65.0,2,8.0,0.38095238095238093,9.595160737090637,0,0.0,0.6613158214509491,0,1.0,0.7337700213770855,2,10.0,0.6713765320385884,2,11.0
70.0,3,21.0,0.9130434782608695,8.8584888230058,0,0.0,0.7703729373229438,1,3.0,0.5650687150759452,2,20.0,0.5462365336061541,3,23.0
75.0,2,3.0,0.12,8.078146039930964,0,0.0,0.7603150828310747,1,2.0,0.3133529315435334,1,18.0,0.580967180858096,2,20.0
80.0,3,16.0,0.5925925925925926,9.021089839074376,0,0.0,0.7434590151697644,3,18.0,0.5195388013681496,0,1.0,0.610962756748504,3,19.0
85.0,6,36.0,1.2,8.153650722504635,0,0.0,0.6844102851495442,3,33.0,0.608894801223577,3,6.0,0.33519087645961015,6,39.0
90.0,7,27.0,0.8709677419354839,7.408837654862203,3,7.0,0.46829151463131974,1,14.0,0.5922221391562545,3,21.0,0.30514642107566525,7,42.0
95.0,9,67.0,2.310344827586207,7.250272871738946,5,32.0,0.43400026709521644,0,0.0,0.7488765933206195,4,40.0,0.3884070531754449,9,72.0
100.0,2,4.0,0.13333333333333333,7.933716824499722,2,34.0,0.49824414360012487,0,0.0,0.6005464836783978,0,20.0,0.7133674507744924,2,54.0
105.0,3,5.0,0.16666666666666666,10.00224978917939,2,8.0,0.5702889567199525,1,8.0,0.8062134276328546,0,0.0,0.893886601137632,3,16.0
110.0,5,18.0,0.5454545454545454,9.390046089951918,1,6.0,0.6602681852403274,2,14.0,0.69540839033301,2,2.0,0.415165366446205,5,22.0
115.0,5,22.0,0.6285714285714286,9.100552819618645,2,11.0,0.4798335113889331,0,4.0,0.8677745852878274,3,11.0,0.21602793798702824,5,26.0
120.0,4,19.0,0.5588235294117647,7.54622356748443,1,16.0,0.4548104370339624,2,7.0,0.48558594492733126,1,10.0,0.23327270888041274,4,33.0
125.0,3,6.0,0.20689655172413793,7.603495438003318,1,1.0,0.45277755830883637,0,11.0,0.3717597933899196,2,5.0,0.26681869837157346,3,17.0
130.0,2,6.0,0.24,9.683104294720954,1,8.0,0.70491584329215,1,2.0,0.46812311797472583,0,2.0,0.8864549555756935,2,12.0
135.0,0,0.0,0.0,11.369162794872574,0,2.0,0.7610731400576626,0,0.0,0.7795732823814167,0,2.0,0.9192130645287612,0,4.0
140.0,2,3.0,0.13636363636363635,9.867878845394918,0,2.0,0.7490510069692571,1,4.0,0.48785702987557267,1,3.0,0.7640132939965619,2,9.0
145.0,4,19.0,0.8636363636363636,7.0617632695215375,0,2.0,0.6086662448640839,2,14.0,0.47777402351783416,2,9.0,0.41982706587410523,4,25.0
150.0,10,56.0,2.24,4.179935961575587,4,13.0,0.3039014839806349,2,24.0,0.26442794338779824,4,25.0,0.2410772246255481,10,62.0
155.0,11,76.0,2.814814814814815,4.56354336043077,5,32.0,0.3202848569087911,3,39.0,0.19310655569024615,3,22.0,0.39874058702978643,11,93.0
160.0,1,9.0,0.3103448275862069,7.096068467806716,1,32.0,0.39952558747845823,0,16.0,0.4893377450100698,0,12.0,0.607796326401627,1,60.0
165.0,3,8.0,0.25806451612903225,10.067818812844537,1,14.0,0.5248024318281509,2,7.0,0.6790483064745917,0,2.0,0.944656481351692,3,23.0
170.0,3,14.0,0.42424242424242425,9.35207071793504,2,14.0,0.5652742127524727,0,2.0,0.6669677798591468,1,4.0,0.6162148742322113,3,20.0
175.0,4,11.0,0.3548387096774194,8.414291611716914,1,4.0,0.3969284751695636,2,5.0,0.4687313456006659,1,9.0,0.5128360727194665,4,18.0
180.0,5,27.0,1.0384615384615385,7.626193877513354,2,10.0,0.3177844869944148,0,7.0,0.5591375084696787,3,21.0,0.3900357961126784,5,38.0
185.0,4,18.0,0.8571428571428571,6.970182260457067,3,22.0,0.35313894501126336,0,0.0,0.9567389348730448,1,8.0,0.5284091375917209,4,30.0
190.0,0,0.0,0.0,9.849937570659163,0,2.0,0.6108560557302052,0,2.0,0.9268956565464683,0,0.0,0.719233489957908,0,4.0
195.0,1,1.0,0.045454545454545456,11.546989197790056,0,0.0,0.7550336595207752,0,4.0,0.9145517289845644,1,1.0,0.7173824680020223,1,5.0
200.0,2,3.0,0.14285714285714285,10.110920245341086,1,2.0,0.7151882616966905,0,4.0,0.9660228466348191,1,1.0,0.48402616759355777,2,7.0
205.0,4,18.0,0.8181818181818182,7.2780188570955255,1,7.0,0.5941058687012073,0,0.0,0.9715828843119112,3,11.0,0.15410690342349145,4,18.0
210.0,4,25.0,1.25,6.707912166757579,3,20.0,0.5106710467952413,0,0.0,0.9058603129542355,1,17.0,0.4770033585573784,4,37.0
215.0,1,2.0,0.09090909090909091,8.396951985110688,1,11.0,0.46091764853336414,0,2.0,0.7418894202330979,0,5.0,0.7125709566956173,1,18.0
220.0,2,3.0,0.11538461538461539,10.342767605241148,0,0.0,0.7154437947939936,1,4.0,0.7907992118831579,1,3.0,0.6195218583070833,2,7.0
225.0,4,12.0,0.41379310344827586,9.585553408441962,2,4.0,0.5230519979750399,0,4.0,0.800369749899297,2,8.0,0.5068278466884083,4,16.0
230.0,6,33.0,1.2222222222222223,7.04815479002821,2,14.0,0.3290131788201021,2,7.0,0.4785859283985939,2,16.0,0.3755115441061518,6,37.0
235.0,9,51.0,1.7586206896551724,6.4234874292040525,4,33.0,0.32322725360576704,4,22.0,0.2923331730714519,1,0.0,0.6475000271430053,9,55.0
240.0,11,97.0,3.3448275862068964,6.736456861522514,4,53.0,0.42363269173969126,6,47.0,0.0009440491322481384,1,1.0,0.6081460198828406,11,101.0
245.0,4,9.0,0.36,4.6581599398595275,2,31.0,0.2931785748654982,1,37.0,0.13270608331833467,1,1.0,0.37245044181367704,4,69.0
250.0,7,17.0,0.5862068965517241,7.6575106378941635,2,9.0,0.49685924998270026,1,10.0,0.6991954568789749,4,14.0,0.44339297223236684,7,33.0
255.0,2,10.0,0.3125,9.834971933892007,1,12.0,0.6798434895731026,0,4.0,0.7899477858479141,1,13.0,0.6966497823368809,2,29.0
260.0,2,1.0,0.02857142857142857,10.281775457681501,0,2.0,0.7696443317794074,0,4.0,0.7562361680362547,2,3.0,0.5962939912823957,2,9.0
265.0,4,13.0,0.40625,8.25764252583177,1,6.0,0.6000153053822899,1,1.0,0.6541061346565287,2,10.0,0.4101177000800183,4,17.0
270.0,2,7.0,0.25925925925925924,7.390994323237709,0,3.0,0.6538655779498115,1,6.0,0.38812301739610333,1,8.0,0.526120472895032,2,17.0
275.0,2,1.0,0.034482758620689655,10.162130833135148,0,0.0,0.8692516850887806,1,3.0,0.6356949237281156,1,1.0,0.7178513947002616,2,4.0
280.0,1,6.0,0.2,10.517970780337253,0,0.0,0.781816621514827,1,8.0,0.6555070082209331,0,0.0,0.6489002484118166,1,8.0
285.0,2,1.0,0.034482758620689655,9.732004735145345,1,0.0,0.6199257602943952,0,2.0,0.7454977975229393,1,1.0,0.5223477409181216,2,3.0
290.0,2,8.0,0.2962962962962963,10.243227148398757,0,0.0,0.9008998066760586,0,0.0,0.7008583990407954,2,10.0,0.4692176244886947,2,10.0
295.0,3,23.0,0.92,9.663811577280411,0,0.0,0.916782820462964,1,5.0,0.40456581662193364,2,20.0,0.5889300412249365,3,25.0
300.0,2,1.0,0.045454545454545456,8.198280966073447,1,0.0,0.6957548978985347,1,2.0,0.3182968769717359,0,12.0,0.6431040022392248,2,14.0
305.0,2,6.0,0.2727272727272727,10.8663208081375,0,0.0,0.8645414145530746,2,6.0,0.6241000235244761,0,0.0,0.7211821391616662,2,6.0
310.0,1,11.0,0.5,10.16139230104037,0,0.0,0.5538474987110242,1,11.0,0.6301460228649953,0,0.0,0.6528427923514593,1,11.0
315.0,0,0.0,0.0,11.02630071363115,0,0.0,0.9303838926615382,0,0.0,0.7781747246172529,0,0.0,0.8206562141018865,0,0.0
320.0,1,3.0,0.15789473684210525,9.384127653975037,0,0.0,0.4862679302243475,1,3.0,0.26106091513195656,0,2.0,0.7689109063148492,1,5.0
325.0,3,6.0,0.2857142857142857,7.406241788686795,1,0.0,0.3585518511295944,1,5.0,0.12548186736148362,1,5.0,0.6943888120879839,3,10.0
330.0,3,18.0,0.9,9.22327420137667,0,0.0,0.8785935735214874,1,9.0,0.3964383004788411,2,12.0,0.5704146710137905,3,21.0
335.0,6,25.0,1.1904761904761905,7.341388663727354,1,0.0,0.6088325503723478,0,1.0,0.9466990134457293,5,27.0,0.23120963748630302,6,28.0
340.0,0,0.0,0.0,6.4690895843347365,0,0.0,0.4623511850159193,0,0.0,0.3557871369915871,0,23.0,0.3690236708304084,0,23.0
345.0,2,9.0,0.4090909090909091,10.434677942250623,0,1.0,0.6797937515480336,2,11.0,0.608739109023878,0,2.0,0.8363132421207918,2,14.0
350.0,2,19.0,0.95,11.448042811832327,0,0.0,0.8852519719671846,2,22.0,0.7297322570527138,0,2.0,0.8766825581139842,2,24.0
355.0,4,34.0,1.619047619047619,7.846255353924604,0,0.0,0.6929563346151492,2,30.0,0.6508453259637446,2,7.0,0.245855386945554,4,37.0
360.0,3,39.0,1.7727272727272727,7.855334677123937,1,0.0,0.6210330731177225,2,39.0,0.5776509802428261,0,6.0,0.4312240011913757,3,45.0
365.0,2,49.0,2.227272727272727,10.758056978410458,0,0.0,0.8514062145885251,2,51.0,0.580241804238263,0,0.0,0.8528037920503063,2,51.0
370.0,1,4.0,0.16,10.579760887986305,0,0.0,0.8112545453579102,0,2.0,0.8161286434679568,1,4.0,0.5428210861261971,1,6.0
375.0,4,13.0,0.5,7.694285624716672,2,1.0,0.5208911817810171,0,2.0,0.5293004700690894,2,12.0,0.23851035473151327,4,15.0
380.0,8,23.0,1.0,4.497503997040821,4,16.0,0.35599126092841527,3,9.0,0.035720775481554445,1,7.0,0.32522981227085185,8,32.0
385.0,2,3.0,0.1111111111111111,6.063015470627004,1,22.0,0.3102035201447802,0,11.0,0.45155396465260883,1,0.0,0.3305823931370225,2,33.0
390.0,1,0.0,0.0,10.203087264874373,0,5.0,0.5604757144777409,0,4.0,0.9069724544786578,1,2.0,0.6868282063745513,1,11.0
395.0,2,2.0,0.06666666666666667,10.576264134821383,1,3.0,0.6419399820543253,0,4.0,0.9078418975642005,1,3.0,0.6828681258440202,2,10.0
400.0,3,5.0,0.16129032258064516,8.533987705393965,1,3.0,0.522937364449952,2,8.0,0.5613774262085509,0,3.0,0.6785506306633161,3,14.0
405.0,7,22.0,0.7333333333333333,5.967482762927875,4,16.0,0.3371414558417405,0,7.0,0.40709315815729924,3,10.0,0.2583671730071119,7,33.0
410.0,10,45.0,1.5,5.712112325903589,9,49.0,0.3076926585735812,0,0.0,0.831600299670505,1,9.0,0.4888323382133704,10,58.0
415.0,10,84.0,2.5454545454545454,7.96032942696755,10,88.0,0.34777103283629596,0,2.0,0.8503985735483965,0,0.0,0.7771204563564376,10,90.0
420.0,11,129.0,3.3947368421052633,7.390546558801955,10,133.0,0.2629585369476338,0,2.0,0.8751410419533828,1,0.0,0.6695933081422365,11,135.0
425.0,10,57.0,1.5405405405405406,6.2447944810968,7,133.0,0.20371683194428997,0,2.0,0.8375028351550393,3,4.0,0.5188621963131709,10,139.0
430.0,9,30.0,0.8108108108108109,5.987323539752689,3,69.0,0.2953677314264626,1,5.0,0.5440934463824031,5,20.0,0.29337336984572543,9,94.0
435.0,7,18.0,0.46153846153846156,5.903265201880013,3,57.0,0.16849252139554538,3,14.0,0.5153865813199277,1,22.0,0.3259483745895436,7,93.0
440.0,7,27.0,0.6923076923076923,7.834880920763931,6,77.0,0.21605328743151742,1,17.0,0.617381883280058,0,5.0,0.6372728469645652,7,99.0
445.0,11,66.0,1.8857142857142857,8.000769395897596,8,117.0,0.32008993692782306,0,6.0,0.7782773921355247,3,10.0,0.5206504126719227,11,133.0
450.0,13,124.0,3.6470588235294117,6.443052238967592,8,157.0,0.27522318243976784,1,3.0,0.6566467675551623,4,27.0,0.36890486142778467,13,187.0
455.0,11,104.0,3.3548387096774195,5.397496800099718,4,132.0,0.41652116153402063,1,6.0,0.5011198916754308,6,55.0,0.24882553313157968,11,193.0
460.0,4,30.0,1.0,7.093888724080352,0,55.0,0.6237495640891222,2,14.0,0.4461083294428798,2,46.0,0.19333684014292088,4,115.0
465.0,4,25.0,0.7575757575757576,7.56277364040308,2,58.0,0.38692878771241285,2,24.0,0.6413887606578937,0,19.0,0.30114150095515746,4,101.0
470.0,11,60.0,1.6666666666666667,7.355136891431284,8,83.0,0.19855339433591795,2,32.0,0.6875631931896179,1,0.0,0.30923508536927774,11,115.0
475.0,11,77.0,2.2,7.160149608176697,11,132.0,0.12013868428272269,0,0.0,0.7340989332521384,0,0.0,0.82803526783132,11,132.0
480.0,14,142.0,4.303030303030303,6.339460510905185,12,189.0,0.11639183484549569,2,8.0,0.4394591282515354,0,0.0,0.7251434127744236,14,197.0
485.0,6,78.0,2.6,4.921441062050174,6,184.0,0.18639251301768875,0,7.0,0.16632521340098325,0,0.0,0.6027617930717514,6,191.0
490.0,2,6.0,0.20689655172413793,8.833868152616686,1,82.0,0.5141913749790615,0,2.0,0.731661764355493,1,5.0,0.6368924026940933,2,89.0
495.0,3,14.0,0.4375,8.718130530046587,0,55.0,0.5469459043460101,1,3.0,0.7575200839905265,2,15.0,0.4699869841987355,3,73.0
500.0,6,21.0,0.6,7.905707862024117,5,70.0,0.39493182546964356,1,8.0,0.6498836357331603,0,3.0,0.5301259507370061,6,81.0
505.0,8,45.0,1.3636363636363635,6.76561033500145,8,100.0,0.13833507211370855,0,2.0,0.5485731522878922,0,0.0,0.665508503204174,8,102.0
510.0,7,33.0,1.0,7.234222006856625,5,85.0,0.27488165747393045,0,2.0,0.8258573212642294,2,6.0,0.6080708833328117,7,93.0
515.0,1,0.0,0.0,9.688628089585187,0,23.0,0.5815362927263972,0,4.0,0.8851952783946331,1,5.0,0.5942465565351879,1,32.0
520.0,4,7.0,0.18421052631578946,8.313222555459273,2,21.0,0.44898561269411774,0,2.0,0.6478705691319337,2,6.0,0.6117765188166289,4,29.0
525.0,7,26.0,0.7222222222222222,7.65861211285787,5,38.0,0.42538853507333496,2,10.0,0.60565334725746,0,5.0,0.4614584777373381,7,53.0
530.0,8,52.0,1.5294117647058822,7.201109501943685,7,70.0,0.26542280976131,0,8.0,0.5595827845359688,1,2.0,0.6126299326427211,8,80.0
535.0,12,95.0,2.7142857142857144,7.172756053404151,11,117.0,0.2615111162574858,0,2.0,0.7996527470439929,1,0.0,0.6642947417980941,12,119.0
540.0,7,46.0,1.1794871794871795,8.02720762154655,6,109.0,0.3404600590600867,0,0.0,0.895426435593913,1,2.0,0.7380152031722018,7,111.0
545.0,4,11.0,0.275,8.576405686839035,3,60.0,0.42554618544018286,0,2.0,0.8235673395596529,1,7.0,0.6424130386154137,4,69.0
550.0,2,6.0,0.15384615384615385,6.738081430540975,2,69.0,0.3352083000645754,0,2.0,0.6134247235510574,0,0.0,0.5757938988624722,2,71.0
555.0,7,34.0,0.8717948717948718,7.5014100871988285,7,97.0,0.20389133691813346,0,3.0,0.846269725257983,0,0.0,0.5836141236620069,7,100.0
560.0,6,22.0,0.6470588235294118,6.963605864453078,5,96.0,0.17773096730060942,0,2.0,0.810546908609464,1,4.0,0.715025818599034,6,102.0
565.0,6,24.0,0.7272727272727273,7.993791752129176,4,61.0,0.2677229711391253,1,7.0,0.6863660578373834,1,9.0,0.7619755848247561,6,77.0
570.0,5,15.0,0.4411764705882353,8.094304753058816,1,42.0,0.4537490482719422,1,3.0,0.7461232025704349,3,14.0,0.4796749786210446,5,59.0
575.0,3,27.0,0.75,8.640596049323669,0,23.0,0.5215222356384536,2,10.0,0.5432614547621368,1,19.0,0.5165913245943446,3,52.0
580.0,6,27.0,0.7297297297297297,7.897464167410823,2,10.0,0.5126654338710239,4,26.0,0.4761081714162487,0,0.0,0.48981850516644554,6,36.0
585.0,4,13.0,0.34210526315789475,7.902054176463381,1,8.0,0.5126381910241058,1,18.0,0.5763167930817269,2,3.0,0.5201100253275869,4,29.0
590.0,2,9.0,0.23684210526315788,8.07922761711856,1,5.0,0.5250793800864323,0,2.0,0.5214780735802094,1,10.0,0.6286969270408374,2,17.0
595.0,7,35.0,0.8974358974358975,7.618143898076128,3,16.0,0.46995403625633886,1,3.0,0.3479768001331052,3,20.0,0.5466471806001693,7,39.0
600.0,5,17.0,0.4594594594594595,7.385718077196216,3,25.0,0.4460881197945685,1,8.0,0.5109472575718905,1,9.0,0.5630713509364338,5,42.0
605.0,2,15.0,0.40540540540540543,9.363936343459235,0,10.0,0.49532665021735045,2,19.0,0.6441260753951914,0,2.0,0.7206364998133018,2,31.0
610.0,0,0.0,0.0,10.502249991017798,0,0.0,0.6641035459972878,0,9.0,0.7416217033134797,0,0.0,0.7607153768145466,0,9.0
615.0,2,6.0,0.13636363636363635,10.665755865688146,1,1.0,0.5621899069175633,0,4.0,0.8607546430043725,1,5.0,0.6073072091140003,2,10.0
620.0,6,26.0,0.6341463414634146,8.657046858382131,3,11.0,0.4422036399367322,2,9.0,0.5401995055410659,1,10.0,0.7308905621236036,6,30.0
625.0,13,76.0,1.9,4.947109917922706,5,30.0,0.32777410828890985,7,35.0,0.1918355528824574,1,15.0,0.34360108592968897,13,80.0
630.0,12,66.0,1.65,4.690992643419807,3,40.0,0.4238582039132136,6,52.0,0.20933754929235912,3,25.0,0.11456382212393779,12,117.0
635.0,5,11.0,0.2682926829268293,6.7696922931921995,3,34.0,0.40851168912979124,2,40.0,0.40258863169182096,0,2.0,0.7099875318424324,5,76.0
640.0,9,40.0,0.9523809523809523,7.33405502178302,5,34.0,0.4571802616460937,4,52.0,0.34459518034614106,0,2.0,0.7908915259732874,9,88.0
645.0,13,97.0,2.425,6.2673891323940625,5,56.0,0.3917683721558623,8,84.0,0.3527636120755209,0,2.0,0.7212411624300494,13,142.0
650.0,14,94.0,2.35,3.8181273074472406,0,39.0,0.2833315710048822,13,134.0,0.1910927437782602,1,1.0,0.5071769534427804,14,174.0
655.0,14,84.0,2.0,5.230916326574035,3,12.0,0.37080060373405055,10,158.0,0.20392116214386624,1,6.0,0.44546018321897757,14,176.0
660.0,8,42.0,0.9767441860465116,6.518967048453612,4,32.0,0.4367458561991282,3,114.0,0.32108103973644964,1,2.0,0.537902587069544,8,148.0
665.0,7,49.0,1.1136363636363635,5.997423758316941,5,52.0,0.3838531374469038,2,102.0,0.17755992776794435,0,2.0,0.6880456011836276,7,156.0
670.0,13,96.0,2.1818181818181817,4.892870407524988,5,72.0,0.35173534431787007,7,126.0,0.14770553733084837,1,6.0,0.6910264247086044,13,204.0
675.0,18,98.0,2.0416666666666665,4.065343374902043,2,50.0,0.3805072428916169,14,182.0,0.10168797710489166,2,14.0,0.4044557362186929,18,246.0
680.0,14,86.0,1.6862745098039216,4.7421988749624076,1,13.0,0.4883070295984233,12,207.0,0.17194961100056955,1,11.0,0.31124534372149276,14,231.0
685.0,9,38.0,0.6666666666666666,7.390512117676976,2,13.0,0.5791831334332154,4,162.0,0.3721396002050696,3,9.0,0.542753537964918,9,184.0
690.0,6,30.0,0.4918032786885246,8.812481532314614,2,8.0,0.586430297618491,2,79.0,0.5534969356913245,2,18.0,0.6726257307341106,6,105.0
695.0,9,63.0,1.05,8.938166973817253,3,12.0,0.5640930571533649,3,49.0,0.5650372847888389,3,30.0,0.7041915617622091,9,91.0
700.0,10,76.0,1.3818181818181818,8.052906953429286,6,34.0,0.49225908956117426,1,9.0,0.5195393000347679,3,45.0,0.6001194576119043,10,88.0
705.0,10,25.0,0.4716981132075472,5.60964285784986,4,37.0,0.3041930538042001,6,20.0,0.1795210336721418,0,21.0,0.5987039455014009,10,78.0
710.0,7,19.0,0.34545454545454546,6.226688788033615,0,11.0,0.3659153555095908,2,22.0,0.24866215609918085,5,18.0,0.3122565659265006,7,51.0
715.0,12,62.0,1.1481481481481481,6.922888312582045,4,22.0,0.38992501774232113,0,9.0,0.5296192282802393,8,57.0,0.36798109463631107,12,88.0
720.0,20,144.0,2.938775510204082,5.261686047914904,9,55.0,0.2831019816309391,1,4.0,0.5155412657365184,10,103.0,0.29091649809977327,20,162.0
725.0,14,94.0,1.88,4.65856515941473,8,76.0,0.2555466021239473,1,8.0,0.23737419192810386,5,111.0,0.3719829991230247,14,195.0
730.0,6,8.0,0.14814814814814814,6.00038191339474,4,60.0,0.22160819881268337,0,4.0,0.9116177996520309,2,61.0,0.3582283151738393,6,125.0
735.0,3,7.0,0.1320754716981132,9.06709446892905,2,33.0,0.4155225589307404,0,4.0,0.913207352310336,1,9.0,0.5531482893679877,3,46.0
740.0,1,9.0,0.17307692307692307,10.119969277361475,0,19.0,0.6316973575376195,0,4.0,0.7968081831612684,1,9.0,0.6890452116109708,1,32.0
745.0,2,18.0,0.34615384615384615,9.685725795238294,0,7.0,0.8275221312282037,0,0.0,0.6993426797326202,2,18.0,0.3417584012589143,2,25.0
750.0,2,28.0,0.56,9.981460032295566,0,1.0,0.8545820933004216,0,0.0,0.7096098045414158,2,28.0,0.49041599655458235,2,29.0
755.0,2,38.0,0.7450980392156863,9.719951466712338,0,1.0,0.7291715332900552,0,0.0,0.6616046558197455,2,38.0,0.6657085965228866,2,39.0
760.0,6,59.0,1.18,9.292676774230356,2,7.0,0.6233280947749678,2,5.0,0.6060793665682211,2,48.0,0.6623563338472762,6,60.0
765.0,10,101.0,2.148936170212766,8.000323402967734,5,26.0,0.4963026377724321,2,13.0,0.4650401208244501,3,63.0,0.6154216531048337,10,102.0
770.0,2,1.0,0.021739130434782608,6.703272304933487,0,25.0,0.4909515076240338,0,6.0,0.4621682298407861,2,11.0,0.49321606453974887,2,42.0
775.0,7,19.0,0.3877551020408163,7.039627315946785,1,0.0,0.4056979813911796,1,7.0,0.5837998911405464,5,14.0,0.280230316701163,7,21.0
780.0,4,13.0,0.2708333333333333,7.653962100910313,1,5.0,0.4774904157717839,0,2.0,0.8328090076283337,3,21.0,0.3071324828273968,4,28.0
785.0,4,3.0,0.06976744186046512,8.730516235070356,1,2.0,0.6042106763897576,1,3.0,0.7818266047726513,2,19.0,0.5137911889202643,4,24.0
790.0,4,12.0,0.2608695652173913,8.654059739187595,3,13.0,0.44926895898813846,0,2.0,0.7451666049458132,1,13.0,0.5412993663639024,4,28.0
795.0,11,54.0,1.1020408163265305,7.195033591425659,8,45.0,0.2577618195565686,1,7.0,0.6119532452288889,2,9.0,0.507711183913396,11,61.0
800.0,8,36.0,0.75,6.480661642685882,6,68.0,0.2364143422092582,0,4.0,0.49192438648061365,2,6.0,0.43526397297994013,8,78.0
805.0,7,32.0,0.7441860465116279,8.098179189844199,1,47.0,0.4741276328652495,2,7.0,0.5228897276339051,4,27.0,0.5080563546326035,7,81.0
810.0,5,6.0,0.1276595744680851,7.395999311414845,4,50.0,0.4109280520935991,0,6.0,0.6104575631720599,1,20.0,0.5181653345385054,5,76.0
815.0,10,39.0,0.8125,8.236211547086867,10,81.0,0.32069730074782515,0,4.0,0.8198152857903859,0,2.0,0.7330747683561147,10,87.0
820.0,9,34.0,0.6938775510204082,7.268508201716251,7,93.0,0.26464352212929915,2,5.0,0.4799647435764511,0,0.0,0.6817976683628536,9,98.0
825.0,5,19.0,0.3958333333333333,7.339561429667156,3,44.0,0.28974031600137734,2,17.0,0.628514375400335,0,0.0,0.6395906800032408,5,61.0
830.0,7,35.0,0.6730769230769231,8.178405997328355,3,38.0,0.395026416945534,2,25.0,0.5816887259451533,2,9.0,0.6942366903910185,7,72.0
835.0,9,28.0,0.5283018867924528,7.1982852128197425,7,57.0,0.35163488517154506,1,5.0,0.576941476252451,1,3.0,0.5675451998507953,9,65.0
840.0,14,84.0,1.5555555555555556,6.450959879896954,10,101.0,0.2565832536560455,2,12.0,0.3834255820159486,2,8.0,0.48684522836783517,14,121.0
845.0,17,96.0,1.92,6.077430665837062,9,115.0,0.1675830799642415,6,32.0,0.43944430581893884,2,18.0,0.6095038984920687,17,165.0
850.0,13,99.0,1.9038461538461537,6.410395278107495,4,81.0,0.2898507841598837,7,64.0,0.4155965007234891,2,28.0,0.5869222349220148,13,173.0
855.0,10,57.0,1.0555555555555556,6.654758969005811,6,88.0,0.20847968235789127,2,53.0,0.519811838958039,2,36.0,0.6206243911202871,10,177.0
860.0,11,82.0,1.607843137254902,6.683931561661508,7,118.0,0.24338338393990772,1,14.0,0.5278333463169814,3,51.0,0.60319076478093,11,183.0
865.0,9,86.0,1.6538461538461537,6.518291953988271,4,105.0,0.3307244059329088,2,10.0,0.5407132251482938,3,66.0,0.5495425713595389,9,181.0
870.0,5,5.0,0.09090909090909091,6.843938113918676,1,59.0,0.36906901127078534,2,5.0,0.5207271478437557,2,15.0,0.5413579145292108,5,79.0
875.0,8,35.0,0.5833333333333334,7.443032966625945,0,27.0,0.36576113706873925,5,25.0,0.42952773203792655,3,14.0,0.5079663348239695,8,66.0
880.0,9,47.0,0.7966101694915254,6.197265846086167,1,29.0,0.3645583383845422,3,34.0,0.40080237314710104,5,36.0,0.33916459456562387,9,99.0
885.0,17,97.0,1.6724137931034482,5.32309340079714,6,51.0,0.295672619556721,1,18.0,0.4294013740562141,10,77.0,0.321056226281491,17,146.0
890.0,16,106.0,1.9272727272727272,5.426776980805315,10,96.0,0.31574417755939127,1,9.0,0.5258462445954987,5,83.0,0.42529320345739396,16,188.0
895.0,10,52.0,0.9122807017543859,5.655555662801497,9,117.0,0.2774940756916445,1,6.0,0.4209397117776536,0,42.0,0.4935101651475618,10,165.0
900.0,11,51.0,0.8360655737704918,6.725188320488657,7,95.0,0.19594082484724887,3,23.0,0.6266010693396628,1,4.0,0.4817879273203351,11,122.0
905.0,7,24.0,0.38095238095238093,7.6140319376495,7,115.0,0.17045780598382532,0,12.0,0.7972084882157744,0,0.0,0.7326513547376895,7,127.0
910.0,13,42.0,0.6666666666666666,7.374805597333568,12,161.0,0.22620497426736938,0,2.0,0.790382441423766,1,2.0,0.6923650491402078,13,165.0
915.0,14,87.0,1.4262295081967213,6.708657891932947,13,221.0,0.22738343409208317,0,0.0,0.7352133263541962,1,3.0,0.667286543805162,14,224.0
920.0,20,172.0,2.819672131147541,4.95978890402108,16,294.0,0.20388153732034456,0,0.0,0.8420244523307016,4,15.0,0.4113431906293793,20,309.0
925.0,19,148.0,2.3492063492063493,4.2866773582085616,16,324.0,0.17740856082924272,0,0.0,0.7303542207392966,3,24.0,0.41618079559188187,19,348.0
930.0,19,91.0,1.3582089552238805,4.460751245079388,16,282.0,0.09710993230635925,1,6.0,0.5843669250627982,2,16.0,0.4187655454411862,19,304.0
935.0,17,76.0,1.1014492753623188,5.61922510333111,15,265.0,0.12901199432469274,0,10.0,0.7662552084258305,2,16.0,0.38303974561213483,17,291.0
940.0,18,107.0,1.4861111111111112,7.021428985808588,12,270.0,0.30746902700424444,0,2.0,0.775733010245443,6,39.0,0.32423203159334746,18,311.0
945.0,12,94.0,1.323943661971831,6.837717107500723,8,240.0,0.3490728960537912,1,3.0,0.5806954535048438,3,41.0,0.3325073310385629,12,284.0
950.0,6,19.0,0.2835820895522388,6.719659222034286,1,221.0,0.34468161451531404,5,22.0,0.37419134376591207,0,19.0,0.43396590520936246,6,262.0
955.0,8,29.0,0.46774193548387094,6.28642968558137,6,208.0,0.2690675408391514,2,29.0,0.42356986801140717,0,13.0,0.38952462336482957,8,250.0
960.0,13,31.0,0.484375,5.963536462793844,6,211.0,0.3299777338278351,1,16.0,0.4337227354308244,6,26.0,0.34467249347964574,13,253.0
965.0,8,12.0,0.18181818181818182,6.437495535036919,5,166.0,0.3208013994391133,0,6.0,0.6915563739688291,3,27.0,0.44818207514520514,8,199.0
970.0,8,11.0,0.15714285714285714,6.763344490312603,5,181.0,0.35769859864798687,0,3.0,0.758968735135664,3,19.0,0.47365586799805937,8,203.0
975.0,13,54.0,0.7397260273972602,6.647624456278155,8,212.0,0.31176038960633895,2,4.0,0.5912684742662381,3,22.0,0.45891785814663166,13,238.0
980.0,13,60.0,0.7894736842105263,6.250825135341601,7,205.0,0.1594327216833581,0,4.0,0.7230593593317575,6,38.0,0.47212203749512355,13,247.0
985.0,15,84.0,1.0909090909090908,6.574902025597824,5,155.0,0.1916346693188163,2,6.0,0.7070637586600866,8,66.0,0.38682549949887785,15,227.0
990.0,13,58.0,0.7631578947368421,5.369371748490525,7,178.0,0.19298831886485016,3,18.0,0.5075401906282684,3,63.0,0.30978384927328134,13,259.0
995.0,20,74.0,0.9487179487179487,4.538397648569739,12,229.0,0.11309677528617774,2,18.0,0.30032369215526,6,45.0,0.24254054375199924,20,292.0
1000.0,19,102.0,1.36,4.838331812175048,10,246.0,0.1691469175127349,0,4.0,0.2814621215190585,9,61.0,0.2765023081764561,19,311.0
1005.0,13,52.0,0.7878787878787878,5.060508068457008,4,199.0,0.25765463128877997,3,12.0,0.4032353893847943,6,81.0,0.3553335841290783,13,292.0
1010.0,11,45.0,0.6818181818181818,6.1671422531352,2,116.0,0.26260963774864493,6,37.0,0.49106489419007987,3,58.0,0.3752957304151876,11,211.0
1015.0,8,40.0,0.5714285714285714,7.247559777160011,2,86.0,0.27568259998939604,3,41.0,0.6157931107328709,3,39.0,0.4746114414465982,8,166.0
1020.0,4,36.0,0.5,7.9236541719200995,0,58.0,0.3827069947653642,2,30.0,0.6088954685133205,2,36.0,0.631263933362655,4,124.0
1025.0,5,46.0,0.647887323943662,8.01416717230924,0,43.0,0.5062515232273148,3,35.0,0.5243991345444229,2,41.0,0.6639997472884994,5,119.0
1030.0,12,90.0,1.2857142857142858,7.597180640400828,1,29.0,0.6263766947770485,8,58.0,0.3527598816545233,3,53.0,0.6215676463334372,12,140.0
1035.0,11,38.0,0.6129032258064516,5.122396511343919,1,24.0,0.5138177875756564,9,80.0,0.205925294933894,1,32.0,0.3468570981051202,11,136.0
1040.0,20,69.0,1.0,4.764159949573125,7,47.0,0.2581410985949263,6,68.0,0.15711286261032828,7,26.0,0.4411820481773785,20,141.0
1045.0,10,36.0,0.5217391304347826,6.350558653802793,4,54.0,0.4378873747903119,5,54.0,0.3033816488628141,1,29.0,0.5239549426410097,10,137.0
1050.0,7,33.0,0.4647887323943662,7.6591271040275,3,38.0,0.4301270395186217,2,56.0,0.5224311312897767,2,11.0,0.5811477344402154,7,105.0
1055.0,10,44.0,0.5945945945945946,7.557636782078168,3,31.0,0.46875858137717435,3,42.0,0.49745873606337465,4,23.0,0.5598120590675258,10,96.0
1060.0,14,101.0,1.3116883116883118,7.605424425501262,3,38.0,0.5208338044337504,7,64.0,0.4345064834642464,4,38.0,0.5043015365824025,14,140.0
1065.0,8,24.0,0.32,6.468107687721495,0,15.0,0.521213042582828,6,80.0,0.31336590976111084,2,22.0,0.4256768090658313,8,117.0
1070.0,14,38.0,0.5135135135135135,5.554326901691493,6,20.0,0.3076761145801,3,57.0,0.21645307010610224,5,18.0,0.4535576299648772,14,95.0
1075.0,23,115.0,1.619718309859155,4.580582165971573,11,66.0,0.2733449337680314,5,73.0,0.1833577604353274,7,44.0,0.39545957105152163,23,183.0
1080.0,20,105.0,1.5441176470588236,3.7398585663741923,7,90.0,0.24060975210667096,9,105.0,0.1715622363338041,4,52.0,0.30471767640913944,20,247.0
1085.0,20,73.0,0.9864864864864865,4.922772127233551,7,75.0,0.2581978068359639,10,125.0,0.24011178847773698,3,25.0,0.3781944609401918,20,225.0
1090.0,12,47.0,0.6103896103896104,7.348294716586244,1,53.0,0.5126658360242479,9,108.0,0.35633915777095987,2,13.0,0.6015362379054515,12,174.0
1095.0,7,25.0,0.3048780487804878,6.729353049143957,1,32.0,0.5970548596019439,4,106.0,0.25539936467229024,2,7.0,0.5925036577061715,7,145.0
1100.0,14,43.0,0.5308641975308642,6.039685766148523,2,20.0,0.5193881323283706,8,140.0,0.15294972940347812,4,21.0,0.48922310021738086,14,181.0
1105.0,17,52.0,0.6933333333333334,4.2678156306552815,5,32.0,0.30964948783945556,7,151.0,0.15112047882012558,5,31.0,0.2833709987288923,17,214.0
1110.0,18,71.0,0.9726027397260274,4.860321634812923,10,72.0,0.28524716555537083,6,120.0,0.2506337613439858,2,26.0,0.3779994565579795,18,218.0
1115.0,15,60.0,0.7894736842105263,5.217013758930202,11,96.0,0.28574726388265803,3,85.0,0.2240827237362802,1,25.0,0.5813934239994498,15,206.0
1120.0,13,65.0,0.8227848101265823,6.776074113316052,7,85.0,0.4211445718167628,3,66.0,0.39338638025432027,3,36.0,0.5384255968396011,13,187.0
1125.0,16,71.0,0.8554216867469879,6.3766148012302315,4,72.0,0.45835670695928216,3,43.0,0.4231513280395785,9,66.0,0.36639120127479696,16,181.0
1130.0,25,150.0,1.7241379310344827,5.07387442252132,4,73.0,0.35558091226739963,6,61.0,0.3102190959311946,15,118.0,0.19900215503994692,25,252.0
1135.0,20,109.0,1.2823529411764707,4.066228473702448,2,65.0,0.2823069163774556,7,78.0,0.21772963019891745,11,144.0,0.18322917906246505,20,287.0
1140.0,18,69.0,0.7752808988764045,4.770118738510467,8,74.0,0.2885043354868188,5,71.0,0.23322341859326187,5,129.0,0.32133975175783785,18,274.0
1145.0,22,102.0,1.0851063829787233,5.101678041959281,13,125.0,0.2369083719498126,4,80.0,0.2856058097655334,5,149.0,0.3365860024804288,22,354.0
1150.0,27,132.0,1.3608247422680413,3.942786800183366,9,148.0,0.18523805438885693,9,111.0,0.14703951881370284,9,182.0,0.22033665704114036,27,441.0
1155.0,29,162.0,1.7608695652173914,3.8390311137646655,8,110.0,0.24635524298616582,7,125.0,0.1886268352225084,14,242.0,0.14290046889592073,29,477.0
1160.0,32,148.0,1.5257731958762886,4.1850916448543956,8,95.0,0.24481859869163075,7,102.0,0.23971248186082167,17,267.0,0.13187461773230177,32,464.0
1165.0,19,116.0,1.183673469387755,5.462317520687141,6,97.0,0.3411485444625962,2,101.0,0.3426355581906088,11,214.0,0.26120057147519565,19,412.0
1170.0,21,139.0,1.404040404040404,5.4611054755477015,4,104.0,0.40809895730913126,8,127.0,0.3078723450213871,9,173.0,0.3020399397426356,21,404.0
1175.0,16,49.0,0.49,4.780848208030472,2,65.0,0.40892977551881904,8,139.0,0.22607497514899688,6,173.0,0.2653992758194895,16,377.0
1180.0,20,55.0,0.5445544554455446,4.947962802770511,5,45.0,0.4086142437599038,7,111.0,0.1617091278621501,8,195.0,0.24645946781956402,20,351.0
1185.0,22,93.0,0.96875,4.708372661317058,4,45.0,0.3503702970689454,4,103.0,0.18979466731107847,14,254.0,0.23683210230727977,22,402.0
1190.0,25,121.0,1.315217391304348,3.4895925704010358,7,48.0,0.2540775192384494,7,130.0,0.20823845320471412,11,266.0,0.15231703589555565,25,444.0
1195.0,28,153.0,1.6451612903225807,3.6599260996232097,9,71.0,0.2539785411721513,12,181.0,0.17787527660334354,7,213.0,0.1898877178689061,28,465.0
1200.0,37,266.0,2.8,2.831356272787816,10,101.0,0.22051478707471775,19,259.0,0.1196841784919148,8,246.0,0.16945753192673882,37,606.0
1205.0,38,249.0,2.5408163265306123,2.2412786795581936,6,124.0,0.18750321159636849,17,297.0,0.06168095733439004,15,296.0,0.11977923899472381,38,717.0
1210.0,37,203.0,2.0505050505050506,2.6629067757653795,4,111.0,0.24667547046193686,14,278.0,0.11053421137947983,19,377.0,0.1426782242267142,37,766.0
1215.0,39,271.0,2.71,2.6616485907759726,8,139.0,0.22668766675469587,11,311.0,0.13882283558288888,20,473.0,0.12422755259472965,39,923.0
1220.0,47,330.0,3.267326732673267,2.2707361168177975,16,202.0,0.16023221787374367,15,371.0,0.1305721533603611,16,489.0,0.1285775057961504,47,1062.0
1225.0,40,272.0,2.6153846153846154,2.575880729448885,15,239.0,0.1032828850151799,13,390.0,0.19132158968110188,12,428.0,0.10888767618097776,40,1057.0
1230.0,35,278.0,2.5272727272727273,4.019116992649813,17,246.0,0.21262401587029003,4,334.0,0.22980940914376335,14,420.0,0.22566642289671313,35,1000.0
1235.0,36,360.0,3.2142857142857144,4.2371100612187345,19,304.0,0.19750434771754224,3,297.0,0.2281253144881245,14,487.0,0.21028650192115317,36,1088.0
1240.0,43,411.0,3.914285714285714,2.90033522794456,19,352.0,0.11669043285103216,7,319.0,0.19771143550773593,17,575.0,0.09370711300370553,43,1246.0
1245.0,39,331.0,3.1826923076923075,2.8630345540503033,17,360.0,0.13930457060160534,8,313.0,0.17625921322398758,14,581.0,0.1221179713202172,39,1254.0
1250.0,27,244.0,2.259259259259259,4.10032221567993,13,348.0,0.21693485235245735,6,250.0,0.20357581288980026,8,466.0,0.20183169922927924,27,1064.0
1255.0,27,214.0,1.9454545454545455,4.475644394143496,14,386.0,0.2728911576098589,6,169.0,0.2743866876116729,7,496.0,0.231416124915979,27,1051.0
1260.0,23,121.0,1.043103448275862,4.021285772827168,8,417.0,0.3037002953757444,2,162.0,0.27659563388603586,13,540.0,0.13123980914069366,23,1119.0
1265.0,27,103.0,0.8956521739130435,4.039066661956928,7,431.0,0.3260871969974894,9,158.0,0.2042486514820972,11,525.0,0.12361799054867448,27,1114.0
1270.0,26,116.0,1.0545454545454545,4.115104087410377,11,477.0,0.14892834252460901,9,170.0,0.26333295766253034,6,449.0,0.15482695634306579,26,1096.0
1275.0,28,174.0,1.6730769230769231,4.0154572412662715,16,553.0,0.1566379636856474,7,143.0,0.32464394626361764,5,343.0,0.24181194198368364,28,1039.0
1280.0,24,150.0,1.3888888888888888,3.6629821662918025,14,572.0,0.22850614447900489,5,152.0,0.22925031887918795,5,356.0,0.2162329468810386,24,1080.0
1285.0,28,146.0,1.2920353982300885,3.8203321143850406,11,508.0,0.23162431441890313,8,175.0,0.22473505337802097,9,388.0,0.17074387613094452,28,1071.0
1290.0,32,174.0,1.5398230088495575,3.4884568017588484,11,406.0,0.20159965069428426,13,226.0,0.12103342164409556,8,376.0,0.17788106242879287,32,1008.0
1295.0,37,243.0,2.150442477876106,3.7033265767264054,12,420.0,0.1831557828754733,19,310.0,0.13830353893200398,6,295.0,0.2139520329599329,37,1025.0
1300.0,39,367.0,3.163793103448276,4.258240577124039,11,435.0,0.19028617330209166,23,418.0,0.18218870649140934,5,208.0,0.2851891103354393,39,1061.0
1305.0,36,443.0,3.7542372881355934,4.3039159282981565,6,443.0,0.1929688126283112,27,544.0,0.17617666045361616,3,127.0,0.3166664073138706,36,1114.0
1310.0,34,400.0,3.389830508474576,4.168893338306472,5,441.0,0.22186803803672026,29,605.0,0.08317672079986237,0,114.0,0.38212701862687204,34,1160.0
1315.0,43,320.0,2.711864406779661,4.067681666453123,8,413.0,0.2590237866507676,29,557.0,0.08241456897778207,6,124.0,0.3487720503292812,43,1094.0
1320.0,45,345.0,3.0,4.0771803154102395,8,450.0,0.22238892677795888,23,536.0,0.17279655611679606,14,172.0,0.3167711654613416,45,1158.0
1325.0,34,243.0,2.076923076923077,3.485276374409078,10,489.0,0.22075863388431327,14,562.0,0.18160559818384125,10,183.0,0.2531803251375486,34,1234.0
1330.0,32,188.0,1.5932203389830508,3.8569387273894753,13,531.0,0.19216770955407078,11,591.0,0.27310187107052636,8,113.0,0.20249489828237055,32,1235.0
1335.0,34,217.0,1.8547008547008548,3.6146869253768354,17,584.0,0.08614742747021378,13,650.0,0.18928454787206478,4,102.0,0.26058418047709736,34,1336.0
1340.0,35,203.0,1.780701754385965,3.01386730706677,15,588.0,0.0680062587042261,13,644.0,0.14228847002480774,7,122.0,0.2290732096040364,35,1354.0
1345.0,34,180.0,1.592920353982301,3.0311672081559733,13,531.0,0.1777082912058582,10,561.0,0.1528847776755862,11,164.0,0.18821516038673133,34,1256.0
1350.0,35,207.0,1.831858407079646,3.248612542382952,11,568.0,0.1941452186642418,9,574.0,0.1939715896108992,15,229.0,0.2014731059005465,35,1371.0
1355.0,44,324.0,2.769230769230769,3.0323861351642285,16,620.0,0.17621557069122845,10,621.0,0.12596113278872903,18,316.0,0.12331159070284874,44,1557.0
1360.0,52,461.0,3.9401709401709404,2.716658327132574,12,618.0,0.1852815837962515,15,688.0,0.12252104849529553,25,425.0,0.05868398388488457,52,1731.0
1365.0,45,399.0,3.5945945945945947,1.7497289881096807,8,582.0,0.14743843906814108,16,683.0,0.06799677342900148,21,476.0,0.08873535802848707,45,1741.0
1370.0,38,271.0,2.3162393162393164,3.4743458321187326,8,506.0,0.21355429550025784,13,591.0,0.20937515875381468,17,414.0,0.18521948086741857,38,1511.0
1375.0,28,160.0,1.3114754098360655,3.8180174232184303,5,511.0,0.2178902679205624,8,621.0,0.18539776471484537,15,367.0,0.21980380451891723,28,1499.0
1380.0,31,185.0,1.48,4.348825374409619,6,503.0,0.23112960359244225,14,675.0,0.15945268293143175,11,426.0,0.2083747325851056,31,1604.0
1385.0,42,267.0,2.26271186440678,3.596141346114558,10,537.0,0.09787810072935252,19,765.0,0.13929467544056431,13,479.0,0.13465457008980988,42,1781.0
1390.0,38,218.0,1.981818181818182,2.923039752584113,11,515.0,0.1106047783771557,16,752.0,0.06856424131734166,11,473.0,0.15921780117203496,38,1740.0
1395.0,25,127.0,1.2574257425742574,3.599719167985995,8,425.0,0.27051244397252966,14,650.0,0.16554679336456132,3,391.0,0.24161812270732283,25,1466.0
1400.0,24,126.0,1.1886792452830188,4.124781839118325,10,467.0,0.2165175591363261,8,466.0,0.19301574944340238,6,337.0,0.3364366947653947,24,1270.0
1405.0,29,116.0,1.008695652173913,4.249450837146043,15,529.0,0.24801030604866847,8,343.0,0.2646021472586525,6,341.0,0.23543499158219555,29,1213.0
1410.0,26,117.0,1.017391304347826,4.463103411294039,14,571.0,0.21944554209152717,4,353.0,0.3345226185498277,8,363.0,0.24046131188518668,26,1287.0
1415.0,34,223.0,1.9391304347826086,4.154806288524774,15,616.0,0.16575867016148785,7,380.0,0.2549071900212184,12,412.0,0.1932135058136167,34,1408.0
1420.0,40,294.0,2.6486486486486487,3.105951140389282,14,614.0,0.0978264510253129,7,354.0,0.2097239610426993,19,493.0,0.11894514530164049,40,1461.0
1425.0,44,369.0,3.5142857142857142,2.852381399015106,15,549.0,0.1487544281593771,7,271.0,0.22956422541963517,22,599.0,0.1253099665057889,44,1419.0
1430.0,44,492.0,4.4324324324324325,3.0341898827875142,15,504.0,0.2411117524517391,4,271.0,0.21382501390683306,25,715.0,0.09694199734918549,44,1490.0
1435.0,48,489.0,4.1440677966101696,3.4592436754715163,15,428.0,0.26282118061861126,9,297.0,0.2004943247748738,24,741.0,0.0652831654898665,48,1466.0
1440.0,46,418.0,3.4833333333333334,3.6245059223143383,14,461.0,0.15846888472155843,14,358.0,0.20729561973644228,18,667.0,0.16960136562007033,46,1486.0
1445.0,36,320.0,2.6666666666666665,4.235534263092747,9,481.0,0.201068466140067,12,347.0,0.23380487792738489,15,537.0,0.21134305793401909,36,1365.0
1450.0,35,285.0,2.4152542372881354,4.912314636109681,12,487.0,0.27226335563719917,11,277.0,0.25489407782610185,12,601.0,0.25293851065579104,35,1365.0
1455.0,32,221.0,1.8888888888888888,4.412264273263492,11,474.0,0.23939793407131144,8,274.0,0.19753933303396948,13,663.0,0.2446699234915912,32,1411.0
1460.0,38,195.0,1.7567567567567568,4.173512955193747,11,408.0,0.23828370938283522,13,319.0,0.15015489698009005,14,730.0,0.1918145498514307,38,1457.0
1465.0,36,193.0,1.7387387387387387,2.8424899206916487,8,388.0,0.16443542486604487,17,392.0,0.06216604324118228,11,701.0,0.1476809141575305,36,1481.0
1470.0,34,153.0,1.3304347826086957,3.724926273481792,12,406.0,0.17939479038446585,12,399.0,0.2067785001583446,10,601.0,0.18826343793704775,34,1406.0
1475.0,24,80.0,0.7207207207207207,3.9492887300079897,10,401.0,0.18696736512652967,5,310.0,0.2816290604871519,9,572.0,0.21605713402008553,24,1283.0
1480.0,30,100.0,0.9090909090909091,3.9398761814488816,11,335.0,0.20264202875452622,6,210.0,0.2211985746239227,13,619.0,0.22507696865444304,30,1164.0
1485.0,33,207.0,1.8482142857142858,4.061552323248878,13,384.0,0.23688211079467777,5,167.0,0.2560181193111616,15,687.0,0.18340422454171143,33,1238.0
1490.0,31,192.0,1.6842105263157894,3.8256159025113194,16,422.0,0.21268852022463802,3,135.0,0.29539179701279916,12,669.0,0.22143043789352415,31,1226.0
1495.0,23,111.0,0.9568965517241379,4.204942366376135,16,439.0,0.19355243650705536,0,115.0,0.4295588247720236,7,542.0,0.20270318105235027,23,1096.0
1500.0,26,106.0,0.9137931034482759,4.660904874426509,14,433.0,0.1294120103909152,3,113.0,0.5279939093344478,9,385.0,0.17960258078406094,26,931.0
1505.0,28,112.0,0.9572649572649573,4.370260316900138,14,407.0,0.13073521355790646,8,143.0,0.4086038885637097,6,398.0,0.2351646739955706,28,948.0
1510.0,29,171.0,1.4741379310344827,4.223356062264802,16,357.0,0.14509074054209223,6,153.0,0.2733502587606257,7,429.0,0.24102303940672448,29,939.0
1515.0,22,98.0,0.8448275862068966,4.123167796765918,11,378.0,0.1739253062907748,5,133.0,0.2333268264189239,6,417.0,0.24157139915592532,22,928.0
1520.0,28,95.0,0.8333333333333334,4.970424288578262,14,378.0,0.24588646950110085,7,99.0,0.28314653012283486,7,293.0,0.2659649357976969,28,770.0
1525.0,18,72.0,0.631578947368421,4.908587633335511,8,366.0,0.2168518369136938,4,118.0,0.3928443016206004,6,225.0,0.2796276631697341,18,709.0
1530.0,15,44.0,0.3826086956521739,5.038645753843789,9,316.0,0.19229512265293386,4,127.0,0.4327427459497664,2,214.0,0.2815976068451806,15,657.0
1535.0,21,67.0,0.5677966101694916,4.4471668936574185,8,327.0,0.12959560693529076,7,126.0,0.2762954984135415,6,215.0,0.17181091710030394,21,668.0
1540.0,31,143.0,1.2654867256637168,3.9641480011045007,11,330.0,0.17066006809283388,7,114.0,0.16914809850015755,13,268.0,0.2105814554227807,31,712.0
1545.0,37,264.0,2.4220183486238533,3.2404478730875654,14,353.0,0.18213541681400924,5,126.0,0.17486930942946335,18,348.0,0.15303987391998378,37,827.0
1550.0,37,272.0,2.4504504504504503,3.2356550280529555,16,373.0,0.1285044543585527,5,130.0,0.2543704095687562,16,363.0,0.1441055002716277,37,866.0
1555.0,40,220.0,1.981981981981982,3.73716143317076,17,353.0,0.12397895089661455,10,170.0,0.32119141610608365,13,254.0,0.17251136559639552,40,777.0
1560.0,34,163.0,1.4424778761061947,4.099211672760109,15,375.0,0.09973734448380052,10,173.0,0.35283325642094626,9,214.0,0.2609860834948984,34,762.0
1565.0,31,140.0,1.1666666666666667,4.409127725788661,14,415.0,0.14127618851466867,9,143.0,0.3348830639082253,8,224.0,0.28248208632410204,31,782.0
1570.0,35,178.0,1.495798319327731,4.809529149889277,19,489.0,0.16107648887244266,5,160.0,0.36356025511733586,11,268.0,0.29190623327397264,35,917.0
1575.0,28,141.0,1.2818181818181817,3.6414694882634286,16,514.0,0.11591893552794758,5,180.0,0.26496029874828037,7,264.0,0.1919303025761156,28,958.0
1580.0,26,89.0,0.8090909090909091,3.375568101675068,13,458.0,0.12439488840244341,8,180.0,0.250146375563981,5,207.0,0.20925377008803425,26,845.0
1585.0,24,103.0,0.8879310344827587,4.450784530793558,14,379.0,0.22024884976062964,7,158.0,0.31421198426421526,3,194.0,0.26288884526228945,24,731.0
1590.0,30,148.0,1.2231404958677685,4.06544755009429,16,359.0,0.20587925008826477,4,175.0,0.2226216166862375,10,219.0,0.2258356574282333,30,753.0
1595.0,36,204.0,1.7,3.9801717220212938,13,377.0,0.2061668484154263,8,179.0,0.1835332538163617,15,276.0,0.15476355786495719,36,832.0
1600.0,43,324.0,2.7457627118644066,3.9624190987259045,11,366.0,0.2000849222137315,14,233.0,0.128307145583564,18,359.0,0.1531998566822768,43,958.0
1605.0,48,436.0,3.8584070796460175,3.593648780017117,14,389.0,0.21407177291331891,12,252.0,0.11970096090219083,22,461.0,0.1262777564893347,48,1102.0
1610.0,51,453.0,4.081081081081081,3.34837547101255,18,431.0,0.2217900242404586,9,212.0,0.1810933292558637,24,504.0,0.1361157116318425,51,1147.0
1615.0,45,442.0,4.0181818181818185,3.7444914778190186,22,513.0,0.1756801670461979,6,199.0,0.2854477635640581,17,462.0,0.2023230315673922,45,1174.0
1620.0,42,375.0,3.2327586206896552,4.0169074881077735,20,529.0,0.11120211052621455,5,219.0,0.36464554008561995,17,376.0,0.17346743587138813,42,1124.0
1625.0,37,247.0,2.111111111111111,4.212518915762785,20,440.0,0.1210117413846175,3,194.0,0.44938947163464843,14,432.0,0.20640240061819967,37,1066.0
1630.0,30,214.0,1.7983193277310925,4.583760618105716,14,478.0,0.23063168806097983,3,109.0,0.29050137056581515,13,478.0,0.23606554893832532,30,1065.0
1635.0,34,219.0,1.7804878048780488,4.7955081324051,16,549.0,0.22601142221509177,3,114.0,0.2742587044929721,15,544.0,0.23553026163661311,34,1207.0
1640.0,38,226.0,1.8991596638655461,4.150341884419979,17,632.0,0.1966308459831546,7,133.0,0.2902301369124904,14,536.0,0.09891818507944224,38,1301.0
1645.0,39,235.0,2.1363636363636362,3.2876288847451494,20,726.0,0.11339299755196618,5,133.0,0.2518836077208221,14,464.0,0.158192487593779,39,1323.0
1650.0,37,200.0,1.7543859649122806,3.5338424286600882,21,740.0,0.17738189145730504,7,96.0,0.23671215163992715,9,478.0,0.20431094475272848,37,1314.0
1655.0,30,157.0,1.3305084745762712,4.221026292802747,16,659.0,0.17597087359942656,3,109.0,0.39733735984428037,11,506.0,0.21264455824831865,30,1274.0
1660.0,34,167.0,1.403361344537815,3.7810937788570858,9,673.0,0.1682583559936729,7,115.0,0.2634193899613756,18,579.0,0.1225130226721068,34,1367.0
1665.0,47,271.0,2.336206896551724,3.3020792300700124,16,727.0,0.1882534091307986,8,125.0,0.058799647671727434,23,681.0,0.07244180853724723,47,1533.0
1670.0,51,423.0,3.9166666666666665,3.2043980402161933,19,811.0,0.15364222161776053,5,103.0,0.1669091368374644,27,804.0,0.12460810457440667,51,1718.0
1675.0,48,490.0,4.495412844036697,3.069366597941146,22,916.0,0.11173599886577912,2,83.0,0.3780422772582018,24,839.0,0.16440246809528383,48,1838.0
1680.0,45,383.0,3.3304347826086955,3.3137568591458133,21,918.0,0.07317269045272108,2,61.0,0.49025665839255433,22,777.0,0.16382299605923442,45,1756.0
1685.0,44,312.0,2.6218487394957983,4.163510526743067,18,823.0,0.11949125249226374,3,59.0,0.5780985988756975,23,653.0,0.15242884336807802,44,1535.0
1690.0,33,230.0,1.9008264462809918,4.811491236132052,14,644.0,0.208964022100355,4,63.0,0.5782192354270979,15,729.0,0.16243269068422006,33,1436.0
1695.0,33,195.0,1.6115702479338843,5.022188411801255,12,520.0,0.2758589661358437,6,48.0,0.46400559636172434,15,770.0,0.20462102243780936,33,1338.0
1700.0,26,166.0,1.3833333333333333,5.064334736127149,13,466.0,0.38248760457041714,1,36.0,0.4208230419231466,12,754.0,0.17998307085544785,26,1256.0
1705.0,30,162.0,1.35,4.981153664719695,13,375.0,0.34630241711421667,7,43.0,0.3523166122581736,10,649.0,0.15513130850486642,30,1067.0
1710.0,30,226.0,1.8833333333333333,4.702125981931167,10,347.0,0.3383333089439518,10,81.0,0.30684180972765407,10,633.0,0.15662651983238224,30,1061.0
1715.0,32,275.0,2.310924369747899,4.080849085966182,16,305.0,0.2420693589080787,7,92.0,0.20958452672606623,9,644.0,0.163193335716458,32,1041.0
1720.0,33,251.0,2.091666666666667,4.164334050849591,11,315.0,0.25281065076243076,7,59.0,0.18545226298937798,15,686.0,0.1966740629619205,33,1060.0
1725.0,37,281.0,2.4224137931034484,4.722819744570152,8,275.0,0.325697600645271,7,75.0,0.2867561315738357,22,776.0,0.1660196533451183,37,1126.0
1730.0,39,268.0,2.458715596330275,3.8179918139940465,8,240.0,0.3498092030042681,7,93.0,0.26160580509579173,24,790.0,0.0922463050122289,39,1123.0
1735.0,38,241.0,2.171171171171171,3.9086099424464082,8,241.0,0.3080064075033567,8,127.0,0.3106544541337028,22,709.0,0.08713786839668734,38,1077.0
1740.0,35,225.0,2.027027027027027,4.437417713532282,5,208.0,0.3268195045317752,6,140.0,0.3753537438279291,24,636.0,0.12209544889969404,35,984.0
1745.0,38,232.0,2.0530973451327434,4.597194780130188,8,171.0,0.3515136605811869,8,134.0,0.3359697385784771,22,553.0,0.1472555380153052,38,858.0
1750.0,32,218.0,1.912280701754386,5.013484152854576,9,155.0,0.2937097589109292,5,150.0,0.3037852979694259,18,513.0,0.23031893030302047,32,818.0
1755.0,23,156.0,1.368421052631579,5.145553113829018,5,148.0,0.2828820319186926,10,171.0,0.2582704169493423,8,517.0,0.2838779950838455,23,836.0
1760.0,25,92.0,0.8440366972477065,4.643580381289311,7,113.0,0.2632462715881002,9,192.0,0.19423408232809108,9,504.0,0.27261030552274795,25,809.0
1765.0,34,148.0,1.3097345132743363,4.434004911844656,10,128.0,0.2853131447527476,11,176.0,0.20933363435935287,13,505.0,0.27187285718784737,34,809.0
1770.0,26,131.0,1.1391304347826088,3.7693735338889147,8,136.0,0.3205374432086504,4,176.0,0.18166267093074537,14,505.0,0.22726893253303862,26,817.0
1775.0,31,133.0,1.1271186440677967,3.959374060894857,8,115.0,0.33272165186444075,9,195.0,0.22931802040569607,14,450.0,0.12254980976468738,31,760.0
1780.0,37,149.0,1.221311475409836,3.749396724603589,7,140.0,0.2228680629852311,11,207.0,0.226989805543923,19,372.0,0.1595849433651452,37,719.0
1785.0,35,188.0,1.5161290322580645,4.3537950969828945,10,158.0,0.29830622891143077,10,186.0,0.2593029568317714,15,376.0,0.2434750498791389,35,720.0
1790.0,38,292.0,2.3174603174603177,4.18315574166577,11,184.0,0.3023398324157297,9,205.0,0.15079789746487768,18,383.0,0.268937252162284,38,772.0
1795.0,34,245.0,1.856060606060606,4.44855048855183,9,192.0,0.3352974691411909,8,213.0,0.15903736699630844,17,397.0,0.2384751774955367,34,802.0
1800.0,39,224.0,1.7777777777777777,4.079808309294895,10,166.0,0.2550119800352803,15,260.0,0.10603739896977595,14,358.0,0.2036768668884195,39,784.0
1805.0,34,150.0,1.271186440677966,3.3101533449312828,8,191.0,0.18768872278940252,14,277.0,0.07958002892605749,12,341.0,0.19832401828899407,34,809.0
1810.0,35,126.0,1.1150442477876106,3.486231520176,11,208.0,0.2327043254346689,12,239.0,0.19761372283345724,12,322.0,0.2090126217629434,35,769.0
1815.0,29,105.0,0.8823529411764706,3.9103928469756726,8,217.0,0.26713980628044237,7,166.0,0.21136299338279838,14,336.0,0.2281715572906092,29,719.0
1820.0,26,97.0,0.7461538461538462,4.682996254817235,8,192.0,0.28560168815851794,5,149.0,0.2594504773232127,13,312.0,0.229867381922771,26,653.0
1825.0,29,127.0,1.016,4.257229552787751,13,227.0,0.20157697319908421,5,115.0,0.44492494339631955,11,308.0,0.18906151743844762,29,650.0
1830.0,33,170.0,1.3492063492063493,4.0483151371537875,18,286.0,0.1931682254038128,2,102.0,0.4759411388971614,13,293.0,0.18436268902999575,33,681.0
1835.0,35,144.0,1.051094890510949,3.6584130161660386,16,320.0,0.17326133907258554,6,127.0,0.38848431874260614,13,285.0,0.10981545333501165,35,732.0
1840.0,43,182.0,1.3,3.679521191120007,17,277.0,0.11190842122496687,13,178.0,0.23400596967012538,13,259.0,0.1267580762465119,43,714.0
1845.0,44,272.0,2.0763358778625953,3.7382520276647986,19,308.0,0.15330075591357512,12,205.0,0.1134829492707756,13,254.0,0.14036530284002538,44,767.0
1850.0,45,380.0,3.1147540983606556,4.019616791668263,18,398.0,0.12661333900213267,6,179.0,0.21792930727079796,21,312.0,0.2075358575097649,45,889.0
1855.0,46,347.0,2.9159663865546217,3.525670848394694,19,432.0,0.17150417574629187,6,135.0,0.35614706816768754,21,347.0,0.17264928983443348,46,914.0
1860.0,35,205.0,1.680327868852459,3.534366986111992,13,374.0,0.18452856824637767,2,133.0,0.3891270671850545,20,321.0,0.12342487205932756,35,828.0
1865.0,38,169.0,1.310077519379845,3.6777643353104126,11,420.0,0.14911076668859274,7,154.0,0.3599684559536477,20,393.0,0.1318634466444718,38,967.0
1870.0,41,225.0,1.7307692307692308,4.0024848669889925,15,479.0,0.1387715258900528,10,198.0,0.2010676659157951,16,437.0,0.15868499332395133,41,1114.0
1875.0,49,268.0,2.161290322580645,2.975027135142327,16,494.0,0.1127675189058965,16,264.0,0.06680234626412447,17,445.0,0.13170075561899244,49,1203.0
1880.0,42,327.0,2.7711864406779663,3.1097233862502365,10,434.0,0.17645348495343233,17,353.0,0.27412483767078427,15,407.0,0.09882232198927876,42,1194.0
1885.0,35,218.0,1.7580645161290323,3.219690477752442,8,454.0,0.17368255068524635,14,365.0,0.3051314200108683,13,460.0,0.127325807597552,35,1279.0
1890.0,32,153.0,1.16793893129771,3.7120657211747177,11,484.0,0.17894096111448432,8,279.0,0.24108854024068332,13,482.0,0.1642941921214392,32,1245.0
1895.0,34,162.0,1.255813953488372,3.632925699570606,9,461.0,0.17726124658233972,7,271.0,0.18229151719797576,18,531.0,0.1711098117182704,34,1263.0
1900.0,35,177.0,1.462809917355372,3.626393148779105,10,406.0,0.18271427384077726,8,294.0,0.2775222655185661,17,529.0,0.12999159003438052,35,1229.0
1905.0,41,232.0,1.9173553719008265,4.234079751443106,10,320.0,0.2098390825138079,12,345.0,0.2585941260054822,19,441.0,0.1242990595593056,41,1106.0
1910.0,35,220.0,1.7741935483870968,3.6905923040991815,6,329.0,0.18584078300089915,16,417.0,0.19246865671400076,13,495.0,0.1416838518004227,35,1241.0
1915.0,38,218.0,1.744,3.8214506649058047,9,305.0,0.20424058646040436,13,399.0,0.12778931072148206,16,536.0,0.1568394619147622,38,1240.0
1920.0,35,189.0,1.5491803278688525,4.525303830080205,7,294.0,0.2757777312516706,10,298.0,0.2418196867680674,18,606.0,0.17879252027006207,35,1198.0
1925.0,31,168.0,1.5,4.213230493139585,9,246.0,0.23994144362319994,4,228.0,0.3767833713759466,18,624.0,0.17664693172070906,31,1098.0
1930.0,30,164.0,1.4642857142857142,4.153848982452328,10,196.0,0.2121221863874149,6,253.0,0.31765741360300226,14,526.0,0.13645005303099253,30,975.0
1935.0,27,141.0,1.205128205128205,3.840047392585052,4,206.0,0.24139219159688838,10,298.0,0.23481963254312613,13,531.0,0.13020461201229633,27,1035.0
1940.0,31,181.0,1.5338983050847457,3.9816433092585886,5,180.0,0.23338279568340692,15,362.0,0.165468652276826,11,564.0,0.16571875716613646,31,1106.0
1945.0,40,272.0,2.4070796460176993,2.9183047809944656,7,180.0,0.11344770193717894,20,453.0,0.1369844359998749,13,542.0,0.12799707562918822,40,1175.0
1950.0,38,264.0,2.357142857142857,3.4009482796236976,9,160.0,0.19445411525041134,20,468.0,0.2112003775835897,9,435.0,0.18037272642637361,38,1063.0
1955.0,29,145.0,1.218487394957983,3.867645359504888,4,136.0,0.2882405243564749,18,402.0,0.1753316986119108,7,448.0,0.23923772711060196,29,986.0
1960.0,29,156.0,1.2682926829268293,4.419646260590375,3,102.0,0.29930719920894977,17,353.0,0.1703437741163022,9,462.0,0.24434029607909466,29,917.0
1965.0,31,181.0,1.4958677685950412,3.9839646203403167,5,97.0,0.2635561093404799,10,368.0,0.19622370549487456,16,512.0,0.1984405670658058,31,977.0
1970.0,36,236.0,1.91869918699187,4.000953208873584,6,79.0,0.2705892790008728,8,381.0,0.24378369305226819,22,598.0,0.1203498098408474,36,1058.0
1975.0,39,277.0,2.2892561983471076,3.5394355883515702,6,88.0,0.1402653671215267,13,413.0,0.21742318751048553,20,604.0,0.11010740684880876,39,1105.0
1980.0,37,222.0,1.85,3.5513753254486846,8,104.0,0.12917998164461272,13,415.0,0.20679354887022477,16,535.0,0.163409343577206,37,1054.0
1985.0,30,137.0,1.1416666666666666,3.511854105288286,5,95.0,0.1805991543472097,10,354.0,0.18023429602740015,15,572.0,0.21562814541018416,30,1021.0
1990.0,35,168.0,1.3770491803278688,4.151365472900593,5,68.0,0.21774141627655347,12,253.0,0.22783900924018397,18,645.0,0.23040039203676876,35,966.0
1995.0,32,229.0,1.9083333333333334,4.241974295507821,2,75.0,0.3217582303567027,10,232.0,0.26525941840208866,20,740.0,0.15494132122583595,32,1047.0
2000.0,31,169.0,1.4201680672268908,3.626800272313023,6,83.0,0.21566131155654245,7,236.0,0.25397898528554014,18,740.0,0.1260069885624189,31,1059.0
2005.0,31,168.0,1.4482758620689655,3.350318483154204,11,127.0,0.09268511024306021,5,210.0,0.2869747669113064,15,649.0,0.13322549133894035,31,986.0
2010.0,42,259.0,2.252173913043478,3.4017206198720253,17,201.0,0.0926712410668692,12,225.0,0.2768295500856761,13,646.0,0.13255662311339966,42,1072.0
2015.0,41,244.0,2.103448275862069,3.1424391405009415,17,240.0,0.11473617502480493,12,242.0,0.1761683124601109,12,692.0,0.157354306942031,41,1174.0
2020.0,36,184.0,1.6140350877192982,3.3065629466490765,12,234.0,0.21658549934867413,11,204.0,0.19314856714545411,13,670.0,0.19169523737855623,36,1108.0
2025.0,25,101.0,0.8782608695652174,3.857728460626533,11,263.0,0.2090918504532695,8,226.0,0.2867603833726828,6,546.0,0.19175964821002706,25,1035.0
2030.0,29,121.0,1.0341880341880343,3.7736946820378905,15,316.0,0.16763248798266553,9,250.0,0.21264000491452673,5,564.0,0.15907994918236898,29,1130.0
2035.0,30,118.0,1.0535714285714286,3.0058476860416294,13,338.0,0.11804036421220733,7,238.0,0.12978273406989074,10,605.0,0.14103248205790778,30,1181.0
2040.0,22,85.0,0.7727272727272727,3.6906528027691774,5,294.0,0.26790961668620844,7,188.0,0.22155133895900672,10,575.0,0.14508087138986783,22,1057.0
2045.0,18,64.0,0.5981308411214953,4.136571589953398,4,279.0,0.30553256356300673,6,162.0,0.30325527060686286,8,469.0,0.17376700818134497,18,910.0
2050.0,17,76.0,0.6666666666666666,4.600125519963677,8,298.0,0.1931178241883048,3,146.0,0.3530019074051452,6,361.0,0.20672055586516772,17,805.0
2055.0,19,53.0,0.45689655172413796,4.351641618402331,8,292.0,0.10354244244770908,6,134.0,0.3974019733336902,5,333.0,0.21388930667833264,19,759.0
2060.0,23,94.0,0.8245614035087719,4.451265118913218,4,247.0,0.1808143017152646,10,151.0,0.3416614392524355,9,350.0,0.19230593424698836,23,748.0
2065.0,23,124.0,1.158878504672897,4.047554436216815,1,216.0,0.23458261784442241,8,155.0,0.2373264652132626,14,404.0,0.18320373948747462,23,775.0
2070.0,30,134.0,1.2407407407407407,3.327056900875343,6,238.0,0.1944111956315954,9,122.0,0.1887979350102375,15,406.0,0.17743727904118795,30,766.0
2075.0,32,147.0,1.3611111111111112,3.337469197262553,13,286.0,0.1731717521857427,6,145.0,0.31043034724722085,13,311.0,0.1772641957047536,32,742.0
2080.0,33,158.0,1.4363636363636363,4.0209868842408305,9,289.0,0.22612465268397663,9,179.0,0.2965459837244123,15,267.0,0.18720596001453277,33,735.0
2085.0,25,127.0,1.1043478260869566,4.161527339790775,7,235.0,0.17906824290683584,10,227.0,0.26742495621811385,8,293.0,0.2016272329180594,25,755.0
2090.0,28,115.0,1.0454545454545454,3.8724772209124203,7,248.0,0.196310966505901,10,229.0,0.1447370238677423,11,313.0,0.22470585465598417,28,790.0
2095.0,34,166.0,1.4954954954954955,3.55254998676014,11,294.0,0.15792996480747168,8,181.0,0.13189224865556487,15,377.0,0.130987534710301,34,852.0
2100.0,33,159.0,1.4722222222222223,3.512218106159071,10,300.0,0.20005886220480293,8,203.0,0.24595231036266424,15,386.0,0.11576263362366541,33,889.0
2105.0,27,97.0,0.8899082568807339,4.037652453672473,6,250.0,0.18412590759223257,9,249.0,0.28182814497120373,12,304.0,0.19142662875170005,27,803.0
2110.0,20,68.0,0.6017699115044248,4.848422640737453,5,183.0,0.2381867181474425,8,247.0,0.3028044747030085,7,216.0,0.2548984089226114,20,646.0
2115.0,13,36.0,0.3157894736842105,5.481695490805834,2,179.0,0.3370020766068459,4,202.0,0.3062032250180116,7,169.0,0.3412942840815857,13,550.0
2120.0,19,72.0,0.6153846153846154,5.552309837647709,7,191.0,0.2692509043782804,4,189.0,0.3173778311887334,8,145.0,0.35049671384579095,19,525.0
2125.0,19,55.0,0.47413793103448276,5.113336631146743,6,185.0,0.2065680827390754,8,214.0,0.257637667796905,5,155.0,0.3630239001670426,19,554.0
2130.0,24,85.0,0.7657657657657657,4.494940875288456,7,150.0,0.2329454286260062,10,220.0,0.17620984926328548,7,155.0,0.29427237994295335,24,525.0
2135.0,24,119.0,1.1018518518518519,4.3902974708111335,5,138.0,0.2909646317836581,8,176.0,0.1558794377238116,11,199.0,0.30484201850757986,24,513.0
2140.0,27,177.0,1.5803571428571428,4.257546004272832,8,163.0,0.2425751807899297,4,187.0,0.20262710242838064,15,266.0,0.24377923663607062,27,616.0
2145.0,40,334.0,2.9557522123893807,3.7523240176107464,12,214.0,0.19754713835303897,8,203.0,0.18817276260755056,20,350.0,0.18269196783982855,40,767.0
2150.0,48,435.0,3.9908256880733943,2.4320360577740505,12,228.0,0.11085698184792578,10,201.0,0.15340892001664266,26,461.0,0.13418745949085864,48,890.0
2155.0,39,350.0,3.0973451327433628,3.1750653594292326,9,197.0,0.24342220891892463,7,139.0,0.16512611112231587,23,507.0,0.18248491116556328,39,843.0
2160.0,30,238.0,1.9833333333333334,3.661328180047491,6,191.0,0.2508873728448688,2,132.0,0.3078229070127051,21,477.0,0.16852357782817204,29,800.0
2165.0,34,249.0,1.9761904761904763,4.115902031715112,10,225.0,0.1909484549548154,6,150.0,0.26573862261664233,18,454.0,0.20443825832861764,34,829.0
2170.0,43,317.0,2.5772357723577235,3.6740812851759346,17,294.0,0.11325960571704886,8,146.0,0.2181259609800309,18,459.0,0.19694904933516627,43,899.0
2175.0,37,275.0,2.272727272727273,4.046155326326536,22,394.0,0.1396393237710634,7,108.0,0.22694043431229852,8,456.0,0.25692794846315875,37,958.0
2180.0,30,203.0,1.75,3.8176398762378105,16,418.0,0.1656327495125238,6,136.0,0.14913556846249573,8,428.0,0.26745471584421365,30,982.0
2185.0,35,186.0,1.6460176991150441,3.671788499769644,13,371.0,0.12488637082175652,10,169.0,0.1870192658145472,12,458.0,0.23222708683947893,35,998.0
2190.0,39,233.0,2.099099099099099,3.3762165750631272,10,287.0,0.1750128374296386,12,181.0,0.13322928972663814,17,525.0,0.09567081191038085,39,993.0
2195.0,41,322.0,2.900900900900901,3.373947213532169,10,236.0,0.2994247896565279,11,164.0,0.14982024668095062,20,618.0,0.15063781507079385,41,1018.0
2200.0,43,444.0,3.73109243697479,3.8253471524568248,9,246.0,0.3124417668850178,10,136.0,0.19890423190458306,24,725.0,0.19484745918468227,43,1107.0
2205.0,37,402.0,3.1904761904761907,3.624731922938045,7,258.0,0.3422805831771204,9,161.0,0.15559008283509856,21,754.0,0.19185871305961627,37,1173.0
2210.0,41,350.0,2.7131782945736433,3.878249708366326,9,259.0,0.2841734598929936,11,188.0,0.19550156008137073,21,700.0,0.14548225428994996,41,1147.0
2215.0,31,247.0,1.9448818897637796,3.292643696379001,7,286.0,0.2308479517503036,7,193.0,0.2120971453458613,17,754.0,0.12206626834158053,31,1233.0
2220.0,33,238.0,1.859375,3.5937148780159673,10,291.0,0.1844025795558057,6,162.0,0.21621150508867268,17,825.0,0.2001067661441453,33,1278.0
2225.0,36,218.0,1.6515151515151516,3.6263162014205355,13,310.0,0.2200736024448951,5,152.0,0.18036797676777908,18,829.0,0.17349391203805475,36,1291.0
2230.0,32,140.0,1.1111111111111112,3.446798057801387,12,335.0,0.19163125362459468,7,125.0,0.18645808150862228,13,745.0,0.1677952880512041,32,1205.0
2235.0,29,157.0,1.236220472440945,3.8912258341019856,16,339.0,0.1615788670061131,3,122.0,0.3085590296060139,10,677.0,0.1959562865113382,29,1138.0
2240.0,32,126.0,0.9402985074626866,3.8124408581269016,19,361.0,0.1735967128240418,4,93.0,0.29171775575844155,9,651.0,0.2548856952582186,32,1105.0
2245.0,27,117.0,0.8181818181818182,4.708191604182748,14,354.0,0.23794911304508196,6,100.0,0.3051221353606399,7,661.0,0.24560820540972372,27,1115.0
2250.0,29,131.0,0.9225352112676056,4.094395569266564,8,358.0,0.24702121061404236,8,108.0,0.22315701848672065,13,679.0,0.18939307279679035,29,1145.0
2255.0,36,148.0,1.0962962962962963,3.4884103941958733,9,323.0,0.19403873296899365,11,110.0,0.1867278513786349,16,677.0,0.16105451381480507,36,1110.0
2260.0,35,118.0,0.9076923076923077,2.97283647272311,11,333.0,0.15429863295049853,8,143.0,0.22297660032243044,16,591.0,0.10178290787792536,35,1067.0
2265.0,38,162.0,1.2,4.02938688220586,12,309.0,0.1644102070257471,10,156.0,0.27924519847344376,16,490.0,0.19860581704493363,38,955.0
2270.0,27,167.0,1.237037037037037,4.12441123830745,11,318.0,0.1685482339744751,6,156.0,0.27660277115247867,10,372.0,0.22685103045128002,27,846.0
2275.0,31,213.0,1.6640625,4.377580754804921,13,293.0,0.1366384504973889,10,159.0,0.32199819638426586,8,339.0,0.29096443878893635,31,791.0
2280.0,30,160.0,1.2403100775193798,4.076529621439353,11,289.0,0.12460173572588484,11,156.0,0.2578946175443314,8,319.0,0.28787632807683783,30,764.0
2285.0,31,176.0,1.3643410852713178,4.298144322693427,6,277.0,0.14222264766688336,16,185.0,0.17802829867678532,9,279.0,0.24600458849350998,31,741.0
2290.0,45,321.0,2.588709677419355,3.950017770118546,13,275.0,0.14057713982438425,23,275.0,0.09324955848690464,9,269.0,0.2063980140332778,45,819.0
2295.0,52,524.0,4.763636363636364,3.2840030490229237,15,331.0,0.11221243878493509,28,404.0,0.14551447134915874,9,219.0,0.17839203027186928,52,954.0
2300.0,52,671.0,6.1,3.5936408048966864,12,336.0,0.1246771202433024,29,548.0,0.12597204994859648,11,162.0,0.2279731640886029,52,1046.0
2305.0,44,606.0,5.509090909090909,3.9065077855011245,9,261.0,0.1850050877565511,25,615.0,0.1786160753082384,10,191.0,0.2534705346183178,44,1067.0
2310.0,39,423.0,3.743362831858407,4.062396140532628,9,180.0,0.27069978882843976,23,596.0,0.14024604673352167,7,182.0,0.30226652815207194,39,958.0
2315.0,36,279.0,2.3846153846153846,4.084649120092252,9,222.0,0.24156082519120822,20,689.0,0.1423182103538312,7,136.0,0.33088726167157695,36,1047.0
2320.0,40,232.0,2.0350877192982457,4.213600650560202,13,275.0,0.18206997137016556,19,789.0,0.10751868930084714,8,122.0,0.35554877743956337,40,1186.0
2325.0,46,343.0,3.175925925925926,3.1619219258444082,13,337.0,0.1393439767459889,19,883.0,0.08758733979971349,14,129.0,0.17440783371532606,46,1349.0
2330.0,56,525.0,5.147058823529412,2.1772414847493877,16,367.0,0.1280087288200183,23,984.0,0.04972452618830101,17,194.0,0.128045170403115,56,1545.0
2335.0,58,632.0,5.906542056074766,2.2273407394090707,16,400.0,0.1049915127626795,23,1006.0,0.058130758393685124,19,284.0,0.11516346275034506,58,1690.0
2340.0,56,716.0,6.884615384615385,2.430996989244785,17,450.0,0.13986850006815552,19,874.0,0.11599628232468073,20,383.0,0.14369934329756,56,1707.0
2345.0,51,651.0,5.918181818181818,2.430069658529363,19,542.0,0.12572065217607278,15,951.0,0.08727722896382277,17,422.0,0.18356974365051382,51,1915.0
2350.0,51,620.0,5.43859649122807,2.715839462941626,21,644.0,0.1240828269386427,14,1028.0,0.1648530369015077,16,392.0,0.19404107346138652,51,2064.0
2355.0,57,708.0,6.2105263157894735,2.0105724031390664,25,753.0,0.06855179040329414,18,1112.0,0.10400089048473062,14,459.0,0.14708233576481014,57,2324.0
2360.0,58,747.0,6.1735537190082646,2.4175870219463236,25,824.0,0.06629773033765188,15,1080.0,0.09952246245508056,18,543.0,0.11843130031835152,58,2447.0
2365.0,49,534.0,4.45,2.911279186220605,19,856.0,0.14114931058523197,13,887.0,0.13942438026051737,17,630.0,0.1847734040113676,49,2373.0
2370.0,41,264.0,2.2184873949579833,3.345231835672115,18,772.0,0.16099778283519459,13,886.0,0.16632336394778327,10,634.0,0.18569569258379143,41,2292.0
2375.0,32,163.0,1.4051724137931034,3.6607763042901373,12,787.0,0.19002022565515153,10,940.0,0.19096677976914117,10,564.0,0.2157288754427682,32,2291.0
2380.0,31,129.0,1.131578947368421,3.0383280305814795,15,801.0,0.11210280617791384,7,880.0,0.19069716294588152,9,592.0,0.1641852359327554,31,2273.0
2385.0,30,112.0,0.9655172413793104,3.336436755662965,11,814.0,0.16585943615807913,6,715.0,0.1835846827571175,13,644.0,0.11265636870592735,30,2173.0
2390.0,24,133.0,1.1875,3.840455083627803,8,775.0,0.18737814973156305,1,622.0,0.20358448888219285,15,711.0,0.16897373785511308,24,2108.0
2395.0,27,174.0,1.6730769230769231,3.569000381333514,12,725.0,0.1813431735574651,6,637.0,0.13848814610210242,9,704.0,0.18473915557057802,27,2066.0
2400.0,27,138.0,1.38,3.0374246355199093,12,710.0,0.09343704922721296,8,582.0,0.1946650579546969,7,618.0,0.22101372173625183,27,1910.0
2405.0,21,108.0,1.0588235294117647,3.864186278484589,11,638.0,0.17937195983488513,3,426.0,0.29847274960058345,7,596.0,0.23887463932292477,21,1660.0
2410.0,22,125.0,1.1574074074074074,4.593569708444154,12,534.0,0.25979509698586467,2,221.0,0.2773060681144914,8,636.0,0.2763650661548223,22,1391.0
2415.0,22,118.0,1.0727272727272728,4.385966173649239,8,555.0,0.308259600920621,3,218.0,0.2370045985681892,11,687.0,0.23412144302917617,22,1460.0
2420.0,33,191.0,1.7522935779816513,4.406214674041338,11,567.0,0.24415196489184912,9,245.0,0.2354211359735817,13,752.0,0.15904578537580752,33,1564.0
2425.0,41,302.0,2.99009900990099,2.8667090653464817,14,623.0,0.16837070191910697,9,231.0,0.11909970118980064,18,831.0,0.09201074865701946,41,1685.0
2430.0,42,371.0,3.8247422680412373,2.644028335087514,10,612.0,0.21235355463711011,7,166.0,0.14164890797574223,25,940.0,0.12101265812395111,42,1718.0
2435.0,34,298.0,2.9504950495049505,3.6921074118748276,8,522.0,0.2938503514280531,4,139.0,0.3057254682318542,22,953.0,0.1409977268520468,34,1614.0
2440.0,32,266.0,2.66,4.147183969484928,6,386.0,0.2755994831270679,8,160.0,0.2727248937392848,18,861.0,0.14023166119448607,32,1407.0
2445.0,41,282.0,2.737864077669903,3.393627255486804,9,410.0,0.19742232144987926,14,215.0,0.16984642557323654,18,942.0,0.1151937236734006,41,1567.0
2450.0,40,298.0,2.9504950495049505,3.1681008387754517,9,446.0,0.1827563766250647,12,226.0,0.16743420626392364,19,1031.0,0.08748022157497022,40,1703.0
2455.0,37,248.0,2.5306122448979593,3.081642513691191,13,508.0,0.2064315218739735,9,170.0,0.18357749096978945,15,1016.0,0.13379576442840807,37,1694.0
2460.0,24,154.0,1.5876288659793814,4.643988958205842,9,489.0,0.30161490390334006,7,125.0,0.4181240642158128,8,870.0,0.24607102935214603,24,1484.0
2465.0,16,43.0,0.43434343434343436,4.497482349290879,8,389.0,0.2517488015331354,3,128.0,0.43415865932213776,5,883.0,0.2209293502174928,16,1400.0
2470.0,23,85.0,0.8415841584158416,4.11668347297175,6,264.0,0.24185803766982275,7,152.0,0.21332907882024388,10,914.0,0.10422175963179492,23,1330.0
2475.0,26,133.0,1.316831683168317,3.3889005035802957,3,271.0,0.1868252709347465,7,152.0,0.14758784721340687,16,980.0,0.06977272048677027,26,1403.0
2480.0,35,233.0,2.402061855670103,3.195756531558803,11,310.0,0.22298350903188977,2,119.0,0.2525486785672395,22,1078.0,0.11523863529552816,35,1507.0
2485.0,31,224.0,2.357894736842105,3.0722717914859508,7,307.0,0.2457695693543225,4,127.0,0.22253430103611005,20,1060.0,0.1701553925859737,31,1494.0
2490.0,27,160.0,1.6494845360824741,3.8604895238755477,3,233.0,0.29489331299211996,8,163.0,0.32504420631555403,16,920.0,0.10138641619444437,27,1316.0
2495.0,21,94.0,0.9215686274509803,3.4128342258425053,4,240.0,0.1732682225193391,6,161.0,0.21585583219502216,11,880.0,0.12296924649521387,21,1281.0
2500.0,31,144.0,1.3846153846153846,3.9208079171330286,9,275.0,0.1475141226667579,7,125.0,0.2622663760595182,15,949.0,0.18326268472826399,31,1349.0
2505.0,27,124.0,1.2156862745098038,3.564652274570179,6,255.0,0.21853029450571596,8,96.0,0.258825274663685,13,908.0,0.18580077423013366,27,1259.0
2510.0,11,33.0,0.3235294117647059,4.431269465725468,2,164.0,0.20616891790756034,4,101.0,0.3492170994604077,5,749.0,0.24897501272062092,11,1014.0
2515.0,16,38.0,0.35185185185185186,4.3457633687457635,6,177.0,0.12944735559131174,7,112.0,0.31651286488801805,3,685.0,0.20632007688296733,16,974.0
2520.0,28,140.0,1.25,4.2813720055638695,9,210.0,0.12051583154103113,11,160.0,0.2467298836037821,8,713.0,0.15041923547840408,28,1083.0
2525.0,27,126.0,1.2233009708737863,2.9729095863081327,8,201.0,0.14401782589383066,10,177.0,0.10114168080858596,9,656.0,0.12931700222413003,27,1034.0
2530.0,22,85.0,0.8762886597938144,4.022590972462801,7,158.0,0.24435627095146048,9,137.0,0.2979549530007642,6,508.0,0.23395347779438339,22,803.0
2535.0,16,73.0,0.7156862745098039,4.911407454590473,7,143.0,0.235444893310488,6,157.0,0.3725321319254877,3,330.0,0.2771211214786098,16,630.0
2540.0,21,92.0,0.8518518518518519,4.8039162888604965,8,130.0,0.24509538363721237,11,191.0,0.2801118642922022,2,315.0,0.2665102868372255,21,636.0
2545.0,24,183.0,1.6788990825688073,4.182608316380515,8,173.0,0.25676014307054024,10,246.0,0.1625067377329603,6,328.0,0.2516503031177842,24,747.0
2550.0,26,202.0,1.9611650485436893,3.2846671018473717,8,178.0,0.20534118896029227,11,260.0,0.126404317260211,7,304.0,0.1895146497488874,26,742.0
2555.0,19,82.0,0.82,3.8498438410439753,6,166.0,0.24176671885341333,7,229.0,0.20918283143803115,6,233.0,0.2655053930482383,19,628.0
2560.0,18,99.0,0.9611650485436893,5.251654952039615,6,110.0,0.31034767628719423,5,158.0,0.29199155764528967,7,134.0,0.2840831670965324,18,402.0
2565.0,18,122.0,1.1730769230769231,5.880753991368366,6,114.0,0.3350383922842899,4,116.0,0.37434146906144,8,136.0,0.34213775510133654,18,366.0
2570.0,19,167.0,1.7040816326530612,6.435829933999714,6,114.0,0.2785932239634955,4,92.0,0.5086698824345762,9,137.0,0.36401715610797086,19,343.0
2575.0,16,187.0,1.9081632653061225,5.99464860169848,5,116.0,0.20331383706297804,1,77.0,0.5188142720608603,10,170.0,0.3972763480563218,16,363.0
2580.0,21,123.0,1.23,5.4671817108838745,10,147.0,0.11633292677219194,7,102.0,0.4513502267661488,4,149.0,0.3450657742841867,21,398.0
2585.0,23,78.0,0.8125,3.9268850079492506,12,164.0,0.1074688649367136,6,112.0,0.21606626232304563,5,77.0,0.26372767764941296,23,353.0
2590.0,14,45.0,0.4945054945054945,4.690542998126509,6,153.0,0.24261575949115877,4,85.0,0.2981819703586942,4,74.0,0.2822915483519143,14,312.0
2595.0,18,61.0,0.6703296703296703,5.3126139998025215,6,150.0,0.25955955678986575,5,65.0,0.35206523178607696,7,84.0,0.34305209476161624,18,299.0
2600.0,13,44.0,0.4782608695652174,5.722031734028333,10,195.0,0.21245579284208044,1,61.0,0.4016070125709432,2,53.0,0.46188807564069023,13,309.0
2605.0,21,64.0,0.7111111111111111,4.748113019353616,9,211.0,0.16889652847205755,7,76.0,0.20162920393093908,5,38.0,0.409852413562074,21,325.0
2610.0,24,112.0,1.2727272727272727,3.79344196591137,3,179.0,0.20255675918899585,13,132.0,0.14132089777794646,8,50.0,0.22997475909343756,24,361.0
2615.0,22,115.0,1.3372093023255813,4.6063419225341375,2,117.0,0.27926478987708625,14,171.0,0.2698224931108002,6,58.0,0.2580210331413403,22,346.0
2620.0,11,46.0,0.5054945054945055,5.961825726832173,6,98.0,0.3205425459824416,4,142.0,0.37843585830148535,1,44.0,0.4201915708695095,11,284.0
2625.0,16,75.0,0.8064516129032258,5.965335636242909,5,85.0,0.35125263282715496,4,151.0,0.29646346898297343,7,54.0,0.3652343060697127,16,290.0
2630.0,22,154.0,1.7303370786516854,5.4626055566783664,4,87.0,0.4498252328305906,9,178.0,0.19837321373249814,9,95.0,0.3332399642075372,22,360.0
2635.0,23,154.0,1.7906976744186047,3.471816557634279,1,56.0,0.35769889405184413,8,179.0,0.14504369592669675,14,156.0,0.09802195469651763,23,391.0
2640.0,29,241.0,2.7701149425287355,4.442267646303269,5,43.0,0.4058459426926506,4,133.0,0.21374774371182978,20,242.0,0.15841168856718285,29,418.0
2645.0,28,340.0,3.953488372093023,4.056248422709075,4,53.0,0.3670737024921535,4,91.0,0.16631570876343899,20,341.0,0.19266997891423365,28,485.0
2650.0,26,295.0,3.511904761904762,4.670808708339855,5,37.0,0.4311517742681739,5,84.0,0.2715612372570835,16,369.0,0.23032276372851346,26,490.0
2655.0,18,186.0,2.0898876404494384,4.868768274440761,2,42.0,0.35380939146516655,5,89.0,0.32067211530781925,11,312.0,0.2621005766448143,18,443.0
2660.0,23,105.0,1.105263157894737,4.458150431673118,8,72.0,0.20246349001545183,3,74.0,0.37523034941005784,12,359.0,0.19342600855059688,23,505.0
2665.0,32,174.0,1.8125,3.9059466342973477,14,127.0,0.15996935252635722,4,40.0,0.3561538157144678,14,421.0,0.15032925192572907,32,588.0
2670.0,38,248.0,2.610526315789474,2.542680350586205,20,214.0,0.1553465159360617,6,54.0,0.12193577759380203,12,428.0,0.12987647977705372,38,696.0
2675.0,40,338.0,3.484536082474227,2.9440508666680487,24,317.0,0.15115991849432445,8,72.0,0.1629893261239526,8,361.0,0.17968717628115735,40,750.0
2680.0,29,289.0,2.8613861386138613,3.9257201183330666,20,371.0,0.16414359249302615,2,73.0,0.3451875695935258,7,293.0,0.25952766812269495,29,737.0
2685.0,30,186.0,1.7383177570093458,4.310408832961132,17,354.0,0.12862623600214174,5,76.0,0.4569643114005476,8,273.0,0.20840174025966776,30,703.0
2690.0,30,174.0,1.5963302752293578,4.237306827777222,13,393.0,0.12594291947176942,8,101.0,0.31351865887323693,9,293.0,0.17913606138716417,30,787.0
2695.0,42,246.0,2.3883495145631066,3.1752245299358064,16,465.0,0.0891979435284374,15,165.0,0.12074589637606369,11,293.0,0.14214474376489578,42,923.0
2700.0,43,313.0,3.2268041237113403,2.777959906898124,13,481.0,0.0882391192433748,20,257.0,0.17774218884325016,10,251.0,0.16950949683246538,43,989.0
2705.0,32,385.0,3.9690721649484537,4.097561216134127,5,378.0,0.17672454134596047,21,356.0,0.26960684656941913,6,189.0,0.21846682539333065,32,923.0
2710.0,27,355.0,3.55,4.639903803810374,3,289.0,0.2074068569965171,16,389.0,0.308980519502352,8,171.0,0.21904566641353074,27,849.0
2715.0,20,180.0,1.7821782178217822,4.56480686084273,3,265.0,0.22966380806223394,11,348.0,0.21021767350752432,6,155.0,0.2597546615008652,20,768.0
2720.0,25,119.0,1.19,4.301558894001209,6,284.0,0.29826904852099095,12,398.0,0.09856871804602646,7,146.0,0.27808536581641374,25,828.0
2725.0,30,193.0,1.9896907216494846,3.9755127254381377,8,321.0,0.21015610396602122,13,459.0,0.11228735966374322,9,140.0,0.29362144644176574,30,920.0
2730.0,31,205.0,2.1808510638297873,3.163809506048254,7,308.0,0.22043526278483244,8,445.0,0.14126600639891176,16,193.0,0.10868040197011276,31,946.0
2735.0,34,257.0,2.622448979591837,3.5440764824159596,6,224.0,0.2707196372865468,9,323.0,0.1925868548676771,19,281.0,0.17669028001628545,34,828.0
2740.0,34,344.0,3.44,3.720935853583878,7,247.0,0.2919796206733352,4,324.0,0.23245775133498703,23,387.0,0.2033788138500613,34,958.0
2745.0,44,495.0,4.805825242718447,3.5968076448052897,8,278.0,0.20146697744873268,8,348.0,0.14981166808733834,28,509.0,0.10923494723334243,44,1135.0
2750.0,44,630.0,6.3,2.4824023030676123,6,274.0,0.14634576134834865,7,327.0,0.14665331904458712,31,654.0,0.017672514856395257,44,1255.0
2755.0,36,538.0,5.723404255319149,3.158253773852248,4,235.0,0.2970874324341722,3,242.0,0.24037189739499723,29,719.0,0.10859751333100155,36,1196.0
2760.0,25,391.0,3.989795918367347,4.333991286980317,2,247.0,0.3155431799710095,3,124.0,0.3144644223776208,20,676.0,0.18324267053439952,25,1047.0
2765.0,23,346.0,3.392156862745098,4.971202179213892,5,268.0,0.3266827336637219,3,133.0,0.3573619797326558,15,602.0,0.1782003719531948,23,1003.0
2770.0,29,319.0,3.19,5.026168507778683,10,305.0,0.21696426706076977,9,165.0,0.32501865132596947,10,531.0,0.26384609383437696,29,1001.0
2775.0,30,296.0,3.0833333333333335,4.549148776225916,15,367.0,0.10251202032720329,8,162.0,0.28137128270612793,7,450.0,0.3606458199352187,30,979.0
2780.0,23,174.0,1.831578947368421,4.764845182373494,15,394.0,0.14299569980351598,5,123.0,0.2683257067165114,3,408.0,0.4832419359981555,23,925.0
2785.0,18,123.0,1.3085106382978724,5.609508184259988,12,317.0,0.20424831411455024,4,77.0,0.3440831709795806,2,365.0,0.48871905022477286,18,759.0
2790.0,23,148.0,1.510204081632653,5.356494621549373,12,360.0,0.18946161893538385,4,69.0,0.338767161503068,7,377.0,0.43918862980803475,23,806.0
2795.0,29,170.0,1.7171717171717171,5.2264435514515535,17,430.0,0.24147260071959556,4,73.0,0.43995672763904237,8,363.0,0.31144069666382906,29,866.0
2800.0,22,98.0,1.0208333333333333,4.581004048661003,13,449.0,0.2065903538324834,4,55.0,0.40889997265023764,5,297.0,0.28102486165430907,22,801.0
2805.0,16,66.0,0.6875,4.215064380952253,6,393.0,0.1790312177157633,9,56.0,0.3123285799856518,1,259.0,0.21071443391889663,16,708.0
2810.0,26,158.0,1.6631578947368422,4.466965064998604,5,297.0,0.21663000158078777,14,113.0,0.2235182402227943,7,281.0,0.2096645388316141,26,691.0
2815.0,41,277.0,2.826530612244898,3.1403016097165444,7,293.0,0.15763005432809074,20,204.0,0.10200891086862403,14,332.0,0.15110606010533287,41,829.0
2820.0,38,286.0,2.948453608247423,3.098583963300182,8,306.0,0.20259814753966146,17,258.0,0.05809813297556834,13,343.0,0.10780639475055552,38,907.0
2825.0,29,206.0,2.1914893617021276,4.542599697373773,11,348.0,0.19845981011849204,10,250.0,0.20621051499011542,8,280.0,0.27983519451163824,29,878.0
2830.0,17,93.0,0.9893617021276596,5.621736101259383,9,348.0,0.28708019349920166,2,179.0,0.3804436399930258,6,160.0,0.32858219042182524,17,687.0
2835.0,14,72.0,0.782608695652174,6.6809391389980455,7,282.0,0.3391253968884086,1,108.0,0.5156453127814203,6,104.0,0.4099204476703396,14,494.0
2840.0,12,70.0,0.7777777777777778,6.123137477411711,6,201.0,0.27492888587973885,2,103.0,0.4266419928534577,4,89.0,0.39336583674508757,12,393.0
2845.0,16,120.0,1.2903225806451613,6.254995949948187,5,178.0,0.27935472737498174,7,128.0,0.3394411983881453,4,95.0,0.48932302802198413,16,401.0
2850.0,21,198.0,2.302325581395349,5.610832499976111,4,136.0,0.2984990124445072,13,181.0,0.24758311200305702,4,106.0,0.4383838357670221,21,423.0
2855.0,29,317.0,3.686046511627907,5.096480897532271,3,101.0,0.43131560049704437,20,264.0,0.1970978867984948,6,127.0,0.3084838231808679,29,492.0
2860.0,28,233.0,2.7738095238095237,4.382247516615045,5,88.0,0.4851483356273229,21,309.0,0.16418460653892702,2,85.0,0.2441635465872123,28,482.0
2865.0,28,169.0,1.9651162790697674,4.3490089407641355,3,81.0,0.4846264037109828,21,298.0,0.1009811968161093,4,30.0,0.36321733702493525,28,409.0
2870.0,30,147.0,1.7093023255813953,4.44934325628386,5,61.0,0.42394436686556225,19,365.0,0.11233002578483216,6,42.0,0.41708777750876236,30,468.0
2875.0,24,130.0,1.5853658536585367,4.180809853795038,6,71.0,0.338320806729795,16,450.0,0.10401003363570761,2,38.0,0.4763778215481203,24,559.0
2880.0,21,59.0,0.7108433734939759,3.341547517282018,9,97.0,0.20622330872683392,10,463.0,0.10621338366484945,2,26.0,0.33867764597088923,21,586.0
2885.0,17,78.0,0.9285714285714286,3.9304317495176275,8,119.0,0.2965921048185015,2,395.0,0.17848293933532547,7,47.0,0.294751953909364,17,561.0
2890.0,12,32.0,0.3595505617977528,4.188046035246377,3,116.0,0.2828971127471292,4,394.0,0.16000711430232242,5,58.0,0.3849768186059199,12,568.0
2895.0,13,51.0,0.5730337078651685,4.344272198111943,3,100.0,0.25678885265327556,7,425.0,0.14601835068599597,3,44.0,0.37891951959252934,13,569.0
2900.0,16,44.0,0.5,3.66291477917582,4,92.0,0.20602953411799702,8,417.0,0.11306734595253061,4,46.0,0.23083556292049492,16,555.0
2905.0,14,51.0,0.5862068965517241,4.393683202396029,2,67.0,0.27995204391878464,5,361.0,0.1799709946506584,7,76.0,0.33122459607896754,14,504.0
2910.0,13,42.0,0.4772727272727273,4.755846779163113,2,53.0,0.3621239690032709,5,271.0,0.18541224620211358,6,83.0,0.34847089155473887,13,407.0
2915.0,10,43.0,0.4777777777777778,5.33448557824814,3,62.0,0.3658557202924115,2,201.0,0.28929606200255104,5,59.0,0.4079242465398729,10,322.0
2920.0,7,18.0,0.1956521739130435,5.070024725745628,4,61.0,0.31801162142827527,2,175.0,0.31217999725782947,1,66.0,0.38942862462978467,7,302.0
2925.0,16,56.0,0.6153846153846154,4.232743971007097,5,52.0,0.26334267029623637,6,202.0,0.27395437481831536,5,82.0,0.24877705089586663,16,336.0
2930.0,18,64.0,0.7032967032967034,3.7422948498446207,6,64.0,0.21325261083473362,7,195.0,0.27573453907205125,5,85.0,0.17107506948699763,18,344.0
2935.0,8,59.0,0.6276595744680851,4.6810766649490025,4,76.0,0.2519174740501731,2,137.0,0.280660710906005,2,61.0,0.31427334699878995,8,274.0
2940.0,7,76.0,0.7916666666666666,5.864921656178772,4,85.0,0.2818840298004092,3,65.0,0.32680313400344885,0,31.0,0.48136981468551043,7,181.0
2945.0,2,4.0,0.043010752688172046,5.8012834315552215,2,60.0,0.29373692688393743,0,43.0,0.30272968146502294,0,9.0,0.5247203732333798,2,112.0
2950.0,13,40.0,0.425531914893617,5.132899035244025,7,41.0,0.20576697360770818,5,55.0,0.23759595595154975,1,10.0,0.36595497053947856,13,106.0
2955.0,23,113.0,1.2988505747126438,3.397932888014652,11,89.0,0.10583521702013368,5,62.0,0.2404245566095382,7,35.0,0.21824616643153572,23,186.0
2960.0,23,100.0,1.1904761904761905,3.184682738557214,12,123.0,0.16434361726588625,3,44.0,0.20639918248562625,8,61.0,0.254471110568591,23,228.0
2965.0,12,42.0,0.4883720930232558,4.934243853956779,7,112.0,0.24761694720974928,1,27.0,0.3492267194647436,4,54.0,0.3277040205621034,12,193.0
2970.0,11,36.0,0.4090909090909091,5.659189490894689,6,94.0,0.32122147711971294,1,25.0,0.36796131963938056,4,59.0,0.35756823982800434,11,178.0
2975.0,20,79.0,0.8681318681318682,5.07255317573501,5,83.0,0.2937337129149901,6,47.0,0.2474973806082709,9,91.0,0.2760623364270382,20,221.0
2980.0,30,176.0,2.0,3.5067491778430298,4,90.0,0.25212188034833005,12,95.0,0.1266981400707712,14,154.0,0.17875167721357085,30,339.0
2985.0,40,272.0,3.238095238095238,2.57580832311786,6,119.0,0.1852096202768259,14,134.0,0.07655190334540433,20,237.0,0.11458793708717671,40,490.0
2990.0,28,225.0,2.6785714285714284,3.5315395313165965,4,129.0,0.2616389853987356,8,135.0,0.12786930931197013,16,284.0,0.17614427932483015,28,548.0
2995.0,20,102.0,1.2592592592592593,4.418402878970263,3,103.0,0.3350857739661824,7,176.0,0.2782101400700512,10,236.0,0.22794357277455984,20,515.0
3000.0,20,100.0,1.1363636363636365,4.017519329785952,0,68.0,0.3202816095854175,9,219.0,0.204941513394165,11,257.0,0.19496093103947393,20,544.0
3005.0,23,96.0,1.0434782608695652,3.833011769054836,0,50.0,0.38990536495538913,12,235.0,0.14303988244890298,11,308.0,0.11784925171963119,23,593.0
3010.0,24,110.0,1.2359550561797752,3.5424648891267907,2,58.0,0.40373689982783373,6,202.0,0.15167006504358946,16,381.0,0.13255704645754196,24,641.0
3015.0,25,185.0,2.102272727272727,3.924024817769509,4,74.0,0.3977138709034217,4,144.0,0.19315406069354887,17,466.0,0.18257140131756303,25,684.0
3020.0,31,295.0,3.3908045977011496,3.187573310401889,9,106.0,0.3298639259544944,3,147.0,0.24030878019043053,19,560.0,0.16004421362667867,31,813.0
3025.0,44,437.0,4.802197802197802,2.4447691916642746,8,121.0,0.2647000625998552,9,175.0,0.12239781722653462,27,679.0,0.05896325349195989,44,975.0
3030.0,53,630.0,6.923076923076923,1.9447652626959753,7,115.0,0.20922001467134424,13,231.0,0.13928645671433315,33,831.0,0.008822951946066521,53,1177.0
3035.0,56,781.0,8.308510638297872,1.5372014944217685,7,146.0,0.11314116868506373,10,240.0,0.12123601473928132,39,1011.0,0.0015005789143077196,56,1397.0
3040.0,51,727.0,7.652631578947369,2.501025386870536,11,199.0,0.1624696770687844,6,181.0,0.17848932930485956,34,1084.0,0.09745648237837398,51,1464.0
3045.0,39,520.0,5.591397849462366,2.714209865598253,7,213.0,0.16593259195962015,8,214.0,0.1819242184207159,24,1013.0,0.10168017589866325,39,1440.0
3050.0,38,430.0,4.623655913978495,2.805745730142134,4,183.0,0.22091082375052704,11,269.0,0.24447526179886106,23,1130.0,0.0681381567172075,38,1582.0
3055.0,28,322.0,3.4623655913978495,2.2958086767140036,2,174.0,0.1452132130805052,6,256.0,0.208022639395742,20,1237.0,0.07156413915179567,28,1667.0
3060.0,30,277.0,2.978494623655914,2.60352207269833,7,203.0,0.1954328258747672,2,174.0,0.1691108755048313,21,1341.0,0.12197880280671722,30,1718.0
3065.0,36,317.0,3.4835164835164836,2.4882865861446652,9,240.0,0.20386757288243015,4,121.0,0.15598869905469143,23,1454.0,0.09669882180591752,36,1815.0
3070.0,39,348.0,3.782608695652174,2.397706339712036,13,293.0,0.2120324988144429,3,97.0,0.24695742731035,23,1435.0,0.09055942608894914,39,1825.0
3075.0,38,368.0,3.956989247311828,2.740061227218863,16,363.0,0.15421210555693293,2,99.0,0.45581091480501806,20,1295.0,0.09577632710680911,38,1757.0
3080.0,48,464.0,4.833333333333333,2.138082132070567,22,458.0,0.02840466801824233,5,116.0,0.41907079573103856,21,1344.0,0.07052505999943089,48,1918.0
3085.0,53,462.0,4.762886597938144,1.8382709894319906,20,490.0,0.029264796347203102,8,149.0,0.20571051768329338,25,1463.0,0.0640920683565298,53,2102.0
3090.0,51,490.0,5.051546391752577,1.8257848487289141,16,443.0,0.09477179179654434,11,198.0,0.10647812464287182,24,1583.0,0.06783302218457823,51,2224.0
3095.0,46,427.0,4.402061855670103,2.264956760000993,16,510.0,0.11395521082212605,14,236.0,0.13951079042477155,16,1546.0,0.10864830304433294,46,2292.0
3100.0,43,414.0,4.181818181818182,2.950099993710039,17,598.0,0.11386825496880555,15,273.0,0.21593184588400913,11,1357.0,0.1306687451155737,43,2228.0
3105.0,38,361.0,3.6464646464646466,3.6932460056097978,17,682.0,0.051643398703398576,9,283.0,0.32892156730338074,12,1061.0,0.14196978195826493,38,2026.0
3110.0,31,274.0,2.8842105263157896,3.7942415821953817,17,763.0,0.1297020388258351,5,219.0,0.3757520933148938,9,1059.0,0.21266439889548558,31,2041.0
3115.0,31,270.0,2.8421052631578947,3.038724438976911,17,843.0,0.1536134815649501,5,232.0,0.19787776763010057,9,1111.0,0.14680076598540784,31,2186.0
3120.0,44,426.0,4.681318681318682,2.4289651685514166,21,942.0,0.09128525952570392,9,263.0,0.06721144811463199,14,1175.0,0.15441551875626935,44,2380.0
3125.0,47,442.0,4.857142857142857,1.7673821641270946,21,947.0,0.05622945271641254,8,257.0,0.04672508315453979,18,1254.0,0.12702965352205461,47,2458.0
3130.0,39,391.0,4.2967032967032965,2.948189545042771,20,846.0,0.18219990268531677,1,178.0,0.2959367815689014,18,1219.0,0.1121450493408027,39,2243.0
3135.0,31,289.0,3.10752688172043,4.310141714971971,17,920.0,0.15329859224833264,0,102.0,0.6781248992117012,14,1013.0,0.1308792167260728,31,2035.0
3140.0,35,272.0,2.924731182795699,3.8813700217178946,16,1005.0,0.169983792015598,2,102.0,0.47543657850611926,17,1004.0,0.0986811739782171,35,2111.0
3145.0,34,230.0,2.6136363636363638,3.0345422131876307,12,994.0,0.15664118947737019,5,121.0,0.25757288266294404,17,1087.0,0.1082994121401126,34,2202.0
3150.0,27,175.0,2.108433734939759,3.077920363224745,6,814.0,0.18485466627678648,3,105.0,0.34559555406677905,18,1178.0,0.09559661619971307,27,2097.0
3155.0,18,96.0,1.170731707317073,4.093435802329436,3,709.0,0.2703949494362862,0,41.0,0.5788677307962322,15,1131.0,0.13480170798425026,18,1881.0
3160.0,12,52.0,0.6265060240963856,4.5234766779508435,1,708.0,0.25039411606719053,1,46.0,0.5664830341145151,10,936.0,0.14594176897598954,12,1690.0
3165.0,20,73.0,0.8690476190476191,4.451608099800227,6,726.0,0.21212769440664034,4,61.0,0.36660833743746923,10,652.0,0.1655084767502831,20,1439.0
3170.0,24,127.0,1.548780487804878,4.768702432655241,8,758.0,0.1111038512397728,7,91.0,0.43209320897095205,9,460.0,0.2599299662156542,24,1309.0
3175.0,17,98.0,1.1951219512195121,4.944161060513713,7,724.0,0.15287796340975704,6,84.0,0.35346321180091067,4,288.0,0.36058278668459615,17,1096.0
3180.0,10,36.0,0.43902439024390244,6.016201249648925,6,618.0,0.2878810598201641,1,61.0,0.5033155314929563,3,306.0,0.39295539974121746,10,985.0
3185.0,15,53.0,0.654320987654321,5.619569620292454,6,462.0,0.29484100205668357,1,58.0,0.4660782460747319,8,336.0,0.2690322545977334,15,856.0
3190.0,21,64.0,0.7804878048780488,3.957533765010768,3,477.0,0.2613398317856883,9,85.0,0.199638421279048,9,315.0,0.1951092956690676,21,877.0
3195.0,21,67.0,0.8170731707317073,3.7598168120164837,7,504.0,0.17488379054640305,7,97.0,0.25340499845013276,7,242.0,0.20469246451155892,21,843.0
3200.0,12,29.0,0.3493975903614458,5.163556800515349,7,476.0,0.24471444011656093,2,67.0,0.386892491323978,3,161.0,0.3356993601521548,12,704.0
3205.0,8,21.0,0.25,5.76161019981006,3,318.0,0.33303201905926855,3,74.0,0.4485039651905002,2,162.0,0.2895787789836576,8,554.0
3210.0,19,71.0,0.8255813953488372,4.598421411333237,1,317.0,0.24981648146009602,9,104.0,0.2080438621571587,9,190.0,0.20991546765645874,19,611.0
3215.0,30,146.0,1.6781609195402298,3.1449238643139266,5,332.0,0.16993760257374088,9,115.0,0.0672925874719591,16,251.0,0.12649966368625248,30,698.0
3220.0,23,121.0,1.423529411764706,3.590060525638133,4,289.0,0.22128303075249406,4,80.0,0.1934069801369898,15,276.0,0.20453099325234872,23,645.0
3225.0,13,55.0,0.6547619047619048,4.8100522781220345,2,180.0,0.27055298595757954,3,83.0,0.4198730211205024,8,231.0,0.2662603204420645,13,494.0
3230.0,16,60.0,0.6666666666666666,4.556626743774335,1,127.0,0.25305936247212485,7,108.0,0.4049994043201302,8,217.0,0.17997230709191936,16,452.0
3235.0,29,131.0,1.4086021505376345,3.629152229658588,5,138.0,0.12030593627757308,11,157.0,0.21101051175057203,13,261.0,0.1474028905485878,29,556.0
3240.0,32,195.0,2.119565217391304,2.7115818280014774,4,115.0,0.17755248230297394,16,225.0,0.008814256985871469,12,272.0,0.08376074763099002,32,612.0
3245.0,21,143.0,1.7654320987654322,3.453669135455735,1,49.0,0.20482790336369294,14,258.0,0.19839363941949797,6,226.0,0.13630424463295987,21,533.0
3250.0,9,55.0,0.6626506024096386,5.02448280482706,1,31.0,0.3090239626309384,4,180.0,0.3614771343227271,4,242.0,0.22503432433659837,9,453.0
3255.0,18,54.0,0.6506024096385542,4.289189648164065,3,28.0,0.3524108948815092,5,176.0,0.2939373616625002,10,268.0,0.17976367763270512,18,472.0
3260.0,22,120.0,1.4634146341463414,2.863776009156694,0,16.0,0.37715946033657055,6,200.0,0.14324230942405522,16,330.0,0.10489092258559216,22,546.0
3265.0,29,180.0,2.2222222222222223,2.368208568388446,3,19.0,0.25388484199673933,13,254.0,0.1080237688384608,13,341.0,0.06664038936684044,29,614.0
3270.0,24,119.0,1.451219512195122,2.8418565077718925,4,25.0,0.220515912485848,12,258.0,0.1321325567929815,8,289.0,0.12352195275096048,24,572.0
3275.0,16,53.0,0.6022727272727273,4.458623172071734,3,19.0,0.2875241999227781,7,200.0,0.30041941122351506,6,309.0,0.20715533778074713,16,528.0
3280.0,20,67.0,0.7362637362637363,3.930752565433296,1,19.0,0.3367808703528507,7,226.0,0.19940517681662598,12,358.0,0.16151532161768248,20,603.0
3285.0,27,96.0,1.054945054945055,3.1041429340024207,4,34.0,0.2485105512186012,12,273.0,0.06077343817745675,11,364.0,0.09928720394197336,27,671.0
3290.0,15,56.0,0.6363636363636364,3.6284192791227823,4,32.0,0.1953716903308889,8,267.0,0.2002356716202604,3,297.0,0.1563593821059196,15,596.0
3295.0,8,23.0,0.26744186046511625,4.727821650523504,3,31.0,0.27174283317655207,2,193.0,0.33448819862802925,3,278.0,0.23639864782625394,8,502.0
3300.0,11,29.0,0.3372093023255814,4.805445069715242,1,24.0,0.3416427070195322,3,107.0,0.26904481248443185,7,304.0,0.20127576616280682,11,435.0
3305.0,10,39.0,0.46987951807228917,4.317983675993476,3,35.0,0.31234346143333275,1,78.0,0.32535599128395304,6,291.0,0.23007877269710528,10,404.0
3310.0,11,59.0,0.7195121951219512,4.7112539162958225,8,65.0,0.20479812023876373,1,56.0,0.49510793854816065,2,217.0,0.3052356204115439,11,338.0
3315.0,11,60.0,0.7228915662650602,4.427201552099038,7,82.0,0.17331092270473958,1,37.0,0.6724865220541334,3,200.0,0.23680595459222645,11,319.0
3320.0,16,58.0,0.6590909090909091,4.0927506536664415,6,75.0,0.1955538933685527,1,20.0,0.618203622675369,9,231.0,0.13965700756262622,16,326.0
3325.0,18,63.0,0.7078651685393258,4.359307734443118,4,64.0,0.23819352762904147,5,36.0,0.41758163999001613,9,226.0,0.11842055694473817,18,326.0
3330.0,22,86.0,0.9772727272727273,3.53424827917156,7,87.0,0.15062918597115169,11,82.0,0.2316161643695409,4,175.0,0.1669811759276009,22,344.0
3335.0,29,170.0,1.9540229885057472,3.267091260363239,10,126.0,0.13373869918167874,15,148.0,0.20386080780913496,4,168.0,0.16213988159062873,29,442.0
3340.0,28,164.0,1.9294117647058824,2.5445958816077114,7,145.0,0.15465812407574034,13,180.0,0.1452010477797275,8,196.0,0.11400985900600978,28,521.0
3345.0,18,106.0,1.2771084337349397,3.7292525525545415,4,112.0,0.30585449617655514,7,164.0,0.2512017673673174,7,192.0,0.1547623886079016,18,468.0
3350.0,11,52.0,0.611764705882353,5.212162269148554,3,115.0,0.33297241866964494,3,126.0,0.438061732714968,5,141.0,0.23978987529875503,11,382.0
3355.0,10,41.0,0.47674418604651164,4.861529217742348,3,128.0,0.3445729874682137,1,86.0,0.4916359435961091,6,169.0,0.18205153500956775,10,383.0
3360.0,16,77.0,0.8953488372093024,4.122000719783017,5,125.0,0.27736502415868763,1,61.0,0.6082853240674475,10,210.0,0.1469291592628738,16,396.0
3365.0,15,77.0,0.875,4.266642488585688,3,105.0,0.30718922250563346,1,27.0,0.7246698549590723,11,212.0,0.0972657130955489,15,344.0
3370.0,9,63.0,0.7325581395348837,4.792116981145273,2,72.0,0.32963136918060004,1,32.0,0.6411203465261267,6,170.0,0.13163770936517202,9,274.0
3375.0,8,30.0,0.3488372093023256,5.840763575876368,2,54.0,0.3208818222311475,1,6.0,0.7453097988510894,5,106.0,0.1812569777346772,8,166.0
3380.0,6,15.0,0.1744186046511628,5.207168035420309,1,31.0,0.24921544000186835,1,9.0,0.587279550986597,4,125.0,0.16934005895961557,6,165.0
3385.0,15,51.0,0.5930232558139535,4.447220144211003,5,47.0,0.2293654790909898,2,12.0,0.4675957462878801,8,156.0,0.14086386473020482,15,215.0
3390.0,14,77.0,1.0,3.5739256779324986,7,80.0,0.28676300221647183,0,7.0,0.3418860715168122,7,165.0,0.15256089204306003,14,252.0
3395.0,15,107.0,1.3896103896103895,3.7230912791841377,11,128.0,0.2185698710952322,0,9.0,0.35577613779766637,4,127.0,0.2064933692344936,15,264.0
3400.0,17,165.0,2.0625,4.612244802582095,15,194.0,0.236099897268954,0,4.0,0.5642906103441263,2,77.0,0.23175149641406842,17,275.0
3405.0,19,135.0,1.6071428571428572,4.346794132932407,15,215.0,0.2120768344809641,0,1.0,0.6030738452099714,4,89.0,0.20725130822740234,19,305.0
3410.0,21,136.0,1.619047619047619,4.3090189012545315,13,209.0,0.2515584151034849,1,5.0,0.5796497409210779,7,114.0,0.15932949897747126,21,328.0
3415.0,27,174.0,2.0232558139534884,3.6679809916287915,12,233.0,0.19469929822655352,2,15.0,0.5660312473326624,13,169.0,0.14230280020557298,27,417.0
3420.0,30,170.0,1.9540229885057472,3.051160743296646,15,302.0,0.15381520326537074,1,12.0,0.5449653573487039,14,195.0,0.1338330770586456,30,509.0
3425.0,30,185.0,2.2023809523809526,2.901795750144615,17,391.0,0.13379229771593373,3,17.0,0.40561796359849445,10,180.0,0.14753040011913993,30,588.0
3430.0,21,115.0,1.3372093023255813,3.8016986378744297,13,418.0,0.0810408314390994,0,12.0,0.5974258023902803,8,155.0,0.1744421729740205,21,585.0
3435.0,17,50.0,0.5882352941176471,4.675055140687717,6,377.0,0.2134518542151602,0,4.0,0.8649784702404683,11,187.0,0.17209132328196408,17,568.0
3440.0,20,69.0,0.8214285714285714,5.078717854814517,5,292.0,0.3629308188386616,1,4.0,0.8075020614361428,14,248.0,0.1522028191683899,20,544.0
3445.0,15,45.0,0.5232558139534884,4.521582240436815,5,313.0,0.2734565866767404,0,2.0,0.7966482865941981,10,274.0,0.1560422162871882,15,589.0
3450.0,18,57.0,0.6785714285714286,4.486342871321887,12,358.0,0.27029794107387,0,2.0,0.7057274741556613,6,250.0,0.19035082194916556,18,610.0
3455.0,14,54.0,0.6506024096385542,4.048006220719209,9,367.0,0.18164194522821314,0,2.0,0.5885968349493385,5,188.0,0.19943884678908666,14,557.0
3460.0,13,33.0,0.38823529411764707,4.298831476926292,6,321.0,0.17895016621687146,4,16.0,0.5792193740354995,3,187.0,0.20801862985357011,13,524.0
3465.0,14,41.0,0.47674418604651164,4.317222284743793,6,333.0,0.20138733769402248,1,21.0,0.6348979943439799,7,211.0,0.17195781365059568,14,565.0
3470.0,17,53.0,0.6235294117647059,3.906568437593823,9,360.0,0.20720329594073872,0,2.0,0.791903344911233,8,212.0,0.1707497152838285,17,574.0
3475.0,13,40.0,0.47619047619047616,4.378791222324175,8,353.0,0.24152702489929403,0,4.0,0.8429127717217039,5,176.0,0.2082608621606146,13,533.0
3480.0,9,14.0,0.1686746987951807,3.9997534831728747,4,283.0,0.18682836437735612,0,4.0,0.8889390383421752,5,188.0,0.17432556877193942,9,475.0
3485.0,13,45.0,0.5232558139534884,3.6070865205382403,3,289.0,0.15125225244854193,0,4.0,0.9056723244966948,10,225.0,0.10564039725415629,13,518.0
3490.0,19,76.0,0.8941176470588236,3.035892019584952,8,321.0,0.1506949507837826,0,2.0,0.8775562636608063,11,231.0,0.11028679150496476,19,554.0
3495.0,16,56.0,0.6588235294117647,3.269389156572306,9,312.0,0.16653406471405288,0,2.0,0.8162180402497574,7,194.0,0.15805610766356776,16,508.0
3500.0,13,36.0,0.4235294117647059,4.416592074850656,5,237.0,0.14791061427590171,0,4.0,0.9148972232269879,8,135.0,0.1919216732344473,13,376.0
3505.0,11,25.0,0.2840909090909091,4.535033319699044,2,219.0,0.1595881892591266,1,4.0,0.7806767064486044,8,166.0,0.16447181891289225,11,389.0
3510.0,17,65.0,0.7303370786516854,4.178744692362603,7,248.0,0.12876701019891554,0,2.0,0.7393757087564703,10,213.0,0.15759248484567104,17,463.0
3515.0,24,121.0,1.475609756097561,3.4020100392519423,14,305.0,0.16149433257672602,0,0.0,0.6673219213501765,10,223.0,0.18812843069257992,24,528.0
3520.0,20,94.0,1.175,3.2678010619411872,14,315.0,0.14876079760394506,1,3.0,0.46042630571640747,5,178.0,0.21398667643374295,20,496.0
3525.0,16,60.0,0.7142857142857143,4.606970077505596,10,257.0,0.15918800551284837,2,15.0,0.6758421036646179,4,121.0,0.21937360823057978,16,393.0
3530.0,12,22.0,0.24719101123595505,4.377548861352847,7,272.0,0.15398841275704406,1,12.0,0.6711600775018302,4,128.0,0.20911555916218652,12,412.0
3535.0,23,71.0,0.7888888888888889,4.174910805645075,13,318.0,0.1349961586224934,0,2.0,0.6214059734707158,10,156.0,0.20778144706036236,23,476.0
3540.0,31,183.0,2.127906976744186,3.540376672407763,16,390.0,0.13207904514524083,0,0.0,0.5845797775801932,15,217.0,0.1563042632303255,31,607.0
3545.0,38,277.0,3.5063291139240507,2.026807689205004,17,403.0,0.11450873329867559,1,1.0,0.03413914718938698,20,305.0,0.11763767078374623,38,709.0
3550.0,35,250.0,3.125,2.1666148730292587,11,335.0,0.11836224957175398,2,13.0,0.44602986221260643,22,356.0,0.05986630096849351,35,704.0
3555.0,26,177.0,2.158536585365854,3.273133543073787,9,361.0,0.11178392688694494,0,12.0,0.828386974256155,17,355.0,0.10664501555274507,26,728.0
3560.0,24,140.0,1.5909090909090908,4.429008629264677,11,415.0,0.160026242929008,1,2.0,0.7125910824601763,12,315.0,0.1769534436856912,24,732.0
3565.0,21,80.0,0.9090909090909091,4.718419023401233,14,415.0,0.10025969679156092,1,3.0,0.7576074208545306,6,242.0,0.26372447223118123,21,660.0
3570.0,16,59.0,0.686046511627907,4.7573905609465035,6,354.0,0.17627732084991415,2,13.0,0.5450280713328449,8,277.0,0.25296742805294753,16,644.0
3575.0,17,72.0,0.8470588235294118,3.9758645895727205,4,368.0,0.12123710892895811,5,31.0,0.36169720339026507,8,317.0,0.23493259732930669,17,716.0
3580.0,24,122.0,1.4352941176470588,3.2943795793501742,8,402.0,0.08077580870357644,3,28.0,0.2729403581938326,13,369.0,0.18184209896617767,24,799.0
3585.0,24,119.0,1.5256410256410255,3.4402622591696708,9,387.0,0.15426075913929513,2,28.0,0.23681131123212057,13,387.0,0.2021749841494085,24,802.0
3590.0,11,52.0,0.6666666666666666,4.795022661253778,3,310.0,0.23061192936377636,1,26.0,0.5957161258017772,7,329.0,0.2500744450576838,11,665.0
3595.0,10,39.0,0.48148148148148145,5.9160725054660945,2,208.0,0.3131443350225944,1,21.0,0.7370193487451281,7,335.0,0.22148191448159887,10,564.0
3600.0,16,47.0,0.5802469135802469,4.615429873605358,4,214.0,0.2336919991619597,1,9.0,0.7087361829522852,11,378.0,0.12107313376405572,16,601.0
