step,system_total_stopped,system_total_waiting_time,system_mean_waiting_time,system_mean_speed,A0_stopped,A0_accumulated_waiting_time,A0_average_speed,B0_stopped,B0_accumulated_waiting_time,B0_average_speed,C0_stopped,C0_accumulated_waiting_time,C0_average_speed,agents_total_stopped,agents_total_accumulated_waiting_time
5.0,1,0.0,0.0,2.844483067460048,0,0.0,0.17403746612888182,0,0.0,1.0,1,0.0,0.2360113858179966,1,0.0
10.0,0,0.0,0.0,8.736436641546884,0,0.0,0.9330632820569098,0,0.0,1.0,0,0.0,0.5754482477079934,0,0.0
15.0,0,0.0,0.0,9.953781664963946,0,0.0,0.5445480126241824,0,0.0,1.0,0,0.0,0.7736893500721845,0,0.0
20.0,2,5.0,0.5555555555555556,8.018822471536632,1,3.0,0.19138573693170643,0,0.0,1.0,1,2.0,0.7445685373809502,2,5.0
25.0,3,19.0,1.7272727272727273,7.8211292245451265,2,12.0,0.31841897301910727,0,0.0,0.7947593152455031,1,7.0,0.6681425619180131,3,19.0
30.0,3,23.0,1.4375,7.114522541535988,3,23.0,0.29631494402085795,0,0.0,0.7441365421255544,0,0.0,0.7499741537788376,3,23.0
35.0,2,1.0,0.05555555555555555,7.921437838191114,1,17.0,0.5471201539354892,0,0.0,0.7078719102427442,1,1.0,0.30439297006727906,2,18.0
40.0,4,16.0,0.9411764705882353,8.713416168218675,0,0.0,0.7743424562765029,2,5.0,0.001212841896445317,2,11.0,0.27680348200409605,4,16.0
45.0,2,21.0,1.5,8.061056273398085,0,0.0,0.5548125868581892,0,5.0,0.5999448523964287,2,21.0,0.0,2,26.0
50.0,4,33.0,2.357142857142857,7.644809271469538,2,4.0,0.43907750770094917,0,0.0,0.7980592157619008,2,31.0,0.17686667474637804,4,35.0
55.0,3,12.0,0.9230769230769231,8.039444178951861,3,14.0,0.4838272670513448,0,0.0,0.7795119201754889,0,18.0,0.575126085207464,3,32.0
60.0,2,22.0,1.6923076923076923,10.187791011473836,2,24.0,0.6367633097898927,0,2.0,0.7858051069682586,0,0.0,0.9865524079503417,2,26.0
65.0,3,6.0,0.42857142857142855,5.47997339550931,1,14.0,0.29221118008533453,2,7.0,0.3648395339093393,0,0.0,0.03750400933715091,3,21.0
70.0,3,16.0,1.1428571428571428,6.834832238877821,2,11.0,0.23341748430559686,0,9.0,0.5057760712597558,1,5.0,2.8323282699167386e-05,3,25.0
75.0,2,0.0,0.0,7.159478778406196,1,2.0,0.2822452525184835,0,0.0,0.3982898902947533,1,2.0,0.6025367862475426,2,4.0
80.0,1,5.0,0.3333333333333333,10.827448510274372,1,5.0,0.5253766602774752,0,4.0,0.9368089585389547,0,2.0,0.8310483532857209,1,11.0
85.0,2,4.0,0.2222222222222222,9.683593000280077,0,0.0,0.786299614358619,1,6.0,0.6003043795341377,1,4.0,0.663797131374181,2,10.0
90.0,2,14.0,0.7,10.725616176054043,0,0.0,0.7916523050558633,1,9.0,0.7416566755711608,1,7.0,0.5529834221305033,2,16.0
95.0,5,7.0,0.3333333333333333,6.267583351105502,3,3.0,0.4421092319080586,0,0.0,0.02191332402972174,2,4.0,0.3306177557724443,5,7.0
100.0,7,41.0,1.7826086956521738,7.4357491080885785,4,22.0,0.45958060123597716,1,5.0,0.0,2,14.0,0.32732086826612306,7,41.0
105.0,3,25.0,1.3157894736842106,6.668616590292862,1,21.0,0.4390890692956234,0,0.0,1.0,2,24.0,0.4468997315153649,3,45.0
110.0,1,4.0,0.25,9.128844101716235,1,5.0,0.5066002695892357,0,2.0,0.8380054118187461,0,2.0,0.7168323844328427,1,9.0
115.0,2,5.0,0.3125,9.47113058633716,2,6.0,0.0635368115688164,0,4.0,0.9571886844920062,0,2.0,0.9370008425955754,2,12.0
120.0,4,22.0,1.2941176470588236,8.30299586474425,4,23.0,8.525647352834343e-05,0,4.0,0.7730350361727945,0,2.0,0.4425503387275559,4,29.0
125.0,8,50.0,2.9411764705882355,5.311192110794528,5,43.0,0.0,2,9.0,0.3106787071727085,1,5.0,0.3949527287117241,8,57.0
130.0,9,84.0,5.6,3.3968671634184537,4,63.0,0.16456860157129474,4,26.0,0.027248410137894048,1,0.0,0.5656011092532697,9,89.0
135.0,1,18.0,1.125,6.5622227741066546,1,56.0,0.28038929675263075,0,20.0,0.1839647907499665,0,0.0,0.6724483606650009,1,76.0
140.0,1,2.0,0.1111111111111111,10.026186138346526,1,20.0,0.4100041909167673,0,2.0,0.8868028678329495,0,2.0,0.6934739536842468,1,24.0
145.0,4,8.0,0.36363636363636365,8.502495642059689,1,20.0,0.6141695354910441,0,2.0,0.9891979197099622,3,8.0,0.4911143429612668,4,30.0
150.0,2,9.0,0.4090909090909091,9.4402992617652,1,25.0,0.7566206615100481,0,0.0,0.9117352494146806,1,11.0,0.5542415109862592,2,36.0
155.0,0,0.0,0.0,10.774124801200237,0,0.0,0.7485468104897052,0,2.0,0.7736319132133944,0,2.0,0.7206159760098858,0,4.0
160.0,1,1.0,0.047619047619047616,10.17124514043311,0,0.0,0.9496501654803102,0,4.0,0.8182195341301716,1,1.0,0.5274931054294217,1,5.0
165.0,5,15.0,0.6818181818181818,8.4820870668046,0,0.0,0.46776540963597985,0,4.0,0.8421011604939228,5,15.0,0.30464948226879,5,19.0
170.0,5,39.0,1.95,7.044646540211784,0,0.0,0.7809991600176216,0,0.0,0.775240086944029,5,39.0,0.1780447971401221,5,39.0
175.0,9,69.0,3.0,5.303690415222244,1,0.0,0.5481988165484858,1,1.0,0.4639047406607478,7,68.0,0.2610742253637761,9,69.0
180.0,5,34.0,1.3076923076923077,6.122653552973796,1,5.0,0.6001072726194601,3,13.0,0.19927799617955239,1,62.0,0.4528783794914012,5,80.0
185.0,1,1.0,0.034482758620689655,8.575518908964336,1,1.0,0.6219637839631755,0,13.0,0.664029217236597,0,16.0,0.5658220491264897,1,30.0
190.0,5,13.0,0.43333333333333335,9.008507449687578,3,12.0,0.562772560073239,0,2.0,0.9303948444216135,2,5.0,0.4202354047443333,5,19.0
195.0,9,49.0,1.6333333333333333,8.233759103096776,5,33.0,0.42680085870932677,0,0.0,0.8112260165840635,4,20.0,0.3884298205170991,9,53.0
200.0,8,61.0,2.1785714285714284,6.070309657941485,8,63.0,0.17041016174727186,0,0.0,0.6945728730365355,0,14.0,0.5688027828565251,8,77.0
205.0,6,29.0,1.16,5.962191208822258,5,69.0,0.19151494887652207,1,5.0,0.5595246513791282,0,0.0,0.5482910797883686,6,74.0
210.0,1,8.0,0.2962962962962963,8.945997012507325,0,36.0,0.4520820248003831,1,12.0,0.8009856791191188,0,0.0,0.5075387269391772,1,48.0
215.0,3,15.0,0.5357142857142857,9.706580638342418,2,27.0,0.4419023224845409,1,15.0,0.7970048886341742,0,0.0,0.7747050378186391,3,42.0
220.0,6,37.0,1.2333333333333334,7.919700913164458,5,44.0,0.3120118846996717,1,20.0,0.7336446292282842,0,0.0,0.7365670616718523,6,64.0
225.0,9,78.0,3.0,7.357061963632239,7,76.0,0.3534857289576827,1,23.0,0.6477016872399634,1,4.0,0.7568596111221483,9,103.0
230.0,10,128.0,5.333333333333333,6.2056382842325695,8,116.0,0.1940957026507271,1,28.0,0.6474391766756988,1,9.0,0.7531286111375837,10,153.0
235.0,7,80.0,3.076923076923077,5.707289199395149,4,108.0,0.09394004969016848,1,33.0,0.6609288705000214,2,14.0,0.6712275519548231,7,155.0
240.0,2,20.0,0.7142857142857143,8.059503808121324,0,22.0,0.3383962838839056,0,2.0,0.8067795092133907,2,20.0,0.561460676745212,2,44.0
245.0,5,38.0,1.3571428571428572,8.585849347385095,1,19.0,0.43393944384644206,2,9.0,0.6239996290299844,2,30.0,0.5247953346630692,5,58.0
250.0,5,21.0,0.75,7.364760457775671,4,37.0,0.2607219035729385,0,9.0,0.6559644876433511,1,2.0,0.3893053332804946,5,48.0
255.0,3,12.0,0.41379310344827586,8.230747019979878,1,19.0,0.5392155579618187,0,0.0,0.6714686924179515,2,12.0,0.4613804743221634,3,31.0
260.0,6,32.0,1.2307692307692308,7.852595764248964,0,2.0,0.7581207397671389,3,7.0,0.4192995522337133,3,27.0,0.5132140735739247,6,36.0
265.0,4,19.0,0.6551724137931034,8.605701587099194,0,2.0,0.6388529316113951,3,21.0,0.519020786089048,1,13.0,0.6372590917947465,4,36.0
270.0,2,2.0,0.06060606060606061,8.756085319632943,1,4.0,0.49790522326091835,0,11.0,0.5568284768349454,1,0.0,0.7045596400537115,2,15.0
275.0,5,17.0,0.53125,9.219327889005639,4,19.0,0.5156479996536931,1,4.0,0.6302956145979721,0,2.0,0.7566761666684703,5,25.0
280.0,6,42.0,1.3548387096774193,9.339256433965945,4,37.0,0.4329939146915677,1,9.0,0.7610398379798576,1,4.0,0.7857883460966006,6,50.0
285.0,1,12.0,0.4,7.400671199593109,0,30.0,0.3761938415371369,1,12.0,0.6561749398771434,0,2.0,0.639009823368304,1,44.0
290.0,4,27.0,0.84375,8.828845560061204,1,6.0,0.5737375694501822,1,19.0,0.6475054550357605,2,8.0,0.36710363878770375,4,33.0
295.0,8,36.0,1.1612903225806452,7.621692845965842,1,9.0,0.7927156859820121,1,4.0,0.494073904056199,6,27.0,0.09144611268585391,8,40.0
300.0,8,65.0,2.03125,7.849415491460791,0,0.0,0.6759147748793486,3,17.0,0.5382466519941465,5,52.0,0.3134272835453895,8,69.0
305.0,12,117.0,3.774193548387097,5.760987578754342,2,8.0,0.3896743754183325,5,36.0,0.2418509920170118,5,77.0,0.3858957869453581,12,121.0
310.0,7,45.0,1.6071428571428572,4.22015371534591,5,27.0,0.26249747457955475,1,33.0,0.20102601735842598,1,51.0,0.24713291950553473,7,111.0
315.0,9,65.0,2.2413793103448274,7.145626151333488,8,62.0,0.2466005190944719,0,4.0,0.5899454771385869,1,23.0,0.5990240530142673,9,89.0
320.0,3,18.0,0.6,9.285194752795556,2,53.0,0.42633280229052195,0,2.0,0.8375200260306105,1,12.0,0.7688049467044181,3,67.0
325.0,1,3.0,0.0967741935483871,10.25754098845895,0,2.0,0.6066566494866963,1,5.0,0.735649161065616,0,2.0,0.7154846070615012,1,9.0
330.0,4,10.0,0.30303030303030304,8.830216647866715,1,3.0,0.5393871780751606,2,10.0,0.6187453691204475,1,3.0,0.4731897602115266,4,16.0
335.0,8,28.0,0.8,7.373924716419833,4,14.0,0.49892499757393155,0,2.0,0.6015376597664862,4,18.0,0.22322578384829916,8,34.0
340.0,11,55.0,1.6176470588235294,6.478443580941053,6,36.0,0.3461200754712752,3,11.0,0.2962563126988968,2,27.0,0.2519254209017021,11,74.0
345.0,3,12.0,0.375,7.196171600352591,2,37.0,0.3147376975262884,1,11.0,0.31154988678050166,0,13.0,0.6566238922665913,3,61.0
350.0,2,4.0,0.13333333333333333,9.052012893957762,0,12.0,0.5065896889449804,1,8.0,0.5818667759171642,1,9.0,0.4707662931346506,2,29.0
355.0,3,19.0,0.6551724137931034,11.085517845395747,0,2.0,0.6686206907193151,1,10.0,0.7290791367248026,2,19.0,0.7030144061563153,3,31.0
360.0,1,0.0,0.0,9.651897980464991,1,2.0,0.2763642522324209,0,2.0,0.8519741500550654,0,2.0,0.6573363052080163,1,6.0
365.0,7,17.0,0.68,6.929862283070042,4,12.0,0.1306424516741587,1,6.0,0.5219816019251529,2,5.0,0.3793065547180367,7,23.0
370.0,2,2.0,0.08333333333333333,6.319658146571541,0,11.0,0.4538324674272499,1,8.0,0.2485315656071169,1,1.0,0.4191262509179331,2,20.0
375.0,4,12.0,0.4444444444444444,8.3716502295224,1,3.0,0.36407079484158894,0,5.0,0.5661645595663022,3,11.0,0.5090659752208759,4,19.0
380.0,2,3.0,0.12,9.573747958685333,0,2.0,0.4493935216850468,2,6.0,0.4569456141579358,0,2.0,0.8302096330446179,2,10.0
385.0,4,18.0,0.6923076923076923,9.214876680343668,1,0.0,0.5652674651096815,3,23.0,0.4858857506511496,0,0.0,0.6659469604279852,4,23.0
390.0,5,13.0,0.4642857142857143,7.927010868417336,1,0.0,0.5661575601591168,3,30.0,0.3973111670699908,1,5.0,0.5191639667064594,5,35.0
395.0,2,2.0,0.07142857142857142,8.908135902198724,2,2.0,0.5599369276944935,0,15.0,0.5279044012567539,0,2.0,0.6850196191296217,2,19.0
400.0,2,4.0,0.13793103448275862,10.102538142922338,0,0.0,0.7460689026842438,1,0.0,0.5776036860188133,1,6.0,0.7635116182153051,2,6.0
405.0,0,0.0,0.0,9.848221165932312,0,0.0,0.7236455680133683,0,0.0,0.6297206715097557,0,0.0,0.665655847392753,0,0.0
410.0,3,2.0,0.06451612903225806,8.921611201567535,1,0.0,0.4871012504229819,1,4.0,0.5712880139927603,1,0.0,0.755598637363942,3,4.0
415.0,3,17.0,0.5151515151515151,9.994307390555253,0,0.0,0.6421742944911573,3,21.0,0.662417992388569,0,0.0,0.700827236787,3,21.0
420.0,4,7.0,0.21875,9.159582021347905,2,2.0,0.5327501827284622,0,12.0,0.7786385610516694,2,5.0,0.6349133575005487,4,19.0
425.0,4,11.0,0.3333333333333333,8.571924622295926,3,13.0,0.4478768024614673,1,2.0,0.7157279246778017,0,2.0,0.630728962985225,4,17.0
430.0,4,10.0,0.3333333333333333,8.756409317893523,1,8.0,0.6442679884739233,0,0.0,0.8254167984222048,3,12.0,0.5414542039791032,4,20.0
435.0,5,27.0,0.9310344827586207,9.126857922812425,0,2.0,0.9060940093411125,1,2.0,0.666107084098981,4,29.0,0.4421791371739581,5,33.0
440.0,2,8.0,0.27586206896551724,8.389849519846614,0,0.0,0.7569213859290572,0,2.0,0.7434418952775484,2,30.0,0.4289289545604073,2,32.0
445.0,2,7.0,0.22580645161290322,9.810386210021424,1,4.0,0.5814384163898336,1,7.0,0.6609136109662967,0,9.0,0.725056137618695,2,20.0
450.0,6,25.0,0.7352941176470589,7.390590907618193,1,9.0,0.5450897459745836,2,14.0,0.4661354867449553,3,15.0,0.09773693935146766,6,38.0
455.0,11,59.0,1.7878787878787878,6.463359485812551,1,1.0,0.6795483043875877,5,34.0,0.31086764884465323,5,37.0,0.23881693788290445,11,72.0
460.0,10,72.0,2.1176470588235294,6.579527545382074,2,7.0,0.578513355133961,3,30.0,0.09644211011519764,5,62.0,0.36041280384100094,10,99.0
465.0,4,7.0,0.19444444444444445,7.084416639731024,2,3.0,0.5225848621381264,2,18.0,0.26695597928362613,0,42.0,0.5425781880286487,4,63.0
470.0,6,23.0,0.6388888888888888,9.396711305145883,2,9.0,0.5508760162024575,1,15.0,0.7793494659284221,3,7.0,0.6892486432315403,6,31.0
475.0,9,52.0,1.3,8.035341479191695,3,19.0,0.4076666812757102,2,21.0,0.6742389638746892,4,18.0,0.5457419314687967,9,58.0
480.0,7,69.0,1.6046511627906976,8.092128047945325,0,6.0,0.44176695765887314,3,37.0,0.6437483315024402,4,38.0,0.45709740123007214,7,81.0
485.0,10,114.0,2.7142857142857144,8.74568898909043,3,12.0,0.5530265625273497,3,48.0,0.6663222330403981,4,58.0,0.35891054176066994,10,118.0
490.0,8,144.0,3.6923076923076925,8.272797561748767,0,12.0,0.7117191822451427,3,63.0,0.4620004992927838,5,83.0,0.40249136361616883,8,158.0
495.0,1,1.0,0.02857142857142857,9.147348223946539,0,2.0,0.8197952723375528,1,24.0,0.5455963489572296,0,52.0,0.6254830056311668,1,78.0
500.0,1,6.0,0.17647058823529413,10.762040542851683,0,2.0,0.747160622601175,1,6.0,0.6973717904227686,0,0.0,0.7107168680602464,1,8.0
505.0,5,20.0,0.6060606060606061,8.002859637713673,0,2.0,0.6360421669405425,1,11.0,0.6005454336096999,4,9.0,0.23788395476398977,5,22.0
510.0,11,53.0,1.7096774193548387,6.447988316415452,0,0.0,0.7250363665510816,3,21.0,0.32152568626153777,8,32.0,0.17658494453924195,11,53.0
515.0,3,13.0,0.40625,6.467146519078247,0,0.0,0.5005926648650132,1,9.0,0.25545602643046533,2,34.0,0.3837577784222753,3,43.0
520.0,2,3.0,0.08823529411764706,9.341317739390712,0,2.0,0.6895185778373129,0,2.0,0.6257580126013207,2,12.0,0.5145307071786142,2,16.0
525.0,2,13.0,0.40625,9.865801056414906,0,2.0,0.9555394615237127,0,2.0,0.6005538950878708,2,15.0,0.6333778438975189,2,19.0
530.0,2,5.0,0.14285714285714285,9.754313767544682,0,0.0,0.4921430017061853,1,8.0,0.7824214426643394,1,11.0,0.5874118714681299,2,19.0
535.0,4,6.0,0.17647058823529413,7.603777533967803,2,2.0,0.3312731317506245,0,1.0,0.43682848254773843,2,6.0,0.4471264689738601,4,9.0
540.0,4,17.0,0.6071428571428571,8.655877335917179,2,12.0,0.5063506549338465,1,4.0,0.48846715662724455,1,10.0,0.6129083240386423,4,26.0
545.0,4,25.0,0.9615384615384616,8.99930567037052,2,22.0,0.5695875284364407,0,2.0,0.9072975581489024,2,6.0,0.5536416562893999,4,30.0
550.0,4,8.0,0.25806451612903225,7.256187326413855,1,0.0,0.4826982826608696,0,2.0,0.8489490626815416,3,14.0,0.35773303733780293,4,16.0
555.0,8,32.0,1.032258064516129,8.509936142507067,1,2.0,0.6177742470201516,1,4.0,0.7431164622927194,6,33.0,0.3830669223283253,8,39.0
560.0,5,9.0,0.2727272727272727,7.274729434424048,1,7.0,0.6476315641692622,1,5.0,0.46794050221655065,3,30.0,0.2630502006802372,5,42.0
565.0,3,23.0,0.6388888888888888,8.47288534507983,2,17.0,0.5808166484587874,0,5.0,0.6641037343797065,1,6.0,0.3700009082653393,3,28.0
570.0,3,10.0,0.2777777777777778,8.91708778072485,0,2.0,0.7056588785393323,1,6.0,0.6240527367283984,2,6.0,0.5348298736566607,3,14.0
575.0,9,42.0,1.2352941176470589,8.607794855202185,2,8.0,0.5773457155651724,4,17.0,0.4786815281805546,3,21.0,0.5747477641062735,9,46.0
580.0,7,52.0,1.7333333333333334,6.784217632602742,3,22.0,0.5202522406511876,3,30.0,0.38514863263641036,1,21.0,0.48076931304179243,7,73.0
585.0,8,86.0,2.774193548387097,6.403891217447193,5,43.0,0.34424030131539674,3,47.0,0.3399268770181367,0,2.0,0.6664391554953527,8,92.0
590.0,3,20.0,0.625,7.717987463443488,3,52.0,0.4450976834548313,0,17.0,0.5742083038378357,0,0.0,0.6501920874797992,3,69.0
595.0,2,5.0,0.15151515151515152,9.101317244409756,0,23.0,0.5277305139445411,0,4.0,0.8699972140513947,2,5.0,0.47884671697051634,2,32.0
600.0,7,26.0,0.8666666666666667,6.534355192306052,3,29.0,0.23514478279717863,1,7.0,0.5900449612512724,3,17.0,0.3050633222925976,7,53.0
605.0,10,48.0,1.6551724137931034,5.665185120357904,8,59.0,0.04185817734530453,2,16.0,0.3715871299248306,0,8.0,0.6754219214556482,10,83.0
610.0,6,18.0,0.6206896551724138,6.116514602715105,5,62.0,0.16568585448393655,0,11.0,0.5211746737532057,1,1.0,0.3230498725737251,6,74.0
615.0,2,8.0,0.25806451612903225,8.807731119809981,0,22.0,0.5438459804787144,1,6.0,0.7232804057282488,1,6.0,0.4079278586150572,2,34.0
620.0,2,5.0,0.14705882352941177,9.280190193613445,2,27.0,0.5465270542045022,0,6.0,0.7297339218840286,0,2.0,0.6879444086881511,2,35.0
625.0,5,27.0,0.7941176470588235,9.217753476893463,4,45.0,0.5149671957032197,1,8.0,0.5113307339524608,0,2.0,0.9208769431680542,5,55.0
630.0,8,49.0,1.4848484848484849,7.212248628603455,6,69.0,0.23232812620486645,1,7.0,0.24040312974464287,1,2.0,0.7449498108250634,8,78.0
635.0,3,22.0,0.7586206896551724,8.166804055944079,3,70.0,0.41122066474674474,0,0.0,0.5939126099130543,0,0.0,0.8231591671163573,3,70.0
640.0,1,1.0,0.03125,9.913848154207674,0,14.0,0.6048492464959752,0,2.0,0.7566001054282715,1,1.0,0.7666843067544242,1,17.0
645.0,1,6.0,0.16666666666666666,9.46966549608902,0,14.0,0.5921928859278689,0,2.0,0.7284844484180217,1,6.0,0.6132149104590682,1,22.0
650.0,6,14.0,0.358974358974359,6.7257768036350125,5,27.0,0.2952463061298417,0,0.0,0.48028794247335943,1,1.0,0.46294703507431273,6,28.0
655.0,9,29.0,0.8055555555555556,7.048168525470326,5,37.0,0.30128907064169935,1,7.0,0.6906321759658007,3,11.0,0.5025860104210864,9,55.0
660.0,8,35.0,0.875,7.772667080554069,3,25.0,0.36485615617128103,1,5.0,0.612463614136535,4,26.0,0.529892809843199,8,56.0
665.0,8,69.0,1.6428571428571428,9.600803745172861,2,19.0,0.5137260143549,2,14.0,0.7531368944682301,4,41.0,0.4518770084403814,8,74.0
670.0,6,87.0,2.1219512195121952,9.047931748776167,3,31.0,0.5385717911714318,0,9.0,0.6715316863496456,3,56.0,0.43892885504166185,6,96.0
675.0,6,77.0,1.8780487804878048,8.169840050646595,0,15.0,0.5854622710504463,3,8.0,0.5506166435224201,3,73.0,0.5336387880148364,6,96.0
680.0,4,19.0,0.48717948717948717,8.908646003364751,1,2.0,0.6204395977449962,3,19.0,0.5111039484920938,0,28.0,0.7248219938580044,4,49.0
685.0,4,13.0,0.3333333333333333,8.665777281331568,2,11.0,0.6265412610163575,1,12.0,0.3634201010748174,1,3.0,0.6058879568807227,4,26.0
690.0,7,39.0,1.0,6.157086577739131,4,26.0,0.37388597332081236,3,15.0,0.005949463719816933,0,4.0,0.3729004194364497,7,45.0
695.0,3,9.0,0.24324324324324326,7.249247985690677,1,24.0,0.3875087562965174,2,27.0,0.3829993530694086,0,0.0,0.5930703309136007,3,51.0
700.0,2,3.0,0.075,8.982435772481015,0,2.0,0.6138625740161867,0,16.0,0.787560739819402,2,5.0,0.46230377000503853,2,23.0
705.0,7,25.0,0.625,8.997505666197451,3,9.0,0.3536388705239012,0,4.0,0.8499659492739186,4,20.0,0.6333097387954801,7,33.0
710.0,6,25.0,0.6097560975609756,7.159043932877856,5,27.0,0.3717651960249233,0,4.0,0.5343937805661885,1,10.0,0.47466945224611734,6,41.0
715.0,9,58.0,1.380952380952381,7.207696269296444,5,49.0,0.4364394829440015,2,7.0,0.39851686950689214,2,10.0,0.520990954533406,9,66.0
720.0,3,20.0,0.46511627906976744,8.150958257053558,1,36.0,0.38512455822689745,0,3.0,0.7576425986669051,2,20.0,0.5787284828030326,3,59.0
725.0,5,41.0,0.8723404255319149,9.645889182705911,2,8.0,0.5749349564160297,0,4.0,0.7743761706469869,3,35.0,0.6608037521454223,5,47.0
730.0,2,4.0,0.08888888888888889,9.87127848091066,1,3.0,0.7569063731476272,1,7.0,0.6908653510010739,0,10.0,0.6718469829792945,2,20.0
735.0,6,16.0,0.35555555555555557,7.08373009129775,2,11.0,0.3530825730112963,1,5.0,0.5009081839622824,3,6.0,0.2728620819124742,6,22.0
740.0,16,76.0,1.9487179487179487,4.932542275070084,8,41.0,0.2602249866980698,1,6.0,0.5424093377884028,7,33.0,0.2316699635303404,16,80.0
745.0,14,97.0,2.4871794871794872,4.519459476247698,4,52.0,0.41209642398717766,1,2.0,0.0697075260419904,9,78.0,0.2879880401263806,14,132.0
750.0,9,54.0,1.3170731707317074,6.051503661272356,0,24.0,0.459889426867914,5,25.0,0.3060068833002689,4,82.0,0.37768452193419383,9,131.0
755.0,3,4.0,0.09523809523809523,7.38369819040833,2,15.0,0.3164239416664499,0,25.0,0.6624958789895611,1,35.0,0.420635592861663,3,75.0
760.0,9,26.0,0.5416666666666666,7.007628448990004,6,35.0,0.25023911340323174,0,2.0,0.8236495735405255,3,30.0,0.40533584597138467,9,67.0
765.0,9,41.0,0.8913043478260869,7.506911899441223,2,35.0,0.565479286593013,0,2.0,0.7155800595010171,7,55.0,0.38481663018733275,9,92.0
770.0,13,74.0,1.608695652173913,5.68629792255179,0,12.0,0.5090762578780977,4,9.0,0.25575973864311974,9,94.0,0.2810269694394627,13,115.0
775.0,18,134.0,2.851063829787234,5.524815528238993,3,7.0,0.5067634744474847,1,18.0,0.5487108410260212,14,150.0,0.10283572794842058,18,175.0
780.0,20,218.0,4.448979591836735,6.161373695474768,3,19.0,0.5680914744892029,0,4.0,0.7548821590223473,17,228.0,0.1702275391171942,20,251.0
785.0,19,293.0,5.425925925925926,6.052862417238115,0,2.0,0.7075526589443966,1,4.0,0.5676560104309014,18,316.0,0.20927970819461464,19,322.0
790.0,23,385.0,6.875,5.254664953308916,2,5.0,0.6293812186586997,1,0.0,0.3968010373809497,20,409.0,0.176034445606336,23,414.0
795.0,20,289.0,5.254545454545455,4.496694992503883,0,4.0,0.4140070099532607,3,10.0,0.320459724681631,17,414.0,0.13157418971360277,20,428.0
800.0,17,144.0,2.440677966101695,5.440944105929495,4,9.0,0.2691398027590869,1,20.0,0.5403099646927108,12,319.0,0.19880540958787962,17,348.0
805.0,8,56.0,0.9333333333333333,6.613724047253046,0,1.0,0.5621510991690366,1,12.0,0.6917524168380482,7,362.0,0.25579730420261343,8,375.0
810.0,12,52.0,0.8125,7.183397900017888,0,0.0,0.7859732659905965,2,14.0,0.6880109974861978,10,410.0,0.21883318911248834,12,424.0
815.0,16,91.0,1.5166666666666666,5.212817080707526,0,0.0,0.6711309036615564,1,3.0,0.4700152231596994,15,474.0,0.12137334423501807,16,477.0
820.0,29,196.0,3.3793103448275863,3.3170499428539384,1,3.0,0.5787644342253088,6,17.0,0.15559892964573913,22,563.0,0.04554736409420284,29,583.0
825.0,25,186.0,3.152542372881356,2.9642273363048632,1,4.0,0.4347445197485154,1,24.0,0.35507717017957735,23,586.0,0.052790871313820556,25,614.0
830.0,19,133.0,2.216666666666667,5.74268065140111,2,9.0,0.6166868605950707,2,12.0,0.6025731451257071,15,514.0,0.23486151359480328,19,535.0
835.0,12,83.0,1.3174603174603174,6.775049360137698,2,19.0,0.6595442637698727,0,5.0,0.7799714322604775,10,376.0,0.23305840413447823,12,400.0
840.0,10,73.0,1.0735294117647058,7.832398678239658,3,31.0,0.5868077377229752,0,4.0,0.7767610695543015,7,284.0,0.32322350507211145,10,319.0
845.0,6,21.0,0.3181818181818182,7.613125387148483,1,16.0,0.4992313410630316,1,1.0,0.6194082747168949,4,201.0,0.43483067385278995,6,218.0
850.0,7,26.0,0.4,7.541403488712481,4,17.0,0.35195288295175287,2,9.0,0.6130526665979643,1,161.0,0.41870909280424096,7,187.0
855.0,9,40.0,0.6666666666666666,7.780590323876891,0,16.0,0.6265265613081079,2,19.0,0.5285319181512647,7,176.0,0.3955570272203472,9,211.0
860.0,13,96.0,1.7454545454545454,7.13940314279724,0,0.0,0.7787860457191204,2,31.0,0.5448093641471875,11,222.0,0.2960173207849028,13,253.0
865.0,13,60.0,1.0526315789473684,5.154714973157174,1,2.0,0.537628856697337,1,19.0,0.4724657963643389,11,228.0,0.17197579002197158,13,249.0
870.0,16,52.0,0.8666666666666667,6.217749535256906,2,11.0,0.5264548482631091,5,18.0,0.4617058376072423,9,177.0,0.23713641079360978,16,206.0
875.0,10,53.0,0.8833333333333333,5.789550300033925,2,15.0,0.34907779952644935,4,38.0,0.46062147377412305,4,111.0,0.2650970573678807,10,164.0
880.0,5,28.0,0.45161290322580644,7.389685137535233,2,11.0,0.3666636905410594,1,37.0,0.5382076744776821,2,71.0,0.4478160474309453,5,119.0
885.0,5,8.0,0.12307692307692308,7.001824694177785,3,12.0,0.5144751007685854,1,16.0,0.41283895540561244,1,59.0,0.41679218682294583,5,87.0
890.0,13,44.0,0.6875,6.8592548321484905,6,36.0,0.5034988889212086,2,5.0,0.26698066665256365,5,74.0,0.3586597497172647,13,115.0
895.0,17,88.0,1.4426229508196722,5.012061953324135,8,69.0,0.3258212511041575,4,16.0,0.2120867525427215,5,78.0,0.2791651253596897,17,163.0
900.0,18,86.0,1.4333333333333333,4.565797170691374,5,74.0,0.36001221573661235,8,54.0,0.24092371379541833,5,58.0,0.22681247737869048,18,186.0
905.0,10,50.0,0.7575757575757576,5.615108098711252,2,25.0,0.31975484355495926,6,72.0,0.3794369699114866,2,60.0,0.2879628364242048,10,157.0
910.0,15,59.0,0.8676470588235294,6.985255092909165,4,24.0,0.5648980161683773,3,67.0,0.4784874476639942,8,89.0,0.25703902756616276,15,180.0
915.0,16,89.0,1.3484848484848484,6.12228346397911,3,17.0,0.5705891864235392,1,42.0,0.44905944388322755,12,139.0,0.14806409960047065,16,198.0
920.0,13,77.0,1.1323529411764706,5.951361321392056,4,26.0,0.5645830885722808,1,40.0,0.45245160416084695,8,151.0,0.11911821348889169,13,217.0
925.0,14,55.0,0.873015873015873,5.791507750816793,1,22.0,0.3990546532424622,6,59.0,0.3361061212676239,7,119.0,0.2556226208261368,14,200.0
930.0,16,54.0,0.8852459016393442,4.632592178937617,2,6.0,0.2334720391077393,6,71.0,0.3706717233163133,8,131.0,0.17007017425244378,16,208.0
935.0,11,43.0,0.6615384615384615,5.786848849631579,3,7.0,0.3986044513276652,2,46.0,0.4560977599102773,6,163.0,0.2320357135742459,11,216.0
940.0,15,64.0,0.9696969696969697,6.268507091480726,8,34.0,0.44821517820046414,2,28.0,0.4924572012409449,5,163.0,0.32882992150435114,15,225.0
945.0,8,22.0,0.36065573770491804,5.035313149794888,4,47.0,0.4356698874178118,2,23.0,0.36198660694508644,2,132.0,0.3504387651049533,8,202.0
950.0,10,37.0,0.5606060606060606,5.083324534233549,2,31.0,0.3779999856595143,6,33.0,0.36241213885540663,2,140.0,0.2951290407636638,10,204.0
955.0,13,57.0,0.8260869565217391,5.28665483243001,3,22.0,0.46403067057267644,2,40.0,0.45456238483356776,8,166.0,0.14664983121371394,13,228.0
960.0,12,55.0,0.7857142857142857,5.90242733157288,3,32.0,0.5663496998867875,1,16.0,0.5635290768694249,8,170.0,0.17658712484913383,12,218.0
965.0,6,21.0,0.30434782608695654,7.109156043952137,0,23.0,0.5411406629802603,1,9.0,0.7512623656840606,5,136.0,0.3052637899295263,6,168.0
970.0,11,26.0,0.37142857142857144,6.468954441183179,4,17.0,0.550735541565513,3,7.0,0.523207247019313,4,121.0,0.2878559576979232,11,145.0
975.0,17,51.0,0.7285714285714285,5.467326518683383,1,15.0,0.5084115030471703,6,25.0,0.3828440321580377,10,153.0,0.16204168261755714,17,193.0
980.0,10,39.0,0.582089552238806,4.555258701889656,2,4.0,0.4293277915051152,3,32.0,0.36587526627213685,5,163.0,0.11005040018493101,10,199.0
985.0,4,15.0,0.23076923076923078,6.762150789089455,1,7.0,0.6322469278041218,1,25.0,0.6007824657334236,2,131.0,0.264676597022024,4,163.0
990.0,8,24.0,0.36363636363636365,7.63674794420698,2,2.0,0.6624157383598573,3,21.0,0.6306031689118746,3,73.0,0.3638263682036198,8,96.0
995.0,6,22.0,0.3142857142857143,7.695465188975408,2,12.0,0.5883533255074882,2,14.0,0.6120476338693724,2,46.0,0.39538385783527336,6,72.0
1000.0,10,45.0,0.625,6.268014730382009,3,26.0,0.4725582119182876,5,23.0,0.3429612070110691,2,41.0,0.2999762604556608,10,90.0
1005.0,18,76.0,1.0704225352112675,4.531211856080198,2,16.0,0.2974496810688952,9,61.0,0.10955359071336641,7,55.0,0.22581520002843855,18,132.0
1010.0,22,108.0,1.6119402985074627,4.564062642582321,3,14.0,0.35711533734117723,7,79.0,0.23991581915875268,12,99.0,0.2232607654485848,22,192.0
1015.0,18,132.0,1.9130434782608696,5.543454616439614,1,11.0,0.3909571063214932,2,54.0,0.45977195873450943,15,168.0,0.2220042481767048,18,233.0
1020.0,17,118.0,1.6164383561643836,5.92290432528395,3,17.0,0.5460938572708152,2,43.0,0.3965084233963261,12,197.0,0.22702581563673052,17,257.0
1025.0,23,113.0,1.527027027027027,5.389966018350861,8,37.0,0.4603718533976045,7,71.0,0.26854303769281984,8,169.0,0.2558533497060195,23,277.0
1030.0,25,131.0,1.7702702702702702,3.882978910165151,3,34.0,0.3575667498703603,11,122.0,0.22738458240469175,11,205.0,0.15839635277243802,25,361.0
1035.0,25,118.0,1.475,4.579736633676413,3,18.0,0.36344878660714885,7,131.0,0.3631479179416899,15,261.0,0.08227185527060922,25,410.0
1040.0,17,64.0,0.8,5.46519748906532,4,18.0,0.5099600108789942,3,87.0,0.45722923522273096,10,279.0,0.1560751092928389,17,384.0
1045.0,9,20.0,0.24691358024691357,6.00985202948278,2,11.0,0.523037008300091,2,85.0,0.4517751541340761,5,232.0,0.26912261541192634,9,328.0
1050.0,16,61.0,0.7261904761904762,5.5370161569888845,4,19.0,0.4471632231643036,7,106.0,0.3257962631621913,5,250.0,0.22449856026540788,16,375.0
1055.0,29,143.0,1.7228915662650603,3.9343510764549645,4,29.0,0.35134817421941866,14,163.0,0.08954162291379823,11,291.0,0.11383169278372815,29,483.0
1060.0,34,276.0,3.4936708860759493,3.656528220220477,3,29.0,0.33758973224249317,18,248.0,0.19886409899050406,13,353.0,0.06963183624454589,34,630.0
1065.0,32,344.0,4.410256410256411,3.6050723435713254,2,26.0,0.39839256433927805,18,338.0,0.1597148907602216,12,363.0,0.07871853428944874,32,727.0
1070.0,30,402.0,5.153846153846154,3.9844503187729257,4,36.0,0.3300808956877301,19,433.0,0.11922656248801598,7,298.0,0.16161025525779366,30,767.0
1075.0,25,320.0,4.1558441558441555,4.159475306971024,3,41.0,0.22235949532887295,16,443.0,0.1668916505634699,6,237.0,0.22262390669433987,25,721.0
1080.0,16,129.0,1.6538461538461537,5.184768239558522,2,35.0,0.39383986991700526,7,354.0,0.33574190896896505,7,199.0,0.2732937194578077,16,588.0
1085.0,7,17.0,0.2125,5.99725247455766,2,21.0,0.5033471309008989,1,204.0,0.40007666681039333,4,185.0,0.3370750204642491,7,410.0
1090.0,5,12.0,0.14457831325301204,6.707834211356946,1,14.0,0.5442945317435366,0,86.0,0.36859861144969636,4,200.0,0.44727813179937953,5,300.0
1095.0,10,29.0,0.3493975903614458,6.092492993758797,6,32.0,0.40841492676876023,0,72.0,0.46658350461914916,4,191.0,0.3717148713997417,10,295.0
1100.0,23,101.0,1.188235294117647,5.104694339180711,11,73.0,0.20998626577940058,7,98.0,0.28375047050980096,5,165.0,0.34090710075701375,23,336.0
1105.0,28,131.0,1.4886363636363635,3.669364115918363,12,101.0,0.13994003008870998,14,151.0,0.15289209011574384,2,141.0,0.22347868858178596,28,393.0
1110.0,33,211.0,2.3444444444444446,3.7619064778825266,6,95.0,0.25340558061933954,19,235.0,0.13762470139300692,8,157.0,0.15964561969688532,33,487.0
1115.0,27,180.0,1.9565217391304348,4.159622514598111,6,105.0,0.2272619670786073,17,258.0,0.2310193520946232,4,152.0,0.2212155780710137,27,515.0
1120.0,19,95.0,1.0106382978723405,4.602591026718128,7,136.0,0.23794799266365568,8,217.0,0.2471837179541603,4,112.0,0.2795592497839572,19,465.0
1125.0,16,70.0,0.7526881720430108,5.236716267054408,7,140.0,0.28291445543781263,6,156.0,0.2969999371918263,3,75.0,0.35373819767989545,16,371.0
1130.0,13,47.0,0.4845360824742268,5.550678051371664,5,101.0,0.33976099628842493,6,116.0,0.311716952528242,2,69.0,0.3883604670307985,13,286.0
1135.0,15,72.0,0.72,5.890730501990655,6,79.0,0.37799558797549093,4,117.0,0.3873885097446825,5,76.0,0.35375581488583163,15,272.0
1140.0,13,42.0,0.4158415841584158,5.106939197307962,1,67.0,0.3122094442937821,6,114.0,0.3504713844326021,6,80.0,0.20673835167090826,13,261.0
1145.0,20,54.0,0.5242718446601942,4.7286450666237005,7,74.0,0.2239819427679856,8,117.0,0.23454509477374794,5,65.0,0.21030013814547344,20,256.0
1150.0,18,53.0,0.5520833333333334,4.066286405344454,7,90.0,0.22618880271146877,6,97.0,0.2495657405107534,5,83.0,0.22989236793227977,18,270.0
1155.0,21,107.0,1.1382978723404256,4.913482618174395,4,75.0,0.3197313307373293,7,85.0,0.3214813642623864,10,118.0,0.25214292058438836,21,278.0
1160.0,16,78.0,0.8041237113402062,4.243746274216675,2,62.0,0.26211834317012456,5,84.0,0.32357607683530804,9,137.0,0.19212083739434954,16,283.0
1165.0,21,70.0,0.6730769230769231,3.945256413601963,10,88.0,0.16699655154236015,6,77.0,0.3404420654162241,5,113.0,0.17156267950289436,21,278.0
1170.0,23,72.0,0.6792452830188679,4.305528266636453,8,96.0,0.1966364637336102,9,95.0,0.278471154203253,6,74.0,0.21784057143279517,23,265.0
1175.0,17,75.0,0.7142857142857143,4.99048611185853,4,76.0,0.20972386720709452,9,102.0,0.35223497535855786,4,61.0,0.3272437747351092,17,239.0
1180.0,15,87.0,0.8130841121495327,5.4360267463432494,3,48.0,0.28779315255671983,9,129.0,0.3242395422222852,3,45.0,0.29656230125847094,15,222.0
1185.0,18,110.0,1.0377358490566038,5.777684247930077,5,45.0,0.3082244649661272,6,126.0,0.3469302631874617,7,58.0,0.29317304858222265,18,229.0
1190.0,17,47.0,0.47,5.058805676544775,2,25.0,0.25512389847901745,6,100.0,0.338050217079504,9,77.0,0.20596384899119402,17,202.0
1195.0,17,43.0,0.42574257425742573,5.043990191101294,6,20.0,0.25967548394613876,6,114.0,0.24575673281631585,5,68.0,0.24023742368282894,17,202.0
1200.0,21,105.0,1.09375,5.1265330616968,9,59.0,0.30900015213036675,9,119.0,0.20584483196046413,3,45.0,0.3537604562477841,21,223.0
1205.0,26,214.0,2.276595744680851,5.109002378749734,13,111.0,0.2672523209548875,10,151.0,0.25254463711698266,3,44.0,0.4224408796459379,26,306.0
1210.0,30,307.0,3.101010101010101,4.93320933725038,15,178.0,0.30211525188757005,13,199.0,0.1553729550301218,2,26.0,0.44496173969933134,30,403.0
1215.0,31,259.0,2.5145631067961167,4.302049761041652,15,207.0,0.1985688734514835,11,211.0,0.18765497242868362,5,31.0,0.409875212253521,31,449.0
1220.0,30,195.0,1.911764705882353,4.17617331154836,15,217.0,0.16799187773636876,8,173.0,0.2693037231869863,7,44.0,0.22006812140951734,30,434.0
1225.0,27,186.0,1.8235294117647058,4.940928666822839,15,230.0,0.1676506817578377,7,140.0,0.38038472996592654,5,44.0,0.23601950220578022,27,414.0
1230.0,30,239.0,2.276190476190476,5.240363879600529,14,266.0,0.2253546057644726,11,153.0,0.3995053964352143,5,60.0,0.2489527399997896,30,479.0
1235.0,38,346.0,3.2641509433962264,5.1166468425508915,13,279.0,0.22066363232557973,15,180.0,0.3043560348486175,10,89.0,0.2071582271991411,38,548.0
1240.0,38,396.0,3.96,4.575036470549074,5,277.0,0.2593560752265259,18,258.0,0.2283496591617039,15,152.0,0.11235042003461698,38,687.0
1245.0,43,545.0,5.797872340425532,3.7311049414751216,4,249.0,0.28353633186742294,22,359.0,0.12773458706886198,17,231.0,0.09677013380166284,43,839.0
1250.0,39,450.0,4.838709677419355,3.00318793569831,5,245.0,0.2622167325426878,19,390.0,0.07305260518674125,15,264.0,0.1338079984830393,39,899.0
1255.0,32,272.0,2.804123711340206,3.7249162823221567,6,229.0,0.252631339329561,13,379.0,0.26058990085349026,13,217.0,0.22736238734510364,32,825.0
1260.0,20,163.0,1.5523809523809524,4.179418970528217,5,214.0,0.3069072202992091,6,372.0,0.30479513484757037,9,263.0,0.25007353339033545,20,849.0
1265.0,31,169.0,1.5225225225225225,4.423534867927874,9,188.0,0.2505035663667523,8,391.0,0.24072872783902244,14,328.0,0.1971087706866446,31,907.0
1270.0,37,200.0,1.8018018018018018,3.656098097400648,5,166.0,0.2579697740111009,15,446.0,0.1598956719112123,17,404.0,0.10482892483520635,37,1016.0
1275.0,38,255.0,2.361111111111111,3.468505320106564,5,111.0,0.2946891662646995,15,450.0,0.1545024458565447,18,487.0,0.09244546681204839,38,1048.0
1280.0,36,234.0,2.146788990825688,4.039126079795462,9,141.0,0.30762588274809216,14,395.0,0.14475004061587812,13,486.0,0.209427816602886,36,1022.0
1285.0,29,148.0,1.3703703703703705,4.441956431514903,9,145.0,0.29355346614359734,10,293.0,0.26567777555010275,10,398.0,0.28370062102065485,29,836.0
1290.0,22,94.0,0.8623853211009175,4.4134199956234905,10,124.0,0.29450304900697666,3,306.0,0.3085660751265933,9,386.0,0.23890941132910512,22,816.0
1295.0,28,109.0,0.956140350877193,4.332822721606913,9,152.0,0.22306071836920896,8,313.0,0.24011500894593193,11,435.0,0.1802164343742228,28,900.0
1300.0,44,228.0,2.0357142857142856,3.3441060476017435,12,190.0,0.0981951846770546,14,374.0,0.1520043531123982,18,509.0,0.13537186056631267,44,1073.0
1305.0,53,346.0,3.3592233009708736,2.182826475653964,16,259.0,0.07296901569413602,22,470.0,0.1337650290136618,15,520.0,0.11984513669161637,53,1249.0
1310.0,43,303.0,2.941747572815534,2.391762461373835,13,289.0,0.09218741836178154,22,496.0,0.13364437875471638,8,455.0,0.17901203580979727,43,1240.0
1315.0,32,195.0,1.7727272727272727,3.618382097814882,7,241.0,0.2539313211986938,16,422.0,0.1344481888559521,9,473.0,0.24224568665307858,32,1136.0
1320.0,31,154.0,1.3628318584070795,4.342659201581411,7,191.0,0.23078462486250534,14,481.0,0.20566908676179604,10,516.0,0.2088085458261165,31,1188.0
1325.0,26,109.0,0.9732142857142857,3.4074063767756906,5,205.0,0.2118941457362428,13,538.0,0.10955732945160229,8,505.0,0.14567292678060242,26,1248.0
1330.0,31,100.0,0.9433962264150944,3.3349962373749267,10,240.0,0.16900253397961681,12,506.0,0.16649503779369929,9,431.0,0.1909924139247656,31,1177.0
1335.0,23,121.0,1.1862745098039216,4.005735868356631,10,292.0,0.19755180968862282,7,419.0,0.20031543623040404,6,339.0,0.31492131095288656,23,1050.0
1340.0,26,187.0,1.8155339805825244,4.063789952318382,13,351.0,0.25285595147835055,6,286.0,0.1853043521343805,7,295.0,0.31730116810869835,26,932.0
1345.0,20,97.0,0.9150943396226415,3.8553559475647146,12,367.0,0.2236355189191209,6,293.0,0.176654503656716,2,253.0,0.38573500437251257,20,913.0
1350.0,20,101.0,0.926605504587156,4.671384059255312,8,318.0,0.17712486712823577,7,312.0,0.23563069846122622,5,239.0,0.33463116479059357,20,869.0
1355.0,28,99.0,0.9339622641509434,3.665972961459873,13,365.0,0.10260468264750322,9,292.0,0.17210494330011802,6,231.0,0.24484456743512714,28,888.0
1360.0,30,119.0,1.1442307692307692,3.6308743039146396,16,439.0,0.1673192507396215,7,222.0,0.1603288380452573,7,187.0,0.2830731335223006,30,848.0
1365.0,20,79.0,0.7596153846153846,3.595539880234124,14,469.0,0.1878923608722646,3,166.0,0.19489642726540604,3,188.0,0.27129369462383396,20,823.0
1370.0,20,71.0,0.6574074074074074,4.61845116913124,7,414.0,0.25718020639114775,6,184.0,0.2565331071320838,7,204.0,0.24883530891860628,20,802.0
1375.0,30,154.0,1.4128440366972477,4.021199194672831,6,325.0,0.22468154640154978,12,226.0,0.18331341218125458,12,251.0,0.12540782163163977,30,802.0
1380.0,32,199.0,1.8256880733944953,3.357405277689332,3,331.0,0.2136909938219961,17,298.0,0.15682838576230534,12,257.0,0.08948115759964856,32,886.0
1385.0,30,180.0,1.6216216216216217,3.798712505520659,6,343.0,0.21052571009604032,16,318.0,0.1337823061897672,8,188.0,0.2094507623345207,30,849.0
1390.0,26,119.0,1.1121495327102804,3.559512090631743,5,331.0,0.26646303767703733,15,283.0,0.127260967019219,6,178.0,0.23086891703375872,26,792.0
1395.0,27,113.0,1.0272727272727273,4.053565116335899,5,270.0,0.27568133535172756,13,290.0,0.16779963175184595,9,223.0,0.21078865201007604,27,783.0
1400.0,24,65.0,0.5701754385964912,3.8392576414225466,5,282.0,0.25674741240270044,12,346.0,0.1446555671259023,7,217.0,0.1738900324288764,24,845.0
1405.0,22,69.0,0.6388888888888888,3.588163643442147,8,299.0,0.1680974332324538,8,346.0,0.191571872698954,6,203.0,0.17726859054220612,22,848.0
1410.0,19,71.0,0.6396396396396397,3.6091090990078336,6,290.0,0.20537219759124004,5,282.0,0.16584925279871576,8,209.0,0.2101532689229489,19,781.0
1415.0,14,56.0,0.5,4.136375198282454,4,233.0,0.27371913030246803,6,211.0,0.21325415320336216,4,211.0,0.23448144031166165,14,655.0
1420.0,15,98.0,0.8448275862068966,5.206770315130491,5,156.0,0.3599228834543071,5,175.0,0.27004016140900544,5,214.0,0.29009700858944837,15,545.0
1425.0,12,65.0,0.5508474576271186,5.140679686891234,5,131.0,0.33971219039098477,3,152.0,0.31692092520524834,4,196.0,0.2655544218155758,12,479.0
1430.0,19,58.0,0.5,4.889797794886353,4,127.0,0.2918696324121067,7,144.0,0.32801355785359454,8,176.0,0.21209156793133316,19,447.0
1435.0,25,126.0,1.0769230769230769,4.0593068754198995,7,127.0,0.17626734518481169,13,198.0,0.2741251648208635,5,170.0,0.14005637852868097,25,495.0
1440.0,28,132.0,1.168141592920354,3.681514706457195,9,137.0,0.17189430148287185,13,223.0,0.1440283768169779,6,179.0,0.1686618690753885,28,539.0
1445.0,31,144.0,1.309090909090909,4.135004872025924,7,123.0,0.24602248775393248,12,204.0,0.20433375165569437,12,222.0,0.12612532305241303,31,549.0
1450.0,27,204.0,1.9065420560747663,4.272918272731265,7,93.0,0.2940974271356656,7,189.0,0.2260773640594933,13,287.0,0.1802287888982933,27,569.0
1455.0,35,303.0,2.72972972972973,3.9946385254160957,7,114.0,0.27094778102749445,10,220.0,0.1941263552609197,18,363.0,0.17224328200597022,35,697.0
1460.0,34,297.0,2.6517857142857144,3.105200372833965,10,157.0,0.16629050851598398,6,220.0,0.1764444007020076,18,389.0,0.1089932280655465,34,766.0
1465.0,33,189.0,1.6725663716814159,3.5101091282152828,10,166.0,0.23560103208157923,8,188.0,0.22264267576421778,15,352.0,0.17911529396880324,33,706.0
1470.0,31,212.0,1.8434782608695652,4.464151912370522,10,135.0,0.30849973369855116,7,151.0,0.2986305528272871,14,410.0,0.1830282425248947,31,696.0
1475.0,31,171.0,1.4369747899159664,4.173087488790215,11,156.0,0.2583212121386823,3,150.0,0.26070898158967926,17,480.0,0.19686899242735334,31,786.0
1480.0,35,166.0,1.4188034188034189,3.6660512564707433,12,153.0,0.2268644521421008,8,137.0,0.19576862888031168,15,491.0,0.09965340498405009,35,781.0
1485.0,38,211.0,1.8839285714285714,3.702584725410507,16,193.0,0.1657647013868287,14,194.0,0.20920218181070577,8,443.0,0.13087877660374936,38,830.0
1490.0,35,248.0,2.1379310344827585,3.7881614605178746,11,224.0,0.16971231306447657,18,276.0,0.17872311214615647,6,463.0,0.1699626335264656,35,963.0
1495.0,39,338.0,2.888888888888889,3.1389153204761526,9,270.0,0.1557103774872282,21,373.0,0.10566486442309038,9,482.0,0.10091988081388129,39,1125.0
1500.0,36,291.0,2.5526315789473686,3.016781824103418,7,284.0,0.14576910885503722,21,423.0,0.0864013699786143,8,466.0,0.1414891661318698,36,1173.0
1505.0,29,196.0,1.8317757009345794,3.186604845967956,9,288.0,0.1795602019824,15,397.0,0.21191108620242607,5,388.0,0.21501677144203024,29,1073.0
1510.0,36,236.0,2.0,4.09107128017414,15,338.0,0.1928892537398923,13,332.0,0.2848182110120537,8,296.0,0.23455675121417252,36,966.0
1515.0,34,250.0,2.0491803278688523,4.050291957710787,20,418.0,0.16261491074637724,11,329.0,0.2716527339654096,3,292.0,0.32896695086975875,34,1039.0
1520.0,38,332.0,2.656,3.8624501750099536,25,522.0,0.11939530973653327,8,359.0,0.24533001077648844,5,278.0,0.25573905227106286,38,1159.0
1525.0,44,438.0,3.680672268907563,3.1017761439824576,28,620.0,0.055121193662959325,12,403.0,0.13719932768962356,4,265.0,0.2225305063627159,44,1288.0
1530.0,45,508.0,4.26890756302521,3.2556118064602555,28,697.0,0.06390547515132416,11,398.0,0.17711465570250984,6,219.0,0.22275917616370994,45,1314.0
1535.0,40,594.0,4.991596638655462,3.810407923276398,27,779.0,0.09143830287189054,8,341.0,0.2611094178892316,5,193.0,0.32452085060134606,40,1313.0
1540.0,33,628.0,5.024,3.487715278837996,26,865.0,0.1038804016504261,5,363.0,0.2511753080977868,2,160.0,0.27731817594969627,33,1388.0
1545.0,43,761.0,5.9921259842519685,3.518335910229732,26,994.0,0.11535609194133399,12,400.0,0.17504315323144912,5,151.0,0.3156553873120785,43,1545.0
1550.0,50,942.0,7.596774193548387,2.904220794561903,27,1102.0,0.0836883342098593,16,469.0,0.11069701512773623,7,148.0,0.21517333396801497,50,1719.0
1555.0,52,857.0,6.856,2.6262127376985176,20,1079.0,0.09641025520329088,22,574.0,0.11613924947444021,10,142.0,0.13652799573000055,52,1795.0
1560.0,50,670.0,5.234375,2.8149423806015235,14,933.0,0.13302094676318246,27,696.0,0.09381525969819374,9,162.0,0.1568885789397872,50,1791.0
1565.0,39,366.0,2.8372093023255816,2.7922005662897673,8,950.0,0.11977731650307072,26,732.0,0.08634070738275781,5,147.0,0.1737389470051243,39,1829.0
1570.0,41,288.0,2.2153846153846155,2.7682674518356563,14,1008.0,0.13434911588201062,21,683.0,0.14624084736159704,6,136.0,0.20347051766133326,41,1827.0
1575.0,47,262.0,1.955223880597015,2.626827914792371,16,968.0,0.1369514623232376,19,565.0,0.21535281766681535,12,129.0,0.1813201192457683,47,1662.0
1580.0,39,206.0,1.4609929078014185,2.9237815857965703,14,806.0,0.1684668454455194,14,621.0,0.17333677656542004,11,163.0,0.20562002237485597,39,1590.0
1585.0,34,199.0,1.4014084507042253,3.363215372846645,16,877.0,0.11977303532182089,12,655.0,0.2105925759180888,6,154.0,0.19548794866069238,34,1686.0
1590.0,45,303.0,2.2279411764705883,2.7352635105074192,23,927.0,0.08373005277384697,15,714.0,0.1765436096601568,7,141.0,0.12630238020012544,45,1782.0
1595.0,57,349.0,2.528985507246377,2.5988301099866775,30,959.0,0.04666479247978328,18,708.0,0.19176737393857335,9,134.0,0.1364786554314523,57,1801.0
1600.0,58,355.0,2.4482758620689653,3.216835673072545,28,968.0,0.10105841207199956,17,630.0,0.19714806873099092,13,163.0,0.19692481318852834,58,1761.0
1605.0,46,270.0,1.836734693877551,3.275499799388491,23,857.0,0.17698175255440596,13,692.0,0.14283400328772047,10,182.0,0.18907350473794574,46,1731.0
1610.0,33,154.0,1.0694444444444444,3.635372589853893,14,862.0,0.19996102884036154,10,733.0,0.12675824403522892,9,156.0,0.20277680278314772,33,1751.0
1615.0,33,170.0,1.25,3.410465525329362,12,833.0,0.1575712029045276,15,779.0,0.14821754202137008,6,172.0,0.1673573313991256,33,1784.0
1620.0,41,176.0,1.2941176470588236,2.8401136273361383,14,777.0,0.13317286535288642,15,753.0,0.13959354177126787,12,194.0,0.14118221391891975,41,1724.0
1625.0,46,217.0,1.5390070921985815,3.0708433101825414,11,640.0,0.16642807723468295,16,633.0,0.1364835704333186,19,237.0,0.14417125836145625,46,1510.0
1630.0,42,310.0,2.246376811594203,3.3793545226094936,8,641.0,0.20035896105476114,13,506.0,0.19062594334037247,21,309.0,0.19438431642116577,42,1456.0
1635.0,43,319.0,2.3284671532846715,3.1668183288266603,13,607.0,0.23679898488849058,11,419.0,0.21760199079476839,19,346.0,0.22841669538422138,43,1372.0
1640.0,41,250.0,1.7241379310344827,3.572014995997421,19,685.0,0.16054239498132195,9,389.0,0.2560640408003549,13,315.0,0.2505563852241088,41,1389.0
1645.0,39,243.0,1.6643835616438356,3.784137769501099,26,761.0,0.10655367744162994,6,377.0,0.27568419053913024,7,336.0,0.24484731004029392,39,1474.0
1650.0,46,374.0,2.54421768707483,3.4779728687787546,25,809.0,0.07003062264431052,9,362.0,0.26694580187708644,12,353.0,0.18479654186672131,46,1524.0
1655.0,45,411.0,2.795918367346939,3.5029735016247003,20,833.0,0.13220094217814762,9,296.0,0.23948257074165089,16,414.0,0.20326894101990634,45,1543.0
1660.0,41,364.0,2.4594594594594597,3.8427294749373058,14,719.0,0.17621749429706948,5,240.0,0.20623542523552055,22,494.0,0.206163267473602,41,1453.0
1665.0,32,233.0,1.595890410958904,3.807135217610683,7,678.0,0.18170461855820633,8,238.0,0.15340987307240594,17,511.0,0.20444772671929212,32,1427.0
1670.0,37,205.0,1.4642857142857142,3.7617909062319574,11,639.0,0.16130060104943186,13,277.0,0.17731634415543293,13,429.0,0.18598574104993518,37,1345.0
1675.0,43,221.0,1.589928057553957,3.6433177208655225,18,610.0,0.09129065631664339,13,280.0,0.15444544015808986,12,292.0,0.2219975038718268,43,1182.0
1680.0,52,344.0,2.5671641791044775,3.4571722170678183,22,659.0,0.13956320300061217,14,249.0,0.16492719365612793,16,246.0,0.2613015572982779,52,1154.0
1685.0,42,304.0,2.2686567164179103,3.036556239221661,19,664.0,0.18374219581375698,9,253.0,0.1402910008924242,14,283.0,0.21097262736242536,42,1200.0
1690.0,43,237.0,1.7173913043478262,3.8866548259649725,12,566.0,0.2311963364458732,13,295.0,0.1924456154346661,18,301.0,0.1883197062782787,43,1162.0
1695.0,36,186.0,1.3576642335766422,3.5900225307823543,7,538.0,0.22896683241487084,8,294.0,0.1417202912247762,21,367.0,0.15076596367298312,36,1199.0
1700.0,42,256.0,1.8285714285714285,3.2398022727282054,11,527.0,0.2092378251821144,6,248.0,0.1898719203573892,25,460.0,0.13069942001582252,42,1235.0
1705.0,31,178.0,1.2275862068965517,3.142307064027287,9,460.0,0.1817589541956169,3,242.0,0.18812940885389598,19,485.0,0.14343900370862986,31,1187.0
1710.0,32,125.0,0.8503401360544217,3.8655184829625684,9,334.0,0.16750282041758047,9,258.0,0.14418827934408932,14,459.0,0.18632059832128764,32,1051.0
1715.0,30,165.0,1.2222222222222223,3.5104238297749886,8,248.0,0.17704070329232793,14,317.0,0.09162022942506184,8,452.0,0.1684261686688126,30,1017.0
1720.0,47,324.0,2.511627906976744,2.842480301731443,13,207.0,0.19940717468722288,22,412.0,0.0772701368031984,12,449.0,0.11642593775877381,47,1068.0
1725.0,56,412.0,3.0294117647058822,2.742747267248684,17,260.0,0.17316957652686477,24,459.0,0.08321597172458425,15,467.0,0.10457417464335826,56,1186.0
1730.0,45,327.0,2.386861313868613,3.145300858203869,15,280.0,0.1565904721615066,18,431.0,0.14302002102408323,12,414.0,0.15826491602169607,45,1125.0
1735.0,46,295.0,2.153284671532847,3.2735845432530843,20,276.0,0.15876094709082592,19,502.0,0.16912357470777192,7,431.0,0.1926017225563265,46,1209.0
1740.0,54,300.0,2.18978102189781,2.6299521528865064,25,327.0,0.13367280963887304,18,590.0,0.11024314518474836,11,442.0,0.1853944751471808,54,1359.0
1745.0,59,349.0,2.492857142857143,2.281507531144458,27,454.0,0.07968493630681091,17,615.0,0.13661316206751406,15,458.0,0.12155507228997904,59,1527.0
1750.0,48,384.0,2.6666666666666665,2.4629606889936326,29,571.0,0.10677240899085812,6,509.0,0.14459668882177992,13,452.0,0.13969839302460516,48,1532.0
1755.0,44,433.0,2.986206896551724,2.7686674876799833,27,684.0,0.13626712700151458,4,529.0,0.17168930715676337,13,462.0,0.15149251030350955,44,1675.0
1760.0,46,406.0,2.8,2.55806564844751,21,742.0,0.13031945419944468,9,562.0,0.13685153383496398,16,438.0,0.12700888186108855,46,1742.0
1765.0,52,378.0,2.52,2.60713896057016,16,713.0,0.13908686743385712,13,622.0,0.10307698953199308,23,496.0,0.06650161016949505,52,1831.0
1770.0,53,350.0,2.3333333333333335,2.5619482325232577,9,704.0,0.11827491478996041,16,619.0,0.14876021362897351,28,595.0,0.05918789701183938,53,1918.0
1775.0,55,453.0,3.1027397260273974,2.503695105333701,13,688.0,0.17399973553394157,14,507.0,0.15750157385812655,28,709.0,0.07341065310198705,55,1904.0
1780.0,54,436.0,2.9261744966442955,2.8829434570040955,15,691.0,0.16716787813238182,18,459.0,0.17046344771270772,21,757.0,0.14607479920657943,54,1907.0
1785.0,41,307.0,2.0604026845637584,4.074829898825194,12,610.0,0.20926461627521917,16,379.0,0.1998932370543356,13,706.0,0.23301170594023055,41,1695.0
1790.0,28,167.0,1.1360544217687074,4.5555205351767105,12,542.0,0.2039059164286546,8,395.0,0.26123435075044577,8,606.0,0.25661919095143026,28,1543.0
1795.0,38,294.0,2.0851063829787235,4.405195681831483,17,527.0,0.19611395652901317,7,381.0,0.25639323985098994,14,581.0,0.21789009859181277,38,1489.0
1800.0,48,380.0,2.753623188405797,3.368129087009524,19,545.0,0.09616771263158753,9,363.0,0.20816960343873572,20,573.0,0.12647096045443368,48,1481.0
1805.0,58,489.0,3.7906976744186047,2.924677118861636,20,529.0,0.13990502639762672,10,308.0,0.15844001295811222,28,641.0,0.08664363958158179,58,1478.0
1810.0,53,599.0,4.503759398496241,2.85868618350311,14,561.0,0.13976775591160084,8,333.0,0.18033645462791079,31,791.0,0.06487315787092945,53,1685.0
1815.0,55,596.0,4.382352941176471,3.0601765610329204,16,595.0,0.14000350801885272,10,350.0,0.1770324073865217,29,851.0,0.05794157344030637,55,1796.0
1820.0,50,501.0,3.7669172932330826,3.462243857245253,15,605.0,0.13932549796562768,14,397.0,0.1890871749670809,21,744.0,0.15899225230107214,50,1746.0
1825.0,46,428.0,3.317829457364341,3.8668167002954923,12,540.0,0.14937790166197298,18,404.0,0.2065455468963042,16,662.0,0.24046239670155614,46,1606.0
1830.0,42,337.0,2.5338345864661656,3.4678116165710335,12,519.0,0.1628711468213207,17,364.0,0.14090548939808312,13,718.0,0.23517820492189306,42,1601.0
1835.0,35,236.0,1.7352941176470589,4.181193999747669,10,525.0,0.18292512442478906,13,391.0,0.12736308366938512,12,764.0,0.2901047735978064,35,1680.0
1840.0,30,136.0,1.0461538461538462,4.4525843338898135,11,538.0,0.2269597119124995,11,423.0,0.1800276853037437,8,727.0,0.20631777909023466,30,1688.0
1845.0,29,112.0,0.9180327868852459,3.4115474927511027,10,513.0,0.11789469205707688,10,393.0,0.17844025204218356,9,618.0,0.1875217487109232,29,1524.0
1850.0,33,105.0,0.8467741935483871,3.3504464842300705,13,438.0,0.19003965517513188,9,318.0,0.20071738332048217,11,642.0,0.2088596442600187,33,1398.0
1855.0,27,165.0,1.2406015037593985,4.510006929877283,13,365.0,0.25253118805993174,6,221.0,0.2722720897564313,8,651.0,0.23108156875934713,27,1237.0
1860.0,31,233.0,1.7518796992481203,4.427573903984799,15,352.0,0.2488226725625739,3,214.0,0.24829166337245082,13,684.0,0.23086192225934804,31,1250.0
1865.0,42,317.0,2.4015151515151514,3.802268474758122,21,351.0,0.2248940387083727,6,218.0,0.2372527875345688,15,670.0,0.13757386131863836,42,1239.0
1870.0,51,445.0,3.371212121212121,3.569251898565986,20,408.0,0.19754466663490663,14,270.0,0.22474087327026218,17,563.0,0.10246313168727053,51,1241.0
1875.0,58,589.0,4.395522388059701,3.3178752742195,23,497.0,0.15313610254209623,17,291.0,0.16096746889528382,18,527.0,0.15074280260410008,58,1315.0
1880.0,47,443.0,3.1870503597122304,3.2681794045945662,18,522.0,0.21105634953160285,12,263.0,0.1529360578149779,17,590.0,0.1480062643261461,47,1375.0
1885.0,43,249.0,1.8175182481751824,3.8257044829631055,14,459.0,0.21820013202999902,13,320.0,0.1390996170849896,16,620.0,0.18389981947440598,43,1399.0
1890.0,28,113.0,0.8625954198473282,3.9996139107800657,7,449.0,0.20798479894900426,15,391.0,0.14296280525286795,6,591.0,0.22147963322104472,28,1431.0
1895.0,37,167.0,1.346774193548387,3.045324438157411,12,450.0,0.15217367551476008,17,473.0,0.13626285255700007,8,498.0,0.15535509242110257,37,1421.0
1900.0,47,262.0,2.0153846153846153,2.5477025843997905,13,445.0,0.13396251072367268,22,567.0,0.07606284372065059,12,516.0,0.13656555127335449,47,1528.0
1905.0,48,399.0,2.9555555555555557,2.734949055427766,8,373.0,0.1496130349886794,30,697.0,0.06791558928740768,10,517.0,0.13615308886606875,48,1587.0
1910.0,48,447.0,3.3358208955223883,2.978552839548695,7,386.0,0.13990649695041593,29,752.0,0.09702799471317496,12,521.0,0.15195432956805663,48,1659.0
1915.0,52,373.0,2.8257575757575757,2.5821537888893946,14,393.0,0.15008922416027104,26,725.0,0.10705377271343108,12,494.0,0.17331190373887073,52,1612.0
1920.0,51,378.0,2.8,2.4520684389876073,17,452.0,0.14255669444457328,22,836.0,0.14076511782365259,12,347.0,0.17846843245386426,51,1635.0
1925.0,66,467.0,3.3120567375886525,2.5911924203574013,27,559.0,0.11355612816322962,22,931.0,0.10874807195876034,17,304.0,0.16797006324926855,66,1794.0
1930.0,57,437.0,3.099290780141844,2.3269337448928473,23,597.0,0.0665042419967524,23,1039.0,0.10364620322725282,11,332.0,0.13561543072326301,57,1968.0
1935.0,52,405.0,2.9562043795620436,2.9742983323224244,19,533.0,0.10866388787811661,23,1149.0,0.1085268527087551,10,326.0,0.17698143722822104,52,2008.0
1940.0,40,296.0,2.208955223880597,2.925618618889844,10,494.0,0.14473865609492956,22,1147.0,0.0782320337669141,8,302.0,0.19025970857006574,40,1943.0
1945.0,48,268.0,2.0615384615384613,2.6798748233819127,15,501.0,0.15462322749155133,22,1002.0,0.12275751861679442,11,287.0,0.21404273059423107,48,1790.0
1950.0,51,306.0,2.217391304347826,2.9283464381754407,15,490.0,0.1693709322882983,21,887.0,0.15936912616400936,15,356.0,0.20776632617211374,51,1733.0
1955.0,50,320.0,2.1621621621621623,3.0786145488989805,13,422.0,0.1707222472765059,19,978.0,0.1487370136755297,18,435.0,0.18010746117749596,50,1835.0
1960.0,47,305.0,2.060810810810811,2.8115029527584756,14,483.0,0.16693744013826012,13,1039.0,0.18060238417411248,20,481.0,0.1087436128540432,47,2003.0
1965.0,51,353.0,2.385135135135135,3.0950073361039543,19,526.0,0.12622827146366392,14,1087.0,0.18774710758767293,18,490.0,0.1106925820947054,51,2103.0
1970.0,56,408.0,2.72,2.8006855308739125,20,558.0,0.06913306174076336,15,1057.0,0.15427498359043743,21,524.0,0.11712309188696832,56,2139.0
1975.0,62,517.0,3.469798657718121,3.084702610252096,20,557.0,0.11386135725281087,16,925.0,0.15025085907501692,26,628.0,0.16326783392716304,62,2110.0
1980.0,49,433.0,3.027972027972028,2.9584256115409535,12,562.0,0.15051412761910316,12,929.0,0.15191541014623722,25,672.0,0.13587893176753427,49,2163.0
1985.0,53,398.0,2.8840579710144927,2.9783899967848613,16,537.0,0.14588653610147836,14,986.0,0.2127698307222107,23,652.0,0.14446619084487175,53,2175.0
1990.0,47,360.0,2.5531914893617023,2.685127988193603,16,519.0,0.11332262054515631,12,936.0,0.11331399135473132,19,680.0,0.13906528942561386,47,2135.0
1995.0,50,423.0,2.9375,3.0312758510777567,22,561.0,0.1606930551208695,9,778.0,0.14380512442686774,19,739.0,0.17560460831934085,50,2078.0
2000.0,40,321.0,2.3093525179856114,3.0806804832962973,18,596.0,0.16365524681929125,8,707.0,0.16465078153502682,14,733.0,0.22787654338910768,40,2036.0
2005.0,28,182.0,1.338235294117647,2.935962294785546,12,644.0,0.17570822812168585,8,726.0,0.15704943718757544,8,635.0,0.17999717420684191,28,2005.0
2010.0,26,110.0,0.7971014492753623,3.174511353927209,5,656.0,0.15203277881361937,14,771.0,0.14332502127998678,7,639.0,0.19563913986663953,26,2066.0
2015.0,33,133.0,0.95,2.928796161079173,9,631.0,0.1228662207196346,14,722.0,0.12133109792426393,10,657.0,0.14699637344889577,33,2010.0
2020.0,37,175.0,1.25,2.8245292440474197,10,603.0,0.12148796910251392,13,588.0,0.143219779399149,14,703.0,0.14807352948230135,37,1894.0
2025.0,43,283.0,2.050724637681159,3.3147849795168867,11,566.0,0.20286463819297001,14,403.0,0.1122428992447019,18,784.0,0.16596851807390345,43,1753.0
2030.0,45,437.0,3.237037037037037,3.9088214771586554,9,470.0,0.27339484420984833,14,344.0,0.18705525043919843,22,887.0,0.15775407869803101,45,1701.0
2035.0,39,406.0,3.147286821705426,3.8488509117876606,12,437.0,0.29210086272628405,6,311.0,0.2761417478200492,21,903.0,0.12118555292507824,39,1651.0
2040.0,40,308.0,2.387596899224806,3.4683273651711377,14,420.0,0.178545910147501,6,304.0,0.2956392746509885,20,816.0,0.07866006030145119,40,1540.0
2045.0,43,249.0,1.9453125,3.414518533069452,18,412.0,0.12116854598614535,8,283.0,0.2611683725396797,17,723.0,0.1509101382149778,43,1418.0
2050.0,42,274.0,2.044776119402985,4.230267550935786,20,436.0,0.1628688514769813,10,217.0,0.23598707031177127,12,646.0,0.30957471821105753,42,1299.0
2055.0,38,282.0,2.028776978417266,4.266011557196877,22,472.0,0.1358300001843954,5,225.0,0.21238518558222555,11,519.0,0.3102516536363118,38,1216.0
2060.0,36,279.0,1.9647887323943662,4.108560012748849,23,511.0,0.1433654764606634,7,209.0,0.17282182888876702,6,519.0,0.27783310770613534,36,1239.0
2065.0,35,222.0,1.6323529411764706,4.035123356235488,17,535.0,0.13621759520561044,10,217.0,0.16916503212810763,8,530.0,0.24381448403925235,35,1282.0
2070.0,37,201.0,1.5461538461538462,4.1158722164214785,12,481.0,0.22521817587726675,10,185.0,0.1253389655858834,15,583.0,0.23635976868367117,37,1249.0
2075.0,29,131.0,1.048,3.5516581347244225,6,451.0,0.24970753144427862,8,197.0,0.15696582561025071,15,578.0,0.19812368350392473,29,1226.0
2080.0,29,118.0,0.9365079365079365,3.6741659741005632,11,429.0,0.20404861020987183,10,214.0,0.22509281641442175,8,435.0,0.24368583826582307,29,1078.0
2085.0,36,189.0,1.4318181818181819,3.2758776145410047,15,432.0,0.12478506569744421,15,265.0,0.15670281107967002,6,462.0,0.2493130829667095,36,1159.0
2090.0,46,294.0,2.1777777777777776,3.1793615978390455,15,456.0,0.09432312870499518,22,359.0,0.11538836674522293,9,493.0,0.1990210257525041,46,1308.0
2095.0,46,282.0,2.1526717557251906,2.627030525015694,13,423.0,0.12023850255209101,23,405.0,0.06438902207363159,10,464.0,0.11411223980955351,46,1292.0
2100.0,38,228.0,1.7538461538461538,3.6180287722950695,7,376.0,0.20586186978603577,22,398.0,0.1208450316762741,9,358.0,0.25192506325581987,38,1132.0
2105.0,33,235.0,1.8076923076923077,4.82448433883327,11,338.0,0.3154945383403389,17,345.0,0.17032501830918778,5,352.0,0.29225732123773046,33,1035.0
2110.0,35,287.0,2.2421875,4.611331351943996,15,364.0,0.2851996086118197,13,331.0,0.21350603506647364,7,367.0,0.23196120093291395,35,1062.0
2115.0,43,389.0,3.112,3.801059225434348,20,429.0,0.13245223828150193,9,365.0,0.26660241471132934,14,412.0,0.14557214037538524,43,1206.0
2120.0,51,427.0,3.5,3.27095328211371,22,451.0,0.1051008716857568,8,351.0,0.2584523192563695,21,501.0,0.04890814543088484,51,1303.0
2125.0,55,555.0,4.7844827586206895,2.837182533269949,16,428.0,0.15948321393356327,13,388.0,0.21059912333845546,26,622.0,0.048431338262458386,55,1438.0
2130.0,58,606.0,5.17948717948718,3.2333940099036145,16,382.0,0.2242390406444841,20,466.0,0.15398544371760509,22,640.0,0.08584770724025118,58,1488.0
2135.0,58,610.0,5.083333333333333,3.2839846925683647,17,387.0,0.2078279725200766,24,577.0,0.13943291545446787,17,552.0,0.08718089839019978,58,1516.0
2140.0,56,549.0,4.6525423728813555,2.9281244753712072,16,398.0,0.19673397111130458,24,620.0,0.13468490546103748,16,580.0,0.1182793532195044,56,1598.0
2145.0,50,363.0,3.0,3.0209764614923227,12,432.0,0.22583450700435406,19,576.0,0.1270176920218003,19,665.0,0.15648641166230942,50,1673.0
2150.0,46,316.0,2.5901639344262297,3.6231155753559325,10,429.0,0.2715314318148111,16,502.0,0.2060955751429176,20,763.0,0.13819584181749725,46,1694.0
2155.0,39,286.0,2.3442622950819674,3.6231599672854253,10,474.0,0.2632828609444169,14,410.0,0.2197961538058257,15,749.0,0.15280840372361978,39,1633.0
2160.0,43,302.0,2.435483870967742,3.9669523298737444,20,552.0,0.18778600651412022,12,331.0,0.3299728509395941,11,568.0,0.2492528347059338,43,1451.0
2165.0,40,261.0,2.0076923076923077,3.759868790028287,28,641.0,0.11764383388084133,5,329.0,0.37502548171432915,7,437.0,0.20742852968751485,40,1407.0
2170.0,43,347.0,2.4964028776978417,4.232292786643296,27,705.0,0.1081916485387411,8,314.0,0.3040085138139927,8,356.0,0.23608134234609557,43,1375.0
2175.0,41,384.0,2.8656716417910446,4.2769258513735755,23,739.0,0.10578902091439955,14,355.0,0.18478481548556452,4,352.0,0.28408920895922446,41,1446.0
2180.0,54,450.0,3.71900826446281,3.579239448320683,25,677.0,0.07958077854474269,21,450.0,0.1605163106044972,8,371.0,0.2636153447451452,54,1498.0
2185.0,59,567.0,4.805084745762712,2.9068151879939723,25,683.0,0.10233578736260955,25,569.0,0.10351381090661889,9,360.0,0.15457929996338687,59,1612.0
2190.0,56,598.0,4.983333333333333,3.1943241674945253,26,666.0,0.10151922462516612,22,595.0,0.18173068857209432,8,306.0,0.18641790262739502,56,1567.0
2195.0,41,392.0,3.161290322580645,4.128717725762929,19,727.0,0.19260799641397527,16,504.0,0.22851231791841548,6,220.0,0.2807396422707292,41,1451.0
2200.0,26,154.0,1.203125,4.464137459281627,11,694.0,0.24414176192346998,12,525.0,0.19453251471059746,3,219.0,0.2948416556030861,26,1438.0
2205.0,27,121.0,0.9453125,4.595614107972269,6,676.0,0.28077383351666024,14,592.0,0.18698836301230184,7,229.0,0.21635584436300884,27,1497.0
2210.0,39,215.0,1.8376068376068375,3.5344753944879255,10,664.0,0.15803483998294265,16,668.0,0.14851883779941538,13,286.0,0.18090446379835984,39,1618.0
2215.0,40,206.0,1.7758620689655173,2.361337400431343,13,663.0,0.09559825456277257,16,659.0,0.08903115565979543,11,294.0,0.13437513040337387,40,1616.0
2220.0,34,166.0,1.4067796610169492,3.818952303638359,11,599.0,0.1877297267729859,14,570.0,0.2043427152467492,9,247.0,0.2389012344171217,34,1416.0
2225.0,28,130.0,1.04,4.3812710788567,8,561.0,0.2283298370539962,11,592.0,0.21889620438301055,9,161.0,0.25416298353900507,28,1314.0
2230.0,31,100.0,0.7936507936507936,3.865459048817661,13,492.0,0.1617556047904433,12,640.0,0.1381790153783316,6,173.0,0.2996575529898142,31,1305.0
2235.0,37,154.0,1.203125,3.3907813244772385,11,506.0,0.12457770366271163,17,712.0,0.10176113707669306,9,182.0,0.21965370278519114,37,1400.0
2240.0,32,151.0,1.1984126984126984,3.4063486540360772,11,486.0,0.12534757795094487,14,692.0,0.13015906793204035,7,180.0,0.20141789933200477,32,1358.0
2245.0,32,163.0,1.3697478991596639,3.6686816841866023,12,486.0,0.1994219325286656,14,574.0,0.1947497123102583,6,154.0,0.2463146617139649,32,1214.0
2250.0,24,119.0,1.017094017094017,3.981193860018606,10,452.0,0.22383688287877593,11,403.0,0.1805383181108275,3,146.0,0.32430078369457693,24,1001.0
2255.0,30,136.0,1.152542372881356,4.2796941896722,16,442.0,0.2078405852086926,11,361.0,0.21601388071193603,3,141.0,0.3379303268892737,30,944.0
2260.0,30,154.0,1.2941176470588236,4.097663793602343,18,502.0,0.17438865332201217,9,284.0,0.3084382620918769,3,134.0,0.32807802438133626,30,920.0
2265.0,24,94.0,0.7580645161290323,4.832480618748421,18,551.0,0.1895843775041511,3,256.0,0.4026909444446098,3,107.0,0.35906101672045265,24,914.0
2270.0,22,93.0,0.7380952380952381,4.708906158718388,15,566.0,0.1334635663180205,7,243.0,0.3735455240423274,0,66.0,0.3462091407001644,22,875.0
2275.0,27,95.0,0.753968253968254,4.234067047179049,14,514.0,0.12071838780425996,10,243.0,0.2706395963726759,3,51.0,0.33009356593199973,27,808.0
2280.0,32,162.0,1.2857142857142858,4.2268776251410385,17,449.0,0.168323787471586,10,182.0,0.2270977637292203,5,56.0,0.3330910300757401,32,687.0
2285.0,33,196.0,1.53125,4.127162108266997,21,423.0,0.18823459362158074,7,179.0,0.2156825451018494,5,54.0,0.3502394221122197,33,656.0
2290.0,31,297.0,2.2846153846153845,4.4587339233079515,20,468.0,0.2104104564307331,7,189.0,0.16398889253598717,4,53.0,0.36966862811694773,31,710.0
2295.0,38,331.0,2.606299212598425,4.105815243525058,15,495.0,0.19489370851281296,13,237.0,0.16231109745418582,10,79.0,0.2642819839683082,38,811.0
2300.0,47,375.0,3.0737704918032787,3.7034542559790555,11,434.0,0.2053420618472752,21,325.0,0.17142817167020583,15,138.0,0.1135105784100096,47,897.0
2305.0,46,345.0,2.9237288135593222,3.395753502810759,11,373.0,0.21223868641112473,22,371.0,0.05950984873881755,13,170.0,0.2092978967499102,46,914.0
2310.0,42,252.0,2.1724137931034484,3.4110021500062717,9,382.0,0.23554657570770993,21,364.0,0.13134849114869035,12,158.0,0.24690555283966878,42,904.0
2315.0,41,238.0,1.9669421487603307,3.924692256298064,11,349.0,0.2773164846168481,17,418.0,0.20701223089648355,13,177.0,0.2280631514189327,41,944.0
2320.0,42,184.0,1.4375,3.7304158866581343,11,327.0,0.24565921172753732,21,511.0,0.1445124507924331,10,214.0,0.19834884766998714,42,1052.0
2325.0,35,144.0,1.1076923076923078,3.3086536210835953,11,316.0,0.17111543769695656,14,540.0,0.11683402592244989,10,240.0,0.12984288950997042,35,1096.0
2330.0,34,187.0,1.5454545454545454,3.135696595351952,12,355.0,0.19038019060880282,10,484.0,0.14412986417294807,12,283.0,0.18380859129264876,34,1122.0
2335.0,34,284.0,2.3865546218487395,2.843706798656158,15,398.0,0.18413596682420813,5,456.0,0.17197120286283024,14,330.0,0.18102442580421924,34,1184.0
2340.0,41,367.0,2.8897637795275593,2.996994443229704,19,458.0,0.1547023469459587,9,474.0,0.1350499632282376,13,345.0,0.16439033570186057,41,1277.0
2345.0,51,376.0,2.9606299212598426,2.708722334448223,21,473.0,0.10860388962262825,15,525.0,0.14084702296588097,15,337.0,0.1347627158076179,51,1335.0
2350.0,46,294.0,2.2790697674418605,2.6622613720660744,18,416.0,0.0971652034972678,14,527.0,0.125768789054881,14,384.0,0.11635275804146261,46,1327.0
2355.0,39,216.0,1.6488549618320612,3.2610348100195314,13,480.0,0.14633082087483038,12,444.0,0.11323223801010592,14,424.0,0.1813051125659048,39,1348.0
2360.0,41,212.0,1.6307692307692307,3.8930575471528197,18,541.0,0.1674577348361234,11,378.0,0.18297934958785797,12,442.0,0.2621862529698009,41,1361.0
2365.0,40,186.0,1.453125,3.729552248936764,19,616.0,0.15865591270576349,10,373.0,0.26329715864176645,11,418.0,0.24906331584187955,40,1407.0
2370.0,32,144.0,1.1162790697674418,3.501976264853843,15,619.0,0.13534215530983737,10,418.0,0.24270580961589966,7,429.0,0.2117755385863961,32,1466.0
2375.0,33,142.0,1.0923076923076922,3.6089283868818063,12,526.0,0.1307977102288402,12,468.0,0.23206282665407385,9,437.0,0.1813945183092761,33,1431.0
2380.0,39,142.0,1.0923076923076922,2.8829119219153765,12,574.0,0.14320249322684225,15,473.0,0.16001000041546734,12,440.0,0.10489657846975534,39,1487.0
2385.0,36,139.0,1.0775193798449612,3.445836723283112,14,615.0,0.16771032032446476,13,419.0,0.18906687924865245,9,387.0,0.21513297015421798,36,1421.0
2390.0,32,155.0,1.24,3.8294447119794888,13,605.0,0.1480276951237674,10,317.0,0.1823689510695524,9,319.0,0.31878347699833354,32,1241.0
2395.0,24,122.0,0.991869918699187,3.531147392703061,9,505.0,0.14325679746282996,5,316.0,0.22446744300919072,10,359.0,0.27056991655866747,24,1180.0
2400.0,23,95.0,0.76,3.5966869473769707,6,518.0,0.1435585661613426,7,314.0,0.18709883180313971,10,366.0,0.1923830925297402,23,1198.0
2405.0,30,114.0,0.912,3.5684650720997335,13,554.0,0.11225743368342266,7,301.0,0.16767962622759183,10,345.0,0.15417934383220902,30,1200.0
2410.0,31,165.0,1.3865546218487395,3.7673630226900006,15,608.0,0.18442854871926886,4,219.0,0.21127894750913623,12,351.0,0.17984294889716207,31,1178.0
2415.0,34,266.0,2.4403669724770642,3.9555755308557616,20,688.0,0.20333077119851178,2,125.0,0.2680820370487221,12,326.0,0.1907683846218741,34,1139.0
2420.0,32,261.0,2.330357142857143,3.513164265706164,18,697.0,0.13979972319334202,3,113.0,0.2293786036104366,11,284.0,0.23471911915239968,32,1094.0
2425.0,34,238.0,2.106194690265487,3.5811134181503825,16,621.0,0.13248365143794497,8,145.0,0.2298607460288056,10,310.0,0.1783071893079782,34,1076.0
2430.0,32,153.0,1.2966101694915255,3.812547711022157,16,497.0,0.13342849640873686,8,149.0,0.2547208173580643,8,304.0,0.16058046021052544,32,950.0
2435.0,28,134.0,1.1260504201680672,4.587309705517163,16,560.0,0.21128349506891883,6,114.0,0.2714964917849118,6,265.0,0.2767640636720168,28,939.0
2440.0,23,119.0,1.017094017094017,4.4878381904969205,15,613.0,0.22092540963575036,2,74.0,0.24403183836146403,6,257.0,0.2945793052317783,23,944.0
2445.0,24,145.0,1.3181818181818181,5.154326600840706,13,658.0,0.23549913281079699,4,55.0,0.35717661692796376,7,226.0,0.34651678724316753,24,939.0
2450.0,24,142.0,1.3027522935779816,4.141223286563554,14,647.0,0.21147581176528157,6,70.0,0.3238254075496712,4,231.0,0.27661739326100593,24,948.0
2455.0,32,183.0,1.6194690265486726,4.142865748253249,13,545.0,0.17053607631737538,7,98.0,0.37585157251932605,12,261.0,0.20307721450698707,32,904.0
2460.0,29,203.0,1.7652173913043478,3.842060323549668,11,583.0,0.20900140142686457,8,134.0,0.40122085265174795,10,264.0,0.1836668067182206,29,981.0
2465.0,20,83.0,0.6974789915966386,4.056677034394866,12,613.0,0.18132712979405494,3,103.0,0.45741030155893336,5,211.0,0.1793376177312042,20,927.0
2470.0,20,63.0,0.525,4.022820831568698,13,596.0,0.1555969080964047,5,43.0,0.37673277943399136,2,182.0,0.214694257677222,20,821.0
2475.0,29,124.0,1.0598290598290598,3.811622245922027,12,508.0,0.13231185136331605,10,65.0,0.2649459421544194,7,203.0,0.17327469278548766,29,776.0
2480.0,31,158.0,1.373913043478261,3.56986740060605,15,412.0,0.13737272134635173,7,84.0,0.2935365609534258,9,201.0,0.09634275431201293,31,697.0
2485.0,20,97.0,0.8660714285714286,4.416145282368881,12,441.0,0.1908041111340115,4,78.0,0.4527300676355566,4,159.0,0.21726945244114856,20,678.0
2490.0,17,61.0,0.5304347826086957,4.56556875583909,13,427.0,0.16083455715462958,2,73.0,0.47524684456698435,2,142.0,0.25379730847243404,17,642.0
2495.0,30,141.0,1.2155172413793103,4.240497822480412,14,459.0,0.17316642711314417,6,93.0,0.2299321761976511,10,170.0,0.17180651039803094,30,722.0
2500.0,30,146.0,1.3518518518518519,3.0978509637366614,16,464.0,0.13742582709148313,6,101.0,0.08947336128739651,8,170.0,0.13481798668304784,30,735.0
2505.0,24,100.0,0.9803921568627451,3.9496124480231374,16,424.0,0.1921696183887623,3,84.0,0.36826042304800727,5,131.0,0.23214326593418075,24,639.0
2510.0,21,115.0,1.1057692307692308,5.0547284234509675,15,358.0,0.1707787440067905,3,76.0,0.4617462089037122,3,75.0,0.2927491005471224,21,509.0
2515.0,20,130.0,1.2264150943396226,5.080532048213575,10,383.0,0.1658511920246459,7,98.0,0.38318212098340565,3,56.0,0.293447925435757,20,537.0
2520.0,21,112.0,1.0769230769230769,4.593365216776363,10,389.0,0.1728915875424123,6,100.0,0.20554653536051237,5,60.0,0.31910399534411205,21,549.0
2525.0,18,113.0,1.13,4.783360169374523,8,367.0,0.2027769073259472,4,56.0,0.2595362344691329,6,85.0,0.38306750912644333,18,508.0
2530.0,13,128.0,1.3473684210526315,5.428806666006299,6,305.0,0.26628635633389514,1,28.0,0.33027567054741047,6,112.0,0.46571491012856564,13,445.0
2535.0,10,34.0,0.3541666666666667,4.976231339162836,5,259.0,0.22766045967483356,2,24.0,0.3788044492681549,3,74.0,0.44757104438090883,10,357.0
2540.0,13,34.0,0.3434343434343434,4.753677526362039,8,242.0,0.15652418050694147,1,14.0,0.3905172770575508,4,29.0,0.3653603492056115,13,285.0
2545.0,18,64.0,0.6336633663366337,4.375888339615043,7,212.0,0.11929073966219936,5,31.0,0.28189976853570603,6,49.0,0.27715709906779845,18,292.0
2550.0,22,100.0,1.0416666666666667,4.199255633043387,3,141.0,0.15317975082259452,12,79.0,0.27717614333120033,7,65.0,0.23192290700606186,22,285.0
2555.0,24,185.0,1.907216494845361,4.499409359841154,3,154.0,0.16801997128049506,15,146.0,0.2752447159217498,6,81.0,0.30461407021088127,24,381.0
2560.0,27,149.0,1.4466019417475728,3.2877252592141484,9,183.0,0.11697586384090447,13,176.0,0.16553469955953692,5,57.0,0.2085501903215257,27,416.0
2565.0,31,174.0,1.7058823529411764,3.7867525863717195,13,242.0,0.1826739821416597,11,161.0,0.15400324124809095,7,54.0,0.3071496767553602,31,457.0
2570.0,38,303.0,3.1237113402061856,3.6069470462576136,20,332.0,0.12453045749575449,9,134.0,0.2146197883410426,9,84.0,0.3229097494368409,38,550.0
2575.0,39,355.0,3.622448979591837,3.5842288355270897,20,371.0,0.11325992968647643,7,146.0,0.291353024779018,12,136.0,0.28269955970851146,39,653.0
2580.0,40,380.0,3.762376237623762,3.9068746572089155,17,324.0,0.1058263361168085,5,141.0,0.4522895323480175,18,216.0,0.2501023218853468,40,681.0
2585.0,40,368.0,3.5728155339805827,3.6636833277264507,16,287.0,0.14634400761927768,7,167.0,0.46305654873617513,17,256.0,0.14752366710421355,40,710.0
2590.0,38,339.0,3.2285714285714286,3.84539719695995,15,357.0,0.15410533133973262,9,208.0,0.4031313686020934,14,266.0,0.1264391424333198,38,831.0
2595.0,43,324.0,3.0,4.05161647185821,17,441.0,0.1706850924936405,13,236.0,0.29345594650695606,13,253.0,0.20404610433054046,43,930.0
2600.0,40,277.0,2.588785046728972,3.769543280915268,16,519.0,0.1742520006179098,13,217.0,0.19334002115559776,11,263.0,0.21259719485704653,40,999.0
2605.0,43,317.0,3.107843137254902,3.210883835328532,16,538.0,0.14492073806732625,17,261.0,0.1157768452627494,10,305.0,0.17864624293417644,43,1104.0
2610.0,39,362.0,3.62,3.1945198660800647,13,492.0,0.13691911719172864,20,353.0,0.04403054620274453,6,318.0,0.2172999010514424,39,1163.0
2615.0,32,416.0,4.244897959183674,4.430090030937512,10,401.0,0.19754094043650863,21,459.0,0.22436470983794163,1,269.0,0.3307319166078707,32,1129.0
2620.0,27,338.0,3.25,4.1179643544136,9,435.0,0.18536785559291596,16,488.0,0.20881266503155213,2,244.0,0.24236475601296753,27,1167.0
2625.0,28,236.0,2.29126213592233,4.33557474006825,10,481.0,0.2179352203967984,12,427.0,0.20956722785827567,6,266.0,0.2422707869615236,28,1174.0
2630.0,23,169.0,1.6732673267326732,3.8318581752528553,9,480.0,0.1983383941541676,9,456.0,0.18566381832849405,5,254.0,0.25015931531353014,23,1190.0
2635.0,22,100.0,1.0101010101010102,3.9970622701082097,8,408.0,0.2120203655147024,10,509.0,0.2082131429828803,4,208.0,0.30357597547721005,22,1125.0
2640.0,21,109.0,1.0380952380952382,4.267269336224426,5,325.0,0.21356696375821896,14,571.0,0.2141070532888628,2,191.0,0.24878386871723882,21,1087.0
2645.0,20,126.0,1.1886792452830188,4.401414333066135,5,229.0,0.2670032481443775,11,550.0,0.21635287837475492,4,157.0,0.23526499535808998,20,936.0
2650.0,17,81.0,0.7363636363636363,4.213755524101618,4,226.0,0.322628740125758,9,473.0,0.18951802842015636,4,134.0,0.24662943893838937,17,833.0
2655.0,19,81.0,0.7431192660550459,4.719780028655403,8,232.0,0.3128909368566591,8,348.0,0.17276375406679398,3,121.0,0.2876068291201761,19,701.0
2660.0,21,68.0,0.6415094339622641,4.425272463385329,11,225.0,0.2739347370391405,7,370.0,0.21806803627185628,3,117.0,0.2960577379705135,21,712.0
2665.0,27,110.0,1.0679611650485437,4.12640218793475,9,163.0,0.19697336548097422,10,406.0,0.23171694083466815,8,144.0,0.23544537746454142,27,713.0
2670.0,30,218.0,2.1372549019607843,3.6584130277209836,5,102.0,0.204517608251069,13,468.0,0.22202452057803493,12,195.0,0.11321234515153357,30,765.0
2675.0,36,320.0,3.1683168316831685,3.9004316783124904,5,101.0,0.33846271794897154,20,556.0,0.1901682919049453,11,210.0,0.13553926138515127,36,867.0
2680.0,31,247.0,2.494949494949495,3.5566364384887073,2,65.0,0.31435527468471386,19,582.0,0.1249342175168538,10,187.0,0.15451855386450897,31,834.0
2685.0,31,184.0,1.8217821782178218,3.6778925878691533,6,49.0,0.293812407180698,15,529.0,0.08126754614867858,10,235.0,0.16694707387786012,31,813.0
2690.0,42,230.0,2.2549019607843137,4.14775725414252,12,95.0,0.33255934300172385,15,461.0,0.1503284068882494,15,300.0,0.18267324717739153,42,856.0
2695.0,25,157.0,1.57,4.543800812119105,9,116.0,0.2622416314764359,6,336.0,0.3212635922845641,10,320.0,0.28139830395597637,25,772.0
2700.0,10,40.0,0.39603960396039606,5.112963049908704,6,94.0,0.3000830552519183,1,317.0,0.41806256548921233,3,270.0,0.27805970117109696,10,681.0
2705.0,17,50.0,0.4807692307692308,4.482635079894786,6,108.0,0.26244704817659437,6,336.0,0.3078452109986749,5,234.0,0.2230793567672741,17,678.0
2710.0,23,128.0,1.1743119266055047,4.454005711249401,7,135.0,0.22942483283019072,11,383.0,0.20078256299893113,5,237.0,0.234235587107384,23,755.0
2715.0,36,240.0,2.2429906542056073,3.5182987467616953,16,194.0,0.1653528388015851,18,457.0,0.11977079196677808,2,230.0,0.17464536157504287,36,881.0
2720.0,41,267.0,2.67,2.386075673509096,16,225.0,0.10293656840065761,18,475.0,0.0437655664844976,7,243.0,0.1179017368451787,41,943.0
2725.0,34,185.0,1.85,3.6069879145866266,14,215.0,0.21231569456341362,15,420.0,0.1764336216397619,5,242.0,0.2101421864603852,34,877.0
2730.0,22,92.0,0.9292929292929293,3.726780863330128,9,260.0,0.16139061276002972,10,468.0,0.21876579499318305,3,200.0,0.24951663060244947,22,928.0
2735.0,28,113.0,1.0970873786407767,3.2091135737666314,14,317.0,0.1030491828421634,12,524.0,0.11663544243021254,2,212.0,0.2523010264059757,28,1053.0
2740.0,33,172.0,1.6862745098039216,2.390245873953698,19,398.0,0.04966337644504137,9,504.0,0.1444129528652026,5,232.0,0.1782456263822462,33,1134.0
2745.0,30,154.0,1.54,2.3757374858558014,15,424.0,0.13563763720872424,10,412.0,0.14357343859669944,5,224.0,0.16062307933168632,30,1060.0
2750.0,20,102.0,0.9902912621359223,4.311458808380804,11,381.0,0.24124128451121338,6,273.0,0.2683974882871465,3,188.0,0.30092364073722544,20,842.0
2755.0,15,43.0,0.40186915887850466,3.9279313583874553,9,380.0,0.17133453861497908,3,275.0,0.27964515617031493,3,199.0,0.2907133101374978,15,854.0
2760.0,29,102.0,0.918918918918919,3.753812073986156,12,438.0,0.13820799886475407,7,287.0,0.23811824158171066,10,230.0,0.21619761281271108,29,955.0
2765.0,30,129.0,1.205607476635514,2.7291040164742264,12,439.0,0.1142511633280732,7,264.0,0.18521991437303728,11,277.0,0.09191069080536456,30,980.0
2770.0,26,95.0,0.9223300970873787,3.129838696256265,9,378.0,0.2207717213602551,5,184.0,0.16612084357693274,12,289.0,0.1287793341055859,26,851.0
2775.0,13,37.0,0.37,3.7848217145631797,3,327.0,0.21781937393366357,4,199.0,0.22920767950008203,6,200.0,0.24455626981891584,13,726.0
2780.0,22,78.0,0.75,3.311279969620547,7,348.0,0.1677133716565633,9,233.0,0.1745492747327407,6,219.0,0.16512126374678035,22,800.0
2785.0,32,148.0,1.4230769230769231,2.483085511393094,7,327.0,0.19421548119524737,14,291.0,0.07112317863311399,11,260.0,0.07945514695441093,32,878.0
2790.0,30,140.0,1.386138613861386,2.74255659197579,5,267.0,0.18899002416140037,16,299.0,0.09256186041252848,9,263.0,0.13592924317164265,30,829.0
2795.0,22,105.0,1.05,4.216269360509471,6,226.0,0.24008284006220595,12,261.0,0.24757839428118802,4,205.0,0.23781555984035196,22,692.0
2800.0,15,52.0,0.49056603773584906,4.70400141472568,3,206.0,0.2749795231711272,11,287.0,0.17222569899864446,1,127.0,0.27451858357686615,15,620.0
2805.0,18,89.0,0.8476190476190476,4.4489196644595195,6,209.0,0.2375623168214004,11,343.0,0.12912684650225223,1,96.0,0.3122182451207992,18,648.0
2810.0,28,140.0,1.4,3.6217993726006643,13,261.0,0.13304568195408045,11,340.0,0.10808012400427815,4,107.0,0.18974527415804257,28,708.0
2815.0,30,194.0,2.0638297872340425,3.48522407644586,21,351.0,0.1457477304891888,5,272.0,0.21465484963311954,4,110.0,0.28188362295660796,30,733.0
2820.0,29,217.0,2.358695652173913,3.912326070834809,19,395.0,0.1833926540425693,2,177.0,0.24798709165159918,8,133.0,0.31947760751872645,29,705.0
2825.0,26,200.0,2.1739130434782608,4.163580898314065,13,358.0,0.1711904331478028,2,115.0,0.42783921396752894,11,179.0,0.29462993133887055,26,652.0
2830.0,30,231.0,2.40625,3.99738179946568,14,289.0,0.14331819653377298,1,87.0,0.4933306052655049,15,246.0,0.19358131859286964,30,622.0
2835.0,36,315.0,3.1818181818181817,4.294578605357598,9,257.0,0.24183108648499557,5,97.0,0.4353619089548972,22,342.0,0.14825029168407175,36,696.0
2840.0,32,305.0,3.05,4.213842443684318,6,208.0,0.344149061499112,4,95.0,0.321820735476536,22,399.0,0.07540276030184706,32,702.0
2845.0,22,218.0,2.247422680412371,4.902159018871717,2,199.0,0.4097678438195875,3,53.0,0.30609638600196315,17,401.0,0.17083514656986143,22,653.0
2850.0,27,235.0,2.3737373737373737,5.578640213048211,7,221.0,0.3453348990002791,3,42.0,0.3728848006246579,17,374.0,0.2712143712975398,27,637.0
2855.0,22,211.0,2.0686274509803924,6.08821316777893,7,218.0,0.30157722739995885,3,42.0,0.5242329554723711,12,354.0,0.3282705792349691,22,614.0
2860.0,14,140.0,1.386138613861386,5.281770088240405,4,179.0,0.1938009248462204,1,21.0,0.4142108627280611,9,352.0,0.35766150453116397,14,552.0
2865.0,12,34.0,0.3333333333333333,5.0930191959946205,5,185.0,0.18409578466105725,7,37.0,0.33108059928614,0,309.0,0.37847347971072787,12,531.0
2870.0,26,122.0,1.196078431372549,4.68807441978538,10,214.0,0.15551933683053784,11,85.0,0.23902117260340905,5,299.0,0.3004401113023918,26,598.0
2875.0,38,206.0,2.1458333333333335,3.2347260025104565,14,272.0,0.1468332293438295,13,116.0,0.07966620209439003,11,339.0,0.21476469207159948,38,727.0
2880.0,36,237.0,2.6333333333333333,2.7576191535222803,15,298.0,0.12586398337521648,7,109.0,0.1676121820645741,14,407.0,0.20874222734619494,36,814.0
2885.0,30,193.0,2.097826086956522,3.6827655035668694,14,276.0,0.16794949969741402,5,95.0,0.34831326459067924,11,417.0,0.23054463520490404,30,788.0
2890.0,22,98.0,1.053763440860215,4.45595691419668,12,293.0,0.1351449878556656,2,79.0,0.4599015169166087,8,339.0,0.2770241428353053,22,711.0
2895.0,28,120.0,1.25,4.7929216163071935,16,358.0,0.09743394366510423,6,91.0,0.38283767119465406,6,258.0,0.30489313870668977,28,707.0
2900.0,25,130.0,1.4130434782608696,4.057792348934471,11,374.0,0.1139513957476746,9,129.0,0.24557452997293328,5,218.0,0.32708368606446864,25,721.0
2905.0,21,158.0,1.7752808988764044,4.112827414616806,4,316.0,0.17879001484866666,14,193.0,0.24227542063989133,3,142.0,0.31084922380183444,21,651.0
2910.0,22,220.0,2.4444444444444446,4.024414532526195,2,300.0,0.22471497631898385,19,279.0,0.15586029199523174,1,125.0,0.3975632910565135,22,704.0
2915.0,36,369.0,3.967741935483871,3.31891143345328,9,331.0,0.1488620176344427,23,385.0,0.09654131719072775,4,137.0,0.28593300534270527,36,853.0
2920.0,42,410.0,4.456521739130435,2.6846837888779644,14,392.0,0.10852897419544237,21,427.0,0.0950707003485177,7,163.0,0.2060954294521256,42,982.0
2925.0,41,388.0,4.459770114942529,2.7475049576759383,21,487.0,0.13685630393490827,12,333.0,0.1441669971370109,8,160.0,0.2899186665768329,41,980.0
2930.0,32,297.0,3.3,3.6757875910859776,20,519.0,0.1554500499899341,6,284.0,0.2861323910362413,6,98.0,0.4239788106437533,32,901.0
2935.0,27,184.0,1.9166666666666667,3.7429013913100744,18,444.0,0.11912288552560414,4,277.0,0.2600008712656839,5,91.0,0.40774668786994045,27,812.0
2940.0,32,158.0,1.58,4.171986648402721,18,389.0,0.12295747367361921,9,307.0,0.2902423578908405,5,112.0,0.3211455473806205,32,808.0
2945.0,24,152.0,1.52,4.630649374337196,14,377.0,0.19109424212883974,7,291.0,0.2925882622149079,3,111.0,0.2780416108059487,24,779.0
2950.0,16,97.0,0.9603960396039604,5.3656547763958065,10,334.0,0.30391600326864454,4,224.0,0.31088302719966737,2,102.0,0.28005634828738185,16,660.0
2955.0,13,53.0,0.5145631067961165,5.036044721796351,3,324.0,0.3053061542542659,2,143.0,0.3079987818842033,8,109.0,0.2714325693826771,13,576.0
2960.0,15,76.0,0.7378640776699029,5.301642002380737,7,328.0,0.28787480286098105,2,129.0,0.38866406001939946,6,107.0,0.3184981060872424,15,564.0
2965.0,15,46.0,0.46464646464646464,4.8258077920287485,7,319.0,0.23261416105996013,2,107.0,0.32051025405834827,6,90.0,0.3064465373589519,15,516.0
2970.0,20,73.0,0.7373737373737373,4.384449743419481,6,260.0,0.16528331381160058,8,138.0,0.2786160776408528,6,78.0,0.22998398093352174,20,476.0
2975.0,18,100.0,1.0101010101010102,5.171463100736963,6,208.0,0.22009944485878336,6,142.0,0.34540767000543016,6,87.0,0.2732969221041091,18,437.0
2980.0,9,19.0,0.19387755102040816,5.166128611669111,4,188.0,0.27061843362221816,3,60.0,0.29147628264939157,2,84.0,0.2901698641042795,9,332.0
2985.0,18,54.0,0.5510204081632653,5.634062306596757,10,215.0,0.25350814523932597,3,47.0,0.2721029819120901,5,72.0,0.3596087145241195,18,334.0
2990.0,20,90.0,1.0,5.330071598898604,9,212.0,0.25182402008710364,2,28.0,0.2674155164524727,9,111.0,0.36974488364444724,20,351.0
2995.0,22,133.0,1.5647058823529412,4.499160368781805,7,167.0,0.23005803545592882,0,21.0,0.624884624312483,15,169.0,0.20571653734547876,22,357.0
3000.0,23,212.0,2.4651162790697674,3.781120698192518,4,165.0,0.19235025289648874,0,13.0,0.7883218242398274,19,255.0,0.07023332586261548,23,433.0
3005.0,35,355.0,3.901098901098901,2.776249381371818,9,197.0,0.13612493037199666,1,12.0,0.4402369227927236,25,370.0,0.04211900395847525,35,579.0
3010.0,40,362.0,4.067415730337078,1.941000130541258,9,197.0,0.12657172590471827,5,32.0,0.20965426320265015,26,435.0,0.03612171366024156,40,664.0
3015.0,24,236.0,2.651685393258427,3.4238491076076882,5,151.0,0.19347235271026514,2,39.0,0.4377655491140133,17,431.0,0.08951964972232851,24,621.0
3020.0,18,187.0,2.032608695652174,5.52679402897236,4,74.0,0.1990000387245531,0,16.0,0.8083960022756087,14,379.0,0.20284456260400596,18,469.0
3025.0,13,139.0,1.5274725274725274,7.006288374414071,4,63.0,0.2775962352123401,0,2.0,0.8864872802057668,9,347.0,0.34948608019679367,13,412.0
3030.0,10,83.0,0.9222222222222223,6.222718692688109,4,49.0,0.25799081553121694,0,4.0,0.6846118626461816,6,355.0,0.34231197036262206,10,408.0
3035.0,13,45.0,0.5113636363636364,5.739395676828255,6,69.0,0.2813930456838465,1,7.0,0.49616074978065505,6,383.0,0.36889602922637926,13,459.0
3040.0,13,35.0,0.42168674698795183,4.911444029688682,8,86.0,0.25672689640750035,0,8.0,0.3043460006038867,5,364.0,0.36255729336341924,13,458.0
3045.0,9,18.0,0.22784810126582278,4.457538945305997,5,80.0,0.21355453910557368,2,15.0,0.4432137574284147,2,305.0,0.2511546422073945,9,400.0
3050.0,12,35.0,0.42168674698795183,4.6017997395531545,3,77.0,0.1538085684865828,7,39.0,0.39937868231605156,2,253.0,0.26231227544248514,12,369.0
3055.0,13,46.0,0.5476190476190477,4.523718666552066,8,102.0,0.13562895320978793,4,51.0,0.35306525401969213,1,222.0,0.26495013362248426,13,375.0
3060.0,24,110.0,1.375,3.3918898156667625,13,157.0,0.14435045263479943,3,38.0,0.29189585745538704,8,248.0,0.2113439991748198,24,443.0
3065.0,22,112.0,1.435897435897436,3.1902473943219625,14,196.0,0.13033492383547082,2,36.0,0.2694987824685175,6,247.0,0.2811686223734111,22,479.0
3070.0,22,82.0,1.0379746835443038,3.918323773405894,15,198.0,0.11924552966440076,4,52.0,0.3148466834599433,3,187.0,0.2740992542241781,22,437.0
3075.0,20,96.0,1.2151898734177216,5.374152125016987,12,186.0,0.19070981802248912,8,85.0,0.4154005330320986,0,97.0,0.3392169952347244,20,368.0
3080.0,15,74.0,0.9024390243902439,5.1807661556558315,8,213.0,0.20691245343469292,5,86.0,0.43738788370156045,2,100.0,0.22251041938247101,15,399.0
3085.0,21,78.0,0.9512195121951219,4.579466707307721,11,260.0,0.2200387295569069,3,73.0,0.3214397444680757,7,129.0,0.2510630556044984,21,462.0
3090.0,15,49.0,0.6282051282051282,4.260178790330166,8,273.0,0.20257303678075203,2,46.0,0.3366455857462732,5,121.0,0.3221913158981597,15,440.0
3095.0,12,17.0,0.2073170731707317,5.120937391068909,7,230.0,0.22536064139641018,3,54.0,0.4678288892037132,2,43.0,0.3345053458168233,12,327.0
3100.0,12,30.0,0.35294117647058826,5.81767085308967,5,167.0,0.2526850836934163,5,73.0,0.5030667853299,2,19.0,0.3120173052758137,12,259.0
3105.0,13,74.0,0.8604651162790697,6.210899971104539,4,124.0,0.2746255506464336,9,109.0,0.44987440774545057,0,9.0,0.3106776123059794,13,242.0
3110.0,11,57.0,0.6551724137931034,5.170205817371715,3,119.0,0.29045550562429134,8,114.0,0.2790830747694344,0,9.0,0.313168066967544,11,242.0
3115.0,15,64.0,0.7441860465116279,5.26749157303661,6,130.0,0.3348886451833497,5,104.0,0.21737243444739054,4,24.0,0.36660140173329514,15,258.0
3120.0,19,81.0,1.0253164556962024,5.02695874554209,7,130.0,0.295334283098908,5,87.0,0.2761809754977722,7,52.0,0.3627513317991927,19,269.0
3125.0,16,111.0,1.4230769230769231,5.330897128074133,4,101.0,0.3045455848539653,2,83.0,0.5213765197576249,10,96.0,0.3393483024292883,16,280.0
3130.0,16,93.0,1.1341463414634145,4.966440703939041,5,99.0,0.2815272644603396,0,67.0,0.5095763832495931,11,127.0,0.2677637049163671,16,293.0
3135.0,22,103.0,1.1839080459770115,4.704785816168315,8,123.0,0.1785575255022719,5,84.0,0.3249290842279803,9,135.0,0.2677372028103986,22,342.0
3140.0,29,135.0,1.588235294117647,3.2395979423483268,9,132.0,0.12246478742386473,10,123.0,0.19500924225249383,10,179.0,0.1813086856368733,29,434.0
3145.0,32,204.0,2.4285714285714284,2.943185091302735,5,89.0,0.1244798816797366,13,187.0,0.17414762295882344,14,243.0,0.10164474731181451,32,519.0
3150.0,29,194.0,2.2298850574712645,3.204474644725579,3,96.0,0.17942096510336056,10,205.0,0.2518065393236565,16,320.0,0.04983389219373472,29,621.0
3155.0,25,131.0,1.5411764705882354,3.623644431524289,10,129.0,0.17535330725206807,3,153.0,0.33997813508055996,12,354.0,0.10786117420990358,25,636.0
3160.0,22,126.0,1.5,4.419086505789894,14,185.0,0.18534010707408596,1,73.0,0.4789913005469675,7,312.0,0.25106423659787375,22,570.0
3165.0,27,131.0,1.5595238095238095,4.899958913427976,15,208.0,0.191430539271078,3,43.0,0.6475680976337445,9,263.0,0.33419687748938437,27,514.0
3170.0,21,109.0,1.2674418604651163,5.5143853262542395,10,184.0,0.21192148804703045,3,30.0,0.6634154938596833,8,256.0,0.35434831267663547,21,470.0
3175.0,16,90.0,1.0344827586206897,5.9871310573387655,7,136.0,0.21409115456582367,3,43.0,0.676097689204663,6,222.0,0.3890994283429584,16,401.0
3180.0,16,88.0,1.0,5.545124532883792,10,134.0,0.232682953563354,3,58.0,0.6369752172807761,3,234.0,0.2883512013737706,16,426.0
3185.0,15,109.0,1.2386363636363635,5.674618736520473,6,140.0,0.258491246294798,3,71.0,0.5823602696580426,6,257.0,0.296049244620054,15,468.0
3190.0,26,190.0,2.235294117647059,4.782989389256737,9,176.0,0.234053823962703,6,92.0,0.30695512638579603,11,303.0,0.2861132012742605,26,571.0
3195.0,21,103.0,1.2560975609756098,3.839113089143436,7,185.0,0.23430819837454245,6,64.0,0.15486017753878642,8,308.0,0.2565224231563632,21,557.0
3200.0,21,103.0,1.271604938271605,4.1711270287196065,4,155.0,0.18884649596252767,10,76.0,0.28305398401030774,7,254.0,0.25535983822004216,21,485.0
3205.0,14,81.0,1.0,5.7453828348609735,2,122.0,0.24458865898453694,6,94.0,0.4681312993835802,6,195.0,0.2760791281071549,14,411.0
3210.0,5,16.0,0.1951219512195122,6.652004483058039,1,77.0,0.41435726841928416,1,61.0,0.5712325767843758,3,205.0,0.2877140981484323,5,343.0
3215.0,10,29.0,0.3493975903614458,5.513614298330687,2,80.0,0.2872945952175211,1,50.0,0.4168022308945442,7,231.0,0.29987687096087084,10,361.0
3220.0,24,122.0,1.525,3.8177939716137272,8,110.0,0.2164745604555272,8,75.0,0.17706085685618111,8,269.0,0.26120058536386737,24,454.0
3225.0,25,106.0,1.358974358974359,2.642038233523105,9,128.0,0.21149367760980922,8,87.0,0.07578072039696242,8,260.0,0.14220719569193527,25,475.0
3230.0,15,52.0,0.65,4.474906347823824,7,116.0,0.24404632258972664,2,63.0,0.4039023792833775,6,199.0,0.22258410509998783,15,378.0
3235.0,16,52.0,0.6265060240963856,4.98609735280682,6,145.0,0.2584466543280615,2,37.0,0.6005843453090213,8,225.0,0.21715054136649375,16,407.0
3240.0,23,92.0,1.0454545454545454,3.772873888363937,8,181.0,0.17407294284468294,3,27.0,0.39955206797851,12,272.0,0.1794376015099143,23,480.0
3245.0,38,219.0,2.5172413793103448,2.495924130979648,16,244.0,0.13833227534171283,7,51.0,0.09489077996635437,15,335.0,0.09398316762181542,38,630.0
3250.0,44,341.0,4.108433734939759,1.4376502467975605,21,340.0,0.08049945075316609,10,99.0,0.013499453593845639,13,343.0,0.06674475654277466,44,782.0
3255.0,32,265.0,3.1176470588235294,2.7104914055709735,22,391.0,0.04706740639939854,4,103.0,0.3506028482062646,6,236.0,0.16686013415839693,32,730.0
3260.0,26,172.0,2.0,3.948286333152891,16,376.0,0.14151799513925875,0,48.0,0.6481949483498397,10,276.0,0.1833902693499522,26,700.0
3265.0,27,155.0,1.7222222222222223,4.8499462805338585,14,329.0,0.21956033908328262,1,8.0,0.816645675210015,12,330.0,0.2007772463315586,27,667.0
3270.0,21,111.0,1.2906976744186047,4.973391237119544,10,269.0,0.22846785219977087,1,11.0,0.8345847264913664,10,333.0,0.18205872961914338,21,613.0
3275.0,12,56.0,0.6746987951807228,4.593151708043381,8,294.0,0.2378923166622814,1,3.0,0.5896044056868324,3,273.0,0.20309755975364904,12,570.0
3280.0,14,56.0,0.691358024691358,5.472816541303254,9,337.0,0.24887388449800307,4,17.0,0.5288558833889045,1,182.0,0.2712570679758948,14,536.0
3285.0,11,39.0,0.5,5.5412046431791495,9,335.0,0.19929595895715307,2,18.0,0.5432348440065748,0,146.0,0.3578805739542124,11,499.0
3290.0,6,15.0,0.19230769230769232,6.645058601961757,5,278.0,0.2559259523844415,0,9.0,0.7164362342068124,1,101.0,0.4297140367157502,6,388.0
3295.0,4,16.0,0.2,7.710454262543372,4,187.0,0.2970144502335814,0,2.0,0.8916203229998545,0,88.0,0.5255487030393796,4,277.0
3300.0,5,14.0,0.17721518987341772,6.576257697605792,2,182.0,0.21879330651768816,0,2.0,0.6617797835870352,3,98.0,0.508615855194242,5,282.0
3305.0,22,86.0,1.1168831168831168,4.0896521912579615,10,211.0,0.17623904654835948,4,16.0,0.2683208106242667,8,128.0,0.28260154669060256,22,355.0
3310.0,25,141.0,1.855263157894737,2.908351883674772,15,273.0,0.17847030364686414,3,26.0,0.20893836058470225,7,142.0,0.10931464742708971,25,441.0
3315.0,27,208.0,2.6666666666666665,4.504002464393677,22,369.0,0.18645644176203527,0,8.0,0.5543273935271722,5,123.0,0.3280173758974866,27,500.0
3320.0,27,213.0,2.6296296296296298,5.345689626003323,23,422.0,0.14242478051701318,0,2.0,0.8928034519800799,4,87.0,0.4572686913680422,27,511.0
3325.0,21,146.0,1.7590361445783131,5.68649023050303,20,413.0,0.12493307877634738,0,2.0,0.8757292043671348,1,64.0,0.47206998900673625,21,479.0
3330.0,20,128.0,1.5058823529411764,5.955933504290838,19,469.0,0.14872094345695333,0,2.0,0.8781788645496841,1,34.0,0.5504150288081134,20,505.0
3335.0,23,112.0,1.302325581395349,4.988612757317528,20,564.0,0.09456613491858475,1,3.0,0.7660916521180176,2,30.0,0.37999185543169384,23,597.0
3340.0,29,121.0,1.4938271604938271,3.2859970591502754,18,598.0,0.1016741556070747,3,12.0,0.3283749839284614,8,55.0,0.23064281164414233,29,665.0
3345.0,21,81.0,1.0384615384615385,3.116340632998177,7,494.0,0.13835829363245664,10,44.0,0.17109857915450266,4,66.0,0.25885575264351096,21,604.0
3350.0,13,35.0,0.4375,4.405625134561257,3,478.0,0.17104682432525548,5,62.0,0.42762020593177646,5,43.0,0.23174036687057462,13,583.0
3355.0,9,34.0,0.40963855421686746,5.2738873709624015,7,509.0,0.1447759027309523,0,36.0,0.6314795086264701,2,32.0,0.356691297145822,9,577.0
3360.0,9,37.0,0.43529411764705883,5.215484693910814,7,485.0,0.14103353440617916,1,15.0,0.6161040334616528,1,28.0,0.5413050044358494,9,528.0
3365.0,9,33.0,0.38823529411764707,5.326886184102503,4,393.0,0.17295513735658233,3,23.0,0.4445414491137364,2,24.0,0.6323744144037614,9,440.0
3370.0,12,45.0,0.5172413793103449,4.373203178087994,3,407.0,0.15674046577297024,7,52.0,0.3483172094286959,2,11.0,0.4830029715369276,12,470.0
3375.0,20,83.0,0.9222222222222223,3.2235866334960392,9,436.0,0.11390900063623524,5,63.0,0.21482838120246406,6,36.0,0.22800756649374315,20,535.0
3380.0,22,69.0,0.7840909090909091,2.8279877610562227,9,414.0,0.09636567126758427,5,48.0,0.16795998334177384,8,56.0,0.2574853925766944,22,518.0
3385.0,13,36.0,0.391304347826087,4.539157434694085,7,343.0,0.1308195531889589,4,58.0,0.34677359171648037,2,31.0,0.36943180391362834,13,432.0
3390.0,14,36.0,0.3829787234042553,4.051411916902652,7,368.0,0.139598771446737,5,77.0,0.31020834654502516,2,39.0,0.2651697012872161,14,484.0
3395.0,26,121.0,1.2872340425531914,3.6159104827023376,11,410.0,0.09573453255487573,8,110.0,0.2635878301163289,7,64.0,0.1838221762733129,26,584.0
3400.0,28,144.0,1.6179775280898876,2.19594461035539,10,394.0,0.09205268479736546,7,121.0,0.06866646893689515,11,107.0,0.12616427290847265,28,622.0
3405.0,22,100.0,1.1764705882352942,3.0531866139204715,7,320.0,0.14178229835036044,8,112.0,0.2720197313418644,7,121.0,0.2188336841055011,22,553.0
3410.0,15,68.0,0.7555555555555555,4.90985254834509,4,226.0,0.16572636453706932,4,112.0,0.45557787024425894,7,73.0,0.32990994202524204,15,411.0
3415.0,7,15.0,0.16129032258064516,5.545272051542777,2,209.0,0.1751001843171851,1,97.0,0.5579388710387666,4,59.0,0.4406527619732999,7,365.0
3420.0,19,59.0,0.6344086021505376,4.295539116735953,8,239.0,0.18946091264564688,7,116.0,0.27554050544239084,4,75.0,0.2532154900152693,19,430.0
3425.0,28,126.0,1.4157303370786516,2.823081691877807,9,227.0,0.17356254971554724,11,161.0,0.05989419774781328,8,105.0,0.16509560068714443,28,493.0
3430.0,29,165.0,1.896551724137931,2.6251579563233625,7,172.0,0.1815409946643728,10,188.0,0.15563235991996124,12,155.0,0.13076904041933152,29,515.0
3435.0,21,98.0,1.065217391304348,3.4886693373725515,5,192.0,0.1728435033980998,7,155.0,0.2755364847121227,9,174.0,0.22048264976020457,21,521.0
3440.0,17,72.0,0.7578947368421053,4.291535078170789,9,225.0,0.09987141103447016,3,106.0,0.4116294077404745,5,137.0,0.3376364016294944,17,468.0
3445.0,23,121.0,1.2736842105263158,4.1392341574139655,16,288.0,0.09026896503556213,0,68.0,0.518216528553395,7,95.0,0.32433875535882967,23,451.0
3450.0,23,133.0,1.3711340206185567,4.202501896219432,16,302.0,0.11360366534344667,1,54.0,0.4131071225915314,6,103.0,0.35757482391399437,23,459.0
3455.0,23,127.0,1.309278350515464,4.59838544942433,14,265.0,0.1271974932643274,4,69.0,0.3676226541816908,5,95.0,0.36351209818723634,23,429.0
3460.0,22,128.0,1.3617021276595744,5.0203854606552865,15,213.0,0.13319810273468788,3,67.0,0.39581670187556756,4,100.0,0.3637799857408613,22,380.0
3465.0,17,52.0,0.5531914893617021,4.973591771043378,12,274.0,0.1649400522013489,2,49.0,0.39917574827993485,3,71.0,0.36922166180770655,17,394.0
3470.0,24,81.0,0.9,4.311669316225849,14,336.0,0.13145664638847443,4,62.0,0.2303377848610017,6,73.0,0.36800430005881135,24,471.0
3475.0,24,140.0,1.627906976744186,3.495093534157893,15,418.0,0.1388814751746838,4,86.0,0.13189551231444244,5,73.0,0.35478591717546104,24,577.0
3480.0,32,231.0,2.783132530120482,2.98625007347632,21,509.0,0.113155421027081,7,107.0,0.11057927272183099,4,63.0,0.4012617267932816,32,679.0
3485.0,32,268.0,3.152941176470588,3.109650514621728,20,550.0,0.07367561395469202,10,150.0,0.09395052426734432,2,44.0,0.4538768751637013,32,744.0
3490.0,27,202.0,2.3488372093023258,3.1123433783335206,15,512.0,0.09959243051105918,10,170.0,0.15766331065132477,2,49.0,0.31736747738224685,27,731.0
3495.0,29,172.0,1.89010989010989,4.090565493385106,14,430.0,0.15338759343927633,8,156.0,0.2916514941165049,7,74.0,0.21664497135747285,29,660.0
3500.0,23,115.0,1.2637362637362637,4.933263690559579,10,393.0,0.24328386208378472,9,177.0,0.3744891973973438,4,81.0,0.2005911595384392,23,651.0
3505.0,20,87.0,0.9886363636363636,4.611106193154575,7,395.0,0.3014108182192136,9,225.0,0.24642289927008748,4,74.0,0.1541306387077462,20,694.0
3510.0,24,101.0,1.1744186046511629,3.6039787384804955,6,423.0,0.2718596051696414,14,285.0,0.11732966186702154,4,90.0,0.13031638818741414,24,798.0
3515.0,22,103.0,1.2261904761904763,2.98437057263406,5,395.0,0.23120517192021908,10,303.0,0.08597582842663391,7,115.0,0.1208586709960141,22,813.0
3520.0,15,60.0,0.7407407407407407,3.6278926963765836,3,313.0,0.25873296758684733,6,275.0,0.245396288050374,6,123.0,0.18443133128343658,15,711.0
3525.0,11,39.0,0.4642857142857143,4.451265831309462,2,295.0,0.2707539848545921,4,215.0,0.3001553891964121,5,105.0,0.2760789615546738,11,615.0
3530.0,20,69.0,0.7840909090909091,4.273848245664993,9,326.0,0.21114934526981027,5,188.0,0.33584307801171986,6,108.0,0.36898859758208374,20,622.0
3535.0,18,58.0,0.6304347826086957,3.5108126881151525,8,310.0,0.1838275133298243,4,178.0,0.30685526919648937,6,137.0,0.25295850660039315,18,625.0
3540.0,23,79.0,0.8315789473684211,3.5540037646682627,5,235.0,0.19505082444309602,6,200.0,0.38261969166173926,12,188.0,0.12145693913483627,23,623.0
3545.0,20,74.0,0.7789473684210526,3.1709895700178943,6,231.0,0.1584731244959795,3,194.0,0.3291448431265794,11,208.0,0.08578860685741176,20,633.0
3550.0,20,73.0,0.7604166666666666,4.070038066693924,10,272.0,0.1758113408217954,4,162.0,0.29984739715715064,6,178.0,0.2227864301999547,20,612.0
3555.0,23,136.0,1.446808510638298,3.232031879182651,13,330.0,0.11899963442770613,3,116.0,0.19847569268312495,7,181.0,0.22467583221549578,23,627.0
3560.0,26,152.0,1.6344086021505377,2.6102350948141364,14,334.0,0.10665136085506492,2,94.0,0.2465882080310083,10,220.0,0.17072702518290153,26,648.0
3565.0,27,96.0,1.0,3.0983862303307816,13,275.0,0.12863091721942302,2,71.0,0.35031431780976363,12,238.0,0.14623816870195003,27,584.0
3570.0,18,61.0,0.6421052631578947,4.472340393862703,10,200.0,0.1438923990669856,4,87.0,0.49835946466273495,4,214.0,0.2032747685557962,18,501.0
3575.0,19,84.0,0.875,5.276238980662504,9,184.0,0.2720666681584912,8,118.0,0.44508458976645154,2,199.0,0.22260450834929923,19,501.0
3580.0,24,141.0,1.5,4.292512776388362,5,186.0,0.2682998828559864,11,164.0,0.2495676821479668,8,230.0,0.13769893629149585,24,580.0
3585.0,33,212.0,2.3555555555555556,3.164937645934026,9,223.0,0.25873988091000805,11,185.0,0.14819781929873094,13,283.0,0.07342888739165607,33,691.0
3590.0,39,310.0,3.604651162790698,2.7938258561281444,15,283.0,0.20345336901046665,7,167.0,0.16908497144102147,17,362.0,0.12535279240112787,39,812.0
3595.0,40,347.0,3.9431818181818183,2.4020227183391243,19,367.0,0.11854087822192358,7,199.0,0.10128307156574456,14,379.0,0.16100615423339099,40,945.0
3600.0,38,268.0,2.977777777777778,2.415545650996837,19,407.0,0.08284415844146806,10,240.0,0.1802863021992862,9,318.0,0.15247476729310003,38,965.0
