step,system_total_stopped,system_total_waiting_time,system_mean_waiting_time,system_mean_speed,A0_stopped,A0_accumulated_waiting_time,A0_average_speed,B0_stopped,B0_accumulated_waiting_time,B0_average_speed,C0_stopped,C0_accumulated_waiting_time,C0_average_speed,agents_total_stopped,agents_total_accumulated_waiting_time
0.0,0,0.0,0.0,0.0,0,0.0,1.0,0,0.0,1.0,0,0.0,1.0,0,0.0
5.0,0,0.0,0.0,5.228517000493594,0,0.0,0.5069528646459814,0,0.0,0.48543906177746055,0,0.0,0.1179841342607204,0,0.0
10.0,0,0.0,0.0,9.0907438750002,0,0.0,0.5528649088887657,0,0.0,0.9360736502818514,0,0.0,0.5909758956032288,0,0.0
15.0,1,2.0,0.3333333333333333,9.688905081143266,0,0.0,0.6918675433025335,1,2.0,0.001093676235420714,0,0.0,0.9317878741757543,1,2.0
20.0,1,7.0,0.6363636363636364,6.944141603145112,0,0.0,0.3481936565125035,1,7.0,0.0,0,0.0,0.4823340626526658,1,7.0
25.0,0,0.0,0.0,8.355066574715373,0,0.0,0.45382436424967404,0,0.0,0.3759188864359906,0,0.0,0.7226775721402027,0,0.0
30.0,2,5.0,0.4166666666666667,9.486533651878817,1,4.0,0.49267977177921435,0,1.0,0.9535468969823778,1,1.0,0.6319636307631358,2,6.0
35.0,0,0.0,0.0,8.757203333867851,0,0.0,0.8466055559344603,0,1.0,0.6417822069723395,0,0.0,0.7342211711340213,0,1.0
40.0,3,9.0,0.6428571428571429,7.333987922722382,1,2.0,0.23410944370611733,1,5.0,2.6957773295968752e-05,1,2.0,0.45796811713491153,3,9.0
45.0,3,14.0,1.1666666666666667,7.696421078637758,0,0.0,0.8987899660808548,0,0.0,1.0,3,14.0,0.2790216084146405,3,14.0
50.0,2,0.0,0.0,8.610269074529777,1,0.0,0.7279020012891697,0,2.0,0.9511053912364057,1,14.0,0.4370595467196175,2,16.0
55.0,0,0.0,0.0,12.104489622780859,0,0.0,0.8397505008026961,0,4.0,0.8634768599212344,0,0.0,0.8984053358188415,0,4.0
60.0,0,0.0,0.0,10.341911826077652,0,0.0,0.22443176423365763,0,2.0,0.8649505909599166,0,0.0,0.6418645883743369,0,2.0
65.0,2,9.0,0.6,9.765929871031002,1,5.0,0.41528661935865224,0,2.0,0.8849444912301524,1,4.0,0.6319765263814081,2,11.0
70.0,1,0.0,0.0,9.06144925875282,1,0.0,0.6908445620195348,0,0.0,0.8035755220222485,0,0.0,0.5782597335653585,1,0.0
75.0,1,2.0,0.13333333333333333,11.3480984068559,0,0.0,0.9014320191067623,1,6.0,0.7273786761736935,0,0.0,0.7478125977252419,1,6.0
80.0,1,7.0,0.4117647058823529,11.146388922829276,0,0.0,0.9102782361041599,1,11.0,0.7782495425864775,0,0.0,0.7969313711489459,1,11.0
85.0,2,0.0,0.0,8.80522859825848,1,0.0,0.39714990808020895,0,2.0,0.8673051091538738,1,0.0,0.6639154147983599,2,2.0
90.0,4,12.0,0.631578947368421,7.490424139898899,3,13.0,0.31321162704117633,0,0.0,0.7278449502762676,1,1.0,0.6874292809485966,4,14.0
95.0,1,5.0,0.22727272727272727,7.89221164158052,0,16.0,0.5191349747111849,1,5.0,0.4821479990253284,0,0.0,0.7173329128874112,1,21.0
100.0,3,17.0,0.7391304347826086,9.688972127785515,1,4.0,0.6564122518697981,1,12.0,0.6434196643351369,1,5.0,0.703463591445538,3,21.0
105.0,2,22.0,1.0476190476190477,9.039276535472336,1,7.0,0.6301415388901191,1,17.0,0.6471002462910949,0,0.0,0.6443466153153331,2,24.0
110.0,2,17.0,0.7727272727272727,10.912822784172153,2,17.0,0.479663474691629,0,4.0,0.871068733692928,0,0.0,0.9514629736281024,2,21.0
115.0,2,27.0,1.173913043478261,8.778216343179988,2,27.0,0.40476607791274644,0,4.0,0.5884874445767194,0,0.0,0.10131540276611414,2,31.0
120.0,3,37.0,1.608695652173913,9.129312615192749,3,37.0,0.11827523214418607,0,5.0,0.6845415223933784,0,0.0,0.6639735372388648,3,42.0
125.0,0,0.0,0.0,9.762369750471613,0,18.0,0.6167260089718838,0,0.0,0.6579854233802379,0,2.0,0.7301319035363013,0,20.0
130.0,1,4.0,0.2,10.55624851479598,0,0.0,0.7555376729346888,1,4.0,0.1255865900450378,0,2.0,0.8133418390379128,1,6.0
135.0,0,0.0,0.0,12.467794732557113,0,0.0,0.8624210405647276,0,0.0,0.9607576055688867,0,2.0,0.9366120124978714,0,2.0
140.0,0,0.0,0.0,12.501328125078313,0,0.0,0.8364331267749835,0,0.0,0.9879426580029238,0,0.0,0.812492785086759,0,0.0
145.0,1,0.0,0.0,11.233492877251923,0,0.0,0.8420674558627037,1,0.0,0.7138358180919544,0,0.0,0.6585154756372088,1,0.0
150.0,1,1.0,0.05,10.739052508072218,0,0.0,0.8989063619654015,0,0.0,0.8898264202771182,1,1.0,0.49251965220311716,1,1.0
155.0,3,9.0,0.42857142857142855,10.297325315925562,1,3.0,0.4710846504470933,1,0.0,0.6918636531333825,1,6.0,0.7054786224792146,3,9.0
160.0,3,10.0,0.47619047619047616,9.146508293846548,2,8.0,0.48718802670409705,1,2.0,0.6333301060909209,0,0.0,0.6417927932144852,3,10.0
165.0,3,13.0,0.7222222222222222,9.69702222773953,0,0.0,0.7906427994528019,1,9.0,0.6547072011399712,2,6.0,0.6383333265142265,3,15.0
170.0,4,32.0,1.7777777777777777,8.904233617936459,0,0.0,0.3516711600327778,2,18.0,0.5609625634332397,2,16.0,0.6362490065721259,4,34.0
175.0,3,26.0,1.4444444444444444,8.667544101626449,1,0.0,0.48952094283916125,0,9.0,0.6910873337882267,2,26.0,0.4907745238799814,3,35.0
180.0,3,38.0,1.8095238095238095,8.34213785221839,0,0.0,0.5070991209681577,1,4.0,0.5475722851288446,2,36.0,0.37292127502633776,3,40.0
185.0,3,50.0,2.5,8.502014180688448,0,0.0,0.7022728815184313,0,4.0,0.5197646509342295,3,50.0,0.23205182725223822,3,54.0
190.0,2,4.0,0.19047619047619047,9.494413231882426,0,2.0,0.7421591576043077,1,4.0,0.6320116852214158,1,24.0,0.3630359877911875,2,30.0
195.0,2,9.0,0.42857142857142855,10.827195820639789,1,2.0,0.7727991154767729,1,9.0,0.6226905246079668,0,0.0,0.662833765062824,2,11.0
200.0,1,1.0,0.05,11.04021367909036,0,2.0,0.8553302910157503,1,1.0,0.4802815072209222,0,0.0,0.8351430096330471,1,3.0
205.0,2,6.0,0.25,10.435405448664419,0,0.0,0.7796981860487497,1,6.0,0.6674599292146713,1,0.0,0.5966762587855768,2,6.0
210.0,2,2.0,0.07692307692307693,9.891026821123573,2,2.0,0.4847602014674354,0,0.0,0.727133848930515,0,0.0,0.663753964016536,2,2.0
215.0,2,6.0,0.21428571428571427,9.838981537264685,0,0.0,0.6416673261270657,1,1.0,0.7918057855531129,1,7.0,0.3655114878999884,2,8.0
220.0,7,31.0,1.1923076923076923,8.674246024955352,2,4.0,0.5201757302497085,2,9.0,0.5423961348843653,3,20.0,0.5272861565202503,7,33.0
225.0,6,57.0,2.375,8.26465522111444,0,6.0,0.6910417078682148,3,24.0,0.24323807858900232,3,35.0,0.5456332662616854,6,65.0
230.0,9,88.0,3.52,7.801875515730027,1,1.0,0.6570479654692006,3,39.0,0.28023741521398116,5,48.0,0.4705701479917041,9,88.0
235.0,4,69.0,2.6538461538461537,9.548833075116164,1,6.0,0.4763978361326163,0,13.0,0.8205006494839269,3,63.0,0.5593648094929237,4,82.0
240.0,2,0.0,0.0,9.45763342340081,1,0.0,0.42989832564407293,0,0.0,0.8610478699982639,1,22.0,0.47912995814409387,2,22.0
245.0,4,13.0,0.52,8.63261816921977,0,0.0,0.42613681828462907,0,0.0,0.5989664666596376,4,13.0,0.311297596039762,4,13.0
250.0,0,0.0,0.0,9.363644606807748,0,0.0,0.8592200458733054,0,0.0,1.0,0,12.0,0.5447536234848875,0,12.0
255.0,1,2.0,0.1,10.276793043976504,0,0.0,0.6087883515768917,0,0.0,0.7326917786224363,1,2.0,0.6685022036168743,1,2.0
260.0,3,11.0,0.5,10.954638121369715,1,4.0,0.7282766018041712,1,0.0,0.7591168957832088,1,7.0,0.6982367795226062,3,11.0
265.0,2,21.0,0.84,10.598919685903143,1,9.0,0.5042471616378728,0,0.0,0.8803836943945771,1,12.0,0.5831505712661651,2,21.0
270.0,4,20.0,0.7407407407407407,9.730428937408396,3,18.0,0.5522823385560539,0,2.0,0.7324623803077561,1,2.0,0.6035542301829069,4,22.0
275.0,4,36.0,1.3333333333333333,9.861427655430202,2,28.0,0.6187908272548056,0,2.0,0.9312962009372111,2,8.0,0.6006862293881,4,38.0
280.0,1,1.0,0.038461538461538464,7.383585434586399,1,1.0,0.5836544112255623,0,2.0,0.5608767745718464,0,8.0,0.3701575188475625,1,11.0
285.0,6,20.0,0.8333333333333334,7.860045177205021,4,11.0,0.4009675939170359,0,4.0,0.7819487985057647,2,9.0,0.35929483459074885,6,24.0
290.0,4,20.0,0.8,7.457455666580428,0,9.0,0.3942618573510178,1,3.0,0.6850519927989211,3,21.0,0.37005204778810113,4,33.0
295.0,3,10.0,0.35714285714285715,9.391396396970013,2,4.0,0.4155297849953734,1,10.0,0.7966013265116317,0,2.0,0.6669771559811251,3,16.0
300.0,2,13.0,0.4482758620689655,10.581176896821093,0,0.0,0.8036923304853456,2,15.0,0.6729453380367447,0,2.0,0.7220044261959081,2,17.0
305.0,3,25.0,0.9259259259259259,10.41670929985523,1,2.0,0.7693486197073222,2,23.0,0.565333883173843,0,0.0,0.7785074978426314,3,25.0
310.0,0,0.0,0.0,9.435475901383699,0,0.0,0.6807324947380732,0,10.0,0.5254918076922398,0,0.0,0.8079227497457464,0,10.0
315.0,4,9.0,0.3103448275862069,10.1004336283693,0,0.0,0.8623453728962712,4,11.0,0.5475179628933301,0,0.0,0.6768306097260025,4,11.0
320.0,0,0.0,0.0,10.722717635294224,0,0.0,0.4925317921266727,0,13.0,0.756500180950237,0,0.0,0.9553103712869492,0,13.0
325.0,0,0.0,0.0,10.848544209437241,0,0.0,0.5503857542589096,0,2.0,0.7984878841391705,0,2.0,0.8137767434202008,0,4.0
330.0,2,5.0,0.17857142857142858,10.571805516099769,1,2.0,0.6153469660009762,1,3.0,0.7056997748143469,0,2.0,0.8207622584663514,2,7.0
335.0,2,9.0,0.391304347826087,9.500686371400453,0,0.0,0.8078746891640778,2,9.0,0.3143462887113404,0,2.0,0.7620550525654719,2,11.0
340.0,3,2.0,0.07407407407407407,9.443790392771835,1,0.0,0.6740302213462577,2,8.0,0.4860860778932495,0,0.0,0.8550448244807699,3,8.0
345.0,3,9.0,0.32142857142857145,10.42808689980113,1,1.0,0.7736136691481802,1,9.0,0.7735247140311021,1,1.0,0.5604536260711384,3,11.0
350.0,3,8.0,0.25806451612903225,8.735460323717685,2,7.0,0.3910414034890744,0,2.0,0.8209364150551338,1,1.0,0.45428673880274445,3,10.0
355.0,5,13.0,0.40625,8.490435138374467,1,4.0,0.5709073844670514,1,2.0,0.5834154013653753,3,13.0,0.4661896590700321,5,19.0
360.0,4,11.0,0.34375,8.592678061804634,2,6.0,0.7148032070041143,0,0.0,0.12369080721215245,2,19.0,0.45888826018825696,4,25.0
365.0,3,6.0,0.20689655172413793,8.735390707584598,1,5.0,0.5487656567108765,2,5.0,0.45360488351657585,0,7.0,0.6520532355653781,3,17.0
370.0,1,6.0,0.2,9.172801205078214,1,6.0,0.6575290341628898,0,2.0,0.6631118773906935,0,0.0,0.5047868108804751,1,8.0
375.0,4,19.0,0.5588235294117647,10.160813621760486,1,11.0,0.4909585746626611,1,7.0,0.7894481001051068,2,5.0,0.6378001085477691,4,23.0
380.0,4,20.0,0.5555555555555556,10.043905410162079,1,0.0,0.6983776126351549,2,12.0,0.6165179079467572,1,10.0,0.6854416197790706,4,22.0
385.0,6,45.0,1.3636363636363635,9.398035151757925,0,0.0,0.7603452109654228,3,26.0,0.5752172906903784,3,19.0,0.5437182574232866,6,45.0
390.0,7,77.0,2.4838709677419355,8.328071917156619,0,0.0,0.6404073458395427,4,43.0,0.5118957284802094,3,34.0,0.491500487298799,7,77.0
395.0,10,119.0,3.966666666666667,8.273646241638703,2,7.0,0.6512018501044974,5,63.0,0.4711664635742103,3,49.0,0.5654622545742869,10,119.0
400.0,10,164.0,5.466666666666667,7.730406289710475,3,17.0,0.4533414581101408,4,83.0,0.5054346964532269,3,64.0,0.5972646852109115,10,164.0
405.0,8,135.0,4.354838709677419,7.0922761039193585,3,31.0,0.4217585911505312,4,103.0,0.45708451490733176,1,44.0,0.4266359108909927,8,178.0
410.0,11,185.0,6.166666666666667,5.966093674001528,3,46.0,0.49741250070503185,5,127.0,0.13224427122872134,3,12.0,0.19424680693416319,11,185.0
415.0,5,73.0,2.28125,7.120064771482878,4,64.0,0.5242605308194525,1,69.0,0.22464653788908667,0,14.0,0.4762195091812886,5,147.0
420.0,5,86.0,2.606060606060606,9.742071783905665,4,84.0,0.5088853542280187,1,13.0,0.6759227758155728,0,0.0,0.73055987909179,5,97.0
425.0,4,104.0,3.466666666666667,9.672553142002322,4,104.0,0.3230393912469972,0,2.0,0.7884106217049072,0,0.0,0.8313152850946904,4,106.0
430.0,2,4.0,0.14285714285714285,9.938701038572498,1,46.0,0.45567381910249827,0,2.0,0.925354758814283,1,4.0,0.7038517621786137,2,52.0
435.0,2,9.0,0.3333333333333333,9.728960525106038,2,9.0,0.5051095670543579,0,0.0,0.6213667085085963,0,2.0,0.7367496962302681,2,11.0
440.0,3,9.0,0.375,9.602886787291045,0,2.0,0.6428704506596614,1,5.0,0.6979616974558905,2,6.0,0.6340821777230652,3,13.0
445.0,0,0.0,0.0,7.781187440715882,0,0.0,0.6187587127059394,0,2.0,0.49283866062644305,0,6.0,0.4572392999371914,0,8.0
450.0,4,5.0,0.18518518518518517,8.945221974895285,1,0.0,0.6113051875041444,2,9.0,0.5972904238685425,1,0.0,0.5892201504532546,4,9.0
455.0,2,5.0,0.2,10.215171258462577,2,5.0,0.46875094186081545,0,9.0,0.7868386508826197,0,0.0,0.9113107061973418,2,14.0
460.0,2,1.0,0.037037037037037035,9.716344322656866,1,6.0,0.5364690924637388,1,3.0,0.6589275212356186,0,0.0,0.9523760759198655,2,9.0
465.0,2,10.0,0.4166666666666667,10.220150518136792,1,6.0,0.6927762009973474,1,6.0,0.7043243029288855,0,0.0,0.8736521806641733,2,12.0
470.0,4,21.0,0.84,8.64107416911573,1,11.0,0.7283293458739862,1,11.0,0.5687271541664024,2,1.0,0.46676317692554586,4,23.0
475.0,1,14.0,0.5185185185185185,9.231502142050116,1,14.0,0.6258884196184843,0,0.0,0.7670410653636386,0,2.0,0.6462446951014633,1,16.0
480.0,3,23.0,0.8846153846153846,10.063822816192035,2,20.0,0.6230840310583012,1,5.0,0.7506459744704458,0,0.0,0.6523520196522381,3,25.0
485.0,2,30.0,1.2,9.92854545786866,2,30.0,0.39265221194515615,0,2.0,0.8340086801762473,0,0.0,0.9414987145935168,2,32.0
490.0,4,45.0,1.8,9.500304877594603,3,46.0,0.44250578782484745,0,2.0,0.7993437895215552,1,1.0,0.6418710377344035,4,49.0
495.0,3,59.0,2.4583333333333335,9.309205722655381,3,61.0,0.4978853554766436,0,0.0,0.9226023064785874,0,0.0,0.6364736412643658,3,61.0
500.0,4,75.0,3.125,9.732444430741838,3,74.0,0.5147659278422397,1,3.0,0.7062576814366779,0,0.0,0.7896698318039984,4,77.0
505.0,1,6.0,0.2727272727272727,9.307617068050426,0,17.0,0.569789250427362,1,8.0,0.6377386709219451,0,0.0,0.7726623687590216,1,25.0
510.0,2,15.0,0.6818181818181818,9.234629299720268,1,4.0,0.17981684334200737,1,11.0,0.6529727528634999,0,0.0,0.5947572972808353,2,15.0
515.0,2,17.0,0.8947368421052632,8.915186480068337,0,2.0,0.7302384775251373,1,16.0,0.062055631704621854,1,1.0,0.563204316395873,2,19.0
520.0,3,11.0,0.55,8.473732178664187,1,0.0,0.5727578205420198,0,5.0,0.7203272564435954,2,11.0,0.35840172035608014,3,16.0
525.0,4,24.0,1.1428571428571428,9.480967597511402,0,0.0,0.9020572616987955,0,2.0,0.9749477011619687,4,24.0,0.3684753767017935,4,26.0
530.0,3,4.0,0.19047619047619047,8.228608652962592,0,0.0,0.968310485267263,0,2.0,0.6083098605406155,3,24.0,0.38862773430504555,3,26.0
535.0,2,6.0,0.2727272727272727,8.475821766385316,1,0.0,0.2729167574000881,0,0.0,0.6906993936324743,1,9.0,0.5544327163394724,2,9.0
540.0,3,14.0,0.5833333333333334,9.072071188460322,0,0.0,0.5033579887842744,0,0.0,0.6395872998326634,3,15.0,0.6047614727506777,3,15.0
545.0,3,27.0,1.08,9.985745884753184,0,0.0,0.686132242133664,0,0.0,0.7988388136585197,3,28.0,0.6552686536618837,3,28.0
550.0,4,42.0,1.6153846153846154,9.398558113724148,0,0.0,0.6995213973983327,0,0.0,0.788740200881884,4,42.0,0.5172873841727047,4,42.0
555.0,3,57.0,2.28,9.398623431343657,0,0.0,0.6831885371194789,0,0.0,0.7977702634690792,3,57.0,0.4305532872803831,3,57.0
560.0,2,3.0,0.1111111111111111,8.69871729101722,2,4.0,0.5501546118202465,0,0.0,0.9299962308321852,0,16.0,0.4927725652770259,2,20.0
565.0,3,11.0,0.39285714285714285,10.301055666683393,1,9.0,0.7245921000874836,0,2.0,0.852294538704165,2,3.0,0.5913130888555531,3,14.0
570.0,3,13.0,0.4482758620689655,10.179334411916741,2,14.0,0.6795556613379422,0,2.0,0.8155638516499557,1,0.0,0.7435200712061384,3,16.0
575.0,3,18.0,0.6,10.285827224818293,1,18.0,0.8122255148065489,1,4.0,0.8050522795712103,1,0.0,0.5113778384682937,3,22.0
580.0,4,24.0,0.75,10.094515590974533,2,24.0,0.6894834188214768,1,2.0,0.7233896233952013,1,0.0,0.7206550428004744,4,26.0
585.0,5,38.0,1.1176470588235294,9.76546778612165,4,34.0,0.4300692327206141,1,6.0,0.7678082695421719,0,0.0,0.839041784287717,5,40.0
590.0,5,49.0,1.4,8.45475830767405,3,44.0,0.4056497236344756,1,5.0,0.595236316161832,1,3.0,0.6734337620018906,5,52.0
595.0,11,88.0,2.3783783783783785,7.215732787206359,3,54.0,0.42432923087724084,5,23.0,0.4038487701708843,3,13.0,0.49373347148412194,11,90.0
600.0,4,33.0,0.9166666666666666,7.256140963326569,0,4.0,0.5217295580630048,2,27.0,0.42770937904266554,2,23.0,0.46722831946988014,4,54.0
605.0,1,3.0,0.07894736842105263,8.791849997730877,1,5.0,0.660712368410988,0,11.0,0.4294098546046561,0,2.0,0.6706476668944906,1,18.0
610.0,2,8.0,0.21052631578947367,10.432414575692183,0,2.0,0.7237388443941261,1,3.0,0.5659119916140193,1,7.0,0.8256325508250929,2,12.0
615.0,2,9.0,0.2571428571428571,10.415968520638044,1,3.0,0.750304584237758,1,10.0,0.6869405158433783,0,2.0,0.836898736145572,2,15.0
620.0,3,19.0,0.5277777777777778,10.311964605162931,1,6.0,0.6806801974029181,1,15.0,0.7432699480784348,1,0.0,0.7540638917130421,3,21.0
625.0,3,32.0,0.8421052631578947,9.724130522679197,1,11.0,0.5298425658104016,2,21.0,0.6107773128305547,0,0.0,0.777760353416487,3,32.0
630.0,6,54.0,1.2857142857142858,9.259128650882055,4,23.0,0.34326472708873573,2,31.0,0.619398595617105,0,0.0,0.8969280332496565,6,54.0
635.0,9,93.0,2.2142857142857144,8.325138327095566,5,45.0,0.41972972033959866,4,48.0,0.4720626827568793,0,0.0,0.7339300929983504,9,93.0
640.0,13,147.0,3.675,7.384038858503504,7,71.0,0.39126125820810853,6,76.0,0.3946272654291239,0,0.0,0.7550607830037311,13,147.0
645.0,16,212.0,5.3,6.397010461886833,8,106.0,0.3435067106294453,7,106.0,0.3502172866784386,1,0.0,0.5525674975400612,16,212.0
650.0,14,282.0,6.878048780487805,6.53154483584896,8,146.0,0.40245106029835104,6,136.0,0.3687844098490661,0,0.0,0.6801727087068822,14,282.0
655.0,8,79.0,1.7555555555555555,6.674796491222007,4,112.0,0.27508787710832733,3,82.0,0.4514798268535003,1,5.0,0.7058355702304316,8,199.0
660.0,7,16.0,0.3333333333333333,7.359984129890492,4,50.0,0.41777176873091626,2,20.0,0.3260244124404448,1,2.0,0.4874283727088595,7,72.0
665.0,5,15.0,0.3488372093023256,6.726093072969758,2,30.0,0.2547313864097152,1,22.0,0.42268193633287254,2,10.0,0.527836039215435,5,62.0
670.0,10,55.0,1.4473684210526316,8.171265551694017,3,34.0,0.5324378477982902,4,37.0,0.47310642478875004,3,24.0,0.6545381446907163,10,95.0
675.0,12,110.0,2.8205128205128207,7.520817587633735,3,49.0,0.5367812757976356,5,61.0,0.5324060836016791,4,40.0,0.4297945744962378,12,150.0
680.0,14,170.0,3.8636363636363638,7.527286560058619,4,64.0,0.3931569980287918,5,84.0,0.5321028444739389,5,60.0,0.48774199181776207,14,208.0
685.0,14,234.0,5.571428571428571,7.677160995318774,4,79.0,0.5078368686892596,5,109.0,0.5428159659741699,5,80.0,0.43970967396507427,14,268.0
690.0,17,308.0,6.695652173913044,6.876284209990912,5,100.0,0.4683105952307647,5,134.0,0.4537520152135384,7,108.0,0.4345935165730965,17,342.0
695.0,17,388.0,8.622222222222222,7.492191116306329,6,125.0,0.4578866868648115,5,159.0,0.5039686567949603,6,138.0,0.49680569236402533,17,422.0
700.0,18,472.0,10.976744186046512,6.936097831897379,5,150.0,0.499351484188827,6,187.0,0.44670850983329813,7,169.0,0.4067571039991593,18,506.0
705.0,20,565.0,12.555555555555555,6.262176031868488,5,175.0,0.3939804407403939,6,217.0,0.4113506951226707,9,207.0,0.3149076502636311,20,599.0
710.0,20,660.0,14.666666666666666,6.492464584104087,5,200.0,0.4109231325043519,7,247.0,0.41819477181724074,8,247.0,0.32352783106968186,20,694.0
715.0,15,500.0,10.416666666666666,5.898039303388354,6,225.0,0.3019099945489825,6,277.0,0.2801848705780232,3,174.0,0.34048721316731484,15,676.0
720.0,4,30.0,0.6122448979591837,8.069594236973135,1,117.0,0.5461973239704188,2,178.0,0.30276132865834765,1,25.0,0.6140146528444163,4,320.0
725.0,5,14.0,0.2857142857142857,8.735305384458886,3,7.0,0.5178871002652563,1,29.0,0.47598322399089366,1,23.0,0.43448745624550367,5,59.0
730.0,6,22.0,0.5641025641025641,8.528096091972502,0,4.0,0.5803527639994596,1,27.0,0.6944122556815377,5,40.0,0.3194715096021523,6,71.0
735.0,2,12.0,0.35294117647058826,8.518553681597746,0,1.0,0.6680217983289037,2,37.0,0.5273877630882561,0,24.0,0.5428144747190555,2,62.0
740.0,6,39.0,1.1818181818181819,9.763563197826365,2,8.0,0.5556979587431192,3,52.0,0.6057637608531052,1,7.0,0.6391099738234182,6,67.0
745.0,6,59.0,1.903225806451613,8.624843307979232,3,18.0,0.47685491728520585,3,67.0,0.4119108506228302,0,2.0,0.7264645170389576,6,87.0
750.0,3,28.0,0.9655172413793104,8.760922167597748,2,27.0,0.5994617985168222,0,26.0,0.6118638866535572,1,1.0,0.6186323089199843,3,54.0
755.0,4,10.0,0.3333333333333333,9.100575551788967,0,15.0,0.6713839697448907,2,6.0,0.6554303464897412,2,6.0,0.4644190427647077,4,27.0
760.0,2,1.0,0.030303030303030304,7.957581649354416,0,0.0,0.5425196868048088,2,5.0,0.39374701337977164,0,0.0,0.7145920286436164,2,5.0
765.0,3,9.0,0.28125,7.706647169089122,1,3.0,0.5183973735749249,2,9.0,0.49515051060098547,0,2.0,0.6300822297134605,3,14.0
770.0,5,24.0,0.6857142857142857,8.792620404028456,2,4.0,0.582548945631896,2,19.0,0.6364214369216136,1,4.0,0.622806254226984,5,27.0
775.0,6,48.0,1.2307692307692308,8.439965740165608,1,9.0,0.6114560221316653,3,33.0,0.4929348448852842,2,9.0,0.6500136393934822,6,51.0
780.0,10,84.0,1.826086956521739,8.347620958988847,3,16.0,0.6134717372762609,4,52.0,0.5680965449398198,3,17.0,0.5142887051175482,10,85.0
785.0,12,135.0,2.9347826086956523,7.987867607455229,4,30.0,0.49447083674658815,4,72.0,0.5636988289985777,4,34.0,0.5744068759345078,12,136.0
790.0,17,210.0,4.375,6.642770596155607,5,54.0,0.4566217253454721,6,98.0,0.4206253418260872,6,58.0,0.4620216536403984,17,210.0
795.0,20,303.0,6.3125,6.633625142129435,7,84.0,0.4550126322271921,7,131.0,0.40215532618458777,6,88.0,0.5081800496157818,20,303.0
800.0,21,403.0,7.901960784313726,6.39039645129509,7,119.0,0.4162087115962777,8,166.0,0.4434546108277505,6,118.0,0.42838734939389594,21,403.0
805.0,21,503.0,9.314814814814815,6.587240201630812,7,154.0,0.47780561395419635,7,201.0,0.5177483794647313,7,148.0,0.2137258041612303,21,503.0
810.0,14,425.0,7.456140350877193,6.920072684921421,7,189.0,0.4191760087948997,7,236.0,0.4988299539677619,0,101.0,0.5166456908671441,14,526.0
815.0,18,509.0,8.775862068965518,7.5660512809211395,9,233.0,0.4048115255416902,8,275.0,0.40239741792737793,1,1.0,0.6452364002182353,18,509.0
820.0,13,368.0,6.571428571428571,7.784341753626139,3,176.0,0.5313915674513097,9,317.0,0.23295432849462375,1,6.0,0.7574834764703026,13,499.0
825.0,6,61.0,1.1730769230769231,8.045186583915084,2,53.0,0.5867085523761565,3,237.0,0.2532978015105964,1,0.0,0.6600985408089,6,290.0
830.0,3,9.0,0.18,8.40666039201045,1,16.0,0.3580997520039562,2,65.0,0.49177848522459106,0,2.0,0.7196884217074349,3,83.0
835.0,5,11.0,0.24444444444444444,8.379868204472716,1,16.0,0.4425545901688379,2,71.0,0.5275377836032418,2,3.0,0.6680605779628432,5,90.0
840.0,7,42.0,0.8571428571428571,8.549326320706632,1,21.0,0.4121351411673109,4,81.0,0.6235527758263212,2,13.0,0.5889330761757686,7,115.0
845.0,7,66.0,1.32,9.078486266606632,0,0.0,0.6687160679847659,4,97.0,0.6090565211391575,3,26.0,0.5087578082028416,7,123.0
850.0,11,110.0,2.156862745098039,8.35356926797887,0,0.0,0.6810660702357769,4,117.0,0.5971607099080805,7,50.0,0.3980167254825046,11,167.0
855.0,11,162.0,3.4468085106382977,7.661790529841325,1,3.0,0.5757200217725195,4,137.0,0.37325808856126574,6,78.0,0.48973296381476117,11,218.0
860.0,16,228.0,5.066666666666666,6.970965617942064,4,12.0,0.50466113868111,5,164.0,0.42875420241489176,7,109.0,0.44811666780359527,16,285.0
865.0,11,171.0,3.717391304347826,7.269821397153112,3,27.0,0.5815388969940364,5,189.0,0.5335679538000702,3,85.0,0.42572258330312934,11,301.0
870.0,11,205.0,4.183673469387755,8.289222939312552,3,42.0,0.5382579817414079,5,212.0,0.4528764233175929,3,19.0,0.5355577062864898,11,273.0
875.0,11,244.0,5.191489361702128,7.034761856553063,3,57.0,0.48616346813453504,5,237.0,0.37599807283629116,3,22.0,0.42363886636723813,11,316.0
880.0,12,123.0,2.510204081632653,7.318950577580956,4,77.0,0.4111311296163439,4,122.0,0.4813749813997541,4,34.0,0.4885331747317774,12,233.0
885.0,7,51.0,1.02,8.53772770097501,1,33.0,0.5238377781821464,1,10.0,0.6683616322068494,5,58.0,0.5274141967945485,7,101.0
890.0,9,75.0,1.4705882352941178,8.283438110106943,1,3.0,0.5013662977858883,1,7.0,0.5640580290981103,7,85.0,0.32835242622750266,9,95.0
895.0,3,16.0,0.35555555555555557,8.439046929487372,0,5.0,0.6257856401142264,2,15.0,0.5507927426056312,1,59.0,0.5170414530938591,3,79.0
900.0,6,30.0,0.7142857142857143,9.343352031040967,1,4.0,0.7707135698336587,3,26.0,0.5107530748409316,2,6.0,0.555153670470282,6,36.0
905.0,4,14.0,0.3684210526315789,9.29293508401754,1,9.0,0.7936675016353711,1,22.0,0.584748306240517,2,12.0,0.42054597172824715,4,43.0
910.0,3,22.0,0.6666666666666666,9.288528078824548,1,12.0,0.6924440276000351,1,10.0,0.6658528128415528,1,7.0,0.33229482528766585,3,29.0
915.0,5,35.0,1.0606060606060606,8.945098547688124,2,19.0,0.4163048857517868,1,13.0,0.6765260659684381,2,12.0,0.45552228486824514,5,44.0
920.0,3,11.0,0.3333333333333333,9.91587220022025,1,2.0,0.6187055519692455,1,12.0,0.7883553846084786,1,3.0,0.6515669319002426,3,17.0
925.0,4,22.0,0.5641025641025641,10.01915437055865,1,2.0,0.6508673832377898,2,18.0,0.5868651162842925,1,8.0,0.7148618936172157,4,28.0
930.0,3,25.0,0.6756756756756757,9.99292801899849,0,2.0,0.8838990435280825,2,28.0,0.2597082187961935,1,1.0,0.664118662039602,3,31.0
935.0,4,3.0,0.07142857142857142,8.851298773034566,1,0.0,0.6913298040547621,0,2.0,0.7447125638764249,3,3.0,0.5198522928015487,4,5.0
940.0,7,27.0,0.5510204081632653,9.036209804786271,2,7.0,0.5978759920174143,0,2.0,0.8522425099333153,5,20.0,0.40658442478798995,7,29.0
945.0,11,71.0,1.42,8.49614237992894,3,17.0,0.5473859334818019,1,5.0,0.7688840130894045,7,51.0,0.2963460374268578,11,73.0
950.0,10,59.0,1.2040816326530612,7.8035132880860045,5,34.0,0.49175259739789295,3,13.0,0.5591315043721998,2,51.0,0.4955017895995655,10,98.0
955.0,10,94.0,1.88,8.682093250515102,5,59.0,0.5552076249493644,4,33.0,0.5195002518688615,1,14.0,0.5392897034768812,10,106.0
960.0,13,143.0,2.9183673469387754,7.246467439735295,6,84.0,0.5411263516769331,4,53.0,0.4540474908015387,3,13.0,0.4533510709020856,13,150.0
965.0,9,133.0,2.891304347826087,8.231133021466857,7,117.0,0.4623482311754081,0,36.0,0.6625965347115206,2,20.0,0.645499382112385,9,173.0
970.0,12,184.0,3.607843137254902,7.983025319109598,8,153.0,0.2878399998729685,2,7.0,0.6236821926145237,2,30.0,0.5792897766049347,12,190.0
975.0,11,62.0,1.1071428571428572,7.539438907646728,6,114.0,0.3286110018255048,2,8.0,0.587057395584739,3,40.0,0.5497922210430762,11,162.0
980.0,7,26.0,0.4727272727272727,7.8949849701668855,4,40.0,0.49332705164496743,1,6.0,0.42953278548831053,2,23.0,0.5574845377401417,7,69.0
985.0,6,19.0,0.35185185185185186,7.263779068788654,2,36.0,0.45990461825329393,1,2.0,0.2840709472211458,3,14.0,0.5301559947815787,6,52.0
990.0,14,53.0,1.06,7.266333886770543,6,51.0,0.48510658652072025,5,20.0,0.392039026129437,3,14.0,0.46494779322509666,14,85.0
995.0,10,76.0,1.5510204081632653,6.893168393807381,7,81.0,0.33541209373345676,1,24.0,0.6338386438060452,2,16.0,0.3561205784267058,10,121.0
1000.0,12,124.0,2.339622641509434,8.439335564467784,7,117.0,0.37078018296513593,1,15.0,0.6879936495599992,4,27.0,0.5682748892786286,12,159.0
1005.0,14,179.0,3.086206896551724,8.284947024003786,8,152.0,0.3546825912401963,3,12.0,0.6800625755480239,3,42.0,0.6097684901693056,14,206.0
1010.0,13,238.0,3.966666666666667,8.07314637908414,8,187.0,0.3683212523921105,1,15.0,0.6890304407155907,4,61.0,0.5920621323345925,13,263.0
1015.0,17,307.0,4.796875,7.436118215265059,9,220.0,0.37684949013191266,3,25.0,0.556748136728621,5,83.0,0.5654034270751864,17,328.0
1020.0,17,386.0,5.938461538461539,7.7144366538838245,7,255.0,0.4311228784584167,5,44.0,0.5556954531335697,5,108.0,0.5742192291557284,17,407.0
1025.0,20,483.0,6.9,7.311033441416518,8,294.0,0.3888677378849737,6,73.0,0.525006161680441,6,137.0,0.5090950951673604,20,504.0
1030.0,20,327.0,4.36,6.981625702454065,4,217.0,0.43812239843053824,9,108.0,0.4318972819270882,7,171.0,0.47973966283897035,20,496.0
1035.0,20,365.0,4.9324324324324325,7.1935735537689975,2,53.0,0.5173258288004863,11,155.0,0.3473897905040546,7,206.0,0.49564190110539763,20,414.0
1040.0,27,460.0,5.897435897435898,5.504438164243094,5,63.0,0.30820799134814214,13,209.0,0.25667002278783263,9,243.0,0.3231009161011761,27,515.0
1045.0,23,385.0,4.935897435897436,5.989248912555996,6,86.0,0.3715363060334517,14,276.0,0.28246402235151974,3,198.0,0.4341908275070002,23,560.0
1050.0,18,217.0,2.9324324324324325,6.599086367271955,6,116.0,0.40010191196678935,10,258.0,0.3200954090909397,2,81.0,0.5058498243308361,18,455.0
1055.0,11,114.0,1.5616438356164384,6.580601905721222,8,152.0,0.3669255078844913,1,168.0,0.3875988993069067,2,43.0,0.35810726241516555,11,363.0
1060.0,19,173.0,2.3378378378378377,6.0375377354632604,9,192.0,0.4134269183651868,3,176.0,0.38526446781291845,7,58.0,0.0995772477944508,19,426.0
1065.0,26,273.0,3.8450704225352115,6.071723574785587,11,236.0,0.3219198440069877,9,203.0,0.32815475514859044,6,88.0,0.40073285338942577,26,527.0
1070.0,24,339.0,4.708333333333333,6.336787176472715,11,290.0,0.3145529374780434,12,258.0,0.3472526500349995,1,44.0,0.5093426717166645,24,592.0
1075.0,21,236.0,3.189189189189189,6.674569133293787,7,228.0,0.3207750972743151,13,317.0,0.23598255537456367,1,11.0,0.6006241159653442,21,556.0
1080.0,17,226.0,3.2753623188405796,6.2757858813443805,4,109.0,0.3820510386949125,13,382.0,0.14443443685942414,0,1.0,0.5623693993608355,17,492.0
1085.0,14,150.0,2.34375,5.8240779646890335,2,110.0,0.3019469437457351,8,341.0,0.24732830827809127,4,14.0,0.4924163311928357,14,465.0
1090.0,19,80.0,1.1594202898550725,7.074194541767139,10,132.0,0.2250977951230825,3,192.0,0.5167825349040384,6,37.0,0.45798055719957703,19,361.0
1095.0,11,87.0,1.2794117647058822,7.534038446961148,5,109.0,0.2737572685148591,0,128.0,0.5744586496274391,6,62.0,0.4554218689567031,11,299.0
1100.0,13,111.0,1.7619047619047619,7.547826330391778,4,64.0,0.43871106594704135,4,142.0,0.4435250097808086,5,89.0,0.43239196150819403,13,295.0
1105.0,16,161.0,2.5555555555555554,7.574387803453335,4,73.0,0.45602817873549306,7,169.0,0.4078262624380364,5,114.0,0.5037152725189963,16,356.0
1110.0,24,254.0,3.96875,6.724632293343264,6,85.0,0.4185035671945585,11,213.0,0.4075696913186773,7,139.0,0.4549777902864206,24,437.0
1115.0,26,375.0,5.434782608695652,6.3681015347586705,7,120.0,0.48268467052208264,12,267.0,0.3247237199134488,7,169.0,0.3329282169108609,26,556.0
1120.0,32,522.0,7.1506849315068495,6.060015671997463,8,155.0,0.42848076793201473,15,336.0,0.24047299464753152,9,212.0,0.35175243088744695,32,703.0
1125.0,34,500.0,6.578947368421052,5.713043919176726,9,195.0,0.42509095071124464,17,418.0,0.12814488424323656,8,171.0,0.3288935635496079,34,784.0
1130.0,24,392.0,5.36986301369863,6.291492597554568,9,240.0,0.3540316798635709,12,376.0,0.17446919307021688,3,81.0,0.5076074959389459,24,697.0
1135.0,17,262.0,3.5405405405405403,5.749988505340068,10,285.0,0.2835243270644263,5,214.0,0.2969445825006366,2,72.0,0.28828286497075617,17,571.0
1140.0,15,127.0,1.7638888888888888,5.740129949608505,5,229.0,0.20325028037524334,3,220.0,0.3963427357667492,7,91.0,0.30733703580552496,15,540.0
1145.0,20,108.0,1.565217391304348,5.938275832091413,4,125.0,0.3188398833011867,9,243.0,0.3014561583126136,7,128.0,0.44427695740884426,20,496.0
1150.0,22,194.0,2.6216216216216215,6.018509277002417,1,121.0,0.34692882468867614,14,302.0,0.24339443162205396,7,163.0,0.4589187818292609,22,586.0
1155.0,33,338.0,4.5675675675675675,6.000427218138201,8,137.0,0.3240050673592452,18,391.0,0.2585884056071877,7,196.0,0.5224794321163484,33,724.0
1160.0,34,471.0,6.038461538461538,5.333339875858686,5,114.0,0.4478009336471314,19,486.0,0.25330854054775753,10,234.0,0.3186343177216903,34,834.0
1165.0,37,610.0,7.261904761904762,5.51334487236466,5,46.0,0.4615040096126591,20,584.0,0.2701689661986497,12,287.0,0.2595238971704109,37,917.0
1170.0,31,575.0,6.927710843373494,4.910095605895468,4,55.0,0.4004790635548223,21,683.0,0.19891307764360616,6,224.0,0.28537829347971977,31,962.0
1175.0,31,626.0,7.195402298850575,5.5394964342344855,7,80.0,0.3880404439424851,21,788.0,0.13342357923033926,3,115.0,0.4308530956853217,31,983.0
1180.0,28,527.0,5.921348314606742,5.551986312516254,11,122.0,0.35771590915319207,16,752.0,0.1790487595098466,1,106.0,0.42128977515637817,28,980.0
1185.0,30,342.0,3.8863636363636362,6.151882309446666,15,186.0,0.31061741879768273,9,574.0,0.3699780123049153,6,117.0,0.3723097863435858,30,877.0
1190.0,29,272.0,3.056179775280899,6.114687803288653,19,267.0,0.18581808421185417,3,537.0,0.412812903980505,7,146.0,0.4415248427256331,29,950.0
1195.0,25,240.0,2.696629213483146,5.903732034458139,13,291.0,0.2427420601507079,7,557.0,0.32913785156313424,5,130.0,0.4827113372020565,25,978.0
1200.0,27,178.0,1.934782608695652,6.157735021552526,9,216.0,0.37184114448444855,15,617.0,0.20038478027631124,3,75.0,0.5131234128545705,27,908.0
1205.0,23,187.0,2.308641975308642,5.633836149143057,3,229.0,0.362528205447953,18,701.0,0.09781727782528923,2,79.0,0.5400705196912413,23,1009.0
1210.0,32,319.0,4.197368421052632,4.669206085972551,8,249.0,0.26291413567677907,19,798.0,0.23277791295260244,5,86.0,0.42448402107707583,32,1133.0
1215.0,42,503.0,6.209876543209877,5.053797185938981,16,307.0,0.19531537545800942,20,893.0,0.3018838904727028,6,110.0,0.45391990877158955,42,1310.0
1220.0,37,535.0,6.22093023255814,5.403771571576655,18,393.0,0.15857970711228997,13,815.0,0.391095628155707,6,140.0,0.3910323045105673,37,1348.0
1225.0,31,378.0,4.395348837209302,5.230741827839276,20,488.0,0.15681021769410408,8,597.0,0.32634391550751896,3,107.0,0.4765854717041778,31,1192.0
1230.0,21,247.0,2.9058823529411764,5.017048629871883,15,490.0,0.14027249303797545,4,615.0,0.2196892233781489,2,10.0,0.5874337880952099,21,1115.0
1235.0,20,120.0,1.4285714285714286,4.96319949254646,10,387.0,0.22095554982669133,9,641.0,0.15400467898201445,1,8.0,0.5325795759768532,20,1036.0
1240.0,21,124.0,1.5696202531645569,5.7324615607762714,3,400.0,0.3753934190603353,15,703.0,0.21426842737605953,3,15.0,0.6140931543169545,21,1118.0
1245.0,28,245.0,2.9878048780487805,5.857871585654144,7,409.0,0.35776554103789904,18,792.0,0.27400619341397425,3,27.0,0.6467978121289131,28,1228.0
1250.0,39,419.0,4.761363636363637,5.618344462962696,16,469.0,0.25335880247741643,20,891.0,0.32747227111915245,3,41.0,0.5941076801019473,39,1401.0
1255.0,46,632.0,6.869565217391305,5.414968418949614,18,553.0,0.2591975536994326,23,997.0,0.28780083979105237,5,60.0,0.46295015953438495,46,1610.0
1260.0,49,872.0,8.989690721649485,5.309036115187955,19,648.0,0.2663661395824715,24,1116.0,0.2637173578319231,6,86.0,0.4874059086922924,49,1850.0
1265.0,54,1126.0,11.373737373737374,5.218301651002098,23,752.0,0.24857592953523538,24,1236.0,0.2167597329961329,7,116.0,0.49150698875843435,54,2104.0
1270.0,56,1391.0,13.91,5.304802486641434,24,863.0,0.26070042585652226,24,1356.0,0.2318720958642591,8,150.0,0.5065981386693491,56,2369.0
1275.0,50,1384.0,13.702970297029703,5.001733738181522,24,978.0,0.24899600699566513,18,1250.0,0.23923434416933895,8,185.0,0.4123815803020657,50,2413.0
1280.0,46,1205.0,11.699029126213592,5.21554600613858,24,1096.0,0.19302695619780558,11,818.0,0.29615711017865715,11,230.0,0.3144210064818256,46,2144.0
1285.0,30,630.0,6.116504854368932,4.457377094753905,19,1049.0,0.1466627201155694,2,764.0,0.2979548233611659,9,188.0,0.21690396702431208,30,2001.0
1290.0,26,291.0,2.8529411764705883,5.246653822346814,12,833.0,0.2587435856890764,7,775.0,0.19563449685162743,7,94.0,0.35967647369526956,26,1702.0
1295.0,19,83.0,0.8469387755102041,5.275035249865039,5,865.0,0.2974712813185501,12,814.0,0.07294427134769958,2,78.0,0.4426188470282193,19,1757.0
1300.0,33,140.0,1.4583333333333333,4.546555615056906,9,880.0,0.29832290347996065,15,714.0,0.19041802714794212,9,85.0,0.35851075262477605,33,1679.0
1305.0,37,234.0,2.2941176470588234,5.604477463416893,16,937.0,0.19931051696335206,9,510.0,0.35867246963314176,12,139.0,0.3429357262912582,37,1586.0
1310.0,39,356.0,3.4563106796116503,5.658991163038772,22,1035.0,0.1522073712481904,3,523.0,0.446331312957673,14,201.0,0.23388144631972532,39,1759.0
1315.0,41,451.0,4.465346534653466,5.012672195688842,24,1155.0,0.1384381615123344,8,548.0,0.3513203145114326,9,199.0,0.2919260689704687,41,1902.0
1320.0,44,546.0,5.405940594059406,4.875081386273476,24,1275.0,0.20261898414502505,16,608.0,0.21980869350507967,4,115.0,0.3739898339866129,44,1998.0
1325.0,42,568.0,5.855670103092783,4.228007873838772,19,1183.0,0.220179591268074,20,702.0,0.13906997340176291,3,128.0,0.4050918885230977,42,2013.0
1330.0,43,520.0,5.473684210526316,4.349363827570824,11,905.0,0.3079916537829487,23,818.0,0.15475399230656767,9,147.0,0.31873647163670543,43,1870.0
1335.0,35,365.0,3.7244897959183674,4.675131853231961,2,839.0,0.32410118189391346,19,757.0,0.19632931597802947,14,201.0,0.2538772887301733,35,1797.0
1340.0,33,347.0,3.47,5.358498152258051,9,859.0,0.2740290825889295,10,552.0,0.38725308510222206,14,269.0,0.2649310053546101,33,1680.0
1345.0,32,236.0,2.3137254901960786,5.094258590579656,16,918.0,0.25495543757730393,5,572.0,0.36769844475562674,11,260.0,0.24668050689270127,32,1750.0
1350.0,38,266.0,2.686868686868687,5.022027003265643,20,1007.0,0.25142422552951105,9,603.0,0.3407077884088085,9,143.0,0.23562578344157767,38,1753.0
1355.0,45,410.0,3.9047619047619047,4.293490668442762,25,1124.0,0.2669473023873187,17,665.0,0.19595490054142894,3,153.0,0.24532740760656824,45,1942.0
1360.0,55,648.0,6.29126213592233,4.310296445414696,25,1244.0,0.2849934837378771,22,763.0,0.19967335511096085,8,162.0,0.349099729869304,55,2169.0
1365.0,54,804.0,7.730769230769231,4.406372010616435,24,1364.0,0.20684496248243767,19,707.0,0.26180309066519014,11,197.0,0.3309187055446137,54,2268.0
1370.0,49,899.0,8.561904761904762,4.792487645668937,24,1484.0,0.14350849652065262,11,537.0,0.34543954671298016,14,259.0,0.30432435414513964,49,2280.0
1375.0,47,1000.0,9.615384615384615,4.686493242166076,24,1604.0,0.1428827960139973,4,515.0,0.39000892892343114,19,344.0,0.17454645889651813,47,2463.0
1380.0,38,825.0,8.088235294117647,4.42263379944924,19,1473.0,0.20371357109825491,7,528.0,0.2883466330060847,12,342.0,0.2875686895024754,38,2343.0
1385.0,29,449.0,4.3173076923076925,5.841123499735992,9,1002.0,0.3494628763030294,14,577.0,0.21443072304860003,6,249.0,0.4120608101239107,29,1828.0
1390.0,21,92.0,0.9484536082474226,4.698101311409204,3,1017.0,0.3498592104634966,14,538.0,0.11282072347708919,4,267.0,0.4023730135044969,21,1822.0
1395.0,29,126.0,1.3125,4.470844862923463,8,1039.0,0.24528251841901055,14,408.0,0.2607066341285099,7,286.0,0.3103240169059494,29,1733.0
1400.0,25,120.0,1.1764705882352942,4.536745747861339,10,875.0,0.17208435280153406,3,395.0,0.33925145693131126,12,328.0,0.25196994021324925,25,1598.0
1405.0,30,204.0,1.9615384615384615,5.020562324782149,10,602.0,0.2854959828559766,6,398.0,0.3125515548453129,14,394.0,0.2794770050673501,30,1394.0
1410.0,32,194.0,1.8130841121495327,5.0798561559787005,4,550.0,0.3502546712148136,15,443.0,0.21131743714356274,13,374.0,0.3609924013312059,32,1367.0
1415.0,36,271.0,2.532710280373832,5.253579487931973,8,551.0,0.3381380983199766,20,531.0,0.20887480925041,8,266.0,0.4447900137970642,36,1348.0
1420.0,41,377.0,3.490740740740741,4.787206351872919,15,602.0,0.28062295395263886,24,645.0,0.21315450907665767,2,275.0,0.3373842060285238,41,1522.0
1425.0,46,462.0,4.317757009345795,4.756115665303131,20,693.0,0.24792749684459925,18,622.0,0.30645545170801336,8,285.0,0.2946546806748676,46,1600.0
1430.0,46,489.0,4.486238532110092,5.1592112492280595,25,810.0,0.20302980016757868,9,472.0,0.375977679480762,12,326.0,0.2723556781326087,46,1608.0
1435.0,36,405.0,3.75,5.003116896000618,18,734.0,0.18579241112409,3,441.0,0.3980478694619731,15,390.0,0.22221990381554121,36,1565.0
1440.0,33,273.0,2.5754716981132075,4.800995455298336,13,459.0,0.2668666688508842,7,460.0,0.275777910979147,13,386.0,0.2617607096104498,33,1305.0
1445.0,22,132.0,1.2452830188679245,5.159465018134545,2,420.0,0.3543135012189433,14,514.0,0.1774882946247233,6,292.0,0.37356635831418744,22,1226.0
1450.0,34,202.0,1.9423076923076923,4.956074015179795,10,432.0,0.335343731408018,21,603.0,0.15303734547176034,3,294.0,0.39470953360297384,34,1329.0
1455.0,47,403.0,3.875,4.738183306133893,13,484.0,0.3405317984959608,24,721.0,0.21203258143228618,10,322.0,0.33851265084033827,47,1527.0
1460.0,59,667.0,5.902654867256637,4.346824415505183,19,565.0,0.22698840743088725,24,841.0,0.25564026311404214,16,385.0,0.2432436414689489,59,1791.0
1465.0,68,988.0,8.666666666666666,4.3601352717330055,24,674.0,0.2102065454375776,24,959.0,0.28149549639528576,20,477.0,0.25099219160424624,68,2110.0
1470.0,72,1344.0,11.893805309734514,4.049186596309813,24,794.0,0.1951565208468752,24,1077.0,0.26629700927940875,24,593.0,0.218418132150363,72,2464.0
1475.0,66,1551.0,13.848214285714286,4.064541189761948,24,914.0,0.15345773464881673,24,1197.0,0.2581285070877853,18,599.0,0.26617842365901695,66,2710.0
1480.0,59,1647.0,14.705357142857142,4.446556978648686,25,1034.0,0.22065525885881623,24,1317.0,0.21843603636400455,10,466.0,0.3251102187148619,59,2817.0
1485.0,49,1754.0,16.24074074074074,4.356019658362338,24,1154.0,0.21628458416764776,24,1437.0,0.15514765779104714,1,431.0,0.3218988877270963,49,3022.0
1490.0,56,2017.0,19.20952380952381,4.179654532471625,24,1274.0,0.22913762269005883,24,1559.0,0.19129234524307287,8,449.0,0.3450725696902755,56,3282.0
1495.0,57,1954.0,18.261682242990656,4.187011962220879,24,1394.0,0.16072517444746062,18,1464.0,0.26413799167467517,15,504.0,0.27768053531646986,57,3362.0
1500.0,52,1684.0,15.035714285714286,4.679090960428103,24,1514.0,0.08817680002300718,9,1175.0,0.3503078861687695,19,594.0,0.19107196114814337,52,3283.0
1505.0,47,1159.0,10.731481481481481,4.426753895451121,19,1384.0,0.13877063120179603,3,1197.0,0.31752391038530553,25,704.0,0.15188027672470883,47,3285.0
1510.0,41,833.0,7.785046728971962,5.008235199253725,9,1131.0,0.34409738261015704,8,1223.0,0.2646147760128733,24,826.0,0.14520855300290406,41,3180.0
1515.0,33,446.0,4.288461538461538,4.779026710010167,1,1072.0,0.4092336316457383,14,1287.0,0.15928409033524232,18,805.0,0.26854555735550717,33,3164.0
1520.0,35,293.0,2.93,4.849017963896557,11,1100.0,0.3070171516700447,15,1179.0,0.1898082770911404,9,638.0,0.3677253556569499,35,2917.0
1525.0,27,153.0,1.53,4.832045950433495,15,1159.0,0.24159131663070102,10,885.0,0.26894672878186604,2,598.0,0.27656134147658135,27,2642.0
1530.0,30,209.0,2.0693069306930694,4.996567535031529,20,1248.0,0.17800555920156977,1,737.0,0.3997123531480312,9,618.0,0.24614633345178905,30,2603.0
1535.0,44,351.0,3.4411764705882355,4.517237875135553,24,1364.0,0.2047232322306266,9,751.0,0.34169305238228753,11,552.0,0.2373624766389095,44,2667.0
1540.0,43,519.0,4.761467889908257,5.053735371835817,24,1484.0,0.23161132337113552,12,798.0,0.28456535334447575,7,349.0,0.3402315097443796,43,2631.0
1545.0,34,434.0,4.05607476635514,4.189071634248705,18,1385.0,0.23360994678539107,13,681.0,0.10859102235970534,3,360.0,0.3593436831809444,34,2426.0
1550.0,33,257.0,2.4245283018867925,4.600170143711346,13,1052.0,0.20890127986835477,12,436.0,0.2287166011320141,8,363.0,0.2692704942939682,33,1851.0
1555.0,21,101.0,0.9805825242718447,4.558092945101511,5,1077.0,0.18832822925035975,1,372.0,0.31954898743170196,15,423.0,0.1926076988711401,21,1872.0
1560.0,37,244.0,2.323809523809524,4.7133249474197525,8,1097.0,0.27132498168478386,8,380.0,0.37320423369153466,21,516.0,0.16932908155321133,37,1993.0
1565.0,48,348.0,3.079646017699115,4.876261062306442,18,1157.0,0.2775624441708471,13,432.0,0.3101551006252477,17,499.0,0.2525775930835111,48,2088.0
1570.0,50,436.0,3.892857142857143,4.669656045502693,21,1250.0,0.30230834603433715,19,514.0,0.2475864157522845,10,352.0,0.2522342325773843,50,2116.0
1575.0,53,587.0,5.435185185185185,4.287339864310472,24,1363.0,0.27233492836799283,24,624.0,0.18136718042338912,5,376.0,0.2245521189819073,53,2363.0
1580.0,53,721.0,6.675925925925926,3.9369546687023322,24,1483.0,0.22860771282960698,20,549.0,0.2198511761275865,9,405.0,0.23215699825762812,53,2437.0
1585.0,47,726.0,6.424778761061947,4.591305642749026,25,1603.0,0.19803496358964812,12,418.0,0.31491916658191105,10,357.0,0.20819112696438197,47,2378.0
1590.0,37,516.0,4.777777777777778,4.686684825167744,21,1457.0,0.15497555633835977,6,412.0,0.27592295121673965,10,259.0,0.268891660289233,37,2128.0
1595.0,28,290.0,2.9,4.3952918883834595,13,1073.0,0.2669696874812057,10,428.0,0.148602385484907,5,284.0,0.2541267399337644,28,1785.0
1600.0,28,141.0,1.4242424242424243,4.102404822352924,3,873.0,0.29732164801643884,15,470.0,0.1505377878207901,10,305.0,0.25736310406286034,28,1648.0
1605.0,43,304.0,2.923076923076923,4.253252031501544,8,875.0,0.25800648765694095,20,555.0,0.2731677267496554,15,351.0,0.29175185413046645,43,1781.0
1610.0,57,555.0,5.0,4.540651464113051,15,921.0,0.19514966456187002,24,665.0,0.29146122501759536,18,434.0,0.3218385062340848,57,2020.0
1615.0,68,863.0,7.5701754385964914,4.40601592213219,21,1006.0,0.1940022012339109,24,783.0,0.291074638014806,23,538.0,0.2504546116412341,68,2327.0
1620.0,71,1206.0,10.486956521739131,4.442031768762955,25,1119.0,0.22087571939310907,24,903.0,0.26026125135087486,22,648.0,0.27420774752258215,71,2670.0
1625.0,71,1559.0,13.324786324786325,4.268513315823473,24,1239.0,0.19169471491028914,24,1023.0,0.26060355669556695,23,761.0,0.2596903387399559,71,3023.0
1630.0,73,1919.0,16.833333333333332,4.30660298518666,24,1359.0,0.22131350119623286,24,1143.0,0.24684024454461148,25,881.0,0.24467844979591682,73,3383.0
1635.0,66,2075.0,18.36283185840708,4.270969353908105,18,1190.0,0.27427882759737365,24,1265.0,0.2274943840439587,24,1001.0,0.23804399557856304,66,3456.0
1640.0,58,2087.0,18.469026548672566,4.809149193078106,10,866.0,0.3541505015808346,24,1385.0,0.1903498704771614,24,1121.0,0.2268952412347024,58,3372.0
1645.0,45,1799.0,16.354545454545455,4.446834777547397,2,807.0,0.32735820213534594,19,1320.0,0.2132642219016222,24,1241.0,0.20416021018286337,45,3368.0
1650.0,38,1185.0,10.871559633027523,4.746785488521048,8,824.0,0.27147506348669587,11,1082.0,0.3104349596055497,19,1191.0,0.1712108570066,38,3097.0
1655.0,28,434.0,3.981651376146789,4.782771807331786,13,878.0,0.21707893695138555,1,943.0,0.3251780371919757,14,969.0,0.16511438680695914,28,2790.0
1660.0,34,205.0,1.9902912621359223,4.48601978721614,22,967.0,0.24476588260549784,8,952.0,0.2551002543407757,4,927.0,0.252363537820981,34,2846.0
1665.0,47,391.0,3.723809523809524,4.44837813284585,25,1079.0,0.23470761955186126,14,1006.0,0.21352742663546576,8,932.0,0.28812402051737035,47,3017.0
1670.0,51,567.0,5.154545454545454,4.605890604334827,24,1201.0,0.2555799367764516,14,907.0,0.23169273680109004,13,980.0,0.23887192531599286,51,3088.0
1675.0,55,739.0,6.779816513761468,5.117874267017171,24,1319.0,0.24174313479797874,9,649.0,0.3631710652038634,22,1071.0,0.19284963840419053,55,3039.0
1680.0,45,818.0,8.019607843137255,4.659608009842556,25,1439.0,0.17543704006117583,2,508.0,0.38640101357510387,18,1000.0,0.16257178237029718,45,2947.0
1685.0,45,903.0,9.03,4.4556345816790195,24,1557.0,0.19789756724495267,8,531.0,0.33153363697135635,13,756.0,0.22735572725448042,45,2844.0
1690.0,34,701.0,7.01,4.601092286588958,19,1417.0,0.2269800451486272,13,586.0,0.19278072367536342,2,644.0,0.34898461158016436,34,2647.0
1695.0,33,399.0,3.9504950495049505,4.663585123421851,11,1067.0,0.2472329787598822,14,504.0,0.20806168615395315,8,654.0,0.34484871886573326,33,2225.0
1700.0,29,144.0,1.3980582524271845,5.102891082406532,4,1094.0,0.22745886480378164,11,300.0,0.3163182031336914,14,699.0,0.2668643704251596,29,2093.0
1705.0,32,210.0,2.019230769230769,4.71390874770726,9,1117.0,0.2009578791501789,4,325.0,0.378016689299983,19,779.0,0.18348175925035604,32,2221.0
1710.0,49,317.0,2.935185185185185,4.2025958469053,18,1185.0,0.18924003336625628,10,361.0,0.34014242460811545,21,719.0,0.21255681271750848,49,2265.0
1715.0,54,430.0,3.909090909090909,4.372183539342778,23,1285.0,0.24682025064056437,18,433.0,0.269732093543767,13,494.0,0.24756130207093752,54,2212.0
1720.0,51,569.0,5.367924528301887,3.789974770557646,24,1405.0,0.26039978214863985,22,533.0,0.13024296785794964,5,518.0,0.27968893657932115,51,2456.0
1725.0,52,706.0,6.537037037037037,3.747683878121487,25,1523.0,0.22388232945124042,19,476.0,0.1846408732695726,8,531.0,0.2567620449263433,52,2530.0
1730.0,52,787.0,6.964601769911504,4.57760403777314,24,1643.0,0.17472757152789978,12,370.0,0.3098394822468887,16,590.0,0.18049182113666498,52,2603.0
1735.0,40,591.0,5.276785714285714,4.365761353767742,20,1490.0,0.1838861008739252,3,397.0,0.31957930546638885,17,505.0,0.1531603573775583,40,2392.0
1740.0,34,342.0,3.081081081081081,5.079766125278242,12,1132.0,0.2885899266732551,7,415.0,0.2903001646051831,15,376.0,0.2438229973767255,34,1923.0
1745.0,24,104.0,0.9719626168224299,4.792456818422222,4,1148.0,0.32018286584686534,15,454.0,0.19205545616591405,5,404.0,0.343824403032351,24,2006.0
1750.0,36,231.0,2.2,4.531077190599232,9,1171.0,0.29041528558633817,20,538.0,0.23552211048717134,7,416.0,0.36188371355962884,36,2125.0
1755.0,55,470.0,4.051724137931035,4.306870036630298,15,1232.0,0.21123533370718825,24,653.0,0.2552154297760804,16,468.0,0.2643594107915369,55,2353.0
1760.0,70,783.0,6.635593220338983,4.502531022604088,22,1329.0,0.1567160259242362,24,773.0,0.30911556659034517,24,565.0,0.2167912738961172,70,2667.0
1765.0,72,1142.0,9.760683760683762,4.545513407746123,24,1448.0,0.17254314617436842,24,889.0,0.29683232338935944,24,685.0,0.20886297227193665,72,3022.0
1770.0,66,1347.0,12.026785714285714,4.441409015462483,18,1310.0,0.2317492697321239,24,1011.0,0.2506759370419074,24,805.0,0.22687959335896968,66,3126.0
1775.0,58,1443.0,13.36111111111111,4.5865126960547595,10,839.0,0.3323135505239196,24,1131.0,0.24744495008433035,24,925.0,0.21574800378485715,58,2895.0
1780.0,50,1548.0,14.60377358490566,4.631156851510601,2,764.0,0.3744963518575273,24,1251.0,0.17631366358685946,24,1045.0,0.2391251818316761,50,3060.0
1785.0,53,1526.0,14.533333333333333,4.09944632701048,8,786.0,0.343275669134549,20,1205.0,0.17434031632219807,25,1167.0,0.1930236329399818,53,3158.0
1790.0,43,1061.0,9.73394495412844,4.37981039185479,13,838.0,0.25826022067684523,12,989.0,0.29153828294430817,18,1112.0,0.21009658677667337,43,2939.0
1795.0,33,484.0,4.321428571428571,4.959862428486569,19,921.0,0.21824369609297248,4,947.0,0.3547505935595487,10,892.0,0.2573383796732778,33,2760.0
1800.0,37,324.0,2.9454545454545453,4.87771862781567,24,1035.0,0.17714816790080778,8,960.0,0.25949026135326153,5,860.0,0.31922643061456557,37,2855.0
1805.0,43,383.0,3.6132075471698113,4.31025422346175,19,920.0,0.24223385468733116,14,1010.0,0.24498597348834933,10,887.0,0.2969113311085333,43,2817.0
1810.0,46,416.0,3.7477477477477477,4.930127085832826,9,621.0,0.36855466972386175,20,1102.0,0.16506197823201413,17,940.0,0.2685839307813812,46,2663.0
1815.0,42,382.0,3.4727272727272727,4.745988006616768,2,569.0,0.348240563421657,19,1029.0,0.21437468344000743,21,1035.0,0.21122127357833764,42,2633.0
1820.0,37,317.0,3.0776699029126213,4.890423641085328,8,591.0,0.27148802878729195,10,777.0,0.2692560325322249,19,978.0,0.27801130865601176,37,2346.0
1825.0,28,185.0,1.7619047619047619,4.825601041983293,15,646.0,0.14021490535862857,3,722.0,0.3137661417783746,10,739.0,0.24868398538586847,28,2107.0
1830.0,26,121.0,1.1523809523809523,4.70131785201471,16,560.0,0.20363855177077297,8,739.0,0.24120572945905272,2,619.0,0.2598615397161933,26,1918.0
1835.0,30,177.0,1.7352941176470589,5.291694361087061,11,399.0,0.3578372123976433,13,795.0,0.24079423108144452,6,637.0,0.31950668102121477,30,1831.0
1840.0,38,259.0,2.466666666666667,4.744976550492312,3,375.0,0.3662330488930959,20,883.0,0.22920305737277133,15,688.0,0.2850953207257864,38,1946.0
1845.0,48,358.0,3.3457943925233646,4.2973265142501775,8,390.0,0.29365749305124056,19,797.0,0.2806543019570962,21,769.0,0.19406995718159706,48,1956.0
1850.0,49,453.0,4.008849557522124,4.677827966824845,15,449.0,0.1900584597117995,10,550.0,0.3269517636120581,24,884.0,0.18382992807671214,49,1883.0
1855.0,42,435.0,3.8839285714285716,4.745574709149984,20,537.0,0.15737111226701678,4,497.0,0.3459026775424771,18,817.0,0.2601430574256848,42,1851.0
1860.0,37,333.0,3.141509433962264,4.41131513960233,18,529.0,0.23596321568582543,10,517.0,0.2531231041565899,9,567.0,0.26328318814150053,37,1613.0
1865.0,27,189.0,1.8,5.207786112931746,9,399.0,0.33334474342887943,16,578.0,0.19351090053041373,2,515.0,0.34308959628932445,27,1492.0
1870.0,32,227.0,2.1826923076923075,4.739240152874479,4,418.0,0.3368752204431814,20,672.0,0.14842593379709387,8,536.0,0.3675144804417313,32,1626.0
1875.0,44,315.0,2.889908256880734,4.342357284677261,8,447.0,0.28029110981298205,19,597.0,0.21856763551045236,17,593.0,0.2831458906402675,44,1637.0
1880.0,48,381.0,3.2844827586206895,5.098805793726747,18,511.0,0.20094861418296406,10,400.0,0.3768946692111562,20,679.0,0.20228375770436693,48,1590.0
1885.0,43,377.0,3.307017543859649,5.037963297364685,21,609.0,0.16707751153334124,2,368.0,0.46499887413287216,20,640.0,0.16261399788778405,43,1617.0
1890.0,36,327.0,2.945945945945946,5.192358528166522,18,595.0,0.23472509546371356,6,380.0,0.36000655308877477,12,485.0,0.294101832361792,36,1460.0
1895.0,27,183.0,1.7102803738317758,5.260347278752595,10,419.0,0.35817130240257794,14,433.0,0.18115215733563084,3,452.0,0.3366249781612625,27,1304.0
1900.0,31,196.0,1.9405940594059405,4.4624151776597705,2,401.0,0.3856067406083758,20,522.0,0.10015854334540136,9,462.0,0.32651154695982704,31,1385.0
1905.0,41,283.0,2.6952380952380954,4.497409999452485,9,420.0,0.25710463919575466,18,510.0,0.25339356988814377,14,514.0,0.30788445022862215,41,1444.0
1910.0,40,346.0,3.0892857142857144,5.248789338252786,13,476.0,0.1963716850426863,8,394.0,0.4489283552520867,19,603.0,0.24018269006006804,40,1473.0
1915.0,43,389.0,3.4732142857142856,4.767455881763213,16,452.0,0.16277608872594543,3,374.0,0.46314987178357275,24,719.0,0.18424445702782474,43,1545.0
1920.0,45,513.0,4.539823008849558,5.187075019531325,12,309.0,0.30045284139648454,9,405.0,0.35778835569655604,24,839.0,0.17150493432783215,45,1553.0
1925.0,40,633.0,5.601769911504425,4.800802180413942,3,322.0,0.3777193751075655,13,462.0,0.23519054468614,24,959.0,0.21007542135017446,40,1743.0
1930.0,55,875.0,7.882882882882883,4.468223594078266,10,341.0,0.362772687518956,21,553.0,0.19498302709146587,24,1079.0,0.2592282831377008,55,1973.0
1935.0,64,1172.0,10.371681415929203,4.415544477386723,16,404.0,0.32307092866504367,24,668.0,0.24323851421986148,24,1199.0,0.18876725254619206,64,2271.0
1940.0,66,1240.0,10.973451327433628,3.9632064943081025,22,497.0,0.3017241425445356,24,788.0,0.24513528061330167,20,1132.0,0.15142282785481373,66,2417.0
1945.0,60,1187.0,10.504424778761061,4.476850464922328,24,613.0,0.2552654823936987,24,906.0,0.21296101211074736,12,907.0,0.24639479796765507,60,2426.0
1950.0,49,1087.0,9.881818181818181,4.496852569109785,24,733.0,0.17456025057092467,24,1026.0,0.18412169128452557,1,781.0,0.37933980564517594,49,2540.0
1955.0,56,1350.0,12.162162162162161,4.41361284675387,24,853.0,0.19775863897780174,24,1148.0,0.21975965098543024,8,792.0,0.3811787305751316,56,2793.0
1960.0,58,1370.0,12.123893805309734,4.478007292547736,24,975.0,0.1704288258258071,18,1100.0,0.2649366955067405,16,847.0,0.3105337076741784,58,2922.0
1965.0,55,1244.0,10.912280701754385,4.38856526747999,24,1095.0,0.15138381113819138,11,875.0,0.2873783113561029,20,932.0,0.23672287655916174,55,2902.0
1970.0,48,1085.0,9.863636363636363,4.270760570004967,24,1215.0,0.0946433045845864,6,833.0,0.29923239062474033,18,857.0,0.19222792603112132,48,2905.0
1975.0,41,859.0,8.339805825242719,4.381171672094852,19,1151.0,0.16043030485129137,10,855.0,0.2858969083021052,12,591.0,0.26031319621590204,41,2597.0
1980.0,26,438.0,4.211538461538462,4.707111036564418,10,917.0,0.273720862805246,14,903.0,0.2141615111435251,2,617.0,0.3061586191666651,26,2437.0
1985.0,32,218.0,2.1372549019607843,4.34942433706593,2,931.0,0.341369649095227,21,992.0,0.12178830435170473,9,626.0,0.3190450619745893,32,2549.0
1990.0,43,296.0,2.8461538461538463,4.300391267952728,9,961.0,0.2997808931807152,18,926.0,0.22029454213711366,16,677.0,0.3053136155475736,43,2564.0
1995.0,43,356.0,3.1785714285714284,4.928074885000171,15,1025.0,0.20540177130288492,8,703.0,0.38992085009971467,20,763.0,0.24522557229305558,43,2491.0
2000.0,44,396.0,3.5675675675675675,4.765530212911584,17,939.0,0.2212499322938093,3,650.0,0.3956126069997613,24,878.0,0.2332188052448591,44,2467.0
2005.0,44,506.0,4.6422018348623855,4.640568960437068,13,729.0,0.28687639055048686,7,679.0,0.2757366742734437,24,998.0,0.1691367680831129,44,2406.0
2010.0,38,453.0,4.155963302752293,4.285541332330633,4,699.0,0.3328449372998377,15,738.0,0.1534070262349919,19,929.0,0.19562628169080862,38,2366.0
2015.0,38,354.0,3.1327433628318584,4.551284512037223,9,707.0,0.3220482079296679,14,656.0,0.15325517314523165,15,680.0,0.24778848518873237,38,2043.0
2020.0,29,153.0,1.3909090909090909,5.0073941373884105,13,762.0,0.26129259155223833,11,440.0,0.2889296578785928,5,708.0,0.2670153128465202,29,1910.0
2025.0,33,221.0,2.0275229357798166,4.959856416322286,21,851.0,0.18260389719945924,3,405.0,0.42406789401974104,9,722.0,0.2022035828838875,33,1978.0
2030.0,43,360.0,3.272727272727273,4.62108992143217,24,968.0,0.1810464005875135,9,422.0,0.36272642613345074,10,600.0,0.21521959194445361,43,1990.0
2035.0,42,377.0,3.3660714285714284,4.983961556616505,18,902.0,0.25021113330641886,15,477.0,0.25389474956444663,9,424.0,0.3079229945477953,42,1803.0
2040.0,35,327.0,3.0277777777777777,5.063202963586145,10,643.0,0.3313480124922366,20,567.0,0.1439795990195355,5,404.0,0.3820902536078252,35,1614.0
2045.0,31,221.0,2.1666666666666665,4.43025159853975,4,665.0,0.31697822709841417,18,547.0,0.18327150995511887,9,424.0,0.30474760642528376,31,1636.0
2050.0,37,252.0,2.3773584905660377,4.813373255304595,12,698.0,0.20430002314595605,11,391.0,0.3412360711044613,14,470.0,0.254100984384364,37,1559.0
2055.0,40,299.0,2.646017699115044,4.625435632395222,17,766.0,0.0941233375280049,2,405.0,0.4242386697879567,21,559.0,0.1656923438613085,40,1730.0
2060.0,51,448.0,4.148148148148148,4.529869357013301,18,678.0,0.17150485167794655,9,432.0,0.37053318959467235,24,678.0,0.17893787966387822,51,1788.0
2065.0,49,575.0,5.2272727272727275,4.797080979438076,9,360.0,0.35973022243573183,15,490.0,0.2404503659097583,25,798.0,0.21396222815101554,49,1648.0
2070.0,41,549.0,5.036697247706422,5.213798424264456,1,368.0,0.4837677531288264,22,586.0,0.20558170019810285,18,763.0,0.23549142429824185,41,1717.0
2075.0,41,507.0,4.738317757009346,5.2362630681595785,7,390.0,0.4215398384497846,24,704.0,0.19469018490982343,10,579.0,0.32731457242492645,41,1673.0
2080.0,39,368.0,3.376146788990826,4.465695783901468,17,447.0,0.30945227780348983,19,692.0,0.1651075629716437,3,594.0,0.3090031031619816,39,1733.0
2085.0,43,378.0,3.375,5.095725703892191,20,533.0,0.2490803570005901,14,561.0,0.29413360660289634,9,625.0,0.3062403783463024,43,1719.0
2090.0,45,404.0,3.607142857142857,4.697259353907993,24,647.0,0.1706924236692391,5,597.0,0.3494681589499614,16,688.0,0.18135569195755238,45,1932.0
2095.0,55,649.0,5.846846846846847,4.560395682247284,24,769.0,0.16568298040472482,10,619.0,0.34048749078419716,21,787.0,0.20465446398652754,55,2175.0
2100.0,59,827.0,7.383928571428571,4.1984849988840365,24,889.0,0.21670720048443926,16,675.0,0.2510769042232007,19,746.0,0.22992109994156212,59,2310.0
2105.0,51,855.0,7.7727272727272725,4.223289384371319,24,1009.0,0.25421922161997706,16,641.0,0.16522283744966995,11,556.0,0.278951492424842,51,2206.0
2110.0,43,845.0,8.047619047619047,4.124566298946237,25,1127.0,0.17480254062693776,15,504.0,0.14739798333117887,3,576.0,0.2660078793060579,43,2207.0
2115.0,33,677.0,6.77,3.591594722112585,19,1072.0,0.14204228245050857,6,544.0,0.24416864873408003,8,603.0,0.20572083820170922,33,2219.0
2120.0,40,437.0,4.08411214953271,4.472326723293728,12,855.0,0.23635277076640107,10,552.0,0.32495227196598747,18,668.0,0.20291634522510443,40,2075.0
2125.0,35,210.0,1.875,4.673831418602111,5,881.0,0.3119348606106934,14,599.0,0.2232813811919267,16,633.0,0.26184510278157186,35,2113.0
2130.0,39,294.0,2.7222222222222223,5.328404628715573,9,901.0,0.35229675114118425,21,689.0,0.19913271875333,9,477.0,0.40945341628827764,39,2067.0
2135.0,43,422.0,3.94392523364486,4.626877161979839,16,964.0,0.28293525765199357,24,805.0,0.16552357562038814,3,443.0,0.36862026931386593,43,2212.0
2140.0,55,669.0,6.137614678899083,4.446450694521943,23,1062.0,0.23649081973185684,24,925.0,0.19011628926704352,8,470.0,0.29297592155732466,55,2457.0
2145.0,57,783.0,6.929203539823009,4.4678006630645415,24,1182.0,0.1817729567274638,18,881.0,0.26770113147508035,15,526.0,0.21451747982644054,57,2589.0
2150.0,48,710.0,6.228070175438597,5.047852446913269,24,1302.0,0.16795865249848715,9,659.0,0.38580643881849114,15,478.0,0.20142331961255375,48,2439.0
2155.0,32,445.0,4.12037037037037,4.897734602184816,19,1214.0,0.14514500904852454,3,617.0,0.4002149470157782,10,325.0,0.19971800070828233,32,2156.0
2160.0,26,243.0,2.3823529411764706,4.896097060938897,11,942.0,0.2794398956315995,9,650.0,0.25983276260840343,6,353.0,0.27905480295900037,26,1945.0
2165.0,28,149.0,1.4607843137254901,4.428485236144026,2,878.0,0.34180297856647274,16,715.0,0.18092133010518574,10,377.0,0.27540890941587726,28,1970.0
2170.0,40,236.0,2.205607476635514,4.299817500269944,7,893.0,0.326852947571751,16,657.0,0.21949244067655022,17,439.0,0.22331113085395166,40,1989.0
2175.0,49,352.0,3.2,4.853299716259105,15,946.0,0.2445538367949655,11,429.0,0.37302298885327423,23,540.0,0.22482961997829826,49,1915.0
2180.0,35,286.0,2.5535714285714284,4.709644847696127,15,848.0,0.2039322668679019,1,403.0,0.38111540216405343,19,537.0,0.22382162222717403,35,1788.0
2185.0,35,208.0,1.908256880733945,4.891164706541609,14,605.0,0.28579665756251565,8,412.0,0.2600972292066202,13,386.0,0.23847188883722378,35,1403.0
2190.0,17,50.0,0.4672897196261682,4.655853569287789,4,562.0,0.3227902943538609,8,354.0,0.10781887756516396,5,420.0,0.3117272336456299,17,1336.0
2195.0,28,104.0,0.9541284403669725,4.743247073061342,9,570.0,0.30904393399502317,10,199.0,0.23514873925854735,9,438.0,0.2689775875454279,28,1207.0
2200.0,35,201.0,1.7478260869565216,4.925728898881977,15,629.0,0.21023702198133531,3,175.0,0.41162357843436276,17,486.0,0.2021928132505797,35,1290.0
2205.0,47,319.0,2.7264957264957266,4.6651432192125855,22,725.0,0.21645794170631275,8,166.0,0.4279130584269634,17,473.0,0.23403564971095733,47,1364.0
2210.0,49,354.0,2.9747899159663866,5.065634999799017,19,651.0,0.28699169447387757,15,220.0,0.32002408151802136,15,383.0,0.31462567261686786,49,1254.0
2215.0,35,279.0,2.3846153846153846,5.403324901280489,9,434.0,0.40407086489186805,20,307.0,0.17399560304433132,6,375.0,0.3489725034125693,35,1116.0
2220.0,31,310.0,2.897196261682243,4.732167980941939,1,354.0,0.3966380420939204,23,421.0,0.1622537061788424,7,380.0,0.30458683960954946,31,1155.0
2225.0,42,364.0,3.1652173913043478,4.61569978656645,8,376.0,0.3293913316727902,19,435.0,0.25747926422497663,15,419.0,0.22685863407097115,42,1230.0
2230.0,45,375.0,3.0737704918032787,5.346518908968968,14,428.0,0.23600377334863443,10,367.0,0.4004008761047192,21,506.0,0.20189626988659523,45,1301.0
2235.0,41,327.0,2.680327868852459,4.926427197662537,18,510.0,0.19067724675693443,2,387.0,0.39335195107326754,21,504.0,0.20526722954382465,41,1401.0
2240.0,43,402.0,3.4358974358974357,4.921039294651044,24,623.0,0.2264230621476017,7,404.0,0.3336001506659985,12,354.0,0.22494387436393024,43,1381.0
2245.0,40,439.0,3.7844827586206895,3.9563764337549308,24,743.0,0.2283481175812596,11,375.0,0.17040746617805316,5,383.0,0.24656476602979488,40,1501.0
2250.0,47,587.0,5.1946902654867255,4.048571572531907,25,863.0,0.20724133828243135,14,319.0,0.2215344651182391,8,395.0,0.2356851402016079,47,1577.0
2255.0,46,706.0,6.139130434782609,3.7547870131569554,25,983.0,0.10975106560362699,10,361.0,0.2399086444959788,11,348.0,0.1728591025103062,46,1692.0
2260.0,40,609.0,5.2956521739130435,4.259519695857778,18,920.0,0.1745673989826055,11,385.0,0.2222451009318433,11,272.0,0.2658991451521766,40,1577.0
2265.0,30,382.0,3.3217391304347825,4.741281650290044,10,690.0,0.3275385585862434,16,423.0,0.1150532692132574,4,260.0,0.30218676140604334,30,1373.0
2270.0,34,262.0,2.403669724770642,4.998917537624482,2,644.0,0.4788372553214349,22,515.0,0.16964265806711307,10,266.0,0.2945120917671665,34,1425.0
2275.0,43,343.0,3.118181818181818,4.479328774699899,9,668.0,0.3409148977229902,20,536.0,0.24518908889280244,14,314.0,0.2668715552214417,43,1518.0
2280.0,49,395.0,3.347457627118644,5.008783070893024,14,725.0,0.24697514697676448,13,443.0,0.3564819595936874,22,402.0,0.23780299942980943,49,1570.0
2285.0,48,495.0,4.125,4.629460936556092,19,813.0,0.13245634839225626,5,472.0,0.31041387691302363,24,517.0,0.21862135535888902,48,1802.0
2290.0,45,478.0,4.016806722689076,4.39550678721283,18,771.0,0.22799720652614328,9,484.0,0.2805023684754527,18,524.0,0.22518089549968645,45,1779.0
2295.0,37,327.0,2.680327868852459,5.495272499323641,9,574.0,0.3680190537220602,17,542.0,0.1874724800532865,11,425.0,0.33166689737590527,37,1541.0
2300.0,30,219.0,1.972972972972973,5.228041416131445,3,536.0,0.38718420942554627,22,638.0,0.11259490588426611,5,446.0,0.3737750298667632,30,1620.0
2305.0,39,283.0,2.669811320754717,4.464446359024369,10,561.0,0.30678004081300114,20,633.0,0.1852644327653355,9,470.0,0.32628804126608874,39,1664.0
2310.0,47,345.0,3.0,4.697425305750753,15,622.0,0.20410861977585246,14,489.0,0.3560422323571039,18,538.0,0.21577859681539288,47,1649.0
2315.0,37,213.0,1.8205128205128205,4.294745686867572,17,564.0,0.15275964560112462,3,469.0,0.36708393766024083,17,515.0,0.14772624622068023,37,1548.0
2320.0,35,177.0,1.5526315789473684,5.093991422884434,11,343.0,0.2896703411317173,10,476.0,0.26651307106458466,14,422.0,0.2588775820896237,35,1241.0
2325.0,24,118.0,1.0727272727272728,5.2122060422976775,4,312.0,0.3840588044618245,14,529.0,0.15857405683119555,6,452.0,0.34947181420634466,24,1293.0
2330.0,38,250.0,2.336448598130841,4.345206423034617,8,323.0,0.35413690179018825,20,621.0,0.17937162056959943,10,462.0,0.3394473473198806,38,1406.0
2335.0,46,356.0,3.0689655172413794,4.665035901102075,13,365.0,0.3114359806234844,18,614.0,0.2632269125986195,15,516.0,0.24572633849954895,46,1495.0
2340.0,51,462.0,3.7560975609756095,5.373589043359026,19,445.0,0.22675328743931003,9,472.0,0.4277134961265635,23,615.0,0.21260303462351923,51,1532.0
2345.0,46,466.0,3.9159663865546217,4.756751910344517,24,552.0,0.2048566668946192,3,493.0,0.37849138834367657,19,615.0,0.16937954254530285,46,1660.0
2350.0,45,534.0,4.725663716814159,5.132148546721401,24,672.0,0.2265704153982203,8,522.0,0.3176264813944379,13,443.0,0.24908156676557405,45,1637.0
2355.0,34,543.0,5.027777777777778,4.525466379063122,24,792.0,0.2057333733537881,10,464.0,0.23115973284364152,0,415.0,0.31141082333883047,34,1671.0
2360.0,39,483.0,4.644230769230769,4.163350212061749,18,754.0,0.192427932758858,12,327.0,0.24501712937264777,9,416.0,0.2407729581876291,39,1497.0
2365.0,30,290.0,2.761904761904762,4.743433679451865,12,609.0,0.15977247689489252,4,289.0,0.31373596602627013,14,470.0,0.1580376258260194,30,1368.0
2370.0,23,101.0,0.9805825242718447,4.802405625240009,2,539.0,0.33641197850225124,8,284.0,0.2859898644252901,13,431.0,0.2697415746896816,23,1254.0
2375.0,30,128.0,1.2307692307692308,5.415581202279915,7,539.0,0.3736442195006004,14,322.0,0.2627507325759507,9,306.0,0.359400728667736,30,1167.0
2380.0,34,226.0,2.073394495412844,5.194560525872154,13,583.0,0.3616476591684335,19,406.0,0.16115909158330155,2,293.0,0.4303575107185514,34,1282.0
2385.0,45,334.0,2.9298245614035086,4.6923763381135934,19,661.0,0.26411877218892266,17,403.0,0.22240451262413774,9,322.0,0.3473033016395541,45,1386.0
2390.0,49,426.0,3.7043478260869565,4.870224452881778,23,766.0,0.25092408401596444,10,317.0,0.32600893530231334,16,384.0,0.2282937509717123,49,1467.0
2395.0,52,563.0,4.982300884955753,4.555643777061442,25,886.0,0.21452959014468684,4,299.0,0.3770781275524559,23,477.0,0.17487448278142803,52,1662.0
2400.0,57,828.0,7.2631578947368425,4.590863827377367,24,1008.0,0.23297258515959188,9,323.0,0.34713756157750253,24,597.0,0.21216580452695957,57,1928.0
2405.0,56,973.0,8.108333333333333,4.723070300209808,25,1128.0,0.271392189006072,13,379.0,0.25663181794739576,18,592.0,0.2692632733666757,56,2099.0
2410.0,54,1040.0,9.043478260869565,4.9360575718308795,24,1246.0,0.24547875424990592,20,464.0,0.19615572155131558,10,466.0,0.37557427010940836,54,2176.0
2415.0,50,1137.0,10.527777777777779,4.528201665557283,24,1366.0,0.24968083235656907,24,577.0,0.17278080859302922,2,438.0,0.3709865747692898,50,2381.0
2420.0,52,1254.0,11.719626168224298,4.044179579611202,24,1486.0,0.16560609660327583,19,575.0,0.21379034991514684,9,454.0,0.2756761759226928,52,2515.0
2425.0,45,988.0,8.981818181818182,4.778454174616128,18,1400.0,0.21562289666498932,12,436.0,0.30221733152524666,15,509.0,0.1850968505720463,45,2345.0
2430.0,40,589.0,5.258928571428571,4.8235820114587735,12,1122.0,0.2231332770538868,7,470.0,0.2915598623729965,21,593.0,0.1216749266513421,40,2185.0
2435.0,31,206.0,1.9433962264150944,4.693466831035827,2,1058.0,0.28452640499637244,10,496.0,0.24501532949123309,19,588.0,0.24205192337403436,31,2142.0
2440.0,34,220.0,2.0952380952380953,4.781582588270361,8,1076.0,0.248101881858285,16,546.0,0.20904825968993043,10,465.0,0.3096813845271586,34,2087.0
2445.0,42,307.0,2.9238095238095236,4.995135273430625,17,1137.0,0.2622243171298008,21,628.0,0.1553388064491606,4,311.0,0.4389796556848456,42,2076.0
2450.0,52,511.0,4.866666666666666,4.500096234518348,22,1232.0,0.2588092074299889,24,743.0,0.15535138499003695,6,279.0,0.36362018616033026,52,2254.0
2455.0,50,608.0,5.96078431372549,4.116001145784293,25,1349.0,0.2087175355704368,18,730.0,0.26553304981551024,7,292.0,0.2901358353214634,50,2371.0
2460.0,49,640.0,5.871559633027523,5.035295609335999,24,1469.0,0.19345691753410127,10,523.0,0.34224693853676796,15,330.0,0.2928884199303761,49,2322.0
2465.0,39,529.0,4.7657657657657655,5.035169749574723,20,1365.0,0.21208481527392867,3,492.0,0.4262205011447163,16,397.0,0.21914986106163056,39,2254.0
2470.0,37,350.0,3.240740740740741,4.574905117930793,14,936.0,0.27506561029596577,8,511.0,0.2528683714916641,15,376.0,0.21449562071864528,37,1823.0
2475.0,29,149.0,1.3796296296296295,5.063889918451035,2,956.0,0.3201273422946275,15,562.0,0.2234487145030471,12,267.0,0.31152280129781956,29,1785.0
2480.0,34,209.0,1.971698113207547,4.465602156689955,7,959.0,0.3092038575089059,21,652.0,0.1292196302435791,6,267.0,0.32271745020182907,34,1878.0
2485.0,41,279.0,2.5596330275229358,4.541616727646348,15,1010.0,0.29321745324036075,18,618.0,0.26456075621713976,8,282.0,0.29143778071080684,41,1910.0
2490.0,41,333.0,2.8956521739130436,5.203835234958476,20,1098.0,0.21504650601539682,8,458.0,0.4213251281638898,13,325.0,0.23406744302504742,41,1881.0
2495.0,50,478.0,4.192982456140351,4.896776702344323,25,1215.0,0.16905668370194252,5,487.0,0.4623236099861474,20,410.0,0.2094961278992992,50,2112.0
2500.0,54,620.0,5.391304347826087,4.7243528800633925,24,1335.0,0.16144076464322402,11,520.0,0.35508483023924525,19,424.0,0.25623571656673644,54,2279.0
2505.0,44,557.0,4.843478260869565,4.89817795538759,19,1191.0,0.2286392941305756,15,584.0,0.22978505068080096,10,332.0,0.37444780399350786,44,2107.0
2510.0,36,387.0,3.55045871559633,5.109563938884878,11,770.0,0.3534023940020389,22,680.0,0.06931997171564358,3,322.0,0.3775022787473317,36,1772.0
2515.0,27,229.0,2.29,4.810635734487329,1,690.0,0.3577329243604959,18,643.0,0.15546729924402028,8,348.0,0.34888699192585315,27,1681.0
2520.0,31,207.0,1.9714285714285715,5.1316682434002985,7,698.0,0.3118288869396904,9,486.0,0.34441068006984565,15,406.0,0.2372055766038266,31,1590.0
2525.0,35,252.0,2.311926605504587,5.286935648287932,13,748.0,0.2167751028286316,2,450.0,0.44052459333975497,20,492.0,0.1805714512637705,35,1690.0
2530.0,52,469.0,4.1875,4.644279423685879,20,829.0,0.19347098320153264,7,472.0,0.4070478021002828,25,608.0,0.14062992791669335,52,1909.0
2535.0,55,601.0,5.31858407079646,4.361200454443772,23,938.0,0.21214051074328408,14,524.0,0.28767669005867197,18,615.0,0.2318460522064886,55,2077.0
2540.0,49,531.0,4.783783783783784,4.438385895985242,19,815.0,0.203142446096747,20,609.0,0.17226267468232934,10,500.0,0.3327997385866603,49,1924.0
2545.0,37,407.0,3.9134615384615383,4.771204856492636,11,542.0,0.32847397498441805,24,723.0,0.09598051635551433,2,482.0,0.3530222005734887,37,1747.0
2550.0,32,289.0,2.8333333333333335,4.62128099304601,4,557.0,0.3755329406858642,18,687.0,0.16508441796455164,10,503.0,0.3194466092878016,32,1747.0
2555.0,33,247.0,2.3523809523809525,5.117456298946729,10,579.0,0.3136262941921184,9,479.0,0.35261863202366567,14,562.0,0.23049233550662193,33,1620.0
2560.0,38,272.0,2.4727272727272727,5.155771866418162,16,635.0,0.214959383233071,2,495.0,0.4537024812933389,20,650.0,0.18955235131087458,38,1780.0
2565.0,55,504.0,4.54054054054054,4.721731198395621,21,726.0,0.1733634462499636,9,519.0,0.37099715833657076,25,767.0,0.1863374554409777,55,2012.0
2570.0,61,793.0,6.895652173913043,4.5499784751557435,24,841.0,0.19228403013231707,13,573.0,0.28401541606872066,24,887.0,0.22912542157887691,61,2301.0
2575.0,55,792.0,7.008849557522124,4.227901980077878,18,771.0,0.27976551051684356,19,659.0,0.20779505655383962,18,860.0,0.2290464863428804,55,2290.0
2580.0,47,618.0,5.775700934579439,4.3857788590601965,9,581.0,0.28244718656279993,24,776.0,0.09473340012114015,14,681.0,0.2471519688305263,47,2038.0
2585.0,30,277.0,2.826530612244898,3.7176786589730773,6,608.0,0.2225226965502008,19,746.0,0.1040299512005508,5,650.0,0.29546350116700776,30,2004.0
2590.0,30,206.0,2.06,4.757624433879652,10,636.0,0.20357791300789943,11,526.0,0.3167650408200815,9,658.0,0.27170769115511434,30,1820.0
2595.0,32,192.0,1.794392523364486,4.8910710527581704,15,699.0,0.12481545411275102,3,546.0,0.4187120591135917,14,704.0,0.21483662206745763,32,1949.0
2600.0,48,315.0,2.9166666666666665,4.572787453977724,18,635.0,0.18488074595868437,10,564.0,0.36204832493145117,20,793.0,0.20984455088100235,48,1992.0
2605.0,41,328.0,3.0654205607476634,4.890871685749672,8,472.0,0.3104894658571231,15,623.0,0.23836869320095838,18,747.0,0.27377474936758833,41,1842.0
2610.0,35,285.0,2.638888888888889,5.243333456390718,4,446.0,0.3685278407468996,22,718.0,0.12544137996011287,9,553.0,0.36209105894265003,35,1717.0
2615.0,28,227.0,2.2475247524752477,4.745748611328451,8,474.0,0.3472622277694093,18,685.0,0.16895011072942911,2,514.0,0.356792174630161,28,1673.0
2620.0,35,223.0,2.144230769230769,5.001551568565191,15,530.0,0.24576164245027468,11,525.0,0.35992065366516635,9,538.0,0.2751910424553142,35,1593.0
2625.0,32,216.0,1.981651376146789,4.945447291386513,21,622.0,0.15974021987954726,1,437.0,0.4294186092281419,10,458.0,0.19031516323538034,32,1517.0
2630.0,36,231.0,2.1588785046728973,4.9227662799253755,19,598.0,0.2276788756472735,8,445.0,0.3605436802656957,9,312.0,0.26344196519671786,36,1355.0
2635.0,28,182.0,1.7333333333333334,5.137711351250356,11,447.0,0.3037832608410925,12,489.0,0.21879837384110104,5,296.0,0.3135894526988018,28,1232.0
2640.0,30,182.0,1.75,4.397002050550982,5,432.0,0.3588235891821733,18,568.0,0.16378662894840518,7,296.0,0.28386456347815314,30,1296.0
2645.0,42,259.0,2.4205607476635516,4.3640406557781635,10,454.0,0.31391864070121345,17,524.0,0.2593360835751443,15,338.0,0.23722570401730833,42,1316.0
2650.0,47,345.0,3.0,5.093327790093611,17,517.0,0.22960804103050542,8,391.0,0.4162481210595691,22,428.0,0.19130315824650246,47,1336.0
2655.0,47,491.0,4.307017543859649,5.316977793138829,22,613.0,0.18673173982518537,1,316.0,0.4770984950470015,24,544.0,0.14531813936098134,47,1473.0
2660.0,49,605.0,5.5,4.560327084529158,24,731.0,0.2490173859017484,7,337.0,0.35242249715382146,18,520.0,0.16763320175342256,49,1588.0
2665.0,48,655.0,5.900900900900901,4.909682531376775,24,851.0,0.2750845863810563,14,389.0,0.2945229154334831,10,408.0,0.29130299298936513,48,1648.0
2670.0,48,731.0,6.526785714285714,4.595373443291765,25,971.0,0.2848674976129436,18,470.0,0.22187282192939026,5,435.0,0.3174835159046531,48,1876.0
2675.0,58,1000.0,9.174311926605505,4.455304166802164,24,1091.0,0.2625821451094356,24,583.0,0.2588811864120805,10,466.0,0.3125301232110858,58,2140.0
2680.0,65,1308.0,11.373913043478261,4.188797301782678,25,1211.0,0.23074505379448373,24,703.0,0.24581888721926054,16,534.0,0.2457292459122022,65,2448.0
2685.0,72,1647.0,14.076923076923077,4.2565086859768835,24,1331.0,0.17622139238030463,24,821.0,0.22771176543611188,24,633.0,0.2537141908110289,72,2785.0
2690.0,72,2006.0,17.29310344827586,4.442887128320235,24,1451.0,0.18728297191330254,24,941.0,0.19769869655824648,24,752.0,0.2811413333725682,72,3144.0
2695.0,66,2033.0,17.833333333333332,4.173110044785059,18,1364.0,0.21961827909669046,24,1061.0,0.20624109079680703,24,872.0,0.25317663310948374,66,3297.0
2700.0,58,1827.0,16.60909090909091,4.227661699190072,10,1082.0,0.2613082790447899,24,1181.0,0.22307796910322558,24,992.0,0.19256980590779244,58,3255.0
2705.0,53,1711.0,16.295238095238094,4.524633985824666,5,768.0,0.3857539676876115,24,1301.0,0.15885295317300321,24,1112.0,0.2132460099213657,53,3181.0
2710.0,50,1611.0,15.05607476635514,4.042701191750828,5,695.0,0.30571694618953565,20,1234.0,0.14974528602434348,25,1232.0,0.15184098129273255,50,3161.0
2715.0,40,1057.0,9.971698113207546,4.83082226981508,10,699.0,0.27043059037028283,12,930.0,0.2356152920836976,18,1178.0,0.2146665145442469,40,2807.0
2720.0,29,438.0,4.211538461538462,5.57783653907653,15,745.0,0.2160054404534638,4,954.0,0.34304030156930393,10,953.0,0.30143864774900675,29,2652.0
2725.0,31,194.0,1.883495145631068,4.694769252869297,20,828.0,0.19238168381747195,9,965.0,0.265664194431951,2,910.0,0.3045286592929749,31,2703.0
2730.0,39,269.0,2.6633663366336635,4.449154569146107,18,759.0,0.23956833832028124,14,1013.0,0.2855418629741092,7,934.0,0.2719586814900286,39,2706.0
2735.0,45,338.0,3.219047619047619,4.548156706634767,10,521.0,0.38330558834441447,22,1106.0,0.17983489000568992,13,987.0,0.23055537183519761,45,2614.0
2740.0,47,470.0,4.433962264150943,4.301306561116085,4,542.0,0.3411909022231018,24,1223.0,0.13566027522707363,19,1067.0,0.2477534580371608,47,2832.0
2745.0,58,736.0,6.943396226415095,4.265062392908059,10,572.0,0.2985391562966436,24,1345.0,0.18335600686511602,24,1177.0,0.23543092985354885,58,3094.0
2750.0,62,871.0,7.846846846846847,4.210812125699078,19,643.0,0.2456324031043962,18,1257.0,0.25277020216238205,25,1297.0,0.19219854282170265,62,3197.0
2755.0,57,911.0,8.133928571428571,4.666555314584989,23,746.0,0.19809509986696772,10,979.0,0.337083540004433,24,1417.0,0.13903964891273332,57,3142.0
2760.0,45,768.0,6.9818181818181815,4.607205054719738,24,866.0,0.1846387040131863,2,916.0,0.37500924039211264,19,1330.0,0.1453764129809048,45,3112.0
2765.0,38,537.0,5.213592233009709,4.5084257198269855,19,794.0,0.182561832772131,7,936.0,0.2838203699363432,12,1031.0,0.2863121868674735,38,2761.0
2770.0,31,245.0,2.4019607843137254,4.748297263329169,13,519.0,0.2695956740008595,14,987.0,0.11848025818376468,4,960.0,0.3571080674652417,31,2466.0
2775.0,32,202.0,2.04040404040404,4.688805075742674,2,465.0,0.33949652997578145,21,1076.0,0.09714015804227284,9,978.0,0.3467374833148482,32,2519.0
2780.0,41,274.0,2.74,4.328656460643001,7,465.0,0.26457253174649,18,981.0,0.22139865424689273,16,1036.0,0.27872448733295746,41,2482.0
2785.0,44,330.0,3.1132075471698113,4.671910180738224,14,511.0,0.18125126609043232,8,675.0,0.4034247981997302,22,1126.0,0.21214272971764403,44,2312.0
2790.0,40,368.0,3.439252336448598,4.517650521410359,13,484.0,0.1944177510879129,3,699.0,0.3579251014337686,24,1244.0,0.17140006245661776,40,2427.0
2795.0,40,353.0,3.2685185185185186,4.889409994199184,10,365.0,0.3651005240205701,9,727.0,0.2867962414936886,21,1130.0,0.18293705680771907,40,2222.0
2800.0,30,265.0,2.4537037037037037,5.2582187601351285,2,339.0,0.4017857098090219,15,788.0,0.11158783184588394,13,806.0,0.3018378560681274,30,1933.0
2805.0,30,138.0,1.3398058252427185,4.806839866279177,10,365.0,0.329781905658907,16,668.0,0.14381691059780102,4,736.0,0.3296895256606187,30,1769.0
2810.0,34,179.0,1.7378640776699028,5.0122243652940615,14,425.0,0.23256428703642903,11,443.0,0.32046571308770283,9,753.0,0.27242420347047974,34,1621.0
2815.0,39,269.0,2.514018691588785,4.947447178606864,21,516.0,0.17387044846952887,3,416.0,0.44091188110042784,15,797.0,0.18326834513944404,39,1729.0
2820.0,47,410.0,3.8317757009345796,4.428875087382455,25,632.0,0.2145862452314747,8,432.0,0.3869304628742491,14,668.0,0.2105140406844006,47,1732.0
2825.0,50,562.0,5.203703703703703,4.715454771212597,24,752.0,0.21767801905573095,13,485.0,0.2689861916436954,13,458.0,0.29618678742751825,50,1695.0
2830.0,42,546.0,5.102803738317757,4.56109460709677,19,724.0,0.2557189533589219,19,569.0,0.12640891350006397,4,434.0,0.3574742100599062,42,1727.0
2835.0,41,488.0,4.784313725490196,4.429660969974618,9,556.0,0.31874619558661205,24,683.0,0.16446475930259885,8,449.0,0.31007300300239643,41,1688.0
2840.0,38,350.0,3.30188679245283,3.848550071461943,3,574.0,0.26540809519416414,19,645.0,0.1899693697896178,16,502.0,0.1812731429070941,38,1721.0
2845.0,40,350.0,3.240740740740741,4.512871463628155,8,600.0,0.23937827648127932,11,485.0,0.35554135292011496,21,596.0,0.1338153133519641,40,1681.0
2850.0,35,276.0,2.4424778761061945,4.855505471304883,16,660.0,0.17118364249276816,0,410.0,0.4282997478321709,19,551.0,0.16078268567135393,35,1621.0
2855.0,36,290.0,2.6363636363636362,5.679110323895317,21,752.0,0.21844076816742328,6,414.0,0.367133572373829,9,405.0,0.3049458111716561,36,1571.0
2860.0,39,372.0,3.509433962264151,5.827462580195736,24,868.0,0.25464933025315734,12,459.0,0.26120802849237656,3,237.0,0.450756078032391,39,1564.0
2865.0,49,566.0,5.549019607843137,4.630866744228668,25,988.0,0.27330145342302553,20,540.0,0.19699534472854976,4,242.0,0.3777854283299309,49,1770.0
2870.0,56,823.0,8.148514851485148,4.3141065141890955,24,1108.0,0.2127482733200597,23,650.0,0.23215073371565378,9,259.0,0.30884930198919386,56,2017.0
2875.0,63,1121.0,10.676190476190476,4.367528498453308,24,1228.0,0.172809889921653,24,770.0,0.24442759351967747,15,315.0,0.3215283712359647,63,2313.0
2880.0,61,1272.0,11.669724770642201,4.283789943764084,24,1348.0,0.11264205530314517,18,743.0,0.29748412514668426,19,394.0,0.2739293505708984,61,2485.0
2885.0,50,1052.0,9.65137614678899,4.186352036517304,19,1265.0,0.14552831952522755,9,581.0,0.27311926028911404,22,494.0,0.21179381092482918,50,2340.0
2890.0,38,689.0,6.37962962962963,4.39458848031601,11,1014.0,0.25044625399578624,2,598.0,0.2351703255934139,25,613.0,0.15551312487526664,38,2225.0
2895.0,29,362.0,3.4150943396226414,4.835348327536729,4,1029.0,0.3447667193462931,7,617.0,0.25149378173599135,18,617.0,0.229373095490727,29,2263.0
2900.0,37,298.0,2.8380952380952382,4.88416365650913,10,1063.0,0.34667155152157075,16,676.0,0.18919098071541474,11,491.0,0.32092039030649633,37,2230.0
2905.0,35,207.0,2.0097087378640777,4.549855482305233,15,1128.0,0.29649082238016916,16,631.0,0.20138304590381406,4,477.0,0.319725621673574,35,2236.0
2910.0,41,296.0,2.8737864077669903,4.576155996339955,23,1224.0,0.23296542323938843,11,484.0,0.3510401682822862,7,496.0,0.22725985161098514,41,2204.0
2915.0,37,357.0,3.3055555555555554,4.4870843873895625,24,1344.0,0.17914981144776465,2,403.0,0.44839440948066206,11,442.0,0.13900270143953417,37,2189.0
2920.0,44,507.0,4.738317757009346,4.779600917607044,25,1466.0,0.20242587407527002,9,414.0,0.3236978942756151,10,315.0,0.2788281321798318,44,2195.0
2925.0,37,476.0,4.490566037735849,4.892400742690457,18,1370.0,0.2756042145147535,12,461.0,0.23032477272778426,7,336.0,0.3112759583042987,37,2167.0
2930.0,39,380.0,3.6538461538461537,4.482207728661948,10,956.0,0.32620936796313027,19,546.0,0.15475341552577665,10,357.0,0.2810054824030074,39,1859.0
2935.0,39,263.0,2.457943925233645,4.15050980081356,6,976.0,0.27741540785268815,17,506.0,0.22910733384235854,16,401.0,0.20952884689666149,39,1883.0
2940.0,40,314.0,2.8807339449541285,5.009230170745781,9,1001.0,0.26004788529563655,8,335.0,0.36636041000243225,23,497.0,0.2481521738145714,40,1833.0
2945.0,41,428.0,3.754385964912281,5.245127721744741,16,1063.0,0.1706263937854602,1,355.0,0.45372936772244465,24,616.0,0.18214836764088135,41,2034.0
2950.0,49,570.0,5.04424778761062,4.651767898467788,15,936.0,0.232133931638564,9,379.0,0.3924369663854906,25,738.0,0.213402683062368,49,2053.0
2955.0,49,706.0,6.192982456140351,4.849570145733557,11,620.0,0.36095160084343625,14,428.0,0.2651774094796408,24,858.0,0.2215092964768142,49,1906.0
2960.0,44,643.0,5.741071428571429,4.8047998503112614,5,656.0,0.38030988190963166,20,511.0,0.19856903655337835,19,838.0,0.2765593063201767,44,2005.0
2965.0,46,550.0,4.910714285714286,4.735682661099476,11,685.0,0.30514877993807,24,627.0,0.1923003920096588,11,668.0,0.33450120240271203,46,1980.0
2970.0,47,521.0,4.491379310344827,4.172389308860087,17,748.0,0.28171919548216234,24,745.0,0.15773781737051576,6,697.0,0.23543242480874327,47,2190.0
2975.0,50,597.0,5.191304347826087,4.44807297954066,22,843.0,0.2589535681007425,18,713.0,0.26644452151536197,10,721.0,0.22459872981778048,50,2277.0
2980.0,49,607.0,5.058333333333334,5.399330596510779,24,962.0,0.19884302476640453,8,557.0,0.3627812496829354,17,788.0,0.2422986116801205,49,2307.0
2985.0,51,671.0,5.7844827586206895,4.997476006963569,24,1082.0,0.10211674901732896,4,578.0,0.384317874843711,23,887.0,0.16577881276487333,51,2547.0
2990.0,46,622.0,5.654545454545454,4.484678473555482,18,980.0,0.18325181822918596,10,609.0,0.30688485035146457,18,841.0,0.23149531732459144,46,2430.0
2995.0,35,389.0,3.5688073394495414,4.887131492888387,9,666.0,0.2744452295220417,16,674.0,0.16211475953842022,10,638.0,0.3173646369153799,35,1978.0
3000.0,31,238.0,2.2452830188679247,5.436898288157129,4,694.0,0.3478227067935214,23,773.0,0.10241483073157298,4,381.0,0.4089437411758382,31,1848.0
3005.0,40,381.0,3.772277227722772,4.772990467082696,12,723.0,0.27249900682090966,24,894.0,0.09108544043074447,4,390.0,0.4395139166177534,40,2007.0
3010.0,37,355.0,3.4134615384615383,4.043460775360899,10,633.0,0.1797325589421728,18,863.0,0.20931426025023295,9,397.0,0.33780579543302613,37,1893.0
3015.0,30,247.0,2.2454545454545456,5.563726240680927,9,388.0,0.27490481121148996,8,675.0,0.3897016160996401,13,435.0,0.2822241085591272,30,1498.0
3020.0,25,173.0,1.5585585585585586,5.566062339627643,2,359.0,0.3268506051202401,4,698.0,0.40967196304041165,19,518.0,0.2752723159873158,25,1575.0
3025.0,41,336.0,3.0545454545454547,5.201833437554156,8,365.0,0.3095139813067828,9,732.0,0.3655937844097784,24,628.0,0.22507365185550407,41,1725.0
3030.0,57,572.0,5.107142857142857,4.700679753633671,15,415.0,0.27978308343462094,18,795.0,0.29315559915126027,24,748.0,0.2393546872937307,57,1958.0
3035.0,65,868.0,7.890909090909091,4.238047003168847,19,496.0,0.27123555047750136,22,892.0,0.30174016567236916,24,868.0,0.1732964234456105,65,2256.0
3040.0,67,1017.0,9.416666666666666,3.8349335484583196,24,609.0,0.30058239050005986,24,1009.0,0.23226925197646472,19,822.0,0.17886196642407784,67,2440.0
3045.0,49,742.0,6.87037037037037,4.124204296582247,18,593.0,0.2743361634424465,18,955.0,0.20508451009046563,13,546.0,0.23784075498326915,49,2094.0
3050.0,28,282.0,2.5871559633027523,4.778660533033841,14,454.0,0.23458802976911386,11,725.0,0.14635761323286034,3,517.0,0.3452643909078574,28,1696.0
3055.0,24,87.0,0.8207547169811321,4.745459425664031,6,493.0,0.21467865585013848,8,457.0,0.26554977779585937,10,529.0,0.2633961549425734,24,1479.0
3060.0,27,99.0,0.9166666666666666,4.263128461691887,10,513.0,0.22671586465112512,6,476.0,0.33010220334490653,11,473.0,0.18281661196959106,27,1462.0
3065.0,33,122.0,1.0427350427350428,4.531462925382795,15,465.0,0.2103734590544414,8,468.0,0.2751070211932433,10,350.0,0.3056317504057307,33,1283.0
3070.0,33,162.0,1.4086956521739131,4.892463469187249,15,371.0,0.2270967573852087,13,502.0,0.18958476753545805,5,335.0,0.34947761115114084,33,1208.0
3075.0,40,239.0,2.1531531531531534,4.045191830139722,10,380.0,0.25136048841228215,21,588.0,0.15534071484720902,9,352.0,0.3214948580281593,40,1320.0
3080.0,48,407.0,3.5391304347826087,3.6918464561773967,10,389.0,0.16371235569106854,24,700.0,0.23289317970550732,14,398.0,0.24685196286453642,48,1487.0
3085.0,53,516.0,4.3,4.237190870521873,14,409.0,0.19087038928996208,18,657.0,0.32952795530586404,21,486.0,0.21721820158410549,53,1552.0
3090.0,47,460.0,3.7398373983739837,5.1716024363679605,20,476.0,0.21421051802171415,9,474.0,0.4053131046167298,18,482.0,0.23235242302654743,47,1432.0
3095.0,39,383.0,3.2457627118644066,4.985958271195693,25,587.0,0.17030489909983781,4,434.0,0.36458869622351453,10,354.0,0.24145002833915086,39,1375.0
3100.0,32,304.0,2.6666666666666665,4.678058754863731,21,598.0,0.19807143480183673,7,456.0,0.29789667547308935,4,339.0,0.2798378699208013,32,1393.0
3105.0,34,268.0,2.3304347826086955,5.040116254046704,11,484.0,0.31705638078957876,14,518.0,0.2544294413555437,9,363.0,0.3163967491288487,34,1365.0
3110.0,41,280.0,2.413793103448276,5.243316349866534,4,417.0,0.39753407579833955,21,608.0,0.2404972734018522,16,413.0,0.32486198052482235,41,1438.0
3115.0,50,499.0,4.415929203539823,4.845123169659603,6,424.0,0.32182243127109045,24,726.0,0.2697970370988599,20,496.0,0.3011705673152449,50,1646.0
3120.0,62,787.0,6.61344537815126,4.862849896605028,14,471.0,0.26831501477809105,24,842.0,0.3130264752141556,24,609.0,0.23779441451851527,62,1922.0
3125.0,68,1111.0,9.336134453781513,4.563857975732708,20,555.0,0.22798729893045558,24,960.0,0.3224602982505306,24,729.0,0.2134579268036011,68,2244.0
3130.0,72,1466.0,12.52991452991453,4.495167248199918,24,670.0,0.24703269399180336,24,1080.0,0.29301002066780435,24,849.0,0.2205829669274756,72,2599.0
3135.0,72,1826.0,15.878260869565217,4.403044988718809,24,790.0,0.271637989362265,24,1200.0,0.22004612891352957,24,969.0,0.214817821327396,72,2959.0
3140.0,66,1950.0,17.256637168141594,4.120473198660031,24,910.0,0.2705717485055377,24,1320.0,0.2399832271631521,18,935.0,0.20703881406143118,66,3165.0
3145.0,56,1611.0,14.256637168141593,4.251618073480403,24,1030.0,0.27199172507024494,19,1251.0,0.175530697166198,13,763.0,0.22403648517326313,56,3044.0
3150.0,41,1107.0,10.063636363636364,4.875717555350253,25,1150.0,0.21159027498154256,11,978.0,0.30185189897255243,5,741.0,0.2954969259706255,41,2869.0
3155.0,28,651.0,6.2,4.64329343852018,19,1089.0,0.17403768393255697,2,926.0,0.3337954250263665,7,755.0,0.28302459807327873,28,2770.0
3160.0,33,358.0,3.2545454545454544,4.5093848647609365,13,887.0,0.2856515652425518,9,947.0,0.240440824483917,11,681.0,0.22250296068710274,33,2515.0
3165.0,31,134.0,1.1964285714285714,4.9937113005237155,6,852.0,0.3304958668220436,14,999.0,0.14142313779756713,11,507.0,0.3063839027893052,31,2358.0
3170.0,28,131.0,1.2476190476190476,4.43967815147235,9,864.0,0.2747886207096689,15,924.0,0.1457494342014283,4,468.0,0.3401824161774042,28,2256.0
3175.0,36,189.0,1.766355140186916,4.711446521995761,15,911.0,0.23823906389254393,11,693.0,0.32083640437825156,10,469.0,0.2307236342104179,36,2073.0
3180.0,37,187.0,1.626086956521739,4.729393417291177,18,838.0,0.17461435463875552,3,706.0,0.4076591556136487,16,514.0,0.1940585065324643,37,2058.0
3185.0,44,287.0,2.517543859649123,5.199049933471121,14,634.0,0.2652468571205655,9,732.0,0.35106999794135346,21,607.0,0.24348383616871944,44,1973.0
3190.0,46,407.0,3.601769911504425,4.624259308806717,6,589.0,0.29264124639404526,16,792.0,0.2402374862792328,24,725.0,0.26733850923784835,46,2106.0
3195.0,55,648.0,5.734513274336283,4.703752422702487,8,594.0,0.30429668119944714,23,893.0,0.22052251188541364,24,843.0,0.2523496370193285,55,2330.0
3200.0,60,829.0,7.146551724137931,4.634443900999692,17,648.0,0.2544826825429002,19,818.0,0.2618729064630386,24,963.0,0.20041833329520264,60,2429.0
3205.0,53,760.0,6.608695652173913,4.785479456658478,22,747.0,0.23361269877918056,12,580.0,0.34281395666788195,19,904.0,0.15381391678284578,53,2231.0
3210.0,42,553.0,5.12037037037037,4.270789263177992,25,865.0,0.14978212211157693,5,607.0,0.2613769664050583,12,688.0,0.2059775288014137,42,2160.0
3215.0,31,328.0,3.0654205607476634,4.37564897007538,20,817.0,0.1565570092017268,8,629.0,0.19126378228950194,3,637.0,0.3204771967280194,31,2083.0
3220.0,37,306.0,2.7818181818181817,5.027387990273732,13,601.0,0.3050211002161852,15,678.0,0.1858605360546051,9,652.0,0.33679542266490997,37,1931.0
3225.0,41,300.0,2.7027027027027026,5.1921594919358744,4,627.0,0.3986810534508306,22,773.0,0.18157920901494887,15,713.0,0.3033090193921515,41,2113.0
3230.0,49,421.0,3.8981481481481484,4.365287185053339,10,643.0,0.2835508001778042,18,705.0,0.25833188204298735,21,810.0,0.21337776599778158,49,2158.0
3235.0,51,525.0,4.6875,4.91590120639915,17,701.0,0.19348463692654452,10,474.0,0.3458362193043568,24,927.0,0.18764655325897128,51,2102.0
3240.0,43,480.0,4.324324324324325,4.485397921842035,22,797.0,0.13467464105457252,2,451.0,0.3464848378167587,19,856.0,0.13572350040387865,43,2104.0
3245.0,40,375.0,3.5377358490566038,4.759552269949931,19,733.0,0.2468759412651606,9,475.0,0.2667034288759113,12,621.0,0.20205115483944577,40,1829.0
3250.0,30,200.0,1.9047619047619047,5.282258232737419,10,535.0,0.35041253371825876,16,532.0,0.16893314058532335,4,643.0,0.3380358486539622,30,1710.0
3255.0,32,220.0,2.1359223300970873,4.974501850792262,3,506.0,0.3571369703174285,21,628.0,0.12965965187132483,8,654.0,0.35239606320340794,32,1788.0
3260.0,39,302.0,2.9038461538461537,4.794308987016507,7,529.0,0.2988818598589719,18,620.0,0.27469336185784765,14,707.0,0.26269134614581524,39,1856.0
3265.0,43,355.0,3.256880733944954,5.02990343783618,15,585.0,0.17567094639705377,8,470.0,0.3907744571702031,20,795.0,0.2044769313620908,43,1850.0
3270.0,45,468.0,4.333333333333333,5.185054191028399,21,677.0,0.17198453616968817,1,394.0,0.4358377622395996,23,905.0,0.12914537478050758,45,1976.0
3275.0,49,576.0,5.538461538461538,4.667036171049877,24,795.0,0.23378936943686696,7,415.0,0.3515852455499786,18,856.0,0.13830227063329137,49,2066.0
3280.0,48,618.0,6.0,4.670805344989037,25,915.0,0.239542326508995,14,468.0,0.26266021841757375,9,568.0,0.2807919526944587,48,1951.0
3285.0,44,702.0,7.163265306122449,4.066462537017,24,1035.0,0.2536031010452114,19,553.0,0.15539989647379265,1,515.0,0.3240635376782197,44,2103.0
3290.0,59,958.0,9.876288659793815,3.3991940375632854,25,1155.0,0.18539008568556498,24,667.0,0.20854166179273417,10,536.0,0.26796045311009725,59,2358.0
3295.0,61,1249.0,12.366336633663366,3.8341703569404726,24,1275.0,0.1831874116949692,24,787.0,0.1895967291568484,13,587.0,0.31052388188880875,61,2649.0
3300.0,61,1304.0,12.30188679245283,3.6048351646782884,20,1209.0,0.15090034461499782,24,907.0,0.16380506476099427,17,668.0,0.2911439183833637,61,2784.0
3305.0,58,1197.0,11.186915887850468,4.078737531299315,12,957.0,0.23238270000878938,24,1025.0,0.10674603657902747,22,764.0,0.2812265253579608,58,2746.0
3310.0,43,889.0,8.548076923076923,4.117065178364782,4,904.0,0.2610390088972216,18,973.0,0.1280262239482001,21,869.0,0.2521406384972314,43,2746.0
3315.0,40,738.0,7.165048543689321,4.545331754493642,8,919.0,0.24126631554118935,11,768.0,0.24577824176123442,21,974.0,0.21399153306908336,40,2661.0
3320.0,32,449.0,4.276190476190476,4.767362418958216,14,960.0,0.2272718859776065,2,669.0,0.38584867974614906,16,868.0,0.18043023923630347,32,2497.0
3325.0,35,323.0,3.105769230769231,4.890348211488764,20,1050.0,0.22706073135589513,6,680.0,0.3802820909997904,9,647.0,0.2229558868429864,35,2377.0
3330.0,41,361.0,3.4380952380952383,4.494977067277516,25,1165.0,0.220252205481562,14,725.0,0.26427664143667784,2,592.0,0.24738728280011502,41,2482.0
3335.0,53,593.0,5.757281553398058,3.8441102866595886,24,1285.0,0.2506683340693635,20,814.0,0.23518464421371874,9,608.0,0.2638257746326563,53,2707.0
3340.0,58,827.0,7.80188679245283,3.9478043827854683,24,1403.0,0.2508934317692458,24,926.0,0.21656149304273173,10,522.0,0.3067090375764147,58,2851.0
3345.0,55,1054.0,9.669724770642201,4.468494118766203,25,1523.0,0.2181666057773955,24,1046.0,0.19448821823826934,6,327.0,0.38389671251352103,55,2896.0
3350.0,47,1116.0,10.333333333333334,3.7749468731786013,24,1643.0,0.18868855412824836,19,989.0,0.12650263432485762,4,340.0,0.3359662781635939,47,2972.0
3355.0,43,845.0,7.544642857142857,4.287466270045924,19,1520.0,0.1869325817365318,13,779.0,0.22754970014425321,11,362.0,0.22273884559392085,43,2661.0
3360.0,31,421.0,3.827272727272727,5.247078073599546,13,1171.0,0.22278944382198018,4,722.0,0.3309195472427547,14,421.0,0.24451061779067929,31,2314.0
3365.0,30,230.0,2.1904761904761907,5.5619140701038186,2,1006.0,0.3386698850215971,10,738.0,0.3219938188805855,18,507.0,0.2642339945594643,30,2251.0
3370.0,38,395.0,3.798076923076923,5.238053530875817,6,1013.0,0.3264682327825493,15,791.0,0.3132761891019027,17,592.0,0.29915579733543524,38,2396.0
3375.0,53,631.0,5.897196261682243,4.681580042061579,14,1065.0,0.28117104975571533,21,880.0,0.27986424497646734,18,678.0,0.23974368463630003,53,2623.0
3380.0,65,928.0,8.592592592592593,4.1936048669257975,22,1152.0,0.26122079986884883,24,995.0,0.3014838176138493,19,771.0,0.18559392160007548,65,2918.0
3385.0,68,1257.0,11.74766355140187,4.274868469582697,24,1266.0,0.2790555985198146,24,1115.0,0.3094337472598558,20,866.0,0.12122629708014107,68,3247.0
3390.0,63,1346.0,12.57943925233645,4.189806869538512,25,1386.0,0.2530476997050439,24,1235.0,0.24990467467730876,14,767.0,0.23984177085718525,63,3388.0
3395.0,53,1267.0,11.623853211009175,5.180641320911686,24,1506.0,0.2684691408967104,24,1355.0,0.16537118748990548,5,516.0,0.3958156853330884,53,3377.0
3400.0,46,1194.0,11.592233009708737,4.755286953371478,24,1626.0,0.2480500567863575,19,1260.0,0.11033953911572685,3,481.0,0.4055954602682292,46,3367.0
3405.0,45,1057.0,10.896907216494846,4.587018213076444,24,1746.0,0.17800207134577864,12,960.0,0.27205044618155405,9,508.0,0.2726901693430122,45,3214.0
3410.0,40,730.0,7.525773195876289,4.516004090045674,20,1604.0,0.1492485262567825,6,895.0,0.3342705754973191,14,565.0,0.21717460161669552,40,3064.0
3415.0,29,413.0,4.302083333333333,4.838417143321121,12,1191.0,0.20045190613542155,8,914.0,0.27302669030809235,9,491.0,0.3007802000156493,29,2596.0
3420.0,24,121.0,1.2736842105263158,5.339938984128048,3,1091.0,0.2774877276666457,16,957.0,0.1565271421934052,5,293.0,0.4177712730642984,24,2341.0
3425.0,33,232.0,2.577777777777778,4.866068621789031,9,1102.0,0.3183736949187801,20,1049.0,0.08204078123828978,4,305.0,0.44730103374556796,33,2456.0
3430.0,39,310.0,3.4065934065934065,4.592614025650346,15,1164.0,0.22725985634281548,16,926.0,0.22965563447706244,8,324.0,0.384252198778672,39,2414.0
3435.0,38,348.0,3.625,5.740211372967631,21,1259.0,0.19333718915041695,7,672.0,0.4254867921763111,10,367.0,0.35061061826355666,38,2298.0
3440.0,38,451.0,4.849462365591398,5.407962210768916,25,1376.0,0.15089098028367184,3,684.0,0.4304674146517385,10,417.0,0.36041745904948685,38,2477.0
3445.0,47,662.0,6.968421052631579,4.87573037323394,24,1496.0,0.15540001957826421,11,718.0,0.3177856566812525,12,472.0,0.3337120267509678,47,2686.0
3450.0,44,673.0,7.08421052631579,4.061562064420755,20,1316.0,0.17624308469148287,11,614.0,0.20422559819743222,13,536.0,0.356751542534151,44,2466.0
3455.0,32,537.0,5.652631578947369,5.498637569165567,10,967.0,0.3095901769913448,9,397.0,0.2701400141088695,13,601.0,0.3127070770565379,32,1965.0
3460.0,14,191.0,2.1704545454545454,4.970156482301134,3,987.0,0.2779902325006716,3,307.0,0.3021010842919386,8,494.0,0.19508716728654477,14,1788.0
3465.0,23,79.0,0.9186046511627907,4.868519739479052,10,1015.0,0.2702057390529329,8,319.0,0.2366724702687749,5,276.0,0.3666317807841865,23,1610.0
3470.0,27,133.0,1.4456521739130435,4.827356637126493,16,1077.0,0.21383171992129743,8,238.0,0.2466100122573249,3,285.0,0.3691197359306188,27,1600.0
3475.0,32,167.0,1.835164835164835,5.120465299939052,17,925.0,0.23078373716934852,7,140.0,0.31919077332226464,8,296.0,0.3651213602129323,32,1361.0
3480.0,28,177.0,1.9666666666666666,5.45886185158451,11,649.0,0.23059257620320214,7,158.0,0.3554761917033131,10,339.0,0.3386864393304031,28,1146.0
3485.0,18,77.0,0.8369565217391305,5.308142900525616,5,597.0,0.2931862119264337,10,169.0,0.28413130815747023,3,245.0,0.428693794353913,18,1011.0
3490.0,24,133.0,1.4615384615384615,6.0259835884795825,10,615.0,0.3368753120695029,11,198.0,0.22484956899481767,3,68.0,0.5782336246256592,24,881.0
3495.0,27,163.0,1.7912087912087913,5.535578484116752,15,676.0,0.29932322553254903,9,181.0,0.3303862718234865,3,59.0,0.39976957553530784,27,916.0
3500.0,33,251.0,2.7888888888888888,5.726327720757895,21,769.0,0.21250512295883542,6,118.0,0.4328945529826376,6,63.0,0.35048826193073956,33,950.0
3505.0,29,244.0,2.772727272727273,5.693926089235727,20,692.0,0.16691059148914306,5,117.0,0.40166001424789616,4,83.0,0.4506046447679939,29,892.0
3510.0,23,190.0,2.2093023255813953,6.110533992975561,13,490.0,0.26804759162583014,6,127.0,0.3517801694757827,4,103.0,0.5163929897381907,23,720.0
3515.0,17,67.0,0.7613636363636364,5.566558548757199,5,520.0,0.32172628908786427,8,153.0,0.2617278457963765,4,58.0,0.4798600572117759,17,731.0
3520.0,27,158.0,1.7954545454545454,6.187766244244586,13,541.0,0.3495784329697684,11,197.0,0.30000533932911994,3,17.0,0.5861582142780459,27,755.0
3525.0,32,216.0,2.4,5.099299519312679,17,610.0,0.269733821915443,10,195.0,0.32092478479128983,5,31.0,0.4027873423094449,32,836.0
3530.0,34,298.0,3.2747252747252746,5.698105291046813,22,710.0,0.2151604980378115,9,184.0,0.3956618998975955,3,33.0,0.43293522489838027,34,927.0
3535.0,30,389.0,4.370786516853933,6.0156013331400295,24,829.0,0.16494845069009761,3,205.0,0.4072051831605741,3,42.0,0.5544062332009104,30,1076.0
3540.0,32,527.0,6.057471264367816,6.019021743991383,24,951.0,0.15392723641670208,5,207.0,0.46637975582224345,3,57.0,0.5691868114800033,32,1215.0
3545.0,32,512.0,5.818181818181818,6.084920410159532,19,898.0,0.25343045814126686,9,225.0,0.40448453032318576,4,74.0,0.6305241281672591,32,1197.0
3550.0,23,366.0,4.409638554216867,6.704559553504605,9,674.0,0.3640203353627194,10,270.0,0.3531545320328296,4,94.0,0.6508143678739929,23,1038.0
3555.0,21,267.0,3.3797468354430378,6.194101002942547,3,693.0,0.3794246484034001,12,328.0,0.34631625045815195,6,114.0,0.48136363972751706,21,1135.0
3560.0,27,379.0,4.621951219512195,6.024087486759041,11,722.0,0.346847192531113,12,390.0,0.33249538344925555,4,134.0,0.5585577439691476,27,1246.0
3565.0,29,375.0,4.261363636363637,5.98227707103668,17,785.0,0.2768717819448045,12,450.0,0.38832840642378486,0,65.0,0.6047681308281098,29,1300.0
3570.0,37,543.0,6.101123595505618,5.748331066300503,22,883.0,0.2714594688016992,13,512.0,0.27558909119921887,2,8.0,0.5306745455536468,37,1403.0
3575.0,36,598.0,6.795454545454546,5.510213632419746,24,1003.0,0.25886748983922264,9,499.0,0.33991840437166987,3,16.0,0.3500588015952703,36,1518.0
3580.0,31,570.0,6.951219512195122,5.652701502107945,24,1123.0,0.19867051668606497,6,409.0,0.3532725186211114,1,14.0,0.49784427977562307,31,1546.0
3585.0,28,570.0,7.125,6.1788872999532,24,1243.0,0.15397079366005303,2,357.0,0.4240069414831723,2,11.0,0.610239102484521,28,1611.0
3590.0,29,691.0,8.746835443037975,6.3029344881165965,24,1365.0,0.13754111544817296,5,367.0,0.46194436445217096,0,2.0,0.6640959977950903,29,1734.0
3595.0,26,602.0,7.620253164556962,6.170163568764826,19,1290.0,0.1805979361509308,6,394.0,0.3820309305777413,1,5.0,0.6906483641103477,26,1689.0
3600.0,21,352.0,4.571428571428571,6.247609201050294,9,926.0,0.2991032097379055,9,437.0,0.22882856173435823,3,11.0,0.6148287877624659,21,1374.0
