step,system_total_stopped,system_total_waiting_time,system_mean_waiting_time,system_mean_speed,A0_stopped,A0_accumulated_waiting_time,A0_average_speed,B0_stopped,B0_accumulated_waiting_time,B0_average_speed,C0_stopped,C0_accumulated_waiting_time,C0_average_speed,agents_total_stopped,agents_total_accumulated_waiting_time
0.0,0,0.0,0.0,0.0,0,0.0,1.0,0,0.0,1.0,0,0.0,1.0,0,0.0
5.0,0,0.0,0.0,7.533301102424351,0,0.0,0.5246554134234885,0,0.0,0.6462230237423033,0,0.0,0.5723849573567268,0,0.0
10.0,1,0.0,0.0,10.552521511046672,1,0.0,0.7327478139874213,0,0.0,0.9634215202506141,0,0.0,0.7999851902626655,1,0.0
15.0,0,0.0,0.0,8.92165655203808,0,0.0,0.6056090551328054,0,0.0,0.24334571615367315,0,0.0,0.5373523008001836,0,0.0
20.0,0,0.0,0.0,10.826551232253063,0,0.0,0.7978982109323876,0,0.0,0.9775840809196917,0,0.0,0.7016578289285941,0,0.0
25.0,9,1.0,0.038461538461538464,5.83797208932361,3,0.0,0.43150530412657545,2,0.0,0.48277932879478536,4,1.0,0.278312140607413,9,1.0
30.0,3,12.0,0.4444444444444444,9.433669097459003,1,1.0,0.6647622259718627,0,1.0,0.8613453094870442,2,11.0,0.560692744625625,3,13.0
35.0,2,7.0,0.25,8.94299592807511,2,7.0,0.44630060308692987,0,1.0,0.7861891940642565,0,0.0,0.6698013222991508,2,8.0
40.0,4,7.0,0.2,7.910831928383435,2,8.0,0.3690228576696217,2,6.0,0.5673919839464816,0,0.0,0.5874200182090906,4,14.0
45.0,3,20.0,0.625,8.951497308353256,0,2.0,0.5950188762973775,2,17.0,0.6666815686858129,1,5.0,0.6618872566632032,3,24.0
50.0,6,29.0,0.725,6.57151402307386,1,1.0,0.5173357662191691,3,28.0,0.4436573222969626,2,5.0,0.44808505793781994,6,34.0
55.0,4,12.0,0.27906976744186046,8.739914579181299,1,0.0,0.617566581051781,0,11.0,0.7249314082519253,3,12.0,0.5968524680210014,4,23.0
60.0,8,38.0,0.8636363636363636,8.209017073058336,4,11.0,0.37460894256513344,2,9.0,0.6170515245132673,2,22.0,0.44523616738205196,8,42.0
65.0,9,31.0,0.6458333333333334,6.044408515331397,3,22.0,0.2866240401328807,4,23.0,0.4192395163500563,2,8.0,0.4376116022815058,9,53.0
70.0,7,28.0,0.6222222222222222,7.544462176299116,2,16.0,0.4464278753084921,3,31.0,0.49808298166310677,2,14.0,0.5103722834319679,7,61.0
75.0,2,5.0,0.1,7.710781211473781,2,22.0,0.42259931103766574,0,18.0,0.4457597856704233,0,11.0,0.6158778094477051,2,51.0
80.0,5,25.0,0.5,8.224696024634513,5,42.0,0.4530653513311206,0,14.0,0.6210578863669307,0,2.0,0.7675297184274842,5,58.0
85.0,19,70.0,1.2962962962962963,6.06701298913523,11,78.0,0.26042592724383373,5,23.0,0.28202821942732725,3,2.0,0.5856775764089913,19,103.0
90.0,17,127.0,2.3962264150943398,5.301166021744419,13,131.0,0.15046775626524234,2,27.0,0.48971674762651296,2,8.0,0.49177718381376845,17,166.0
95.0,20,144.0,2.938775510204082,4.7278785334715225,14,175.0,0.1957355108423019,0,8.0,0.43751172824376844,6,31.0,0.37368272977144384,20,214.0
100.0,20,149.0,2.6607142857142856,5.703545433832498,11,180.0,0.270880066901331,2,9.0,0.5067775478226119,7,62.0,0.4446075496696495,20,251.0
105.0,18,157.0,2.754385964912281,6.197097687061615,9,191.0,0.2951712160836809,0,2.0,0.9175427502757424,9,101.0,0.402950768551744,18,294.0
110.0,16,77.0,1.1846153846153846,4.980895432242826,9,235.0,0.14202585431175527,0,2.0,0.644650356853309,7,98.0,0.19894149891593577,16,335.0
115.0,18,85.0,1.4166666666666667,5.2313674863852295,14,294.0,0.12731461065655486,1,7.0,0.5793895228086656,3,40.0,0.39196630021986983,18,341.0
120.0,19,138.0,2.5090909090909093,4.7064037102158265,15,363.0,0.07247018424246866,3,19.0,0.4778846069355842,1,27.0,0.35608297173355274,19,409.0
125.0,19,120.0,1.935483870967742,5.1090061060763405,11,370.0,0.16264862911528155,1,19.0,0.5655491021105993,7,48.0,0.25304736221995394,19,437.0
130.0,18,120.0,2.1052631578947367,5.865326844129591,9,324.0,0.20706987767526833,0,7.0,0.8025558214861965,9,93.0,0.3942236341757962,18,424.0
135.0,11,69.0,1.0952380952380953,5.584096649334972,6,316.0,0.23395487177741217,1,4.0,0.5593063321004165,4,92.0,0.4022866764966945,11,412.0
140.0,9,36.0,0.5901639344262295,6.8388260222323245,9,356.0,0.22767551806946804,0,4.0,0.8925128413216848,0,40.0,0.5482574696974628,9,400.0
145.0,19,36.0,0.5538461538461539,5.602955799557487,12,365.0,0.1657068135519236,3,7.0,0.4857329012630876,4,1.0,0.3948011733356877,19,373.0
150.0,8,24.0,0.39344262295081966,6.730374831308641,4,333.0,0.21389773130229814,1,10.0,0.6952569308135161,3,6.0,0.4455361794174124,8,349.0
155.0,7,46.0,0.7796610169491526,7.685784274818364,3,254.0,0.24978351348769845,0,4.0,0.7610077462085953,4,26.0,0.4868664985776691,7,284.0
160.0,7,53.0,0.8548387096774194,6.797875900973915,0,237.0,0.35210576779599695,2,6.0,0.6143779461889846,5,49.0,0.413874003907378,7,292.0
165.0,11,90.0,1.4754098360655739,6.531293107189462,4,247.0,0.3349208026200325,0,0.0,0.6827842223544088,7,80.0,0.43558680315784093,11,327.0
170.0,16,61.0,0.9838709677419355,3.837585141297501,10,276.0,0.18115789473564167,3,8.0,0.05556924906487833,3,70.0,0.2203206421302835,16,354.0
175.0,18,112.0,1.8983050847457628,4.52321597224589,13,330.0,0.14273324922349712,2,19.0,0.4883222813016554,3,28.0,0.41050711310146343,18,377.0
180.0,16,98.0,1.6896551724137931,4.322412342895011,13,350.0,0.12911735489167978,0,10.0,0.5239026956650641,3,21.0,0.41252503936636237,16,381.0
185.0,19,101.0,1.507462686567164,5.768701986604791,9,298.0,0.19080203675919033,2,11.0,0.6204510632874547,8,51.0,0.4427424040511214,19,360.0
190.0,19,120.0,1.8181818181818181,5.583198806070883,10,285.0,0.1792010841115784,0,2.0,0.8116578131059309,9,94.0,0.3641100961141526,19,381.0
195.0,21,103.0,1.4714285714285715,4.747045367786755,13,343.0,0.11644978852561455,0,2.0,0.4909254388080839,8,103.0,0.1801199020750628,21,448.0
200.0,18,105.0,1.640625,5.350953076930354,15,412.0,0.1363651972189818,0,2.0,0.5843628717276219,3,68.0,0.41333615892464165,18,482.0
205.0,18,59.0,0.9076923076923077,5.1522178498152,11,407.0,0.1566078278334597,2,2.0,0.5390863982705387,5,32.0,0.4548325670329442,18,441.0
210.0,9,38.0,0.5757575757575758,6.717159594468767,7,335.0,0.24295430008926444,1,6.0,0.723018315818554,1,25.0,0.5477182527631237,9,366.0
215.0,16,72.0,1.0746268656716418,6.3919001551999255,7,264.0,0.22588239521968656,3,17.0,0.5829634168768599,6,40.0,0.2614966984858988,16,321.0
220.0,19,114.0,1.7014925373134329,5.31069863640219,8,246.0,0.28165371390756033,1,11.0,0.5076226753336666,10,80.0,0.16068398329078765,19,337.0
225.0,16,121.0,2.0166666666666666,5.750538975505646,6,215.0,0.3473568982011894,0,3.0,0.7167401480209002,10,132.0,0.3285041695473604,16,350.0
230.0,13,90.0,1.3432835820895523,5.270892870884457,6,230.0,0.28851054949565474,1,7.0,0.306671251131002,6,135.0,0.31651677184523486,13,372.0
235.0,14,55.0,0.8208955223880597,5.896368277321998,5,222.0,0.334011998344692,6,32.0,0.3228686323960757,3,81.0,0.39142117103721674,14,335.0
240.0,15,97.0,1.564516129032258,6.2561215498375145,3,175.0,0.28488141962618424,9,76.0,0.3974389718858107,3,37.0,0.4037237266387428,15,288.0
245.0,10,76.0,1.0857142857142856,6.9827249313476125,3,169.0,0.22478887600841746,3,80.0,0.5620189923991974,4,42.0,0.4861949128479201,10,291.0
250.0,10,91.0,1.3582089552238805,7.225366167468952,6,195.0,0.3127908405528135,0,34.0,0.5757534664160614,4,64.0,0.46741448460751284,10,293.0
255.0,17,163.0,2.3970588235294117,5.962647031528646,9,235.0,0.27659652994361617,2,7.0,0.4128893104393395,6,91.0,0.4475980401681893,17,333.0
260.0,10,61.0,0.953125,6.9109581817534345,8,228.0,0.34481392992516224,2,15.0,0.6897703062070888,0,54.0,0.6760991660973811,10,297.0
265.0,15,53.0,0.7681159420289855,6.149565593466609,7,150.0,0.29694694255725507,5,28.0,0.41294311943316925,3,4.0,0.5287974804277813,15,182.0
270.0,9,28.0,0.4057971014492754,6.835062167725412,7,122.0,0.33780965840546606,0,9.0,0.690013456081933,2,7.0,0.4599773121345113,9,138.0
275.0,9,24.0,0.35294117647058826,6.5648593263909865,7,144.0,0.26547765144120133,0,4.0,0.7706643538334985,2,9.0,0.3399259166854317,9,157.0
280.0,19,74.0,1.0571428571428572,5.648870458342682,13,191.0,0.125994141078886,3,11.0,0.4635215636849701,3,19.0,0.452116468833969,19,221.0
285.0,16,93.0,1.453125,5.828870311598955,8,198.0,0.190639565654069,5,29.0,0.38736498477777664,3,34.0,0.5773083899027663,16,261.0
290.0,15,69.0,1.0454545454545454,5.034670484182946,4,147.0,0.1970041255795092,9,66.0,0.2613152885998039,2,16.0,0.33555330945087947,15,229.0
295.0,12,59.0,0.8676470588235294,6.726626309453434,5,104.0,0.264160909902956,3,66.0,0.4664114541024824,4,14.0,0.4011538773242722,12,184.0
300.0,7,59.0,0.9365079365079365,6.828670067360484,2,93.0,0.2924123275910071,0,33.0,0.5064036126454281,5,38.0,0.38519109523438755,7,164.0
305.0,5,21.0,0.3230769230769231,6.617345292070726,1,68.0,0.4027799429157081,2,12.0,0.4180729179970345,2,31.0,0.5199734246772582,5,111.0
310.0,6,13.0,0.19402985074626866,7.354789543853029,3,72.0,0.3749166721712252,3,6.0,0.46123929777941,0,13.0,0.7166155957789445,6,91.0
315.0,9,26.0,0.38235294117647056,7.161266953339936,5,75.0,0.29134131746099773,3,17.0,0.4970287562030589,1,1.0,0.5992755050693447,9,93.0
320.0,9,21.0,0.3,6.6578577034512945,2,64.0,0.29486343964251,5,28.0,0.480349683690729,2,3.0,0.44045267367234064,9,95.0
325.0,18,48.0,0.6575342465753424,5.816888779188286,4,53.0,0.31578642006850915,5,35.0,0.4139926848307411,9,26.0,0.29223602994640074,18,114.0
330.0,8,31.0,0.40789473684210525,6.346566371052526,4,39.0,0.3805569229133494,3,38.0,0.387911313478506,1,32.0,0.5813998162286964,8,109.0
335.0,11,55.0,0.7236842105263158,6.520006286556129,4,38.0,0.388970410996647,7,42.0,0.3494227310721624,0,8.0,0.611279317348324,11,88.0
340.0,10,24.0,0.3076923076923077,5.028643725236806,1,19.0,0.29775443467143786,6,56.0,0.29406717815067185,3,15.0,0.3487640896247364,10,90.0
345.0,24,85.0,1.0759493670886076,5.423065650887958,8,30.0,0.4047544818872623,11,56.0,0.20779896697927086,5,38.0,0.45466803626696367,24,124.0
350.0,23,154.0,1.8780487804878048,4.4820329326075115,10,74.0,0.2840389650627695,6,78.0,0.20518639166725705,7,72.0,0.3762112293435701,23,224.0
355.0,25,171.0,2.0602409638554215,4.437180800180465,7,98.0,0.2983603699610444,8,76.0,0.21466170711375504,10,110.0,0.3139373483680629,25,284.0
360.0,19,97.0,1.1829268292682926,3.722468235493152,6,80.0,0.233414403939727,8,99.0,0.2141229126571321,5,105.0,0.22095375395226727,19,284.0
365.0,23,89.0,1.0113636363636365,5.171399288210182,6,78.0,0.31486658198125245,14,119.0,0.2353746853624676,3,53.0,0.4449360094412123,23,250.0
370.0,26,147.0,1.5638297872340425,5.718857420983714,5,79.0,0.3307311722274531,19,177.0,0.22241489433692183,2,43.0,0.6194468055774379,26,299.0
375.0,31,237.0,2.393939393939394,4.882253029640697,3,78.0,0.3285476952217337,23,262.0,0.17617792565337137,5,60.0,0.4061513382959112,31,400.0
380.0,40,412.0,4.43010752688172,4.540163954683734,5,95.0,0.3629605775787825,24,368.0,0.16851371068763932,11,101.0,0.32128420218669423,40,564.0
385.0,46,551.0,5.989130434782608,3.3442404478454084,11,132.0,0.2747297502747894,24,480.0,0.1716702206128827,11,106.0,0.20455570427913594,46,718.0
390.0,33,449.0,4.880434782608695,3.9753606801320664,8,143.0,0.29167785296743576,19,516.0,0.1907208712274379,6,87.0,0.27155893181954177,33,746.0
395.0,20,222.0,2.3870967741935485,4.412446003284408,4,117.0,0.2645670541266547,11,460.0,0.2550072374652139,5,100.0,0.19871373139831147,20,677.0
400.0,22,76.0,0.7835051546391752,4.833377600941213,7,93.0,0.22002171059688108,5,491.0,0.3095233824634823,10,139.0,0.16080005387001453,22,723.0
405.0,24,127.0,1.351063829787234,4.179847186083874,4,102.0,0.2770005093060633,8,511.0,0.2288706443715172,12,192.0,0.24408957250842606,24,805.0
410.0,34,216.0,2.16,2.7518386509769317,7,131.0,0.18442451348881064,11,489.0,0.08285725456590243,16,262.0,0.11028379294227045,34,882.0
415.0,42,353.0,3.6391752577319587,3.22022482215661,8,166.0,0.2104588495693367,13,385.0,0.11029407157024221,21,353.0,0.12622227842436856,42,904.0
420.0,40,431.0,4.842696629213483,2.3796026526321086,8,163.0,0.13637761262709724,8,420.0,0.12098135631047292,24,465.0,0.05998191652095695,40,1048.0
425.0,44,561.0,6.032258064516129,2.833815392196709,7,154.0,0.23412445305261398,9,434.0,0.18247654922998122,28,600.0,0.11342682024294984,44,1188.0
430.0,44,539.0,5.5,2.7451219428594738,7,128.0,0.23763781883601207,13,468.0,0.20150911159658372,24,640.0,0.11424817679036699,44,1236.0
435.0,41,360.0,3.3962264150943398,3.180295887233714,6,138.0,0.2234307945592787,16,457.0,0.21264791577335732,19,583.0,0.15043374740306362,41,1178.0
440.0,34,296.0,2.8190476190476192,4.681944271834143,7,167.0,0.20646679597830442,13,361.0,0.2577462714778872,14,473.0,0.21906962138333666,34,1001.0
445.0,34,271.0,2.605769230769231,4.935178740628076,10,211.0,0.11714976410980195,9,333.0,0.26751653678663084,15,420.0,0.25832277397415276,34,964.0
450.0,34,267.0,2.7244897959183674,4.761056330242875,7,215.0,0.26672647420394796,20,406.0,0.20677058880173096,7,362.0,0.37217831534967194,34,983.0
455.0,30,239.0,2.414141414141414,4.468906934486732,5,188.0,0.30603129714446314,22,481.0,0.2047682212007868,3,346.0,0.31749555548331637,30,1015.0
460.0,37,276.0,2.6037735849056602,4.829574981554199,7,154.0,0.28611779809294435,24,570.0,0.20157821724991648,6,353.0,0.34105625870515066,37,1077.0
465.0,45,379.0,3.679611650485437,4.035512464824447,7,177.0,0.3329986742790804,27,624.0,0.13485407401139476,11,396.0,0.2940670385336258,45,1197.0
470.0,47,548.0,5.219047619047619,3.4178573089319424,7,210.0,0.26780485811992266,24,712.0,0.102591181286308,16,461.0,0.17756069936475843,47,1383.0
475.0,49,614.0,6.14,2.872762086800322,9,255.0,0.25040320262817095,20,695.0,0.11037507252635476,20,547.0,0.16908398683203638,49,1497.0
480.0,44,471.0,4.855670103092783,2.6474003780023936,15,316.0,0.0978448999540228,13,589.0,0.13714719955482985,16,558.0,0.13529605528396524,44,1463.0
485.0,41,359.0,3.59,3.233854885075949,21,411.0,0.0944394852245918,6,561.0,0.19857233379455855,14,487.0,0.20786686863654688,41,1459.0
490.0,38,347.0,3.505050505050505,3.820680292169024,18,451.0,0.13517687501274034,10,554.0,0.2588947221185224,10,379.0,0.3464096488494389,38,1384.0
495.0,34,219.0,1.990909090909091,3.8097865846536707,15,421.0,0.13471843641665285,12,521.0,0.29352620810688507,7,396.0,0.22795081794696492,34,1338.0
500.0,35,181.0,1.6306306306306306,4.394304210183424,13,439.0,0.17436313250558666,11,417.0,0.21265333212909227,11,442.0,0.24280957042030177,35,1298.0
505.0,43,261.0,2.4857142857142858,3.7947478661178287,19,518.0,0.06355426002897989,11,285.0,0.15595426982114294,13,496.0,0.18219646344986085,43,1299.0
510.0,45,346.0,3.5670103092783507,2.9467128730954237,17,602.0,0.1161803562628917,11,295.0,0.16590608371822074,17,570.0,0.12346277941032115,45,1467.0
515.0,36,257.0,2.7934782608695654,2.693891152332785,12,604.0,0.1889273262999697,10,277.0,0.10764524601006834,14,571.0,0.21338795370146196,36,1452.0
520.0,27,131.0,1.297029702970297,3.9432897737875994,7,466.0,0.25759949096654583,10,263.0,0.2527895055604213,10,472.0,0.21562981700355469,27,1201.0
525.0,25,126.0,1.1886792452830188,5.144069921236063,7,379.0,0.2870409984082884,8,198.0,0.30642264585648016,10,463.0,0.25014077489688724,25,1040.0
530.0,28,152.0,1.3944954128440368,4.6083252596900515,6,384.0,0.14295933633571575,10,195.0,0.2571905107293218,12,515.0,0.14302111649121382,28,1094.0
535.0,38,253.0,2.480392156862745,4.48257958979762,10,427.0,0.165991737064713,15,249.0,0.17560834746991466,13,575.0,0.18626403309007106,38,1251.0
540.0,41,409.0,4.7011494252873565,3.2284211995048873,7,414.0,0.1414981550105984,19,339.0,0.12407133674910424,15,646.0,0.08682119995455032,41,1399.0
545.0,41,444.0,5.162790697674419,3.0931343598712147,6,341.0,0.23824822771352613,15,352.0,0.16251062742531147,20,736.0,0.09267727774183657,41,1429.0
550.0,35,483.0,5.682352941176471,3.855880461787937,3,251.0,0.33532861963582095,8,286.0,0.2628234644395273,24,853.0,0.15828235732566837,35,1390.0
555.0,38,581.0,6.052083333333333,3.7750731805946782,4,183.0,0.34669555516028594,7,231.0,0.2833520246633418,27,982.0,0.10967665241222231,38,1396.0
560.0,30,432.0,4.32,3.7670442434090234,1,162.0,0.4245166447031426,4,202.0,0.2434775494025825,25,976.0,0.11344233208784132,30,1340.0
565.0,32,288.0,2.7169811320754715,4.492884153752642,6,160.0,0.2551463855818944,4,222.0,0.3493372010043172,22,769.0,0.0912256145003622,32,1151.0
570.0,23,197.0,1.9313725490196079,5.584536783357958,4,147.0,0.26398000492842294,6,247.0,0.4113328159157056,13,637.0,0.2138000696206366,23,1031.0
575.0,17,135.0,1.40625,5.876291974112573,2,103.0,0.2847598890164904,8,244.0,0.3685732270338698,7,515.0,0.33722734858221093,17,862.0
580.0,16,86.0,0.8686868686868687,5.18092075017931,3,72.0,0.31651812190181955,10,252.0,0.2420463080390063,3,439.0,0.3594644313213561,16,763.0
585.0,18,54.0,0.5242718446601942,5.049794422026822,1,47.0,0.37939078651351354,9,288.0,0.23775001754558486,8,462.0,0.29396962660266346,18,797.0
590.0,21,81.0,0.7864077669902912,4.410067727042746,2,55.0,0.23800693984030694,12,320.0,0.16603663240592695,7,422.0,0.20432662508840435,21,797.0
595.0,26,124.0,1.2653061224489797,4.571888480535098,4,46.0,0.2518414142196668,17,385.0,0.22245928915516655,5,321.0,0.24696370069447915,26,752.0
600.0,20,105.0,1.105263157894737,4.056193168882065,3,45.0,0.15166446191631985,15,407.0,0.1654931096407732,2,261.0,0.3266138044825858,20,713.0
605.0,21,104.0,1.0505050505050506,4.371045899013905,1,49.0,0.23645919319208655,14,366.0,0.19889778563550622,6,286.0,0.31721080970546445,21,701.0
610.0,24,96.0,0.9696969696969697,3.724574177666549,5,65.0,0.2463017834438901,14,378.0,0.1652442099193618,5,261.0,0.28950344211951734,24,704.0
615.0,26,99.0,0.9519230769230769,3.6919076083955207,5,70.0,0.16146692116184588,17,427.0,0.2009031852682931,4,164.0,0.22653569193087159,26,661.0
620.0,20,67.0,0.6504854368932039,3.802535672907165,4,88.0,0.15225617728628787,12,432.0,0.2138408092981871,4,157.0,0.300637176449896,20,677.0
625.0,27,86.0,0.8113207547169812,3.494916880816586,7,94.0,0.1428406351761366,10,368.0,0.17130162431557935,10,191.0,0.24447943204041808,27,653.0
630.0,20,67.0,0.6320754716981132,3.0861438913660186,3,113.0,0.2007713801113876,12,403.0,0.13353313562108746,5,177.0,0.268041394185047,20,693.0
635.0,20,74.0,0.6851851851851852,3.833640121951214,5,135.0,0.11254149331026794,13,425.0,0.17836292175759835,2,113.0,0.27237288985115615,20,673.0
640.0,26,159.0,1.5,3.7106653462504413,9,170.0,0.06206263192601763,15,465.0,0.21578339130143004,2,118.0,0.23427387410877296,26,753.0
645.0,42,329.0,3.257425742574257,3.560750366575153,14,228.0,0.09031845659038967,20,540.0,0.20033924255493823,8,146.0,0.239757999833729,42,914.0
650.0,38,294.0,2.910891089108911,2.228330011186195,12,244.0,0.0596550281685682,19,559.0,0.07490817536273231,7,136.0,0.15805375054948317,38,939.0
655.0,37,214.0,2.183673469387755,3.9277263778052833,13,196.0,0.18867308112100123,18,515.0,0.22615326250487508,6,81.0,0.39662147988154717,37,792.0
660.0,27,152.0,1.4901960784313726,4.142887592614881,11,204.0,0.21144588029532882,14,548.0,0.22261300135077458,2,60.0,0.40342992331214833,27,812.0
665.0,34,190.0,1.7592592592592593,4.362519094751722,13,262.0,0.2295556998678681,15,583.0,0.17935414769334918,6,83.0,0.2651327628790854,34,928.0
670.0,35,175.0,1.6826923076923077,3.5577559654892004,9,288.0,0.24091181757883412,16,582.0,0.13553054535589593,10,125.0,0.20428538148897096,35,995.0
675.0,38,240.0,2.3529411764705883,3.2407722255019498,11,326.0,0.20333859169365207,12,509.0,0.12650820588841832,15,192.0,0.21293221024819622,38,1027.0
680.0,34,242.0,2.349514563106796,3.29757057671783,13,386.0,0.23420845281831487,10,549.0,0.13991512656883023,11,214.0,0.2822347395877479,34,1149.0
685.0,37,260.0,2.385321100917431,3.4577441550012384,19,459.0,0.12068720079905401,9,555.0,0.18500993006301353,9,164.0,0.21764784542688326,37,1178.0
690.0,33,211.0,1.990566037735849,3.3282076759846966,15,478.0,0.10055733177889023,12,524.0,0.1828619344282029,6,189.0,0.25956346094434724,33,1191.0
695.0,33,196.0,1.849056603773585,3.5502647805502483,12,438.0,0.17703433426006038,12,449.0,0.14690137159826427,9,226.0,0.2989377763661221,33,1113.0
700.0,33,155.0,1.3963963963963963,2.7756122903699856,12,489.0,0.1812296852332225,13,486.0,0.12126506508461699,8,221.0,0.19175412846254292,33,1196.0
705.0,30,141.0,1.2589285714285714,3.898041263766227,15,562.0,0.17004910660497932,11,498.0,0.16035709359098133,4,162.0,0.3016771282022487,30,1222.0
710.0,29,153.0,1.3660714285714286,3.574071605696846,16,639.0,0.07257011439467677,10,474.0,0.17664379984801218,3,142.0,0.24105085882538926,29,1255.0
715.0,38,227.0,2.121495327102804,3.276836567936599,16,719.0,0.167657572100886,14,410.0,0.13382547858656021,8,172.0,0.3428322538432221,38,1301.0
720.0,42,301.0,2.761467889908257,2.479819039709992,18,804.0,0.11911268109114445,16,463.0,0.09665433925074794,8,171.0,0.22923533974463756,42,1438.0
725.0,40,395.0,3.5267857142857144,2.9890821587622476,22,909.0,0.09102409582971362,14,498.0,0.16148143016824115,4,122.0,0.23583934562827272,40,1529.0
730.0,36,344.0,3.1272727272727274,3.7759594219294605,22,926.0,0.07258840178229813,12,471.0,0.2046109583555662,2,59.0,0.4185581125980373,36,1456.0
735.0,34,268.0,2.392857142857143,4.104500443769311,20,846.0,0.17088453071859988,12,354.0,0.22454201356074083,2,47.0,0.42193586553253304,34,1247.0
740.0,40,304.0,2.6666666666666665,4.348052992420532,17,867.0,0.24408102662131295,15,311.0,0.16700056947301994,8,73.0,0.41534243797844345,40,1251.0
745.0,40,286.0,2.4869565217391303,3.509239056153286,21,954.0,0.17190168867238728,14,344.0,0.1422230759342131,5,69.0,0.27890834760287636,40,1367.0
750.0,35,248.0,2.2752293577981653,3.662032971052569,17,1041.0,0.12223288516759592,15,348.0,0.19329248312641442,3,49.0,0.278873556140833,35,1438.0
755.0,34,290.0,2.8155339805825244,4.355755084794191,19,1133.0,0.08327979720840309,13,334.0,0.24372617673628882,2,32.0,0.41340407620756725,34,1499.0
760.0,35,242.0,2.2830188679245285,3.659787229841811,18,1113.0,0.08884331636515364,16,351.0,0.17581981003382485,1,15.0,0.4084992958801541,35,1479.0
765.0,35,191.0,1.854368932038835,4.165626175062578,12,971.0,0.23628733357483597,18,325.0,0.1561756290407788,5,33.0,0.4350658151314184,35,1329.0
770.0,35,173.0,1.5871559633027523,3.8857535675207915,10,1000.0,0.1829761849031697,19,318.0,0.16615953522880522,6,44.0,0.36564816746642637,35,1362.0
775.0,34,174.0,1.5963302752293578,4.005499884113716,17,1069.0,0.17429818016589485,15,349.0,0.19042963847597125,2,39.0,0.46537880292993256,34,1457.0
780.0,31,147.0,1.3611111111111112,3.955367918763105,14,1043.0,0.11157119011879092,15,320.0,0.20530611560570855,2,29.0,0.36633492064333784,31,1392.0
785.0,17,64.0,0.5925925925925926,4.45186055846746,8,884.0,0.13237178144783934,9,322.0,0.21144073910302447,0,13.0,0.42121640324099185,17,1219.0
790.0,23,64.0,0.6037735849056604,4.416730188404823,6,906.0,0.23363341062898704,13,304.0,0.17835786142762838,4,24.0,0.4513007313937477,23,1234.0
795.0,30,115.0,1.055045871559633,3.6890385797497394,11,945.0,0.1376966665199738,10,294.0,0.12413812901118096,9,57.0,0.36556090141579567,30,1296.0
800.0,34,166.0,1.6116504854368932,3.0045535755978605,16,1013.0,0.10592362373007866,13,275.0,0.13780024204711944,5,64.0,0.2539913855941877,34,1352.0
805.0,47,290.0,2.8155339805825244,3.319409746454385,26,1117.0,0.03339766011513199,16,279.0,0.20797830790926589,5,49.0,0.25226832294790547,47,1445.0
810.0,42,390.0,3.9,4.057972881483263,21,1106.0,0.08811610390736145,19,340.0,0.24554360384422272,2,50.0,0.38166054793717824,42,1496.0
815.0,39,332.0,3.422680412371134,4.117208514072845,15,961.0,0.12327963007723666,19,364.0,0.16032991170118283,5,71.0,0.3049292338583942,39,1396.0
820.0,36,243.0,2.53125,4.2537133471423,12,735.0,0.21537042096320733,14,320.0,0.2385460595060922,10,111.0,0.24676800463914247,36,1166.0
825.0,28,196.0,2.0631578947368423,5.36996571524603,11,617.0,0.34086863201891104,11,243.0,0.3013210568478553,6,117.0,0.4221857850793886,28,977.0
830.0,23,195.0,1.8932038834951457,5.374271670413519,9,646.0,0.29866433819954374,13,217.0,0.3252462812666324,1,66.0,0.42322424550632026,23,929.0
835.0,25,150.0,1.4150943396226414,5.546517532149226,8,690.0,0.26951266158135073,14,228.0,0.28603606936552267,3,25.0,0.4891072768201543,25,943.0
840.0,22,107.0,1.0388349514563107,4.797479260377691,8,642.0,0.1617062752820046,12,209.0,0.21186520306511586,2,20.0,0.48195218716156013,22,871.0
845.0,24,135.0,1.3366336633663367,5.29218130768592,7,500.0,0.21037653348622953,12,197.0,0.24550314152372826,5,37.0,0.4665014081047726,24,734.0
850.0,23,169.0,1.7244897959183674,5.367172540252814,5,513.0,0.17137605440279385,18,244.0,0.3117738872836389,0,13.0,0.46794504264275544,23,770.0
855.0,29,295.0,2.9797979797979797,4.7515380228451,8,541.0,0.11588167465528902,18,310.0,0.16231868297148352,3,12.0,0.21023056665097103,29,863.0
860.0,44,492.0,5.52808988764045,3.900291850403026,15,604.0,0.11371754057799134,23,405.0,0.08832715795624546,6,39.0,0.3739804472907942,44,1048.0
865.0,44,578.0,6.8,2.473678584974251,17,575.0,0.06971355402935564,23,520.0,0.09457463409736445,4,35.0,0.2406148963283955,44,1130.0
870.0,36,654.0,7.694117647058824,4.471484341359987,11,461.0,0.15810567384513247,23,639.0,0.2172750385481921,2,18.0,0.6204109787590086,36,1118.0
875.0,26,511.0,5.873563218390805,5.056535492250095,7,307.0,0.18302172101759537,18,645.0,0.26986774005356423,1,12.0,0.5640606453257488,26,964.0
880.0,22,226.0,2.4301075268817205,4.762311284802623,6,319.0,0.23332248350071397,14,556.0,0.18407177796101534,2,21.0,0.5621538760926057,22,896.0
885.0,22,96.0,1.054945054945055,4.918202187844503,11,358.0,0.26834545611532257,8,520.0,0.2000041384271136,3,32.0,0.5828659533306382,22,910.0
890.0,24,107.0,1.1630434782608696,4.377197953946906,13,421.0,0.17541715798232224,8,547.0,0.231376376550965,3,14.0,0.39228707248207273,24,982.0
895.0,28,178.0,2.0,4.157880424243448,16,488.0,0.1370638753181931,9,500.0,0.22959824347353028,3,15.0,0.49415773407449326,28,1003.0
900.0,27,176.0,2.0229885057471266,3.944068565562738,16,490.0,0.16571943748162588,8,386.0,0.2054097967067302,3,27.0,0.5274078802155018,27,903.0
905.0,26,148.0,1.5257731958762886,4.644453215088017,12,394.0,0.23044735483178883,10,387.0,0.21681639999072183,4,47.0,0.5633734084160531,26,828.0
910.0,21,108.0,1.1020408163265305,5.233579883571137,11,290.0,0.22195961568573705,9,394.0,0.26338034827589296,1,20.0,0.6063839704333149,21,704.0
915.0,27,167.0,1.6534653465346534,5.390297171135755,10,218.0,0.23957362048578235,15,439.0,0.2277198976832548,2,9.0,0.2854763670495731,27,666.0
920.0,25,134.0,1.4408602150537635,4.218998703841445,7,234.0,0.2610788260376303,17,427.0,0.12582261375284126,1,8.0,0.41288699254132827,25,669.0
925.0,34,132.0,1.4193548387096775,4.377671472310541,10,266.0,0.2401668974641999,21,346.0,0.1646941890525515,3,3.0,0.47496052404691363,34,615.0
930.0,26,139.0,1.4946236559139785,5.404206147631647,4,260.0,0.4133790536007811,21,280.0,0.14510014938190952,1,6.0,0.7680656622725555,26,546.0
935.0,23,169.0,1.8369565217391304,6.043355679924767,4,211.0,0.44531335544352246,17,283.0,0.22996221393383326,2,13.0,0.6338806027183824,23,507.0
940.0,21,216.0,2.204081632653061,6.018518319732227,4,158.0,0.4200255243943827,17,306.0,0.2594287077436173,0,5.0,0.5704777682966076,21,469.0
945.0,17,158.0,1.6122448979591837,5.663523963595161,0,157.0,0.44025836020846687,16,338.0,0.2484021954106531,1,0.0,0.5755917547287398,17,495.0
950.0,23,105.0,1.0294117647058822,5.0133149133504755,7,180.0,0.20194055087966134,14,330.0,0.25357774863522264,2,3.0,0.32347059950081414,23,513.0
955.0,21,72.0,0.75,4.286965590695108,7,184.0,0.23863295461218098,9,359.0,0.1507937998948,5,23.0,0.33540165298427765,21,566.0
960.0,19,63.0,0.7,3.9246367904369026,4,143.0,0.2723224323987544,11,356.0,0.16041954071547979,4,34.0,0.38748343855549505,19,533.0
965.0,23,126.0,1.2857142857142858,5.5449596726536505,3,81.0,0.4024110147322343,18,371.0,0.2157372593829702,2,36.0,0.5188837986937984,23,488.0
970.0,26,233.0,2.3069306930693068,6.389466368521606,2,59.0,0.5004738273328783,22,450.0,0.274855494373905,2,29.0,0.5770902454881787,26,538.0
975.0,20,196.0,1.8666666666666667,5.462051145282305,1,29.0,0.445770478909009,18,471.0,0.18850050390822906,1,11.0,0.48392273096460303,20,511.0
980.0,26,149.0,1.49,5.618640664811088,7,45.0,0.32546137053502144,14,416.0,0.19444057699782477,5,28.0,0.41739554797804157,26,489.0
985.0,23,95.0,1.0555555555555556,4.091444887786047,7,50.0,0.17680447874445313,11,306.0,0.17827770381006502,5,37.0,0.1895864184326537,23,393.0
990.0,20,80.0,0.898876404494382,4.931500985189481,5,49.0,0.2506915790117909,11,341.0,0.2956788275271753,4,36.0,0.3206725323411264,20,426.0
995.0,17,89.0,1.0113636363636365,5.9038789664200575,2,40.0,0.40215344726757846,13,346.0,0.273872407559905,2,33.0,0.5287996593519705,17,419.0
1000.0,22,115.0,1.1979166666666667,6.039495861378129,5,42.0,0.4284933811580019,13,329.0,0.2605474415950049,4,40.0,0.5798988627773688,22,411.0
1005.0,12,77.0,0.7857142857142857,6.2084348910732094,1,15.0,0.4766037277951949,7,252.0,0.1795191240925153,4,56.0,0.6352997674605506,12,323.0
1010.0,21,151.0,1.51,5.72387804644228,4,16.0,0.2751899294604834,11,182.0,0.21005019574254843,6,77.0,0.21784511083915858,21,275.0
1015.0,15,65.0,0.7386363636363636,5.51609421953786,4,27.0,0.29849641934673943,10,196.0,0.23646109859963482,1,45.0,0.451290891309983,15,268.0
1020.0,16,66.0,0.8148148148148148,5.577399627358858,1,22.0,0.3763244965458904,13,195.0,0.21975336379115296,2,12.0,0.5942478949320916,16,229.0
1025.0,21,110.0,1.2790697674418605,5.856104958908755,3,22.0,0.4776375399529506,17,207.0,0.16738898874534616,1,6.0,0.6613549561260273,21,235.0
1030.0,21,105.0,1.2352941176470589,5.1455811882833675,5,34.0,0.48490299202267534,14,253.0,0.1616737011374473,2,9.0,0.7152591778394388,21,296.0
1035.0,22,105.0,1.1666666666666667,5.292979334493042,8,62.0,0.36470014468253675,12,264.0,0.19996470425687904,2,15.0,0.5535352469917032,22,341.0
1040.0,18,115.0,1.3529411764705883,5.560336747743495,8,73.0,0.2942207437816681,9,248.0,0.2385851773209355,1,6.0,0.6190484223957481,18,327.0
1045.0,35,240.0,2.727272727272727,5.212369841838734,16,117.0,0.11426102710022756,14,277.0,0.2265846378049105,5,16.0,0.3119037937455993,35,410.0
1050.0,40,420.0,5.25,4.261375789172993,18,199.0,0.13520702776748011,18,345.0,0.14330085983555332,4,33.0,0.38701191889830233,40,577.0
1055.0,38,467.0,6.486111111111111,3.6496919417161564,15,240.0,0.14369647033098243,22,445.0,0.1101442040117431,1,20.0,0.4305967636945355,38,705.0
1060.0,31,368.0,4.972972972972973,4.307196128741512,11,226.0,0.19064192607819763,18,479.0,0.1981300420248624,2,6.0,0.49581610111848895,31,711.0
1065.0,22,242.0,3.142857142857143,5.448060243138469,8,229.0,0.31177438590909884,14,402.0,0.26358130703826016,0,2.0,0.6957374807624681,22,633.0
1070.0,25,176.0,2.046511627906977,5.228458859122533,9,267.0,0.2317494699502501,13,451.0,0.27745311730221056,3,12.0,0.4544351308741035,25,730.0
1075.0,27,160.0,1.9047619047619047,4.846588886808881,9,311.0,0.2505550176668898,14,514.0,0.2143096832918598,4,29.0,0.524770894969402,27,854.0
1080.0,27,184.0,2.3896103896103895,3.806445103496457,12,366.0,0.0819331226679772,14,580.0,0.16062281441288026,1,29.0,0.38337055119020713,27,975.0
1085.0,29,249.0,3.2337662337662336,4.156035401606805,11,383.0,0.12962810446295137,16,656.0,0.14893739687171478,2,14.0,0.502110514356514,29,1053.0
1090.0,27,211.0,2.670886075949367,4.608949261392968,10,353.0,0.16189678919056338,15,643.0,0.2582401806277295,2,17.0,0.5968523923076565,27,1013.0
1095.0,25,168.0,2.0,4.543085154475592,10,340.0,0.1874769513745939,11,500.0,0.26387050469741974,4,34.0,0.45329761595851664,25,874.0
1100.0,28,185.0,2.1264367816091956,4.643055437624421,12,393.0,0.24875032625512153,11,550.0,0.2563589869540971,5,54.0,0.5649663683100227,28,997.0
1105.0,30,142.0,1.5434782608695652,4.187922887161061,12,428.0,0.17860597690574548,15,615.0,0.22148665228285025,3,23.0,0.41816942859396555,30,1066.0
1110.0,28,143.0,1.6436781609195403,4.396339743276076,12,483.0,0.15852550578778807,13,606.0,0.17002445312280012,3,8.0,0.44943952075459837,28,1097.0
1115.0,19,116.0,1.3975903614457832,3.8692605625437535,11,489.0,0.20824734937049766,7,519.0,0.17123659026310992,1,13.0,0.5649493734678513,19,1021.0
1120.0,21,122.0,1.3863636363636365,5.03696079916001,12,494.0,0.2335164627587662,7,407.0,0.330198993307111,2,10.0,0.5903942770523376,21,911.0
1125.0,16,90.0,0.967741935483871,5.265479941021209,9,452.0,0.2930271859334704,5,413.0,0.253997788179059,2,18.0,0.716864715367817,16,883.0
1130.0,21,101.0,0.9901960784313726,4.802691751075658,11,416.0,0.22162244406778858,9,406.0,0.2249517230568013,1,3.0,0.5319340376113135,21,825.0
1135.0,27,173.0,1.7835051546391754,4.900429882252277,10,426.0,0.2065086456779047,14,452.0,0.20228672437973516,3,14.0,0.36994341368217204,27,892.0
1140.0,28,220.0,2.4444444444444446,3.9504350949222764,3,416.0,0.11735036625155537,18,533.0,0.18969262041490192,7,40.0,0.18643686865121897,28,989.0
1145.0,26,191.0,2.1704545454545454,3.732510432438028,5,424.0,0.16204451513362178,18,547.0,0.13546323045891018,3,42.0,0.35461741824787235,26,1013.0
1150.0,24,134.0,1.5402298850574712,4.8474838867970975,7,445.0,0.216969825741075,17,420.0,0.17346326471976825,0,22.0,0.7080162713413441,24,887.0
1155.0,20,97.0,1.1149425287356323,4.7256103947616985,6,419.0,0.1677321267490236,12,472.0,0.26110449834849614,2,5.0,0.5807937776255051,20,896.0
1160.0,18,92.0,1.0,5.133502648016794,4,345.0,0.18751116817234517,14,519.0,0.2516728932296315,0,2.0,0.738451955561733,18,866.0
1165.0,26,122.0,1.297872340425532,4.585109697262118,6,361.0,0.17524606864772846,16,597.0,0.16705439209445797,4,6.0,0.3402375723334407,26,964.0
1170.0,31,231.0,2.625,3.811978996286943,5,368.0,0.11794955624666965,20,690.0,0.0726207284232747,6,30.0,0.266182063409573,31,1088.0
1175.0,26,230.0,2.875,3.2350531398741937,8,402.0,0.08015806500626145,16,676.0,0.11857714952253572,2,36.0,0.33638249238312506,26,1114.0
1180.0,25,189.0,2.2771084337349397,4.256158185745433,12,460.0,0.14697520758063803,11,530.0,0.24062663962954012,2,14.0,0.5074104346081638,25,1004.0
1185.0,30,248.0,2.9523809523809526,5.1222292359982005,17,533.0,0.22283840146684653,11,382.0,0.3250404855804026,2,12.0,0.6613375157353594,30,927.0
1190.0,28,317.0,3.372340425531915,4.523645110224081,20,625.0,0.1682686525475642,5,411.0,0.26747630304894787,3,26.0,0.48737160104186505,28,1062.0
1195.0,42,455.0,4.7894736842105265,3.8436212471041773,27,743.0,0.09503411739910844,9,429.0,0.23925878658009261,6,49.0,0.34142144092446775,42,1221.0
1200.0,54,699.0,7.766666666666667,3.0453846906827216,31,893.0,0.001631239176794825,14,480.0,0.20055110809477503,9,89.0,0.09063414338107999,54,1462.0
1205.0,57,907.0,9.967032967032967,3.1384911049080313,34,1062.0,0.034642948241827176,17,558.0,0.13115762142432777,6,98.0,0.22272988133955046,57,1718.0
1210.0,47,891.0,10.607142857142858,3.6998265173898672,28,1097.0,0.056121190463350616,19,654.0,0.149310005650325,0,52.0,0.5314120753643831,47,1803.0
1215.0,44,848.0,9.74712643678161,4.651421669106782,21,1000.0,0.10269815011321494,21,756.0,0.2879781196681999,2,6.0,0.4659008632975003,44,1762.0
1220.0,41,881.0,10.244186046511627,5.003767465155223,16,846.0,0.20489021436008056,23,858.0,0.25603855797119884,2,14.0,0.5882428856046948,41,1718.0
1225.0,46,904.0,10.044444444444444,3.2796597446923523,14,876.0,0.1187409919848379,27,976.0,0.14581321075824116,5,24.0,0.2007545868268828,46,1876.0
1230.0,42,751.0,8.252747252747254,3.8976718072791834,12,937.0,0.16122093770560988,26,981.0,0.14129097684419106,4,44.0,0.42594133953381896,42,1962.0
1235.0,37,455.0,5.290697674418604,3.4796258249630663,10,992.0,0.2315298280154504,23,846.0,0.14884863793661246,4,66.0,0.4341477958953692,37,1904.0
1240.0,30,334.0,3.7111111111111112,4.102483107345929,12,1047.0,0.26707708539338065,18,648.0,0.16097518309965034,0,33.0,0.5745330208203695,30,1728.0
1245.0,32,347.0,3.6526315789473682,5.070463512940801,16,1119.0,0.28673932336346475,15,589.0,0.22473671651534374,1,7.0,0.7496611310366993,32,1715.0
1250.0,40,439.0,4.434343434343434,4.5256185472623605,21,1206.0,0.17348273767867178,16,464.0,0.24246220928860746,3,17.0,0.5917680261097608,40,1687.0
1255.0,42,505.0,5.05,3.1600019860195583,26,1321.0,0.1297420038433945,15,503.0,0.20484557497451314,1,12.0,0.441019267217843,42,1836.0
1260.0,42,423.0,4.23,3.2896436966204567,26,1310.0,0.04123030864616046,16,514.0,0.18370315979998939,0,0.0,0.5162267515033058,42,1824.0
1265.0,37,377.0,3.6601941747572817,4.777030919068982,24,1193.0,0.10328471615130193,13,509.0,0.30982432241824703,0,0.0,0.48783126711612573,37,1702.0
1270.0,28,287.0,2.87,4.915080007051852,15,1177.0,0.1466437618907109,12,485.0,0.2997478046459165,1,1.0,0.5595212478924317,28,1663.0
1275.0,29,239.0,2.343137254901961,4.295777889057711,15,1255.0,0.16827576940333136,11,383.0,0.14954181748957587,3,13.0,0.3706217483476665,29,1651.0
1280.0,35,264.0,2.693877551020408,4.366595900441968,17,1339.0,0.19382885722502688,15,292.0,0.15422244336633845,3,22.0,0.6293167303056505,35,1653.0
1285.0,36,253.0,2.6082474226804124,3.9001383607010505,16,1298.0,0.16079200473978514,16,300.0,0.24641999954152324,4,12.0,0.5044858621966698,36,1610.0
1290.0,37,311.0,3.11,4.58382146253026,13,1063.0,0.187689594194892,22,362.0,0.2242590784926823,2,8.0,0.5665031884739198,37,1433.0
1295.0,34,299.0,2.9313725490196076,4.60167873635562,10,902.0,0.16155910609360793,19,402.0,0.21951691624034536,5,27.0,0.39573308854165196,34,1331.0
1300.0,25,146.0,1.3904761904761904,4.4492455871139915,10,924.0,0.17243876440746833,11,348.0,0.2562879181588048,4,33.0,0.21750095109286463,25,1305.0
1305.0,15,41.0,0.41836734693877553,4.738114034758559,9,962.0,0.19559581371718227,3,362.0,0.24689488977040458,3,25.0,0.33703507613510336,15,1349.0
1310.0,19,71.0,0.7395833333333334,4.468729752852453,10,912.0,0.18297602123785475,9,392.0,0.23495674154509902,0,26.0,0.3597218604996547,19,1330.0
1315.0,23,90.0,0.9090909090909091,4.136330133021897,6,755.0,0.2085906229103249,11,381.0,0.20747555784948307,6,45.0,0.3342158426711637,23,1181.0
1320.0,20,86.0,0.8958333333333334,4.873131181250233,4,526.0,0.22702145025456555,12,302.0,0.24885415064832658,4,52.0,0.26186541990758655,20,880.0
1325.0,11,31.0,0.3229166666666667,4.8545866651752725,4,510.0,0.23188169795319238,4,301.0,0.3019144553577998,3,47.0,0.2894082145184465,11,858.0
1330.0,19,85.0,0.8762886597938144,5.536836774787212,7,540.0,0.2658677678327987,10,306.0,0.2518090754582569,2,35.0,0.4826559026467066,19,881.0
1335.0,25,133.0,1.3434343434343434,3.9858202406133407,16,601.0,0.14197287060979286,9,290.0,0.14307156727193518,0,20.0,0.4058471858429377,25,911.0
1340.0,38,241.0,2.5104166666666665,3.6048448271597135,21,689.0,0.10589756682013123,13,231.0,0.11954899949398133,4,33.0,0.35642856272210377,38,953.0
1345.0,46,399.0,4.24468085106383,3.440382488040394,29,812.0,0.06050484878175711,12,155.0,0.15640028062659447,5,40.0,0.21028148662284787,46,1007.0
1350.0,40,456.0,5.123595505617978,4.316154061612784,25,818.0,0.08419346229263093,12,176.0,0.3213457767353778,3,40.0,0.32962407330413596,40,1034.0
1355.0,30,317.0,3.6436781609195403,4.948303844931211,21,687.0,0.10165460152068569,7,177.0,0.37716183065372905,2,33.0,0.48944388503149494,30,897.0
1360.0,24,179.0,1.988888888888889,5.572557818382565,17,563.0,0.2009539081913918,6,131.0,0.37972095328023225,1,15.0,0.5258988527397379,24,709.0
1365.0,21,127.0,1.3804347826086956,5.809133500322231,10,558.0,0.2231326783144016,8,146.0,0.31617934681384385,3,26.0,0.6830169644737119,21,730.0
1370.0,22,120.0,1.3333333333333333,4.668544320959456,11,609.0,0.13984305327681612,9,144.0,0.2383885864887542,2,22.0,0.3457588499723166,22,775.0
1375.0,27,137.0,1.6506024096385543,3.951996566767156,13,672.0,0.14394982562808598,12,140.0,0.19765727506054784,2,13.0,0.41932101066024813,27,825.0
1380.0,31,213.0,2.6625,4.1822618071950695,19,759.0,0.14367270712260266,10,111.0,0.24429934405751988,2,23.0,0.5037684901761966,31,893.0
1385.0,34,323.0,3.588888888888889,4.246392453836814,23,865.0,0.14259521384600055,7,123.0,0.22600266502983415,4,40.0,0.5553165224177584,34,1028.0
1390.0,34,343.0,3.769230769230769,3.9557044011436964,22,870.0,0.09099497267867945,8,118.0,0.2124136437019201,4,58.0,0.45211688190822574,34,1046.0
1395.0,30,202.0,2.126315789473684,4.013137047145769,22,720.0,0.08631688303525618,8,119.0,0.27587715764218834,0,26.0,0.3429661217753314,30,865.0
1400.0,27,153.0,1.627659574468085,4.818852619971062,15,730.0,0.2018353980664694,11,101.0,0.25473874404448904,1,7.0,0.5254465158088978,27,838.0
1405.0,29,120.0,1.25,4.107577061284949,18,802.0,0.09743298925606134,10,113.0,0.1617361625057222,1,5.0,0.5752332920070999,29,920.0
1410.0,32,165.0,1.7741935483870968,3.878859589997869,19,889.0,0.11375801186727698,11,131.0,0.15558328699502574,2,14.0,0.6132627083196305,32,1034.0
1415.0,25,167.0,1.8977272727272727,4.245152897409551,13,870.0,0.10305910355648287,11,153.0,0.20558069860348324,1,3.0,0.5637577398648765,25,1026.0
1420.0,23,112.0,1.2727272727272727,4.088830362990532,10,692.0,0.13303354249433227,9,165.0,0.2537833045083272,4,17.0,0.28573249405363554,23,874.0
1425.0,18,53.0,0.6091954022988506,4.28313954712388,9,729.0,0.20791649256943384,8,125.0,0.23284458708195707,1,25.0,0.4891464344840396,18,879.0
1430.0,24,82.0,0.8631578947368421,4.056400500393954,12,775.0,0.12817265287053398,10,154.0,0.203373616358627,2,9.0,0.5130997567837898,24,938.0
1435.0,30,161.0,1.6597938144329898,4.244276262831122,16,845.0,0.1162243382130911,11,167.0,0.21596467426874777,3,11.0,0.5545136195147635,30,1023.0
1440.0,37,267.0,2.934065934065934,3.452836744786127,24,950.0,0.04337497037254252,8,161.0,0.1799095876298123,5,27.0,0.2577551757039491,37,1138.0
1445.0,41,387.0,4.3,3.155749579083306,29,1086.0,0.11773007008758593,10,132.0,0.14712032271317818,2,26.0,0.4705865701559299,41,1244.0
1450.0,41,440.0,4.888888888888889,3.863165667047518,26,1103.0,0.11963560907234898,15,151.0,0.1842128956335531,0,6.0,0.7809162187304719,41,1260.0
1455.0,40,343.0,3.5,3.963477089166493,23,987.0,0.08511764570368868,16,189.0,0.22437439750886712,1,1.0,0.6537093882263566,40,1177.0
1460.0,34,251.0,2.5353535353535355,5.959890786757991,21,825.0,0.16264342051665515,11,188.0,0.3782507164009735,2,9.0,0.6630178543142867,34,1022.0
1465.0,25,190.0,1.9387755102040816,6.3769261977651,16,689.0,0.1782018635118955,4,146.0,0.4420460528465499,5,20.0,0.20408291466939354,25,855.0
1470.0,24,239.0,2.6555555555555554,6.935169457012781,10,541.0,0.3465219807379268,9,129.0,0.4097342342109188,5,40.0,0.3626141315560546,24,710.0
1475.0,21,209.0,2.4022988505747125,6.405371352470164,2,459.0,0.38604480712813627,15,157.0,0.3349189311446994,4,60.0,0.21020030312582075,21,676.0
1480.0,31,323.0,3.9876543209876543,5.355179689598284,8,464.0,0.30500375313827877,17,223.0,0.16288826262198514,6,87.0,0.24248517277525067,31,774.0
1485.0,35,385.0,5.202702702702703,4.055066474522587,13,516.0,0.20081565143308872,21,321.0,0.07491532889292664,1,52.0,0.3913160146482913,35,889.0
1490.0,43,583.0,7.878378378378378,3.2885550800018493,18,597.0,0.06991140867322294,24,437.0,0.06643662560094092,1,1.0,0.43618658842897146,43,1035.0
1495.0,49,806.0,10.746666666666666,3.4020556493054093,21,695.0,0.13276798207645588,26,557.0,0.1085955423327267,2,6.0,0.5535818454597639,49,1258.0
1500.0,42,892.0,12.38888888888889,2.89620076141306,18,682.0,0.11920190020242519,24,677.0,0.12551096057984426,0,3.0,0.5299110192822998,42,1362.0
1505.0,34,628.0,7.753086419753086,4.40379945740113,12,544.0,0.18312218063528557,20,689.0,0.26791527577333424,2,8.0,0.5558732820410875,34,1241.0
1510.0,25,321.0,3.9146341463414633,4.843054677539895,9,530.0,0.2757376750200993,14,553.0,0.2852075705606015,2,20.0,0.5551813674990778,25,1103.0
1515.0,22,124.0,1.3626373626373627,4.185160533301694,10,577.0,0.2198198308763949,8,589.0,0.1963029029473096,4,35.0,0.45109787665183426,22,1201.0
1520.0,21,112.0,1.2173913043478262,4.538658046901673,7,534.0,0.21661617290110124,10,614.0,0.20998248348507892,4,53.0,0.5152771498642843,21,1201.0
1525.0,23,115.0,1.2234042553191489,4.017024032193983,3,374.0,0.14157298053721154,11,575.0,0.24822276979149466,9,76.0,0.15870139917726866,23,1025.0
1530.0,23,161.0,1.75,3.997233934590072,4,387.0,0.24862789844577537,13,422.0,0.14537329001755625,6,108.0,0.4631609134428854,23,917.0
1535.0,31,268.0,2.7346938775510203,4.373822248481154,10,424.0,0.22644877023097137,15,302.0,0.19357686525958287,6,138.0,0.4199584253196035,31,864.0
1540.0,23,104.0,1.0097087378640777,3.8959065948478107,8,382.0,0.19325000181731647,13,335.0,0.18098152929686176,2,91.0,0.4860648569012227,23,808.0
1545.0,21,66.0,0.6470588235294118,4.923560235405374,4,292.0,0.22288055204337734,13,346.0,0.22508821729954576,4,19.0,0.48414311762276163,21,657.0
1550.0,16,49.0,0.48514851485148514,4.2233201263895515,3,299.0,0.15157922525596457,10,306.0,0.1613954372110547,3,16.0,0.2503215268158556,16,621.0
1555.0,26,88.0,0.9263157894736842,3.999585610413658,10,340.0,0.18499623326588935,13,255.0,0.19230025189025654,3,16.0,0.4598374138147638,26,611.0
1560.0,28,152.0,1.5833333333333333,4.787380736601061,10,329.0,0.19581053879663152,16,223.0,0.2076932830553231,2,24.0,0.7524576128576164,28,576.0
1565.0,26,202.0,1.9803921568627452,5.144430490915383,6,248.0,0.2758998975239459,20,281.0,0.24392064933966978,0,2.0,0.6323871464235769,26,531.0
1570.0,31,324.0,3.176470588235294,5.874727776813529,4,155.0,0.31538878009879023,24,370.0,0.24306319355374834,3,13.0,0.5907813946432074,31,538.0
1575.0,23,269.0,2.6116504854368934,4.4940159335406635,3,148.0,0.22754944330437196,19,414.0,0.17120812712137176,1,9.0,0.4271831166798664,23,571.0
1580.0,21,169.0,1.7244897959183674,5.072782369222775,7,171.0,0.2073814043070312,13,330.0,0.20854900065555634,1,3.0,0.4103993729683682,21,504.0
1585.0,25,132.0,1.4042553191489362,4.903540459360328,14,227.0,0.09957522337030905,8,285.0,0.3032873949774595,3,0.0,0.36594567636109776,25,512.0
1590.0,25,117.0,1.2857142857142858,4.937540175585133,15,248.0,0.12390722141570233,8,273.0,0.2971715431109054,2,3.0,0.4562371518951666,25,524.0
1595.0,24,106.0,1.2325581395348837,5.238783593426151,11,194.0,0.24217967680637226,8,272.0,0.27271817600648524,5,25.0,0.4336138319131158,24,491.0
1600.0,17,66.0,0.7252747252747253,4.540331555286877,7,238.0,0.17701682502633848,8,247.0,0.25734316273716606,2,30.0,0.4764633472270077,17,515.0
1605.0,18,66.0,0.7096774193548387,4.945902228830941,12,285.0,0.1439638639427702,6,180.0,0.27075843863517185,0,15.0,0.6302149226349333,18,480.0
1610.0,19,55.0,0.5851063829787234,4.05026787601416,14,299.0,0.08703060538390492,5,160.0,0.24521127032740164,0,0.0,0.46103826088275446,19,459.0
1615.0,18,58.0,0.6373626373626373,5.193399742511902,8,265.0,0.2223651829346499,9,163.0,0.31820849784768107,1,3.0,0.6887709789627283,18,431.0
1620.0,20,59.0,0.6210526315789474,4.667451615066384,5,267.0,0.18106073850590865,11,150.0,0.20960536473119906,4,15.0,0.5300268173825902,20,432.0
1625.0,24,93.0,0.9587628865979382,4.143887172621002,9,295.0,0.139371828723727,11,115.0,0.11308307086779258,4,35.0,0.36097546107438433,24,445.0
1630.0,34,216.0,2.4545454545454546,3.8240315519309274,14,352.0,0.13356021744623706,11,146.0,0.18388189706404254,9,69.0,0.24363162386831955,34,567.0
1635.0,38,319.0,3.6666666666666665,3.6028391166011393,21,437.0,0.05596890944180192,13,192.0,0.26267459259070874,4,72.0,0.21809704656953527,38,701.0
1640.0,40,476.0,5.734939759036145,4.112996697083277,26,553.0,0.08151308005268126,14,236.0,0.23985599596045856,0,28.0,0.6288468604182058,40,817.0
1645.0,48,559.0,6.425287356321839,3.4196141719040254,33,698.0,0.017461604392683315,9,237.0,0.28121027059723225,6,35.0,0.3347025806376233,48,970.0
1650.0,44,653.0,7.773809523809524,3.357046698839178,33,864.0,0.08547317508969379,6,171.0,0.2728551223889104,5,56.0,0.41462693592751915,44,1091.0
1655.0,38,576.0,6.857142857142857,3.1046440172904104,32,933.0,0.07439567053794122,5,153.0,0.22657142270642922,1,43.0,0.5376608983668438,38,1129.0
1660.0,37,450.0,4.945054945054945,4.475082848719378,28,893.0,0.07308623966259326,7,166.0,0.349987204293205,2,9.0,0.5185477370807794,37,1068.0
1665.0,30,383.0,4.303370786516854,5.555596882468319,20,962.0,0.12245349377259981,9,204.0,0.4478835316323375,1,4.0,0.4880849813113792,30,1170.0
1670.0,33,377.0,4.188888888888889,4.835535502277569,18,1056.0,0.08056619901200236,10,250.0,0.238002422379466,5,25.0,0.21134379219801397,33,1331.0
1675.0,33,370.0,4.6835443037974684,3.7409450197806238,18,1144.0,0.11755609787076718,14,311.0,0.09159789470412716,1,26.0,0.4633085421782044,33,1481.0
1680.0,26,207.0,2.835616438356164,3.243328753622885,15,1108.0,0.07200596627072844,11,303.0,0.2625851753932511,0,6.0,0.3899815695934822,26,1417.0
1685.0,15,72.0,0.9113924050632911,5.229056941440131,11,972.0,0.18858768386827265,2,195.0,0.4854829159782069,2,9.0,0.5945212586044686,15,1176.0
1690.0,15,58.0,0.6823529411764706,5.789036178197108,8,1007.0,0.1959423073302901,5,64.0,0.5434904550740525,2,19.0,0.6553993932294012,15,1090.0
1695.0,25,129.0,1.4021739130434783,4.910149696223789,13,1062.0,0.13342406934532353,7,48.0,0.3883969708963405,5,32.0,0.5473617129955629,25,1142.0
1700.0,24,138.0,1.5164835164835164,4.159960462766013,12,1012.0,0.14108622190139475,11,93.0,0.24152701842986166,1,12.0,0.5972003163621695,24,1117.0
1705.0,29,98.0,1.0,3.525099602363895,10,850.0,0.11731389529850958,12,117.0,0.20113499303410448,7,18.0,0.3145668131210555,29,985.0
1710.0,18,57.0,0.5816326530612245,4.91050227744163,8,621.0,0.1822867274993973,7,89.0,0.292358509290686,3,26.0,0.3218553056071294,18,736.0
1715.0,10,50.0,0.5319148936170213,6.401444673565823,6,519.0,0.2535905837120152,3,74.0,0.5064308101760521,1,17.0,0.3674954598531256,10,610.0
1720.0,5,7.0,0.07446808510638298,6.124023548250765,3,450.0,0.28579181911986123,2,70.0,0.4768295375774797,0,13.0,0.3565202994387493,5,533.0
1725.0,19,69.0,0.7419354838709677,5.940886772008307,8,477.0,0.30862340849936565,8,80.0,0.30495809340029284,3,23.0,0.43665323969749426,19,580.0
1730.0,32,155.0,1.7222222222222223,4.303899126344495,10,446.0,0.23761828220836456,14,133.0,0.1856833704101779,8,53.0,0.34319586674428126,32,632.0
1735.0,31,188.0,2.1363636363636362,3.3744235272661256,6,364.0,0.24118708533506777,13,162.0,0.16744837688579056,12,105.0,0.243888546349469,31,631.0
1740.0,28,204.0,2.217391304347826,4.035074497925414,2,306.0,0.22591567459933548,10,152.0,0.25829783811361773,16,176.0,0.07969766693182026,28,634.0
1745.0,21,159.0,1.65625,4.489787017039915,6,329.0,0.18467239166222787,1,144.0,0.2746895243909502,14,214.0,0.1931077154948607,21,687.0
1750.0,23,131.0,1.4555555555555555,4.15958319620638,8,305.0,0.19973955604354687,8,163.0,0.24915787772872494,7,183.0,0.37365127672253606,23,651.0
1755.0,26,144.0,1.5,4.390586150918467,6,224.0,0.16381794181473464,14,221.0,0.26737905610110974,6,145.0,0.3413341034698511,26,590.0
1760.0,24,109.0,1.09,5.264179711811267,5,108.0,0.2578086187912947,15,244.0,0.3053319345876882,4,155.0,0.3062531810206121,24,507.0
1765.0,22,100.0,0.970873786407767,5.840743254434838,5,63.0,0.291447418761638,9,213.0,0.35176657993615723,8,180.0,0.23031083839282032,22,456.0
1770.0,6,23.0,0.24210526315789474,5.6430228397078315,0,32.0,0.3521360773079974,2,195.0,0.3236156859032654,4,180.0,0.28648649341733107,6,407.0
1775.0,17,47.0,0.5280898876404494,5.504919573421386,7,49.0,0.3041332982906674,8,214.0,0.3277100742072756,2,139.0,0.3380273354722999,17,402.0
1780.0,26,145.0,1.6111111111111112,5.312769688676742,11,99.0,0.32896152166513176,12,255.0,0.2893488058028594,3,107.0,0.30352215381373243,26,461.0
1785.0,30,210.0,2.282608695652174,4.222787467487351,14,164.0,0.21884230113605502,15,268.0,0.19238726869511752,1,86.0,0.3568475419356065,30,518.0
1790.0,36,294.0,3.094736842105263,3.9437381170208377,21,258.0,0.10737790592596734,11,230.0,0.16758242934370082,4,98.0,0.25668831298698586,36,586.0
1795.0,38,393.0,4.415730337078652,3.4081229934884942,28,379.0,0.08991564894283925,1,194.0,0.18186664500899127,9,127.0,0.22198543628729034,38,700.0
1800.0,43,545.0,6.411764705882353,2.4031229606951223,29,521.0,0.08344309742647929,8,205.0,0.15602691389607248,6,130.0,0.22547072716595598,43,856.0
1805.0,46,544.0,5.666666666666667,3.195918937391744,26,589.0,0.1669660174303928,13,257.0,0.14629032757873237,7,83.0,0.23790877946737352,46,929.0
1810.0,40,385.0,3.85,3.8298462304379437,21,564.0,0.13317595928828874,13,267.0,0.24556980982302073,6,83.0,0.3384638311914445,40,914.0
1815.0,30,269.0,2.5619047619047617,5.557428710239987,17,471.0,0.13396575715196435,8,211.0,0.38718220572521267,5,81.0,0.4063233018000401,30,763.0
1820.0,14,162.0,1.603960396039604,7.409826108521458,12,420.0,0.2949022963276452,1,114.0,0.5159725626538899,1,59.0,0.582069827696384,14,593.0
1825.0,18,105.0,1.0824742268041236,6.863139736873464,8,426.0,0.2846207591133718,4,70.0,0.5031052747807698,6,63.0,0.3143052666610872,18,559.0
1830.0,20,106.0,1.2183908045977012,5.723923021090876,8,461.0,0.22311246795667725,8,70.0,0.22872086096950037,4,70.0,0.2310956251815808,20,601.0
1835.0,16,68.0,0.918918918918919,5.36083107082124,9,447.0,0.21249795950334946,6,75.0,0.2850091586763912,1,56.0,0.36331797358717566,16,578.0
1840.0,13,24.0,0.3287671232876712,5.308333982590879,4,357.0,0.31152034187081995,4,53.0,0.3936144535064429,5,69.0,0.3358020039940176,13,479.0
1845.0,15,57.0,0.7307692307692307,6.00911792295448,3,328.0,0.32895232256634643,3,58.0,0.4215273216685368,9,105.0,0.4119886946847496,15,491.0
1850.0,26,160.0,1.8823529411764706,4.896226048782896,6,352.0,0.17117007746569793,9,91.0,0.26645968391747366,11,155.0,0.2337240397824201,26,598.0
1855.0,28,163.0,2.08974358974359,3.5659892993114544,12,400.0,0.13813860274967638,8,101.0,0.17545807173544978,8,163.0,0.29657717318870447,28,664.0
1860.0,25,173.0,2.189873417721519,4.0693070757016185,15,475.0,0.1261146830015831,9,78.0,0.2648187034853367,1,107.0,0.3997588259092065,25,660.0
1865.0,24,170.0,1.9101123595505618,6.093305238705846,14,475.0,0.23225760025823902,7,68.0,0.4147143619113152,3,31.0,0.592585913269312,24,574.0
1870.0,20,155.0,1.684782608695652,6.6715926511946,9,378.0,0.28872928860265673,9,94.0,0.4539352917380295,2,24.0,0.673120056605517,20,496.0
1875.0,26,115.0,1.116504854368932,5.910329602098438,9,253.0,0.21099894432642105,12,111.0,0.3450576977087775,5,29.0,0.5586494643664885,26,393.0
1880.0,21,122.0,1.161904761904762,6.838794489469977,9,189.0,0.3158464936171331,8,88.0,0.3541853254484182,4,49.0,0.6055001140982302,21,326.0
1885.0,27,179.0,1.7378640776699028,6.698506773799883,11,172.0,0.24235199478440175,8,92.0,0.38253178412484456,8,73.0,0.3807550297213124,27,337.0
1890.0,17,119.0,1.2659574468085106,6.5495607006826155,3,143.0,0.3648458689959807,14,134.0,0.3211649513974182,0,41.0,0.4003496757771243,17,318.0
1895.0,26,129.0,1.4827586206896552,5.509269425384835,4,153.0,0.3138544265919404,18,164.0,0.11984508785478622,4,14.0,0.38571552823581867,26,331.0
1900.0,32,165.0,2.142857142857143,4.578132491091415,8,187.0,0.3101099595635252,18,187.0,0.12899634568266766,6,38.0,0.30976300101712234,32,412.0
1905.0,24,148.0,2.0,3.6990643601792006,6,170.0,0.3262703966431174,12,224.0,0.16700641738470592,6,63.0,0.32845599265388725,24,457.0
1910.0,21,141.0,1.6987951807228916,4.865773566138634,7,154.0,0.2957777513683597,8,231.0,0.25219847678286106,6,93.0,0.34846085830163365,21,478.0
1915.0,22,176.0,2.070588235294118,5.056228177380615,6,123.0,0.33999810599482216,8,228.0,0.24237799812152924,8,129.0,0.337182275815245,22,480.0
1920.0,21,89.0,1.0470588235294118,4.451115488604575,5,117.0,0.3736449005443899,11,211.0,0.19484998758971042,5,112.0,0.36815021642992374,21,440.0
1925.0,16,87.0,0.925531914893617,5.8194081469717664,0,92.0,0.4549476865642883,14,206.0,0.2519417877556043,2,42.0,0.5545598510649091,16,340.0
1930.0,16,88.0,0.88,6.155833167972374,3,96.0,0.4473409143427208,11,222.0,0.23375393782461654,2,20.0,0.6105007116889636,16,338.0
1935.0,21,79.0,0.7523809523809524,5.074329739217026,9,127.0,0.2851682935491334,10,229.0,0.19685088986920737,2,4.0,0.4115256202146199,21,360.0
1940.0,22,91.0,0.9191919191919192,4.122679299574716,7,133.0,0.22184167729289583,9,227.0,0.14496981949492516,6,26.0,0.2947852355111987,22,386.0
1945.0,34,137.0,1.4421052631578948,3.531721898480198,8,109.0,0.2553152108862292,12,213.0,0.17347578793474366,14,79.0,0.20572122038921975,34,401.0
1950.0,29,117.0,1.1584158415841583,3.621910912790483,5,105.0,0.3033392250286584,14,242.0,0.14324418000289396,10,111.0,0.24812869016602448,29,458.0
1955.0,26,108.0,1.0588235294117647,4.417279471768877,10,146.0,0.24150754161955354,14,239.0,0.14991146053362175,2,87.0,0.3312564103224369,26,472.0
1960.0,24,121.0,1.1862745098039216,4.367130091887746,10,193.0,0.09520185227711477,12,258.0,0.2019776272626174,2,35.0,0.4477586542737566,24,486.0
1965.0,33,194.0,1.9019607843137254,4.66640081675178,14,260.0,0.21804354744495502,16,230.0,0.17628050701672704,3,20.0,0.6561309722503657,33,510.0
1970.0,35,307.0,2.8425925925925926,4.10917747482342,17,341.0,0.19245901941695467,16,251.0,0.14987804031035468,2,8.0,0.5287124314108698,35,600.0
1975.0,44,499.0,4.577981651376147,4.708265278568593,21,438.0,0.20644032619096173,20,295.0,0.16111257830356915,3,19.0,0.5979088979600338,44,752.0
1980.0,52,595.0,5.721153846153846,3.680034754957919,21,473.0,0.1426422303102503,24,388.0,0.17293079818218998,7,46.0,0.38483535059095114,52,907.0
1985.0,52,567.0,5.349056603773585,2.986524634059125,21,442.0,0.14211638167158405,19,436.0,0.16776688655604555,12,96.0,0.2465329637421506,52,974.0
1990.0,45,426.0,4.018867924528302,3.7378626855528543,18,397.0,0.16404644388532083,15,403.0,0.21196091314780188,12,125.0,0.19270744603096548,45,925.0
1995.0,23,202.0,1.8703703703703705,5.029969129178164,14,399.0,0.21257459482404978,4,408.0,0.3362586692107523,5,109.0,0.2539743786228472,23,916.0
2000.0,18,127.0,1.1869158878504673,5.867756096354328,8,386.0,0.3685070059306705,8,403.0,0.3151191175153306,2,108.0,0.3924494748915588,18,897.0
2005.0,32,146.0,1.2920353982300885,5.137936879450471,8,407.0,0.2660014141997273,14,441.0,0.19460987276191508,10,134.0,0.26812879851809424,32,982.0
2010.0,34,172.0,1.6074766355140186,3.7141778856992325,13,455.0,0.23347361635356326,14,435.0,0.09461767320356133,7,140.0,0.25888282576703686,34,1030.0
2015.0,32,137.0,1.3838383838383839,3.266341569727182,13,467.0,0.13160338342692177,15,375.0,0.17989833271485958,4,80.0,0.1610515638749497,32,922.0
2020.0,26,121.0,1.174757281553398,5.057238839546875,13,428.0,0.1378183407107056,9,254.0,0.39197985770265287,4,50.0,0.2673554432187116,26,732.0
2025.0,17,96.0,0.9504950495049505,6.6049846646627905,9,344.0,0.217185503921357,6,264.0,0.4522285273609919,2,34.0,0.46427117136376606,17,642.0
2030.0,16,45.0,0.42857142857142855,5.177376801304359,5,349.0,0.2531580464092995,8,248.0,0.303727265153348,3,27.0,0.3941657755215919,16,624.0
2035.0,28,100.0,0.9259259259259259,4.780410517171862,9,389.0,0.2435041544721457,9,223.0,0.17321275901111702,10,60.0,0.3667326238307683,28,672.0
2040.0,34,204.0,2.01980198019802,3.437154587950654,12,444.0,0.12865978832481512,9,153.0,0.15402267569838138,13,113.0,0.15996681715268604,34,710.0
2045.0,44,325.0,3.25,3.2756184570914617,20,528.0,0.09762464068628456,13,138.0,0.14941620139450598,11,141.0,0.16336725335564833,44,807.0
2050.0,42,381.0,3.96875,3.437708144004221,23,639.0,0.0763734916171182,14,173.0,0.21497435904578743,5,119.0,0.29563845119536336,42,931.0
2055.0,39,452.0,4.431372549019608,3.925864943595271,27,767.0,0.10178680053557945,8,145.0,0.23519314556522167,4,67.0,0.36182020962991773,39,979.0
2060.0,46,634.0,6.038095238095238,4.663979276465899,31,913.0,0.1423942453038706,13,142.0,0.28896506032011776,2,46.0,0.5298998565211064,46,1101.0
2065.0,55,851.0,7.666666666666667,3.650645092940164,38,1078.0,0.06667642942409102,15,173.0,0.2080986874474176,2,34.0,0.49890416789860426,55,1285.0
2070.0,64,1144.0,10.214285714285714,3.059766926141653,41,1273.0,0.05614995795037322,19,240.0,0.15131375191036978,4,46.0,0.4077285042779523,64,1559.0
2075.0,78,1510.0,13.981481481481481,1.8732495267475497,44,1489.0,0.032845065487691213,24,353.0,0.13602618776753217,10,83.0,0.15668877648921076,78,1925.0
2080.0,79,1572.0,14.162162162162161,1.3464308547490278,42,1572.0,0.03157094397076174,26,478.0,0.01662253329033346,11,113.0,0.13842200335680044,79,2163.0
2085.0,69,1427.0,12.972727272727273,2.687486812515121,34,1500.0,0.0992789219396557,29,619.0,0.1188856571134248,6,100.0,0.2823943144519193,69,2219.0
2090.0,57,1322.0,11.596491228070175,2.979624054126602,25,1519.0,0.08267233449105696,29,764.0,0.18188489732133384,3,116.0,0.19835461777515026,57,2399.0
2095.0,54,1097.0,9.539130434782608,2.9903694157666396,22,1638.0,0.11347621954038419,23,805.0,0.15723309896482857,9,145.0,0.18454244622917268,54,2588.0
2100.0,36,594.0,5.5,2.6527225165563317,13,1600.0,0.10336886888631346,16,649.0,0.08110998130021022,7,151.0,0.14806735531986512,36,2400.0
2105.0,23,226.0,2.0925925925925926,4.357441171043068,7,1391.0,0.16649975245602103,12,566.0,0.30200885265639277,4,116.0,0.20382572230528426,23,2073.0
2110.0,19,261.0,2.4622641509433962,6.011257716939617,2,1046.0,0.19952409633359366,12,454.0,0.46953085904981345,5,67.0,0.25325005415262813,19,1567.0
2115.0,14,163.0,1.4954128440366972,5.3522990733115305,5,841.0,0.21847969135167566,9,423.0,0.33961187774664664,0,53.0,0.24164813724800024,14,1317.0
2120.0,15,57.0,0.5428571428571428,5.444665204681462,1,777.0,0.34216255161371806,10,379.0,0.2774972679007533,4,68.0,0.3170362453453745,15,1224.0
2125.0,22,68.0,0.6355140186915887,4.461388796968524,8,785.0,0.2353165469654894,5,301.0,0.19900654938968673,9,96.0,0.24361852283202787,22,1182.0
2130.0,29,133.0,1.2912621359223302,4.35828056260205,7,736.0,0.2668501160367177,11,176.0,0.21015405543403762,11,140.0,0.2585326745684418,29,1052.0
2135.0,33,238.0,2.4285714285714284,3.7500064318369914,4,598.0,0.19578788377245876,15,232.0,0.2307725211388399,14,202.0,0.07072865661782131,33,1032.0
2140.0,37,328.0,3.1538461538461537,4.197310415637326,4,400.0,0.2284319331690258,19,317.0,0.2170629979176473,14,237.0,0.0967263062742772,37,954.0
2145.0,38,430.0,4.215686274509804,5.100459606021862,2,244.0,0.4333204301397355,22,426.0,0.2092198985351073,14,239.0,0.1335023241610689,38,909.0
2150.0,38,391.0,3.8333333333333335,4.500043081073725,4,109.0,0.4288605653495856,20,444.0,0.17028525538112776,14,307.0,0.06462647741394384,38,860.0
2155.0,38,332.0,3.287128712871287,4.816858201389392,4,51.0,0.5546254096985178,19,403.0,0.13356947483435008,15,381.0,0.1971828766996157,38,835.0
2160.0,31,239.0,2.463917525773196,4.7930828434968085,2,23.0,0.5531338902706505,16,331.0,0.17488786368404505,13,451.0,0.21123261157486922,31,805.0
2165.0,30,213.0,2.088235294117647,4.868135706717373,6,27.0,0.44282545009775526,12,377.0,0.21044015079677447,12,513.0,0.2527931166376879,30,917.0
2170.0,33,277.0,2.742574257425743,4.002894707437844,7,54.0,0.26229533471303584,11,404.0,0.19924918800618494,15,579.0,0.17380718862545305,33,1037.0
2175.0,42,376.0,3.722772277227723,2.8945641649379046,11,82.0,0.1598414172263369,10,398.0,0.17250723783504487,21,672.0,0.044776264991633084,42,1152.0
2180.0,36,331.0,3.377551020408163,3.137953658899547,7,113.0,0.30608632210307485,9,337.0,0.1586781073807848,20,715.0,0.1549640223342745,36,1165.0
2185.0,43,310.0,2.897196261682243,4.272294555639295,11,151.0,0.2754903574169187,14,278.0,0.22135710005339557,18,677.0,0.2011913682447392,43,1106.0
2190.0,41,404.0,3.7757009345794392,4.851074199201988,10,198.0,0.298261647526654,15,277.0,0.24245332225372312,16,593.0,0.3089276917469592,41,1068.0
2195.0,34,295.0,2.7314814814814814,4.071878359664889,8,209.0,0.1954413195919104,14,312.0,0.27833618136808636,12,645.0,0.26519956937278666,34,1166.0
2200.0,37,195.0,1.7256637168141593,4.214826508782331,10,172.0,0.17969294206111389,13,292.0,0.2666737020785797,14,711.0,0.1431170503040716,37,1175.0
2205.0,32,186.0,1.7383177570093458,4.3880002353167855,6,169.0,0.24576408574590963,10,274.0,0.2160205443174882,16,783.0,0.15107205830573392,32,1226.0
2210.0,40,269.0,2.5619047619047617,3.186716800246242,8,203.0,0.12729321149000367,12,275.0,0.15458528363256951,20,872.0,0.09009580104513372,40,1350.0
2215.0,42,363.0,3.63,2.816278348366387,7,194.0,0.2544074138779614,11,261.0,0.12406535736744727,24,982.0,0.15518138591395494,42,1437.0
2220.0,35,310.0,2.980769230769231,3.2114901886815845,1,112.0,0.29318147791425225,13,286.0,0.20709849478717296,21,998.0,0.12162310616851718,35,1396.0
2225.0,27,197.0,1.7280701754385965,4.396896052637491,3,68.0,0.2835664100878698,7,253.0,0.2937179017115108,17,914.0,0.11329667040688614,27,1235.0
2230.0,29,216.0,1.894736842105263,4.954880684329721,3,40.0,0.32736088460176055,11,255.0,0.2843327543849368,15,977.0,0.12264730044731473,29,1272.0
2235.0,33,220.0,1.9642857142857142,4.334000648532973,4,42.0,0.29877786044887555,11,253.0,0.21070955746058911,18,1060.0,0.06815083428426491,33,1355.0
2240.0,30,208.0,2.0,4.039488340303726,4,57.0,0.45100464828129744,13,195.0,0.11343688640754895,13,1040.0,0.18063543679252617,30,1292.0
2245.0,27,156.0,1.4579439252336448,3.8748450854683534,9,81.0,0.35550197742546963,11,253.0,0.18455911130201594,7,892.0,0.19396294284500498,27,1226.0
2250.0,27,177.0,1.6090909090909091,4.186122091993609,10,123.0,0.30146981795979244,12,273.0,0.21730167432276387,5,912.0,0.16586988479895703,27,1308.0
2255.0,30,123.0,1.128440366972477,3.1337361658160297,8,107.0,0.1057594060127763,10,279.0,0.19484750836698242,12,959.0,0.09832989942801974,30,1345.0
2260.0,45,245.0,2.227272727272727,3.147765922526817,14,103.0,0.23509675792702303,13,261.0,0.14920756015422182,18,1033.0,0.10701660118089769,45,1397.0
2265.0,55,472.0,4.290909090909091,3.1072392766535337,18,179.0,0.2741757529121061,16,268.0,0.10462268075596305,21,1129.0,0.18219097752154703,55,1576.0
2270.0,55,527.0,4.705357142857143,2.120849285056818,14,220.0,0.20040383942594756,21,316.0,0.07724387140232448,20,1100.0,0.1307921491200343,55,1636.0
2275.0,52,539.0,4.6869565217391305,3.3379262590947345,11,191.0,0.23789270800636156,24,412.0,0.21423182962757403,17,945.0,0.15335596116325598,52,1548.0
2280.0,45,436.0,3.694915254237288,3.0139395803270728,9,218.0,0.19823401158538387,18,450.0,0.2298500434963962,18,1016.0,0.09349788347569438,45,1684.0
2285.0,42,296.0,2.4065040650406506,3.932414333368103,10,269.0,0.14330720798519217,11,412.0,0.26078727855120165,21,1116.0,0.08146736852581339,42,1797.0
2290.0,28,115.0,1.0267857142857142,2.994428568232943,5,279.0,0.16953205414491931,6,434.0,0.15788306773975655,17,1097.0,0.10964784842791099,28,1810.0
2295.0,27,93.0,0.8454545454545455,3.2317160946211523,4,234.0,0.2568612628006148,11,456.0,0.2242765268557398,12,933.0,0.13972154806640022,27,1623.0
2300.0,19,60.0,0.5172413793103449,3.5037378782336464,3,242.0,0.3088803909174227,10,432.0,0.1997999058358203,6,883.0,0.16755660355716595,19,1557.0
2305.0,29,77.0,0.6260162601626016,3.502581553594053,8,263.0,0.1486086126466182,8,384.0,0.19518103863886954,13,925.0,0.09248298172548863,29,1572.0
2310.0,26,126.0,1.0769230769230769,3.354507941494235,10,305.0,0.11643232146967097,7,280.0,0.18433253373331565,9,866.0,0.12545545398708904,26,1451.0
2315.0,32,213.0,2.009433962264151,3.4670574150046662,15,368.0,0.08425191081841082,13,209.0,0.27923221676497073,4,685.0,0.1614535211436575,32,1262.0
2320.0,33,288.0,2.6666666666666665,3.6371483786229457,18,450.0,0.06886817764755752,10,210.0,0.28389620853220754,5,465.0,0.19334765356067182,33,1125.0
2325.0,29,245.0,2.2685185185185186,4.388340847389484,15,474.0,0.16779374470228578,11,195.0,0.3185669278475141,3,299.0,0.2995648718419598,29,968.0
2330.0,29,206.0,1.7758620689655173,4.3971913394475015,14,422.0,0.185169654586214,12,187.0,0.3667245944046825,3,288.0,0.23781622851268427,29,897.0
2335.0,34,211.0,1.8189655172413792,4.604527144291711,16,370.0,0.2869317324474737,10,187.0,0.29452696552616886,8,315.0,0.23944156499222824,34,872.0
2340.0,38,224.0,1.9478260869565218,3.4387682759527767,11,414.0,0.21234706714097293,13,236.0,0.15764223401943334,13,369.0,0.18794617288633503,37,1019.0
2345.0,46,350.0,3.0434782608695654,2.7041967955415864,11,470.0,0.1500858930259983,16,248.0,0.09546020641799824,19,454.0,0.1474913956208328,46,1172.0
2350.0,51,492.0,4.4324324324324325,2.737746126361204,8,468.0,0.18736081924597636,17,274.0,0.10956320528020225,26,573.0,0.09125997597323336,51,1315.0
2355.0,57,697.0,6.114035087719298,3.322072475971979,5,390.0,0.22851064224098291,19,347.0,0.2466878070465971,33,725.0,0.03828603035311301,57,1462.0
2360.0,53,801.0,7.348623853211009,3.9967412186532374,3,286.0,0.2855449076536612,18,417.0,0.2691570503834627,32,794.0,0.07540613447193824,53,1497.0
2365.0,46,601.0,5.366071428571429,3.268252264014674,3,274.0,0.19693933037565306,16,434.0,0.17244266055022667,27,737.0,0.07519274594238574,46,1445.0
2370.0,38,393.0,3.6055045871559632,4.712037179211064,3,287.0,0.30567274396196326,13,369.0,0.2589599421093698,22,615.0,0.19636944823612448,38,1271.0
2375.0,24,194.0,1.830188679245283,4.300217450013577,3,266.0,0.3187323100047437,8,359.0,0.27613845691828875,13,650.0,0.18753128627963558,24,1275.0
2380.0,23,148.0,1.3454545454545455,4.674641928774362,3,214.0,0.30317981094241725,8,380.0,0.2925526010656473,12,712.0,0.17238188856470912,23,1306.0
2385.0,22,127.0,1.1981132075471699,4.145318386885054,2,179.0,0.25283039415202385,13,436.0,0.1952738870319856,7,686.0,0.2030949941039278,22,1301.0
2390.0,29,202.0,1.9423076923076923,3.5358048686630457,5,198.0,0.11909415866657241,19,523.0,0.17863693279739165,5,575.0,0.17932631373033553,29,1296.0
2395.0,36,349.0,3.292452830188679,3.953251877051124,9,234.0,0.15844311415730458,23,631.0,0.16624028687312303,4,420.0,0.25030721962944263,36,1285.0
2400.0,44,520.0,4.9523809523809526,3.0535993074331573,13,290.0,0.07501208188573467,29,759.0,0.1297082139673515,2,414.0,0.20351199032713743,44,1463.0
2405.0,56,769.0,6.927927927927928,3.0820056622290197,15,359.0,0.10305347639431657,33,915.0,0.09431942819079285,8,439.0,0.1764433658838492,56,1713.0
2410.0,62,958.0,8.87037037037037,2.6011938292570327,14,366.0,0.10943675743739657,34,1080.0,0.08805723744016863,14,496.0,0.1479187013389904,62,1942.0
2415.0,66,963.0,8.675675675675675,2.2862340198617246,17,332.0,0.0820341539252411,29,1094.0,0.15173514587384693,20,584.0,0.0890677921037216,66,2010.0
2420.0,55,711.0,6.463636363636364,2.9279015743769503,14,296.0,0.25025128266436514,23,962.0,0.14179189950025786,18,599.0,0.1770422531234042,55,1857.0
2425.0,49,462.0,3.8823529411764706,3.4806471527609184,14,326.0,0.2536090545923199,20,817.0,0.20364231338402555,15,505.0,0.20714772492379524,49,1648.0
2430.0,37,298.0,2.4628099173553717,4.4762297346300555,8,350.0,0.36158151412009915,20,657.0,0.2219082945449508,9,356.0,0.31412378349175424,37,1363.0
2435.0,38,296.0,2.3492063492063493,4.965108422952763,8,382.0,0.3518015737177392,22,569.0,0.21417290329286423,8,244.0,0.3147602851179581,38,1195.0
2440.0,37,348.0,2.71875,4.566861645191404,10,421.0,0.25250076121307624,21,511.0,0.25002949851235756,6,254.0,0.3233159917438882,37,1186.0
2445.0,38,435.0,3.5080645161290325,5.000040555005138,7,352.0,0.2764058907106172,24,512.0,0.3124437369213165,7,285.0,0.3241904198461269,38,1149.0
2450.0,42,590.0,4.758064516129032,4.315698231947623,5,303.0,0.22797186969088912,24,558.0,0.27889525350332783,13,338.0,0.22271447050839624,42,1199.0
2455.0,52,806.0,6.5,3.9436450511515857,7,257.0,0.27943872352691684,24,653.0,0.25150317891741647,21,429.0,0.17094988184303575,52,1339.0
2460.0,52,793.0,6.395161290322581,2.923280624943557,5,270.0,0.24549971462165482,19,679.0,0.15279316257275324,28,556.0,0.06911049148222423,52,1505.0
2465.0,59,717.0,5.6015625,3.2070249846509338,10,309.0,0.2290039863022902,15,612.0,0.1235978849745608,34,711.0,0.06041666529375562,59,1632.0
2470.0,58,759.0,6.378151260504202,2.994900798603649,7,313.0,0.22829033548661362,11,466.0,0.13854791294006613,40,896.0,0.018673484922568602,58,1675.0
2475.0,63,985.0,8.347457627118644,3.1131258924299914,7,267.0,0.19026506306358557,13,403.0,0.30502991707995175,43,1104.0,0.021707424436141428,63,1774.0
2480.0,64,1282.0,11.345132743362832,3.538970355256576,3,195.0,0.28597475070196393,15,301.0,0.2292092972948249,46,1326.0,0.03881363464380622,64,1822.0
2485.0,62,1330.0,11.666666666666666,3.2367389486242875,4,149.0,0.2912376347383048,16,320.0,0.16724953073492382,42,1424.0,0.013217748750474675,62,1893.0
2490.0,56,1221.0,11.1,3.8075986375304605,4,96.0,0.41084869141016833,20,408.0,0.1772612501192713,32,1375.0,0.08319246882050474,56,1879.0
2495.0,47,1108.0,10.1651376146789,4.246719510605249,1,71.0,0.35646410294091424,22,507.0,0.2424838764239907,24,1198.0,0.10798202040652988,47,1776.0
2500.0,50,1047.0,9.348214285714286,4.772590409063921,6,74.0,0.2694281271888491,26,620.0,0.21898636177260264,18,1126.0,0.21038616370933866,50,1820.0
2505.0,43,972.0,9.08411214953271,4.562738779376622,8,107.0,0.1723484793384287,27,750.0,0.19699471514280756,8,1063.0,0.3031548634136908,43,1920.0
2510.0,45,741.0,6.990566037735849,3.546140816979904,12,160.0,0.08965239984513355,26,778.0,0.11699420357812731,7,1089.0,0.2312371001294048,45,2027.0
2515.0,45,573.0,5.563106796116505,3.7377849510592847,9,162.0,0.34655418633031554,23,687.0,0.1311902993911167,13,1144.0,0.24970783510130073,45,1993.0
2520.0,42,491.0,4.813725490196078,2.748667387118521,6,168.0,0.3175772613394072,16,772.0,0.13277950120007767,20,1226.0,0.12280381220531168,42,2166.0
2525.0,48,469.0,4.1875,2.913946878201201,5,193.0,0.29806715142763657,18,828.0,0.13538889524347908,25,1335.0,0.07728841175504148,48,2356.0
2530.0,51,525.0,4.6875,2.5070115084348195,6,219.0,0.1659416989302511,15,820.0,0.12689437487594343,30,1473.0,0.06480800215121951,51,2512.0
2535.0,58,651.0,5.660869565217391,2.232855854671268,12,224.0,0.16702841605196467,12,732.0,0.11968666529770845,34,1633.0,0.08651143003735338,58,2589.0
2540.0,54,797.0,6.754237288135593,2.619745584101163,6,223.0,0.28546139894690026,13,774.0,0.15428797030718244,35,1804.0,0.0932988018382083,54,2801.0
2545.0,64,980.0,7.596899224806202,2.3654922059980645,9,249.0,0.21111880535004468,14,803.0,0.12844090627486526,41,1991.0,0.006529189577444296,64,3043.0
2550.0,65,1210.0,9.453125,2.312248196713437,13,297.0,0.10381764049350775,9,767.0,0.12873655184701124,43,2200.0,0.03430291944416526,65,3264.0
2555.0,65,1423.0,11.858333333333333,1.886624720043505,11,313.0,0.17111447431274532,11,587.0,0.12040951972513596,43,2417.0,0.05146261287479378,65,3317.0
2560.0,63,1352.0,10.73015873015873,2.3446964491213413,8,272.0,0.2553461541979448,16,534.0,0.12549729262070836,39,2432.0,0.05323760844472402,63,3238.0
2565.0,51,1029.0,8.10236220472441,2.8373113908387255,5,230.0,0.2902441792133396,15,579.0,0.14081115334790645,31,2226.0,0.09631950744003127,51,3035.0
2570.0,45,745.0,5.687022900763359,3.3379437443200852,6,218.0,0.1870062373542641,13,584.0,0.2120676861149373,26,2272.0,0.07739936134984506,45,3074.0
2575.0,35,503.0,3.9606299212598426,3.818508867508231,3,207.0,0.1697068919447521,7,563.0,0.2810846300193583,25,2401.0,0.09447356770148611,35,3171.0
2580.0,42,486.0,4.153846153846154,3.3627461046263747,8,233.0,0.11245645214215519,11,566.0,0.2613142495923132,23,2518.0,0.07415409814001084,42,3317.0
2585.0,37,264.0,2.3157894736842106,2.762670527809401,8,229.0,0.17449310339863777,12,551.0,0.10642572331458867,17,2412.0,0.11420656113830005,37,3192.0
2590.0,37,181.0,1.6160714285714286,3.4180262465791764,8,164.0,0.20377163807271836,16,497.0,0.21273978197190258,13,2081.0,0.1716717932104282,37,2742.0
2595.0,31,132.0,1.0909090909090908,3.6199792981747803,4,167.0,0.22976271626029574,13,477.0,0.24751664602630144,14,1570.0,0.15216505766947133,31,2214.0
2600.0,32,137.0,1.0873015873015872,5.194234540209365,6,180.0,0.2544707425471139,13,478.0,0.3271571367038311,13,1121.0,0.22500312255421426,32,1779.0
2605.0,31,149.0,1.2416666666666667,4.461424463445391,7,212.0,0.10197874164952998,14,530.0,0.2771281818459306,10,1150.0,0.22183741786656294,31,1892.0
2610.0,28,195.0,1.6956521739130435,4.39656212583528,7,216.0,0.13953465475677843,14,592.0,0.16398017099644835,7,1185.0,0.27435727767221985,28,1993.0
2615.0,42,323.0,3.047169811320755,3.57775053340586,6,187.0,0.17764981543689426,21,684.0,0.06670603000658763,15,1241.0,0.2076942045084554,42,2112.0
2620.0,51,510.0,4.766355140186916,2.42048934646087,6,217.0,0.1156996744437977,26,804.0,0.08525952190559484,19,1327.0,0.12520489933370438,51,2348.0
2625.0,58,506.0,4.6422018348623855,2.1461998230044834,10,257.0,0.13660172002799006,27,825.0,0.0775518710764613,21,1254.0,0.1137839793653476,58,2336.0
2630.0,47,382.0,3.4107142857142856,3.0163793797114784,11,308.0,0.1472807146966288,20,745.0,0.20419784123650916,16,1012.0,0.16730531029193405,47,2065.0
2635.0,38,318.0,2.765217391304348,3.5207839317866267,12,366.0,0.20942521659968968,14,737.0,0.232124405966398,12,699.0,0.19774621516157823,38,1802.0
2640.0,38,253.0,2.090909090909091,3.6302750118121856,11,371.0,0.13676319719722052,16,795.0,0.2139992927294364,11,734.0,0.18699824565703205,38,1900.0
2645.0,38,192.0,1.5609756097560976,3.3007187444119057,12,429.0,0.1116665761488925,14,762.0,0.1469200258766254,12,788.0,0.18903230726125408,38,1979.0
2650.0,37,159.0,1.347457627118644,2.8298159617007586,14,495.0,0.11582539288288206,15,643.0,0.12172947171326194,8,726.0,0.25025473988977986,37,1864.0
2655.0,32,196.0,1.6065573770491803,3.5043057119814796,15,547.0,0.1822761422131931,13,516.0,0.20889186772628537,4,533.0,0.2514966269969875,32,1596.0
2660.0,38,311.0,2.4488188976377954,4.472436986322032,18,628.0,0.2629512019398541,16,487.0,0.2457673491777176,4,270.0,0.29563580619193675,38,1385.0
2665.0,38,398.0,3.0852713178294575,4.1052704296431495,13,640.0,0.1964698495614111,21,465.0,0.25063930145466035,4,155.0,0.23678320992962945,38,1260.0
2670.0,41,493.0,3.8217054263565893,4.824884576429316,13,588.0,0.26513174246511195,24,510.0,0.2776550873910654,4,122.0,0.3337766539285638,41,1220.0
2675.0,39,619.0,4.874015748031496,5.252111910781083,10,492.0,0.2988927840099444,24,604.0,0.29637599987421015,5,115.0,0.40165090767328865,39,1211.0
2680.0,36,653.0,4.946969696969697,5.042865464238116,11,518.0,0.2772214492746577,24,724.0,0.2370834147519317,1,73.0,0.4383092423932295,36,1315.0
2685.0,41,567.0,4.4296875,4.742894257359379,13,575.0,0.2596145672311616,20,756.0,0.1577650937596608,8,65.0,0.37994549398303856,41,1396.0
2690.0,38,352.0,2.957983193277311,3.5840555967519956,15,642.0,0.11652173016604044,16,694.0,0.1273866252480336,7,81.0,0.19572293679192013,38,1417.0
2695.0,32,188.0,1.6936936936936937,3.5990057507680757,15,650.0,0.1255971531833342,13,546.0,0.18419320177188042,4,65.0,0.1776727983670221,32,1261.0
2700.0,30,149.0,1.3669724770642202,4.418128389307151,12,582.0,0.15105813690689074,15,567.0,0.29497368148855135,3,36.0,0.27196909286899174,30,1185.0
2705.0,25,102.0,0.8947368421052632,4.573377817967563,9,583.0,0.22213106516700695,14,535.0,0.2515760652740301,2,29.0,0.40389454153947724,25,1147.0
2710.0,33,116.0,0.9914529914529915,3.961355556920904,11,630.0,0.19434691964645964,13,485.0,0.16993217582287834,9,54.0,0.33780624031103734,33,1169.0
2715.0,27,89.0,0.7478991596638656,3.1971251797255484,11,621.0,0.11744702261593516,7,381.0,0.17311979343249007,9,79.0,0.17906898004359625,27,1081.0
2720.0,19,59.0,0.5315315315315315,4.093228791257095,6,534.0,0.18803546998209691,7,307.0,0.2543205797079228,6,77.0,0.24678360018963544,19,918.0
2725.0,16,56.0,0.47863247863247865,4.967593050328938,5,385.0,0.2406938704944819,8,273.0,0.26238102607330277,3,57.0,0.3332664009299022,16,715.0
2730.0,23,110.0,0.9016393442622951,5.196471532137036,4,299.0,0.3575696713711942,15,280.0,0.23802558568149676,4,50.0,0.3897009704303552,23,629.0
2735.0,25,153.0,1.2439024390243902,4.921179701715765,3,188.0,0.3808189981475976,13,256.0,0.16646908056874388,9,78.0,0.303288123411804,25,522.0
2740.0,24,91.0,0.7459016393442623,4.631137477949021,1,132.0,0.3988732091261628,15,210.0,0.15496399135079375,8,97.0,0.1851888171742244,24,439.0
2745.0,23,94.0,0.8173913043478261,5.433815143024445,6,133.0,0.3712511830610173,13,207.0,0.23280675925994512,4,77.0,0.2512970437226314,23,417.0
2750.0,26,162.0,1.4727272727272727,5.135296710098897,6,123.0,0.18840993524775096,18,243.0,0.2915813477141146,2,30.0,0.26051739101062454,26,396.0
2755.0,27,169.0,1.5943396226415094,4.7718791794360325,3,75.0,0.23833361692051003,20,288.0,0.19109226071586993,4,22.0,0.38585019534638043,27,385.0
2760.0,24,145.0,1.4077669902912622,4.928523630492285,3,46.0,0.3341484127632432,19,294.0,0.18008493646794643,2,26.0,0.4149641141898449,24,366.0
2765.0,26,147.0,1.348623853211009,5.175022903887201,5,61.0,0.3829895282035794,20,289.0,0.1559141785224529,1,9.0,0.5341856954470847,26,359.0
2770.0,29,217.0,1.9375,5.685937803857857,8,91.0,0.35797547783180356,19,316.0,0.20463407799663969,2,10.0,0.5726184695909261,29,417.0
2775.0,30,227.0,2.045045045045045,5.335842133171648,8,88.0,0.3346488811026839,18,353.0,0.24953569813061433,4,18.0,0.42994941268136744,30,459.0
2780.0,29,189.0,1.6875,4.989815517457196,13,109.0,0.2413299962376181,14,364.0,0.2587736774606549,2,18.0,0.42217884297118474,29,491.0
2785.0,38,226.0,2.0,4.293411947224483,20,191.0,0.060624979832486645,13,321.0,0.24201294459980788,5,13.0,0.36451427089588634,38,525.0
2790.0,35,238.0,2.2037037037037037,3.2645050479799713,20,251.0,0.1066717104123462,8,330.0,0.1445518425133557,7,41.0,0.25262985202968374,35,622.0
2795.0,36,192.0,1.794392523364486,3.8099038014333106,14,263.0,0.24010179275368682,14,323.0,0.16013646519252805,8,69.0,0.3010994391576304,36,655.0
2800.0,29,190.0,1.6814159292035398,4.702276767090286,8,218.0,0.29157875133718564,16,339.0,0.23295935069291862,5,56.0,0.36658687787126726,29,613.0
2805.0,27,140.0,1.1965811965811965,4.39613798547411,6,247.0,0.2642245864582886,18,372.0,0.18462248770906636,3,59.0,0.40593809609850123,27,678.0
2810.0,34,156.0,1.278688524590164,4.179432344519838,10,287.0,0.16600073718026617,17,371.0,0.1637472142263719,7,85.0,0.21480718287449005,34,743.0
2815.0,35,203.0,1.8288288288288288,3.7892525524547938,13,346.0,0.15023237923389657,15,341.0,0.14628558219395665,7,96.0,0.2090250736763746,35,783.0
2820.0,44,360.0,3.495145631067961,3.660704835235137,19,431.0,0.07449218493230114,22,383.0,0.24564912486708756,3,71.0,0.21407999733819214,44,885.0
2825.0,47,473.0,4.420560747663552,4.346117914920332,19,470.0,0.09790685842856033,25,444.0,0.1739053046560488,3,34.0,0.37005411074431416,47,948.0
2830.0,41,542.0,5.262135922330097,4.688438199041877,13,399.0,0.14952986627787546,26,558.0,0.17076728772586086,2,23.0,0.4315188570211526,41,980.0
2835.0,38,473.0,4.548076923076923,3.771295872627335,10,448.0,0.1135947999227065,23,602.0,0.16083628635168148,5,30.0,0.3817022837220843,38,1080.0
2840.0,36,304.0,2.8411214953271027,4.269513160535153,15,513.0,0.17129730462810708,20,553.0,0.13341516556854557,1,14.0,0.5783066565620731,36,1080.0
2845.0,47,275.0,2.5700934579439254,4.253594905660936,22,599.0,0.15897580509599035,19,449.0,0.18325283484020502,6,20.0,0.40610860282382116,47,1068.0
2850.0,37,304.0,2.923076923076923,4.349873263456026,19,696.0,0.1885327822166067,14,389.0,0.23350417223613038,4,32.0,0.49006395040507383,37,1117.0
2855.0,29,225.0,2.1634615384615383,3.7616666563883787,19,709.0,0.12997921346000407,7,392.0,0.26545137927420676,3,32.0,0.46668327523253944,29,1133.0
2860.0,30,141.0,1.2260869565217392,4.125045342524064,20,608.0,0.1020364283426156,7,391.0,0.2792826024716782,3,39.0,0.345282244072112,30,1038.0
2865.0,35,194.0,1.6869565217391305,4.8946464135977665,14,501.0,0.18878476896130816,13,423.0,0.29742756725937836,8,68.0,0.26574813067806546,35,992.0
2870.0,36,168.0,1.4867256637168142,4.2688685444494965,11,375.0,0.22014791857959615,14,421.0,0.24099906065437965,11,94.0,0.14684460583083658,36,890.0
2875.0,30,155.0,1.4220183486238531,5.288923919484564,9,343.0,0.45027001795244004,16,362.0,0.20690784825473624,5,84.0,0.3585426555461859,30,789.0
2880.0,22,123.0,1.128440366972477,5.040339463560597,5,268.0,0.4525852516227255,13,357.0,0.16398016725930945,4,94.0,0.3267371834189575,22,719.0
2885.0,19,72.0,0.6260869565217392,5.167238300628003,0,204.0,0.4886936088407623,10,382.0,0.18150342894863133,9,128.0,0.259375223753119,19,714.0
2890.0,25,84.0,0.7924528301886793,4.393858404812667,6,183.0,0.33414913245967187,10,368.0,0.13701718366821003,9,138.0,0.1999098889660332,25,689.0
2895.0,32,122.0,1.196078431372549,3.9104125923312316,12,233.0,0.19156540717433942,13,290.0,0.16855780346276156,7,107.0,0.2440780533557871,32,630.0
2900.0,28,182.0,1.8571428571428572,4.6264465353068,15,303.0,0.2413835845797256,7,289.0,0.1957205562838281,6,70.0,0.42800162637214023,28,662.0
2905.0,29,164.0,1.5471698113207548,4.2845716667099545,15,311.0,0.1563006395828943,10,272.0,0.17733624288242686,4,58.0,0.36828714238683813,29,641.0
2910.0,17,73.0,0.7087378640776699,4.55654327990651,6,247.0,0.28010075202678814,9,255.0,0.18040649652352364,2,36.0,0.3603147132464006,17,538.0
2915.0,16,61.0,0.61,4.802162950633811,2,230.0,0.2952907128929219,7,211.0,0.18087547411705626,7,56.0,0.34841361036216695,16,497.0
2920.0,26,145.0,1.45,4.825504414760661,9,255.0,0.31186148227546184,7,142.0,0.1912784726734639,10,102.0,0.2891324942758798,26,499.0
2925.0,22,146.0,1.5208333333333333,4.398636381472584,8,238.0,0.3098858715634913,5,122.0,0.27354925882268694,9,120.0,0.2985759556350065,22,480.0
2930.0,17,121.0,1.1862745098039216,5.141076760062513,5,158.0,0.24409309455455186,7,123.0,0.37415829288803215,5,93.0,0.395398813117105,17,374.0
2935.0,12,151.0,1.438095238095238,6.378395846302188,3,72.0,0.3019201456296081,7,143.0,0.4671236242088641,2,54.0,0.41287476343975815,12,269.0
2940.0,12,171.0,1.5981308411214954,5.540593691487377,3,65.0,0.230090178920506,7,174.0,0.4882959982705438,2,54.0,0.33340210936968273,12,293.0
2945.0,25,267.0,2.4272727272727272,5.230116055850173,8,93.0,0.2084218183635229,9,218.0,0.47274294948827567,8,78.0,0.2639698684566283,25,389.0
2950.0,39,425.0,4.12621359223301,3.5477160796143887,14,149.0,0.1849138859160576,10,261.0,0.30068120459151654,15,134.0,0.20962100623519825,39,544.0
2955.0,45,563.0,5.311320754716981,2.281094263128404,13,166.0,0.15514453931615182,11,316.0,0.11412419846915522,21,222.0,0.11512060602651623,45,704.0
2960.0,42,585.0,5.4672897196261685,2.8612439318131404,10,138.0,0.19964819640063072,11,371.0,0.17385559753340088,21,285.0,0.1405936655431149,42,794.0
2965.0,46,581.0,5.052173913043478,3.4522760705412767,11,129.0,0.1970764567265252,15,434.0,0.28150426855998717,20,284.0,0.10651958387673655,46,847.0
2970.0,40,617.0,5.273504273504273,4.554867598846961,9,158.0,0.22686146738286572,15,505.0,0.3608998193282562,16,272.0,0.19513984240615495,40,935.0
2975.0,39,676.0,5.827586206896552,4.603768155014413,9,203.0,0.16146429543918928,18,585.0,0.3321313470146354,12,269.0,0.22224225456698835,39,1057.0
2980.0,38,748.0,6.338983050847458,3.8025356118270808,13,259.0,0.17408799620518067,19,669.0,0.18482902354540515,6,275.0,0.27372998155538814,38,1203.0
2985.0,38,812.0,7.12280701754386,3.480497971612122,14,292.0,0.20382017194532118,18,739.0,0.06461819679955545,6,296.0,0.29644039724409577,38,1327.0
2990.0,38,870.0,7.565217391304348,3.199906493061445,13,275.0,0.16293958606598138,17,809.0,0.1593194423860666,8,299.0,0.23411559201126358,38,1383.0
2995.0,30,456.0,3.9310344827586206,3.738838501637375,10,307.0,0.16973397084294045,14,717.0,0.24113238510094234,6,259.0,0.257734872026998,30,1283.0
3000.0,27,123.0,1.0336134453781514,4.533999937780306,14,369.0,0.10913448936110366,11,408.0,0.2919668265530814,2,176.0,0.2341860074399615,27,953.0
3005.0,24,122.0,1.0082644628099173,4.524307373300687,10,387.0,0.13628403419662788,12,222.0,0.24004622063550804,2,159.0,0.2671679689988526,24,768.0
3010.0,23,109.0,0.9819819819819819,4.224827455289252,4,329.0,0.18618857062143684,10,252.0,0.19220252352339406,9,189.0,0.22715903196401424,23,770.0
3015.0,32,161.0,1.4636363636363636,4.154464883969822,5,235.0,0.2163088324424272,12,248.0,0.25363094731308855,15,252.0,0.19421655004415167,32,735.0
3020.0,34,262.0,2.403669724770642,3.85356457205247,3,239.0,0.2237523368144742,10,258.0,0.36078788966861014,21,345.0,0.16749192686810857,34,842.0
3025.0,46,340.0,2.9565217391304346,3.228822486217702,10,266.0,0.14654885795135927,13,283.0,0.25734333003584403,23,392.0,0.1558793994562881,46,941.0
3030.0,37,327.0,2.919642857142857,3.3638066940867275,8,262.0,0.1953171024235423,11,330.0,0.2943151169939626,18,373.0,0.165950900118225,37,965.0
3035.0,30,211.0,1.8839285714285714,3.725130181686684,6,200.0,0.2456708713912545,7,271.0,0.32001782205645607,17,313.0,0.15287488586112213,30,784.0
3040.0,21,99.0,0.825,4.197651670843224,3,117.0,0.2263828144217929,3,255.0,0.3390299348370694,15,378.0,0.17594957358283558,21,750.0
3045.0,24,94.0,0.7704918032786885,4.9436040062761535,3,77.0,0.27294792616503977,6,256.0,0.3314974016126943,15,443.0,0.1890358153796429,24,776.0
3050.0,26,119.0,1.017094017094017,4.468819510339489,4,62.0,0.31560211144018074,11,278.0,0.28911267944826713,11,451.0,0.17379347825639502,26,791.0
3055.0,17,69.0,0.5948275862068966,5.113186056736638,2,42.0,0.4243551393572432,8,240.0,0.36517518539704363,7,370.0,0.2041379750899336,17,652.0
3060.0,20,80.0,0.6896551724137931,5.388805548897042,6,55.0,0.3241073206980628,8,139.0,0.294799742039431,6,295.0,0.22021036226534021,20,489.0
3065.0,29,159.0,1.358974358974359,4.4262545650857845,12,102.0,0.1939016050070186,14,112.0,0.19922027584347857,3,287.0,0.21332673347112774,29,501.0
3070.0,38,189.0,1.7830188679245282,3.4278582609756434,14,138.0,0.12352797281306559,15,156.0,0.09453075758656115,9,309.0,0.21054763759616302,38,603.0
3075.0,29,134.0,1.3009708737864079,3.9563176065172887,12,140.0,0.21210628352889915,10,167.0,0.2270958127152691,7,305.0,0.21945184799933876,29,612.0
3080.0,14,37.0,0.3627450980392157,4.571258212795829,6,165.0,0.2585309702203057,3,153.0,0.3981326967253216,5,247.0,0.2438625464540854,14,565.0
3085.0,25,58.0,0.5272727272727272,3.8672188709967146,11,201.0,0.12239036794532873,8,157.0,0.21246275027465614,6,244.0,0.18116431795778504,25,602.0
3090.0,27,93.0,0.8773584905660378,3.403938289899457,9,215.0,0.168069415266038,8,160.0,0.15339318717416264,10,280.0,0.1492906098146663,27,655.0
3095.0,17,57.0,0.57,3.6943126224377467,5,186.0,0.2569520744337048,4,125.0,0.24461295317052162,8,271.0,0.18883216668574568,17,582.0
3100.0,16,38.0,0.3584905660377358,4.414526175800525,6,125.0,0.2411072943247825,3,129.0,0.39407872323542387,7,213.0,0.17437132015023857,16,467.0
3105.0,16,76.0,0.6972477064220184,5.700846882349143,2,80.0,0.31978337767203874,10,161.0,0.37696521719549353,4,118.0,0.21076529275738798,16,359.0
3110.0,25,145.0,1.2946428571428572,4.807471643276991,4,51.0,0.3744610038100321,17,233.0,0.18944552043483864,4,114.0,0.19520444058998568,25,398.0
3115.0,33,290.0,2.685185185185185,4.533313621720778,4,53.0,0.5009437481872657,23,338.0,0.10234616121180723,6,139.0,0.20113228608594613,33,530.0
3120.0,48,501.0,5.01,3.4083753830832473,5,67.0,0.45209166702765347,30,478.0,0.060383881899753404,13,193.0,0.10207845175321079,48,738.0
3125.0,58,770.0,7.333333333333333,2.9797651556207185,6,97.0,0.40610342640020003,33,634.0,0.04226021690898647,19,276.0,0.1048171752457788,58,1007.0
3130.0,58,780.0,7.647058823529412,2.419537645724403,3,65.0,0.2927259900313438,30,704.0,0.051582556891993155,25,386.0,0.10475456545476783,58,1155.0
3135.0,57,791.0,7.462264150943396,2.9471818925758666,6,35.0,0.3469269036091683,25,680.0,0.07675866890340735,26,512.0,0.08219166570677186,57,1227.0
3140.0,50,687.0,6.669902912621359,3.207991862042607,9,76.0,0.3743309719507996,17,737.0,0.14191642907741653,24,558.0,0.12150933933654426,50,1371.0
3145.0,49,508.0,4.884615384615385,2.832914903910809,12,129.0,0.27358740801526366,17,814.0,0.1484932031348046,20,513.0,0.07193531445717177,49,1456.0
3150.0,41,446.0,4.372549019607843,2.975519598180797,15,193.0,0.22572070303625866,11,797.0,0.16880232925516403,15,556.0,0.13625120168869462,41,1546.0
3155.0,33,389.0,3.7766990291262137,3.5333399213859433,14,251.0,0.26317713959318256,4,647.0,0.14804115088205375,15,634.0,0.1533670458786683,33,1532.0
3160.0,41,485.0,4.4907407407407405,3.7093674274032407,18,331.0,0.2509549252476733,4,504.0,0.18989476874231676,19,719.0,0.16151246570963715,41,1554.0
3165.0,37,505.0,5.05,3.2065451160267004,20,425.0,0.24393975970439546,2,507.0,0.2564811120727662,15,717.0,0.16672385931095868,37,1649.0
3170.0,43,611.0,5.657407407407407,2.7616151989131517,23,535.0,0.08577519747212713,7,531.0,0.21988722054724133,13,624.0,0.11013785882377013,43,1690.0
3175.0,53,784.0,7.2592592592592595,3.1519618392050326,30,667.0,0.0674477521521118,12,582.0,0.27726613186602805,11,477.0,0.18348373762141673,53,1726.0
3180.0,45,709.0,6.564814814814815,2.8786638753743756,26,736.0,0.03241817503283945,14,574.0,0.16967057379725944,5,404.0,0.23842778992362618,45,1714.0
3185.0,37,485.0,4.330357142857143,4.208846120740433,20,717.0,0.17438084275241225,12,446.0,0.23809188251546828,5,399.0,0.33774651384643467,37,1562.0
3190.0,35,406.0,3.690909090909091,5.259677536267037,16,623.0,0.28633628001063344,10,344.0,0.24200814004220023,9,428.0,0.33938035634179947,35,1395.0
3195.0,33,318.0,2.9174311926605503,4.2115972383842095,13,579.0,0.3268161876158612,4,354.0,0.2441188462475954,16,485.0,0.16733833199178225,33,1418.0
3200.0,32,300.0,2.803738317757009,4.2378487324229726,10,539.0,0.3608773625624528,8,384.0,0.22670396868801918,14,493.0,0.14987905317436917,32,1416.0
3205.0,36,238.0,2.2037037037037037,3.896905876511543,9,494.0,0.24576004033430976,14,447.0,0.1717261276705793,13,428.0,0.15204637538507765,36,1369.0
3210.0,24,130.0,1.2264150943396226,4.425751701805815,1,461.0,0.30959497169217537,15,457.0,0.21998750700826408,8,321.0,0.2268129064097248,24,1239.0
3215.0,20,86.0,0.8269230769230769,4.436029716547936,3,455.0,0.30433408334818896,11,391.0,0.18393581240714832,6,341.0,0.2788590027997287,20,1187.0
3220.0,29,113.0,1.0462962962962963,4.613256586005843,6,450.0,0.31196521217812323,11,408.0,0.12518568821171805,12,384.0,0.22842470612264587,29,1242.0
3225.0,29,122.0,1.2323232323232323,3.740237555063426,7,429.0,0.24881319388033,14,472.0,0.14713741509578285,8,376.0,0.18929381722954391,29,1277.0
3230.0,25,118.0,1.2164948453608246,3.219967181744565,6,361.0,0.12850959326069167,14,547.0,0.15724835223601755,5,281.0,0.18466869333392857,25,1189.0
3235.0,20,111.0,1.121212121212121,4.087855540388003,3,376.0,0.21006132521657989,14,532.0,0.1795335430841407,3,166.0,0.2747079032869479,20,1074.0
3240.0,19,89.0,0.8811881188118812,4.597050590915999,7,405.0,0.19707395879897086,10,429.0,0.1538165684307703,2,102.0,0.33868426113899264,19,936.0
3245.0,17,59.0,0.5784313725490197,4.621358086499479,5,381.0,0.29554298698039366,10,288.0,0.15151338528843356,2,76.0,0.4036419478767258,17,745.0
3250.0,15,55.0,0.5555555555555556,5.177453727759937,2,300.0,0.37205059761654985,8,322.0,0.23949312367563516,5,92.0,0.38811848243131053,15,714.0
3255.0,23,116.0,1.16,3.9342783741858676,4,223.0,0.2466627417307222,9,367.0,0.1618668148758583,10,135.0,0.2165510521714544,23,725.0
3260.0,28,142.0,1.4343434343434343,3.1940359771058926,4,225.0,0.23401377150114794,13,423.0,0.1724475821564713,11,157.0,0.1505260852026424,28,805.0
3265.0,33,130.0,1.2380952380952381,3.1159209149738336,9,252.0,0.08615289065630519,16,427.0,0.12542230327254927,8,127.0,0.2331822304165607,33,806.0
3270.0,22,90.0,0.8910891089108911,3.8355626459976673,5,235.0,0.24393210444575597,12,341.0,0.14055578248877987,5,129.0,0.2974505121680032,22,705.0
3275.0,22,73.0,0.7227722772277227,4.62066862002779,3,114.0,0.3257991810211113,9,272.0,0.18789577296160734,10,167.0,0.2557842226031176,22,553.0
3280.0,24,124.0,1.1923076923076923,4.285529081729522,2,124.0,0.3561234541781381,10,226.0,0.22437344980899415,12,220.0,0.24783668250377539,24,570.0
3285.0,19,128.0,1.2307692307692308,4.913787245784688,3,137.0,0.3255242847514967,6,193.0,0.3631072458243624,10,234.0,0.27946824109151575,19,564.0
3290.0,15,42.0,0.38181818181818183,4.001617379207572,3,110.0,0.20610855151034582,2,150.0,0.3897827328512532,10,195.0,0.20524234839262726,15,455.0
3295.0,19,57.0,0.5229357798165137,4.6663770522901356,3,76.0,0.2539184223838926,8,153.0,0.38976815036575496,8,199.0,0.19435399156105226,19,428.0
3300.0,22,77.0,0.7129629629629629,3.7985363317795438,2,55.0,0.19172947776649557,7,160.0,0.28111490214496926,13,246.0,0.11221871129575597,22,461.0
3305.0,29,142.0,1.290909090909091,3.300930155943181,7,79.0,0.18871899145775048,6,130.0,0.16929107352674802,16,317.0,0.1337138763716376,29,526.0
3310.0,26,134.0,1.2641509433962264,3.6923407265995483,7,88.0,0.21559830636914346,4,84.0,0.25705044215549455,15,336.0,0.19805083145050745,26,508.0
3315.0,20,96.0,0.8807339449541285,4.370940745818172,5,71.0,0.25215532955277653,4,76.0,0.482494504901336,11,304.0,0.18185289116059383,20,451.0
3320.0,23,108.0,0.972972972972973,4.248879262381374,6,83.0,0.2325142332641434,4,69.0,0.6128361266878012,13,358.0,0.1498347435547571,23,510.0
3325.0,38,184.0,1.5333333333333334,3.200489455138135,13,123.0,0.1280719517400785,8,87.0,0.3580474742371696,17,430.0,0.06820492958442903,38,640.0
3330.0,24,93.0,0.8230088495575221,2.6676612035759644,9,135.0,0.14586566162264877,3,61.0,0.20607211906198064,12,443.0,0.10749436396999687,24,639.0
3335.0,18,61.0,0.5700934579439252,3.576080833533881,5,104.0,0.15078452125733777,7,50.0,0.362625378627891,6,375.0,0.15620311088323863,18,529.0
3340.0,21,102.0,0.918918918918919,3.6074107068055117,6,111.0,0.1281736512429296,9,94.0,0.40193997502331225,6,402.0,0.13255693247604813,21,607.0
3345.0,29,204.0,1.871559633027523,3.107996954059553,8,142.0,0.14440281667845062,10,141.0,0.26407408265581755,11,444.0,0.11559863232597412,29,727.0
3350.0,34,264.0,2.4220183486238533,1.8899817853140122,8,148.0,0.10561193986375202,14,205.0,0.09034545816887238,12,437.0,0.09102792928055546,34,790.0
3355.0,23,177.0,1.6857142857142857,3.7211016508078925,6,123.0,0.1829577678788588,11,222.0,0.3327882228041155,6,347.0,0.1742800437490322,23,692.0
3360.0,11,59.0,0.5514018691588785,4.346980637710894,3,107.0,0.23290770303649147,4,145.0,0.40803932342058546,4,333.0,0.18555386832562779,11,585.0
3365.0,18,52.0,0.45614035087719296,3.908840115208754,6,134.0,0.16784010580671282,3,149.0,0.3250821194495066,9,368.0,0.1337053921232631,18,651.0
3370.0,24,115.0,1.0849056603773586,3.1937485117063806,12,183.0,0.14271057683508487,5,166.0,0.20646844922482843,7,351.0,0.14079985998882744,24,700.0
3375.0,24,95.0,0.8878504672897196,3.085148347540732,13,208.0,0.11031293524248333,7,157.0,0.21227041332637686,4,267.0,0.17007377601781948,24,632.0
3380.0,14,51.0,0.49038461538461536,4.601137983035646,8,180.0,0.223666300578509,3,109.0,0.5338567495127955,3,238.0,0.22448362871523517,14,527.0
3385.0,21,43.0,0.3805309734513274,4.420492335833034,9,128.0,0.18805131504343103,3,45.0,0.4825493496497235,9,269.0,0.13453038229780484,21,442.0
3390.0,17,40.0,0.36036036036036034,4.187108459666217,7,107.0,0.23973706337489112,2,46.0,0.4385462050623502,8,256.0,0.1340275641118476,17,409.0
3395.0,13,48.0,0.4528301886792453,5.110935863502496,4,90.0,0.31544979598807993,5,68.0,0.3502407436011858,4,186.0,0.19237103798473904,13,344.0
3400.0,18,96.0,0.8888888888888888,4.948438222568667,5,82.0,0.42371982357758736,8,102.0,0.2683607281347967,5,181.0,0.17195385914459196,18,365.0
3405.0,18,72.0,0.6792452830188679,4.6407439057917435,1,63.0,0.47246261767983483,6,96.0,0.2582937406742421,11,217.0,0.15228693498876167,18,376.0
3410.0,20,76.0,0.6909090909090909,4.010101187035857,7,79.0,0.33677623310229077,5,68.0,0.15499288588751792,8,213.0,0.13275229814052006,20,360.0
3415.0,28,124.0,1.203883495145631,3.6079407375269095,13,130.0,0.21452627224063964,8,104.0,0.20972711078479653,7,169.0,0.16760548423637803,28,403.0
3420.0,36,220.0,2.2222222222222223,2.7622203914471215,20,213.0,0.04464996540404521,10,154.0,0.18931586802047867,6,185.0,0.13333572055274864,36,552.0
3425.0,39,278.0,2.6476190476190475,3.1299122136111786,19,273.0,0.10137825144748881,10,198.0,0.18678815607439858,10,228.0,0.11326533156701749,39,699.0
3430.0,36,266.0,2.686868686868687,2.885314598236133,11,262.0,0.21792526432725226,15,262.0,0.19023885019514677,10,224.0,0.11577966204375177,36,748.0
3435.0,35,275.0,2.619047619047619,2.991253667196612,8,283.0,0.18299578432197053,20,353.0,0.0990715259564131,7,170.0,0.13502814552498743,35,806.0
3440.0,38,396.0,3.7358490566037736,4.146074847570249,10,328.0,0.18780163384347429,23,462.0,0.20479820950950584,5,112.0,0.22671802064775465,38,902.0
3445.0,38,320.0,2.909090909090909,2.9045219554923585,10,326.0,0.08762218597026745,22,496.0,0.130055484758367,6,115.0,0.18146334620648683,38,937.0
3450.0,28,255.0,2.383177570093458,4.130944346528382,6,275.0,0.23712381622755094,13,453.0,0.19402406670303016,9,148.0,0.2486895939555495,28,876.0
3455.0,29,259.0,2.4903846153846154,3.76403389788342,3,195.0,0.2965172944907228,12,460.0,0.14831305761046734,14,209.0,0.16841481733955213,29,864.0
3460.0,33,214.0,1.9454545454545455,3.3518155699662135,3,182.0,0.2295648208298641,15,523.0,0.09351490199516792,15,242.0,0.12398956664532639,33,947.0
3465.0,28,135.0,1.2735849056603774,3.828499799415182,7,210.0,0.158179453975787,10,528.0,0.2187026239161746,11,222.0,0.1944835824640609,28,960.0
3470.0,21,77.0,0.719626168224299,4.066530087764865,11,210.0,0.16174313420126515,2,433.0,0.28266615152595637,8,171.0,0.2117915326941655,21,814.0
3475.0,12,40.0,0.37735849056603776,4.716288704935322,7,160.0,0.3056740613191582,1,444.0,0.27918248998918876,4,190.0,0.26114192073584036,12,794.0
3480.0,25,71.0,0.6698113207547169,3.7476501845840744,7,169.0,0.19518644233140936,8,471.0,0.11851018291332625,10,224.0,0.15926616393843054,25,864.0
3485.0,33,150.0,1.4018691588785046,2.910335892552707,10,211.0,0.10756892938441551,8,456.0,0.11479358416837902,15,283.0,0.11986938708182324,33,950.0
3490.0,36,268.0,2.707070707070707,2.8954202553010386,12,274.0,0.17818399207629285,4,367.0,0.20569790753945827,20,370.0,0.19354982324993175,36,1011.0
3495.0,35,249.0,2.394230769230769,3.276609190357223,12,279.0,0.20927592632454162,5,259.0,0.2088441103441192,18,409.0,0.1819350375179359,35,947.0
3500.0,21,135.0,1.2857142857142858,4.884864191372651,7,216.0,0.30443948831532036,2,201.0,0.4571677187008538,12,340.0,0.20530330869738594,21,757.0
3505.0,26,97.0,0.8584070796460177,4.438445516621223,7,131.0,0.23095448712642247,5,118.0,0.38574591721563306,14,274.0,0.14955565193459344,26,523.0
3510.0,16,51.0,0.4473684210526316,4.586705735461236,5,140.0,0.2233689677630189,1,103.0,0.47410403206385926,10,323.0,0.18689619997171203,16,566.0
3515.0,29,106.0,0.954954954954955,4.198568930229734,11,175.0,0.1489619315315027,6,115.0,0.3327975566648869,12,378.0,0.17262023027169093,29,668.0
3520.0,30,134.0,1.2641509433962264,3.4542967938072597,12,197.0,0.1386716481760431,10,158.0,0.13979411518015097,8,371.0,0.17837698247495049,30,726.0
3525.0,27,173.0,1.7474747474747474,3.8155143554306608,7,183.0,0.22784194439031275,17,238.0,0.2039405688924836,3,291.0,0.2235663893373438,27,712.0
3530.0,29,244.0,2.2803738317757007,3.0975645207948728,6,182.0,0.16881300055743403,20,329.0,0.15302365924722083,3,303.0,0.132022022778487,29,814.0
3535.0,41,406.0,3.794392523364486,3.082706981027657,8,211.0,0.1328144923706479,24,439.0,0.12940971751650912,9,336.0,0.13562161619671922,41,986.0
3540.0,43,424.0,4.282828282828283,1.8120536121750666,7,212.0,0.08640689628956014,20,471.0,0.04583328225665434,16,399.0,0.06009531404381731,43,1082.0
3545.0,36,306.0,2.970873786407767,3.195689351146429,6,175.0,0.25384547873028745,13,384.0,0.19395445982490436,17,417.0,0.1497656403397375,36,976.0
3550.0,25,200.0,1.9230769230769231,4.861837657867538,5,119.0,0.3382950184137121,9,304.0,0.3159246489414876,11,339.0,0.21220303458466896,25,762.0
3555.0,26,161.0,1.4375,4.9207415819255536,7,146.0,0.30279793040810177,10,255.0,0.33012253075734077,9,270.0,0.19328752915665728,26,671.0
3560.0,23,173.0,1.5446428571428572,5.819987018824089,8,185.0,0.3139762155097954,8,247.0,0.48269625177083975,7,206.0,0.25097781125736685,23,638.0
3565.0,21,121.0,1.0707964601769913,4.864137899056015,12,208.0,0.22743815405149292,4,225.0,0.420407402849079,5,211.0,0.24442423609358999,21,644.0
3570.0,24,165.0,1.5137614678899083,5.550898368968068,10,235.0,0.24082977580144738,6,232.0,0.3801301943587241,8,247.0,0.29339317690517047,24,714.0
3575.0,21,180.0,1.7647058823529411,4.432333821398839,9,217.0,0.17317673987389573,7,231.0,0.24873816681468564,5,243.0,0.2802573690982481,21,691.0
3580.0,20,194.0,1.94,4.338497716014246,10,237.0,0.24139771352925452,5,189.0,0.2974278906514071,5,187.0,0.2504862911266203,20,613.0
3585.0,10,57.0,0.57,5.687781535239806,4,187.0,0.3321000350066928,3,121.0,0.4173451748231101,3,119.0,0.2962287936734097,10,427.0
3590.0,8,21.0,0.19444444444444445,5.1302028320002035,4,104.0,0.3587474238272861,2,113.0,0.322040134427718,2,113.0,0.22714772627462448,8,330.0
3595.0,18,71.0,0.6761904761904762,5.293012155526826,5,97.0,0.3115070827376374,6,136.0,0.3102493053888388,7,137.0,0.24403710590336136,18,370.0
3600.0,23,125.0,1.3157894736842106,3.785765837963521,5,91.0,0.1852374519976985,5,130.0,0.1859565621016457,13,194.0,0.15094586435457127,23,415.0
