step,system_total_stopped,system_total_waiting_time,system_mean_waiting_time,system_mean_speed,A0_stopped,A0_accumulated_waiting_time,A0_average_speed,B0_stopped,B0_accumulated_waiting_time,B0_average_speed,C0_stopped,C0_accumulated_waiting_time,C0_average_speed,agents_total_stopped,agents_total_accumulated_waiting_time
0.0,0,0.0,0.0,0.0,0,0.0,1.0,0,0.0,1.0,0,0.0,1.0,0,0.0
5.0,0,0.0,0.0,7.335188401319708,0,0.0,0.48321809121438575,0,0.0,0.6058786640800056,0,0.0,0.6103049264684905,0,0.0
10.0,1,0.0,0.0,10.684785401876313,1,0.0,0.7131502855505367,0,0.0,0.997224339729762,0,0.0,0.8293498944656766,1,0.0
15.0,0,0.0,0.0,9.109280655363056,0,0.0,0.643690262032495,0,0.0,0.2922648084640679,0,0.0,0.5442252295956826,0,0.0
20.0,0,0.0,0.0,11.347567489210508,0,0.0,0.7532990486981062,0,0.0,0.9660551148423634,0,0.0,0.7904335269656583,0,0.0
25.0,9,1.0,0.038461538461538464,6.438175435691198,4,1.0,0.39841454016429106,2,0.0,0.3174907933680908,3,0.0,0.42222248356145586,9,1.0
30.0,5,18.0,0.6923076923076923,8.519235099830858,2,9.0,0.5502677993261137,2,8.0,0.5573034003732241,1,1.0,0.6972701342828088,5,18.0
35.0,5,30.0,1.1538461538461537,6.495485227449838,3,21.0,0.39435314210885725,0,0.0,0.4771852530665883,2,9.0,0.546049999961317,5,30.0
40.0,9,34.0,0.9714285714285714,6.2177150655645095,4,25.0,0.3164175311764449,2,6.0,0.2198901505616474,3,20.0,0.3953394354245162,9,51.0
45.0,4,36.0,1.1612903225806452,7.868587215341627,0,16.0,0.501115740893093,0,2.0,0.9551135319953241,4,36.0,0.4550682290857304,4,54.0
50.0,7,59.0,1.5526315789473684,5.915044703694404,2,9.0,0.3668892508415372,1,3.0,0.505274227599628,4,58.0,0.2951899020749265,7,70.0
55.0,8,81.0,2.025,7.2546115124522625,2,8.0,0.49752751438977955,0,2.0,0.8095842147452275,6,82.0,0.37434038669583186,8,92.0
60.0,8,46.0,1.15,6.730251414330709,3,20.0,0.3550886463101383,1,4.0,0.5099410960265243,4,79.0,0.30054593124788925,8,103.0
65.0,7,21.0,0.4772727272727273,5.712938674041471,5,29.0,0.24216126372099678,0,5.0,0.4835172188580684,2,45.0,0.39291717952840166,7,79.0
70.0,4,8.0,0.18181818181818182,7.692350334407257,3,26.0,0.37328638830032806,0,4.0,0.7699142016958574,1,24.0,0.5431689189951098,4,54.0
75.0,7,18.0,0.34615384615384615,6.955827236386266,1,30.0,0.27249182780737236,2,7.0,0.5799463029003921,4,37.0,0.4102877756640388,7,74.0
80.0,11,42.0,0.84,6.409976098685188,3,41.0,0.32387646818666893,5,24.0,0.35597048958277544,3,38.0,0.5191281813958437,11,103.0
85.0,19,50.0,0.9433962264150944,4.072565333714799,9,69.0,0.14202968086474457,5,38.0,0.28428160565356037,5,16.0,0.29616814153114096,19,123.0
90.0,13,65.0,1.2037037037037037,6.973258895294524,9,93.0,0.2987007880524861,2,24.0,0.5646373401694109,2,14.0,0.6315411266469735,13,131.0
95.0,8,35.0,0.6363636363636364,6.54364248038887,6,96.0,0.3129948671318269,1,19.0,0.5716718789754104,1,3.0,0.5709326746235451,8,118.0
100.0,14,57.0,0.9193548387096774,6.090404779818438,6,109.0,0.31345305788432243,5,36.0,0.37385930001459833,3,15.0,0.46139945251898007,14,160.0
105.0,19,76.0,1.2666666666666666,4.865972195320569,11,146.0,0.21434191199542799,3,39.0,0.3827613320475637,5,35.0,0.35410660425961765,19,220.0
110.0,12,30.0,0.4838709677419355,3.5969447832489276,8,163.0,0.16928550162678818,1,15.0,0.23348486902009183,3,40.0,0.35879800931708133,12,218.0
115.0,10,35.0,0.546875,6.295769158079253,4,150.0,0.29977016680669394,3,26.0,0.4653957986673623,3,20.0,0.5532293852142598,10,196.0
120.0,12,81.0,1.2461538461538462,7.190612136670782,2,119.0,0.2913793560743451,8,56.0,0.5236749627262011,2,21.0,0.4936514105268652,12,196.0
125.0,16,157.0,2.242857142857143,6.415272431047236,4,102.0,0.24393428639198964,8,96.0,0.4046120637792411,4,39.0,0.4617871128368353,16,237.0
130.0,9,43.0,0.6323529411764706,5.542641455240473,1,76.0,0.2471748416761883,8,105.0,0.31369324885692457,0,14.0,0.4893789894810738,9,195.0
135.0,8,24.0,0.34285714285714286,6.015494036505848,4,76.0,0.297463018194457,2,67.0,0.18091370264874992,2,8.0,0.5423713456128467,8,151.0
140.0,10,48.0,0.7619047619047619,5.757714744641075,7,103.0,0.34979156146499174,3,82.0,0.2109680566622405,0,3.0,0.7110998756561375,10,188.0
145.0,24,83.0,1.2769230769230768,4.224996476906886,9,117.0,0.20327063248005114,12,119.0,0.1733119159457929,3,2.0,0.49216333436722315,24,238.0
150.0,17,73.0,1.123076923076923,5.235753109447143,7,117.0,0.188636439172436,9,132.0,0.32426921042960416,1,3.0,0.6439723157737239,17,252.0
155.0,14,60.0,0.9090909090909091,5.919024725614393,8,104.0,0.2493156654944979,3,93.0,0.36615065697713384,3,14.0,0.5491810335174853,14,211.0
160.0,13,58.0,0.8169014084507042,5.777462239172626,6,110.0,0.32198400120454584,2,48.0,0.28407032008155264,5,36.0,0.5016807892373689,13,194.0
165.0,14,83.0,1.2028985507246377,5.8834579340566036,7,134.0,0.3514203748225035,1,46.0,0.3258270319053858,6,64.0,0.5000795463608525,14,244.0
170.0,22,84.0,1.1830985915492958,3.4904320033109455,11,168.0,0.18577765044351982,7,69.0,0.14557786898504946,4,55.0,0.21920657157988074,22,292.0
175.0,23,142.0,2.0579710144927534,4.003725059594147,15,231.0,0.1485538186100446,5,78.0,0.25257487031929843,3,24.0,0.39322296321485994,23,333.0
180.0,20,118.0,1.7352941176470589,4.0695951729495805,13,266.0,0.19637488901846412,3,51.0,0.34050978904683477,4,20.0,0.3510189378016477,20,337.0
185.0,22,129.0,1.6753246753246753,5.858387408992877,12,247.0,0.2571034779436446,2,35.0,0.5288074088547914,8,50.0,0.40152880037064587,22,332.0
190.0,23,153.0,1.9870129870129871,5.951676497356181,11,213.0,0.2665705351389022,2,28.0,0.4992832155861356,10,97.0,0.3708071346663096,23,338.0
195.0,24,125.0,1.5625,4.460479238500982,10,241.0,0.18311374618118967,7,55.0,0.2564592581934388,7,106.0,0.18754453510594557,24,402.0
200.0,24,141.0,1.9315068493150684,4.872317819166994,13,296.0,0.17904661128302377,9,98.0,0.28276834601785156,2,58.0,0.35674677759203344,24,452.0
205.0,19,66.0,0.88,4.681057788206294,7,307.0,0.13397200686588043,9,107.0,0.27167046848029175,3,21.0,0.3508405740493677,19,435.0
210.0,12,44.0,0.6027397260273972,6.677502683412188,5,267.0,0.316282117501791,5,84.0,0.47552387156020165,2,25.0,0.5584882759790712,12,376.0
215.0,11,49.0,0.6712328767123288,6.56201146609969,3,201.0,0.34401052104701885,1,63.0,0.43696026567974605,7,49.0,0.3631581833245658,11,313.0
220.0,9,32.0,0.41025641025641024,5.303744626872881,0,184.0,0.3222674917812076,6,82.0,0.20933383859346028,3,57.0,0.34021001027387393,9,323.0
225.0,9,29.0,0.3972602739726027,5.61266362894198,4,192.0,0.21787036527042553,5,91.0,0.3301950899585475,0,22.0,0.49469510632034397,9,305.0
230.0,17,63.0,0.863013698630137,5.209663329714041,12,238.0,0.18812431796227555,3,60.0,0.3160055558250874,2,17.0,0.425392241695567,17,315.0
235.0,16,82.0,1.1549295774647887,5.6769759576300975,9,252.0,0.2781341356369047,2,45.0,0.3916914329917115,5,38.0,0.46507806847307526,16,335.0
240.0,17,73.0,1.042857142857143,4.791255513793552,8,211.0,0.2554287759064881,6,66.0,0.24023803231850246,3,37.0,0.2538537349799067,17,314.0
245.0,22,106.0,1.4324324324324325,4.354058284062538,9,252.0,0.13797252586298497,11,111.0,0.26883168453466844,2,23.0,0.3217493078986194,22,386.0
250.0,23,122.0,1.6266666666666667,4.722637852978154,13,309.0,0.11874317328858854,8,122.0,0.2857072765565819,2,22.0,0.5337762843643523,23,453.0
255.0,23,117.0,1.5,5.145452808464937,12,327.0,0.15235499925006193,7,92.0,0.29909752435448744,4,37.0,0.47200731429194787,23,456.0
260.0,7,19.0,0.2602739726027397,6.451356566755613,4,245.0,0.2978829078469281,3,105.0,0.3839868429650847,0,14.0,0.6577275402885812,7,364.0
265.0,19,47.0,0.6103896103896104,5.672995444738464,4,184.0,0.2222151252795687,11,136.0,0.2028823641945405,4,9.0,0.3670883354017041,19,329.0
270.0,13,41.0,0.5774647887323944,5.690304495566203,4,146.0,0.261955424932959,9,143.0,0.24612242022488695,0,9.0,0.4374700421557939,13,298.0
275.0,5,24.0,0.375,6.416270729681622,2,98.0,0.37333993173521823,3,109.0,0.3358850024298438,0,2.0,0.6031966063362445,5,209.0
280.0,8,18.0,0.2608695652173913,6.683623986512381,2,85.0,0.42184228373957794,4,65.0,0.33842674237518977,2,6.0,0.580530628301006,8,156.0
285.0,7,17.0,0.25,7.448227936676866,4,98.0,0.48189976668716134,2,61.0,0.34201813361661554,1,2.0,0.7710595550396726,7,161.0
290.0,15,51.0,0.7183098591549296,5.494191562338495,5,102.0,0.3061118978870564,8,92.0,0.14725262856259322,2,9.0,0.4938913795556354,15,203.0
295.0,25,127.0,1.8676470588235294,4.641530436169375,6,95.0,0.28477181563342974,13,150.0,0.22123878647597028,6,28.0,0.3668635355986176,25,273.0
300.0,17,89.0,1.3484848484848484,3.531998740225206,5,99.0,0.20894862492402091,9,165.0,0.12859200266109744,3,34.0,0.2786116464742126,17,298.0
305.0,18,83.0,1.077922077922078,5.5260231010948795,7,130.0,0.22614438437797701,9,133.0,0.25198668382106126,2,25.0,0.5364779044483207,18,288.0
310.0,16,65.0,0.8333333333333334,6.096493024082698,5,127.0,0.27855546155408517,9,162.0,0.35617750899424844,2,20.0,0.6152941698577796,16,309.0
315.0,13,53.0,0.6309523809523809,5.972406582995972,5,102.0,0.22109675553153085,8,204.0,0.37589410974135645,0,2.0,0.5134212049900946,13,308.0
320.0,18,114.0,1.3411764705882352,5.786414015143912,5,78.0,0.21918898234907475,11,253.0,0.24257037904142303,2,10.0,0.4555670828840015,18,341.0
325.0,18,77.0,0.9390243902439024,3.886075140105301,5,76.0,0.1595842938218671,13,263.0,0.1292671303055376,0,6.0,0.2761005497263094,18,345.0
330.0,18,79.0,0.9518072289156626,5.1314668368324305,4,100.0,0.25644737607114665,12,238.0,0.21161464173037745,2,10.0,0.5679474203655681,18,348.0
335.0,21,114.0,1.3734939759036144,5.925204752201158,4,101.0,0.3292250305313687,15,211.0,0.2770641298069752,2,20.0,0.6948591346253544,21,332.0
340.0,14,50.0,0.5747126436781609,5.108888511528353,4,78.0,0.32802472151307294,10,246.0,0.24951324284846008,0,3.0,0.5976210548059181,14,327.0
345.0,17,62.0,0.6813186813186813,5.101644533890927,5,84.0,0.2958454127829129,10,251.0,0.1626877736160098,2,11.0,0.5863912584986148,17,346.0
350.0,21,72.0,0.7741935483870968,3.9480519705603574,7,92.0,0.14991013343603543,11,263.0,0.17053788917205778,3,10.0,0.18153370327100915,21,365.0
355.0,18,95.0,1.0555555555555556,4.781824430164885,4,95.0,0.25434257951681283,12,225.0,0.21485500417829456,2,9.0,0.5558493398897092,18,329.0
360.0,20,112.0,1.2043010752688172,4.626322317965142,4,99.0,0.22819411732861963,15,265.0,0.19344905967425288,1,4.0,0.704443214667654,20,368.0
365.0,12,52.0,0.5306122448979592,4.945529527627986,0,69.0,0.30106225185032676,10,283.0,0.16420426322292897,2,12.0,0.6415449246743908,12,364.0
370.0,14,41.0,0.44086021505376344,4.106909406741737,4,46.0,0.20878751507648707,9,287.0,0.10916588049570661,1,10.0,0.510977986119016,14,343.0
375.0,18,63.0,0.6702127659574468,4.1793069336912145,5,60.0,0.2204477872101189,11,251.0,0.2054751613710452,2,7.0,0.4866523361842408,18,318.0
380.0,20,68.0,0.7083333333333334,4.303419484507587,4,53.0,0.31438397903064597,13,255.0,0.15820209288721185,3,8.0,0.5728215101140419,20,316.0
385.0,23,70.0,0.6862745098039216,4.248429649211822,4,44.0,0.21018491033335968,12,248.0,0.1215122466221844,7,26.0,0.38190044456445765,23,318.0
390.0,24,115.0,1.1855670103092784,4.454802027615808,8,64.0,0.13265128507053056,14,266.0,0.1671166365169687,2,23.0,0.4232595014050384,24,353.0
395.0,24,152.0,1.7882352941176471,3.9094341663179435,11,112.0,0.06296906524168677,13,284.0,0.19568315308937348,0,9.0,0.5821238495895477,24,405.0
400.0,24,115.0,1.3068181818181819,3.5772795487046265,8,133.0,0.1939733427993387,15,258.0,0.1473039157531377,1,14.0,0.4144296403847348,24,405.0
405.0,26,115.0,1.2637362637362637,4.667796982840905,7,97.0,0.29103834788985233,13,262.0,0.19845331480665926,6,39.0,0.4765826518038889,26,398.0
410.0,21,68.0,0.6938775510204082,4.078258013696259,6,93.0,0.21412052684691427,12,268.0,0.14257123487358553,3,42.0,0.3468920188266974,21,403.0
415.0,24,123.0,1.2551020408163265,4.899620455424229,9,133.0,0.20966381555436572,12,280.0,0.17265245413841296,3,22.0,0.4172859473868081,24,435.0
420.0,19,104.0,1.1304347826086956,4.609247092451523,8,163.0,0.13219287361999274,10,279.0,0.23755173952580186,1,4.0,0.3689456534543971,19,446.0
425.0,22,78.0,0.8387096774193549,4.701526538687793,3,169.0,0.28908454666953887,12,220.0,0.1793752951958889,7,30.0,0.391197883011597,22,419.0
430.0,19,65.0,0.7303370786516854,4.722610075931118,5,181.0,0.32147246364198095,12,225.0,0.16621870649719206,2,36.0,0.48685226451725944,19,442.0
435.0,22,94.0,1.0217391304347827,4.227164161525555,10,215.0,0.1715063104927975,10,252.0,0.19017231404044535,2,11.0,0.42326017955569767,22,478.0
440.0,25,187.0,2.0549450549450547,4.643112556359235,13,272.0,0.12704515677958444,11,280.0,0.2350330393650973,1,5.0,0.4265267785887192,25,557.0
445.0,38,269.0,2.89247311827957,3.5497451322881037,21,357.0,0.06483489342397161,9,271.0,0.22072085955757045,8,29.0,0.17414291974718663,38,657.0
450.0,39,356.0,3.912087912087912,3.3682750782395994,23,465.0,0.1315591656407313,14,239.0,0.16231576536358547,2,37.0,0.40133042117985734,39,741.0
455.0,35,329.0,3.7386363636363638,3.500104863697636,20,511.0,0.12818165509950533,15,291.0,0.16145877207766163,0,9.0,0.6274225384389678,35,811.0
460.0,31,287.0,2.9895833333333335,4.8207079741367656,20,498.0,0.1631948764076829,9,321.0,0.2501022559066988,2,9.0,0.45352100297368325,31,828.0
465.0,33,319.0,3.288659793814433,5.289094541141296,15,464.0,0.2048476647656365,12,344.0,0.21468242495627957,6,27.0,0.35537216336824623,33,835.0
470.0,25,233.0,2.5604395604395602,3.7614972803463047,10,505.0,0.13275997604016226,13,344.0,0.15294509760914138,2,32.0,0.27184597171756286,25,881.0
475.0,28,186.0,2.1379310344827585,4.529677733291577,11,562.0,0.24760503079399038,15,297.0,0.15211207685284114,2,9.0,0.6122401159571427,28,868.0
480.0,26,142.0,1.6511627906976745,4.7489215311919155,10,616.0,0.24537051424071465,15,313.0,0.21793511195886814,1,3.0,0.6862675561319045,26,932.0
485.0,21,101.0,1.0978260869565217,5.264711352369185,7,597.0,0.2877978942960992,11,342.0,0.2080737591186839,3,14.0,0.5482441763292577,21,953.0
490.0,16,54.0,0.6136363636363636,4.527220610309874,6,525.0,0.3010820811880366,9,334.0,0.17641643416797065,1,16.0,0.4065523767959432,16,875.0
495.0,20,70.0,0.7692307692307693,4.413394739721358,7,431.0,0.21888152185988785,11,303.0,0.1936411756097114,2,8.0,0.47196989449577725,20,742.0
500.0,24,119.0,1.2142857142857142,5.273610296190164,5,449.0,0.356496647229323,18,279.0,0.19124407789402986,1,7.0,0.6649244677676656,24,735.0
505.0,31,138.0,1.3269230769230769,4.822590988446486,8,476.0,0.25193941532884007,18,324.0,0.14197973177611656,5,21.0,0.5368470842283771,31,821.0
510.0,22,85.0,0.9042553191489362,4.620533772566279,6,457.0,0.3001437272810414,15,339.0,0.14372633091624767,1,18.0,0.45863568648168457,22,814.0
515.0,13,34.0,0.3953488372093023,4.818846411798916,3,385.0,0.3055495148036553,9,361.0,0.2111169022224436,1,2.0,0.4222850909056578,13,748.0
520.0,18,68.0,0.7472527472527473,5.420962584591089,4,324.0,0.2903425656318283,12,340.0,0.2552413247453121,2,7.0,0.5457141914976112,18,671.0
525.0,17,60.0,0.625,5.364452818650071,3,331.0,0.3226754291164906,14,336.0,0.19000652567802342,0,2.0,0.8272755876783698,17,669.0
530.0,20,71.0,0.7171717171717171,5.080791779247944,6,348.0,0.2198823978052456,14,326.0,0.15406559449661866,0,2.0,0.5870155971711535,20,676.0
535.0,16,55.0,0.6179775280898876,4.352384476495279,5,324.0,0.20309003850141694,9,329.0,0.14549690087685208,2,7.0,0.4745398547202344,16,660.0
540.0,15,50.0,0.6172839506172839,3.639986601663759,4,220.0,0.28475781032782166,10,314.0,0.1828494713078987,1,12.0,0.3856980190594339,15,546.0
545.0,17,49.0,0.532608695652174,4.3554873438730715,2,235.0,0.29754679475345114,13,301.0,0.15416697195331797,2,11.0,0.6370305788807014,17,547.0
550.0,20,66.0,0.6947368421052632,5.028334699118444,5,253.0,0.27756527435126743,13,270.0,0.17411148230338133,2,9.0,0.6629710570219404,20,532.0
555.0,21,122.0,1.297872340425532,4.829524447034266,7,230.0,0.14148020227488042,10,231.0,0.20433313976041928,4,24.0,0.33008443083881195,21,485.0
560.0,16,76.0,0.8837209302325582,4.3687334270995555,2,158.0,0.23340306401629873,12,248.0,0.1982406935200494,2,21.0,0.42177880547024654,16,427.0
565.0,19,59.0,0.6781609195402298,4.152704853230515,2,84.0,0.2676765348796721,14,228.0,0.2121612961622126,3,8.0,0.4810153861932763,19,320.0
570.0,19,76.0,0.8172043010752689,4.8703180857793535,3,62.0,0.3456986046211625,14,237.0,0.21377395896650608,2,12.0,0.6278005798391203,19,311.0
575.0,18,59.0,0.6145833333333334,4.928709899234582,3,58.0,0.3194569051171631,13,232.0,0.20327426587191383,2,22.0,0.5536962188865856,18,312.0
580.0,19,86.0,0.8958333333333334,4.531139280528152,7,84.0,0.18799897673821397,8,234.0,0.2151903876624625,4,36.0,0.48474118038879904,19,354.0
585.0,26,166.0,1.8651685393258426,3.9361912540397164,13,137.0,0.2515297362666965,9,218.0,0.18825038097636954,4,58.0,0.5203162788620692,26,413.0
590.0,29,178.0,1.816326530612245,3.3254354977637384,12,157.0,0.2093818057207266,11,221.0,0.16977465335989284,6,81.0,0.35308168634789444,29,459.0
595.0,20,93.0,0.9117647058823529,4.404705622597062,9,141.0,0.24222051020976032,10,227.0,0.18531718103886732,1,45.0,0.5416669180461958,20,413.0
600.0,22,139.0,1.3627450980392157,4.779079908540891,8,124.0,0.14114729734701942,13,255.0,0.1521422685244999,1,5.0,0.4722802026959382,22,384.0
605.0,23,107.0,1.0490196078431373,4.430076926285711,8,140.0,0.15761348303707046,13,272.0,0.1633100109694652,2,10.0,0.36800052374202574,23,422.0
610.0,23,100.0,1.098901098901099,4.1708361153044695,9,184.0,0.22689396610371385,13,259.0,0.178658530076336,1,11.0,0.6528856289640397,23,454.0
615.0,25,89.0,0.9270833333333334,4.044090133597266,7,197.0,0.232584593110053,15,305.0,0.1934608149255148,3,19.0,0.4784423634677898,25,521.0
620.0,26,126.0,1.2857142857142858,4.582956674411608,7,209.0,0.260420430726974,16,337.0,0.17888676907051757,3,34.0,0.5734886175564243,26,580.0
625.0,35,185.0,1.796116504854369,3.789603751073027,14,254.0,0.13674733937534678,19,387.0,0.15361160318735775,2,11.0,0.2940172953037409,35,652.0
630.0,32,256.0,2.6122448979591835,4.299596299149857,8,271.0,0.1296374038667474,21,478.0,0.18118957154585516,3,9.0,0.42610229952688117,32,758.0
635.0,34,306.0,3.4,3.56319343309904,10,280.0,0.09900743649240323,20,506.0,0.09043563330570831,4,27.0,0.3683354302440572,34,813.0
640.0,39,318.0,3.6136363636363638,2.9010915213490778,14,343.0,0.09992204890295588,20,460.0,0.10315953789797364,5,51.0,0.36332048751350565,39,854.0
645.0,27,195.0,2.2413793103448274,3.4473924074637115,11,353.0,0.18238481621730776,15,528.0,0.1465503533720237,1,35.0,0.6079063776028513,27,916.0
650.0,26,171.0,1.78125,4.1575576244659045,10,322.0,0.16170108632118768,15,574.0,0.2195763897585783,1,3.0,0.5055919395579941,26,899.0
655.0,33,204.0,2.1030927835051547,4.97933365991541,13,380.0,0.1668018858402851,17,646.0,0.22655348468628522,3,11.0,0.5367197442167002,33,1037.0
660.0,32,197.0,2.1648351648351647,3.841525766278983,16,411.0,0.06253714084676572,16,638.0,0.1482334834215971,0,0.0,0.6624898753583579,32,1049.0
665.0,28,154.0,1.673913043478261,3.7714088014391054,11,442.0,0.16544346178146685,17,559.0,0.10553564939319308,0,2.0,0.6630050843859681,28,1003.0
670.0,18,99.0,1.0879120879120878,4.472363099672718,1,399.0,0.26472878486291,15,447.0,0.19146917141197367,2,8.0,0.6880822613778123,18,854.0
675.0,16,50.0,0.5263157894736842,4.426400242534827,3,394.0,0.27252086844502904,11,476.0,0.20010229019718834,2,8.0,0.4702884469568352,16,878.0
680.0,18,86.0,0.8958333333333334,4.933549742295804,7,417.0,0.24738753550212578,10,481.0,0.2136648604528358,1,7.0,0.6593208865708876,18,905.0
685.0,25,95.0,0.9693877551020408,3.812793722569616,9,406.0,0.10333291179138418,10,463.0,0.21282133763967234,6,14.0,0.4050502563056769,25,883.0
690.0,24,86.0,0.8775510204081632,3.838177798736968,9,367.0,0.19731819133251421,13,394.0,0.1632122135560558,2,12.0,0.5038530701872743,24,773.0
695.0,29,172.0,1.6862745098039216,4.347168697532058,8,332.0,0.265029972493622,16,343.0,0.14575057293798882,5,30.0,0.47169020496164177,29,705.0
700.0,25,157.0,1.4672897196261683,4.216150943368818,10,305.0,0.2923594680850591,14,366.0,0.13924729443102574,1,33.0,0.5019863782885986,25,704.0
705.0,18,76.0,0.7378640776699029,4.582933449556766,4,297.0,0.26225640578952075,14,378.0,0.1504051145414189,0,10.0,0.5807713696719875,18,685.0
710.0,23,101.0,1.0,4.893418818603984,9,317.0,0.1380164711501048,13,391.0,0.2583283699846686,1,1.0,0.39633492014458616,23,709.0
715.0,20,91.0,0.9285714285714286,4.8511522327007945,6,310.0,0.20647606046576186,13,391.0,0.21553658912389512,1,1.0,0.5141206753260168,20,702.0
720.0,21,76.0,0.8260869565217391,4.436676298894309,3,248.0,0.27241702471799095,13,319.0,0.12984145809262254,5,22.0,0.4121893871161815,21,589.0
725.0,18,53.0,0.5463917525773195,4.299899481794579,3,227.0,0.29336012420475216,14,343.0,0.14437979601350784,1,26.0,0.5318651304567601,18,596.0
730.0,22,70.0,0.7,4.7507491671887365,9,253.0,0.23076582450934327,13,340.0,0.1824580154939473,0,9.0,0.6749114353845098,22,602.0
735.0,25,112.0,1.1313131313131313,3.441058293109555,11,301.0,0.07855947585138932,13,342.0,0.18007079039665708,1,10.0,0.3818895380865447,25,653.0
740.0,26,129.0,1.3298969072164948,3.634988470708058,11,307.0,0.19644372814109823,10,285.0,0.13417046123639295,5,30.0,0.48157577131218143,26,622.0
745.0,27,90.0,0.8737864077669902,3.327165422564292,9,241.0,0.22132953971124741,12,300.0,0.11767948596653163,6,34.0,0.4111845979422017,27,575.0
750.0,25,100.0,0.9615384615384616,4.5723622146949845,8,195.0,0.2511337777583453,15,289.0,0.15811731803849707,2,27.0,0.5543246405209743,25,511.0
755.0,21,137.0,1.3173076923076923,5.125732314904985,5,172.0,0.1760239993994825,14,317.0,0.21427466326201897,2,22.0,0.4750964811337973,21,511.0
760.0,33,254.0,2.514851485148515,5.061341405389482,11,213.0,0.12361062327814468,18,378.0,0.23207764935097444,4,39.0,0.3991844852956183,33,630.0
765.0,29,249.0,2.648936170212766,4.407483004462073,5,205.0,0.20786124384997215,20,405.0,0.10863358825649734,4,59.0,0.45627234719556614,29,669.0
770.0,22,123.0,1.3666666666666667,3.933973015280984,3,139.0,0.2669211062797516,19,384.0,0.1341819662553561,0,27.0,0.34195567089104606,22,550.0
775.0,24,134.0,1.4408602150537635,5.566537969490634,6,158.0,0.31693550681817456,17,336.0,0.17889646921342173,1,4.0,0.7485547431206191,24,498.0
780.0,25,171.0,1.879120879120879,5.349501764480989,7,175.0,0.2943796401603393,18,339.0,0.24020436280205143,0,2.0,0.6721789328755979,25,516.0
785.0,29,244.0,2.515463917525773,5.190421369561175,10,214.0,0.23853191535697887,16,349.0,0.2652902663158341,3,7.0,0.601215049109622,29,570.0
790.0,28,190.0,1.9791666666666667,4.406551291723552,12,234.0,0.2101138197674615,16,363.0,0.2398153288663749,0,0.0,0.6847278049986943,28,597.0
795.0,26,127.0,1.233009708737864,4.613511622963857,11,249.0,0.12893695822529408,12,336.0,0.2705494687762696,3,9.0,0.3810796404380936,26,594.0
800.0,19,93.0,0.9587628865979382,4.376633824037607,9,208.0,0.17983680163808907,7,319.0,0.21433520731554476,3,21.0,0.33999165876496057,19,548.0
805.0,27,83.0,0.8217821782178217,4.305586944216199,11,235.0,0.21727367540715015,12,316.0,0.1979533435073474,4,19.0,0.3799424677595747,27,570.0
810.0,24,93.0,0.9207920792079208,4.51236519756357,12,286.0,0.22339811440252386,11,308.0,0.17160250378440325,1,17.0,0.5503558280918545,24,611.0
815.0,22,74.0,0.7474747474747475,4.472224254105404,9,307.0,0.18109185103721995,8,279.0,0.18506712420116062,5,36.0,0.3142847727564762,22,622.0
820.0,16,49.0,0.5104166666666666,4.653826376467471,6,261.0,0.16450748489887743,7,236.0,0.26826592051386733,3,37.0,0.23844689134510363,16,534.0
825.0,18,92.0,1.0222222222222221,5.539403829830643,4,266.0,0.21052049582474694,12,251.0,0.3156337924412299,2,23.0,0.4503829153587924,18,540.0
830.0,21,113.0,1.2282608695652173,4.365096080791504,9,295.0,0.08216004948740814,11,261.0,0.21944840700347665,1,26.0,0.3244810109881932,21,582.0
835.0,30,126.0,1.4651162790697674,4.1939795053472135,9,295.0,0.2004103545400163,16,251.0,0.21963134241274512,5,47.0,0.3851990254585682,30,593.0
840.0,20,122.0,1.4523809523809523,4.817326177557665,3,235.0,0.28322879134860834,14,239.0,0.2672140623920771,3,52.0,0.49553011702649397,20,526.0
845.0,10,41.0,0.44086021505376344,4.637536298165766,1,218.0,0.26634425107939147,7,261.0,0.23335890164867637,2,33.0,0.5037110953996393,10,512.0
850.0,15,53.0,0.5408163265306123,4.807520959431232,7,242.0,0.1803724855706476,6,230.0,0.24934256068075716,2,30.0,0.43448367630635265,15,502.0
855.0,24,124.0,1.24,3.927255421819213,13,296.0,0.07541106167645031,5,215.0,0.2401417266474896,6,49.0,0.2038793483251197,24,560.0
860.0,34,220.0,2.4175824175824174,3.1792415816308814,20,389.0,0.1661663657529131,9,186.0,0.1269898923996954,5,59.0,0.3811490414611959,34,634.0
865.0,39,246.0,2.510204081632653,3.27991470955368,20,416.0,0.1365309518867716,15,186.0,0.1462210847187502,4,40.0,0.4263566291093993,39,642.0
870.0,33,223.0,2.1862745098039214,4.246520823553977,16,379.0,0.12420033455071143,15,226.0,0.23459365050688227,2,26.0,0.5408292931177073,33,631.0
875.0,25,134.0,1.2884615384615385,5.257148398734931,13,307.0,0.14332465493079274,11,234.0,0.3336393042700497,1,18.0,0.3952587999308422,25,559.0
880.0,24,137.0,1.3047619047619048,5.9727997264215125,12,270.0,0.23311363937699695,8,216.0,0.307322208620764,4,30.0,0.2788643783450045,24,516.0
885.0,27,181.0,1.925531914893617,5.133313262769371,10,233.0,0.33037620956046193,9,225.0,0.2072531418610229,8,61.0,0.2626064082791491,27,519.0
890.0,27,155.0,1.6666666666666667,4.049359565347841,2,216.0,0.32131794389014073,13,221.0,0.13630265622913934,12,113.0,0.23924118745895612,27,550.0
895.0,24,129.0,1.3298969072164948,4.808140422202338,5,207.0,0.40039770471032327,12,231.0,0.11408091345395288,7,125.0,0.34578551001127933,24,563.0
900.0,14,49.0,0.5212765957446809,5.130466522992461,3,194.0,0.3794962127224599,8,222.0,0.19229131648713194,3,88.0,0.31446500196554716,14,504.0
905.0,13,31.0,0.34065934065934067,4.991603595258893,4,133.0,0.2125707885298754,7,212.0,0.2519128574167954,2,57.0,0.3974025018296924,13,402.0
910.0,15,40.0,0.43956043956043955,4.900774648329621,3,136.0,0.26219686339615084,11,215.0,0.21623788985250378,1,52.0,0.5028073666345977,15,403.0
915.0,25,129.0,1.29,4.886278243459758,6,159.0,0.273683716360899,14,228.0,0.12458124295186151,5,72.0,0.36626007034676356,25,459.0
920.0,23,103.0,1.10752688172043,3.9021627566395862,3,153.0,0.2936920352054288,16,255.0,0.09721042724020693,4,73.0,0.3876345781924431,23,481.0
925.0,21,65.0,0.6989247311827957,4.297332469409109,4,112.0,0.2430692193393514,12,239.0,0.20761513377915253,5,36.0,0.2138210739563222,21,387.0
930.0,12,38.0,0.40860215053763443,4.735123309849561,3,87.0,0.2875836032278513,7,263.0,0.2254077824901646,2,47.0,0.25707824167576604,12,397.0
935.0,19,91.0,0.9680851063829787,4.768289887723106,2,73.0,0.27898834944011497,11,283.0,0.19975779082876938,6,71.0,0.3172561523694004,19,427.0
940.0,22,102.0,1.0408163265306123,4.062143952575833,4,64.0,0.28427337728847735,13,304.0,0.1440002844818014,5,77.0,0.3452474731009258,22,445.0
945.0,17,53.0,0.5638297872340425,4.620484040398199,2,45.0,0.34580986096532124,12,277.0,0.14663450671113448,3,63.0,0.3633323313633209,17,385.0
950.0,17,90.0,0.967741935483871,4.999473178882044,5,47.0,0.1708117660113026,11,262.0,0.21770938840852322,1,63.0,0.26667950897416015,17,372.0
955.0,27,138.0,1.550561797752809,4.616878698550921,10,84.0,0.20680208190717045,13,285.0,0.20074202342546416,4,79.0,0.3744005420129507,27,448.0
960.0,25,130.0,1.625,2.90651980524419,9,96.0,0.23578990838895564,13,279.0,0.11620947651814957,3,78.0,0.3228372467681931,25,453.0
965.0,29,111.0,1.2197802197802199,3.9860694277862025,8,101.0,0.2828720149213182,16,304.0,0.19141273504484718,5,66.0,0.3994576986232993,29,471.0
970.0,20,69.0,0.71875,4.321303478736987,8,124.0,0.279252916234392,11,269.0,0.17211586802257905,1,61.0,0.3384889228956178,20,454.0
975.0,29,150.0,1.4705882352941178,4.786548759101439,8,162.0,0.20083279551071806,16,294.0,0.1759856705667983,5,78.0,0.25388155134842855,29,534.0
980.0,34,240.0,2.5806451612903225,4.249942589031529,12,209.0,0.13015149184354008,18,370.0,0.17781431354737381,4,74.0,0.38169104897384076,34,653.0
985.0,34,219.0,2.433333333333333,3.0062765503256235,13,232.0,0.07164144188787237,17,405.0,0.16707759671581723,4,54.0,0.27188707735424206,34,691.0
990.0,27,155.0,1.7415730337078652,4.451392628434823,8,199.0,0.2308922371032637,17,350.0,0.22115959713672748,2,60.0,0.520593081841953,27,609.0
995.0,28,178.0,1.8736842105263158,4.959889169363794,7,233.0,0.2516493613255236,17,332.0,0.24819739706349733,4,77.0,0.4764955525073271,28,642.0
1000.0,26,145.0,1.45,4.150688272914498,10,277.0,0.2432914317998483,12,349.0,0.18422787080395572,4,78.0,0.3637872723355289,26,704.0
1005.0,19,89.0,0.8811881188118812,4.577155039975361,9,292.0,0.1867501552761452,9,352.0,0.23795779140108186,1,43.0,0.39243007330357954,19,687.0
1010.0,21,109.0,1.058252427184466,4.476022674556723,14,344.0,0.07010945167811168,7,341.0,0.2385304696396073,0,32.0,0.28668027079201114,21,717.0
1015.0,30,216.0,2.25,4.32251128233866,17,424.0,0.16306312534183684,8,302.0,0.1732506009374234,5,50.0,0.4494625891402863,30,776.0
1020.0,30,201.0,2.1157894736842104,2.789615363723569,16,453.0,0.13301649492320147,11,324.0,0.1276216816032389,3,50.0,0.3237540297345446,30,827.0
1025.0,29,159.0,1.5588235294117647,4.055967919128167,14,418.0,0.15669244105647429,11,335.0,0.2065016367298093,4,38.0,0.31231777793122,29,791.0
1030.0,25,143.0,1.4444444444444444,3.7868674876331174,15,477.0,0.1314344779546734,8,341.0,0.20174669355666588,2,38.0,0.32335200944393666,25,856.0
1035.0,37,205.0,1.9523809523809523,3.8602578282752824,18,567.0,0.1399637057573326,13,312.0,0.14202072107192212,6,65.0,0.30494255461440484,37,944.0
1040.0,34,215.0,2.193877551020408,3.3195004448231806,18,659.0,0.18010849008376692,12,316.0,0.103320707970732,4,69.0,0.3858031867805161,34,1044.0
1045.0,34,147.0,1.4554455445544554,3.044463658664549,15,658.0,0.10213703583051509,13,327.0,0.16405647248490798,6,53.0,0.2107760939695774,34,1038.0
1050.0,21,127.0,1.2828282828282829,5.174400232984607,8,564.0,0.18196341001213742,11,338.0,0.3044377823989258,2,36.0,0.4193219443329447,21,938.0
1055.0,17,88.0,0.9072164948453608,4.6693474707373275,7,538.0,0.14461419335365736,9,335.0,0.2591191346562991,1,27.0,0.43504621770945723,17,900.0
1060.0,30,119.0,1.19,4.0479659356500814,14,596.0,0.15707302980050994,12,295.0,0.10363333425129825,4,43.0,0.3809996482343148,30,934.0
1065.0,35,185.0,1.9270833333333333,4.502486339273617,9,582.0,0.2816817822548633,17,283.0,0.16770128516059593,9,79.0,0.444441343622323,35,944.0
1070.0,22,118.0,1.2040816326530612,3.671847003813139,3,477.0,0.2562578633221908,12,295.0,0.17417668739777104,7,89.0,0.32843325151840086,22,861.0
1075.0,22,69.0,0.6831683168316832,4.2846950713728615,4,475.0,0.22749194111185408,13,288.0,0.19320125438558733,5,77.0,0.32702798931057936,22,840.0
1080.0,17,80.0,0.8,4.471955081748783,7,503.0,0.10501166730984945,7,300.0,0.21904760985310845,3,52.0,0.3348592955945441,17,855.0
1085.0,17,63.0,0.6237623762376238,4.551285047501984,7,479.0,0.1823436226994449,9,262.0,0.1770109169656129,1,36.0,0.4686797296484527,17,777.0
1090.0,18,64.0,0.6530612244897959,4.626687138089319,3,395.0,0.2692157769544356,10,249.0,0.16824645377662584,5,51.0,0.4365898140061451,18,695.0
1095.0,23,62.0,0.6326530612244898,4.745343945169065,4,276.0,0.24643766257114044,14,224.0,0.20137340980961235,5,54.0,0.22511361001851332,23,554.0
1100.0,12,33.0,0.35106382978723405,4.637931402016772,2,285.0,0.21896136199392188,8,239.0,0.22105705694412006,2,41.0,0.32676573557735217,12,565.0
1105.0,23,63.0,0.6494845360824743,4.751063078166953,9,308.0,0.15960886297012442,11,236.0,0.21512685969870385,3,21.0,0.44439170224674557,23,565.0
1110.0,21,66.0,0.7021276595744681,4.784234756872446,6,296.0,0.2587676616184349,14,251.0,0.16355387134795793,1,22.0,0.644645769576214,21,569.0
1115.0,19,64.0,0.6808510638297872,4.840790539781691,4,228.0,0.2798305283215161,11,236.0,0.17517154058203252,4,34.0,0.2628078415647654,19,498.0
1120.0,25,135.0,1.4673913043478262,4.7128291432390625,2,136.0,0.2587216633660525,13,221.0,0.19645207440692808,10,66.0,0.15773161073071876,25,423.0
1125.0,19,128.0,1.4545454545454546,4.622309501147459,2,91.0,0.32893843558626584,12,238.0,0.17691016880327012,5,80.0,0.2852238846738285,19,409.0
1130.0,15,63.0,0.6923076923076923,4.717499186756609,1,52.0,0.3185439399244049,14,230.0,0.18899672691710773,0,55.0,0.4187866331984013,15,337.0
1135.0,25,116.0,1.2473118279569892,5.534097090904329,4,64.0,0.4595762856828437,18,239.0,0.16902542086224637,3,61.0,0.5236219649230371,25,364.0
1140.0,27,131.0,1.4395604395604396,4.547857073112631,3,54.0,0.40002647625731264,17,284.0,0.14580091104916365,7,85.0,0.3641262415546435,27,423.0
1145.0,25,80.0,0.8695652173913043,3.8677932286331376,4,57.0,0.2742778421662237,15,280.0,0.13916882504621875,6,89.0,0.25061289837851186,25,426.0
1150.0,17,75.0,0.8241758241758241,4.990677835367993,4,60.0,0.19486096110091317,10,259.0,0.2657305536329075,3,43.0,0.33764545577563304,17,362.0
1155.0,20,96.0,1.0212765957446808,4.652551571397607,9,95.0,0.13362440845825083,10,279.0,0.24885017393727019,1,46.0,0.3004366966055224,20,420.0
1160.0,27,118.0,1.3258426966292134,4.091444348191089,7,106.0,0.24495084075456858,13,272.0,0.16219465973525393,7,70.0,0.39307893296453345,27,448.0
1165.0,29,80.0,0.8602150537634409,3.499957274555053,8,84.0,0.1872585873222103,13,289.0,0.15781952840402025,8,69.0,0.31878472176984574,29,442.0
1170.0,18,60.0,0.6185567010309279,4.531444635938041,6,109.0,0.23827449825586644,10,295.0,0.18972646584336528,2,47.0,0.4372701042005806,18,451.0
1175.0,21,99.0,1.010204081632653,5.087673786585913,10,148.0,0.12049640806546356,10,287.0,0.25495075975782133,1,24.0,0.4076864943866787,21,459.0
1180.0,26,158.0,1.6631578947368422,4.9170157851755105,7,161.0,0.09931647942081488,13,325.0,0.25502521214380913,6,40.0,0.22825715612186878,26,526.0
1185.0,24,117.0,1.4096385542168675,4.266891099991304,3,139.0,0.19635694062920256,16,345.0,0.13948659886203074,5,50.0,0.36052311342520765,24,534.0
1190.0,20,95.0,1.144578313253012,4.178386905354431,4,153.0,0.2058566246025301,16,328.0,0.17954920340617564,0,17.0,0.4019602438610769,20,498.0
1195.0,24,144.0,1.6551724137931034,5.582523250599268,5,178.0,0.2723018417072362,15,290.0,0.26873285321335694,4,24.0,0.5519930494012679,24,492.0
1200.0,20,105.0,1.206896551724138,4.75322366318163,6,181.0,0.24373618665716112,8,319.0,0.24788916858675586,6,50.0,0.432588743889162,20,550.0
1205.0,16,49.0,0.5268817204301075,4.779182779433351,5,154.0,0.2379310173822837,7,303.0,0.26281163311355404,4,50.0,0.32062182543043194,16,507.0
1210.0,14,42.0,0.4772727272727273,5.010426005659877,4,120.0,0.23686840773835352,8,284.0,0.2604335463357906,2,18.0,0.43171824406488174,14,422.0
1215.0,18,71.0,0.7717391304347826,4.80118199788002,6,131.0,0.2532694522553269,9,246.0,0.2609132445012265,3,23.0,0.3600916087204629,18,400.0
1220.0,20,67.0,0.6907216494845361,4.837126638307248,2,113.0,0.3239909150010499,11,283.0,0.19555031458575428,7,50.0,0.44220101270080486,20,446.0
1225.0,25,119.0,1.202020202020202,4.299157396989366,6,118.0,0.20765357382000685,8,292.0,0.13293564029775537,11,91.0,0.23838270686816068,25,501.0
1230.0,21,87.0,0.9354838709677419,4.1620031529757515,5,120.0,0.22899964707411768,9,275.0,0.14162795469321535,7,102.0,0.2580523709878303,21,497.0
1235.0,18,58.0,0.6744186046511628,4.450534648499189,5,107.0,0.27390405557937547,12,237.0,0.19493865985976874,1,68.0,0.47504721113633475,18,412.0
1240.0,22,105.0,1.105263157894737,5.364547040195234,5,95.0,0.34692938685448593,15,219.0,0.2094137867328787,2,28.0,0.6162651757623241,22,342.0
1245.0,19,100.0,1.0204081632653061,5.392686284573715,2,84.0,0.39723940444342665,14,257.0,0.19714534417254806,3,15.0,0.6596901515679024,19,356.0
1250.0,23,93.0,0.9207920792079208,4.961753157364011,7,98.0,0.16598853171092623,12,245.0,0.21548953480157035,4,27.0,0.43704477073883863,23,370.0
1255.0,14,59.0,0.6210526315789474,5.1571416122734135,4,100.0,0.1909306519076293,9,254.0,0.23921561587711354,1,11.0,0.4820894477458149,14,365.0
1260.0,20,65.0,0.7471264367816092,4.7828305230430415,3,75.0,0.2027062201595569,13,260.0,0.22965027660837575,4,12.0,0.23414451395936223,20,347.0
1265.0,15,66.0,0.7586206896551724,4.274830959840555,2,88.0,0.2724432138343389,12,248.0,0.15062491803448444,1,19.0,0.5005633360233361,15,355.0
1270.0,23,79.0,0.8777777777777778,4.428436653806681,7,113.0,0.2633731286373362,15,282.0,0.16602639565967522,1,7.0,0.6239032550370487,23,402.0
1275.0,18,69.0,0.7419354838709677,4.695556856498159,4,105.0,0.22401209779289888,13,281.0,0.17565763658182493,1,2.0,0.5901000693271578,18,388.0
1280.0,14,42.0,0.45652173913043476,4.564671853112583,3,68.0,0.283099596946109,10,296.0,0.1653068337471382,1,1.0,0.5741941626523548,14,365.0
1285.0,23,74.0,0.7872340425531915,4.42703444147987,4,50.0,0.23637834871709376,15,287.0,0.13252499541013493,4,16.0,0.5256913301904921,23,353.0
1290.0,21,115.0,1.2234042553191489,4.647199669413261,2,55.0,0.3116106022391146,19,305.0,0.13031429067040667,0,10.0,0.611311282881117,21,370.0
1295.0,22,126.0,1.3404255319148937,4.780700848324536,4,71.0,0.28180592672402377,17,331.0,0.151704732715747,1,0.0,0.6998942702779863,22,402.0
1300.0,18,84.0,0.8842105263157894,5.658604550863856,4,76.0,0.23867783227003705,13,305.0,0.2607215418800154,1,3.0,0.5720600420072016,18,384.0
1305.0,12,48.0,0.5274725274725275,6.1204511953467104,4,58.0,0.24962772147228576,7,275.0,0.3150569015996937,1,1.0,0.5638898560632696,12,334.0
1310.0,13,50.0,0.5494505494505495,4.588676502252486,3,71.0,0.1473777078437845,7,266.0,0.25514297978267175,3,12.0,0.28053984298399387,13,349.0
1315.0,24,77.0,0.875,3.895885293943668,8,102.0,0.20086505839017685,13,242.0,0.11415276414763367,3,24.0,0.4562871236459213,24,368.0
1320.0,18,49.0,0.5764705882352941,4.180429459644584,4,102.0,0.18384415367396434,14,269.0,0.18842631647577932,0,12.0,0.6201746848531319,18,383.0
1325.0,16,55.0,0.5978260869565217,5.430608302457202,4,84.0,0.2041148580117258,10,249.0,0.2665370435723831,2,10.0,0.566143903334153,16,343.0
1330.0,10,24.0,0.26373626373626374,4.764758976669191,2,86.0,0.16986677123597652,8,251.0,0.19779061542999826,0,2.0,0.6392778675261057,10,339.0
1335.0,19,73.0,0.7849462365591398,4.380369865351445,5,112.0,0.16689125320537845,11,232.0,0.17453331760052915,3,12.0,0.4173871824606531,19,356.0
1340.0,26,111.0,1.247191011235955,3.6044453151334106,10,152.0,0.21199503474356285,15,263.0,0.10754624840271276,1,15.0,0.5343601493278883,26,430.0
1345.0,26,100.0,1.075268817204301,3.258149006485491,11,157.0,0.11594062989847291,12,273.0,0.13614813674515092,3,5.0,0.4482524681968298,26,435.0
1350.0,21,142.0,1.5434782608695652,5.243292842415255,8,143.0,0.1921177876865604,11,299.0,0.27256921451782523,2,10.0,0.5920161298246751,21,452.0
1355.0,25,215.0,2.388888888888889,5.368451605537905,7,127.0,0.15024464156957626,16,349.0,0.27613224626446015,2,20.0,0.4952893945664613,25,496.0
1360.0,28,270.0,2.903225806451613,4.686890233674641,5,138.0,0.16078266458212845,21,427.0,0.12166895845478237,2,6.0,0.40174515934752253,28,571.0
1365.0,34,402.0,4.785714285714286,4.89958900858511,6,166.0,0.20818101378521073,25,542.0,0.03480995722580884,3,14.0,0.47460336414309645,34,722.0
1370.0,35,360.0,4.864864864864865,3.4138812816639823,9,207.0,0.12727467575596516,24,577.0,0.06787701110751819,2,16.0,0.3010512922179808,35,800.0
1375.0,24,238.0,3.352112676056338,4.493238518484759,7,219.0,0.2661412970345974,15,483.0,0.22579903837603638,2,9.0,0.4951188488988798,24,711.0
1380.0,17,177.0,2.391891891891892,4.898037983511015,6,200.0,0.27127857378274883,10,494.0,0.27428968093036943,1,8.0,0.663990165002817,17,702.0
1385.0,26,161.0,1.9166666666666667,4.909093301811666,7,227.0,0.2387429831230227,16,555.0,0.19415896012959943,3,21.0,0.5991562341498623,26,803.0
1390.0,24,136.0,1.6385542168674698,3.6677414182515236,9,273.0,0.1536204353606981,11,548.0,0.1809172711215676,4,38.0,0.35255841986054653,24,859.0
1395.0,25,141.0,1.6987951807228916,3.155696072163347,12,297.0,0.14759389344350943,4,453.0,0.17971895329936377,9,75.0,0.2872467137910597,25,825.0
1400.0,18,98.0,1.1529411764705881,4.9379326024677415,7,273.0,0.29841984409969113,7,350.0,0.23201526443714565,4,75.0,0.5063925330841987,18,698.0
1405.0,18,44.0,0.46808510638297873,4.895886188434341,8,244.0,0.253908840258152,6,358.0,0.2592791479456027,4,29.0,0.4768778896803441,18,631.0
1410.0,13,64.0,0.6530612244897959,6.203150849601324,6,254.0,0.2737915390553856,5,340.0,0.30744281728996514,2,10.0,0.6344086490568629,13,604.0
1415.0,15,114.0,1.163265306122449,6.068006383200637,5,254.0,0.16272417209113443,8,362.0,0.33269142638653676,2,20.0,0.4664224667092157,15,636.0
1420.0,14,79.0,0.8144329896907216,4.803084088555394,3,242.0,0.15335597345717578,7,341.0,0.23952348109486446,4,37.0,0.33234395853409304,14,620.0
1425.0,16,55.0,0.6043956043956044,4.576210462029393,3,250.0,0.24930845788549824,11,304.0,0.17682802612931287,2,16.0,0.5621289460607886,16,570.0
1430.0,20,68.0,0.7010309278350515,4.277430165892097,4,236.0,0.19907354419525772,13,357.0,0.14299046917254227,3,9.0,0.4724467359061766,20,602.0
1435.0,20,84.0,0.9032258064516129,4.565047940659619,5,206.0,0.2524279488925656,15,399.0,0.12304947591919854,0,4.0,0.7827062163459027,20,609.0
1440.0,18,98.0,1.0888888888888888,3.8526623692911164,5,226.0,0.09827332970020818,13,400.0,0.17314755281107713,0,0.0,0.5682092633356693,18,626.0
1445.0,17,54.0,0.5806451612903226,4.394282623528525,5,219.0,0.20688463140587274,12,351.0,0.1937331346850532,0,2.0,0.7244448884134144,17,572.0
1450.0,24,132.0,1.375,5.1993587208391885,8,215.0,0.26718191328207275,15,289.0,0.16349493158662418,1,6.0,0.7229908040031391,24,510.0
1455.0,31,197.0,2.010204081632653,3.9094050349418046,11,257.0,0.21611483344065457,17,342.0,0.09693807400320939,3,16.0,0.5377249186278473,31,615.0
1460.0,32,200.0,2.1739130434782608,3.7137546801085173,11,271.0,0.1901768084706152,16,363.0,0.13272530961290344,5,35.0,0.43040389123818634,32,669.0
1465.0,34,217.0,2.3085106382978724,3.8847741136928424,12,248.0,0.11627876607066326,11,370.0,0.2076942540688218,11,70.0,0.1709827852097045,34,688.0
1470.0,24,150.0,1.6304347826086956,4.0614604723448675,10,296.0,0.12529810453989,9,359.0,0.19801967273625443,5,75.0,0.297608362443088,24,730.0
1475.0,28,125.0,1.4204545454545454,4.331259354630291,14,364.0,0.13329289643068587,14,311.0,0.15171585537838367,0,34.0,0.5335232721975797,28,709.0
1480.0,34,202.0,2.1956521739130435,4.203249557006642,14,437.0,0.18552116220897097,18,294.0,0.16928540615735063,2,31.0,0.5010005417002593,34,762.0
1485.0,30,176.0,1.89247311827957,4.363075045115895,9,437.0,0.2120544972019062,14,336.0,0.1895840186759463,7,56.0,0.48890398438601207,30,829.0
1490.0,24,105.0,1.09375,3.7827479147765746,8,374.0,0.14422737461188426,11,313.0,0.18791775885754897,5,52.0,0.22155707462012797,24,739.0
1495.0,22,113.0,1.2282608695652173,5.171816338033605,10,312.0,0.1715343813201904,9,267.0,0.27016619353508675,3,32.0,0.342404369541872,22,611.0
1500.0,17,90.0,0.989010989010989,4.6276990781281455,6,291.0,0.1813978470778329,8,271.0,0.26695353860098436,3,28.0,0.25402233071279307,17,590.0
1505.0,29,136.0,1.4623655913978495,4.687546237955936,9,256.0,0.33829914937450817,11,252.0,0.19529819769474432,9,64.0,0.29529549191866056,29,572.0
1510.0,25,140.0,1.5384615384615385,4.003024388321934,6,272.0,0.38469589126663445,14,287.0,0.12664655487135978,5,79.0,0.39203771871815324,25,638.0
1515.0,26,139.0,1.4329896907216495,4.199154673935045,8,302.0,0.3091016287118374,16,292.0,0.1515817660730315,2,33.0,0.32102013736921714,26,627.0
1520.0,22,134.0,1.425531914893617,5.366053097055484,6,288.0,0.28231527526427713,14,313.0,0.23221530131411758,2,15.0,0.6001071710088279,22,616.0
1525.0,36,256.0,2.6122448979591835,5.443868986642507,14,289.0,0.16469734046567222,16,367.0,0.30441353951669964,6,25.0,0.280171313627379,36,681.0
1530.0,29,192.0,2.064516129032258,4.455322617970396,12,299.0,0.1621770197009509,16,377.0,0.14492584761565955,1,8.0,0.5949630343413949,29,684.0
1535.0,26,168.0,2.0240963855421685,4.593493191067554,8,266.0,0.2695151572347129,16,346.0,0.15070719355795,2,9.0,0.651723176654797,26,621.0
1540.0,24,121.0,1.375,3.8427752979715923,8,298.0,0.23116242159392097,15,412.0,0.1424794255884993,1,7.0,0.5606472452174189,24,717.0
1545.0,29,154.0,1.673913043478261,4.70450359771609,10,343.0,0.22722606166462814,19,472.0,0.18782015260049942,0,0.0,0.7700195057930747,29,815.0
1550.0,30,159.0,1.7472527472527473,3.3937298957967172,13,396.0,0.07496042053087086,16,486.0,0.18296643192119802,1,2.0,0.39381778917495874,30,884.0
1555.0,24,124.0,1.3932584269662922,3.601676046794004,9,399.0,0.19323353571572435,11,430.0,0.1479736401261656,4,17.0,0.585858820192719,24,846.0
1560.0,28,152.0,1.6521739130434783,4.509700339566006,9,345.0,0.2425072141068045,16,405.0,0.18660399560584578,3,32.0,0.5883545576562892,28,782.0
1565.0,25,159.0,1.6224489795918366,3.8263365307937005,8,382.0,0.2575349347231742,12,421.0,0.1309167959372893,5,54.0,0.4431820463111726,25,857.0
1570.0,26,88.0,0.8712871287128713,3.803036263496633,11,426.0,0.19833342151161992,12,438.0,0.12226470096354346,3,43.0,0.40914780653282856,26,907.0
1575.0,21,70.0,0.7,3.452984145744288,11,425.0,0.07918566750929783,8,449.0,0.2024399209267471,2,11.0,0.33293001019604684,21,885.0
1580.0,18,64.0,0.6597938144329897,4.436286159086322,5,369.0,0.26184107508187787,11,412.0,0.22011159284761553,2,9.0,0.4911899602679823,18,790.0
1585.0,28,140.0,1.320754716981132,4.651836618713551,3,301.0,0.27309636513018726,16,385.0,0.17901325585476371,9,33.0,0.3913061385409522,28,719.0
1590.0,27,232.0,2.2524271844660193,4.565881840468776,3,287.0,0.338673401120013,22,434.0,0.13620176809060558,2,39.0,0.47671150168486326,27,760.0
1595.0,24,197.0,1.9504950495049505,4.43728289430155,4,276.0,0.26606337605570124,20,463.0,0.1775824034996151,0,6.0,0.5347731253429535,24,745.0
1600.0,24,162.0,1.5728155339805825,5.41928125502714,9,305.0,0.1893049987142549,13,434.0,0.2856621031317575,2,6.0,0.44437063814751154,24,745.0
1605.0,17,104.0,1.0833333333333333,6.191817538688259,7,297.0,0.176946817269402,8,352.0,0.343681156517742,2,16.0,0.6729159371188648,17,665.0
1610.0,19,77.0,0.8020833333333334,5.039437011453369,6,236.0,0.1667787083573796,9,331.0,0.28586723978872014,4,29.0,0.39925037426186116,19,596.0
1615.0,21,63.0,0.6774193548387096,4.587294018613252,6,259.0,0.21759621520984485,14,304.0,0.19082605632149444,1,13.0,0.49678978305922544,21,576.0
1620.0,25,105.0,1.105263157894737,4.626621234149031,10,305.0,0.13972425172230274,13,320.0,0.1432333663309878,2,12.0,0.5835498066364385,25,637.0
1625.0,21,92.0,0.968421052631579,3.989620410963735,7,298.0,0.1499387777557947,11,289.0,0.12487104117646307,3,23.0,0.48311998537217116,21,610.0
1630.0,19,102.0,1.1724137931034482,4.837086058031126,4,224.0,0.22830526478791852,15,256.0,0.22342661315389764,0,6.0,0.5389787983409904,19,486.0
1635.0,20,105.0,1.1797752808988764,4.18938208209009,5,213.0,0.13760604189415815,15,280.0,0.20423693071807875,0,0.0,0.4345766583496269,20,493.0
1640.0,25,104.0,1.1685393258426966,4.563321399279523,8,251.0,0.19475872454185605,16,258.0,0.18596736702676853,1,4.0,0.7842798110547988,25,513.0
1645.0,27,91.0,0.978494623655914,4.02521813997165,8,236.0,0.18102486689338898,15,289.0,0.16268753120592813,4,11.0,0.5217348471359876,27,536.0
1650.0,20,86.0,0.9247311827956989,4.7466721905361355,4,175.0,0.2691544382966394,13,320.0,0.19150178231947454,3,22.0,0.5551142464209823,20,517.0
1655.0,19,101.0,1.10989010989011,4.455187727686007,3,137.0,0.21031077504971776,16,353.0,0.16578529633516229,0,9.0,0.45827478594735677,19,499.0
1660.0,29,211.0,2.24468085106383,5.2130842420198436,9,161.0,0.13251816376036324,18,435.0,0.230563549531849,2,3.0,0.48876383691928754,29,599.0
1665.0,24,192.0,2.2588235294117647,4.478868735891373,4,151.0,0.18450941742546748,18,456.0,0.1942656863907156,2,13.0,0.51331606253928,24,620.0
1670.0,20,94.0,1.0930232558139534,4.338915755820514,4,108.0,0.2360849948599829,16,412.0,0.1891635962666293,0,3.0,0.5039002072894477,20,523.0
1675.0,20,82.0,0.9111111111111111,4.721113166301715,3,96.0,0.32225622299830886,15,478.0,0.14783555080813204,2,4.0,0.6834677041385121,20,578.0
1680.0,19,104.0,1.1555555555555554,4.962131101342097,3,108.0,0.23041546994905726,16,521.0,0.16223144685324123,0,1.0,0.5072837513007915,19,630.0
1685.0,18,77.0,0.8651685393258427,4.210488723847765,3,99.0,0.19184846680469556,13,518.0,0.16110976506487368,2,7.0,0.49681989986346514,18,624.0
1690.0,17,51.0,0.5930232558139535,4.449059647731288,3,93.0,0.24765362570609675,13,453.0,0.16691889157451964,1,3.0,0.7035181092997685,17,549.0
1695.0,14,42.0,0.45161290322580644,4.387117992725806,3,71.0,0.22754864013955084,8,452.0,0.17466825352149534,3,9.0,0.5749407951928296,14,532.0
1700.0,12,53.0,0.5578947368421052,4.5797922987354625,1,70.0,0.274246693085673,9,455.0,0.14247804292533336,2,19.0,0.5867549631960907,12,544.0
1705.0,23,107.0,1.1030927835051547,3.7006789885733546,6,83.0,0.09161418569916438,13,496.0,0.15593304220980364,4,12.0,0.21989877299899116,23,591.0
1710.0,21,110.0,1.2359550561797752,4.269794109952434,4,84.0,0.14871131426823442,15,490.0,0.18974044757606634,2,11.0,0.5297065622035921,21,585.0
1715.0,20,82.0,0.9534883720930233,4.167034232830204,2,62.0,0.2579872637194237,16,415.0,0.14649003322868437,2,8.0,0.5784191682381373,20,485.0
1720.0,19,63.0,0.6774193548387096,4.256913307039615,3,67.0,0.26039022592118133,13,468.0,0.1283205963357399,3,21.0,0.5324291374503268,19,556.0
1725.0,18,75.0,0.7978723404255319,4.598825917420865,5,86.0,0.23987123518745507,13,493.0,0.13393689295739122,0,18.0,0.6691848691847694,18,597.0
1730.0,28,166.0,1.7659574468085106,4.02965569275322,9,121.0,0.06931722836107648,18,557.0,0.19980988198733848,1,1.0,0.441263615310951,28,679.0
1735.0,29,175.0,1.9444444444444444,3.799023467073108,9,142.0,0.1460330804779064,18,563.0,0.1701822323719449,2,1.0,0.48057118687144645,29,706.0
1740.0,28,146.0,1.6781609195402298,3.823436634597349,7,128.0,0.19513134565948317,18,501.0,0.12878758979040814,3,16.0,0.5625527862243873,28,645.0
1745.0,22,92.0,0.989247311827957,3.6008378572562916,8,143.0,0.2151321096749476,14,562.0,0.13018742723281013,0,9.0,0.600432764344807,22,714.0
1750.0,22,85.0,0.8762886597938144,4.306809105121275,8,172.0,0.1945668064145238,14,591.0,0.16774744320577328,0,0.0,0.7344984362131878,22,763.0
1755.0,31,156.0,1.6082474226804124,4.467575629070703,12,223.0,0.12459969046129735,17,650.0,0.2195630037723289,2,4.0,0.4534389682913941,31,877.0
1760.0,28,178.0,1.9777777777777779,3.486998169532029,10,243.0,0.16230957988220024,16,645.0,0.13470750268709167,2,14.0,0.5526132435380919,28,902.0
1765.0,34,142.0,1.5268817204301075,3.2830630046573273,10,257.0,0.18295854554105223,21,525.0,0.11149659116450018,3,2.0,0.49956992852104243,34,784.0
1770.0,31,169.0,1.7422680412371134,4.728322010736072,9,275.0,0.27088187195004065,21,477.0,0.1483703367917223,1,4.0,0.7755026685640753,31,756.0
1775.0,27,188.0,1.9183673469387754,4.7243577135298045,10,306.0,0.26127804326533033,17,411.0,0.19044885251414834,0,2.0,0.7354032105908653,27,719.0
1780.0,30,163.0,1.5673076923076923,4.743314857823254,13,361.0,0.20713734844067064,15,457.0,0.24719896305847658,2,5.0,0.6370412568994663,30,823.0
1785.0,28,154.0,1.5247524752475248,4.122357255165379,16,434.0,0.1318429410635113,11,446.0,0.21602089105751626,1,1.0,0.6171113572222108,28,881.0
1790.0,28,137.0,1.3047619047619048,3.226534339027585,15,454.0,0.061970478935130024,9,445.0,0.17287428377348357,4,15.0,0.21736518494338883,28,914.0
1795.0,27,118.0,1.18,3.7635879620829833,10,427.0,0.20599527450669458,13,409.0,0.16091712642183276,4,25.0,0.4512212471086705,27,861.0
1800.0,27,159.0,1.5588235294117647,4.223018764276216,12,471.0,0.2052995963464323,15,378.0,0.15851423955622057,0,14.0,0.6207972478812908,27,863.0
1805.0,38,198.0,1.8504672897196262,4.055905449719259,17,540.0,0.17155811057961695,18,400.0,0.1829495388128394,3,21.0,0.553394266425984,38,961.0
1810.0,38,180.0,1.7142857142857142,3.7241239758039444,16,564.0,0.11262582814139004,15,382.0,0.15951832532118435,7,44.0,0.370672380280407,38,990.0
1815.0,30,131.0,1.2718446601941749,3.6287058902704024,9,497.0,0.1268467147309873,9,378.0,0.19050718751079965,12,88.0,0.21804044712345438,30,963.0
1820.0,28,190.0,1.9191919191919191,4.458323819487288,5,397.0,0.3083372954554291,10,360.0,0.20054852563173228,13,150.0,0.3341692149864251,28,907.0
1825.0,31,158.0,1.4495412844036697,4.036094159790029,6,330.0,0.3048605459508064,12,337.0,0.17501988197425006,13,165.0,0.2654156682338619,31,832.0
1830.0,18,103.0,0.9363636363636364,5.056080872844097,4,252.0,0.38740948728568925,10,295.0,0.18013534724245103,4,127.0,0.31924920219266933,18,674.0
1835.0,14,104.0,0.9811320754716981,5.498711104328441,4,214.0,0.38551777689423056,7,285.0,0.2351772488412381,3,81.0,0.3755568209272505,14,580.0
1840.0,18,84.0,0.7777777777777778,5.8489904463551925,3,193.0,0.3913893785204882,10,258.0,0.2619151693690788,5,69.0,0.5524297137763888,18,520.0
1845.0,15,69.0,0.6388888888888888,6.130738650055406,7,193.0,0.46393306889324665,8,229.0,0.22518567371556059,0,29.0,0.569745629488812,15,451.0
1850.0,29,141.0,1.3177570093457944,4.896218135146457,10,236.0,0.23908318249193844,12,191.0,0.16874559495969724,7,36.0,0.2688139343061674,29,463.0
1855.0,22,99.0,1.0206185567010309,3.660801618413199,9,236.0,0.1392548254876175,7,174.0,0.14978948923713983,6,53.0,0.2385483348707695,22,463.0
1860.0,19,65.0,0.7222222222222222,4.6299559785501945,6,184.0,0.34871331464020394,11,180.0,0.22883859421784958,2,35.0,0.42168117649135806,19,399.0
1865.0,16,49.0,0.494949494949495,5.636769124434986,4,118.0,0.37740586167945117,10,171.0,0.22626688630024347,2,14.0,0.6362719748574637,16,303.0
1870.0,15,52.0,0.5,5.313002738916514,2,94.0,0.385305548565919,10,164.0,0.16237168232972785,3,10.0,0.5593525122054561,15,268.0
1875.0,17,57.0,0.5480769230769231,4.2577514426960485,2,88.0,0.2523460173207207,10,172.0,0.13049191825497883,5,28.0,0.3268703930968124,17,288.0
1880.0,27,127.0,1.3229166666666667,4.097238697182774,6,112.0,0.35744876818753724,12,185.0,0.14059116646454817,9,67.0,0.3746397090368379,27,364.0
1885.0,34,207.0,2.1122448979591835,4.170858128157843,3,101.0,0.32660487671865773,18,215.0,0.1540084928123787,13,116.0,0.34081440623373055,34,432.0
1890.0,36,352.0,3.4174757281553396,4.3396018391807765,4,65.0,0.3778585830039197,19,275.0,0.15485704270263148,13,174.0,0.3409923776898458,36,514.0
1895.0,41,394.0,3.7523809523809524,4.007472862038468,6,67.0,0.3751166298906403,24,376.0,0.1531829901758006,11,184.0,0.29316676472727904,41,627.0
1900.0,32,315.0,2.8378378378378377,4.2574544538076236,7,97.0,0.23765048619975346,18,411.0,0.2296401525138791,7,122.0,0.2565856832469866,32,630.0
1905.0,24,170.0,1.5315315315315314,4.6895501682068295,10,114.0,0.1806806459977776,10,334.0,0.3097268756148208,4,126.0,0.27439542057629157,24,574.0
1910.0,21,74.0,0.6666666666666666,4.937066694099954,7,97.0,0.14404621946441443,6,259.0,0.3743798202311455,8,163.0,0.20823411517045026,21,519.0
1915.0,16,69.0,0.6448598130841121,5.042855401417413,3,66.0,0.26643743020882693,7,257.0,0.3019777694663112,6,155.0,0.22620477582424334,16,478.0
1920.0,19,48.0,0.46601941747572817,4.253646161438636,2,61.0,0.2831744046993936,14,284.0,0.18949254934890508,3,100.0,0.25509051975289027,19,445.0
1925.0,27,130.0,1.1818181818181819,4.94432956674621,8,87.0,0.2331008749404556,17,334.0,0.2672601296091489,2,68.0,0.33081823902786656,27,489.0
1930.0,21,100.0,0.9090909090909091,4.379294375175369,6,100.0,0.21975485850686335,12,343.0,0.2445380625619861,3,64.0,0.32741564472266665,21,507.0
1935.0,21,70.0,0.6194690265486725,4.526387944978274,4,72.0,0.20674360735967184,10,275.0,0.23564477281503593,7,88.0,0.2271300902665824,21,435.0
1940.0,21,97.0,0.8899082568807339,4.852394584185919,3,37.0,0.3149902216310838,11,181.0,0.19459404943359898,7,101.0,0.21966450016194847,21,319.0
1945.0,21,60.0,0.5504587155963303,4.227493080932907,2,23.0,0.19389414307205213,11,205.0,0.23467745989913136,8,75.0,0.14059523050966224,21,303.0
1950.0,19,68.0,0.6476190476190476,4.660944332116311,5,44.0,0.25853349838085893,11,205.0,0.20148219761446687,3,95.0,0.32497577034832276,19,344.0
1955.0,26,80.0,0.7547169811320755,4.145023266975207,4,53.0,0.28911401923171254,14,221.0,0.17752420305711197,8,121.0,0.22907680973949318,26,395.0
1960.0,22,79.0,0.7314814814814815,3.9872475957680735,4,43.0,0.27959589412129243,10,230.0,0.19521530835171857,8,133.0,0.15378331414179527,22,406.0
1965.0,20,71.0,0.6698113207547169,4.140307338980826,4,39.0,0.271863851765816,10,248.0,0.19669804590343107,6,108.0,0.19449756048910047,20,395.0
1970.0,26,87.0,0.7699115044247787,3.873181696031234,6,48.0,0.27608922775948797,13,231.0,0.1891805169138946,7,132.0,0.2029354418588486,26,411.0
1975.0,32,149.0,1.2956521739130435,4.150292741628088,2,30.0,0.42769279661487253,19,231.0,0.16086763783795052,11,170.0,0.21612726866434048,32,431.0
1980.0,38,230.0,2.017543859649123,3.4839297515587533,4,35.0,0.41893112674908595,17,274.0,0.09541739829837585,17,237.0,0.10498124642806614,38,546.0
1985.0,37,207.0,1.831858407079646,3.4518654526824273,4,41.0,0.2854458290450977,15,281.0,0.13629798401757462,18,272.0,0.11765230551549498,37,594.0
1990.0,26,147.0,1.348623853211009,4.519889755370093,3,32.0,0.3103071402093685,10,272.0,0.23598699712178192,13,251.0,0.1594624532285372,26,555.0
1995.0,29,119.0,1.0625,4.61436820143345,5,45.0,0.2220522885944438,11,279.0,0.28920043415009583,13,206.0,0.1600966361608073,29,530.0
2000.0,28,127.0,1.1339285714285714,5.194851277140794,6,74.0,0.285617632486348,13,259.0,0.25248499592235685,9,204.0,0.3576715620622128,28,537.0
2005.0,33,172.0,1.5087719298245614,4.402577239290704,10,113.0,0.22210329924205718,18,270.0,0.22727657303801052,5,183.0,0.2678640796165258,33,566.0
2010.0,32,209.0,1.8333333333333333,4.169687291149985,12,165.0,0.26729032772488576,13,295.0,0.18276613560720983,7,209.0,0.2746035922472018,32,669.0
2015.0,37,214.0,1.8938053097345133,3.5652998457582195,12,182.0,0.18302940759412473,12,245.0,0.13632769453069413,13,261.0,0.1980519454116393,37,688.0
2020.0,44,256.0,2.265486725663717,3.585358508291393,14,190.0,0.1645495120416892,14,218.0,0.230472545322405,16,290.0,0.12507210131684213,44,698.0
2025.0,33,191.0,1.7685185185185186,3.7125626179359585,10,215.0,0.17800814969019157,13,248.0,0.23268934458066406,10,262.0,0.17575343594710444,33,725.0
2030.0,38,163.0,1.4298245614035088,3.4215773631814064,15,279.0,0.15559986816612226,13,242.0,0.16729370798657653,10,315.0,0.18332564309914462,38,836.0
2035.0,39,208.0,1.8245614035087718,3.7946065036837435,10,309.0,0.27476675243702936,16,243.0,0.19380247601531408,13,372.0,0.17862309363990683,39,924.0
2040.0,29,207.0,1.831858407079646,3.538687170829294,2,269.0,0.3372357142099554,16,284.0,0.2366496990935314,11,375.0,0.1275459424395623,29,928.0
2045.0,30,284.0,2.347107438016529,3.963951325027067,2,205.0,0.37131576295267005,19,337.0,0.2117276439882132,9,321.0,0.15007425113461217,30,863.0
2050.0,35,376.0,3.032258064516129,3.7449532387691282,4,203.0,0.2824650837008425,24,438.0,0.21632759761386483,7,341.0,0.14732760226864583,35,982.0
2055.0,39,374.0,2.921875,3.1824713073476643,9,233.0,0.1372066626771916,19,476.0,0.1607760240205767,11,385.0,0.09225319355294175,39,1094.0
2060.0,34,224.0,1.9145299145299146,2.854270022211155,9,250.0,0.18032200947097632,15,402.0,0.10085156040239086,10,374.0,0.12192971701591847,34,1026.0
2065.0,24,98.0,0.8376068376068376,3.959328508756771,4,209.0,0.18623309353154158,13,330.0,0.2661840246392239,7,298.0,0.12524027954023892,24,837.0
2070.0,25,173.0,1.5043478260869565,5.173961777636919,3,140.0,0.25953098110958284,15,298.0,0.381834218871578,7,313.0,0.15620498914201594,25,751.0
2075.0,33,282.0,2.5636363636363635,4.545217810657548,2,106.0,0.24554854967247025,16,273.0,0.20876561162953758,15,358.0,0.10974541208811271,33,737.0
2080.0,32,278.0,2.6226415094339623,3.4856698652391813,0,79.0,0.2792293488802038,14,285.0,0.09421695501343945,18,430.0,0.09075397836792215,32,794.0
2085.0,31,225.0,2.272727272727273,3.823239320923931,3,86.0,0.3959461281607971,12,252.0,0.13652723240236758,16,444.0,0.15065258038440094,31,782.0
2090.0,30,158.0,1.5490196078431373,3.4672598404531265,4,86.0,0.3087612525061249,13,311.0,0.2336099861440112,13,379.0,0.11773956178537057,30,776.0
2095.0,27,146.0,1.4038461538461537,4.805695815306214,3,68.0,0.31822504545047003,11,370.0,0.3208303070997627,13,282.0,0.1658337991638636,27,720.0
2100.0,26,136.0,1.2830188679245282,4.684917146426827,4,66.0,0.1813147162259322,12,425.0,0.2692884843621938,10,251.0,0.2264191227972879,26,742.0
2105.0,22,92.0,0.8440366972477065,4.810852668507941,6,87.0,0.17683205021804294,11,422.0,0.22532689010032747,5,227.0,0.2843429277010171,22,736.0
2110.0,22,87.0,0.8446601941747572,4.323695991631768,6,84.0,0.24101418924943493,8,359.0,0.17373517156094995,8,258.0,0.3425707501480963,22,701.0
2115.0,21,70.0,0.6730769230769231,3.8665184151382905,5,63.0,0.2570262416049063,9,396.0,0.2086352754445803,7,253.0,0.23353549366863596,21,712.0
2120.0,22,79.0,0.7383177570093458,4.106551663098857,2,69.0,0.28621376939267834,14,449.0,0.21641162384850285,6,209.0,0.21509635844079178,22,727.0
2125.0,23,85.0,0.7589285714285714,3.973095075134755,6,88.0,0.07379831082939932,13,461.0,0.21268238255315156,4,141.0,0.2314207952902736,23,690.0
2130.0,26,121.0,1.0803571428571428,4.445958381647816,11,131.0,0.16990090312564632,12,418.0,0.18023792906248706,3,110.0,0.459420888917676,26,659.0
2135.0,20,106.0,0.9464285714285714,4.244747752242026,7,136.0,0.2121579603201139,10,463.0,0.19308081003024913,3,74.0,0.43919980820362897,20,673.0
2140.0,21,73.0,0.6186440677966102,4.227382758829663,7,95.0,0.21056810530460932,12,486.0,0.16461078588637953,2,54.0,0.3588371338881516,21,635.0
2145.0,27,106.0,0.8983050847457628,4.135959515922548,7,98.0,0.23715554266094885,12,477.0,0.12400700310437847,8,62.0,0.2683319958956103,27,637.0
2150.0,31,122.0,1.0517241379310345,3.2555061486584087,7,122.0,0.18811698299660953,15,430.0,0.10420479354531188,9,81.0,0.20135508291583643,31,633.0
2155.0,26,169.0,1.4824561403508771,4.00283686699273,6,156.0,0.31427939489353995,18,371.0,0.15603469701670908,2,61.0,0.41426639999626325,26,588.0
2160.0,22,184.0,1.5726495726495726,4.05787724431622,4,170.0,0.2683363247828239,16,422.0,0.1425527646150456,2,25.0,0.47720572132228406,22,617.0
2165.0,24,191.0,1.5655737704918034,4.53863430349201,7,188.0,0.2436923632375382,14,441.0,0.1547889315769247,3,27.0,0.5416192629940317,24,656.0
2170.0,16,114.0,0.926829268292683,4.717323829987891,1,149.0,0.1567081609656217,12,439.0,0.1735966274707338,3,39.0,0.4828640612468251,16,627.0
2175.0,29,161.0,1.3416666666666666,3.615869520899508,8,174.0,0.08267702389479545,16,443.0,0.17701705661104364,5,58.0,0.25564963780760064,29,675.0
2180.0,30,146.0,1.2920353982300885,3.6263243674161707,10,166.0,0.20665708796622723,18,404.0,0.11926348082149861,2,36.0,0.3944099549973886,30,606.0
2185.0,38,210.0,1.8103448275862069,3.4925985545549483,13,223.0,0.15183181879762778,17,420.0,0.11803575459547237,8,27.0,0.2556078494308342,38,670.0
2190.0,34,183.0,1.5913043478260869,3.8130419225623293,11,239.0,0.16449540050384195,15,431.0,0.12686585428483646,8,47.0,0.3984398904904525,34,717.0
2195.0,20,117.0,1.1037735849056605,3.799207352893666,10,218.0,0.17527959899088663,8,397.0,0.1835061384591105,2,46.0,0.3465749609288266,20,661.0
2200.0,26,118.0,1.0727272727272728,3.8397255277918503,12,203.0,0.19805655476571496,11,342.0,0.15164688227130238,3,45.0,0.44631264095377154,26,590.0
2205.0,27,125.0,1.0775862068965518,4.300382467342587,11,246.0,0.31850584023268336,12,319.0,0.14597004933665916,4,54.0,0.500692060917417,27,619.0
2210.0,23,128.0,1.0756302521008403,4.083661056202066,8,291.0,0.25304558209197847,9,308.0,0.12886474915994897,6,72.0,0.3009821002618059,23,671.0
2215.0,17,119.0,1.072072072072072,3.6266450879902674,4,290.0,0.25924803218071024,8,294.0,0.1294917424798839,5,88.0,0.2608123760485683,17,672.0
2220.0,20,138.0,1.2545454545454546,3.4852269323889904,2,254.0,0.287844560197732,11,260.0,0.1469151311500964,7,107.0,0.22086608523805065,20,621.0
2225.0,17,48.0,0.4067796610169492,3.5218119606122937,5,228.0,0.28934418009791435,11,275.0,0.12397762146896385,1,70.0,0.3581252588384013,17,573.0
2230.0,16,59.0,0.48760330578512395,3.872127627461728,2,199.0,0.30911537727732236,12,281.0,0.11232128419970158,2,59.0,0.3211705265821255,16,539.0
2235.0,20,94.0,0.7899159663865546,3.545083962120971,4,192.0,0.2423791681361123,10,285.0,0.12551482192265073,6,31.0,0.20865396184358478,20,508.0
2240.0,22,72.0,0.6206896551724138,3.374941334693006,3,178.0,0.28718209545236234,12,264.0,0.1365245530485886,7,49.0,0.28036623086781015,22,491.0
2245.0,31,138.0,1.140495867768595,3.508563974562881,8,198.0,0.26500992348626523,16,254.0,0.12861257379850802,7,58.0,0.3493677622928303,31,510.0
2250.0,23,114.0,0.912,3.606088382416817,5,193.0,0.28609442014802317,14,285.0,0.11384851111330144,4,74.0,0.3425770433583979,23,552.0
2255.0,30,124.0,0.9841269841269841,3.7908980450329506,6,164.0,0.1988773357456869,15,297.0,0.1444665960015112,9,98.0,0.21876674662313259,30,559.0
2260.0,26,139.0,1.1031746031746033,3.8821181582048943,8,159.0,0.17638359875778636,13,285.0,0.17137331817589763,5,105.0,0.14041972792000157,26,549.0
2265.0,26,153.0,1.2857142857142858,3.849876747436916,6,187.0,0.15331643584626134,18,316.0,0.18508590696188051,2,77.0,0.2506167532203407,26,580.0
2270.0,24,88.0,0.704,3.6837557640199674,2,168.0,0.1775973923443867,20,320.0,0.1224926420755664,2,56.0,0.31260585883747743,24,544.0
2275.0,28,104.0,0.8188976377952756,4.11384105479499,5,146.0,0.28697067145173394,19,362.0,0.10890532848604641,4,65.0,0.29104698183638233,28,573.0
2280.0,28,108.0,0.8780487804878049,4.054847626646727,6,146.0,0.209853174154192,16,384.0,0.12345036678444103,6,88.0,0.19882528273413969,28,618.0
2285.0,22,82.0,0.7008547008547008,3.1421132267737857,7,130.0,0.150532701972795,11,387.0,0.13957348337932757,4,87.0,0.17749031787451505,22,604.0
2290.0,21,63.0,0.5526315789473685,3.6400866159554974,5,141.0,0.23860283491350454,13,369.0,0.144964595811295,3,51.0,0.33007441766884144,21,561.0
2295.0,33,137.0,1.096,3.861009352237592,8,168.0,0.22916861500027147,20,365.0,0.11998301641601107,5,53.0,0.32518289601051625,33,586.0
2300.0,30,170.0,1.3821138211382114,3.5650189627532654,10,219.0,0.25247273541597487,18,404.0,0.11945192603864603,2,62.0,0.35529593037330154,30,685.0
2305.0,35,162.0,1.3064516129032258,3.1274569838548825,11,220.0,0.11743741073906444,16,385.0,0.14370099344465415,8,87.0,0.16083641440705046,35,692.0
2310.0,29,148.0,1.2436974789915967,3.825518307968905,8,161.0,0.16767288631295324,14,394.0,0.20471414468155835,7,92.0,0.1686614407347148,29,647.0
2315.0,27,146.0,1.280701754385965,3.807606518725005,6,157.0,0.14477601865225095,17,423.0,0.1929575838771876,4,81.0,0.21778539075824255,27,661.0
2320.0,34,158.0,1.3166666666666667,3.552998300998017,7,164.0,0.24343622132174825,21,402.0,0.11399190364361753,6,106.0,0.199996656113817,34,672.0
2325.0,32,118.0,0.9672131147540983,3.8151117532861667,4,155.0,0.3620015775727478,19,463.0,0.11728314862760147,9,144.0,0.2315697192428257,32,762.0
2330.0,32,113.0,0.9112903225806451,3.5768361774262263,5,165.0,0.2694372080089262,19,484.0,0.12288750294181387,8,152.0,0.14882240272065947,32,801.0
2335.0,28,147.0,1.2782608695652173,4.021099799392709,5,167.0,0.2754725643556015,17,483.0,0.16228515915616562,6,139.0,0.19916520862229256,28,789.0
2340.0,28,144.0,1.2743362831858407,3.4444658084941238,4,162.0,0.15412923593000255,18,501.0,0.15393517936127293,6,117.0,0.15224417929268141,28,780.0
2345.0,29,108.0,0.907563025210084,3.4185070351776408,3,139.0,0.2541865014032681,21,447.0,0.11621382294791552,5,115.0,0.2598214497579911,29,701.0
2350.0,30,154.0,1.2833333333333334,3.948415316791533,4,154.0,0.2785125956598047,20,416.0,0.12133777692990996,6,132.0,0.3311595815356338,30,702.0
2355.0,37,192.0,1.5737704918032787,3.223565224903279,7,181.0,0.21408844308860855,20,490.0,0.1278316872031737,10,174.0,0.28764515433158283,37,845.0
2360.0,35,204.0,1.6859504132231404,3.3575930170185733,11,228.0,0.1949973751405173,16,523.0,0.14640651281510128,8,189.0,0.26153660892874964,35,940.0
2365.0,34,197.0,1.576,3.607567915101435,13,240.0,0.07783068236269884,13,530.0,0.19742519023955007,8,173.0,0.19447031156563974,34,943.0
2370.0,45,348.0,2.8524590163934427,4.285821823714445,17,288.0,0.09226612366414429,21,577.0,0.1883767634771534,7,166.0,0.19566336193002204,45,1031.0
2375.0,43,350.0,2.9914529914529915,3.266094159320923,15,329.0,0.07757096513831509,23,604.0,0.08367040598795648,5,161.0,0.17802129916572523,43,1094.0
2380.0,42,283.0,2.5267857142857144,3.066573772920692,15,284.0,0.12729856493949893,24,582.0,0.12318407021129528,3,166.0,0.27760802779236365,42,1032.0
2385.0,41,275.0,2.412280701754386,3.796463685350293,15,295.0,0.2592336766325057,21,673.0,0.1297155827877488,5,189.0,0.32847254122586467,41,1157.0
2390.0,40,253.0,2.1623931623931623,3.6638489906693463,13,360.0,0.16276377225324454,21,739.0,0.14989442037749645,6,187.0,0.22148849853053446,40,1286.0
2395.0,34,222.0,1.9304347826086956,3.2446719788784155,12,427.0,0.16349906009599213,16,759.0,0.12881316009876606,6,212.0,0.2005243484091747,34,1398.0
2400.0,30,170.0,1.5044247787610618,2.8814577837538615,11,450.0,0.17390968179584293,13,689.0,0.13453635846849546,6,235.0,0.1386042500312041,30,1374.0
2405.0,33,190.0,1.596638655462185,3.0199102104825584,10,468.0,0.22960013670629648,13,738.0,0.15382485658343872,10,274.0,0.1672581283962046,33,1480.0
2410.0,31,268.0,2.2333333333333334,2.9162678355599683,9,481.0,0.16978470658756,11,764.0,0.14522734021213865,11,326.0,0.17476524533826188,31,1571.0
2415.0,30,160.0,1.3008130081300813,2.3997417811132737,9,457.0,0.11699707525142493,9,735.0,0.1295473837128148,12,341.0,0.07450577716728517,30,1533.0
2420.0,34,164.0,1.3442622950819672,3.3166810859912124,9,424.0,0.2330160838368904,15,640.0,0.14204047887778637,10,318.0,0.2040413170532169,34,1382.0
2425.0,34,188.0,1.5161290322580645,3.2860742559328697,9,424.0,0.20278078323354065,14,520.0,0.15036421772815414,11,323.0,0.2276262048129551,34,1267.0
2430.0,34,170.0,1.328125,3.419301367518334,9,379.0,0.24206819561056198,15,559.0,0.14270404742981546,10,371.0,0.2497807835507807,34,1309.0
2435.0,30,151.0,1.208,3.606238899768367,8,348.0,0.26708193813977565,14,577.0,0.15164415584542862,8,382.0,0.2140919694738764,30,1307.0
2440.0,22,70.0,0.5555555555555556,3.4906818955463152,7,347.0,0.14600133184151265,10,561.0,0.18166306863683004,5,337.0,0.22716173520462019,22,1245.0
2445.0,27,88.0,0.7213114754098361,3.365245364497147,11,379.0,0.19359686475169396,13,491.0,0.17119778908104863,3,317.0,0.28984672840677544,27,1187.0
2450.0,26,98.0,0.7538461538461538,3.3428951562228364,8,382.0,0.20292554168982585,12,456.0,0.11912618560429722,6,343.0,0.2280639743855297,26,1181.0
2455.0,21,72.0,0.5669291338582677,3.7967319870209244,8,333.0,0.26998662700065174,9,438.0,0.1360916354408182,4,322.0,0.24334949668786202,21,1093.0
2460.0,16,38.0,0.3114754098360656,3.321415759761669,5,329.0,0.16427093309407587,8,403.0,0.1506057520188753,3,245.0,0.17586080759470168,16,977.0
2465.0,24,79.0,0.626984126984127,3.9188770491433,9,343.0,0.1876585715762629,11,320.0,0.1501994600177836,4,203.0,0.3042343338310881,24,866.0
2470.0,25,134.0,1.046875,4.101913416415446,6,330.0,0.257149918275815,17,294.0,0.13097590261210967,2,170.0,0.36767718622550927,25,794.0
2475.0,24,114.0,0.890625,3.6859218338858293,6,260.0,0.27541648019333986,16,320.0,0.14731187897556594,2,158.0,0.3065424686187019,24,738.0
2480.0,26,104.0,0.8253968253968254,3.940594656416998,6,268.0,0.24165142946246085,16,309.0,0.14048777652025818,4,173.0,0.2710515814685469,26,750.0
2485.0,31,140.0,1.1382113821138211,3.7309841320973316,11,302.0,0.07106348646176713,15,278.0,0.185825141141999,5,170.0,0.1475898470072842,31,750.0
2490.0,34,233.0,2.0086206896551726,3.9141760324880357,8,294.0,0.1361317345723471,21,328.0,0.20647736529294367,5,141.0,0.2167705121758779,34,763.0
2495.0,36,334.0,2.982142857142857,4.109549983078322,4,222.0,0.19241396539046804,28,407.0,0.15487645139835396,4,116.0,0.2055111451303918,36,745.0
2500.0,43,510.0,4.553571428571429,3.193500643455657,5,242.0,0.13203395583916133,33,550.0,0.0914564602596001,5,103.0,0.19536889289798456,43,895.0
2505.0,46,507.0,4.609090909090909,2.8308065726704976,9,281.0,0.13484139697183797,35,634.0,0.06278743888447998,2,88.0,0.22432509169178427,46,1003.0
2510.0,41,442.0,3.9464285714285716,3.383822672709357,6,263.0,0.16822346341235542,30,650.0,0.10556782502391569,5,95.0,0.2646606387121425,41,1008.0
2515.0,35,353.0,3.209090909090909,3.7427065157167343,5,193.0,0.28500543821747854,21,736.0,0.171456151588779,9,129.0,0.292345661734722,35,1058.0
2520.0,35,321.0,2.891891891891892,3.450472253576068,3,200.0,0.2491533544795636,21,829.0,0.1635884880195518,11,179.0,0.20952906184042375,35,1208.0
2525.0,36,292.0,2.453781512605042,2.960854124062227,5,220.0,0.13620326483820863,15,854.0,0.14096062582591398,16,249.0,0.12399746904267157,36,1323.0
2530.0,46,381.0,3.2564102564102564,2.5688434062898042,11,266.0,0.18588524226237077,13,781.0,0.1405984000657971,22,346.0,0.1461869670123927,46,1393.0
2535.0,45,386.0,3.138211382113821,3.1136056595703194,9,271.0,0.22459792426990058,15,667.0,0.16177592805964092,21,364.0,0.16957767170141383,45,1302.0
2540.0,40,339.0,2.6904761904761907,3.732073737977723,8,229.0,0.2930263031924359,13,709.0,0.18312795249871258,19,387.0,0.2441158141680438,40,1325.0
2545.0,42,315.0,2.404580152671756,3.518979299596859,10,172.0,0.19629566024737916,12,717.0,0.15283803044283006,20,424.0,0.15707259538284096,42,1313.0
2550.0,31,283.0,2.193798449612403,3.645054838980056,8,195.0,0.1911524127395262,9,692.0,0.15447163284618287,14,478.0,0.16119622357382324,31,1365.0
2555.0,29,270.0,2.16,3.732256831491383,9,237.0,0.19887025013126075,11,612.0,0.1760233851695037,9,535.0,0.18994648498987118,29,1384.0
2560.0,24,79.0,0.626984126984127,3.427331639210317,6,243.0,0.24893005886177486,13,600.0,0.11745070890132887,5,500.0,0.27100810157618505,24,1343.0
2565.0,21,88.0,0.7213114754098361,4.316253582334433,4,190.0,0.34580741583144486,11,598.0,0.1402887734180102,6,436.0,0.2897076855101241,21,1224.0
2570.0,22,73.0,0.5983606557377049,3.1617376391997882,5,211.0,0.14364114966833402,10,558.0,0.13666103836404583,7,425.0,0.10306834414518393,22,1194.0
2575.0,25,99.0,0.8319327731092437,3.376846675282225,8,249.0,0.20787006992851131,12,475.0,0.1567372146199008,5,391.0,0.24345413107385902,25,1115.0
2580.0,28,97.0,0.8151260504201681,2.6910578296488157,7,241.0,0.17831147718647694,15,506.0,0.09547165174774074,6,322.0,0.27551087813786956,28,1069.0
2585.0,27,115.0,0.9126984126984127,3.5822437386116897,5,195.0,0.241580353918429,15,520.0,0.14420284365634045,7,351.0,0.22808737440776694,27,1066.0
2590.0,28,147.0,1.1951219512195121,3.7316170290711783,5,140.0,0.21189393127000566,16,537.0,0.14646451225533644,7,351.0,0.16621459511962605,28,1028.0
2595.0,35,288.0,2.3225806451612905,3.842844792067762,4,122.0,0.2115685303082336,21,600.0,0.1489166215613166,10,381.0,0.13681576110643168,35,1103.0
2600.0,30,245.0,2.0416666666666665,3.68993893499625,1,103.0,0.2597199242121392,22,606.0,0.10866955689359697,7,379.0,0.2216854578123848,30,1088.0
2605.0,42,215.0,1.8859649122807018,3.208281796376228,7,111.0,0.2577861802582162,26,538.0,0.0801709408187774,9,320.0,0.21735726980213865,42,969.0
2610.0,33,163.0,1.4298245614035088,3.8051769442195917,5,111.0,0.3698445483686734,22,559.0,0.12214839492136373,6,345.0,0.27064103297737363,33,1015.0
2615.0,36,158.0,1.3620689655172413,3.6444590091203586,5,133.0,0.2583867055669063,21,631.0,0.1482842548749852,10,384.0,0.1651790380697484,36,1148.0
2620.0,37,176.0,1.5172413793103448,2.786761395963013,9,161.0,0.15273546365317794,17,638.0,0.1348005955501794,11,432.0,0.09224239309567238,37,1231.0
2625.0,32,165.0,1.4601769911504425,3.144976722445554,11,198.0,0.1920502251103439,12,552.0,0.14546310861060593,9,431.0,0.22549213409650073,32,1181.0
2630.0,34,193.0,1.5691056910569106,3.183659534131766,13,254.0,0.13463679944176463,12,589.0,0.14288706631985862,9,377.0,0.19040670697461642,34,1220.0
2635.0,31,197.0,1.576,3.6291760193434,11,266.0,0.15482234506945194,10,601.0,0.1501841077957122,10,328.0,0.22990327286222995,31,1195.0
2640.0,31,171.0,1.4132231404958677,3.2147714740486175,10,240.0,0.11395526477116791,13,570.0,0.1609339525634798,8,327.0,0.1320748050686708,31,1137.0
2645.0,36,181.0,1.4958677685950412,2.9918237903679583,10,257.0,0.20723474530366925,16,493.0,0.11114214623197063,10,330.0,0.23507345722742715,36,1080.0
2650.0,34,236.0,1.9504132231404958,3.738110830407545,12,311.0,0.2890094129747926,17,454.0,0.13553495539888757,5,364.0,0.28889943579078986,34,1129.0
2655.0,32,226.0,1.808,3.1537921933601933,10,324.0,0.23102684536562262,15,498.0,0.1257697591675304,7,353.0,0.2785507640517304,32,1175.0
2660.0,18,88.0,0.7154471544715447,3.6897181667253243,3,290.0,0.3223272105460491,15,518.0,0.16836543150003253,0,317.0,0.23524571681946393,18,1125.0
2665.0,26,123.0,0.9761904761904762,3.78887607561964,3,228.0,0.21235579965425969,15,526.0,0.18508666962816087,8,286.0,0.10986307839259318,26,1040.0
2670.0,24,118.0,0.944,3.4497600664906725,1,221.0,0.22623061331156802,16,539.0,0.1846448806753245,7,270.0,0.10984200002909457,24,1030.0
2675.0,28,116.0,0.9830508474576272,3.024545160957218,3,233.0,0.26444539839615927,21,504.0,0.11993110334631915,4,213.0,0.19262663321564438,28,950.0
2680.0,30,110.0,0.8661417322834646,3.305887678918422,4,218.0,0.2551749413082898,21,569.0,0.09872667856185882,5,166.0,0.21694663667734146,30,953.0
2685.0,24,82.0,0.6507936507936508,3.7301143748143026,3,185.0,0.2946881277480537,18,600.0,0.10669258428398025,2,156.0,0.28130601241752184,23,941.0
2690.0,22,72.0,0.5625,3.022333687879686,2,182.0,0.1412207422204475,16,601.0,0.1056379894457355,4,158.0,0.136945808839833,22,941.0
2695.0,28,99.0,0.7983870967741935,3.2418796246468427,7,193.0,0.23243717496710786,15,506.0,0.1091183283549539,6,161.0,0.25472760653685483,28,860.0
2700.0,27,119.0,0.9834710743801653,2.885352359436452,10,234.0,0.179791042913295,12,535.0,0.10779506383718984,5,157.0,0.24705059692538744,27,926.0
2705.0,26,116.0,0.9206349206349206,3.1265811354282995,8,238.0,0.20121234522940595,12,526.0,0.10262854753515174,6,160.0,0.2453978173862865,26,924.0
2710.0,20,96.0,0.768,3.3012824480672696,6,204.0,0.22014425703712584,10,510.0,0.12595750478961185,4,158.0,0.15387715650868958,20,872.0
2715.0,24,81.0,0.6428571428571429,2.994306800312653,8,191.0,0.23505226461141576,12,433.0,0.12604470724059605,4,147.0,0.18664724057751125,24,771.0
2720.0,31,154.0,1.1666666666666667,3.6347511279114033,7,206.0,0.31193872460182864,18,369.0,0.1220436084994653,6,174.0,0.2587834725773496,31,749.0
2725.0,37,148.0,1.121212121212121,3.1639297624747242,9,227.0,0.26282166330235,18,414.0,0.13495769194655743,10,177.0,0.22154364397804263,37,818.0
2730.0,32,149.0,1.146153846153846,3.7384104434470258,7,262.0,0.23379699009120775,16,424.0,0.15184754207020715,9,164.0,0.2038411780594613,32,850.0
2735.0,26,167.0,1.346774193548387,3.6305717660507697,5,257.0,0.15420616303154328,14,407.0,0.17682128466275096,7,164.0,0.15566230776324397,26,828.0
2740.0,24,112.0,0.9032258064516129,3.310284337496556,5,215.0,0.17858017151722416,17,432.0,0.17447824120839678,2,149.0,0.1302278271593305,24,796.0
2745.0,26,92.0,0.7419354838709677,3.2584579288979816,6,235.0,0.23900479657501075,18,415.0,0.1328571031804427,2,146.0,0.2142712538350088,26,796.0
2750.0,33,119.0,0.9153846153846154,3.071059133657386,10,275.0,0.15679718560223574,19,449.0,0.09978886240004506,4,144.0,0.20660635447854886,33,868.0
2755.0,29,124.0,1.0,3.255571944974745,6,272.0,0.18650524578263195,17,472.0,0.13295034091888294,6,134.0,0.25928446092797375,29,878.0
2760.0,29,177.0,1.462809917355372,3.217285169948569,3,204.0,0.1563843043210363,17,480.0,0.15893174108384797,9,170.0,0.16428728942700277,29,854.0
2765.0,39,311.0,2.488,3.312381158686835,6,226.0,0.13997783862445984,21,562.0,0.17906789445711327,12,210.0,0.11078907570285038,39,998.0
2770.0,45,490.0,4.049586776859504,2.9321247998209454,9,263.0,0.12763950969321886,26,686.0,0.11540470626690838,10,248.0,0.10292214460715692,45,1197.0
2775.0,47,529.0,4.445378151260504,2.2538280302589038,5,245.0,0.10512939684684987,30,748.0,0.0425205255756908,12,282.0,0.11901586648903331,47,1275.0
2780.0,36,349.0,3.034782608695652,3.130028377728225,2,192.0,0.269214347007063,29,733.0,0.11743613819766946,5,245.0,0.2169955488064914,36,1170.0
2785.0,37,261.0,2.175,3.5663087381364504,5,181.0,0.25705896039140314,26,687.0,0.14283941506757072,6,142.0,0.2513269592379186,37,1010.0
2790.0,32,225.0,1.875,3.697073598937045,4,194.0,0.3178158988832093,18,734.0,0.17200546881560574,10,176.0,0.2155185125823541,32,1104.0
2795.0,39,287.0,2.452991452991453,3.472571861942571,6,221.0,0.1954039575809797,16,806.0,0.17893953379865363,17,250.0,0.1250715638181102,39,1277.0
2800.0,39,288.0,2.4201680672268906,2.89080190135191,12,273.0,0.0974640338093156,9,786.0,0.18536215192784247,18,287.0,0.14271661234888397,39,1346.0
2805.0,39,355.0,3.1140350877192984,3.414769982831493,13,292.0,0.21976099876214544,7,652.0,0.22153341974143057,19,315.0,0.16809298938163647,39,1259.0
2810.0,35,320.0,2.689075630252101,2.9314407936437106,8,251.0,0.1762797880041808,5,678.0,0.15380961802734677,22,368.0,0.12755558391244234,35,1297.0
2815.0,37,303.0,2.6120689655172415,3.5427979766934086,9,289.0,0.1894398430421354,9,703.0,0.20268401810316106,19,393.0,0.188452119662435,37,1385.0
2820.0,46,370.0,3.274336283185841,3.1379927823221125,13,342.0,0.06204982516512791,16,766.0,0.10079093556854828,17,389.0,0.15022255278127777,46,1497.0
2825.0,42,355.0,3.1140350877192984,2.9031898529730094,17,420.0,0.07904191057140378,15,757.0,0.10493603853841978,10,423.0,0.16561839006583087,42,1600.0
2830.0,31,231.0,2.2,3.497277411610902,10,430.0,0.17197194213779377,11,656.0,0.13895778925762525,10,463.0,0.2574717162479454,31,1549.0
2835.0,27,107.0,1.009433962264151,3.7651321393573123,8,352.0,0.23749148722069627,14,723.0,0.15311531896949987,5,460.0,0.24056309317641364,27,1535.0
2840.0,25,106.0,1.029126213592233,3.4598348715770224,7,341.0,0.22401978415832136,15,803.0,0.12816072840442647,3,444.0,0.2870330809808135,25,1588.0
2845.0,35,112.0,1.037037037037037,2.546143406233203,12,384.0,0.07220611331518713,14,776.0,0.08495415054283541,9,469.0,0.16848489944874293,35,1629.0
2850.0,24,105.0,0.9905660377358491,3.480639525571231,9,381.0,0.21652866709756027,9,645.0,0.1654694307797821,6,493.0,0.22466032280450474,24,1519.0
2855.0,20,115.0,1.116504854368932,4.402935586573878,4,301.0,0.34035389114384457,7,450.0,0.20124227044171636,9,532.0,0.20336029690768548,20,1283.0
2860.0,18,146.0,1.3644859813084111,4.0880027001489845,2,275.0,0.33606191551876524,3,451.0,0.20639182747977827,13,591.0,0.19605998592314075,18,1317.0
2865.0,30,197.0,1.8584905660377358,3.6645862177126114,8,297.0,0.2252548799360659,8,481.0,0.22137943042869201,14,607.0,0.17296649272299794,30,1385.0
2870.0,31,201.0,1.8611111111111112,3.0092494815688147,12,347.0,0.07481429737306737,8,442.0,0.19782270986220726,11,563.0,0.1596330875751756,31,1352.0
2875.0,29,183.0,1.7596153846153846,3.880378056500698,11,355.0,0.22206527099202217,7,328.0,0.22820637643202862,11,474.0,0.23926887940102778,29,1157.0
2880.0,20,131.0,1.2718446601941749,4.723300626917403,5,295.0,0.29970363002878453,4,187.0,0.26126314132242257,11,526.0,0.2984302539079976,20,1008.0
2885.0,18,94.0,0.8623853211009175,4.935431089983365,7,242.0,0.30951955897863326,2,172.0,0.2645905927041395,9,573.0,0.29617045636165373,18,987.0
2890.0,18,68.0,0.6476190476190476,4.425078260779525,5,230.0,0.25335165315255503,8,195.0,0.22293743892922147,5,551.0,0.27056448259487514,18,976.0
2895.0,22,68.0,0.6476190476190476,4.016904108733121,9,267.0,0.12032526686868955,7,189.0,0.20823243230662516,6,471.0,0.21918184304581714,22,927.0
2900.0,15,52.0,0.5360824742268041,4.540717959143844,8,269.0,0.2680202507175634,4,141.0,0.21124340655946197,3,358.0,0.3327840038991217,15,768.0
2905.0,16,39.0,0.3786407766990291,4.156727390152894,4,214.0,0.28001109963583365,7,163.0,0.19689735262953886,5,286.0,0.26384555063832166,16,663.0
2910.0,14,47.0,0.4519230769230769,4.149825725231089,3,190.0,0.25621775780436334,9,199.0,0.13884895424769253,2,270.0,0.34283370481161834,14,659.0
2915.0,20,81.0,0.7941176470588235,3.66191691496538,6,212.0,0.13409884650926115,9,202.0,0.1205571256231548,5,281.0,0.23057582759081707,20,695.0
2920.0,24,106.0,1.0392156862745099,3.5906440706264404,6,205.0,0.20135586275506387,8,158.0,0.16982799001236076,10,325.0,0.25030842229139205,24,688.0
2925.0,16,77.0,0.7938144329896907,4.737100997510162,2,132.0,0.36176955252655796,5,100.0,0.26529907664784236,9,313.0,0.3317926821950815,16,545.0
2930.0,13,65.0,0.6190476190476191,5.153658374436151,2,61.0,0.37705424295699896,5,91.0,0.27796693614064827,6,229.0,0.32308814210367065,13,381.0
2935.0,13,35.0,0.3211009174311927,4.921933244338671,2,61.0,0.33900030787833235,2,73.0,0.31769536010027094,9,265.0,0.2859214351457993,13,399.0
2940.0,25,96.0,0.8727272727272727,4.778260254866686,5,81.0,0.21255219412312457,6,84.0,0.27916684172888573,14,321.0,0.12240938965196804,25,486.0
2945.0,27,93.0,0.8773584905660378,3.524585073367863,5,84.0,0.17228681262730133,8,97.0,0.21476077098924476,14,325.0,0.10169328948340216,27,506.0
2950.0,11,25.0,0.2631578947368421,4.794715452275601,2,61.0,0.3396065924990973,4,87.0,0.3509834717392682,5,282.0,0.2554082075746488,11,430.0
2955.0,11,19.0,0.18269230769230768,4.79388312883638,4,50.0,0.3091332472242443,3,96.0,0.2535179209725718,4,269.0,0.2769637658516084,11,415.0
2960.0,18,73.0,0.6886792452830188,4.5946134070349345,2,33.0,0.3722239618829113,10,128.0,0.20487878952565372,6,295.0,0.19582265831048254,18,456.0
2965.0,26,88.0,0.8301886792452831,2.9463998451246,6,32.0,0.25150456989785697,11,146.0,0.1246652868714305,9,283.0,0.08287177399589792,26,461.0
2970.0,12,35.0,0.33653846153846156,4.628988335775788,0,16.0,0.4177666440233088,7,135.0,0.23150139088935992,5,231.0,0.2588577142091043,12,382.0
2975.0,15,42.0,0.4077669902912621,5.176166412952585,5,20.0,0.4138989988245334,6,137.0,0.20206804353580188,4,151.0,0.3062234490714702,15,308.0
2980.0,19,81.0,0.7714285714285715,4.856285821332087,4,28.0,0.3859479195779838,10,177.0,0.13836402065226172,5,123.0,0.28758804116449843,19,328.0
2985.0,22,147.0,1.4848484848484849,4.07242541435012,3,23.0,0.28799243757802434,14,238.0,0.1456596858493166,5,116.0,0.3134972434992383,22,377.0
2990.0,21,170.0,1.6504854368932038,3.6922968871965605,0,15.0,0.33477873880086895,15,266.0,0.09159911188378791,6,129.0,0.2503828308934428,21,410.0
2995.0,14,61.0,0.5980392156862745,4.248776811529307,1,16.0,0.3736664682234127,12,240.0,0.14475152246344436,1,96.0,0.3644155498418215,14,352.0
3000.0,19,67.0,0.67,3.672852505330256,3,27.0,0.2786111799512881,14,297.0,0.09395799556758509,2,84.0,0.31983811616275803,19,408.0
3005.0,31,133.0,1.2666666666666666,3.411731192643015,8,61.0,0.27297851342863005,17,371.0,0.08473545549245157,6,94.0,0.2270936163583589,31,526.0
3010.0,33,187.0,1.9081632653061225,2.2848322324422976,12,111.0,0.12635619296959927,14,391.0,0.11327469537998415,7,124.0,0.1409516654666469,33,626.0
3015.0,32,212.0,1.9813084112149533,2.8893244060216636,17,169.0,0.16599593746621974,9,327.0,0.12954948446779335,6,119.0,0.18893973737497946,32,615.0
3020.0,24,141.0,1.2818181818181817,4.815952365723777,10,194.0,0.28559054678230594,6,276.0,0.22514421559646808,8,118.0,0.3136115987933465,24,588.0
3025.0,30,173.0,1.5175438596491229,4.222901898858863,14,198.0,0.2306006404882814,4,273.0,0.16027901688101878,12,163.0,0.23514465983260793,30,634.0
3030.0,30,187.0,1.7809523809523808,3.5634310522831836,11,230.0,0.16383770014142224,8,305.0,0.19999069787006707,11,188.0,0.15698027159930586,30,723.0
3035.0,26,141.0,1.396039603960396,3.4042113918706076,8,228.0,0.12752336885390478,7,306.0,0.2255636985215104,11,185.0,0.15838034707638388,26,719.0
3040.0,24,102.0,0.9622641509433962,3.8641320280880205,7,226.0,0.18818643929448506,6,245.0,0.20664004980087938,11,238.0,0.21055679865928037,24,709.0
3045.0,22,88.0,0.822429906542056,3.960017393234154,5,227.0,0.2510348006034143,4,260.0,0.16170285342022503,13,300.0,0.20504365967389326,22,787.0
3050.0,23,109.0,1.028301886792453,3.535142412955836,4,234.0,0.20602261802637598,9,293.0,0.08453965558482691,10,318.0,0.14123353774741468,23,845.0
3055.0,25,145.0,1.4948453608247423,3.5170711129341212,5,232.0,0.2147711509165471,15,361.0,0.16693496605684635,5,282.0,0.1847303687546219,25,875.0
3060.0,23,129.0,1.372340425531915,2.973220964874669,3,204.0,0.18019229600664785,16,381.0,0.1174389327348404,4,266.0,0.1722918409711692,23,851.0
3065.0,23,107.0,1.0594059405940595,3.5266607036021025,1,193.0,0.2886370533550726,16,348.0,0.13361439860476176,6,295.0,0.20739900199834096,23,836.0
3070.0,21,101.0,1.01,4.327159963558457,4,205.0,0.3001565361886823,14,291.0,0.16401744317479744,3,280.0,0.29076143404915644,21,776.0
3075.0,23,92.0,0.9108910891089109,3.952675315342975,8,231.0,0.2420304762486268,10,330.0,0.2241022977781936,5,238.0,0.2983761578639172,23,799.0
3080.0,17,76.0,0.76,4.070512535399726,7,232.0,0.2656824528927847,8,368.0,0.20859183725728245,2,243.0,0.26290083894477356,17,843.0
3085.0,26,84.0,0.8,3.2626006047576075,8,205.0,0.17661741547723345,9,361.0,0.16279209178195148,9,270.0,0.08543520229973012,26,836.0
3090.0,24,111.0,1.0776699029126213,3.4264940471744527,5,202.0,0.22878084815370814,7,303.0,0.20851001913579864,12,322.0,0.15787251390013665,24,827.0
3095.0,20,98.0,0.9702970297029703,3.231912580430717,8,239.0,0.21364272009566415,3,312.0,0.1462944130025469,9,332.0,0.1787508871167104,20,883.0
3100.0,22,83.0,0.7830188679245284,3.7605927786155116,4,230.0,0.2135565581768709,10,349.0,0.17147158016410494,8,283.0,0.19372057901264053,22,862.0
3105.0,19,74.0,0.7326732673267327,3.8271615588859316,0,167.0,0.25474023931670015,10,343.0,0.2072472131524037,9,283.0,0.1700248188143514,19,793.0
3110.0,23,81.0,0.7641509433962265,3.4894142451715346,1,145.0,0.24710234670787978,9,281.0,0.11830171136514961,13,342.0,0.13045244284243954,23,768.0
3115.0,21,80.0,0.7692307692307693,4.548669421485081,5,160.0,0.29463956313477613,7,197.0,0.2051512232738973,9,341.0,0.27323964976055115,21,698.0
3120.0,10,22.0,0.22448979591836735,4.282980061717181,4,145.0,0.24901364065945675,4,207.0,0.2502639142151743,2,265.0,0.3017579854093635,10,617.0
3125.0,16,52.0,0.5048543689320388,4.890296943542227,4,116.0,0.26780547586298886,8,242.0,0.24360960591996778,4,177.0,0.3000577637316622,16,535.0
3130.0,15,54.0,0.5346534653465347,4.202781250594123,4,120.0,0.17664993668866627,8,235.0,0.1964501408784259,3,141.0,0.31247079347266826,15,496.0
3135.0,18,62.0,0.5794392523364486,4.136204040104617,10,158.0,0.1747605542258754,7,183.0,0.1903779104073131,1,108.0,0.2834392470139505,18,449.0
3140.0,27,141.0,1.3823529411764706,4.211099959720673,13,214.0,0.19575900846685027,9,214.0,0.17713826934322732,5,126.0,0.38501444073792296,27,554.0
3145.0,37,267.0,2.67,3.2863459858540205,18,287.0,0.09712261902430692,12,256.0,0.08071033849485554,7,157.0,0.2655000911416837,37,700.0
3150.0,30,203.0,2.136842105263158,2.4703000174091003,15,306.0,0.10277008366566791,9,249.0,0.15431459409096715,6,152.0,0.1535784418943769,30,707.0
3155.0,21,118.0,1.2553191489361701,4.170234457839211,11,260.0,0.18915842613219924,5,196.0,0.24273846887072592,5,110.0,0.35552769073972745,21,566.0
3160.0,23,103.0,1.0,4.002715157444121,12,298.0,0.16942003519299872,5,199.0,0.16915804880270244,6,86.0,0.32911879371562724,23,583.0
3165.0,29,151.0,1.4519230769230769,4.409429338801889,16,371.0,0.17208791305064758,9,235.0,0.15136961318421457,4,83.0,0.45222846234263997,29,689.0
3170.0,31,166.0,1.6274509803921569,2.608416536654626,17,457.0,0.045177310322032815,12,240.0,0.10007934178379305,2,79.0,0.26646801475725296,31,776.0
3175.0,28,140.0,1.4583333333333333,3.4870026712725597,12,472.0,0.18328391660037008,8,188.0,0.16543623516775652,8,105.0,0.321057627630382,28,765.0
3180.0,18,66.0,0.6947368421052632,3.750967053759947,6,368.0,0.2295287858182429,7,208.0,0.2023552028277796,5,109.0,0.27508550618457456,18,685.0
3185.0,21,83.0,0.8058252427184466,4.329299219769689,7,314.0,0.23334368282772244,10,249.0,0.1721224511004527,4,101.0,0.29188411565443956,21,664.0
3190.0,23,74.0,0.7254901960784313,3.4668044894662406,7,334.0,0.172574315347717,9,247.0,0.14897237692758503,7,119.0,0.20414052673098723,23,700.0
3195.0,29,118.0,1.102803738317757,3.8749959691207896,12,387.0,0.19790883029698345,7,194.0,0.14530419801192485,10,161.0,0.18040130010440808,29,742.0
3200.0,19,81.0,0.8181818181818182,3.9544092227321124,6,385.0,0.302942049277139,4,191.0,0.161802813736288,9,171.0,0.2374981097655911,19,747.0
3205.0,24,64.0,0.6274509803921569,3.7845702220515647,5,316.0,0.2777477665732614,12,229.0,0.1668206449441894,7,129.0,0.17942979997200423,24,674.0
3210.0,20,70.0,0.6796116504854369,4.288279155514224,5,253.0,0.26855116648314836,7,218.0,0.1728795171947233,8,112.0,0.2366057558003977,20,583.0
3215.0,11,39.0,0.375,4.317981459113711,2,254.0,0.2942014370596999,5,165.0,0.16253781580085608,4,127.0,0.2376965038713652,11,546.0
3220.0,16,67.0,0.6261682242990654,4.6785580637445765,4,271.0,0.31997449005135237,5,107.0,0.1844231403350024,7,155.0,0.2675065900460329,16,533.0
3225.0,9,20.0,0.19230769230769232,4.994287954706055,4,253.0,0.37575802441943446,2,105.0,0.23905746250732632,3,140.0,0.32288882477760655,9,498.0
3230.0,18,61.0,0.5865384615384616,4.280917381112379,3,201.0,0.27946618581279703,8,133.0,0.20304341785598942,7,152.0,0.1707061183451498,18,486.0
3235.0,20,71.0,0.7029702970297029,3.996585823015389,4,216.0,0.23852734947721735,8,142.0,0.22907699250570115,8,163.0,0.13861620378279413,20,521.0
3240.0,17,60.0,0.6122448979591837,3.943086288174186,7,250.0,0.19109751536043615,5,114.0,0.20958812663647014,5,124.0,0.2094933172740044,17,488.0
3245.0,15,47.0,0.4519230769230769,4.754705592103006,5,244.0,0.2670830392190298,3,70.0,0.22267433919465468,7,114.0,0.29381943823331075,15,428.0
3250.0,10,35.0,0.35,5.981552960411137,3,148.0,0.396330889904229,2,52.0,0.3553349467713418,5,125.0,0.3768624822059046,10,325.0
3255.0,16,61.0,0.5754716981132075,5.90502422089076,5,102.0,0.36435540854051424,4,51.0,0.40187242540020235,7,153.0,0.2738520872491971,16,306.0
3260.0,18,117.0,1.1470588235294117,5.97026008957028,3,85.0,0.3890622778133019,4,60.0,0.5215826480589784,11,202.0,0.2614176924253174,18,347.0
3265.0,31,158.0,1.490566037735849,4.278964953758605,9,108.0,0.21655913018351405,4,31.0,0.42052018437239896,18,275.0,0.14008139576746292,31,414.0
3270.0,33,186.0,1.8235294117647058,3.4581396999968375,6,106.0,0.19390061010355494,8,40.0,0.2398600161636432,19,320.0,0.11261244530259576,33,466.0
3275.0,25,123.0,1.28125,3.9090684264494655,3,63.0,0.23333694285924006,8,75.0,0.3049057042281668,14,312.0,0.14653003507557052,25,450.0
3280.0,17,77.0,0.7475728155339806,5.65888967472014,2,44.0,0.33139766699778855,4,64.0,0.46167965927676663,11,259.0,0.21760178261052746,17,367.0
3285.0,13,41.0,0.3904761904761905,5.4739453114689836,3,42.0,0.35136263867668077,1,49.0,0.37667223494379787,9,293.0,0.25235289729406624,13,384.0
3290.0,25,108.0,1.0188679245283019,4.131378714314623,6,66.0,0.18097134030694623,6,71.0,0.15352446252827381,13,347.0,0.15324668988385048,25,484.0
3295.0,29,124.0,1.3191489361702127,3.0788590790081263,7,79.0,0.1914999569313288,13,120.0,0.1096266372203865,9,354.0,0.1893955469378691,29,553.0
3300.0,25,170.0,1.8681318681318682,3.5382766514101367,2,57.0,0.22056709651966805,19,208.0,0.16115454609326552,4,299.0,0.18304983245736003,25,564.0
3305.0,24,173.0,1.73,4.859301275757813,3,27.0,0.247079589973494,16,257.0,0.2772448076234115,5,220.0,0.23121319631010973,24,504.0
3310.0,14,93.0,0.93,5.531822366049409,3,24.0,0.3356035753663289,9,229.0,0.3089196567687506,2,217.0,0.32241921614767044,14,470.0
3315.0,14,51.0,0.4857142857142857,4.576013354154178,0,5.0,0.35461859739546997,7,253.0,0.13851483588939298,7,239.0,0.23412546564053774,14,497.0
3320.0,23,72.0,0.7272727272727273,4.3127866449193295,4,13.0,0.36712737192850897,12,303.0,0.15516826718058066,7,231.0,0.20197188081774203,23,547.0
3325.0,21,53.0,0.5463917525773195,3.650409066779761,4,20.0,0.22864413015995594,11,302.0,0.16838776173222683,6,176.0,0.1735649845991556,21,498.0
3330.0,13,45.0,0.47368421052631576,5.080043838885873,4,32.0,0.3397997095811631,6,254.0,0.25958357169232643,3,118.0,0.33651261173344843,13,404.0
3335.0,10,44.0,0.4489795918367347,5.033311203021692,3,32.0,0.3764741405252702,5,171.0,0.19935717162709463,2,116.0,0.3318195516341062,10,319.0
3340.0,15,71.0,0.6826923076923077,5.380346412024111,2,22.0,0.4511799524290946,5,124.0,0.24320137003623693,8,142.0,0.30166298953563325,15,288.0
3345.0,24,166.0,1.7291666666666667,5.244089305647047,5,34.0,0.421360547552938,4,103.0,0.3741109072643206,15,202.0,0.24862160423040913,24,339.0
3350.0,29,192.0,1.92,4.297927286322128,9,52.0,0.2806965122287813,6,99.0,0.4624552256671269,14,227.0,0.18796054790447494,29,378.0
3355.0,23,174.0,1.6893203883495145,5.303076260765921,4,48.0,0.3299873103871804,6,120.0,0.6072840119814913,13,187.0,0.21001537222936895,23,355.0
3360.0,14,69.0,0.6571428571428571,5.340423829480253,2,40.0,0.31934126760713005,1,75.0,0.48232659454459365,11,167.0,0.17079243942146427,14,282.0
3365.0,20,106.0,0.9298245614035088,6.261224178757169,3,41.0,0.32091469981148524,7,32.0,0.4650642075607669,10,153.0,0.2543771507570615,20,226.0
3370.0,25,184.0,1.6727272727272726,6.303405073829757,4,48.0,0.3626802697173122,12,79.0,0.3268734464315229,9,161.0,0.3498930119750185,25,288.0
3375.0,18,75.0,0.6880733944954128,4.920945937217683,2,26.0,0.3013791371626844,15,123.0,0.14625976706703564,1,124.0,0.38438673983946364,18,273.0
3380.0,26,102.0,0.9714285714285714,5.5828616578396515,9,44.0,0.34772854000297865,11,139.0,0.16252157242273738,6,116.0,0.3960860644305958,26,299.0
3385.0,29,117.0,1.1818181818181819,4.371603510783658,6,67.0,0.2886088987307178,10,152.0,0.1286682185142941,13,168.0,0.2635729086071415,29,387.0
3390.0,31,204.0,2.1473684210526316,3.5609627573192593,4,60.0,0.2744714397027807,8,192.0,0.18899452465974986,19,247.0,0.09424247182064971,31,499.0
3395.0,31,195.0,2.074468085106383,3.2694762791703273,4,57.0,0.24787615565730517,7,202.0,0.13803265072712878,20,304.0,0.12833738564581215,31,563.0
3400.0,29,151.0,1.495049504950495,4.174441492477235,7,89.0,0.21983891009086504,7,173.0,0.21374103073392534,15,301.0,0.21571585718444602,29,563.0
3405.0,16,78.0,0.7959183673469388,4.390595683112831,5,96.0,0.28348976606816395,5,174.0,0.25248326851379793,6,304.0,0.2489105203081349,16,574.0
3410.0,22,76.0,0.7238095238095238,4.0589480314579225,6,75.0,0.26022096882759066,7,203.0,0.1936456396220653,9,342.0,0.15155517121656323,22,620.0
3415.0,17,62.0,0.62,4.284681704731159,3,49.0,0.2969716613490961,6,201.0,0.23042227446686397,8,339.0,0.1606092925034982,17,589.0
3420.0,10,15.0,0.15306122448979592,4.283993835845836,1,32.0,0.2938448069612664,4,135.0,0.23020078545911107,5,271.0,0.2200437916996824,10,438.0
3425.0,13,40.0,0.3883495145631068,5.5625648315401515,6,50.0,0.3313972207791045,4,86.0,0.3002119973056338,3,171.0,0.31205275727399706,13,307.0
3430.0,12,87.0,0.8613861386138614,5.9958574408044205,7,80.0,0.37207329987281595,3,58.0,0.37317470884986925,2,114.0,0.39088937682554337,12,252.0
3435.0,14,67.0,0.638095238095238,5.067080875537041,9,94.0,0.2512910085019149,1,34.0,0.3501452329335331,4,73.0,0.35835104837948367,14,201.0
3440.0,17,103.0,0.9903846153846154,5.865970766305474,8,85.0,0.21122723696111773,5,53.0,0.35996771823817164,4,71.0,0.4693916269415675,17,209.0
3445.0,22,110.0,1.0377358490566038,4.489822354420061,8,96.0,0.13489068471351134,7,63.0,0.2261496384700859,7,85.0,0.38036195933538774,22,244.0
3450.0,20,72.0,0.6857142857142857,4.57605969500457,12,148.0,0.17463780823652683,4,61.0,0.2066823221125498,4,64.0,0.367132425372064,20,273.0
3455.0,20,81.0,0.81,4.165947372919773,10,175.0,0.18821660637421056,1,51.0,0.18063092471696107,9,59.0,0.25020846478830194,20,285.0
3460.0,24,91.0,0.9381443298969072,3.6628942693414595,8,164.0,0.14785724871765682,8,81.0,0.19905474215042016,8,85.0,0.10910981329815721,24,330.0
3465.0,19,80.0,0.8791208791208791,4.814637333037906,5,130.0,0.227253105227734,8,96.0,0.33219827922231276,6,84.0,0.216038860487864,19,310.0
3470.0,12,46.0,0.46464646464646464,5.150466003590396,5,125.0,0.30740465194572214,5,80.0,0.24010501199928666,2,78.0,0.3430780651397101,12,283.0
3475.0,15,40.0,0.40404040404040403,5.368356326350581,2,98.0,0.3584608681918138,5,84.0,0.1846017355970544,8,105.0,0.3757919880574521,15,287.0
3480.0,17,70.0,0.7608695652173914,4.674737274933668,6,113.0,0.2955771414890591,7,112.0,0.10297042759427594,4,107.0,0.27834440191850857,17,332.0
3485.0,25,109.0,1.1978021978021978,4.207154939153423,12,159.0,0.19313378834374806,7,124.0,0.20901198663340242,6,80.0,0.24772362699303366,25,363.0
3490.0,23,165.0,1.9186046511627908,4.765358827104897,17,234.0,0.2419747441224595,2,82.0,0.22329130219284937,4,61.0,0.4438884429822214,23,377.0
3495.0,20,130.0,1.3829787234042554,4.634751643847978,15,271.0,0.23704735025065318,4,58.0,0.1967209744873071,1,47.0,0.42522041101724184,20,376.0
3500.0,19,92.0,0.989247311827957,5.713988370969629,11,242.0,0.2825545001106639,3,61.0,0.33266845293065794,5,64.0,0.48180088177402336,19,367.0
3505.0,24,96.0,0.9896907216494846,4.008553341085321,10,240.0,0.15784601913840127,9,85.0,0.21591491317518655,5,62.0,0.2159786525228555,24,387.0
3510.0,27,148.0,1.5578947368421052,4.001963651596769,11,286.0,0.14272943145480685,12,138.0,0.20095054344103155,4,52.0,0.26354142546331316,27,476.0
3515.0,27,115.0,1.2777777777777777,2.706332757414617,11,294.0,0.11927543867651967,13,164.0,0.11960747269383974,3,51.0,0.21692249334680377,27,509.0
3520.0,24,91.0,0.9285714285714286,4.109234155880679,3,239.0,0.25432887494300543,12,149.0,0.18073107403970512,9,86.0,0.23275115785922842,24,474.0
3525.0,15,61.0,0.6421052631578947,5.255589722170195,3,214.0,0.34766537690784577,7,134.0,0.30533547745532863,5,94.0,0.36015656132355955,15,442.0
3530.0,15,39.0,0.3786407766990291,4.910122108883733,8,237.0,0.23925023143954305,1,122.0,0.3170872167401198,6,62.0,0.3026075693439972,15,421.0
3535.0,19,56.0,0.56,4.429129567583183,7,229.0,0.17702572360791127,7,145.0,0.2511459987600263,5,73.0,0.30112026992038926,19,447.0
3540.0,15,60.0,0.625,3.6897510790763035,1,168.0,0.15182588777535153,6,153.0,0.22985988415708955,8,107.0,0.11205540219235634,15,428.0
3545.0,17,51.0,0.5204081632653061,3.8460999553907507,2,173.0,0.23500181515983223,6,129.0,0.20686305945715197,9,120.0,0.16407863900289835,17,422.0
3550.0,14,58.0,0.5979381443298969,5.22516311921014,7,198.0,0.26344311913813473,4,92.0,0.3583575354225516,3,93.0,0.3465621431424929,14,383.0
3555.0,15,42.0,0.4117647058823529,4.76233805196944,8,200.0,0.16789108345234274,2,70.0,0.36146865612365225,5,63.0,0.31975102078624135,15,333.0
3560.0,15,40.0,0.4,4.705436611119975,4,140.0,0.18908352282724591,7,93.0,0.3218408519132628,4,72.0,0.2821465797065847,15,305.0
3565.0,25,57.0,0.5533980582524272,3.7941939642638225,7,150.0,0.15237132773157144,8,101.0,0.22190806866474858,10,103.0,0.10935790232789945,25,354.0
3570.0,22,71.0,0.7244897959183674,4.037060145195798,9,187.0,0.2223244965350765,6,84.0,0.22219057579464635,7,121.0,0.24654663822832637,22,392.0
3575.0,14,43.0,0.46236559139784944,4.113823457006458,7,195.0,0.18760851820537094,5,84.0,0.2700216617552797,2,94.0,0.3154823644004059,14,373.0
3580.0,20,65.0,0.6565656565656566,4.697986192033147,8,160.0,0.17231056062092354,8,118.0,0.31558549736867386,4,66.0,0.29155875820380656,20,344.0
3585.0,17,55.0,0.5670103092783505,4.369411233074935,6,185.0,0.18522624206539617,8,129.0,0.3020720085593226,3,57.0,0.2571408375021317,17,371.0
3590.0,21,82.0,0.803921568627451,3.722755982577682,11,227.0,0.15121409213556142,5,83.0,0.14463220561689297,5,80.0,0.22082149650861305,21,390.0
3595.0,22,130.0,1.3265306122448979,3.9250595865277416,15,295.0,0.15025017855245215,4,90.0,0.2351591299189085,3,80.0,0.32408604738827235,22,465.0
3600.0,30,249.0,2.7065217391304346,3.1510338640571036,21,390.0,0.0435182043230614,8,123.0,0.16746968317669597,1,54.0,0.2871166524564082,30,567.0
