step,system_total_stopped,system_total_waiting_time,system_mean_waiting_time,system_mean_speed,A0_stopped,A0_accumulated_waiting_time,A0_average_speed,B0_stopped,B0_accumulated_waiting_time,B0_average_speed,C0_stopped,C0_accumulated_waiting_time,C0_average_speed,agents_total_stopped,agents_total_accumulated_waiting_time
0.0,0,0.0,0.0,0.0,0,0.0,1.0,0,0.0,1.0,0,0.0,1.0,0,0.0
5.0,0,0.0,0.0,7.258132609215358,0,0.0,0.46380221931811766,0,0.0,0.6204558600204543,0,0.0,0.5303972106322656,0,0.0
10.0,1,0.0,0.0,10.962432385948068,1,0.0,0.706482643726273,0,0.0,0.9372893660823565,0,0.0,0.8113843762777053,1,0.0
15.0,1,1.0,0.05,8.757824761407303,0,0.0,0.5952432355727177,1,1.0,0.17610171872392213,0,0.0,0.545003458712386,1,1.0
20.0,1,6.0,0.3333333333333333,10.933198609823567,0,0.0,0.7927291951872737,1,6.0,0.6913593956632749,0,0.0,0.7650982522890613,1,6.0
25.0,14,16.0,0.5925925925925926,5.3861690419377375,5,2.0,0.4554289713584931,4,12.0,0.42313181363005675,5,2.0,0.26802162657204115,14,16.0
30.0,2,12.0,0.42857142857142855,8.54399965367803,0,0.0,0.6534540789440411,0,3.0,0.7554818139591737,2,12.0,0.5506080554106619,2,15.0
35.0,5,31.0,1.0,8.774018231279934,2,7.0,0.4727736501101285,1,2.0,0.7261881665957949,2,22.0,0.4191450075100369,5,31.0
40.0,5,38.0,1.027027027027027,6.918811220931702,1,8.0,0.36801701713423546,0,0.0,0.633428661736296,4,38.0,0.35296153666514224,5,46.0
45.0,1,1.0,0.030303030303030304,9.318211546335,0,2.0,0.6334901181474198,0,2.0,0.8743740370381106,1,13.0,0.6276111521000198,1,17.0
50.0,2,7.0,0.16666666666666666,8.467737153515198,0,2.0,0.531765020530987,1,3.0,0.5776494147274029,1,6.0,0.5362423176192904,2,11.0
55.0,6,18.0,0.43902439024390244,9.310072196755488,3,8.0,0.6624100690082877,2,10.0,0.6498951728255346,1,3.0,0.6744745604313407,6,21.0
60.0,5,39.0,0.975,9.09637462852371,3,19.0,0.5699317248294078,2,22.0,0.5747159485468207,0,0.0,0.8116586766239857,5,41.0
65.0,10,83.0,1.6938775510204083,8.735203285327241,4,38.0,0.529214786387821,4,42.0,0.6142680146690331,2,5.0,0.6549376520602096,10,85.0
70.0,3,16.0,0.32653061224489793,7.8414983658642,0,16.0,0.4774973374525086,1,19.0,0.5814837504234484,2,15.0,0.5966901580545788,3,50.0
75.0,13,61.0,1.0892857142857142,6.4321850120082,4,16.0,0.30561130687951005,5,18.0,0.27502344849671173,4,29.0,0.35742660958594435,13,63.0
80.0,8,21.0,0.42,6.9555343079631715,2,18.0,0.5167300624200281,5,37.0,0.2975160510793225,1,10.0,0.6202939853785644,8,65.0
85.0,10,7.0,0.1346153846153846,6.957437223770116,2,5.0,0.5182016925568179,3,33.0,0.3530056633511547,5,6.0,0.4048592543232145,10,44.0
90.0,4,20.0,0.38461538461538464,9.71853120357744,2,12.0,0.6702501390880661,2,23.0,0.6352085320093886,0,6.0,0.7835172248205455,4,41.0
95.0,5,40.0,0.8163265306122449,9.610893684953114,3,22.0,0.6381235698482651,2,24.0,0.6192345072635295,0,0.0,0.8257711555048021,5,46.0
100.0,10,81.0,1.4727272727272727,9.112469300197828,4,36.0,0.5953445880869316,4,40.0,0.6087985304103939,2,7.0,0.6772887138349735,10,83.0
105.0,7,77.0,1.3508771929824561,8.914223094419567,1,14.0,0.4938641680342906,4,60.0,0.6117760629821954,2,17.0,0.754234024858823,7,91.0
110.0,12,55.0,0.859375,7.118968159099408,6,22.0,0.29570635726128386,1,30.0,0.41069086776778774,5,31.0,0.4915694837914229,12,83.0
115.0,10,24.0,0.42105263157894735,6.9994658403321575,3,28.0,0.4108850368464705,6,21.0,0.2888251864669962,1,11.0,0.5041159951574813,10,60.0
120.0,8,28.0,0.5490196078431373,6.5334543530072615,0,5.0,0.4183235602887955,3,34.0,0.26737339813400607,5,17.0,0.20321258170714437,8,56.0
125.0,6,24.0,0.4444444444444444,8.015236111019775,2,9.0,0.5739148606562787,2,17.0,0.5028906874007281,2,26.0,0.48530984246060543,6,52.0
130.0,4,34.0,0.6938775510204082,10.122496587551849,2,19.0,0.7211849712097469,2,21.0,0.7227018416746509,0,7.0,0.727819687915222,4,47.0
135.0,10,67.0,1.1964285714285714,8.478474836725052,4,36.0,0.5853675446685709,4,33.0,0.584281974360631,2,4.0,0.5741976965838703,10,73.0
140.0,4,15.0,0.2727272727272727,8.442167304029217,2,18.0,0.45733548792230505,0,12.0,0.7152856782783205,2,14.0,0.6655954881201681,4,44.0
145.0,19,53.0,0.8688524590163934,6.215942454083156,9,27.0,0.17091303931456966,5,8.0,0.3038100896129997,5,22.0,0.4114783062196777,19,57.0
150.0,16,81.0,1.4727272727272727,5.5315517130163085,11,74.0,0.2483117740769445,2,16.0,0.34169870906572525,3,9.0,0.38665846795276354,16,99.0
155.0,10,64.0,1.2307692307692308,6.3555419032112095,5,89.0,0.3727677035470516,0,7.0,0.5010978274574448,5,24.0,0.34685938054102633,10,120.0
160.0,8,23.0,0.40350877192982454,7.409032760196929,3,57.0,0.4439245766938294,2,6.0,0.5153227950772473,3,32.0,0.5371175281893182,8,95.0
165.0,2,17.0,0.30357142857142855,9.824590721769438,2,19.0,0.5911684913460904,0,4.0,0.9210888398289508,0,17.0,0.6529612453235106,2,40.0
170.0,2,3.0,0.047619047619047616,8.611132415196254,2,6.0,0.3974751332237796,0,4.0,0.7931012682488551,0,2.0,0.5334587194107439,2,12.0
175.0,9,32.0,0.5423728813559322,8.914741256404431,8,30.0,0.2894163649921846,0,2.0,0.7388397437602582,1,4.0,0.6724190720640141,9,36.0
180.0,8,38.0,0.7450980392156863,7.10578509321388,6,50.0,0.26446157940577686,0,0.0,0.6211123618525796,2,14.0,0.5293237640543988,8,64.0
185.0,6,17.0,0.3148148148148148,8.11721122364203,4,42.0,0.4090455593710711,2,10.0,0.5817743635345387,0,5.0,0.6792402653090525,6,57.0
190.0,7,42.0,0.7636363636363637,9.54072715750735,2,26.0,0.5998321940461506,2,20.0,0.6484233080695206,3,6.0,0.656596069418324,7,52.0
195.0,8,65.0,1.1403508771929824,8.362951540574985,4,33.0,0.6121685209978618,4,34.0,0.5118421532392007,0,4.0,0.4214044320646552,8,71.0
200.0,4,51.0,0.9622641509433962,9.37529398002369,4,51.0,0.5817660525393034,0,14.0,0.718484976114765,0,0.0,0.6966934064809149,4,65.0
205.0,11,7.0,0.11666666666666667,7.6468844947146355,4,21.0,0.33589787368948326,4,7.0,0.47072648332932,3,0.0,0.4841609016808819,11,28.0
210.0,6,21.0,0.375,8.550532062896503,4,18.0,0.3918057366034051,2,13.0,0.42029558844445625,0,0.0,0.6308941103128832,6,31.0
215.0,3,11.0,0.22916666666666666,8.110826431539467,1,19.0,0.39018734156324686,0,7.0,0.37269215348152707,2,9.0,0.6216279161857852,3,35.0
220.0,4,12.0,0.2727272727272727,7.573566791920968,2,11.0,0.4735064324745477,2,9.0,0.44258516502423295,0,4.0,0.576201803103506,4,24.0
225.0,4,32.0,0.7111111111111111,9.935023223334888,2,16.0,0.6484655017496023,2,20.0,0.7499488721181519,0,2.0,0.76285707153196,4,38.0
230.0,4,28.0,0.5185185185185185,8.334114665775047,2,26.0,0.4659407776777131,0,4.0,0.6525510169377189,2,2.0,0.579112295133546,4,32.0
235.0,7,61.0,1.1296296296296295,9.422924555764713,4,45.0,0.5470487895985557,1,9.0,0.5900305719258365,2,11.0,0.7126100182145342,7,65.0
240.0,8,88.0,1.6603773584905661,6.657623512706325,5,66.0,0.387840257048017,1,8.0,0.23465683397439482,2,21.0,0.5067835141711148,8,95.0
245.0,7,45.0,0.75,7.545231737274693,1,34.0,0.5328044908223748,2,8.0,0.39965365446709905,4,41.0,0.5451405280336116,7,83.0
250.0,4,20.0,0.35714285714285715,9.05731185042392,2,4.0,0.6792341706807734,2,16.0,0.5309018477029342,0,16.0,0.6085002713445068,4,36.0
255.0,4,12.0,0.21428571428571427,7.773348725614342,2,9.0,0.504555599539371,0,1.0,0.35028751129536756,2,11.0,0.5697758788112802,4,21.0
260.0,9,31.0,0.6326530612244898,8.122924743629428,2,13.0,0.561885716055903,6,18.0,0.33308198348642837,1,12.0,0.5978250914265217,9,43.0
265.0,10,17.0,0.3333333333333333,6.380377616073338,5,2.0,0.35338670980087905,3,36.0,0.4390291503325185,2,2.0,0.34399766257163666,10,40.0
270.0,10,35.0,0.6481481481481481,8.4721779112151,5,20.0,0.43870150652270823,2,24.0,0.55623071830769,3,11.0,0.6034452418962517,10,55.0
275.0,8,47.0,0.9215686274509803,8.017813070595182,4,24.0,0.43242106784403345,2,22.0,0.5737837119453298,2,21.0,0.6338632802083856,8,67.0
280.0,6,35.0,0.625,7.70903202081084,2,15.0,0.4141486682024471,4,32.0,0.498504428777899,0,5.0,0.6560588451018043,6,52.0
285.0,8,59.0,1.0727272727272728,8.004294607539258,1,12.0,0.5425408666144771,4,52.0,0.505775163811969,3,9.0,0.6101699660919819,8,73.0
290.0,6,20.0,0.32786885245901637,5.706011686113627,5,28.0,0.36031120498064306,0,23.0,0.4424340928030528,1,13.0,0.309250529347187,6,64.0
295.0,7,21.0,0.3684210526315789,7.110315487290354,4,31.0,0.4348295377775666,0,4.0,0.6852665122399157,3,12.0,0.3533164351757906,7,47.0
300.0,6,25.0,0.45454545454545453,7.00150564446295,4,29.0,0.2626233042334581,0,7.0,0.5477646276684237,2,19.0,0.44205769161641323,6,55.0
305.0,9,58.0,0.9830508474576272,7.928232487574436,3,33.0,0.3054679965780567,2,14.0,0.6609967524769678,4,39.0,0.5655141257662248,9,86.0
310.0,5,40.0,0.625,8.336455602839635,2,35.0,0.4872251624193503,2,22.0,0.671661825846443,1,17.0,0.5351232322983666,5,74.0
315.0,9,51.0,0.7083333333333334,7.703154089977662,4,40.0,0.4032218268677085,2,0.0,0.5681032273257235,3,17.0,0.5250902772240661,9,57.0
320.0,7,19.0,0.27941176470588236,7.673544003548297,1,19.0,0.6061193437374637,5,17.0,0.38794564691865996,1,13.0,0.5467490491269791,7,49.0
325.0,20,77.0,1.1492537313432836,6.595338246542526,6,21.0,0.27160949909152904,10,60.0,0.3114007283264858,4,2.0,0.38527557823278336,20,83.0
330.0,20,98.0,1.5806451612903225,5.836082366948453,10,53.0,0.21269579061586613,8,80.0,0.2972441715172365,2,12.0,0.5031886423674595,20,145.0
335.0,14,84.0,1.423728813559322,5.8496655165098,6,76.0,0.30704496279348675,6,69.0,0.34327594309445747,2,24.0,0.5640744198329622,14,169.0
340.0,13,60.0,0.8695652173913043,6.330230049728163,5,69.0,0.3618159332059595,4,68.0,0.4263168457653562,4,41.0,0.5198690334312608,13,178.0
345.0,10,43.0,0.6056338028169014,7.208635690571812,3,53.0,0.45764467450109214,7,81.0,0.37845593047439663,0,15.0,0.6816889063355422,10,149.0
350.0,14,60.0,0.821917808219178,5.452188756209646,3,45.0,0.3720862577460327,8,90.0,0.26934333775335056,3,9.0,0.2021427431004295,14,144.0
355.0,11,29.0,0.4027777777777778,5.781008928128868,1,22.0,0.4698696437573079,9,76.0,0.22793528368001167,1,8.0,0.5081217129326379,11,106.0
360.0,12,50.0,0.6944444444444444,6.1054268866679,5,36.0,0.3547185246372448,7,97.0,0.24071954176449295,0,2.0,0.7417933999010491,12,135.0
365.0,14,51.0,0.6296296296296297,6.348260114443468,4,40.0,0.31767211775945997,8,111.0,0.2675673560699512,2,10.0,0.6676863531196398,14,161.0
370.0,15,89.0,1.1710526315789473,6.820239250368403,2,24.0,0.42890785157933536,12,142.0,0.2673141175506378,1,1.0,0.559806785015237,15,167.0
375.0,22,94.0,1.236842105263158,5.417320719379504,3,20.0,0.2889296871233788,14,165.0,0.209059897122837,5,17.0,0.27186291914852345,22,202.0
380.0,16,61.0,0.8243243243243243,5.697710614307595,3,23.0,0.49482722098442683,12,153.0,0.2109839293425029,1,19.0,0.5198833009453352,16,195.0
385.0,19,58.0,0.7435897435897436,5.198840163013112,4,29.0,0.4740314556264403,12,192.0,0.2403256794937443,3,2.0,0.4635547292101356,19,223.0
390.0,11,51.0,0.6219512195121951,6.332449675177718,0,9.0,0.5719506929180095,11,229.0,0.22798024254297855,0,2.0,0.821927098643426,11,240.0
395.0,19,121.0,1.5125,5.659112262409222,4,15.0,0.3149529366542188,15,280.0,0.16180841650076486,0,2.0,0.5996830852764347,19,297.0
400.0,25,209.0,2.7142857142857144,4.584434746228206,5,28.0,0.23259600851686402,20,360.0,0.13735001631826976,0,0.0,0.36445409594853595,25,388.0
405.0,21,182.0,2.493150684931507,4.926776679634637,2,19.0,0.41383630013319445,19,394.0,0.17203148336392998,0,0.0,0.7057432911258323,21,413.0
410.0,16,108.0,1.4025974025974026,4.81821626025099,1,19.0,0.38904452673639683,15,336.0,0.18911539087583926,0,2.0,0.5324831078354486,16,357.0
415.0,21,95.0,1.130952380952381,5.010052517135164,4,36.0,0.4248200783709634,14,388.0,0.17003320385986093,3,8.0,0.6558209262776784,21,432.0
420.0,28,157.0,1.869047619047619,4.664611122646739,8,67.0,0.2674246985844668,18,449.0,0.19118924115587463,2,16.0,0.5043212545742198,28,532.0
425.0,31,234.0,2.689655172413793,4.2057482267691775,14,127.0,0.1471917282027862,17,530.0,0.1552134461472689,0,4.0,0.5044791264410371,31,661.0
430.0,33,233.0,2.6179775280898876,4.065455219592277,14,160.0,0.14913483987920512,17,538.0,0.12932321215785217,2,8.0,0.5098409582582042,33,706.0
435.0,32,268.0,3.0804597701149423,4.049717239933815,16,218.0,0.1786593204413138,15,456.0,0.10681716923472834,1,8.0,0.5896370991075337,32,682.0
440.0,25,225.0,2.616279069767442,4.546370751769882,14,253.0,0.26291035539072105,11,511.0,0.17506730620916158,0,2.0,0.7978470599773145,25,766.0
445.0,29,190.0,2.0652173913043477,4.441679300241076,12,256.0,0.219714133873948,14,559.0,0.2207097249802822,3,2.0,0.5876440902024649,29,817.0
450.0,31,219.0,2.305263157894737,4.808402798134007,12,310.0,0.16029527635923985,17,621.0,0.1662204257129793,2,4.0,0.5793600506732995,31,935.0
455.0,34,272.0,3.022222222222222,4.324613084486123,11,333.0,0.10559287445810732,21,713.0,0.17015255937409982,2,14.0,0.45195345617206256,34,1060.0
460.0,35,285.0,3.1666666666666665,3.361032713108687,10,355.0,0.10992703148179529,21,733.0,0.12159495429995687,4,32.0,0.3464019591500389,35,1120.0
465.0,24,155.0,1.8235294117647058,4.057213339546753,5,355.0,0.26138926975701327,19,674.0,0.15043897332755923,0,16.0,0.6991093238987007,24,1045.0
470.0,21,102.0,1.120879120879121,4.205430989792859,5,363.0,0.21096901928729278,16,716.0,0.15877261764235384,0,2.0,0.5499886398775446,21,1081.0
475.0,20,108.0,1.173913043478261,5.205217799990914,5,353.0,0.218379050581412,14,772.0,0.18827748654182516,1,0.0,0.7049037059129484,20,1125.0
480.0,22,122.0,1.4523809523809523,4.1708876756198565,5,378.0,0.1061323679161971,17,844.0,0.16235180372502406,0,0.0,0.6270739031135255,22,1222.0
485.0,28,126.0,1.4823529411764707,3.5909679454192203,10,380.0,0.09025135416694886,16,827.0,0.12817695619147954,2,8.0,0.578569483067742,28,1215.0
490.0,22,114.0,1.3103448275862069,3.942445212047174,6,376.0,0.1797473131601559,14,731.0,0.1797006858843362,2,20.0,0.595294072889976,22,1127.0
495.0,16,64.0,0.6881720430107527,3.611886813811121,5,361.0,0.1704667010836963,11,720.0,0.19471826139298365,0,2.0,0.592298720770382,16,1083.0
500.0,16,64.0,0.6808510638297872,4.4555201163845215,3,347.0,0.2267793593303843,12,758.0,0.18580362022457228,1,4.0,0.61067797388568,16,1109.0
505.0,24,81.0,0.8350515463917526,3.5945619909165396,9,364.0,0.06304357244363697,13,723.0,0.1514625522944725,2,2.0,0.35235517303218256,24,1089.0
510.0,23,111.0,1.2333333333333334,4.033918971698647,9,361.0,0.1957166427743853,12,621.0,0.17715389806444576,2,10.0,0.6392895893222247,23,992.0
515.0,19,90.0,0.9782608695652174,4.406758433031056,7,346.0,0.24241251890241242,10,634.0,0.21116630140249082,2,20.0,0.5808060111054875,19,1000.0
520.0,22,110.0,1.0891089108910892,4.399456202472157,9,253.0,0.2127635606829821,9,645.0,0.19412029382170967,4,35.0,0.4796195024323828,22,933.0
525.0,25,174.0,1.7227722772277227,4.671558221829741,6,277.0,0.21889226003315876,15,679.0,0.17556671123837445,4,53.0,0.42019257386730957,25,1009.0
530.0,29,223.0,2.23,3.9415626782875814,9,317.0,0.09948080719480726,20,768.0,0.1464179456834197,0,23.0,0.2768305067126105,29,1108.0
535.0,32,210.0,2.234042553191489,4.051502030603559,5,306.0,0.1875012339030785,25,772.0,0.0804253195369529,2,4.0,0.4883681219732062,32,1082.0
540.0,25,148.0,1.7011494252873562,4.018897580340589,3,276.0,0.22524236228451056,22,686.0,0.10028631267217307,0,4.0,0.6125459689871836,25,966.0
545.0,22,109.0,1.2247191011235956,3.974701801335886,7,302.0,0.23974659925654987,13,702.0,0.17910489038384378,2,10.0,0.6447655201596465,22,1014.0
550.0,25,155.0,1.631578947368421,4.424430136038303,9,341.0,0.16745994100211084,14,750.0,0.18957747631003655,2,20.0,0.7096690913301075,25,1111.0
555.0,33,231.0,2.357142857142857,3.7692759401525016,14,400.0,0.05881480539561506,18,831.0,0.18502470907050889,1,1.0,0.3563575922796136,33,1232.0
560.0,35,258.0,2.74468085106383,3.596606460919159,14,438.0,0.12202506987689057,17,809.0,0.11092091876270237,4,16.0,0.47649895506544737,35,1263.0
565.0,39,305.0,3.210526315789474,3.293231293876255,20,508.0,0.10118731353233913,17,690.0,0.12039995594506639,2,14.0,0.4109989057042073,39,1212.0
570.0,34,288.0,3.0,4.263558856734363,18,530.0,0.18995469993141625,14,721.0,0.20505638316017266,2,12.0,0.629434651854041,34,1263.0
575.0,31,277.0,2.9468085106382977,4.437830649949183,17,499.0,0.18514458456267519,12,745.0,0.20923983362712376,2,22.0,0.5318181464806401,31,1266.0
580.0,31,261.0,2.6907216494845363,3.2515395307026975,16,480.0,0.12678550824093415,11,695.0,0.13062405832957474,4,39.0,0.3373290613230588,31,1214.0
585.0,24,181.0,1.8854166666666667,4.022738987096834,11,532.0,0.2544199198655325,13,584.0,0.12852656085782685,0,17.0,0.6668066674011962,24,1133.0
590.0,26,163.0,1.5673076923076923,3.8842719047748093,11,589.0,0.1951248509807275,14,629.0,0.11080817488241988,1,6.0,0.47875784955410855,26,1224.0
595.0,19,88.0,0.8979591836734694,4.5575747731482545,6,566.0,0.27703416667038955,13,656.0,0.12038973939448222,0,2.0,0.8263074314282332,19,1224.0
600.0,17,101.0,1.0978260869565217,4.479171224444336,3,484.0,0.2029484866996734,14,682.0,0.17290399819119584,0,0.0,0.4878739620745935,17,1166.0
605.0,27,205.0,2.1808510638297873,4.456756855470215,3,413.0,0.21388653587564577,22,761.0,0.1739213964020174,2,9.0,0.5603748763038626,27,1183.0
610.0,32,336.0,3.6129032258064515,4.01598294185165,2,423.0,0.1770065365464505,29,877.0,0.0998928599489348,1,2.0,0.5298957848878968,32,1302.0
615.0,38,378.0,4.153846153846154,2.8883982754695583,6,443.0,0.11056642480500309,30,903.0,0.06357756550833915,2,12.0,0.33710802247667404,38,1358.0
620.0,34,307.0,3.528735632183908,3.2958090929896344,5,441.0,0.2606819601750034,28,803.0,0.09057343506306618,1,13.0,0.5480175420446927,34,1257.0
625.0,31,228.0,2.425531914893617,3.9715564884359367,10,463.0,0.20975058900711682,18,847.0,0.1982211259652093,3,2.0,0.4921338242724538,31,1312.0
630.0,32,246.0,2.510204081632653,4.367673933937381,13,511.0,0.1876622033152922,17,911.0,0.18572230097371387,2,11.0,0.6810238797155589,32,1433.0
635.0,36,340.0,3.617021276595745,3.963960481882758,15,579.0,0.08407796070823591,19,994.0,0.15302950545417923,2,19.0,0.5777068674606277,36,1592.0
640.0,45,451.0,4.747368421052632,3.4168288054080684,19,605.0,0.03758571565641895,22,1090.0,0.15043161189610857,4,37.0,0.3474802287314524,45,1732.0
645.0,40,391.0,4.25,3.136592687977894,18,634.0,0.10600327532257435,21,1082.0,0.10334830304883118,1,15.0,0.46531033541253103,40,1731.0
650.0,39,327.0,3.478723404255319,3.1934329903105816,18,664.0,0.1122096802283022,20,958.0,0.11520708397136468,1,8.0,0.5025225067994095,39,1630.0
655.0,34,276.0,2.967741935483871,4.361728861019244,14,717.0,0.23824309681046774,19,760.0,0.16580424085163545,1,4.0,0.711815594434,34,1481.0
660.0,23,195.0,2.119565217391304,4.660069366603783,12,774.0,0.21627966947140442,11,826.0,0.23313302288586335,0,0.0,0.7126406062560042,23,1600.0
665.0,23,168.0,1.696969696969697,4.745623667973892,11,832.0,0.190418168653526,10,872.0,0.2350793059406054,2,9.0,0.6308097349616181,23,1713.0
670.0,25,188.0,1.9381443298969072,4.510904748393642,12,813.0,0.157315328212444,12,928.0,0.22967651614993587,1,1.0,0.49858692317394393,25,1742.0
675.0,28,168.0,1.7142857142857142,3.932897568508799,11,798.0,0.08377769471741424,13,889.0,0.1948207094315903,4,13.0,0.2809847817002387,28,1700.0
680.0,26,132.0,1.3894736842105264,4.114670744461092,12,721.0,0.21081729664430718,13,700.0,0.14199109010689337,1,21.0,0.5572505032630649,26,1442.0
685.0,26,77.0,0.7857142857142857,3.9379299055422483,11,751.0,0.19240162242493303,12,750.0,0.18517513270776353,3,8.0,0.5201407192859487,26,1509.0
690.0,28,130.0,1.3265306122448979,5.010897430635545,13,809.0,0.22301585510429625,13,793.0,0.19475354848111082,2,11.0,0.7110319543816468,28,1613.0
695.0,24,160.0,1.6666666666666667,4.426661910036543,8,789.0,0.13739097900437325,14,860.0,0.15865050911272288,2,19.0,0.45949018377275613,24,1668.0
700.0,23,110.0,1.1956521739130435,3.8579911790240637,7,689.0,0.13729293323843147,16,816.0,0.12976197854104946,0,2.0,0.5253482090096709,23,1507.0
705.0,20,78.0,0.8387096774193549,4.490996905381979,4,702.0,0.2672036578432098,15,674.0,0.13373994076723297,1,2.0,0.6992952957767181,20,1378.0
710.0,20,68.0,0.7010309278350515,4.15021410040421,6,726.0,0.18063583032854943,14,733.0,0.148309864309012,0,2.0,0.5896003120835964,20,1461.0
715.0,24,96.0,1.0212765957446808,4.123665328970083,5,684.0,0.21653550677089825,17,798.0,0.18162859996488512,2,11.0,0.6560310402819147,24,1493.0
720.0,20,115.0,1.25,3.8479459855667257,4,629.0,0.14793894327480364,16,879.0,0.15179967117139342,0,0.0,0.5219528516447712,20,1508.0
725.0,25,125.0,1.3020833333333333,3.444938745399309,5,586.0,0.12671236480588638,17,852.0,0.1055003816627012,3,10.0,0.44173651573008293,25,1448.0
730.0,22,99.0,1.064516129032258,3.7115771995070155,3,472.0,0.1863994205717429,19,738.0,0.11890617340873452,0,10.0,0.7298863032408559,22,1220.0
735.0,20,94.0,0.9690721649484536,3.4927274148031016,4,490.0,0.19441898773246857,14,808.0,0.15640983819711876,2,5.0,0.5584353176132711,20,1303.0
740.0,20,86.0,0.8514851485148515,4.239121834321671,4,480.0,0.25122617219184173,14,862.0,0.15220944937532113,2,15.0,0.702352223597102,20,1357.0
745.0,31,116.0,1.1372549019607843,3.6019357853135743,10,500.0,0.07252727557943708,15,824.0,0.15150001143489955,6,24.0,0.28169690294397853,31,1348.0
750.0,20,88.0,0.9072164948453608,3.7764512933417977,8,469.0,0.2036496129551239,12,673.0,0.12321523403611398,0,9.0,0.7369666188501368,20,1151.0
755.0,18,61.0,0.6224489795918368,4.221435189847653,6,391.0,0.23853951070455434,11,720.0,0.13766377981199596,1,3.0,0.7875462205508985,18,1114.0
760.0,21,81.0,0.7864077669902912,4.201636729156088,8,373.0,0.21410249360664796,13,747.0,0.13310706701199387,0,2.0,0.6830656455933714,21,1122.0
765.0,23,144.0,1.44,4.247549381388427,7,363.0,0.18763264462765103,16,808.0,0.15712458273746469,0,0.0,0.6757864583461268,23,1171.0
770.0,30,224.0,2.2626262626262625,3.697665465390551,6,378.0,0.10140791000523201,23,900.0,0.1309333749973697,1,1.0,0.45115897816507394,30,1279.0
775.0,35,255.0,2.6288659793814433,3.4023710777459395,9,418.0,0.16093528701987014,24,886.0,0.09485651764197009,2,6.0,0.5613731466567625,35,1310.0
780.0,34,217.0,2.3085106382978724,3.2105793715723436,9,404.0,0.1652928969483353,23,767.0,0.11806018280242513,2,16.0,0.5223110479598522,34,1187.0
785.0,40,217.0,2.2142857142857144,2.778470940439032,12,456.0,0.18377804268330308,24,818.0,0.1276054218893123,4,36.0,0.5058436773607481,40,1310.0
790.0,35,203.0,1.970873786407767,3.6979973997180453,10,488.0,0.1724962292662915,25,924.0,0.14097020760345255,0,18.0,0.696854813822437,35,1430.0
795.0,37,223.0,2.0458715596330275,3.6418522717479327,13,529.0,0.04567059053717393,23,1035.0,0.12558242788590232,1,3.0,0.36314080218461064,37,1567.0
800.0,33,270.0,2.7,3.4199004933931305,11,518.0,0.08921084098588447,21,1139.0,0.10679585160080354,1,7.0,0.4565697399757271,33,1664.0
805.0,34,237.0,2.443298969072165,2.9576145106174843,11,431.0,0.046029251615046125,20,1118.0,0.13684381179368757,3,0.0,0.3445772980785078,34,1549.0
810.0,33,197.0,2.0309278350515463,3.3588907363311904,9,421.0,0.21025868528787903,21,983.0,0.10757425032945327,3,13.0,0.5338004552030474,33,1417.0
815.0,29,145.0,1.4215686274509804,3.578131199780347,8,449.0,0.23740495048025842,17,1010.0,0.12527674089614155,4,32.0,0.4808972542667804,29,1491.0
820.0,37,203.0,1.9333333333333333,4.148658568155556,11,505.0,0.20729787449802073,19,1091.0,0.15590977990972735,7,59.0,0.3538298970989891,37,1655.0
825.0,36,238.0,2.38,3.320309760668217,10,558.0,0.16247436277851915,21,1190.0,0.15092807245177733,5,53.0,0.2731219178411097,36,1801.0
830.0,33,230.0,2.2115384615384617,3.2620057249908476,11,538.0,0.09596933574865796,15,1152.0,0.14136578629062266,7,67.0,0.17271059164230063,33,1757.0
835.0,29,145.0,1.45,3.703027303774496,10,588.0,0.19192742907059568,16,1001.0,0.14865698751342735,3,62.0,0.5202754385039977,29,1651.0
840.0,22,93.0,0.9117647058823529,3.8406244819003397,10,640.0,0.14906142745038783,12,949.0,0.1541193309418053,0,22.0,0.6104360160207226,22,1611.0
845.0,26,85.0,0.794392523364486,3.934060804458443,10,621.0,0.1799497345054388,13,988.0,0.15712624407948736,3,18.0,0.5137815315159603,26,1627.0
850.0,29,133.0,1.2788461538461537,4.190005252752986,9,598.0,0.17334703934772625,16,1051.0,0.17354518866424595,4,34.0,0.4316308740954629,29,1683.0
855.0,35,219.0,2.0660377358490565,3.490688633020118,7,637.0,0.06899083619902929,21,1140.0,0.15456145195335494,7,46.0,0.1840422253768706,35,1823.0
860.0,35,318.0,3.0285714285714285,3.801477983996187,8,674.0,0.115840755411692,26,1258.0,0.11588025914831851,1,28.0,0.35784882173186344,35,1960.0
865.0,42,339.0,3.323529411764706,2.9148136875338495,8,629.0,0.05119756160872915,28,1262.0,0.0719257484608875,6,33.0,0.2657613775699009,42,1924.0
870.0,37,282.0,2.9072164948453607,3.558172223058994,7,500.0,0.2061980187593969,27,1095.0,0.13981446556930258,3,41.0,0.41583515829255796,37,1636.0
875.0,32,266.0,2.7422680412371134,3.7625387534490224,6,535.0,0.2715306062673063,26,1009.0,0.15632388222230692,0,23.0,0.6437886181331706,32,1567.0
880.0,35,206.0,1.9433962264150944,3.432255216112904,10,578.0,0.23309691810178004,21,1041.0,0.15167769727835478,4,30.0,0.49457604052761706,35,1649.0
885.0,30,162.0,1.4862385321100917,3.9251491922286332,9,591.0,0.20486309292477503,15,1088.0,0.16998497802350576,6,54.0,0.4012569009910099,30,1733.0
890.0,34,212.0,1.8761061946902655,4.176878013870991,13,638.0,0.08379195295219208,14,1131.0,0.1998254469776474,7,68.0,0.26793013985384473,34,1837.0
895.0,42,339.0,3.2285714285714286,4.225369487977754,12,631.0,0.14244371798236194,19,1213.0,0.19125048758578503,11,114.0,0.18185777257023678,42,1958.0
900.0,36,287.0,2.9587628865979383,3.059090111273861,9,545.0,0.1456111816990967,21,1187.0,0.10504190144943047,6,123.0,0.16459370714241198,36,1855.0
905.0,37,207.0,2.1122448979591835,3.8494126188522153,11,423.0,0.21981723568434575,22,1033.0,0.17059428151868836,4,92.0,0.39969979290611385,37,1548.0
910.0,28,151.0,1.4803921568627452,4.578798997644492,8,452.0,0.30723493645506667,18,983.0,0.15681459251068855,2,55.0,0.6108152170262017,28,1490.0
915.0,33,158.0,1.4495412844036697,4.597821038343996,10,498.0,0.26569909546088577,18,1054.0,0.15859674161399226,5,69.0,0.3840761412308513,33,1621.0
920.0,29,140.0,1.3461538461538463,4.1699211164073535,8,541.0,0.21752058095528062,18,1018.0,0.14938688790730292,3,57.0,0.4224419897055591,29,1616.0
925.0,31,157.0,1.5392156862745099,3.8304062247593085,11,524.0,0.19015361187378546,10,836.0,0.1763344189345153,10,77.0,0.24406657466964699,31,1437.0
930.0,22,104.0,0.9904761904761905,4.036811270950933,9,568.0,0.2532368303623484,8,815.0,0.172812262089914,5,81.0,0.3796486775736126,22,1464.0
935.0,20,76.0,0.7238095238095238,4.484447328261575,10,613.0,0.2052869847085205,10,822.0,0.17025855739688966,0,47.0,0.5100465541193108,20,1482.0
940.0,26,147.0,1.4134615384615385,4.188599802857151,10,594.0,0.09010561196161795,14,868.0,0.1595574953618066,2,28.0,0.4962937270439783,26,1490.0
945.0,26,127.0,1.2574257425742574,3.717256837795704,8,458.0,0.15501094341897992,16,828.0,0.1254137356844885,2,16.0,0.5095704078705886,26,1302.0
950.0,31,117.0,1.1470588235294117,3.250029469846031,5,383.0,0.21137182645757505,19,703.0,0.1301791342132019,6,35.0,0.3447627640775302,30,1121.0
955.0,22,84.0,0.7924528301886793,3.9413430581298914,4,405.0,0.3041997152252818,14,729.0,0.1276035095025634,4,34.0,0.45148774522876245,22,1168.0
960.0,26,88.0,0.8380952380952381,3.7447805355751194,5,410.0,0.23766111337948684,18,777.0,0.1451714968740349,3,32.0,0.32488484715033283,26,1219.0
965.0,32,161.0,1.5333333333333334,3.905242027213159,9,443.0,0.16619670699198327,19,847.0,0.1293396159306813,4,30.0,0.23971193633366936,32,1320.0
970.0,35,225.0,2.227722772277228,3.4552852792299764,11,493.0,0.1641339463858168,17,812.0,0.0980521325833154,7,58.0,0.35724245447432046,35,1363.0
975.0,33,167.0,1.6534653465346534,3.242476873784148,12,410.0,0.19998589427258848,16,630.0,0.11971289591824888,5,61.0,0.29151231095274904,33,1101.0
980.0,20,92.0,0.8932038834951457,3.8682657101841387,9,405.0,0.2513648662244802,10,683.0,0.16165269086711365,1,44.0,0.535585990046917,20,1132.0
985.0,30,116.0,1.0357142857142858,3.5285944267849914,13,457.0,0.15889367892078168,12,704.0,0.13911788512284304,5,39.0,0.3626345993055024,30,1200.0
990.0,33,171.0,1.5688073394495412,3.796782038589056,13,493.0,0.13622407375676743,17,770.0,0.14743265362911814,3,40.0,0.36095619540287865,33,1303.0
995.0,41,309.0,2.9711538461538463,3.2818968483988296,16,559.0,0.0429556458255663,22,867.0,0.1264903760727624,3,44.0,0.22940136684949117,41,1470.0
1000.0,39,325.0,3.1553398058252426,3.0353960224565912,11,551.0,0.0856745461667684,23,859.0,0.10839044129714126,5,68.0,0.19917709090726834,39,1478.0
1005.0,31,191.0,1.9489795918367347,3.419006558661703,9,461.0,0.2481481240571091,20,744.0,0.12211185490665417,2,44.0,0.39074564540415757,31,1249.0
1010.0,36,204.0,1.9428571428571428,4.061733479762807,8,496.0,0.20264624839389284,23,585.0,0.15592914460618804,5,27.0,0.43254990479460953,36,1108.0
1015.0,33,169.0,1.5794392523364487,4.594204515368079,13,557.0,0.25050896723085925,16,659.0,0.19570396905533347,4,39.0,0.5511933025516813,33,1255.0
1020.0,32,165.0,1.5865384615384615,4.00122238369824,14,613.0,0.14717368239503828,16,727.0,0.23228753900849924,2,48.0,0.371000428197829,32,1388.0
1025.0,34,183.0,1.7264150943396226,4.013355251422409,17,693.0,0.13546732172260117,12,702.0,0.18955250384843653,5,54.0,0.2815416822368552,34,1449.0
1030.0,29,179.0,1.7211538461538463,3.913420710545558,13,691.0,0.18949874153155052,13,616.0,0.1718385578966718,3,48.0,0.42386872623737487,29,1355.0
1035.0,27,145.0,1.3302752293577982,3.9368310681166814,12,605.0,0.18558985110036091,11,629.0,0.18550506192526864,4,41.0,0.4007846959681007,27,1275.0
1040.0,23,114.0,1.0178571428571428,4.459117127707882,11,549.0,0.2756264853306379,10,633.0,0.1621284116504816,2,21.0,0.48096175232854205,23,1203.0
1045.0,34,178.0,1.5614035087719298,4.080815657040756,12,451.0,0.1788053441143234,14,678.0,0.1705271639017829,8,27.0,0.13162654750648137,34,1156.0
1050.0,30,242.0,2.2616822429906542,4.332155255531673,7,471.0,0.22272859178613275,20,768.0,0.14614505572049277,3,34.0,0.31829418152014927,30,1273.0
1055.0,35,331.0,3.31,3.713241782982833,7,505.0,0.15988192900421333,28,890.0,0.10106441824336314,0,13.0,0.45267152721761306,35,1408.0
1060.0,38,338.0,3.38,3.254482026915003,7,480.0,0.17019784870312157,29,922.0,0.0698395260464098,2,14.0,0.4364315892695772,38,1416.0
1065.0,40,340.0,3.5416666666666665,3.1905207046899595,8,516.0,0.22510548809281578,28,858.0,0.09424128062422248,4,30.0,0.46197777231886145,40,1404.0
1070.0,37,286.0,2.7766990291262137,3.6329669088498426,5,524.0,0.23068828189152474,28,737.0,0.1532711199153695,4,30.0,0.43641650724344194,37,1291.0
1075.0,34,260.0,2.385321100917431,4.398270038923585,7,537.0,0.26176673222650704,20,820.0,0.16308811368249565,7,56.0,0.4901448977904425,34,1413.0
1080.0,30,273.0,2.5277777777777777,3.7214951879284217,11,580.0,0.12833169112648316,13,876.0,0.1896162832708758,6,84.0,0.2877682681252326,30,1540.0
1085.0,36,300.0,2.803738317757009,3.923037108714335,14,579.0,0.09126877183774199,14,940.0,0.220647721582197,8,97.0,0.2309409130715655,36,1616.0
1090.0,37,307.0,2.9238095238095236,4.384899820115699,13,521.0,0.1219682452466204,20,1036.0,0.18123793304506725,4,83.0,0.2785700368127446,37,1640.0
1095.0,44,427.0,3.9906542056074765,3.6480977048165135,12,472.0,0.08497835614112806,28,1160.0,0.11054315825725758,4,79.0,0.2677805097999337,44,1711.0
1100.0,42,406.0,4.142857142857143,3.0129944364747487,9,494.0,0.18500149510303285,29,1176.0,0.07479491968295894,4,66.0,0.4141251961635326,42,1736.0
1105.0,43,311.0,3.0194174757281553,3.2792807472458394,12,540.0,0.179985452348777,27,1071.0,0.10486122040070212,4,44.0,0.2756245376071819,43,1655.0
1110.0,35,268.0,2.68,3.98061697274144,5,522.0,0.28009638248766106,25,1139.0,0.14120559572392175,5,41.0,0.4218751220389373,35,1702.0
1115.0,33,242.0,2.42,4.11874757513371,3,539.0,0.2500205259787698,24,1255.0,0.15509541931334167,6,70.0,0.3770157947916342,33,1864.0
1120.0,36,288.0,2.909090909090909,3.4678819408581094,7,562.0,0.15675854488275914,22,1366.0,0.13911289726692203,7,100.0,0.248189960656169,36,2028.0
1125.0,29,225.0,2.3195876288659796,2.9131477663372483,8,537.0,0.10340912047542807,16,1317.0,0.09423052583176084,5,101.0,0.3035562289383939,29,1955.0
1130.0,25,102.0,0.9902912621359223,3.1640581223597293,5,548.0,0.11886744348953719,18,1159.0,0.1311619967036163,2,75.0,0.3234193664341849,25,1782.0
1135.0,24,112.0,1.0566037735849056,4.539631591356136,7,576.0,0.19967891885032343,15,957.0,0.16987321129998773,2,67.0,0.5371377536580322,24,1600.0
1140.0,27,93.0,0.8942307692307693,3.5223800552432176,6,541.0,0.201752174095915,16,1004.0,0.16749354649021062,5,82.0,0.34793832840440336,27,1627.0
1145.0,28,125.0,1.146788990825688,3.6854684572039695,4,494.0,0.14412123065325488,14,1043.0,0.1998976426305276,10,124.0,0.25968373071214645,28,1661.0
1150.0,27,181.0,1.6759259259259258,3.9179129675796593,3,451.0,0.14487682873300917,15,1109.0,0.19224392660422174,9,141.0,0.2061751408949461,27,1701.0
1155.0,36,337.0,3.091743119266055,3.7813661717950224,5,353.0,0.1077041019249808,20,1202.0,0.1390792952013617,11,178.0,0.1420204818943145,36,1733.0
1160.0,31,287.0,2.8415841584158414,3.576484027676785,1,338.0,0.18750806960611668,22,1188.0,0.0796509182168821,8,184.0,0.24318902736377618,31,1710.0
1165.0,36,201.0,2.0721649484536084,3.472912690485353,6,345.0,0.17545563268450262,23,1065.0,0.12203525408022496,7,128.0,0.2754457752632262,36,1538.0
1170.0,26,154.0,1.5876288659793814,4.238882440570565,5,312.0,0.2821308251421708,19,1097.0,0.1630191429554865,2,90.0,0.49316478159055216,26,1499.0
1175.0,28,139.0,1.39,4.2813151570298436,4,234.0,0.2837861563154385,20,1190.0,0.1615943120120162,4,104.0,0.38344988424433096,28,1528.0
1180.0,29,138.0,1.3398058252427185,3.5415905705202735,6,252.0,0.1654101032769568,14,1140.0,0.14584747691370156,9,138.0,0.2029277427547733,29,1530.0
1185.0,24,105.0,1.0396039603960396,3.7493763857290485,7,240.0,0.20305922546912664,8,881.0,0.17130604434932,9,151.0,0.27992735185686846,24,1272.0
1190.0,20,150.0,1.3761467889908257,3.886906606852707,5,222.0,0.18638100493694035,4,905.0,0.17166138230592984,11,192.0,0.30266827128930895,20,1319.0
1195.0,22,136.0,1.2830188679245282,4.038446838505686,3,212.0,0.24767459368808287,10,926.0,0.16879765215537423,9,192.0,0.3181580899150207,22,1330.0
1200.0,24,152.0,1.4901960784313726,4.134776497974968,5,224.0,0.09317965765328251,15,985.0,0.1560268409354935,4,143.0,0.21960371704686163,24,1352.0
1205.0,23,121.0,1.198019801980198,3.541994640973518,5,212.0,0.11130301624602591,15,918.0,0.12051000811065231,3,90.0,0.3140657503014098,23,1220.0
1210.0,22,97.0,1.0,3.73471279139914,4,163.0,0.22261695260146405,16,751.0,0.1306630627456619,2,84.0,0.4563453391735254,22,998.0
1215.0,25,92.0,0.8846153846153846,3.4642616107829816,4,123.0,0.2531317297796078,14,757.0,0.14288786825889047,7,104.0,0.3298563381268986,25,984.0
1220.0,29,111.0,1.0571428571428572,4.093431754007175,6,146.0,0.27397064437922525,19,827.0,0.1587858043739415,4,100.0,0.38746981884015813,29,1073.0
1225.0,40,164.0,1.5185185185185186,3.0688018286778,10,180.0,0.13671205267645353,18,801.0,0.13240206153446446,12,123.0,0.1191109433913585,40,1104.0
1230.0,27,156.0,1.5,3.650742947240043,8,200.0,0.20213708381986456,12,644.0,0.15959777487414553,7,135.0,0.33222865660218004,27,979.0
1235.0,25,153.0,1.457142857142857,4.118163833645013,14,254.0,0.1819762116661747,8,621.0,0.17098657090545136,3,97.0,0.4470187545711912,25,972.0
1240.0,26,153.0,1.3783783783783783,4.008964725190418,16,273.0,0.14857191288166693,7,630.0,0.17029345760219006,3,67.0,0.40606840945212136,26,970.0
1245.0,24,147.0,1.3363636363636364,4.1536987062991395,11,242.0,0.16165273650634154,11,576.0,0.15165098463138083,2,61.0,0.4328091366551843,24,879.0
1250.0,25,132.0,1.1785714285714286,3.4374715263378164,9,233.0,0.2131248752042241,12,470.0,0.13700797257134953,4,52.0,0.31357612923113964,25,755.0
1255.0,30,138.0,1.2212389380530972,3.63728559899017,12,268.0,0.26335109737751583,12,482.0,0.14029360688814654,6,74.0,0.36795745841402067,30,824.0
1260.0,26,119.0,1.043859649122807,3.4906115796957047,9,303.0,0.19985103346617245,11,503.0,0.1323047773284995,6,77.0,0.26138208932093143,26,883.0
1265.0,25,116.0,1.0357142857142858,3.2118073984981166,8,342.0,0.15192347520313904,12,476.0,0.11639936929306689,5,69.0,0.2664626560658523,25,887.0
1270.0,22,84.0,0.7706422018348624,3.1841031011252823,5,341.0,0.2764310148661261,14,339.0,0.11207112248335381,3,67.0,0.33115926134737916,22,747.0
1275.0,28,96.0,0.8205128205128205,3.3425877560325663,6,279.0,0.2741443320046742,14,377.0,0.1389689873677878,7,96.0,0.26278010076909125,27,752.0
1280.0,24,87.0,0.725,3.903162740982695,5,249.0,0.27997332216408677,11,380.0,0.1216739607794297,8,107.0,0.26775802951397265,24,736.0
1285.0,29,128.0,1.0406504065040652,3.643297417044891,6,248.0,0.17797944893195528,13,416.0,0.15936375409914855,10,98.0,0.12202768195137938,29,762.0
1290.0,29,195.0,1.6956521739130435,4.035701785596138,7,274.0,0.18189030441046536,20,480.0,0.18301893630370947,2,87.0,0.25295030521958395,29,841.0
1295.0,36,221.0,2.0462962962962963,3.0021939555186914,4,268.0,0.16948991337421693,24,500.0,0.09798231006824902,8,102.0,0.13890071481923733,36,870.0
1300.0,42,245.0,2.289719626168224,3.2946902547860755,5,229.0,0.2755541550701656,26,470.0,0.09056615676631452,11,141.0,0.24527232850975575,42,840.0
1305.0,33,188.0,1.709090909090909,3.9021468028557877,2,231.0,0.3444809722940388,21,497.0,0.13417257440086747,10,160.0,0.3141053112603133,33,888.0
1310.0,32,173.0,1.5175438596491229,4.025284069231533,5,254.0,0.22857752023942954,20,553.0,0.16602747556576594,7,152.0,0.24588015017214432,32,959.0
1315.0,38,226.0,2.036036036036036,3.674125115153977,8,286.0,0.15444328945992003,21,649.0,0.15699908625157893,9,180.0,0.23539679735181274,38,1115.0
1320.0,37,219.0,2.0091743119266057,3.1830901153399065,11,291.0,0.08062473535071908,17,660.0,0.13632105405442935,9,196.0,0.12826377995232163,37,1147.0
1325.0,38,231.0,2.0625,3.898317357879198,11,307.0,0.19123713265914935,15,596.0,0.16832918347507947,12,221.0,0.23871766971858357,38,1124.0
1330.0,35,205.0,1.8807339449541285,3.8655680650468804,9,344.0,0.23548807366222954,15,487.0,0.14693335672997113,11,229.0,0.3162839072587044,35,1060.0
1335.0,30,142.0,1.2566371681415929,3.9148076588871317,12,397.0,0.21306879623652064,10,525.0,0.19181391220587973,8,194.0,0.343896681309764,30,1116.0
1340.0,25,104.0,0.9203539823008849,4.179877641616067,11,404.0,0.2027560303730086,10,533.0,0.174010403730876,4,186.0,0.39723837270553825,25,1123.0
1345.0,27,129.0,1.1120689655172413,4.232077361413675,8,353.0,0.11102868820791115,13,564.0,0.2107301632282609,6,171.0,0.23335694513210395,27,1088.0
1350.0,23,166.0,1.4954954954954955,4.392475592528294,4,370.0,0.15876053558833872,18,643.0,0.21359223520275505,1,155.0,0.2263254113550722,23,1168.0
1355.0,33,206.0,1.9433962264150944,3.879702167363338,7,395.0,0.11841529810622303,20,658.0,0.07587084087569032,6,169.0,0.11603800197054066,33,1222.0
1360.0,31,160.0,1.6161616161616161,3.1275568676661996,6,369.0,0.17574480632413858,21,612.0,0.0792937651750599,4,153.0,0.26594333861737707,31,1134.0
1365.0,23,107.0,1.1145833333333333,4.158705726734606,4,295.0,0.3034355237587377,16,660.0,0.19826987567001925,3,109.0,0.4113672192465311,23,1064.0
1370.0,21,80.0,0.7692307692307693,3.943289526058055,3,232.0,0.2668897506055306,15,713.0,0.1868357800185516,3,74.0,0.2819362482869308,21,1019.0
1375.0,29,130.0,1.2621359223300972,4.038918166409753,5,248.0,0.2358184095742169,19,801.0,0.1277756528958645,5,94.0,0.2587436384936676,29,1143.0
1380.0,29,157.0,1.5858585858585859,2.9349592300448726,7,235.0,0.10140695903032915,15,799.0,0.10731725463787481,7,100.0,0.17824564349514702,29,1134.0
1385.0,20,73.0,0.7156862745098039,3.499919458128606,2,237.0,0.24438246898197497,15,704.0,0.1419275179512947,3,102.0,0.2961825068375121,20,1043.0
1390.0,20,63.0,0.6,4.291900818044813,3,246.0,0.28125362640317697,12,705.0,0.15684719222771362,5,115.0,0.3262855494912014,20,1066.0
1395.0,24,78.0,0.7428571428571429,3.9975783082711036,4,229.0,0.1930708115612117,16,765.0,0.17225282095713268,4,107.0,0.25076765448328886,24,1101.0
1400.0,22,115.0,1.15,3.922812461812919,3,207.0,0.18621835496510755,16,852.0,0.1703572025794434,3,74.0,0.24705712972473723,22,1133.0
1405.0,22,107.0,1.0490196078431373,3.0255983859473488,3,157.0,0.10796390771441879,15,823.0,0.09903159179759781,4,56.0,0.236412602520399,22,1036.0
1410.0,16,86.0,0.8514851485148515,3.544629521656085,0,162.0,0.23621714894884327,13,700.0,0.13397161621161785,3,56.0,0.3746016040551843,16,918.0
1415.0,19,75.0,0.7075471698113207,4.345758645283847,4,174.0,0.28967626966344767,14,508.0,0.16270623367087722,1,39.0,0.41619373816629734,19,721.0
1420.0,17,58.0,0.5471698113207547,4.166611681416231,5,169.0,0.2570663686350529,8,535.0,0.20744443053675282,4,52.0,0.37972204970828427,17,756.0
1425.0,21,76.0,0.7037037037037037,4.353401733268713,5,191.0,0.2240974174681369,11,568.0,0.2029107136663354,5,60.0,0.33271596704800127,21,819.0
1430.0,25,137.0,1.2454545454545454,3.9841944828918603,6,189.0,0.1338987699081982,13,629.0,0.2061944899909639,6,72.0,0.18138967217479995,25,890.0
1435.0,24,108.0,0.9818181818181818,3.795140905489871,3,180.0,0.1325946296609757,16,618.0,0.14271271785164216,5,70.0,0.23268433819763085,24,868.0
1440.0,26,120.0,1.1214953271028036,3.7981788148024425,6,198.0,0.1336323068879522,18,537.0,0.14317423808220822,2,69.0,0.2704990857710812,26,804.0
1445.0,25,113.0,1.0462962962962963,3.649286174826944,5,183.0,0.19013873017577906,16,600.0,0.13015934559046644,4,80.0,0.38018652990068336,25,863.0
1450.0,21,74.0,0.7047619047619048,3.983613657210874,4,128.0,0.21357709902539002,15,650.0,0.18514920037635363,2,59.0,0.340858795257203,21,837.0
1455.0,30,154.0,1.439252336448598,3.7440424628706226,3,71.0,0.13984575922680673,20,731.0,0.1305764494975201,7,69.0,0.14571551043000394,30,871.0
1460.0,31,255.0,2.5,3.8885381259486187,3,60.0,0.25407074103406724,22,831.0,0.09247565896814879,6,81.0,0.2704013543436133,31,972.0
1465.0,33,229.0,2.29,2.9587367926711816,3,55.0,0.1874655884318483,24,842.0,0.09660663073482799,6,65.0,0.18173446854451988,33,962.0
1470.0,26,168.0,1.75,3.4437832734730147,2,63.0,0.30841861813846305,21,744.0,0.09883495850703068,3,84.0,0.3789862278001943,26,891.0
1475.0,31,178.0,1.78,3.5379195775127705,5,84.0,0.2669490714607471,22,841.0,0.12408444304188102,4,90.0,0.3597906922088089,31,1015.0
1480.0,45,270.0,2.5714285714285716,3.477897195172285,12,129.0,0.18894335447339866,25,958.0,0.13817537375575864,8,121.0,0.2812482482318925,45,1208.0
1485.0,39,287.0,2.8137254901960786,2.984240543883936,12,171.0,0.16038974597643182,16,951.0,0.13354631543748338,11,166.0,0.23827323676230344,39,1288.0
1490.0,40,324.0,2.9724770642201834,2.9352072521018497,16,238.0,0.1077599782633218,13,811.0,0.13557012031613694,11,191.0,0.16332785742512262,40,1240.0
1495.0,35,305.0,2.7477477477477477,3.9966320139108076,15,276.0,0.22204207172687887,12,626.0,0.17524795832299342,8,231.0,0.3466661714882076,35,1133.0
1500.0,26,192.0,1.7297297297297298,3.860638025409288,13,289.0,0.23895081977078597,7,656.0,0.18780869206288117,6,264.0,0.3104345451604712,26,1209.0
1505.0,29,184.0,1.5862068965517242,4.09603802844873,15,330.0,0.19155705352913377,9,652.0,0.1885281588501137,5,252.0,0.27019832382346454,29,1234.0
1510.0,26,201.0,1.7946428571428572,4.648787004178219,11,343.0,0.16911083911597427,13,690.0,0.20376027507983088,2,166.0,0.26355271297509075,26,1199.0
1515.0,27,240.0,2.142857142857143,3.963816439980668,6,362.0,0.1303137540263989,19,772.0,0.16707680614987327,2,149.0,0.2272608039172084,27,1283.0
1520.0,27,201.0,1.8440366972477065,4.0869552962199505,3,384.0,0.20746743533462594,22,772.0,0.12604279548547695,2,108.0,0.35772003957699644,27,1264.0
1525.0,30,155.0,1.4622641509433962,3.496801304239461,6,367.0,0.19398737367465926,21,698.0,0.11455534981775597,3,97.0,0.30607473678159874,30,1162.0
1530.0,27,131.0,1.2358490566037736,3.666882914061717,5,332.0,0.28582256964487096,18,742.0,0.13786080989718902,4,111.0,0.35548630026973455,27,1185.0
1535.0,25,115.0,1.074766355140187,3.8641571905871066,2,329.0,0.2203176614292679,19,827.0,0.156024890054279,4,103.0,0.3453679725764452,25,1259.0
1540.0,33,168.0,1.5412844036697249,3.6543991363635446,5,341.0,0.11618635415051778,21,933.0,0.12811804726160347,7,130.0,0.25545386926628144,33,1404.0
1545.0,33,243.0,2.3823529411764706,3.051255640147161,7,337.0,0.1425363704809011,21,1033.0,0.08699252971820212,5,134.0,0.19988192309260308,33,1504.0
1550.0,33,229.0,2.29,2.161557148563331,7,327.0,0.10925667357672343,21,1026.0,0.08242087669238751,5,98.0,0.12282312857695556,33,1451.0
1555.0,30,199.0,1.9320388349514563,3.3404632826330114,6,353.0,0.21112378797735035,20,907.0,0.13091072205357845,4,103.0,0.3211960452970385,30,1363.0
1560.0,31,166.0,1.537037037037037,4.149752316240961,10,393.0,0.20984938871398195,19,722.0,0.17027914765348706,2,78.0,0.37309240868250854,31,1193.0
1565.0,28,128.0,1.1428571428571428,4.24741940284502,7,381.0,0.23861287287178234,15,788.0,0.1867634584004337,6,82.0,0.39134248705817143,28,1251.0
1570.0,27,141.0,1.2702702702702702,4.019870494569462,6,413.0,0.1871570228421352,13,858.0,0.21100701310637018,8,114.0,0.24290280114762847,27,1385.0
1575.0,27,124.0,1.117117117117117,3.5254644471963084,8,398.0,0.11803228379618301,7,809.0,0.2120984665310137,12,134.0,0.14668267515108896,27,1341.0
1580.0,24,109.0,0.990909090909091,4.249784587593346,2,341.0,0.2139726186511659,13,689.0,0.18462135700238386,9,141.0,0.29813115250990935,24,1171.0
1585.0,22,101.0,0.8859649122807017,3.6478450120613606,5,284.0,0.18154571938547912,7,724.0,0.17330632863537887,10,145.0,0.2704836976530643,22,1153.0
1590.0,11,50.0,0.43478260869565216,4.176791217049112,1,268.0,0.2566272765841319,8,722.0,0.1509548069524104,2,141.0,0.3586812517781587,11,1131.0
1595.0,20,72.0,0.6428571428571429,3.8028417761396214,5,276.0,0.14281918500569998,10,671.0,0.1279091551552838,5,151.0,0.1690009539491614,20,1098.0
1600.0,27,73.0,0.6822429906542056,3.0817675716429997,7,265.0,0.20981536754467714,16,550.0,0.1261985082688187,4,148.0,0.2512401965585162,27,963.0
1605.0,19,51.0,0.4811320754716981,3.934948023050579,4,177.0,0.323735439148526,12,569.0,0.15063273666946383,3,116.0,0.391825816600096,19,862.0
1610.0,13,44.0,0.3793103448275862,3.945273321802621,3,190.0,0.2582006816850837,9,585.0,0.1409787634716358,1,83.0,0.2844063748140929,13,858.0
1615.0,23,121.0,1.0614035087719298,4.451451316056202,6,216.0,0.2165384943145157,15,614.0,0.1342164614162045,2,76.0,0.38591844408626175,23,906.0
1620.0,25,137.0,1.2568807339449541,3.1020666896549107,7,226.0,0.09920548690980849,16,596.0,0.1244081006403915,2,71.0,0.21637967435869773,25,893.0
1625.0,30,166.0,1.509090909090909,3.2120411872413155,11,272.0,0.19778556842669195,19,519.0,0.13130553879892462,0,59.0,0.3285773600394179,30,850.0
1630.0,29,153.0,1.3783783783783783,3.158380085107232,9,271.0,0.24393181542861167,18,598.0,0.11722845736246275,2,61.0,0.31995693541664655,29,930.0
1635.0,33,135.0,1.1440677966101696,3.618883215322225,10,223.0,0.16561470741979883,17,647.0,0.1372303474197381,6,66.0,0.2679059616209195,33,936.0
1640.0,37,202.0,1.7565217391304349,3.483801604930727,11,275.0,0.1320767211914021,20,719.0,0.1400737404832981,6,94.0,0.23312777940073032,37,1088.0
1645.0,39,194.0,1.6724137931034482,2.709885061828084,16,291.0,0.05253537547005448,15,698.0,0.13127788777790536,8,102.0,0.12137737264109709,39,1091.0
1650.0,40,204.0,1.7894736842105263,3.3783707385431354,10,284.0,0.2193300008380232,22,601.0,0.09184025985707416,8,129.0,0.2470460915491756,40,1014.0
1655.0,29,139.0,1.275229357798165,2.748481445655751,2,273.0,0.22895231877202057,18,684.0,0.1056903073868552,9,143.0,0.23507617802945552,29,1100.0
1660.0,30,127.0,1.1140350877192982,3.3587767312932293,3,265.0,0.21434132586146365,18,748.0,0.12691329529384654,9,126.0,0.2056792218154623,30,1139.0
1665.0,29,156.0,1.3928571428571428,3.7627866775321834,5,255.0,0.19343054576261942,20,818.0,0.13014219151310444,4,145.0,0.27638959299471616,29,1218.0
1670.0,33,223.0,2.009009009009009,3.2587782052082677,6,278.0,0.0910872151564645,22,921.0,0.11816720840378579,5,167.0,0.14994548325443283,33,1366.0
1675.0,35,230.0,2.1904761904761907,2.868595285358638,6,243.0,0.14362406050520385,24,916.0,0.07515120770265662,5,162.0,0.22269111838479022,35,1321.0
1680.0,29,170.0,1.6666666666666667,2.6995544168830734,2,241.0,0.17879141103452792,25,817.0,0.11274709476649353,2,126.0,0.27487785464284814,29,1184.0
1685.0,31,160.0,1.4545454545454546,3.2031675650939944,4,257.0,0.18971388919592957,22,868.0,0.1278462861417662,5,141.0,0.2924758490939893,31,1266.0
1690.0,37,233.0,2.118181818181818,3.431215151825623,7,288.0,0.18696361385397178,24,968.0,0.15489806662760588,6,165.0,0.25166487678261995,37,1421.0
1695.0,44,276.0,2.4424778761061945,2.6399222664131057,13,335.0,0.08943734386945643,20,971.0,0.14457433037055245,11,208.0,0.1357963602520141,44,1514.0
1700.0,41,321.0,2.84070796460177,3.055224280795683,14,361.0,0.16154129121923286,12,854.0,0.14816535383153331,15,276.0,0.2064810198531328,41,1491.0
1705.0,39,281.0,2.341666666666667,2.812671158642172,15,382.0,0.1260761441984847,9,898.0,0.17642985143744946,15,274.0,0.15938653040969328,39,1554.0
1710.0,31,179.0,1.4552845528455285,3.2514549693644006,14,424.0,0.17968880933254977,10,911.0,0.14145272267042086,7,285.0,0.22654292687337788,31,1620.0
1715.0,40,241.0,2.0083333333333333,3.403671586523554,15,487.0,0.05791710001942364,16,957.0,0.14507093934997287,9,289.0,0.13629660311256528,40,1733.0
1720.0,39,294.0,2.5128205128205128,3.4802499481817812,12,502.0,0.0787497311886269,22,1054.0,0.14902513622834618,5,287.0,0.0901072126905549,39,1843.0
1725.0,38,382.0,3.5700934579439254,3.4140699495960525,7,407.0,0.1757927116709001,29,1191.0,0.12925747768797413,2,225.0,0.13459826967964492,38,1823.0
1730.0,37,360.0,3.302752293577982,2.7756575269507198,4,391.0,0.12681842508096577,31,1219.0,0.07390547749924409,2,203.0,0.2331124862464961,37,1813.0
1735.0,40,318.0,2.9444444444444446,3.1692147985221566,6,415.0,0.24783109171167841,30,1088.0,0.09065237628160946,4,222.0,0.2807990221730681,40,1725.0
1740.0,47,376.0,3.44954128440367,2.907819876655552,8,447.0,0.2320643104087457,31,982.0,0.13686256379093167,8,256.0,0.23163669429830105,47,1685.0
1745.0,47,405.0,3.5217391304347827,3.045513287372175,12,500.0,0.23360052862287195,21,1075.0,0.15553398093903556,14,314.0,0.2665690300528045,47,1889.0
1750.0,41,390.0,3.25,3.476709466909489,12,527.0,0.20266191173089468,16,1125.0,0.1892862652695656,13,360.0,0.21134549555886906,41,2012.0
1755.0,50,479.0,3.7716535433070866,3.7661707889680733,17,584.0,0.07587532318786645,14,1190.0,0.2074706443434761,19,428.0,0.06177307794491229,50,2202.0
1760.0,52,494.0,4.186440677966102,3.1262198650012847,16,605.0,0.10114728853628478,17,1146.0,0.15421789418619158,19,467.0,0.1066532972455537,52,2218.0
1765.0,50,389.0,3.412280701754386,2.8016748499680943,16,561.0,0.11792418730427005,18,998.0,0.16750214078988532,16,435.0,0.1894898616191191,50,1994.0
1770.0,41,346.0,2.9322033898305087,3.5767809233180983,16,634.0,0.20538389465610396,13,1016.0,0.13709144280446275,12,371.0,0.3242459793387377,41,2021.0
1775.0,42,311.0,2.5491803278688523,3.8249965414604037,16,710.0,0.15837989926112428,16,1062.0,0.131972442751374,10,424.0,0.2840453054052637,42,2196.0
1780.0,39,258.0,2.097560975609756,4.053904367983529,11,710.0,0.12178364012736369,18,1132.0,0.15603110278633767,10,468.0,0.20960399269819818,39,2310.0
1785.0,27,157.0,1.4144144144144144,3.491034764711314,4,624.0,0.20042042260070947,17,1095.0,0.1292452856170122,6,473.0,0.2045522488916557,27,2192.0
1790.0,33,173.0,1.5585585585585586,3.462912442201372,3,533.0,0.2544776530352746,19,938.0,0.13619761426662194,11,515.0,0.19358580349585372,33,1986.0
1795.0,31,148.0,1.2982456140350878,3.7145276690895774,2,486.0,0.31627585820573423,17,958.0,0.14247604224051374,12,513.0,0.26536090376471233,31,1957.0
1800.0,32,154.0,1.3508771929824561,3.811008580505659,3,500.0,0.22027321555643653,20,1021.0,0.1614520220366474,9,452.0,0.22196997211496247,32,1973.0
1805.0,36,196.0,1.7043478260869565,3.7474128712453316,3,459.0,0.19918235760710132,21,1102.0,0.1642265539610858,12,503.0,0.1229422997477334,36,2064.0
1810.0,37,260.0,2.3423423423423424,3.6123877111331293,2,419.0,0.22029833531621681,21,1203.0,0.12781974531451343,14,510.0,0.12209016225031963,37,2132.0
1815.0,36,255.0,2.3181818181818183,2.6699548907326878,2,337.0,0.1836997948676416,24,1172.0,0.0860565654673474,10,508.0,0.11256163509393811,36,2017.0
1820.0,29,223.0,2.0458715596330275,3.210072780466805,2,308.0,0.2997283312583638,21,1014.0,0.11156303797562897,6,455.0,0.2685864889853951,29,1777.0
1825.0,35,181.0,1.587719298245614,2.8871903561028076,8,324.0,0.22644121752466337,23,775.0,0.14408847043821035,4,431.0,0.25396884501313916,35,1530.0
1830.0,32,198.0,1.6779661016949152,3.7755402792030743,10,369.0,0.27264421981013715,17,841.0,0.19185618005584418,5,432.0,0.3256387270019143,32,1642.0
1835.0,35,223.0,1.8278688524590163,3.4918200745198207,11,384.0,0.15985629714186073,16,906.0,0.1977684436110955,8,465.0,0.1928976765064429,35,1755.0
1840.0,41,299.0,2.411290322580645,3.156207354595674,17,438.0,0.08315001250079895,10,855.0,0.18381217657494697,14,522.0,0.10617314730432677,41,1815.0
1845.0,40,300.0,2.459016393442623,3.2852152998896456,17,462.0,0.1521319023215229,11,703.0,0.16582907788655626,12,474.0,0.18992303841899955,40,1639.0
1850.0,41,234.0,1.828125,3.080295011543691,14,403.0,0.16847210091075682,17,763.0,0.16734828052502534,10,425.0,0.1576558845944923,41,1591.0
1855.0,35,244.0,1.90625,3.8500860228345437,13,313.0,0.2336370547400509,10,787.0,0.15448176658025373,12,380.0,0.2370824460932983,35,1480.0
1860.0,35,221.0,1.768,3.5377845912636228,13,334.0,0.12144441274218827,14,825.0,0.13587572705716153,8,385.0,0.15889363521278693,35,1544.0
1865.0,37,287.0,2.3524590163934427,4.05938655112663,6,353.0,0.20571229961804607,21,909.0,0.11312458220682381,10,416.0,0.149208235283428,37,1678.0
1870.0,36,344.0,3.099099099099099,4.052665330307706,5,369.0,0.2119209614794963,28,1033.0,0.07258905854650284,3,386.0,0.2052734988033509,36,1788.0
1875.0,37,331.0,3.2450980392156863,2.6317365350871937,3,343.0,0.17407112214582224,29,1033.0,0.05166691975964623,5,349.0,0.16645153428209986,37,1725.0
1880.0,38,289.0,2.7788461538461537,2.761312076825666,4,319.0,0.2787708578431655,27,930.0,0.11052658578055967,7,377.0,0.24391966880570842,38,1626.0
1885.0,46,304.0,2.690265486725664,2.863803389471829,7,339.0,0.27919473075222656,26,779.0,0.1669092617493321,13,416.0,0.16864467303884528,46,1534.0
1890.0,40,325.0,2.73109243697479,3.126518356863086,8,368.0,0.26462950235996135,18,873.0,0.18239847726090075,14,477.0,0.22185877604403048,40,1718.0
1895.0,37,316.0,2.5483870967741935,3.1203101761928935,11,415.0,0.1274313454708715,13,922.0,0.19386492739875427,13,506.0,0.14517982539390947,37,1843.0
1900.0,45,425.0,3.373015873015873,3.163128968321051,12,409.0,0.07721147322916054,12,977.0,0.214730788188656,21,576.0,0.05959560513749086,45,1962.0
1905.0,53,509.0,4.206611570247934,2.8221362697096404,11,406.0,0.1508157561648542,16,942.0,0.15976163706972654,26,693.0,0.0646565772454746,53,2041.0
1910.0,52,493.0,4.142857142857143,2.3422954739323645,11,336.0,0.17466475843529877,16,811.0,0.11444360092397338,25,732.0,0.09960161936359864,52,1879.0
1915.0,46,410.0,3.360655737704918,3.5478362521635693,10,354.0,0.29212492654056665,16,833.0,0.174055971798985,20,687.0,0.20955296412537094,46,1874.0
1920.0,43,397.0,3.227642276422764,3.763032715996179,11,392.0,0.2445111888277888,16,878.0,0.15677158024112126,16,589.0,0.1752786044649367,43,1859.0
1925.0,44,374.0,2.992,3.850144622424506,11,444.0,0.16592172066891017,19,943.0,0.1412017964431416,14,611.0,0.17767370957447726,44,1998.0
1930.0,35,342.0,2.8983050847457625,3.680137264916543,8,440.0,0.18369970435746716,20,1033.0,0.14386590614606176,7,623.0,0.17465222890595253,35,2096.0
1935.0,38,267.0,2.3217391304347825,3.366198009200639,8,382.0,0.15284417306245177,24,1031.0,0.12266602833242012,6,643.0,0.16444164900304314,38,2056.0
1940.0,34,208.0,1.8245614035087718,3.628091051629898,7,374.0,0.27040533161539576,24,919.0,0.09526570946680524,3,604.0,0.3272872420192344,34,1897.0
1945.0,39,182.0,1.5423728813559323,2.6123021675839078,12,411.0,0.15795742873985325,21,1020.0,0.1212536608589138,6,516.0,0.24556632515312551,39,1947.0
1950.0,37,184.0,1.5206611570247934,3.1082494229521367,9,425.0,0.22647292814073253,24,1109.0,0.12071151719125815,4,539.0,0.24673257059593576,37,2073.0
1955.0,42,281.0,2.322314049586777,3.298304229818605,10,464.0,0.10356099654931836,25,1224.0,0.12618537649946926,7,567.0,0.11977063250728516,42,2255.0
1960.0,40,298.0,2.504201680672269,2.3819628470338112,12,514.0,0.07708198299399731,17,1192.0,0.11011262969355667,11,557.0,0.0843045327097975,40,2263.0
1965.0,36,216.0,1.8620689655172413,2.964411927724409,10,451.0,0.2083303784614562,21,1034.0,0.12224759334276544,5,564.0,0.19190796230757584,36,2049.0
1970.0,33,152.0,1.216,2.9614105480263233,10,495.0,0.18784913171883993,16,1066.0,0.1282846686469188,7,584.0,0.1474081786357085,33,2145.0
1975.0,40,156.0,1.248,3.428704516469649,13,550.0,0.1687683828977174,19,1122.0,0.15147141986101637,8,558.0,0.1779958625947935,40,2230.0
1980.0,38,202.0,1.7118644067796611,2.9437061499762316,16,621.0,0.09832458823118974,18,1200.0,0.14512959558467106,4,519.0,0.11122638218338136,38,2340.0
1985.0,38,222.0,1.865546218487395,2.6254561573149915,15,676.0,0.08658166703723369,18,1163.0,0.12235973016139796,5,488.0,0.1266679829785944,38,2327.0
1990.0,36,267.0,2.282051282051282,3.232990026188924,16,746.0,0.17328444825553702,18,960.0,0.1344978862514048,2,401.0,0.22950776327451777,36,2107.0
1995.0,33,249.0,2.040983606557377,3.046560103589214,15,741.0,0.1372043011346235,14,1021.0,0.13694862804010619,4,368.0,0.24413811801276164,33,2130.0
2000.0,31,187.0,1.5583333333333333,3.5233823978817935,13,664.0,0.18356041046766464,15,1059.0,0.16266560243157097,3,351.0,0.29648121506396913,31,2074.0
2005.0,43,245.0,1.991869918699187,3.492062102814843,16,664.0,0.0952456647916625,17,1130.0,0.14758519886406593,10,367.0,0.09791327640817081,43,2161.0
2010.0,43,314.0,2.7304347826086954,3.404046576710689,15,737.0,0.12341059943072952,21,1227.0,0.13640698934356985,7,346.0,0.15775791193949767,43,2310.0
2015.0,33,268.0,2.552380952380952,2.5469069189807496,8,716.0,0.13713690036290682,22,1193.0,0.09159091480170342,3,266.0,0.16858757509762795,33,2175.0
2020.0,33,180.0,1.6363636363636365,2.961794892801218,5,620.0,0.21342100013196658,21,1027.0,0.11573864584702999,7,290.0,0.19311948928486267,33,1937.0
2025.0,32,156.0,1.368421052631579,3.248268774076678,5,640.0,0.26414006396320006,19,1041.0,0.13912616639523676,8,324.0,0.23393800506507134,32,2005.0
2030.0,40,208.0,1.7478991596638656,3.0424679549004883,4,641.0,0.18933997760344629,25,1145.0,0.15143510455508943,11,370.0,0.17290228781471934,40,2156.0
2035.0,40,297.0,2.516949152542373,3.2595185860702176,8,676.0,0.16014345343719413,21,1256.0,0.15021384826179207,11,399.0,0.1645413776439284,40,2331.0
2040.0,42,338.0,2.9391304347826086,2.670035820117284,9,644.0,0.11372413384084451,17,1191.0,0.1268722792825872,16,464.0,0.05199272062768488,42,2299.0
2045.0,41,288.0,2.5043478260869567,2.9555577381958202,9,555.0,0.19251803742444387,18,1032.0,0.1530304417831462,14,475.0,0.13059030835662916,41,2062.0
2050.0,36,231.0,1.9913793103448276,3.0701808695868946,8,533.0,0.2157807291008799,15,1097.0,0.15060046477284048,13,410.0,0.21420446012124028,36,2040.0
2055.0,44,247.0,1.976,3.107976152043305,10,578.0,0.1793150002608482,20,1170.0,0.14378719618370936,14,474.0,0.12662678386738532,44,2222.0
2060.0,45,292.0,2.3739837398373984,3.6274350684811143,9,596.0,0.19797345317925208,20,1268.0,0.13221780148414497,16,552.0,0.12000809255677479,45,2416.0
2065.0,48,317.0,2.6198347107438016,2.644930506712175,13,631.0,0.07085147401207414,17,1219.0,0.117628621250398,18,559.0,0.04615905075609098,48,2409.0
2070.0,32,174.0,1.5,3.249399758855263,9,605.0,0.21577057863536736,17,1045.0,0.14276316388264124,6,588.0,0.22096802728417783,32,2238.0
2075.0,25,111.0,0.9910714285714286,3.554605848565224,7,497.0,0.2722521486062276,11,973.0,0.16558835581281275,7,613.0,0.1885904968736739,25,2083.0
2080.0,32,97.0,0.8151260504201681,3.4132664440069727,11,536.0,0.19841488796952142,14,1027.0,0.18801715683897519,7,573.0,0.1570212520647051,32,2136.0
2085.0,29,93.0,0.808695652173913,3.0057850828063546,12,580.0,0.1488911678053781,12,957.0,0.15889648898249684,5,531.0,0.17553923745865704,29,2068.0
2090.0,29,115.0,0.9745762711864406,3.0694342897820572,15,649.0,0.13707828923598844,11,768.0,0.15814132161599131,3,462.0,0.18398244662028093,29,1879.0
2095.0,21,90.0,0.782608695652174,3.1646470375965157,11,643.0,0.21789253303912443,9,805.0,0.16587103497120817,1,465.0,0.2289953975060666,21,1913.0
2100.0,21,95.0,0.7983193277310925,3.4784033431787895,7,539.0,0.17151587002474322,10,822.0,0.17080554234219536,4,479.0,0.16248770750662797,21,1840.0
2105.0,27,159.0,1.325,3.795378489161774,8,401.0,0.17705196365904216,15,877.0,0.13160371332297557,4,452.0,0.167317748004581,27,1730.0
2110.0,30,245.0,2.130434782608696,3.6966463380657433,6,383.0,0.1769881947312132,22,974.0,0.13597566323465712,2,383.0,0.1786346178541597,30,1740.0
2115.0,36,262.0,2.2982456140350878,2.8515469120799044,9,421.0,0.13955504604017954,24,940.0,0.07614825995863296,3,314.0,0.14577300798437517,36,1675.0
2120.0,32,190.0,1.7272727272727273,3.13655311628155,4,422.0,0.305124667865688,25,812.0,0.0890958460155065,3,332.0,0.2421715681469118,32,1566.0
2125.0,37,204.0,1.7586206896551724,2.9972828779900222,7,431.0,0.23149299034601392,20,909.0,0.11737882218517956,10,360.0,0.16362621608520325,37,1700.0
2130.0,44,256.0,2.206896551724138,3.4446903084765017,7,402.0,0.23607846260581783,25,1018.0,0.156451384745815,12,413.0,0.19866626888778896,44,1833.0
2135.0,46,325.0,2.9017857142857144,2.6670898090737474,6,429.0,0.09444574621771884,24,1132.0,0.12494348002910387,16,476.0,0.14531817326556876,46,2037.0
2140.0,40,295.0,2.543103448275862,2.128265669481694,10,467.0,0.07845175817351473,17,1098.0,0.0798110759179676,13,503.0,0.10973607214131771,40,2068.0
2145.0,42,347.0,2.965811965811966,3.1047212743068187,7,383.0,0.1703723513283257,16,899.0,0.10776151008939928,19,563.0,0.18342905311060226,42,1845.0
2150.0,38,330.0,2.773109243697479,2.431828639608757,4,406.0,0.13967025518141316,14,956.0,0.14887398764515947,20,589.0,0.1263266357390098,38,1951.0
2155.0,44,338.0,2.8403361344537816,3.186927528909101,8,436.0,0.1594354393376091,18,1025.0,0.17323919928285708,18,563.0,0.14809651603742707,44,2024.0
2160.0,36,297.0,2.5384615384615383,2.6412390673556394,7,434.0,0.07925226286522695,12,986.0,0.13995866194383516,17,654.0,0.1395379601581338,36,2074.0
2165.0,40,308.0,2.566666666666667,3.0020247450852318,12,469.0,0.1290821125163472,11,817.0,0.13202631396955322,17,682.0,0.13911226198195387,40,1968.0
2170.0,25,185.0,1.5546218487394958,3.28334397779178,11,452.0,0.19332151342292067,8,846.0,0.16693100106200012,6,704.0,0.18675251733671738,25,2002.0
2175.0,22,129.0,1.0573770491803278,3.701235944586071,10,375.0,0.141793473507518,8,860.0,0.18025835496636186,4,718.0,0.1731827248860176,22,1953.0
2180.0,28,116.0,0.9914529914529915,3.3737532459349295,10,295.0,0.15267595373680934,15,803.0,0.11512012829586407,3,669.0,0.19133620383765174,28,1767.0
2185.0,32,125.0,1.0683760683760684,3.0027159823297054,13,301.0,0.20735211942461373,15,674.0,0.1368972839211799,4,570.0,0.16810079203421932,32,1545.0
2190.0,19,79.0,0.6638655462184874,3.3553745085814946,5,330.0,0.2686914571216351,11,686.0,0.151538014854383,3,475.0,0.2715946149244407,19,1491.0
2195.0,19,69.0,0.5655737704918032,3.3625724712926837,2,327.0,0.2263598332634952,13,703.0,0.14589879119004645,4,489.0,0.21501334271045747,19,1519.0
2200.0,28,156.0,1.2380952380952381,3.588043244970757,6,345.0,0.1755810860200862,16,738.0,0.14489585943846045,6,464.0,0.16410793593513126,28,1547.0
2205.0,29,214.0,1.7983193277310925,3.6415012228623787,7,331.0,0.16669734047138712,21,833.0,0.1475578971432592,1,444.0,0.18110140949825632,29,1608.0
2210.0,35,235.0,2.0434782608695654,2.937705793971435,6,275.0,0.09871467958960704,24,831.0,0.08759808804837432,5,452.0,0.11824895069536483,35,1558.0
2215.0,35,189.0,1.6725663716814159,3.142651911278643,6,293.0,0.22210512224300843,24,741.0,0.08539172192182354,5,414.0,0.21527633008907934,35,1448.0
2220.0,31,156.0,1.4181818181818182,2.9494110401925067,7,322.0,0.15886600343947116,21,840.0,0.11437050852714865,3,331.0,0.22137722953658823,31,1493.0
2225.0,35,164.0,1.4385964912280702,3.138196994681025,6,312.0,0.19347774368386475,22,930.0,0.11890247529964072,7,358.0,0.20893840422966015,35,1600.0
2230.0,32,151.0,1.3981481481481481,2.73325872434754,5,338.0,0.18936200782414028,19,929.0,0.1120557165344837,8,393.0,0.13898711444459091,32,1660.0
2235.0,28,137.0,1.2342342342342343,2.4528306058373683,6,316.0,0.1580519414310895,11,754.0,0.11633139947734032,11,406.0,0.14833708571212598,28,1476.0
2240.0,17,60.0,0.5357142857142857,3.571587140437956,4,298.0,0.23701100313813706,7,742.0,0.19963134439932267,6,419.0,0.24521021427152564,17,1459.0
2245.0,26,76.0,0.6440677966101694,3.1120997369400203,7,250.0,0.1784476530147773,10,765.0,0.09385395518295768,9,441.0,0.16437918833002707,26,1456.0
2250.0,17,44.0,0.3826086956521739,3.3949158467630767,2,237.0,0.2055100511254741,7,708.0,0.1346220672535435,8,427.0,0.1496412140408622,17,1372.0
2255.0,13,35.0,0.3333333333333333,3.3181583251272215,7,257.0,0.13809040921207202,2,549.0,0.18533572951205862,4,365.0,0.16365572414829732,13,1171.0
2260.0,13,39.0,0.3577981651376147,4.07329239700112,6,248.0,0.24991901405192654,2,353.0,0.20687580399126884,5,348.0,0.25587347700661994,13,949.0
2265.0,9,45.0,0.42452830188679247,5.110332415985517,5,202.0,0.3538966384885849,2,278.0,0.2883871584086135,2,283.0,0.3474733904915627,9,763.0
2270.0,13,63.0,0.5625,5.023294699346205,5,150.0,0.3440729668273991,4,190.0,0.2870584453508223,4,258.0,0.2827334126607631,13,598.0
2275.0,8,60.0,0.5405405405405406,5.5609985992900395,3,139.0,0.32756984588172794,1,161.0,0.38472034042745773,4,244.0,0.3692804381504073,8,544.0
2280.0,9,42.0,0.3783783783783784,5.010849083038266,2,151.0,0.22256951025785782,6,174.0,0.3273462178186918,1,234.0,0.229549581919471,9,559.0
2285.0,17,74.0,0.6727272727272727,4.399519091478048,4,129.0,0.17721873809291724,7,171.0,0.3060492389445299,6,222.0,0.16348772203800588,17,522.0
2290.0,17,93.0,0.8857142857142857,4.332318832325666,4,115.0,0.26997115378414,3,117.0,0.26392258098942933,10,227.0,0.17652549177483037,17,459.0
2295.0,11,36.0,0.33962264150943394,4.551978618087996,1,87.0,0.29904899312286576,2,43.0,0.2569709931220153,8,180.0,0.226183992295195,11,310.0
2300.0,12,72.0,0.6792452830188679,5.591914323978617,4,72.0,0.3621753046572808,2,42.0,0.31025525330610376,6,149.0,0.3073655525952604,12,263.0
2305.0,23,70.0,0.6422018348623854,4.12150723940936,9,101.0,0.19708094026527603,9,65.0,0.16210011269239755,5,109.0,0.21481200358666774,23,275.0
2310.0,24,98.0,0.9607843137254902,3.8478466167124394,9,110.0,0.17151251533809916,8,77.0,0.20913520746935219,7,94.0,0.17715837599857795,24,281.0
2315.0,20,70.0,0.7216494845360825,4.394321714649041,7,111.0,0.27902304988317295,4,64.0,0.2398150721283738,9,113.0,0.22632364913236186,20,288.0
2320.0,16,48.0,0.48484848484848486,5.407259476935816,7,98.0,0.3101137037471618,4,47.0,0.36450398911512916,5,93.0,0.30363896289211534,16,238.0
2325.0,12,55.0,0.5339805825242718,6.753687966420051,7,93.0,0.4123858488633138,2,42.0,0.4037978558546325,3,56.0,0.4133502716899998,12,191.0
2330.0,13,88.0,0.8073394495412844,6.318167680510006,7,103.0,0.4124385928122493,4,43.0,0.34400268737592443,2,44.0,0.38151367999777047,13,190.0
2335.0,5,9.0,0.08653846153846154,6.489084920494131,1,87.0,0.4812073744454722,2,29.0,0.38153048939948064,1,23.0,0.3964858172815863,4,139.0
2340.0,21,69.0,0.6764705882352942,5.909291352598189,6,94.0,0.33749540588875393,8,48.0,0.30783604209461196,7,38.0,0.244405125963792,21,180.0
2345.0,21,67.0,0.6633663366336634,4.79514294903684,6,108.0,0.22868350367269677,7,70.0,0.22928985552636083,8,56.0,0.2041352268101333,21,234.0
2350.0,8,20.0,0.22988505747126436,5.189038067483796,2,78.0,0.3448314628128524,4,67.0,0.33293433799146177,2,49.0,0.3363158525682632,8,194.0
2355.0,8,24.0,0.24742268041237114,6.207291882330588,3,60.0,0.39611818725961273,2,40.0,0.3298531900503152,3,29.0,0.35621905015692473,8,129.0
2360.0,8,31.0,0.31,6.981388449055358,3,54.0,0.4596446301219175,2,32.0,0.3603829360667417,3,24.0,0.4768696090915501,8,110.0
2365.0,18,77.0,0.7475728155339806,6.431479427994026,9,74.0,0.32589141735290134,5,32.0,0.3479332977547805,4,27.0,0.4253018263936248,18,133.0
2370.0,9,25.0,0.25252525252525254,6.491642856868374,7,87.0,0.3053843810709237,1,15.0,0.4704992893614636,1,9.0,0.47494625782304095,9,111.0
2375.0,16,49.0,0.5268817204301075,5.743642281205542,3,66.0,0.2180894625484995,6,29.0,0.3866005017930921,7,25.0,0.27644896681787523,16,120.0
2380.0,15,47.0,0.5108695652173914,4.694378243389164,3,37.0,0.25641162850845567,4,44.0,0.31191035239963866,8,51.0,0.09698563839915451,15,132.0
2385.0,6,19.0,0.21839080459770116,6.525603595064716,3,34.0,0.4716677314564732,1,33.0,0.4550842612461994,2,47.0,0.29697861770579637,6,114.0
2390.0,7,30.0,0.3191489361702128,7.219414397975948,5,37.0,0.458679554100204,0,15.0,0.40958981102692166,2,26.0,0.43447673504544265,7,78.0
2395.0,5,14.0,0.15217391304347827,8.308976299705458,0,16.0,0.5862397529559984,2,13.0,0.41911366710218423,3,18.0,0.583320901981728,5,47.0
2400.0,10,52.0,0.5842696629213483,7.860978115242379,5,25.0,0.4287005462932533,2,21.0,0.41311649361216024,3,21.0,0.6278608361178197,10,67.0
2405.0,11,54.0,0.6206896551724138,7.030961876795547,6,45.0,0.31436709789883965,4,36.0,0.49227302800831685,1,7.0,0.5719046267463647,11,88.0
2410.0,8,22.0,0.275,6.208816021256878,1,35.0,0.2816943357920498,1,17.0,0.47001857926237295,6,22.0,0.3878596586143013,8,74.0
2415.0,13,38.0,0.4523809523809524,5.634364165681993,2,17.0,0.2824999027016955,6,23.0,0.3427710033512983,5,39.0,0.18572310934770317,13,79.0
2420.0,13,35.0,0.4430379746835443,6.912059842312023,3,11.0,0.5296558464791137,8,50.0,0.38762026432073804,2,26.0,0.302186654321146,13,87.0
2425.0,12,31.0,0.3780487804878049,7.249968340783187,6,25.0,0.5494535034854346,4,46.0,0.3570729768853253,2,12.0,0.4708613249692924,12,83.0
2430.0,6,18.0,0.21686746987951808,7.6314513841720375,2,14.0,0.5001051750606944,2,35.0,0.38558201411000115,2,14.0,0.5937005260015252,6,63.0
2435.0,13,67.0,0.8271604938271605,7.565006792296058,8,34.0,0.40068176654222976,2,34.0,0.36920246480440777,3,19.0,0.594329796478185,13,87.0
2440.0,10,51.0,0.6296296296296297,7.096178093452288,4,51.0,0.36848670332816336,2,13.0,0.4360338590990397,4,31.0,0.5514336259452635,10,95.0
2445.0,8,30.0,0.39473684210526316,6.64196566729663,0,26.0,0.33057944181181076,7,39.0,0.3460260468181067,1,14.0,0.5391023793976322,8,79.0
2450.0,16,47.0,0.6025641025641025,5.631331779177778,1,3.0,0.3960377312613659,11,63.0,0.22597611639211845,4,18.0,0.1946626263743223,16,84.0
2455.0,12,35.0,0.45454545454545453,7.466918627990612,2,10.0,0.6589747092907122,4,60.0,0.3824002155944511,6,34.0,0.400052777065183,12,104.0
2460.0,4,39.0,0.5571428571428572,8.29945901512825,2,20.0,0.6345580242220712,2,46.0,0.4430843317741383,0,15.0,0.5953920241068207,4,81.0
2465.0,10,79.0,1.0394736842105263,8.954178143081123,4,37.0,0.6322102155844164,4,47.0,0.5456760402453775,2,14.0,0.6496161294169932,10,98.0
2470.0,6,23.0,0.2987012987012987,8.404328686872534,3,19.0,0.4877716423530659,1,20.0,0.5291990550234177,2,18.0,0.7042535000404054,6,57.0
2475.0,16,82.0,1.0379746835443038,7.263350576184043,7,30.0,0.34688579440352174,5,28.0,0.3270173586751677,4,34.0,0.5188737939434742,16,92.0
2480.0,10,36.0,0.5217391304347826,6.503100272768193,4,42.0,0.2870069073083571,5,43.0,0.24107748700519896,1,14.0,0.5586841741795356,10,99.0
2485.0,14,29.0,0.4461538461538462,5.58613362179279,5,37.0,0.322098347204458,2,30.0,0.23597136692365325,7,20.0,0.27816907443303757,14,87.0
2490.0,5,26.0,0.4,8.674823330577109,2,29.0,0.5899698042699765,2,19.0,0.565213876854495,1,26.0,0.5555153631585827,5,74.0
2495.0,5,41.0,0.6721311475409836,9.49468455881693,3,28.0,0.5984974151293229,2,25.0,0.5922531263236225,0,7.0,0.7355820171014062,5,60.0
2500.0,10,77.0,1.1323529411764706,9.054953487773043,4,38.0,0.5789570913727485,4,37.0,0.565132403944407,2,4.0,0.6554724284408565,10,79.0
2505.0,5,17.0,0.2463768115942029,8.921684709464763,1,15.0,0.5531253484219385,1,14.0,0.6213453811051538,3,14.0,0.6685423709159859,5,43.0
2510.0,13,56.0,0.7777777777777778,7.767407856526437,5,19.0,0.29325785450753716,4,13.0,0.3786160518400878,4,26.0,0.5392143595968897,13,58.0
2515.0,10,63.0,0.9692307692307692,7.501558341003003,4,29.0,0.33400265484343034,1,16.0,0.4017317084095785,5,46.0,0.5348799771476894,10,91.0
2520.0,2,2.0,0.03571428571428571,7.7739152344874265,1,25.0,0.3565737693540472,0,7.0,0.632063383508468,1,22.0,0.5587234726564657,2,54.0
2525.0,7,25.0,0.4166666666666667,9.64114694297189,2,16.0,0.6181260083589042,2,7.0,0.7031706808751426,3,16.0,0.6155376851460106,7,39.0
2530.0,3,17.0,0.288135593220339,8.994777130864763,2,18.0,0.6289830479638189,1,3.0,0.6296168527892723,0,14.0,0.5655408433122407,3,35.0
2535.0,11,45.0,0.7627118644067796,7.530587165297921,5,29.0,0.5217629920505953,4,19.0,0.4383355215842704,2,1.0,0.37055289552007004,11,49.0
2540.0,5,14.0,0.25,8.617866694441947,2,11.0,0.5188349012629251,1,19.0,0.5399080978901288,2,11.0,0.5819995895301421,5,41.0
2545.0,15,43.0,0.7166666666666667,7.235548680060222,9,24.0,0.25214901763619535,2,4.0,0.47017087307116323,4,23.0,0.48450749205444893,15,51.0
2550.0,5,15.0,0.2777777777777778,7.539721779043673,3,38.0,0.4250163838691256,1,4.0,0.3515831829753788,1,9.0,0.6503040123232172,5,51.0
2555.0,10,29.0,0.5686274509803921,7.693072989226691,0,11.0,0.5267026514875637,7,25.0,0.23410269410171292,3,11.0,0.5191491946494157,10,47.0
2560.0,8,18.0,0.3333333333333333,7.347414000519426,3,5.0,0.4993873595632602,2,34.0,0.408126447874572,3,14.0,0.3725939947750591,8,53.0
2565.0,2,15.0,0.3,9.782921355871588,2,17.0,0.6506234520105588,0,14.0,0.7828030302781782,0,7.0,0.590118005807797,2,38.0
2570.0,5,29.0,0.5,9.320513266862863,4,30.0,0.5621749011672174,1,3.0,0.6593439455362476,0,2.0,0.6539176523478624,5,35.0
2575.0,4,17.0,0.30357142857142855,10.277201298298863,0,11.0,0.7764902398235873,2,12.0,0.7280860023833204,2,9.0,0.7319223939218963,4,32.0
2580.0,8,40.0,0.7407407407407407,8.341169824337726,3,5.0,0.42408582217609675,2,20.0,0.5426975765456645,3,17.0,0.5780624626261038,8,42.0
2585.0,8,74.0,1.2542372881355932,8.0260804219705,0,6.0,0.44086299055499417,4,39.0,0.5329883827856168,4,35.0,0.5808284350464122,8,80.0
2590.0,2,5.0,0.08620689655172414,8.408803662581041,0,0.0,0.6306726052591872,2,22.0,0.5036040006569114,0,14.0,0.5925237595374626,2,36.0
2595.0,9,30.0,0.46153846153846156,8.127455993542283,3,4.0,0.49817155996423307,4,23.0,0.47266419937744847,2,5.0,0.3863910682432159,9,32.0
2600.0,4,9.0,0.15,7.516697097561933,1,3.0,0.5941092458201687,2,19.0,0.47634089720064576,1,11.0,0.36555824589862784,4,33.0
2605.0,10,18.0,0.3050847457627119,6.618146633278347,5,19.0,0.4159447414658514,3,11.0,0.40932257930572863,2,8.0,0.37187823343962,10,38.0
2610.0,5,24.0,0.41379310344827586,8.750755363967276,1,26.0,0.4991237939404476,2,13.0,0.6658977759287872,2,14.0,0.6277052461017718,5,53.0
2615.0,4,39.0,0.6964285714285714,9.170010573094297,0,2.0,0.5754537403994762,2,22.0,0.6196788217177143,2,21.0,0.6245514376361303,4,45.0
2620.0,11,82.0,1.2615384615384615,8.929996669895887,2,6.0,0.617307188056123,4,39.0,0.5878052865936239,5,39.0,0.4912896241921,11,84.0
2625.0,3,17.0,0.2698412698412698,9.297915597450512,2,16.0,0.7160806033299741,0,15.0,0.6736807072521145,1,17.0,0.4424519513857536,3,48.0
2630.0,6,19.0,0.30158730158730157,7.898071084542121,0,0.0,0.5098964606820171,2,8.0,0.4567085475753775,4,13.0,0.22335797988251832,6,21.0
2635.0,6,15.0,0.2727272727272727,7.068633886395691,3,9.0,0.40414899853549063,1,13.0,0.286145771443617,2,18.0,0.3686617756452051,6,40.0
2640.0,4,7.0,0.15555555555555556,6.2699318402164375,3,20.0,0.37504663433841595,0,4.0,0.38116867437370766,1,7.0,0.47034940543581505,4,31.0
2645.0,6,22.0,0.43137254901960786,8.799635814683224,2,15.0,0.6053985913646831,2,10.0,0.6080178820894218,2,10.0,0.5673449480646657,6,35.0
2650.0,7,38.0,0.7169811320754716,9.363557505867586,3,18.0,0.6170108930747991,2,6.0,0.6809114812317217,2,20.0,0.6320773544815556,7,44.0
2655.0,12,86.0,1.4576271186440677,7.94218825525799,4,32.0,0.5021005876740321,4,22.0,0.43479786774560775,4,35.0,0.5352195205279701,12,89.0
2660.0,6,14.0,0.25925925925925924,6.643543949778751,2,16.0,0.4760039453643887,3,33.0,0.31573685253504596,1,13.0,0.5415074047433361,6,62.0
2665.0,18,40.0,0.6451612903225806,6.3646396031227495,8,28.0,0.28354307489874686,2,14.0,0.26001965828218415,8,16.0,0.37358648807848155,18,58.0
2670.0,5,23.0,0.3898305084745763,8.33137888631557,2,36.0,0.4777422712417443,2,9.0,0.5401148431069679,1,24.0,0.616745203848747,5,69.0
2675.0,2,19.0,0.37254901960784315,9.424300629265192,0,13.0,0.6603655095204861,2,23.0,0.5537063621505464,0,8.0,0.7251791033452918,2,44.0
2680.0,9,46.0,0.7666666666666667,9.061989974091608,3,5.0,0.5859735248900744,4,41.0,0.583540732686235,2,4.0,0.6269242983921987,9,50.0
2685.0,8,86.0,1.3870967741935485,10.087091861874976,2,15.0,0.6602499694629611,4,61.0,0.684806418265603,2,14.0,0.7240011781421217,8,90.0
2690.0,8,56.0,0.8484848484848485,7.688300107038843,4,29.0,0.41165570752705527,1,32.0,0.4885966066115333,3,25.0,0.4717527480134472,8,86.0
2695.0,10,67.0,1.0307692307692307,7.942306618484673,0,10.0,0.6429305365933725,6,26.0,0.3572991159555042,4,45.0,0.5536098549566992,10,81.0
2700.0,8,21.0,0.3620689655172414,6.726179102593779,2,3.0,0.4110679170718832,6,42.0,0.20531394676492581,0,17.0,0.4607740973584497,8,62.0
2705.0,6,15.0,0.3,6.68018100236941,1,9.0,0.5396394597158979,4,45.0,0.1739795685250177,1,4.0,0.5924082787204366,6,58.0
2710.0,3,18.0,0.4,8.260129108619978,0,3.0,0.645282112461651,2,35.0,0.481016763374412,1,4.0,0.6777535359683388,3,42.0
2715.0,7,40.0,0.7843137254901961,8.499179219387322,2,5.0,0.6898465107426208,3,40.0,0.5821507992520618,2,7.0,0.5643711231397295,7,52.0
2720.0,5,25.0,0.46296296296296297,9.545417064220658,2,9.0,0.7366219745855653,1,16.0,0.6888032340097424,2,15.0,0.6249401415888666,5,40.0
2725.0,16,57.0,0.890625,7.704526757117151,5,20.0,0.5020196819631262,5,17.0,0.3757689978799614,6,26.0,0.46536128051193276,16,63.0
2730.0,5,8.0,0.125,7.027510897496885,2,9.0,0.45915649860720936,2,21.0,0.2684318190779992,1,8.0,0.47769213600748445,5,38.0
2735.0,10,39.0,0.639344262295082,8.19810200879164,5,23.0,0.44895319074505535,0,9.0,0.44018161256413413,5,19.0,0.448808927875065,10,51.0
2740.0,10,20.0,0.3508771929824561,7.061957504235549,2,30.0,0.4819081123961893,2,7.0,0.4374618127011197,6,32.0,0.3921554166742584,10,69.0
2745.0,1,2.0,0.04,9.256019283664214,0,10.0,0.6169034822838643,1,6.0,0.6964268670821683,0,12.0,0.6168955669876349,1,28.0
2750.0,3,11.0,0.1864406779661017,9.52157768926344,1,0.0,0.5378618513362595,2,15.0,0.6840845517643519,0,0.0,0.552215469994281,3,15.0
2755.0,3,10.0,0.1724137931034483,10.697853755084198,1,5.0,0.6227551350743366,0,9.0,0.8020300888317562,2,5.0,0.6347891746278564,3,19.0
2760.0,5,30.0,0.5357142857142857,9.370449521558678,2,15.0,0.5881878706522622,0,0.0,0.6729631556421963,3,17.0,0.4934500423715385,5,32.0
2765.0,7,41.0,0.6833333333333333,9.403111243125831,5,34.0,0.61047016913638,2,7.0,0.6036965105053032,0,7.0,0.6968787209361917,7,48.0
2770.0,5,23.0,0.40350877192982454,9.6031637407197,1,16.0,0.6367345904083552,2,17.0,0.5915277946598808,2,7.0,0.6715251618771745,5,40.0
2775.0,12,53.0,0.9137931034482759,7.17280243768827,6,19.0,0.37423272003786884,4,32.0,0.22683213850211953,2,10.0,0.5153712917338261,12,61.0
2780.0,5,15.0,0.2777777777777778,7.833689978140059,3,30.0,0.36968693264686914,0,13.0,0.6805956353126933,2,7.0,0.6047082949906184,5,50.0
2785.0,8,13.0,0.22033898305084745,8.031824758118992,3,14.0,0.2982746804680242,2,4.0,0.6924476497842342,3,12.0,0.509207852082674,8,30.0
2790.0,9,37.0,0.6379310344827587,8.73479947666979,6,24.0,0.334342221281222,0,4.0,0.8694665502653316,3,26.0,0.5485689323385696,9,54.0
2795.0,10,48.0,0.8727272727272727,8.382685529822572,9,60.0,0.2798220523585106,0,2.0,0.7842595890081265,1,9.0,0.5899080468404145,10,71.0
2800.0,12,54.0,1.0,7.050769046360079,8,83.0,0.3360352817237418,2,6.0,0.429127757336476,2,9.0,0.4320600373969218,12,98.0
2805.0,3,7.0,0.14893617021276595,7.36236363805285,1,57.0,0.38379025022402585,1,5.0,0.6618965615706525,1,7.0,0.6182108855008138,3,69.0
2810.0,3,12.0,0.22641509433962265,7.621885064676911,1,15.0,0.34176312795955344,2,16.0,0.6277755160290887,0,2.0,0.36192266437498793,3,33.0
2815.0,4,18.0,0.34615384615384615,10.354908266557079,2,9.0,0.5795998588545004,0,4.0,0.8859807897752499,2,10.0,0.49766792384071545,4,23.0
2820.0,4,38.0,0.76,9.783714134287106,2,20.0,0.5370250163460574,0,2.0,0.7297555415095542,2,22.0,0.5571149137563227,4,44.0
2825.0,10,84.0,1.5272727272727273,9.416622758725568,4,38.0,0.5623903491504039,2,9.0,0.6962658828494873,4,41.0,0.5948465188421413,10,88.0
2830.0,4,21.0,0.375,9.019025589345327,1,18.0,0.5511359089198098,2,19.0,0.6434393401654935,1,17.0,0.6612366953845078,4,54.0
2835.0,11,54.0,0.9152542372881356,8.3149921975001,3,15.0,0.534176403074565,4,34.0,0.44882789880055696,4,9.0,0.4987057828838467,11,58.0
2840.0,3,4.0,0.07407407407407407,7.49383913556512,0,8.0,0.5372257032934048,0,11.0,0.3671778502897502,3,19.0,0.48841529529012656,3,38.0
2845.0,12,13.0,0.22807017543859648,6.413946158345482,3,1.0,0.3783017182345999,5,15.0,0.42920659844639475,4,8.0,0.2743041956790919,12,24.0
2850.0,5,15.0,0.25862068965517243,8.415347664880242,3,11.0,0.5214844429310941,0,17.0,0.7154086598424237,2,10.0,0.34942185626710415,5,38.0
2855.0,9,51.0,0.9107142857142857,8.633097325522101,2,21.0,0.48707003411649796,0,2.0,0.7459915644554355,7,38.0,0.3749340467258753,9,61.0
2860.0,9,32.0,0.5517241379310345,6.9244889716638065,0,4.0,0.5873448822042149,2,4.0,0.5308510642443943,7,60.0,0.29105520145271624,9,68.0
2865.0,6,25.0,0.4807692307692308,8.289240142530051,2,8.0,0.703483643511212,2,16.0,0.6778352600217099,2,51.0,0.3711473187870551,6,75.0
2870.0,7,28.0,0.5,6.626075271120804,3,8.0,0.3487035946179533,4,29.0,0.40559235894466733,0,20.0,0.4132806660269569,7,57.0
2875.0,3,12.0,0.20689655172413793,7.884202583323691,2,11.0,0.45203208835117314,0,13.0,0.735903922495193,1,21.0,0.4153047955236195,3,45.0
2880.0,8,27.0,0.4576271186440678,7.797637094389578,0,0.0,0.5327770822628967,1,6.0,0.6654827168625964,7,45.0,0.24947844290987906,8,51.0
2885.0,10,34.0,0.5862068965517241,6.696633014081431,3,10.0,0.4600029744746881,0,3.0,0.4435659798096867,7,63.0,0.22114020784759708,10,76.0
2890.0,4,4.0,0.07692307692307693,7.190259969948825,1,14.0,0.5518935662554724,0,2.0,0.6050293973568567,3,45.0,0.3234771296027938,4,61.0
2895.0,6,8.0,0.13793103448275862,7.980126013793107,3,7.0,0.49040388631247783,1,5.0,0.7311391918957107,2,22.0,0.43235795308617614,6,34.0
2900.0,7,35.0,0.5833333333333334,9.974175196507058,2,14.0,0.6348386974586663,2,10.0,0.810517767360371,3,20.0,0.6012297309564673,7,44.0
2905.0,16,68.0,1.0149253731343284,8.494885104971223,5,25.0,0.5578147990678538,6,22.0,0.6240790546600676,5,23.0,0.4711816383698157,16,70.0
2910.0,4,5.0,0.07352941176470588,8.08460463717924,1,7.0,0.5670311002322059,2,15.0,0.603470369837726,1,6.0,0.4379211571621197,4,28.0
2915.0,18,58.0,0.8529411764705882,7.359200821557353,6,19.0,0.37821879435942385,6,27.0,0.28068394283541376,6,14.0,0.2681291844264985,18,60.0
2920.0,11,32.0,0.5079365079365079,5.580940355564216,5,37.0,0.23499471006510894,5,42.0,0.06944519056182102,1,21.0,0.3349664396586304,11,100.0
2925.0,3,3.0,0.05660377358490566,7.988435391503229,1,18.0,0.4812045179935717,1,34.0,0.4573969942464594,1,4.0,0.705469175689976,3,56.0
2930.0,0,0.0,0.0,10.016007565667737,0,3.0,0.6095863604592173,0,14.0,0.7075459278537036,0,2.0,0.6643520199184422,0,19.0
2935.0,4,12.0,0.19047619047619047,10.716399679873115,1,4.0,0.7358174046112491,1,8.0,0.7446163023278586,2,6.0,0.6841436933981904,4,18.0
2940.0,7,42.0,0.7,9.613310834999583,2,14.0,0.6616276008906847,2,14.0,0.6405072197550749,3,14.0,0.6072824618050998,7,42.0
2945.0,8,66.0,1.03125,9.099825754855555,0,5.0,0.5920289402256873,4,32.0,0.5724154585147475,4,34.0,0.6289244309206277,8,71.0
2950.0,5,15.0,0.22727272727272727,8.30058740531718,5,15.0,0.4270953891548226,0,14.0,0.5350528115261521,0,16.0,0.5934201064334265,5,45.0
2955.0,10,28.0,0.4117647058823529,6.676911586211738,3,23.0,0.24207161578731537,3,10.0,0.319092205965568,4,13.0,0.3553612746224024,10,46.0
2960.0,5,17.0,0.29310344827586204,7.153173099243737,0,9.0,0.5117039757600571,2,22.0,0.4150556583805809,3,23.0,0.3607541915945049,5,54.0
2965.0,9,4.0,0.06896551724137931,7.315708225718706,2,2.0,0.5077078886139167,3,14.0,0.5380392759777787,4,22.0,0.33974043479298804,9,38.0
2970.0,10,24.0,0.3870967741935484,8.119344715498828,3,8.0,0.6254938636880548,3,23.0,0.5609224619689489,4,29.0,0.42074855947261286,10,60.0
2975.0,16,90.0,1.4754098360655739,7.324753517253314,2,18.0,0.5965088509584958,6,51.0,0.39472134360250294,8,57.0,0.20943721806714174,16,126.0
2980.0,12,43.0,0.7166666666666667,5.518171021756067,1,6.0,0.4715714141175213,6,57.0,0.1902172277912439,5,69.0,0.2630314644063214,12,132.0
2985.0,6,22.0,0.4074074074074074,7.854819760047925,5,20.0,0.45707601991524643,0,21.0,0.5664223934669914,1,49.0,0.5308165558204274,6,90.0
2990.0,3,5.0,0.08771929824561403,8.06176172884354,2,28.0,0.4333177429810837,0,6.0,0.567756764553498,1,20.0,0.5320399878643577,3,54.0
2995.0,6,21.0,0.35,9.08937674397003,3,18.0,0.5856426235504194,2,12.0,0.7054381371619054,1,22.0,0.6080598155379964,6,52.0
3000.0,8,56.0,0.9333333333333333,8.544976068975938,2,21.0,0.6191003447596075,2,20.0,0.6171873826210307,4,37.0,0.4347008833228287,8,78.0
3005.0,9,49.0,0.7777777777777778,6.906118516560127,1,1.0,0.5829210988966705,4,39.0,0.5699085614395186,4,39.0,0.2583946595122616,9,79.0
3010.0,11,74.0,1.15625,7.951487931287176,4,13.0,0.669076197732392,4,59.0,0.5519397337337079,3,29.0,0.3565700190544496,11,101.0
3015.0,10,87.0,1.3181818181818181,7.647865546345418,2,17.0,0.4677709790304818,6,83.0,0.4391634292751639,2,21.0,0.43853618670082367,10,121.0
3020.0,3,20.0,0.32786885245901637,8.68475946462713,1,10.0,0.4605982725921678,0,49.0,0.6457815873346501,2,19.0,0.566187246573301,3,78.0
3025.0,12,42.0,0.6363636363636364,8.06336876279576,3,12.0,0.37209909495510046,3,7.0,0.48697575613943206,6,27.0,0.4610048425572522,12,46.0
3030.0,6,26.0,0.41935483870967744,8.224485068377568,3,23.0,0.49484669091072625,1,5.0,0.5224017416030485,2,12.0,0.4213339395430789,6,40.0
3035.0,11,62.0,1.1071428571428572,7.480451918736966,3,40.0,0.5118330610016457,0,2.0,0.5153809274524966,8,28.0,0.24626736279216585,11,70.0
3040.0,7,20.0,0.3508771929824561,7.4504222084404885,0,17.0,0.6009643864042995,2,7.0,0.48574809966018384,5,40.0,0.34006763214516694,7,64.0
3045.0,4,23.0,0.45098039215686275,9.441129140176974,2,8.0,0.7056507682826993,2,19.0,0.6211629242908935,0,18.0,0.6119579481740429,4,45.0
3050.0,6,32.0,0.5925925925925926,8.09672041980127,1,10.0,0.4981754742605822,4,32.0,0.3532399537876671,1,2.0,0.6179015192791922,6,44.0
3055.0,4,19.0,0.3392857142857143,9.182901722857691,2,12.0,0.5009391808007233,0,13.0,0.7587021306642323,2,7.0,0.6700921924138764,4,32.0
3060.0,6,40.0,0.6779661016949152,9.283260241171213,3,22.0,0.57920731782266,1,5.0,0.6653202134461622,2,17.0,0.5286427794267141,6,44.0
3065.0,4,35.0,0.5833333333333334,9.20766785999812,0,0.0,0.5841436777013379,0,4.0,0.7441231743255099,4,35.0,0.5039583975754011,4,39.0
3070.0,3,8.0,0.14545454545454545,9.058814714720183,2,8.0,0.6422342614313838,0,0.0,0.6906267201379998,1,16.0,0.5304103839395122,3,24.0
3075.0,6,23.0,0.4107142857142857,8.511457781201903,1,12.0,0.6061127870336838,1,2.0,0.5561382575622499,4,18.0,0.47566635125889295,6,32.0
3080.0,2,8.0,0.16326530612244897,8.64457754166764,0,6.0,0.6185353860838102,1,9.0,0.7019130737905327,1,21.0,0.5598750536307531,2,36.0
3085.0,10,17.0,0.34,7.347571827737049,3,0.0,0.5634118853385719,5,21.0,0.4757281487642768,2,1.0,0.3142089964013428,10,22.0
3090.0,3,11.0,0.21153846153846154,9.071875558509204,1,2.0,0.5108123072648971,0,11.0,0.754609362609169,2,9.0,0.45188964517502656,3,22.0
3095.0,8,45.0,0.8181818181818182,9.522244426392078,5,23.0,0.4633879403576701,1,7.0,0.698058762567765,2,19.0,0.38188278630072087,8,49.0
3100.0,2,2.0,0.038461538461538464,7.917085235208329,1,26.0,0.39113658349763775,0,2.0,0.4785393465150896,1,3.0,0.5262965965076338,2,31.0
3105.0,0,0.0,0.0,9.751044908168046,0,2.0,0.6781810317660266,0,2.0,0.6303902558857681,0,2.0,0.7114168345579035,0,6.0
3110.0,4,2.0,0.04,9.221411136050422,2,1.0,0.6023711772674278,0,2.0,0.7348360108680183,2,3.0,0.554033458663597,4,6.0
3115.0,4,22.0,0.4230769230769231,10.116646005627405,2,11.0,0.7300781011189474,0,3.0,0.752319973841308,2,13.0,0.6513139973848535,4,27.0
3120.0,6,52.0,1.0,9.452909182977438,2,21.0,0.6364748563633519,2,11.0,0.6495889871412295,2,21.0,0.6705788655208961,6,53.0
3125.0,10,66.0,1.11864406779661,8.385518629114388,1,6.0,0.48181886043918365,4,29.0,0.6003918014464966,5,36.0,0.5877071210632713,10,71.0
3130.0,7,21.0,0.3442622950819672,8.006412411465918,5,18.0,0.35229213861470815,1,17.0,0.5666820355502433,1,12.0,0.6084731886422385,7,47.0
3135.0,12,40.0,0.6153846153846154,7.682695594316845,3,32.0,0.37114614203851043,4,13.0,0.23553081623692668,5,16.0,0.41819204419095085,12,61.0
3140.0,4,6.0,0.11538461538461539,7.417385046376381,1,12.0,0.5624964336206845,1,18.0,0.517738582780288,2,20.0,0.3305323437618155,4,50.0
3145.0,8,1.0,0.018518518518518517,7.549283989038501,2,2.0,0.5047221000809239,2,6.0,0.587125718952792,4,10.0,0.33086814364492106,8,18.0
3150.0,6,16.0,0.2807017543859649,8.831347504202895,2,11.0,0.6754130826124624,1,8.0,0.7604809440251115,3,14.0,0.4222193148233004,6,33.0
3155.0,11,59.0,1.0,8.389891402410946,2,21.0,0.5992508856748616,2,15.0,0.5804040502546283,7,40.0,0.343093018798861,11,76.0
3160.0,11,59.0,1.0535714285714286,6.567985522647297,4,38.0,0.47285074203532995,2,14.0,0.37321385023905607,5,52.0,0.2608905414590737,11,104.0
3165.0,1,0.0,0.0,7.877209739474945,1,15.0,0.5555108692900492,0,10.0,0.512575013874151,0,27.0,0.4959835746531241,1,52.0
3170.0,3,9.0,0.15,8.76130969409098,3,9.0,0.40874985957207444,0,4.0,0.4598260566946934,0,4.0,0.6560051401304569,3,17.0
3175.0,6,17.0,0.2982456140350877,10.152121371350319,1,14.0,0.6417542408701012,2,8.0,0.7046081820660435,3,8.0,0.6846163670968166,6,30.0
3180.0,5,35.0,0.660377358490566,9.456132533663094,0,3.0,0.6707616694913413,2,20.0,0.6005330937716132,3,17.0,0.6334574708305886,5,40.0
3185.0,11,82.0,1.3666666666666667,9.118682397707778,3,8.0,0.5969913928250624,4,40.0,0.6454408143793248,4,36.0,0.5559250411813315,11,84.0
3190.0,3,20.0,0.3389830508474576,8.825785631447108,2,18.0,0.6833347046852533,1,20.0,0.6317997336185827,0,16.0,0.5140189920830005,3,54.0
3195.0,13,60.0,0.9090909090909091,7.240292037303461,4,33.0,0.492659131057133,5,19.0,0.306485858129334,4,10.0,0.256366923558003,13,62.0
3200.0,8,26.0,0.40625,7.2679719807201,1,12.0,0.5879355627277921,4,34.0,0.2370879967891306,3,25.0,0.39823498219939996,8,71.0
3205.0,11,12.0,0.2033898305084746,7.404305386447615,6,14.0,0.42638270259985017,2,28.0,0.3455253781492975,3,15.0,0.4382612205872518,11,57.0
3210.0,5,20.0,0.3508771929824561,10.013509228642958,1,16.0,0.6532849566446459,2,19.0,0.6538838113630485,2,11.0,0.6503030132311257,5,46.0
3215.0,4,38.0,0.7169811320754716,9.939611226100304,0,4.0,0.6905891896993791,2,23.0,0.6556461201008409,2,21.0,0.6898516576348676,4,48.0
3220.0,10,80.0,1.3333333333333333,9.254609855837275,2,5.0,0.6111539876526502,4,38.0,0.6197276268884334,4,39.0,0.5785845543565166,10,82.0
3225.0,4,16.0,0.2711864406779661,9.310278033701215,3,15.0,0.6993603129534356,0,15.0,0.6842525212837548,1,17.0,0.4589793804908913,4,47.0
3230.0,14,60.0,0.9090909090909091,7.7057406635851695,4,28.0,0.5111781115581969,3,13.0,0.4317136243938675,7,21.0,0.15272580186180365,14,62.0
3235.0,4,11.0,0.19642857142857142,7.142334365663609,1,11.0,0.46702732878066355,1,13.0,0.3280055213096197,2,29.0,0.421488605816168,4,53.0
3240.0,7,26.0,0.5306122448979592,7.711917792814846,7,28.0,0.3871835263666933,0,5.0,0.39638748823478304,0,9.0,0.569511439704604,7,42.0
3245.0,9,28.0,0.5490196078431373,8.13676015733795,4,40.0,0.38185221718419377,2,9.0,0.5681995230784223,3,12.0,0.5784108896975462,9,61.0
3250.0,4,37.0,0.74,9.649273564308611,0,15.0,0.5505198624512858,2,21.0,0.7192558355505062,2,22.0,0.6664265409899894,4,58.0
3255.0,10,69.0,1.2105263157894737,9.065257226679547,2,3.0,0.6039489330969221,4,34.0,0.5917524691699918,4,35.0,0.5669220180327128,10,72.0
3260.0,2,2.0,0.03508771929824561,9.353827956579346,1,1.0,0.6870735534881143,1,14.0,0.7060229592871269,0,11.0,0.5701317941966796,2,26.0
3265.0,15,40.0,0.6451612903225806,7.465525411186914,5,16.0,0.44459796216452513,4,13.0,0.3427482266705883,6,13.0,0.2138832662589761,15,42.0
3270.0,3,8.0,0.15384615384615385,6.198955353576948,0,15.0,0.37819989999467124,0,13.0,0.19906968527702035,3,22.0,0.3560517557411403,3,50.0
3275.0,2,0.0,0.0,8.81160289209801,1,2.0,0.5334745203807078,0,4.0,0.737602323265168,1,13.0,0.5635034860017875,2,19.0
3280.0,6,14.0,0.25925925925925924,10.147516083546272,2,6.0,0.6071190033575442,2,8.0,0.7619290851891142,2,8.0,0.6535159539472478,6,22.0
3285.0,6,44.0,0.7586206896551724,10.688710563101218,2,16.0,0.7009957732695782,2,14.0,0.7942174188025249,2,18.0,0.7356023975761043,6,48.0
3290.0,13,82.0,1.3442622950819672,8.792961100151873,5,26.0,0.5370861501856319,4,27.0,0.5430340488226598,4,29.0,0.6107713359075339,13,82.0
3295.0,5,6.0,0.10344827586206896,8.122661826709294,2,10.0,0.6450588051585893,2,13.0,0.4512372949176268,1,9.0,0.5348409487777149,5,32.0
3300.0,12,54.0,0.9310344827586207,7.686512689822921,3,13.0,0.36003153020226203,6,28.0,0.3665714783381029,3,13.0,0.2117873368589028,12,54.0
3305.0,7,13.0,0.23636363636363636,6.496079392683721,3,15.0,0.32371986107891393,0,28.0,0.26902258240187843,4,24.0,0.33881176225831805,7,67.0
3310.0,0,0.0,0.0,9.446462815033003,0,5.0,0.6200354423038055,0,4.0,0.7865869098589502,0,14.0,0.6481261377139939,0,23.0
3315.0,6,8.0,0.14545454545454545,9.598492978363211,1,2.0,0.6370573592068279,2,6.0,0.6840503074021324,3,8.0,0.6030404572824146,6,16.0
3320.0,7,37.0,0.6607142857142857,10.76726330773794,3,9.0,0.6889104124847352,2,14.0,0.7570570314066407,2,18.0,0.7524570570592951,7,41.0
3325.0,11,25.0,0.43103448275862066,8.072032068886724,3,1.0,0.5101326440435461,6,24.0,0.48960572419119075,2,0.0,0.5465361150001492,11,25.0
3330.0,11,33.0,0.6,6.745752563964648,4,16.0,0.39814144774940136,2,11.0,0.3003041565313317,5,14.0,0.39675616330895774,11,41.0
3335.0,13,40.0,0.7843137254901961,5.913728137939428,2,21.0,0.41721737246795537,8,32.0,0.10665724471469745,3,23.0,0.2921523567353523,13,76.0
3340.0,7,20.0,0.39215686274509803,7.275829179408811,2,5.0,0.45868590736194026,3,48.0,0.4562690173435004,2,10.0,0.4774387050634601,7,63.0
3345.0,7,24.0,0.4528301886792453,9.240474420150438,3,15.0,0.6543741572561521,0,18.0,0.7885303093070716,4,19.0,0.5065063344665444,7,52.0
3350.0,12,65.0,1.0483870967741935,8.449525386940023,4,28.0,0.5140694544077337,1,3.0,0.7216573199288518,7,46.0,0.4246884897209364,12,77.0
3355.0,5,13.0,0.22033898305084745,8.5579088747849,1,11.0,0.658235617704778,2,7.0,0.6959687156028431,2,43.0,0.5019309915508234,5,61.0
3360.0,4,8.0,0.14035087719298245,7.386187146833484,2,9.0,0.46874391656890213,1,3.0,0.5176356045073773,1,11.0,0.43659485682940835,4,23.0
3365.0,8,22.0,0.3492063492063492,7.8183790104329125,3,13.0,0.4078399092524806,3,14.0,0.49914520404095714,2,9.0,0.5315766165804447,8,36.0
3370.0,4,26.0,0.43333333333333335,8.875403060647546,0,4.0,0.49696462824692517,2,26.0,0.6949623721359491,2,17.0,0.5484589180170661,4,47.0
3375.0,8,42.0,0.6461538461538462,9.161017344802572,2,4.0,0.5644931819611844,2,18.0,0.6647788898262817,4,34.0,0.5299567634757203,8,56.0
3380.0,3,17.0,0.26153846153846155,9.829468332123932,1,1.0,0.6545733095168533,2,16.0,0.743081308557112,0,13.0,0.664549466938039,3,30.0
3385.0,15,54.0,0.7941176470588235,8.480946947841437,7,20.0,0.4826168581818166,4,26.0,0.43332569117852526,4,10.0,0.5834721273753672,15,56.0
3390.0,7,22.0,0.3492063492063492,7.148583123520498,3,28.0,0.4680151096071254,2,9.0,0.32498602285831846,2,16.0,0.4917069616892876,7,53.0
3395.0,6,19.0,0.3392857142857143,7.944031804755295,1,18.0,0.36899456016128174,5,23.0,0.45890795950707425,0,7.0,0.667945152380272,6,48.0
3400.0,6,7.0,0.11666666666666667,8.829855571730281,2,5.0,0.4611854503988617,1,24.0,0.6521769099128585,3,4.0,0.5327500457340851,6,33.0
3405.0,2,13.0,0.21311475409836064,10.147248709215653,2,15.0,0.6623368976227415,0,4.0,0.7695622677321783,0,2.0,0.5893643743650471,2,21.0
3410.0,8,40.0,0.6451612903225806,9.535361088538926,4,28.0,0.5258911829917478,0,0.0,0.7333192718774678,4,16.0,0.4959856341471293,8,44.0
3415.0,2,6.0,0.10526315789473684,9.643148523588398,0,11.0,0.6992803014353022,1,2.0,0.7007339762462244,1,18.0,0.6176696126832941,2,31.0
3420.0,4,18.0,0.33962264150943394,8.205161850817632,2,8.0,0.47695416955931413,2,14.0,0.47173110159830234,0,4.0,0.5604755092809611,4,26.0
3425.0,6,10.0,0.1694915254237288,7.762672843691857,3,12.0,0.41529329245401897,0,6.0,0.449208840587316,3,8.0,0.6086997855709739,6,26.0
3430.0,5,27.0,0.47368421052631576,9.383759278443476,0,2.0,0.5308587873302539,3,13.0,0.6338592205285387,2,18.0,0.584368661000378,5,33.0
3435.0,7,37.0,0.6166666666666667,8.810743684655415,2,4.0,0.4715032281618792,0,15.0,0.6695279727689245,5,33.0,0.4457234216767753,7,52.0
3440.0,6,67.0,1.1754385964912282,10.086022165808542,2,14.0,0.6693615631588944,0,2.0,0.7803363971291642,4,55.0,0.5703297637842459,6,71.0
3445.0,11,27.0,0.42857142857142855,7.993800053120287,7,27.0,0.44428187313121087,2,0.0,0.6458535137837764,2,25.0,0.4854961080147166,11,52.0
3450.0,4,11.0,0.1864406779661017,9.121992330734802,0,9.0,0.5801471130226781,2,6.0,0.6258636432365532,2,7.0,0.6846321926887591,4,22.0
3455.0,7,23.0,0.4339622641509434,8.132258973053183,4,7.0,0.5489421608867817,2,16.0,0.362104280327554,1,6.0,0.5673803200721153,7,29.0
3460.0,9,45.0,0.8823529411764706,7.5787438846504696,3,16.0,0.4908247895807407,4,37.0,0.4264227435186161,2,4.0,0.6023350674257817,9,57.0
3465.0,2,14.0,0.25925925925925924,9.150308010998641,0,7.0,0.6244688490109972,0,19.0,0.7028366286044262,2,14.0,0.6426075873071103,2,40.0
3470.0,2,1.0,0.016129032258064516,8.626953511835252,1,0.0,0.5392223611553428,0,4.0,0.7011131705430613,1,1.0,0.445615789795916,2,5.0
3475.0,8,17.0,0.2833333333333333,9.274803278850651,3,6.0,0.5999993946561765,0,2.0,0.7741342499636364,5,11.0,0.49331796882651907,8,19.0
3480.0,5,6.0,0.1111111111111111,7.841479247558777,3,4.0,0.5336351642626906,0,0.0,0.743098576548635,2,14.0,0.40804044316769256,5,18.0
3485.0,10,33.0,0.5789473684210527,8.367180379512748,5,23.0,0.5270057344011012,2,7.0,0.6242252541787683,3,9.0,0.5697051566643174,10,39.0
3490.0,5,22.0,0.4074074074074074,8.300492949386207,1,24.0,0.4772992057692,2,17.0,0.5666752510901683,2,7.0,0.6753081723655363,5,48.0
3495.0,8,47.0,0.8103448275862069,7.702930991018725,2,9.0,0.402058314198437,4,32.0,0.4854906430821788,2,17.0,0.5289470930464236,8,58.0
3500.0,5,15.0,0.26785714285714285,8.024756569375116,3,14.0,0.5497758751617294,1,14.0,0.6277600953165344,1,6.0,0.4778457855367568,5,34.0
3505.0,9,8.0,0.12903225806451613,6.993387025172206,2,1.0,0.3439581503535915,4,12.0,0.5519319494021543,3,1.0,0.32945320933575273,9,14.0
3510.0,7,28.0,0.4827586206896552,8.804510663472511,5,19.0,0.3755644232975039,0,11.0,0.703000205142856,2,10.0,0.561580882861794,7,40.0
3515.0,3,10.0,0.19230769230769232,7.978435902905049,2,33.0,0.3796688190281063,0,2.0,0.7107179095220849,1,1.0,0.6144182244199097,3,36.0
3520.0,9,28.0,0.4827586206896552,8.031613115696082,2,19.0,0.49217002734923543,2,9.0,0.6344953407874939,5,16.0,0.52923807974381,9,44.0
3525.0,6,33.0,0.5892857142857143,8.677183190745318,3,18.0,0.6875819251344149,2,19.0,0.6917699579311043,1,20.0,0.5307072805927671,6,57.0
3530.0,9,59.0,0.9516129032258065,7.445733604665485,4,30.0,0.5769626454813142,4,33.0,0.5726190346869219,1,1.0,0.40288003815082657,9,64.0
3535.0,4,13.0,0.2,8.91159500451593,1,13.0,0.5860434752993168,1,13.0,0.6777696136570335,2,10.0,0.6443136764461912,4,36.0
3540.0,11,50.0,0.7692307692307693,8.275416678030926,6,19.0,0.289319633552056,3,15.0,0.5519233360793292,2,20.0,0.49850306469994343,11,54.0
3545.0,13,63.0,1.0327868852459017,7.195157274409427,5,36.0,0.36731975753256846,4,23.0,0.4291583681696206,4,38.0,0.4366450248295594,13,97.0
3550.0,1,0.0,0.0,8.28945088226407,1,15.0,0.50811361297816,0,16.0,0.6402149997688019,0,16.0,0.6519955277752348,1,47.0
3555.0,5,10.0,0.16129032258064516,9.135382852006469,2,5.0,0.5529631675174033,1,10.0,0.7023418516845326,2,5.0,0.5618148860848459,5,20.0
3560.0,5,23.0,0.39655172413793105,9.87502407211595,3,15.0,0.7299153825561137,2,10.0,0.7232320661020248,0,7.0,0.707364605942688,5,32.0
3565.0,12,47.0,0.7580645161290323,8.16363211461417,6,29.0,0.566228491345992,4,20.0,0.5408292222393717,2,0.0,0.5936793768009013,12,49.0
3570.0,5,14.0,0.22580645161290322,8.300826914392635,2,15.0,0.4957226736446181,0,7.0,0.6541681155844008,3,9.0,0.6551045988487261,5,31.0
3575.0,14,60.0,0.9375,7.68355346147737,8,30.0,0.23128717138888896,4,13.0,0.4632815506783284,2,19.0,0.5966377717924581,14,62.0
3580.0,14,70.0,1.0606060606060606,7.238088556931568,6,48.0,0.30591638890499334,4,25.0,0.4452860087868785,4,36.0,0.49748356005516575,14,109.0
3585.0,5,56.0,0.9655172413793104,8.937875724536315,1,22.0,0.5479551497196149,0,21.0,0.747009729314029,4,58.0,0.582201072783441,5,101.0
3590.0,0,0.0,0.0,8.78867415610725,0,3.0,0.6149186615903778,0,6.0,0.6861233393864791,0,27.0,0.48609427806870703,0,36.0
3595.0,6,23.0,0.36507936507936506,10.328501384607709,2,7.0,0.7649313371038078,2,11.0,0.7570156174805428,2,9.0,0.656601971188784,6,27.0
3600.0,5,37.0,0.6271186440677966,8.848138106249182,2,17.0,0.5846311314170766,3,20.0,0.6126497230787721,0,9.0,0.5975300078969148,5,46.0
