step,system_total_stopped,system_total_waiting_time,system_mean_waiting_time,system_mean_speed,A0_stopped,A0_accumulated_waiting_time,A0_average_speed,B0_stopped,B0_accumulated_waiting_time,B0_average_speed,C0_stopped,C0_accumulated_waiting_time,C0_average_speed,agents_total_stopped,agents_total_accumulated_waiting_time
0.0,0,0.0,0.0,0.0,0,0.0,1.0,0,0.0,1.0,0,0.0,1.0,0,0.0
5.0,0,0.0,0.0,7.488220324297436,0,0.0,0.4547675035880331,0,0.0,0.5710808081343959,0,0.0,0.5845999460101522,0,0.0
10.0,1,0.0,0.0,10.892603896238178,1,0.0,0.6592524182679166,0,0.0,0.9288299632474573,0,0.0,0.8177863206469922,1,0.0
15.0,1,1.0,0.05,9.099696027931937,0,0.0,0.6356806886652995,0,0.0,0.2771607703190295,1,1.0,0.4409710683173769,1,1.0
20.0,1,6.0,0.3333333333333333,10.620946687862228,0,0.0,0.7688936925126142,0,0.0,0.8992571365193583,1,6.0,0.6265416691206024,1,6.0
25.0,15,17.0,0.6296296296296297,5.479899992647443,5,2.0,0.39325218724583266,4,2.0,0.39022977478372073,6,13.0,0.2465073738254231,15,17.0
30.0,4,29.0,1.0357142857142858,8.777395761358132,1,1.0,0.6497802345927826,0,0.0,0.8478406100925022,3,28.0,0.48215489708173975,4,29.0
35.0,6,52.0,1.6774193548387097,8.756321152976685,2,8.0,0.44358053319088964,1,1.0,0.7646608661798405,3,43.0,0.3874905915831254,6,52.0
40.0,3,11.0,0.3055555555555556,6.399123093024413,1,11.0,0.41017841017083234,2,8.0,0.3044945735307991,0,17.0,0.40256129821755204,3,36.0
45.0,8,31.0,0.8857142857142857,7.904192691500649,1,0.0,0.5328167862197085,5,28.0,0.43568346738220604,2,5.0,0.5825713148694582,8,33.0
50.0,4,5.0,0.1282051282051282,6.032044747593994,1,1.0,0.4183848904716541,0,23.0,0.42631114200580456,3,8.0,0.2901601257567176,4,32.0
55.0,6,24.0,0.5853658536585366,8.642578233977,1,4.0,0.5894259232610806,2,12.0,0.7129274410259548,3,16.0,0.5512011778819379,6,32.0
60.0,9,57.0,1.3255813953488371,8.17734101171089,5,17.0,0.4343096414718242,2,20.0,0.5376907661005303,2,26.0,0.6301064067877579,9,63.0
65.0,8,17.0,0.3469387755102041,6.947783226212694,6,29.0,0.33996443714558433,1,9.0,0.5093485411238009,1,5.0,0.6183922111740368,8,43.0
70.0,8,24.0,0.48,7.631663240283992,1,28.0,0.4210775273180446,4,15.0,0.38631413474747894,3,12.0,0.48190403045184327,8,55.0
75.0,15,71.0,1.392156862745098,6.267115267626809,1,12.0,0.3564926866110568,7,42.0,0.36521258665367057,7,35.0,0.17929599853878905,15,89.0
80.0,6,20.0,0.4166666666666667,5.753574246954855,2,13.0,0.43636483247936775,1,42.0,0.435314902407229,3,41.0,0.26652147956482486,6,96.0
85.0,11,12.0,0.21818181818181817,7.0322626230167415,6,26.0,0.34006426552129665,2,10.0,0.5173144635726078,3,18.0,0.490150082248052,11,54.0
90.0,10,46.0,0.8518518518518519,7.165139307590914,7,54.0,0.33008750432395256,2,11.0,0.5639574030273181,1,21.0,0.570199359223249,10,86.0
95.0,18,88.0,1.6296296296296295,6.081346622467193,8,74.0,0.31858134371128455,5,31.0,0.39770828333679625,5,41.0,0.4562116458322675,18,146.0
100.0,18,94.0,1.6785714285714286,4.326886816551037,7,78.0,0.2032645565990425,8,68.0,0.20970171759775896,3,41.0,0.23023485203804997,18,187.0
105.0,12,63.0,1.105263157894737,6.648953404807006,6,78.0,0.27116343483344485,4,71.0,0.5233410204293669,2,18.0,0.4630282456763629,12,167.0
110.0,7,22.0,0.3384615384615385,6.969947837682233,4,80.0,0.31364125276366633,2,35.0,0.5408583156784333,1,14.0,0.4841195950055556,7,129.0
115.0,8,31.0,0.47692307692307695,8.355890311355532,3,94.0,0.4039513020785978,2,13.0,0.6129785993669035,3,10.0,0.6495749874787847,8,117.0
120.0,10,56.0,0.9333333333333333,6.825913923104666,6,118.0,0.3219722448602363,2,4.0,0.23748964264837508,2,17.0,0.5827324166064839,10,139.0
125.0,13,63.0,0.9692307692307692,5.351802412245374,7,127.0,0.2561315684833049,6,29.0,0.11040317313698242,0,6.0,0.4196550746325309,13,162.0
130.0,14,85.0,1.4655172413793103,6.112846816766829,6,113.0,0.23582451308148486,8,71.0,0.4347644235783259,0,0.0,0.5574340811327521,14,184.0
135.0,10,43.0,0.671875,6.795066857599016,6,92.0,0.16220097328141214,2,71.0,0.5523436826057747,2,5.0,0.4377572378270903,10,168.0
140.0,5,8.0,0.125,8.146926756783934,4,105.0,0.2943187341678157,0,23.0,0.7345970253968107,1,4.0,0.7531000216362258,5,132.0
145.0,15,29.0,0.4264705882352941,6.373979801922806,7,129.0,0.2335885028043182,4,27.0,0.22111934349812212,4,10.0,0.5476952530892676,15,166.0
150.0,12,47.0,0.7966101694915254,5.5239252268563845,4,132.0,0.2567286722399313,8,56.0,0.10705799148204674,0,2.0,0.6669947072718916,12,190.0
155.0,8,34.0,0.6415094339622641,5.715928633692529,2,105.0,0.23611890671966612,6,74.0,0.337101040018183,0,0.0,0.6299426662497444,8,179.0
160.0,7,20.0,0.32786885245901637,7.0075775498241075,2,67.0,0.28591851254299955,3,53.0,0.5156576500105795,2,7.0,0.608433275060626,7,127.0
165.0,4,17.0,0.27419354838709675,7.6269329804413,2,57.0,0.3738941647792506,2,42.0,0.5376149211583775,0,2.0,0.8349445682560577,4,101.0
170.0,8,33.0,0.4925373134328358,6.041651476858376,0,37.0,0.3458544371528879,7,69.0,0.24591065991194985,1,5.0,0.48486394809609384,8,111.0
175.0,9,25.0,0.3968253968253968,5.442039647055342,2,42.0,0.29806563822165627,6,75.0,0.20533030410925734,1,2.0,0.5132622356545874,9,119.0
180.0,10,36.0,0.631578947368421,5.821210516851235,8,71.0,0.26372152112413594,2,43.0,0.31294777166008597,0,2.0,0.6430719873966011,10,116.0
185.0,9,39.0,0.609375,6.880115726804229,5,83.0,0.32271042320109933,2,22.0,0.45041867693570337,2,12.0,0.6822657681052888,9,117.0
190.0,7,26.0,0.4,7.876618105742306,5,64.0,0.3535191325569049,2,23.0,0.6520750441479755,0,2.0,0.7691298668616755,7,89.0
195.0,9,21.0,0.29577464788732394,6.480028596334167,6,59.0,0.28251292129043226,0,9.0,0.43223222934167227,3,7.0,0.5122618291259724,9,75.0
200.0,14,63.0,0.9130434782608695,6.090615682548255,3,58.0,0.3378089406808648,6,27.0,0.40199990007615705,5,30.0,0.33957288606687697,14,115.0
205.0,25,128.0,1.8028169014084507,4.2993644855885735,3,37.0,0.20103984952644585,9,65.0,0.23954820977737767,13,71.0,0.13482262514493193,25,173.0
210.0,17,96.0,1.4545454545454546,4.622582718164595,6,61.0,0.25568420102896494,5,75.0,0.2315182317948143,6,84.0,0.2510248006788942,17,220.0
215.0,12,73.0,1.1967213114754098,5.761996690456097,9,102.0,0.28365173156804496,2,45.0,0.3695796947818806,1,51.0,0.5019660305299246,12,198.0
220.0,11,44.0,0.6285714285714286,6.4515486333022105,7,114.0,0.271593761183868,2,42.0,0.40980268599997655,2,35.0,0.6051909557416579,11,191.0
225.0,11,44.0,0.6376811594202898,6.842558945239016,4,87.0,0.3140142820510678,5,61.0,0.46862669524358774,2,33.0,0.5455936753693768,11,181.0
230.0,15,47.0,0.6351351351351351,4.938536970917196,5,68.0,0.18309734296002161,5,51.0,0.2667348061047307,5,52.0,0.17963204978439196,15,171.0
235.0,12,44.0,0.6285714285714286,6.07233332747162,4,76.0,0.36202436513089215,3,45.0,0.34209831855572753,5,57.0,0.41984038306428945,12,178.0
240.0,6,29.0,0.4461538461538462,6.375063050709014,5,76.0,0.4112224601648788,1,30.0,0.37360896636469987,0,25.0,0.5170923571476301,6,131.0
245.0,8,25.0,0.3424657534246575,6.8757085402519715,1,58.0,0.46747229855871864,5,49.0,0.28103091783024814,2,12.0,0.5971538243083515,8,119.0
250.0,7,18.0,0.2571428571428571,6.370325703628818,3,62.0,0.33006599482672566,3,50.0,0.2745877355879216,1,9.0,0.5959592819904037,7,121.0
255.0,9,26.0,0.37142857142857144,5.594193425681865,3,69.0,0.3254985558976734,3,32.0,0.22227278860007452,3,23.0,0.3427414508542436,9,124.0
260.0,4,20.0,0.3076923076923077,6.781255319041246,0,50.0,0.42687207233985053,2,29.0,0.37821508820782185,2,22.0,0.5797963688464377,4,101.0
265.0,12,11.0,0.1506849315068493,5.470382161810532,6,59.0,0.34007018717182264,3,19.0,0.2759851606219515,3,9.0,0.40904552306980335,12,87.0
270.0,13,53.0,0.7162162162162162,6.1197858709304835,8,87.0,0.21975174208716913,4,33.0,0.3986628714764531,1,6.0,0.5373185739092726,13,126.0
275.0,20,110.0,1.5714285714285714,4.550046917506831,14,139.0,0.09101511881396436,3,39.0,0.346158020008364,3,15.0,0.33497900283226506,20,193.0
280.0,23,126.0,1.75,3.971576000603158,13,170.0,0.16553521164642715,3,38.0,0.23925422858710613,7,41.0,0.3545773514017564,23,249.0
285.0,13,88.0,1.2394366197183098,5.852368196577167,7,150.0,0.3230176671160641,2,37.0,0.3950311131743914,4,53.0,0.5031508366710034,13,240.0
290.0,11,43.0,0.5512820512820513,5.79298775610664,9,114.0,0.245955879785813,1,23.0,0.43200906616100127,1,38.0,0.3895164573003502,11,175.0
295.0,13,64.0,0.8,6.555332212722706,8,124.0,0.31019398248255264,3,34.0,0.40038135004892295,2,31.0,0.3244361631988651,13,189.0
300.0,12,46.0,0.6052631578947368,5.7465722662247005,4,116.0,0.22793156486495922,3,36.0,0.24807924518559057,5,49.0,0.23226281438417534,12,201.0
305.0,12,40.0,0.5405405405405406,5.334095112648943,5,130.0,0.27911846524459893,3,35.0,0.20907821738558136,4,53.0,0.3519903342975339,12,218.0
310.0,10,16.0,0.2191780821917808,5.769617464417495,4,129.0,0.3609084211786372,4,31.0,0.31152022969514337,2,26.0,0.5030243040745294,10,186.0
315.0,12,36.0,0.4675324675324675,6.272051467319638,4,107.0,0.23686467721020357,6,53.0,0.40926899283261836,2,17.0,0.3308826989098915,12,177.0
320.0,13,90.0,1.125,7.10591692522502,2,85.0,0.34793151733525146,9,90.0,0.31469503179938174,2,18.0,0.6205139303578537,13,193.0
325.0,26,149.0,1.8170731707317074,4.951661001102918,5,74.0,0.222415467516936,15,149.0,0.1476181060163844,6,27.0,0.3251328465616623,26,250.0
330.0,32,282.0,3.6153846153846154,5.005045994558729,6,96.0,0.24418229253368515,22,241.0,0.14945687318056203,4,46.0,0.40565901841911095,32,383.0
335.0,23,218.0,2.9863013698630136,4.181326703130116,4,96.0,0.22404704169164447,19,291.0,0.17023259667174634,0,16.0,0.42417336977919734,23,403.0
340.0,21,168.0,2.1818181818181817,4.977606998181902,5,84.0,0.2730375193192447,15,301.0,0.21384307655825016,1,3.0,0.6033222096848608,21,388.0
345.0,16,109.0,1.379746835443038,4.79500963724586,3,90.0,0.354909784019208,13,347.0,0.16620975591637205,0,2.0,0.739604010414502,16,439.0
350.0,22,119.0,1.3837209302325582,4.657654333006291,5,109.0,0.2186392883527888,15,402.0,0.2069206239910991,2,3.0,0.5070476030260019,22,514.0
355.0,22,113.0,1.3452380952380953,3.9476427570095582,9,146.0,0.1224326069091682,11,413.0,0.20938070993478192,2,3.0,0.5926265782445932,22,562.0
360.0,21,101.0,1.2317073170731707,3.6716689402363087,10,163.0,0.175048367065102,8,341.0,0.14774231671166746,3,14.0,0.6214206218561154,21,518.0
365.0,19,71.0,0.7888888888888889,4.323845897421074,9,144.0,0.24363661482864835,10,373.0,0.17842312059607968,0,13.0,0.6651859918946584,19,530.0
370.0,17,78.0,0.8297872340425532,4.885166146103786,9,137.0,0.20049259606215383,8,388.0,0.17319392636504438,0,2.0,0.8170010756780314,17,527.0
375.0,19,97.0,0.9797979797979798,4.780572155180617,5,142.0,0.11872998215299625,12,411.0,0.22112401577949767,2,2.0,0.47148012418777074,19,555.0
380.0,21,99.0,1.064516129032258,4.942372116044833,9,187.0,0.15253141147513855,11,412.0,0.20924506928626835,1,1.0,0.5484811102678132,21,600.0
385.0,30,122.0,1.3863636363636365,3.848294747811444,10,238.0,0.1759195900312239,15,371.0,0.117443088952196,5,12.0,0.44799494216192015,30,621.0
390.0,20,95.0,1.0919540229885059,4.044603568191324,7,237.0,0.24997062497656936,13,414.0,0.13605541349543565,0,3.0,0.7246281854768638,20,654.0
395.0,18,68.0,0.7640449438202247,4.8448227901192364,6,206.0,0.2691240283859152,12,444.0,0.1904041662805456,0,0.0,0.761847018541422,18,650.0
400.0,24,125.0,1.3440860215053763,4.811034631794687,7,236.0,0.13601330661762318,15,481.0,0.2199452548000066,2,6.0,0.5180727911655117,24,723.0
405.0,22,109.0,1.184782608695652,4.4163903177748285,8,253.0,0.11531012642759994,13,476.0,0.1799595923546167,1,2.0,0.6842789970348933,22,731.0
410.0,22,85.0,0.9340659340659341,4.121403548258142,5,271.0,0.1835161169229213,16,420.0,0.14513979494434764,1,9.0,0.6152421883351386,22,700.0
415.0,25,132.0,1.4505494505494505,4.851924341048765,5,293.0,0.27961935686908174,19,369.0,0.14663981437898557,1,3.0,0.6674831736637689,25,665.0
420.0,23,119.0,1.367816091954023,3.98268735691362,4,281.0,0.2286009551739564,19,439.0,0.15821869821839116,0,0.0,0.7630927241118309,23,720.0
425.0,20,80.0,0.851063829787234,4.549056576298156,4,271.0,0.22175494606157933,14,474.0,0.18507217912823762,2,7.0,0.6225949419386012,20,752.0
430.0,10,43.0,0.4574468085106383,4.443350663298593,2,232.0,0.18282554326883768,7,472.0,0.2073671781106779,1,1.0,0.5153123405793651,10,705.0
435.0,17,65.0,0.6842105263157895,4.076057482411786,2,220.0,0.20035630754138484,11,422.0,0.17667546981677934,4,18.0,0.42632762253679163,17,660.0
440.0,17,64.0,0.6597938144329897,4.235159643448325,4,235.0,0.23059777725931982,13,403.0,0.10051176122214912,0,17.0,0.6664886602876244,17,655.0
445.0,25,98.0,1.0208333333333333,4.356033459743415,9,267.0,0.1556552908188808,12,395.0,0.17336151930592794,4,3.0,0.4268760895871655,25,665.0
450.0,19,121.0,1.3296703296703296,4.902529227939504,8,260.0,0.1308955543436898,10,372.0,0.24475420859854605,1,2.0,0.49450916438762743,19,634.0
455.0,17,87.0,1.0235294117647058,5.023322495418211,5,219.0,0.19790267055268965,9,357.0,0.26392788451751104,3,13.0,0.3648162931213807,17,589.0
460.0,15,61.0,0.7093023255813954,3.983773509469467,3,215.0,0.2114798566163249,12,299.0,0.1179350252806098,0,12.0,0.48988273424465667,15,526.0
465.0,19,60.0,0.6818181818181818,4.555718762881023,6,235.0,0.25068330057617894,13,335.0,0.16383660667932634,0,2.0,0.8336625185765151,19,572.0
470.0,22,80.0,0.8695652173913043,4.442588124043006,10,273.0,0.14828014356033722,12,334.0,0.1834871080736885,0,2.0,0.5335335764776042,22,609.0
475.0,18,77.0,0.9166666666666666,3.6918110341154398,7,279.0,0.1968054310473066,8,314.0,0.1591605368464028,3,6.0,0.4705515833343877,18,599.0
480.0,22,87.0,1.0235294117647058,4.082890556394373,5,248.0,0.2650624581801079,12,288.0,0.1682978598166855,5,28.0,0.493857797579388,22,564.0
485.0,20,61.0,0.6630434782608695,3.8529984361413194,7,189.0,0.26243809980464466,13,306.0,0.1322429424199623,0,22.0,0.5107060575935468,20,517.0
490.0,17,60.0,0.6451612903225806,4.560229246118999,5,186.0,0.2766563862551228,12,316.0,0.1599977461487711,0,2.0,0.8062524650060454,17,504.0
495.0,17,84.0,0.8842105263157894,4.853252481194706,4,190.0,0.22485244523744055,12,348.0,0.21282914314322263,1,3.0,0.41670362175952597,17,541.0
500.0,27,186.0,2.043956043956044,5.292880758899984,8,223.0,0.20454619284129452,14,396.0,0.2713566346842089,5,16.0,0.3752049497359649,27,635.0
505.0,31,204.0,2.4285714285714284,3.411026918828676,13,280.0,0.1270661005165091,14,400.0,0.11497247344914113,4,18.0,0.2555100553715911,31,698.0
510.0,30,183.0,2.2048192771084336,3.8705167136113032,11,289.0,0.20735684511826985,17,318.0,0.13923607351064343,2,14.0,0.6234822778432363,30,621.0
515.0,20,120.0,1.3953488372093024,5.138562474145946,8,240.0,0.2978659975752835,11,355.0,0.24819026111367948,1,3.0,0.7466553632398474,20,598.0
520.0,23,107.0,1.1030927835051547,5.1113490327791675,9,271.0,0.19236554105577056,13,371.0,0.2135082594913711,1,8.0,0.5558212468738462,23,650.0
525.0,32,164.0,1.7634408602150538,4.534035948362203,12,328.0,0.14308135799463345,16,434.0,0.17518315696157993,4,21.0,0.41103601206370505,32,783.0
530.0,34,188.0,2.065934065934066,3.3240767730373384,14,377.0,0.06230909633767879,13,440.0,0.17156061303343162,7,49.0,0.17059424634912915,34,866.0
535.0,37,256.0,3.011764705882353,3.428212771543229,14,448.0,0.19380907884184487,13,399.0,0.11358097923094228,10,92.0,0.34489659249036836,37,939.0
540.0,30,242.0,2.880952380952381,3.3569098791698004,17,522.0,0.1645983573686135,10,396.0,0.16261487425371574,3,85.0,0.3580799711332789,30,1003.0
545.0,33,310.0,3.4444444444444446,4.572568919245508,21,613.0,0.15950444735463937,10,408.0,0.2799175468472477,2,42.0,0.48968116822780944,33,1063.0
550.0,27,294.0,3.230769230769231,4.728445366544226,19,632.0,0.11112765088211946,6,370.0,0.30929319942055755,2,19.0,0.5501352698076393,27,1021.0
555.0,31,256.0,2.723404255319149,4.476702271330781,19,616.0,0.1702506215123679,10,312.0,0.2922337839018264,2,6.0,0.3903701290991414,31,934.0
560.0,29,262.0,2.7291666666666665,5.09933839470046,16,606.0,0.26992259539616403,7,301.0,0.23740895352485233,6,28.0,0.5059715006325718,29,935.0
565.0,23,183.0,1.8673469387755102,4.172910910820661,14,542.0,0.2331440869977615,7,300.0,0.16643251218042443,2,29.0,0.34740391806698295,23,871.0
570.0,22,169.0,1.7604166666666667,5.245715299334152,8,565.0,0.2393766382656693,12,323.0,0.19722407507652454,2,11.0,0.4495249424103611,22,899.0
575.0,24,100.0,1.1235955056179776,4.9932053609314675,10,599.0,0.15022823742684857,12,326.0,0.22332505124835933,2,4.0,0.39295696096849697,24,929.0
580.0,25,113.0,1.2840909090909092,4.447988329180664,6,580.0,0.24634155190063686,13,287.0,0.15203647310388904,6,28.0,0.3745837540578717,25,895.0
585.0,22,103.0,1.2261904761904763,4.401469480494853,2,485.0,0.3658855085425786,13,339.0,0.15966400675110873,7,60.0,0.45272034587733856,22,884.0
590.0,17,59.0,0.6344086021505376,3.8594441560329122,2,443.0,0.28661598274588485,13,372.0,0.1390675395812348,2,57.0,0.22173223144292273,17,872.0
595.0,17,65.0,0.7142857142857143,4.669312971017011,5,453.0,0.23005591551781013,9,361.0,0.19844235746842065,3,21.0,0.3896159123398662,17,835.0
600.0,17,81.0,0.9101123595505618,4.896549412367376,6,436.0,0.20193460708457536,9,301.0,0.23681038772878893,2,22.0,0.5421728465004197,17,759.0
605.0,19,71.0,0.7395833333333334,4.937781022338665,2,442.0,0.27482754870012593,13,328.0,0.24001200612361617,4,42.0,0.5267593249331218,19,812.0
610.0,15,54.0,0.5567010309278351,5.396559439987102,7,464.0,0.2688660039879646,8,336.0,0.21629278831828525,0,18.0,0.7199874218465138,15,818.0
615.0,21,111.0,1.1808510638297873,4.3705944779785435,6,435.0,0.10238408877427554,14,369.0,0.1644917694381231,1,4.0,0.3063641690845135,21,808.0
620.0,22,171.0,1.9431818181818181,4.549149518641214,3,351.0,0.13752826956040473,19,452.0,0.16114487757749865,0,5.0,0.4685618997365088,22,808.0
625.0,27,166.0,1.9080459770114941,3.7055776333355666,5,269.0,0.12126169917728945,19,473.0,0.14489975700656993,3,0.0,0.3058951592991291,27,742.0
630.0,21,121.0,1.4404761904761905,4.3627416440280955,4,288.0,0.2414038101478582,17,377.0,0.1129890313650485,0,2.0,0.8993210535417216,21,667.0
635.0,21,84.0,0.9767441860465116,4.6973761647390875,6,301.0,0.27994705111067586,15,419.0,0.1598788612064447,0,2.0,0.8194781630073733,21,722.0
640.0,23,132.0,1.4831460674157304,4.8380811969922375,8,335.0,0.23665501997229346,15,463.0,0.18632266876284317,0,0.0,0.5975039379160554,23,798.0
645.0,23,163.0,1.8953488372093024,4.4318364615887695,11,383.0,0.18673634161636365,12,459.0,0.20038117070608835,0,0.0,0.7920002569961657,23,842.0
650.0,22,158.0,1.7752808988764044,4.264930258500178,14,387.0,0.15790250605263673,8,351.0,0.23757380027954694,0,2.0,0.521635639653473,22,740.0
655.0,25,133.0,1.4,4.378496490138665,12,444.0,0.20293112673932295,10,381.0,0.1814427533553038,3,11.0,0.6442801026273063,25,836.0
660.0,25,138.0,1.4081632653061225,4.36917316258578,15,513.0,0.09671592276683201,10,393.0,0.16703409585128934,0,2.0,0.7176192033846359,25,908.0
665.0,27,120.0,1.2371134020618557,3.591855452851056,13,512.0,0.07132686783245433,12,384.0,0.15543086657060107,2,6.0,0.37653007853529313,27,902.0
670.0,22,120.0,1.3636363636363635,3.8514618820283957,10,448.0,0.21214960412635855,11,336.0,0.1640797419600493,1,7.0,0.5704427478903381,22,791.0
675.0,26,149.0,1.5520833333333333,4.584061045630463,7,486.0,0.23769051152041965,17,305.0,0.1850977278522872,2,7.0,0.6237770763761242,26,798.0
680.0,23,120.0,1.2244897959183674,4.581578888940744,7,510.0,0.27164269512404166,16,344.0,0.15248201699020356,0,2.0,0.680528433019984,23,856.0
685.0,34,138.0,1.393939393939394,3.884771803635912,12,545.0,0.1023297181426285,16,359.0,0.14728436230404973,6,12.0,0.36998296159495625,34,916.0
690.0,24,147.0,1.6153846153846154,4.381026166474826,9,524.0,0.1149077411891762,15,361.0,0.17837897774785513,0,8.0,0.49025435069343454,24,893.0
695.0,23,204.0,2.4285714285714284,5.5162783358014345,6,379.0,0.1569624075388909,17,398.0,0.3092139392584207,0,0.0,0.6141361773330761,23,777.0
700.0,26,184.0,2.13953488372093,4.614088711939327,8,412.0,0.1301026124449867,16,410.0,0.20775197617040703,2,4.0,0.44870112805587675,26,826.0
705.0,28,143.0,1.7023809523809523,4.537481571913921,10,459.0,0.22043536078090784,15,361.0,0.15928497872473413,3,16.0,0.6117398334591756,28,836.0
710.0,26,177.0,2.0113636363636362,4.53111998994047,13,519.0,0.18669078453843,13,302.0,0.2223826682887363,0,3.0,0.5732448919848581,26,824.0
715.0,21,155.0,1.7415730337078652,5.535020060855665,7,507.0,0.26671413346985035,12,266.0,0.26852333038954196,2,6.0,0.702875229671699,21,779.0
720.0,18,88.0,1.0,5.178031538200385,6,413.0,0.28547617343891807,9,268.0,0.23380654553340458,3,17.0,0.5459762033762859,18,698.0
725.0,26,101.0,1.063157894736842,4.1643779051993,10,447.0,0.19227491585011092,10,219.0,0.20139610738528577,6,41.0,0.2853376473428526,26,707.0
730.0,27,133.0,1.4615384615384615,4.19543961535969,13,499.0,0.12023156055204537,10,222.0,0.18793920461902106,4,43.0,0.3048501927469035,27,764.0
735.0,27,103.0,1.1318681318681318,3.8049038972723106,15,509.0,0.0812223718123479,9,222.0,0.2433889009050662,3,25.0,0.29139756071828987,27,756.0
740.0,21,91.0,1.0459770114942528,5.433380224332373,8,453.0,0.25766808333581614,11,197.0,0.3022960275525508,2,25.0,0.6210969269325499,21,675.0
745.0,18,65.0,0.6701030927835051,5.665797642285533,5,335.0,0.23485116387161417,8,203.0,0.3377109079722886,5,29.0,0.5059775618085787,18,567.0
750.0,15,65.0,0.65,5.831073226762217,3,334.0,0.2489757208602747,8,180.0,0.25661051027187737,4,43.0,0.5586188595889379,15,557.0
755.0,24,156.0,1.6595744680851063,5.175491230461223,8,360.0,0.1084239575909269,12,201.0,0.2333151642366658,4,63.0,0.3157254983770083,24,624.0
760.0,30,254.0,2.853932584269663,5.044048108044138,9,347.0,0.13924234103064775,15,263.0,0.19553898390346644,6,90.0,0.27470909316245967,30,700.0
765.0,18,128.0,1.6,4.756581962164368,3,259.0,0.2639188712198766,15,292.0,0.15423071763684024,0,50.0,0.34123257675277724,18,601.0
770.0,15,77.0,0.927710843373494,5.128317246218214,3,267.0,0.2212621913543462,11,258.0,0.19947653431381535,1,5.0,0.5177121881535954,15,530.0
775.0,24,119.0,1.4,6.143068396860031,7,299.0,0.3063602566110012,15,191.0,0.23014076260820457,2,10.0,0.7744422794138279,24,500.0
780.0,15,60.0,0.7792207792207793,4.578396732777495,5,275.0,0.22993576134659488,8,217.0,0.19625336411354533,2,16.0,0.6532185394101756,15,508.0
785.0,12,43.0,0.5,5.129457997458103,6,204.0,0.24228336280158988,6,203.0,0.2668930353783581,0,6.0,0.466827882724246,12,413.0
790.0,16,78.0,0.9176470588235294,5.458067718359184,5,215.0,0.17294861348368976,11,218.0,0.2770874991871766,0,0.0,0.593093452647706,16,433.0
795.0,20,84.0,0.9545454545454546,5.021689932846223,9,248.0,0.09063545370766861,9,211.0,0.2842296086518516,2,5.0,0.385703795575817,20,464.0
800.0,29,162.0,1.9285714285714286,4.715397160472231,12,305.0,0.18446837842207678,15,162.0,0.2655114144072876,2,17.0,0.6199804303147709,29,484.0
805.0,24,115.0,1.3372093023255813,3.8516042400754706,12,297.0,0.15982557583339557,10,207.0,0.2422404980724177,2,2.0,0.5156991858627449,24,506.0
810.0,16,65.0,0.7303370786516854,4.990157939550514,8,213.0,0.22506800526580534,7,208.0,0.2123572889911466,1,5.0,0.5910000335651325,16,426.0
815.0,20,84.0,0.9545454545454546,4.93726870147454,7,152.0,0.23050818319329341,10,215.0,0.20599719421178186,3,17.0,0.5169488456082845,20,384.0
820.0,22,96.0,1.0434782608695652,4.555285192834797,9,155.0,0.2642037479844538,13,202.0,0.19039031160951092,0,8.0,0.46185936803979616,22,365.0
825.0,19,110.0,1.2087912087912087,4.822857885249399,7,139.0,0.3454198887274449,12,235.0,0.14507766117901544,0,2.0,0.7611221459002481,19,376.0
830.0,15,58.0,0.6105263157894737,5.223411014599433,2,117.0,0.37833047892837973,12,250.0,0.1726491913601287,1,4.0,0.570165048128213,15,371.0
835.0,18,103.0,1.1444444444444444,5.71484222679124,6,112.0,0.3181377443332859,10,251.0,0.1744063372370181,2,9.0,0.5388703566289301,18,372.0
840.0,22,162.0,1.9518072289156627,4.79576115585903,4,114.0,0.2391032817129189,18,295.0,0.18503267875182206,0,4.0,0.3714537799090861,22,413.0
845.0,24,138.0,1.725,4.5280884543342905,5,96.0,0.1888341948070884,17,311.0,0.23069847817691885,2,7.0,0.4880586387372664,24,414.0
850.0,24,111.0,1.4050632911392404,4.609022445159903,3,100.0,0.30335229163489646,19,243.0,0.16852351504621332,2,8.0,0.65569027343402,24,351.0
855.0,20,120.0,1.348314606741573,5.248675654094021,5,119.0,0.24183617575332875,13,301.0,0.20801882170315994,2,18.0,0.6154422535518321,20,438.0
860.0,17,95.0,1.0919540229885059,5.193341871250559,5,121.0,0.28721088479708895,12,322.0,0.18126587474389638,0,2.0,0.6591673823624196,17,445.0
865.0,18,34.0,0.3953488372093023,4.20908614947573,4,94.0,0.16400286221793617,10,320.0,0.21070865639295805,4,1.0,0.3367484150666187,18,415.0
870.0,14,41.0,0.47126436781609193,4.609243706243639,3,107.0,0.26239362308183084,9,270.0,0.20038605664443482,2,5.0,0.6501646752570255,14,382.0
875.0,17,65.0,0.7065217391304348,4.768813636870333,5,126.0,0.26158668721291967,9,281.0,0.16169118862154527,3,17.0,0.5598118170153933,17,424.0
880.0,14,46.0,0.5,4.39377391577235,4,120.0,0.1943494306359668,10,293.0,0.12841359080381798,0,8.0,0.5681721720349135,14,421.0
885.0,18,89.0,1.0229885057471264,5.378478500282581,4,90.0,0.2341197659293792,13,319.0,0.2091578523179906,1,0.0,0.6790643715207534,18,409.0
890.0,14,79.0,0.8977272727272727,4.611572254441166,2,50.0,0.20176157531066696,12,335.0,0.2356330446890438,0,0.0,0.2961530094276488,14,385.0
895.0,19,80.0,0.9195402298850575,4.274191580518299,3,53.0,0.2860036468783624,14,311.0,0.1712149474482581,2,10.0,0.6738480841902459,19,374.0
900.0,24,102.0,1.1333333333333333,3.13196653461787,5,68.0,0.2378451137864253,17,367.0,0.11308132829431573,2,20.0,0.5124689158620217,24,455.0
905.0,23,103.0,1.0842105263157895,3.735614003943443,5,72.0,0.2799083978320168,14,395.0,0.12733040189469827,4,36.0,0.45378028441763507,23,503.0
910.0,31,211.0,2.24468085106383,4.527543084572467,10,104.0,0.2206981455625369,17,445.0,0.18240753352385852,4,54.0,0.4452135367406287,31,603.0
915.0,26,165.0,1.7553191489361701,3.5094312293277676,11,132.0,0.1252689655584247,14,450.0,0.16403610939444624,1,26.0,0.354714313682501,26,608.0
920.0,25,132.0,1.434782608695652,4.129606990108799,8,132.0,0.2553062048207408,15,410.0,0.12721569186382486,2,14.0,0.5914041500936817,25,556.0
925.0,33,157.0,1.5858585858585859,4.155520361191942,11,171.0,0.20637769299611508,21,370.0,0.14313829063590336,1,11.0,0.5407190550483363,33,552.0
930.0,28,147.0,1.4848484848484849,4.308393946357546,8,215.0,0.2309825039386584,18,433.0,0.1717124927141175,2,8.0,0.662198741651913,28,656.0
935.0,31,122.0,1.2448979591836735,4.11120634724183,12,263.0,0.18980458695879598,17,465.0,0.17594989089517796,2,2.0,0.5802154978766404,31,730.0
940.0,24,118.0,1.18,3.900897761712468,12,296.0,0.15847082078266503,7,475.0,0.16522571230010497,5,19.0,0.2728203734303786,24,790.0
945.0,26,124.0,1.2916666666666667,3.6167296257858617,8,330.0,0.18170371558953027,11,420.0,0.1588896449784119,7,53.0,0.42957220664368906,26,803.0
950.0,29,121.0,1.174757281553398,2.8275856452870682,12,390.0,0.13208577688312825,14,442.0,0.08466642194270164,3,56.0,0.29585948719773814,29,888.0
955.0,30,109.0,1.0792079207920793,4.080370516238104,10,401.0,0.18989245416176695,17,444.0,0.16375869332508763,3,31.0,0.47743465668426704,30,876.0
960.0,22,141.0,1.46875,5.157479543155074,7,363.0,0.11799766657775555,13,438.0,0.2865837892582679,2,20.0,0.40168960182089075,22,821.0
965.0,17,99.0,1.0421052631578946,4.635778765419648,5,308.0,0.15291873723567515,12,432.0,0.21817550876614597,0,5.0,0.44058669690295993,17,745.0
970.0,19,76.0,0.8260869565217391,4.4638434708419945,1,308.0,0.30554226219310265,15,379.0,0.10536093277285548,3,14.0,0.5200669577872907,19,701.0
975.0,20,70.0,0.7608695652173914,4.7064526780975475,4,322.0,0.2776208891853183,16,402.0,0.1400597301420343,0,11.0,0.6480548684994173,20,735.0
980.0,18,61.0,0.6853932584269663,4.839290342996353,4,306.0,0.297775473578678,13,402.0,0.18418415300668364,1,2.0,0.5834424414754036,18,710.0
985.0,22,49.0,0.5444444444444444,4.10905468065942,4,284.0,0.20911112810738455,15,401.0,0.2027594765568162,3,2.0,0.45454086462437004,22,687.0
990.0,22,77.0,0.8555555555555555,4.400913666490288,5,302.0,0.254965851707497,14,339.0,0.16702763277993013,3,15.0,0.5726563886943415,22,656.0
995.0,22,87.0,0.9560439560439561,3.728357277430118,8,335.0,0.19301456425753422,14,363.0,0.1366296608607779,0,15.0,0.5800084265405084,22,713.0
1000.0,24,128.0,1.3061224489795917,4.169642341011146,10,386.0,0.15956899005383493,12,361.0,0.16485374895561933,2,8.0,0.6136913292931171,24,755.0
1005.0,23,125.0,1.3297872340425532,4.123960166236259,11,382.0,0.12761016349697638,10,361.0,0.18889824110549114,2,16.0,0.6446912553543853,23,759.0
1010.0,25,124.0,1.2653061224489797,4.142099382969936,8,338.0,0.21549998683796745,13,309.0,0.19700194962704487,4,31.0,0.391513085027089,25,678.0
1015.0,29,199.0,1.99,5.170534635945103,10,276.0,0.2900301049092501,15,288.0,0.19194608421790127,4,51.0,0.6500668493666467,29,615.0
1020.0,30,216.0,2.1386138613861387,4.382156645695678,8,286.0,0.2883596668757221,17,331.0,0.14960475910564477,5,70.0,0.4454618348425296,30,687.0
1025.0,23,134.0,1.3267326732673268,5.085668865752442,9,272.0,0.3241207445240798,14,343.0,0.20123214133198455,0,38.0,0.4974033546064034,23,653.0
1030.0,18,87.0,0.90625,4.92274326241749,4,269.0,0.24201643375972595,10,325.0,0.2146614426217222,4,8.0,0.3138715701893306,18,602.0
1035.0,27,121.0,1.2872340425531914,4.056724176780378,9,299.0,0.1825790561643982,12,321.0,0.1971779578046787,6,32.0,0.23578989544086096,27,652.0
1040.0,32,202.0,2.21978021978022,3.819363183966204,12,337.0,0.2518116512559196,13,297.0,0.13082694716248613,7,67.0,0.4463898846329286,32,701.0
1045.0,35,191.0,2.0105263157894737,3.866858807129466,10,343.0,0.2335399261998097,20,300.0,0.09437408200835869,5,64.0,0.48405462786462755,35,707.0
1050.0,30,153.0,1.577319587628866,4.215617417673602,11,292.0,0.2281276397595827,18,352.0,0.18741606161149985,1,34.0,0.5726540739828726,30,678.0
1055.0,21,101.0,1.01,5.194681623723659,8,277.0,0.24459365424351412,11,326.0,0.2300985037816635,2,15.0,0.5636549903860149,21,618.0
1060.0,21,114.0,1.0857142857142856,5.8093214840934575,10,316.0,0.1196421229012249,7,277.0,0.3273888253691387,4,31.0,0.4234839528720101,21,624.0
1065.0,25,168.0,1.8064516129032258,5.654557287927683,11,313.0,0.13737214109556392,10,282.0,0.31245090938934933,4,51.0,0.37135891476068705,25,646.0
1070.0,15,91.0,1.0459770114942528,4.076316092890504,4,266.0,0.17739619811055055,11,291.0,0.1657298258816696,0,26.0,0.2951116192441099,15,583.0
1075.0,17,94.0,1.119047619047619,5.355343114394597,2,193.0,0.33434907491022364,14,285.0,0.1467899502251745,1,6.0,0.6398277026509818,17,484.0
1080.0,18,71.0,0.8255813953488372,4.978214742711942,2,182.0,0.28454068314309916,14,295.0,0.15839988931364482,2,14.0,0.6333128992563112,18,491.0
1085.0,18,84.0,0.9882352941176471,5.459697985721493,5,201.0,0.2583931810201593,13,310.0,0.18795463141854302,0,6.0,0.6408677740735644,18,517.0
1090.0,17,91.0,1.1097560975609757,5.114169681203274,7,218.0,0.21035342486453845,10,331.0,0.20811788205333884,0,0.0,0.7641603143856583,17,549.0
1095.0,19,109.0,1.329268292682927,4.749158762483111,11,232.0,0.1961427104668548,7,291.0,0.24078265228812643,1,5.0,0.6096367553634063,19,528.0
1100.0,21,124.0,1.4252873563218391,5.543076665780375,9,269.0,0.2854658808338768,11,262.0,0.275043408962308,1,2.0,0.8197775163811823,21,533.0
1105.0,25,96.0,1.0212765957446808,4.812040311214628,13,313.0,0.18705196578149932,8,274.0,0.20683220015039425,4,4.0,0.5951686718668875,25,591.0
1110.0,16,57.0,0.6129032258064516,5.028582827780991,8,317.0,0.1806544454404377,8,261.0,0.16659784584482065,0,0.0,0.7528808709209532,16,578.0
1115.0,19,90.0,1.0465116279069768,5.383052800994847,8,282.0,0.13975497347436583,11,269.0,0.26926259690997917,0,0.0,0.714266415061118,19,551.0
1120.0,19,147.0,1.7093023255813953,5.533616632256702,3,210.0,0.139703698404301,14,322.0,0.330856921330856,2,6.0,0.4673590723376428,19,538.0
1125.0,19,225.0,2.6785714285714284,5.51006200298474,2,177.0,0.24001722643751158,17,397.0,0.20161581348235225,0,0.0,0.6976548632582932,19,574.0
1130.0,20,172.0,2.123456790123457,4.376987786026674,1,163.0,0.19894501680751828,18,419.0,0.15402302761309905,1,4.0,0.3772732505475687,20,586.0
1135.0,19,134.0,1.8108108108108107,4.826817771960826,4,180.0,0.3360013581934165,15,372.0,0.15312081134476355,0,4.0,0.6789803084215121,19,556.0
1140.0,17,116.0,1.5890410958904109,4.495554315900317,4,175.0,0.31591939548838505,13,375.0,0.24273198269853838,0,2.0,0.6269088809652594,17,552.0
1145.0,23,126.0,1.5365853658536586,4.8029456958975345,6,203.0,0.25042517688107435,15,432.0,0.26739913682113037,2,11.0,0.5944928579247741,23,646.0
1150.0,24,146.0,1.7804878048780488,4.524095557531329,8,223.0,0.16593024670403234,14,506.0,0.20289525878335085,2,21.0,0.6267763327941485,24,750.0
1155.0,26,164.0,1.9294117647058824,3.5042585121521665,11,270.0,0.07307154221466837,11,502.0,0.15555519382326177,4,35.0,0.4081664364194579,26,807.0
1160.0,24,163.0,1.9176470588235295,4.070417954755219,10,278.0,0.16807230549913782,10,447.0,0.2252796818647537,4,57.0,0.5480945269938081,24,782.0
1165.0,25,96.0,1.0434782608695652,4.817002265352813,10,229.0,0.21093594773864197,12,359.0,0.3082071206705483,3,24.0,0.47679784790763197,25,612.0
1170.0,22,113.0,1.1894736842105262,6.205800450518285,8,220.0,0.3043997075758845,13,305.0,0.28133980949451437,1,4.0,0.760465645645214,22,529.0
1175.0,21,150.0,1.5789473684210527,5.372485835160912,8,259.0,0.28684599998414423,13,311.0,0.2317636999508386,0,0.0,0.5815365393498209,21,570.0
1180.0,24,103.0,1.0842105263157895,4.546766022358381,10,260.0,0.21203319198247594,12,307.0,0.2667774592521701,2,7.0,0.47915724603633497,24,574.0
1185.0,14,40.0,0.42105263157894735,5.454853056421172,5,222.0,0.2564798872162319,7,281.0,0.2999883499143825,2,3.0,0.4638147880278358,14,506.0
1190.0,13,61.0,0.6288659793814433,5.59994537043899,1,179.0,0.22058210726108274,6,264.0,0.3321705614556888,6,23.0,0.19391740562359708,13,466.0
1195.0,16,66.0,0.7333333333333333,4.863235765767463,2,187.0,0.24534528229478472,8,264.0,0.22587311305320287,6,46.0,0.3098095565376866,16,497.0
1200.0,23,82.0,0.9425287356321839,4.487164442660755,8,214.0,0.1882124333598445,14,225.0,0.14721158007919993,1,43.0,0.4927216398198473,23,482.0
1205.0,21,80.0,0.8695652173913043,5.140772945409688,7,220.0,0.2217896226648936,12,264.0,0.23052768239073065,2,31.0,0.6427175317694679,21,515.0
1210.0,9,35.0,0.3804347826086957,6.209625501284248,3,163.0,0.24691949868980714,4,259.0,0.30764960282119835,2,21.0,0.6091248853452834,9,443.0
1215.0,15,76.0,0.8172043010752689,5.779916702434008,3,94.0,0.2276174928136856,8,243.0,0.2525073185238731,4,32.0,0.379828198556135,15,369.0
1220.0,16,109.0,1.2386363636363635,6.445054732064674,2,77.0,0.2937604652212709,14,291.0,0.26888961656737864,0,9.0,0.6019005397728227,16,377.0
1225.0,23,127.0,1.4597701149425288,4.694490750026211,6,67.0,0.19761196536359316,12,304.0,0.11525896271389093,5,5.0,0.21165398897523055,23,376.0
1230.0,20,125.0,1.5625,5.031856886116286,4,81.0,0.35599378091981243,16,271.0,0.1415838506435561,0,3.0,0.7142493986129249,20,355.0
1235.0,18,104.0,1.3866666666666667,5.2922760602653005,2,60.0,0.41227972293078324,16,240.0,0.2070431922525246,0,2.0,0.7464188591499574,18,302.0
1240.0,24,165.0,2.0121951219512195,5.708249786804007,6,64.0,0.40547082780277344,16,261.0,0.2198337581797737,2,9.0,0.6569309761120382,24,334.0
1245.0,22,147.0,1.7093023255813953,5.183334312175152,8,97.0,0.30170848562990243,12,296.0,0.2400214070119843,2,17.0,0.6609632223435167,22,410.0
1250.0,19,117.0,1.2857142857142858,4.82543191882092,13,121.0,0.13013312024620413,6,278.0,0.24820254668232622,0,0.0,0.5448003587495415,19,399.0
1255.0,18,85.0,0.9340659340659341,5.071421429446731,9,167.0,0.16214653209545576,7,277.0,0.22638127489012158,2,3.0,0.5057775031199078,18,447.0
1260.0,24,112.0,1.2873563218390804,4.230950896968711,13,231.0,0.14221030307036678,11,268.0,0.15094103551985005,0,5.0,0.4716089029729017,24,504.0
1265.0,28,158.0,1.8160919540229885,4.506424315847114,10,252.0,0.21229016229911551,16,285.0,0.15481476238299618,2,9.0,0.6401090391478698,28,546.0
1270.0,26,145.0,1.6477272727272727,4.829369168109207,7,237.0,0.2910507785492565,17,325.0,0.23339893018630967,2,17.0,0.6867350586411808,26,579.0
1275.0,18,100.0,1.0526315789473684,4.7605985982795485,1,225.0,0.18957728439402657,13,320.0,0.247662943572854,4,32.0,0.4474653507209831,18,577.0
1280.0,14,62.0,0.6666666666666666,4.996343505491866,6,242.0,0.1505919366675791,8,287.0,0.27407844560107264,0,11.0,0.4673327481963556,14,540.0
1285.0,26,78.0,0.8571428571428571,3.7880165425996735,8,242.0,0.09864988866390352,10,299.0,0.18506378894376443,8,12.0,0.18133743567284916,26,553.0
1290.0,22,112.0,1.3333333333333333,4.7376710492539065,4,209.0,0.30220451056446374,13,304.0,0.1777408901451205,5,39.0,0.4563850093910941,22,552.0
1295.0,20,77.0,0.9390243902439024,4.239895997501392,3,159.0,0.3043092275213268,17,341.0,0.15841706071157782,0,34.0,0.47013513413888075,20,534.0
1300.0,15,83.0,0.9120879120879121,5.100607661367219,5,129.0,0.28638325430982886,8,323.0,0.21546994408214126,2,8.0,0.48168985487692256,15,460.0
1305.0,13,95.0,1.0674157303370786,5.520886120964736,5,151.0,0.3135489203714197,6,285.0,0.2599546175950495,2,16.0,0.5911330610891655,13,452.0
1310.0,18,74.0,0.8131868131868132,4.583278430039417,5,135.0,0.2564707493371356,9,251.0,0.21827091776222335,4,32.0,0.4166396457439301,18,418.0
1315.0,24,133.0,1.4456521739130435,4.890839333940647,9,144.0,0.33524950929984093,11,265.0,0.133652964920927,4,52.0,0.609787769504658,24,461.0
1320.0,22,86.0,0.9148936170212766,3.9419736369222864,7,150.0,0.21191393675938489,14,275.0,0.10857001015538836,1,24.0,0.3968951326909693,22,449.0
1325.0,26,137.0,1.4891304347826086,4.216796204774864,9,128.0,0.16785732328560282,12,312.0,0.15951789402715558,5,18.0,0.2673803351067929,26,458.0
1330.0,18,100.0,1.1363636363636365,4.4632152006850045,8,127.0,0.21703937240947652,9,310.0,0.17968834106915996,1,20.0,0.4182952404698225,18,457.0
1335.0,22,98.0,1.101123595505618,3.9433332457246597,7,145.0,0.2242722665252607,13,259.0,0.15683768357935074,2,6.0,0.5319370442356461,22,410.0
1340.0,23,112.0,1.1914893617021276,4.560816555415142,8,183.0,0.254199638227973,13,308.0,0.19176638488589584,2,15.0,0.6889885302265248,23,506.0
1345.0,31,167.0,1.7040816326530612,4.428817272528611,15,234.0,0.1502576331848555,12,327.0,0.2365648050276591,4,23.0,0.3803577327222852,31,584.0
1350.0,20,86.0,0.9148936170212766,3.961599572873624,9,236.0,0.1579821216562856,10,296.0,0.2175170413085989,1,5.0,0.5014050604315953,20,537.0
1355.0,28,165.0,1.736842105263158,4.424856714104519,14,263.0,0.19690536613432152,11,272.0,0.17498004698580155,3,14.0,0.5800317699562718,28,549.0
1360.0,24,139.0,1.4329896907216495,3.7254785031087034,12,284.0,0.19015197149822724,10,267.0,0.12022337719950103,2,11.0,0.5855130438971549,24,562.0
1365.0,23,127.0,1.3368421052631578,4.493606248255017,12,266.0,0.21454680608729504,10,282.0,0.16797677317347778,1,7.0,0.7470351934402268,23,555.0
1370.0,21,129.0,1.316326530612245,4.517281694315658,10,310.0,0.1428132118193438,10,298.0,0.20082660998727628,1,1.0,0.3676108024181341,21,609.0
1375.0,31,144.0,1.5157894736842106,4.381971431278158,15,373.0,0.10392897829383084,10,303.0,0.2025757117279343,6,19.0,0.3797779347882182,31,695.0
1380.0,21,106.0,1.2619047619047619,3.2227041973456076,9,402.0,0.17028202756528316,12,262.0,0.12579141993278406,0,22.0,0.47915495550629084,21,686.0
1385.0,22,78.0,0.8764044943820225,4.207634350773374,6,369.0,0.2571536234309087,14,304.0,0.17225529502619003,2,9.0,0.5979136017449275,22,682.0
1390.0,18,70.0,0.7368421052631579,4.840083781467694,4,361.0,0.2686028791531056,12,324.0,0.20485841447838496,2,19.0,0.6281816911168766,18,704.0
1395.0,20,74.0,0.7628865979381443,4.164512501086102,3,359.0,0.17176121211728917,12,324.0,0.22362679007188174,5,31.0,0.290079784356171,20,714.0
1400.0,22,100.0,1.0416666666666667,4.629500937197143,9,395.0,0.22273026132242643,13,314.0,0.18637332192356593,0,12.0,0.6469210404208392,22,721.0
1405.0,24,89.0,0.9270833333333334,3.8825853754228947,8,393.0,0.20115270093740686,13,351.0,0.10819303945920275,3,4.0,0.5269793974726894,24,748.0
1410.0,23,87.0,0.925531914893617,4.211119257935629,7,347.0,0.2629938992911201,14,370.0,0.1163137203457468,2,13.0,0.629933917426203,23,730.0
1415.0,23,120.0,1.3333333333333333,3.7878461264580983,6,359.0,0.1797630950273737,12,394.0,0.1295674794140072,5,29.0,0.3855776780804805,23,782.0
1420.0,26,185.0,1.989247311827957,4.399759632662155,10,396.0,0.08887209840951359,15,441.0,0.1904708164302443,1,27.0,0.39299655060764105,26,864.0
1425.0,27,258.0,3.0352941176470587,4.716369264904643,8,390.0,0.1402917166204824,19,511.0,0.18462666548899967,0,3.0,0.7299741236101757,27,904.0
1430.0,23,202.0,2.4634146341463414,4.1588938947679255,4,322.0,0.13229980650300113,18,529.0,0.21351879266277612,1,1.0,0.3327794648460766,23,852.0
1435.0,23,166.0,2.024390243902439,4.712372987338968,5,340.0,0.22551600485094428,18,453.0,0.19857040308993407,0,2.0,0.8798252135321618,23,795.0
1440.0,18,136.0,1.619047619047619,4.433827176631833,4,343.0,0.20485875157754724,13,513.0,0.19643138271088442,1,3.0,0.7078791788161498,18,859.0
1445.0,23,169.0,1.8777777777777778,4.7906272792254265,8,373.0,0.20417060643816118,15,569.0,0.1814761637110293,0,0.0,0.5669230783465302,23,942.0
1450.0,24,162.0,1.9518072289156627,4.347214531705021,11,418.0,0.14377875873928744,13,574.0,0.1909212748769042,0,0.0,0.8917657777014888,24,992.0
1455.0,24,172.0,2.0476190476190474,4.350997237386993,16,431.0,0.1353653961832997,8,505.0,0.22972988438600983,0,2.0,0.6881317141268686,24,938.0
1460.0,22,132.0,1.5,4.43014146893643,12,494.0,0.19133094772668455,9,540.0,0.19171163415837833,1,4.0,0.6613847729119293,22,1038.0
1465.0,32,158.0,1.6808510638297873,4.102631253430229,18,566.0,0.10362034307751543,11,562.0,0.17995325753863042,3,2.0,0.3904860893233449,32,1130.0
1470.0,32,224.0,2.5168539325842696,4.702841341884307,15,584.0,0.0857176311804732,15,621.0,0.22154029264053807,2,10.0,0.5844297691551799,32,1215.0
1475.0,29,259.0,3.197530864197531,4.480812422822172,9,532.0,0.12995618313688231,18,704.0,0.19078257227201698,2,3.0,0.5392245807089509,29,1239.0
1480.0,26,215.0,2.6219512195121952,3.772186946915445,7,460.0,0.14813425963336183,16,701.0,0.10925831453671585,3,15.0,0.3550847251317777,26,1176.0
1485.0,24,143.0,1.7875,3.8495122801744848,5,484.0,0.25158201242222844,15,610.0,0.12387679909194763,4,34.0,0.5525853512609635,24,1128.0
1490.0,25,141.0,1.7195121951219512,3.689153208890201,9,515.0,0.2281217847966376,13,460.0,0.21107823869043724,3,20.0,0.42251232747553485,25,995.0
1495.0,25,163.0,1.8735632183908046,4.425715268385539,12,569.0,0.25453144184788823,10,497.0,0.23845140704842857,3,14.0,0.5660254984627687,25,1080.0
1500.0,30,228.0,2.4782608695652173,4.670386773514349,16,642.0,0.17478244188532943,12,535.0,0.2721425926316855,2,6.0,0.5639972254294794,30,1183.0
1505.0,29,284.0,2.8979591836734695,4.428727309025194,20,674.0,0.09958257019527704,5,499.0,0.2492990080010551,4,22.0,0.34459203552747014,29,1195.0
1510.0,24,150.0,1.5789473684210527,3.840135584284689,15,705.0,0.14515244229369886,6,411.0,0.18978441259396922,3,31.0,0.411549604832314,24,1147.0
1515.0,28,161.0,1.5940594059405941,4.271192358490452,17,727.0,0.15326447476444918,9,442.0,0.19427528043000045,2,12.0,0.5156079853780605,28,1181.0
1520.0,25,133.0,1.316831683168317,4.713310969278487,15,729.0,0.158065698141799,8,460.0,0.21323183073411722,2,9.0,0.5454076350352335,25,1198.0
1525.0,30,131.0,1.31,3.777901172139289,14,670.0,0.08728630213925177,7,435.0,0.2225125884289614,9,31.0,0.16027082341635224,30,1136.0
1530.0,20,94.0,0.9791666666666666,4.092020870601648,6,632.0,0.2119023772930548,12,370.0,0.13777605980707966,2,39.0,0.47568076489158073,20,1041.0
1535.0,19,65.0,0.6770833333333334,4.60831239268498,5,645.0,0.19480848382850877,14,371.0,0.1396375633100721,0,13.0,0.6729743395620976,19,1029.0
1540.0,20,69.0,0.711340206185567,5.1516707971119455,4,599.0,0.21605753291835417,14,402.0,0.20687671433016708,2,5.0,0.5911860419613818,20,1006.0
1545.0,13,83.0,0.9120879120879121,5.825834004301341,2,500.0,0.22317519918250234,11,423.0,0.25105814536186594,0,0.0,0.587462637620264,13,923.0
1550.0,18,70.0,0.7608695652173914,4.479588839909596,2,375.0,0.16731349421009406,12,408.0,0.17671219859742368,4,13.0,0.26870046771864253,18,796.0
1555.0,14,51.0,0.6071428571428571,4.201596011031552,0,377.0,0.3270368040477912,14,352.0,0.12555531510972306,0,14.0,0.6720543697199656,14,743.0
1560.0,15,46.0,0.5411764705882353,4.220301171567398,4,387.0,0.26753885172605246,11,375.0,0.16643601401597796,0,2.0,0.6920268567520735,15,764.0
1565.0,20,78.0,0.8387096774193549,4.7892398233966835,7,413.0,0.27646974696278886,11,382.0,0.17823360933049892,2,7.0,0.6045249366905345,20,802.0
1570.0,22,134.0,1.4725274725274726,4.831983494783389,7,394.0,0.21026096713032738,13,402.0,0.16000033509066303,2,17.0,0.5703218630720922,22,813.0
1575.0,26,130.0,1.4606741573033708,4.13991750327603,7,334.0,0.16642823652040414,15,387.0,0.18814677872216454,4,30.0,0.30869643005599634,26,751.0
1580.0,24,120.0,1.3636363636363635,4.038705501662026,5,353.0,0.2589827200948709,15,322.0,0.16432975591650553,4,52.0,0.4682434620199877,24,727.0
1585.0,31,130.0,1.3265306122448979,4.301944637444606,9,381.0,0.24788357402627023,19,287.0,0.16543700344184784,3,22.0,0.4302568131709656,31,690.0
1590.0,22,117.0,1.231578947368421,4.900256561753339,5,356.0,0.2837700224157526,16,338.0,0.15340113503514102,1,5.0,0.783877823248705,22,699.0
1595.0,15,50.0,0.5319148936170213,5.038429321447526,3,325.0,0.238401607238284,12,328.0,0.13034757556484725,0,0.0,0.7754427142820636,15,653.0
1600.0,19,86.0,0.9347826086956522,5.093257962784636,4,299.0,0.1689635040324307,13,355.0,0.22681205359588977,2,5.0,0.5153154974316694,19,659.0
1605.0,22,174.0,1.9120879120879122,6.024350159830759,4,229.0,0.17359463300695108,16,390.0,0.29589939754970496,2,15.0,0.5748573997009343,22,634.0
1610.0,24,261.0,3.0,4.507900119885828,2,223.0,0.12128096400986746,19,467.0,0.18948570267587003,3,26.0,0.3482169876025011,24,716.0
1615.0,34,405.0,4.939024390243903,4.2037887734644706,5,238.0,0.16833376453797874,25,572.0,0.0722116854206165,4,45.0,0.4588046396759047,34,855.0
1620.0,32,359.0,4.917808219178082,2.6202889058117282,7,267.0,0.09136320888085224,24,610.0,0.08851900713538996,1,17.0,0.2660004351765521,32,894.0
1625.0,26,258.0,3.3076923076923075,4.361311228457908,7,254.0,0.21591889242271758,17,555.0,0.16286560156280244,2,11.0,0.6383657317788292,26,820.0
1630.0,21,189.0,2.423076923076923,4.267146788536522,6,210.0,0.2373139339620063,15,617.0,0.18358901301551245,0,8.0,0.7869206334870797,21,835.0
1635.0,30,180.0,2.1176470588235294,4.137019536403616,9,242.0,0.1831329349799703,19,694.0,0.22400621886708846,2,4.0,0.5350862668423162,30,940.0
1640.0,28,184.0,2.164705882352941,4.71181553489969,10,287.0,0.15858432352514779,18,785.0,0.22552550560623638,0,0.0,0.739152484930398,28,1072.0
1645.0,29,168.0,1.9534883720930232,3.1074378298613947,12,297.0,0.05061110093902325,12,768.0,0.12599661689574418,5,5.0,0.23919090275683852,29,1070.0
1650.0,21,113.0,1.3614457831325302,3.885278166320519,9,270.0,0.19952913140081854,12,665.0,0.14976571251681994,0,6.0,0.6278020860817278,21,941.0
1655.0,16,124.0,1.4588235294117646,4.873294143358915,6,267.0,0.2555614555495421,10,506.0,0.235468083113878,0,2.0,0.8705109994672352,16,775.0
1660.0,18,118.0,1.2553191489361701,4.497896748608355,9,310.0,0.2260308062217871,8,529.0,0.24795608527834098,1,3.0,0.6530784410124343,18,842.0
1665.0,21,80.0,0.8163265306122449,4.427384070948715,6,296.0,0.19106633438687878,12,550.0,0.2072443814990144,3,13.0,0.5047680929381523,21,859.0
1670.0,28,168.0,1.7142857142857142,4.314462607403949,11,292.0,0.11528427908130126,13,615.0,0.18808275121256887,4,16.0,0.2817936170251965,28,923.0
1675.0,28,166.0,1.8241758241758241,4.179201888737587,12,306.0,0.134560036026009,13,605.0,0.18875200546125137,3,16.0,0.4204448220631204,28,927.0
1680.0,22,111.0,1.2613636363636365,4.658972951062503,8,232.0,0.2096131600611042,12,466.0,0.20276349932766655,2,25.0,0.5758488083412796,22,723.0
1685.0,25,174.0,1.8125,5.480400434164793,9,236.0,0.2680565946977334,12,389.0,0.24058433475222324,4,43.0,0.6109256734479568,25,668.0
1690.0,29,242.0,2.4444444444444446,5.626409912531044,11,284.0,0.30220516252235713,14,314.0,0.24233416046306275,4,61.0,0.6293114085582314,29,659.0
1695.0,38,362.0,3.549019607843137,5.221246931741636,15,345.0,0.2637277118933323,17,330.0,0.26038882991354684,6,84.0,0.48573222175999536,38,759.0
1700.0,25,185.0,1.8316831683168318,4.7543494923668215,10,372.0,0.2805720203237662,13,329.0,0.2173780479930124,2,49.0,0.5151997298544096,25,750.0
1705.0,39,206.0,1.9074074074074074,4.485743756093216,18,408.0,0.14361161459922375,12,308.0,0.2108484652313591,9,23.0,0.2579121872238168,39,739.0
1710.0,32,207.0,2.07,4.346414296101744,17,432.0,0.10224760361626699,10,276.0,0.18929172215805062,5,37.0,0.3265256391177581,32,745.0
1715.0,25,144.0,1.6744186046511629,4.404858478395569,14,364.0,0.10663515170509982,9,281.0,0.2947865665734887,2,36.0,0.3829088084430204,25,681.0
1720.0,24,127.0,1.4111111111111112,5.375841814577542,11,335.0,0.2145664651204407,10,249.0,0.26123985053090004,3,31.0,0.5513313691548843,24,615.0
1725.0,27,165.0,1.736842105263158,5.920692677729734,9,370.0,0.28532621835163635,15,250.0,0.24046748100063767,3,37.0,0.6372949035571652,27,657.0
1730.0,34,259.0,2.6161616161616164,5.317508100092826,12,425.0,0.1681349073784548,17,289.0,0.20295902599500582,5,56.0,0.5278423774594045,34,770.0
1735.0,21,147.0,1.5638297872340425,5.285407196695292,6,422.0,0.23947318733641473,15,302.0,0.22003560462130584,0,31.0,0.6324635863425417,21,755.0
1740.0,18,71.0,0.797752808988764,5.238671247353921,2,340.0,0.25926297049411406,13,228.0,0.21895864929144018,3,7.0,0.2935004181846402,18,575.0
1745.0,16,57.0,0.6263736263736264,5.239989310092172,4,246.0,0.2811134695100046,5,242.0,0.2529972205543679,7,36.0,0.1502437617541944,16,524.0
1750.0,21,128.0,1.5421686746987953,4.890128097179791,2,207.0,0.3644404247755355,9,237.0,0.23293799664795214,10,80.0,0.37102024284748747,21,524.0
1755.0,19,108.0,1.1868131868131868,4.8085613106614415,5,159.0,0.36447918663571693,9,216.0,0.19632604003812487,5,87.0,0.4254664538626078,19,462.0
1760.0,11,34.0,0.3617021276595745,5.810754503712221,1,138.0,0.447502815481493,8,169.0,0.20575494751508655,2,62.0,0.5135649563181109,11,369.0
1765.0,17,57.0,0.6063829787234043,5.751912893839891,7,144.0,0.24105095523218956,7,116.0,0.2631434110632335,3,37.0,0.33437622959396035,17,297.0
1770.0,29,127.0,1.4597701149425288,4.95666393568467,12,189.0,0.18255737155035115,11,138.0,0.2393951842601467,6,57.0,0.2811113302930114,29,384.0
1775.0,34,209.0,2.7142857142857144,3.4090033934483945,15,257.0,0.1532061216575866,14,153.0,0.08853012478835433,5,65.0,0.3869548515109255,34,475.0
1780.0,27,165.0,1.9411764705882353,4.344044016160382,12,276.0,0.2135894590195716,13,182.0,0.20919917262658072,2,23.0,0.5153408123489558,27,481.0
1785.0,17,106.0,1.1910112359550562,5.742128771934963,12,231.0,0.29221002934350787,4,157.0,0.32808227259051687,1,18.0,0.46981598168123473,17,406.0
1790.0,20,135.0,1.4361702127659575,5.829524082204632,9,179.0,0.1914398875401398,6,138.0,0.3409651905911522,5,38.0,0.23745345644463436,20,355.0
1795.0,21,140.0,1.6091954022988506,6.029016904720565,8,174.0,0.26381603702920453,10,172.0,0.26701849311670295,3,39.0,0.3999331558490425,21,385.0
1800.0,19,164.0,2.05,5.197913847638251,3,162.0,0.25599306653889026,16,245.0,0.22628312265373937,0,17.0,0.352875999833971,19,424.0
1805.0,28,263.0,3.207317073170732,5.549790385160154,4,181.0,0.2771738507744477,22,341.0,0.1741669218818946,2,10.0,0.4867156704554907,28,532.0
1810.0,23,232.0,3.0933333333333333,5.080592695286112,5,180.0,0.3002051494696566,18,384.0,0.18261054270388666,0,3.0,0.5710754528892273,23,567.0
1815.0,23,189.0,2.392405063291139,4.945674404679714,4,156.0,0.29658775586286096,16,337.0,0.17787163377477475,3,14.0,0.5350221058263597,23,507.0
1820.0,15,142.0,1.8205128205128205,5.641808449861618,1,155.0,0.39985696406652205,14,335.0,0.23262797872541535,0,4.0,0.7705940911814942,15,494.0
1825.0,22,116.0,1.3333333333333333,4.905017935825203,7,171.0,0.29673550438739704,13,386.0,0.21474036656494866,2,0.0,0.5534229359229518,22,557.0
1830.0,19,121.0,1.3296703296703296,5.78181381733091,7,202.0,0.26157027585079584,10,420.0,0.3071875234024058,2,10.0,0.5697503937197566,19,632.0
1835.0,22,175.0,1.9444444444444444,5.976079341072427,9,217.0,0.17194982345739318,11,471.0,0.353875140691179,2,20.0,0.4646172884059164,22,708.0
1840.0,21,112.0,1.2307692307692308,4.695618464262916,8,195.0,0.11511846083148333,13,475.0,0.1900793601673821,0,4.0,0.5888625936357541,21,674.0
1845.0,21,92.0,1.0222222222222221,4.828750548851119,6,222.0,0.22817050272468714,14,430.0,0.1333765364858816,1,4.0,0.7051396847097887,21,656.0
1850.0,18,71.0,0.8068181818181818,4.24955647729433,9,264.0,0.1945215883451961,8,461.0,0.16917640705421993,1,5.0,0.539834953323057,18,730.0
1855.0,23,84.0,0.9438202247191011,4.605959967822917,9,276.0,0.21614633310999828,11,462.0,0.21253635563670448,3,13.0,0.542113551831944,23,751.0
1860.0,18,74.0,0.8809523809523809,4.687366152232613,5,244.0,0.1914849129282082,11,465.0,0.27983675627539256,2,21.0,0.5880093585648746,18,730.0
1865.0,15,37.0,0.4111111111111111,4.456926907718197,3,257.0,0.2351368010112365,11,407.0,0.20912737615889837,1,4.0,0.5768355937759378,15,668.0
1870.0,17,60.0,0.6382978723404256,4.6313173597081905,5,276.0,0.24259358211634163,11,448.0,0.1523273195035247,1,8.0,0.7069572445969649,17,732.0
1875.0,19,67.0,0.6836734693877551,4.481981669633828,5,256.0,0.18183128587241132,11,468.0,0.16559744024072243,3,4.0,0.5353425803116393,19,728.0
1880.0,20,129.0,1.4175824175824177,5.158531330616893,2,206.0,0.227985763349145,17,514.0,0.2216212103567829,1,7.0,0.6848301234966698,20,727.0
1885.0,20,122.0,1.297872340425532,4.21786096435599,2,159.0,0.16152988954675962,15,520.0,0.20354890819515764,3,12.0,0.4158910698800081,20,691.0
1890.0,22,98.0,1.0208333333333333,4.708920010735795,0,138.0,0.301944224948359,18,465.0,0.1861882347596616,4,26.0,0.5884115649788223,22,629.0
1895.0,18,69.0,0.7263157894736842,4.19949427668563,3,146.0,0.24460498217126253,14,532.0,0.1166176617159956,1,10.0,0.6816152273226556,18,688.0
1900.0,22,114.0,1.1287128712871286,4.616558790773756,5,168.0,0.21210254622165992,16,579.0,0.15217303924713763,1,8.0,0.5565482860616682,22,755.0
1905.0,22,92.0,0.9583333333333334,3.609003102363701,6,166.0,0.21743883539316708,14,574.0,0.13270263938323398,2,8.0,0.3973155255822955,22,748.0
1910.0,22,65.0,0.6701030927835051,3.5658770969473954,6,163.0,0.18320145703705504,14,495.0,0.15518324447312518,2,8.0,0.4524168252153116,22,666.0
1915.0,18,60.0,0.5769230769230769,4.479642126878012,4,165.0,0.24778972925189388,12,485.0,0.18924989839506787,2,15.0,0.6607589566428831,18,665.0
1920.0,17,61.0,0.5596330275229358,4.136509632746058,3,165.0,0.1677948434086543,11,500.0,0.1675088044905068,3,25.0,0.5731679247412412,17,690.0
1925.0,25,147.0,1.348623853211009,4.164549112232053,8,191.0,0.10021113915730791,13,527.0,0.15785368096051838,4,40.0,0.5656130791255295,25,758.0
1930.0,25,154.0,1.4807692307692308,3.310258800139462,11,239.0,0.08661342981797704,14,511.0,0.15259096498742397,0,13.0,0.38698624670889875,25,763.0
1935.0,31,146.0,1.3644859813084111,3.5800189377155136,9,250.0,0.14386561176554463,18,395.0,0.1019921902951878,4,14.0,0.48155702430439284,31,659.0
1940.0,26,104.0,0.9719626168224299,4.21567891489313,7,208.0,0.2470473877078286,18,470.0,0.12976616174097824,1,13.0,0.6206559823620758,26,691.0
1945.0,28,91.0,0.8125,3.871117306257184,9,208.0,0.14629940640259012,17,519.0,0.1350160103852826,2,0.0,0.5015108540395883,28,727.0
1950.0,28,85.0,0.7727272727272727,3.286385387275862,9,249.0,0.13132307487318162,17,517.0,0.12313453191008485,2,4.0,0.4389772468435518,28,770.0
1955.0,35,144.0,1.3333333333333333,3.4983495165983673,13,308.0,0.15372753217837826,14,469.0,0.13689024782765363,8,32.0,0.3884003604661795,35,809.0
1960.0,41,282.0,2.5405405405405403,3.526920890065963,14,373.0,0.22176745918037852,18,435.0,0.13440102030074924,9,73.0,0.389564762189803,41,881.0
1965.0,37,281.0,2.5315315315315314,3.0562173514369118,9,372.0,0.2591986286753981,17,457.0,0.13162924709458948,11,123.0,0.3262191986920548,37,952.0
1970.0,33,174.0,1.4745762711864407,3.438368239884287,9,308.0,0.16854989185242644,14,459.0,0.18003597148068787,10,142.0,0.20171689379568333,33,909.0
1975.0,24,119.0,1.0084745762711864,4.156849266991159,10,257.0,0.20897741546294246,8,468.0,0.18814095433749423,6,110.0,0.30358154257182013,24,835.0
1980.0,23,106.0,0.905982905982906,3.939660270090095,10,292.0,0.18880300106431822,10,424.0,0.18397914629992568,3,88.0,0.36742958252052543,23,804.0
1985.0,29,141.0,1.128,4.224220323848343,13,350.0,0.23942632371055164,12,419.0,0.1311269555134702,4,71.0,0.4214858073168743,29,840.0
1990.0,22,74.0,0.6166666666666667,4.102487588261818,5,349.0,0.25217738783143523,15,415.0,0.11169087273699423,2,49.0,0.4144029464643633,22,813.0
1995.0,25,131.0,1.1101694915254237,4.542993490966636,6,294.0,0.19072175017418527,15,425.0,0.17017076698746575,4,46.0,0.2866882827050029,25,765.0
2000.0,30,217.0,1.9035087719298245,4.375877022177981,5,307.0,0.19498254046494323,20,467.0,0.1824949284129738,5,49.0,0.2819413152496733,30,823.0
2005.0,36,234.0,2.108108108108108,3.3542544212419063,10,340.0,0.0807319809532747,21,490.0,0.11703050452268869,5,35.0,0.20668908521470303,36,865.0
2010.0,36,183.0,1.6788990825688073,3.302097088557892,5,335.0,0.2261074118541591,28,440.0,0.07999950783002471,3,36.0,0.37931853308806956,36,811.0
2015.0,29,159.0,1.4587155963302751,4.110272361058198,3,275.0,0.2703364758976317,23,515.0,0.1636020400142392,3,50.0,0.3824042228379681,29,840.0
2020.0,29,127.0,1.0854700854700854,4.166565878334884,5,263.0,0.23430393671271374,19,578.0,0.14064431388817747,5,61.0,0.36617412709858144,29,902.0
2025.0,27,139.0,1.219298245614035,4.123861016243013,5,292.0,0.1972491238836144,18,647.0,0.15598254404630427,4,78.0,0.30063094460594514,27,1017.0
2030.0,33,152.0,1.2991452991452992,3.1930493258819945,6,303.0,0.10756856441760491,19,647.0,0.13909380562066015,8,107.0,0.10508374108422297,33,1057.0
2035.0,37,216.0,1.894736842105263,3.4957629508082984,9,343.0,0.23013555838097535,19,592.0,0.11497817467380562,9,153.0,0.20426243430995275,37,1088.0
2040.0,39,257.0,2.274336283185841,3.4017108116001507,10,346.0,0.23625021293841356,20,506.0,0.1457082359834912,9,167.0,0.2515107565526037,39,1019.0
2045.0,43,288.0,2.4615384615384617,3.8764492875791006,11,306.0,0.30551662071541985,22,500.0,0.2001669579462858,10,164.0,0.32552514254249243,43,970.0
2050.0,34,227.0,1.8306451612903225,3.7059802299170768,10,314.0,0.2564972947439402,15,529.0,0.1751277498198452,9,184.0,0.31286163711649406,34,1027.0
2055.0,36,192.0,1.4883720930232558,4.089917339701377,11,331.0,0.17041150933523383,15,527.0,0.20349695422040676,10,193.0,0.22809176823017233,36,1051.0
2060.0,29,145.0,1.16,4.401990328770543,8,347.0,0.19888103336823554,14,506.0,0.23354083082995636,7,202.0,0.19686493255032964,29,1055.0
2065.0,44,251.0,2.040650406504065,4.198590730420948,11,376.0,0.0800075790740801,20,547.0,0.20223432005961098,13,237.0,0.11126461459965171,44,1160.0
2070.0,35,218.0,1.9292035398230087,3.6261128597752528,5,363.0,0.16768080316067205,22,581.0,0.09110009399306643,8,248.0,0.18361371423916512,35,1192.0
2075.0,32,167.0,1.6372549019607843,3.6153005883901197,4,290.0,0.22798225669875152,24,569.0,0.1561516230782414,4,189.0,0.257549629776378,32,1048.0
2080.0,27,132.0,1.1785714285714286,3.7001478439913873,4,238.0,0.265455208800782,18,640.0,0.1562613374381074,5,165.0,0.29388545802592253,27,1043.0
2085.0,21,79.0,0.6810344827586207,4.308623180976747,4,170.0,0.3065288204597205,15,655.0,0.13930396986770002,2,163.0,0.30686568575783046,21,988.0
2090.0,22,75.0,0.6302521008403361,3.5699124269994176,1,160.0,0.23503403199798492,16,652.0,0.11827592981820094,5,178.0,0.1358239295841249,22,990.0
2095.0,27,86.0,0.7889908256880734,3.5292726516665778,6,180.0,0.32038229531140894,16,564.0,0.11655693371377876,5,178.0,0.28381446184265396,27,922.0
2100.0,25,126.0,1.1559633027522935,3.822523589973094,4,179.0,0.3099726317896399,17,445.0,0.14928548669152558,4,147.0,0.36018835623735584,25,771.0
2105.0,24,99.0,0.8319327731092437,3.826090176137272,4,153.0,0.35913468446583746,15,481.0,0.14515129463635407,5,143.0,0.3182328407171923,24,777.0
2110.0,20,72.0,0.5853658536585366,4.025357907700978,5,156.0,0.2591293104242233,12,486.0,0.1626905243526203,3,122.0,0.26623137901898075,20,764.0
2115.0,26,147.0,1.176,3.942460095287827,8,186.0,0.11699653729050238,13,490.0,0.19469309626269507,5,121.0,0.2043446382732298,26,797.0
2120.0,33,250.0,2.1186440677966103,4.003042503867346,10,197.0,0.1519246372058142,19,542.0,0.20519262416406248,4,141.0,0.200785855599774,33,880.0
2125.0,36,251.0,2.2017543859649122,2.672276037900578,6,155.0,0.15446074244643115,23,557.0,0.10596153675214527,7,129.0,0.12887471182818472,36,841.0
2130.0,31,155.0,1.3596491228070176,3.5021799574442376,5,104.0,0.3016331169035511,24,519.0,0.10553524216262908,2,100.0,0.2771723890098811,31,723.0
2135.0,28,128.0,1.0756302521008403,3.8257382865191985,4,125.0,0.2756038682688486,20,562.0,0.1210078410305982,4,77.0,0.2822251919780116,28,764.0
2140.0,37,176.0,1.4666666666666666,3.7902686955198246,9,156.0,0.2078445562655827,22,627.0,0.1584944833085679,6,78.0,0.22745411139345045,37,861.0
2145.0,27,126.0,1.0956521739130434,3.451344754236685,6,160.0,0.2521378965451301,15,646.0,0.15055858682618442,6,98.0,0.1468795672158275,27,904.0
2150.0,31,141.0,1.205128205128205,3.0844893989202835,12,195.0,0.1923091129192556,15,574.0,0.14015182163839093,4,98.0,0.16865369547421147,31,867.0
2155.0,30,231.0,1.925,3.665255126665793,16,266.0,0.237008832074652,12,462.0,0.17148217015328895,2,108.0,0.24052597403539724,30,836.0
2160.0,33,281.0,2.361344537815126,3.591607493660075,14,289.0,0.22036305175476137,15,396.0,0.17403306185251838,4,126.0,0.24968974795348753,33,811.0
2165.0,37,277.0,2.2338709677419355,3.2455240902024234,16,265.0,0.21784633878092982,12,432.0,0.2065976471198,9,163.0,0.1864548636964544,37,860.0
2170.0,33,218.0,1.7301587301587302,3.571465294056617,13,267.0,0.20082613942836156,11,430.0,0.21650160316830855,9,169.0,0.14298865179683787,33,866.0
2175.0,30,180.0,1.40625,3.7637391747460094,14,312.0,0.17198920616619168,9,416.0,0.22973641099348965,7,141.0,0.11013997083018978,30,869.0
2180.0,31,142.0,1.126984126984127,4.415532212834304,9,335.0,0.2758360425930963,13,383.0,0.2015211251759009,9,126.0,0.251263877554798,31,844.0
2185.0,31,122.0,0.9457364341085271,4.1848971436725115,11,372.0,0.20713270023674324,11,385.0,0.1481475201540027,9,134.0,0.2535070698945286,31,891.0
2190.0,27,126.0,1.008,4.4985537313494754,6,374.0,0.2571086556855154,13,375.0,0.1344042093850203,8,136.0,0.34375006868663566,27,885.0
2195.0,16,52.0,0.45614035087719296,4.274939909949526,5,323.0,0.21762997246931653,10,358.0,0.1795223421121979,1,121.0,0.3439647227299315,16,802.0
2200.0,23,66.0,0.559322033898305,4.469921814356869,3,259.0,0.2888376973470285,14,324.0,0.1482014605474749,6,123.0,0.34811576700089136,23,706.0
2205.0,21,71.0,0.6068376068376068,4.306835512367329,5,234.0,0.33162723889917867,12,327.0,0.12027726529911834,4,125.0,0.43550321658727487,21,686.0
2210.0,22,79.0,0.6638655462184874,3.691360607418329,5,231.0,0.27066500025513923,13,320.0,0.12159932259769181,4,100.0,0.2542461481415949,22,651.0
2215.0,22,151.0,1.3130434782608695,4.384857503387828,4,231.0,0.3143838952276445,15,345.0,0.13497041709100466,3,73.0,0.3061408152595171,22,649.0
2220.0,21,184.0,1.6727272727272726,3.756976356765353,4,208.0,0.1928333769501423,15,349.0,0.14997069901115181,2,62.0,0.28310103939141057,21,619.0
2225.0,18,74.0,0.6607142857142857,3.370837650088958,1,177.0,0.2960468635631004,17,319.0,0.11277008748548101,0,44.0,0.39902002127709335,18,540.0
2230.0,25,79.0,0.6869565217391305,3.2326109856428196,3,170.0,0.26395078451873044,19,391.0,0.11108504934733343,3,47.0,0.35978018431569037,25,608.0
2235.0,31,130.0,1.0483870967741935,4.036430668375855,5,166.0,0.23662476782886518,21,441.0,0.11980653613154853,5,67.0,0.24512333858546978,31,674.0
2240.0,31,148.0,1.2758620689655173,3.655927940362318,9,198.0,0.15565083545981798,16,447.0,0.1407482021398238,6,77.0,0.2453241763059239,31,722.0
2245.0,36,151.0,1.3130434782608695,2.7630586289450365,15,214.0,0.1358325491290951,13,379.0,0.12191576143152838,8,89.0,0.22112529131193528,36,682.0
2250.0,32,133.0,1.1083333333333334,3.36472358538017,12,241.0,0.2112400440658393,15,403.0,0.13363817052274293,5,115.0,0.3240486869233665,32,759.0
2255.0,25,133.0,1.0555555555555556,3.631529683991054,10,229.0,0.1765533196543035,9,412.0,0.1255923256032756,6,146.0,0.2373106863647966,25,787.0
2260.0,26,120.0,0.975609756097561,2.657487437608164,8,248.0,0.13011472850459577,9,406.0,0.14084792565751772,9,185.0,0.100055803011664,26,839.0
2265.0,35,148.0,1.2231404958677685,3.1106745266246865,14,292.0,0.20752969177752634,12,343.0,0.12807545790606073,9,200.0,0.23204957373879076,35,835.0
2270.0,32,113.0,0.904,3.0586455129210677,10,301.0,0.17215095753556056,13,383.0,0.14667174761253815,9,154.0,0.23552986251278973,32,838.0
2275.0,25,88.0,0.6984126984126984,3.6994013013749028,7,249.0,0.26797094512972697,13,411.0,0.1266587478621536,5,174.0,0.2631933593357435,25,834.0
2280.0,26,97.0,0.7698412698412699,3.3720069077525903,5,217.0,0.14595243170261005,13,417.0,0.12772364986543733,8,205.0,0.07866552410772734,26,839.0
2285.0,31,149.0,1.192,3.2275428123994203,6,228.0,0.22728514387246984,12,379.0,0.1403582903733225,13,263.0,0.15959599501030305,31,870.0
2290.0,23,132.0,1.0819672131147542,3.4092820476402834,0,204.0,0.28389983169579625,16,330.0,0.12907496766961868,7,269.0,0.27735151327743124,23,803.0
2295.0,24,109.0,0.8582677165354331,3.4826142361439834,1,198.0,0.2731521168818813,18,378.0,0.15769093803239143,5,222.0,0.2670380855369761,24,798.0
2300.0,25,97.0,0.7578125,4.0043210861173835,3,189.0,0.2314124788822961,16,389.0,0.15310688853864832,6,163.0,0.2632929591701715,25,741.0
2305.0,28,132.0,1.03125,4.0811399669519774,7,169.0,0.14984676876141403,14,378.0,0.17907925316331455,7,150.0,0.16687140687839033,28,697.0
2310.0,22,130.0,1.0655737704918034,3.8905719315168543,5,176.0,0.16455020789912694,15,392.0,0.18378023595673476,2,142.0,0.22496139270568968,22,710.0
2315.0,22,81.0,0.675,3.4353806320550984,2,163.0,0.18899083116433982,17,365.0,0.12895238865046843,3,153.0,0.2678019386875644,22,681.0
2320.0,32,147.0,1.2148760330578512,4.0161421066901095,5,150.0,0.26999875712172733,22,351.0,0.1326265483859331,5,147.0,0.31042800686943384,32,648.0
2325.0,32,168.0,1.3884297520661157,3.727002470214439,8,185.0,0.30043350961617077,18,402.0,0.14022439451760127,6,130.0,0.3087476769752216,32,717.0
2330.0,23,96.0,0.7804878048780488,3.5628820867895,10,198.0,0.19532471729217815,11,370.0,0.15258071740409485,2,119.0,0.26886119153991744,23,687.0
2335.0,24,102.0,0.8225806451612904,4.105153875001891,9,193.0,0.18410421567943538,10,385.0,0.189687401675157,5,118.0,0.2201593869372325,24,696.0
2340.0,28,110.0,0.9166666666666666,3.23093264701911,12,226.0,0.16548635982978727,12,368.0,0.161463906483425,4,125.0,0.2088569323986926,28,719.0
2345.0,30,116.0,0.928,3.4717005098792777,12,282.0,0.1841894867070944,12,364.0,0.13474506751145282,6,87.0,0.2695990611032471,30,733.0
2350.0,24,86.0,0.7049180327868853,3.5591518629335965,10,294.0,0.216002208695234,11,327.0,0.12192273584938847,3,92.0,0.2754757464413086,24,713.0
2355.0,22,70.0,0.5737704918032787,3.4448390239450357,6,258.0,0.15399371231721537,9,322.0,0.17594241923037338,7,115.0,0.12151845671265772,22,695.0
2360.0,28,128.0,1.0666666666666667,3.480604562023095,4,202.0,0.31069223284018455,13,306.0,0.14670753012330393,11,165.0,0.18283696356055656,28,673.0
2365.0,31,129.0,1.0403225806451613,2.946269101437654,7,176.0,0.2896301177162698,13,322.0,0.11256803954468256,11,179.0,0.16746884680291832,31,677.0
2370.0,25,128.0,1.032258064516129,3.826944821068471,4,166.0,0.3693805759253339,14,331.0,0.1466414042799744,7,141.0,0.20685460039168727,25,638.0
2375.0,26,118.0,0.9752066115702479,3.6851920052302525,3,143.0,0.29253862356981103,15,338.0,0.13959029243231175,8,150.0,0.1363944939265026,26,631.0
2380.0,38,257.0,2.1065573770491803,4.0006451407395325,7,150.0,0.2179335658867758,21,405.0,0.18624846553946403,10,201.0,0.09078328233416222,38,756.0
2385.0,45,415.0,3.547008547008547,3.6108272381420496,5,155.0,0.27482171698649804,27,505.0,0.11194994886667928,13,263.0,0.11400935784431168,45,923.0
2390.0,44,385.0,3.532110091743119,2.3043435410862583,4,122.0,0.1476701419952445,31,579.0,0.08980084567618876,9,266.0,0.07126328980773461,44,967.0
2395.0,43,322.0,2.9814814814814814,3.2264253201816455,6,152.0,0.2933851246107595,29,588.0,0.10409028388264092,8,222.0,0.24162944846386508,43,962.0
2400.0,44,342.0,3.0265486725663715,3.7749475168488735,10,188.0,0.23233514333619418,28,548.0,0.15320385893818342,6,176.0,0.2779946144134036,44,912.0
2405.0,34,230.0,1.9166666666666667,3.881746606562799,9,209.0,0.293259325937488,16,618.0,0.174481826257103,9,214.0,0.27757387064800576,34,1041.0
2410.0,40,276.0,2.262295081967213,3.8503867487199117,13,252.0,0.1986017941285026,15,644.0,0.18940533765937353,12,270.0,0.21832468396135002,40,1166.0
2415.0,36,274.0,2.2644628099173554,3.344373940222897,14,276.0,0.06527164729240427,9,627.0,0.19555330787099343,13,305.0,0.1213670667047735,36,1208.0
2420.0,30,155.0,1.3025210084033614,3.4884163754694915,11,258.0,0.20619696527762432,14,564.0,0.1534668091397751,5,301.0,0.28104783867479777,30,1123.0
2425.0,33,146.0,1.168,3.688440801402234,13,240.0,0.23162653758526694,9,603.0,0.14535174907589377,11,290.0,0.1922522297457994,33,1133.0
2430.0,27,127.0,1.016,3.8059758010397666,10,290.0,0.21791144241877577,10,620.0,0.12463651454872118,7,294.0,0.1797910943293209,27,1204.0
2435.0,31,184.0,1.5726495726495726,3.6113761613792277,11,345.0,0.1201101058528703,14,655.0,0.17607307495837915,6,262.0,0.1435692358733799,31,1262.0
2440.0,27,141.0,1.247787610619469,2.80674242601336,5,344.0,0.13679145262218603,17,655.0,0.11725422675769281,5,271.0,0.12709244957513444,27,1270.0
2445.0,31,119.0,1.0818181818181818,3.290767463272526,3,291.0,0.34056916117825214,19,592.0,0.10242289889665492,9,304.0,0.20275089840771396,31,1187.0
2450.0,32,149.0,1.2956521739130435,3.195285285129301,2,268.0,0.3131735449049661,23,503.0,0.12608569478679194,7,292.0,0.20927793622518925,32,1063.0
2455.0,30,128.0,1.0666666666666667,3.763974338460528,7,295.0,0.2882151049114266,19,571.0,0.16870790407559902,4,248.0,0.31042999408054445,30,1114.0
2460.0,26,132.0,1.0819672131147542,3.688859577267702,9,332.0,0.1805619082381511,14,593.0,0.1672683687232697,3,198.0,0.26413016868589195,26,1123.0
2465.0,29,188.0,1.504,3.9198175743854646,13,347.0,0.1027922941986997,13,600.0,0.18041009582383358,3,191.0,0.19544950429105015,29,1138.0
2470.0,37,244.0,2.0504201680672267,4.191879018435777,8,363.0,0.11736825292661268,19,669.0,0.19741531429782067,10,218.0,0.18331866618285847,37,1250.0
2475.0,49,418.0,3.634782608695652,3.655690318515069,11,394.0,0.06674010973595286,26,775.0,0.07308847805217661,12,270.0,0.0967995333358066,49,1439.0
2480.0,52,484.0,4.745098039215686,2.5826459350023456,9,402.0,0.10572211701060817,28,808.0,0.04356388603825479,15,338.0,0.12422549201810369,52,1548.0
2485.0,53,483.0,4.782178217821782,2.1015838338728,9,367.0,0.15584758642162153,24,746.0,0.12403967140413816,20,423.0,0.15371006189653988,53,1536.0
2490.0,43,511.0,4.866666666666666,2.8176332166662132,5,392.0,0.24337312422921514,16,790.0,0.188715944489691,22,524.0,0.144159458869757,43,1706.0
2495.0,39,392.0,3.6296296296296298,3.127214842517601,4,413.0,0.18731104019776873,15,866.0,0.17785843070811827,20,543.0,0.13064246714496996,39,1822.0
2500.0,42,390.0,3.5135135135135136,3.327476207402353,5,394.0,0.152297201092323,16,945.0,0.22120836704283958,21,484.0,0.12002195391585993,42,1823.0
2505.0,40,425.0,3.935185185185185,4.043948724849646,3,330.0,0.20560035281246147,21,1044.0,0.14652761541580325,16,435.0,0.1737487773240675,40,1809.0
2510.0,43,414.0,3.7636363636363637,3.071883979973375,5,350.0,0.11378999236197575,24,1042.0,0.09183122179476097,14,426.0,0.17036340357974264,43,1818.0
2515.0,34,277.0,2.588785046728972,3.581088661296046,6,376.0,0.21812101195005468,23,937.0,0.1216886719197691,5,407.0,0.3432575793086878,34,1720.0
2520.0,31,195.0,1.8224299065420562,3.8811297662823163,8,409.0,0.1983983352502635,19,979.0,0.13156480509153154,4,421.0,0.32893839594968843,31,1809.0
2525.0,33,191.0,1.7685185185185186,3.9616465743293157,8,400.0,0.2043163088342418,21,1072.0,0.1268966153494684,4,400.0,0.3554726639203701,33,1872.0
2530.0,27,119.0,1.1553398058252426,3.05453568449966,8,388.0,0.16392984275944641,14,1037.0,0.12441172030274039,5,414.0,0.23026461039182866,27,1839.0
2535.0,25,93.0,0.8532110091743119,2.9757557874364777,9,432.0,0.16003561060625543,9,872.0,0.15090285886337307,7,396.0,0.2020748797882965,25,1700.0
2540.0,26,139.0,1.2410714285714286,3.811039720606857,13,488.0,0.21690868971138438,9,667.0,0.18591151424299934,4,343.0,0.2967630235889907,26,1498.0
2545.0,34,218.0,1.8956521739130434,3.523910596876039,15,551.0,0.18859997662567754,15,534.0,0.1639156967785057,4,322.0,0.28569262555341624,34,1407.0
2550.0,25,202.0,1.7876106194690264,3.7597698765466734,11,541.0,0.19930783543980304,10,554.0,0.2094970652222428,4,279.0,0.3324737543505284,25,1374.0
2555.0,23,166.0,1.4434782608695653,4.098248399422947,7,460.0,0.18253726321660083,10,568.0,0.24508406307401348,6,272.0,0.22873680461156876,23,1300.0
2560.0,21,119.0,1.0084745762711864,4.139843167863418,8,347.0,0.17819793707243953,13,578.0,0.23318549586327558,0,243.0,0.16978591874286814,21,1168.0
2565.0,30,134.0,1.1858407079646018,3.7442295715125287,9,375.0,0.18398560830365215,16,557.0,0.18128420561550498,5,244.0,0.17779895599417653,30,1176.0
2570.0,33,129.0,1.1415929203539823,3.278520496022689,12,428.0,0.1900494131582366,15,463.0,0.09222505803768612,6,237.0,0.15577128522184877,33,1128.0
2575.0,27,134.0,1.2641509433962264,4.424796605192186,6,416.0,0.3239752848576679,15,357.0,0.20975262272517595,6,201.0,0.2905453354154163,27,974.0
2580.0,19,112.0,1.0666666666666667,4.5164638051759,2,327.0,0.3584694175719869,11,397.0,0.23219651543454028,6,150.0,0.2764615991160934,19,874.0
2585.0,17,45.0,0.39823008849557523,4.418296326267109,4,242.0,0.3092381133149598,9,389.0,0.20961959638689098,4,130.0,0.24103939942658906,17,761.0
2590.0,23,81.0,0.7297297297297297,4.239786444388238,3,200.0,0.27361900342866796,10,372.0,0.1793885063429842,10,112.0,0.1820514230715836,23,684.0
2595.0,24,100.0,0.9009009009009009,3.9206899136925037,5,196.0,0.28400232434118433,10,307.0,0.17682658512626123,9,113.0,0.20883195202247934,24,616.0
2600.0,16,122.0,1.161904761904762,5.095644172118757,4,194.0,0.41333608197846794,8,248.0,0.20563953970784984,4,55.0,0.37094960503604774,16,497.0
2605.0,23,123.0,1.0982142857142858,4.543520278685532,8,176.0,0.3723415373797102,8,238.0,0.17789862019184924,7,46.0,0.32368157028558925,23,460.0
2610.0,17,68.0,0.6071428571428571,4.885218801047649,3,147.0,0.35514658700580903,9,203.0,0.187179274311808,5,66.0,0.2936531072934971,17,416.0
2615.0,24,151.0,1.385321100917431,4.668494064458519,7,125.0,0.26707061259406023,13,241.0,0.16751086934852352,4,69.0,0.16049758325217572,24,435.0
2620.0,26,174.0,1.6415094339622642,3.7579923743433072,7,131.0,0.1673545521998715,14,266.0,0.13361866072286302,5,89.0,0.16751851793039793,26,486.0
2625.0,22,162.0,1.62,4.119610983175446,6,93.0,0.28595155996491123,11,247.0,0.1996369849386174,5,112.0,0.2633271522979889,22,452.0
2630.0,21,84.0,0.7924528301886793,4.234845452212704,5,76.0,0.3648846923826001,13,195.0,0.16964521521528678,3,80.0,0.26737504477323737,21,351.0
2635.0,20,94.0,0.8785046728971962,5.593066054847317,3,79.0,0.46398955048736135,12,184.0,0.24210423919083449,5,50.0,0.3380285329584812,20,313.0
2640.0,17,54.0,0.5142857142857142,4.873832281225944,5,94.0,0.30082889729109,7,201.0,0.26934083942876796,5,56.0,0.26577602398143524,17,351.0
2645.0,18,75.0,0.7211538461538461,4.3243232015812,5,94.0,0.21973425168670005,8,225.0,0.2878155488795401,5,54.0,0.2217879183921296,18,373.0
2650.0,18,60.0,0.594059405940594,4.475950160848181,4,89.0,0.24466026154791864,8,237.0,0.28468260735609696,6,57.0,0.23081102175857243,18,383.0
2655.0,18,66.0,0.6111111111111112,4.805278474645674,5,68.0,0.29102997666164093,7,207.0,0.2491992129691144,6,72.0,0.22636119484698355,18,347.0
2660.0,14,72.0,0.6605504587155964,5.201285763270926,5,70.0,0.33867550363762816,5,214.0,0.2119250885819885,4,84.0,0.3257036211057141,14,368.0
2665.0,21,106.0,0.9636363636363636,4.1810248911941805,3,57.0,0.29123532950444436,10,247.0,0.09619861423010373,8,100.0,0.29814869407262934,21,404.0
2670.0,19,144.0,1.3584905660377358,4.3160581266559355,4,71.0,0.23620000109473613,9,253.0,0.1262765014736113,6,123.0,0.35911062582593695,19,447.0
2675.0,16,154.0,1.5876288659793814,4.06628394026583,3,78.0,0.3297468818190476,6,212.0,0.16545236999505517,7,154.0,0.30199309729157375,16,444.0
2680.0,11,29.0,0.28431372549019607,3.8264653927719507,3,60.0,0.31345395687934785,6,241.0,0.14984297151629464,2,110.0,0.29284524702649906,11,411.0
2685.0,16,49.0,0.4666666666666667,3.729867583658305,3,58.0,0.3220413542289493,11,282.0,0.12416477040184698,2,95.0,0.2511910531887907,16,435.0
2690.0,21,70.0,0.6481481481481481,2.8642944963599573,5,76.0,0.13059294042335465,12,283.0,0.08457733258900621,4,101.0,0.1327399114839417,21,460.0
2695.0,20,81.0,0.7864077669902912,3.387478731415761,5,85.0,0.25244724295559,8,239.0,0.16764429825561347,7,123.0,0.20831961857415882,20,447.0
2700.0,16,104.0,1.0,4.007237945365613,2,64.0,0.34464319065200527,5,157.0,0.19359950437339699,9,159.0,0.23686011267830162,16,380.0
2705.0,18,132.0,1.168141592920354,4.145664260316949,4,45.0,0.33507871158776115,3,155.0,0.1977026123596392,11,208.0,0.2500457237220055,18,408.0
2710.0,19,95.0,0.8482142857142857,3.3405754831901455,1,42.0,0.2622715650409479,7,179.0,0.17870178441331266,11,188.0,0.12682311814532285,19,409.0
2715.0,27,127.0,1.1140350877192982,3.3425674968557995,6,63.0,0.12591433605800947,8,175.0,0.17536050027106817,13,145.0,0.13383991818504037,27,383.0
2720.0,32,169.0,1.5504587155963303,3.6249559899625767,13,118.0,0.23232198240210652,5,126.0,0.2510391943275385,14,187.0,0.17335973382544334,32,431.0
2725.0,34,144.0,1.2972972972972974,3.406670180162201,12,149.0,0.23177582522428095,5,81.0,0.21722446109687005,17,199.0,0.18860413691753414,34,429.0
2730.0,27,150.0,1.3157894736842106,4.985191071535795,10,137.0,0.3017471837139398,4,64.0,0.3303214318879297,13,202.0,0.2821464054485101,27,403.0
2735.0,18,98.0,0.8521739130434782,5.194918392370104,7,109.0,0.2945583804365329,2,49.0,0.3506334883860712,9,198.0,0.26787106946388384,18,356.0
2740.0,23,124.0,1.0333333333333334,5.741030807846802,8,136.0,0.30541305298022126,4,50.0,0.42915316585176405,11,180.0,0.27756914456166265,23,366.0
2745.0,18,100.0,0.8771929824561403,5.479062566275798,7,158.0,0.3256059593275364,1,29.0,0.5144308983343561,10,208.0,0.20458941944542078,18,395.0
2750.0,17,62.0,0.5486725663716814,4.75488147853708,3,137.0,0.2676424598938082,7,41.0,0.3798953947802901,7,199.0,0.1606230071287716,17,377.0
2755.0,28,161.0,1.4907407407407407,4.751172013684969,8,140.0,0.20216869219211922,12,92.0,0.2730617793411752,8,180.0,0.215833872734394,28,412.0
2760.0,22,108.0,1.0384615384615385,3.3509060041799663,7,156.0,0.0926539192943645,13,133.0,0.11920200510619204,2,155.0,0.2142666324531787,22,444.0
2765.0,24,97.0,0.9238095238095239,4.484063665442791,5,142.0,0.2603160518462205,12,150.0,0.22222709393894824,7,151.0,0.2661551825954839,24,443.0
2770.0,26,144.0,1.411764705882353,4.580322764027455,6,150.0,0.2997841119596439,7,137.0,0.23230855819937132,13,207.0,0.23995599365814074,26,494.0
2775.0,24,126.0,1.2,3.8933683759926696,9,186.0,0.20859853196091524,1,128.0,0.2648139309003076,14,244.0,0.18476495178886465,24,558.0
2780.0,24,97.0,0.97,4.297460205399461,6,188.0,0.20706020020797383,8,155.0,0.33149759102193443,10,200.0,0.2036565262582348,24,543.0
2785.0,19,55.0,0.5392156862745098,3.8869457136236263,5,142.0,0.14861694286350197,8,166.0,0.28885678419530103,6,166.0,0.1741782746642865,19,474.0
2790.0,13,38.0,0.3619047619047619,5.505049969183199,4,99.0,0.322566908390761,5,129.0,0.3359994686472454,4,173.0,0.327663119015829,13,401.0
2795.0,13,64.0,0.6153846153846154,5.827589064144287,3,72.0,0.38024247292747126,3,84.0,0.3372076316920335,7,202.0,0.2598070047265768,13,358.0
2800.0,12,57.0,0.5428571428571428,5.188079123861262,1,59.0,0.40482303900383976,4,58.0,0.33975890225292277,7,207.0,0.22281673201630095,12,324.0
2805.0,9,23.0,0.23,5.717511394665265,4,69.0,0.38400047426149914,3,34.0,0.4678710258357639,2,150.0,0.2631678094261874,9,253.0
2810.0,19,54.0,0.5192307692307693,4.470584708521569,6,74.0,0.2785880597120604,7,52.0,0.27564015265898734,6,145.0,0.14653728637271984,19,271.0
2815.0,21,76.0,0.7450980392156863,4.304073454495266,4,61.0,0.25690198656371543,8,72.0,0.25478256976666935,9,175.0,0.16375624374228095,21,308.0
2820.0,16,46.0,0.4842105263157895,3.732225555503106,3,48.0,0.2695890899039287,5,61.0,0.27095520491750164,8,176.0,0.170313692017278,16,285.0
2825.0,20,60.0,0.5882352941176471,4.637179499856894,9,77.0,0.28887216193778353,2,44.0,0.37751830787626295,9,137.0,0.21817238903699368,20,258.0
2830.0,15,59.0,0.5959595959595959,4.533203147610659,6,88.0,0.25670048024038755,3,42.0,0.4646989735147201,6,102.0,0.2138010306844998,15,232.0
2835.0,17,47.0,0.44339622641509435,4.1208451945166145,6,67.0,0.2002893554421859,7,70.0,0.29898246740290085,4,100.0,0.19859415124823313,17,237.0
2840.0,24,130.0,1.2380952380952381,4.6941956352529735,2,37.0,0.33589321701284597,13,125.0,0.2505377027480802,9,131.0,0.19749039785112626,24,293.0
2845.0,27,131.0,1.212962962962963,3.9370398121926957,5,34.0,0.2965394062992952,14,159.0,0.14777689645691133,8,141.0,0.15634092421045687,27,334.0
2850.0,16,55.0,0.5238095238095238,4.999068043281661,1,17.0,0.3963212854990832,10,137.0,0.28646285038826313,5,110.0,0.249775366225187,16,264.0
2855.0,14,42.0,0.4117647058823529,4.565728967097003,7,35.0,0.35809230397813296,4,148.0,0.23913780005749954,3,116.0,0.18324196541470908,14,299.0
2860.0,27,127.0,1.1981132075471699,4.016513674842362,10,77.0,0.24267367956186855,7,176.0,0.13243707496218507,10,148.0,0.1325824935410923,27,401.0
2865.0,35,247.0,2.6559139784946235,2.6184816400426985,14,139.0,0.13070336310191466,7,177.0,0.1793824782649773,14,208.0,0.15160878732271046,35,524.0
2870.0,40,216.0,2.1818181818181817,2.015772322650864,15,181.0,0.1280233690597173,7,141.0,0.1165650982933185,18,244.0,0.13748645686774605,40,566.0
2875.0,27,167.0,1.6534653465346534,4.840168798267026,9,168.0,0.3304205258686982,3,96.0,0.4552505987851014,15,238.0,0.19726742444438464,27,502.0
2880.0,25,123.0,1.1714285714285715,4.429822487740692,10,205.0,0.28582910412051077,2,69.0,0.5415023406803784,13,269.0,0.13933060854585286,25,543.0
2885.0,37,175.0,1.5350877192982457,4.195898356954982,12,263.0,0.21440194291948578,5,71.0,0.4617270654762925,20,346.0,0.11189354140780558,37,680.0
2890.0,42,240.0,2.2641509433962264,2.690640194368357,11,278.0,0.2006794184760257,8,99.0,0.20097641749822645,23,446.0,0.0891775623147375,42,823.0
2895.0,39,250.0,2.314814814814815,2.505863359256602,10,244.0,0.17556380856232828,12,140.0,0.19205073068366105,17,484.0,0.09417020770202038,39,868.0
2900.0,21,96.0,0.8888888888888888,4.078633749383693,6,194.0,0.2140371960438678,2,120.0,0.43897855362330024,13,449.0,0.15924416365411978,21,763.0
2905.0,26,66.0,0.5641025641025641,4.319892900974223,7,199.0,0.15965964306490335,5,79.0,0.40278122791832127,14,370.0,0.1193432178267511,26,648.0
2910.0,20,86.0,0.7543859649122807,5.290040947881277,7,228.0,0.17424427867341125,5,80.0,0.3974664413509846,8,326.0,0.2273159522996663,20,634.0
2915.0,18,73.0,0.7087378640776699,4.702926691129253,7,234.0,0.1780006277977875,4,62.0,0.38187969840477337,7,357.0,0.27797491711253625,18,653.0
2920.0,18,76.0,0.7307692307692307,4.750470861720379,6,196.0,0.2458058383416462,4,57.0,0.4064028805969795,8,396.0,0.22884369751897898,18,649.0
2925.0,21,91.0,0.900990099009901,4.043415237300793,5,203.0,0.20139494825361665,2,40.0,0.36565490482232166,14,452.0,0.24226399306058471,21,695.0
2930.0,34,143.0,1.3240740740740742,3.0010175572351425,11,237.0,0.10655238623684231,6,53.0,0.1484024791515434,17,474.0,0.1244887380430901,34,764.0
2935.0,25,100.0,0.970873786407767,3.6169466008954054,7,231.0,0.14140395181823287,5,61.0,0.2838680029014641,13,431.0,0.17546968045264155,25,723.0
2940.0,18,60.0,0.6060606060606061,3.9011297876932396,4,174.0,0.2074010430007317,3,47.0,0.45800581676473845,11,450.0,0.15884964334938118,18,671.0
2945.0,21,88.0,0.822429906542056,4.689364750827026,3,98.0,0.21395591484341292,3,40.0,0.5306867575288445,15,518.0,0.15504864861707846,21,656.0
2950.0,18,103.0,1.0098039215686274,4.632219324994402,3,55.0,0.27034483475916155,3,49.0,0.5012838500872365,12,526.0,0.14166598903554142,18,630.0
2955.0,14,63.0,0.5887850467289719,4.822796998471384,4,55.0,0.3822989087765481,3,41.0,0.3617942042707517,7,390.0,0.14703025986318186,14,486.0
2960.0,18,119.0,1.1121495327102804,6.061418252658065,4,62.0,0.4614390975318045,8,58.0,0.4086057406173947,6,320.0,0.23321695525288458,18,440.0
2965.0,17,109.0,1.0092592592592593,5.110415479380165,8,80.0,0.3992618861328193,5,71.0,0.28315524687826016,4,294.0,0.18477046832357427,17,445.0
2970.0,16,48.0,0.45714285714285713,5.08218104704269,4,55.0,0.432458243801981,5,59.0,0.22899375455400808,7,320.0,0.2394437728925286,16,434.0
2975.0,15,76.0,0.7755102040816326,5.110666607525958,6,34.0,0.4667646327034226,3,61.0,0.27558824869606924,6,301.0,0.19929591262425475,15,396.0
2980.0,13,31.0,0.3229166666666667,4.53663030179604,5,40.0,0.3606641285914775,2,46.0,0.23973036460526662,6,210.0,0.2278857826771998,13,296.0
2985.0,11,46.0,0.4842105263157895,5.177953421604916,3,30.0,0.3013986014094582,5,67.0,0.39082634215515455,3,137.0,0.26570540269731857,11,234.0
2990.0,5,21.0,0.20388349514563106,5.255588003333092,1,23.0,0.3810626997247194,4,73.0,0.2759935203950835,0,111.0,0.2310788000915474,5,207.0
2995.0,11,39.0,0.39,5.167387229835615,2,20.0,0.44348073007203515,3,49.0,0.2397897881211897,6,131.0,0.2405168346237232,11,200.0
3000.0,21,125.0,1.288659793814433,4.658075470159809,5,39.0,0.4190698494138122,4,53.0,0.19769590354279928,12,180.0,0.15613997112645628,21,272.0
3005.0,27,163.0,1.6804123711340206,3.7578072326312877,3,43.0,0.40859370933606404,4,47.0,0.18683448426036509,20,258.0,0.14406947117080587,27,348.0
3010.0,39,311.0,3.3440860215053765,3.770061687863439,3,26.0,0.4698898376114696,8,68.0,0.24184512246422565,28,378.0,0.10240672692918089,39,472.0
3015.0,43,458.0,4.58,2.9181447914948797,2,29.0,0.2709069804006513,8,92.0,0.14033545500732927,33,532.0,0.040694294274307825,43,653.0
3020.0,48,489.0,4.989795918367347,3.3849932656886508,7,52.0,0.36816723684243624,7,91.0,0.2289556754226009,34,626.0,0.09840226000863438,48,769.0
3025.0,47,414.0,4.14,2.631909068304692,8,69.0,0.2737981052950043,6,89.0,0.21656395604733228,33,642.0,0.05742666846707848,47,800.0
3030.0,40,355.0,3.514851485148515,3.899407430024351,5,61.0,0.32116768306290794,6,111.0,0.35395618297546955,29,786.0,0.09477409484177599,40,958.0
3035.0,32,301.0,3.04040404040404,4.002831929500734,3,43.0,0.3765693429626024,3,115.0,0.27330536059685323,26,923.0,0.0822772921611153,32,1081.0
3040.0,25,184.0,1.7864077669902914,3.426510758590485,2,29.0,0.33957444938971293,4,129.0,0.15731176943600825,19,956.0,0.08770273088799155,25,1114.0
3045.0,19,83.0,0.8469387755102041,4.47201077611398,6,52.0,0.37808192668649215,5,144.0,0.23656518810187221,8,865.0,0.17351528526189405,19,1061.0
3050.0,19,81.0,0.8181818181818182,4.2637693503495795,5,56.0,0.22882064978289499,7,176.0,0.21743090444301647,7,706.0,0.16887365068849552,19,938.0
3055.0,18,85.0,0.8947368421052632,5.232074283884204,4,47.0,0.2619586852522913,7,190.0,0.36098531747376794,7,626.0,0.2782361528764038,18,863.0
3060.0,13,72.0,0.7578947368421053,5.466314679200574,3,51.0,0.3513373539851676,6,166.0,0.3067141705625535,4,489.0,0.3010166333024194,13,706.0
3065.0,19,110.0,1.0891089108910892,5.807108337793069,6,72.0,0.36146971327957483,8,200.0,0.2715908016984182,5,365.0,0.39085599366020907,19,637.0
3070.0,19,79.0,0.8061224489795918,5.434895287094982,4,66.0,0.33082340244955966,14,257.0,0.2016806820089108,1,343.0,0.4734630735734408,19,666.0
3075.0,27,123.0,1.23,4.421931024443837,9,86.0,0.09178912767543514,11,281.0,0.12925658605261053,7,349.0,0.29160455815604575,27,716.0
3080.0,27,171.0,1.9,4.401160578108618,10,117.0,0.30279908597245425,4,235.0,0.18316092337301196,13,402.0,0.24643977512364465,27,754.0
3085.0,40,225.0,2.5280898876404496,3.179191083482615,10,134.0,0.29515983440105464,8,261.0,0.1338425435204209,22,484.0,0.09794419739269675,40,879.0
3090.0,42,335.0,3.641304347826087,3.2719049408264094,7,140.0,0.34800005560621067,11,303.0,0.12711388429440124,24,593.0,0.09394880439621434,42,1036.0
3095.0,34,300.0,3.2967032967032965,2.8482053356987973,5,166.0,0.1549934670467429,8,308.0,0.09683624997048576,21,623.0,0.13922116029926468,34,1097.0
3100.0,30,210.0,2.210526315789474,3.6297492038396912,11,207.0,0.1834692681160206,4,258.0,0.2564601485873449,15,532.0,0.22462464638587948,30,997.0
3105.0,24,187.0,1.9684210526315788,5.210719371437717,13,265.0,0.28079118405331494,4,183.0,0.38384243553250985,7,349.0,0.2987097209021244,24,797.0
3110.0,19,98.0,0.9514563106796117,3.8984271985360786,13,280.0,0.19223460653502442,2,173.0,0.308398289855247,4,352.0,0.21886034377062497,19,805.0
3115.0,26,118.0,1.1346153846153846,4.294732078028259,11,247.0,0.1997165850215562,7,199.0,0.2680231445474894,8,387.0,0.2202268870605969,26,833.0
3120.0,35,225.0,2.295918367346939,3.399276308051973,10,221.0,0.17704248040593557,12,250.0,0.09690467321598935,13,440.0,0.15462921501276813,35,911.0
3125.0,37,267.0,2.5673076923076925,3.022668710516465,7,238.0,0.1594870917966338,11,263.0,0.1449155585252599,19,524.0,0.10431374090987452,37,1025.0
3130.0,38,239.0,2.366336633663366,3.51628037837951,12,291.0,0.21568107046792132,5,217.0,0.19730702680490206,21,530.0,0.17349238745409387,38,1038.0
3135.0,30,166.0,1.6274509803921569,3.39230868059876,7,303.0,0.2094586731927187,7,224.0,0.18542824548135498,16,436.0,0.16707808422807746,30,963.0
3140.0,27,136.0,1.3465346534653466,4.711876083240982,4,245.0,0.2883066050397277,10,272.0,0.3238551779916471,13,315.0,0.19534908437312962,27,832.0
3145.0,32,145.0,1.3425925925925926,3.940509944699287,9,257.0,0.10242521924149996,11,320.0,0.21513058759474998,12,269.0,0.22463072064497205,32,846.0
3150.0,30,203.0,1.9333333333333333,4.011728012391415,10,300.0,0.1188065087249303,14,382.0,0.19750326357568543,6,257.0,0.29698789840701506,30,939.0
3155.0,29,167.0,1.67,3.022533407727885,6,289.0,0.10449297475318063,16,394.0,0.07884800038178875,7,282.0,0.18506545691419907,29,965.0
3160.0,26,105.0,1.0396039603960396,3.737898813371089,4,198.0,0.2296276648223587,15,337.0,0.1433853227750074,7,277.0,0.23077973693181134,26,812.0
3165.0,15,72.0,0.7272727272727273,5.275294251676841,3,183.0,0.35658683687192294,9,264.0,0.2788547347172314,3,196.0,0.3568423245618381,15,643.0
3170.0,16,62.0,0.5849056603773585,4.965087028153331,2,175.0,0.34170805464861076,10,228.0,0.2771719744753668,4,189.0,0.3091326675254598,16,592.0
3175.0,20,117.0,1.0934579439252337,5.383920868374519,6,197.0,0.2932954280460492,7,191.0,0.40135502293920866,7,213.0,0.2518203580635196,20,601.0
3180.0,24,168.0,1.696969696969697,4.073894216032216,13,248.0,0.23061703289647117,5,159.0,0.3526349485106064,6,199.0,0.1783318520629991,24,606.0
3185.0,26,177.0,1.7019230769230769,3.739038526049686,19,330.0,0.15468576532129755,1,131.0,0.4232367298092651,6,154.0,0.1996333366389602,26,615.0
3190.0,30,203.0,1.9150943396226414,4.106553839150279,20,371.0,0.09839900486647642,7,115.0,0.40477241661887514,3,91.0,0.22521781705986227,30,577.0
3195.0,23,126.0,1.1666666666666667,3.9471218769419436,17,357.0,0.08312777924792973,5,119.0,0.3310370126452603,1,74.0,0.23116722095958123,23,550.0
3200.0,24,145.0,1.3679245283018868,4.987894171002968,16,326.0,0.2152227355712252,1,83.0,0.37014280513875425,7,101.0,0.2427710490456001,24,510.0
3205.0,21,101.0,0.9351851851851852,4.544327837720206,12,357.0,0.2211009425913313,3,47.0,0.3683551496429894,6,110.0,0.19527433717701081,21,514.0
3210.0,20,102.0,0.9807692307692307,4.54303253044152,12,412.0,0.22819437906762333,2,36.0,0.4474250570629836,6,75.0,0.19602979386903419,20,523.0
3215.0,16,84.0,0.8316831683168316,4.10880473472875,10,414.0,0.18785836756006233,3,36.0,0.47845072959185425,3,76.0,0.19464740094428587,16,526.0
3220.0,17,94.0,0.8952380952380953,4.025023452703708,5,349.0,0.20248459649221834,5,57.0,0.4532787129442952,7,102.0,0.1386124698914682,17,508.0
3225.0,17,126.0,1.2352941176470589,4.22168899978091,4,253.0,0.26743727140186124,5,82.0,0.46382041330252527,8,110.0,0.15253243560154675,17,445.0
3230.0,13,45.0,0.41284403669724773,4.333045451225564,5,192.0,0.26532254066226413,3,53.0,0.3786190708402307,5,86.0,0.16212751672006348,13,331.0
3235.0,15,38.0,0.34545454545454546,4.8684227610219395,1,171.0,0.354432276184226,9,82.0,0.35194124086686857,5,82.0,0.19459057531810936,15,335.0
3240.0,24,76.0,0.6846846846846847,4.34170858408193,7,185.0,0.24170532624627286,7,104.0,0.19427233182880607,10,110.0,0.12109763824975064,24,399.0
3245.0,23,91.0,0.8504672897196262,3.6196236435461544,8,200.0,0.27347470927057865,9,131.0,0.17008409596703666,6,120.0,0.1372539667354428,23,451.0
3250.0,11,27.0,0.2727272727272727,3.901707617681296,3,163.0,0.3021965124762694,5,125.0,0.23614175096090959,3,90.0,0.17812716311560992,11,378.0
3255.0,14,51.0,0.4722222222222222,4.799078172764132,2,98.0,0.25086832440256307,8,100.0,0.35839412536863535,4,88.0,0.14553592794078407,14,286.0
3260.0,24,140.0,1.2962962962962963,5.512067905541839,3,61.0,0.45512382109745286,12,146.0,0.3227531820902111,9,121.0,0.14316108222603635,24,328.0
3265.0,25,137.0,1.3564356435643565,3.726538599089792,5,25.0,0.3844685006543119,10,168.0,0.11256412592581828,10,133.0,0.09207150205057878,25,326.0
3270.0,20,89.0,0.8811881188118812,4.5340432055354905,2,12.0,0.4400987197331597,10,160.0,0.21052116717213185,8,120.0,0.19136967022742188,20,292.0
3275.0,24,89.0,0.898989898989899,4.52023174484727,7,31.0,0.3446713646216811,9,168.0,0.27133632112772443,8,145.0,0.1430143263394335,24,344.0
3280.0,27,108.0,1.0693069306930694,3.5771016113412895,6,45.0,0.151101833826106,9,216.0,0.18494103847985247,12,197.0,0.10300974625252943,27,458.0
3285.0,22,106.0,1.1777777777777778,3.2132879755176917,3,36.0,0.3342455561229466,9,265.0,0.18386590705110287,10,218.0,0.13042481758226696,22,519.0
3290.0,23,144.0,1.5,3.592654863509837,0,28.0,0.3765183892784076,15,333.0,0.1546087365729671,8,188.0,0.12324962468978519,23,549.0
3295.0,22,128.0,1.3195876288659794,4.98078117912105,3,36.0,0.4539040944161348,12,349.0,0.25847379951298133,7,149.0,0.19156547711521493,22,534.0
3300.0,19,92.0,0.9583333333333334,4.91941546518721,6,61.0,0.3940678774269547,8,297.0,0.259948228416122,5,160.0,0.20520537049515586,19,518.0
3305.0,23,108.0,1.1020408163265305,4.869301107097815,5,73.0,0.41446213078252875,10,237.0,0.241505400510266,8,185.0,0.18752244724161232,23,495.0
3310.0,17,85.0,0.9340659340659341,4.511880745722394,3,80.0,0.49538203217208515,7,230.0,0.28028648318452754,7,194.0,0.19465947307398068,17,504.0
3315.0,15,63.0,0.6494845360824743,4.283187961378626,4,92.0,0.38029612819658715,7,244.0,0.25779197127473713,4,159.0,0.2081887445311041,15,495.0
3320.0,18,94.0,0.94,4.775197556219647,9,122.0,0.31741978870523296,4,223.0,0.4000531964144247,5,162.0,0.20452773282758718,18,507.0
3325.0,22,66.0,0.616822429906542,3.332138179794761,10,140.0,0.13018008536678052,3,193.0,0.31701662556221133,9,190.0,0.09994355190928736,22,523.0
3330.0,28,128.0,1.2427184466019416,3.564289356695497,8,124.0,0.21086449824600598,7,195.0,0.271107795854676,13,243.0,0.10829396041463772,28,562.0
3335.0,23,126.0,1.2475247524752475,3.542125275684168,6,94.0,0.2511331207896321,4,193.0,0.2217895006291882,13,261.0,0.10075043156917901,23,548.0
3340.0,22,73.0,0.6952380952380952,3.8998533670017976,5,98.0,0.2964955753710267,5,158.0,0.2558005561584945,12,237.0,0.143359545165391,22,493.0
3345.0,21,89.0,0.8476190476190476,4.864272884429434,9,129.0,0.2823219331759664,3,126.0,0.37744440915315697,9,180.0,0.16697325890166442,21,435.0
3350.0,29,159.0,1.485981308411215,4.239578228630175,12,177.0,0.1460493889475039,7,143.0,0.2939936910899733,10,157.0,0.18502421781297843,29,477.0
3355.0,26,189.0,1.8349514563106797,4.983231063746639,9,190.0,0.2152544402914371,9,182.0,0.37344006144257996,8,158.0,0.3114167096677651,26,530.0
3360.0,22,194.0,1.9019607843137254,5.673150383403592,6,151.0,0.29470843663387225,10,201.0,0.3243005716382301,6,152.0,0.3725652092475014,22,504.0
3365.0,19,137.0,1.2924528301886793,6.398487064760721,6,113.0,0.3427603878527635,7,195.0,0.3302055213380851,6,160.0,0.49325330000297224,19,468.0
3370.0,18,50.0,0.4716981132075472,5.523264762203094,5,111.0,0.27595296190976015,11,203.0,0.1984481240254817,2,122.0,0.4665993296523366,18,436.0
3375.0,30,106.0,1.0095238095238095,4.195981655087966,10,155.0,0.140066371313176,12,219.0,0.07175578137508237,8,93.0,0.23153372814562562,30,467.0
3380.0,20,74.0,0.7956989247311828,4.050024847752626,6,169.0,0.24856758775108595,6,189.0,0.1361429504673946,8,112.0,0.25482893852942495,20,470.0
3385.0,18,21.0,0.22580645161290322,4.374810607764158,6,133.0,0.26488495174819043,7,203.0,0.19801372922931607,5,92.0,0.2727719879861706,18,428.0
3390.0,17,58.0,0.6041666666666666,4.85825721300989,3,105.0,0.30198595041893833,10,241.0,0.1746670186011622,4,86.0,0.31222180903846825,17,432.0
3395.0,21,97.0,1.0210526315789474,4.068205144834581,3,90.0,0.2035199243956758,9,244.0,0.10798752384376265,9,115.0,0.23901656033621474,21,449.0
3400.0,21,56.0,0.5773195876288659,3.8415369840848297,2,78.0,0.2913698632964994,9,199.0,0.14546080085052276,10,126.0,0.22789843218246225,21,403.0
3405.0,14,52.0,0.5591397849462365,5.490825823723265,5,99.0,0.33274277896772897,4,147.0,0.31453713761072494,4,96.0,0.43059783653619726,13,342.0
3410.0,13,56.0,0.56,5.90046661546757,9,114.0,0.316558668591614,4,115.0,0.309214407647861,0,35.0,0.45057657928577316,13,264.0
3415.0,14,87.0,0.8787878787878788,6.634612891095666,7,130.0,0.3230331116394335,4,104.0,0.4474001696619652,3,19.0,0.5484141443724062,14,253.0
3420.0,10,89.0,0.89,6.227159533673875,3,125.0,0.24491019103745337,5,100.0,0.49445935965469306,2,20.0,0.5198797643816107,10,245.0
3425.0,17,153.0,1.4433962264150944,6.7884419211849405,7,131.0,0.22397143277905776,6,107.0,0.5704246285408351,4,38.0,0.5677174898720092,17,276.0
3430.0,12,72.0,0.6792452830188679,6.042434666853792,6,131.0,0.17762248618211735,1,70.0,0.48119389106393234,5,58.0,0.5456863734520021,12,259.0
3435.0,14,40.0,0.3883495145631068,4.903110497438785,4,101.0,0.1096161694138648,8,41.0,0.3386135737939178,2,32.0,0.3703751512939384,14,174.0
3440.0,23,128.0,1.3061224489795917,5.202247058241579,2,62.0,0.17905174843153018,13,95.0,0.2540931284620839,8,31.0,0.249491695885401,23,188.0
3445.0,29,139.0,1.4946236559139785,4.186990368093001,5,51.0,0.2438525997334242,16,138.0,0.1501214670070579,8,60.0,0.08233149771675217,29,249.0
3450.0,17,107.0,1.2159090909090908,5.848006509164293,5,56.0,0.42479470102539746,10,152.0,0.27396819971320857,2,56.0,0.374495667355095,17,264.0
3455.0,9,37.0,0.42528735632183906,6.322802367732449,2,28.0,0.4276464801145049,5,132.0,0.3088006948088838,2,40.0,0.5507294827423673,9,200.0
3460.0,17,63.0,0.6774193548387096,6.004449691015758,6,34.0,0.44839837238763025,3,120.0,0.21874861961500613,8,69.0,0.3571553299571713,17,223.0
3465.0,17,54.0,0.6352941176470588,5.2683046010647505,4,43.0,0.34720967959809124,7,147.0,0.22684629964393743,6,80.0,0.31024337290860704,17,270.0
3470.0,16,32.0,0.3855421686746988,4.076827388921866,2,23.0,0.2271044580337468,10,161.0,0.2295651712004452,4,50.0,0.2735744630435155,16,234.0
3475.0,10,41.0,0.47674418604651164,6.818378291494082,2,18.0,0.44874421086013,5,123.0,0.3359927962653336,3,30.0,0.5477018266501426,10,171.0
3480.0,7,49.0,0.5568181818181818,6.868146050617687,2,10.0,0.39168184328066386,2,84.0,0.3203082651078646,3,28.0,0.6032991552601839,7,122.0
3485.0,9,33.0,0.3626373626373626,6.1890600537632965,7,37.0,0.35898117948409275,1,66.0,0.2705409551976084,1,13.0,0.5545714223258745,9,116.0
3490.0,25,122.0,1.3707865168539326,5.277779256400482,12,82.0,0.16061966534574293,8,90.0,0.25577509021717004,5,24.0,0.3783774316817091,25,196.0
3495.0,25,103.0,1.2560975609756098,3.8247144517694185,12,113.0,0.11921828741461535,8,107.0,0.14558977714511892,5,38.0,0.20934078093115002,25,258.0
3500.0,13,47.0,0.6266666666666667,5.651659457213871,7,108.0,0.3304676792132235,6,100.0,0.3490366335240838,0,26.0,0.45154687596087634,13,234.0
3505.0,12,23.0,0.27058823529411763,6.620825876312575,5,106.0,0.34262166317748183,4,65.0,0.29886278442813613,3,15.0,0.6202970176070874,12,186.0
3510.0,8,23.0,0.26744186046511625,6.556889020984955,6,129.0,0.2836496410922974,1,58.0,0.33837073982030347,1,3.0,0.7264305707283543,8,190.0
3515.0,13,45.0,0.5421686746987951,5.193902927614696,7,137.0,0.1701321120083478,6,77.0,0.2022472962563634,0,0.0,0.6195213053193188,13,214.0
3520.0,17,41.0,0.47674418604651164,4.676941179848075,5,113.0,0.18860456534251877,7,88.0,0.21327204231103464,5,11.0,0.30826691450904725,17,212.0
3525.0,11,49.0,0.6049382716049383,5.311167691926222,2,104.0,0.30890819013259946,2,67.0,0.26784205869193917,7,43.0,0.47919004567304185,11,214.0
3530.0,15,55.0,0.6470588235294118,4.492761340347706,9,132.0,0.21620988182531486,2,58.0,0.17280754781381014,4,53.0,0.398955874950912,15,243.0
3535.0,23,119.0,1.4337349397590362,4.610356486260088,14,184.0,0.16798018887367697,7,83.0,0.2931261514064305,2,33.0,0.4911296108810933,23,300.0
3540.0,28,152.0,1.853658536585366,3.293676721773679,13,205.0,0.09712161693179691,11,133.0,0.18046144694405059,4,23.0,0.3285399987941009,28,361.0
3545.0,32,151.0,1.6593406593406594,4.223815795072235,10,165.0,0.16229189383874226,13,168.0,0.19316238553043263,9,53.0,0.27223673703529466,32,386.0
3550.0,21,96.0,1.103448275862069,5.283874988839288,7,125.0,0.29106166137089695,8,152.0,0.27583320216752494,6,71.0,0.3901259762450563,21,348.0
3555.0,10,28.0,0.2978723404255319,5.565336919285868,3,123.0,0.3052633229813105,5,105.0,0.29344073422546824,2,41.0,0.45594118718121057,10,269.0
3560.0,15,64.0,0.6808510638297872,6.998394983507222,8,157.0,0.2792687709246994,4,89.0,0.5033535851330115,3,17.0,0.6108154148674639,15,263.0
3565.0,28,133.0,1.3854166666666667,5.83415392282069,17,216.0,0.15863589029599015,6,68.0,0.46932470486782263,5,26.0,0.5576833253654284,28,310.0
3570.0,21,134.0,1.4565217391304348,5.7069703956241025,15,247.0,0.16214683374032482,2,54.0,0.49514461148932176,4,45.0,0.6187348679678141,21,346.0
3575.0,20,83.0,0.8924731182795699,4.996490776130748,12,229.0,0.14797842131119557,7,75.0,0.32826445215907735,1,18.0,0.4243564354789465,20,322.0
3580.0,26,86.0,0.9148936170212766,3.835507726245501,11,254.0,0.12496082804818556,8,91.0,0.17080284949350746,7,22.0,0.1805372715374887,26,367.0
3585.0,19,58.0,0.6236559139784946,4.699933521996778,11,306.0,0.179577719768945,3,68.0,0.20867663804979958,5,40.0,0.4464182554018747,19,414.0
3590.0,18,87.0,0.9456521739130435,4.7784865258425056,15,368.0,0.11119780505429537,1,31.0,0.4332346560052642,2,24.0,0.5183169541527041,18,423.0
3595.0,19,101.0,1.1348314606741574,5.6693337632171215,15,386.0,0.1296798687232819,2,17.0,0.581683269431798,2,17.0,0.7016392398756012,19,420.0
3600.0,14,65.0,0.7222222222222222,4.949647949623693,10,339.0,0.12977706581120566,2,21.0,0.47086878978571167,2,9.0,0.5228128235776419,14,369.0
