step,system_total_stopped,system_total_waiting_time,system_mean_waiting_time,system_mean_speed,A0_stopped,A0_accumulated_waiting_time,A0_average_speed,B0_stopped,B0_accumulated_waiting_time,B0_average_speed,C0_stopped,C0_accumulated_waiting_time,C0_average_speed,agents_total_stopped,agents_total_accumulated_waiting_time
0.0,0,0.0,0.0,0.0,0,0.0,1.0,0,0.0,1.0,0,0.0,1.0,0,0.0
5.0,0,0.0,0.0,6.793882525453551,0,0.0,0.38532246199574227,0,0.0,0.5649228889170977,0,0.0,0.5295362954056486,0,0.0
10.0,1,0.0,0.0,11.010484931987577,1,0.0,0.6542237030614743,0,0.0,0.948134187103844,0,0.0,0.8214488162674194,1,0.0
15.0,2,2.0,0.1,8.61686049666217,0,0.0,0.6207310154821691,1,1.0,0.18324289646626615,1,1.0,0.4812992703629945,2,2.0
20.0,2,12.0,0.631578947368421,10.57838883063006,0,0.0,0.8078072032759941,1,6.0,0.7606318184702292,1,6.0,0.6593084060726092,2,12.0
25.0,12,26.0,0.9285714285714286,5.457271154582576,3,0.0,0.41836692965852346,4,13.0,0.36429349035599395,5,13.0,0.2157094674748563,12,26.0
30.0,2,10.0,0.3448275862068966,9.727242930331077,2,10.0,0.6429013484162367,0,5.0,0.8579420015016612,0,5.0,0.692263678869752,2,20.0
35.0,4,22.0,0.6875,9.260755903610685,2,20.0,0.4954056993318984,1,1.0,0.6895511472945184,1,1.0,0.55131226476902,4,22.0
40.0,6,39.0,1.1142857142857143,7.565096281249443,5,36.0,0.4305313027241566,1,3.0,0.48032003395868417,0,0.0,0.5201848213597392,6,39.0
45.0,1,8.0,0.23529411764705882,9.138793984702131,0,14.0,0.6399088067362242,1,10.0,0.6981075146094703,0,2.0,0.668946012814431,1,26.0
50.0,4,22.0,0.5116279069767442,8.687366906279117,2,9.0,0.5008383087469646,2,17.0,0.460293384946665,0,2.0,0.717957558467507,4,28.0
55.0,4,5.0,0.11627906976744186,8.792487917086559,2,11.0,0.4847748923216596,0,7.0,0.6064381979569922,2,3.0,0.6925294968954151,4,21.0
60.0,5,20.0,0.4878048780487805,8.182180059056353,0,2.0,0.449749491859157,3,11.0,0.47881155701505407,2,13.0,0.5500619213792083,5,26.0
65.0,2,6.0,0.12244897959183673,8.421472253957473,2,6.0,0.49786541325210426,0,9.0,0.6453030965396921,0,4.0,0.46706573885152136,2,19.0
70.0,6,24.0,0.5106382978723404,10.454952387955164,3,18.0,0.6138320822911567,0,0.0,0.8557967870223374,3,10.0,0.6109295544541384,6,28.0
75.0,5,30.0,0.625,8.818313221159277,4,32.0,0.5234188278836898,0,0.0,0.6275245278727137,1,7.0,0.634844481162869,5,39.0
80.0,4,10.0,0.2127659574468085,9.690817478865238,2,13.0,0.630436849426238,2,11.0,0.690597579321718,0,2.0,0.7535738794515584,4,26.0
85.0,12,15.0,0.2727272727272727,7.676150851484159,6,14.0,0.3779049942278334,3,5.0,0.45384682282628014,3,0.0,0.6415839434020034,12,19.0
90.0,6,21.0,0.3888888888888889,8.078222651324866,2,17.0,0.45734714061144915,3,17.0,0.4305868546605154,1,2.0,0.688210640102352,6,36.0
95.0,6,21.0,0.42,7.824472579177364,1,5.0,0.5533018612578334,3,26.0,0.4600687532269095,2,11.0,0.4498356082777603,6,42.0
100.0,8,38.0,0.7169811320754716,8.655005134768032,2,4.0,0.5671684692889181,2,20.0,0.618499664721624,4,31.0,0.4489107478813896,8,55.0
105.0,3,17.0,0.30357142857142855,9.543502666973906,1,2.0,0.6194288838208163,2,17.0,0.7448992159765998,0,16.0,0.658292552734372,3,35.0
110.0,9,46.0,0.7666666666666667,8.145766323876591,4,13.0,0.4407903915909818,4,28.0,0.38810656122644116,1,7.0,0.5832714535329472,9,48.0
115.0,7,15.0,0.28846153846153844,6.667800407220083,5,27.0,0.32540297669561824,1,10.0,0.3255676373086733,1,1.0,0.5993135719154665,7,38.0
120.0,5,18.0,0.3829787234042553,7.808593721855691,1,25.0,0.2845433945199008,4,21.0,0.460931802829217,0,0.0,0.547237420922044,5,46.0
125.0,4,16.0,0.3137254901960784,9.1804112902244,2,23.0,0.39178952247351173,0,17.0,0.7731797229983788,2,8.0,0.5245120072779823,4,48.0
130.0,3,20.0,0.4,9.658872208115126,2,21.0,0.5470228030058859,0,4.0,0.8361122537312261,1,4.0,0.5360953254330124,3,29.0
135.0,10,57.0,1.0754716981132075,9.165034736885357,4,36.0,0.5549779969533469,1,3.0,0.7050435005624247,5,22.0,0.5284599621307539,10,61.0
140.0,3,12.0,0.24489795918367346,8.831514122862645,1,16.0,0.6611958898386953,2,10.0,0.6476287266683405,0,20.0,0.606842266204456,3,46.0
145.0,12,15.0,0.2777777777777778,7.246781791603176,7,16.0,0.36879209691755405,2,2.0,0.5271041711535608,3,3.0,0.44544200706209947,12,21.0
150.0,5,12.0,0.23076923076923078,7.5841578927140505,2,20.0,0.40366237478252437,2,6.0,0.4720155532679533,1,1.0,0.4747036126650311,5,27.0
155.0,6,21.0,0.42,7.620001906688506,0,8.0,0.5411277765876252,2,13.0,0.4390199766267125,4,18.0,0.27392944469784714,6,39.0
160.0,8,22.0,0.4,8.104009221321403,3,6.0,0.5925623141175442,2,12.0,0.5604582393062327,3,29.0,0.4184465167239302,8,47.0
165.0,4,31.0,0.5961538461538461,10.092614068022133,2,16.0,0.7251644924064831,2,19.0,0.727580778016847,0,14.0,0.7105527918544852,4,49.0
170.0,8,57.0,0.9827586206896551,8.463940954475792,4,28.0,0.45846056324932943,3,29.0,0.586464041878392,1,7.0,0.5855329250659105,8,64.0
175.0,4,12.0,0.21428571428571427,9.01697021335792,1,8.0,0.5110950773888361,1,10.0,0.672868100171333,2,11.0,0.654319044134821,4,29.0
180.0,9,43.0,0.7678571428571429,8.205777388650239,3,10.0,0.3257259874952213,4,14.0,0.3606102254568743,2,21.0,0.5265265557831189,9,45.0
185.0,8,46.0,0.8518518518518519,7.0783532251012655,1,8.0,0.4305509771801096,3,21.0,0.2890217678399842,4,39.0,0.44810362812163507,8,68.0
190.0,2,1.0,0.02040816326530612,8.200099811185712,1,4.0,0.6403537117808213,0,9.0,0.607733870641443,1,17.0,0.4617811489546556,2,30.0
195.0,5,18.0,0.32142857142857145,9.412726293632895,0,2.0,0.6996148160148012,2,6.0,0.6184594109962919,3,16.0,0.5713691563318619,5,24.0
200.0,4,8.0,0.1568627450980392,9.373784909543934,2,6.0,0.7439995189147852,2,6.0,0.6578741723916934,0,8.0,0.6082825772426329,4,20.0
205.0,13,36.0,0.6792452830188679,7.725975688485747,5,15.0,0.4109445848315171,6,25.0,0.43852786667967547,2,0.0,0.5003455978595587,13,40.0
210.0,5,14.0,0.2692307692307692,7.630873999961671,1,7.0,0.4102464019700427,2,24.0,0.41937413775952126,2,10.0,0.5770039355166113,5,41.0
215.0,7,39.0,0.7222222222222222,8.126900230763255,5,21.0,0.5000912247488087,0,9.0,0.43157984820776873,2,22.0,0.5235338224330112,7,52.0
220.0,3,7.0,0.1320754716981132,8.680571176987998,1,20.0,0.5892197487027651,2,9.0,0.4844055399082623,0,4.0,0.7040472451039705,3,33.0
225.0,3,16.0,0.32,10.117548419141643,1,3.0,0.630990306691085,2,18.0,0.6621210479424234,0,2.0,0.7877464629366514,3,23.0
230.0,6,29.0,0.5576923076923077,8.615333444425442,0,0.0,0.6379629467726161,4,31.0,0.4575648641341062,2,0.0,0.588188300811851,6,31.0
235.0,3,9.0,0.17647058823529413,9.880272661731022,2,5.0,0.6374119961311033,0,11.0,0.7579497640273613,1,5.0,0.6298299381320797,3,21.0
240.0,5,28.0,0.5490196078431373,9.045324438737616,2,15.0,0.5514331089725529,2,6.0,0.5200495278644479,1,10.0,0.5804162562805953,5,31.0
245.0,9,53.0,0.9464285714285714,8.278480328331069,5,33.0,0.4262318051054621,1,8.0,0.5385372570411875,3,20.0,0.4768664257070545,9,61.0
250.0,3,6.0,0.11538461538461539,8.617717277016277,2,18.0,0.4415131539160768,0,3.0,0.6824031032516245,1,10.0,0.6083689137297041,3,31.0
255.0,7,32.0,0.5614035087719298,8.727079206423292,5,23.0,0.4735747571774084,1,2.0,0.4313659781677256,1,10.0,0.5966698579326329,7,35.0
260.0,2,12.0,0.24489795918367346,9.444455985297392,0,17.0,0.6104208328824285,2,12.0,0.5609256898407821,0,3.0,0.6867556363220141,2,32.0
265.0,9,23.0,0.4791666666666667,7.335460653552417,2,0.0,0.4564539308269276,5,25.0,0.3466339289536417,2,0.0,0.4567268099834723,9,25.0
270.0,2,4.0,0.0784313725490196,8.211445110441652,1,2.0,0.4411784330861153,0,9.0,0.7007988705630119,1,2.0,0.4872415574087508,2,13.0
275.0,10,40.0,0.7692307692307693,9.400205152951335,6,23.0,0.2634223432571651,0,2.0,0.8465815514956376,4,17.0,0.5458599844733457,10,42.0
280.0,6,16.0,0.34782608695652173,7.5294906076007475,4,32.0,0.33785454390317,0,0.0,0.44621200653613613,2,17.0,0.4292788546872937,6,49.0
285.0,0,0.0,0.0,8.730083815437224,0,19.0,0.5089086741346464,0,4.0,0.7483225640459622,0,8.0,0.5867537367625786,0,31.0
290.0,2,1.0,0.0196078431372549,9.11358350684573,1,8.0,0.4422010132788302,0,4.0,0.8114101314614752,1,2.0,0.565790322232298,2,14.0
295.0,6,18.0,0.34615384615384615,10.21734472868211,2,10.0,0.6507681044445754,1,3.0,0.7982402910376277,3,7.0,0.6124326128124538,6,20.0
300.0,6,48.0,0.96,9.169398058363821,2,20.0,0.5646630562453457,2,11.0,0.6776055209508233,2,17.0,0.5294915157007565,6,48.0
305.0,9,71.0,1.1833333333333333,8.738589316717228,4,39.0,0.5967143032536656,4,31.0,0.527625031268104,1,4.0,0.695155947022128,9,74.0
310.0,6,10.0,0.15151515151515152,8.38259595093323,2,17.0,0.4693461709701729,2,16.0,0.5157810052883677,2,8.0,0.7315388861128694,6,41.0
315.0,8,29.0,0.4461538461538462,8.158278915127587,4,18.0,0.44270070297435743,4,11.0,0.4236747871075688,0,5.0,0.49591424004450296,8,34.0
320.0,6,15.0,0.2727272727272727,7.2724398851790095,1,20.0,0.3978213441921638,5,26.0,0.34443946886851523,0,0.0,0.7786334560744302,6,46.0
325.0,12,29.0,0.5087719298245614,6.3494870382750905,3,4.0,0.3590788322361157,7,50.0,0.35165094074318265,2,2.0,0.42305620807894767,12,56.0
330.0,10,31.0,0.49206349206349204,7.402712804470063,2,8.0,0.4639939464020561,6,66.0,0.41600418437225717,2,12.0,0.6505151843391693,10,86.0
335.0,15,72.0,1.1076923076923078,7.0669019221692455,7,34.0,0.33918688572607675,6,57.0,0.3041374475936063,2,22.0,0.6286575247963387,15,113.0
340.0,20,115.0,1.8253968253968254,6.017695878722196,4,46.0,0.25680500945815876,11,83.0,0.2626336628799393,5,36.0,0.3731651202429124,20,165.0
345.0,14,122.0,2.0,7.051611816924525,1,26.0,0.39941685476322425,13,144.0,0.324707433763075,0,12.0,0.5525110057373509,14,182.0
350.0,10,87.0,1.380952380952381,7.206287249011072,1,7.0,0.39042591374332464,7,158.0,0.3721584112218234,2,4.0,0.3057690789990522,10,169.0
355.0,8,31.0,0.5344827586206896,7.952061479649408,2,11.0,0.6940364044646257,5,113.0,0.32946675815489307,1,6.0,0.7597221362141882,8,130.0
360.0,7,29.0,0.5272727272727272,6.6065954428553555,2,21.0,0.6245050535973588,5,122.0,0.32286615478401665,0,2.0,0.706283089546278,7,145.0
365.0,14,90.0,1.40625,6.5973376814202656,4,41.0,0.5338868660841093,8,150.0,0.34544436774416426,2,9.0,0.5961738436471556,14,200.0
370.0,16,112.0,1.7230769230769232,5.678474921853294,2,20.0,0.4257725002707256,12,199.0,0.24513704612017184,2,19.0,0.570229410522733,16,238.0
375.0,26,217.0,3.1911764705882355,4.7996188309777965,5,21.0,0.3483870265682215,17,273.0,0.12248353619702829,4,33.0,0.3690180509053912,26,327.0
380.0,17,138.0,2.0294117647058822,5.136902725116289,0,23.0,0.5086262814074,17,290.0,0.15153109347748817,0,10.0,0.6145727946335428,17,323.0
385.0,19,72.0,1.0140845070422535,5.956297504077651,3,2.0,0.49355541238407885,12,235.0,0.23904876581225992,4,7.0,0.5280733754157192,19,244.0
390.0,13,52.0,0.7222222222222222,6.171422451232814,2,10.0,0.666683295846434,11,245.0,0.1892347964014897,0,2.0,0.8064563145528527,13,257.0
395.0,16,79.0,1.082191780821918,5.897213793004625,3,21.0,0.44856408916272456,13,306.0,0.2477281329811489,0,0.0,0.8321792916028761,16,327.0
400.0,28,165.0,2.142857142857143,5.645575251691612,8,49.0,0.34035060023022234,18,394.0,0.2298280790502395,2,5.0,0.5061576632033735,28,448.0
405.0,21,134.0,1.7866666666666666,4.87048207713011,6,52.0,0.3278936938849901,13,396.0,0.16828108914881515,2,15.0,0.5864313195185394,21,463.0
410.0,26,148.0,1.85,4.784606216635568,10,80.0,0.27644374915829745,12,350.0,0.21600671574726465,4,29.0,0.41115983773561987,26,459.0
415.0,13,83.0,1.0246913580246915,5.840990068586596,7,96.0,0.429331827593058,6,352.0,0.2314912710589466,0,10.0,0.7386798899669276,13,458.0
420.0,16,62.0,0.775,5.391960195704977,3,84.0,0.286851495475183,12,390.0,0.18931268703855691,1,4.0,0.6774099412077925,16,478.0
425.0,26,120.0,1.4457831325301205,5.003137368264737,8,110.0,0.22091481216249048,18,462.0,0.13646971774778627,0,0.0,0.4438045675080745,26,572.0
430.0,18,127.0,1.6710526315789473,4.9340517505645565,5,114.0,0.21272184844610337,13,474.0,0.1896499502752718,0,0.0,0.7702865087722348,18,588.0
435.0,19,96.0,1.2467532467532467,4.415992332328123,6,124.0,0.2532909306009188,11,416.0,0.18825627640140782,2,4.0,0.4961104043727143,19,544.0
440.0,11,29.0,0.35802469135802467,4.875257143819466,2,109.0,0.3007046578379243,9,450.0,0.19787495442112307,0,2.0,0.8647603336163865,11,561.0
445.0,23,77.0,0.8651685393258427,5.036610214696694,7,118.0,0.21707923237038457,13,485.0,0.17247902181755986,3,4.0,0.47816262472202414,23,607.0
450.0,23,133.0,1.6024096385542168,4.377844362883408,6,113.0,0.21246914585933774,17,558.0,0.14545013513785277,0,0.0,0.4544657027583808,23,671.0
455.0,22,122.0,1.5844155844155845,4.234132754204722,4,87.0,0.19420893894213434,18,568.0,0.17107337510501838,0,0.0,0.6683331343521539,22,655.0
460.0,21,92.0,1.0952380952380953,4.508257446650994,5,72.0,0.2844728990443276,14,495.0,0.20098229314095323,2,4.0,0.5649501054834168,21,571.0
465.0,16,56.0,0.6363636363636364,4.4261476120154315,5,96.0,0.2720172813010668,8,490.0,0.1832677370618782,3,14.0,0.6661180709896206,16,600.0
470.0,25,116.0,1.2340425531914894,4.027828401801242,10,127.0,0.19635749437122316,11,520.0,0.20607074694633704,4,25.0,0.41649997570857816,25,672.0
475.0,19,90.0,0.9574468085106383,3.7902799001528065,7,142.0,0.1874665210338851,11,501.0,0.1484197580946965,1,9.0,0.4827333130691566,19,652.0
480.0,27,154.0,1.6559139784946237,4.202951917486566,13,188.0,0.1687701206243008,11,412.0,0.14836959930335802,3,13.0,0.587248350277227,27,613.0
485.0,20,127.0,1.309278350515464,4.512639980749309,11,213.0,0.22620117336460704,9,381.0,0.17885365360378627,0,8.0,0.6409257922574547,20,602.0
490.0,16,94.0,1.0,5.104634130685983,10,202.0,0.25457643206013014,6,386.0,0.2414259759259877,0,2.0,0.8096773873230766,16,590.0
495.0,27,140.0,1.4141414141414141,4.618969884336597,11,201.0,0.183332423810395,14,413.0,0.20544278617017078,2,2.0,0.4550341439122188,27,616.0
500.0,34,241.0,2.5104166666666665,4.993836861626458,10,213.0,0.19543957194147085,22,495.0,0.1829554530717089,2,12.0,0.6101838081703304,34,720.0
505.0,34,239.0,2.5157894736842104,3.620845370413752,9,256.0,0.11950609580599623,20,505.0,0.11393602908647726,5,22.0,0.17019473949012656,34,783.0
510.0,27,148.0,1.6263736263736264,4.074317642396018,4,258.0,0.28111488279957736,23,450.0,0.10751208778996671,0,7.0,0.7100365330503102,27,715.0
515.0,20,108.0,1.2134831460674158,4.989054622536627,6,276.0,0.2641875494199489,13,451.0,0.1568173035583706,1,3.0,0.7399536047100403,20,730.0
520.0,16,75.0,0.8064516129032258,5.076004445725984,5,275.0,0.21908703590849105,11,491.0,0.1902945356355776,0,2.0,0.6809153065865563,16,768.0
525.0,22,106.0,1.2325581395348837,4.977753609175604,5,301.0,0.210532298139585,17,561.0,0.21682704492395952,0,0.0,0.8449268780833956,22,862.0
530.0,28,163.0,1.8111111111111111,3.6960559768158765,9,303.0,0.05662267498638894,18,641.0,0.16862640593857664,1,1.0,0.3430869756657504,28,945.0
535.0,26,159.0,1.8068181818181819,3.713896107485705,5,325.0,0.1135764401793499,18,649.0,0.15479204557052811,3,11.0,0.5065051575456276,26,985.0
540.0,23,103.0,1.1704545454545454,3.6433994957980245,4,344.0,0.1246286656774785,19,573.0,0.11335650710350935,0,2.0,0.6783307074846134,23,919.0
545.0,17,77.0,0.875,4.205956775122552,3,333.0,0.19227572111689636,14,609.0,0.1797847136060072,0,2.0,0.6744993826508127,17,944.0
550.0,13,61.0,0.7093023255813954,4.300437249702279,1,275.0,0.24463631625065574,12,674.0,0.18051683266358898,0,2.0,0.7594875072031706,13,951.0
555.0,24,108.0,1.2,3.925068489803345,4,280.0,0.13362589445938794,18,748.0,0.20660554629975694,2,4.0,0.4970183027103845,24,1032.0
560.0,24,128.0,1.4545454545454546,3.677580677153539,5,294.0,0.1372119735038076,17,739.0,0.1273436312290663,2,12.0,0.5940490686642655,24,1045.0
565.0,30,133.0,1.4148936170212767,3.525004317495499,11,334.0,0.11601670657607761,15,637.0,0.13754190089260143,4,3.0,0.4278645498061276,30,974.0
570.0,23,113.0,1.1770833333333333,4.5503523102858905,8,333.0,0.2247031359563939,13,648.0,0.15054737482960928,2,11.0,0.6657408935842537,23,992.0
575.0,20,80.0,0.8602150537634409,4.758713842512834,8,286.0,0.1991245292360328,12,691.0,0.2084959390934587,0,8.0,0.653556799639309,20,985.0
580.0,30,131.0,1.3936170212765957,4.468676826719038,10,294.0,0.12832266900351935,17,765.0,0.1853661048721513,3,6.0,0.4244532980193431,30,1065.0
585.0,35,235.0,2.5824175824175826,4.193817497053586,10,298.0,0.1496151502892859,23,862.0,0.16848766066160167,2,16.0,0.5596695041791684,35,1176.0
590.0,31,225.0,2.4456521739130435,2.9978124529416563,4,312.0,0.1048140552108014,24,873.0,0.10852066661487228,3,27.0,0.3362123109351409,31,1212.0
595.0,26,173.0,1.9659090909090908,3.968969577162741,4,340.0,0.25292137939747716,21,789.0,0.11323409493654665,1,11.0,0.7021872909180769,26,1140.0
600.0,24,168.0,1.8876404494382022,4.657358858741499,3,315.0,0.2699109481734423,19,634.0,0.18027113620685223,2,10.0,0.6408888582951338,24,959.0
605.0,17,61.0,0.6354166666666666,4.420417382451915,5,292.0,0.26665727348890006,12,681.0,0.1992177821655129,0,5.0,0.680702494774346,17,978.0
610.0,16,67.0,0.6979166666666666,4.990174808505029,6,315.0,0.1956889276940201,10,701.0,0.24938061641497775,0,0.0,0.8178105453365102,16,1016.0
615.0,25,136.0,1.36,4.74536291735857,8,307.0,0.07536794155886455,15,752.0,0.2628172830599134,2,3.0,0.49506634994954524,25,1062.0
620.0,27,192.0,1.9591836734693877,4.724763270358746,4,302.0,0.14432813614953122,21,844.0,0.1597278937525686,2,13.0,0.559544915508096,27,1159.0
625.0,38,224.0,2.3092783505154637,3.4763008553920014,8,312.0,0.060376859807717675,24,851.0,0.0869058069352109,6,24.0,0.2057405097592198,38,1187.0
630.0,28,175.0,1.9662921348314606,3.9729185266051505,5,290.0,0.2009446761301349,23,755.0,0.1256813799132015,0,9.0,0.6967675897451161,28,1054.0
635.0,25,141.0,1.6206896551724137,3.926289731878095,4,221.0,0.2225023404087566,20,847.0,0.1575725547175619,1,3.0,0.6978287505007423,25,1071.0
640.0,20,99.0,1.076086956521739,4.255767614908534,4,167.0,0.2093139077583189,16,917.0,0.16504956116760874,0,2.0,0.7084417578312006,20,1086.0
645.0,24,136.0,1.511111111111111,4.391438341718784,6,191.0,0.15341963162745562,18,1004.0,0.18813935657241943,0,0.0,0.8210654243866182,24,1195.0
650.0,21,125.0,1.3440860215053763,3.4520961671098003,5,197.0,0.12786367919236563,15,970.0,0.13107232374092168,1,1.0,0.39719350841833495,21,1168.0
655.0,29,149.0,1.6021505376344085,4.258497959249862,8,236.0,0.26404684456771554,18,726.0,0.11303993724136857,3,13.0,0.6082800908445466,29,975.0
660.0,23,110.0,1.2087912087912087,3.963243436650642,9,234.0,0.23098690387144602,14,789.0,0.16140419008382476,0,2.0,0.698262223694779,23,1025.0
665.0,28,112.0,1.1666666666666667,4.573109573952506,10,212.0,0.23140828106883807,17,838.0,0.18000179545383366,1,5.0,0.6708469886076863,28,1055.0
670.0,26,134.0,1.425531914893617,4.277454763721065,11,260.0,0.17215616679104606,15,912.0,0.16330244582325965,0,0.0,0.6017416491918658,26,1172.0
675.0,26,146.0,1.5698924731182795,3.4031087539326172,10,248.0,0.09035530861438747,14,869.0,0.1543520313306279,2,3.0,0.39103102914711035,26,1120.0
680.0,22,85.0,0.9042553191489362,3.850728453599084,5,249.0,0.25060233375320784,15,735.0,0.13389065806260061,2,15.0,0.6935882464166377,22,999.0
685.0,24,72.0,0.7128712871287128,3.84273531011188,6,258.0,0.19023919168698705,12,786.0,0.15133711433527394,6,27.0,0.46235123902364256,24,1071.0
690.0,20,63.0,0.6363636363636364,4.429447469843308,5,246.0,0.24872093620058652,14,822.0,0.1458896481259965,1,12.0,0.5996992136308757,20,1080.0
695.0,25,131.0,1.3936170212765957,4.061207286366388,5,237.0,0.15428639818104414,16,903.0,0.16166849147832588,4,13.0,0.23784440007973098,25,1153.0
700.0,26,218.0,2.369565217391304,3.723809129334605,5,206.0,0.11758336866640072,21,998.0,0.11015438613071112,0,9.0,0.34605697423704657,26,1213.0
705.0,25,200.0,2.272727272727273,3.443819681161553,2,199.0,0.17440771277253894,23,983.0,0.10194892598658173,0,0.0,0.6602930304897366,25,1182.0
710.0,27,170.0,1.8279569892473118,3.9699950627044243,4,210.0,0.18434701035309503,23,805.0,0.1105256866117465,0,2.0,0.6873695396272278,27,1017.0
715.0,24,159.0,1.7096774193548387,4.990017162397493,4,202.0,0.29755152205666946,20,653.0,0.17639557768270506,0,2.0,0.7897387358876305,24,857.0
720.0,21,116.0,1.2608695652173914,4.265693054561511,5,221.0,0.2373440466190741,14,723.0,0.20658981970735016,2,9.0,0.5818774483650401,21,953.0
725.0,21,91.0,0.9285714285714286,4.5252240936452,8,258.0,0.1958080421389049,13,785.0,0.20986701856975384,0,8.0,0.6345430359760529,21,1051.0
730.0,24,138.0,1.4081632653061225,4.9608923184022835,10,266.0,0.13781560377637458,14,846.0,0.22777423436775307,0,0.0,0.7510063776378855,24,1112.0
735.0,24,140.0,1.4,3.8968591155370085,9,241.0,0.07670778088944297,15,812.0,0.17327237277174137,0,0.0,0.5080092531203136,24,1053.0
740.0,22,93.0,0.9489795918367347,4.330418786382568,4,240.0,0.22558540913950206,16,686.0,0.16704679994858518,2,8.0,0.6406988700173185,22,934.0
745.0,25,76.0,0.7238095238095238,4.164798136644535,9,255.0,0.19163508980674168,14,707.0,0.14189705979955086,2,2.0,0.5648222882309998,25,964.0
750.0,27,83.0,0.8217821782178217,4.768698122103628,7,249.0,0.23744337266784327,19,766.0,0.16626814754177946,1,4.0,0.662350730554082,27,1019.0
755.0,18,115.0,1.2777777777777777,4.332749389287227,2,201.0,0.20348636771894194,16,850.0,0.17613375637606127,0,0.0,0.4545361552463714,18,1051.0
760.0,23,113.0,1.2150537634408602,3.6610744685771675,4,155.0,0.193944884480644,17,825.0,0.12044206309456583,2,7.0,0.4315182420134885,23,987.0
765.0,21,102.0,1.096774193548387,4.1819263102463395,2,142.0,0.28352010580773335,19,721.0,0.14899050617724732,0,2.0,0.8232920534871551,21,865.0
770.0,19,60.0,0.6,3.7986104566251866,3,132.0,0.22373815360656604,15,787.0,0.1350390190448578,1,4.0,0.563087476450401,19,923.0
775.0,24,87.0,0.8787878787878788,4.3248615695571795,5,150.0,0.26551347589080687,18,840.0,0.13301354301530116,1,2.0,0.6567067250682272,24,992.0
780.0,27,180.0,1.9148936170212767,3.856436570941476,8,182.0,0.14458376439762588,19,933.0,0.15168948596516024,0,0.0,0.5406812556558614,27,1115.0
785.0,33,216.0,2.25,3.072607900137968,13,204.0,0.10910724430477768,18,902.0,0.10993654332376095,2,8.0,0.5239122434737694,33,1114.0
790.0,33,192.0,1.9591836734693877,3.3485846119867104,12,229.0,0.1837714590701973,19,784.0,0.13444074698255765,2,20.0,0.5685512394640326,33,1033.0
795.0,29,121.0,1.1308411214953271,3.1801463152458926,11,260.0,0.16245338624740385,18,810.0,0.12083705569113962,0,3.0,0.58865036863414,29,1073.0
800.0,32,149.0,1.4056603773584906,4.361643362511145,13,315.0,0.18795830308194936,18,872.0,0.12571091331316572,1,7.0,0.7026986726049702,32,1194.0
805.0,34,154.0,1.5247524752475248,3.512758228566859,13,333.0,0.07299213170427798,18,954.0,0.15716428870077076,3,3.0,0.30362579948820917,34,1290.0
810.0,32,210.0,2.1875,3.7429829799477066,8,310.0,0.13489234918434356,22,1049.0,0.12435109808412663,2,9.0,0.5428573983510389,32,1368.0
815.0,27,202.0,2.1041666666666665,3.4151478768661137,4,323.0,0.13229545040974158,21,1035.0,0.11339490284093108,2,19.0,0.4244124788284661,27,1377.0
820.0,30,183.0,1.8673469387755102,3.54647787607643,5,349.0,0.19266877321521994,21,896.0,0.10504333887287572,4,37.0,0.47053417314213214,30,1282.0
825.0,28,135.0,1.4210526315789473,3.4997994674110706,7,335.0,0.2383422955247908,19,984.0,0.1308851201130173,2,20.0,0.5692124322274122,28,1339.0
830.0,32,153.0,1.53,3.5837634060189045,6,318.0,0.1828170164622058,23,1093.0,0.1336144437861015,3,19.0,0.4160048291133117,32,1430.0
835.0,29,150.0,1.5151515151515151,3.7277204590944146,8,348.0,0.17949194374060487,17,1067.0,0.13853446402505393,4,32.0,0.4563227450536806,29,1447.0
840.0,22,106.0,1.127659574468085,3.4349473749057413,7,371.0,0.1801261779019963,12,852.0,0.13911463921495978,3,33.0,0.44938513498664445,22,1256.0
845.0,21,116.0,1.1262135922330097,4.013282384039411,10,416.0,0.1730737069867528,9,895.0,0.16997611631282358,2,30.0,0.5135448807353851,21,1341.0
850.0,27,153.0,1.4711538461538463,4.126887861935389,11,420.0,0.16232620758828772,13,928.0,0.16345266819515583,3,27.0,0.49772998682568065,27,1375.0
855.0,33,201.0,1.9326923076923077,3.7515155963494498,13,390.0,0.11695649954889233,16,993.0,0.15924269247266928,4,36.0,0.367351265215248,33,1419.0
860.0,32,185.0,1.85,3.3951062962450567,12,365.0,0.18178251357340047,17,954.0,0.11688898218213473,3,22.0,0.3569084037143036,32,1341.0
865.0,38,195.0,1.8932038834951457,3.2741766472989235,14,386.0,0.17125977976742135,15,818.0,0.1156691024457361,9,43.0,0.3136491379951263,38,1247.0
870.0,22,102.0,0.9902912621359223,3.9503523455018357,8,406.0,0.27165164063957603,12,822.0,0.1362965017257531,2,43.0,0.5416207618717708,22,1271.0
875.0,24,92.0,0.8932038834951457,4.389364475684486,6,436.0,0.26580782147344073,18,871.0,0.1415496796234384,0,26.0,0.45805512932087905,24,1333.0
880.0,30,147.0,1.4271844660194175,4.30842454760009,5,418.0,0.16291980050917806,21,967.0,0.153672258252291,4,37.0,0.3414520342390312,30,1422.0
885.0,27,145.0,1.4948453608247423,3.5239160765386623,4,399.0,0.17384222573967387,17,946.0,0.09132382297631682,6,48.0,0.3037003747622922,27,1393.0
890.0,28,142.0,1.4059405940594059,3.463662460397331,4,340.0,0.20398420647270518,19,823.0,0.14911549140255423,5,59.0,0.29051966158609965,28,1222.0
895.0,17,53.0,0.5096153846153846,3.8620840710947957,4,316.0,0.280539806971926,12,829.0,0.1507103809320019,1,28.0,0.5394818093441484,17,1173.0
900.0,23,78.0,0.7428571428571429,4.130787468464973,2,315.0,0.24559629885074466,17,876.0,0.15156640734087068,4,31.0,0.3548348234073661,23,1222.0
905.0,36,175.0,1.6666666666666667,3.7251137348981844,9,344.0,0.1362388907621663,21,965.0,0.13880875158203454,6,55.0,0.24516466664957967,36,1364.0
910.0,38,291.0,2.9693877551020407,3.4705949156445652,10,342.0,0.147346408197088,22,1064.0,0.11997314775497525,6,67.0,0.34975414246491887,38,1473.0
915.0,33,242.0,2.4693877551020407,3.1303141920060953,9,336.0,0.1279585898053535,21,1055.0,0.10882367936743682,3,68.0,0.27649710799972144,33,1459.0
920.0,33,193.0,1.969387755102041,3.510925176524235,9,339.0,0.24785624367383918,21,914.0,0.11448994900332422,3,48.0,0.48029767580257515,33,1301.0
925.0,39,204.0,1.9245283018867925,3.3893451470263525,13,384.0,0.1909489815227735,19,705.0,0.16350188525867343,7,62.0,0.3392853989640489,39,1151.0
930.0,32,162.0,1.5,3.746095655299737,9,406.0,0.260310222794432,19,780.0,0.17481612443512973,4,63.0,0.443580117949455,32,1249.0
935.0,35,211.0,1.9181818181818182,4.2594847544612975,14,457.0,0.1618998389972327,14,837.0,0.20641138030376618,7,88.0,0.3624735829496901,35,1382.0
940.0,32,207.0,1.864864864864865,3.492685555440125,15,463.0,0.06201147243480909,11,798.0,0.20083306820185698,6,99.0,0.20669154116392444,32,1360.0
945.0,24,136.0,1.3203883495145632,3.8930745460221403,10,459.0,0.2141774891095079,12,684.0,0.17815089781067897,2,65.0,0.46354239498146127,24,1208.0
950.0,23,109.0,0.9646017699115044,4.060270414612882,10,391.0,0.20177398404134075,11,683.0,0.16512728885042804,2,42.0,0.4428388225409582,23,1116.0
955.0,26,125.0,1.0683760683760684,4.688721973743313,12,356.0,0.2608716168276243,11,699.0,0.1486681773447886,3,28.0,0.592355420254169,26,1083.0
960.0,23,161.0,1.4375,4.155549616831943,7,351.0,0.15035251654625373,14,734.0,0.1500839877259449,2,26.0,0.34171090354411693,23,1111.0
965.0,31,231.0,2.1,4.0820615251578305,9,396.0,0.16900212983131,20,812.0,0.15525208525276543,2,13.0,0.3019297585497896,31,1221.0
970.0,32,223.0,2.207920792079208,3.5254108358523424,3,375.0,0.23934012439520655,23,805.0,0.11786315996114237,6,33.0,0.19140163529070928,32,1213.0
975.0,33,173.0,1.696078431372549,3.2812172361130654,3,300.0,0.2608163947411643,25,720.0,0.09847589731681997,5,41.0,0.2958571029377631,33,1061.0
980.0,29,158.0,1.5339805825242718,3.6698128513848625,4,320.0,0.27810230407818587,22,780.0,0.11605940306823018,3,47.0,0.5194280785536567,29,1147.0
985.0,36,174.0,1.5263157894736843,3.4988785469599817,8,344.0,0.14319106278458396,23,871.0,0.13911690116998607,5,44.0,0.3677477680890315,36,1259.0
990.0,36,220.0,1.981981981981982,3.7389544898982843,7,358.0,0.13411319376208627,21,966.0,0.12852162101568484,8,64.0,0.24536579279824358,36,1388.0
995.0,37,245.0,2.3333333333333335,3.015101421608362,13,406.0,0.09222518338415044,16,940.0,0.11176768844232571,8,100.0,0.18195375297628383,37,1446.0
1000.0,35,201.0,1.9514563106796117,3.26330723722665,12,410.0,0.1606159665291473,18,821.0,0.13710012700727425,5,78.0,0.35636038211660537,35,1309.0
1005.0,30,156.0,1.471698113207547,3.5887146307205926,10,365.0,0.22474377086626746,17,899.0,0.14144733867149664,3,92.0,0.42075423076419616,30,1356.0
1010.0,38,193.0,1.6929824561403508,3.4758314966675785,10,372.0,0.16848454382367267,20,969.0,0.12981328372232118,8,118.0,0.24134674480185023,38,1459.0
1015.0,41,236.0,2.126126126126126,3.679905670461184,13,434.0,0.14738123430400296,20,1060.0,0.13515947500812425,8,132.0,0.22571209020133912,41,1626.0
1020.0,45,292.0,2.7547169811320753,2.926541240983315,14,458.0,0.07112329872239007,19,1038.0,0.10904972997002678,12,174.0,0.08936491323782167,45,1670.0
1025.0,37,235.0,2.238095238095238,3.243198631195459,9,423.0,0.21597409608765797,21,924.0,0.1355665352474265,7,179.0,0.34511367689165784,37,1526.0
1030.0,27,118.0,1.0925925925925926,3.502112082379356,2,420.0,0.27102126689014455,22,971.0,0.13211768547183436,3,131.0,0.46191388118619975,27,1522.0
1035.0,29,102.0,0.8869565217391304,3.7104194966366713,6,430.0,0.18691427460129545,21,1041.0,0.1310208566154129,2,111.0,0.3719560249148977,29,1582.0
1040.0,37,205.0,1.7982456140350878,3.776507949592656,7,458.0,0.14864158841249553,24,1138.0,0.13840283050219832,6,132.0,0.33085326454883696,37,1728.0
1045.0,45,326.0,2.963636363636364,3.102619866032339,11,448.0,0.05800143150527688,22,1246.0,0.15009095987856394,12,170.0,0.08666587513179602,45,1864.0
1050.0,42,333.0,3.0833333333333335,3.1175528923028786,8,481.0,0.11696738970481048,24,1241.0,0.08158810240018266,10,197.0,0.2122188161754533,42,1919.0
1055.0,49,369.0,3.4485981308411215,3.5778759410806322,9,519.0,0.13603563999909293,28,1082.0,0.09885992084287112,12,247.0,0.29628180512804053,49,1848.0
1060.0,37,290.0,2.7358490566037736,3.474292213462783,8,502.0,0.1797704872221174,19,1117.0,0.14624486629911906,10,255.0,0.3017654645045386,37,1874.0
1065.0,26,200.0,1.9230769230769231,3.868682313412436,5,421.0,0.2327143040557958,16,1195.0,0.1833118568417271,5,248.0,0.3732552079873326,26,1864.0
1070.0,29,155.0,1.4220183486238531,3.3755317099852538,4,445.0,0.10526972911010869,19,1284.0,0.17158483896610668,6,273.0,0.19212735571474346,29,2002.0
1075.0,29,123.0,1.1388888888888888,3.458329631606777,5,417.0,0.14535953894142287,17,1242.0,0.1465130630687079,7,258.0,0.2002043983009967,29,1917.0
1080.0,27,124.0,1.1923076923076923,3.109729149216722,3,335.0,0.16977983363283977,18,1089.0,0.14365899422478826,6,205.0,0.23039360358156716,27,1629.0
1085.0,23,133.0,1.209090909090909,3.4669599198026484,4,314.0,0.2490776068968914,15,1102.0,0.1555437619897601,4,192.0,0.32721745598605145,23,1608.0
1090.0,21,69.0,0.6216216216216216,3.671898440268859,3,297.0,0.2554526457326887,15,1148.0,0.15259470890434831,3,177.0,0.3695277154747448,21,1622.0
1095.0,32,162.0,1.396551724137931,3.9263907629480133,7,305.0,0.11781877928111482,20,1226.0,0.14450647765785407,5,184.0,0.19881979613064096,32,1715.0
1100.0,31,186.0,1.7222222222222223,3.171372951713142,7,291.0,0.16672902624633296,15,1181.0,0.11410218900526357,9,184.0,0.18523949503820755,31,1656.0
1105.0,35,127.0,1.1981132075471699,2.9718202402635985,9,248.0,0.19698196182551897,17,972.0,0.13020872446919432,9,180.0,0.21265080835089348,35,1400.0
1110.0,31,105.0,0.9459459459459459,3.564224387892999,7,275.0,0.23422597402045314,16,1031.0,0.1362967286642589,8,180.0,0.338070341183362,31,1486.0
1115.0,29,124.0,1.0689655172413792,3.8094971315947452,7,313.0,0.15691059159032547,15,1082.0,0.15258321112774462,7,213.0,0.24389784813263998,29,1608.0
1120.0,36,213.0,1.8521739130434782,3.590191431892997,7,305.0,0.11102308478423452,19,1163.0,0.1641443321315909,10,259.0,0.1442783052506334,36,1727.0
1125.0,38,281.0,2.6261682242990654,3.185159058353612,4,294.0,0.1564224744409602,23,1267.0,0.11575417031892621,11,283.0,0.1444266352552501,38,1844.0
1130.0,40,346.0,3.1743119266055047,2.9875213060046155,3,237.0,0.12685691748880948,23,1234.0,0.08163331045257209,14,329.0,0.0946815762527639,40,1800.0
1135.0,38,301.0,2.8666666666666667,3.6312386466660342,4,227.0,0.26586683441898584,21,992.0,0.10853541900863532,13,335.0,0.24398780587867783,38,1554.0
1140.0,36,264.0,2.588235294117647,3.5499503957543186,7,252.0,0.2643529264231809,20,802.0,0.17612866266130012,9,245.0,0.3048012547708115,36,1299.0
1145.0,34,219.0,1.990909090909091,3.7598627535547204,11,295.0,0.27603151874763,14,796.0,0.18820900876462412,9,291.0,0.34455536469091774,34,1382.0
1150.0,30,177.0,1.5391304347826087,4.192072953168327,9,309.0,0.21982930086682811,14,855.0,0.23382812867802855,7,330.0,0.23750432415263079,30,1494.0
1155.0,39,277.0,2.308333333333333,4.084431678537617,16,357.0,0.08550169599975685,13,918.0,0.2326024031316693,10,374.0,0.10730262043394101,39,1649.0
1160.0,36,285.0,2.4782608695652173,3.816276309609063,14,379.0,0.11532066954577644,13,864.0,0.1857059044293608,9,395.0,0.18128491668422492,36,1638.0
1165.0,45,295.0,2.6576576576576576,3.3242140764245782,13,332.0,0.1522963846770392,16,719.0,0.140896091493579,16,446.0,0.1466278638089492,45,1497.0
1170.0,38,282.0,2.5871559633027523,3.6985883482022057,12,290.0,0.21998246816949274,13,776.0,0.1574659068088594,13,456.0,0.2025760763724671,38,1522.0
1175.0,38,259.0,2.3545454545454545,3.795974407925986,13,349.0,0.22075532563836972,13,821.0,0.1876696664214184,12,417.0,0.20632828123811997,38,1587.0
1180.0,43,322.0,2.900900900900901,3.8153931716433878,14,418.0,0.16035387828187242,20,890.0,0.15959354624475183,9,329.0,0.21789369268600778,43,1637.0
1185.0,35,240.0,2.2641509433962264,3.3630182592102624,9,441.0,0.1969965049985324,21,866.0,0.10185085983463486,5,283.0,0.2945968806755676,35,1590.0
1190.0,34,236.0,2.1454545454545455,3.4909383869939656,10,475.0,0.20642160081179342,19,693.0,0.10958002680720912,5,273.0,0.28958046553123273,34,1441.0
1195.0,31,169.0,1.5089285714285714,4.037811180946377,12,479.0,0.26848635757638445,17,712.0,0.14030963400314025,2,256.0,0.4309193161391464,31,1447.0
1200.0,30,144.0,1.309090909090909,3.9612909013745674,10,433.0,0.22881839587896405,16,768.0,0.15468259098663936,4,262.0,0.3125086385048289,30,1463.0
1205.0,38,189.0,1.6578947368421053,3.7908380564414466,13,485.0,0.13472840448998882,20,856.0,0.16713166589223058,5,247.0,0.20188861433572608,38,1588.0
1210.0,30,157.0,1.4952380952380953,2.9205353820691426,12,491.0,0.09098659562501124,15,837.0,0.12203982461235409,3,225.0,0.16325431167429116,30,1553.0
1215.0,30,144.0,1.3211009174311927,3.2066788479918618,10,506.0,0.17907921393186518,16,728.0,0.1412752966765061,4,209.0,0.24355347706131267,30,1443.0
1220.0,18,70.0,0.6306306306306306,3.9398878527699432,2,459.0,0.2949456382949337,12,694.0,0.16941797304618017,4,189.0,0.3517009057955332,18,1342.0
1225.0,29,106.0,0.9217391304347826,3.779574735435013,6,463.0,0.219734407671417,16,747.0,0.17252092866384577,7,206.0,0.2137673791958075,29,1416.0
1230.0,29,142.0,1.2566371681415929,3.9218165558231104,4,431.0,0.19467590867535434,19,827.0,0.15839123775549951,6,209.0,0.1941922898138674,29,1467.0
1235.0,32,168.0,1.5412844036697249,3.113072216426686,2,398.0,0.15381745706260752,18,805.0,0.13278016814773255,12,250.0,0.08016303230771778,32,1453.0
1240.0,30,145.0,1.2946428571428572,3.205292048389473,5,335.0,0.229083502075914,15,637.0,0.160602749873823,10,257.0,0.13421047884989584,30,1229.0
1245.0,23,103.0,0.911504424778761,3.6704975464267466,3,313.0,0.2989625831117638,12,690.0,0.15725600463823275,8,207.0,0.278064611170323,23,1210.0
1250.0,29,118.0,0.9915966386554622,3.387517715818203,7,333.0,0.200941616813465,15,732.0,0.14069314943719327,7,212.0,0.2515592035073201,29,1277.0
1255.0,32,160.0,1.3675213675213675,3.5761203479732586,5,334.0,0.16714746322285262,18,798.0,0.1424108395362838,9,250.0,0.21563277293817548,32,1382.0
1260.0,38,268.0,2.3716814159292037,3.381229965375592,12,370.0,0.076675624125911,21,894.0,0.14836296890096892,5,244.0,0.10398792951715115,38,1508.0
1265.0,35,278.0,2.43859649122807,3.057280390120025,8,366.0,0.13539701116581981,22,891.0,0.10966413083765941,5,206.0,0.18052016384596056,35,1463.0
1270.0,32,202.0,1.853211009174312,3.119618430733177,8,307.0,0.23236227061542142,23,795.0,0.11374585541102789,1,190.0,0.2743001918790224,32,1292.0
1275.0,31,177.0,1.5128205128205128,3.2342630143720554,7,344.0,0.22379091018566774,20,856.0,0.11706159238280404,4,194.0,0.21334668071523352,31,1394.0
1280.0,39,172.0,1.4333333333333333,3.706398197454077,10,387.0,0.22838573457847083,25,937.0,0.12047738512496689,4,185.0,0.2658408087793823,39,1509.0
1285.0,41,201.0,1.7033898305084745,2.7457532799569653,14,442.0,0.101587430556886,20,1031.0,0.14281858493711064,7,201.0,0.1470857906088114,41,1674.0
1290.0,44,301.0,2.663716814159292,2.973113331674188,14,513.0,0.09214027891773648,21,1126.0,0.14913236042256997,9,201.0,0.11708702353499137,44,1840.0
1295.0,40,384.0,3.4594594594594597,2.899891725025373,10,457.0,0.10104674213007943,26,1247.0,0.10450228516887247,4,200.0,0.12150514335268756,40,1904.0
1300.0,41,365.0,3.2017543859649122,2.409606693246442,9,486.0,0.09480034131525017,28,1254.0,0.08169563821564547,4,164.0,0.13007055877118304,41,1904.0
1305.0,37,282.0,2.517857142857143,3.17761831539875,9,534.0,0.1906627870642748,26,1086.0,0.09734703419823401,2,147.0,0.2931368731186715,37,1767.0
1310.0,41,252.0,2.230088495575221,2.8498359159267617,13,528.0,0.1303346882212387,23,1197.0,0.13519217586955515,5,154.0,0.24444131594110452,41,1879.0
1315.0,43,263.0,2.307017543859649,3.437220807249047,11,587.0,0.1820324814935561,22,1309.0,0.146702104024856,10,188.0,0.2604739295553674,43,2084.0
1320.0,37,253.0,2.2589285714285716,2.750446522209588,9,632.0,0.09557238902166966,17,1275.0,0.14669869388776238,11,239.0,0.13818831288145766,37,2146.0
1325.0,39,244.0,2.121739130434783,2.8516465244378195,11,671.0,0.13302884229533699,14,1099.0,0.1569942808594022,14,270.0,0.13548606233304722,39,2040.0
1330.0,35,256.0,2.1333333333333333,3.293544989882037,13,726.0,0.17399439133349034,9,1142.0,0.14685752498306298,13,261.0,0.19494482673986158,35,2129.0
1335.0,39,273.0,2.2941176470588234,2.991727095523475,13,700.0,0.13373818459017747,12,1165.0,0.13221035468777867,14,291.0,0.1585878884015522,39,2156.0
1340.0,36,248.0,2.0840336134453783,3.5432822789954885,11,610.0,0.14730488233072256,16,1228.0,0.16672790771088827,9,314.0,0.18557956343597018,36,2152.0
1345.0,44,256.0,2.1512605042016806,3.058859200652966,12,502.0,0.12805160794186587,19,1179.0,0.11952626827663075,13,354.0,0.06807408013959514,44,2035.0
1350.0,35,188.0,1.6491228070175439,3.1816898671811864,9,500.0,0.25122022440415703,19,1018.0,0.0959598290000755,7,353.0,0.22682146058206398,35,1871.0
1355.0,33,138.0,1.2212389380530972,2.8382541074822263,9,547.0,0.24117480787125897,19,1101.0,0.113277608658981,5,330.0,0.23446550068514452,33,1978.0
1360.0,34,156.0,1.3220338983050848,3.152801238144915,11,597.0,0.20847140622525875,17,1158.0,0.13086786054665553,6,354.0,0.17140661654140885,34,2109.0
1365.0,41,239.0,1.975206611570248,3.51842770429427,9,618.0,0.19841794385502753,23,1250.0,0.14004296768981733,9,396.0,0.15158471199260504,41,2264.0
1370.0,43,303.0,2.525,2.7842404912158925,14,664.0,0.09347433622050436,18,1208.0,0.10713971321247,11,397.0,0.04663426247898491,43,2269.0
1375.0,40,236.0,2.017094017094017,2.888420791988774,13,660.0,0.21621401289818357,21,986.0,0.08720160815381528,6,412.0,0.20283830000874806,40,2058.0
1380.0,38,199.0,1.6864406779661016,3.158736040016301,11,586.0,0.18710626743137126,19,1070.0,0.12921410006197392,8,442.0,0.17665989766271936,38,2098.0
1385.0,41,196.0,1.5934959349593496,3.2934812249130365,14,647.0,0.14713157207474253,20,1125.0,0.1384479347897806,7,428.0,0.20153554208948912,41,2200.0
1390.0,40,210.0,1.7796610169491525,3.2663804423039546,13,703.0,0.13870404291506458,20,1209.0,0.14601985259971817,7,412.0,0.16030072139747092,40,2324.0
1395.0,40,299.0,2.5775862068965516,2.9769102611372475,14,769.0,0.06661921655045681,22,1305.0,0.11669880909793072,4,390.0,0.07988600818340294,40,2464.0
1400.0,35,259.0,2.3545454545454545,2.661997897245064,8,754.0,0.13892189114070505,24,1271.0,0.07769821113431971,3,331.0,0.16781940643636606,35,2356.0
1405.0,40,230.0,2.0720720720720722,2.522995388121334,11,662.0,0.18353535869280724,24,1120.0,0.09774048901090678,5,310.0,0.185876072370867,40,2092.0
1410.0,31,178.0,1.5614035087719298,2.994106850054948,8,697.0,0.21522706470842531,21,1159.0,0.12200986235827056,2,297.0,0.27586684430333547,31,2153.0
1415.0,41,191.0,1.6050420168067228,3.6531138727510726,10,742.0,0.15260851514383822,25,1252.0,0.13906494666717892,6,312.0,0.21595414688146936,41,2306.0
1420.0,36,232.0,1.9661016949152543,3.4463663296927813,8,715.0,0.11101998468588276,20,1348.0,0.14251205483999077,8,347.0,0.17457766404101877,36,2410.0
1425.0,32,215.0,1.936936936936937,2.7545755536968928,4,681.0,0.1642446538222566,17,1287.0,0.12099167120644434,11,399.0,0.13007643568991345,32,2367.0
1430.0,31,162.0,1.3846153846153846,2.988598655809017,3,568.0,0.202164162948178,16,1090.0,0.1527389967638124,12,361.0,0.16370200658364195,31,2019.0
1435.0,28,146.0,1.1967213114754098,3.3355416005689653,2,521.0,0.2842826233920813,14,1033.0,0.1442620931485717,12,418.0,0.20155964802022872,28,1972.0
1440.0,38,167.0,1.3577235772357723,2.9290178261146633,7,540.0,0.19877389630972567,17,1087.0,0.1381091821765365,14,485.0,0.11494745561533616,38,2112.0
1445.0,45,285.0,2.317073170731707,3.147637424279902,9,578.0,0.14751550631278337,17,1151.0,0.14086163314760844,19,575.0,0.10783482043448996,45,2304.0
1450.0,49,378.0,3.15,2.9800541815852655,10,592.0,0.12110956398216662,22,1240.0,0.15463749382923664,17,606.0,0.058738717988090765,49,2438.0
1455.0,48,348.0,2.8292682926829267,2.579379898841055,14,635.0,0.08671600920663888,24,1206.0,0.08533221450803517,10,630.0,0.07587076368568528,48,2471.0
1460.0,47,330.0,2.773109243697479,3.2547807124294135,13,617.0,0.17915482782519743,23,1055.0,0.0920274779073962,11,655.0,0.1563819677427114,47,2327.0
1465.0,50,281.0,2.4017094017094016,2.3669069041578834,15,533.0,0.14508572382131513,23,1153.0,0.12410873979795457,12,646.0,0.12337502819597183,50,2332.0
1470.0,43,263.0,2.2288135593220337,2.9785841516853644,12,591.0,0.19332901161174293,21,1239.0,0.15291541041259768,10,575.0,0.18522843716273288,43,2405.0
1475.0,45,283.0,2.3781512605042017,3.197844756938366,14,656.0,0.11525416145662398,22,1335.0,0.1304155333017223,9,617.0,0.1441251763681419,45,2608.0
1480.0,39,255.0,2.1794871794871793,2.447431601479901,11,647.0,0.10159966703720687,17,1288.0,0.12249455401227738,11,659.0,0.08300675207201333,39,2594.0
1485.0,31,177.0,1.5526315789473684,3.1400549088912144,5,550.0,0.27168823660222846,18,1104.0,0.11877003093997125,8,670.0,0.18832132311284677,31,2324.0
1490.0,33,187.0,1.5327868852459017,3.297220722001647,3,504.0,0.23928362338951437,18,1121.0,0.11645298941302519,12,711.0,0.16181535731750543,33,2336.0
1495.0,36,204.0,1.6585365853658536,3.648728210095792,4,520.0,0.2665435783111486,20,1186.0,0.13065874453299925,12,691.0,0.18741030888901158,36,2397.0
1500.0,36,224.0,1.8983050847457628,3.429872629067022,8,551.0,0.09452043009334557,18,1253.0,0.15185522139010166,10,600.0,0.11879346521673467,36,2404.0
1505.0,42,317.0,2.756521739130435,3.050242585192869,9,523.0,0.10745539714827898,21,1340.0,0.12166404302862019,12,543.0,0.11853751487384497,42,2406.0
1510.0,42,297.0,2.7,2.9157202909124256,7,498.0,0.1793600511753776,23,1301.0,0.12406772840747413,12,553.0,0.14601311305555065,42,2352.0
1515.0,39,264.0,2.357142857142857,2.6922435367970996,7,476.0,0.1866047769650962,22,1123.0,0.10284800245807889,10,562.0,0.21440437094542925,39,2161.0
1520.0,41,249.0,2.128205128205128,3.4978278446030706,10,519.0,0.23292496992210177,24,868.0,0.1465823024219941,7,604.0,0.3153380822143103,41,1991.0
1525.0,42,194.0,1.5772357723577235,3.010085189826136,15,575.0,0.18041858231179572,20,948.0,0.16522093725308742,7,595.0,0.2729281329585219,42,2118.0
1530.0,35,224.0,1.792,3.496336346968595,12,617.0,0.18067429794045797,13,993.0,0.18043315364330056,10,613.0,0.20883458912949812,35,2223.0
1535.0,41,307.0,2.4365079365079363,3.5512810257022354,16,678.0,0.05332784588599129,14,1045.0,0.20000910382893664,11,603.0,0.10203499688106381,41,2326.0
1540.0,45,295.0,2.4583333333333335,2.685588593257256,17,675.0,0.05559320630252763,17,1000.0,0.14214936584117255,11,530.0,0.10939278992639166,45,2205.0
1545.0,41,238.0,2.0,3.3873461127251554,12,580.0,0.20741389436870433,18,843.0,0.14876036208468293,11,471.0,0.2153488160708599,41,1894.0
1550.0,34,181.0,1.4365079365079365,3.475128049868204,10,443.0,0.22726492734141926,16,915.0,0.13162258009052144,8,461.0,0.208880750475254,34,1819.0
1555.0,42,218.0,1.7165354330708662,3.669204888993947,12,498.0,0.2395647534364496,17,958.0,0.12041933117245811,13,519.0,0.23054392424031359,42,1975.0
1560.0,37,232.0,1.886178861788618,3.5047350462910525,11,553.0,0.11164380821027677,18,1028.0,0.1299334948777978,8,533.0,0.1351776052618834,37,2114.0
1565.0,44,359.0,3.0168067226890756,3.745344883077679,11,556.0,0.15183339534209217,22,1129.0,0.14653671527966514,11,567.0,0.15109749302802444,44,2252.0
1570.0,40,295.0,2.6106194690265485,3.1134311758912747,5,560.0,0.182305308232293,25,1107.0,0.0902197192377481,10,553.0,0.175241507443445,40,2220.0
1575.0,40,235.0,2.1363636363636362,2.8828080381908996,7,574.0,0.1924785339334292,24,968.0,0.09965866556579435,9,471.0,0.1768170201004623,40,2013.0
1580.0,37,218.0,1.9292035398230087,3.114914895325729,5,539.0,0.24024254563318445,21,1070.0,0.12257146661404773,11,521.0,0.22729264499748855,37,2130.0
1585.0,45,230.0,1.9166666666666667,2.5554955045157146,4,496.0,0.16486584393383583,24,1172.0,0.13887504479100823,17,588.0,0.1277976404895619,45,2256.0
1590.0,43,259.0,2.158333333333333,2.768351109836907,6,519.0,0.10569441121373388,23,1285.0,0.12943042065617993,14,637.0,0.12304317492730459,43,2441.0
1595.0,46,384.0,3.282051282051282,2.764932424077351,8,492.0,0.06669177021050793,21,1389.0,0.10362096789896563,17,711.0,0.07991563579520121,46,2592.0
1600.0,42,343.0,3.008771929824561,2.3170237069702764,4,496.0,0.10420027613227745,24,1354.0,0.07168630894191676,14,704.0,0.08484554524144776,42,2554.0
1605.0,42,270.0,2.4324324324324325,3.0368902585223543,6,522.0,0.20138276203201658,24,1120.0,0.11045451918514364,12,605.0,0.2152326583453046,42,2247.0
1610.0,38,222.0,1.9304347826086956,2.733991879010528,5,480.0,0.17770185393502064,20,1212.0,0.1334377717115052,13,664.0,0.1869298197491905,38,2356.0
1615.0,40,253.0,2.1260504201680672,3.2322652347466323,6,443.0,0.21299837670257937,19,1318.0,0.1493623655149955,15,731.0,0.17211637564075613,40,2492.0
1620.0,39,238.0,2.016949152542373,3.027858871499998,7,471.0,0.1165763745947537,16,1269.0,0.1490375699618633,16,807.0,0.05048766182146403,39,2547.0
1625.0,31,188.0,1.6206896551724137,2.911938377710806,8,488.0,0.18045116968376487,9,1028.0,0.1460739740616492,14,804.0,0.15455287126749356,31,2320.0
1630.0,26,147.0,1.2049180327868851,3.5029314278416575,10,534.0,0.2147268510784113,8,1058.0,0.16642419444439047,8,824.0,0.16682760896734736,26,2416.0
1635.0,29,153.0,1.2644628099173554,3.609794848360778,11,500.0,0.1618936972454851,9,1074.0,0.17013677455063744,9,851.0,0.135317940443591,29,2425.0
1640.0,33,184.0,1.5862068965517242,3.9691471629622894,9,409.0,0.16660210598363775,15,1133.0,0.19860535473689628,9,813.0,0.1464234878932933,33,2355.0
1645.0,36,179.0,1.5982142857142858,2.8060308195365455,10,339.0,0.13770551336395018,17,1086.0,0.12271116633528466,9,709.0,0.0737234547701995,36,2134.0
1650.0,29,150.0,1.3761467889908257,3.4721759110844665,7,334.0,0.2627208843406082,17,858.0,0.13799937431423986,5,556.0,0.24525090450226567,29,1748.0
1655.0,26,111.0,0.9910714285714286,3.5272439792184502,9,371.0,0.23784877546358205,14,909.0,0.15849139290870537,3,524.0,0.2757351406151545,26,1804.0
1660.0,32,145.0,1.2608695652173914,3.690136490037464,8,409.0,0.217015422666878,18,975.0,0.1509014500560922,6,550.0,0.24775116610449477,32,1934.0
1665.0,29,151.0,1.385321100917431,3.0902801301978267,10,455.0,0.17280587743534745,14,922.0,0.14789190886231282,5,547.0,0.2162672435942102,29,1924.0
1670.0,40,210.0,1.8103448275862069,3.328568571161986,13,456.0,0.15781269064292036,14,717.0,0.16461505781193383,13,583.0,0.19002059279630354,40,1756.0
1675.0,31,171.0,1.4615384615384615,3.5874751922070667,12,407.0,0.247634623126229,9,708.0,0.18276659592987776,10,571.0,0.2568011733371831,31,1686.0
1680.0,24,112.0,0.9411764705882353,3.399804101358301,9,430.0,0.17415638098608058,8,723.0,0.18639774930593953,7,474.0,0.20342338028212925,24,1627.0
1685.0,34,160.0,1.28,3.737133648980365,15,480.0,0.10961868956062468,12,767.0,0.1587841374152777,7,445.0,0.16606250381423932,34,1692.0
1690.0,32,155.0,1.3135593220338984,3.199417271410831,11,481.0,0.13039911169133328,14,721.0,0.13361048612203055,7,375.0,0.16330628942686695,32,1577.0
1695.0,31,135.0,1.1637931034482758,3.2214660406106286,7,409.0,0.21552462267155698,16,592.0,0.15407214127962096,8,411.0,0.19237787497366493,31,1412.0
1700.0,21,112.0,0.9411764705882353,3.8176829236557244,4,336.0,0.3160713132642397,13,609.0,0.14819181004202991,4,399.0,0.26929622177204576,21,1344.0
1705.0,27,88.0,0.704,3.495923816998591,8,359.0,0.22178045790959117,15,648.0,0.13841166682952227,4,373.0,0.1986603374904927,27,1380.0
1710.0,33,158.0,1.2845528455284554,3.4823036689179068,6,361.0,0.17029356563632733,19,727.0,0.14404852883394814,8,375.0,0.13945458544242206,33,1463.0
1715.0,43,312.0,2.6440677966101696,3.2078450343363287,13,407.0,0.08723184703750951,23,828.0,0.14657752039696312,7,357.0,0.09862108779266988,43,1592.0
1720.0,47,418.0,3.634782608695652,2.7328321287654407,10,412.0,0.11625933787621881,30,959.0,0.0812476522017788,7,335.0,0.09163530447171148,47,1706.0
1725.0,45,414.0,3.6964285714285716,2.9589009160231265,10,357.0,0.19110393570330372,29,970.0,0.08491324158178112,6,268.0,0.157678342045721,45,1595.0
1730.0,45,337.0,2.9051724137931036,2.4593387050951616,8,354.0,0.1892367004354068,27,857.0,0.10314671941101687,10,304.0,0.14990464303672074,45,1515.0
1735.0,49,357.0,3.0,2.858852915329858,11,404.0,0.2404433361063731,28,938.0,0.1308656782187344,10,352.0,0.2047845283610179,49,1694.0
1740.0,46,349.0,2.9327731092436973,2.986191976727069,13,462.0,0.17351767469852358,24,1057.0,0.1498182933187056,9,362.0,0.1674160365031731,46,1881.0
1745.0,41,321.0,2.6311475409836067,3.039897302767794,10,503.0,0.13904306189195878,18,1037.0,0.15208030108692347,13,395.0,0.09986945153860072,41,1935.0
1750.0,40,317.0,2.7094017094017095,2.9347405265337767,17,570.0,0.19180345561202988,10,905.0,0.14645516787756271,13,395.0,0.1864816146528233,40,1870.0
1755.0,38,264.0,2.1463414634146343,2.826876810625374,16,587.0,0.13876943101177883,8,892.0,0.17372670793781503,14,400.0,0.19187419673787598,38,1879.0
1760.0,35,236.0,1.888,3.5144201029861146,14,582.0,0.18648601569966328,8,897.0,0.16014072154513628,13,328.0,0.24951875980250884,35,1807.0
1765.0,43,284.0,2.201550387596899,3.543504829166137,15,628.0,0.113933957018519,14,948.0,0.14430547570926128,14,347.0,0.12733803172011932,43,1923.0
1770.0,44,274.0,2.2459016393442623,2.853234965179569,18,708.0,0.07662583825314204,16,921.0,0.11872840886636626,10,378.0,0.1651808364637867,44,2007.0
1775.0,40,227.0,1.9401709401709402,2.8817288551027467,12,715.0,0.19098686789272054,19,816.0,0.1405733245944914,9,430.0,0.2110534248781404,40,1961.0
1780.0,31,133.0,1.1176470588235294,3.1239624549317044,8,570.0,0.206940040443715,16,849.0,0.14853132917772566,7,418.0,0.2366087104101869,31,1837.0
1785.0,32,139.0,1.1209677419354838,3.4256409399608554,6,596.0,0.21819715350077026,18,906.0,0.1465451932617632,8,458.0,0.22104063812005728,32,1960.0
1790.0,36,188.0,1.4803149606299213,3.164822099380137,9,633.0,0.1343186011727448,21,996.0,0.14445702582369302,6,471.0,0.1060109144421965,36,2100.0
1795.0,42,319.0,2.5118110236220472,3.676223668142346,10,618.0,0.16951049187558356,21,1097.0,0.16585067948785864,11,496.0,0.1056412004717598,42,2211.0
1800.0,40,378.0,3.2586206896551726,2.7095357335520593,5,611.0,0.10897879516348835,28,1228.0,0.06104018576863769,7,487.0,0.0656684854388227,40,2326.0
1805.0,43,386.0,3.4774774774774775,2.4725615685194193,7,622.0,0.12127482612918852,28,1244.0,0.04877265650161116,8,429.0,0.09404606129496339,43,2295.0
1810.0,41,333.0,3.0272727272727273,2.848862490405825,5,577.0,0.1741278945498962,27,1141.0,0.08722642635634102,9,424.0,0.22090788839736797,41,2142.0
1815.0,42,310.0,2.6956521739130435,3.0553536310988743,4,540.0,0.21327264469990173,26,951.0,0.15204800598432844,12,473.0,0.22130536190456793,42,1964.0
1820.0,41,314.0,2.7304347826086954,3.394352530874745,7,573.0,0.2558143473291581,19,1039.0,0.19838429479939598,15,538.0,0.2390230517069156,41,2150.0
1825.0,42,270.0,2.2131147540983607,3.3260957652906504,12,607.0,0.14109538291483495,15,1114.0,0.21596722046171257,15,563.0,0.17142899308048568,42,2284.0
1830.0,39,309.0,2.5327868852459017,3.5630371410094495,10,628.0,0.11075095603839552,14,1182.0,0.2145195234186522,15,609.0,0.12103596500966006,39,2419.0
1835.0,46,375.0,3.2327586206896552,3.0447682737099124,16,688.0,0.028165803508741444,15,1129.0,0.1638704469653618,15,621.0,0.09143874045992319,46,2438.0
1840.0,46,311.0,2.6810344827586206,2.906877388249442,14,685.0,0.14533785809964575,16,970.0,0.1532920723236965,16,566.0,0.17480343014961644,46,2221.0
1845.0,35,257.0,2.234782608695652,3.9127525941420465,12,520.0,0.23807986655604227,10,969.0,0.2071800036086663,13,475.0,0.25149502119980494,35,1964.0
1850.0,37,238.0,1.934959349593496,3.7670676650155275,9,446.0,0.1831279461520106,16,1021.0,0.17222402276250093,12,539.0,0.21094703393056388,37,2006.0
1855.0,42,255.0,2.0901639344262297,4.16711105477235,13,503.0,0.1784141563354986,19,1106.0,0.14129497477191616,10,567.0,0.252088667483198,42,2176.0
1860.0,37,219.0,1.9553571428571428,3.5829434427354814,10,547.0,0.1511964063888488,16,1052.0,0.12772082727498396,11,615.0,0.11490150549244062,37,2214.0
1865.0,33,200.0,1.834862385321101,3.5519394587887088,9,596.0,0.24883532845216322,16,879.0,0.11845980676450397,8,595.0,0.2296542112974646,33,2070.0
1870.0,31,132.0,1.233644859813084,3.5673736261914195,10,571.0,0.2622515806312352,15,882.0,0.16037775329866516,6,501.0,0.32656594826334695,31,1954.0
1875.0,34,143.0,1.2434782608695651,3.5470205069443406,9,489.0,0.20246602755272927,18,942.0,0.1668810998350447,7,522.0,0.19685819092717188,34,1953.0
1880.0,34,192.0,1.6134453781512605,3.9347992776146032,7,472.0,0.1872748021449919,18,1029.0,0.1385845205703472,9,566.0,0.1606564479860191,34,2067.0
1885.0,39,169.0,1.4201680672268908,2.8515776156194526,10,489.0,0.10921527043466692,17,975.0,0.11755450573334765,12,600.0,0.07191502846030942,39,2064.0
1890.0,39,212.0,1.8434782608695652,3.538961934766936,10,534.0,0.19241789338290763,17,833.0,0.12664533269795059,12,661.0,0.19092116984744248,39,2028.0
1895.0,31,170.0,1.5454545454545454,3.227216984697735,7,516.0,0.22192035254464434,13,847.0,0.1417194604980082,11,639.0,0.23587743765872599,31,2002.0
1900.0,34,143.0,1.2434782608695651,3.5681261536212934,7,426.0,0.2109946411561075,16,896.0,0.19738161246034824,11,560.0,0.220840623891963,34,1882.0
1905.0,37,201.0,1.7478260869565216,3.618062203706602,7,411.0,0.1823930970661829,19,977.0,0.1495640002381421,11,555.0,0.180721950144386,37,1943.0
1910.0,36,216.0,1.8305084745762712,2.841629316568366,8,397.0,0.1114665995934055,16,937.0,0.11547361455959954,12,548.0,0.08621844543358265,36,1882.0
1915.0,27,119.0,1.043859649122807,3.1232797652036046,4,347.0,0.2641771626642864,17,790.0,0.11546171316378868,6,568.0,0.24854978734483213,27,1705.0
1920.0,23,86.0,0.7610619469026548,3.334846075308792,5,360.0,0.2315953857076547,13,850.0,0.13362642636096866,5,589.0,0.20163221000180784,23,1799.0
1925.0,25,96.0,0.8067226890756303,3.7816503360453924,5,336.0,0.2610126851044615,16,893.0,0.14600646324202468,4,547.0,0.22945499402163666,25,1776.0
1930.0,30,149.0,1.3185840707964602,3.353805273139345,5,315.0,0.18655300937598404,20,985.0,0.13817135779991793,5,563.0,0.18390954124718933,30,1863.0
1935.0,31,146.0,1.2695652173913043,2.3414714348644567,4,259.0,0.12381909235729145,20,942.0,0.10117195053891143,7,531.0,0.06849369371035206,31,1732.0
1940.0,26,143.0,1.2327586206896552,3.1326473397991377,3,244.0,0.25054237489841846,17,733.0,0.1291172023157441,6,505.0,0.2000960698717281,26,1482.0
1945.0,29,131.0,1.065040650406504,2.7305235600218247,7,232.0,0.20337988137252624,15,756.0,0.13269538315706345,7,471.0,0.17526303305024768,29,1459.0
1950.0,18,66.0,0.5409836065573771,3.424164370433318,0,206.0,0.26459856077056626,15,799.0,0.15206827513162938,3,463.0,0.22586705415284122,18,1468.0
1955.0,35,150.0,1.2295081967213115,3.6312070686678126,6,199.0,0.148393357223519,20,887.0,0.1408033308167146,9,485.0,0.10924786153044662,35,1571.0
1960.0,40,263.0,2.2869565217391306,2.791965098784185,11,232.0,0.09572563721639334,19,985.0,0.1177505141172258,10,464.0,0.07074835105924741,40,1681.0
1965.0,35,231.0,2.1192660550458715,3.0247787268691018,7,189.0,0.15497145664724535,20,969.0,0.1125092394521952,8,374.0,0.16952214390213396,35,1532.0
1970.0,32,175.0,1.5350877192982457,2.9921029645161914,7,183.0,0.17261028595040231,20,847.0,0.11065147750149636,5,343.0,0.21177778631603553,32,1373.0
1975.0,27,124.0,1.0508474576271187,3.5794754700651366,3,189.0,0.23584451098555834,17,870.0,0.13354051062191588,7,375.0,0.2587686009759003,27,1434.0
1980.0,36,159.0,1.358974358974359,3.3906680627836323,6,214.0,0.13009822621318473,20,963.0,0.16004409630525646,10,420.0,0.15970023675607775,36,1597.0
1985.0,40,221.0,1.9051724137931034,2.9898784546177115,9,249.0,0.10235478809282944,16,954.0,0.15966323864878249,15,489.0,0.10239594578009949,40,1692.0
1990.0,31,213.0,1.8849557522123894,3.181311716758812,10,249.0,0.2030157050124261,8,772.0,0.16157835591627917,13,521.0,0.18740173390674558,31,1542.0
1995.0,32,248.0,2.0327868852459017,3.5009612938099437,11,258.0,0.163639151738757,6,798.0,0.18495729227880875,15,578.0,0.1798200242035735,32,1634.0
2000.0,36,282.0,2.330578512396694,3.961657490584415,11,243.0,0.23758447391977042,9,814.0,0.18155958095827707,16,584.0,0.208303322008617,36,1641.0
2005.0,43,312.0,2.6218487394957983,3.068633575082239,12,224.0,0.12010514632630365,15,876.0,0.17898428080316578,16,518.0,0.09186075910970391,43,1618.0
2010.0,45,366.0,3.1551724137931036,3.149860868027776,8,242.0,0.16777470868831074,21,967.0,0.12855283850279678,16,489.0,0.15623482848300288,45,1698.0
2015.0,44,365.0,3.2589285714285716,2.5711860816390475,9,286.0,0.1296359423586929,23,958.0,0.10022601396597874,11,507.0,0.12824084363299576,43,1751.0
2020.0,40,296.0,2.5964912280701755,2.8965521723523677,7,286.0,0.23177723850954735,23,840.0,0.09998566826456771,10,564.0,0.17893882849410297,40,1690.0
2025.0,34,202.0,1.8035714285714286,2.9374450898962547,9,296.0,0.25114643436084644,20,933.0,0.11428256474285753,5,572.0,0.25118781109789023,34,1801.0
2030.0,38,212.0,1.7520661157024793,3.3317749224514,4,302.0,0.16491199815894828,25,1041.0,0.1371834337604753,9,593.0,0.21508971881301026,38,1936.0
2035.0,41,301.0,2.5083333333333333,3.6317887655685457,7,314.0,0.12996686059223944,23,1156.0,0.12842641655967008,11,639.0,0.1621949015646155,41,2109.0
2040.0,38,292.0,2.630630630630631,2.256092355463986,8,310.0,0.04984936037036872,18,1121.0,0.10492753692193178,12,637.0,0.06139369679651811,38,2068.0
2045.0,40,231.0,2.026315789473684,2.695766375822137,9,312.0,0.1848347787960936,17,982.0,0.14177097942084893,14,582.0,0.1368536299365956,40,1876.0
2050.0,35,181.0,1.5210084033613445,2.9457163573320084,8,315.0,0.22788007949437009,14,1042.0,0.13278612353270233,13,646.0,0.18572156812581278,35,2003.0
2055.0,49,245.0,2.0081967213114753,2.7097700175665804,15,368.0,0.15613141289562166,17,1110.0,0.14723887721200282,17,723.0,0.13957332309740217,49,2201.0
2060.0,49,324.0,2.7,2.9294132067549534,10,389.0,0.13907227042870696,23,1217.0,0.12409765542111743,16,806.0,0.13367967795578886,49,2412.0
2065.0,47,320.0,2.6666666666666665,2.491266885632285,15,438.0,0.04523911787350455,18,1184.0,0.1124640415259357,14,837.0,0.06850802769762046,47,2459.0
2070.0,42,328.0,2.7796610169491527,3.518991039407694,10,440.0,0.21648177277405195,19,1032.0,0.12611906181219346,13,879.0,0.17821847191791643,42,2351.0
2075.0,42,273.0,2.353448275862069,3.115549730307309,11,395.0,0.20927708303310316,17,1052.0,0.14570633184108217,14,865.0,0.18030569960754908,42,2312.0
2080.0,43,268.0,2.2521008403361344,3.088147236936923,12,448.0,0.16650696917168648,17,1120.0,0.16103425170582594,14,783.0,0.1654976419543279,43,2351.0
2085.0,45,251.0,2.1452991452991452,2.9763989618094593,12,495.0,0.14697259520652414,16,1077.0,0.13243468649123008,17,860.0,0.13229062458278543,45,2432.0
2090.0,42,257.0,2.1596638655462184,2.857776389007412,14,562.0,0.14427946140396244,12,915.0,0.14855393403142372,16,871.0,0.1424149685741319,42,2348.0
2095.0,23,145.0,1.2083333333333333,3.440163266323565,8,557.0,0.24237723228724364,9,893.0,0.15251068010936428,6,893.0,0.22190447974654876,23,2343.0
2100.0,22,109.0,0.923728813559322,3.8240508056480014,7,479.0,0.21944113804565307,10,916.0,0.165898728755387,5,913.0,0.17067813232031426,22,2308.0
2105.0,26,91.0,0.7844827586206896,2.9841712352808556,7,421.0,0.22236880746772492,13,866.0,0.12695511323174816,6,864.0,0.15398672253067375,26,2151.0
2110.0,23,80.0,0.6837606837606838,3.340880788785114,7,448.0,0.23322436523759807,13,714.0,0.14616997796194137,3,745.0,0.24976000874722074,23,1907.0
2115.0,23,81.0,0.6532258064516129,3.56826878213696,10,493.0,0.2283491747006041,10,647.0,0.1495407036401224,3,630.0,0.2735705520190462,23,1770.0
2120.0,17,67.0,0.5537190082644629,3.9062333088138854,7,481.0,0.30116634457374425,8,651.0,0.14382840105840097,2,519.0,0.3007746799567334,17,1651.0
2125.0,25,105.0,0.860655737704918,3.717123361365672,7,410.0,0.1812886485628743,14,681.0,0.1554384531345,4,470.0,0.2088645220178418,25,1561.0
2130.0,26,177.0,1.5258620689655173,3.8639280810931886,4,427.0,0.1716463623184023,21,762.0,0.16739171326456542,1,459.0,0.20998284859367733,26,1648.0
2135.0,37,225.0,1.9736842105263157,3.0261023158804896,8,456.0,0.11792107487802815,22,753.0,0.11277744437276863,6,481.0,0.16598645186075808,36,1690.0
2140.0,35,190.0,1.6521739130434783,2.8407780412947425,5,426.0,0.18268459456441727,23,665.0,0.10417226075963894,7,451.0,0.22033398994028688,35,1542.0
2145.0,32,144.0,1.2521739130434784,3.473446118352988,3,349.0,0.29677341307186367,21,670.0,0.1622134737767288,8,432.0,0.2690594316127355,32,1451.0
2150.0,29,120.0,0.9836065573770492,3.244753899114846,4,366.0,0.2178125150953198,20,731.0,0.15628497597621727,5,440.0,0.19508814240425945,29,1537.0
2155.0,37,181.0,1.4596774193548387,3.4774530582256378,7,397.0,0.19411409485331635,19,823.0,0.14652893950963633,11,458.0,0.13009630249782977,37,1678.0
2160.0,37,248.0,2.1196581196581197,2.730201028789091,8,419.0,0.0954006493494484,20,913.0,0.1574548327536353,9,436.0,0.056176586087903144,37,1768.0
2165.0,44,298.0,2.591304347826087,3.1104927280081225,14,474.0,0.1009226880956068,21,898.0,0.12394813061074608,9,344.0,0.11059767377535008,44,1716.0
2170.0,38,252.0,2.290909090909091,2.810074274886609,12,465.0,0.20208516490481268,19,762.0,0.09588529711531314,7,338.0,0.2098868912270613,38,1565.0
2175.0,39,221.0,1.9217391304347826,2.959286727968212,12,358.0,0.17435878590216314,17,798.0,0.15364042810420342,10,382.0,0.20763187853245105,39,1538.0
2180.0,42,217.0,1.8869565217391304,3.347893498699669,13,420.0,0.219958891358077,20,885.0,0.14606137713986486,9,399.0,0.2514468089843089,42,1704.0
2185.0,45,221.0,1.8728813559322033,2.718269098525635,14,464.0,0.11252834503949814,18,879.0,0.1264467646221394,13,436.0,0.08976260910781968,45,1779.0
2190.0,32,204.0,1.8214285714285714,3.1092859203217134,14,534.0,0.19864357024174434,6,743.0,0.170654882324139,12,432.0,0.1862648042933828,32,1709.0
2195.0,23,130.0,1.2149532710280373,3.367009202240851,7,526.0,0.23018546540209253,6,696.0,0.18236706189205465,10,423.0,0.23171759162501082,23,1645.0
2200.0,25,133.0,1.1666666666666667,3.6500943306687414,7,442.0,0.25533340872276494,6,716.0,0.1577832711199032,12,364.0,0.19120281132634492,25,1522.0
2205.0,24,115.0,1.0267857142857142,3.620953176343701,7,329.0,0.2778383142746858,8,680.0,0.15004972765722085,9,413.0,0.2023685593215988,24,1422.0
2210.0,22,119.0,1.0347826086956522,3.2331180986430725,6,315.0,0.20408725390109847,5,559.0,0.1539887166051906,11,374.0,0.1652538420982736,22,1248.0
2215.0,13,45.0,0.4017857142857143,3.731492962735668,4,306.0,0.26972590546527353,6,549.0,0.18780143189300172,3,377.0,0.275701024339842,13,1232.0
2220.0,16,57.0,0.5229357798165137,3.6635653662694416,5,322.0,0.24510615166659708,9,582.0,0.1104005467432816,2,379.0,0.24773982723162405,16,1283.0
2225.0,21,60.0,0.5172413793103449,3.6331732814722195,5,291.0,0.18075925238184887,9,547.0,0.128929799061138,7,356.0,0.16358630122017745,21,1194.0
2230.0,17,63.0,0.6,3.704361946483226,5,243.0,0.25996920921494426,7,415.0,0.17590536341031865,5,312.0,0.22613591955489168,17,970.0
2235.0,11,28.0,0.25,4.068327628607574,2,235.0,0.2822192916683061,8,292.0,0.21423533650690327,1,301.0,0.25891931971116994,11,828.0
2240.0,14,59.0,0.5130434782608696,5.291376923630347,5,243.0,0.33497651177864624,4,192.0,0.30052856245665893,5,311.0,0.33721547042654076,14,746.0
2245.0,22,78.0,0.6842105263157895,4.483328262747451,7,231.0,0.21509106864775537,8,129.0,0.3129747815535511,7,304.0,0.26400197733686154,22,664.0
2250.0,12,51.0,0.4766355140186916,4.78501705537289,6,203.0,0.26051338279418895,1,109.0,0.4223943766580018,5,301.0,0.25528418052104973,12,613.0
2255.0,15,41.0,0.3761467889908257,4.812880041964534,5,210.0,0.22933982974797854,6,121.0,0.3464124236806542,4,302.0,0.2208103316315282,15,633.0
2260.0,25,93.0,0.808695652173913,3.755249769475719,10,241.0,0.10394475455468974,7,126.0,0.19322984325446604,8,323.0,0.0825590399614412,25,690.0
2265.0,22,68.0,0.6601941747572816,3.5477922872312497,9,246.0,0.17981931699372133,4,92.0,0.18959377557490315,9,318.0,0.1785428437096142,22,656.0
2270.0,7,21.0,0.21,4.5760163397944815,4,192.0,0.2648063787680702,0,59.0,0.38675616863723045,3,258.0,0.24230245406869896,7,509.0
2275.0,10,40.0,0.39215686274509803,6.480053640192915,4,125.0,0.35433198517414316,2,42.0,0.5614828574961661,4,176.0,0.3453683242279022,10,343.0
2280.0,9,44.0,0.43137254901960786,6.290693411201323,3,119.0,0.3216280462323979,3,28.0,0.5127002244885152,3,119.0,0.358597234532195,9,266.0
2285.0,14,72.0,0.6728971962616822,5.972634217919675,9,148.0,0.2484739311095887,4,40.0,0.5012282185993049,1,107.0,0.3796896760535294,14,295.0
2290.0,16,60.0,0.6,5.071589789679906,7,150.0,0.20129273029818232,2,20.0,0.40566888642638194,7,127.0,0.31947198340369143,16,297.0
2295.0,23,70.0,0.7070707070707071,4.160772922955435,6,106.0,0.17393339811833283,8,34.0,0.22830326153020566,9,139.0,0.214125336080533,23,279.0
2300.0,17,55.0,0.5789473684210527,5.082103223020047,6,71.0,0.251666942784808,6,58.0,0.3986484503664197,5,105.0,0.24448991610049062,17,234.0
2305.0,11,38.0,0.38,6.159065798229891,4,64.0,0.36453135721955704,3,41.0,0.47306554441582327,4,48.0,0.29668257116356367,11,153.0
2310.0,6,37.0,0.36633663366336633,7.498438931245912,1,40.0,0.4090376081976687,2,20.0,0.574486783903736,3,45.0,0.4392037038609317,6,105.0
2315.0,11,43.0,0.44329896907216493,6.680242217350316,7,56.0,0.3082281188443607,2,21.0,0.47923888242155116,2,23.0,0.4404978360453941,11,100.0
2320.0,18,74.0,0.7551020408163265,5.733671830116829,7,69.0,0.2516931516953294,4,35.0,0.485158304022554,7,37.0,0.3263474469164586,18,141.0
2325.0,10,24.0,0.26666666666666666,4.9139321124362745,2,45.0,0.227761463824176,2,17.0,0.42136421161780885,6,55.0,0.29340591917758213,10,117.0
2330.0,15,41.0,0.43157894736842106,4.888310771845225,1,22.0,0.22726130800355082,7,35.0,0.4049438418635945,7,49.0,0.18424518138009618,15,106.0
2335.0,10,39.0,0.4105263157894737,6.926526809624271,2,11.0,0.40837452689685844,5,51.0,0.530178498502961,3,37.0,0.28651915195559047,10,99.0
2340.0,3,19.0,0.2087912087912088,6.942588714716334,2,20.0,0.5348587078261337,0,27.0,0.4655877117049825,1,28.0,0.3270843202350202,3,75.0
2345.0,12,36.0,0.375,6.437480247246543,3,8.0,0.4773432695097303,2,13.0,0.39296928762859135,7,53.0,0.2877460537873626,12,74.0
2350.0,18,73.0,0.7934782608695652,6.159600825010065,8,29.0,0.37489549700435404,2,17.0,0.53198560512114,8,76.0,0.27374008798401184,18,122.0
2355.0,21,77.0,0.875,4.674192737649355,10,58.0,0.24875253844896386,4,34.0,0.5033751078624501,7,67.0,0.2176840146111709,21,159.0
2360.0,8,29.0,0.32954545454545453,5.086380991355198,5,60.0,0.24521467924557505,0,15.0,0.5419564177322567,3,59.0,0.24906140680127056,8,134.0
2365.0,14,51.0,0.5257731958762887,5.891690479486231,4,44.0,0.26534422325387336,6,20.0,0.5158406129381261,4,52.0,0.23498601646946182,14,116.0
2370.0,4,26.0,0.2765957446808511,7.305227007325276,4,35.0,0.45643437926327657,0,17.0,0.6485575463029669,0,24.0,0.3167188453656693,4,76.0
2375.0,10,58.0,0.6444444444444445,7.690406976464448,4,44.0,0.5705231028350991,0,2.0,0.6506410813522457,6,38.0,0.3387932269008681,10,84.0
2380.0,7,23.0,0.25274725274725274,6.52298008133617,0,20.0,0.48912340032736795,2,6.0,0.5392685686053486,5,53.0,0.279110350060588,7,79.0
2385.0,11,40.0,0.47619047619047616,6.681129025247685,6,24.0,0.4772527569170055,2,18.0,0.5894470545570136,3,41.0,0.312715967178981,11,83.0
2390.0,14,51.0,0.5930232558139535,5.653734027254729,8,46.0,0.3314355931717627,4,31.0,0.5400545857231054,2,25.0,0.25100441828282427,14,102.0
2395.0,8,27.0,0.3176470588235294,6.669769677294768,4,43.0,0.3245075496418737,2,17.0,0.609584968459044,2,20.0,0.3674605658336201,8,80.0
2400.0,11,60.0,0.6896551724137931,7.511087305029166,4,47.0,0.3695031646456557,5,24.0,0.5417091568313985,2,21.0,0.40676125095006377,11,92.0
2405.0,9,78.0,0.8666666666666667,7.95379650987995,4,53.0,0.40398672558711024,1,29.0,0.5177244750528118,4,34.0,0.5324921365307188,9,116.0
2410.0,4,6.0,0.07407407407407407,7.545149120650833,2,33.0,0.5612830365594014,0,2.0,0.47359979488921505,2,18.0,0.5040792382585336,4,53.0
2415.0,13,46.0,0.5476190476190477,6.3141864592165815,4,36.0,0.42711469504368454,2,2.0,0.31858804774577926,7,27.0,0.27630380947151967,13,65.0
2420.0,14,53.0,0.6973684210526315,6.1753282672762495,4,47.0,0.3923587215557179,2,12.0,0.5079256652476732,8,52.0,0.27479873853147657,14,111.0
2425.0,14,14.0,0.18181818181818182,4.644630444357433,5,39.0,0.25164736052789755,4,4.0,0.42330408874361725,5,52.0,0.21796124793060184,14,95.0
2430.0,17,47.0,0.6025641025641025,5.84706616152048,4,37.0,0.3498596653690987,7,28.0,0.44923124509580686,6,63.0,0.28005216705756675,17,128.0
2435.0,14,72.0,0.9230769230769231,6.098237355575224,2,37.0,0.42342729122332506,3,45.0,0.4264384976195796,9,99.0,0.22406494050133713,14,181.0
2440.0,14,72.0,0.8888888888888888,6.510597796869407,4,47.0,0.5492018008278247,2,23.0,0.3326826075049181,8,117.0,0.2915738078982447,14,187.0
2445.0,5,17.0,0.2236842105263158,7.291432651673933,1,26.0,0.5086775999597838,2,18.0,0.655140240121514,2,84.0,0.33266780750754843,5,128.0
2450.0,9,45.0,0.5421686746987951,6.621479364171447,6,31.0,0.33314193018956706,3,27.0,0.4824045685141477,0,35.0,0.3746557774088951,9,93.0
2455.0,7,20.0,0.25316455696202533,7.077485139284774,5,48.0,0.3366706789828766,0,9.0,0.6366173874651367,2,20.0,0.4199252397884433,7,77.0
2460.0,8,28.0,0.3783783783783784,7.301570598284217,3,35.0,0.27299157469533825,3,14.0,0.614014342110884,2,20.0,0.481092230118862,8,69.0
2465.0,7,40.0,0.5263157894736842,8.043491938465026,2,19.0,0.37667949245595994,1,11.0,0.608974842264989,4,32.0,0.49771403377498846,7,62.0
2470.0,4,20.0,0.2702702702702703,8.784467593616919,2,21.0,0.6330390041055642,0,6.0,0.6053980888781259,2,19.0,0.4788626525577775,4,46.0
2475.0,12,60.0,0.8,7.999484823929454,4,35.0,0.6357481028694645,2,5.0,0.4661692367251734,6,26.0,0.32136028448542503,12,66.0
2480.0,5,27.0,0.391304347826087,8.320398415948643,0,13.0,0.6258167388118667,2,15.0,0.6503104623940974,3,34.0,0.4208671902828678,5,62.0
2485.0,17,50.0,0.7352941176470589,7.256312512092283,8,22.0,0.3643939060975554,5,28.0,0.4891294787974902,4,25.0,0.4614845324616624,17,75.0
2490.0,10,31.0,0.47692307692307695,6.621408326065653,6,40.0,0.30860125339412353,2,13.0,0.4738391301186188,2,21.0,0.457915573320414,10,74.0
2495.0,8,46.0,0.7301587301587301,7.160036801897487,1,28.0,0.2714459326011373,5,28.0,0.40824743287084275,2,24.0,0.46885828255613454,8,80.0
2500.0,7,45.0,0.6818181818181818,7.792496751439156,2,18.0,0.3724987737927634,1,29.0,0.4621728269097748,4,35.0,0.5313375307709417,7,82.0
2505.0,6,20.0,0.30303030303030304,8.689503872584424,3,23.0,0.6649786682713617,0,6.0,0.6074665568749621,3,15.0,0.4690762316465083,6,44.0
2510.0,11,58.0,0.8285714285714286,8.500588690820418,4,35.0,0.5884855924070952,0,0.0,0.6069029376588564,7,27.0,0.3809237604991641,11,62.0
2515.0,6,25.0,0.3968253968253968,8.591009894264166,1,16.0,0.6565324217040558,1,4.0,0.5240892294260028,4,46.0,0.4490158048659019,6,66.0
2520.0,9,36.0,0.6428571428571429,6.655579070035026,6,25.0,0.30508053432315935,2,15.0,0.4403026234811053,1,27.0,0.33932896014723746,9,67.0
2525.0,11,52.0,0.9122807017543859,6.5730479539457995,5,39.0,0.15936103642775712,4,32.0,0.4733889938270806,2,10.0,0.4332066548238469,11,81.0
2530.0,2,19.0,0.34545454545454546,8.38401644378852,0,22.0,0.345009932762585,0,17.0,0.6917700113775845,2,19.0,0.5511070516185984,2,58.0
2535.0,4,2.0,0.031746031746031744,8.583184530087593,2,4.0,0.47575110842669793,0,4.0,0.6314945497827948,2,2.0,0.44639668370346347,4,10.0
2540.0,6,21.0,0.35,8.959721822855908,1,6.0,0.5760890640509347,0,2.0,0.6144213099158918,5,15.0,0.395192775802731,6,23.0
2545.0,12,28.0,0.5,6.673335106000563,6,18.0,0.4521734349399786,2,0.0,0.4111644797024753,4,29.0,0.3329513189692183,12,47.0
2550.0,4,20.0,0.38461538461538464,8.835715023327214,0,8.0,0.6752749841775747,2,12.0,0.6189354446432446,2,21.0,0.5092834712993148,4,41.0
2555.0,6,46.0,0.8846153846153846,9.720299568123625,2,7.0,0.5942856330374043,2,22.0,0.5692208291048675,2,20.0,0.6721437465575695,6,49.0
2560.0,11,76.0,1.3333333333333333,7.963652543599704,2,11.0,0.41442282161542154,4,41.0,0.5700845220657604,5,34.0,0.5298885204649053,11,86.0
2565.0,1,1.0,0.01818181818181818,8.650964419988139,0,4.0,0.6315939712069469,1,18.0,0.5906210704759138,0,10.0,0.5731904489041352,1,32.0
2570.0,6,19.0,0.3114754098360656,8.114188419587952,0,0.0,0.5556354591338927,4,15.0,0.3773664666720843,2,6.0,0.3934216391661681,6,21.0
2575.0,8,25.0,0.43859649122807015,8.505949950693752,3,10.0,0.6368511859864605,3,27.0,0.5402009669592129,2,12.0,0.4549763277340798,8,49.0
2580.0,2,20.0,0.40816326530612246,8.529625969048931,2,22.0,0.565617652557111,0,17.0,0.6263792496838325,0,3.0,0.4996833992474873,2,42.0
2585.0,8,55.0,1.0,9.37109233329612,4,41.0,0.5901935098837259,2,8.0,0.6981492746910551,2,10.0,0.6490009948275429,8,59.0
2590.0,5,36.0,0.6923076923076923,9.23788253540704,0,17.0,0.599703212736811,2,18.0,0.7088142130445624,3,20.0,0.6621217641689081,5,55.0
2595.0,13,77.0,1.3508771929824561,7.224994316298586,5,12.0,0.3089829563848106,4,31.0,0.5815686883494138,4,36.0,0.5652837164401034,13,79.0
2600.0,4,6.0,0.10714285714285714,7.249472422992364,2,21.0,0.40103702768554966,1,12.0,0.5670832832171929,1,12.0,0.612703292747832,4,45.0
2605.0,16,28.0,0.45161290322580644,6.513531372053409,3,7.0,0.42955525500591457,6,15.0,0.24492243490247567,7,14.0,0.3188528489630417,16,36.0
2610.0,9,26.0,0.41935483870967744,6.830808444114539,3,12.0,0.4530116746233183,3,26.0,0.3748654229806661,3,28.0,0.322671276269889,9,66.0
2615.0,8,32.0,0.5714285714285714,7.391836869394033,7,40.0,0.3541798331584186,0,21.0,0.629317666441301,1,12.0,0.4070130948509082,8,73.0
2620.0,8,33.0,0.5789473684210527,8.079522552897357,4,51.0,0.4522413425845469,2,12.0,0.5897203535369884,2,12.0,0.5234447295397906,8,75.0
2625.0,5,22.0,0.3728813559322034,8.888927493064122,1,25.0,0.5225852202869566,2,12.0,0.681976686714686,2,17.0,0.6383615231378557,5,54.0
2630.0,3,20.0,0.3125,8.62937585486277,0,1.0,0.470755955999966,3,27.0,0.5697542533134655,0,0.0,0.5279871766373158,3,28.0
2635.0,4,13.0,0.21666666666666667,9.157130569908873,2,6.0,0.6520613616541637,0,15.0,0.5639042738767776,2,7.0,0.5191464970885358,4,28.0
2640.0,5,6.0,0.11320754716981132,6.874306493118182,2,4.0,0.5614085750983173,0,0.0,0.4380694348675834,3,14.0,0.3104871074763448,5,18.0
2645.0,7,34.0,0.576271186440678,8.406292136790624,3,18.0,0.5220829306898409,2,11.0,0.5468076908328617,2,18.0,0.5710204286282751,7,47.0
2650.0,5,41.0,0.7321428571428571,9.180121695057439,1,16.0,0.6006769623372937,2,21.0,0.6882076406161625,2,19.0,0.6680746416215723,5,56.0
2655.0,10,70.0,1.1475409836065573,8.04559805472577,2,9.0,0.515320920385966,4,37.0,0.5436867520318736,4,32.0,0.5683329707564149,10,78.0
2660.0,3,17.0,0.265625,8.863825564572062,2,15.0,0.5999678978504228,0,12.0,0.6429591304236099,1,11.0,0.5884880700425285,3,38.0
2665.0,17,55.0,0.7638888888888888,7.398245866148825,5,26.0,0.48674237116936975,5,11.0,0.4312149638521247,7,20.0,0.2819717276504439,17,57.0
2670.0,8,21.0,0.3181818181818182,6.997366722916543,1,8.0,0.49084805903249773,2,20.0,0.5040940944054566,5,34.0,0.31625953170955073,8,62.0
2675.0,6,15.0,0.2459016393442623,7.6407429702087395,6,17.0,0.43091733072248994,0,11.0,0.5362224968719826,0,23.0,0.49262350236528923,6,51.0
2680.0,8,21.0,0.3230769230769231,8.311758429159267,4,28.0,0.44505652601179513,2,8.0,0.5696126854201441,2,12.0,0.6021134445087861,8,48.0
2685.0,4,17.0,0.2698412698412698,10.080834969808661,1,13.0,0.630923789445654,1,6.0,0.691312916901932,2,16.0,0.7350090843357026,4,35.0
2690.0,7,43.0,0.6323529411764706,9.098686353847906,0,0.0,0.5168113374011283,4,20.0,0.5586122775738067,3,27.0,0.5159262307253091,7,47.0
2695.0,3,8.0,0.12698412698412698,8.670577110986475,2,8.0,0.6495647435647856,0,21.0,0.5341453828670367,1,8.0,0.4591162411600707,3,37.0
2700.0,7,18.0,0.3050847457627119,7.838969311660919,2,5.0,0.5968590843448915,0,2.0,0.34563082810684337,5,17.0,0.41482433030145877,7,24.0
2705.0,4,21.0,0.3559322033898305,8.575639681455671,2,15.0,0.6456524972066491,2,8.0,0.3996269454720836,0,20.0,0.5470779688608971,4,43.0
2710.0,4,18.0,0.36,9.635045235699804,1,4.0,0.674193465059241,2,20.0,0.5938668017187386,1,2.0,0.7686122914855488,4,26.0
2715.0,3,3.0,0.05263157894736842,8.585075805669163,2,2.0,0.5977198153071863,0,4.0,0.5184218936928687,1,1.0,0.6111226416152167,3,7.0
2720.0,8,38.0,0.6333333333333333,10.201359186452647,2,12.0,0.659878803270016,4,19.0,0.6064960748176578,2,11.0,0.737114986161858,8,42.0
2725.0,16,52.0,0.8387096774193549,7.395223811339009,5,23.0,0.4086717933226829,4,22.0,0.4216167573481862,7,23.0,0.3844902660844159,16,68.0
2730.0,5,14.0,0.23728813559322035,8.567202281712055,1,10.0,0.6357227375210438,2,21.0,0.5088021705055757,2,12.0,0.6087444627613425,5,43.0
2735.0,7,46.0,0.8070175438596491,9.655623436952261,2,13.0,0.6471108565727707,2,21.0,0.5054659909382855,3,16.0,0.5837449406940688,7,50.0
2740.0,5,36.0,0.6792452830188679,8.44239266897651,0,5.0,0.6614946304856111,4,36.0,0.31318913508545854,1,11.0,0.5885353850908579,5,52.0
2745.0,0,0.0,0.0,9.374257202048387,0,0.0,0.6856907536018514,0,15.0,0.5846796867900651,0,0.0,0.7138285003186021,0,15.0
2750.0,5,10.0,0.17857142857142858,9.29450329153419,2,1.0,0.5053098741598966,2,13.0,0.6225852671665582,1,0.0,0.5343747540752536,5,14.0
2755.0,4,14.0,0.25925925925925924,10.493318015537193,2,7.0,0.6016063985193012,0,11.0,0.7925691252816707,2,7.0,0.6474926125250995,4,25.0
2760.0,7,36.0,0.75,8.797125827058228,3,20.0,0.5745182747774173,0,0.0,0.6155249881394831,4,18.0,0.4671056435997881,7,38.0
2765.0,7,45.0,0.9,8.351556765601998,0,8.0,0.6282014705199681,2,8.0,0.6267267570795286,5,37.0,0.5026730155847771,7,53.0
2770.0,5,24.0,0.4897959183673469,8.572639602981644,2,7.0,0.6024843793716735,2,18.0,0.58923428189642,1,17.0,0.546320993565973,5,42.0
2775.0,8,44.0,0.8627450980392157,7.966295461238505,0,7.0,0.6070368302106631,4,33.0,0.30096127630736486,4,11.0,0.4682149030673199,8,51.0
2780.0,3,3.0,0.061224489795918366,8.699929584108606,1,0.0,0.6183596904471834,1,15.0,0.5369828675423797,1,13.0,0.6462540738750019,3,28.0
2785.0,8,12.0,0.2222222222222222,8.831469392380093,2,0.0,0.6545657595712686,4,16.0,0.5344443314771543,2,1.0,0.5195036685803857,8,17.0
2790.0,2,1.0,0.018518518518518517,9.074050433639878,1,1.0,0.6125408023675385,0,10.0,0.773459896000589,1,0.0,0.5523737849782983,2,11.0
2795.0,8,31.0,0.5740740740740741,8.756386900943326,2,13.0,0.545071165536552,0,2.0,0.7999446055563542,6,20.0,0.42131621617667697,8,35.0
2800.0,8,44.0,0.7719298245614035,7.459211501527472,4,31.0,0.5421324725039948,2,7.0,0.5984436767980074,2,32.0,0.38611288014526635,8,70.0
2805.0,2,17.0,0.3333333333333333,9.12180034987176,0,16.0,0.7086845806181348,2,19.0,0.6978608106494916,0,9.0,0.5746502143949231,2,44.0
2810.0,6,31.0,0.5535714285714286,7.626261687821304,3,6.0,0.377935008252853,2,29.0,0.4976180461111159,1,0.0,0.5139886245948652,6,35.0
2815.0,4,11.0,0.19642857142857142,8.895598246312352,1,8.0,0.44828256034460484,1,9.0,0.7289490029923169,2,8.0,0.6494572090714986,4,25.0
2820.0,3,8.0,0.14545454545454545,8.236323408522008,0,2.0,0.4270575765868312,2,11.0,0.56576041380967,1,1.0,0.5237007292365262,3,14.0
2825.0,9,27.0,0.46551724137931033,7.886034645394514,3,10.0,0.5348312347986084,2,9.0,0.4744797497765362,4,14.0,0.37325848254844235,9,33.0
2830.0,5,26.0,0.52,7.849346447260917,2,22.0,0.6608245303650819,0,6.0,0.5450968883859975,3,26.0,0.4206426926524493,5,54.0
2835.0,7,40.0,0.7142857142857143,7.778650617373328,5,37.0,0.5605181139808401,1,6.0,0.6165928243218703,1,13.0,0.3529010238959948,7,56.0
2840.0,5,23.0,0.4107142857142857,10.117198217128529,0,13.0,0.8099731349981545,2,12.0,0.7617273062629097,3,13.0,0.5875492279469002,5,38.0
2845.0,12,29.0,0.4603174603174603,7.588140971505025,3,5.0,0.4317176890324491,6,23.0,0.5093012498908317,3,3.0,0.46892876194790467,12,31.0
2850.0,6,21.0,0.3442622950819672,7.398443013115878,1,8.0,0.43794200219537666,2,15.0,0.38296491714805,3,14.0,0.5904445621601052,6,37.0
2855.0,8,35.0,0.6363636363636364,6.825406615474254,0,1.0,0.45295289974927877,6,32.0,0.2761056359503869,2,18.0,0.4578322866203315,8,51.0
2860.0,7,23.0,0.38333333333333336,7.301546315114989,2,5.0,0.47982094723295843,3,44.0,0.5103338793693053,2,15.0,0.3700734987241424,7,64.0
2865.0,4,18.0,0.3,9.271989976515467,1,4.0,0.5750638072345207,0,17.0,0.8046194791452361,3,19.0,0.5691682122405517,4,40.0
2870.0,12,56.0,0.8484848484848485,8.412174873052656,7,27.0,0.4360112310375555,1,3.0,0.6568681981512141,4,32.0,0.583321289153345,12,62.0
2875.0,5,20.0,0.3076923076923077,8.387340701675942,3,37.0,0.48326132089413576,2,11.0,0.7162681435011311,0,12.0,0.693037965223601,5,60.0
2880.0,6,29.0,0.453125,7.935072926615809,0,12.0,0.5000767402029404,2,23.0,0.5519597313552181,4,10.0,0.49113415838853997,6,45.0
2885.0,9,54.0,0.7941176470588235,7.838390229182024,2,8.0,0.5658085220695643,4,43.0,0.5523510103991726,3,18.0,0.3582054153169554,9,69.0
2890.0,4,5.0,0.07692307692307693,7.193454199256339,3,2.0,0.4010249456020734,1,23.0,0.6651039205089512,0,9.0,0.41166164491337526,4,34.0
2895.0,12,34.0,0.4722222222222222,7.291843325474931,7,21.0,0.2988118884929359,2,13.0,0.5158228805479327,3,5.0,0.3921270039833558,12,39.0
2900.0,8,35.0,0.5303030303030303,7.407167342801856,5,42.0,0.2495142937313525,1,7.0,0.5404292782733048,2,14.0,0.6846655124925691,8,63.0
2905.0,12,30.0,0.44776119402985076,6.801841349125832,6,42.0,0.289214636534191,2,4.0,0.5574367313983665,4,26.0,0.45670324050552563,12,72.0
2910.0,6,21.0,0.3088235294117647,8.559487035479151,2,29.0,0.4674390056687928,2,10.0,0.7049368305316871,2,10.0,0.5994318198656448,6,49.0
2915.0,5,32.0,0.47058823529411764,8.642549477602937,1,20.0,0.5198597434734962,2,20.0,0.6171207835465521,2,15.0,0.6318857709415582,5,55.0
2920.0,9,29.0,0.4142857142857143,6.526608211369536,7,44.0,0.34785003999588904,1,5.0,0.3737168303590611,1,15.0,0.45942186770904136,9,64.0
2925.0,15,50.0,0.7575757575757576,6.259629031951093,8,69.0,0.2683176657877008,6,25.0,0.32070314074566836,1,3.0,0.5353157536486616,15,97.0
2930.0,11,26.0,0.4,6.145885934344066,5,58.0,0.1985846000692723,6,45.0,0.4470921728916272,0,0.0,0.44548598001670503,11,103.0
2935.0,8,35.0,0.5147058823529411,8.607897821448498,4,46.0,0.4480915221224125,2,34.0,0.5907904312954985,2,10.0,0.6879671171962976,8,90.0
2940.0,7,27.0,0.4090909090909091,7.138377677875889,2,37.0,0.3933808144995441,3,28.0,0.4804717845525691,2,20.0,0.5800675452632278,7,85.0
2945.0,22,108.0,1.565217391304348,5.930137477969387,8,64.0,0.26050131704221496,9,64.0,0.29851334453939876,5,38.0,0.501061179984402,22,166.0
2950.0,17,74.0,1.15625,4.272890850014506,8,89.0,0.17695502564733281,9,86.0,0.21099919206154122,0,16.0,0.4470125527390409,17,191.0
2955.0,16,40.0,0.5714285714285714,5.595709678663777,7,81.0,0.27954807895063516,5,82.0,0.25874074964007104,4,17.0,0.4739477247164491,16,180.0
2960.0,8,22.0,0.30985915492957744,7.7589671568073815,2,48.0,0.5208568774982412,5,90.0,0.38532753270709513,1,14.0,0.6044024563077806,8,152.0
2965.0,20,67.0,0.8933333333333333,6.980925841526943,5,32.0,0.4729526095242944,11,125.0,0.29000736392517107,4,4.0,0.5280332099210732,20,161.0
2970.0,12,43.0,0.5657894736842105,5.797910532877138,1,15.0,0.36574044515522575,9,139.0,0.26459151169589984,2,6.0,0.4470383782790044,12,160.0
2975.0,19,65.0,0.8666666666666667,6.2668371585235585,7,33.0,0.36433530881194387,5,103.0,0.20111684041333217,7,30.0,0.45109595102898203,19,166.0
2980.0,12,30.0,0.40540540540540543,6.462876020904637,5,45.0,0.4214469655108067,5,71.0,0.22704210003531106,2,34.0,0.5087202073820075,12,150.0
2985.0,2,4.0,0.05970149253731343,8.041830650693631,0,20.0,0.5665172472502261,2,74.0,0.47666901380874266,0,9.0,0.6688413134203682,2,103.0
2990.0,8,29.0,0.37662337662337664,7.4163587631593,0,0.0,0.5913557308810831,7,99.0,0.3303861885799829,1,0.0,0.4717880310669725,8,99.0
2995.0,13,39.0,0.5131578947368421,7.705817264133731,2,4.0,0.6451364461434443,8,109.0,0.3355967050448039,3,8.0,0.6232494591811114,13,121.0
3000.0,8,30.0,0.4225352112676056,6.550629992659839,2,5.0,0.47463278646755913,4,86.0,0.2721142297431149,2,20.0,0.562305226543243,8,111.0
3005.0,10,34.0,0.4594594594594595,6.50938296447034,5,26.0,0.47959307835957543,4,61.0,0.22406630862871038,1,7.0,0.6597884560885869,10,94.0
3010.0,6,25.0,0.33783783783783783,7.691690329465922,3,27.0,0.5042301795013856,2,45.0,0.32329647943371187,1,5.0,0.7065196562481996,6,77.0
3015.0,7,41.0,0.5616438356164384,7.960435645621508,2,9.0,0.5445507528880451,4,49.0,0.4505020238250636,1,6.0,0.6100272170983752,7,64.0
3020.0,4,13.0,0.1780821917808219,8.05984549328415,2,8.0,0.5026168589005663,1,29.0,0.5369671708862404,1,8.0,0.6340775043339585,4,45.0
3025.0,24,69.0,0.8414634146341463,6.672305490790136,9,34.0,0.2452410341377172,10,41.0,0.32438439732893115,5,14.0,0.48446729812891975,24,89.0
3030.0,17,52.0,0.7027027027027027,5.274815712845638,6,53.0,0.2446410776429103,7,63.0,0.19113958022869104,4,11.0,0.41530213122654674,17,127.0
3035.0,12,42.0,0.6086956521739131,5.919771303731842,2,42.0,0.32704252708761855,3,47.0,0.26974620677892125,7,37.0,0.34950403584917367,12,126.0
3040.0,9,34.0,0.4857142857142857,7.342676194750707,2,22.0,0.5662020633852434,2,31.0,0.4527294454545351,5,51.0,0.3686862288649063,9,104.0
3045.0,4,34.0,0.4927536231884058,9.670367535679597,2,22.0,0.7293020843878452,2,25.0,0.7368551822209646,0,25.0,0.5598984784795237,4,72.0
3050.0,9,58.0,0.7435897435897436,8.590276888345306,4,28.0,0.5262360215067334,4,32.0,0.6229933689821784,1,2.0,0.5118638562547599,9,62.0
3055.0,6,11.0,0.14473684210526316,8.93768586840646,2,10.0,0.5941072505719331,2,13.0,0.659921658069878,2,6.0,0.5939783598456637,6,29.0
3060.0,12,55.0,0.7638888888888888,7.696047198276428,4,17.0,0.2541947910611832,6,24.0,0.2777432571209937,2,16.0,0.6068366066435182,12,57.0
3065.0,15,67.0,0.9571428571428572,5.950185707484322,6,33.0,0.14478172627409708,5,41.0,0.2218810111684714,4,35.0,0.5224344382822294,15,109.0
3070.0,5,9.0,0.14285714285714285,6.985904250462179,2,32.0,0.4217245695540826,1,30.0,0.5058078835741974,2,18.0,0.43798121624487674,5,80.0
3075.0,8,20.0,0.2898550724637681,8.291545448300269,1,20.0,0.5626917851289838,2,18.0,0.4924607323269763,5,19.0,0.4899203031163523,8,57.0
3080.0,5,21.0,0.3333333333333333,9.868062198829982,3,18.0,0.6734140784453186,2,15.0,0.6932518309206619,0,21.0,0.6894634113612474,5,54.0
3085.0,12,24.0,0.36923076923076925,7.468039675802399,5,19.0,0.4908134816836147,4,8.0,0.4657906227915602,3,3.0,0.45830676742846316,12,30.0
3090.0,8,32.0,0.48484848484848486,8.012827679967709,1,7.0,0.5048835164202515,5,24.0,0.44801582861852524,2,11.0,0.48761617908233873,8,42.0
3095.0,10,48.0,0.7741935483870968,7.717428257491512,6,22.0,0.3467803185856348,2,30.0,0.37681944211581425,2,21.0,0.560471013927221,10,73.0
3100.0,11,56.0,0.9491525423728814,6.872120250955347,5,38.0,0.3094588290375879,2,17.0,0.3053853095816253,4,41.0,0.564152312875808,11,96.0
3105.0,6,75.0,1.4150943396226414,9.157070825667722,0,17.0,0.62737217732944,2,19.0,0.6389932504684818,4,61.0,0.5994681429702734,6,97.0
3110.0,7,30.0,0.5084745762711864,8.106377560602994,2,3.0,0.6053897658344533,4,31.0,0.5207939685126987,1,29.0,0.45590921770389975,7,63.0
3115.0,4,15.0,0.25862068965517243,10.0497070887756,2,9.0,0.7082132847049226,0,11.0,0.7773328407991612,2,8.0,0.5481450277327822,4,28.0
3120.0,4,21.0,0.3888888888888889,7.645851801146404,3,19.0,0.5266451350135278,1,4.0,0.3176345509810322,0,9.0,0.24127274625906045,4,32.0
3125.0,8,46.0,0.8679245283018868,7.364567688504481,4,37.0,0.5014270233640589,1,8.0,0.2971263401840009,3,8.0,0.36486435502107084,8,53.0
3130.0,2,3.0,0.061224489795918366,8.698276284949339,1,17.0,0.5720305062567642,0,3.0,0.7268055529015333,1,4.0,0.5852344639307396,2,24.0
3135.0,7,30.0,0.5555555555555556,8.761411529427878,2,11.0,0.5864758574913824,0,2.0,0.5533529379408533,5,23.0,0.4966156175833085,7,36.0
3140.0,3,15.0,0.3191489361702128,8.832108984467089,0,9.0,0.6910771574873661,2,8.0,0.6349536006993565,1,25.0,0.5751840331227132,3,42.0
3145.0,9,2.0,0.041666666666666664,6.302962230158347,3,1.0,0.4055530168916046,3,5.0,0.4933305323259074,3,10.0,0.37537169116128694,9,16.0
3150.0,7,25.0,0.49019607843137253,8.90093390942863,3,7.0,0.5913771873309244,2,13.0,0.7174973604851571,2,9.0,0.48540536188158795,7,29.0
3155.0,5,36.0,0.7058823529411765,9.301424345507193,2,17.0,0.5040088542600983,0,10.0,0.7366795457803668,3,19.0,0.5304908512527413,5,46.0
3160.0,6,42.0,0.7777777777777778,8.387243561072067,0,12.0,0.5267344441703432,2,5.0,0.6318748515555247,4,39.0,0.5434417196480799,6,56.0
3165.0,3,15.0,0.29411764705882354,9.852907722758552,1,0.0,0.7624296605640533,2,17.0,0.672619419327775,0,16.0,0.7164127478957123,3,33.0
3170.0,6,35.0,0.6363636363636364,8.667407604343008,0,0.0,0.6113295558663284,4,31.0,0.5257124985535327,2,8.0,0.5228715255296751,6,39.0
3175.0,4,8.0,0.15384615384615385,9.030411601650242,2,7.0,0.7222580967727277,0,12.0,0.7045349383206421,2,9.0,0.4860746849066034,4,28.0
3180.0,3,22.0,0.44,8.885106721338591,2,17.0,0.553819033646883,1,9.0,0.5852429594537216,0,0.0,0.5021586767068673,3,26.0
3185.0,7,41.0,0.7192982456140351,8.502072676436923,5,34.0,0.477325885731123,0,4.0,0.6226286777835983,2,7.0,0.49502288851625154,7,45.0
3190.0,4,18.0,0.32142857142857145,8.648815731014706,1,16.0,0.5154140379797495,0,0.0,0.6097984286846702,3,19.0,0.5918447600405291,4,35.0
3195.0,9,51.0,0.85,8.286851867066426,4,18.0,0.5651217203433626,1,3.0,0.4433246275334063,4,34.0,0.5921122320832154,9,55.0
3200.0,2,13.0,0.23214285714285715,8.66395998208354,0,15.0,0.6194740891280496,2,13.0,0.5967407684188629,0,13.0,0.6702107299318679,2,41.0
3205.0,13,34.0,0.5666666666666667,6.922738049044155,3,0.0,0.4248029029607217,5,26.0,0.42075251020162496,5,12.0,0.4489127827328502,13,38.0
3210.0,6,16.0,0.26229508196721313,8.524444587891889,2,8.0,0.6482305703458826,1,10.0,0.616449386989193,3,21.0,0.45316190632755476,6,39.0
3215.0,4,30.0,0.5172413793103449,9.237995371765129,2,18.0,0.5856535359770707,2,16.0,0.7019430002629246,0,7.0,0.43568209934396285,4,41.0
3220.0,6,39.0,0.65,8.466605973022475,4,34.0,0.44093238398182527,0,5.0,0.6845671691322163,2,5.0,0.4235438713914862,6,44.0
3225.0,5,4.0,0.06666666666666667,8.223805566802692,2,15.0,0.49613428507067775,0,2.0,0.61561343978627,3,5.0,0.5240647038996549,5,22.0
3230.0,11,42.0,0.6666666666666666,8.009550557223664,3,13.0,0.44057112037843277,0,0.0,0.6374611985075611,8,33.0,0.3707305409907489,11,46.0
3235.0,6,25.0,0.45454545454545453,7.623711609957686,0,10.0,0.7166569720723526,0,0.0,0.5840564602275945,6,56.0,0.399610366835563,6,66.0
3240.0,3,10.0,0.18867924528301888,7.31698464095778,0,0.0,0.6819930119033553,2,13.0,0.49316713629769693,1,40.0,0.3545955066940507,3,53.0
3245.0,9,40.0,0.6451612903225806,8.195271621929487,3,7.0,0.6131270983407119,4,31.0,0.6343350567363089,2,14.0,0.3613446729478493,9,52.0
3250.0,4,33.0,0.515625,9.705956794885457,2,17.0,0.6277942742397185,0,18.0,0.7490636718358628,2,17.0,0.5207612144207929,4,52.0
3255.0,9,64.0,0.9552238805970149,8.478917923391663,4,32.0,0.39997331995602586,1,6.0,0.521529282794262,4,30.0,0.4998953222799015,9,68.0
3260.0,3,4.0,0.06666666666666667,7.881771686387973,0,11.0,0.603064445525748,1,8.0,0.4602972986318135,2,12.0,0.4225245578539822,3,31.0
3265.0,17,33.0,0.55,6.623454655137275,5,9.0,0.4321361528985135,3,4.0,0.2861053205498705,9,27.0,0.25436074047276586,17,40.0
3270.0,9,44.0,0.8148148148148148,8.189110838061593,5,27.0,0.5445329534437253,2,9.0,0.44603846305278844,2,38.0,0.5348978207305597,9,74.0
3275.0,4,28.0,0.6086956521739131,8.46406243789823,2,31.0,0.6075754505170945,2,21.0,0.5069933812514629,0,14.0,0.6610599305495698,4,66.0
3280.0,5,14.0,0.25,8.78085109084731,2,17.0,0.6097809568524604,1,11.0,0.5926868959729925,2,6.0,0.5919761252832011,5,34.0
3285.0,7,43.0,0.7288135593220338,10.315502322371032,3,17.0,0.6679198276856743,2,14.0,0.7425262482677338,2,16.0,0.7011956134810777,7,47.0
3290.0,12,61.0,1.0166666666666666,7.774257325494586,4,31.0,0.44364946907044117,3,14.0,0.5102070488742546,5,28.0,0.3691766345009919,12,73.0
3295.0,2,11.0,0.1896551724137931,8.999742590960162,0,12.0,0.6350105218986833,2,13.0,0.5597531455407053,0,8.0,0.7057868339460552,2,33.0
3300.0,6,32.0,0.5925925925925926,9.58306648595707,3,12.0,0.5734704543661208,2,21.0,0.6380328241045388,1,1.0,0.5563626851550674,6,34.0
3305.0,7,41.0,0.803921568627451,8.369868656781858,2,14.0,0.5698116425312665,4,36.0,0.40841017386337397,1,5.0,0.7075665047168201,7,55.0
3310.0,0,0.0,0.0,8.867446555697853,0,7.0,0.6113589177431474,0,15.0,0.5928627964927035,0,0.0,0.7781299711242444,0,22.0
3315.0,6,11.0,0.19642857142857142,9.322551865158934,3,3.0,0.5254322399849058,2,11.0,0.6663357240152811,1,1.0,0.6796422302698976,6,15.0
3320.0,4,19.0,0.3392857142857143,10.175946384137822,2,13.0,0.6105559046283742,0,10.0,0.8277882045323789,2,6.0,0.6432267497994263,4,29.0
3325.0,14,43.0,0.7166666666666667,8.245374464204188,4,25.0,0.4988550313629507,4,2.0,0.5746730666710388,6,18.0,0.4554461055295635,14,45.0
3330.0,4,13.0,0.23214285714285715,9.048832151399255,1,9.0,0.6131310374091828,2,12.0,0.6680114789926322,1,8.0,0.624075117756037,4,29.0
3335.0,8,40.0,0.7547169811320755,9.248749200459539,3,12.0,0.5268620044984952,2,22.0,0.45449845789050897,3,8.0,0.6321154910199078,8,42.0
3340.0,8,44.0,0.9166666666666666,7.522309751843153,2,15.0,0.5520514993441753,4,38.0,0.24899832418723405,2,13.0,0.4600169184408373,8,66.0
3345.0,1,1.0,0.02127659574468085,8.810759281846588,0,5.0,0.605796855165974,1,17.0,0.6348711395165811,0,0.0,0.6574647746833905,1,22.0
3350.0,3,6.0,0.10526315789473684,9.704773904029382,1,0.0,0.6294731255076574,1,10.0,0.7317452647431987,1,0.0,0.5829149494758359,3,10.0
3355.0,4,11.0,0.19298245614035087,10.48301425361331,2,4.0,0.6053799939914742,0,4.0,0.8639173031764276,2,7.0,0.6090224567540246,4,15.0
3360.0,4,19.0,0.36538461538461536,9.395095155090061,2,4.0,0.5946014959719566,0,0.0,0.7877680250074258,2,17.0,0.5421824756640244,4,21.0
3365.0,10,57.0,1.0178571428571428,8.744089272913039,3,13.0,0.5722634433805438,2,9.0,0.6242463221690151,5,37.0,0.5329650724832481,10,59.0
3370.0,5,25.0,0.4807692307692308,8.503852573141891,2,18.0,0.6177987684489655,2,19.0,0.6076061631929088,1,17.0,0.5656278683728083,5,54.0
3375.0,10,47.0,0.8703703703703703,7.1919212014227645,1,7.0,0.5311593650780955,4,35.0,0.393915062525931,5,13.0,0.434928820779088,10,55.0
3380.0,4,9.0,0.16666666666666666,7.26904385595794,3,13.0,0.45098623015755734,0,12.0,0.7498342978686235,1,16.0,0.47834514156707064,4,41.0
3385.0,14,36.0,0.6,6.436446797414011,11,42.0,0.18983754458101876,1,4.0,0.6768090298202891,2,2.0,0.3296253685559471,14,48.0
3390.0,10,36.0,0.6,7.085422634725612,8,67.0,0.25897079703055564,0,2.0,0.8188986110967318,2,5.0,0.46250273193493663,10,74.0
3395.0,8,31.0,0.5740740740740741,7.663529310899515,1,56.0,0.4085599944717515,0,2.0,0.8443247685046522,7,30.0,0.38930935086990776,8,88.0
3400.0,6,22.0,0.3793103448275862,7.740995122239019,2,29.0,0.46719538747549494,1,5.0,0.6336773884532882,3,41.0,0.40731232578014676,6,75.0
3405.0,6,29.0,0.5087719298245614,8.975127749620329,3,23.0,0.573356197688608,2,15.0,0.7471794811554198,1,18.0,0.5080334552504192,6,56.0
3410.0,8,56.0,0.875,8.714959369180447,4,29.0,0.4692545450238599,4,29.0,0.6006716763539515,0,2.0,0.5274218351844961,8,60.0
3415.0,2,3.0,0.046875,8.819421805971464,1,11.0,0.4382282922821005,0,12.0,0.7234036853847643,1,3.0,0.6125420681598499,2,26.0
3420.0,13,39.0,0.639344262295082,7.373147091689936,7,21.0,0.19218357116637552,2,7.0,0.3621079914232664,4,15.0,0.4702080996083739,13,43.0
3425.0,9,32.0,0.5161290322580645,5.583268521864352,4,35.0,0.23448758976059217,2,15.0,0.15635410792577728,3,26.0,0.3303901651619138,9,76.0
3430.0,2,1.0,0.02040816326530612,7.923727556529085,2,27.0,0.49241977060097736,0,13.0,0.5867005010427097,0,23.0,0.5143346569392147,2,63.0
3435.0,6,11.0,0.1896551724137931,8.854208763704527,1,13.0,0.563321189048989,2,11.0,0.6687078397813726,3,11.0,0.5374446909992665,6,35.0
3440.0,6,40.0,0.6557377049180327,10.454957603067774,2,11.0,0.674896577239053,2,19.0,0.7751247121984509,2,16.0,0.7179571595053488,6,46.0
3445.0,12,51.0,0.796875,7.93729406379776,3,1.0,0.46990887063960446,5,26.0,0.5739132307763944,4,24.0,0.5532309328866781,12,51.0
3450.0,10,25.0,0.3787878787878788,6.982601136462378,6,20.0,0.4547895841939622,2,9.0,0.4460559300337893,2,7.0,0.49058892512019203,10,36.0
3455.0,16,57.0,0.8636363636363636,5.927771265326399,4,32.0,0.29329881649264117,7,27.0,0.16696530567891504,5,22.0,0.36904707718806934,16,81.0
3460.0,15,51.0,0.7727272727272727,5.281641679920595,2,17.0,0.3903878957985214,7,58.0,0.1942591808846588,6,40.0,0.26833677597983635,15,115.0
3465.0,3,21.0,0.3333333333333333,8.717868023083346,2,18.0,0.6490450672391875,0,48.0,0.571107325632435,1,29.0,0.5476566685186869,3,95.0
3470.0,6,20.0,0.273972602739726,8.78929902751366,4,7.0,0.502807571030237,0,15.0,0.6337751826188947,2,17.0,0.5702625861647603,6,39.0
3475.0,10,57.0,0.7702702702702703,9.852268566081577,5,27.0,0.5932226715160616,1,4.0,0.7283084069198824,4,30.0,0.6662101134642663,10,61.0
3480.0,9,67.0,1.0,7.922030416606539,2,28.0,0.36663372569200864,3,15.0,0.5560448938261382,4,44.0,0.5835305178927875,9,87.0
3485.0,7,42.0,0.6086956521739131,7.909351640287478,2,18.0,0.40932459744669436,4,35.0,0.5807565536596684,1,24.0,0.6106848623444137,7,77.0
3490.0,4,13.0,0.18571428571428572,7.426745497165592,0,4.0,0.4562689637805371,0,17.0,0.5473028792532039,4,13.0,0.4178223035273168,4,34.0
3495.0,15,41.0,0.5616438356164384,6.569748471765467,8,26.0,0.2697949172235377,4,14.0,0.36633511192397267,3,21.0,0.3070982826074837,15,61.0
3500.0,10,30.0,0.4838709677419355,6.419203557749166,7,46.0,0.26264306923806235,3,25.0,0.4500952864532202,0,10.0,0.41179921949554876,10,81.0
3505.0,10,7.0,0.11290322580645161,6.80239138736749,5,45.0,0.28331503389786383,3,18.0,0.5351390585924445,2,2.0,0.549009984867355,10,65.0
3510.0,7,28.0,0.4307692307692308,9.142411768449126,2,30.0,0.49107893071536424,2,14.0,0.7105459318687264,3,8.0,0.6507988267974957,7,52.0
3515.0,5,40.0,0.5970149253731343,8.620154575485635,1,22.0,0.5033554293794508,2,22.0,0.6019650308163014,2,18.0,0.6045263392068333,5,62.0
3520.0,16,94.0,1.323943661971831,7.457997843913059,8,44.0,0.32899293592758927,4,36.0,0.5001315389517548,4,34.0,0.5060915756810824,16,114.0
3525.0,11,30.0,0.44776119402985076,6.341690036441879,8,66.0,0.2653843910962245,2,14.0,0.4661477290313237,1,12.0,0.6761248964414003,11,92.0
3530.0,10,32.0,0.4444444444444444,6.437630235668392,4,60.0,0.23320464888165468,5,24.0,0.3499926548576507,1,2.0,0.5035138514072431,10,86.0
3535.0,6,22.0,0.3384615384615385,7.800582546080469,5,45.0,0.3800669176697504,1,27.0,0.5243354638613893,0,4.0,0.6516172758051659,6,76.0
3540.0,2,19.0,0.3275862068965517,8.460138118171445,2,44.0,0.514994233431735,0,11.0,0.6989198333577833,0,2.0,0.5121929320963481,2,57.0
3545.0,9,54.0,0.8181818181818182,9.189944838196324,4,53.0,0.5779123147256369,2,8.0,0.6588632466612508,3,11.0,0.5854496370194305,9,72.0
3550.0,5,36.0,0.5625,8.924195242171441,1,28.0,0.457419196033722,2,18.0,0.6913491749058892,2,19.0,0.6890264072621272,5,65.0
3555.0,15,92.0,1.3333333333333333,7.3627185521570855,7,35.0,0.21814529208404349,4,34.0,0.5193928312059621,4,34.0,0.5899700533052045,15,103.0
3560.0,11,31.0,0.49206349206349204,6.567462197084206,7,58.0,0.2642357624368153,2,17.0,0.37878696050645166,2,15.0,0.5762599570060843,11,90.0
3565.0,17,49.0,0.7538461538461538,6.116446341989037,2,32.0,0.207230649895295,8,26.0,0.14022748706411584,7,25.0,0.3751463841968513,17,83.0
3570.0,8,30.0,0.5,7.090176176137492,3,14.0,0.4698357116133428,3,41.0,0.484075705986232,2,34.0,0.29524836640284824,8,89.0
3575.0,3,17.0,0.30357142857142855,9.065251055198031,2,19.0,0.5701017146811201,0,19.0,0.7411412367875123,1,11.0,0.45344364645979235,3,49.0
3580.0,8,46.0,0.7540983606557377,9.583227402301146,4,36.0,0.5796659669203201,2,9.0,0.685901123916848,2,7.0,0.6452081279882305,8,52.0
3585.0,4,22.0,0.36666666666666664,9.211200040417596,0,15.0,0.6418791830051395,2,17.0,0.7014661788358089,2,7.0,0.5900027446197414,4,39.0
3590.0,14,69.0,1.078125,7.187720386184834,3,11.0,0.3664068657776939,4,30.0,0.29802888954522827,7,32.0,0.47120232280900154,14,73.0
3595.0,9,23.0,0.39655172413793105,5.759312989335331,3,20.0,0.40883854415507626,1,10.0,0.2941411660535188,5,45.0,0.318986931696989,9,75.0
3600.0,4,13.0,0.24074074074074073,7.0546784326774015,0,7.0,0.5145694638205398,3,17.0,0.5713264326032114,1,23.0,0.28133647106044923,4,47.0
