step,system_total_stopped,system_total_waiting_time,system_mean_waiting_time,system_mean_speed,A0_stopped,A0_accumulated_waiting_time,A0_average_speed,B0_stopped,B0_accumulated_waiting_time,B0_average_speed,C0_stopped,C0_accumulated_waiting_time,C0_average_speed,agents_total_stopped,agents_total_accumulated_waiting_time
0.0,0,0.0,0.0,0.0,0,0.0,1.0,0,0.0,1.0,0,0.0,1.0,0,0.0
5.0,0,0.0,0.0,7.143844982246971,0,0.0,0.49585470751338057,0,0.0,0.5169655552987522,0,0.0,0.5235966368952921,0,0.0
10.0,1,0.0,0.0,11.277504733915697,1,0.0,0.702722854917012,0,0.0,0.9993059170706637,0,0.0,0.8189394281190614,1,0.0
15.0,0,0.0,0.0,8.94580455578922,0,0.0,0.5848649582131432,0,0.0,0.2591742683915066,0,0.0,0.5009001724483176,0,0.0
20.0,0,0.0,0.0,10.814219858049526,0,0.0,0.7696908839030107,0,0.0,0.9148052128946415,0,0.0,0.7251555297944584,0,0.0
25.0,8,0.0,0.0,5.607178394962942,3,0.0,0.474813020221337,2,0.0,0.399566027617428,3,0.0,0.3514311592820431,8,0.0
30.0,2,6.0,0.2222222222222222,8.781987317547696,2,6.0,0.6457173815808785,0,0.0,0.8025128181524266,0,0.0,0.5839159529428765,2,6.0
35.0,4,23.0,0.7666666666666667,9.765480154572447,2,16.0,0.5264492143388882,0,0.0,0.807033558774933,2,7.0,0.48567526012790596,4,23.0
40.0,5,34.0,0.9714285714285714,7.868663086708023,5,34.0,0.3873850896167704,0,0.0,0.6773443011821937,0,5.0,0.5213974570462414,5,39.0
45.0,0,0.0,0.0,10.15162353045038,0,16.0,0.682858450481245,0,2.0,0.8425562281246981,0,0.0,0.8152107513695241,0,18.0
50.0,4,8.0,0.19047619047619047,7.7010755547676615,2,6.0,0.4283945120351624,1,3.0,0.5384344518480799,1,3.0,0.5765257078196016,4,12.0
55.0,7,24.0,0.5581395348837209,8.615338770805618,2,9.0,0.5226747639010434,2,12.0,0.6294936845695631,3,13.0,0.6540871797902016,7,34.0
60.0,2,20.0,0.5128205128205128,6.924712547363362,0,2.0,0.4536281397648841,2,22.0,0.42484069832504046,0,8.0,0.5071992795553342,2,32.0
65.0,6,20.0,0.425531914893617,8.426547022499946,2,10.0,0.5296251277602438,2,13.0,0.6246884595747791,2,7.0,0.5841708637493065,6,30.0
70.0,5,31.0,0.6326530612244898,9.625809681478572,1,1.0,0.60015585425417,2,17.0,0.7579597450051647,2,17.0,0.6378311461338176,5,35.0
75.0,10,45.0,0.8333333333333334,7.412895443305235,4,12.0,0.327038369328568,2,13.0,0.5800870599234867,4,31.0,0.3639552216771265,10,56.0
80.0,5,18.0,0.36,8.487750926005628,4,26.0,0.4833393379336058,1,7.0,0.726775904843455,0,10.0,0.6542154550445473,5,43.0
85.0,12,25.0,0.4716981132075472,7.879307884002825,6,23.0,0.40520056666513327,3,14.0,0.483593675153598,3,4.0,0.6345699021847221,12,41.0
90.0,4,25.0,0.4716981132075472,8.522752639676389,1,22.0,0.5082842840360404,3,27.0,0.5879728600568819,0,0.0,0.7481915992603683,4,49.0
95.0,5,19.0,0.3877551020408163,7.964808162831938,5,41.0,0.40330603127831005,0,11.0,0.6531396951344716,0,0.0,0.6765717760458527,5,52.0
100.0,9,26.0,0.48148148148148145,6.728891930854285,6,50.0,0.2983985799886493,1,6.0,0.4578522504114809,2,8.0,0.45458398214877266,9,64.0
105.0,5,23.0,0.4423076923076923,7.633905038038857,2,36.0,0.33603619431298426,1,11.0,0.6890202239049888,2,18.0,0.5505448175327692,5,65.0
110.0,4,33.0,0.5892857142857143,7.457023765857252,0,15.0,0.3970148370761651,0,4.0,0.5897246034215307,4,35.0,0.460262847142294,4,54.0
115.0,6,19.0,0.34545454545454546,8.74089181266641,2,16.0,0.48729788189414786,2,10.0,0.7329722368437392,2,14.0,0.5851083690053461,6,40.0
120.0,5,29.0,0.5178571428571429,7.974132792639056,0,6.0,0.4787724586687199,2,20.0,0.5444273877320275,3,11.0,0.5403603139931042,5,37.0
125.0,7,45.0,0.7627118644067796,7.502254087397234,3,13.0,0.41732672839774504,4,38.0,0.44713047020565166,0,8.0,0.5593584507597479,7,59.0
130.0,4,9.0,0.16363636363636364,7.727040533555114,3,19.0,0.3972151138122283,1,18.0,0.4518298117711787,0,0.0,0.7887881326598777,4,37.0
135.0,8,22.0,0.3793103448275862,7.514675789962929,3,24.0,0.2647412039549056,3,16.0,0.4814654868130446,2,3.0,0.5679585477333737,8,43.0
140.0,6,20.0,0.35714285714285715,7.890611522910681,2,23.0,0.2408591160312072,1,20.0,0.7278967554160705,3,13.0,0.5968442109072893,6,56.0
145.0,14,50.0,0.847457627118644,6.516772651099909,8,47.0,0.19446784178327498,2,6.0,0.4906908155268149,4,25.0,0.4117981963402624,14,78.0
150.0,7,22.0,0.39285714285714285,7.545078305911811,5,50.0,0.3153842486164895,2,9.0,0.6028803389917761,0,6.0,0.7435164457374924,7,65.0
155.0,6,26.0,0.5098039215686274,8.483060265089025,3,28.0,0.3950314666240237,2,21.0,0.5311174624522796,1,3.0,0.7827405450306255,6,52.0
160.0,7,39.0,0.7090909090909091,7.237560228918094,2,23.0,0.4033775811040585,4,37.0,0.43903054505198313,1,0.0,0.5295627005386123,7,60.0
165.0,3,14.0,0.25925925925925924,8.922735639628321,3,21.0,0.4612928153593163,0,16.0,0.7405241144428925,0,0.0,0.6494271027780645,3,37.0
170.0,4,27.0,0.4426229508196721,8.431967307749806,2,25.0,0.4274875242098771,1,6.0,0.5981083855403188,1,1.0,0.5153990268084845,4,32.0
175.0,4,9.0,0.15,8.270298357277348,1,7.0,0.4469896586333218,1,6.0,0.5662804845718629,2,7.0,0.6412279492999788,4,20.0
180.0,8,37.0,0.6607142857142857,7.1837735049485945,5,20.0,0.37387197335009903,0,0.0,0.399480398317595,3,19.0,0.4419937327423198,8,39.0
185.0,9,52.0,0.9629629629629629,6.880035910940121,3,28.0,0.3498925346189072,2,7.0,0.47432995924192123,4,38.0,0.5209062184855509,9,73.0
190.0,4,6.0,0.11764705882352941,6.964278687606623,2,22.0,0.39901695423396616,1,4.0,0.5359447745198439,1,17.0,0.5578165139149622,4,43.0
195.0,10,32.0,0.5333333333333333,7.0163150261419105,2,19.0,0.30029226708590767,7,25.0,0.3750936844055516,1,7.0,0.4875926715150288,10,51.0
200.0,5,29.0,0.5087719298245614,7.62099947966519,2,24.0,0.5603142230560618,3,37.0,0.45180856302278627,0,1.0,0.4589183894206585,5,62.0
205.0,12,31.0,0.5344827586206896,6.697915111429876,4,29.0,0.48353881001537763,4,32.0,0.32487961707767143,4,3.0,0.4868279467956445,12,64.0
210.0,4,5.0,0.08771929824561403,7.057764960397502,1,9.0,0.6080091904087176,1,36.0,0.35325203239613745,2,4.0,0.5670647308248267,4,49.0
215.0,10,45.0,0.7627118644067796,7.265174989919746,2,9.0,0.3867199103209293,4,53.0,0.21994725078110072,4,22.0,0.4838493711336625,10,84.0
220.0,9,29.0,0.5,5.452930916054168,3,16.0,0.31399160124719605,6,63.0,0.16989873034001965,0,20.0,0.3296889913169018,9,99.0
225.0,3,8.0,0.1568627450980392,8.21064458876366,0,12.0,0.6004755001959019,3,43.0,0.39118209756751826,0,2.0,0.719245095488415,3,57.0
230.0,2,1.0,0.016666666666666666,7.772956011288121,1,2.0,0.5161633338140706,1,34.0,0.4256681261541587,0,2.0,0.5864237972994091,2,38.0
235.0,4,11.0,0.1774193548387097,8.937099434072069,1,4.0,0.5915289693175588,2,30.0,0.45263711320863576,1,2.0,0.7937512761816087,4,36.0
240.0,7,36.0,0.6101694915254238,7.8196786069525475,2,14.0,0.5112777848322485,2,31.0,0.35038875865930413,3,7.0,0.5781372907248252,7,52.0
245.0,10,69.0,1.1129032258064515,6.895214648767621,4,32.0,0.576904696819642,4,40.0,0.4094038508459454,2,9.0,0.41859042316401207,10,81.0
250.0,1,2.0,0.03278688524590164,7.35510769718001,0,14.0,0.5959999214926688,1,23.0,0.5223730573826425,0,6.0,0.47746878868404263,1,43.0
255.0,5,18.0,0.2647058823529412,6.7412878927062865,2,12.0,0.3681192656856511,3,21.0,0.42424178764510445,0,1.0,0.32990270954549306,5,34.0
260.0,12,34.0,0.5151515151515151,7.154655904416048,6,31.0,0.3164381321143068,3,30.0,0.4090290014824455,3,9.0,0.5661061322095123,12,70.0
265.0,14,45.0,0.6716417910447762,6.720958842351049,7,37.0,0.3108741821403279,3,24.0,0.37795522844908963,4,21.0,0.5200994877635744,14,82.0
270.0,5,15.0,0.22727272727272727,7.898787453452457,1,20.0,0.5197769311726516,3,23.0,0.43773703878441056,1,10.0,0.6031687432547371,5,53.0
275.0,11,58.0,0.8787878787878788,8.199606393943974,5,22.0,0.48225711632156393,2,25.0,0.31068961300378045,4,21.0,0.5530397418312469,11,68.0
280.0,9,52.0,0.8813559322033898,7.57658028704917,4,28.0,0.48619094621128134,4,41.0,0.37459822385837005,1,18.0,0.5387431404668019,9,87.0
285.0,2,1.0,0.01818181818181818,7.512947363260958,1,24.0,0.4153885385485176,0,21.0,0.6467404969024944,1,3.0,0.483234461861657,2,48.0
290.0,3,9.0,0.140625,8.226684569467388,0,7.0,0.5310158781749618,3,17.0,0.5389298497991253,0,0.0,0.4241763076016731,3,24.0
295.0,7,14.0,0.22580645161290322,8.997137655758397,2,3.0,0.5891048300098972,3,25.0,0.6312997423007481,2,4.0,0.5560067827468903,7,32.0
300.0,2,14.0,0.23728813559322035,8.449615313304802,0,0.0,0.576165855107612,0,15.0,0.49296883251863266,2,16.0,0.5949128158028096,2,31.0
305.0,8,19.0,0.30158730158730157,7.594706536258335,4,10.0,0.5362989969153471,2,8.0,0.36471455563072486,2,11.0,0.537086350728371,8,29.0
310.0,9,33.0,0.515625,7.354234855216185,3,25.0,0.4965877938764201,2,2.0,0.3744175304074584,4,22.0,0.5347727556043412,9,49.0
315.0,9,27.0,0.43548387096774194,6.478848316823536,2,22.0,0.35551243801106275,5,22.0,0.3803152973342489,2,28.0,0.2864358251191432,9,72.0
320.0,13,69.0,1.1129032258064515,7.634224533268088,2,16.0,0.5922436281795415,10,61.0,0.4425213878612879,1,11.0,0.3997131122146878,13,88.0
325.0,19,108.0,1.6363636363636365,7.109316517103172,5,5.0,0.35782252946620996,11,111.0,0.38712001631850135,3,2.0,0.43853820663564336,19,118.0
330.0,17,101.0,1.507462686567164,7.239004625172073,3,18.0,0.4295443987377285,12,131.0,0.29661408873521466,2,6.0,0.5691874006116029,17,155.0
335.0,16,98.0,1.6333333333333333,6.548248938173801,3,29.0,0.4899942133055735,11,131.0,0.3255152570992238,2,18.0,0.5476830811997258,16,178.0
340.0,11,59.0,0.8805970149253731,5.969712413826764,3,23.0,0.4465441248872908,4,154.0,0.35835176834693244,4,36.0,0.4996569073948262,11,213.0
345.0,10,41.0,0.5857142857142857,6.76503995577963,2,19.0,0.584624288505649,8,163.0,0.31370487272883224,0,16.0,0.6484314844881208,10,198.0
350.0,20,108.0,1.44,5.883874389967643,3,28.0,0.4864658780839224,13,210.0,0.2716167467432601,4,9.0,0.2352264457101628,20,247.0
355.0,18,143.0,1.9324324324324325,5.717266470156393,2,10.0,0.45793569374368165,15,279.0,0.16375573501313506,1,8.0,0.5021545457144232,18,297.0
360.0,18,130.0,1.911764705882353,5.922537976119193,4,15.0,0.32572104159091403,14,303.0,0.18884668718890588,0,0.0,0.7064723778067344,18,318.0
365.0,16,83.0,1.1857142857142857,6.313347122124242,3,21.0,0.45716237463854914,11,262.0,0.25022271067580565,2,7.0,0.6182532776720819,16,290.0
370.0,15,78.0,1.1470588235294117,5.7333234607777035,0,14.0,0.5467542997863749,13,315.0,0.24758729898263576,2,17.0,0.6556381614201686,15,346.0
375.0,22,116.0,1.5064935064935066,5.207625246076804,2,13.0,0.42881793259321155,16,379.0,0.21654679330022003,4,30.0,0.4527376080358723,22,422.0
380.0,23,147.0,1.9090909090909092,5.5009826898594225,5,30.0,0.3688256144357138,18,461.0,0.19478836806962846,0,11.0,0.4529241463767944,23,502.0
385.0,35,238.0,3.090909090909091,4.116935467060656,10,48.0,0.17213046869196297,18,545.0,0.1057897405711832,7,15.0,0.18230132253548317,35,608.0
390.0,23,171.0,2.310810810810811,4.3387747194919575,4,49.0,0.25154260565610115,19,562.0,0.09475166894675668,0,13.0,0.6288570147183813,23,624.0
395.0,16,101.0,1.4027777777777777,5.685054342390754,5,70.0,0.2763716291417542,11,444.0,0.2189954820537887,0,2.0,0.8596949338829369,16,516.0
400.0,19,88.0,1.1282051282051282,5.540933451272459,4,75.0,0.29203401334576157,13,486.0,0.28581302933346003,2,6.0,0.6144969537983177,19,567.0
405.0,18,89.0,1.1265822784810127,5.857947974843881,2,59.0,0.3367736248443625,14,552.0,0.25198284313733205,2,14.0,0.6810202537812028,18,625.0
410.0,26,139.0,1.6746987951807228,4.555222741825182,6,74.0,0.16017497502896105,16,627.0,0.20761741409888154,4,28.0,0.33326711023592814,26,729.0
415.0,21,117.0,1.4268292682926829,4.441056734643719,7,103.0,0.18879619666882747,13,616.0,0.1761010663773474,1,10.0,0.5574068955827989,21,729.0
420.0,19,77.0,0.9390243902439024,4.342197254310563,5,95.0,0.17214197521973026,13,519.0,0.15762411420771932,1,5.0,0.6546623479738864,19,619.0
425.0,16,71.0,0.8160919540229885,4.54487472139891,8,113.0,0.2412582528380864,8,506.0,0.18576247659926393,0,3.0,0.7490030112933216,16,622.0
430.0,16,49.0,0.5697674418604651,4.559002923394498,5,104.0,0.2026014931884638,11,539.0,0.20516019294014298,0,0.0,0.825350082632661,16,643.0
435.0,26,135.0,1.4673913043478262,4.720009534135687,8,120.0,0.0987734421786472,16,607.0,0.24174177165031002,2,4.0,0.49544974098182704,26,731.0
440.0,22,143.0,1.6627906976744187,3.936024087301049,7,130.0,0.1447264463801439,13,596.0,0.15140907045793686,2,14.0,0.6150792215984907,22,740.0
445.0,30,105.0,1.206896551724138,3.651545964355849,8,113.0,0.204902258036856,18,520.0,0.15512987085500124,4,26.0,0.4010743713844116,30,659.0
450.0,15,52.0,0.5714285714285714,4.526992461393525,7,141.0,0.23170398154611938,8,516.0,0.2034866899299957,0,8.0,0.7280673794823499,15,665.0
455.0,21,67.0,0.7127659574468085,4.959395819760108,9,174.0,0.15857486040915353,11,548.0,0.194167140717998,1,5.0,0.7256196272761756,21,727.0
460.0,23,108.0,1.1612903225806452,4.608723109169978,6,183.0,0.12319582842435894,17,610.0,0.16895000270125066,0,0.0,0.5764652945295455,23,793.0
465.0,23,182.0,2.1411764705882352,4.83105958333857,3,182.0,0.16141483946807847,20,708.0,0.20065227669647942,0,0.0,0.8067919978697142,23,890.0
470.0,22,181.0,2.104651162790698,3.684802997925226,1,188.0,0.10713548582740555,21,714.0,0.14637169177574946,0,0.0,0.4833672697132123,22,902.0
475.0,29,157.0,1.7840909090909092,4.07089417538977,5,208.0,0.20967683842917637,21,597.0,0.1338194581443077,3,11.0,0.6373377797479569,29,816.0
480.0,22,112.0,1.3333333333333333,3.4402028672611755,6,202.0,0.1720393175704791,14,661.0,0.18232117180991542,2,21.0,0.5509818029953207,22,884.0
485.0,18,85.0,0.9340659340659341,4.016142557915619,5,172.0,0.19353355682521298,13,709.0,0.2004832662204166,0,7.0,0.5994527136063968,18,888.0
490.0,23,128.0,1.391304347826087,4.110482151151033,6,198.0,0.19327794214071192,16,777.0,0.15589418132412902,1,6.0,0.46874696368781904,23,981.0
495.0,27,221.0,2.4555555555555557,3.7831251034659252,7,204.0,0.11136098289344534,20,866.0,0.10054005136337849,0,6.0,0.47254841570968503,27,1076.0
500.0,22,179.0,2.130952380952381,3.754704796869819,2,191.0,0.1668411346379749,20,863.0,0.11259743082492973,0,0.0,0.7205755872333537,22,1054.0
505.0,27,142.0,1.6136363636363635,4.092213796004626,6,198.0,0.15496966262283288,18,748.0,0.13308247862659353,3,2.0,0.5530176022487118,27,948.0
510.0,21,110.0,1.2222222222222223,4.631014760107556,4,184.0,0.2197213537286935,17,817.0,0.16628295235124876,0,2.0,0.8273912307520678,21,1003.0
515.0,19,108.0,1.2413793103448276,4.523130405258198,2,168.0,0.21869956121643416,16,901.0,0.1669859475867987,1,4.0,0.6979190031502492,19,1073.0
520.0,24,78.0,0.8764044943820225,3.4268035667891144,8,186.0,0.09334498339333554,16,861.0,0.15569120380850898,0,0.0,0.5246179401480954,24,1047.0
525.0,18,66.0,0.7586206896551724,4.343723766908582,6,185.0,0.18377452031275848,12,646.0,0.19375706585345204,0,2.0,0.8077378885758545,18,833.0
530.0,14,23.0,0.23711340206185566,3.918922282079912,3,184.0,0.1659788420277086,9,681.0,0.18616289207880865,2,4.0,0.550857083656008,14,869.0
535.0,17,59.0,0.6020408163265306,4.8100507061928965,7,211.0,0.19369912650998725,8,694.0,0.17074916407533122,2,12.0,0.7127253545724174,17,917.0
540.0,20,127.0,1.3655913978494623,4.2364695780751385,5,201.0,0.13500379035149457,13,744.0,0.2029947380148415,2,22.0,0.24677080542324825,20,967.0
545.0,25,185.0,1.989247311827957,4.0983196606933765,4,135.0,0.11110381738731885,21,834.0,0.12342334458293197,0,3.0,0.522548600114756,25,972.0
550.0,29,201.0,2.258426966292135,3.970913572656872,4,133.0,0.15765430340877884,24,827.0,0.09010749753939913,1,2.0,0.7025769071831042,29,962.0
555.0,26,172.0,2.023529411764706,3.506001603459817,4,131.0,0.21969456187117017,20,671.0,0.10061968073858596,2,3.0,0.6514711337106532,26,805.0
560.0,20,113.0,1.2840909090909092,4.223881086818549,3,119.0,0.29546696417957913,16,749.0,0.2053723766322187,1,8.0,0.7226615381720677,20,876.0
565.0,30,116.0,1.2210526315789474,4.12708993520864,8,130.0,0.20284210040606093,17,812.0,0.17324160666518873,5,12.0,0.4587591328923341,30,954.0
570.0,29,185.0,1.9270833333333333,4.4258772672420585,9,166.0,0.1720949587682556,19,897.0,0.15827945202576235,1,3.0,0.5762703941619856,29,1066.0
575.0,31,217.0,2.411111111111111,3.681203585125171,11,182.0,0.11255201829840564,16,864.0,0.12917459470776688,4,14.0,0.2530222285651566,31,1060.0
580.0,29,157.0,1.7444444444444445,3.489506209780374,11,177.0,0.17920229243673375,18,741.0,0.11973923110783549,0,17.0,0.48720307615174996,29,935.0
585.0,25,125.0,1.3297872340425532,4.281083499057605,10,202.0,0.26572615648627856,15,770.0,0.17428164314268393,0,2.0,0.7270054068763644,25,974.0
590.0,24,100.0,1.0101010101010102,4.149519562193731,11,231.0,0.19382998460346254,13,814.0,0.1843636303098559,0,2.0,0.5808829389537801,24,1047.0
595.0,32,162.0,1.6701030927835052,4.1900363984104745,12,291.0,0.1382492241734726,17,877.0,0.1463952004325281,3,7.0,0.5586781831910765,32,1175.0
600.0,25,137.0,1.5054945054945055,3.0545720613066547,9,307.0,0.10593411389585015,16,840.0,0.10235771060454384,0,0.0,0.5871780785431737,25,1147.0
605.0,23,100.0,1.075268817204301,3.8655167446211274,7,273.0,0.2211175774658366,15,705.0,0.12796162772694175,1,7.0,0.5426825305598897,23,985.0
610.0,19,61.0,0.6354166666666666,3.958250918970082,5,286.0,0.2535052467140653,14,758.0,0.12264006630022965,0,3.0,0.678497847910859,19,1047.0
615.0,20,65.0,0.6435643564356436,4.35132055545732,5,310.0,0.17314763795225094,13,812.0,0.17043196184134332,2,4.0,0.520149892280545,20,1126.0
620.0,30,160.0,1.6666666666666667,4.114686222685703,8,346.0,0.1563700920213188,20,894.0,0.13033771554735235,2,12.0,0.6163877338886492,30,1252.0
625.0,36,192.0,2.0210526315789474,2.994631770095762,11,348.0,0.06128436145820674,19,864.0,0.11140744977258966,6,24.0,0.3012187270635142,36,1236.0
630.0,28,143.0,1.5052631578947369,3.7350960697913016,9,331.0,0.2144776182731015,19,744.0,0.14029577944748892,0,10.0,0.6266404750324248,28,1085.0
635.0,24,97.0,0.9897959183673469,4.34069905645304,8,358.0,0.23512958451834107,15,713.0,0.14819676248133806,1,4.0,0.7328618376507008,24,1075.0
640.0,30,123.0,1.1941747572815533,4.56123231213419,9,401.0,0.18099704338429215,20,779.0,0.15287621672803747,1,1.0,0.6331555861426486,30,1181.0
645.0,27,158.0,1.6631578947368422,4.47771058716118,11,453.0,0.17614531361167066,16,866.0,0.1557031320690775,0,0.0,0.7836019550352381,27,1319.0
650.0,27,140.0,1.4893617021276595,3.5033500257491723,11,466.0,0.08628574996288547,15,822.0,0.14565802719069654,1,2.0,0.4462839326505799,27,1290.0
655.0,27,121.0,1.2872340425531914,4.1545314849047426,10,434.0,0.21942694161818405,15,654.0,0.13878457305253133,2,10.0,0.715691237455337,27,1098.0
660.0,17,65.0,0.6701030927835051,4.151855536910556,7,453.0,0.23193929150695577,10,656.0,0.16885237341513673,0,2.0,0.5967737981122547,17,1111.0
665.0,24,85.0,0.8095238095238095,4.672037205419768,9,496.0,0.18770550759463964,13,686.0,0.16554691359195264,2,11.0,0.5447301923305743,24,1193.0
670.0,22,105.0,1.09375,4.074502031322807,9,491.0,0.12791711420669546,13,742.0,0.18618159845273075,0,8.0,0.46813965417417663,22,1241.0
675.0,28,184.0,1.9574468085106382,4.219288686105224,7,439.0,0.13456321547199002,19,828.0,0.13917860826225406,2,6.0,0.458379369121226,28,1273.0
680.0,25,192.0,2.0869565217391304,4.0058679885853365,4,424.0,0.20533131041863065,19,822.0,0.07857317389012074,2,16.0,0.5664537195814748,25,1262.0
685.0,31,167.0,1.7956989247311828,3.202914535638977,4,419.0,0.19167156204221733,20,724.0,0.09991762461101363,7,31.0,0.39029370870951663,31,1174.0
690.0,27,128.0,1.3763440860215055,4.008202505259353,7,440.0,0.24031018708973617,20,769.0,0.1356575659112479,0,11.0,0.6174866628007336,27,1220.0
695.0,28,154.0,1.6559139784946237,4.320826627793805,5,420.0,0.23450739965991368,21,873.0,0.1480748619962881,2,8.0,0.6073259581994024,28,1301.0
700.0,20,87.0,0.9157894736842105,3.8406886612978934,8,451.0,0.1588189161825995,12,854.0,0.1507434195578834,0,6.0,0.44776897616972566,20,1311.0
705.0,18,53.0,0.5698924731182796,3.829645705998041,9,481.0,0.1760233737087688,9,706.0,0.1724513419000068,0,2.0,0.777724936668134,18,1189.0
710.0,20,74.0,0.7115384615384616,3.498103531468679,12,532.0,0.11983334043467636,7,728.0,0.15528413579256198,1,3.0,0.5700550834098056,20,1263.0
715.0,21,102.0,0.9807692307692307,4.201691256730219,10,521.0,0.1693530804061247,9,750.0,0.16739036474090493,2,13.0,0.6935677030809373,21,1284.0
720.0,23,147.0,1.53125,3.6501873953672876,6,439.0,0.13748266686261562,15,812.0,0.14571449254119054,2,21.0,0.41533196317406773,23,1272.0
725.0,29,174.0,1.7575757575757576,3.299527740165021,7,319.0,0.14443528966197303,18,792.0,0.10824309842568526,4,38.0,0.4090951965739846,29,1149.0
730.0,25,123.0,1.2551020408163265,3.6995692885744975,5,350.0,0.2236275582820505,19,645.0,0.12970710037873992,0,15.0,0.5519254753018012,24,1010.0
735.0,23,71.0,0.6826923076923077,3.935705870570776,5,349.0,0.23966728260828152,17,713.0,0.1259605155776565,1,2.0,0.6453200190831033,23,1064.0
740.0,26,96.0,0.9411764705882353,4.954013694589494,5,372.0,0.2567204945681233,20,775.0,0.1583199584697496,1,2.0,0.7554232155320028,26,1149.0
745.0,33,173.0,1.7474747474747474,3.9814267683377276,8,404.0,0.14427567787953283,20,863.0,0.12998166831554855,5,10.0,0.3284283109190341,33,1277.0
750.0,34,282.0,2.9375,3.879182678012295,12,402.0,0.11340075164078942,19,959.0,0.13813900333352477,3,23.0,0.43038450957048324,34,1384.0
755.0,36,288.0,3.0638297872340425,3.072034383769542,10,352.0,0.11889099057680787,23,950.0,0.09353122443139082,3,38.0,0.4029869448451146,36,1340.0
760.0,30,178.0,1.8350515463917525,2.951199509398796,9,377.0,0.15769388190619685,20,831.0,0.10744172464343545,1,25.0,0.49150434197759113,30,1233.0
765.0,32,163.0,1.613861386138614,4.079864759420441,10,420.0,0.20217364759299403,19,856.0,0.1360858890658784,3,13.0,0.6090540439738453,32,1289.0
770.0,36,166.0,1.66,3.933619013920823,11,420.0,0.15214692908583036,23,959.0,0.14825865799424898,2,13.0,0.45674268239672045,36,1392.0
775.0,33,168.0,1.75,3.5795052861561065,9,464.0,0.1296076181887859,20,1063.0,0.13868878440718696,4,23.0,0.3703287427086303,33,1550.0
780.0,29,158.0,1.6631578947368422,3.2027174671209644,9,448.0,0.12246153928838575,15,1033.0,0.1223813003467996,5,38.0,0.3025421605314539,29,1519.0
785.0,22,126.0,1.26,3.841745871845071,5,429.0,0.18347373434756759,13,891.0,0.18253704543678675,4,47.0,0.4330178348083035,22,1367.0
790.0,18,56.0,0.5384615384615384,3.6143978984124825,4,429.0,0.2015799278662192,13,949.0,0.134231985020496,1,22.0,0.47557512036054295,18,1400.0
795.0,29,106.0,0.9814814814814815,4.030333965520227,5,444.0,0.13638685170570736,19,1013.0,0.1433878058705844,5,22.0,0.4003071413476799,29,1479.0
800.0,31,179.0,1.7549019607843137,3.9274517682486816,6,416.0,0.1495070949657802,20,1107.0,0.14623979116048386,5,42.0,0.36828098272359394,31,1565.0
805.0,35,261.0,2.6363636363636362,3.1195419568828084,6,337.0,0.09567701827935356,22,1212.0,0.13134443169912044,7,46.0,0.14678032439463826,35,1595.0
810.0,31,233.0,2.4526315789473685,3.6181130458678594,5,356.0,0.15950507717254075,24,1203.0,0.10240599330296957,2,37.0,0.4441147384813509,31,1596.0
815.0,32,209.0,2.2,3.276176281197133,7,388.0,0.16556032627846382,23,1007.0,0.07142771486136171,2,36.0,0.4597540426446654,32,1431.0
820.0,25,152.0,1.5670103092783505,3.2647438922515066,4,368.0,0.19900244523125918,19,1043.0,0.14251562194239556,2,24.0,0.44999862297298726,25,1435.0
825.0,30,146.0,1.4747474747474747,4.398902810603834,5,341.0,0.2660966272799097,20,1138.0,0.1663527999710517,5,40.0,0.49765054313721147,30,1519.0
830.0,26,137.0,1.3564356435643565,3.54287161871341,6,361.0,0.11861437348104038,14,1097.0,0.16534906584684728,6,65.0,0.2585644749390281,26,1523.0
835.0,28,139.0,1.39,3.6615442377251775,8,350.0,0.2117813602002707,11,923.0,0.16820338956928013,9,102.0,0.37210795696252175,28,1375.0
840.0,15,63.0,0.6057692307692307,3.698335401193496,5,297.0,0.17119909251259488,7,951.0,0.17702221419307038,3,77.0,0.42183362885000536,15,1325.0
845.0,18,97.0,0.8660714285714286,4.041763274130664,5,246.0,0.22770255373927104,10,972.0,0.15820694302780794,3,74.0,0.42607383838802976,18,1292.0
850.0,20,135.0,1.25,3.8266014407716393,2,225.0,0.20453835414114918,14,1025.0,0.14092648625955823,4,56.0,0.2831069929975979,20,1306.0
855.0,28,211.0,1.9357798165137614,3.5135698356987426,6,229.0,0.13097010622147592,21,1119.0,0.1368161417995665,1,37.0,0.23818604915646105,28,1385.0
860.0,37,234.0,2.2718446601941746,3.4164506445672367,5,213.0,0.19045565906501996,24,1101.0,0.0892148704333695,6,52.0,0.2787342699582363,35,1366.0
865.0,38,213.0,2.13,2.848293034320928,7,196.0,0.19765023957650535,23,977.0,0.08489938451925155,8,68.0,0.3409960840628839,38,1241.0
870.0,35,248.0,2.3846153846153846,4.2973815334136205,5,212.0,0.29382884198724385,24,769.0,0.14870253724569138,6,94.0,0.4328254966708607,35,1075.0
875.0,27,178.0,1.7115384615384615,4.320753728377832,6,234.0,0.24611430702561007,16,837.0,0.2013042271514571,5,96.0,0.43335089306388813,27,1167.0
880.0,28,166.0,1.537037037037037,4.003531674180503,10,273.0,0.12843747397775282,13,887.0,0.21175426552464235,5,117.0,0.30248929731689556,28,1277.0
885.0,32,209.0,2.0096153846153846,4.310715728355446,11,277.0,0.141049302376009,15,947.0,0.19620938164008525,6,116.0,0.2677109210707925,32,1340.0
890.0,35,271.0,2.580952380952381,3.8329521927484653,10,243.0,0.10907722675108754,20,1038.0,0.13518391543195146,5,98.0,0.16245268552919015,35,1379.0
895.0,34,236.0,2.3366336633663365,3.7023503905086,10,251.0,0.16185886490460846,22,1015.0,0.11452195190620727,2,85.0,0.3217239309709811,34,1351.0
900.0,33,193.0,1.9896907216494846,3.6257630327224315,9,235.0,0.18182425749136163,20,818.0,0.10130638645820507,4,91.0,0.36248531638342973,33,1144.0
905.0,29,162.0,1.62,4.4982486353368,8,262.0,0.2927468020889274,17,661.0,0.18709092184212756,4,85.0,0.4432286328855424,29,1008.0
910.0,27,114.0,1.163265306122449,4.596981870176238,9,294.0,0.3217170044960214,14,729.0,0.2158450520430839,4,55.0,0.47954011433171573,27,1078.0
915.0,27,118.0,1.1346153846153846,4.3300072105822,10,332.0,0.25066766989384665,13,790.0,0.21242982424779788,4,64.0,0.34754200337669117,27,1186.0
920.0,31,206.0,2.0,4.310946256460747,11,338.0,0.20086881098844828,14,858.0,0.2105545253055483,6,70.0,0.3279527292606274,31,1266.0
925.0,42,279.0,2.5833333333333335,3.8793102746884975,15,347.0,0.11471901658703951,21,957.0,0.169819146321747,6,77.0,0.154419818624352,42,1381.0
930.0,37,249.0,2.349056603773585,3.4055323207260986,12,389.0,0.12241685945745112,23,946.0,0.09387626286967392,2,69.0,0.2592014528662127,37,1404.0
935.0,38,225.0,2.1844660194174756,3.846622526057354,12,446.0,0.1373541805018358,21,828.0,0.10371339562499989,5,85.0,0.2929125917453585,38,1359.0
940.0,38,196.0,1.9029126213592233,3.5963974603613402,12,463.0,0.1769819337008734,20,911.0,0.1290444162708616,6,91.0,0.30095004366906464,38,1465.0
945.0,28,148.0,1.5257731958762886,4.175967869418187,7,383.0,0.22746303007710453,18,996.0,0.19222877430703358,3,70.0,0.4494502229319389,28,1449.0
950.0,27,128.0,1.28,3.2805490852920864,6,407.0,0.13726188366834968,21,1088.0,0.13154133533845522,0,61.0,0.23258772250186632,27,1556.0
955.0,30,150.0,1.5,3.233786767348479,6,398.0,0.15908056135163146,19,1064.0,0.1325334403670854,5,60.0,0.26342204047589607,30,1522.0
960.0,22,134.0,1.34,3.2050929903968703,3,386.0,0.1957550267321807,17,924.0,0.14416365959300476,2,59.0,0.34222087757242886,22,1369.0
965.0,26,145.0,1.355140186915888,3.239064834108849,5,378.0,0.25540878912314385,16,945.0,0.12593741977394743,5,70.0,0.4018070769532923,26,1393.0
970.0,25,87.0,0.7981651376146789,3.403996805805941,3,361.0,0.25161934153225424,19,1005.0,0.13727038134114466,3,58.0,0.3553738070292573,25,1424.0
975.0,37,198.0,1.706896551724138,3.6724741402904546,8,376.0,0.1026298685387693,21,1095.0,0.146083793606142,8,75.0,0.1767195722776955,37,1546.0
980.0,36,286.0,2.6,3.739431974874167,8,375.0,0.13968484833343944,20,1188.0,0.13638396052868043,8,94.0,0.2012910796164638,36,1657.0
985.0,39,241.0,2.3173076923076925,2.757049665177211,10,327.0,0.08617936154880074,21,1170.0,0.1017274287156094,8,77.0,0.16269918444165354,39,1574.0
990.0,32,189.0,1.8529411764705883,3.3665734056709096,7,331.0,0.20535229020159346,22,1028.0,0.09036706467326891,3,95.0,0.34636768948048496,32,1454.0
995.0,37,233.0,2.177570093457944,3.7089039054178072,10,372.0,0.2327218805854954,22,851.0,0.14593429176631778,5,116.0,0.36343902830347696,37,1339.0
1000.0,42,260.0,2.3214285714285716,3.490896325600208,12,425.0,0.21744576022116976,19,878.0,0.19715279485993883,11,160.0,0.29361346182694675,42,1463.0
1005.0,38,291.0,2.5982142857142856,3.854434493459538,14,494.0,0.2081933880874067,13,929.0,0.21808539489574277,11,181.0,0.2663817540916429,38,1604.0
1010.0,40,340.0,2.9310344827586206,3.6764439982567483,13,517.0,0.11389577933524887,12,988.0,0.2076007698513098,15,235.0,0.11184788837305625,40,1740.0
1015.0,48,403.0,3.630630630630631,3.2180038087497023,19,568.0,0.08159660072045952,16,939.0,0.14469984193294605,13,260.0,0.1615859083265061,48,1767.0
1020.0,37,330.0,3.173076923076923,3.4291838277477944,17,594.0,0.15542000348781157,14,800.0,0.16706175984366803,6,221.0,0.31967026141805777,37,1615.0
1025.0,31,208.0,1.8909090909090909,4.126523014174134,16,544.0,0.21739299434854598,11,748.0,0.20908879945769834,4,156.0,0.41283333197987765,31,1448.0
1030.0,24,160.0,1.4035087719298245,4.491291788837359,11,537.0,0.23950158130239688,10,775.0,0.18297423225794351,3,169.0,0.3793525072774539,24,1481.0
1035.0,37,225.0,1.9565217391304348,4.175453125396193,14,606.0,0.1117850576020949,15,837.0,0.1760790740807743,8,195.0,0.24717594520693892,37,1638.0
1040.0,30,183.0,1.7264150943396226,3.3969721357603255,9,596.0,0.16053352668453932,14,789.0,0.14658970762560164,7,204.0,0.18533418132767995,30,1589.0
1045.0,35,170.0,1.619047619047619,3.319091747590263,5,501.0,0.23235596715696133,15,665.0,0.14700806924035179,15,249.0,0.16363437720196364,35,1415.0
1050.0,23,121.0,1.1415094339622642,4.019392233350708,3,378.0,0.35170184393629333,11,669.0,0.16024873365591033,9,253.0,0.3204621344747861,23,1300.0
1055.0,25,112.0,1.037037037037037,4.005220696345902,4,388.0,0.25834124916070134,16,709.0,0.1735910507074763,5,204.0,0.3172609985417389,25,1301.0
1060.0,30,174.0,1.5535714285714286,3.88315908185215,8,421.0,0.22144232752468598,17,781.0,0.15697710030231907,5,192.0,0.27082424358717444,30,1394.0
1065.0,32,253.0,2.3211009174311927,3.7659993431508774,8,432.0,0.18230725906798917,22,881.0,0.144866339081209,2,141.0,0.28608277525607784,32,1454.0
1070.0,41,339.0,3.081818181818182,3.3223866779803966,13,479.0,0.11070005048354095,24,887.0,0.10885396511564634,4,127.0,0.23134620383031942,41,1493.0
1075.0,40,260.0,2.4299065420560746,3.2081928793187533,12,480.0,0.19820567506660228,25,793.0,0.08698966886102931,3,112.0,0.3768859191557572,40,1385.0
1080.0,34,201.0,1.8962264150943395,3.6828012220301267,10,409.0,0.20365385327486832,19,834.0,0.14753067533269035,5,120.0,0.3240412944332538,34,1363.0
1085.0,37,187.0,1.6696428571428572,3.7307749648318946,12,459.0,0.1780032765728522,20,914.0,0.15859942329474463,5,111.0,0.26951154343940176,37,1484.0
1090.0,40,208.0,1.9259259259259258,3.5702020341213863,13,510.0,0.11155536753836579,22,1020.0,0.13520106610919222,5,134.0,0.3052033868684292,40,1664.0
1095.0,39,214.0,1.963302752293578,2.9677152056921696,16,583.0,0.06949608897491646,17,991.0,0.11265465694213932,6,129.0,0.13617991033955387,39,1703.0
1100.0,28,152.0,1.4757281553398058,3.208240629820162,8,585.0,0.19248271614599513,16,851.0,0.12458647285838663,4,101.0,0.31239113204480845,28,1537.0
1105.0,29,108.0,0.9908256880733946,3.109693917352565,9,497.0,0.19283598279752792,14,859.0,0.15808988730339732,6,115.0,0.24304971120000085,29,1471.0
1110.0,28,107.0,0.9553571428571429,3.813638885877075,8,531.0,0.20579936124344014,16,916.0,0.16620605143685063,4,112.0,0.3249389702835109,28,1559.0
1115.0,39,194.0,1.7168141592920354,3.938331354640605,11,571.0,0.07879812045728139,19,1002.0,0.16329301241254185,9,140.0,0.173622408029722,39,1713.0
1120.0,37,196.0,1.849056603773585,2.5962712698862997,8,560.0,0.09330815176940076,17,961.0,0.11626371343687679,12,151.0,0.08835359287725578,37,1672.0
1125.0,30,139.0,1.3627450980392157,3.6257430623606735,4,481.0,0.2622191535063207,18,832.0,0.14434110450948515,8,127.0,0.3203788117487583,30,1440.0
1130.0,18,59.0,0.5315315315315315,3.597396633624556,1,399.0,0.2856042904528349,12,825.0,0.1374114430831755,5,158.0,0.2960854407768196,18,1382.0
1135.0,28,89.0,0.7739130434782608,4.0411310538463425,4,415.0,0.2933172122374291,17,861.0,0.15695875474010296,7,187.0,0.2871901896527528,28,1463.0
1140.0,38,217.0,1.920353982300885,3.5595157579597263,7,444.0,0.15202723433023624,21,951.0,0.1570177642689287,10,232.0,0.14125675590529008,38,1627.0
1145.0,44,376.0,3.3873873873873874,3.1906007144396016,9,433.0,0.12401235203499628,21,1051.0,0.1267265151201975,14,298.0,0.09323310435813593,44,1782.0
1150.0,42,363.0,3.3,2.9482461311760146,5,434.0,0.15911716428305714,23,1041.0,0.09501420608442605,14,343.0,0.12303791148101174,42,1818.0
1155.0,45,412.0,3.6785714285714284,3.5642971001089707,6,453.0,0.17963105452443356,23,878.0,0.10733634862116581,16,409.0,0.18183657002611456,45,1740.0
1160.0,42,367.0,3.4299065420560746,3.4952532293517273,8,429.0,0.23117401156514458,18,904.0,0.1508762125045695,16,435.0,0.27003131714486445,42,1768.0
1165.0,36,260.0,2.385321100917431,3.466631900743452,6,337.0,0.1811743332836507,15,980.0,0.21084621954050597,15,404.0,0.19409823167497886,36,1721.0
1170.0,33,233.0,2.1376146788990824,3.6825435426054844,5,362.0,0.14936668144424095,18,1062.0,0.1616915375981697,10,411.0,0.2365933226622988,33,1835.0
1175.0,27,158.0,1.462962962962963,2.9840344431476247,7,340.0,0.07796458501813565,13,1014.0,0.1299300215351365,7,407.0,0.1290350165623943,27,1761.0
1180.0,24,137.0,1.2568807339449541,3.3316920648181516,6,338.0,0.19062627534446192,13,864.0,0.16301924497344483,5,358.0,0.2769137298579372,24,1560.0
1185.0,17,90.0,0.8108108108108109,3.495641105196954,3,326.0,0.2564158615176423,10,857.0,0.15745191507908576,4,344.0,0.30738344682904317,17,1527.0
1190.0,22,72.0,0.6153846153846154,3.6831235504812514,5,330.0,0.18132036556084682,15,910.0,0.16430600711640872,2,317.0,0.22828666911137327,22,1557.0
1195.0,29,141.0,1.236842105263158,3.817061479723331,5,307.0,0.21182861577233064,17,992.0,0.1346775682014501,7,315.0,0.19537364662983284,29,1614.0
1200.0,30,225.0,2.142857142857143,2.9680047483655287,2,282.0,0.11468612785585001,22,1089.0,0.10668683559099357,6,304.0,0.13949295444232884,30,1675.0
1205.0,35,233.0,2.19811320754717,2.664347598083653,5,219.0,0.13872735465339422,22,1070.0,0.1125195201600061,8,257.0,0.12212484225249987,35,1546.0
1210.0,32,186.0,1.690909090909091,3.3194987072142617,4,239.0,0.21311127354589082,22,932.0,0.1347030584068142,6,275.0,0.29801023074152827,32,1446.0
1215.0,37,208.0,1.793103448275862,3.1284158627208485,9,274.0,0.19732038820982817,21,975.0,0.12731223498442742,7,307.0,0.19986922595749768,37,1556.0
1220.0,34,190.0,1.623931623931624,3.764230462926523,8,286.0,0.23934571355591952,22,1075.0,0.15126935305867859,4,288.0,0.27756465960437443,34,1649.0
1225.0,40,246.0,2.1206896551724137,3.195913791083268,15,327.0,0.0690069514125365,19,1180.0,0.14573043533111762,6,303.0,0.11856055875550493,40,1810.0
1230.0,36,283.0,2.5267857142857144,2.7073054250994373,16,395.0,0.10280161876783676,14,1132.0,0.10868618476682669,6,283.0,0.11812708099167978,36,1810.0
1235.0,32,204.0,1.871559633027523,3.0595538919676906,14,349.0,0.1906204973403487,15,968.0,0.15566181700507278,3,291.0,0.2034430267271686,32,1608.0
1240.0,31,179.0,1.5169491525423728,3.5747094425342123,14,311.0,0.18986607798526658,12,961.0,0.15737045822859985,5,309.0,0.21844097733242668,31,1581.0
1245.0,34,178.0,1.5344827586206897,3.69021085663237,14,381.0,0.18698041137274063,16,1012.0,0.15754715520304327,4,276.0,0.23450812374768532,34,1669.0
1250.0,34,203.0,1.735042735042735,3.4717739081767367,13,431.0,0.10141888346571809,17,1098.0,0.18087216456825342,4,201.0,0.13183056396557963,34,1730.0
1255.0,31,196.0,1.7345132743362832,3.337817627044506,12,493.0,0.1256352601485513,15,1050.0,0.10725720025871742,4,147.0,0.18901449728143466,31,1690.0
1260.0,28,153.0,1.4433962264150944,2.8002400538509553,9,477.0,0.15730043603938781,17,896.0,0.11928974149510851,2,130.0,0.20669589438174277,28,1503.0
1265.0,29,128.0,1.1327433628318584,3.0286689586567874,9,424.0,0.22446551983311228,14,961.0,0.1389226327003873,6,152.0,0.25909188044648584,29,1537.0
1270.0,31,122.0,1.0427350427350428,3.2935360513860714,10,466.0,0.19464779473656704,16,1006.0,0.14808835985738023,5,143.0,0.24612896262956746,31,1615.0
1275.0,48,251.0,2.074380165289256,3.166969958167663,14,521.0,0.0961647875720168,24,1103.0,0.13266537872385503,10,169.0,0.12591025111147672,48,1793.0
1280.0,44,354.0,3.1327433628318584,3.105671904870477,12,556.0,0.13525446813378342,23,1215.0,0.11185768121799379,9,178.0,0.14831662980860408,44,1949.0
1285.0,50,389.0,3.4424778761061945,2.699706852393876,15,608.0,0.0489119458736356,24,1201.0,0.0875846876755036,11,150.0,0.07369701374518674,50,1959.0
1290.0,48,370.0,3.3944954128440368,3.017833898745225,13,615.0,0.19661022835085093,25,1059.0,0.10159538867339483,10,202.0,0.22719210449858235,48,1876.0
1295.0,48,322.0,2.9814814814814814,2.782739037896237,13,564.0,0.21109967910952232,23,1113.0,0.14335344646246892,12,262.0,0.19839506413882185,48,1939.0
1300.0,50,341.0,2.939655172413793,2.859811537633532,14,627.0,0.196865208309653,22,1222.0,0.1598752317606618,14,327.0,0.15091270188132136,50,2176.0
1305.0,48,359.0,3.121739130434783,3.0490428361550013,16,698.0,0.16993894224942735,21,1327.0,0.14513137774688523,11,363.0,0.15185789573141184,48,2388.0
1310.0,47,361.0,3.0854700854700856,2.672275202361279,14,748.0,0.07997992605961445,16,1275.0,0.1343464548097546,17,421.0,0.0576509078632723,47,2444.0
1315.0,43,346.0,3.008695652173913,3.4566055531303674,13,819.0,0.18614026283308954,15,1029.0,0.1342906618748534,15,451.0,0.18698808440591663,43,2299.0
1320.0,37,285.0,2.544642857142857,3.0734297462137827,11,802.0,0.14810931566347346,14,1093.0,0.17096253950352755,12,424.0,0.21886545334057617,37,2319.0
1325.0,43,271.0,2.2966101694915255,3.3599189403511374,12,731.0,0.1779148398463254,17,1155.0,0.18473936947957037,14,448.0,0.19674066519717465,43,2334.0
1330.0,40,266.0,2.216666666666667,3.4013150990469003,11,771.0,0.12940185426621903,16,1237.0,0.16129274688553694,13,516.0,0.14671945832932004,40,2524.0
1335.0,46,266.0,2.2735042735042734,2.854611112552565,16,839.0,0.06541407215000015,16,1187.0,0.1373921951293071,14,539.0,0.09007111254497084,46,2565.0
1340.0,30,147.0,1.3125,3.2190221769425924,9,830.0,0.2148777458031738,16,955.0,0.11746185210868115,5,556.0,0.251275562163719,30,2341.0
1345.0,27,83.0,0.7094017094017094,3.5777420308562995,7,720.0,0.2142142571526227,13,951.0,0.1777529434884626,7,567.0,0.1890980330406645,27,2238.0
1350.0,27,83.0,0.7155172413793104,3.8048345314250303,4,680.0,0.25373048036496765,18,997.0,0.1681603668240352,5,546.0,0.21737355390628701,27,2223.0
1355.0,22,71.0,0.6120689655172413,3.3359660355294127,7,707.0,0.13343119362918968,10,939.0,0.1567555391621067,5,471.0,0.19854336324947827,22,2117.0
1360.0,24,104.0,0.8813559322033898,3.060107424728257,9,682.0,0.18559233867300423,11,757.0,0.1359507178405388,4,414.0,0.22033336030455172,24,1853.0
1365.0,16,59.0,0.4957983193277311,3.5489404498487205,5,682.0,0.23066622632542602,9,744.0,0.16055814501419735,2,427.0,0.2813835391098317,16,1853.0
1370.0,20,88.0,0.704,3.640385434685357,7,700.0,0.18401161663387847,8,756.0,0.15604959562641635,5,405.0,0.22701774334235128,20,1861.0
1375.0,19,111.0,0.9173553719008265,3.8529173610612766,4,657.0,0.2045416304408675,13,791.0,0.1419420662043352,2,391.0,0.19745882128419703,19,1839.0
1380.0,32,217.0,1.8706896551724137,3.5267192121371465,3,469.0,0.08974801194375745,20,871.0,0.16488715918894917,9,414.0,0.10229595878234267,32,1754.0
1385.0,32,222.0,1.9821428571428572,2.969324634327058,3,367.0,0.12857202642899165,21,848.0,0.10628494142223206,8,407.0,0.1230396460996218,32,1622.0
1390.0,26,165.0,1.5277777777777777,3.471919170199006,2,326.0,0.2986260059401307,20,731.0,0.13210245398739817,4,334.0,0.27764978968391535,26,1391.0
1395.0,29,145.0,1.25,3.5828241687476905,2,312.0,0.3241792321468267,20,545.0,0.1446450688415204,7,357.0,0.22512104332593014,29,1214.0
1400.0,32,133.0,1.1271186440677967,4.05083130557561,4,328.0,0.3633998623364149,19,616.0,0.17492048078899325,9,394.0,0.24373547663666673,32,1338.0
1405.0,42,214.0,1.7685950413223142,3.4603686387843497,10,360.0,0.23768768795984685,15,679.0,0.1866957842471986,17,451.0,0.12356899514004165,42,1490.0
1410.0,41,283.0,2.3583333333333334,3.6802991922883375,13,348.0,0.17165381108056987,15,738.0,0.20209190609891106,13,494.0,0.13162512457011857,41,1580.0
1415.0,50,428.0,3.6271186440677967,3.36427345197503,10,386.0,0.1296243949811829,23,834.0,0.1496018912786032,17,562.0,0.041001965271138203,50,1782.0
1420.0,49,424.0,3.5041322314049586,2.945172694832313,13,446.0,0.06407817011229827,22,823.0,0.09242405613882877,14,568.0,0.0619101576296995,49,1837.0
1425.0,48,328.0,2.954954954954955,3.233257503534118,12,439.0,0.19365624434096315,23,722.0,0.15604399883631534,13,498.0,0.1853491240199966,48,1659.0
1430.0,38,236.0,2.088495575221239,2.8842417312440864,8,309.0,0.14202084228649303,18,813.0,0.15681134291089358,12,397.0,0.18594395661593122,38,1519.0
1435.0,34,206.0,1.7758620689655173,3.5580610416496037,4,334.0,0.23111323076200105,17,883.0,0.13264251119083995,13,458.0,0.23904988489968562,34,1675.0
1440.0,37,241.0,2.0956521739130434,3.320757299138573,5,355.0,0.10886277640048533,20,976.0,0.14301465867322152,12,518.0,0.11205456494032569,37,1849.0
1445.0,37,280.0,2.456140350877193,3.2083694739324464,4,323.0,0.15281649657905833,22,1074.0,0.15164652714580498,11,530.0,0.1496248915991893,37,1927.0
1450.0,38,339.0,3.054054054054054,3.251710699869852,3,242.0,0.21355235168434514,30,1205.0,0.11446380072354584,5,537.0,0.1787755056798038,38,1984.0
1455.0,46,507.0,4.486725663716814,2.9578210636776903,3,218.0,0.18187830749760783,35,1367.0,0.07832095316223453,8,557.0,0.10847194177736269,46,2142.0
1460.0,51,537.0,4.752212389380531,2.510022486865645,6,239.0,0.175150199071494,37,1402.0,0.06459066300868838,8,538.0,0.14080969635377244,51,2179.0
1465.0,54,480.0,4.247787610619469,1.8852383323392727,12,276.0,0.13565921482957186,36,1326.0,0.09309068575710137,6,458.0,0.14246153645291215,54,2060.0
1470.0,43,435.0,3.717948717948718,2.5712142811374683,10,298.0,0.24491121795200746,28,1401.0,0.11788183609268722,5,482.0,0.21534928697646724,43,2181.0
1475.0,43,417.0,3.418032786885246,3.179468789735395,12,347.0,0.17930131785433545,22,1503.0,0.13736750689961674,9,517.0,0.17264903662174103,43,2367.0
1480.0,50,475.0,3.7698412698412698,3.1060988610683404,17,419.0,0.07486243020843551,20,1610.0,0.1626814482984778,13,567.0,0.0975455058702386,50,2596.0
1485.0,50,495.0,4.194915254237288,2.542467886782966,18,449.0,0.08214031973383688,16,1557.0,0.11463988392681362,16,638.0,0.09699900224138346,50,2644.0
1490.0,49,432.0,3.5702479338842976,2.5846698194735436,17,480.0,0.13706760485128772,17,1320.0,0.12650818492297075,15,579.0,0.14230191206919585,49,2379.0
1495.0,40,310.0,2.5,3.1075083110115576,19,527.0,0.21335881191920772,11,1314.0,0.14985594646341266,10,590.0,0.22324294714378612,40,2431.0
1500.0,44,289.0,2.312,3.3622444474798785,17,613.0,0.14891179053839854,15,1341.0,0.16275113750437636,12,602.0,0.17290530272648338,44,2556.0
1505.0,43,297.0,2.376,3.113764221302351,14,671.0,0.1319501275199256,17,1418.0,0.17178671476347077,12,600.0,0.08220190734658786,43,2689.0
1510.0,43,343.0,2.9316239316239314,3.317378497391682,16,737.0,0.10906237421717578,20,1508.0,0.1353392406727233,7,588.0,0.12839529158712157,43,2833.0
1515.0,38,282.0,2.473684210526316,2.6274378059572916,14,736.0,0.09019619613382919,21,1464.0,0.09621378235115709,3,504.0,0.1027825303815216,38,2704.0
1520.0,32,199.0,1.761061946902655,3.353466479807075,10,668.0,0.24377955428680664,21,1285.0,0.12793158838913624,1,501.0,0.2508647887168421,32,2454.0
1525.0,37,183.0,1.5508474576271187,3.4231179379023158,13,661.0,0.19880230902432694,18,1223.0,0.1521652634878701,6,510.0,0.2072406476313427,37,2394.0
1530.0,35,151.0,1.26890756302521,4.084117456226347,11,703.0,0.2339083648961258,20,1306.0,0.17081847616216964,4,472.0,0.23975053311376174,35,2481.0
1535.0,38,204.0,1.7894736842105263,3.6448307744632062,14,763.0,0.0672137056734273,19,1407.0,0.14612461229489385,5,492.0,0.16032755332860432,38,2662.0
1540.0,30,175.0,1.6203703703703705,2.813488657841157,11,756.0,0.10675691062770712,13,1325.0,0.11618153849262808,6,459.0,0.09098353407823793,30,2540.0
1545.0,23,110.0,1.02803738317757,3.5063552589197937,7,728.0,0.26101327796691903,12,1104.0,0.17435419757762805,4,369.0,0.230789255752797,23,2201.0
1550.0,20,76.0,0.6551724137931034,3.3497635148312157,7,640.0,0.23154189624806037,10,1007.0,0.19008165106025823,3,332.0,0.19561290298598172,20,1979.0
1555.0,28,126.0,1.0677966101694916,3.7423167875532513,9,679.0,0.22804927865519284,12,1053.0,0.17263763646036495,7,358.0,0.23692213448868477,28,2090.0
1560.0,31,99.0,0.8461538461538461,2.924526871477821,9,708.0,0.13648439460559358,15,983.0,0.151456868909216,7,349.0,0.14183803597789757,31,2040.0
1565.0,36,176.0,1.4915254237288136,3.511908863208517,13,770.0,0.1624570157616367,12,791.0,0.1879548383717787,11,373.0,0.18274389095973845,36,1934.0
1570.0,24,137.0,1.170940170940171,3.542225323220746,9,754.0,0.23669611589765133,5,753.0,0.16845892800345513,10,355.0,0.24394798722393016,24,1862.0
1575.0,26,117.0,0.9669421487603306,3.6421239051579444,8,650.0,0.20393400921276209,8,754.0,0.18249470330065,10,282.0,0.2050731518532997,26,1686.0
1580.0,34,182.0,1.467741935483871,3.9568445623319133,8,509.0,0.1689610668134767,16,801.0,0.1396527768112196,10,204.0,0.20672721417950896,34,1514.0
1585.0,36,245.0,1.96,3.4587171469946734,7,530.0,0.10488496943492302,20,887.0,0.14012968777341753,9,216.0,0.10833734784361924,36,1633.0
1590.0,33,220.0,1.8487394957983194,3.2381623606676584,8,553.0,0.16626333401621002,21,849.0,0.09990216353878034,4,220.0,0.18881473155444628,33,1622.0
1595.0,30,161.0,1.4375,3.1036328401507487,5,526.0,0.20748221704297376,21,696.0,0.09700936010814899,4,243.0,0.23429563929652966,30,1465.0
1600.0,35,163.0,1.4424778761061947,2.736573610379064,7,494.0,0.22546871717192032,21,789.0,0.12430340320777782,7,265.0,0.23815699404853535,35,1548.0
1605.0,41,213.0,1.8521739130434782,3.088632893242197,3,494.0,0.27761173411090195,26,885.0,0.1440602175058905,12,318.0,0.20791416511099609,41,1697.0
1610.0,42,307.0,2.4959349593495936,2.9580365785345615,8,514.0,0.12025995263472154,23,1005.0,0.1411470655344715,11,357.0,0.11613233932078793,42,1876.0
1615.0,46,359.0,2.942622950819672,2.572018921188662,10,481.0,0.11646668364581154,19,969.0,0.10334797253439934,17,409.0,0.08619738695369587,46,1859.0
1620.0,41,316.0,2.747826086956522,2.627365066470462,7,394.0,0.1689159824646938,19,776.0,0.1422383531564091,15,441.0,0.11794785635888075,41,1611.0
1625.0,41,250.0,2.0491803278688523,2.8609569006364213,8,435.0,0.23317386907495952,17,852.0,0.13825446204625888,16,422.0,0.15483370188406145,41,1709.0
1630.0,44,265.0,2.0866141732283463,3.2404401064798165,10,480.0,0.20089817803190604,19,914.0,0.1296277629643796,15,498.0,0.17374314177011388,44,1892.0
1635.0,53,366.0,2.8372093023255816,3.2226489378394785,14,547.0,0.08858584530651273,21,1013.0,0.14762570532304714,18,584.0,0.06511673442172368,53,2144.0
1640.0,46,326.0,2.716666666666667,3.0178678180605893,15,552.0,0.11250619347453251,17,992.0,0.10937672374159167,14,633.0,0.14113698311478584,46,2177.0
1645.0,49,267.0,2.225,2.806259279082119,12,566.0,0.1563064123523107,22,881.0,0.09947750594509337,15,693.0,0.1383826145870266,49,2140.0
1650.0,43,229.0,1.9243697478991597,3.2077395694919226,9,586.0,0.17571484106823498,20,965.0,0.1270939841751124,14,698.0,0.19183072922369301,43,2249.0
1655.0,35,198.0,1.706896551724138,3.3994323506151183,8,548.0,0.1824559680858347,17,1021.0,0.17541362719733744,10,637.0,0.16904597667405252,35,2206.0
1660.0,39,219.0,1.8559322033898304,3.013021047489688,8,508.0,0.07230520585156625,19,1107.0,0.142175365767042,12,637.0,0.12487045063847983,39,2252.0
1665.0,35,216.0,1.894736842105263,2.6924196179988686,6,469.0,0.1216243422900437,19,1077.0,0.10078913722897015,10,638.0,0.1490562307083462,35,2184.0
1670.0,33,185.0,1.5948275862068966,2.5022987346666525,5,393.0,0.15077217147626812,19,951.0,0.11537837938589826,9,594.0,0.1745242608380142,33,1938.0
1675.0,20,78.0,0.6610169491525424,3.076442583867681,2,376.0,0.24835995589300922,16,1027.0,0.11086368689203462,2,590.0,0.30954532040116156,20,1993.0
1680.0,28,121.0,1.0254237288135593,3.971511664203446,4,383.0,0.19848627575245623,20,1085.0,0.1319162181800507,4,596.0,0.26180236894915565,28,2064.0
1685.0,33,190.0,1.623931623931624,3.725272069769832,8,411.0,0.1329443924190606,21,1187.0,0.133217803562908,4,563.0,0.20745869302617753,33,2161.0
1690.0,38,287.0,2.5855855855855854,2.908004822843179,10,395.0,0.132819772641001,23,1301.0,0.08345226472443776,5,582.0,0.14540251463448042,38,2278.0
1695.0,35,267.0,2.3421052631578947,2.606072470623507,9,393.0,0.11013771748108915,23,1285.0,0.12130016594641445,3,498.0,0.10085741279480948,35,2176.0
1700.0,33,235.0,2.06140350877193,2.8741275409082077,8,391.0,0.2210415154375552,23,1154.0,0.09394933013139362,2,462.0,0.2124527972286264,33,2007.0
1705.0,43,205.0,1.7226890756302522,2.7464877989273218,14,442.0,0.18776203601631306,21,1191.0,0.12210110697293917,8,477.0,0.15759279749484117,43,2110.0
1710.0,43,225.0,1.9067796610169492,3.234201386413823,14,506.0,0.1998880593827708,23,1293.0,0.13178829598626318,6,478.0,0.1991440993734337,43,2277.0
1715.0,45,309.0,2.6186440677966103,3.299637661134426,14,575.0,0.14315276940330027,21,1399.0,0.1312825296439193,10,509.0,0.061874965654798844,45,2483.0
1720.0,42,306.0,2.6379310344827585,2.683727473210216,15,580.0,0.0808276920336992,15,1349.0,0.13365001395883988,12,559.0,0.0660131771604697,42,2488.0
1725.0,37,240.0,2.142857142857143,3.01884016459893,13,587.0,0.19011942099317694,13,1107.0,0.12269327895145649,11,481.0,0.21570472389191803,37,2175.0
1730.0,36,200.0,1.6666666666666667,2.7660673841147645,15,601.0,0.1719701527091864,11,1162.0,0.14959153879920578,10,469.0,0.1709059508614917,36,2232.0
1735.0,40,185.0,1.4919354838709677,3.2235872997848274,11,636.0,0.19431957426753524,16,1205.0,0.14544413035112558,13,528.0,0.18962979191232987,40,2369.0
1740.0,47,265.0,2.2457627118644066,3.0282784750119482,14,694.0,0.06857518734791113,17,1284.0,0.15182989904076954,16,598.0,0.08427431891806272,47,2576.0
1745.0,47,363.0,3.1565217391304348,2.7025017809771588,12,688.0,0.10166197939410505,21,1379.0,0.09060465965681967,14,609.0,0.08520198362505407,47,2676.0
1750.0,37,245.0,2.227272727272727,2.529912354531234,8,659.0,0.1623409869457552,23,1341.0,0.08017780303719753,6,624.0,0.112470524953469,37,2624.0
1755.0,38,212.0,1.8434782608695652,3.3699450492075465,10,640.0,0.1780599965968476,19,1094.0,0.12868767480060317,9,651.0,0.15642418234611105,38,2385.0
1760.0,37,191.0,1.6754385964912282,3.947189648694515,10,690.0,0.27801731907080757,18,861.0,0.1887714567251348,9,619.0,0.2509078496126225,37,2170.0
1765.0,37,163.0,1.3697478991596639,3.1496759159173244,15,750.0,0.1962327381927023,14,918.0,0.21666905624429114,8,517.0,0.1875488738023117,37,2185.0
1770.0,33,174.0,1.4621848739495797,3.5283601254686254,13,791.0,0.1614719438881881,13,981.0,0.21500289443794632,7,554.0,0.18977374126333107,33,2326.0
1775.0,37,256.0,2.098360655737705,3.760083250366335,16,853.0,0.04056932698986891,15,1044.0,0.2174349875275546,6,519.0,0.10586567569618253,37,2416.0
1780.0,41,354.0,3.0,3.4486285404346617,15,853.0,0.04850297816528063,22,1138.0,0.1540902216349252,4,427.0,0.13720125551892204,41,2418.0
1785.0,33,281.0,2.5545454545454547,3.0416725027554197,10,756.0,0.11792578205886849,22,1105.0,0.09162676619577045,1,406.0,0.1839508055506891,33,2267.0
1790.0,36,244.0,2.1785714285714284,3.7205853606160963,11,611.0,0.2194132029617585,20,949.0,0.11381062254098448,5,412.0,0.18755543212105721,36,1972.0
1795.0,35,188.0,1.7407407407407407,3.735885920509518,11,661.0,0.26477959472154344,20,1043.0,0.1384871193304359,4,376.0,0.27309371401838606,35,2080.0
1800.0,35,186.0,1.7064220183486238,3.3012510786600378,10,716.0,0.194911082772231,22,1139.0,0.1578783257557756,3,290.0,0.20620733629801333,35,2145.0
1805.0,38,232.0,2.09009009009009,3.1727347650682995,12,770.0,0.16363716827583488,22,1247.0,0.13484754905402713,4,306.0,0.1525231432890334,38,2323.0
1810.0,32,203.0,1.8288288288288288,2.8615418665358194,10,798.0,0.16719842093152615,18,1201.0,0.11664838295806858,4,315.0,0.1412939325924977,32,2314.0
1815.0,41,271.0,2.277310924369748,3.4984271036208168,15,847.0,0.18243701874638488,18,1024.0,0.13054100358499113,8,348.0,0.16461734563689362,41,2219.0
1820.0,38,254.0,2.247787610619469,3.081595647498162,14,835.0,0.21781295925350025,15,1091.0,0.13191108852825173,9,338.0,0.23593266783114325,38,2264.0
1825.0,42,222.0,1.88135593220339,2.764123844738667,15,745.0,0.16024286089191603,18,1165.0,0.15586278505474896,9,283.0,0.1568803544561462,42,2193.0
1830.0,44,269.0,2.2796610169491527,2.994292836602963,13,806.0,0.13233264876516895,22,1256.0,0.13150604794490017,9,326.0,0.16430536273562413,44,2388.0
1835.0,50,382.0,3.3217391304347825,2.853178415229356,17,884.0,0.0522985700649242,22,1362.0,0.12262797629141234,11,333.0,0.08325283721162112,50,2579.0
1840.0,43,343.0,3.0625,2.4642590750233304,10,865.0,0.10257848301854815,23,1326.0,0.09802222754087844,10,345.0,0.12554001485964703,43,2536.0
1845.0,30,191.0,1.7850467289719627,2.814064703798296,4,742.0,0.2476478610527532,22,1145.0,0.09895577507266944,4,347.0,0.23117432269880334,30,2234.0
1850.0,32,168.0,1.4608695652173913,2.8856408266516542,4,759.0,0.1933094180541845,22,1241.0,0.11680593683420987,6,358.0,0.17887675858126692,32,2358.0
1855.0,36,192.0,1.641025641025641,3.33911844671412,7,786.0,0.18089696094370136,24,1348.0,0.1323284921286085,5,341.0,0.22231205846402083,36,2475.0
1860.0,34,190.0,1.6666666666666667,2.347265150724753,9,829.0,0.05625666344300859,20,1300.0,0.12337625419665185,5,366.0,0.10223641391431171,34,2495.0
1865.0,33,157.0,1.3305084745762712,2.757733798616118,10,860.0,0.18223614946766195,13,1033.0,0.12302373272358763,10,358.0,0.1648955751987306,33,2251.0
1870.0,27,198.0,1.6229508196721312,3.400138151254034,13,917.0,0.22938372070384183,10,1080.0,0.1527008157032609,4,298.0,0.18124427112107666,27,2295.0
1875.0,33,220.0,1.76,2.907947247727164,17,891.0,0.1216666740875702,11,1102.0,0.13553148460382755,5,317.0,0.14200351655582363,33,2310.0
1880.0,28,172.0,1.421487603305785,2.763876223807344,14,781.0,0.1318668374132678,11,1029.0,0.1297543841184997,3,307.0,0.15590782681448295,28,2117.0
1885.0,36,181.0,1.4596774193548387,3.1029833174164394,13,750.0,0.1696481958963018,13,860.0,0.13979969839614345,10,327.0,0.1394505784481207,36,1937.0
1890.0,34,180.0,1.4634146341463414,3.097276341895069,14,819.0,0.19942278243131334,14,902.0,0.11449833744412695,6,312.0,0.22260320983518728,34,2033.0
1895.0,26,136.0,1.1333333333333333,3.2054265219812854,8,776.0,0.18669103597205666,12,917.0,0.11965138740399664,6,236.0,0.21503111597578725,26,1929.0
1900.0,24,131.0,1.0916666666666666,3.5036510293955927,4,651.0,0.19100132594730224,14,953.0,0.12529335963398025,6,196.0,0.15282824894115196,24,1800.0
1905.0,29,234.0,1.9830508474576272,3.7963671568631456,4,534.0,0.23317809966106964,20,1029.0,0.14114304788788842,5,176.0,0.2200432521459763,29,1739.0
1910.0,39,377.0,3.168067226890756,2.717792134981089,5,549.0,0.12135905986672907,28,1135.0,0.08077800595322039,6,198.0,0.1307722586824711,39,1882.0
1915.0,32,322.0,2.8,2.838415610720038,2,533.0,0.1855413233902539,29,1130.0,0.06330824194109388,1,181.0,0.21743180680016086,32,1844.0
1920.0,37,292.0,2.6788990825688073,3.3406045605438375,4,542.0,0.19770883884883228,28,994.0,0.08933694166413605,5,194.0,0.23612218172280092,37,1730.0
1925.0,48,337.0,2.956140350877193,3.0856373569223554,10,578.0,0.19759589351686074,28,1046.0,0.12632463687170425,10,231.0,0.23860248984650329,48,1855.0
1930.0,50,433.0,3.8660714285714284,3.165148880368508,13,633.0,0.18649375834487816,25,1165.0,0.1620044664294482,12,281.0,0.19075813939611996,50,2079.0
1935.0,54,545.0,4.698275862068965,2.54776402594058,17,706.0,0.06652826750529271,20,1273.0,0.12568868984894432,17,352.0,0.09113989240227907,54,2331.0
1940.0,54,564.0,4.862068965517241,2.357109649504673,19,715.0,0.07973394785943322,14,1217.0,0.10420730654076343,21,404.0,0.07801707462843971,54,2336.0
1945.0,57,471.0,3.925,2.5166622463324244,20,793.0,0.12109772525478207,15,1034.0,0.1528669610251136,22,417.0,0.10577468715856814,57,2244.0
1950.0,43,364.0,3.0588235294117645,3.2095435266993553,19,885.0,0.1756938484588605,9,959.0,0.17085945310566208,15,476.0,0.22663153245405207,43,2320.0
1955.0,41,338.0,2.8403361344537816,3.762029593736389,15,877.0,0.14808691025383836,12,1006.0,0.19139101290318214,14,540.0,0.1718481354540256,41,2423.0
1960.0,35,279.0,2.3846153846153846,3.4130084749614475,12,783.0,0.15940140701777897,9,940.0,0.1789817611095565,14,607.0,0.11116127485455897,35,2330.0
1965.0,25,174.0,1.5963302752293578,3.357696921086141,6,692.0,0.22684334246378118,8,777.0,0.1520874377796009,11,618.0,0.2095797939169936,25,2087.0
1970.0,22,97.0,0.8362068965517241,3.175792184854615,6,658.0,0.206526263594413,7,806.0,0.17583347255538506,9,606.0,0.17480631266813879,22,2070.0
1975.0,21,88.0,0.7394957983193278,3.9260664967584047,3,645.0,0.2591575191978131,10,827.0,0.17582306389139946,8,549.0,0.2616362857514809,21,2021.0
1980.0,29,177.0,1.5526315789473684,3.6206346118724184,6,659.0,0.126929062208284,16,887.0,0.1381334002310427,7,491.0,0.1505675609585334,29,2037.0
1985.0,29,183.0,1.6194690265486726,2.9330348385350247,4,619.0,0.18336633394228893,17,857.0,0.08531331019087367,8,486.0,0.15913579952805093,29,1962.0
1990.0,25,105.0,0.963302752293578,3.410848875173058,5,508.0,0.3018519373141258,17,724.0,0.15463629863958442,3,482.0,0.2735287223627568,25,1714.0
1995.0,20,55.0,0.47413793103448276,3.0309016481504885,1,458.0,0.23910482536405472,15,781.0,0.1332713074408907,4,493.0,0.22811603221837098,20,1732.0
2000.0,30,129.0,1.075,3.890160533862202,3,471.0,0.25689727432653175,18,853.0,0.15202644822146869,9,524.0,0.23396437163445086,30,1848.0
2005.0,46,266.0,2.216666666666667,2.6874341243530013,9,496.0,0.09961570633093633,22,958.0,0.13605380348372503,15,579.0,0.09033524360174357,46,2033.0
2010.0,41,297.0,2.516949152542373,2.627314593124969,9,483.0,0.13723023048859798,19,930.0,0.1171322685389552,13,615.0,0.10895095968081664,41,2028.0
2015.0,44,331.0,2.805084745762712,3.063636900523509,8,410.0,0.21631065653651194,20,807.0,0.12431785141425085,16,665.0,0.14547150778713466,44,1882.0
2020.0,41,323.0,2.669421487603306,2.80178907300951,10,403.0,0.20528681590028572,15,876.0,0.12818217196252646,16,680.0,0.13572066635069238,41,1959.0
2025.0,38,256.0,2.1512605042016806,3.1244496812434224,6,408.0,0.21412184087671157,18,947.0,0.16404029014449262,14,638.0,0.1826562469751567,38,1993.0
2030.0,49,324.0,2.677685950413223,3.2102358688034256,11,440.0,0.10062654370725956,22,1053.0,0.13582715757706815,16,711.0,0.09592569778610234,49,2204.0
2035.0,44,317.0,2.756521739130435,2.7344935210305903,11,495.0,0.14997613550319117,17,1031.0,0.09038614506998242,16,727.0,0.1093635115137738,44,2253.0
2040.0,36,243.0,2.169642857142857,2.792456652706671,8,410.0,0.19551901535123037,18,894.0,0.1266919061683295,10,729.0,0.17053032082868344,36,2033.0
2045.0,27,148.0,1.2542372881355932,2.8692149647497036,8,403.0,0.2240524123141972,14,956.0,0.12681807283457275,5,709.0,0.2190411811859781,27,2068.0
2050.0,28,100.0,0.819672131147541,2.900537211433717,8,425.0,0.1947191321720281,17,1010.0,0.12074296122068416,3,698.0,0.20808184940622726,28,2133.0
2055.0,40,197.0,1.576,3.160912008057301,11,470.0,0.07975767361165728,20,1105.0,0.12487895402549654,9,716.0,0.0876861962505312,40,2291.0
2060.0,34,216.0,1.8305084745762712,2.7573589357744086,11,522.0,0.13439539399961709,16,1065.0,0.09547932194393718,7,688.0,0.1530745535424501,34,2275.0
2065.0,36,150.0,1.3157894736842106,2.6476112670540646,9,443.0,0.13362215666040925,18,916.0,0.12229595284107839,9,588.0,0.14987797241929984,36,1947.0
2070.0,33,137.0,1.1416666666666666,3.0236222171756415,9,482.0,0.220214280324383,16,985.0,0.12887039413111856,8,626.0,0.2101494481366539,33,2093.0
2075.0,39,144.0,1.1612903225806452,3.1076242936490566,8,506.0,0.16698180110696567,20,1045.0,0.14396932274161914,11,669.0,0.13306754141629687,39,2220.0
2080.0,43,205.0,1.64,2.761167495497779,13,557.0,0.07621548324161609,16,995.0,0.13837026227280688,14,731.0,0.09890605090729679,43,2283.0
2085.0,36,205.0,1.7226890756302522,2.86695521172502,12,555.0,0.1782551991779974,13,848.0,0.1364373656472002,11,769.0,0.18855119115298016,36,2172.0
2090.0,36,232.0,1.8709677419354838,3.0619450818456357,10,532.0,0.1834668992127312,12,849.0,0.14760261889045284,14,820.0,0.14748925197830698,36,2201.0
2095.0,32,242.0,1.9206349206349207,3.7240985945530674,10,516.0,0.2334702838000335,9,861.0,0.1462637764812924,13,802.0,0.1624323269280126,32,2179.0
2100.0,35,257.0,2.12396694214876,3.375423672304823,8,435.0,0.11176205161334744,15,908.0,0.16882149733877114,12,700.0,0.07291172518968154,35,2043.0
2105.0,40,313.0,2.652542372881356,3.2264893770459913,6,444.0,0.12493463485850541,21,1001.0,0.13862962590827663,13,618.0,0.14230154430162614,40,2063.0
2110.0,42,317.0,2.830357142857143,2.6649791710166775,10,490.0,0.1283768545587681,21,992.0,0.07385862509243943,11,607.0,0.17009595393965782,42,2089.0
2115.0,40,288.0,2.5945945945945947,2.8031435459769254,9,523.0,0.1629006154123567,22,886.0,0.1055729953958437,9,590.0,0.21876865409319682,40,1999.0
2120.0,32,215.0,1.9545454545454546,3.827870987965264,7,486.0,0.28141050276192553,21,705.0,0.14022674404291388,4,588.0,0.34233209127082664,32,1779.0
2125.0,31,139.0,1.208695652173913,3.4797602854449603,8,474.0,0.21625798290032433,15,765.0,0.1653425225751968,8,599.0,0.2588157666573186,31,1838.0
2130.0,33,178.0,1.5213675213675213,3.7102187807837472,10,515.0,0.19939120782515382,14,828.0,0.2044912653546076,9,638.0,0.20807221977869778,33,1981.0
2135.0,34,202.0,1.7413793103448276,3.0473053084394137,12,572.0,0.10461945351401503,9,787.0,0.17862214552924865,13,625.0,0.11476732620131438,34,1984.0
2140.0,31,173.0,1.4661016949152543,3.408199208815815,9,522.0,0.15434262690011505,10,647.0,0.19386910896905937,12,547.0,0.14067375543299787,31,1716.0
2145.0,25,101.0,0.8347107438016529,3.722572494677773,4,524.0,0.2130227908300006,9,679.0,0.16614759681615324,12,488.0,0.22944494393652187,25,1691.0
2150.0,27,139.0,1.1209677419354838,3.689553682317555,6,535.0,0.13923725079422292,9,697.0,0.12174039077739376,12,436.0,0.2046613605654217,27,1668.0
2155.0,24,93.0,0.808695652173913,3.115780932557358,6,503.0,0.12698662950301534,11,651.0,0.1229571110699895,7,455.0,0.22974028895412194,24,1609.0
2160.0,21,83.0,0.7757009345794392,3.392891198837517,4,420.0,0.18377340946738954,10,535.0,0.14443034220327103,7,484.0,0.252410249159505,21,1439.0
2165.0,21,63.0,0.5526315789473685,3.6827970691811425,4,303.0,0.23581291081185676,11,532.0,0.1443096492193298,6,450.0,0.3224254711149024,21,1285.0
2170.0,18,75.0,0.6756756756756757,3.58408532909029,3,314.0,0.25959901715513767,11,565.0,0.11593761073115788,4,351.0,0.3149785422181888,18,1230.0
2175.0,29,161.0,1.4,3.0941756143427677,8,343.0,0.156266172325448,16,614.0,0.10764482328423751,5,333.0,0.18898839737985418,29,1290.0
2180.0,24,138.0,1.2,3.246274355391323,6,347.0,0.20306941748138693,15,598.0,0.13279946289228714,3,330.0,0.18490467780000974,24,1275.0
2185.0,38,174.0,1.4621848739495797,3.125604431566625,13,381.0,0.18254343126658115,17,498.0,0.11310669768472881,8,356.0,0.1643447261701174,38,1235.0
2190.0,39,220.0,1.9130434782608696,3.2272210407243374,10,375.0,0.22777028051169873,19,570.0,0.09692633467185081,10,388.0,0.20441828746566673,39,1333.0
2195.0,35,202.0,1.8198198198198199,2.984268501217069,9,314.0,0.19489416969264614,18,646.0,0.137429119412975,8,374.0,0.17311999692027616,35,1334.0
2200.0,45,251.0,2.2017543859649122,2.5529565805734875,11,322.0,0.1291229663263924,21,728.0,0.10518911153668777,13,421.0,0.10113079663353354,45,1471.0
2205.0,46,324.0,2.8173913043478263,2.8645278978848747,11,362.0,0.15163643286825682,23,817.0,0.12750913151923662,12,464.0,0.11818386815997015,46,1643.0
2210.0,52,365.0,3.1196581196581197,2.4201580714223865,12,422.0,0.07628122214410975,26,829.0,0.07277544153229859,14,531.0,0.029087891353982574,52,1782.0
2215.0,48,307.0,2.765765765765766,2.7914944715108443,8,416.0,0.22410435220575034,26,751.0,0.09101312807558117,14,536.0,0.17294146326089355,48,1703.0
2220.0,39,237.0,2.2149532710280373,2.215916606745538,4,346.0,0.222430336824748,26,868.0,0.114968272299857,9,473.0,0.16403011354945557,39,1687.0
2225.0,43,211.0,1.8034188034188035,2.4382020585207638,9,380.0,0.19378872421888418,24,969.0,0.08639115018364828,10,515.0,0.19246870585712397,43,1864.0
2230.0,45,271.0,2.336206896551724,2.6128731214609964,11,429.0,0.12919648035965117,23,1067.0,0.11079088853553591,11,566.0,0.0980181479401233,45,2062.0
2235.0,46,281.0,2.4017094017094016,2.072588038229462,14,435.0,0.06755940512924123,17,1046.0,0.11004609134832895,15,634.0,0.061504214231825304,46,2115.0
2240.0,36,213.0,1.8521739130434782,2.9430183867789292,7,458.0,0.21591794026344882,17,930.0,0.10253480336323786,12,676.0,0.20858293689021695,36,2064.0
2245.0,42,247.0,2.093220338983051,3.216052103126696,9,478.0,0.17319580597256956,17,940.0,0.09934838223748356,16,731.0,0.140742003150534,42,2149.0
2250.0,38,242.0,2.1228070175438596,3.539199362930903,6,461.0,0.2229603980105737,17,993.0,0.13174014589099145,15,730.0,0.1615674575055914,38,2184.0
2255.0,26,178.0,1.679245283018868,2.732558813454502,4,435.0,0.12235849500461657,9,953.0,0.14109974136038558,13,655.0,0.12450387166488425,26,2043.0
2260.0,30,174.0,1.5963302752293578,2.9729681446125578,4,413.0,0.16866865719086305,11,798.0,0.14226795253650684,15,606.0,0.1978522213429234,30,1817.0
2265.0,22,160.0,1.4678899082568808,3.5792276004651318,3,348.0,0.251221267312722,7,782.0,0.16903857438275424,12,619.0,0.2541909090832383,22,1749.0
2270.0,21,133.0,1.1875,3.1488790641895497,4,326.0,0.19421938758809876,9,796.0,0.10941757101091461,8,645.0,0.20343054348070916,21,1767.0
2275.0,19,77.0,0.7064220183486238,3.6553139661417697,2,309.0,0.23011411170383214,9,750.0,0.1283373171878356,8,682.0,0.2040251489635242,19,1741.0
2280.0,18,74.0,0.7184466019417476,3.566608183492869,7,325.0,0.1879808171621466,5,615.0,0.1454684046088693,6,656.0,0.20584822057361893,18,1596.0
2285.0,19,74.0,0.6981132075471698,4.350517411831643,5,312.0,0.2542790580578083,6,433.0,0.21615219185501758,8,569.0,0.29215065437509496,19,1314.0
2290.0,13,77.0,0.7403846153846154,4.77962824037852,3,288.0,0.3401074947345682,4,308.0,0.24890348654217828,6,455.0,0.35459866236082943,13,1051.0
2295.0,14,94.0,0.8392857142857143,4.855371974020356,2,228.0,0.3119314564120337,5,205.0,0.2829609557558555,7,438.0,0.304889137697541,14,871.0
2300.0,9,64.0,0.5714285714285714,5.330081645297874,3,208.0,0.3097704164909898,1,168.0,0.3726150135419502,5,426.0,0.32735273849800445,9,802.0
2305.0,15,30.0,0.25862068965517243,4.4699859233699035,2,202.0,0.16996715906161897,11,169.0,0.30273261118245876,2,394.0,0.2649217083171604,15,765.0
2310.0,19,62.0,0.5486725663716814,4.10192709847494,6,219.0,0.12121963180208992,9,161.0,0.28412229117707466,4,396.0,0.22784199941530636,19,776.0
2315.0,20,53.0,0.4953271028037383,3.712124465820047,7,211.0,0.1840323905678962,5,111.0,0.18366869587976642,8,382.0,0.2016482483926268,20,704.0
2320.0,15,68.0,0.6415094339622641,4.394750012786948,5,165.0,0.2585997019224017,3,62.0,0.34276968627924326,7,326.0,0.2660699905577236,15,553.0
2325.0,7,14.0,0.12844036697247707,4.465412250959899,1,135.0,0.26266816924066977,2,57.0,0.3241903333062519,4,273.0,0.28924943694343,7,465.0
2330.0,24,97.0,0.8290598290598291,3.827828922013817,8,154.0,0.1128920461019964,8,80.0,0.17345756869117268,8,277.0,0.12926559617925293,24,511.0
2335.0,25,94.0,0.8392857142857143,3.5942170825517423,8,151.0,0.1363374627206689,9,99.0,0.1891701835261024,8,263.0,0.14425118472395307,25,513.0
2340.0,12,31.0,0.3229166666666667,4.0693657016059905,3,105.0,0.2262454005662585,5,88.0,0.2713678684548787,4,147.0,0.23272773311246206,12,340.0
2345.0,9,29.0,0.27884615384615385,5.896043489952539,2,50.0,0.35019395662873853,4,80.0,0.3396445223003987,3,85.0,0.3877252905234021,9,215.0
2350.0,6,52.0,0.48598130841121495,6.645435421753518,2,37.0,0.4450353130455436,2,59.0,0.3698091682947647,2,42.0,0.40489233716435796,6,138.0
2355.0,12,98.0,0.8828828828828829,6.412885268897349,4,33.0,0.4060044031903411,4,51.0,0.31492930643276357,4,45.0,0.41529008827255287,12,129.0
2360.0,3,6.0,0.05555555555555555,6.4708623073992255,0,13.0,0.46600946439494484,1,30.0,0.3515006964417611,2,24.0,0.4333174915863122,3,67.0
2365.0,26,71.0,0.6513761467889908,5.622977473488187,8,22.0,0.284778745914817,9,40.0,0.2859675166888808,9,36.0,0.23495795449508478,26,98.0
2370.0,23,79.0,0.7821782178217822,4.9766523528650914,7,47.0,0.219985026609098,8,66.0,0.25227096994854875,8,63.0,0.2260438229808465,23,176.0
2375.0,12,22.0,0.2558139534883721,4.524917381279747,3,43.0,0.2645331283457205,6,66.0,0.29066772416753844,3,56.0,0.2975308139450937,12,165.0
2380.0,9,22.0,0.23404255319148937,6.634870431492209,3,27.0,0.46114618022598003,3,54.0,0.3426483505420362,3,40.0,0.4322507885821713,9,121.0
2385.0,7,38.0,0.3958333333333333,7.10844524281434,2,27.0,0.5704385349158065,3,54.0,0.3138333984856652,2,28.0,0.5004020863656066,7,109.0
2390.0,16,93.0,0.9117647058823529,5.910326329623833,4,32.0,0.4357334186637581,9,84.0,0.18546067372969102,3,34.0,0.42476242560501715,16,150.0
2395.0,15,87.0,0.9157894736842105,5.588995371405006,3,15.0,0.39897208684531665,8,107.0,0.2071149464497355,4,51.0,0.5039853676269009,15,173.0
2400.0,13,48.0,0.5333333333333333,4.988623580363614,7,35.0,0.2550502243953501,4,91.0,0.20014167811864111,2,26.0,0.33716804409233975,13,152.0
2405.0,16,55.0,0.6043956043956044,4.705811036785848,4,49.0,0.2906536769664844,3,102.0,0.15978340601837884,9,39.0,0.321335053811705,16,190.0
2410.0,18,62.0,0.7294117647058823,4.769368332578109,2,22.0,0.40109590185530275,9,137.0,0.19827643080045187,7,62.0,0.2747240165403283,18,221.0
2415.0,16,47.0,0.5402298850574713,4.22776310169979,2,13.0,0.311935328993541,9,146.0,0.14102624883718437,5,55.0,0.2710532444083452,16,214.0
2420.0,12,33.0,0.375,5.556964607843497,2,18.0,0.6097824508217806,6,122.0,0.19731429807648462,4,55.0,0.3939096828693237,12,195.0
2425.0,23,74.0,0.7872340425531915,5.14087630851196,5,29.0,0.4049157044085236,8,92.0,0.18523177791834167,10,77.0,0.31896284733805835,23,198.0
2430.0,12,55.0,0.625,5.665535799882308,1,16.0,0.5111250378357353,5,87.0,0.2820870685708365,6,87.0,0.3957532151391837,12,190.0
2435.0,10,67.0,0.7790697674418605,6.227691085728758,5,28.0,0.4063743651923968,3,88.0,0.3851107432817741,2,60.0,0.42184158958607704,10,176.0
2440.0,14,95.0,1.0106382978723405,6.327458905966032,7,47.0,0.3378294021795966,5,90.0,0.43281978122599085,2,35.0,0.4373959117733666,14,172.0
2445.0,6,24.0,0.2608695652173913,6.948137861957656,1,43.0,0.46350310721458593,2,64.0,0.4750235900240201,3,29.0,0.45950934159566,6,136.0
2450.0,12,60.0,0.6122448979591837,6.545354402030379,0,20.0,0.3750302136769123,8,60.0,0.3377856635190623,4,35.0,0.4082212388698399,12,115.0
2455.0,12,41.0,0.43157894736842106,6.626912397381646,2,14.0,0.5661418814340728,8,80.0,0.3014773567246897,2,20.0,0.40074378800788585,12,114.0
2460.0,17,65.0,0.7303370786516854,5.821682593005606,2,20.0,0.5615644956081027,5,73.0,0.20762162751781804,10,42.0,0.22325489677843569,17,135.0
2465.0,16,81.0,0.9,6.081989020104401,4,39.0,0.5803178043024318,5,58.0,0.23100435583330872,7,67.0,0.3238275752644435,16,164.0
2470.0,5,24.0,0.2891566265060241,6.597589132748516,0,17.0,0.5326102872768762,2,58.0,0.38426694776899306,3,55.0,0.45271412216944223,5,130.0
2475.0,13,52.0,0.5909090909090909,6.399562842266096,5,14.0,0.4723571742508795,4,52.0,0.39517233887014275,4,66.0,0.3363500122182807,13,132.0
2480.0,13,48.0,0.5517241379310345,6.373385299239319,2,20.0,0.4622895565836746,1,26.0,0.5405806868938803,10,102.0,0.2745448784125711,13,148.0
2485.0,22,64.0,0.7441860465116279,4.316797736277551,3,5.0,0.3488014594449657,8,35.0,0.2683160504791579,11,122.0,0.1211960003816981,22,162.0
2490.0,15,51.0,0.5930232558139535,5.5307297130876565,3,11.0,0.464139595293575,5,53.0,0.340332934496152,7,107.0,0.22203798144228737,15,171.0
2495.0,7,31.0,0.36470588235294116,6.450619924252539,2,23.0,0.6086256000145831,0,37.0,0.3746444928305381,5,103.0,0.31198021733818765,7,163.0
2500.0,14,68.0,0.7391304347826086,6.239997952686897,5,39.0,0.5864737586420165,2,17.0,0.3528981147675316,7,127.0,0.2482850369760047,14,183.0
2505.0,9,43.0,0.48314606741573035,6.3994498396043795,1,17.0,0.7252751036214624,2,19.0,0.41911678151570503,6,131.0,0.24550389587915003,9,167.0
2510.0,14,53.0,0.5824175824175825,5.435767276525182,4,14.0,0.4354924143953216,4,36.0,0.38575477645427764,6,101.0,0.18803511952403693,14,151.0
2515.0,7,18.0,0.20454545454545456,6.08553918274701,2,20.0,0.42580821196674606,1,16.0,0.5591822871215517,4,70.0,0.23476177405255969,7,106.0
2520.0,5,15.0,0.17857142857142858,5.582775883887475,0,7.0,0.2912431634876554,4,20.0,0.46110142914809826,1,61.0,0.23337706780533854,5,88.0
2525.0,14,45.0,0.5,6.279117480070022,3,6.0,0.3823892283317893,4,30.0,0.4835013562046395,7,86.0,0.21702688660216168,14,122.0
2530.0,11,44.0,0.5365853658536586,5.9898937097489675,2,15.0,0.5986248064952503,1,29.0,0.4379870264223541,8,103.0,0.2350260515264625,11,147.0
2535.0,12,41.0,0.47674418604651164,5.285329914725712,5,28.0,0.5555376550407369,2,28.0,0.29808755233411094,5,79.0,0.19724526321878633,12,135.0
2540.0,5,18.0,0.20454545454545456,6.5842686437549185,2,11.0,0.6043080176867899,1,26.0,0.4729948873558776,2,44.0,0.2606719133261012,5,81.0
2545.0,21,64.0,0.6881720430107527,6.450473610641477,8,19.0,0.3618342073372901,7,43.0,0.40285638951738567,6,39.0,0.2728283138082161,21,101.0
2550.0,10,34.0,0.40476190476190477,6.015704300744973,3,30.0,0.3849817810087961,6,57.0,0.3476841387781054,1,16.0,0.3389295179245837,10,103.0
2555.0,9,34.0,0.4473684210526316,6.914467643517869,0,13.0,0.546708745181991,3,58.0,0.49429511157122186,6,29.0,0.30783196689068565,9,100.0
2560.0,11,29.0,0.3670886075949367,6.702562734161641,3,5.0,0.6237912860891617,2,39.0,0.5237067645945956,6,46.0,0.27607583492075877,11,90.0
2565.0,7,35.0,0.44871794871794873,7.1575319241447595,2,15.0,0.752539069581745,2,38.0,0.5731218092231898,3,34.0,0.25105021286892876,7,87.0
2570.0,6,30.0,0.35294117647058826,6.768158002801791,4,28.0,0.5289123145319914,1,22.0,0.4885777681130347,1,18.0,0.28828968839146524,6,68.0
2575.0,5,19.0,0.2261904761904762,7.9405784449037595,0,9.0,0.6941268675872976,4,37.0,0.472438239545147,1,10.0,0.3979407121164439,5,56.0
2580.0,10,39.0,0.4875,6.763032421743803,5,11.0,0.32568950027277577,3,43.0,0.3016769379893454,2,16.0,0.4848569845798754,10,70.0
2585.0,11,51.0,0.6455696202531646,7.329781599438121,3,20.0,0.3857943823378684,4,42.0,0.39634175811515276,4,34.0,0.5470303388626704,11,96.0
2590.0,3,19.0,0.2638888888888889,8.027020406433625,0,3.0,0.6736832257502828,2,39.0,0.5203437329912886,1,18.0,0.4693872216235224,3,60.0
2595.0,16,60.0,0.7692307692307693,7.3600261555964055,3,3.0,0.5935320759649203,4,46.0,0.5676766775747567,9,27.0,0.298399520360577,16,76.0
2600.0,9,28.0,0.3684210526315789,6.996374509317731,1,3.0,0.6260422196883504,2,23.0,0.5062135930875523,6,51.0,0.27011408790816505,9,77.0
2605.0,20,52.0,0.6753246753246753,5.555122618989956,7,21.0,0.4231462126952201,8,39.0,0.2154853566085513,5,42.0,0.1815171683590658,20,102.0
2610.0,10,24.0,0.3380281690140845,5.888734264545874,3,22.0,0.43630596234056096,5,55.0,0.24964212643753889,2,38.0,0.2830926895090082,10,115.0
2615.0,8,28.0,0.42424242424242425,7.250194521315294,0,7.0,0.5328703690175716,1,37.0,0.5134206215316988,7,64.0,0.30043573873651397,8,108.0
2620.0,10,29.0,0.4142857142857143,7.176197185905991,2,6.0,0.6149074134571048,2,16.0,0.6109030959843295,6,74.0,0.3078886713955808,10,96.0
2625.0,8,34.0,0.5,7.808290359337168,3,14.0,0.6798704104039864,2,20.0,0.7006483989015975,3,47.0,0.35475223302562364,8,81.0
2630.0,5,29.0,0.3815789473684211,6.851012241158794,1,1.0,0.5544239008016894,4,30.0,0.5371549014520413,0,19.0,0.3079604037570683,5,50.0
2635.0,7,22.0,0.27848101265822783,7.602903083188921,4,12.0,0.49005939315647296,1,14.0,0.5239388211003951,2,17.0,0.43785756603417403,7,43.0
2640.0,10,41.0,0.5616438356164384,7.070066427827086,1,14.0,0.3623923779842238,6,21.0,0.3772468079884362,3,22.0,0.40598584232492413,10,57.0
2645.0,7,22.0,0.30985915492957744,6.936238585184016,2,9.0,0.39026367839242604,4,35.0,0.4171275407519529,1,11.0,0.4781009353756653,7,55.0
2650.0,9,38.0,0.5507246376811594,7.901937273168406,3,18.0,0.5970785793582434,0,20.0,0.5241262737512054,6,27.0,0.39325904462547795,9,65.0
2655.0,10,47.0,0.6527777777777778,7.125963864208681,4,32.0,0.5011686387055226,1,9.0,0.5706879711428027,5,43.0,0.29122287885513537,10,84.0
2660.0,6,16.0,0.22857142857142856,7.677462423381803,1,12.0,0.6664803840038045,2,11.0,0.6734132632751687,3,28.0,0.31929904146433485,6,51.0
2665.0,12,38.0,0.4935064935064935,7.706722988338245,4,9.0,0.5320149533975223,4,21.0,0.5108955102570897,4,22.0,0.43244446449447627,12,52.0
2670.0,1,1.0,0.012987012987012988,7.047725784170169,0,4.0,0.49908139399527773,0,7.0,0.5738623763789954,1,11.0,0.3435356589978319,1,22.0
2675.0,8,29.0,0.4084507042253521,7.202802241908454,1,0.0,0.47918886600427824,3,15.0,0.4563258227588736,4,28.0,0.33936789153828345,8,43.0
2680.0,7,15.0,0.20833333333333334,6.710473375404819,2,6.0,0.46789458509628207,1,20.0,0.40911892591716964,4,35.0,0.322783561898858,7,61.0
2685.0,5,26.0,0.38235294117647056,8.328893730120448,2,18.0,0.6945660605434325,1,10.0,0.7045011942480472,2,26.0,0.3841587010133574,5,54.0
2690.0,8,42.0,0.56,7.804748318583197,4,31.0,0.5018352664097907,2,14.0,0.6799179835463419,2,17.0,0.35254933692831014,8,62.0
2695.0,6,32.0,0.41025641025641024,8.698216262418986,1,11.0,0.7161063249680941,2,24.0,0.6898225408032335,3,15.0,0.41877634398857444,6,50.0
2700.0,7,61.0,0.8133333333333334,8.286536908059713,2,6.0,0.5365633091849111,3,37.0,0.5614844693768946,2,22.0,0.4429376687969409,7,65.0
2705.0,7,44.0,0.6111111111111112,7.588577187355166,2,12.0,0.41948801561705046,1,21.0,0.423706766673076,4,42.0,0.5033852742688991,7,75.0
2710.0,9,27.0,0.4090909090909091,7.495291442034712,1,2.0,0.49770556934660865,6,27.0,0.38877763682785066,2,20.0,0.514988911328328,9,49.0
2715.0,11,31.0,0.4305555555555556,6.4870586062894215,1,2.0,0.43073193132857723,4,38.0,0.34547770081202195,6,22.0,0.18480018581282168,11,62.0
2720.0,7,32.0,0.49230769230769234,8.030033400182306,2,14.0,0.686460831194274,1,24.0,0.5486767756538332,4,39.0,0.34280892749492164,7,77.0
2725.0,11,37.0,0.5873015873015873,7.437072065455306,4,24.0,0.5332845237637909,4,20.0,0.5076818347140256,3,21.0,0.326955206528184,11,65.0
2730.0,4,13.0,0.203125,7.9700578186447455,1,9.0,0.6131624908893591,1,13.0,0.5305409318843458,2,19.0,0.4460783459891275,4,41.0
2735.0,11,54.0,0.8571428571428571,8.30450242407631,3,13.0,0.48684879268971676,6,30.0,0.3487512116501443,2,25.0,0.5219297048400635,11,68.0
2740.0,9,54.0,0.8852459016393442,7.012204202935506,1,13.0,0.30249253104197066,4,43.0,0.17945567244323127,4,38.0,0.5080377453568604,9,94.0
2745.0,2,2.0,0.03636363636363636,8.743415782280122,1,4.0,0.5775460102877883,0,25.0,0.5856830709839579,1,18.0,0.5873212928427868,2,47.0
2750.0,6,20.0,0.3333333333333333,8.735402733154848,1,4.0,0.666963043565825,0,4.0,0.5536224456920976,5,20.0,0.40916222445193184,6,28.0
2755.0,4,18.0,0.3103448275862069,9.625207391323183,1,7.0,0.7712205854804649,2,4.0,0.7040476129236569,1,28.0,0.49691141620949564,4,39.0
2760.0,5,32.0,0.5818181818181818,8.439807405600696,2,17.0,0.6094247657872882,3,17.0,0.5763488978741301,0,10.0,0.4926048260853599,5,44.0
2765.0,8,45.0,0.7258064516129032,8.265297367226458,1,7.0,0.5629790461955333,4,37.0,0.5560021322462965,3,9.0,0.5141997242035395,8,53.0
2770.0,7,38.0,0.6229508196721312,8.842620136448351,5,19.0,0.4416185953047429,0,19.0,0.691682060305551,2,19.0,0.6127997789330994,7,57.0
2775.0,7,43.0,0.6825396825396826,7.833537286828865,3,32.0,0.2530904903683663,0,2.0,0.4688953281774882,4,34.0,0.5315846324338431,7,68.0
2780.0,2,2.0,0.03508771929824561,8.25110131849752,0,12.0,0.459624538689095,0,4.0,0.66650322864896,2,13.0,0.5352872004890898,2,29.0
2785.0,13,22.0,0.3728813559322034,7.934327577263153,3,3.0,0.5641230525653932,2,2.0,0.48670975094652735,8,21.0,0.34843274675143693,13,26.0
2790.0,8,27.0,0.48214285714285715,8.688322365411581,3,9.0,0.6817412049448588,2,11.0,0.6616238490227297,3,32.0,0.4086072683602069,8,52.0
2795.0,3,17.0,0.34,8.477141509679312,2,19.0,0.6687647084854824,0,4.0,0.5628369364363377,1,6.0,0.47174793042268953,3,29.0
2800.0,9,51.0,0.9107142857142857,8.382883510673475,4,34.0,0.5312063014462077,4,18.0,0.47064925880318736,1,3.0,0.5555417931647538,9,55.0
2805.0,5,17.0,0.3148148148148148,8.472292682729917,0,13.0,0.4827315356212882,3,21.0,0.6130375104911041,2,9.0,0.6143098796714787,5,43.0
2810.0,9,38.0,0.6440677966101694,7.075221337133122,5,18.0,0.36260187068980265,2,20.0,0.4281966589527394,2,21.0,0.4495604359198342,9,59.0
2815.0,4,13.0,0.23214285714285715,8.644911315869752,0,23.0,0.6472980930178354,2,19.0,0.5518032664758611,2,9.0,0.5971584357994212,4,51.0
2820.0,7,13.0,0.2549019607843137,8.270638576023961,1,2.0,0.7144455666176036,2,12.0,0.38146944399596894,4,12.0,0.5141147044399099,7,26.0
2825.0,7,30.0,0.5263157894736842,8.684024303336694,2,6.0,0.6402505863794526,5,33.0,0.4158416779319878,0,11.0,0.5681862701495853,7,50.0
2830.0,6,25.0,0.46296296296296297,9.070821743219222,2,16.0,0.5881735180059701,3,38.0,0.5144924465514384,1,0.0,0.7042301261046032,6,54.0
2835.0,4,6.0,0.10344827586206896,8.295064858958893,0,3.0,0.5762541523974017,3,22.0,0.45274033926464874,1,4.0,0.5847715230514395,4,29.0
2840.0,6,31.0,0.5344827586206896,9.66325680216166,2,8.0,0.6593533623661433,2,16.0,0.5313024453334644,2,14.0,0.6664173215932296,6,38.0
2845.0,6,23.0,0.40350877192982454,8.08062163791663,0,4.0,0.576766556160777,4,24.0,0.4374760532902737,2,2.0,0.6077401762575619,6,30.0
2850.0,5,12.0,0.21428571428571427,8.450692953461937,2,8.0,0.6132205846084733,1,9.0,0.5198045733723866,2,5.0,0.580860098217078,5,22.0
2855.0,11,41.0,0.7321428571428571,7.297854292294554,3,18.0,0.5748506437397023,6,23.0,0.32534227859191006,2,11.0,0.37007238664805836,11,52.0
2860.0,6,15.0,0.25862068965517243,6.620006877933705,0,1.0,0.4766493266641385,4,38.0,0.3054047558505875,2,7.0,0.39735918099093664,6,46.0
2865.0,4,22.0,0.39285714285714285,9.696070531448603,2,9.0,0.7271428936723185,0,10.0,0.5785623961821965,2,17.0,0.6606496703474802,4,36.0
2870.0,8,31.0,0.5081967213114754,8.327038869877796,3,6.0,0.4310776632360119,0,2.0,0.7173243296713753,5,30.0,0.5328104432567558,8,38.0
2875.0,4,16.0,0.26666666666666666,9.81132587192827,2,15.0,0.6419204522777275,2,5.0,0.7146305766686605,0,11.0,0.7079787834637522,4,31.0
2880.0,7,43.0,0.7049180327868853,8.80984661930274,2,23.0,0.5837373407977259,2,15.0,0.5647724945609548,3,9.0,0.46656248155444296,7,47.0
2885.0,9,73.0,1.1967213114754098,7.804750919490035,4,42.0,0.5884409076943982,4,30.0,0.5468739705609842,1,14.0,0.30760192804806197,9,86.0
2890.0,3,4.0,0.06779661016949153,7.058218600069992,1,16.0,0.46079919983859075,2,18.0,0.4967011914318636,0,2.0,0.39209219415407714,3,36.0
2895.0,13,44.0,0.6666666666666666,7.442792983384045,6,19.0,0.2654830189927268,5,24.0,0.3965572587311417,2,3.0,0.5220872783273703,13,46.0
2900.0,7,26.0,0.41935483870967744,8.494530995355824,3,32.0,0.38342395636931664,2,32.0,0.49144462320693816,2,10.0,0.6515814031693397,7,74.0
2905.0,10,22.0,0.36666666666666664,7.007557420516122,3,15.0,0.3972046916449864,3,13.0,0.42485830584219625,4,22.0,0.4876344464755073,10,50.0
2910.0,8,10.0,0.1694915254237288,7.566421497085246,3,9.0,0.4944254915617539,4,19.0,0.39901035120515194,1,8.0,0.6444822575383443,8,36.0
2915.0,14,60.0,1.0344827586206897,7.579014071491684,4,22.0,0.43699669535029145,8,49.0,0.23680942020830695,2,10.0,0.45452075156215205,14,81.0
2920.0,9,35.0,0.6730769230769231,5.973041466995716,1,17.0,0.5005242022883517,7,66.0,0.09808497555376945,1,12.0,0.3244522457506819,9,95.0
2925.0,2,5.0,0.10204081632653061,8.388846268353948,1,7.0,0.580748517780594,1,44.0,0.5577078735948476,0,5.0,0.5937322574992024,2,56.0
2930.0,2,2.0,0.034482758620689655,9.196819263446377,0,2.0,0.5790405121842463,1,22.0,0.6474714691287213,1,2.0,0.7155865431310777,2,26.0
2935.0,5,21.0,0.3442622950819672,10.479343783051531,2,8.0,0.6975765408509458,2,14.0,0.7326694630503993,1,1.0,0.7449986109729756,5,23.0
2940.0,4,33.0,0.55,9.353281993985432,0,0.0,0.6603468177326343,2,22.0,0.6083144121018466,2,11.0,0.6432299727912216,4,33.0
2945.0,14,86.0,1.2835820895522387,8.175441243421554,6,14.0,0.46876054014267565,4,42.0,0.5311103408934638,4,30.0,0.6127778693650413,14,86.0
2950.0,6,15.0,0.234375,6.640071594725936,4,28.0,0.3547963426482707,0,16.0,0.47854880057162613,2,18.0,0.511719870106153,6,62.0
2955.0,14,43.0,0.6142857142857143,6.178891456482945,4,26.0,0.29238307629826954,3,14.0,0.3500703078595903,7,24.0,0.2827113704671432,14,64.0
2960.0,9,31.0,0.4696969696969697,7.408979629436225,3,31.0,0.44453651728978205,2,20.0,0.4900485442400518,4,37.0,0.3828465884256698,9,88.0
2965.0,10,25.0,0.373134328358209,7.364462427477117,5,40.0,0.4996240364450977,2,12.0,0.5195494921665502,3,15.0,0.3883594075970984,10,67.0
2970.0,4,15.0,0.22727272727272727,9.317834195306492,0,18.0,0.6254285301068487,2,9.0,0.66898760590255,2,10.0,0.5932754208166326,4,37.0
2975.0,8,32.0,0.49230769230769234,8.682068882057578,5,26.0,0.40022458683052586,2,19.0,0.635192826584792,1,3.0,0.6014550601112502,8,48.0
2980.0,11,56.0,0.8484848484848485,7.20764941695626,3,36.0,0.2554671251353452,4,34.0,0.5090274535251822,4,15.0,0.51415017625731,11,85.0
2985.0,5,18.0,0.3157894736842105,6.654967813598621,0,18.0,0.5405430015367649,1,18.0,0.4365427374857135,4,28.0,0.4275665765468554,5,64.0
2990.0,10,28.0,0.417910447761194,7.041635685799177,1,3.0,0.5499248061312157,6,29.0,0.4409970270381371,3,25.0,0.31327648690463894,10,57.0
2995.0,3,18.0,0.2727272727272727,9.03238954602653,1,5.0,0.6599724944325573,0,30.0,0.6402051290510883,2,18.0,0.5393480167891715,3,53.0
3000.0,4,18.0,0.28125,8.110612384933862,2,17.0,0.5893093954876615,0,4.0,0.6297355639519435,2,10.0,0.4384418183351041,4,31.0
3005.0,15,74.0,1.0571428571428572,8.208500144927427,5,36.0,0.5836664407234053,2,10.0,0.6140883566223047,8,37.0,0.4120567706773828,15,83.0
3010.0,9,31.0,0.49206349206349204,6.917393813523286,1,18.0,0.631926332274577,3,4.0,0.48967327674682615,5,57.0,0.34821085165342763,9,79.0
3015.0,14,44.0,0.6984126984126984,5.631950738007668,3,13.0,0.4162228355248743,7,30.0,0.26965722946447657,4,46.0,0.24302986749692668,14,89.0
3020.0,6,29.0,0.47540983606557374,6.800733147274911,1,14.0,0.26749656724385745,3,45.0,0.45472393376000386,2,24.0,0.4335208285845288,6,83.0
3025.0,8,23.0,0.36507936507936506,7.962982643636332,2,2.0,0.4545225873357266,2,12.0,0.533107072354615,4,27.0,0.5253523837169392,8,41.0
3030.0,6,19.0,0.2923076923076923,9.196580676358225,2,10.0,0.6412319183170931,2,10.0,0.7183093583408924,2,13.0,0.5525702685881757,6,33.0
3035.0,7,42.0,0.6461538461538462,9.147030182171711,0,2.0,0.7529250340992568,2,18.0,0.6462829601741645,5,28.0,0.4585343882620366,7,48.0
3040.0,11,50.0,0.746268656716418,7.562239824285934,3,7.0,0.5742782689278085,4,35.0,0.45513699309888156,4,36.0,0.40906044371518313,11,78.0
3045.0,2,7.0,0.1206896551724138,7.227264019320081,0,3.0,0.5631035169465088,1,16.0,0.4409832131347306,1,19.0,0.4578630910997341,2,38.0
3050.0,6,27.0,0.4153846153846154,7.185630620136516,1,0.0,0.386249174657412,3,18.0,0.5682090735523061,2,13.0,0.358478463185657,6,31.0
3055.0,6,38.0,0.5846153846153846,9.484371235972855,2,10.0,0.5300276517270692,0,11.0,0.8118679437702134,4,28.0,0.5372829480384099,6,49.0
3060.0,2,4.0,0.06451612903225806,8.505469643238474,2,6.0,0.47529975490281456,0,2.0,0.7258447186400219,0,12.0,0.5276053756244578,2,20.0
3065.0,12,48.0,0.7058823529411765,8.360911246641004,7,31.0,0.44501199268449526,2,8.0,0.5852641748337247,3,14.0,0.5201525671605186,12,53.0
3070.0,5,31.0,0.5344827586206896,7.954330787984837,3,43.0,0.48322592303032136,2,18.0,0.5990682879600666,0,16.0,0.6038169368655264,5,77.0
3075.0,8,37.0,0.6166666666666667,7.095878264457123,2,23.0,0.4305355360163889,4,35.0,0.4564184188638467,2,4.0,0.5451199515014135,8,62.0
3080.0,6,18.0,0.2857142857142857,7.946818786706645,4,25.0,0.3342876223763444,0,13.0,0.8025198341187217,2,12.0,0.6611087734450748,6,50.0
3085.0,19,59.0,0.8428571428571429,6.753384504422253,12,56.0,0.17036162206527306,2,4.0,0.6563963658388995,5,22.0,0.37588202041500485,19,82.0
3090.0,11,40.0,0.625,6.343581732452375,10,80.0,0.20267682164905854,0,0.0,0.5843305673246229,1,9.0,0.5375443888389784,11,89.0
3095.0,10,26.0,0.4406779661016949,7.355495648811402,6,68.0,0.33535230202630345,0,2.0,0.7508317416271215,4,16.0,0.48049616128571926,10,86.0
3100.0,6,11.0,0.1774193548387097,7.488767438087831,4,49.0,0.39698948043321497,2,5.0,0.608289498141429,0,12.0,0.549097411597986,6,66.0
3105.0,5,28.0,0.45901639344262296,9.283284972639645,2,33.0,0.4465093466880639,2,15.0,0.7780158577085813,1,0.0,0.6987911974842521,5,48.0
3110.0,5,29.0,0.4393939393939394,8.70673464729195,4,35.0,0.5076989679703167,0,2.0,0.6594891977769638,1,1.0,0.44875114606188454,5,38.0
3115.0,5,18.0,0.2727272727272727,9.068922924979615,0,13.0,0.5379545353129788,3,10.0,0.6015410726116996,2,10.0,0.6547801529323249,5,33.0
3120.0,11,47.0,0.7966101694915254,6.3286831980627705,5,21.0,0.18369228799361517,4,21.0,0.33770810210512425,2,20.0,0.46002638490377346,11,62.0
3125.0,13,61.0,1.0517241379310345,6.311186333916332,5,39.0,0.36566181607452386,3,30.0,0.34664149397855404,5,39.0,0.5090919452547171,13,108.0
3130.0,6,76.0,1.4074074074074074,8.288156551069022,0,20.0,0.5499877191813615,2,32.0,0.6016826048710727,4,59.0,0.539866053141002,6,111.0
3135.0,7,39.0,0.6190476190476191,7.9340428671271,3,6.0,0.49114154346813066,4,41.0,0.5461902492071229,0,29.0,0.5907806591143198,7,76.0
3140.0,5,20.0,0.30303030303030304,9.018974457453066,2,14.0,0.651288469901453,0,16.0,0.5691740399535736,3,8.0,0.5976036611655944,5,38.0
3145.0,14,43.0,0.6323529411764706,7.21665292151813,6,26.0,0.46267321254823,7,19.0,0.3170780808835683,1,8.0,0.4143636607680589,14,53.0
3150.0,6,18.0,0.2727272727272727,6.8994447813360695,2,10.0,0.42563775793282077,2,29.0,0.37528392273746813,2,13.0,0.3905854798336068,6,52.0
3155.0,9,44.0,0.6875,8.300760454529575,6,26.0,0.2816407799222343,0,12.0,0.5238875095177167,3,23.0,0.6153024436807744,9,61.0
3160.0,11,53.0,0.828125,8.720306202391402,5,42.0,0.34363835147682453,2,9.0,0.605208424683127,4,35.0,0.6262941618967206,11,86.0
3165.0,2,16.0,0.27586206896551724,9.47644962404147,0,18.0,0.5299907018478135,2,18.0,0.7278091750677026,0,11.0,0.6453072176367625,2,47.0
3170.0,9,39.0,0.609375,8.488050982404932,1,0.0,0.6328771906551705,4,32.0,0.5344533561193515,4,11.0,0.425298549538806,9,43.0
3175.0,4,5.0,0.08064516129032258,8.908993532408068,2,3.0,0.7156066101214859,1,13.0,0.6298838318827101,1,15.0,0.44808875877219817,4,31.0
3180.0,7,24.0,0.42105263157894735,8.185467831279484,3,13.0,0.541821874672248,4,15.0,0.48542257569907793,0,1.0,0.4013579326711852,7,29.0
3185.0,8,41.0,0.6949152542372882,8.36801661614573,4,31.0,0.48656632925001486,1,17.0,0.4771826575885454,3,8.0,0.4729175773345158,8,56.0
3190.0,3,20.0,0.37037037037037035,9.19366001414787,1,18.0,0.4997097728178697,0,3.0,0.6057792876253033,2,20.0,0.6341614787072648,3,41.0
3195.0,10,53.0,0.8983050847457628,8.641359183123582,3,16.0,0.5127635761726645,2,3.0,0.5549766728659501,5,38.0,0.5327811090951952,10,57.0
3200.0,7,71.0,1.2678571428571428,9.544673665414267,1,13.0,0.6405907968666411,2,13.0,0.6944611927533361,4,56.0,0.6542568032907939,7,82.0
3205.0,10,2.0,0.03508771929824561,7.593501346417446,3,0.0,0.4871665224430654,3,3.0,0.5738872866902006,4,26.0,0.4767744669424664,10,29.0
3210.0,8,30.0,0.5357142857142857,9.436498214678704,2,8.0,0.5822267748145115,2,9.0,0.6775682035636987,4,15.0,0.44520977799958045,8,32.0
3215.0,6,28.0,0.5490196078431373,7.422491359627584,2,18.0,0.5086106782515591,0,3.0,0.5703630191955119,4,24.0,0.2206397201504992,6,45.0
3220.0,4,12.0,0.24,7.815723132071839,0,4.0,0.5744347548028623,2,8.0,0.5452310269164543,2,26.0,0.3810215923333062,4,38.0
3225.0,7,44.0,0.88,10.241511761539773,3,14.0,0.6490967264938999,2,18.0,0.7066442495057748,2,23.0,0.6472299821563627,7,55.0
3230.0,12,62.0,1.169811320754717,7.418764616118153,4,14.0,0.3326519665537343,4,33.0,0.43230581322993156,4,30.0,0.5727887982772439,12,77.0
3235.0,4,13.0,0.24074074074074073,8.430566198709663,3,13.0,0.5037199545078299,1,16.0,0.5729514398704708,0,8.0,0.5888936812575241,4,37.0
3240.0,9,48.0,0.9056603773584906,8.30809333427526,2,22.0,0.552772252189087,3,16.0,0.4825016539236289,4,14.0,0.3570561285216415,9,52.0
3245.0,8,42.0,0.75,6.935760300718456,0,3.0,0.5688485191632553,6,39.0,0.3572853202421309,2,26.0,0.30467689594393677,8,68.0
3250.0,5,21.0,0.42857142857142855,7.946698604861998,3,3.0,0.5355448622726398,2,43.0,0.4334582319886093,0,9.0,0.5576268818397767,5,55.0
3255.0,3,7.0,0.1320754716981132,8.849619361985093,0,7.0,0.571891102398464,1,23.0,0.5723697391748341,2,5.0,0.5517480994926145,3,35.0
3260.0,5,25.0,0.5,10.350045895644866,1,2.0,0.6551513349918587,2,14.0,0.7549551353178189,2,15.0,0.7432093349601833,5,31.0
3265.0,11,46.0,0.8214285714285714,8.482110381572511,2,2.0,0.6162895615875987,5,23.0,0.5532449626581204,4,25.0,0.5479241998298682,11,50.0
3270.0,3,5.0,0.08928571428571429,8.355112687893882,1,4.0,0.5783956608485041,1,10.0,0.6999098026541336,1,8.0,0.4905861494644118,3,22.0
3275.0,17,49.0,0.8305084745762712,6.5070506363079375,7,23.0,0.3275521216307865,4,14.0,0.3200520033691539,6,16.0,0.2092199884144885,17,53.0
3280.0,13,31.0,0.543859649122807,4.767759404184575,4,38.0,0.24320202037268754,5,28.0,0.13180475500730532,4,24.0,0.29772789798261784,13,90.0
3285.0,0,0.0,0.0,8.499698559833384,0,25.0,0.49995668142510236,0,20.0,0.5891187607570703,0,8.0,0.7507980107302076,0,53.0
3290.0,4,4.0,0.06349206349206349,9.15478026528318,2,8.0,0.4987990464655615,1,9.0,0.7280660269088308,1,3.0,0.6224492663057257,4,20.0
3295.0,7,30.0,0.46875,10.393952431206461,2,13.0,0.6990287407543763,2,11.0,0.7644264300456984,3,12.0,0.6969303304679251,7,36.0
3300.0,10,62.0,0.9841269841269841,9.21803143499036,4,22.0,0.593869110414455,2,19.0,0.6601508765004623,4,21.0,0.5377786062922479,10,62.0
3305.0,12,117.0,1.7205882352941178,9.005815778740246,4,41.0,0.5957071866844321,4,37.0,0.6572029658830566,4,39.0,0.5504657371008708,12,117.0
3310.0,3,4.0,0.058823529411764705,7.920266409575208,1,17.0,0.5393144848986795,1,15.0,0.5654370738079967,1,17.0,0.5249686855826738,3,49.0
3315.0,14,47.0,0.6619718309859155,7.1429366833028585,7,20.0,0.2509034346408267,4,15.0,0.314500138532619,3,13.0,0.5363896357112947,14,48.0
3320.0,8,26.0,0.4262295081967213,6.0572549804347116,4,38.0,0.26239036004372535,3,23.0,0.2151228587602833,1,11.0,0.4352141105690975,8,72.0
3325.0,9,5.0,0.0847457627118644,6.385528467221545,3,32.0,0.38055810847188165,3,22.0,0.42032087310630917,3,2.0,0.3990431028845817,9,56.0
3330.0,3,9.0,0.14516129032258066,9.043977925430172,3,24.0,0.6162129879013245,0,18.0,0.6180256931137986,0,2.0,0.586953268516201,3,44.0
3335.0,10,48.0,0.7384615384615385,8.54380192009306,2,21.0,0.5789498910502988,4,35.0,0.4490196536153517,4,14.0,0.4639440254369264,10,70.0
3340.0,6,17.0,0.26153846153846155,6.347305511489443,1,6.0,0.47184899946087155,3,41.0,0.17350825113498017,2,19.0,0.39158883682957035,6,66.0
3345.0,8,23.0,0.38333333333333336,8.115080060006918,5,22.0,0.4701026899694542,2,25.0,0.4023486521750874,1,14.0,0.6408639391636756,8,61.0
3350.0,5,7.0,0.11290322580645161,7.95138405765951,4,28.0,0.42569063983678035,0,19.0,0.4864876573362031,1,4.0,0.6501209427495601,5,51.0
3355.0,7,33.0,0.5409836065573771,9.985529412941524,2,18.0,0.5460935827159736,2,22.0,0.7514467042729412,3,13.0,0.7607406336880814,7,53.0
3360.0,6,47.0,0.746031746031746,8.831632790301242,2,22.0,0.4631886780913977,2,16.0,0.5935626644705486,2,21.0,0.6177426974671867,6,59.0
3365.0,14,108.0,1.6119402985074627,8.289040528585067,4,39.0,0.4529155246937686,6,41.0,0.42127127691309113,4,40.0,0.5912997533944433,14,120.0
3370.0,8,22.0,0.3492063492063492,6.852433914051473,0,13.0,0.5406945704998529,6,54.0,0.29796622433470066,2,19.0,0.42047910682630263,8,86.0
3375.0,10,32.0,0.5,7.021862387421885,1,7.0,0.5689457666052036,3,30.0,0.1585147718120052,6,24.0,0.4421762521978179,10,61.0
3380.0,4,16.0,0.2807017543859649,8.82783694480173,1,9.0,0.6508925041438752,2,23.0,0.4591076064443251,1,25.0,0.624045884781221,4,57.0
3385.0,10,26.0,0.4727272727272727,7.749189355561057,3,4.0,0.5630053667970986,5,30.0,0.49340420048370415,2,3.0,0.5773344073813957,10,37.0
3390.0,7,21.0,0.3559322033898305,9.337094534092309,3,10.0,0.6178579529443918,1,12.0,0.6883272569420446,3,10.0,0.6590354687930391,7,32.0
3395.0,6,51.0,0.8360655737704918,9.849498211722866,2,20.0,0.584774680051738,2,16.0,0.7161949091444415,2,20.0,0.5809664174199001,6,56.0
3400.0,6,38.0,0.5757575757575758,7.999630258801603,1,5.0,0.4666846485282433,0,6.0,0.5540497769363831,5,36.0,0.4610870531839229,6,47.0
3405.0,3,14.0,0.23333333333333334,8.794876147525944,3,16.0,0.6116579783831982,0,0.0,0.4878032271106304,0,14.0,0.5993796665054845,3,30.0
3410.0,8,22.0,0.3793103448275862,8.17979241999427,3,24.0,0.5422542086679261,1,1.0,0.5092398029181286,4,16.0,0.4878723722506768,8,41.0
3415.0,3,16.0,0.3076923076923077,8.611590163567143,1,14.0,0.6706767167272665,1,7.0,0.6414679140608102,1,19.0,0.5352573959416151,3,40.0
3420.0,4,28.0,0.5384615384615384,8.670116263597802,1,12.0,0.6488841153026951,2,19.0,0.6143469607080592,1,3.0,0.5326429508650202,4,34.0
3425.0,6,29.0,0.47540983606557374,9.254551888592236,4,22.0,0.5311011038277293,0,8.0,0.7406296990126592,2,7.0,0.5675833865818797,6,37.0
3430.0,3,18.0,0.29508196721311475,9.660115737700751,0,6.0,0.5535331011097567,1,4.0,0.7385688704273592,2,17.0,0.5833745979722653,3,27.0
3435.0,9,47.0,0.7704918032786885,7.718788100821174,4,14.0,0.2742058954921185,1,5.0,0.41367642482281497,4,33.0,0.48216380407498677,9,52.0
3440.0,2,9.0,0.16981132075471697,8.59604077508282,2,26.0,0.5057025926313065,0,0.0,0.6381512625706096,0,14.0,0.6586287349742361,2,40.0
3445.0,10,8.0,0.14814814814814814,8.236402196887173,3,11.0,0.5119663209079048,3,3.0,0.5334372998555876,4,8.0,0.5320410123545314,10,22.0
3450.0,6,22.0,0.43137254901960786,9.449782261225595,3,11.0,0.6238600308196077,2,12.0,0.6704673575440341,1,11.0,0.6738018376854275,6,34.0
3455.0,2,20.0,0.4,9.224119766908885,0,0.0,0.5864347551111961,2,22.0,0.6029793170627881,0,1.0,0.7013807430533068,2,23.0
3460.0,12,59.0,1.0350877192982457,8.603340005867139,5,15.0,0.46465651603257696,4,39.0,0.5593873252421365,3,7.0,0.6190857472924619,12,61.0
3465.0,7,28.0,0.5283018867924528,8.207961447232009,4,22.0,0.3681085933800707,1,16.0,0.6145672100391222,2,17.0,0.6799630468448284,7,55.0
3470.0,8,42.0,0.711864406779661,7.6771732482470165,2,19.0,0.3907381622117114,3,15.0,0.41764765385473096,3,28.0,0.4932800649319653,8,62.0
3475.0,4,9.0,0.15789473684210525,7.89351910446172,3,24.0,0.37952601194504115,1,15.0,0.5930791930109367,0,7.0,0.5254965756511868,4,46.0
3480.0,12,49.0,0.9074074074074074,7.70942304863108,8,55.0,0.38902221463072156,0,3.0,0.4917595812134248,4,14.0,0.4130577738874107,12,72.0
3485.0,6,19.0,0.36538461538461536,7.79610471841673,2,52.0,0.554340626957324,2,9.0,0.378494734121782,2,18.0,0.5191449919851938,6,79.0
3490.0,3,19.0,0.3958333333333333,9.466638057829966,0,13.0,0.6591069996349629,2,23.0,0.6603560980630797,1,2.0,0.7266023959398763,3,38.0
3495.0,3,5.0,0.08771929824561403,9.074478785263743,2,4.0,0.5566576611388406,0,7.0,0.7254408214205875,1,1.0,0.5749176426521753,3,12.0
3500.0,4,24.0,0.4,10.803878887391056,2,14.0,0.6847780708918696,0,4.0,0.8395562074877206,2,10.0,0.6532930143358744,4,28.0
3505.0,10,24.0,0.4,7.906051761403284,3,2.0,0.46089472056422026,2,1.0,0.595260169166396,5,21.0,0.3830850219169646,10,24.0
3510.0,8,24.0,0.41379310344827586,8.584502389168588,6,15.0,0.418878408051814,2,9.0,0.585851409890035,0,6.0,0.6969095740305128,8,30.0
3515.0,5,12.0,0.24489795918367346,7.708194359986173,2,24.0,0.5003467893331147,2,3.0,0.3740341829820953,1,1.0,0.6096277501801913,5,28.0
3520.0,10,30.0,0.5454545454545454,7.0220298340806115,2,13.0,0.414611745833394,6,27.0,0.3407755226876853,2,4.0,0.4889886489880908,10,44.0
3525.0,6,26.0,0.52,8.24495572368315,3,14.0,0.5297639406274761,3,41.0,0.541419745795741,0,1.0,0.6594093207017171,6,56.0
3530.0,1,2.0,0.03389830508474576,7.620671261131629,0,2.0,0.4682140004658,1,13.0,0.5185036635652402,0,2.0,0.536973615622714,1,17.0
3535.0,8,36.0,0.5901639344262295,9.14628476089798,4,17.0,0.5562733407291591,2,13.0,0.6139257362649458,2,12.0,0.7090009243214216,8,42.0
3540.0,6,46.0,0.7931034482758621,7.7226736898508594,1,23.0,0.43736031808673403,2,21.0,0.5146282327476747,3,20.0,0.5700034031224932,6,64.0
3545.0,6,48.0,0.8,8.082643358105635,2,16.0,0.4998549030002833,4,41.0,0.5697816358170088,0,3.0,0.6156417934085199,6,60.0
3550.0,7,32.0,0.5161290322580645,8.589397343300556,2,19.0,0.6286838208238493,0,16.0,0.6781654716222081,5,13.0,0.4292292917700374,7,48.0
3555.0,8,43.0,0.6417910447761194,8.053537530833143,4,32.0,0.5430284479716062,1,6.0,0.6376805727611767,3,21.0,0.2545612491620603,8,59.0
3560.0,3,3.0,0.04918032786885246,8.451118790937342,1,10.0,0.5413017139982621,0,3.0,0.7012516685202631,2,16.0,0.4710978652387557,3,29.0
3565.0,13,19.0,0.296875,8.29806346182766,8,20.0,0.3614968064933957,3,3.0,0.5784242890882225,2,6.0,0.639778295270141,13,29.0
3570.0,6,24.0,0.3870967741935484,9.357505549804841,3,29.0,0.5166461479774077,2,10.0,0.7084381223509291,1,5.0,0.6970077502881616,6,44.0
3575.0,5,35.0,0.5932203389830508,8.835633974115005,1,6.0,0.5279620140129138,2,22.0,0.6263716938186924,2,15.0,0.6668513896095092,5,43.0
3580.0,3,9.0,0.14285714285714285,8.627634799579898,2,8.0,0.6047291054056894,0,8.0,0.6900516892136317,1,5.0,0.5397972202398935,3,21.0
3585.0,9,41.0,0.6612903225806451,8.794582998143147,2,18.0,0.688290069201123,2,8.0,0.6498441049787148,5,17.0,0.313062890081221,9,43.0
3590.0,12,43.0,0.7049180327868853,6.962602234221188,4,29.0,0.48174395582897395,3,10.0,0.4925785251766539,5,31.0,0.2073343696266124,12,70.0
3595.0,4,14.0,0.25,8.401391380439351,2,11.0,0.5679977136762473,1,10.0,0.6537939859095104,1,22.0,0.5167553024489584,4,43.0
3600.0,6,41.0,0.7192982456140351,9.48230814339542,4,21.0,0.562730234982942,1,13.0,0.7319996419389454,1,14.0,0.656449575441485,6,48.0
