step,system_total_stopped,system_total_waiting_time,system_mean_waiting_time,system_mean_speed,A0_stopped,A0_accumulated_waiting_time,A0_average_speed,B0_stopped,B0_accumulated_waiting_time,B0_average_speed,C0_stopped,C0_accumulated_waiting_time,C0_average_speed,agents_total_stopped,agents_total_accumulated_waiting_time
5.0,0,0.0,0.0,6.491487974673509,0,0.0,1.0,0,0.0,1.0,0,0.0,0.4720227716359932,0,0.0
10.0,0,0.0,0.0,6.57026821217149,0,0.0,0.5389425265004173,0,0.0,0.3554931485866869,0,0.0,0.5339209583785006,0,0.0
15.0,0,0.0,0.0,9.062387036930202,0,0.0,0.7328685300784421,0,0.0,0.9982531179771676,0,0.0,0.5575650433924619,0,0.0
20.0,2,1.0,0.1111111111111111,7.578856686654065,0,0.0,0.6934874466520324,1,1.0,0.0013380639805986594,1,0.0,0.5211254491763043,2,1.0
25.0,2,9.0,0.8181818181818182,7.3154762817506205,0,0.0,0.9110238735338152,1,6.0,0.4911266807030495,1,3.0,0.37090411942935436,2,9.0
30.0,4,22.0,1.8333333333333333,8.114309206826958,1,0.0,0.46809014579242836,1,11.0,0.6447417659105849,2,11.0,0.5937798476728315,4,22.0
35.0,1,1.0,0.07142857142857142,7.000628518070383,0,0.0,0.5339509621304959,0,2.0,0.6005515142819938,1,7.0,0.3153624986799318,1,9.0
40.0,4,15.0,0.9375,8.84260801498102,1,4.0,0.46170881348893933,1,6.0,0.679933543261723,2,7.0,0.3208358707767851,4,17.0
45.0,2,9.0,0.5625,8.98605857970573,2,9.0,0.2916885491415633,0,2.0,0.8337454234909775,0,4.0,0.5632819243252665,2,15.0
50.0,1,3.0,0.25,8.374081718219466,0,2.0,0.6704128173230064,1,5.0,0.44537997422894704,0,0.0,0.8326495066183346,1,7.0
55.0,2,12.0,0.9230769230769231,9.644899890915188,0,2.0,0.8332440251116876,2,16.0,0.608641189970054,0,0.0,0.8530150435906159,2,18.0
60.0,3,26.0,1.5294117647058822,8.060009268994385,1,4.0,0.45552918741764165,2,26.0,0.5604103694511062,0,0.0,0.5921148941023091,3,30.0
65.0,3,34.0,1.7894736842105263,7.623396965451171,0,0.0,0.759142895704011,3,34.0,0.5119927961023731,0,0.0,0.42046818405844355,3,34.0
70.0,4,10.0,0.43478260869565216,6.92790186059103,1,0.0,0.5250073274592788,1,8.0,0.26065561378314656,2,7.0,0.4477669352475605,4,15.0
75.0,4,30.0,1.3636363636363635,9.645379453720828,0,0.0,0.8473707674320785,2,13.0,0.24929866606081633,2,17.0,0.4514091016208049,4,30.0
80.0,6,55.0,3.0555555555555554,7.739607276123899,0,0.0,0.733299061921246,3,25.0,0.2307757632490688,3,30.0,0.33922650371682067,6,55.0
85.0,1,5.0,0.2777777777777778,6.721078112709338,1,5.0,0.5008250149351257,0,5.0,0.7254129628571255,0,16.0,0.3312977721589721,1,26.0
90.0,2,10.0,0.43478260869565216,9.704976002867182,2,12.0,0.44170560283549126,0,2.0,0.7842737274019641,0,2.0,0.836346279721462,2,16.0
95.0,0,0.0,0.0,11.516329757802303,0,3.0,0.7985996892864072,0,2.0,0.7960111764116679,0,2.0,0.9594512342728132,0,7.0
100.0,3,7.0,0.30434782608695654,8.481800185237514,0,2.0,0.6251407809063819,2,9.0,0.4662353177032854,1,2.0,0.5812622648293896,3,13.0
105.0,9,34.0,1.619047619047619,4.76911576858785,2,7.0,0.38542593143645393,4,24.0,0.06933064760254846,3,9.0,0.3011441736041168,9,40.0
110.0,11,78.0,3.9,3.196960393047367,0,3.0,0.32098676803391046,6,49.0,0.0003611497956973692,5,33.0,2.2142520588924615e-05,11,85.0
115.0,12,137.0,6.523809523809524,4.744830954290755,1,4.0,0.4824072303675219,6,81.0,0.2960355900285407,5,58.0,0.019198343295333507,12,143.0
120.0,7,116.0,5.2727272727272725,6.312854165137922,1,9.0,0.6261144384655806,6,111.0,0.31458928291086746,0,40.0,0.32374052166915074,7,160.0
125.0,7,151.0,6.565217391304348,6.732816645325156,1,14.0,0.5337293362796708,6,143.0,0.39775001495308615,0,0.0,0.4401474233922336,7,157.0
130.0,13,199.0,7.96,5.722869637301671,3,21.0,0.41749473964848033,9,181.0,0.2975626659606484,1,3.0,0.5706552048228997,13,205.0
135.0,11,251.0,8.366666666666667,5.297849220963391,2,31.0,0.4640646727037021,9,226.0,0.21874665546148658,0,0.0,0.5892970832208058,11,257.0
140.0,9,90.0,2.8125,5.581470994279519,2,41.0,0.566365933571288,6,188.0,0.20342120311603487,1,3.0,0.5333515676341196,9,232.0
145.0,5,55.0,1.5714285714285714,7.263736557167292,5,57.0,0.43113278342760764,0,58.0,0.44528672641562644,0,2.0,0.6327294649185654,5,117.0
150.0,6,78.0,2.108108108108108,7.48513905654179,4,77.0,0.4798508015813299,1,47.0,0.47160965257474846,1,2.0,0.6726291393486965,6,126.0
155.0,11,32.0,0.7804878048780488,6.475641303099559,3,24.0,0.37317458553239696,6,67.0,0.3907553255163129,2,10.0,0.5917294287001953,11,101.0
160.0,7,21.0,0.5,5.942519783228166,3,14.0,0.4768810410333052,2,56.0,0.33974239659458255,2,7.0,0.29102386230342076,7,77.0
165.0,5,19.0,0.4634146341463415,6.742648055830821,0,12.0,0.49837936068981087,1,13.0,0.37508196270222427,4,19.0,0.3510802399558273,5,44.0
170.0,3,14.0,0.358974358974359,8.901108565120316,2,9.0,0.6372124785151511,1,9.0,0.600062215576759,0,15.0,0.6059838894587615,3,33.0
175.0,3,19.0,0.5277777777777778,10.389918109993536,2,19.0,0.6379325271249994,1,6.0,0.8069063065415623,0,2.0,0.8868410822483742,3,27.0
180.0,3,7.0,0.1794871794871795,9.755109115340714,1,0.0,0.6114654592754337,2,11.0,0.6942658589579128,0,0.0,0.6015422233404812,3,11.0
185.0,6,25.0,0.6944444444444444,6.255498989280997,2,5.0,0.23523500512335685,1,16.0,0.45512060715764874,3,8.0,0.0714209513481999,6,29.0
190.0,12,47.0,1.5161290322580645,3.8358718992638545,2,12.0,0.30861858738443154,2,11.0,0.23959963687862143,8,40.0,0.0005245384788881062,12,63.0
195.0,5,29.0,0.90625,7.008137723989802,1,11.0,0.6549753491204146,2,13.0,0.3884398325638771,2,49.0,0.37384849487716654,5,73.0
200.0,3,21.0,0.6,9.160849068871048,0,4.0,0.692455698282832,3,25.0,0.4552591063803026,0,18.0,0.7178642496881353,3,47.0
205.0,2,8.0,0.20512820512820512,9.414059402878099,2,12.0,0.5559015433324422,0,8.0,0.690004624098307,0,10.0,0.7777886906443351,2,30.0
210.0,4,12.0,0.3,8.752048895957756,1,5.0,0.47562521188828744,0,4.0,0.854965338184965,3,20.0,0.3707212689863507,4,29.0
215.0,5,18.0,0.5454545454545454,7.855556683406424,1,7.0,0.3934037013155595,1,9.0,0.5747676418759182,3,22.0,0.409088483222659,5,38.0
220.0,5,17.0,0.5862068965517241,8.104346865054442,2,1.0,0.3991031912754488,3,20.0,0.5990831563137147,0,11.0,0.45536379356284096,5,32.0
225.0,2,8.0,0.26666666666666666,8.997261611725367,2,8.0,0.5144032587872469,0,15.0,0.6690392399619052,0,6.0,0.3743298172162257,2,29.0
230.0,5,10.0,0.35714285714285715,8.953363857098173,1,2.0,0.7392485213148322,0,0.0,0.8475262464311502,4,16.0,0.3934922145181476,5,18.0
235.0,0,0.0,0.0,10.185120743224555,0,2.0,0.7643035847758081,0,2.0,0.7255601303002797,0,9.0,0.6696873508657122,0,13.0
240.0,4,6.0,0.2,10.242296555804163,1,5.0,0.7008581057617839,0,4.0,0.9232532794800089,3,1.0,0.5012926861941785,4,10.0
245.0,2,3.0,0.09090909090909091,10.298482319997532,1,0.0,0.6045626594537847,1,5.0,0.7681233792038049,0,0.0,0.7700117464156747,2,5.0
250.0,6,16.0,0.45714285714285713,8.604180062383376,3,8.0,0.45305764253998326,0,2.0,0.6903444395773245,3,8.0,0.5330955098686396,6,18.0
255.0,5,11.0,0.3235294117647059,6.584220885981853,1,9.0,0.4527408210232251,4,12.0,0.05827831781136026,0,7.0,0.4977005027141839,5,28.0
260.0,0,0.0,0.0,9.029266867089001,0,1.0,0.6213693609306782,0,15.0,0.6210088690729185,0,0.0,0.6160227859535413,0,16.0
265.0,2,6.0,0.16666666666666666,10.747444305468122,2,8.0,0.5469840234382529,0,4.0,0.8116014238780829,0,2.0,0.8815799459809065,2,14.0
270.0,0,0.0,0.0,11.160731853853424,0,2.0,0.7011185875740713,0,2.0,0.8857500130055171,0,2.0,0.7491836041690612,0,6.0
275.0,3,10.0,0.29411764705882354,8.753088517228363,2,11.0,0.5450216743106703,1,1.0,0.558521536213793,0,2.0,0.5309020741453927,3,14.0
280.0,11,28.0,0.9032258064516129,5.292073860927569,2,12.0,0.3413543738012144,5,17.0,0.13111204200309817,4,12.0,0.36115937572438356,11,41.0
285.0,9,54.0,1.7419354838709677,4.967539549008713,1,2.0,0.3579919632035992,8,55.0,0.17336065065431988,0,11.0,0.38490178716814266,9,68.0
290.0,9,97.0,3.129032258064516,7.418824953580108,0,1.0,0.4296958912210755,8,97.0,0.3657165680425055,1,4.0,0.6451529224508571,9,102.0
295.0,6,44.0,1.2571428571428571,7.849390115641938,3,10.0,0.15575178193132205,2,91.0,0.4641718298889526,1,9.0,0.6135743255020516,6,110.0
300.0,4,37.0,1.121212121212121,9.122062128288627,2,22.0,0.65451783779681,1,34.0,0.4645606708745541,1,16.0,0.6930845235543321,4,72.0
305.0,4,31.0,1.0689655172413792,8.930091141780483,1,15.0,0.584073808744063,1,9.0,0.6741562770390209,2,23.0,0.6635373996791927,4,47.0
310.0,5,24.0,0.75,9.455234504374598,3,10.0,0.6123442786005474,1,16.0,0.6844132181371302,1,2.0,0.7705390931792073,5,28.0
315.0,2,1.0,0.029411764705882353,9.12699978688444,1,8.0,0.6948901273442686,0,2.0,0.9355773046863565,1,2.0,0.4131411823696215,2,12.0
320.0,8,22.0,0.6666666666666666,6.189094178196915,3,9.0,0.3687173269526042,1,3.0,0.4034104608483827,4,14.0,0.2788584704266236,8,26.0
325.0,15,79.0,2.323529411764706,4.405981136125597,7,38.0,0.17723567562117032,1,2.0,0.1673265126993646,7,43.0,0.29769531397332233,15,83.0
330.0,10,44.0,1.1282051282051282,5.53118349715942,4,49.0,0.267756393093908,1,0.0,0.4292476181298652,5,50.0,0.4582866168012839,10,99.0
335.0,2,3.0,0.07894736842105263,8.792577398787195,0,13.0,0.6026519889740674,0,4.0,0.7374977486297142,2,38.0,0.5415842180591591,2,55.0
340.0,4,18.0,0.42857142857142855,8.551570687011347,1,17.0,0.3844427302823832,0,4.0,0.7613609707806789,3,22.0,0.5235383424969281,4,43.0
345.0,7,20.0,0.4444444444444444,8.26494877858522,4,30.0,0.3084729273096678,0,4.0,0.856349533091958,3,15.0,0.41288645684695263,7,49.0
350.0,14,73.0,1.825,6.188696118031135,7,60.0,0.27630414696862693,2,6.0,0.25782049907508664,5,32.0,0.3081910948666308,14,98.0
355.0,4,21.0,0.6,4.8268041479885655,3,52.0,0.1810832211666927,0,6.0,0.391308043845271,1,26.0,0.22496236820722249,4,84.0
360.0,3,10.0,0.29411764705882354,8.822653176970194,2,29.0,0.4564691781943168,0,4.0,0.8187903724394554,1,8.0,0.54364185575664,3,41.0
365.0,3,22.0,0.5945945945945946,10.335699110539787,1,13.0,0.7268253075068986,1,6.0,0.7378531769146665,1,11.0,0.6685002362566522,3,30.0
370.0,3,23.0,0.6052631578947368,10.7487833588339,1,18.0,0.8105106789326978,1,9.0,0.7916449882766116,1,2.0,0.645891060315971,3,29.0
375.0,5,38.0,1.027027027027027,9.175504461904367,1,21.0,0.7086843847253043,1,12.0,0.6154705350308892,3,7.0,0.5374846194638894,5,40.0
380.0,8,46.0,1.1794871794871795,7.859329988002514,1,0.0,0.6365530553242831,2,22.0,0.5535398372898067,5,26.0,0.4095573780186584,8,48.0
385.0,6,10.0,0.25,7.192131914510202,4,9.0,0.526456624389451,0,8.0,0.5040848419781558,2,24.0,0.4020548067936677,6,41.0
390.0,7,37.0,0.9736842105263158,8.056757141847465,5,28.0,0.4161695630022997,1,7.0,0.5134033473395812,1,5.0,0.5581313270502563,7,40.0
395.0,8,31.0,0.8157894736842105,7.54954183032452,2,25.0,0.2871967898373425,3,19.0,0.5759169381930729,3,12.0,0.5465886248370709,8,56.0
400.0,4,33.0,0.825,8.123540989310545,0,3.0,0.4625943059118245,3,36.0,0.6004710408491355,1,7.0,0.44772517989533056,4,46.0
405.0,6,16.0,0.4,7.18434791574189,3,7.0,0.31529275895235914,0,16.0,0.5540368288326769,3,12.0,0.43378383347998045,6,35.0
410.0,7,34.0,0.918918918918919,7.372941782108792,6,35.0,0.40176453691649905,0,0.0,0.5237026449174099,1,19.0,0.5165152861723018,7,54.0
415.0,5,11.0,0.28205128205128205,6.897383216670385,2,38.0,0.466014840158045,1,5.0,0.4173785214575598,2,9.0,0.5743244451332004,5,52.0
420.0,6,26.0,0.6666666666666666,8.07890826909943,0,4.0,0.6275572229985849,6,30.0,0.5022759762292535,0,2.0,0.5942917742765721,6,36.0
425.0,5,17.0,0.38636363636363635,6.799649934782525,1,3.0,0.36751907713813825,1,33.0,0.4871908186461683,3,11.0,0.3547203768289375,5,47.0
430.0,11,51.0,1.1333333333333333,6.9425195263776684,4,21.0,0.37444766462581885,0,9.0,0.48220994054199756,7,38.0,0.48272614323471097,11,68.0
435.0,16,118.0,2.6818181818181817,6.165908417083943,7,52.0,0.392300847233377,1,2.0,0.46442641973500387,8,72.0,0.34007518297888606,16,126.0
440.0,10,43.0,0.9347826086956522,5.108985704337732,3,55.0,0.3600844272470011,2,3.0,0.17877808054974828,5,73.0,0.3636738061305767,10,131.0
445.0,5,25.0,0.5208333333333334,7.0745093131306716,0,27.0,0.46361969621596205,4,27.0,0.46107359176321894,1,32.0,0.3943453155968566,5,86.0
450.0,3,6.0,0.12,8.750353326287222,1,7.0,0.5158932827883371,0,20.0,0.7245536433231285,2,17.0,0.3947340339882454,3,44.0
455.0,5,17.0,0.3333333333333333,9.572473733364294,3,18.0,0.5072425123472337,0,2.0,0.8021271318436862,2,12.0,0.4066350293721597,5,32.0
460.0,6,20.0,0.40816326530612246,8.696997819633237,0,16.0,0.7248391133410537,2,6.0,0.6797948315653227,4,25.0,0.37596734345471555,6,47.0
465.0,5,11.0,0.25,7.709133914364824,1,2.0,0.6852879454491648,0,4.0,0.4593650250576826,4,29.0,0.4365092353390017,5,35.0
470.0,7,17.0,0.4146341463414634,6.013902077921207,0,0.0,0.5297806731250828,5,16.0,0.17364192795053257,2,23.0,0.27333246866000455,7,39.0
475.0,13,60.0,1.4285714285714286,6.574639295716296,1,0.0,0.5028868846156108,10,51.0,0.3547957635935372,2,24.0,0.3531295069992463,13,75.0
480.0,11,115.0,2.6744186046511627,8.102394934416061,0,0.0,0.5960742267698652,9,96.0,0.4709751287169938,2,23.0,0.5840931137684715,11,119.0
485.0,8,75.0,1.7045454545454546,6.771785222575792,0,0.0,0.6706990274784094,5,103.0,0.33170791830615504,3,32.0,0.41141475885067863,8,135.0
490.0,8,54.0,1.2272727272727273,6.396479175726756,1,4.0,0.6329065119795829,3,61.0,0.23494189027045576,4,49.0,0.529307764039648,8,114.0
495.0,3,9.0,0.1956521739130435,7.816391309224311,0,5.0,0.7224039160779285,1,31.0,0.33137425484961813,2,12.0,0.6132819527593278,3,48.0
500.0,5,22.0,0.4888888888888889,9.253408929822248,1,3.0,0.6972784935826619,1,17.0,0.5756175123557355,3,10.0,0.5952193815461458,5,30.0
505.0,9,53.0,1.1521739130434783,7.258511327155017,3,9.0,0.41793686664168056,2,25.0,0.611119205620468,4,25.0,0.4630356142077111,9,59.0
510.0,21,126.0,2.6808510638297873,6.14655095160887,9,37.0,0.4097049836782987,2,35.0,0.5842568170567004,10,60.0,0.3393712611731678,21,132.0
515.0,16,128.0,2.723404255319149,3.6069785511565513,4,49.0,0.2986547060929687,0,15.0,0.360724894482775,12,112.0,0.09904878965704184,16,176.0
520.0,23,200.0,3.9215686274509802,4.4543630686570435,3,31.0,0.36813239108435947,3,13.0,0.32285064379608025,17,187.0,0.11709156061881387,23,231.0
525.0,16,155.0,3.163265306122449,5.1753997575240955,2,23.0,0.3785924920793546,4,32.0,0.41017758274482274,10,207.0,0.20001201426464937,16,262.0
530.0,11,46.0,0.92,5.552805552444612,7,51.0,0.1956200873160534,2,34.0,0.49249720844152983,2,132.0,0.24945507498441158,11,217.0
535.0,9,27.0,0.54,6.023080206352425,6,63.0,0.1874575694312039,0,16.0,0.6241120915896976,3,121.0,0.33542515419362895,9,200.0
540.0,10,32.0,0.64,7.027218739951093,1,40.0,0.3811145692933536,1,11.0,0.6073369349098799,8,148.0,0.29718517591637733,10,199.0
545.0,16,97.0,2.0208333333333335,6.976014776589925,1,6.0,0.5122642015016411,4,26.0,0.5047754021541924,11,198.0,0.23177595019726377,16,230.0
550.0,17,146.0,3.0416666666666665,5.26104783819128,2,4.0,0.44486427966109027,1,21.0,0.37931228113491033,14,259.0,0.032440541443910446,17,284.0
555.0,17,224.0,4.76595744680851,6.353092094561918,0,2.0,0.8491949351237359,1,8.0,0.36876734812603895,16,339.0,0.13725706713025154,17,349.0
560.0,12,153.0,3.558139534883721,6.08178030753816,1,2.0,0.6872904976678094,1,1.0,0.3094106653112552,10,328.0,0.24085380361667338,12,331.0
565.0,4,25.0,0.5952380952380952,6.054847719025956,0,2.0,0.6216697550584712,3,14.0,0.24886727222113936,1,209.0,0.28116759361776955,4,225.0
570.0,4,12.0,0.27906976744186046,8.748331767343517,1,0.0,0.639549035013229,3,29.0,0.5542131279240284,0,62.0,0.4789752905275229,4,91.0
575.0,4,7.0,0.15555555555555556,8.910741696113865,2,5.0,0.49346451824083126,0,19.0,0.726201462474658,2,66.0,0.45620165922092254,4,90.0
580.0,9,42.0,0.9333333333333333,8.505486555090345,2,15.0,0.5951843843694544,0,2.0,0.7580516019347217,7,91.0,0.3708479235632703,9,108.0
585.0,10,74.0,1.8048780487804879,7.3136919224780685,0,3.0,0.5716517026762403,1,3.0,0.6282886738011769,9,135.0,0.3541588700309373,10,141.0
590.0,14,132.0,3.473684210526316,5.690007601505709,2,4.0,0.650199367180498,1,10.0,0.6062373786512247,11,184.0,0.15731951464016447,14,198.0
595.0,18,189.0,4.725,4.825922360806295,2,2.0,0.5300863578338754,0,2.0,0.8786966141175648,16,251.0,0.05900398340051084,18,255.0
600.0,24,294.0,6.837209302325581,4.748454522927681,6,22.0,0.36610142211738905,0,2.0,0.8775459420286476,18,336.0,0.1093486391830345,24,360.0
605.0,21,366.0,8.926829268292684,3.0541947255302033,2,27.0,0.2580033193644694,1,3.0,0.2300156475782066,18,426.0,0.1554644688804201,21,456.0
610.0,25,476.0,10.577777777777778,4.271767619051714,2,7.0,0.3767524982416373,4,19.0,0.40537663585317096,19,518.0,0.16516373820096628,25,544.0
615.0,15,321.0,6.42,5.329027388441632,0,4.0,0.3928765141219282,1,23.0,0.6018513941939369,14,495.0,0.19683799196716542,15,522.0
620.0,11,170.0,3.269230769230769,7.199269628637572,2,9.0,0.49680019548510396,0,10.0,0.7071402389227328,9,335.0,0.30176183198822965,11,354.0
625.0,9,77.0,1.4528301886792452,6.297784918429447,3,19.0,0.5270401774175011,0,6.0,0.5517052414467307,6,351.0,0.215047776281947,9,376.0
630.0,17,73.0,1.3773584905660377,5.1045793877729615,4,30.0,0.34706825150308707,4,18.0,0.33348757422347775,9,380.0,0.14470358590117008,17,428.0
635.0,26,178.0,3.7083333333333335,3.922153120669172,4,49.0,0.4738541286068754,6,41.0,0.21517462236838128,16,443.0,0.13645061760302035,26,533.0
640.0,18,114.0,2.235294117647059,3.4886954197122395,3,22.0,0.3809664163020118,3,46.0,0.24862472766564883,12,418.0,0.11958415362785058,18,486.0
645.0,8,32.0,0.5925925925925926,6.817003738800149,2,13.0,0.5977596362401423,0,23.0,0.7245494129998991,6,342.0,0.27993128870018774,8,378.0
650.0,7,16.0,0.26666666666666666,7.265944456229756,1,5.0,0.49416482841425907,2,27.0,0.6022155799844147,4,217.0,0.32758824995543195,7,249.0
655.0,12,52.0,0.8387096774193549,8.23849400178564,5,22.0,0.44626555176413496,3,42.0,0.6418551602655641,4,85.0,0.4388353266799616,12,149.0
660.0,7,19.0,0.31666666666666665,6.32770431392154,3,30.0,0.31152831740134934,3,32.0,0.4155953430543557,1,86.0,0.4403618082068124,7,148.0
665.0,14,37.0,0.6607142857142857,6.497094281466608,5,31.0,0.38699044658385606,3,9.0,0.4817118331305272,6,92.0,0.21889234524796344,14,132.0
670.0,12,50.0,0.9433962264150944,6.303465547821749,4,34.0,0.49215876864136027,1,5.0,0.5209519358268637,7,77.0,0.19322236279657162,12,116.0
675.0,11,71.0,1.3653846153846154,6.959399875096967,4,50.0,0.43364773946473256,6,29.0,0.5043267120017808,1,36.0,0.2802120603226828,11,115.0
680.0,12,66.0,1.2692307692307692,6.666099216762783,3,37.0,0.14844870633354396,9,67.0,0.4484608929771774,0,12.0,0.57675925704634,12,116.0
685.0,18,133.0,2.293103448275862,7.0092960868381455,6,25.0,0.22867959309894295,11,116.0,0.30744775019541254,1,0.0,0.7318075006279127,18,141.0
690.0,10,66.0,1.1785714285714286,7.271531693552341,0,20.0,0.556786580461285,9,135.0,0.21464019064578502,1,1.0,0.8120837618965046,10,156.0
695.0,9,29.0,0.58,6.9751719808235375,3,5.0,0.522318487615383,5,107.0,0.251079877438579,1,3.0,0.6680408821705162,9,115.0
700.0,6,30.0,0.6122448979591837,8.024211111334536,3,18.0,0.6050111237212717,1,65.0,0.40602909011074223,2,10.0,0.6239391159286071,6,93.0
705.0,4,32.0,0.6666666666666666,7.795628440454624,3,31.0,0.613166659101543,1,60.0,0.35563503924458767,0,11.0,0.666598455481905,4,102.0
710.0,9,29.0,0.5918367346938775,7.097294432267639,1,11.0,0.6822404259784277,8,90.0,0.26967779593798497,0,0.0,0.6535706446857549,9,101.0
715.0,19,93.0,1.7222222222222223,5.942494921840909,4,8.0,0.32956820618264016,14,145.0,0.25326020478473205,1,1.0,0.5443742067622126,19,154.0
720.0,15,77.0,1.3275862068965518,5.478673923769426,2,17.0,0.39313042808331744,11,168.0,0.21527115883929052,2,4.0,0.535149333352446,15,189.0
725.0,10,44.0,0.7333333333333333,7.158706828806035,1,5.0,0.648628710758074,6,138.0,0.28991648946368775,3,17.0,0.5777915092246314,10,160.0
730.0,2,3.0,0.05,7.463451526570176,0,2.0,0.701543760037231,2,136.0,0.34951887681531724,0,11.0,0.5508200779670984,2,149.0
735.0,12,41.0,0.6721311475409836,6.905582620351935,1,4.0,0.6362455621981516,9,168.0,0.23424534860364032,2,8.0,0.6422962336309593,12,180.0
740.0,21,109.0,1.8166666666666667,5.18629728798565,4,17.0,0.4193035825229818,15,228.0,0.17176799652652797,2,3.0,0.4871506748113908,21,248.0
745.0,27,157.0,2.6610169491525424,3.451438038831276,8,47.0,0.14004118699077042,14,251.0,0.08719645175906186,5,18.0,0.33046066336583557,27,316.0
750.0,19,85.0,1.5178571428571428,4.172122120288039,6,61.0,0.2957180881444591,12,203.0,0.12625529812057693,1,21.0,0.48121150546468144,19,285.0
755.0,4,18.0,0.3103448275862069,7.293258613718924,0,31.0,0.6199550319481613,4,209.0,0.35076076353169605,0,3.0,0.6505576067633262,4,243.0
760.0,8,23.0,0.36507936507936506,7.071899022452916,0,18.0,0.5338295583937469,7,231.0,0.322052512650973,1,2.0,0.6702608485333253,8,251.0
765.0,18,91.0,1.421875,5.512748714630609,4,29.0,0.29782563908551735,14,288.0,0.16715226791108598,0,0.0,0.5751801857714148,18,317.0
770.0,21,93.0,1.4761904761904763,4.019704696407693,3,33.0,0.3095452698991869,15,302.0,0.12535339604048565,3,2.0,0.43684811938532137,21,337.0
775.0,16,77.0,1.203125,5.864122504756341,0,18.0,0.5093633700457794,13,269.0,0.2543734626669341,3,17.0,0.528526857729346,16,304.0
780.0,14,67.0,0.9710144927536232,5.907776953126021,1,6.0,0.5644602345604173,7,289.0,0.24612830795141422,6,37.0,0.46861885135278586,14,332.0
785.0,16,45.0,0.6164383561643836,5.249479297435305,4,8.0,0.5483147131220268,9,329.0,0.19501286310355162,3,32.0,0.4064388444911175,16,369.0
790.0,16,95.0,1.3013698630136987,5.2810085626925165,1,0.0,0.5426308713657612,14,389.0,0.16950665158295902,1,13.0,0.5108139128272454,16,402.0
795.0,25,130.0,1.8309859154929577,5.0942780687256235,5,13.0,0.3355697598604315,17,402.0,0.18142946850538957,3,16.0,0.29638891290866365,25,431.0
800.0,26,156.0,2.2285714285714286,4.570550877940741,7,49.0,0.36914217624259044,13,322.0,0.1423522431137345,6,37.0,0.2880967328897911,26,408.0
805.0,26,215.0,3.257575757575758,4.7543800839046915,9,90.0,0.32167329620234786,13,288.0,0.19436935324613372,4,57.0,0.5386466739771597,26,435.0
810.0,19,173.0,2.621212121212121,4.834123891674901,12,138.0,0.2685315814058808,6,282.0,0.21001450811212116,1,47.0,0.6738068463088437,19,467.0
815.0,22,218.0,3.2058823529411766,4.834755598180846,14,198.0,0.24188400392864465,7,287.0,0.2420228302301349,1,17.0,0.5151820114219,22,502.0
820.0,27,196.0,2.8,3.484470229015836,9,205.0,0.24375588150709512,14,342.0,0.19306400095563175,4,18.0,0.1304286508361682,27,565.0
825.0,28,147.0,2.0416666666666665,3.275951270791424,3,133.0,0.24924359448464997,15,360.0,0.14708778469902406,10,57.0,0.22444398140066318,28,550.0
830.0,22,149.0,1.9866666666666666,4.476823371096734,3,136.0,0.3283026322105575,10,310.0,0.18053589756726554,9,104.0,0.4143886516179817,22,550.0
835.0,24,206.0,2.710526315789474,4.928062561481261,8,164.0,0.31394142547322584,7,212.0,0.18240566692869775,9,149.0,0.36633727288623497,24,525.0
840.0,18,115.0,1.4935064935064934,4.009423435228801,8,154.0,0.26481278219468773,2,221.0,0.25850825779157305,8,150.0,0.22907647664722997,18,525.0
845.0,13,42.0,0.5454545454545454,4.745875721574823,5,94.0,0.21771813641621887,6,234.0,0.3158147224729656,2,101.0,0.26653696215661066,13,429.0
850.0,15,33.0,0.4125,4.361342647282647,5,109.0,0.18878344281941994,7,215.0,0.26325373929548496,3,110.0,0.2521793974161177,15,434.0
855.0,17,74.0,0.891566265060241,4.531981832544296,8,147.0,0.17972216732886828,2,152.0,0.23188025944843527,7,138.0,0.3760124315461317,17,437.0
860.0,22,127.0,1.6282051282051282,3.3822976290745963,15,210.0,0.1619118353781784,3,143.0,0.21516292223877234,4,127.0,0.2825092029067057,22,480.0
865.0,28,144.0,1.7777777777777777,3.056621362269663,14,227.0,0.09265559688579297,7,173.0,0.2084599947824551,7,84.0,0.24814631027302178,28,484.0
870.0,21,97.0,1.127906976744186,4.718096302970047,10,185.0,0.17551826525784486,7,165.0,0.3152057721890226,4,57.0,0.35874358862541733,21,407.0
875.0,14,72.0,0.8275862068965517,5.963611405474757,8,217.0,0.21598504156865625,3,102.0,0.3691942809439066,3,60.0,0.6226075452624635,14,379.0
880.0,19,58.0,0.6444444444444445,5.040134017021975,14,271.0,0.16725159586650254,3,37.0,0.24065925580570474,2,36.0,0.49743071748578876,19,344.0
885.0,22,72.0,0.8089887640449438,4.673438416584277,13,290.0,0.15198314479276445,1,37.0,0.346307469144079,8,43.0,0.3745491786852212,22,370.0
890.0,24,108.0,1.255813953488372,4.1553535090173455,7,258.0,0.18526192097743158,6,58.0,0.21974091164400564,11,87.0,0.25892218404267153,24,403.0
895.0,22,86.0,1.011764705882353,3.9834185187087234,5,186.0,0.24551620766833873,7,72.0,0.23509997104380184,10,115.0,0.19331570047661642,22,373.0
900.0,12,42.0,0.4666666666666667,6.350499881416803,4,156.0,0.3635846089221709,1,51.0,0.4733485820084247,7,97.0,0.4025987728274719,12,304.0
905.0,13,55.0,0.6111111111111112,6.811195845189541,6,134.0,0.36073943485556553,2,48.0,0.4561836514712529,5,64.0,0.463728294368969,13,246.0
910.0,16,78.0,0.8764044943820225,5.694902765152643,2,131.0,0.3356126264247066,6,69.0,0.25249374094742244,8,75.0,0.4224495913410572,16,275.0
915.0,24,144.0,1.7142857142857142,4.7258246449379016,9,141.0,0.2588643649098894,7,78.0,0.17567181709072174,8,88.0,0.3662886795086209,24,307.0
920.0,22,167.0,2.0120481927710845,4.694262847213307,10,159.0,0.19865231436020192,4,58.0,0.2658137803275424,8,123.0,0.27256263452970514,22,340.0
925.0,11,166.0,2.0,5.741282209659791,2,124.0,0.3128200624290341,1,32.0,0.3604328746790836,8,163.0,0.4287291760161285,11,319.0
930.0,6,37.0,0.44047619047619047,5.738274410424383,0,71.0,0.39069286163973127,2,37.0,0.31582707792085035,4,131.0,0.47738085238089195,6,239.0
935.0,9,27.0,0.32142857142857145,6.02332306592655,0,30.0,0.42049072002116067,8,62.0,0.2549103855492714,1,41.0,0.4684617358909865,9,133.0
940.0,14,39.0,0.4642857142857143,4.5725941617482295,2,24.0,0.3036359004179145,9,85.0,0.14930866131020817,3,47.0,0.358767627833283,14,156.0
945.0,18,69.0,0.8414634146341463,5.416112028631123,8,53.0,0.3090462929712733,6,84.0,0.24713108228816386,4,61.0,0.49131359748776204,18,198.0
950.0,16,76.0,0.9382716049382716,5.25201950801922,7,69.0,0.2909294592544029,4,98.0,0.19314862697895924,5,82.0,0.5020101815439133,16,249.0
955.0,15,58.0,0.7073170731707317,4.594486225280301,4,49.0,0.24401120086881276,8,133.0,0.13297316361272057,3,57.0,0.4448761131348379,15,239.0
960.0,16,47.0,0.573170731707317,4.148990452797937,3,53.0,0.18518191984397142,10,148.0,0.10235407953201389,3,23.0,0.3541937621012416,16,224.0
965.0,17,56.0,0.691358024691358,4.534366176700319,8,84.0,0.23581066829961123,6,114.0,0.130469942106049,3,38.0,0.39301715782803603,17,236.0
970.0,12,46.0,0.5897435897435898,5.595266726889879,7,96.0,0.25678361194853727,3,91.0,0.3167017752516977,2,31.0,0.6080509485029537,12,218.0
975.0,7,18.0,0.21686746987951808,6.4550098692123985,2,59.0,0.34618949617370703,4,71.0,0.38956269730565796,1,15.0,0.5624467424836717,7,145.0
980.0,12,33.0,0.3793103448275862,5.747896689111883,6,77.0,0.27131765233512756,1,48.0,0.36123497329257326,5,29.0,0.48877370753085214,12,154.0
985.0,23,80.0,0.9090909090909091,4.187771123862257,12,116.0,0.13407572562826955,4,58.0,0.2855970265644583,7,44.0,0.30691541796550803,23,218.0
990.0,22,79.0,0.9080459770114943,4.070902911937897,12,140.0,0.14287180942872277,7,68.0,0.25319859624639124,3,40.0,0.2849143755893706,22,248.0
995.0,12,44.0,0.4943820224719101,5.310147286507222,7,128.0,0.2702013783088954,3,57.0,0.38350797918778334,2,34.0,0.3995284315040808,12,219.0
1000.0,19,70.0,0.7291666666666666,5.816617859903225,8,102.0,0.2795190871432415,3,46.0,0.3665538246922594,8,59.0,0.38375138195242925,19,207.0
1005.0,21,69.0,0.711340206185567,4.426501638480152,4,107.0,0.25940899251574945,8,71.0,0.18450148464808544,9,82.0,0.2330159028023215,21,260.0
1010.0,28,135.0,1.40625,4.253912115583128,9,134.0,0.17773918271629244,13,124.0,0.23721164687364096,6,78.0,0.1963733020819148,28,336.0
1015.0,23,110.0,1.1956521739130435,3.9833696511950363,9,157.0,0.13869731577475194,10,148.0,0.2560306224795039,4,81.0,0.2706177738425586,23,386.0
1020.0,21,72.0,0.8089887640449438,4.658018766181584,5,127.0,0.2903464387699995,7,128.0,0.25836628324311517,9,93.0,0.2777411437905841,21,348.0
1025.0,21,87.0,0.9666666666666667,5.337101816914299,4,89.0,0.4044024994578935,8,98.0,0.23039203916893217,9,99.0,0.29809080180323483,21,286.0
1030.0,15,89.0,0.967391304347826,6.107079855079655,3,73.0,0.4328862042610457,9,110.0,0.3257463882302276,3,75.0,0.382471593626136,15,258.0
1035.0,11,45.0,0.4787234042553192,6.418848422927153,5,87.0,0.339213362527357,3,96.0,0.42319976309419083,3,46.0,0.364937277784427,11,229.0
1040.0,11,61.0,0.6421052631578947,6.284900546687192,5,94.0,0.3368588384980452,3,74.0,0.3661756536201043,3,49.0,0.3020071134419734,11,217.0
1045.0,20,84.0,0.9333333333333333,5.159309332157242,1,70.0,0.20393751772777086,9,107.0,0.2510344227905778,10,73.0,0.2420533948754727,20,250.0
1050.0,32,161.0,1.8941176470588235,3.3783031890409387,6,89.0,0.13555372839216692,13,162.0,0.11893178324418442,13,97.0,0.09209227712763564,32,348.0
1055.0,29,171.0,2.1645569620253164,3.4318354814279024,11,131.0,0.04285682620131632,11,189.0,0.23045548445816913,7,100.0,0.2275170916690853,29,420.0
1060.0,21,135.0,1.6875,4.950714951558522,7,140.0,0.22886798460917357,9,170.0,0.31073331180810493,5,82.0,0.4031640324209962,21,392.0
1065.0,11,46.0,0.5542168674698795,6.0309861838358865,4,83.0,0.2986466963958156,5,173.0,0.4410183984367691,2,73.0,0.38811133365754347,11,329.0
1070.0,22,72.0,0.8,5.585588790091041,7,72.0,0.3135100643983569,7,200.0,0.2879428502035595,8,79.0,0.3564068309353739,22,351.0
1075.0,24,118.0,1.3563218390804597,4.397663971794611,5,62.0,0.3527259818132256,7,199.0,0.17476039109041636,12,124.0,0.1645179080030042,24,385.0
1080.0,27,169.0,2.036144578313253,3.7046903930858917,7,67.0,0.28931539224624025,2,133.0,0.16830273999665585,18,201.0,0.20160775109721674,27,401.0
1085.0,22,160.0,1.8604651162790697,4.372712834690071,5,89.0,0.35189384197893203,2,127.0,0.16716266807793473,15,237.0,0.23638176042652975,22,453.0
1090.0,25,155.0,1.7032967032967032,4.464167174045735,8,124.0,0.34026876958770225,6,149.0,0.21175312820976175,11,208.0,0.23758789081061607,25,481.0
1095.0,29,206.0,2.2637362637362637,4.245778616456727,14,180.0,0.14470613068635932,9,190.0,0.2856289986156277,6,144.0,0.318908596447471,29,514.0
1100.0,29,272.0,2.893617021276596,4.396976386718468,19,264.0,0.11550614625411326,6,181.0,0.3178366743553531,4,117.0,0.34793883314599,29,562.0
1105.0,28,202.0,2.082474226804124,4.188442060993752,18,304.0,0.14368313370643662,7,127.0,0.29090886356646034,3,100.0,0.36392131901382696,28,531.0
1110.0,29,182.0,1.8383838383838385,5.204080515255281,15,264.0,0.23582842135778007,6,85.0,0.29988350751435006,8,108.0,0.363101376760888,29,457.0
1115.0,28,178.0,1.816326530612245,5.0873995691023,15,257.0,0.2575118280416219,6,83.0,0.2804059602743427,7,109.0,0.3565398947328473,28,449.0
1120.0,19,146.0,1.5051546391752577,5.158712517722896,10,297.0,0.27767346405778637,4,89.0,0.38332027672762,5,77.0,0.29293347643602047,19,463.0
1125.0,22,172.0,1.7551020408163265,5.688192072327649,11,343.0,0.33848293735785956,4,97.0,0.4806273646289394,7,95.0,0.26659512945521135,22,535.0
1130.0,27,224.0,2.3333333333333335,4.821812467225483,12,398.0,0.2184232578583757,6,109.0,0.45503218351041164,9,113.0,0.2273135216605514,27,620.0
1135.0,31,244.0,2.7111111111111112,3.389370098584991,17,467.0,0.1296510016926072,0,61.0,0.44088244185385694,14,163.0,0.16912862692973465,31,691.0
1140.0,38,235.0,2.5268817204301075,2.474119121297512,17,492.0,0.09927188813410782,4,16.0,0.1622463993528467,17,188.0,0.0882551663226586,38,696.0
1145.0,35,192.0,2.0,3.8606991610902117,14,425.0,0.12719116141268935,6,46.0,0.4436725705308043,15,192.0,0.1450008437277848,35,663.0
1150.0,27,172.0,1.7916666666666667,4.017046697681511,10,467.0,0.1313456783934799,8,83.0,0.45435125267119236,9,201.0,0.157373402623774,27,751.0
1155.0,35,228.0,2.303030303030303,3.860409353332458,15,526.0,0.09538752980254711,9,123.0,0.2869460676638995,11,253.0,0.17273657690655506,35,902.0
1160.0,31,152.0,1.5833333333333333,2.9001231017784335,12,537.0,0.10083966827743196,10,123.0,0.12014549453035024,9,261.0,0.18395556899422028,31,921.0
1165.0,12,41.0,0.43157894736842106,4.620299691631684,3,457.0,0.2687715565636826,4,114.0,0.46828054252934537,5,223.0,0.23858386994032701,12,794.0
1170.0,9,40.0,0.39603960396039606,6.079466654815781,2,323.0,0.3802745711350409,3,89.0,0.5370209091443007,4,170.0,0.2524959979834074,9,582.0
1175.0,9,46.0,0.45098039215686275,6.227159976986132,2,320.0,0.32432788349165115,0,53.0,0.616861245078683,7,154.0,0.2709102501523813,9,527.0
1180.0,14,50.0,0.49019607843137253,5.335282956116491,6,341.0,0.1963599884853635,4,51.0,0.4248968962794629,4,139.0,0.27642383845838764,14,531.0
1185.0,19,78.0,0.7878787878787878,3.9266655407786213,5,318.0,0.14907969485387612,8,82.0,0.18193411295812095,6,133.0,0.23021773397602202,19,533.0
1190.0,22,72.0,0.7741935483870968,3.8837388710876195,3,254.0,0.23599340395300408,10,104.0,0.21220527266126785,9,144.0,0.20175430037747485,22,502.0
1195.0,17,56.0,0.5714285714285714,4.3295254599300925,2,220.0,0.2603369048984153,6,89.0,0.3272730269370449,9,136.0,0.20845052134379655,17,445.0
1200.0,19,96.0,0.9411764705882353,4.950846400564608,6,239.0,0.21974211563248727,2,71.0,0.374679793743042,11,126.0,0.26425668420019716,19,436.0
1205.0,17,93.0,0.8857142857142857,4.338487839979723,3,213.0,0.1878756623850459,8,96.0,0.2577109753463116,6,129.0,0.24684177623500742,17,438.0
1210.0,22,71.0,0.6574074074074074,4.568799340478495,4,152.0,0.23144928905075574,8,113.0,0.25140366675932124,10,109.0,0.20603296919328826,22,374.0
1215.0,16,47.0,0.44761904761904764,4.631882683213995,3,159.0,0.32451704125330366,6,91.0,0.25421174381716816,7,130.0,0.23737527827105676,16,380.0
1220.0,16,51.0,0.4857142857142857,4.494897338224168,4,176.0,0.2440668624792622,1,74.0,0.2974811161416277,11,137.0,0.23200476300365466,16,387.0
1225.0,21,100.0,0.9523809523809523,4.954435919385672,4,156.0,0.2285920972449491,7,89.0,0.30857918692533354,10,145.0,0.20858884003114683,21,390.0
1230.0,15,57.0,0.5428571428571428,4.212790654141995,3,96.0,0.15529721703960253,6,92.0,0.2519442928768875,6,146.0,0.21458656527431214,15,334.0
1235.0,17,44.0,0.4036697247706422,4.6837589960815365,3,109.0,0.25999271546446623,6,75.0,0.24298094581270605,8,107.0,0.25360384396427516,17,291.0
1240.0,14,49.0,0.46226415094339623,4.56484093333979,4,124.0,0.2661177390808164,2,73.0,0.17315317287257892,8,109.0,0.26697252168573715,14,306.0
1245.0,17,54.0,0.5346534653465347,4.094452666761506,5,116.0,0.19693161208507282,7,92.0,0.25533931139956684,5,101.0,0.19934424792860833,17,309.0
1250.0,23,65.0,0.6435643564356436,3.526838518558358,4,86.0,0.18709722403946874,8,112.0,0.22983988776283054,11,110.0,0.1592436986391276,23,308.0
1255.0,23,74.0,0.6915887850467289,3.966167196474145,4,71.0,0.2110081198593815,9,107.0,0.26854227789900476,10,128.0,0.19173432787363828,23,306.0
1260.0,19,103.0,0.9537037037037037,4.672764454390797,5,92.0,0.2466237680144638,5,81.0,0.3243047303379357,9,140.0,0.24427593930935707,19,313.0
1265.0,17,47.0,0.4563106796116505,4.159135120633696,4,78.0,0.2544979706494578,4,72.0,0.3117732131389056,9,129.0,0.21091659031205692,17,279.0
1270.0,22,87.0,0.8130841121495327,4.711797990312475,3,54.0,0.2612822996138027,7,62.0,0.3462198513304088,12,127.0,0.15839359443744527,22,243.0
1275.0,28,191.0,1.7522935779816513,5.147491110405795,3,39.0,0.25843545624809033,13,112.0,0.3299197224095504,12,164.0,0.20570222728107274,28,315.0
1280.0,27,151.0,1.3245614035087718,4.199198763167019,3,31.0,0.20653336904700959,15,147.0,0.22140602342984356,9,172.0,0.17899998725992608,27,350.0
1285.0,23,117.0,1.0446428571428572,4.9928894651333895,4,46.0,0.315480029034184,10,149.0,0.18633744112769285,9,169.0,0.24013820036746164,23,364.0
1290.0,25,99.0,0.9166666666666666,4.995272564523464,8,60.0,0.28749135510450674,8,152.0,0.25426849978297494,9,163.0,0.27766287197975376,25,375.0
1295.0,23,86.0,0.8431372549019608,4.766792186709741,8,66.0,0.25702807328135857,7,188.0,0.2898963930741302,8,169.0,0.3006823901861476,23,423.0
1300.0,31,158.0,1.5192307692307692,4.270230593621519,10,78.0,0.22182358058973903,12,237.0,0.27474128335249687,9,147.0,0.1886369654420813,31,462.0
1305.0,37,225.0,2.1226415094339623,3.6945174503594704,5,84.0,0.17117178789709137,19,318.0,0.15704981366332382,13,167.0,0.18345503150864909,37,569.0
1310.0,37,277.0,2.6132075471698113,3.8323779502891835,6,70.0,0.20030634069361586,18,361.0,0.1373860253784007,13,199.0,0.16419455692045026,37,630.0
1315.0,34,240.0,2.3300970873786406,3.9063462009994643,8,94.0,0.21927750434123636,18,320.0,0.14874815250040346,8,207.0,0.24640137095606016,34,621.0
1320.0,24,145.0,1.4215686274509804,4.462603987634975,7,105.0,0.2906539206539478,12,328.0,0.15574507772338486,5,174.0,0.29948254604733354,24,607.0
1325.0,22,114.0,1.14,4.98458779250419,7,104.0,0.33002138518968754,9,373.0,0.2653642320034237,6,131.0,0.3426902022946535,22,608.0
1330.0,30,190.0,1.881188118811881,4.235278417837701,7,116.0,0.20430973682209308,12,428.0,0.20738821094529666,11,154.0,0.271878288581902,30,698.0
1335.0,44,285.0,2.7941176470588234,2.5847756292300232,12,166.0,0.11432671339647124,19,507.0,0.08863935387362362,13,167.0,0.14705179518797867,44,840.0
1340.0,48,322.0,3.1881188118811883,2.6677626360277267,15,233.0,0.15950617359194,22,535.0,0.12355899268672568,11,179.0,0.13717700366259375,48,947.0
1345.0,38,235.0,2.2169811320754715,3.186629979314682,11,259.0,0.22144738244985626,15,486.0,0.1403159832209517,12,223.0,0.21460562218775692,38,968.0
1350.0,34,198.0,1.8,4.805629601838839,9,214.0,0.2970078814736249,11,367.0,0.2622972062198066,14,278.0,0.24840897526641162,34,859.0
1355.0,28,180.0,1.592920353982301,5.416588967825388,10,180.0,0.3218261145787082,5,252.0,0.35908805515374204,13,344.0,0.2738636639441138,28,776.0
1360.0,16,74.0,0.6607142857142857,4.610156668348185,5,195.0,0.27282767775367456,3,251.0,0.34751245067923153,8,344.0,0.23587413838095472,16,790.0
1365.0,23,87.0,0.7565217391304347,4.54965747382608,9,213.0,0.1877172973729294,7,255.0,0.3476902987041753,7,284.0,0.19241197458277062,23,752.0
1370.0,31,133.0,1.176991150442478,4.026150373670247,10,235.0,0.16450172648599093,15,304.0,0.20613962678345318,6,308.0,0.21542707122543647,31,847.0
1375.0,38,231.0,2.1,3.72601756873512,6,217.0,0.19173432711131738,20,390.0,0.16086795586358116,12,355.0,0.1339201921976933,38,962.0
1380.0,44,287.0,2.6574074074074074,3.649185483600011,7,170.0,0.21087665507975004,20,416.0,0.19323925448295629,17,426.0,0.12478632021845557,44,1012.0
1385.0,31,225.0,2.142857142857143,4.162659154527854,5,154.0,0.313568642480286,15,335.0,0.18883715954167757,11,448.0,0.22323202919811805,31,937.0
1390.0,17,63.0,0.5675675675675675,4.720130286943476,2,121.0,0.3576144825411875,7,378.0,0.21690567205139166,8,380.0,0.2573653223359724,17,879.0
1395.0,23,96.0,0.8495575221238938,5.40273176194208,3,95.0,0.373050376865291,11,414.0,0.23901173764072833,9,309.0,0.2310747954232596,23,818.0
1400.0,27,165.0,1.5566037735849056,4.0891403875281815,4,89.0,0.23818791645953832,13,481.0,0.18463525622064605,10,301.0,0.17895419123681436,27,871.0
1405.0,34,217.0,2.066666666666667,3.4583309134265465,6,77.0,0.20519374517569122,22,579.0,0.09859058690095977,6,311.0,0.22949895343533439,34,967.0
1410.0,35,361.0,3.4056603773584904,3.87854342931599,3,67.0,0.2573827022311414,27,705.0,0.07974585343970371,5,294.0,0.2933279471515996,35,1066.0
1415.0,38,380.0,3.5514018691588785,3.5935158797012208,4,74.0,0.25947675553778,29,742.0,0.08870186094391583,5,266.0,0.29281667779148984,38,1082.0
1420.0,38,280.0,2.6923076923076925,3.1423490822166302,6,69.0,0.2699208784177213,26,674.0,0.13770787204975443,6,230.0,0.22544945927312987,38,973.0
1425.0,37,282.0,2.5871559633027523,3.626773677592181,6,72.0,0.2929193012225456,23,788.0,0.12289341874881121,8,183.0,0.26706130945211104,37,1043.0
1430.0,41,308.0,2.725663716814159,3.7669746075038675,11,107.0,0.27183373260953786,24,902.0,0.082172538063622,6,211.0,0.26743107472047906,41,1220.0
1435.0,49,413.0,3.6548672566371683,2.644259302303551,14,163.0,0.15343756061844965,24,1022.0,0.10681561941849693,11,251.0,0.17163010528807057,49,1436.0
1440.0,50,456.0,4.0,2.2773436442851978,18,210.0,0.09184409380474615,22,1132.0,0.11338955593697726,10,264.0,0.1603999757844137,50,1606.0
1445.0,61,492.0,4.0,2.4673520095590664,20,273.0,0.10838807946998402,28,1140.0,0.09067589518756786,13,250.0,0.18250561745863222,61,1663.0
1450.0,54,419.0,3.2992125984251968,2.939373391654251,19,360.0,0.14951335100154786,23,993.0,0.0969083819729343,12,258.0,0.24255058669502455,54,1611.0
1455.0,59,378.0,3.0,2.8552647276842618,20,433.0,0.18085614447154436,23,870.0,0.12931361959334822,16,286.0,0.18886812581242965,59,1589.0
1460.0,58,392.0,2.9923664122137406,3.34777024053125,14,477.0,0.23807987157587956,22,790.0,0.21406865749666995,22,374.0,0.1863322608159542,58,1641.0
1465.0,44,321.0,2.3955223880597014,3.5613710377424246,13,540.0,0.21178731031925738,14,696.0,0.2568099804668043,17,432.0,0.22571628259484397,44,1668.0
1470.0,46,336.0,2.3661971830985915,4.134682974326685,16,590.0,0.17866251092507526,11,567.0,0.3732907947107436,19,469.0,0.22631436245380587,46,1626.0
1475.0,46,292.0,2.1159420289855073,3.396879157654074,19,638.0,0.13010173313094736,10,533.0,0.3655374250402309,17,497.0,0.16566671877336211,46,1668.0
1480.0,42,285.0,2.111111111111111,3.0539473567018334,19,689.0,0.08530213419255613,6,494.0,0.2903557665322894,17,473.0,0.09806716166927387,42,1656.0
1485.0,48,376.0,2.827067669172932,2.93580286133003,25,780.0,0.1117452930530855,9,461.0,0.18687392302433553,14,480.0,0.12706369654993604,48,1721.0
1490.0,54,390.0,3.0,3.068008716067776,27,829.0,0.12708081279349853,12,393.0,0.11155830900427391,15,502.0,0.19566781322650934,54,1724.0
1495.0,49,362.0,2.873015873015873,3.4535498225563663,23,757.0,0.13777751042182754,6,369.0,0.24057487601581246,20,554.0,0.13392285001929075,49,1680.0
1500.0,45,281.0,2.2661290322580645,3.225880215734598,21,845.0,0.13315092996411118,8,318.0,0.2628091608955259,16,575.0,0.0849131268452559,45,1738.0
1505.0,42,272.0,2.2113821138211383,4.013539106554747,19,918.0,0.13052763460019845,13,329.0,0.20544100886772768,10,499.0,0.15640449801231784,42,1746.0
1510.0,41,276.0,2.3793103448275863,3.7351371009901477,19,1004.0,0.14107047169694895,14,323.0,0.1910044427555988,8,526.0,0.16900966090023573,41,1853.0
1515.0,40,192.0,1.7142857142857142,2.9043169503537074,16,1001.0,0.11984260018337334,11,237.0,0.16093148387267062,13,578.0,0.13091932922149951,40,1816.0
1520.0,29,134.0,1.1858407079646018,4.009894788056772,13,863.0,0.15778511291806038,5,144.0,0.38294658145421634,11,575.0,0.20222376244156193,29,1582.0
1525.0,19,50.0,0.43859649122807015,3.9270551484121494,11,899.0,0.1490056181732268,2,117.0,0.4029139640563306,6,491.0,0.23159270994849987,19,1507.0
1530.0,28,88.0,0.7096774193548387,4.107547418315438,15,966.0,0.12113789521319522,7,116.0,0.3143662208126608,6,466.0,0.22403168960554085,28,1548.0
1535.0,33,143.0,1.144,3.8431101313903873,11,933.0,0.17371024087804748,12,162.0,0.1874244863309169,10,502.0,0.19602250153030118,33,1597.0
1540.0,35,204.0,1.7142857142857142,3.216835032358822,10,799.0,0.14712696212476967,16,236.0,0.20902275175214413,9,480.0,0.1392905066723458,35,1515.0
1545.0,25,151.0,1.2905982905982907,3.3943372521347746,4,801.0,0.174727594892252,14,254.0,0.2993224531437398,7,396.0,0.12152069567903546,25,1451.0
1550.0,22,105.0,0.875,4.57689165966216,12,843.0,0.18301433469817807,5,190.0,0.3368290278397944,5,283.0,0.25024966208378235,22,1316.0
1555.0,23,72.0,0.5853658536585366,4.150910429137103,16,806.0,0.11652619831233803,4,106.0,0.35351097647723057,3,276.0,0.2710164820079122,23,1188.0
1560.0,20,59.0,0.48760330578512395,4.226717622630414,7,674.0,0.1757808855048342,4,95.0,0.35629150723287,9,273.0,0.24031565076555159,20,1042.0
1565.0,25,141.0,1.165289256198347,4.6671703116980785,4,489.0,0.22476499495294439,8,102.0,0.34870232115200306,13,323.0,0.13317020128382148,25,914.0
1570.0,24,103.0,0.8728813559322034,3.8551889484236783,2,459.0,0.22412969237053948,8,104.0,0.26817455905117626,14,333.0,0.11381645081987266,24,896.0
1575.0,20,81.0,0.7043478260869566,4.4078202944020495,6,465.0,0.2335091482500411,5,74.0,0.25407217820219924,9,282.0,0.24105924039456822,20,821.0
1580.0,25,136.0,1.182608695652174,4.7935588866677135,12,511.0,0.21415032902905956,5,59.0,0.41990139161668677,8,183.0,0.25035131978570263,25,753.0
1585.0,23,146.0,1.280701754385965,4.0677221012044775,13,493.0,0.1759528485285437,5,79.0,0.4706660352911362,5,190.0,0.2452150360958138,23,762.0
1590.0,29,174.0,1.4871794871794872,3.861430810868681,13,409.0,0.1677367496443693,6,100.0,0.24253321423203408,10,225.0,0.202540102670809,29,734.0
1595.0,28,123.0,1.0165289256198347,3.387445340264589,13,459.0,0.13972879128597174,2,74.0,0.3228896454856372,13,283.0,0.1793673742072422,28,816.0
1600.0,31,137.0,1.1229508196721312,3.634226888967855,12,499.0,0.1305388328180911,4,26.0,0.3901867819545509,15,292.0,0.16192273791402328,31,817.0
1605.0,35,146.0,1.2066115702479339,3.5117167259163393,16,485.0,0.09900357690130157,8,50.0,0.35192939544383567,11,256.0,0.19641878041087266,35,791.0
1610.0,26,99.0,0.8389830508474576,3.6537261332736994,14,402.0,0.11575282354743766,3,56.0,0.4812901459531284,9,258.0,0.19994771628993466,26,716.0
1615.0,27,112.0,0.9180327868852459,4.247908443096154,14,346.0,0.18108867420114352,2,39.0,0.48864119204481354,11,295.0,0.19227195775339587,27,680.0
1620.0,28,173.0,1.3951612903225807,4.50494957425001,16,301.0,0.16588764334819822,3,18.0,0.5896326088618566,9,293.0,0.1739735592742615,28,612.0
1625.0,30,257.0,2.0725806451612905,4.913420552681023,15,319.0,0.23737893158799583,7,39.0,0.4969945003664651,8,254.0,0.20769286761772165,30,612.0
1630.0,26,322.0,2.6178861788617884,5.108245923076653,15,363.0,0.28801263040980263,3,37.0,0.4483808057353428,8,218.0,0.17439292287895342,26,618.0
1635.0,22,232.0,1.8412698412698412,5.392055789770561,11,356.0,0.3355072218680478,6,37.0,0.4019422635005245,5,210.0,0.18903352687577638,22,603.0
1640.0,25,151.0,1.2276422764227641,5.160654343966122,11,298.0,0.3213279841604401,7,61.0,0.223584615110667,7,211.0,0.20008462380312944,25,570.0
1645.0,25,78.0,0.6902654867256637,3.9803406154691645,10,300.0,0.19347297001173472,6,62.0,0.18623425719124398,9,220.0,0.19771807307754322,25,582.0
1650.0,23,83.0,0.7904761904761904,3.991080764302377,9,303.0,0.18872450790555323,6,77.0,0.33961652461032527,8,197.0,0.2250093495775541,23,577.0
1655.0,20,97.0,0.8434782608695652,4.877879571334276,6,278.0,0.18777237225145432,7,88.0,0.38695955911628593,7,149.0,0.20719398539200093,20,515.0
1660.0,26,137.0,1.1610169491525424,5.0275559824959,10,250.0,0.20541846677064077,6,95.0,0.30221895047526953,10,146.0,0.24280281791176045,26,491.0
1665.0,26,182.0,1.5423728813559323,4.848667199003377,10,237.0,0.21867746199550622,6,84.0,0.26014790816292543,10,172.0,0.32454411899113256,26,493.0
1670.0,25,160.0,1.3793103448275863,4.905317179576555,7,224.0,0.29614360810534335,7,92.0,0.36273121711834505,11,175.0,0.29089300421924047,25,491.0
1675.0,26,130.0,1.0655737704918034,5.324581965788891,10,212.0,0.2697273813735607,5,95.0,0.33363963087581217,11,157.0,0.30429656822741485,26,464.0
1680.0,28,153.0,1.2338709677419355,5.046400143068902,11,241.0,0.2867302265581494,8,73.0,0.3354799037470201,9,167.0,0.1851025900824604,28,481.0
1685.0,39,277.0,2.308333333333333,4.573822143711009,16,299.0,0.2342581124153464,13,100.0,0.2998727723568047,10,178.0,0.15863239649783265,39,577.0
1690.0,41,247.0,2.058333333333333,3.4974105156389146,14,300.0,0.21053678404294193,16,150.0,0.19555752942613014,11,200.0,0.1650306179788327,41,650.0
1695.0,36,179.0,1.4435483870967742,4.025524898525822,11,232.0,0.2634576472120035,14,156.0,0.14858091391857448,11,192.0,0.20209308934811654,36,580.0
1700.0,29,138.0,1.1129032258064515,4.427560630894357,8,166.0,0.3220698730405928,9,193.0,0.16728342241243288,12,214.0,0.14692766028165796,29,573.0
1705.0,34,180.0,1.487603305785124,4.735546389097293,11,171.0,0.3585244772698607,10,212.0,0.20800400509586958,13,218.0,0.14543271914568473,34,601.0
1710.0,38,267.0,2.2436974789915967,4.368202464047938,11,168.0,0.17003205028607976,15,263.0,0.2330227242040307,12,219.0,0.17441039734518968,38,650.0
1715.0,49,412.0,3.6785714285714284,4.100632340164035,12,166.0,0.18847553581052925,20,350.0,0.1719062662022687,17,265.0,0.18101588170731245,49,781.0
1720.0,47,459.0,3.857142857142857,3.9347991022181197,10,190.0,0.21720752990698858,19,390.0,0.18178927235707998,18,341.0,0.1512416263604404,47,921.0
1725.0,40,455.0,3.8559322033898304,4.482249711240044,8,169.0,0.26077841760703424,13,349.0,0.2051190845900654,19,426.0,0.25096681016448474,40,944.0
1730.0,31,322.0,2.824561403508772,4.256448963865365,5,154.0,0.26556831106642736,11,379.0,0.17041402965102728,15,429.0,0.30243161284904235,31,962.0
1735.0,29,180.0,1.5789473684210527,4.269623619621065,8,142.0,0.2138715182162527,12,435.0,0.2288715767580606,9,339.0,0.28447108967456314,29,916.0
1740.0,33,187.0,1.6120689655172413,4.0300359440848705,9,134.0,0.19000925621652365,15,503.0,0.18517644512708442,9,272.0,0.23193981318185805,33,909.0
1745.0,40,295.0,2.5,4.0712663215883,4,145.0,0.1883867262558714,22,595.0,0.10970113926508375,14,208.0,0.2601145267861156,40,948.0
1750.0,44,394.0,3.4260869565217393,3.6092342792472922,5,122.0,0.24337646163613472,26,715.0,0.045971137993505704,13,244.0,0.20049395958888294,44,1081.0
1755.0,51,535.0,4.953703703703703,2.6189453479460223,4,121.0,0.2115632761898032,33,866.0,0.06963450976664216,14,257.0,0.15751574990760028,51,1244.0
1760.0,53,525.0,4.565217391304348,2.417767800035497,8,112.0,0.1676567513832456,33,932.0,0.09782484689584252,12,277.0,0.16520139806845496,53,1321.0
1765.0,46,444.0,3.7,3.097891795995378,9,127.0,0.2427295690558329,29,836.0,0.11956325733572458,8,235.0,0.23145010536979677,46,1198.0
1770.0,45,459.0,3.642857142857143,3.47168763673256,10,175.0,0.23348329779988433,24,921.0,0.11609821726258623,11,221.0,0.2703441604121014,45,1317.0
1775.0,47,444.0,3.4153846153846152,3.2618039087052115,15,232.0,0.22171619031514744,22,1028.0,0.13859330041891144,10,221.0,0.2143730268943996,47,1481.0
1780.0,46,299.0,2.3,2.8029727159336812,13,248.0,0.1836341990251788,17,1120.0,0.1462555984248151,16,265.0,0.12105792486354372,46,1633.0
1785.0,51,369.0,2.7333333333333334,2.8658471291613155,13,213.0,0.16535076872686158,19,1211.0,0.12044088910508523,19,319.0,0.08501356466450664,51,1743.0
1790.0,61,497.0,3.601449275362319,2.633681464795649,19,256.0,0.15026343474796378,22,1200.0,0.09976816497284247,20,380.0,0.07826432627090017,61,1836.0
1795.0,54,505.0,3.713235294117647,2.588865473959328,19,304.0,0.14937089350140034,18,1067.0,0.14573549387296608,17,419.0,0.12776477596500643,54,1790.0
1800.0,59,535.0,4.022556390977444,2.2664882658515717,21,316.0,0.14482303015207768,16,1030.0,0.14353974522015514,22,518.0,0.1285007989223218,59,1864.0
1805.0,54,426.0,3.0869565217391304,2.61108749205485,17,381.0,0.16318112138303065,19,1117.0,0.10937675868298444,18,560.0,0.15306977146658696,54,2058.0
1810.0,50,344.0,2.4927536231884058,2.9458889874946483,16,448.0,0.17587178218893446,19,1212.0,0.13602240323646697,15,580.0,0.13443044915971478,50,2240.0
1815.0,52,319.0,2.362962962962963,2.6228538461888147,17,483.0,0.09122967356127179,14,1170.0,0.13718473355169475,21,638.0,0.1283867251773766,52,2291.0
1820.0,48,283.0,2.0808823529411766,3.090950769861703,15,497.0,0.15517451163320006,11,1010.0,0.19227912726114077,22,648.0,0.16491205738588782,48,2155.0
1825.0,42,271.0,1.8819444444444444,2.850960594136125,8,515.0,0.1818873723472705,11,1002.0,0.14040858946985862,23,678.0,0.13838321662233127,42,2195.0
1830.0,54,355.0,2.4149659863945576,2.9283247227164786,9,518.0,0.19160967756511588,15,1072.0,0.14203379260353324,30,807.0,0.0912324393284067,54,2397.0
1835.0,57,478.0,3.208053691275168,2.8152971642429945,8,526.0,0.10747009126355878,14,1027.0,0.1359894320685126,35,968.0,0.0680704081459643,57,2521.0
1840.0,55,633.0,4.553956834532374,2.751623515688876,13,559.0,0.2055046856145454,9,813.0,0.15981366970632574,33,1101.0,0.08891199548462475,55,2473.0
1845.0,55,809.0,5.86231884057971,3.1362295338426063,17,612.0,0.21936339159849028,10,636.0,0.17485968375588912,28,1171.0,0.14544304109610812,55,2419.0
1850.0,50,768.0,5.485714285714286,2.9357277536778974,19,695.0,0.16951293101956855,8,657.0,0.16823773182268764,23,1237.0,0.16080557169783039,50,2589.0
1855.0,41,483.0,3.551470588235294,2.6836804341415976,18,711.0,0.09306668259003076,8,665.0,0.1778989305763459,15,1089.0,0.1404744456319691,41,2465.0
1860.0,38,287.0,2.1578947368421053,2.796633815479238,17,651.0,0.11514188623983988,11,612.0,0.20875480208978087,10,1012.0,0.12928056646607455,38,2275.0
1865.0,46,327.0,2.422222222222222,3.510359008153954,18,573.0,0.2201192742853337,11,474.0,0.20375254935019332,17,945.0,0.1793280579920545,46,1992.0
1870.0,40,388.0,2.832116788321168,3.8877774699128906,10,619.0,0.2765653734987949,10,297.0,0.17731248181539344,20,843.0,0.19978877610923113,40,1759.0
1875.0,46,409.0,2.963768115942029,4.020789978494449,12,669.0,0.29055255236057453,11,230.0,0.19167717361911077,23,873.0,0.16505279983178905,46,1772.0
1880.0,45,311.0,2.3740458015267176,3.213490987484687,9,664.0,0.23379514847809413,11,237.0,0.24945014580240557,25,855.0,0.12123332105995155,45,1756.0
1885.0,42,276.0,2.0597014925373136,3.4278858524811273,5,533.0,0.22387098270834793,11,247.0,0.26408105536997056,26,846.0,0.09759654564490274,42,1626.0
1890.0,37,252.0,1.826086956521739,3.999675167779664,5,451.0,0.3145451310556598,9,255.0,0.26675490959146525,23,864.0,0.1356354813682173,37,1570.0
1895.0,33,225.0,1.5845070422535212,4.633179859936581,5,342.0,0.37080107585750355,8,234.0,0.23616062168088398,20,825.0,0.17100162221848972,33,1401.0
1900.0,28,153.0,1.1007194244604317,4.112137270910898,6,337.0,0.3099088169959294,4,200.0,0.18113998417449773,18,808.0,0.2043429868491301,28,1345.0
1905.0,30,142.0,1.0518518518518518,4.27863184794792,8,337.0,0.32728900047723675,7,172.0,0.19078386413351356,15,809.0,0.16078867582531267,30,1318.0
1910.0,30,116.0,0.8721804511278195,3.654864221757483,9,323.0,0.19370750516718835,5,161.0,0.21600115038954731,16,754.0,0.1176678662475438,30,1238.0
1915.0,31,107.0,0.823076923076923,3.56202542722269,8,260.0,0.25243137874595123,9,146.0,0.22072098956054698,14,770.0,0.1760839474073127,31,1176.0
1920.0,25,76.0,0.5547445255474452,3.6199900597242918,5,268.0,0.2935171713694531,6,144.0,0.14725456747364815,14,748.0,0.1745475943988792,25,1160.0
1925.0,37,168.0,1.20863309352518,3.9529069219208424,8,272.0,0.2962947744718992,9,128.0,0.1422793130902394,20,799.0,0.13655452228114734,37,1199.0
1930.0,42,215.0,1.628787878787879,3.4507963428729935,9,248.0,0.18415593544451625,13,146.0,0.18175141610088794,20,811.0,0.10227780545077718,42,1205.0
1935.0,50,290.0,2.213740458015267,3.2066757184826287,10,184.0,0.1782407297421096,20,221.0,0.22317522423332525,20,745.0,0.11154932428428906,50,1150.0
1940.0,42,232.0,1.6453900709219857,2.9926397827513234,7,201.0,0.16807509878403912,20,274.0,0.13085957266626555,15,723.0,0.1364886468763867,42,1198.0
1945.0,42,199.0,1.4113475177304964,3.7938156976495523,9,213.0,0.21407236686018324,19,270.0,0.1421590707710027,14,745.0,0.18545849561845754,42,1228.0
1950.0,37,153.0,1.1007194244604317,3.211374536154741,7,203.0,0.16873157898113184,17,349.0,0.1456322321541565,13,716.0,0.16013945259672405,37,1268.0
1955.0,35,140.0,1.0606060606060606,3.2686440932817007,11,163.0,0.1715505076463603,13,410.0,0.23307032400934782,11,614.0,0.12407805454072218,35,1187.0
1960.0,40,255.0,1.9172932330827068,3.550401779497901,13,140.0,0.18606214198815973,15,471.0,0.1880834411979762,12,492.0,0.17086539973024742,40,1103.0
1965.0,46,384.0,2.8656716417910446,3.3728242034334386,14,179.0,0.18568560178728397,17,492.0,0.0948033417447301,15,453.0,0.20754360413677236,46,1124.0
1970.0,37,273.0,2.022222222222222,3.091814673471482,7,192.0,0.20034743563186214,18,467.0,0.11268471815311855,12,472.0,0.20910311650263744,37,1131.0
1975.0,34,160.0,1.1764705882352942,4.065232356287013,6,195.0,0.24730142361706142,18,409.0,0.15827560721826364,10,440.0,0.2847336209301319,34,1044.0
1980.0,34,141.0,1.0291970802919708,4.135865364282954,9,218.0,0.2148851695795436,12,445.0,0.1669353285722626,13,399.0,0.28953499573458674,34,1062.0
1985.0,45,285.0,2.111111111111111,3.7472094388291812,18,282.0,0.12767086806944278,9,464.0,0.2263475614853285,18,441.0,0.21065755442537532,45,1187.0
1990.0,48,312.0,2.345864661654135,2.365798491580844,18,322.0,0.0709997112432164,11,455.0,0.16927156134775506,19,458.0,0.08472414989950117,48,1235.0
1995.0,50,354.0,2.5652173913043477,3.3747069321980634,20,342.0,0.14348537466719719,10,403.0,0.19895618633711956,20,417.0,0.19315521984223188,50,1162.0
2000.0,39,282.0,2.073529411764706,3.282525550486599,19,373.0,0.1555744252991578,6,388.0,0.15102335619448715,14,450.0,0.22469742803000411,39,1211.0
2005.0,46,292.0,2.1159420289855073,3.3709657738243637,23,415.0,0.11958822485607118,7,395.0,0.21286983682301724,16,490.0,0.19049841680246118,46,1300.0
2010.0,48,291.0,2.108695652173913,2.8887448676593936,23,455.0,0.09185489308787918,12,435.0,0.1379940684327019,13,483.0,0.127811038734368,48,1373.0
2015.0,40,237.0,1.8372093023255813,2.837789420804081,16,482.0,0.11092425427612786,14,424.0,0.14069576429900837,10,407.0,0.12976973890112753,40,1313.0
2020.0,29,137.0,1.0538461538461539,3.3250978567931084,9,491.0,0.20226100112933926,11,345.0,0.13551909003540955,9,427.0,0.1991192694400761,29,1263.0
2025.0,28,114.0,0.8837209302325582,4.135155501421374,9,464.0,0.22227465329223853,11,244.0,0.2414096606447473,8,454.0,0.22965766148961006,28,1162.0
2030.0,29,127.0,0.9769230769230769,3.7511553620022746,11,448.0,0.24324495043096186,5,240.0,0.2387502168939886,13,505.0,0.16439516876980143,29,1193.0
2035.0,34,228.0,1.7272727272727273,3.7212312084156873,7,429.0,0.20320336099210362,6,265.0,0.22771771552686962,21,590.0,0.11403408763780812,34,1284.0
2040.0,47,388.0,3.03125,2.8144412406050088,7,410.0,0.14732671153159038,12,313.0,0.2105442993876659,28,715.0,0.10768080554700223,47,1438.0
2045.0,48,395.0,3.0384615384615383,2.6755028387584923,9,375.0,0.1484836991765075,13,320.0,0.18220478207912494,26,756.0,0.09780260755423935,48,1451.0
2050.0,49,345.0,2.5182481751824817,3.4183126383419857,14,358.0,0.18876673572319236,11,274.0,0.2452055048834882,24,707.0,0.12068374283405602,49,1339.0
2055.0,46,268.0,1.8873239436619718,3.3910011917639786,16,390.0,0.15982994100521178,11,231.0,0.207242141348599,19,771.0,0.20089061148285836,46,1392.0
2060.0,35,212.0,1.4929577464788732,4.04621668937079,12,393.0,0.20597252080693731,5,230.0,0.22929795039726558,18,843.0,0.19536052447150273,35,1466.0
2065.0,34,205.0,1.5185185185185186,3.9211823508871206,10,385.0,0.22660090139596656,7,250.0,0.23277018101412847,17,845.0,0.11612495538408311,34,1480.0
2070.0,39,153.0,1.186046511627907,2.9859120929309535,12,392.0,0.1676266427599053,9,246.0,0.21790957328022711,18,737.0,0.1274546384586488,39,1375.0
2075.0,30,110.0,0.8527131782945736,3.2811972825793823,13,364.0,0.17432967697858986,8,184.0,0.24367597870715554,9,779.0,0.19606514885947252,30,1327.0
2080.0,27,106.0,0.7910447761194029,3.5316883760133626,13,394.0,0.15803117556451637,4,132.0,0.15478263264612907,10,786.0,0.2123475440611189,27,1312.0
2085.0,37,188.0,1.3925925925925926,4.010617981056712,14,387.0,0.1744896653358886,5,110.0,0.2960355677772791,18,834.0,0.16893109282401553,37,1331.0
2090.0,37,257.0,1.9618320610687023,3.8609302411155695,15,409.0,0.1707026988861066,5,104.0,0.4231464945144385,17,822.0,0.12202832551227517,37,1335.0
2095.0,37,164.0,1.2713178294573644,3.6388151322649676,16,434.0,0.15273748279451047,3,84.0,0.4765119885458783,18,731.0,0.134351249318538,37,1249.0
2100.0,37,152.0,1.178294573643411,3.4626209748327668,13,390.0,0.12117839384713143,7,58.0,0.3926430473787761,17,805.0,0.12394499851729517,37,1253.0
2105.0,40,181.0,1.381679389312977,3.162118502410946,13,429.0,0.1306194500513985,10,99.0,0.2501677535260507,17,865.0,0.10729947578774157,40,1393.0
2110.0,48,256.0,1.9541984732824427,2.815088572541432,16,462.0,0.12275082778406528,14,160.0,0.07867659045008443,18,852.0,0.11599377540857485,48,1474.0
2115.0,42,211.0,1.7154471544715446,2.512636639836474,15,471.0,0.07864767793990764,12,189.0,0.23415967708921812,15,761.0,0.11651293077345568,42,1421.0
2120.0,31,169.0,1.352,3.831788071816989,9,411.0,0.18279897809961215,5,150.0,0.4582771652042111,17,625.0,0.15197067815335577,31,1186.0
2125.0,29,125.0,0.9541984732824428,3.7489335242547788,11,445.0,0.19913372936925688,2,87.0,0.4295214738882189,16,666.0,0.14476017070379518,29,1198.0
2130.0,24,108.0,0.8,4.169653093318702,12,481.0,0.18330017840014762,1,83.0,0.4042387656499373,11,669.0,0.1718077993464981,24,1233.0
2135.0,25,88.0,0.6821705426356589,3.8259651931809895,10,467.0,0.1631742111674956,7,98.0,0.23523145459588696,8,618.0,0.18550491530386592,25,1183.0
2140.0,30,121.0,0.9758064516129032,3.4209444165575187,8,378.0,0.14074078374843363,11,148.0,0.2535666001121763,11,506.0,0.1660013601369537,30,1032.0
2145.0,36,190.0,1.484375,4.233055326172952,11,312.0,0.20532759671459294,9,162.0,0.3672589445170442,16,416.0,0.1588604598051172,36,890.0
2150.0,35,210.0,1.5909090909090908,4.253126751205673,9,327.0,0.20290363944439088,5,100.0,0.3894978694098007,21,404.0,0.16164947295687884,35,831.0
2155.0,32,183.0,1.3656716417910448,4.157654164240064,8,320.0,0.20589327969329888,6,116.0,0.3050574595138263,18,410.0,0.18780295613555245,32,846.0
2160.0,29,147.0,1.1484375,4.010218146819417,7,321.0,0.2035769701009239,8,147.0,0.18885967623652733,14,399.0,0.20392349467682755,29,867.0
2165.0,27,131.0,1.048,4.063805382154433,7,286.0,0.23740988961297324,8,146.0,0.19648899681848847,12,351.0,0.19711863270874128,27,783.0
2170.0,27,112.0,0.9032258064516129,3.7883029508969073,9,293.0,0.19630376008305067,6,111.0,0.2258408313035813,12,361.0,0.21061808637294963,27,765.0
2175.0,29,111.0,0.8671875,4.126479021800995,11,296.0,0.21878221883484616,4,86.0,0.30642591158715926,14,327.0,0.20416322888483363,29,709.0
2180.0,26,77.0,0.5746268656716418,3.758825803368308,8,274.0,0.20523059317220388,2,81.0,0.34822451413785205,16,345.0,0.14424381585612714,26,700.0
2185.0,29,99.0,0.7279411764705882,3.9477830579849447,9,231.0,0.1468392867377071,7,98.0,0.3053830031185418,13,333.0,0.14778090345105102,29,662.0
2190.0,31,131.0,1.0076923076923077,3.6143178861422207,12,191.0,0.17953195873812153,9,110.0,0.24344825643707135,10,319.0,0.12043779774967642,31,620.0
2195.0,34,166.0,1.2769230769230768,3.982262064958608,15,200.0,0.22063220618949858,5,91.0,0.32116697666835836,14,303.0,0.1906529889465675,34,594.0
2200.0,32,226.0,1.661764705882353,4.160405325906583,18,266.0,0.26143755623692344,2,88.0,0.34644854896438243,12,284.0,0.14715482766873483,32,638.0
2205.0,39,341.0,2.489051094890511,3.963399369239548,18,339.0,0.25550459647196533,8,115.0,0.19271401118917586,13,273.0,0.13204792561750023,39,727.0
2210.0,37,318.0,2.3909774436090228,3.522232542570187,15,357.0,0.21891594139558768,9,126.0,0.08655639830488206,13,301.0,0.1408829522551829,37,784.0
2215.0,33,193.0,1.4732824427480915,4.067645853603396,13,307.0,0.28968714667779605,5,96.0,0.19621862265120174,15,322.0,0.1759427226320073,33,725.0
2220.0,27,99.0,0.7857142857142857,3.7359288319422213,8,304.0,0.2919184267408118,2,77.0,0.2722288244660526,17,309.0,0.14458593581215762,27,690.0
2225.0,36,173.0,1.373015873015873,3.518609048116839,11,317.0,0.2029863278717901,6,99.0,0.24694715155419034,19,316.0,0.12254172147147861,36,732.0
2230.0,39,206.0,1.525925925925926,3.3606540995093575,9,300.0,0.17734750732151897,12,150.0,0.19041018157232167,18,350.0,0.13578178107358665,39,800.0
2235.0,43,242.0,1.8195488721804511,3.4273779609809893,10,238.0,0.1455104759621202,18,227.0,0.13958707530994754,15,366.0,0.13156505458118836,43,831.0
2240.0,41,297.0,2.376,2.6543844742904543,5,241.0,0.14869850543671484,23,330.0,0.03918121949650723,13,386.0,0.13902365488736465,41,957.0
2245.0,45,319.0,2.5725806451612905,2.9760017536604924,11,248.0,0.11787878292260554,21,386.0,0.1975898904859458,13,355.0,0.1439037178153011,45,989.0
2250.0,45,326.0,2.4885496183206106,3.560405601355773,15,295.0,0.1704062408967628,15,363.0,0.228807557156346,15,357.0,0.19656450201474365,45,1015.0
2255.0,48,379.0,2.7664233576642334,4.06599264582408,16,311.0,0.22676304089401372,12,290.0,0.23144953670352236,20,406.0,0.21382176890288895,48,1007.0
2260.0,40,340.0,2.4817518248175183,4.582769299231795,11,268.0,0.27356389090849986,13,268.0,0.25089212563329666,16,437.0,0.26845462865536285,40,973.0
2265.0,32,239.0,1.7835820895522387,4.993691197417569,11,230.0,0.26318787869166266,10,250.0,0.3311275131603636,11,347.0,0.31248777040346776,32,827.0
2270.0,39,282.0,2.1203007518796992,4.708116788997164,20,262.0,0.21687576049410695,8,253.0,0.44767737132326696,11,271.0,0.265753244015594,39,786.0
2275.0,38,194.0,1.4370370370370371,3.694804782364607,20,323.0,0.14781762934375023,3,230.0,0.4299662514914386,15,297.0,0.20048962231295542,38,850.0
2280.0,45,189.0,1.3404255319148937,3.4460921727386666,21,365.0,0.10547208855957536,9,189.0,0.3795762720044817,15,314.0,0.13984031763107696,45,868.0
2285.0,46,227.0,1.5337837837837838,3.426829853095669,20,418.0,0.09024045380190503,9,201.0,0.300310432487134,17,352.0,0.18272483673943732,46,971.0
2290.0,44,191.0,1.2905405405405406,3.38795860988705,19,435.0,0.14350064334722884,11,191.0,0.22248600586769943,14,345.0,0.19881393238244138,44,971.0
2295.0,37,202.0,1.4027777777777777,3.540356278688906,14,481.0,0.14044457325964682,12,174.0,0.23238888751906275,11,280.0,0.2371086814878985,37,935.0
2300.0,33,149.0,1.0419580419580419,3.292126246973298,15,476.0,0.13522207494377575,8,186.0,0.2733635553335014,10,280.0,0.18204679250845765,33,942.0
2305.0,35,124.0,0.8435374149659864,3.105790423753891,12,489.0,0.10058059006571016,11,182.0,0.2284500997937634,12,280.0,0.14321631389300243,35,951.0
2310.0,36,123.0,0.825503355704698,3.1442628479275294,15,499.0,0.12269979177465083,10,195.0,0.20307805083607944,11,280.0,0.13882207691256837,36,974.0
2315.0,35,131.0,0.891156462585034,3.2187744073494127,13,508.0,0.16668936664017447,10,173.0,0.14094853484340336,12,255.0,0.1734621841917535,35,936.0
2320.0,34,132.0,0.9295774647887324,2.9723878747504053,12,453.0,0.14685690666773193,8,184.0,0.2322786127525025,14,266.0,0.1451067336205394,34,903.0
2325.0,47,205.0,1.404109589041096,3.3642344067372734,19,452.0,0.11898786347316147,12,173.0,0.2869044719440452,16,251.0,0.10217375054973069,47,876.0
2330.0,51,307.0,2.0604026845637584,3.789552442623568,18,495.0,0.1377443104110895,15,201.0,0.30136986393672643,18,264.0,0.157127210840968,51,960.0
2335.0,47,333.0,2.22,3.9145718706121255,16,474.0,0.15694077325529293,18,259.0,0.20432256906382087,13,285.0,0.19355927532746295,47,1018.0
2340.0,45,369.0,2.5985915492957745,3.5109247988579617,9,468.0,0.15664123251427245,23,350.0,0.11300097199036016,13,279.0,0.18380932952747578,45,1097.0
2345.0,49,381.0,2.781021897810219,3.5760780593720716,12,440.0,0.15079490591762612,21,391.0,0.1569513819783516,16,281.0,0.18097363423947493,49,1112.0
2350.0,43,279.0,2.1136363636363638,3.128752632084569,12,452.0,0.17539935866922476,16,362.0,0.16933025857036896,15,302.0,0.1977428661327024,43,1116.0
2355.0,42,223.0,1.6277372262773722,3.7696108508950004,15,432.0,0.17357999229513593,14,299.0,0.2682830458163803,13,283.0,0.1896159932420167,42,1014.0
2360.0,39,282.0,2.0,4.718063520349068,17,410.0,0.19725184459684036,12,257.0,0.3268177222653231,10,234.0,0.2471196291430376,39,901.0
2365.0,39,205.0,1.443661971830986,3.745897775443244,18,436.0,0.1447249282957955,9,270.0,0.32410658646312207,12,251.0,0.20194161657469445,39,957.0
2370.0,40,168.0,1.1914893617021276,3.5301132329569236,23,423.0,0.10730049894721934,7,250.0,0.2511479430108245,10,255.0,0.18556314116195524,40,928.0
2375.0,45,244.0,1.7553956834532374,3.694298666991084,23,393.0,0.11896007006963817,13,259.0,0.25930931456556555,9,241.0,0.1480780914683514,45,893.0
2380.0,37,176.0,1.3134328358208955,3.4026658286427534,17,440.0,0.12496316877703169,12,253.0,0.23236997555085112,8,204.0,0.20832384433247644,37,897.0
2385.0,34,131.0,0.9849624060150376,3.915561284020967,15,443.0,0.1892261905639423,10,219.0,0.21155584207328984,9,170.0,0.25870505868757876,34,832.0
2390.0,31,155.0,1.1742424242424243,3.9209711410310355,14,447.0,0.1952959098815101,7,240.0,0.24583836956413538,10,182.0,0.20458242299940052,31,869.0
2395.0,37,165.0,1.2692307692307692,3.4644686921164185,16,443.0,0.1365573560012938,9,245.0,0.20775485264968951,12,204.0,0.14937205115550242,37,892.0
2400.0,39,185.0,1.4919354838709677,3.297246116276369,17,384.0,0.13521798333112245,13,286.0,0.17727411713327124,9,225.0,0.14171940610800984,39,895.0
2405.0,42,283.0,2.3388429752066116,3.4053095027077456,15,344.0,0.14709392173816477,20,374.0,0.20056277193155123,7,212.0,0.18648622399045756,42,930.0
2410.0,42,330.0,2.5984251968503935,3.12594587519164,9,368.0,0.1783730789697718,23,484.0,0.1344750529126885,10,223.0,0.17596958095329743,42,1075.0
2415.0,48,349.0,2.6044776119402986,3.6549032138665614,11,364.0,0.19550180563658487,24,519.0,0.11497526252061052,13,247.0,0.15248235071978722,48,1130.0
2420.0,43,300.0,2.3622047244094486,3.535124411239629,11,371.0,0.19966038286779497,17,459.0,0.1645981790368133,15,276.0,0.13552928136573952,43,1106.0
2425.0,38,304.0,2.512396694214876,3.4330858608457073,9,326.0,0.20390775819258705,11,487.0,0.20489128321349423,18,337.0,0.19235340544036228,38,1150.0
2430.0,35,335.0,2.7459016393442623,3.1582848428739947,2,296.0,0.16858121530787504,10,528.0,0.16306884609642025,23,422.0,0.11320476108340825,35,1246.0
2435.0,44,365.0,2.967479674796748,2.911706823981799,7,307.0,0.1496204907686701,15,591.0,0.09936829730622253,22,461.0,0.09004736978808067,44,1359.0
2440.0,47,338.0,2.9391304347826086,2.655755636684304,13,358.0,0.13984768668929928,15,581.0,0.11831768285756751,19,434.0,0.10836458632754542,47,1373.0
2445.0,41,295.0,2.543103448275862,3.6553675972043775,13,365.0,0.19883662212413414,10,482.0,0.23137505028863353,18,354.0,0.21315937860924303,41,1201.0
2450.0,35,247.0,2.1478260869565218,4.043867173636424,12,313.0,0.17228493091709013,9,515.0,0.21278913253588955,14,346.0,0.2990998776331896,35,1174.0
2455.0,41,253.0,2.1810344827586206,3.3771642225394887,15,348.0,0.11172633416618276,15,579.0,0.1612787395065639,11,329.0,0.26412305068949105,41,1256.0
2460.0,31,146.0,1.2478632478632479,3.360687764608239,14,406.0,0.12378805639072835,13,563.0,0.137311767306245,4,338.0,0.25220608182193505,31,1307.0
2465.0,24,74.0,0.6548672566371682,4.00360564256056,13,406.0,0.14856892888324508,6,401.0,0.16430230487815634,5,302.0,0.37881120811079205,24,1109.0
2470.0,22,78.0,0.7090909090909091,4.36838083670608,7,339.0,0.16119340341156013,7,397.0,0.20476187256948822,8,315.0,0.3676614229387708,22,1051.0
2475.0,20,70.0,0.6481481481481481,3.273707861726237,7,367.0,0.12135098033964803,6,427.0,0.1719501590746496,7,310.0,0.21679095580095042,20,1104.0
2480.0,24,85.0,0.7589285714285714,3.317442774510958,11,408.0,0.11101933324430838,7,390.0,0.19416997855277113,6,265.0,0.22652369862829855,24,1063.0
2485.0,26,153.0,1.3783783783783783,3.934436461278605,15,476.0,0.13746511920278634,5,298.0,0.2148725647651322,6,214.0,0.34215759445758404,26,988.0
2490.0,31,250.0,2.2123893805309733,3.720768861188472,22,575.0,0.11540723883835467,6,205.0,0.15743501258070441,3,225.0,0.3802692280844782,31,1005.0
2495.0,36,288.0,2.5486725663716814,3.845811144389539,25,614.0,0.09914392904948931,7,161.0,0.22013694126273017,4,236.0,0.4018086390676374,36,1011.0
2500.0,27,203.0,1.8623853211009174,3.8021739085425916,22,574.0,0.11824149089819909,2,134.0,0.3552332759805773,3,221.0,0.30515347162220485,27,929.0
2505.0,33,194.0,1.7477477477477477,4.672983148402723,22,492.0,0.12738609705498055,7,123.0,0.3683861139899803,4,178.0,0.2963445514522095,33,793.0
2510.0,26,142.0,1.3027522935779816,3.966034696594389,17,569.0,0.15618615810524764,7,123.0,0.2473168762718435,2,178.0,0.25250656436048036,26,870.0
2515.0,34,149.0,1.3423423423423424,3.5176005080752843,17,650.0,0.18025933684057954,8,113.0,0.10723036030928365,9,210.0,0.1669717534552889,34,973.0
2520.0,27,103.0,1.0198019801980198,3.1337981562607937,14,647.0,0.1727926146501601,5,109.0,0.15574614550300517,8,214.0,0.21427340468909106,27,970.0
2525.0,25,85.0,0.8333333333333334,3.973430330779103,8,554.0,0.2032209280314883,12,148.0,0.26546819138853833,5,155.0,0.19404562592712588,25,857.0
2530.0,28,153.0,1.4299065420560748,4.058256875197924,6,415.0,0.23564034667485315,17,221.0,0.1953447163780125,5,133.0,0.18327362570653422,28,769.0
2535.0,37,259.0,2.4205607476635516,2.9278950656505023,5,412.0,0.2215754280970793,24,326.0,0.0864624076656248,8,165.0,0.11718506979826958,37,903.0
2540.0,44,338.0,3.1588785046728973,2.840697742745248,9,437.0,0.19539455672143002,24,387.0,0.03854022824699796,11,216.0,0.1499269336331345,44,1040.0
2545.0,36,254.0,2.3518518518518516,3.306050199592766,9,423.0,0.19867568582303657,17,359.0,0.08212084916580185,10,213.0,0.22078340092699328,36,995.0
2550.0,25,151.0,1.4519230769230769,4.256224296827951,7,340.0,0.213572015562977,9,333.0,0.2926001000091581,9,152.0,0.2692639966954741,25,825.0
2555.0,19,79.0,0.7314814814814815,4.681737882632718,7,239.0,0.21469860904438268,3,344.0,0.28251521492789683,9,118.0,0.29031747856267354,19,701.0
2560.0,20,91.0,0.7913043478260869,4.2404667149092035,4,187.0,0.2871978465343015,10,372.0,0.19509750363011297,6,131.0,0.2129762854061661,20,690.0
2565.0,28,125.0,1.0683760683760684,3.906396985147678,3,131.0,0.3080540356726223,16,435.0,0.1670292760525538,9,155.0,0.16087424867522912,28,721.0
2570.0,37,232.0,2.09009009009009,3.4899906338733206,8,130.0,0.25239169616479995,21,528.0,0.07594589206633558,8,175.0,0.16511395436530302,37,833.0
2575.0,47,368.0,3.315315315315315,3.1995017748342316,9,128.0,0.19771789197709247,29,657.0,0.05346649602451985,9,163.0,0.21449589247119982,47,948.0
2580.0,40,355.0,3.1415929203539825,3.1780121692710086,7,92.0,0.22937868529813568,28,718.0,0.08329465782305685,5,171.0,0.20963095534384288,40,981.0
2585.0,35,311.0,2.658119658119658,4.307267153560836,5,62.0,0.2726041051972635,24,689.0,0.10930443710633904,6,175.0,0.27870477943084143,35,926.0
2590.0,43,350.0,3.0434782608695654,3.8912371019694767,9,89.0,0.21506536523810543,23,800.0,0.1103336609414699,11,206.0,0.21888790721116042,43,1095.0
2595.0,37,244.0,2.15929203539823,2.9632305502169127,6,90.0,0.22214443538762674,22,908.0,0.06655505202939728,9,209.0,0.14964358298897495,37,1207.0
2600.0,31,181.0,1.6605504587155964,3.464702691758278,9,87.0,0.23471506403694273,12,895.0,0.14972118526517783,10,194.0,0.14727120009522396,31,1176.0
2605.0,27,125.0,1.146788990825688,3.1810302203062926,12,112.0,0.1594809535518508,7,750.0,0.1564245994265532,8,224.0,0.1957885863846471,27,1086.0
2610.0,32,139.0,1.275229357798165,4.326594279697901,12,141.0,0.2721421896487346,8,544.0,0.16911687112029838,12,266.0,0.2595302931997887,32,951.0
2615.0,23,88.0,0.8301886792452831,3.973205221654142,9,162.0,0.2821164764607756,4,556.0,0.18947428686138731,10,281.0,0.2059502596008537,23,999.0
2620.0,27,103.0,1.0,3.7576241503921595,11,181.0,0.1704167739325402,8,590.0,0.19850252821603062,8,267.0,0.20322915776390055,27,1038.0
2625.0,31,171.0,1.693069306930693,2.939168206210497,11,208.0,0.0876298078944598,14,651.0,0.17493839570401853,6,223.0,0.2106377837165041,31,1082.0
2630.0,26,132.0,1.2815533980582525,2.9970147231005213,8,222.0,0.12737039938224265,15,632.0,0.14030502197387168,3,226.0,0.17401274992693022,26,1080.0
2635.0,25,125.0,1.1904761904761905,3.8003666842517987,7,197.0,0.19341558528820058,12,541.0,0.16318513493883885,6,243.0,0.2141006281905644,25,981.0
2640.0,28,169.0,1.625,4.23768212133747,6,208.0,0.27589040456923813,14,409.0,0.16566392100262495,8,280.0,0.28038026200483873,28,897.0
2645.0,26,152.0,1.4757281553398058,3.6976898244530587,4,210.0,0.27003314404843654,10,446.0,0.17355598525570035,12,331.0,0.25728916243228667,26,987.0
2650.0,36,261.0,2.5588235294117645,3.425551676435866,6,197.0,0.2987768643456956,13,505.0,0.1461668745627212,17,401.0,0.15131466310972605,36,1103.0
2655.0,43,430.0,4.257425742574258,2.3985994031825206,8,198.0,0.1967609056568762,14,575.0,0.1461242540830319,21,502.0,0.038508836496959575,43,1275.0
2660.0,57,632.0,6.257425742574258,1.4801735431796097,8,184.0,0.16243344124045384,22,667.0,0.10113218813676926,27,630.0,0.01029146461250639,57,1481.0
2665.0,57,690.0,6.4485981308411215,1.697109623490216,5,202.0,0.14654580875776183,27,789.0,0.08665121606863069,25,679.0,0.034120165913439256,57,1670.0
2670.0,54,605.0,5.5504587155963305,2.826381130017184,11,243.0,0.13535400832986128,25,821.0,0.1360745192541117,18,637.0,0.12280501441825437,54,1701.0
2675.0,48,517.0,4.7,3.606791302534883,13,303.0,0.15274105923743397,21,730.0,0.14414586388111542,14,530.0,0.25244756252490114,48,1563.0
2680.0,43,472.0,4.37037037037037,3.909640754211774,15,374.0,0.17707083634131443,17,768.0,0.14455087086996765,11,444.0,0.2860560036742026,43,1586.0
2685.0,40,422.0,4.0576923076923075,3.4499057403765834,17,455.0,0.1487707581091136,17,845.0,0.07847655863375291,6,476.0,0.3473855057940089,40,1776.0
2690.0,32,250.0,2.450980392156863,2.845352499275639,15,464.0,0.07104973860345663,11,810.0,0.10696454580867543,6,503.0,0.25477337474631906,32,1777.0
2695.0,20,153.0,1.5612244897959184,3.7831101454571474,12,392.0,0.19126612225261183,5,653.0,0.20563764707230506,3,482.0,0.3181214190812089,20,1527.0
2700.0,17,119.0,1.202020202020202,4.882029895242085,11,364.0,0.25069960892653953,3,451.0,0.2298139358726153,3,405.0,0.36384135786261296,17,1220.0
2705.0,16,105.0,1.0714285714285714,5.054983533071346,10,377.0,0.3231848545645769,3,320.0,0.22361433703357736,3,375.0,0.38895431533475366,16,1072.0
2710.0,17,76.0,0.7524752475247525,4.5642429806998095,11,426.0,0.24695292526614043,1,295.0,0.2585278490068444,5,384.0,0.2855543326605333,17,1105.0
2715.0,22,100.0,1.0309278350515463,3.881385924228436,5,417.0,0.22055488772756107,6,310.0,0.26125643248725866,11,423.0,0.1860329155040411,22,1150.0
2720.0,22,142.0,1.5106382978723405,3.579211748497284,1,346.0,0.23334637695477162,6,284.0,0.2567148877889935,15,487.0,0.11350034488001824,22,1117.0
2725.0,25,216.0,2.2268041237113403,4.208303121449304,2,261.0,0.3505102461694239,2,197.0,0.2671326127077747,21,579.0,0.11176076738466158,25,1037.0
2730.0,21,189.0,1.9090909090909092,4.1819553995140515,2,258.0,0.32651699525318123,2,102.0,0.2706469581736835,17,592.0,0.16395304177098885,21,952.0
2735.0,26,138.0,1.38,4.459409730332025,9,284.0,0.24183607237900778,3,55.0,0.3560011071732724,14,517.0,0.2381328615727391,26,856.0
2740.0,29,182.0,1.82,4.0342872161832135,14,342.0,0.18325858013272386,3,41.0,0.37625004092602043,12,508.0,0.21172242990588608,29,891.0
2745.0,35,212.0,2.099009900990099,3.6198936849432743,12,361.0,0.1372487665900122,6,58.0,0.3065329027231609,17,583.0,0.16723193046692966,35,1002.0
2750.0,37,190.0,1.9387755102040816,2.8659411310876237,11,307.0,0.1494101276981648,13,110.0,0.14076378964272748,13,579.0,0.11099082683993233,37,996.0
2755.0,26,119.0,1.2142857142857142,3.6608935468237043,6,333.0,0.1934308934039552,14,152.0,0.2505363018688623,6,479.0,0.1642535598915888,26,964.0
2760.0,19,88.0,0.8543689320388349,4.581214421094564,11,383.0,0.20693857789039344,6,136.0,0.28612217498525777,2,335.0,0.28487008579867545,19,854.0
2765.0,22,112.0,1.087378640776699,3.853914861453365,16,455.0,0.17302880134800352,3,143.0,0.19927288000104307,3,335.0,0.2433509514440667,22,933.0
2770.0,33,162.0,1.62,2.5941539918452317,16,469.0,0.0859932468342079,7,170.0,0.17385470619924412,10,366.0,0.13330609050322118,33,1005.0
2775.0,37,190.0,1.9387755102040816,2.8543023905009948,11,400.0,0.16338424007006982,10,183.0,0.21546475811585564,16,431.0,0.0979244175482243,37,1014.0
2780.0,33,250.0,2.4752475247524752,3.887843464873924,6,279.0,0.2353998529117942,6,137.0,0.28672635672469365,21,528.0,0.1566720911959547,33,944.0
2785.0,27,233.0,2.3069306930693068,3.886106133891832,8,229.0,0.29611636300505106,2,128.0,0.23953214083739766,17,539.0,0.14979505016588396,27,896.0
2790.0,27,188.0,1.8076923076923077,4.676428342938845,7,176.0,0.34470156894779963,7,147.0,0.27964662979499766,13,456.0,0.14162400091760977,27,779.0
2795.0,29,158.0,1.58,4.2045813690640585,2,166.0,0.3219352053560849,14,201.0,0.1916484108982901,13,398.0,0.17637739585682394,29,765.0
2800.0,30,166.0,1.6938775510204083,4.639339531870891,6,154.0,0.27885498991078667,14,218.0,0.14376697494457577,10,309.0,0.21950117433951208,30,681.0
2805.0,20,81.0,0.8709677419354839,4.22487398721095,5,159.0,0.2536402803352497,10,181.0,0.1649568143694338,5,320.0,0.29135724237699545,20,660.0
2810.0,20,71.0,0.7634408602150538,5.06778158965952,6,140.0,0.23380155292097893,7,123.0,0.2944577357738793,7,350.0,0.30742126913430634,20,613.0
2815.0,13,63.0,0.7241379310344828,5.660104916427557,4,114.0,0.3666498786294054,2,95.0,0.4097043418245531,7,334.0,0.3321904344396083,13,543.0
2820.0,7,23.0,0.25555555555555554,6.062865661093267,1,111.0,0.4368278474357878,2,70.0,0.5041153635817638,4,269.0,0.2781734992783899,7,450.0
2825.0,12,70.0,0.7692307692307693,6.577036625287792,5,105.0,0.3810371766728508,3,50.0,0.5979765224948385,4,176.0,0.27427584793656135,12,331.0
2830.0,15,99.0,1.076086956521739,5.670720992363651,9,143.0,0.2504900289985031,3,41.0,0.4565220197497359,3,134.0,0.32457432963885297,15,318.0
2835.0,25,153.0,1.7191011235955056,4.231039488469915,17,207.0,0.09079312884008982,7,51.0,0.2629079138834922,1,99.0,0.3133307188500548,25,357.0
2840.0,30,163.0,1.8314606741573034,3.8776959972591483,16,243.0,0.11620099639349289,8,69.0,0.10864403112315038,6,106.0,0.2879432894827729,30,418.0
2845.0,18,83.0,0.9651162790697675,4.498626404449638,10,217.0,0.256414658725055,3,48.0,0.2881066891655765,5,114.0,0.22960482463031723,18,379.0
2850.0,14,53.0,0.6309523809523809,5.368261166186233,9,172.0,0.2849308782262498,3,55.0,0.452602098611488,2,75.0,0.22932437434706912,14,302.0
2855.0,17,67.0,0.7701149425287356,5.374849030958535,7,196.0,0.23984859925909446,8,82.0,0.33401530860852247,2,37.0,0.297040753402986,17,315.0
2860.0,21,114.0,1.3103448275862069,4.917146152140317,9,237.0,0.11582184159801781,12,130.0,0.18990868272227762,0,7.0,0.4459343672076363,21,374.0
2865.0,25,178.0,2.119047619047619,4.397456295952368,6,232.0,0.18460039671578324,19,209.0,0.07594206143380319,0,2.0,0.6112313829600647,25,443.0
2870.0,21,151.0,1.7976190476190477,4.583175975832829,2,172.0,0.2623265418405332,17,258.0,0.1498670280915696,2,2.0,0.43917876711117587,21,432.0
2875.0,18,113.0,1.3294117647058823,5.1490461090185,2,111.0,0.28946540818772337,11,235.0,0.225982660150919,5,24.0,0.3773634328069049,18,370.0
2880.0,15,61.0,0.7176470588235294,5.185073446045284,3,112.0,0.31901362534006733,9,185.0,0.20820901334765002,3,32.0,0.43585944375791713,15,329.0
2885.0,14,54.0,0.6428571428571429,4.680822487246207,6,128.0,0.2789962613015967,6,218.0,0.2212458454096556,2,27.0,0.4409597209175197,14,373.0
2890.0,22,75.0,0.8823529411764706,4.476340857618255,6,122.0,0.2578853833703378,11,265.0,0.16051289638963337,5,40.0,0.3782959705640048,22,427.0
2895.0,20,76.0,0.8837209302325582,4.168329656864757,4,96.0,0.22065809939924272,8,273.0,0.17572008131291414,8,59.0,0.28195573325333345,20,428.0
2900.0,16,30.0,0.33707865168539325,4.495926513932995,6,114.0,0.19147958625158307,4,224.0,0.2724952618670785,6,68.0,0.31816487095463014,16,406.0
2905.0,25,94.0,1.0681818181818181,3.953766873342245,10,152.0,0.17857203177484085,7,248.0,0.18090858457852863,8,95.0,0.26236640260119043,25,495.0
2910.0,19,86.0,1.011764705882353,2.9250480267187786,7,155.0,0.17876752047703007,9,286.0,0.11169752730802306,3,93.0,0.173312272397501,19,534.0
2915.0,18,47.0,0.5465116279069767,3.8837587682375885,5,104.0,0.16345853353966192,8,277.0,0.23609256776071358,5,46.0,0.22304728008882746,18,427.0
2920.0,12,30.0,0.3448275862068966,4.819228625138584,3,59.0,0.31673960578799126,6,232.0,0.25864492446789467,3,58.0,0.30655691671512547,12,349.0
2925.0,16,47.0,0.5222222222222223,4.333083036502539,3,64.0,0.2851042288108008,6,237.0,0.18335671036367757,7,84.0,0.2616198503388979,16,385.0
2930.0,19,70.0,0.7865168539325843,3.568843034564166,6,82.0,0.26611498053694405,9,275.0,0.09707540328081209,4,80.0,0.2093252101265035,19,437.0
2935.0,20,112.0,1.3176470588235294,3.257319253534392,4,72.0,0.20386274101463484,15,338.0,0.1506410759445623,1,45.0,0.23428409636518702,20,455.0
2940.0,28,209.0,2.4302325581395348,3.076309153686188,2,49.0,0.2583346613192896,21,435.0,0.12560006604512794,5,62.0,0.12911793447307332,28,546.0
2945.0,38,363.0,3.989010989010989,3.000719552844003,2,30.0,0.25421501699488114,27,557.0,0.09437415144521827,9,96.0,0.09802607184928785,38,683.0
2950.0,48,568.0,6.382022471910112,2.3067184958786293,1,20.0,0.2642261796952823,34,713.0,0.06218999511984572,13,146.0,0.09882728429406223,48,879.0
2955.0,54,819.0,9.202247191011235,1.537616473716629,1,23.0,0.2533405666521762,38,895.0,0.0048625577050796995,15,215.0,0.055105421394150235,54,1133.0
2960.0,52,773.0,8.494505494505495,1.8708791854183269,4,36.0,0.2724502789337011,36,985.0,0.012431391229942575,12,232.0,0.07178843195687909,52,1253.0
2965.0,43,624.0,6.933333333333334,2.9427558912481535,4,47.0,0.30938178639881353,27,956.0,0.11250776138595814,12,198.0,0.1496137739667232,43,1201.0
2970.0,40,473.0,4.978947368421053,3.555595338381956,6,46.0,0.3400519951343106,20,817.0,0.12903840308895104,14,260.0,0.2073119490943043,40,1123.0
2975.0,31,289.0,3.0104166666666665,3.6660990387042958,2,47.0,0.3437778389577516,15,901.0,0.145823903958752,14,327.0,0.24746520871508929,31,1275.0
2980.0,32,228.0,2.350515463917526,2.859857277989183,5,64.0,0.1861162312036894,13,972.0,0.16646270567031984,14,401.0,0.14026317569151514,32,1437.0
2985.0,33,212.0,2.163265306122449,1.9802008281135706,11,108.0,0.07473816931581294,7,926.0,0.18141437469749483,15,476.0,0.08642725073137637,33,1510.0
2990.0,34,283.0,2.917525773195876,2.34382360982177,10,132.0,0.15251096797177852,4,766.0,0.21140108102042132,20,570.0,0.0997706554659852,34,1468.0
2995.0,30,239.0,2.39,3.2831342975428326,6,114.0,0.2738890810626498,4,586.0,0.2144608625238421,20,603.0,0.1125535966171906,30,1303.0
3000.0,24,172.0,1.6862745098039216,3.839123541062622,8,128.0,0.20028267860044446,2,555.0,0.28842741909455516,14,526.0,0.1863955278090506,24,1209.0
3005.0,34,197.0,1.8761904761904762,4.119457347500133,12,181.0,0.1382309963623393,8,577.0,0.2530084257605547,14,497.0,0.26258811174578234,34,1255.0
3010.0,29,180.0,1.8181818181818181,3.5666203410002053,12,206.0,0.11132810977172747,7,540.0,0.19893569886169354,10,434.0,0.23126316221272558,29,1180.0
3015.0,15,93.0,0.9789473684210527,4.142533883491835,4,181.0,0.23249694277751756,5,425.0,0.21088891195274373,6,460.0,0.2886140737127872,15,1066.0
3020.0,8,41.0,0.43617021276595747,5.558948498068748,1,136.0,0.34352258827960713,2,250.0,0.2218542285498735,5,485.0,0.3626633331322043,8,871.0
3025.0,11,85.0,0.9340659340659341,5.901992271942047,2,108.0,0.3886084219785984,1,117.0,0.2764670794934199,8,521.0,0.39687472905327265,11,746.0
3030.0,15,136.0,1.511111111111111,5.4313108041108284,1,98.0,0.41232130142996176,1,57.0,0.40302004173024814,13,577.0,0.2560874741758254,15,732.0
3035.0,29,226.0,2.511111111111111,4.154250355050234,5,115.0,0.29084703535484124,2,28.0,0.37633161958066363,22,666.0,0.1692082014250752,29,809.0
3040.0,40,372.0,4.2272727272727275,2.594922595619816,6,125.0,0.19911050954613055,7,52.0,0.227263543706199,27,788.0,0.05626760244206028,40,965.0
3045.0,42,395.0,4.438202247191011,2.0624195162113614,3,100.0,0.18472018310837432,13,106.0,0.18390969528351855,26,834.0,0.036651197653246655,42,1040.0
3050.0,41,396.0,4.212765957446808,2.8948426401646348,2,95.0,0.24346912405656085,17,187.0,0.17346393367389204,22,787.0,0.08085909942317977,41,1069.0
3055.0,38,349.0,3.6354166666666665,3.4362835864188495,8,122.0,0.14982099295831136,15,218.0,0.20359800413787835,15,717.0,0.14546971710681428,38,1057.0
3060.0,26,188.0,1.9183673469387754,4.150424099349577,6,131.0,0.1801842022996338,9,201.0,0.20353706585637896,11,723.0,0.24768424535308975,26,1055.0
3065.0,22,155.0,1.648936170212766,4.065070912544789,3,94.0,0.27622108030962444,6,221.0,0.2396615276319818,13,781.0,0.2320844388781056,22,1096.0
3070.0,25,145.0,1.5591397849462365,3.1730618171108014,3,84.0,0.2364552037421322,8,255.0,0.1380328461428479,14,851.0,0.135734784705889,25,1190.0
3075.0,41,276.0,2.9361702127659575,2.257200562231619,7,106.0,0.15108057253051613,14,311.0,0.0765203992743313,20,939.0,0.08139012832553484,41,1356.0
3080.0,53,445.0,4.587628865979381,1.9225084072323264,10,151.0,0.1653055681133822,16,333.0,0.05298971769030025,27,1060.0,0.07297043022282394,53,1544.0
3085.0,39,377.0,3.968421052631579,2.353463078856683,8,156.0,0.20994419016114396,8,282.0,0.1563481013621205,23,1075.0,0.11799096148793002,39,1513.0
3090.0,30,225.0,2.295918367346939,3.8816875482511257,7,118.0,0.264497555136735,4,261.0,0.33910291250665253,19,926.0,0.1125610563688806,30,1305.0
3095.0,28,168.0,1.68,3.9101339548492695,8,143.0,0.19774012717746908,6,289.0,0.26092114642627656,14,731.0,0.18043308807816877,28,1163.0
3100.0,36,216.0,2.076923076923077,3.8489448544849125,11,183.0,0.06823337142425483,14,341.0,0.19547084775857398,11,585.0,0.3099654488633458,36,1109.0
3105.0,31,177.0,1.77,3.669799171204583,11,195.0,0.07574800271175058,13,347.0,0.13477480182887203,7,554.0,0.33079091274357797,31,1096.0
3110.0,23,98.0,1.053763440860215,3.983738181993817,6,157.0,0.23968542130065626,9,295.0,0.18229162895267542,8,588.0,0.24699500678855482,23,1040.0
3115.0,17,59.0,0.6413043478260869,4.8447467869690035,2,148.0,0.28040576717224347,8,202.0,0.23689026343586975,7,542.0,0.3372559563585938,17,892.0
3120.0,8,29.0,0.31521739130434784,4.71150210862706,4,164.0,0.2769801830382022,2,218.0,0.3062310909021363,2,410.0,0.3126175280662031,8,792.0
3125.0,22,105.0,1.1290322580645162,3.9188891963312216,12,204.0,0.13824515917123245,8,247.0,0.250410175184021,2,279.0,0.2721747721571735,22,730.0
3130.0,28,183.0,1.9891304347826086,3.7397483531875713,17,275.0,0.06125200328908104,7,232.0,0.19163323045632552,4,213.0,0.3655623656731268,28,720.0
3135.0,26,180.0,1.9565217391304348,4.368565123603767,16,311.0,0.1449936574258602,6,170.0,0.21216621910945785,4,132.0,0.4254405221742448,26,613.0
3140.0,15,137.0,1.4891304347826086,5.778424651718356,10,279.0,0.22959852737281752,2,97.0,0.3269155267374441,3,118.0,0.5386527047352259,15,494.0
3145.0,13,59.0,0.6344086021505376,4.889434264293084,10,313.0,0.17626837566575623,2,101.0,0.2658926582239296,1,74.0,0.5373496099993824,13,488.0
3150.0,27,112.0,1.2307692307692308,3.5647930308635734,14,377.0,0.12681166395998847,8,127.0,0.18770584152253353,5,68.0,0.27278646112238597,27,572.0
3155.0,40,195.0,2.2674418604651163,2.2806916707552496,13,403.0,0.0937124081688429,16,189.0,0.10486873184962998,11,106.0,0.06763199596655133,40,698.0
3160.0,36,233.0,2.7411764705882353,2.688330493264326,7,355.0,0.12406449144635337,14,220.0,0.1328421737392133,15,172.0,0.12869401292599178,36,747.0
3165.0,20,159.0,1.8928571428571428,4.510095514026223,4,275.0,0.2639838956059124,7,187.0,0.2545346573377077,9,192.0,0.3221261917234787,20,654.0
3170.0,15,77.0,0.8850574712643678,5.578542639834239,4,242.0,0.3542930527600953,8,205.0,0.30964419165994744,3,127.0,0.3544952951102419,15,574.0
3175.0,16,48.0,0.5333333333333333,4.83069814059972,2,211.0,0.2927299822036803,10,244.0,0.1878269675124118,4,62.0,0.4494855453286615,16,517.0
3180.0,22,105.0,1.141304347826087,4.3270327562426125,6,212.0,0.21645283157450687,14,304.0,0.11623406184295393,2,55.0,0.3871785212796487,22,571.0
3185.0,30,208.0,2.311111111111111,3.6936611513326327,4,206.0,0.22592053402348372,20,394.0,0.049138844211356496,6,73.0,0.29988454544630255,30,673.0
3190.0,28,203.0,2.3068181818181817,3.53647914930487,3,154.0,0.29088825294200094,21,435.0,0.11508990069772224,4,75.0,0.2174140171543139,28,664.0
3195.0,24,151.0,1.735632183908046,4.370385596686458,3,103.0,0.3594790930468188,17,409.0,0.19056888864216723,4,46.0,0.29413814586833587,24,558.0
3200.0,21,135.0,1.5,4.748024907876751,4,90.0,0.3884023318726152,14,358.0,0.16479194236230046,3,43.0,0.3566313697615297,21,491.0
3205.0,17,81.0,0.8709677419354839,4.774482363077582,3,86.0,0.4052546423651148,10,397.0,0.17350542131364063,4,56.0,0.3655533672918549,17,539.0
3210.0,27,124.0,1.3478260869565217,3.91700921339554,6,103.0,0.3185663219507524,12,448.0,0.1674352952296419,9,90.0,0.22939376219111282,27,641.0
3215.0,34,199.0,2.2111111111111112,2.7451373664558125,11,123.0,0.17435637430888742,8,441.0,0.1974236041343894,15,150.0,0.1285884427910884,34,714.0
3220.0,26,170.0,1.8888888888888888,3.391742761667598,9,148.0,0.25442943510484234,5,378.0,0.20080025009934271,12,181.0,0.1747521428372343,26,707.0
3225.0,18,108.0,1.1368421052631579,4.225786258783177,4,128.0,0.26619215253792433,3,338.0,0.22663787558991721,11,145.0,0.28270430892165455,18,611.0
3230.0,27,120.0,1.2,4.034957219189172,10,151.0,0.208892609560837,8,366.0,0.18676177235293379,9,152.0,0.25760672753217395,27,669.0
3235.0,21,101.0,1.030612244897959,2.948297451061069,6,155.0,0.09559944796349101,5,342.0,0.1547643631455945,10,195.0,0.18929615292475307,21,692.0
3240.0,19,76.0,0.8,3.3405611599464344,4,119.0,0.24898386485889337,3,218.0,0.16354199432544897,12,251.0,0.1860863074053531,19,588.0
3245.0,18,98.0,1.0315789473684212,3.9524067725840832,4,82.0,0.3100075282921365,3,221.0,0.18034502155036708,11,313.0,0.22132880188863377,18,616.0
3250.0,16,77.0,0.8105263157894737,3.650019184416995,1,75.0,0.2644308924543802,7,240.0,0.12234881413541095,8,319.0,0.22896505384161414,16,634.0
3255.0,17,66.0,0.7021276595744681,3.2498102832898406,5,94.0,0.1331886007298864,6,226.0,0.186207979780091,6,269.0,0.19162218586858296,17,589.0
3260.0,13,37.0,0.38144329896907214,3.8972185836391215,5,105.0,0.24237743409302862,2,166.0,0.20160319133250104,6,257.0,0.24586889608246892,13,528.0
3265.0,18,45.0,0.45918367346938777,3.9303309227021246,3,71.0,0.33572273268590164,4,182.0,0.15857952960232224,11,296.0,0.19761911184751033,18,549.0
3270.0,19,61.0,0.6039603960396039,3.3691667456409893,5,39.0,0.28006337315641366,9,215.0,0.12007955557985192,5,299.0,0.15062078889905636,19,553.0
3275.0,15,51.0,0.504950495049505,3.582979065729049,2,43.0,0.22968200167138264,10,215.0,0.1581018448995982,3,247.0,0.18059904496542734,15,505.0
3280.0,14,51.0,0.504950495049505,4.176130501877847,5,58.0,0.281869805825115,7,148.0,0.16113148672179844,2,205.0,0.31023006117020974,14,411.0
3285.0,13,42.0,0.4158415841584158,4.248553284930942,4,61.0,0.28222580165454575,7,160.0,0.1906951796058059,2,142.0,0.3327190167733854,13,363.0
3290.0,17,69.0,0.69,3.7387703492430067,8,85.0,0.22542204958131715,8,197.0,0.11665937801783191,1,104.0,0.33737122130997,17,386.0
3295.0,27,110.0,1.1,2.9753929807935844,9,111.0,0.12144761930159313,15,257.0,0.09741269538526814,3,92.0,0.31186912649150444,27,460.0
3300.0,29,163.0,1.63,3.1149317628269513,10,138.0,0.11585090764654139,13,270.0,0.12348523783447009,6,115.0,0.29516659189658845,29,523.0
3305.0,31,169.0,1.7244897959183674,2.9429173818526735,10,151.0,0.14323714176449306,10,218.0,0.1365136539054735,11,160.0,0.2532926623651139,31,529.0
3310.0,37,219.0,2.19,3.660843331888472,9,142.0,0.24634332569245387,11,192.0,0.18452408317562405,17,225.0,0.21381888964546086,37,559.0
3315.0,26,169.0,1.625,3.667693140661525,7,168.0,0.27412481621220747,7,205.0,0.19326837193859914,12,240.0,0.21385090043660465,26,613.0
3320.0,31,166.0,1.5660377358490567,3.669701361759592,11,214.0,0.1869309161681188,9,251.0,0.22967846842040782,11,206.0,0.17740308422602444,31,671.0
3325.0,34,174.0,1.6893203883495145,3.15223867009563,18,288.0,0.07263146745354157,6,248.0,0.19308710134762683,10,201.0,0.21364630251064434,34,737.0
3330.0,31,230.0,2.277227722772277,3.3267175342492243,19,385.0,0.1323161958301341,4,207.0,0.24435821837506885,8,223.0,0.23882594526614745,31,815.0
3335.0,25,201.0,2.01,3.8293527489644674,16,420.0,0.19379830226222447,1,144.0,0.2313684818921667,8,255.0,0.28325739202911343,25,819.0
3340.0,18,135.0,1.35,4.81672452415664,11,357.0,0.23132080013802647,1,115.0,0.3346872815237883,6,286.0,0.2847450265057773,18,758.0
3345.0,22,159.0,1.6224489795918366,4.310990860349783,11,406.0,0.193577521555861,2,84.0,0.39688174417142225,9,323.0,0.24579789174266786,22,813.0
3350.0,25,162.0,1.7052631578947368,4.271811273433604,14,471.0,0.14017088576891648,1,49.0,0.6276791982713606,10,338.0,0.24909628389497118,25,858.0
3355.0,28,173.0,1.8804347826086956,3.528227360396541,19,561.0,0.0904131682930797,2,23.0,0.5555069929879672,7,310.0,0.24378369643047604,28,894.0
3360.0,31,150.0,1.5957446808510638,2.5791373478912,15,579.0,0.10339372576903444,7,44.0,0.2337260954188523,9,345.0,0.11269851073690797,31,968.0
3365.0,30,124.0,1.3191489361702127,2.530254863061201,11,521.0,0.12217925409747851,5,57.0,0.20281576968362908,14,401.0,0.04553539688874288,30,979.0
3370.0,27,110.0,1.1956521739130435,3.7048497855199494,12,438.0,0.19072162089754507,1,43.0,0.41291206806241043,14,426.0,0.13739040360535656,27,907.0
3375.0,11,27.0,0.29347826086956524,4.814099456721706,7,458.0,0.1908892699507667,0,20.0,0.578930308886885,4,380.0,0.23973241862355127,11,858.0
3380.0,12,39.0,0.42857142857142855,5.195607567315125,10,499.0,0.15919332275162557,0,6.0,0.6936071070963247,2,282.0,0.28726273985244444,12,787.0
3385.0,12,38.0,0.42696629213483145,5.084414649132558,8,494.0,0.17892478221189548,1,4.0,0.7876273607086803,3,294.0,0.3012025234874291,12,792.0
3390.0,10,39.0,0.45348837209302323,3.902184798331568,3,416.0,0.20082035170935264,0,4.0,0.43974366243241164,7,321.0,0.19733690463751608,10,741.0
3395.0,17,53.0,0.6091954022988506,3.7497247971686822,3,298.0,0.18775006156972354,6,25.0,0.33499835245920156,8,310.0,0.13046349148368924,17,633.0
3400.0,16,72.0,0.8275862068965517,4.053585237491827,2,297.0,0.18408325543292106,9,68.0,0.37627683545382284,5,237.0,0.1869028952675532,16,602.0
3405.0,14,61.0,0.7011494252873564,4.229165212111589,7,321.0,0.18833458029679984,5,82.0,0.37309402412185805,2,222.0,0.19658056813764493,14,625.0
3410.0,14,47.0,0.5222222222222223,4.136897183550952,7,305.0,0.23831284436047925,0,42.0,0.3309786143134428,7,249.0,0.1950034220726607,14,596.0
3415.0,21,91.0,1.0459770114942528,3.7638696145948307,6,215.0,0.1982238425255248,2,36.0,0.4264051003661228,13,304.0,0.1442547738608475,21,555.0
3420.0,30,198.0,2.302325581395349,2.5069649007092685,3,226.0,0.14836472874599785,8,63.0,0.19436332057654299,19,387.0,0.06836196513280465,30,676.0
3425.0,35,230.0,2.5555555555555554,2.3883637486538936,9,258.0,0.1258594766942362,8,75.0,0.1705896626255708,18,419.0,0.06494759764388855,35,752.0
3430.0,23,138.0,1.550561797752809,3.597673225471617,10,246.0,0.18154259997035643,1,41.0,0.4292616553654491,12,366.0,0.14717341061483732,23,653.0
3435.0,17,63.0,0.6702127659574468,4.064975454352875,5,173.0,0.22236748960047817,3,48.0,0.4254802194574039,9,413.0,0.14211780249939057,17,634.0
3440.0,26,101.0,1.0978260869565217,4.042263016814222,3,81.0,0.19503327713433366,7,74.0,0.4472340453497229,16,482.0,0.0861712896425156,26,637.0
3445.0,23,98.0,1.0769230769230769,3.768780326890385,3,45.0,0.2781420211177082,5,79.0,0.3051585504128734,15,493.0,0.07986546112985467,23,617.0
3450.0,10,42.0,0.4666666666666667,5.260647332900522,1,41.0,0.3612421863151359,2,52.0,0.4169331660522285,7,412.0,0.1977904046627489,10,505.0
3455.0,13,35.0,0.38461538461538464,5.221251883612338,8,66.0,0.2648206313599681,2,45.0,0.3046475515643686,3,268.0,0.24885702785241956,13,379.0
3460.0,21,114.0,1.3103448275862069,4.972666621111889,15,121.0,0.16693481113907313,5,66.0,0.34307779835044244,1,188.0,0.29163196248226764,21,375.0
3465.0,20,104.0,1.2682926829268293,3.758808441089274,12,157.0,0.1025936664790299,4,61.0,0.30165892952392465,4,169.0,0.20156538886751044,20,387.0
3470.0,19,83.0,1.0375,4.595046330962234,9,145.0,0.21665888289418136,2,43.0,0.37612963304866953,8,200.0,0.2785759105844245,19,388.0
3475.0,21,113.0,1.3780487804878048,4.424038096024584,6,122.0,0.23775201819504618,4,58.0,0.31834434861509875,11,248.0,0.23447042698299445,21,428.0
3480.0,28,206.0,2.4523809523809526,4.298929428999689,5,101.0,0.30075384105266245,9,91.0,0.18048631451681332,14,309.0,0.19530413731028362,28,501.0
3485.0,22,146.0,1.7380952380952381,3.9541938343377105,2,83.0,0.3794100743943092,7,105.0,0.13117615832294327,13,315.0,0.09688075657924372,22,503.0
3490.0,14,66.0,0.8148148148148148,5.335901332337334,1,65.0,0.5348535328309861,3,71.0,0.23124009634399584,10,264.0,0.19016011660687548,14,400.0
3495.0,13,68.0,0.8,6.600069761503061,2,58.0,0.6081710283064543,2,52.0,0.32539105903264903,9,201.0,0.27445930663405815,13,311.0
3500.0,10,46.0,0.5411764705882353,7.2331227546437145,1,50.0,0.5720860302005831,1,35.0,0.42824203929464183,8,193.0,0.34611360570692684,10,278.0
3505.0,11,42.0,0.5185185185185185,5.938300715034047,6,67.0,0.2615416647006301,1,39.0,0.36279464791483756,4,186.0,0.3643279997098157,11,292.0
3510.0,21,64.0,0.8533333333333334,3.7777348368631647,8,82.0,0.10806797236459442,7,60.0,0.2482120629801328,6,212.0,0.25405021094250163,21,354.0
3515.0,16,48.0,0.64,3.8470142377992746,4,73.0,0.25741796017166,6,80.0,0.1823929227666832,6,212.0,0.19711422061967576,16,365.0
3520.0,8,13.0,0.17333333333333334,4.782867357582879,3,87.0,0.29699272978947877,2,67.0,0.29942459938774474,3,166.0,0.312017360500701,8,320.0
3525.0,14,48.0,0.6,4.973806558394914,9,119.0,0.3122210334726181,2,39.0,0.3585630931412944,3,176.0,0.2541185745219354,14,334.0
3530.0,20,126.0,1.5555555555555556,4.004275675059203,11,166.0,0.2959873771072199,1,37.0,0.23653872469725434,8,208.0,0.21496824761122413,20,411.0
3535.0,34,266.0,3.2439024390243905,2.5192772722465597,17,238.0,0.0814931057373496,5,54.0,0.1422705543346257,12,259.0,0.1837191727118072,34,551.0
3540.0,41,269.0,3.2409638554216866,1.5507742406061678,17,271.0,0.09087502240186045,12,102.0,0.0867042273551479,12,265.0,0.08264147957662131,41,638.0
3545.0,29,167.0,1.941860465116279,3.4604899239218643,11,235.0,0.19246747013632806,9,132.0,0.2570759829926938,9,221.0,0.12936939011189266,29,588.0
3550.0,22,89.0,1.0113636363636365,4.706945471568026,6,163.0,0.2996424173655084,6,100.0,0.35808742931664855,10,257.0,0.1763082177873775,22,520.0
3555.0,26,115.0,1.2637362637362637,4.6105870480063125,8,194.0,0.30714887686349035,4,71.0,0.2881001770588952,14,316.0,0.17946349810425408,26,581.0
3560.0,24,87.0,0.9886363636363636,3.524921815954541,11,239.0,0.24759188904734433,2,73.0,0.19839462198796337,11,329.0,0.15203599245096802,24,641.0
3565.0,19,62.0,0.7126436781609196,3.446314792162476,8,248.0,0.15288876610264635,6,98.0,0.3127509656108445,5,282.0,0.1615402749094955,19,628.0
3570.0,16,75.0,0.8620689655172413,4.705392295664782,5,203.0,0.18913734861350587,9,138.0,0.3823568549718259,2,183.0,0.2381140358595947,16,524.0
3575.0,20,129.0,1.449438202247191,4.542489974063502,6,221.0,0.14315117884191084,12,191.0,0.2790399593429309,2,116.0,0.266278430735252,20,528.0
3580.0,21,143.0,1.5888888888888888,4.254798204289737,9,259.0,0.08592382796732027,11,210.0,0.2541506752805637,1,86.0,0.3111180040649769,21,555.0
3585.0,20,111.0,1.3058823529411765,4.394693398683456,9,265.0,0.15797932846953822,9,190.0,0.22496674583875292,2,72.0,0.4208711866615933,20,527.0
3590.0,12,63.0,0.7590361445783133,5.9550983882384685,4,188.0,0.2774271759400743,4,153.0,0.3266208682360287,4,87.0,0.4521489037157401,12,428.0
3595.0,11,53.0,0.654320987654321,5.505826326341513,2,133.0,0.3190896331383376,2,152.0,0.2950088844495322,7,116.0,0.37125051724882246,11,401.0
3600.0,15,66.0,0.7951807228915663,4.481708049129298,0,75.0,0.35114014247311276,8,182.0,0.15412908497768146,7,119.0,0.20565274615812323,15,376.0
