step,system_total_stopped,system_total_waiting_time,system_mean_waiting_time,system_mean_speed,A0_stopped,A0_accumulated_waiting_time,A0_average_speed,B0_stopped,B0_accumulated_waiting_time,B0_average_speed,C0_stopped,C0_accumulated_waiting_time,C0_average_speed,agents_total_stopped,agents_total_accumulated_waiting_time
5.0,0,0.0,0.0,6.039843175811802,0,0.0,0.3991705289218156,0,0.0,0.47648699896685764,0,0.0,0.554080380374764,0,0.0
10.0,0,0.0,0.0,10.382226615651865,0,0.0,0.6866833409521256,0,0.0,0.9474365021901792,0,0.0,0.8501155002944977,0,0.0
15.0,2,4.0,0.2,7.886455620968212,0,0.0,0.6400544966014386,0,0.0,0.337676294917372,2,4.0,0.3828109100092201,2,4.0
20.0,2,14.0,0.6666666666666666,9.935000084270163,0,0.0,0.7630047899155102,0,0.0,0.9496423700874652,2,14.0,0.5988956012643007,2,14.0
25.0,8,0.0,0.0,4.62034193513486,3,0.0,0.350671310016159,2,0.0,0.19460600479684192,3,0.0,0.4318312247905329,8,0.0
30.0,5,22.0,0.7586206896551724,8.348918991458357,2,10.0,0.5713512694829253,2,10.0,0.5957537866916839,1,2.0,0.58932301763875,5,22.0
35.0,6,49.0,1.6333333333333333,8.340888002742016,2,20.0,0.5252290907352658,2,20.0,0.6371457575393904,2,9.0,0.44993127003840216,6,49.0
40.0,4,21.0,0.5675675675675675,7.474340582624574,1,4.0,0.5447151083902827,0,4.0,0.629222654571887,3,21.0,0.3513883016528641,4,29.0
45.0,5,14.0,0.3783783783783784,8.31104788446855,2,5.0,0.5355019398174394,2,7.0,0.4319870193991203,1,18.0,0.5429614184343162,5,30.0
50.0,8,8.0,0.20512820512820512,5.21081876097169,3,11.0,0.3194111521253662,3,9.0,0.2742956993615258,2,5.0,0.35898745221500294,8,25.0
55.0,6,18.0,0.46153846153846156,7.429162004826606,2,11.0,0.47278723523387584,1,13.0,0.6425363584189933,3,10.0,0.5459695193507357,6,34.0
60.0,7,37.0,0.925,8.781485837139652,1,13.0,0.5728272840071006,3,13.0,0.6049907095051167,3,24.0,0.6013363697830199,7,50.0
65.0,5,25.0,0.5319148936170213,7.358894841136903,1,5.0,0.5017520709760345,3,28.0,0.45451154510080755,1,22.0,0.5018772157895474,5,55.0
70.0,12,64.0,1.391304347826087,7.073084858388477,5,18.0,0.38782222245018527,7,57.0,0.35176443481031366,0,2.0,0.7076577630709705,12,77.0
75.0,14,67.0,1.34,5.686520978359256,8,50.0,0.22806229717439921,4,64.0,0.26741525031157626,2,5.0,0.35727678577122834,14,119.0
80.0,16,118.0,2.36,6.673291685174109,11,101.0,0.3318613488943913,1,31.0,0.5197038636372814,4,23.0,0.5382769364386538,16,155.0
85.0,21,164.0,3.037037037037037,5.115150941908096,15,160.0,0.2850759180032597,3,22.0,0.19165892039862933,3,26.0,0.443591589101257,21,208.0
90.0,21,254.0,4.703703703703703,5.7903574251760626,14,228.0,0.2550219140048578,5,43.0,0.3495278166580266,2,16.0,0.5977217341415084,21,287.0
95.0,15,194.0,3.660377358490566,4.262018030336827,12,242.0,0.1462334016279539,2,43.0,0.419320677278801,1,2.0,0.44614447797245804,15,287.0
100.0,20,151.0,2.435483870967742,5.982139927183778,13,249.0,0.2255474189835917,2,26.0,0.6075089609177787,5,22.0,0.41766859021078434,20,297.0
105.0,13,94.0,1.540983606557377,6.8493996458742075,10,230.0,0.2727650214246533,2,12.0,0.62504501219323,1,24.0,0.5722583593801129,13,266.0
110.0,15,95.0,1.3970588235294117,6.760058990571395,9,203.0,0.22902693652787068,4,30.0,0.5357351528836634,2,4.0,0.49391040217069665,15,237.0
115.0,8,30.0,0.46153846153846156,7.059885356222266,4,206.0,0.2854713246941267,1,21.0,0.5632896324674888,3,12.0,0.5345561345848935,8,239.0
120.0,7,25.0,0.4032258064516129,7.522775544873772,6,228.0,0.30970031248599783,0,6.0,0.5268950113347388,1,3.0,0.6465358208948917,7,237.0
125.0,7,23.0,0.359375,7.523162409461662,3,209.0,0.36810114342109734,2,8.0,0.49220973420670927,2,9.0,0.627176139971591,7,226.0
130.0,2,18.0,0.3050847457627119,8.772469320002795,0,157.0,0.4940603580591966,2,20.0,0.6459101678969972,0,2.0,0.7869407175741305,2,179.0
135.0,4,6.0,0.09523809523809523,6.860040011029163,1,139.0,0.3027853471199041,1,5.0,0.5703203808953173,2,3.0,0.5798664017092489,4,147.0
140.0,10,36.0,0.5454545454545454,6.8390912976318665,6,161.0,0.2240404634216695,2,15.0,0.7352860695695934,2,1.0,0.5062470762424117,10,177.0
145.0,16,59.0,0.8939393939393939,4.374473891356832,7,161.0,0.09131788150522273,3,27.0,0.30131975448890747,6,17.0,0.25340860916568186,16,205.0
150.0,14,62.0,0.96875,5.073454315103653,5,125.0,0.22010421373519978,2,21.0,0.3103825042055437,7,46.0,0.3177408831910551,14,192.0
155.0,6,30.0,0.5,5.924970875722945,3,121.0,0.26981792917286357,0,7.0,0.7613831926295498,3,49.0,0.420257789416055,6,177.0
160.0,12,45.0,0.6521739130434783,6.573659475908636,9,153.0,0.20822686457494277,1,6.0,0.6373632001170386,2,34.0,0.5799739528879677,12,193.0
165.0,18,110.0,1.6666666666666667,6.088448244763769,15,213.0,0.1328512500211925,2,13.0,0.6770092556027067,1,20.0,0.703864340615788,18,246.0
170.0,28,221.0,3.157142857142857,4.411414934967474,19,298.0,0.07993270503412069,4,24.0,0.3237503532284797,5,34.0,0.4140135579567152,28,356.0
175.0,27,220.0,3.3333333333333335,3.5747643520298795,17,334.0,0.15907225124624474,0,9.0,0.4704829840079985,10,70.0,0.1910860494665523,27,413.0
180.0,20,133.0,2.078125,3.932554295601256,11,289.0,0.1250345389579977,2,6.0,0.5271874100383842,7,87.0,0.16218194322262122,20,382.0
185.0,17,106.0,1.5588235294117647,6.2651318001583425,11,215.0,0.19648035713202544,2,18.0,0.7250730502096321,4,72.0,0.3821222954132126,17,305.0
190.0,13,61.0,0.9104477611940298,6.650623605003693,12,255.0,0.17086146090119933,0,13.0,0.8082369682741248,1,58.0,0.48213942134173404,13,326.0
195.0,17,87.0,1.1917808219178083,6.493933274862706,13,322.0,0.17913383919786172,1,3.0,0.7033261541596342,3,69.0,0.3581294741797552,17,394.0
200.0,17,83.0,1.296875,5.61916173338725,7,319.0,0.2831055617786469,2,3.0,0.3394812438375989,8,100.0,0.41719218165043137,17,422.0
205.0,22,121.0,1.9206349206349207,4.119013079013105,4,240.0,0.2069553279070174,7,30.0,0.2656540228795223,11,144.0,0.13406456643503936,22,414.0
210.0,10,60.0,0.9375,5.774605895637578,4,181.0,0.25969476554041787,0,32.0,0.5641148352664754,6,146.0,0.23674845169019923,10,359.0
215.0,2,7.0,0.1111111111111111,7.220707448014696,1,177.0,0.29782214758705505,0,4.0,0.7878850707862476,1,93.0,0.4862797994180561,2,274.0
220.0,11,34.0,0.4927536231884058,6.333250249504855,6,199.0,0.24115961619514598,1,6.0,0.5576855181207553,4,101.0,0.45631087519315594,11,306.0
225.0,15,64.0,0.9696969696969697,5.63853100751227,4,192.0,0.29152422087667207,3,17.0,0.40079139523195284,8,130.0,0.2951476005773743,15,339.0
230.0,20,103.0,1.5846153846153845,3.75110676147911,4,155.0,0.2266594135385677,3,25.0,0.2508283828667003,13,179.0,0.11950504130376953,20,359.0
235.0,15,83.0,1.2769230769230768,5.51036119724335,4,176.0,0.2998869966497343,2,25.0,0.5270393739096636,9,180.0,0.31072472642787974,15,381.0
240.0,8,44.0,0.676923076923077,5.9068114018959035,6,205.0,0.21232187290976043,1,20.0,0.39829430955895345,1,103.0,0.41332178141660997,8,328.0
245.0,12,48.0,0.6956521739130435,6.32972185372849,5,195.0,0.1943585430324289,5,36.0,0.45757415187717415,2,56.0,0.4477830259144496,12,287.0
250.0,9,41.0,0.6307692307692307,7.431971351782641,4,156.0,0.2248114431378823,3,45.0,0.6439821409879587,2,28.0,0.5740763094718125,9,229.0
255.0,6,9.0,0.13043478260869565,6.838075134618699,3,98.0,0.2241403600845687,2,19.0,0.6176697547331891,1,4.0,0.47687231271385866,6,121.0
260.0,8,26.0,0.37681159420289856,7.929622349202293,1,104.0,0.344924221669524,2,15.0,0.723737570058645,5,15.0,0.5199189380634787,8,134.0
265.0,16,71.0,1.0923076923076922,6.217307732928424,5,114.0,0.286178566458605,6,25.0,0.3507601117928923,5,40.0,0.44805255713527237,16,179.0
270.0,11,66.0,1.064516129032258,5.537356070076194,4,108.0,0.3574848105010439,4,45.0,0.39542574532801034,3,43.0,0.4083574955275143,11,196.0
275.0,7,71.0,1.1639344262295082,6.665239214242452,2,77.0,0.3657833068472568,4,69.0,0.4338317857303984,1,18.0,0.5580014768133057,7,164.0
280.0,10,100.0,1.4492753623188406,6.086360625185869,2,67.0,0.23210575133347822,6,96.0,0.48678669185229967,2,7.0,0.39801071457606463,10,170.0
285.0,9,36.0,0.5070422535211268,6.553031815523235,7,88.0,0.1650731899709172,0,57.0,0.5954051402303441,2,14.0,0.501280798316267,9,159.0
290.0,7,21.0,0.28378378378378377,5.69041049582251,5,89.0,0.12018430732957655,1,7.0,0.4342625544844846,1,2.0,0.4356888178885193,7,98.0
295.0,8,30.0,0.4411764705882353,6.154163104114259,4,72.0,0.22423999573444212,0,2.0,0.4005567811807721,4,16.0,0.3217793674407352,8,90.0
300.0,11,69.0,1.1694915254237288,6.2027223869252825,3,51.0,0.24802077249421828,0,2.0,0.5960961600572157,8,50.0,0.255519320360622,11,103.0
305.0,7,32.0,0.48484848484848486,5.701517272747406,2,39.0,0.3116841598071938,2,8.0,0.4184820448052066,3,58.0,0.370123730587481,7,105.0
310.0,10,38.0,0.5588235294117647,6.746332964441633,3,43.0,0.27856885331593967,7,32.0,0.4397745119996623,0,30.0,0.5547734284333946,10,105.0
315.0,5,15.0,0.21739130434782608,5.622038681393601,3,46.0,0.19810836722198308,1,30.0,0.39759292327081724,1,34.0,0.35778175070722346,5,110.0
320.0,12,34.0,0.4927536231884058,6.5455219313780475,2,38.0,0.3545029273659809,6,16.0,0.4392439447842968,4,51.0,0.5296950616877706,12,105.0
325.0,14,53.0,0.7066666666666667,6.22736078686223,3,22.0,0.3270041486806208,6,40.0,0.45647008654661897,5,52.0,0.43931318147976545,14,114.0
330.0,12,41.0,0.5189873417721519,6.328537560057768,2,23.0,0.4213176617074293,8,59.0,0.38220650136294615,2,22.0,0.5182009794587698,12,104.0
335.0,10,44.0,0.5301204819277109,6.321074937324327,1,10.0,0.35216110573091836,7,49.0,0.3710569388865152,2,21.0,0.4078534701521439,10,80.0
340.0,17,78.0,0.9069767441860465,5.876222260090335,6,30.0,0.26286156187691967,9,59.0,0.29054742290155444,2,8.0,0.3867730589775381,17,97.0
345.0,19,70.0,0.8641975308641975,5.281132865441721,5,44.0,0.2988986349225386,10,81.0,0.1967117506298175,4,20.0,0.32775078604245217,19,145.0
350.0,23,66.0,0.8461538461538461,4.357785204993411,5,35.0,0.29140149991887726,12,91.0,0.22301690440688185,6,28.0,0.31726827114839534,23,154.0
355.0,17,61.0,0.7530864197530864,6.170174799504534,4,40.0,0.39367557981454593,10,115.0,0.31637462965170915,3,26.0,0.6112506610175692,17,181.0
360.0,12,56.0,0.6511627906976745,6.190296334792711,3,39.0,0.3533114783761931,9,125.0,0.2978460072696164,0,10.0,0.5195906036255763,12,174.0
365.0,16,90.0,1.0227272727272727,6.058034376708087,1,24.0,0.3322085368922782,10,139.0,0.2600885890035172,5,26.0,0.3308357918475121,16,189.0
370.0,22,82.0,1.0123456790123457,4.789081758119642,6,38.0,0.31031702836547825,13,157.0,0.133282564454787,3,34.0,0.36392042034337907,22,229.0
375.0,24,114.0,1.4430379746835442,4.68996077310177,9,76.0,0.2702890797594762,13,153.0,0.21380773637327716,2,21.0,0.4610296249348412,24,250.0
380.0,22,102.0,1.2592592592592593,4.798319430768342,6,87.0,0.30890258120481673,14,201.0,0.194676905267544,2,15.0,0.670458308340202,22,303.0
385.0,21,64.0,0.7032967032967034,5.2299050402886875,9,76.0,0.22583900196518555,9,216.0,0.24835621710706482,3,2.0,0.5218159338417956,21,294.0
390.0,21,71.0,0.797752808988764,4.689353755146511,7,95.0,0.23246038089800117,12,230.0,0.15790795334595162,2,5.0,0.44819211058985725,21,330.0
395.0,21,85.0,0.9883720930232558,4.279511851722111,9,136.0,0.1955040948385526,12,215.0,0.1248793976533058,0,7.0,0.5846478690138165,21,358.0
400.0,26,140.0,1.5730337078651686,4.486225912935511,6,147.0,0.2793327031866286,18,226.0,0.15283370488265346,2,7.0,0.560221495071938,26,380.0
405.0,25,232.0,2.6363636363636362,5.819230481722773,1,121.0,0.3753326706334504,22,287.0,0.23486374431345616,2,17.0,0.7282025874553811,25,425.0
410.0,25,238.0,2.5319148936170213,4.988943804725116,2,126.0,0.24472599109780507,19,342.0,0.2265801811854637,4,27.0,0.5311439646620513,25,495.0
415.0,25,193.0,2.075268817204301,5.114980966393359,8,152.0,0.16160583129796854,13,322.0,0.20888213718369564,4,47.0,0.6111512897562401,25,521.0
420.0,24,110.0,1.2359550561797752,3.502814130983081,14,209.0,0.08855362732208713,9,351.0,0.14343018356400494,1,19.0,0.3027833221911,24,579.0
425.0,29,146.0,1.6043956043956045,4.161390769595806,13,241.0,0.17888678290125504,11,366.0,0.16079440984757443,5,20.0,0.4097546014774404,29,627.0
430.0,24,146.0,1.5869565217391304,5.079805705194948,7,213.0,0.2977213730742783,16,411.0,0.13810182262768153,1,27.0,0.6141301123627853,24,651.0
435.0,33,229.0,2.5164835164835164,4.5773885021228695,7,223.0,0.19321844274117173,23,504.0,0.18705651078555938,3,10.0,0.5884815095841903,33,737.0
440.0,32,262.0,2.847826086956522,4.784616517933335,12,274.0,0.14116120719881936,18,530.0,0.22999245035818452,2,13.0,0.6351022112727207,32,817.0
445.0,33,225.0,2.4193548387096775,4.452909332433719,19,353.0,0.04208787440934888,12,459.0,0.250716898752476,2,0.0,0.46570499756278533,33,812.0
450.0,29,211.0,2.4823529411764707,4.905266678765142,20,451.0,0.08405524277698324,5,299.0,0.27958569239847647,4,11.0,0.3716491848240253,29,761.0
455.0,37,373.0,4.8441558441558445,4.224158126408883,22,556.0,0.03323945278412707,7,155.0,0.27798492944597836,8,39.0,0.11138629853522218,37,750.0
460.0,45,585.0,8.013698630136986,3.251454702509404,26,677.0,0.04023244392904315,9,140.0,0.218681983172384,10,86.0,0.1394370685566554,45,903.0
465.0,39,527.0,7.63768115942029,2.7626160646750035,24,715.0,0.08113699237660342,5,106.0,0.06305398126833152,10,136.0,0.2772482209333875,39,957.0
470.0,25,278.0,3.915492957746479,4.293991713455779,18,647.0,0.13813832615211039,2,46.0,0.5052514886457222,5,137.0,0.35134377769647035,25,830.0
475.0,23,205.0,2.7333333333333334,6.204197082016858,17,699.0,0.2007887934741358,3,29.0,0.5798918142406801,3,86.0,0.5589115842287996,23,814.0
480.0,22,219.0,2.8076923076923075,6.577576156273347,18,786.0,0.10171659101305312,2,39.0,0.6633462578117784,2,41.0,0.4495320994184584,22,866.0
485.0,17,115.0,1.4556962025316456,5.19788858672574,13,779.0,0.11176366864160175,3,23.0,0.4966782622042566,1,25.0,0.4180170700444199,17,827.0
490.0,15,62.0,0.8266666666666667,5.952062781660544,5,663.0,0.24407089903799975,6,20.0,0.4245609485539668,4,35.0,0.43636900699127856,15,718.0
495.0,10,30.0,0.3614457831325301,5.393433268828845,5,686.0,0.2301709260920768,3,29.0,0.347415405210427,2,25.0,0.4946103284028241,10,740.0
500.0,16,53.0,0.6463414634146342,5.5987186445274055,11,731.0,0.17143636861712439,5,22.0,0.35958543839410506,0,10.0,0.5583689614759855,16,763.0
505.0,21,55.0,0.6626506024096386,4.167193471103816,10,694.0,0.06897873776483594,7,39.0,0.28058644246992265,4,1.0,0.440251967542509,21,734.0
510.0,17,74.0,0.9135802469135802,5.5028909600196005,4,604.0,0.2607926013057382,11,69.0,0.2577957677507327,2,10.0,0.7007013080131601,17,683.0
515.0,18,75.0,0.9036144578313253,4.933291301997831,3,552.0,0.24143059855467655,12,99.0,0.25224614293191844,3,20.0,0.5541649884301567,18,671.0
520.0,16,62.0,0.7045454545454546,5.128254501808289,6,578.0,0.16457542154989238,10,116.0,0.24770501621880178,0,3.0,0.507851427298296,16,697.0
525.0,18,101.0,1.2625,4.361269636418825,11,626.0,0.12644308105651514,4,122.0,0.23968718942067688,3,9.0,0.39675265162833806,18,757.0
530.0,23,115.0,1.513157894736842,3.692167613798921,11,607.0,0.17156946808216073,6,120.0,0.22337059629751604,6,32.0,0.3680487937099513,23,759.0
535.0,21,109.0,1.379746835443038,4.282053472264167,7,453.0,0.28954685508372036,8,123.0,0.18188688324677346,6,57.0,0.4273871221889326,21,633.0
540.0,20,128.0,1.5421686746987953,4.365204841452661,7,469.0,0.16903967753312216,7,114.0,0.23988444078194343,6,87.0,0.35041627674122394,20,670.0
545.0,24,203.0,2.36046511627907,4.639805315868201,11,516.0,0.10698017155236711,4,91.0,0.3242499159671305,9,126.0,0.2025432159991494,24,733.0
550.0,19,80.0,1.0256410256410255,3.6738401887989514,11,501.0,0.12104356249971975,2,71.0,0.265119096580177,6,118.0,0.2540066880144831,19,690.0
555.0,12,40.0,0.5128205128205128,4.763178588600517,4,395.0,0.2517338442419791,6,69.0,0.29201841574659293,2,49.0,0.4352857247326462,12,513.0
560.0,18,84.0,1.0,5.381234840545929,1,330.0,0.2995363860078183,15,125.0,0.28265847791485016,2,38.0,0.4705563077697978,18,493.0
565.0,31,118.0,1.2688172043010753,4.779254024458605,8,347.0,0.14658073078337092,13,150.0,0.254900821637504,10,62.0,0.29802230702282473,31,559.0
570.0,18,63.0,0.7159090909090909,4.371452532473946,5,311.0,0.1501831910789712,9,134.0,0.14795971962734067,4,59.0,0.3825126736355623,18,504.0
575.0,9,30.0,0.379746835443038,5.694059573053791,1,209.0,0.21692885269698559,7,110.0,0.32767606096250246,1,26.0,0.370822436921726,9,345.0
580.0,7,17.0,0.21518987341772153,6.371456274060313,2,160.0,0.19825759343740887,3,116.0,0.47851773413260223,2,8.0,0.4282277981346546,7,284.0
585.0,16,59.0,0.7375,6.111915602611197,6,183.0,0.2608490598912281,8,116.0,0.39148630070265267,2,11.0,0.5343826064516287,16,310.0
590.0,23,120.0,1.4285714285714286,5.097074163810198,5,150.0,0.24077691919912758,14,159.0,0.26984370226493853,4,30.0,0.4681977826549843,23,339.0
595.0,22,125.0,1.524390243902439,5.131568023251325,4,82.0,0.3529367499790192,12,174.0,0.1917038417544539,6,52.0,0.5048137678887852,22,308.0
600.0,15,52.0,0.6341463414634146,4.999913039456808,2,53.0,0.2605656125072277,10,152.0,0.24782890094698665,3,40.0,0.35537791673751756,15,245.0
605.0,16,79.0,0.9294117647058824,5.846515290947849,9,78.0,0.1421929799239331,5,97.0,0.41089716955967276,2,21.0,0.4155831651510642,16,196.0
610.0,17,115.0,1.4743589743589745,6.2544376644298545,7,86.0,0.1423549423699493,8,109.0,0.4692173046782584,2,16.0,0.5242833051120306,17,211.0
615.0,10,26.0,0.34210526315789475,5.1102372008586086,3,56.0,0.16886699024124796,4,97.0,0.3328743621068658,3,5.0,0.3055225601060443,10,158.0
620.0,12,38.0,0.5,6.25213568191244,2,61.0,0.2783659325164453,7,58.0,0.32984148184560025,3,19.0,0.5913096084412236,12,138.0
625.0,22,113.0,1.4303797468354431,5.862847842375304,9,85.0,0.2094870942512083,7,68.0,0.32544089584239333,6,38.0,0.4669789821873066,22,191.0
630.0,11,37.0,0.4868421052631579,4.703853657202914,3,76.0,0.2815632740306671,7,75.0,0.14558151615964204,1,27.0,0.5785337303531966,11,178.0
635.0,9,35.0,0.45454545454545453,5.97183426569931,2,45.0,0.2446763911755516,7,58.0,0.32155668335682464,0,6.0,0.6604933071820847,9,109.0
640.0,7,13.0,0.1625,7.152777536692224,3,29.0,0.2348692481599295,2,53.0,0.475795931375507,2,3.0,0.5945824447807453,7,85.0
645.0,11,43.0,0.5308641975308642,7.50055373881717,3,31.0,0.3419179103594619,7,44.0,0.4403063115382371,1,4.0,0.7028260083090345,11,79.0
650.0,12,40.0,0.47058823529411764,6.167988214204938,1,19.0,0.31119553040636333,9,64.0,0.3386653396818683,2,12.0,0.5315274672722622,12,95.0
655.0,12,37.0,0.45121951219512196,6.003055452188371,4,31.0,0.34599369875332847,8,66.0,0.1869341076461271,0,4.0,0.6990558513366633,12,101.0
660.0,11,29.0,0.3972602739726027,4.8412963757344745,4,38.0,0.24253471391581188,7,81.0,0.17536362997276503,0,0.0,0.6836032153774951,11,119.0
665.0,17,51.0,0.68,5.507635296480698,5,42.0,0.28363444638634017,10,97.0,0.28236003669456544,2,9.0,0.6134386003186607,17,148.0
670.0,11,37.0,0.4625,5.528321050427709,2,45.0,0.33199722654198394,9,113.0,0.24497852318061852,0,2.0,0.7340288509502472,11,160.0
675.0,19,64.0,0.7441860465116279,5.346667953838103,5,62.0,0.2484671273987986,12,117.0,0.1639482589969385,2,7.0,0.5534412835360029,19,186.0
680.0,18,83.0,1.1066666666666667,4.320125243427211,10,99.0,0.18615947621096,8,139.0,0.12815253087199296,0,2.0,0.7012358159477503,18,240.0
685.0,22,88.0,1.1578947368421053,3.907321122137421,11,122.0,0.17635240046358866,8,143.0,0.21453743589633706,3,2.0,0.4650929165563913,22,267.0
690.0,23,134.0,1.654320987654321,5.686802966460001,8,125.0,0.32276684137391304,14,175.0,0.2813825346416759,1,4.0,0.7465182503841817,23,304.0
695.0,29,211.0,2.453488372093023,5.433994687020145,6,122.0,0.30093329860540824,21,258.0,0.21938060189527203,2,10.0,0.687545045692616,29,390.0
700.0,26,207.0,2.4069767441860463,4.631418105244117,8,157.0,0.19883804228681323,18,302.0,0.1692016116631651,0,4.0,0.6131305720943075,26,463.0
705.0,20,123.0,1.5375,4.826774635429862,7,172.0,0.18687129495326785,12,267.0,0.2181502928121626,1,0.0,0.5548192372301697,20,439.0
710.0,11,23.0,0.2911392405063291,4.531878915319941,3,150.0,0.15418206975824048,5,293.0,0.3082873231079791,3,8.0,0.2028892144163272,11,451.0
715.0,17,87.0,1.1012658227848102,6.199697746549739,2,120.0,0.325644295748822,9,314.0,0.32490074987704937,6,37.0,0.49923694893915505,17,471.0
720.0,21,135.0,1.6875,5.237510317947455,4,107.0,0.306019688706221,16,373.0,0.23535675245108187,1,36.0,0.5255907802872716,21,516.0
725.0,22,153.0,1.8214285714285714,5.956021222712711,4,100.0,0.38800102507824663,16,394.0,0.2615078317233324,2,16.0,0.5799467255082404,22,510.0
730.0,17,137.0,1.6506024096385543,6.390531645809023,4,106.0,0.38534630814400805,11,299.0,0.3173189604449896,2,16.0,0.44778503301555583,17,421.0
735.0,15,123.0,1.4642857142857142,6.023427820859266,6,122.0,0.3870758051975769,2,323.0,0.37127255087661987,7,40.0,0.1968340702266288,15,485.0
740.0,18,167.0,2.0875,5.9378472062206615,6,137.0,0.49405717251359293,7,343.0,0.2859880451163363,5,48.0,0.4373855273773152,18,528.0
745.0,24,184.0,2.13953488372093,5.216511982557422,10,159.0,0.41735956092528487,10,315.0,0.2515970775838964,4,26.0,0.43843683860621324,24,500.0
750.0,14,52.0,0.5909090909090909,6.411436424381543,3,110.0,0.45004230750621804,9,232.0,0.2864125964301064,2,18.0,0.5832884104170271,14,360.0
755.0,10,32.0,0.37209302325581395,6.245017903392468,4,32.0,0.34391958445921916,5,224.0,0.2672092836371376,1,8.0,0.5203944049426549,10,264.0
760.0,23,69.0,0.8117647058823529,4.891359672977925,9,50.0,0.2135024229771136,10,251.0,0.17352641161091856,4,23.0,0.44722341655287845,23,324.0
765.0,22,128.0,1.5421686746987953,5.284441348869149,5,66.0,0.4003979250764019,15,301.0,0.17193236393997288,2,28.0,0.6134778856402513,22,395.0
770.0,28,223.0,2.534090909090909,5.676750004585464,5,73.0,0.47352076440967666,21,382.0,0.22062010175013838,2,16.0,0.5445406479440302,28,471.0
775.0,28,301.0,3.3444444444444446,5.900955177306054,1,41.0,0.44339618697239463,24,490.0,0.22214242453699903,3,12.0,0.5839660062963935,28,543.0
780.0,26,283.0,3.1444444444444444,5.853342290833624,7,31.0,0.33349874390218515,18,492.0,0.24792076133238286,1,2.0,0.5379252104315094,26,525.0
785.0,21,166.0,1.8863636363636365,5.284207608136984,5,44.0,0.21902288956608446,12,404.0,0.1601841772687041,4,16.0,0.33661245244257443,21,464.0
790.0,20,103.0,1.3205128205128205,5.051050941933263,2,32.0,0.31445972463856836,10,281.0,0.21067224755904965,8,51.0,0.23205084507072954,20,364.0
795.0,17,82.0,1.025,5.3216644898691765,2,22.0,0.40209977025214677,7,305.0,0.30820516511937457,8,74.0,0.17569071452333884,17,401.0
800.0,17,63.0,0.7974683544303798,6.068218299001538,1,22.0,0.6329976588761406,10,296.0,0.2480455829255043,6,78.0,0.4282421729123714,17,396.0
805.0,26,109.0,1.2823529411764707,5.554025418052394,6,22.0,0.49268707860645744,15,331.0,0.2600981028353959,5,70.0,0.4159834358919946,26,423.0
810.0,17,104.0,1.1954022988505748,5.675633400484777,4,36.0,0.5758092870254126,11,318.0,0.24522644762356047,2,47.0,0.4176930718363615,17,401.0
815.0,20,75.0,0.8522727272727273,4.9404610106242135,1,18.0,0.3105490568154661,14,262.0,0.18215931996700058,5,58.0,0.29401099473945824,20,338.0
820.0,20,82.0,0.9213483146067416,5.443741928493011,7,21.0,0.2702957586136326,10,158.0,0.19729919382950542,3,58.0,0.26437254827226087,20,237.0
825.0,20,104.0,1.3333333333333333,5.537880332773718,9,57.0,0.3487402920373491,10,181.0,0.25176996147591785,1,37.0,0.3752704015866935,20,275.0
830.0,17,70.0,0.8974358974358975,4.649018378011048,4,64.0,0.3008970762214866,12,188.0,0.22343595132008853,1,16.0,0.39010455207880046,17,268.0
835.0,18,61.0,0.7261904761904762,5.904300877027104,2,34.0,0.4930666842263993,16,228.0,0.24571005272143753,0,15.0,0.6114646379610663,18,277.0
840.0,18,54.0,0.6136363636363636,5.498239587029672,3,27.0,0.44837292702085724,10,210.0,0.17965350521605722,5,29.0,0.24505272209738038,18,266.0
845.0,30,163.0,1.8953488372093024,4.822128163371477,7,50.0,0.2726517615779762,13,212.0,0.15970741638571828,10,64.0,0.17605304003967895,30,326.0
850.0,34,254.0,3.2987012987012987,3.4663160144545966,10,97.0,0.20614154496504017,12,232.0,0.14593675486533395,12,118.0,0.23758013144150852,34,447.0
855.0,36,270.0,3.292682926829268,3.1005252869700697,14,161.0,0.18690387671979308,14,214.0,0.12331037071730114,8,137.0,0.2819010594186918,36,512.0
860.0,27,177.0,2.107142857142857,4.6416027512802245,11,179.0,0.34987666698734254,13,242.0,0.19827903488851983,3,107.0,0.5028058497107606,27,528.0
865.0,21,102.0,1.0851063829787233,5.297200500497552,8,141.0,0.2795772763554761,8,257.0,0.2995128786163635,5,66.0,0.32377492928131607,21,464.0
870.0,19,136.0,1.431578947368421,6.79127257892656,6,118.0,0.31153457147242386,9,267.0,0.330894029272903,4,43.0,0.5073436146848389,19,428.0
875.0,18,134.0,1.4408602150537635,5.864432876072706,5,111.0,0.30320722682068363,9,264.0,0.26603308247530866,4,61.0,0.4005112572500209,18,436.0
880.0,21,150.0,1.6666666666666667,5.139571963450721,1,83.0,0.4064055577226189,14,243.0,0.1915685224481229,6,92.0,0.3874587715661843,21,418.0
885.0,25,123.0,1.3666666666666667,5.725533527269151,4,91.0,0.5023883070856306,21,244.0,0.16777788420980608,0,55.0,0.5779564709275526,25,390.0
890.0,29,142.0,1.5604395604395604,4.950722109174882,9,122.0,0.3565159132986452,19,305.0,0.13933591964529862,1,5.0,0.5387123950874325,29,432.0
895.0,27,146.0,1.6781609195402298,4.644568590765045,11,168.0,0.22765450652476704,15,326.0,0.13297511027637146,1,6.0,0.6178313507730446,27,500.0
900.0,26,195.0,2.4074074074074074,3.825161673037757,18,243.0,0.1420377111706083,7,328.0,0.21974125776903997,1,8.0,0.41600638648104943,26,579.0
905.0,30,227.0,2.6705882352941175,4.051884918057412,16,289.0,0.20955803484286958,10,300.0,0.17617311970018104,4,25.0,0.4810424688610942,30,614.0
910.0,23,150.0,1.6666666666666667,4.798517190219462,10,266.0,0.2874193938844306,13,321.0,0.18060429402188974,0,10.0,0.7145557321447322,23,597.0
915.0,25,131.0,1.3505154639175259,4.760061942802593,11,318.0,0.18033796867879198,12,305.0,0.12295951678260317,2,3.0,0.6217042822736781,25,626.0
920.0,22,103.0,1.10752688172043,4.371896288261893,13,377.0,0.12506904643495362,7,292.0,0.15325905434914538,2,10.0,0.5131638268185043,22,679.0
925.0,27,83.0,0.9431818181818182,2.67431033555356,13,388.0,0.13645414395758038,12,271.0,0.11030099621517275,2,8.0,0.35984036641967476,27,667.0
930.0,21,77.0,0.8555555555555555,4.613996702911559,6,325.0,0.25427635032998025,13,271.0,0.19843600604987488,2,11.0,0.5965433673122249,21,607.0
935.0,16,55.0,0.5913978494623656,5.266469062330223,5,338.0,0.22127854942961403,9,245.0,0.26173919420532815,2,21.0,0.5858217938290567,16,604.0
940.0,16,72.0,0.7422680412371134,5.45061230878644,8,374.0,0.10450014980657805,7,213.0,0.3373809674410145,1,6.0,0.38322919133070354,16,593.0
945.0,26,136.0,1.5280898876404494,5.2627781221266865,9,370.0,0.14136624065263242,11,227.0,0.29381816596561,6,19.0,0.3556909673706838,26,616.0
950.0,16,94.0,1.1604938271604939,3.975617632001857,4,307.0,0.13768924393090862,12,233.0,0.18405897889253595,0,22.0,0.26427801191169425,16,562.0
955.0,21,100.0,1.25,5.1620033033082295,4,233.0,0.28744217305316083,14,234.0,0.2493692488660185,3,12.0,0.560986194505623,21,479.0
960.0,18,83.0,0.9764705882352941,5.048167434939614,5,197.0,0.282920549357197,11,272.0,0.25255984619085614,2,22.0,0.6513295809882147,18,491.0
965.0,16,84.0,0.9130434782608695,5.583217587562637,1,158.0,0.31748288336005975,11,284.0,0.2678003084562712,4,38.0,0.5391766672774488,16,480.0
970.0,13,47.0,0.5529411764705883,4.635758039602984,5,173.0,0.28607582358909817,8,278.0,0.1627525101319908,0,12.0,0.40364806981844864,13,463.0
975.0,27,109.0,1.2976190476190477,4.046030431694516,11,213.0,0.2356166577376054,12,243.0,0.1126600182951925,4,15.0,0.38138975842764006,27,471.0
980.0,20,84.0,0.9882352941176471,4.363398492992559,8,211.0,0.3152007720897265,12,283.0,0.1365575178808874,0,11.0,0.6502959271747406,20,505.0
985.0,19,66.0,0.7333333333333333,4.897108201181252,7,164.0,0.2838709011338101,8,301.0,0.22574684434091663,4,3.0,0.498829913178618,19,468.0
990.0,19,76.0,0.8351648351648352,5.067047976653562,6,116.0,0.2017502950410089,11,301.0,0.22500700355869702,2,11.0,0.5765493428178825,19,428.0
995.0,17,71.0,0.7888888888888889,4.544819680240453,6,132.0,0.26262192029699727,11,264.0,0.15964894724917633,0,2.0,0.7270731096640491,17,398.0
1000.0,25,138.0,1.4375,5.045549372453611,7,165.0,0.27579142350750396,16,238.0,0.17642267627365657,2,3.0,0.6491409074725389,25,406.0
1005.0,22,180.0,1.9565217391304348,5.131764640416936,2,156.0,0.391263372641216,19,262.0,0.14117807144235736,1,2.0,0.7817003693744867,22,420.0
1010.0,22,178.0,1.8541666666666667,4.52558094102188,5,161.0,0.27743798805448744,16,304.0,0.16595439181349733,1,1.0,0.5543653136913782,22,466.0
1015.0,21,110.0,1.134020618556701,5.042438096158737,6,165.0,0.208461872553794,14,292.0,0.23492833401922228,1,0.0,0.6002143913659052,21,457.0
1020.0,17,79.0,0.8494623655913979,5.278809916880201,5,139.0,0.15243905267840732,9,250.0,0.27937280300194295,3,10.0,0.28895789497795094,17,399.0
1025.0,18,71.0,0.7717391304347826,4.620800750630725,6,124.0,0.20667222527850182,9,258.0,0.2171023415022059,3,25.0,0.32754253549759543,18,407.0
1030.0,15,62.0,0.6966292134831461,4.702566062975433,2,130.0,0.22502965762507937,13,264.0,0.2088581977733754,0,17.0,0.6998968541527183,15,411.0
1035.0,22,73.0,0.7525773195876289,5.056003540280426,6,160.0,0.2097374406260035,14,274.0,0.20169453602165618,2,5.0,0.5943316615605366,22,439.0
1040.0,17,52.0,0.5652173913043478,5.414173601109315,5,163.0,0.24623563029897674,9,251.0,0.24396279520721897,3,15.0,0.6770444613463604,17,429.0
1045.0,19,72.0,0.7741935483870968,4.821263114490155,5,123.0,0.16665811910984363,9,200.0,0.23852865868399858,5,23.0,0.30584956530145513,19,346.0
1050.0,20,120.0,1.3043478260869565,5.774206643860917,4,99.0,0.2278299509150005,15,247.0,0.24230039084381358,1,7.0,0.5965415303733024,20,353.0
1055.0,18,119.0,1.3370786516853932,5.052070238004088,2,94.0,0.16393388167382297,15,267.0,0.17354817137860884,1,6.0,0.4232742939850557,18,367.0
1060.0,20,102.0,1.2142857142857142,4.401480432629803,1,82.0,0.2756693575325713,16,223.0,0.11268380556853377,3,18.0,0.5042230806360078,20,323.0
1065.0,22,108.0,1.3333333333333333,4.55857366195405,4,92.0,0.3461451009446525,13,268.0,0.12607746182114543,5,34.0,0.5072351771056488,22,394.0
1070.0,25,116.0,1.380952380952381,4.426906737626975,10,124.0,0.2336471992820146,14,311.0,0.17711020517547016,1,18.0,0.4104460823356753,25,453.0
1075.0,21,141.0,1.6588235294117648,4.62404254043069,12,176.0,0.1473169163423315,6,309.0,0.24298585983278292,3,9.0,0.5651978925279463,21,494.0
1080.0,22,130.0,1.5662650602409638,4.267813475771524,11,203.0,0.1954340005848312,10,274.0,0.21633654496974183,1,3.0,0.5943485956610088,22,480.0
1085.0,27,172.0,1.8695652173913044,5.182335589254758,13,192.0,0.20702020356524178,12,254.0,0.24702009590183271,2,12.0,0.6005041866241192,27,458.0
1090.0,28,213.0,2.3666666666666667,5.021514319708817,12,177.0,0.232995982871736,16,256.0,0.19349568087501887,0,5.0,0.720966450404814,28,438.0
1095.0,27,162.0,1.6875,4.337548334622393,9,205.0,0.19495810953487014,16,299.0,0.18795882391628943,2,3.0,0.5332145475312401,27,507.0
1100.0,25,126.0,1.2989690721649485,5.296821838860282,10,252.0,0.2342102618873339,14,303.0,0.2395649903271672,1,2.0,0.46791380702958496,25,557.0
1105.0,17,54.0,0.5806451612903226,4.646375327749992,5,254.0,0.1882267454114952,5,302.0,0.247828361472465,7,18.0,0.21000003996987832,17,574.0
1110.0,17,59.0,0.6941176470588235,4.60730139908065,4,229.0,0.2913697973584317,9,289.0,0.22396175634447862,4,28.0,0.4814134850915931,17,546.0
1115.0,14,86.0,0.9555555555555556,5.054809203883274,1,204.0,0.36350457222170907,13,302.0,0.16702903468759334,0,21.0,0.6484018178586276,14,527.0
1120.0,20,99.0,1.0206185567010309,5.16912447349792,2,212.0,0.31475149172059924,16,320.0,0.17567780962217197,2,13.0,0.5898752403562492,20,545.0
1125.0,22,112.0,1.1546391752577319,5.549866484569231,8,237.0,0.20971881454639626,12,296.0,0.252867855715403,2,17.0,0.6245882579228527,22,550.0
1130.0,23,139.0,1.5108695652173914,4.671500662950768,13,290.0,0.06926173661301456,9,234.0,0.2558540529821827,1,1.0,0.3559612631109132,23,525.0
1135.0,36,293.0,3.4069767441860463,4.621250802959799,17,369.0,0.11154890353277364,14,211.0,0.1876745816964037,5,15.0,0.40500550430156607,36,595.0
1140.0,44,412.0,5.024390243902439,2.89538831342459,22,466.0,0.027103442225937396,16,244.0,0.11676524918201395,6,42.0,0.07463623498901079,44,752.0
1145.0,34,329.0,4.012195121951219,3.503491792827458,19,508.0,0.1326209288867511,14,236.0,0.17402863400456697,1,43.0,0.4941955582932713,34,787.0
1150.0,25,195.0,2.3780487804878048,5.0323939306556955,14,462.0,0.21177959697966317,11,263.0,0.2658820493088294,0,13.0,0.8240560215733478,25,738.0
1155.0,22,179.0,1.988888888888889,5.106865932031303,14,518.0,0.12092806318246964,6,233.0,0.2964364302527556,2,4.0,0.5561140199626103,22,755.0
1160.0,23,167.0,1.8764044943820224,5.234413348034838,17,598.0,0.1096166392751453,6,211.0,0.27667677747478436,0,0.0,0.7238991188687779,23,809.0
1165.0,28,137.0,1.630952380952381,3.6899653234453376,13,605.0,0.12786189254492925,10,165.0,0.1647189367478139,5,9.0,0.40456531559234354,28,779.0
1170.0,19,89.0,1.0595238095238095,4.817027177701327,5,528.0,0.2840266002404167,10,196.0,0.20981354571586078,4,28.0,0.5578252991599976,19,752.0
1175.0,12,46.0,0.5348837209302325,5.098809825198968,4,422.0,0.2726876515416127,8,195.0,0.22607605322982094,0,19.0,0.4770192952317996,12,636.0
1180.0,10,24.0,0.25806451612903225,5.068826583587513,2,408.0,0.2394173473747482,6,188.0,0.22928591440350585,2,7.0,0.45584970665454416,10,603.0
1185.0,16,57.0,0.6477272727272727,5.085844059160638,6,424.0,0.2292015073278915,9,142.0,0.19948865415194178,1,6.0,0.6522743063813754,16,572.0
1190.0,27,122.0,1.326086956521739,4.629362949775726,5,400.0,0.22972342153640568,18,165.0,0.1738251341124862,4,21.0,0.4972676518717575,27,586.0
1195.0,29,237.0,2.662921348314607,5.256078943796207,4,334.0,0.34537372740235195,20,227.0,0.173475130838864,5,45.0,0.5482192718636186,29,606.0
1200.0,24,203.0,2.3068181818181817,4.2797673909083676,3,239.0,0.295615219172471,18,281.0,0.17584114931740932,3,44.0,0.342969473590824,24,564.0
1205.0,20,150.0,1.6129032258064515,5.16516437498514,5,200.0,0.30389919260867926,12,268.0,0.24573865133620026,3,25.0,0.3291934799652919,20,493.0
1210.0,13,94.0,1.010752688172043,5.982566401364886,4,159.0,0.3046685187673405,7,275.0,0.3077734112128285,2,23.0,0.38935180698638666,13,457.0
1215.0,17,152.0,1.6344086021505377,5.883131520076117,6,151.0,0.3184591608440051,7,295.0,0.28062146580585245,4,37.0,0.45956297054789275,17,483.0
1220.0,10,27.0,0.2903225806451613,5.150102421375465,1,115.0,0.42325627100880164,9,285.0,0.1650004989371982,0,15.0,0.5567426762149663,10,415.0
1225.0,24,74.0,0.7708333333333334,5.13839362579937,6,85.0,0.31528657850710445,12,250.0,0.12314079534296461,6,17.0,0.3229604657871408,24,352.0
1230.0,29,184.0,2.13953488372093,4.591376305230704,8,116.0,0.1848548401322331,14,212.0,0.14904271160153024,7,42.0,0.2231477605015244,29,370.0
1235.0,34,297.0,3.9078947368421053,3.99361208553944,13,169.0,0.10583906517670556,18,225.0,0.160253697707321,3,51.0,0.3449494424734511,34,445.0
1240.0,35,383.0,4.974025974025974,4.833458465356156,11,182.0,0.15943679028890137,22,319.0,0.19069108803668097,2,18.0,0.4661930475813472,35,519.0
1245.0,29,317.0,4.283783783783784,5.192851805328163,9,164.0,0.2251323457178412,17,361.0,0.2218074323195613,3,16.0,0.5270927506051117,29,541.0
1250.0,27,216.0,2.8051948051948052,4.379467969491392,10,213.0,0.21029755495321203,13,295.0,0.14484112006020464,4,33.0,0.42599114099421104,27,541.0
1255.0,18,141.0,1.8311688311688312,5.072408551736732,8,255.0,0.2839551795852935,10,320.0,0.2085324751268734,0,20.0,0.6215171678715686,18,595.0
1260.0,22,136.0,1.7662337662337662,5.1957711865805285,12,305.0,0.20857984414326788,10,368.0,0.2984145973166253,0,2.0,0.6482599991428666,22,675.0
1265.0,21,130.0,1.625,4.309154387825712,13,365.0,0.11024029822031402,7,351.0,0.2972553155207714,1,1.0,0.5193899887858096,21,717.0
1270.0,25,142.0,1.775,4.547766416381497,12,374.0,0.19730711684003618,8,282.0,0.27395397854677445,5,18.0,0.5317824050703659,25,674.0
1275.0,18,129.0,1.5,5.257858751637719,11,360.0,0.2652927865595138,7,238.0,0.29212020576939657,0,17.0,0.5711666838278036,18,615.0
1280.0,19,95.0,1.0674157303370786,5.445470027326148,10,372.0,0.2850569540139348,9,257.0,0.24849979820723117,0,2.0,0.8156351889446484,19,631.0
1285.0,26,103.0,1.0618556701030928,5.22741785802189,15,428.0,0.12071243494536434,8,253.0,0.2891443469646475,3,0.0,0.4455175594226007,26,681.0
1290.0,20,78.0,0.8478260869565217,4.889972319272424,10,447.0,0.1449325555517413,8,252.0,0.221054587466183,2,9.0,0.6310081486857972,20,708.0
1295.0,15,54.0,0.627906976744186,4.762172954423453,3,364.0,0.27127166248352236,11,217.0,0.1958369261211942,1,4.0,0.6389884737789425,15,585.0
1300.0,18,54.0,0.5934065934065934,5.406303816456195,2,304.0,0.32243242827120006,14,219.0,0.17918502268146985,2,11.0,0.6524616212037062,18,534.0
1305.0,12,49.0,0.550561797752809,4.972234198294837,1,301.0,0.34447099017880717,11,231.0,0.10824728225222885,0,2.0,0.6747825180650755,12,534.0
1310.0,20,113.0,1.2417582417582418,5.007162163652718,4,315.0,0.17078989800712654,13,273.0,0.19415176419943683,3,2.0,0.3119357870703594,20,590.0
1315.0,24,130.0,1.5476190476190477,4.654977781029029,11,354.0,0.18254429180763038,11,276.0,0.22125492184037984,2,1.0,0.6239539513046738,24,631.0
1320.0,25,164.0,2.05,4.528455678234474,13,417.0,0.18661139965746792,11,213.0,0.14297158895667966,1,8.0,0.7848192544467631,25,638.0
1325.0,31,179.0,2.0813953488372094,4.897169112985541,12,420.0,0.27686195316680473,18,181.0,0.1776581062679212,1,2.0,0.744847610374267,31,603.0
1330.0,23,149.0,1.7529411764705882,5.154404916368319,10,359.0,0.2962868563862642,13,225.0,0.24843906058862794,0,0.0,0.8471719374030459,23,584.0
1335.0,24,118.0,1.2553191489361701,5.2709268944258545,10,283.0,0.1955846565014048,13,229.0,0.2547213979628011,1,1.0,0.5010279714352245,24,513.0
1340.0,23,129.0,1.4175824175824177,5.133360009132628,9,318.0,0.19379727989539355,10,216.0,0.2257068942091968,4,15.0,0.3732704173086153,23,549.0
1345.0,34,152.0,1.7272727272727273,3.893018098879179,13,369.0,0.10814418911830664,12,231.0,0.1526887523038174,9,47.0,0.1527098565954869,34,647.0
1350.0,26,151.0,1.8641975308641976,3.916223865103119,11,426.0,0.22348534395379646,13,200.0,0.09382048674981883,2,49.0,0.4490630056085587,26,675.0
1355.0,26,161.0,1.9876543209876543,4.521064772838535,13,483.0,0.23042687895126265,13,236.0,0.18246979277359732,0,11.0,0.7192256430336074,26,730.0
1360.0,21,117.0,1.2857142857142858,5.090301546192251,11,473.0,0.15604163718946665,8,232.0,0.25790960326309376,2,6.0,0.5794950034506582,21,711.0
1365.0,17,89.0,1.0113636363636365,5.7287294038025465,8,347.0,0.1999482468835199,7,228.0,0.2905522279679537,2,16.0,0.6144436559298703,17,591.0
1370.0,24,110.0,1.1956521739130435,4.823259007709736,8,306.0,0.19113133661072315,12,211.0,0.22031419611424088,4,31.0,0.41162673603123656,24,548.0
1375.0,26,131.0,1.4395604395604396,4.748115798688836,9,345.0,0.3131286361723614,13,235.0,0.15886029053929318,4,51.0,0.5718208645299588,26,631.0
1380.0,23,95.0,1.0555555555555556,4.765348249243663,9,385.0,0.2568038900250683,14,238.0,0.13407140540948131,0,21.0,0.5459928039954415,23,644.0
1385.0,21,113.0,1.2988505747126438,4.857176116281995,5,370.0,0.2018672708489643,14,262.0,0.17129434857226106,2,4.0,0.3196815835432832,21,636.0
1390.0,26,205.0,2.5949367088607596,5.658075831179657,3,306.0,0.25982170716695485,19,323.0,0.2376673748756264,4,23.0,0.4721743596503562,26,652.0
1395.0,31,327.0,4.246753246753247,4.370002416700283,5,315.0,0.1645000620787376,22,409.0,0.10084738141575726,4,43.0,0.3513936350591888,31,767.0
1400.0,30,338.0,4.63013698630137,3.993017072172891,6,336.0,0.17756337076245735,19,444.0,0.0629100612180325,5,68.0,0.3964510020577085,30,848.0
1405.0,29,255.0,3.642857142857143,3.227499744556381,8,321.0,0.16444177904952578,11,387.0,0.15729228845632523,10,101.0,0.2689093054605115,29,809.0
1410.0,22,256.0,3.506849315068493,5.191309901854905,7,282.0,0.3106844749957518,7,268.0,0.3040228613666751,8,141.0,0.41979730000147747,22,691.0
1415.0,19,249.0,3.2337662337662336,5.182559267673738,4,213.0,0.3421943599445357,6,190.0,0.32012828184078956,9,183.0,0.37460962416364485,19,586.0
1420.0,24,266.0,3.0930232558139537,4.279705396468624,4,205.0,0.25052415855122306,8,171.0,0.31033181913316044,12,235.0,0.2837142325201743,24,611.0
1425.0,23,126.0,1.4,4.078001100003859,7,233.0,0.16389328172164117,6,183.0,0.3070884773427863,10,216.0,0.27789758005548765,23,632.0
1430.0,25,114.0,1.2127659574468086,4.114319188127743,14,286.0,0.09612466266533441,6,180.0,0.35076563398890975,5,121.0,0.19803739111982588,25,587.0
1435.0,25,178.0,1.913978494623656,4.243958032846168,15,360.0,0.14058289680224811,7,175.0,0.2751743659757359,3,91.0,0.3102859581315468,25,626.0
1440.0,31,184.0,2.0,3.5426248460000154,14,369.0,0.09424261905468721,10,137.0,0.18359226291566327,7,115.0,0.2948723687503316,31,621.0
1445.0,28,133.0,1.3711340206185567,3.747945734160371,12,294.0,0.150062016469105,9,168.0,0.21923360311988033,7,113.0,0.24779416389634043,28,575.0
1450.0,22,86.0,0.86,4.127645984245314,10,335.0,0.11931882937979249,9,176.0,0.20840275408133163,3,74.0,0.29376501209740413,22,585.0
1455.0,25,141.0,1.3689320388349515,5.152493295958942,13,395.0,0.06536508278012725,10,199.0,0.27185373576316557,2,27.0,0.34051435671729735,25,621.0
1460.0,30,230.0,2.4468085106382977,5.852165465786543,14,464.0,0.11499919922533586,14,246.0,0.3533036954678425,2,23.0,0.6370354261904693,30,733.0
1465.0,26,151.0,1.6593406593406594,4.032619545573971,11,439.0,0.06418011243352037,13,249.0,0.23943600489036432,2,7.0,0.3582465269198202,26,695.0
1470.0,26,114.0,1.2954545454545454,4.350832733107666,8,367.0,0.22153241701252616,13,201.0,0.15241993174776536,5,25.0,0.3796951482501591,26,593.0
1475.0,24,157.0,1.8045977011494252,5.455301768944417,7,292.0,0.25431442096603735,9,165.0,0.2970607947140607,8,60.0,0.4213409338806582,24,517.0
1480.0,18,140.0,1.5384615384615385,5.488683911227016,5,302.0,0.3216166651588487,10,167.0,0.30226937390512754,3,63.0,0.4782435363574967,18,532.0
1485.0,23,199.0,2.139784946236559,5.888440609777646,9,338.0,0.3484308330673414,14,191.0,0.30873989277926184,0,11.0,0.5397318800933277,23,540.0
1490.0,23,136.0,1.4166666666666667,4.1279815963127975,7,331.0,0.23622355386465488,16,219.0,0.20721943724410424,0,10.0,0.26486614696978794,23,560.0
1495.0,23,92.0,0.9484536082474226,4.797785504294837,3,283.0,0.23396994006490743,12,184.0,0.2428132159173411,8,33.0,0.310568154683767,23,500.0
1500.0,16,98.0,1.053763440860215,5.169575519365207,4,228.0,0.23701100852016038,8,163.0,0.28537007270953924,4,40.0,0.21659257739495363,16,431.0
1505.0,14,76.0,0.8172043010752689,5.923546165712587,4,200.0,0.31134635051102505,6,162.0,0.35970368348944404,4,40.0,0.2833408952849469,14,402.0
1510.0,11,33.0,0.3626373626373626,5.422673414566891,1,170.0,0.3322681152794696,8,166.0,0.27702468924870743,2,40.0,0.3900402075759946,11,376.0
1515.0,26,123.0,1.2551020408163265,5.7113351620059625,7,189.0,0.3161257341263759,14,185.0,0.2184413114760578,5,60.0,0.3640081994846467,26,434.0
1520.0,33,221.0,2.3763440860215055,4.694932269288846,10,228.0,0.357398808705761,18,239.0,0.171842092804429,5,63.0,0.3690041909689716,33,530.0
1525.0,32,169.0,1.7789473684210526,3.578106693648679,10,232.0,0.2326789680454158,15,262.0,0.21207453160950188,7,51.0,0.2247494741910345,32,545.0
1530.0,23,99.0,1.0206185567010309,5.206738707982171,8,180.0,0.21360662795520818,11,232.0,0.2733091019700188,4,39.0,0.3327385898511041,23,451.0
1535.0,14,66.0,0.6875,6.167978725585571,6,195.0,0.14966697054939102,6,154.0,0.4021892081949072,2,35.0,0.3954280365150448,14,384.0
1540.0,20,75.0,0.78125,5.088698824383883,13,244.0,0.13367841208752404,6,168.0,0.24736507190559562,1,19.0,0.4228612430123855,20,431.0
1545.0,33,156.0,1.7727272727272727,4.160025069839509,17,317.0,0.1691228435287175,11,186.0,0.1425460681456756,5,34.0,0.43366361888283506,33,537.0
1550.0,30,146.0,1.6222222222222222,3.176243574459571,15,338.0,0.13306822797015283,10,182.0,0.15897444169818667,5,41.0,0.31052747756701016,30,561.0
1555.0,22,100.0,1.0638297872340425,4.3720131835664455,12,301.0,0.1504068710884208,6,138.0,0.3019758006286821,4,38.0,0.29959892346058314,22,477.0
1560.0,19,114.0,1.2127659574468086,5.811216879839208,11,228.0,0.13762736489435184,7,106.0,0.4302946896360308,1,22.0,0.38161588642167515,19,356.0
1565.0,24,172.0,1.7916666666666667,6.640697104440016,11,202.0,0.2548153272349047,9,136.0,0.46073445784107353,4,35.0,0.32450892096411876,24,373.0
1570.0,22,168.0,1.8876404494382022,5.6527089966642405,9,196.0,0.2919304413721537,6,125.0,0.2556573610899671,7,62.0,0.2745839506123641,22,383.0
1575.0,30,220.0,2.6506024096385543,5.0022155349470205,8,207.0,0.3740407373701569,10,108.0,0.22757481257969805,12,114.0,0.23645723826208984,30,429.0
1580.0,17,128.0,1.5609756097560976,5.791729292350066,1,159.0,0.5563316123280156,10,97.0,0.2009752871517955,6,122.0,0.39431389265415623,17,378.0
1585.0,23,126.0,1.4157303370786516,5.7741138796770155,5,120.0,0.4267906203542965,12,132.0,0.2619361040200578,6,76.0,0.3451857530189477,23,328.0
1590.0,22,172.0,1.9770114942528736,5.291405638352807,4,118.0,0.25810654161477603,15,180.0,0.2842446025868005,3,83.0,0.40228974521574273,22,381.0
1595.0,26,270.0,3.103448275862069,4.837326769590218,3,84.0,0.232495902763358,18,249.0,0.2759425168440105,5,102.0,0.27315710364633217,26,435.0
1600.0,29,234.0,2.6,4.154513859901015,2,82.0,0.3472836405858614,18,291.0,0.23403925732050637,9,140.0,0.18608131301162545,29,513.0
1605.0,27,167.0,1.8555555555555556,4.704515507298314,5,99.0,0.3792745294856885,14,263.0,0.15594069233138588,8,147.0,0.2299681087390513,27,509.0
1610.0,19,63.0,0.7411764705882353,3.651027610934612,6,96.0,0.192873592754971,6,274.0,0.20145355396878084,7,117.0,0.19505526336712545,19,487.0
1615.0,21,81.0,0.9529411764705882,5.410246450127622,4,88.0,0.3999282146518391,9,292.0,0.31520420410421895,8,90.0,0.3064297020107688,21,470.0
1620.0,20,105.0,1.1538461538461537,5.07950165901199,0,63.0,0.4299220536504605,15,336.0,0.2597841944635817,5,106.0,0.2847064295769761,20,505.0
1625.0,31,216.0,2.297872340425532,4.751709540086457,4,76.0,0.42413410920823874,21,430.0,0.1424902345056448,6,136.0,0.263238213063304,31,642.0
1630.0,40,357.0,4.103448275862069,3.2675823704784457,9,109.0,0.3727529290218123,28,549.0,0.019496419113249813,3,134.0,0.2577292893309713,40,792.0
1635.0,31,315.0,3.4615384615384617,3.224376512913719,7,114.0,0.2518366287579434,19,587.0,0.11647762242874408,5,120.0,0.23888204924514403,31,821.0
1640.0,22,185.0,2.010869565217391,5.183291833688028,7,95.0,0.30390989138533286,12,512.0,0.24467527368286518,3,108.0,0.3493138211356774,22,715.0
1645.0,18,82.0,0.8631578947368421,6.147460756107205,7,70.0,0.2340596627219233,7,357.0,0.3970871271663199,4,86.0,0.28986130682196226,18,513.0
1650.0,15,91.0,1.011111111111111,6.304739923927893,4,86.0,0.27057827784520017,7,365.0,0.36546678152191325,4,87.0,0.463329760774867,15,538.0
1655.0,15,53.0,0.6022727272727273,5.171744897603997,5,109.0,0.2755559286985534,9,365.0,0.15570330154960818,1,55.0,0.47114119041017244,15,529.0
1660.0,30,155.0,1.684782608695652,5.02216859116523,8,144.0,0.2597289104237251,17,385.0,0.164920409147846,5,59.0,0.3931195629901527,30,588.0
1665.0,22,112.0,1.302325581395349,4.3328001498769195,7,146.0,0.2880133256631361,11,360.0,0.17920553974051043,4,68.0,0.3669818816327467,22,574.0
1670.0,18,46.0,0.5111111111111111,4.270654144580134,5,118.0,0.23369452468984575,10,265.0,0.25232070816001445,3,43.0,0.21362443879719106,18,426.0
1675.0,17,54.0,0.5934065934065934,5.014801466113264,7,146.0,0.17137242528432042,7,286.0,0.3009941712358782,3,29.0,0.3374157555409318,17,461.0
1680.0,22,103.0,1.1444444444444444,5.085347420369005,10,194.0,0.12689456119877113,10,298.0,0.24645321136795736,2,28.0,0.5315249467785411,22,520.0
1685.0,30,192.0,2.0869565217391304,4.396157665735156,14,255.0,0.14565642040719617,15,328.0,0.16138469853758472,1,8.0,0.6069312817364603,30,591.0
1690.0,31,181.0,1.989010989010989,3.8202132780797986,9,263.0,0.2156079821456937,16,325.0,0.09317133673867208,6,24.0,0.4213437408014681,31,612.0
1695.0,30,138.0,1.5,3.8882815701052698,8,191.0,0.1835218727130305,15,252.0,0.1618665433855884,7,36.0,0.1917169374559696,30,479.0
1700.0,19,120.0,1.3953488372093024,5.830191100815756,7,177.0,0.24295951079435038,9,215.0,0.3480545712863194,3,39.0,0.37590121006645305,19,431.0
1705.0,26,184.0,2.067415730337079,6.236834661319616,11,155.0,0.12664988814919662,11,215.0,0.4731369215616442,4,30.0,0.398141056621631,26,400.0
1710.0,18,147.0,1.7093023255813953,6.5634442957910055,9,171.0,0.25661055557993184,6,203.0,0.35875662145059256,3,30.0,0.5436656148269347,18,404.0
1715.0,15,78.0,0.975,5.69449888558153,2,163.0,0.36766612120292613,10,159.0,0.2539656137647107,3,41.0,0.4760365775455029,15,363.0
1720.0,17,98.0,1.1666666666666667,5.776527341963184,5,163.0,0.3963883033063289,7,144.0,0.22049870843584693,5,63.0,0.5032303596444062,17,370.0
1725.0,15,75.0,0.9146341463414634,5.664824731663191,7,194.0,0.37489375071073794,8,112.0,0.2128139591270934,0,32.0,0.5607345635986701,15,338.0
1730.0,20,86.0,1.0238095238095237,4.214526419474201,8,206.0,0.14941878923684057,10,95.0,0.16944283990220627,2,8.0,0.17165838684060933,20,309.0
1735.0,22,77.0,0.9625,4.558979500087564,8,199.0,0.29823200680131384,11,99.0,0.17464393445419704,3,12.0,0.4657973984790576,22,310.0
1740.0,16,77.0,0.9506172839506173,4.86311500885024,6,161.0,0.2688929902122178,9,123.0,0.23797503792374866,1,11.0,0.5878042083987464,16,295.0
1745.0,18,54.0,0.5934065934065934,5.5004648706652475,6,177.0,0.28793448885872147,11,134.0,0.21283849677556352,1,9.0,0.7157042732110674,18,320.0
1750.0,20,101.0,1.1348314606741574,5.586273612957224,8,203.0,0.23490226008119644,11,157.0,0.17692562406579088,1,11.0,0.5401374781617221,20,371.0
1755.0,27,186.0,2.2409638554216866,4.251064758149559,3,197.0,0.16830962113304496,17,215.0,0.18815447759841022,7,28.0,0.22478823472515597,27,440.0
1760.0,29,204.0,2.6153846153846154,4.028051246236619,3,162.0,0.271091907640517,17,251.0,0.15760100197312915,9,67.0,0.22661056354132353,29,480.0
1765.0,31,189.0,2.3048780487804876,3.5866665734000365,4,143.0,0.22170321302893314,13,231.0,0.17528348852082734,14,120.0,0.22490378215060627,31,494.0
1770.0,23,221.0,2.6,4.147366498216784,3,154.0,0.25626453666789245,9,252.0,0.15383189029051744,11,175.0,0.3161576879442334,23,581.0
1775.0,19,127.0,1.4941176470588236,4.189450894765229,4,143.0,0.24757386037825846,9,260.0,0.1776717869687536,6,170.0,0.2754731573975149,19,573.0
1780.0,16,85.0,0.9770114942528736,5.27350122127191,3,103.0,0.17904145052132844,11,304.0,0.3337974727807073,2,87.0,0.25190299354119294,16,494.0
1785.0,13,75.0,0.8823529411764706,5.184958742378615,1,104.0,0.20156306254302417,10,295.0,0.22529983297040632,2,28.0,0.4708924972371674,13,427.0
1790.0,21,106.0,1.1910112359550562,5.418851716611052,4,121.0,0.18805764631226105,13,223.0,0.2950369155480244,4,31.0,0.4524769356659339,21,375.0
1795.0,15,77.0,0.8651685393258427,5.411419908126728,8,154.0,0.2525531709396435,7,253.0,0.2840374156098846,0,11.0,0.5958926401738868,15,418.0
1800.0,20,91.0,1.0224719101123596,5.275939875505065,8,157.0,0.17634069301685412,10,260.0,0.21968569108131217,2,11.0,0.6028709234178633,20,428.0
1805.0,18,69.0,0.8214285714285714,4.207298267699978,8,139.0,0.1762783890868048,9,265.0,0.19645249900846468,1,8.0,0.381076266809783,18,412.0
1810.0,21,79.0,0.9404761904761905,4.3221863504673115,8,165.0,0.22033594552655092,13,255.0,0.18445880686287036,0,2.0,0.6200067859762775,21,422.0
1815.0,21,83.0,0.9021739130434783,4.5484374252054405,9,206.0,0.1583696953301245,11,260.0,0.2057717885790001,1,2.0,0.6090413196206829,21,468.0
1820.0,19,64.0,0.6808510638297872,5.120580205890797,9,222.0,0.22342963140690536,9,265.0,0.16487212297413636,1,5.0,0.7056171162057846,19,492.0
1825.0,16,44.0,0.4835164835164835,4.233667403759097,5,168.0,0.14539086715704175,10,260.0,0.17552950409188883,1,0.0,0.5546273550825873,16,428.0
1830.0,17,55.0,0.6111111111111112,4.441026843149277,4,184.0,0.2635620275972687,11,233.0,0.21015199009991858,2,12.0,0.6214916706864233,17,429.0
1835.0,20,56.0,0.5833333333333334,4.131191576688418,6,210.0,0.18961084434717482,13,256.0,0.15964105456598227,1,2.0,0.5940980552741326,20,468.0
1840.0,23,111.0,1.088235294117647,4.5018412152872385,8,247.0,0.17124105876777285,13,269.0,0.12010889786374247,2,11.0,0.5993686514519418,23,527.0
1845.0,24,169.0,1.797872340425532,4.2403023768435695,7,240.0,0.16158161138336896,14,306.0,0.11448516957646944,3,23.0,0.43851655021431707,24,569.0
1850.0,31,231.0,2.566666666666667,4.2946089729320445,6,212.0,0.15538340303401174,21,386.0,0.22345629973315864,4,28.0,0.23518243006843714,31,626.0
1855.0,30,227.0,2.550561797752809,4.468498831876052,8,175.0,0.2077226021575978,20,413.0,0.2027172546463157,2,23.0,0.35208035114352193,30,611.0
1860.0,25,142.0,1.5777777777777777,3.9681317468934734,5,190.0,0.23502095462783829,18,375.0,0.14747849024128926,2,16.0,0.41732854092760974,25,581.0
1865.0,28,110.0,1.1224489795918366,4.62905850903347,8,221.0,0.23490754255445295,15,438.0,0.15026157509681112,5,33.0,0.4300924170972897,28,692.0
1870.0,28,164.0,1.7263157894736842,4.593415268577865,9,265.0,0.2818609504093216,12,469.0,0.16923777384587474,7,63.0,0.32713427645164583,28,797.0
1875.0,33,187.0,1.9684210526315788,3.022783144417247,12,312.0,0.13269748846084994,14,456.0,0.1318102087560345,7,80.0,0.20739177783243926,33,848.0
1880.0,39,256.0,2.694736842105263,3.4138597457769104,18,388.0,0.17346861162541746,15,398.0,0.17360033797844482,6,84.0,0.39203642741082284,39,870.0
1885.0,34,212.0,2.0,3.2237595307836275,16,418.0,0.14005585152787337,13,447.0,0.16819408867922522,5,81.0,0.32829065805749813,34,946.0
1890.0,30,199.0,1.7927927927927927,4.367103883655308,15,403.0,0.19121540095191586,12,466.0,0.17655787253095687,3,93.0,0.3578806548850463,30,962.0
1895.0,32,198.0,1.8857142857142857,3.558303710537551,15,357.0,0.14706405969167227,13,455.0,0.15050167742512596,4,92.0,0.25275754552822355,32,904.0
1900.0,31,197.0,1.8240740740740742,3.7424311612689647,13,366.0,0.24438450076722693,14,412.0,0.15527717282589207,4,80.0,0.28850180249374946,31,858.0
1905.0,27,179.0,1.5982142857142858,4.791732520255306,5,345.0,0.3901354667900352,18,347.0,0.20386325318123696,4,60.0,0.4157442668769109,27,752.0
1910.0,29,217.0,1.8547008547008548,4.9361861450099145,4,352.0,0.42121256725001227,24,345.0,0.15816062258972108,1,48.0,0.4098520147502779,29,745.0
1915.0,28,200.0,1.7699115044247788,4.774608123178338,3,330.0,0.38940048904527313,20,399.0,0.17606162621276544,5,63.0,0.3629372428052816,28,792.0
1920.0,25,137.0,1.280373831775701,3.918194864639434,3,305.0,0.2812621828483156,17,371.0,0.18179398025630994,5,69.0,0.2004978345915242,25,745.0
1925.0,15,47.0,0.42727272727272725,3.9498277607130454,4,319.0,0.19231360056362545,7,394.0,0.23649778829492057,4,59.0,0.22482426447023485,15,772.0
1930.0,25,80.0,0.6956521739130435,3.8988842784996836,9,354.0,0.2062665658281047,11,356.0,0.1782232253788273,5,68.0,0.27345775257616134,25,778.0
1935.0,29,108.0,0.9152542372881356,3.2677477884925334,8,351.0,0.16969770208227633,11,354.0,0.11102045617069185,10,107.0,0.21197510797031166,29,812.0
1940.0,26,101.0,0.8782608695652174,3.521110235683893,5,286.0,0.2204419330975153,12,295.0,0.15578414285848605,9,127.0,0.18004155094360674,26,708.0
1945.0,24,68.0,0.5811965811965812,3.7013242487822504,6,201.0,0.15472815243992413,11,318.0,0.22794504697634485,7,108.0,0.1285369800243664,24,627.0
1950.0,17,56.0,0.47863247863247865,4.065064040546962,3,204.0,0.25075731855197525,10,319.0,0.20514806006831715,4,115.0,0.25451162979394915,17,638.0
1955.0,25,88.0,0.7333333333333333,3.46512132813959,5,220.0,0.21622788849990893,12,319.0,0.10693561678040277,8,144.0,0.13712138523618211,25,683.0
1960.0,29,134.0,1.1355932203389831,3.2629797298749077,9,256.0,0.18016606816021621,12,280.0,0.11644868706584716,8,154.0,0.12633028948300473,29,690.0
1965.0,28,154.0,1.4128440366972477,3.031543207909708,12,308.0,0.13214623247280607,13,309.0,0.164800465526587,3,101.0,0.20396788798989454,28,718.0
1970.0,34,250.0,2.2123893805309733,3.5630680816576326,19,394.0,0.1508420148110331,14,308.0,0.17243850636549576,1,59.0,0.3166006008750931,34,761.0
1975.0,34,223.0,1.8739495798319328,3.2579558016313412,15,411.0,0.19814651014926213,17,326.0,0.1240645209927282,2,61.0,0.31121979470667566,34,798.0
1980.0,39,203.0,1.677685950413223,3.6297123523057575,15,306.0,0.12797607483660228,15,294.0,0.1662892151975359,9,91.0,0.17050153940115592,39,691.0
1985.0,32,191.0,1.61864406779661,3.8259701645998727,14,281.0,0.17764742298467995,10,302.0,0.19574510509338694,8,104.0,0.16761152489217526,32,687.0
1990.0,29,160.0,1.415929203539823,4.60053078289304,12,248.0,0.2892616135143561,12,271.0,0.19474640590960623,5,80.0,0.34648931302002806,29,599.0
1995.0,26,148.0,1.2542372881355932,4.296693732629584,10,264.0,0.34348405957065353,12,285.0,0.17762747699192105,4,88.0,0.2688636480127105,26,637.0
2000.0,20,66.0,0.55,4.107863283555335,1,231.0,0.43398697573024103,11,274.0,0.13201767938234188,8,121.0,0.2152058059739467,20,626.0
2005.0,27,113.0,0.9658119658119658,3.6544835256108046,7,217.0,0.26329745587861914,12,266.0,0.15424851242325452,8,123.0,0.09531437916243189,27,606.0
2010.0,23,102.0,0.9107142857142857,3.868683783264498,4,210.0,0.3018633167683449,16,291.0,0.1780442689337762,3,93.0,0.20610016293140504,23,594.0
2015.0,23,94.0,0.8623853211009175,4.255211604633515,4,172.0,0.3422754783826656,17,285.0,0.1708315991156091,2,61.0,0.30539102478639674,23,518.0
2020.0,21,69.0,0.5897435897435898,3.9536142451197427,3,181.0,0.30559204010370833,16,320.0,0.12356260394370157,2,49.0,0.3045668477299479,21,550.0
2025.0,24,93.0,0.775,4.531679581754749,4,202.0,0.2981247929628229,14,347.0,0.13798872303325715,6,70.0,0.2830111133164598,24,619.0
2030.0,27,112.0,1.0,2.920924709424885,8,234.0,0.10878196100893549,13,357.0,0.13618633403126745,6,78.0,0.1373638117969486,27,669.0
2035.0,27,111.0,1.009090909090909,3.458599381848791,8,242.0,0.249146168706712,14,311.0,0.16407896798405455,5,66.0,0.31295639494439087,27,619.0
2040.0,19,78.0,0.6724137931034483,4.077622662765038,6,209.0,0.259026232278546,10,322.0,0.16828664250704486,3,54.0,0.355295508346494,19,585.0
2045.0,14,39.0,0.312,4.0356802330694235,5,205.0,0.2532358228856747,8,312.0,0.12990798147491303,1,38.0,0.32312354171468527,14,555.0
2050.0,25,104.0,0.8387096774193549,4.290377475837097,7,235.0,0.1786625254001325,11,331.0,0.15030129520358243,7,57.0,0.21415022327566013,25,623.0
2055.0,41,188.0,1.6347826086956523,3.0050462205056867,13,278.0,0.07788168169489558,16,343.0,0.15756961778136652,12,107.0,0.12667463496174297,41,728.0
2060.0,36,171.0,1.5833333333333333,2.557412984155713,7,288.0,0.21330897302757407,19,307.0,0.09093058392698254,10,130.0,0.25699126255605503,36,725.0
2065.0,33,109.0,0.9316239316239316,3.351064143233839,8,235.0,0.23632981250865154,16,370.0,0.15627795681790288,9,114.0,0.24711543173069717,33,719.0
2070.0,30,103.0,0.8306451612903226,3.7532083768029394,7,202.0,0.2797762548926857,15,395.0,0.1416170811453499,8,148.0,0.23697416817193212,30,745.0
2075.0,33,150.0,1.2195121951219512,3.546302322027927,7,223.0,0.1725139030729683,14,427.0,0.14438068134170204,12,199.0,0.12372139278529924,33,849.0
2080.0,41,248.0,2.066666666666667,3.4573915277590523,11,272.0,0.12229831999711159,21,510.0,0.1489512229854266,9,209.0,0.09478631057721017,41,991.0
2085.0,31,212.0,1.90990990990991,3.5571904178373175,6,270.0,0.19635396595217625,22,551.0,0.11963572785835942,3,173.0,0.22611893776348066,31,994.0
2090.0,30,164.0,1.5185185185185186,3.128577105602099,4,225.0,0.21968355272915627,25,536.0,0.11685651928898609,1,127.0,0.21804269778594232,30,888.0
2095.0,36,208.0,1.808695652173913,4.0995083304490905,6,240.0,0.3279548516971617,29,492.0,0.12183450359723709,1,132.0,0.3701562128375167,36,864.0
2100.0,31,226.0,1.9316239316239316,4.519828846586835,5,263.0,0.2995287725226524,23,516.0,0.18957299769425423,3,143.0,0.33031383129867214,31,922.0
2105.0,27,175.0,1.4830508474576272,3.8574159748493155,9,299.0,0.23122820090206964,12,519.0,0.22088855826900203,6,166.0,0.3152719360019709,27,984.0
2110.0,27,142.0,1.2033898305084745,3.949811388175522,9,302.0,0.18132960605289286,9,480.0,0.2357502175859834,9,182.0,0.26827185738601944,27,964.0
2115.0,30,148.0,1.2231404958677685,3.9677322571813876,8,263.0,0.1357419320086525,13,509.0,0.26556243500980153,9,225.0,0.13727638168541673,30,997.0
2120.0,39,167.0,1.403361344537815,3.5021280220442508,10,298.0,0.16165633395191628,16,517.0,0.19674940039217773,13,283.0,0.10453203636953022,39,1098.0
2125.0,45,184.0,1.546218487394958,2.5396845835043496,16,363.0,0.12206838492469103,15,482.0,0.11181229580708905,14,316.0,0.11435407379429274,45,1161.0
2130.0,34,131.0,1.1196581196581197,3.557728845873741,12,384.0,0.22644398093378632,14,485.0,0.19330033001300181,8,265.0,0.24462543577894405,34,1134.0
2135.0,19,66.0,0.55,4.258898157133235,5,324.0,0.23656292390083947,8,499.0,0.22678256734097457,6,237.0,0.25205344022635273,19,1060.0
2140.0,22,121.0,0.968,4.2442760211196005,6,312.0,0.18051512776536435,12,520.0,0.18466611531473767,4,199.0,0.21232793027025348,22,1031.0
2145.0,35,253.0,2.0737704918032787,4.226653421198372,10,353.0,0.13637292274280444,21,602.0,0.18450518220450907,4,200.0,0.2724954726540614,35,1155.0
2150.0,42,378.0,3.2869565217391306,3.19148278412408,15,417.0,0.06786425220562217,25,716.0,0.08847297799978694,2,176.0,0.22523925367712944,42,1309.0
2155.0,42,386.0,3.574074074074074,3.354556065461827,11,413.0,0.13542972424387678,27,757.0,0.05850518968875475,4,167.0,0.32494760389265664,42,1337.0
2160.0,36,257.0,2.519607843137255,3.451569657685009,5,326.0,0.2343891105215932,26,707.0,0.1689736267582956,5,163.0,0.259348506156484,36,1196.0
2165.0,31,213.0,1.9541284403669725,3.7997953723395135,6,335.0,0.27288520346677186,20,575.0,0.18135714237720046,5,169.0,0.2970508212170237,31,1079.0
2170.0,31,147.0,1.2672413793103448,3.984833302776683,11,377.0,0.22755212991036491,14,639.0,0.19004063500607762,6,185.0,0.3670464333364824,31,1201.0
2175.0,27,126.0,1.0413223140495869,3.517933745278045,7,363.0,0.10855462260833822,12,675.0,0.200041683158995,8,220.0,0.18116949672711793,27,1258.0
2180.0,23,93.0,0.7948717948717948,3.5315157014230767,4,235.0,0.20723764252463095,11,643.0,0.22618249586203698,8,227.0,0.14327447819268554,23,1105.0
2185.0,24,73.0,0.6033057851239669,3.718432180743361,2,184.0,0.27587624494376956,13,503.0,0.18083100425666157,9,191.0,0.19710958785789953,24,878.0
2190.0,26,87.0,0.6904761904761905,4.125191596271511,3,143.0,0.3456298177743349,16,551.0,0.1385113983657775,7,175.0,0.260545714613708,26,869.0
2195.0,21,79.0,0.6171875,4.254983396805899,1,117.0,0.36416996761371256,15,581.0,0.12470307575156363,5,158.0,0.2108087352816858,21,856.0
2200.0,29,156.0,1.2380952380952381,4.344043048213609,5,132.0,0.29600654054732056,16,625.0,0.13666154057354293,8,173.0,0.18710872813344956,29,930.0
2205.0,26,168.0,1.4867256637168142,3.7374269278917422,4,128.0,0.2808741295476417,16,597.0,0.15215801651462413,6,182.0,0.22439426932378065,26,907.0
2210.0,30,161.0,1.412280701754386,3.138589441417388,5,103.0,0.25430241250652275,18,489.0,0.12946506882768852,7,208.0,0.23213469583414695,30,800.0
2215.0,27,187.0,1.5847457627118644,3.2294076095492033,2,102.0,0.3396343110090184,19,559.0,0.10488154659829979,6,220.0,0.30452861306885176,27,881.0
2220.0,31,234.0,1.8870967741935485,2.8268588462057664,5,127.0,0.22266296577936212,15,598.0,0.11084853391528218,11,261.0,0.19625606772011012,31,986.0
2225.0,38,220.0,1.6923076923076923,3.341619255747597,11,172.0,0.1613029988306788,19,645.0,0.1273420172627715,8,236.0,0.17700950784006042,38,1053.0
2230.0,42,319.0,2.552,3.5179579406833414,12,188.0,0.12102294200806693,19,733.0,0.1770469011975125,11,193.0,0.1222674192338917,42,1114.0
2235.0,56,569.0,4.626016260162602,3.367017081727076,14,235.0,0.09236552768564232,27,854.0,0.08683775327800301,15,250.0,0.046058252455344895,56,1339.0
2240.0,55,560.0,4.95575221238938,2.5159489024952677,14,257.0,0.13383745828832364,28,886.0,0.04476309212847133,13,279.0,0.0981208749942993,55,1422.0
2245.0,53,440.0,4.0,2.438898352192601,12,246.0,0.17140550916297603,26,782.0,0.126695822934879,15,260.0,0.15526287064535899,53,1288.0
2250.0,54,401.0,3.456896551724138,3.440736996840551,14,301.0,0.2578688509529147,28,703.0,0.15182176428878094,12,317.0,0.2544414560649837,54,1321.0
2255.0,48,382.0,3.23728813559322,4.185512181103447,12,361.0,0.26180762719349004,21,635.0,0.20305090444224155,15,385.0,0.2943204017775648,48,1381.0
2260.0,40,362.0,3.0166666666666666,3.850945623802919,10,382.0,0.26958181713854273,16,580.0,0.24754541006923883,14,453.0,0.22118086100362483,40,1415.0
2265.0,32,293.0,2.441666666666667,4.6259229374582045,4,379.0,0.3119152126892164,16,539.0,0.28737021916676514,12,472.0,0.2950941817060399,32,1390.0
2270.0,23,163.0,1.2834645669291338,4.43330632094612,1,321.0,0.24853822789654903,14,518.0,0.30102649516833363,8,508.0,0.21758198222495742,23,1347.0
2275.0,31,128.0,0.9922480620155039,4.655380392509652,3,275.0,0.26514610972337765,14,500.0,0.2801392909537741,14,567.0,0.14387562690164674,31,1342.0
2280.0,30,142.0,1.1639344262295082,4.139759539824947,3,238.0,0.22714682654786075,12,484.0,0.2429908411420327,15,585.0,0.05009424710592722,30,1307.0
2285.0,29,151.0,1.26890756302521,4.267097021280699,4,216.0,0.2637116152884816,15,490.0,0.23933154613630728,10,540.0,0.12376009428995839,29,1246.0
2290.0,21,97.0,0.8508771929824561,4.701457039211115,1,176.0,0.4250185350179004,15,445.0,0.186970486763044,5,453.0,0.26704364751767673,21,1074.0
2295.0,21,60.0,0.5084745762711864,4.4148159506031766,4,173.0,0.37853709067843033,15,445.0,0.1527221289008142,2,440.0,0.2602241613966069,21,1058.0
2300.0,26,107.0,0.9385964912280702,4.318533594720904,6,199.0,0.3519726563563848,13,442.0,0.13631867804870437,7,464.0,0.2570994633739985,26,1105.0
2305.0,30,94.0,0.8623853211009175,2.3675082991582688,11,205.0,0.09084970131329907,11,424.0,0.12014979808330022,8,447.0,0.11658948651352294,30,1076.0
2310.0,28,105.0,0.9813084112149533,4.102820590567106,9,195.0,0.32912599325702857,14,354.0,0.20085889495792927,5,343.0,0.2843039603182314,28,892.0
2315.0,20,67.0,0.5826086956521739,3.652341790164105,4,209.0,0.32267882745498677,13,376.0,0.12184588160461811,3,333.0,0.2802855894899795,20,918.0
2320.0,24,94.0,0.7768595041322314,3.809539376061978,4,231.0,0.23254876833856297,13,363.0,0.10371812604116631,7,357.0,0.15612065354259605,24,951.0
2325.0,30,125.0,1.1261261261261262,3.0816240485455992,9,267.0,0.16720029700492475,12,345.0,0.13036375881587164,9,346.0,0.15111567690499475,30,958.0
2330.0,30,169.0,1.5363636363636364,2.978720652334004,14,331.0,0.14639386608242227,13,285.0,0.1729843704150837,3,241.0,0.20081001534282672,30,857.0
2335.0,42,307.0,2.646551724137931,3.8893849832045704,19,413.0,0.22913484426387176,20,289.0,0.16286541555657127,3,179.0,0.4042925310000823,42,881.0
2340.0,36,345.0,2.899159663865546,3.6991152918736456,16,436.0,0.2043865966603562,19,334.0,0.15938478621913085,1,140.0,0.3667779176526576,36,910.0
2345.0,46,448.0,3.6129032258064515,4.474440385652995,16,402.0,0.2549450459507306,24,403.0,0.22145120807415153,6,154.0,0.3154529854376687,46,959.0
2350.0,42,429.0,3.6050420168067228,4.510127818444588,16,355.0,0.2792316759169416,20,447.0,0.2611739290253571,6,145.0,0.27709936430728044,42,947.0
2355.0,30,271.0,2.2583333333333333,4.515044689407586,13,403.0,0.2168776276367759,14,390.0,0.2980974537367171,3,92.0,0.2238846345452502,30,885.0
2360.0,32,208.0,1.7777777777777777,5.02416462119835,14,466.0,0.16469494501403556,14,335.0,0.25901577404300397,4,52.0,0.30860942322941254,32,853.0
2365.0,34,234.0,2.0707964601769913,4.662832396796203,9,472.0,0.12219214226880314,19,293.0,0.21942098720808553,6,35.0,0.2706253407742829,34,800.0
2370.0,26,172.0,1.5925925925925926,4.177813614874129,4,400.0,0.23396116688358373,20,350.0,0.1573424260235627,2,16.0,0.2688724367129363,26,766.0
2375.0,33,163.0,1.5092592592592593,4.9718262028741265,5,308.0,0.340215707489107,22,368.0,0.19474274139870082,6,32.0,0.29993973380231503,33,708.0
2380.0,26,170.0,1.5178571428571428,5.358121224154933,4,244.0,0.3647026281269246,19,367.0,0.2236519165074912,3,43.0,0.38311057118673514,26,654.0
2385.0,16,119.0,1.0818181818181818,5.43774560983794,5,224.0,0.4860294139599351,10,375.0,0.24319684814998532,1,21.0,0.4615135481089326,16,620.0
2390.0,19,43.0,0.3644067796610169,4.329466915814718,4,179.0,0.32036475966581024,10,294.0,0.17723893734990814,5,37.0,0.22271659792959447,19,510.0
2395.0,29,152.0,1.3333333333333333,4.80197172531488,7,178.0,0.31274950662272316,13,315.0,0.2025736859705954,9,68.0,0.19960941308115554,29,561.0
2400.0,39,280.0,2.6923076923076925,3.5629050969086857,12,227.0,0.1501833089424947,20,392.0,0.17133250397646888,7,84.0,0.10680257317250265,39,703.0
2405.0,47,451.0,4.378640776699029,3.312884066422043,14,292.0,0.11993987085864699,28,515.0,0.10328082307923503,5,70.0,0.21847277941677856,47,877.0
2410.0,50,550.0,5.339805825242719,3.361417110130222,18,378.0,0.14083680380255933,27,583.0,0.11688175802104224,5,47.0,0.19967105287361328,50,1008.0
2415.0,42,407.0,3.803738317757009,3.1282471270119965,17,402.0,0.18185462806095354,24,567.0,0.11489043338048821,1,37.0,0.2545222651267806,42,1006.0
2420.0,33,284.0,2.581818181818182,4.489964116718854,12,344.0,0.29250014717477574,18,623.0,0.186416095504034,3,46.0,0.3181301904339044,33,1013.0
2425.0,36,195.0,1.7256637168141593,3.7199615409688396,14,387.0,0.18015299309904415,16,692.0,0.18618588561565722,6,54.0,0.23059846522613903,36,1133.0
2430.0,31,136.0,1.2035398230088497,3.4139775365491145,15,456.0,0.11255844911247151,11,674.0,0.17135602816764292,5,64.0,0.23711799828164523,31,1194.0
2435.0,26,85.0,0.7727272727272727,3.0298872793065494,12,453.0,0.16344848145541802,8,566.0,0.15872574829077696,6,74.0,0.2289027425452531,26,1093.0
2440.0,21,73.0,0.6347826086956522,3.708258190379536,6,350.0,0.23637784240285611,8,573.0,0.1985366657769573,7,104.0,0.22035356752486848,21,1027.0
2445.0,24,143.0,1.2327586206896552,4.105791341374591,4,251.0,0.2681660373190313,10,596.0,0.1992579408062006,10,147.0,0.19322131752276597,24,994.0
2450.0,23,136.0,1.1333333333333333,3.552665715482987,4,220.0,0.23906270126110335,10,571.0,0.15579159100976492,9,156.0,0.09792456096180588,23,947.0
2455.0,21,87.0,0.7565217391304347,3.80741155740696,0,187.0,0.3059774258656929,13,488.0,0.16889421222698417,8,147.0,0.24806267677414018,21,822.0
2460.0,23,81.0,0.6864406779661016,3.6949880701699302,5,201.0,0.26709350117956576,11,502.0,0.1658947427050266,7,124.0,0.23382737643963525,23,827.0
2465.0,25,108.0,0.8852459016393442,4.1625924693568415,8,221.0,0.2861701591851338,9,513.0,0.15433242271717948,8,135.0,0.30176126812048615,25,869.0
2470.0,30,181.0,1.5210084033613445,4.068277580500213,7,222.0,0.1979075994998847,14,557.0,0.13849200240128184,9,162.0,0.2690474893012652,30,941.0
2475.0,26,134.0,1.1551724137931034,3.459334385006332,8,195.0,0.1620226776969621,16,549.0,0.1357553938411024,2,160.0,0.21839926117740874,26,904.0
2480.0,30,144.0,1.2743362831858407,3.676568272464108,6,177.0,0.30651072233759474,18,445.0,0.12332503315358256,5,184.0,0.32806879847390213,29,806.0
2485.0,30,113.0,0.9186991869918699,3.7322465348336014,7,178.0,0.2611730342441011,14,470.0,0.1445490642214026,9,207.0,0.2609578312976609,30,855.0
2490.0,33,158.0,1.2845528455284554,4.259324642063203,5,191.0,0.25220970735054005,16,495.0,0.15706573283210296,12,254.0,0.23273939614772907,33,940.0
2495.0,32,183.0,1.6486486486486487,3.293352076788654,5,183.0,0.1836478745145493,16,556.0,0.17451365424996723,11,265.0,0.12242249915778143,32,1004.0
2500.0,33,176.0,1.5575221238938053,2.82632026988592,6,178.0,0.16174168131543545,15,547.0,0.12077225500774864,12,285.0,0.1324812628929733,33,1010.0
2505.0,34,159.0,1.382608695652174,3.4475376222909424,6,155.0,0.2628014185160393,16,465.0,0.12765158817717287,12,291.0,0.22854970675912945,34,911.0
2510.0,28,153.0,1.2540983606557377,3.6181523864856056,4,154.0,0.24737088825203327,15,371.0,0.1640119414929841,9,318.0,0.2289049115773857,28,843.0
2515.0,24,103.0,0.8306451612903226,4.09887422013419,2,143.0,0.3138393333619461,11,389.0,0.1600124724222012,11,370.0,0.284134552486894,24,902.0
2520.0,30,142.0,1.1932773109243697,3.5893288003161468,7,158.0,0.14397763668021704,12,397.0,0.18109157055698025,11,422.0,0.17088077540437369,30,977.0
2525.0,31,159.0,1.3361344537815125,2.9929833970358213,12,210.0,0.11162423589149512,11,380.0,0.18223551931425427,8,425.0,0.13798855439571928,31,1015.0
2530.0,37,232.0,2.0350877192982457,2.9059407874125354,19,292.0,0.16528135596928095,11,332.0,0.16740824076219527,7,388.0,0.25373745433165384,37,1012.0
2535.0,48,351.0,2.808,2.737697930360373,24,399.0,0.11866017848908245,15,376.0,0.12662267628348162,9,324.0,0.21431807251412643,48,1099.0
2540.0,41,332.0,2.5538461538461537,3.3741131697536106,22,452.0,0.10757332672105692,13,394.0,0.12166841942038767,6,351.0,0.29524276856450454,41,1197.0
2545.0,45,326.0,2.546875,3.6310453649467673,18,429.0,0.09062463594472177,16,439.0,0.18558500444497136,11,387.0,0.12140872690403887,45,1255.0
2550.0,43,409.0,3.408333333333333,3.8165738298913165,14,451.0,0.1511501556467904,24,528.0,0.14089566217305363,5,377.0,0.209849299354393,43,1356.0
2555.0,44,378.0,3.375,3.27156456959005,16,525.0,0.06524272322107627,26,582.0,0.09284735248939799,2,277.0,0.24472846042551955,44,1384.0
2560.0,40,293.0,2.6396396396396398,2.8353640308764243,10,539.0,0.19594706498365638,27,568.0,0.07372170861641547,3,286.0,0.28293168552877185,40,1393.0
2565.0,31,234.0,2.0892857142857144,4.622328227884901,2,448.0,0.3763435070635863,25,516.0,0.1853410842860689,4,299.0,0.33291713940390943,31,1263.0
2570.0,28,219.0,1.8403361344537814,4.574599145375788,1,417.0,0.3562282001591194,20,470.0,0.18559893180793094,7,326.0,0.2894635127928293,28,1213.0
2575.0,29,180.0,1.5254237288135593,3.833083220357361,6,436.0,0.2746945446962617,14,516.0,0.2093312895989806,9,364.0,0.2679339976359402,29,1316.0
2580.0,30,172.0,1.421487603305785,3.5832812821258306,11,479.0,0.10953819989276373,9,492.0,0.2351995566585207,10,367.0,0.1738893843817123,30,1338.0
2585.0,42,275.0,2.2540983606557377,3.447758931285186,18,557.0,0.08904877822629977,13,509.0,0.23396345413041392,11,417.0,0.10821454233227698,42,1483.0
2590.0,49,293.0,2.4214876033057853,2.701997566160549,17,572.0,0.1142200956195444,15,508.0,0.13072613929461854,17,489.0,0.05682425988935778,49,1569.0
2595.0,45,214.0,1.7983193277310925,2.6259302123120305,13,522.0,0.17636244283624242,16,464.0,0.13602915789839357,16,511.0,0.13315644994590356,45,1497.0
2600.0,41,208.0,1.7049180327868851,3.872122318247758,11,565.0,0.238178267364441,20,400.0,0.19964683783010695,10,408.0,0.27548724619300413,41,1373.0
2605.0,40,168.0,1.3125,3.1850063408267593,18,637.0,0.1220674039584624,14,446.0,0.17732100082291483,8,434.0,0.20281901520159093,40,1517.0
2610.0,40,209.0,1.6328125,3.2227073371360024,19,729.0,0.0947745241872053,13,442.0,0.16326749862405623,8,469.0,0.15903496407027898,40,1640.0
2615.0,43,299.0,2.5555555555555554,2.7120079736395013,23,833.0,0.06375845996068506,13,446.0,0.17489754740897978,7,446.0,0.13512077203221645,43,1725.0
2620.0,45,370.0,3.135593220338983,3.304258631720041,21,855.0,0.07485230366525529,20,502.0,0.22905746328032542,4,354.0,0.18004416888317065,45,1711.0
2625.0,45,418.0,3.634782608695652,3.614019341022816,16,719.0,0.13990136631610547,24,596.0,0.20075829026435718,5,362.0,0.19602179088395844,45,1677.0
2630.0,49,512.0,4.266666666666667,3.4453280748219672,10,597.0,0.14241798789763707,28,721.0,0.15156984100490586,11,402.0,0.084889663417766,49,1720.0
2635.0,46,630.0,5.478260869565218,3.5827188676777415,9,627.0,0.2259032986904449,30,867.0,0.11103392601338527,7,381.0,0.15183941705075454,46,1875.0
2640.0,51,782.0,7.109090909090909,3.2923380694469393,13,683.0,0.09653926852341306,34,1028.0,0.121119508635381,4,283.0,0.1585950636778662,51,1994.0
2645.0,51,931.0,8.238938053097344,3.110689829774265,8,654.0,0.16426314306587683,37,1201.0,0.08465282178822282,6,295.0,0.1584529621004834,51,2150.0
2650.0,39,832.0,7.703703703703703,3.5046647751238784,2,525.0,0.25811753508675167,31,1242.0,0.12477244109261948,6,324.0,0.12367894978183123,39,2091.0
2655.0,37,607.0,5.5181818181818185,3.525979715615092,2,330.0,0.3112393450594988,27,1137.0,0.14766049314854604,8,364.0,0.13651831975876894,37,1831.0
2660.0,36,432.0,3.857142857142857,3.9198570476068944,2,332.0,0.36725046624549823,22,909.0,0.1374753821598032,12,420.0,0.24390445454464982,36,1661.0
2665.0,37,315.0,2.669491525423729,3.780600102226434,7,352.0,0.29642975119621745,13,975.0,0.18456449148248993,17,489.0,0.18300777381259029,37,1816.0
2670.0,34,264.0,2.2564102564102564,3.53146565238304,9,388.0,0.22016247815029885,10,992.0,0.21841044779416258,15,468.0,0.15585123874593915,34,1848.0
2675.0,43,332.0,2.938053097345133,3.522488450939898,16,449.0,0.12839037511030552,14,1040.0,0.23927823181433316,13,423.0,0.13085710514432308,43,1912.0
2680.0,45,317.0,2.7094017094017095,2.7896962856303174,14,427.0,0.10119995401798168,17,990.0,0.14171592648323642,14,492.0,0.0849491402810231,45,1909.0
2685.0,43,253.0,2.219298245614035,3.3719016013791485,8,338.0,0.24144141433713745,19,830.0,0.14152089617504396,16,573.0,0.16380710763516781,43,1741.0
2690.0,44,250.0,2.0833333333333335,3.306140730803352,12,347.0,0.21163859603889074,20,643.0,0.15625124756293926,12,578.0,0.2112355070164373,44,1568.0
2695.0,35,167.0,1.3801652892561984,4.017070096910575,14,411.0,0.2259541315921672,15,700.0,0.21133708747943608,6,511.0,0.32943545579938344,35,1622.0
2700.0,31,174.0,1.43801652892562,3.756240079458455,17,494.0,0.0842513803974089,10,712.0,0.2073991411410108,4,410.0,0.2416469859006357,31,1616.0
2705.0,31,160.0,1.2903225806451613,3.6852224071266875,14,503.0,0.11040809132281626,12,670.0,0.1771751142079568,5,363.0,0.278912535023035,31,1536.0
2710.0,24,87.0,0.7310924369747899,3.8544078791283054,7,377.0,0.24213727406124186,15,553.0,0.18004034751484083,2,304.0,0.3380162072016929,24,1234.0
2715.0,31,148.0,1.1746031746031746,4.3110342141235245,7,295.0,0.31040289001450316,20,410.0,0.1403325986570134,4,307.0,0.34505759830659327,31,1012.0
2720.0,30,134.0,1.0806451612903225,4.205153853054323,6,304.0,0.31757086744679036,19,457.0,0.12363709956650597,5,281.0,0.4418729415371239,30,1042.0
2725.0,29,120.0,0.975609756097561,4.038077052369165,10,344.0,0.14510266135049749,14,456.0,0.1755104984029983,5,217.0,0.31876132898680104,29,1017.0
2730.0,22,104.0,0.8739495798319328,4.130881082663625,9,335.0,0.1482691699350763,13,434.0,0.17476296117882634,0,199.0,0.2800828224207617,22,968.0
2735.0,24,96.0,0.8421052631578947,3.897777398814558,4,266.0,0.24311620678926468,13,422.0,0.1996449528178721,7,217.0,0.11769297118167064,24,905.0
2740.0,23,81.0,0.7105263157894737,3.740210997117916,1,178.0,0.32822941943452755,17,350.0,0.11643707540883153,5,216.0,0.24061443848036715,23,744.0
2745.0,28,122.0,1.0338983050847457,4.804548163048382,3,139.0,0.43399370983603086,22,345.0,0.1939189597905717,3,164.0,0.3681261256761013,28,648.0
2750.0,23,107.0,0.8492063492063492,4.099114653491005,5,133.0,0.3186454794008013,17,393.0,0.14444479843545036,1,88.0,0.3262918765032808,23,614.0
2755.0,24,84.0,0.65625,4.319370325931585,3,130.0,0.32871323844246686,16,387.0,0.14147805477559997,5,99.0,0.30477973690020915,24,616.0
2760.0,29,155.0,1.25,4.419583711749684,10,158.0,0.18149660920438224,14,347.0,0.1864555861210473,5,103.0,0.1778943285835139,29,608.0
2765.0,41,260.0,2.2222222222222223,3.690461285304989,15,223.0,0.12658822355540308,16,369.0,0.1695083596087289,10,143.0,0.1332376422709669,41,735.0
2770.0,39,222.0,2.0943396226415096,2.876998504433433,13,250.0,0.2335467600109894,18,344.0,0.0957450849632162,8,146.0,0.2550935621733649,39,740.0
2775.0,40,200.0,1.7543859649122806,4.176965157500339,11,205.0,0.3002229163383739,23,368.0,0.2101096219810951,6,99.0,0.30208317776390614,40,672.0
2780.0,29,139.0,1.1779661016949152,3.8804403663776665,8,241.0,0.32146703585563624,16,425.0,0.15541625061763986,5,90.0,0.3052894794339874,29,756.0
2785.0,38,129.0,1.0078125,3.7128196726195033,15,296.0,0.14280176881906342,12,419.0,0.1582110053724096,11,126.0,0.1273228991668748,38,841.0
2790.0,44,258.0,2.168067226890756,3.2738233269399286,17,363.0,0.08991243947874031,15,410.0,0.21135314566668476,12,180.0,0.0999638547905722,44,953.0
2795.0,44,329.0,3.0462962962962963,2.694021384129261,13,374.0,0.10605968035731034,21,476.0,0.14654603520797435,10,196.0,0.11122314652267842,44,1046.0
2800.0,38,258.0,2.388888888888889,3.320283714160025,9,318.0,0.1725878441686521,22,521.0,0.16302472884286076,7,152.0,0.16799466206352331,38,991.0
2805.0,33,208.0,1.908256880733945,4.468445829059539,6,241.0,0.289599989122486,21,501.0,0.18117359992478468,6,126.0,0.3026441517642428,33,868.0
2810.0,27,115.0,0.9829059829059829,4.026284827140891,6,252.0,0.27170322307108763,17,546.0,0.14510290076274476,4,109.0,0.24791798325018116,27,907.0
2815.0,34,161.0,1.424778761061947,4.686436455071948,10,293.0,0.2744711049289115,19,632.0,0.12516707291150117,5,133.0,0.28906404566682115,34,1058.0
2820.0,29,145.0,1.45,3.0249171167215447,11,350.0,0.1187391392507585,13,634.0,0.1140223427027034,5,120.0,0.1745648345941562,29,1104.0
2825.0,28,173.0,1.73,3.2864036399338885,16,419.0,0.2021312007469702,9,541.0,0.1564788302843094,3,119.0,0.26240038344581684,28,1079.0
2830.0,27,255.0,2.5,3.15954200477629,18,505.0,0.18941711615975845,6,563.0,0.1515200198032828,3,99.0,0.2968839210698344,27,1167.0
2835.0,30,253.0,2.279279279279279,2.943473450485515,16,514.0,0.112420724506229,10,600.0,0.10153733400089897,4,86.0,0.2628837724439456,30,1200.0
2840.0,26,213.0,1.9722222222222223,3.5956544042503285,14,463.0,0.1594699886703667,8,571.0,0.1730943658210319,4,92.0,0.2335801427026741,26,1126.0
2845.0,32,203.0,1.8454545454545455,3.449652217507371,16,376.0,0.20881648871194283,8,429.0,0.1461503482197465,8,109.0,0.2081720196279501,32,914.0
2850.0,17,103.0,0.9363636363636364,4.05457859730433,11,424.0,0.2575128765859145,6,426.0,0.17460976159968472,0,74.0,0.3028867715351102,17,924.0
2855.0,23,112.0,1.037037037037037,3.9231656901155674,11,477.0,0.2277937764802507,10,469.0,0.10109844915471382,2,64.0,0.24928100942134118,23,1010.0
2860.0,28,134.0,1.2523364485981308,3.0925116980622063,12,530.0,0.1103322340834126,7,436.0,0.1265351236523476,9,64.0,0.14253565826717146,28,1030.0
2865.0,26,147.0,1.4554455445544554,3.4447472327149544,10,525.0,0.2257455645114509,4,326.0,0.23061747401785443,12,119.0,0.1991121450417639,26,970.0
2870.0,24,187.0,1.7641509433962264,3.8736077728627625,7,444.0,0.3139811828669015,1,194.0,0.24547176327443365,16,194.0,0.16147721721266528,24,832.0
2875.0,23,168.0,1.5700934579439252,3.710015035811171,7,465.0,0.2578151156985301,2,203.0,0.2470976415227053,14,230.0,0.18627598397236247,23,898.0
2880.0,33,182.0,1.6697247706422018,3.4600614755920054,13,514.0,0.10965627640029266,8,235.0,0.1986349769193974,12,218.0,0.1514057284786206,33,967.0
2885.0,40,233.0,2.118181818181818,3.3745229650400286,18,594.0,0.0677684535794886,8,228.0,0.20248676924132347,14,206.0,0.1872041183612503,40,1028.0
2890.0,34,279.0,2.6826923076923075,3.884158312011678,20,700.0,0.1617131156548644,3,158.0,0.22396268676651884,11,250.0,0.2865287523958341,34,1108.0
2895.0,34,273.0,2.5277777777777777,3.6498296863960444,18,710.0,0.1324815445768356,6,160.0,0.16595228442007462,10,266.0,0.2918037578486137,34,1136.0
2900.0,21,131.0,1.2358490566037736,4.244535092105621,11,623.0,0.14701952054180575,8,198.0,0.22231069175356266,2,264.0,0.38675943508315386,21,1085.0
2905.0,33,125.0,1.1682242990654206,3.1633209038200327,14,673.0,0.09083595813857534,12,190.0,0.12477504628587248,7,270.0,0.17904670729127362,33,1133.0
2910.0,41,196.0,1.9215686274509804,3.2093926342215324,19,755.0,0.1385298895308642,9,149.0,0.15844442105685327,13,319.0,0.22917858000934108,41,1223.0
2915.0,33,209.0,2.154639175257732,3.050659308404932,20,850.0,0.10952850080579647,5,155.0,0.16236940791096213,8,331.0,0.27912479446480076,33,1336.0
2920.0,37,266.0,2.5825242718446604,3.0029745848282134,21,955.0,0.06911148986464294,9,188.0,0.15422177024894138,7,288.0,0.2732517868617796,37,1431.0
2925.0,49,441.0,4.366336633663367,2.743912866526099,25,1074.0,0.08114067487284234,16,250.0,0.10792963957789983,8,234.0,0.28984536734473243,49,1558.0
2930.0,43,408.0,3.7777777777777777,2.023828649633982,23,1079.0,0.041694694360902194,16,281.0,0.06337784788309833,4,243.0,0.15525245315031058,43,1603.0
2935.0,37,284.0,2.6542056074766354,3.53730939997531,17,954.0,0.16972267765783863,11,260.0,0.20729471367098795,8,279.0,0.25528546623978027,36,1493.0
2940.0,27,174.0,1.6415094339622642,3.5377773329957063,14,951.0,0.14266835796693864,9,289.0,0.1993562146121447,4,266.0,0.2471105157418572,27,1506.0
2945.0,39,228.0,2.0727272727272728,3.3789806317310003,18,1035.0,0.11707006674123807,14,355.0,0.12908180202758635,7,288.0,0.23246111640416764,39,1678.0
2950.0,39,235.0,2.2815533980582523,2.2720793698387234,14,1002.0,0.11911351887077122,19,438.0,0.0979590050453275,6,295.0,0.133852278948266,39,1735.0
2955.0,33,212.0,1.962962962962963,3.096486047883903,8,833.0,0.13761332302890344,15,462.0,0.13960109570562063,10,324.0,0.07228113697517245,33,1619.0
2960.0,19,129.0,1.2169811320754718,4.766638395284486,2,616.0,0.3234159196452807,9,397.0,0.2725173695979694,8,321.0,0.1704568627444652,19,1334.0
2965.0,23,94.0,0.8785046728971962,4.631255410424164,5,455.0,0.3594256699923387,8,298.0,0.2241380189703912,10,267.0,0.20390165593495882,23,1020.0
2970.0,20,76.0,0.7169811320754716,4.632522667546052,2,389.0,0.36806515425669567,6,306.0,0.2362160171657927,12,314.0,0.24263815858816223,20,1009.0
2975.0,26,103.0,0.9809523809523809,4.425529172293912,7,406.0,0.2208847582611093,10,349.0,0.1666655796380442,9,345.0,0.2016850450165005,26,1100.0
2980.0,27,113.0,1.118811881188119,3.4532582028751992,7,373.0,0.19582732729019312,7,341.0,0.1645533911385098,13,398.0,0.09185814820441698,27,1112.0
2985.0,24,149.0,1.5851063829787233,4.008438391134262,4,301.0,0.322131036485529,3,278.0,0.2682687136198093,17,478.0,0.16770664169794625,24,1057.0
2990.0,20,126.0,1.2475247524752475,3.859961225160439,2,187.0,0.3377623450566027,3,288.0,0.18760195222782985,15,492.0,0.14001756983099164,20,967.0
2995.0,21,123.0,1.2058823529411764,4.280791996098185,1,182.0,0.3501827413535633,9,323.0,0.19515787812549049,11,423.0,0.19194435974782556,21,928.0
3000.0,27,123.0,1.2178217821782178,3.1758947708129868,6,202.0,0.1688641950797561,11,321.0,0.10099740703164815,10,392.0,0.11869396455297465,27,915.0
3005.0,35,155.0,1.5346534653465347,3.622812079807981,12,251.0,0.19595319697415525,10,285.0,0.15815544947064394,13,450.0,0.17934395916651946,35,986.0
3010.0,38,260.0,2.7083333333333335,3.616951582406152,15,321.0,0.24404419017472387,7,214.0,0.19330549431481964,16,526.0,0.24488269451648112,38,1061.0
3015.0,34,288.0,2.8514851485148514,3.3980124135108043,20,407.0,0.18622922747926748,4,217.0,0.22840145536288342,10,509.0,0.22831716290547932,34,1133.0
3020.0,38,392.0,3.881188118811881,3.78860280375581,25,519.0,0.1136400850088322,8,247.0,0.2887248140452062,5,372.0,0.23708955721913835,38,1138.0
3025.0,48,362.0,3.447619047619048,1.9642852113741225,27,556.0,0.047316623340701754,10,244.0,0.12369504229051519,11,402.0,0.11536272736016344,48,1202.0
3030.0,37,271.0,2.509259259259259,3.5745950108656377,20,502.0,0.1840413926859396,7,198.0,0.26453096297722256,10,451.0,0.15483489056824837,37,1151.0
3035.0,35,290.0,2.761904761904762,4.343095997601902,15,378.0,0.2118727073791979,4,118.0,0.3676993001377798,16,520.0,0.18332961443515405,35,1016.0
3040.0,28,227.0,2.0636363636363635,4.693275693062953,14,348.0,0.2686194446056673,2,110.0,0.38615251423102276,12,520.0,0.20137105558600918,28,978.0
3045.0,23,135.0,1.2616822429906542,5.206192118933859,6,343.0,0.33194843219037795,8,134.0,0.3576922096716121,9,449.0,0.19762497188321004,23,926.0
3050.0,23,87.0,0.8055555555555556,4.147737136904945,7,368.0,0.21058618539867507,11,138.0,0.1935463672273932,5,330.0,0.16777350717130343,23,836.0
3055.0,18,44.0,0.42718446601941745,4.636374320410667,6,357.0,0.31397570078728754,6,107.0,0.20869968337865033,6,350.0,0.2700770307897746,18,814.0
3060.0,18,63.0,0.6363636363636364,4.928465618404267,4,260.0,0.3189440218406277,5,82.0,0.2883281334911923,9,390.0,0.2322891743356863,18,732.0
3065.0,19,122.0,1.22,4.657184854630632,3,270.0,0.321470327221549,4,73.0,0.4316857447145301,12,448.0,0.1964439165888146,19,791.0
3070.0,24,113.0,1.118811881188119,3.889834111453166,8,293.0,0.22046209061562166,2,52.0,0.405784999690266,14,453.0,0.18301296309551854,24,798.0
3075.0,35,170.0,1.6037735849056605,3.2176689915698202,14,350.0,0.11947826553773232,8,74.0,0.23347823876289564,13,391.0,0.12437583746969577,35,815.0
3080.0,36,161.0,1.5784313725490196,3.109265113540687,17,376.0,0.1293369832587954,8,94.0,0.2827015566903405,11,400.0,0.15735380297543364,36,870.0
3085.0,32,107.0,0.9907407407407407,3.557315378083584,14,351.0,0.19361593533655325,4,75.0,0.2681102455553778,14,449.0,0.14612503045147834,32,875.0
3090.0,29,145.0,1.3679245283018868,4.430450499415699,10,274.0,0.25466825702936813,2,41.0,0.4963880168726257,17,518.0,0.16851053321590678,29,833.0
3095.0,24,132.0,1.2692307692307692,4.286096767021746,7,236.0,0.2752988528908709,2,33.0,0.6363659326690565,15,528.0,0.15819353827751712,24,797.0
3100.0,16,57.0,0.5089285714285714,4.251791134849526,4,197.0,0.26818566879493444,1,10.0,0.4912332152110728,11,454.0,0.1334438705492666,16,661.0
3105.0,25,97.0,0.8584070796460177,5.082468572911158,7,228.0,0.2777719915362492,6,26.0,0.43119407980171137,12,336.0,0.16616375293164612,25,590.0
3110.0,29,119.0,1.091743119266055,4.276785180570199,8,222.0,0.22479842635301908,11,69.0,0.25116354180239714,10,368.0,0.15719278161113687,29,659.0
3115.0,32,180.0,1.7307692307692308,4.063558382691172,8,174.0,0.23237587789692007,14,133.0,0.23718924652255977,10,414.0,0.19095878761873442,32,721.0
3120.0,24,147.0,1.4848484848484849,4.184963253186201,5,115.0,0.27128770724697593,11,162.0,0.2696310451001841,8,403.0,0.17984705609637633,24,680.0
3125.0,11,36.0,0.34615384615384615,4.880479027968376,1,91.0,0.36899560743887955,5,135.0,0.2924022677472282,5,328.0,0.23699340595024396,11,554.0
3130.0,12,54.0,0.5192307692307693,5.659550520952687,5,109.0,0.3352774859981763,3,82.0,0.4224311606681011,4,235.0,0.2529546051200652,12,426.0
3135.0,15,48.0,0.4485981308411215,4.805200945286693,8,112.0,0.2389408271383685,4,57.0,0.4899445303789232,3,202.0,0.22871869120122162,15,371.0
3140.0,13,38.0,0.36893203883495146,4.567962883526826,5,91.0,0.2094532213504351,1,30.0,0.5155412057940892,7,224.0,0.1949178299397688,13,345.0
3145.0,30,110.0,1.0476190476190477,3.822588543261233,7,89.0,0.14430993003674128,9,42.0,0.20523009623867866,14,281.0,0.1363570735696599,30,412.0
3150.0,28,137.0,1.3300970873786409,3.8468397670256085,7,120.0,0.20414854780865294,6,56.0,0.21497390285003576,15,297.0,0.1543310225431969,28,473.0
3155.0,27,138.0,1.422680412371134,3.7309909325501485,15,181.0,0.20603301497980195,0,39.0,0.37034096555282375,12,243.0,0.18451162577892324,27,463.0
3160.0,31,214.0,2.0776699029126213,3.1060918390688514,20,270.0,0.14146023545455524,3,37.0,0.3668357961582088,8,288.0,0.13397475079083673,31,595.0
3165.0,45,256.0,2.4150943396226414,2.8959178837569293,21,323.0,0.11253755995406381,8,62.0,0.27685750924462593,16,350.0,0.12583012420505016,45,735.0
3170.0,43,258.0,2.4339622641509435,2.2450755036370027,19,325.0,0.11192304298268937,6,76.0,0.15070539043236775,18,430.0,0.08229805816659803,43,831.0
3175.0,38,295.0,2.7830188679245285,3.8648042343389353,16,315.0,0.2532139750808069,2,52.0,0.5025709675058971,20,525.0,0.1274975134411134,38,892.0
3180.0,33,235.0,2.196261682242991,3.285076334666947,9,335.0,0.21232823833359515,2,27.0,0.4831455668085702,22,561.0,0.09366370971478984,33,923.0
3185.0,36,196.0,1.7043478260869565,3.465728481801836,12,396.0,0.16881951247197435,2,17.0,0.4559148448364466,22,530.0,0.10429365050695275,36,943.0
3190.0,35,197.0,1.790909090909091,3.879223762824368,11,411.0,0.19963666123990503,5,31.0,0.4143475553394227,19,445.0,0.12945826466437535,35,887.0
3195.0,30,168.0,1.5272727272727273,4.329656005210998,6,355.0,0.19254681809567298,8,59.0,0.46289353770791497,16,420.0,0.16302434105768926,30,834.0
3200.0,24,205.0,1.8807339449541285,5.975190644322484,4,268.0,0.30193263580642515,8,97.0,0.546772466539201,12,396.0,0.3059822194854665,24,761.0
3205.0,17,99.0,0.868421052631579,5.25431202474376,4,263.0,0.23157981039342987,9,111.0,0.4240452457797327,4,367.0,0.3300337762457321,17,741.0
3210.0,17,58.0,0.5225225225225225,5.080212784652765,8,289.0,0.19035803060616246,4,120.0,0.26184067362795976,5,368.0,0.364374120540241,17,777.0
3215.0,29,130.0,1.25,4.08551778622426,13,343.0,0.1575728439392058,10,154.0,0.05197775105234505,6,359.0,0.2711334279458217,29,856.0
3220.0,39,259.0,2.6161616161616164,2.630886261411137,18,426.0,0.10941372942316396,14,217.0,0.15387696936239334,7,296.0,0.14842255527527143,39,939.0
3225.0,42,383.0,3.948453608247423,3.3308329374244066,26,542.0,0.09051664305125541,12,244.0,0.27935400516728515,4,197.0,0.2752172084262834,42,983.0
3230.0,42,482.0,4.547169811320755,3.9635777780814605,33,696.0,0.07732024380815707,6,204.0,0.25427174034313554,3,150.0,0.4392616247165244,42,1050.0
3235.0,34,443.0,4.179245283018868,4.7009140309012265,31,768.0,0.10262901604485507,2,110.0,0.3649427892854607,1,121.0,0.5128251051769195,34,999.0
3240.0,35,374.0,3.6310679611650487,4.37892419854778,26,736.0,0.08448107698060489,2,73.0,0.4372440772808965,7,137.0,0.3398348766016822,35,946.0
3245.0,39,353.0,3.4271844660194173,4.505424359211214,26,651.0,0.13277115313131338,5,57.0,0.47195953518153094,8,133.0,0.2561971348932041,39,841.0
3250.0,29,282.0,2.792079207920792,5.07682676980165,18,579.0,0.2035611087174857,7,81.0,0.4459723035991261,4,94.0,0.32247506641823775,29,754.0
3255.0,27,270.0,2.5,5.7594809424341005,12,546.0,0.2944113423982375,14,134.0,0.3743560694420804,1,32.0,0.3734082164555306,27,712.0
3260.0,18,194.0,1.8130841121495327,5.840473715119628,3,521.0,0.4010493985820426,13,184.0,0.3382393976198441,2,36.0,0.35398962027529685,18,741.0
3265.0,35,241.0,2.190909090909091,4.881758932003342,10,542.0,0.2967572928348788,15,221.0,0.16765537981758272,10,63.0,0.20833912589053935,35,826.0
3270.0,25,97.0,0.9603960396039604,4.03380976152078,9,522.0,0.263378914083664,7,199.0,0.18240053368293915,9,85.0,0.206088356777268,25,806.0
3275.0,17,46.0,0.48936170212765956,4.343737762931461,6,425.0,0.17153090042353333,7,139.0,0.2855275926689586,4,69.0,0.23467778098047315,17,633.0
3280.0,16,46.0,0.46,3.7789199336759585,5,451.0,0.15623793086985208,8,156.0,0.2549510619009261,3,87.0,0.17020870543418656,16,694.0
3285.0,23,114.0,1.163265306122449,4.4848182492594875,9,489.0,0.26892401281680456,6,144.0,0.27182953032907436,8,126.0,0.23538493064625451,23,759.0
3290.0,36,255.0,2.55,3.0314277404050545,16,554.0,0.17164367845181341,5,112.0,0.18294179827526233,15,186.0,0.13751444936496093,36,852.0
3295.0,35,206.0,2.1020408163265305,2.7991506434066253,17,555.0,0.14616247876676206,2,87.0,0.34215043767441244,16,220.0,0.1361759505108864,35,862.0
3300.0,31,150.0,1.5151515151515151,3.6929299431375475,14,478.0,0.13076658554483342,5,72.0,0.33137894777654775,12,209.0,0.13669321482190633,31,759.0
3305.0,31,130.0,1.25,4.097702458408043,12,508.0,0.17221232182025598,5,70.0,0.4181795016796409,14,267.0,0.1413076277281389,31,845.0
3310.0,29,117.0,1.1359223300970873,3.823841275884623,13,575.0,0.191376564078659,2,47.0,0.37827899421972605,14,342.0,0.14048103990696997,29,964.0
3315.0,25,102.0,1.00990099009901,2.585826964611302,9,554.0,0.11681679393790557,3,54.0,0.24088324643919062,13,367.0,0.10379073720658862,25,975.0
3320.0,21,77.0,0.77,4.020380074347659,6,434.0,0.19402607518197013,8,86.0,0.42806600576356457,7,303.0,0.1915624894043591,21,823.0
3325.0,29,117.0,1.0833333333333333,4.538876062746198,8,264.0,0.16273018451361054,13,134.0,0.37550815748177,8,244.0,0.17838481754271626,29,642.0
3330.0,14,59.0,0.5412844036697247,4.831378604896128,4,267.0,0.24213555736602382,7,135.0,0.3418483094188112,3,245.0,0.25040076322973426,14,647.0
3335.0,20,72.0,0.6923076923076923,4.77370572675028,8,295.0,0.2268067721981613,4,92.0,0.27370668084433686,8,273.0,0.26742404310278567,20,660.0
3340.0,31,176.0,1.7087378640776698,3.224084811382538,13,348.0,0.16937753200388814,5,114.0,0.2041339078987795,13,329.0,0.16367996008579372,31,791.0
3345.0,45,293.0,3.020618556701031,2.4585780181460577,20,435.0,0.12278837357169103,10,150.0,0.16021308104369347,15,351.0,0.17479682911062108,45,936.0
3350.0,52,437.0,4.201923076923077,2.051064212763736,27,556.0,0.05186657052812232,13,212.0,0.14320982465804222,12,283.0,0.11171587797729224,52,1051.0
3355.0,56,648.0,6.171428571428572,3.005068119383935,31,702.0,0.06639816505484904,16,289.0,0.22791184553846608,9,229.0,0.1982689683184304,56,1220.0
3360.0,47,578.0,5.401869158878505,2.4629298815824585,30,754.0,0.026467308504271352,12,307.0,0.1388348282590915,5,228.0,0.20859389667010741,47,1289.0
3365.0,45,422.0,3.871559633027523,3.743483188771806,24,690.0,0.13978971674588717,11,259.0,0.22960866361567037,10,268.0,0.2618992117291382,45,1217.0
3370.0,34,317.0,3.048076923076923,4.160166274660342,19,592.0,0.17593488215686184,8,276.0,0.3067631915725142,7,270.0,0.2657373357747833,34,1138.0
3375.0,22,176.0,1.614678899082569,4.368839204210575,11,637.0,0.189732744038557,6,315.0,0.32021885799330646,5,211.0,0.20781418802134585,22,1163.0
3380.0,27,181.0,1.7075471698113207,3.9590692328820185,11,693.0,0.20366885583579883,11,359.0,0.1964204145891784,5,207.0,0.21578294531608172,27,1259.0
3385.0,39,191.0,1.7850467289719627,2.5942091086468015,16,759.0,0.09203837788683733,13,350.0,0.07014096586893394,10,233.0,0.12384412034148692,39,1342.0
3390.0,32,152.0,1.504950495049505,3.019024326859281,14,742.0,0.20009512014767838,9,304.0,0.16530875096686962,9,224.0,0.20168459249313586,32,1270.0
3395.0,21,96.0,0.9504950495049505,4.413886817067767,9,630.0,0.26358754497359216,8,236.0,0.31423943598570997,4,160.0,0.2825257955407281,21,1026.0
3400.0,16,53.0,0.48623853211009177,4.22847679142326,8,491.0,0.22031196190534552,6,244.0,0.3190324267015453,2,137.0,0.19729681914602834,16,872.0
3405.0,20,73.0,0.6460176991150443,5.137059921598142,5,335.0,0.24668025140604388,7,272.0,0.3896311078337976,8,161.0,0.1682097861341446,20,768.0
3410.0,22,88.0,0.8,4.051395883640157,4,337.0,0.2718811643707107,8,308.0,0.26803673953996143,10,164.0,0.11342149731502682,22,809.0
3415.0,30,165.0,1.5865384615384615,3.5863576656583853,9,372.0,0.22702564638125397,15,374.0,0.14715116107080387,6,134.0,0.18349081635180364,30,880.0
3420.0,33,243.0,2.3823529411764706,2.8465896965875053,7,355.0,0.17245969317412227,21,468.0,0.09260758314110644,5,141.0,0.15267453747883422,33,964.0
3425.0,33,252.0,2.3551401869158877,3.626241160550062,4,254.0,0.23835308799184748,20,503.0,0.1331051378036531,9,174.0,0.1253749448365845,33,931.0
3430.0,24,185.0,1.8137254901960784,4.453492706187038,2,182.0,0.343678901078318,13,455.0,0.2576551180209898,9,185.0,0.18814789593592554,24,822.0
3435.0,22,117.0,1.0833333333333333,4.029273286536342,4,174.0,0.30325869590920995,11,499.0,0.1844300403718378,7,153.0,0.20778869960798813,22,826.0
3440.0,27,144.0,1.3333333333333333,3.9019064223364572,8,200.0,0.2569274650243874,15,566.0,0.14113255570521144,4,134.0,0.19925601801922535,27,900.0
3445.0,38,176.0,1.644859813084112,2.5586797449938485,9,192.0,0.12549533880416908,19,648.0,0.060768667587199704,10,164.0,0.11017535437826953,38,1004.0
3450.0,32,159.0,1.5142857142857142,3.34413804227707,7,100.0,0.23502667306045072,14,648.0,0.17247199302761407,11,167.0,0.11967184872312606,32,915.0
3455.0,18,78.0,0.78,3.9895290939478874,2,99.0,0.29090076650206137,10,559.0,0.215917282890813,6,151.0,0.22166397130083534,18,809.0
3460.0,19,66.0,0.6111111111111112,4.4296378739535855,6,125.0,0.30465102037712655,10,400.0,0.14881292845840793,3,148.0,0.26448121475980046,19,673.0
3465.0,19,76.0,0.7238095238095238,4.829123027481381,4,107.0,0.37054326069822435,6,342.0,0.30005780709352836,9,181.0,0.22261507986708579,19,630.0
3470.0,24,107.0,1.009433962264151,3.9081494424498437,5,83.0,0.324505369023481,5,319.0,0.37021103876808814,14,240.0,0.09688409862332499,24,642.0
3475.0,24,134.0,1.276190476190476,4.288391513662204,3,57.0,0.3508850794305855,6,348.0,0.3528317381832024,15,263.0,0.09608346590022164,24,668.0
3480.0,29,136.0,1.2830188679245282,3.719714895650756,3,51.0,0.225465651660997,13,401.0,0.2297285435910595,13,219.0,0.09107248315345352,29,671.0
3485.0,33,157.0,1.4144144144144144,3.91357391017286,8,78.0,0.16560981661997887,13,410.0,0.16894526182075123,12,207.0,0.15013669040136765,33,695.0
3490.0,21,101.0,0.9901960784313726,4.613598388298094,6,95.0,0.2915289876474698,8,341.0,0.22262655206187784,7,192.0,0.3028399645768071,21,628.0
3495.0,14,36.0,0.3364485981308411,4.902589364307913,4,67.0,0.32904444399898175,5,234.0,0.26184036970810337,5,191.0,0.2753322360135807,14,492.0
3500.0,18,66.0,0.6226415094339622,5.957741039561276,5,45.0,0.42556165675954,4,173.0,0.41472087499585214,9,227.0,0.2762833192449283,18,445.0
3505.0,19,31.0,0.2897196261682243,4.588781316127049,4,35.0,0.33403249672404106,4,143.0,0.3470075732017139,11,237.0,0.19722898572996553,19,415.0
3510.0,17,64.0,0.6037735849056604,4.782909036028476,5,53.0,0.26480951283556803,7,171.0,0.2953111500698853,5,202.0,0.2142644426215892,17,426.0
3515.0,16,60.0,0.5882352941176471,3.985927774444655,6,65.0,0.1921020335198167,5,163.0,0.21071489792100082,5,159.0,0.19436157666139361,16,387.0
3520.0,14,59.0,0.5619047619047619,5.04176672613951,3,57.0,0.2847297228213198,5,118.0,0.29967765369394395,6,142.0,0.3088847009100315,14,317.0
3525.0,10,32.0,0.3018867924528302,5.511864531438856,6,68.0,0.32596076520211426,2,62.0,0.34877398362006906,2,122.0,0.33410473163198234,10,252.0
3530.0,21,86.0,0.7747747747747747,4.33097928904212,11,108.0,0.1722357895534997,2,48.0,0.2449338530022234,8,136.0,0.2181722376696257,21,292.0
3535.0,24,107.0,1.009433962264151,4.039177657391336,11,135.0,0.15122348213599884,6,70.0,0.2060556302917896,7,147.0,0.21973320563398205,24,352.0
3540.0,23,101.0,1.063157894736842,3.2679838037835194,6,118.0,0.13493875645492806,13,125.0,0.24369601881156683,4,118.0,0.17456692279792457,23,361.0
3545.0,24,93.0,0.9029126213592233,3.3718058088621303,6,140.0,0.14946520175585415,10,150.0,0.20342721926874455,8,151.0,0.16373362744054998,24,441.0
3550.0,27,120.0,1.1538461538461537,3.7908005082038585,10,189.0,0.19020655335774025,5,119.0,0.20407094655295527,12,201.0,0.22398891119614536,27,509.0
3555.0,33,176.0,1.6761904761904762,3.3539578488680433,15,256.0,0.16756428846939544,7,75.0,0.22517066739728428,11,213.0,0.1720756723719058,33,544.0
3560.0,30,223.0,2.23,3.391727424780159,21,347.0,0.1458150958613883,2,85.0,0.37509939600686704,7,183.0,0.2246838521427681,30,615.0
3565.0,39,232.0,2.1682242990654204,2.6717480344201636,21,389.0,0.060425819201464614,9,111.0,0.15501729487302446,9,183.0,0.13772020643485372,39,683.0
3570.0,32,168.0,1.5849056603773586,3.259954697879243,18,368.0,0.10655265946012125,5,113.0,0.28250282343895405,9,219.0,0.14697557258179916,32,700.0
3575.0,22,116.0,1.1372549019607843,3.4296262607491093,14,434.0,0.1384791501382466,2,80.0,0.3359278133062398,6,217.0,0.18485056182318824,22,731.0
3580.0,22,100.0,0.9345794392523364,4.159585428153371,16,511.0,0.15262935772764114,2,52.0,0.39959703621872955,4,169.0,0.24222694721764276,22,732.0
3585.0,19,104.0,1.0,4.448958136735447,14,526.0,0.1755264110266103,2,44.0,0.4593446327069115,3,108.0,0.28777565140378725,19,678.0
3590.0,11,51.0,0.4722222222222222,4.287535045635641,7,451.0,0.13764148379303723,0,21.0,0.41371069684628964,4,79.0,0.25176789725211457,11,551.0
3595.0,11,25.0,0.23148148148148148,4.881055377329282,6,476.0,0.14233487236226403,3,28.0,0.4021942665462426,2,56.0,0.3356114546402322,11,560.0
3600.0,22,101.0,0.9619047619047619,4.540962098531543,9,515.0,0.0813556380029205,6,52.0,0.33520179187316024,7,68.0,0.230683410521247,22,635.0
