step,system_total_stopped,system_total_waiting_time,system_mean_waiting_time,system_mean_speed,A0_stopped,A0_accumulated_waiting_time,A0_average_speed,B0_stopped,B0_accumulated_waiting_time,B0_average_speed,C0_stopped,C0_accumulated_waiting_time,C0_average_speed,agents_total_stopped,agents_total_accumulated_waiting_time
5.0,0,0.0,0.0,7.313279483458869,0,0.0,0.46581882705705147,0,0.0,0.644330360880117,0,0.0,0.5259017252675667,0,0.0
10.0,1,0.0,0.0,10.812812445359974,1,0.0,0.658312731059042,0,0.0,0.9104252059115195,0,0.0,0.8128043973779432,1,0.0
15.0,0,0.0,0.0,9.724500534667715,0,0.0,0.6289162194453503,0,0.0,0.3802860990426189,0,0.0,0.5493525925759603,0,0.0
20.0,0,0.0,0.0,11.563610670328547,0,0.0,0.8085017912386919,0,0.0,0.9436682470919936,0,0.0,0.7881514958667569,0,0.0
25.0,8,0.0,0.0,5.953137774596248,3,0.0,0.42243795467677414,2,0.0,0.5358271547205531,3,0.0,0.2800048549796117,8,0.0
30.0,2,8.0,0.2962962962962963,8.763613224597073,0,0.0,0.6555503648200057,2,8.0,0.65765243328131,0,0.0,0.6654977755769242,2,8.0
35.0,5,29.0,0.9666666666666667,9.180433575417993,2,8.0,0.5887859535602263,2,18.0,0.46399179472260993,1,3.0,0.6769219390035908,5,29.0
40.0,9,56.0,1.6470588235294117,6.979068597361943,5,22.0,0.3909528619970483,4,34.0,0.16243948219673576,0,0.0,0.713417148858245,9,56.0
45.0,3,11.0,0.3142857142857143,8.432688782109143,3,29.0,0.4666765273911506,0,14.0,0.6346769215855074,0,0.0,0.7870790530082914,3,43.0
50.0,0,0.0,0.0,7.818873228356642,0,18.0,0.36666079225294057,0,4.0,0.6660494550263075,0,0.0,0.5077747354880656,0,22.0
55.0,3,1.0,0.023255813953488372,8.732673348994632,2,13.0,0.4220952975922699,0,4.0,0.8448039139296212,1,0.0,0.6124808934711979,3,17.0
60.0,5,18.0,0.45,8.595455978508005,3,24.0,0.29959227726764864,0,0.0,0.738209118717809,2,6.0,0.4261393229622061,5,30.0
65.0,8,39.0,0.9069767441860465,7.1417783946694,3,33.0,0.36907873926978696,2,8.0,0.5184255955707461,3,19.0,0.47413843318442705,8,60.0
70.0,4,19.0,0.48717948717948717,7.150074385775309,2,23.0,0.39619306175944025,2,20.0,0.49799873970608416,0,6.0,0.7288325106237173,4,49.0
75.0,6,40.0,0.851063829787234,7.0766818595193035,2,11.0,0.37094598625939806,4,40.0,0.5267343534480742,0,0.0,0.5536957756001318,6,51.0
80.0,5,57.0,1.14,8.150648608181832,0,7.0,0.46430168458645027,4,58.0,0.6104388966843947,1,1.0,0.6233562727049413,5,66.0
85.0,19,98.0,1.719298245614035,6.817031920553399,7,18.0,0.21647688235785206,8,80.0,0.3744800722119991,4,9.0,0.4356245086835496,19,107.0
90.0,14,55.0,1.0784313725490196,5.160472031467775,12,59.0,0.16025236877415136,2,50.0,0.30769801708321004,0,8.0,0.5790106353270116,14,117.0
95.0,11,59.0,1.18,6.377604871435478,7,82.0,0.1747127610289839,4,22.0,0.4375262192006554,0,0.0,0.6981672359661922,11,104.0
100.0,12,67.0,1.2407407407407407,6.191041030731539,6,72.0,0.2181057009703599,6,49.0,0.4390252344250329,0,0.0,0.475171951304923,12,121.0
105.0,15,103.0,1.8727272727272728,6.187633109147749,7,70.0,0.2541607057007301,5,74.0,0.4815263221488144,3,11.0,0.40975928380902954,15,155.0
110.0,12,65.0,1.1206896551724137,5.389219847317301,4,74.0,0.22870822328063217,2,58.0,0.47392732373911994,6,36.0,0.22148757176911493,12,168.0
115.0,6,45.0,0.7627118644067796,6.9765834662714195,4,73.0,0.40008730941396303,1,16.0,0.5904072290380187,1,33.0,0.457666919638676,6,122.0
120.0,4,8.0,0.14285714285714285,6.592679613071673,1,51.0,0.4055335073140253,3,20.0,0.4103294188906788,0,2.0,0.6790740507794857,4,73.0
125.0,14,57.0,0.8769230769230769,7.355422291931886,4,47.0,0.40910744273510025,8,50.0,0.36933350477905974,2,8.0,0.6197483769895957,14,105.0
130.0,19,141.0,2.3114754098360657,5.6303139339085675,7,74.0,0.2365277576063871,10,97.0,0.2469037528425841,2,16.0,0.5523186379409872,19,187.0
135.0,24,192.0,3.0476190476190474,3.564700338010639,7,91.0,0.17588480616086805,15,166.0,0.08904130971094941,2,3.0,0.327201554373154,24,260.0
140.0,21,149.0,2.365079365079365,5.298357761273737,6,79.0,0.2573852019804942,12,196.0,0.267835985651235,3,13.0,0.4095862004993094,21,288.0
145.0,19,70.0,1.044776119402985,5.159426158673279,8,93.0,0.23887988530463922,5,151.0,0.25589023031556835,6,33.0,0.3298859961497661,19,277.0
150.0,13,82.0,1.2424242424242424,6.351301771446778,6,123.0,0.3201410077837339,2,72.0,0.3385679631689612,5,57.0,0.5586186512517735,13,252.0
155.0,12,65.0,1.0483870967741935,6.275288402827767,10,169.0,0.3153253421620998,2,41.0,0.5078116613703305,0,37.0,0.6196775577568531,12,247.0
160.0,13,85.0,1.2318840579710144,6.097785487104898,7,183.0,0.27835583510515666,4,35.0,0.429959197571596,2,4.0,0.5763517503450424,13,222.0
165.0,12,94.0,1.3428571428571427,7.319695529241621,6,170.0,0.29387636601257655,4,57.0,0.5888602690604142,2,14.0,0.6446050295907295,12,241.0
170.0,13,98.0,1.2564102564102564,6.441700822641495,7,143.0,0.2104849884730543,6,80.0,0.5264609103693398,0,1.0,0.4687832012960948,13,224.0
175.0,17,140.0,1.8181818181818181,7.3213768154129095,6,123.0,0.2945216593991855,6,108.0,0.6096808560893228,5,13.0,0.32201941049843386,17,244.0
180.0,13,156.0,2.1971830985915495,5.920740348661528,2,126.0,0.3129130244504778,6,136.0,0.42326821057643893,5,30.0,0.26226308678788884,13,292.0
185.0,10,37.0,0.5138888888888888,6.31935308588258,4,148.0,0.3532306348519311,4,99.0,0.3571961465527999,2,33.0,0.4294378960770944,10,280.0
190.0,8,29.0,0.4393939393939394,6.902507658966621,4,143.0,0.42375179949934677,4,29.0,0.358374870021199,0,19.0,0.5024975368788535,8,191.0
195.0,12,26.0,0.37681159420289856,5.909584842924818,4,119.0,0.23106992687120761,6,33.0,0.34959394832490104,2,26.0,0.32816353558428907,12,178.0
200.0,9,23.0,0.3709677419354839,6.606876618009592,3,107.0,0.31249065998218106,3,40.0,0.5409672743869488,3,30.0,0.5121812598059967,9,177.0
205.0,15,29.0,0.4264705882352941,5.573160928943146,7,129.0,0.24727014390270297,5,33.0,0.2877986343179399,3,13.0,0.47885298444767266,15,175.0
210.0,17,98.0,1.4848484848484849,6.413409826509114,8,163.0,0.24294711967183896,7,53.0,0.2827006227206302,2,10.0,0.6608853206948102,17,226.0
215.0,11,60.0,0.9836065573770492,5.030610751432323,7,164.0,0.16618081467706644,4,62.0,0.24035280363175549,0,2.0,0.4576727654764776,11,228.0
220.0,16,54.0,0.84375,5.68615703470178,9,130.0,0.2467607845187407,2,46.0,0.331510488372042,5,19.0,0.39484053861108515,16,195.0
225.0,8,38.0,0.6229508196721312,7.99783781418651,6,103.0,0.3773806345935374,2,28.0,0.6891428645224181,0,16.0,0.6547233681416537,8,147.0
230.0,9,40.0,0.5882352941176471,6.9446849912209725,5,112.0,0.30345132791017904,4,32.0,0.555802216930043,0,2.0,0.6174427893149522,9,146.0
235.0,7,18.0,0.2647058823529412,6.767544840541493,5,136.0,0.2236741739943248,0,11.0,0.6014090594531376,2,5.0,0.6180794167964887,7,152.0
240.0,12,39.0,0.6,5.657056291560307,4,137.0,0.14702441848349582,3,10.0,0.38763482505302416,5,22.0,0.32600597019722694,12,169.0
245.0,10,36.0,0.5538461538461539,5.683777804276868,4,110.0,0.2719473764399356,2,19.0,0.37898321024450127,4,36.0,0.31534304505259786,10,165.0
250.0,4,6.0,0.1,7.171778769958953,3,94.0,0.3086741889122568,0,11.0,0.8190652651782495,1,34.0,0.5603441811426867,4,139.0
255.0,9,27.0,0.39705882352941174,7.095615719870283,6,116.0,0.22970418072338164,1,5.0,0.6320139146787844,2,15.0,0.561157285790232,9,136.0
260.0,8,28.0,0.4375,6.621411925558263,4,109.0,0.2558104406504737,2,12.0,0.6870532370457691,2,15.0,0.5609971282819695,8,136.0
265.0,15,44.0,0.6567164179104478,5.237181893837494,4,66.0,0.18523064500991188,4,22.0,0.39286979068532957,7,33.0,0.33933506959635223,15,121.0
270.0,11,64.0,0.9846153846153847,6.3396473461167,3,53.0,0.2888998163824325,4,41.0,0.5875230584506448,4,41.0,0.33700759923740653,11,135.0
275.0,8,71.0,1.109375,6.128151116123982,1,48.0,0.31713983336021423,4,63.0,0.525159804823837,3,34.0,0.29074623618003004,8,145.0
280.0,12,105.0,1.4788732394366197,5.822410315339988,5,60.0,0.25866275227491176,6,91.0,0.4574948035385097,1,42.0,0.3730770198571596,12,193.0
285.0,19,187.0,2.791044776119403,5.592556953283036,8,92.0,0.22511893893766993,6,119.0,0.34059843785912247,5,63.0,0.4108891385943285,19,274.0
290.0,21,212.0,3.1641791044776117,3.4329317779020294,9,102.0,0.26347605811058195,8,155.0,0.03697828992895106,4,67.0,0.28255903546750083,21,324.0
295.0,15,64.0,0.9142857142857143,5.300779919837136,7,95.0,0.2843121977343139,2,113.0,0.4994732240918326,6,63.0,0.27816644224919546,15,271.0
300.0,9,38.0,0.5352112676056338,6.346327335748392,5,80.0,0.19991411936037726,0,20.0,0.7914876717476241,4,66.0,0.2487431518271592,9,166.0
305.0,15,81.0,1.051948051948052,6.8092812942054435,8,96.0,0.2422585115015352,1,4.0,0.7116849905991091,6,89.0,0.25145048585382745,15,189.0
310.0,19,149.0,2.1911764705882355,5.913451636473424,6,110.0,0.2958740559667901,2,12.0,0.6005034266626018,11,133.0,0.28226491380673585,19,255.0
315.0,22,173.0,2.3066666666666666,5.906658751456329,7,129.0,0.37748974218047043,6,26.0,0.4945432695223416,9,147.0,0.27672086665917806,22,302.0
320.0,8,42.0,0.5753424657534246,6.397550152403748,1,93.0,0.49579219444360784,1,14.0,0.4686220486215292,6,124.0,0.3037722029565255,8,231.0
325.0,19,57.0,0.6951219512195121,6.63541161106597,7,63.0,0.3069356739787812,4,15.0,0.45856100805159605,8,98.0,0.252294813889605,19,176.0
330.0,17,103.0,1.3205128205128205,7.068925820471848,9,100.0,0.22963295430736116,6,41.0,0.44707162344871093,2,112.0,0.3802832488496696,17,253.0
335.0,21,100.0,1.4492753623188406,5.091797666870821,8,117.0,0.2291451481107722,8,60.0,0.27878347673157317,5,127.0,0.25868915417209304,21,304.0
340.0,17,65.0,0.9420289855072463,5.506724817011739,7,106.0,0.31492882017633134,6,61.0,0.34952430748291463,4,127.0,0.3318170336119539,17,294.0
345.0,12,28.0,0.39436619718309857,5.944553891464731,6,132.0,0.3576826912834912,3,59.0,0.38374345030776275,3,101.0,0.4545442546143058,12,292.0
350.0,12,46.0,0.5679012345679012,6.0740270791594515,6,157.0,0.2565993453059256,5,67.0,0.4337051936534796,1,89.0,0.24723195041321613,12,313.0
355.0,18,88.0,1.1578947368421053,4.8818148761766125,10,196.0,0.18239381003817162,4,67.0,0.2717158630449854,4,104.0,0.36121559003038045,18,367.0
360.0,26,152.0,2.111111111111111,3.867688610219182,16,260.0,0.15204812689847835,7,56.0,0.2193507768532657,3,96.0,0.35768294982354953,26,412.0
365.0,22,132.0,1.6923076923076923,4.689603110766837,13,287.0,0.23444748832950565,4,57.0,0.2999427391797654,5,73.0,0.3477148531345349,22,417.0
370.0,19,113.0,1.3780487804878048,5.638644831741488,11,267.0,0.2542871248722967,5,51.0,0.4768960318238936,3,81.0,0.2741715261975754,19,399.0
375.0,24,155.0,1.7415730337078652,5.6163025991448885,14,292.0,0.10205677157944523,5,72.0,0.5485157274682744,5,101.0,0.23634290897079704,24,465.0
380.0,29,190.0,2.261904761904762,5.028424647931542,17,368.0,0.12485574068627919,7,101.0,0.30340130217864975,5,97.0,0.3230557071848557,29,566.0
385.0,23,106.0,1.325,3.8742561214993345,13,386.0,0.08451076085078209,4,90.0,0.3130307569972157,6,74.0,0.19902757094367535,23,550.0
390.0,9,23.0,0.30666666666666664,5.9823344058525265,4,334.0,0.26532958707048565,4,49.0,0.4820704519512825,1,85.0,0.4337719620482212,9,468.0
395.0,16,70.0,0.8860759493670886,7.16673916292998,4,253.0,0.32764604873140357,6,33.0,0.5598240154421289,6,103.0,0.40822365039026015,16,389.0
400.0,14,77.0,0.9166666666666666,5.86975342144246,1,241.0,0.3759401546649172,7,60.0,0.40626345388834134,6,97.0,0.32704860384940526,14,398.0
405.0,14,47.0,0.5529411764705883,5.4280525004405105,4,253.0,0.3128810324633727,7,68.0,0.3085864784327528,3,63.0,0.3277991326037653,14,384.0
410.0,17,69.0,0.7840909090909091,4.816857440671504,10,289.0,0.1670641257120131,4,49.0,0.2838919488946933,3,77.0,0.21235773592541732,17,415.0
415.0,21,108.0,1.255813953488372,4.803911480882075,10,301.0,0.14795970459542754,6,44.0,0.2807103626815221,5,97.0,0.30567917988068843,21,442.0
420.0,15,64.0,0.7710843373493976,4.471932905450426,7,262.0,0.17437876474470604,4,54.0,0.32251412880714114,4,90.0,0.24288302333148507,15,406.0
425.0,20,66.0,0.7857142857142857,5.399901446110151,8,208.0,0.2943749736103759,8,59.0,0.3596509018694289,4,74.0,0.3588820195705743,20,341.0
430.0,18,71.0,0.7888888888888889,5.536328856476704,7,231.0,0.26616857411086764,8,85.0,0.38462526080726106,3,53.0,0.34729120634533156,18,369.0
435.0,14,53.0,0.5408163265306123,5.444204925264192,8,271.0,0.17089132805173565,5,81.0,0.3132348256309253,1,40.0,0.3202894751916405,14,392.0
440.0,23,99.0,1.1,4.697995444237499,12,326.0,0.16360745454822823,6,75.0,0.17944971057862316,5,54.0,0.3580646229836105,23,455.0
445.0,31,144.0,1.7349397590361446,3.5614833496138503,11,331.0,0.18688757267665443,10,83.0,0.1651611240462299,10,93.0,0.27482396720364516,31,507.0
450.0,25,112.0,1.302325581395349,3.975352663300652,8,277.0,0.28767642546395594,10,101.0,0.1840745721966286,7,106.0,0.30508099436101055,25,484.0
455.0,22,77.0,0.8651685393258427,4.7984541897815305,9,302.0,0.18305711620809315,8,102.0,0.29574660825393645,5,91.0,0.34292561622930595,22,495.0
460.0,19,98.0,1.065217391304348,5.54514857389256,11,352.0,0.0803064501616592,4,89.0,0.3793630353118777,4,72.0,0.3363629714340506,19,513.0
465.0,19,107.0,1.2891566265060241,6.1713539569753975,10,350.0,0.13069694706683233,6,98.0,0.5017856486073236,3,53.0,0.5393104102434441,19,501.0
470.0,11,48.0,0.6,5.350191523674762,3,268.0,0.1544350113559645,6,99.0,0.3683182974876637,2,41.0,0.3902697923866489,11,408.0
475.0,16,54.0,0.6923076923076923,5.642703555263679,4,281.0,0.2500947845202378,6,88.0,0.3096652795026662,6,65.0,0.4065375613519881,16,434.0
480.0,19,99.0,1.2692307692307692,5.23303728980026,7,312.0,0.21773819226113025,3,90.0,0.26684482301354034,9,104.0,0.30941066926545574,19,506.0
485.0,15,64.0,0.810126582278481,4.900636619858591,5,287.0,0.21812351943034217,5,67.0,0.27674135606856054,5,106.0,0.29062401475167315,15,460.0
490.0,7,23.0,0.3150684931506849,5.639020931967104,3,210.0,0.21396024086522994,4,66.0,0.3838493880040542,0,38.0,0.496103788867926,7,314.0
495.0,14,40.0,0.5128205128205128,6.381439191374873,4,145.0,0.21128834246280873,8,62.0,0.4145997822654405,2,13.0,0.5772849923234645,14,220.0
500.0,16,106.0,1.2771084337349397,7.128092366220694,3,101.0,0.26608200454154785,11,85.0,0.41432431776347395,2,15.0,0.7056884372176273,16,201.0
505.0,22,166.0,1.9080459770114941,6.339399331428231,4,77.0,0.27302942423468235,16,142.0,0.36504512608122197,2,2.0,0.6807100929067552,22,221.0
510.0,21,228.0,2.6206896551724137,6.324847061256467,1,45.0,0.4366152537228655,19,225.0,0.26155806322647956,1,4.0,0.5881435774876891,21,274.0
515.0,27,221.0,2.728395061728395,5.299250753180753,3,48.0,0.4669500583431503,18,276.0,0.14669380081084313,6,25.0,0.41776948805452974,27,349.0
520.0,24,143.0,1.7439024390243902,4.420332391922015,7,70.0,0.3255602104627156,13,246.0,0.10160956098850396,4,36.0,0.26307323884682626,24,352.0
525.0,13,47.0,0.618421052631579,4.6150664000767225,7,83.0,0.27092260980327226,4,274.0,0.22394621769671336,2,28.0,0.39684498890544645,13,385.0
530.0,16,62.0,0.7654320987654321,5.549209513565274,6,81.0,0.31276078480260844,10,290.0,0.29736199560949417,0,14.0,0.40883299900068204,16,385.0
535.0,24,133.0,1.5465116279069768,6.670669503810348,6,72.0,0.34913563402153036,16,349.0,0.3180232245625243,2,15.0,0.6441546876441874,24,436.0
540.0,25,154.0,1.75,6.076050523405706,6,74.0,0.31119306983967665,17,365.0,0.2878522614120063,2,22.0,0.49933646972038204,25,461.0
545.0,21,145.0,1.576086956521739,6.551844406005052,5,87.0,0.32484310057604027,12,298.0,0.26963650703230085,4,38.0,0.511354470788202,21,423.0
550.0,12,61.0,0.7261904761904762,6.27796823409045,1,71.0,0.37260768606694267,11,231.0,0.24923526710515154,0,14.0,0.3632721555188988,12,316.0
555.0,18,78.0,0.9512195121951219,5.714149996078455,5,73.0,0.3172895841550225,10,256.0,0.16435188447300839,3,10.0,0.2954456866558483,18,339.0
560.0,22,91.0,1.2465753424657535,4.840126588795208,5,83.0,0.356668216685909,12,268.0,0.12711665057774144,5,33.0,0.4864799570277205,22,384.0
565.0,17,44.0,0.6027397260273972,3.588735237846283,6,71.0,0.24892774792344532,9,256.0,0.20177764814224566,2,24.0,0.38863432278397364,17,351.0
570.0,16,54.0,0.675,5.730517589632825,4,58.0,0.3709318548495931,9,202.0,0.3007004769021835,3,11.0,0.5799472455941084,16,271.0
575.0,11,31.0,0.38271604938271603,4.998653412667353,2,51.0,0.33746153773209303,8,225.0,0.25316494917022625,1,3.0,0.55685396378876,11,279.0
580.0,22,84.0,0.9655172413793104,4.96373964322665,6,72.0,0.2947264804621488,12,217.0,0.17486562244836554,4,17.0,0.5245245325160587,22,306.0
585.0,15,65.0,0.7647058823529411,4.418093091116519,3,75.0,0.3451002755603685,10,214.0,0.11837640235271876,2,21.0,0.6804456341665627,15,310.0
590.0,21,59.0,0.6629213483146067,4.921582768877338,5,53.0,0.26096377338268356,14,192.0,0.242349252900988,2,10.0,0.4664079195404598,21,255.0
595.0,15,39.0,0.43820224719101125,5.215256032214203,4,48.0,0.26043655556988,8,189.0,0.27708418965025855,3,13.0,0.41059344980770757,15,250.0
600.0,24,88.0,1.0114942528735633,4.791511748209887,6,74.0,0.21730992241828523,11,188.0,0.20546059600884317,7,40.0,0.390881653718652,24,302.0
605.0,23,117.0,1.2857142857142858,4.665952017171563,5,76.0,0.2832548551170147,16,213.0,0.16202135081903496,2,41.0,0.46187580498798986,23,330.0
610.0,16,90.0,1.0465116279069768,5.158131744617292,2,55.0,0.3611186190019438,14,244.0,0.21284085207657064,0,16.0,0.6418360938134072,16,315.0
615.0,18,67.0,0.7282608695652174,5.378437725159714,3,70.0,0.22915805143568824,13,234.0,0.2888659375565028,2,2.0,0.4558600555689675,18,306.0
620.0,18,102.0,1.096774193548387,5.866016705180505,8,103.0,0.14342662919318977,8,187.0,0.33874280450455657,2,12.0,0.5929812796374276,18,302.0
625.0,34,213.0,2.4204545454545454,4.641426572536241,15,155.0,0.050894908151443846,14,195.0,0.28418049243695315,5,22.0,0.28964661050440726,34,372.0
630.0,29,240.0,2.926829268292683,3.950670988458033,17,229.0,0.10642582890039808,11,206.0,0.1218664467841964,1,8.0,0.49247135859631436,29,443.0
635.0,25,192.0,2.4935064935064934,4.4560898832727895,14,265.0,0.18673231188385245,9,186.0,0.13758049366702332,2,12.0,0.5903844853566601,25,463.0
640.0,22,157.0,1.9873417721518987,5.090398679261881,12,240.0,0.24366502602102552,9,170.0,0.27209381818254297,1,10.0,0.5709252213057506,22,420.0
645.0,20,113.0,1.3950617283950617,5.9323317051919835,11,203.0,0.2967278004269606,9,178.0,0.36694549862414705,0,2.0,0.7757981098417422,20,383.0
650.0,16,81.0,0.9101123595505618,5.875553334501748,10,232.0,0.22268324911073706,6,143.0,0.3449582193884071,0,0.0,0.6768419391385939,16,375.0
655.0,23,133.0,1.528735632183908,5.617917725847446,13,291.0,0.16915707205844963,9,149.0,0.3075301542186955,1,0.0,0.4890119324071697,23,440.0
660.0,26,168.0,2.1818181818181817,5.0652231499144795,8,314.0,0.1619096306286768,13,196.0,0.23297001910218187,5,14.0,0.27782809178431866,26,524.0
665.0,20,110.0,1.5068493150684932,4.223924816082309,5,278.0,0.2520923521114672,14,213.0,0.1289451173743667,1,21.0,0.32333624564976887,20,512.0
670.0,14,60.0,0.8333333333333334,5.464509015201569,5,258.0,0.2730931560192094,9,171.0,0.33270486144925443,0,6.0,0.6568651953834994,14,435.0
675.0,16,87.0,1.0740740740740742,5.492907760760225,6,285.0,0.2559214626470983,8,119.0,0.30287013722639017,2,11.0,0.5538672864601184,16,415.0
680.0,12,47.0,0.5595238095238095,5.6597531903034515,4,269.0,0.2822827885690631,5,121.0,0.314686768078978,3,26.0,0.6073772545400089,12,416.0
685.0,16,56.0,0.6588235294117647,4.899345831689167,3,190.0,0.20298678094854747,7,108.0,0.3015052928253077,6,43.0,0.36077012439407696,16,341.0
690.0,10,25.0,0.30120481927710846,4.199666001946428,3,198.0,0.19872656891687954,5,102.0,0.24255519146699941,2,33.0,0.28314078775682006,10,333.0
695.0,18,63.0,0.75,4.73915231411219,9,232.0,0.19910932372699208,9,93.0,0.1851665027367067,0,10.0,0.587037191324693,18,335.0
700.0,24,116.0,1.3181818181818181,4.453432907283971,8,236.0,0.17045165028492112,12,105.0,0.23489096062128595,4,18.0,0.47359325259637874,24,359.0
705.0,22,107.0,1.202247191011236,4.733693878342072,3,182.0,0.2298610270817393,12,135.0,0.24635478518977458,7,46.0,0.4620164071543903,22,363.0
710.0,18,58.0,0.6170212765957447,4.7477408260027145,2,111.0,0.22264873739812374,11,136.0,0.2345900426645672,5,55.0,0.24893604938337835,18,302.0
715.0,10,31.0,0.34444444444444444,5.826337011405558,2,67.0,0.30510856181193313,5,139.0,0.3347082980677418,3,31.0,0.3873244745630165,10,237.0
720.0,14,56.0,0.6511627906976745,6.01835830482649,3,50.0,0.32011737155642866,10,143.0,0.3320222415027587,1,21.0,0.5401236035317253,14,214.0
725.0,13,35.0,0.3804347826086957,5.575317724045493,1,41.0,0.40421975351725165,11,164.0,0.2738246881967161,1,13.0,0.5112842932986589,13,218.0
730.0,14,57.0,0.6129032258064516,5.900726601281492,4,50.0,0.4171856649374976,6,153.0,0.1823696294865261,4,25.0,0.4894073747579675,14,228.0
735.0,16,54.0,0.6206896551724138,4.499526114459894,3,47.0,0.28751749620196265,9,173.0,0.1569896182413362,4,34.0,0.237203999997668,16,254.0
740.0,17,61.0,0.7721518987341772,4.896856184808339,3,37.0,0.38263911463242295,13,188.0,0.1969433931572099,1,29.0,0.5033776673636952,17,254.0
745.0,28,117.0,1.3,5.090281589945929,5,28.0,0.34050308713280963,18,232.0,0.2242367117548671,5,27.0,0.49321596551973385,28,287.0
750.0,25,145.0,1.5934065934065933,5.574347138601235,3,33.0,0.5061711258917184,18,271.0,0.20438223714824522,4,44.0,0.5883803136611137,25,348.0
755.0,19,108.0,1.2413793103448276,4.950635599351671,2,29.0,0.4705187602470595,14,224.0,0.17470942660830666,3,46.0,0.3975602388524273,19,299.0
760.0,12,23.0,0.25555555555555554,5.088463584322217,3,14.0,0.41988865540001524,6,242.0,0.21564453253466945,3,32.0,0.357097399634117,12,288.0
765.0,16,53.0,0.5955056179775281,5.468262739787871,6,32.0,0.39529520984026445,8,243.0,0.2215923808771585,2,35.0,0.5095255243854261,16,310.0
770.0,27,162.0,1.7419354838709677,4.761069014688444,9,75.0,0.29296812829633173,13,275.0,0.17590839423270468,5,54.0,0.3786017973878452,27,404.0
775.0,27,136.0,1.511111111111111,3.590657909600317,7,93.0,0.2649184271385618,15,290.0,0.11892791526984954,5,57.0,0.401288391978712,27,440.0
780.0,23,99.0,1.125,4.8084340972400526,6,66.0,0.3097535475402119,15,259.0,0.24328968837349185,2,43.0,0.2990191068905904,23,368.0
785.0,17,91.0,0.978494623655914,5.85571854830738,3,82.0,0.21268563809189542,11,224.0,0.2958126747223474,3,34.0,0.4141181058088946,17,340.0
790.0,21,155.0,1.7222222222222223,6.087275496198525,6,103.0,0.23023045266397826,13,206.0,0.28278420233589746,2,29.0,0.4699629992628883,21,338.0
795.0,23,136.0,1.5632183908045978,4.095280262212409,4,109.0,0.167465193428459,14,236.0,0.08411959797981639,5,48.0,0.22018520675998782,23,393.0
800.0,26,147.0,1.9090909090909092,4.402543449848197,2,79.0,0.32316809779211453,15,205.0,0.1665347498148496,9,86.0,0.3514917586400838,26,370.0
805.0,24,129.0,1.5357142857142858,4.148343499308465,3,87.0,0.3005728948978961,13,231.0,0.20263359163684558,8,91.0,0.2990451372190862,24,409.0
810.0,21,144.0,1.6179775280898876,5.40810564224232,5,105.0,0.3303268294783938,14,264.0,0.26201637851736814,2,60.0,0.5574281349719701,21,429.0
815.0,19,185.0,2.032967032967033,4.888670812392494,5,109.0,0.26255406134649345,13,286.0,0.288578044346783,1,51.0,0.4380787578865789,19,446.0
820.0,26,138.0,1.393939393939394,4.708389849170389,6,94.0,0.22789176294535216,14,299.0,0.2955833551970847,6,72.0,0.3102954042974066,26,465.0
825.0,28,129.0,1.3298969072164948,4.089065656323143,3,84.0,0.20185769422483804,14,254.0,0.20467227206883568,11,114.0,0.21303811935051015,28,452.0
830.0,26,111.0,1.121212121212121,3.1459779118727207,5,107.0,0.10794072288950246,9,289.0,0.12256144972882725,12,131.0,0.11146728171647548,26,527.0
835.0,25,118.0,1.2553191489361701,4.1500696284111225,3,102.0,0.2538424332623966,12,298.0,0.18340566825002244,10,125.0,0.3189285519425299,25,525.0
840.0,20,80.0,0.851063829787234,3.9169413634098933,2,53.0,0.2591246625200964,14,310.0,0.20653338185186793,4,134.0,0.25193281898261344,20,497.0
845.0,22,87.0,0.87,5.124544465747195,2,45.0,0.34208401606040373,12,273.0,0.2437633906805954,8,170.0,0.22915943715382966,22,488.0
850.0,19,103.0,1.10752688172043,4.430243944100844,2,40.0,0.24398623689693935,11,268.0,0.22552317099990077,6,166.0,0.23858041775103822,19,474.0
855.0,28,189.0,2.0106382978723403,4.582338233866133,6,65.0,0.155450154579003,16,272.0,0.22862014225520888,6,147.0,0.23861074588098607,28,484.0
860.0,25,158.0,1.7555555555555555,4.26114835551981,4,68.0,0.23262087985627378,16,294.0,0.16814074759782724,5,144.0,0.3139308499727576,25,506.0
865.0,29,136.0,1.4945054945054945,4.581253450396349,5,36.0,0.24457879246133776,16,279.0,0.2565759816396441,8,167.0,0.31844106760671675,29,482.0
870.0,19,89.0,0.9468085106382979,4.474492376881088,5,38.0,0.33428387209190386,11,304.0,0.17656635405491533,3,155.0,0.3325540108737321,19,497.0
875.0,16,64.0,0.6666666666666666,4.765212640458284,3,44.0,0.32843009689939195,11,316.0,0.21755553725276355,2,115.0,0.3017377800662491,16,475.0
880.0,16,51.0,0.5151515151515151,4.672612203388511,1,28.0,0.28010512386403674,13,321.0,0.23292615328059543,2,68.0,0.3320520117094696,16,417.0
885.0,20,73.0,0.7525773195876289,4.969884646546575,7,56.0,0.3116234016839145,11,295.0,0.18556295230045425,2,66.0,0.530378737296307,20,417.0
890.0,33,195.0,1.8932038834951457,4.745931111216774,11,104.0,0.29662000568339575,16,279.0,0.14782753439159188,6,84.0,0.36539074564924817,33,467.0
895.0,29,161.0,1.5940594059405941,3.745739012222782,8,124.0,0.2906128617103641,16,321.0,0.10868688441601929,5,79.0,0.36251926330394857,29,524.0
900.0,23,100.0,1.0309278350515463,4.0844527764142216,6,104.0,0.20986942575645273,15,352.0,0.18635489216528645,2,47.0,0.2584387908842361,23,503.0
905.0,20,72.0,0.7058823529411765,4.597674422902944,8,118.0,0.17711211788578243,8,377.0,0.21740679413613773,4,41.0,0.3657649080992586,20,536.0
910.0,24,93.0,0.9117647058823529,4.904840505889076,11,166.0,0.20904499436425258,12,357.0,0.21177794796219945,1,29.0,0.5358026094321845,24,552.0
915.0,27,98.0,0.9245283018867925,3.72672290111898,8,195.0,0.17750129504577558,14,352.0,0.09517917843290132,5,46.0,0.35786819768187234,27,593.0
920.0,22,70.0,0.7142857142857143,4.227218652144789,3,165.0,0.26443947585604,15,343.0,0.1547180571850565,4,54.0,0.31547153480033474,22,562.0
925.0,20,87.0,0.8787878787878788,4.602043471307792,5,169.0,0.160942772676949,11,313.0,0.22071343677729444,4,40.0,0.2289040296732605,20,522.0
930.0,26,178.0,1.8541666666666667,5.175288724921585,11,202.0,0.12777450244755295,15,313.0,0.2641590810849505,0,37.0,0.44177316252833304,26,552.0
935.0,29,208.0,2.337078651685393,3.968217169208734,12,258.0,0.06133870750708735,14,323.0,0.16203463094336332,3,46.0,0.30376696906142236,29,627.0
940.0,29,173.0,1.9438202247191012,3.8029149608037565,10,271.0,0.19638304631939668,16,264.0,0.12963043720837786,3,54.0,0.4037600074824221,29,589.0
945.0,21,138.0,1.6046511627906976,5.752567175756451,7,231.0,0.3386281294265475,14,256.0,0.2841238635706148,0,37.0,0.6484900703457502,21,524.0
950.0,15,64.0,0.6736842105263158,5.219650188579615,9,185.0,0.29110985181741833,6,268.0,0.23464801150163767,0,26.0,0.4654587609968107,15,479.0
955.0,19,60.0,0.6,5.189876030957506,8,220.0,0.265503367100749,7,232.0,0.23112384133118452,4,39.0,0.3580372340728388,19,491.0
960.0,28,123.0,1.3225806451612903,4.118311645013793,13,278.0,0.13052096054612267,6,206.0,0.198032520503293,9,76.0,0.1694591502940208,28,560.0
965.0,28,149.0,1.6741573033707866,3.421065553495668,13,346.0,0.1930779767632324,9,181.0,0.1266295427260954,6,86.0,0.29011944277184193,28,613.0
970.0,20,104.0,1.1685393258426966,4.0274536915583665,10,359.0,0.2503052653894437,8,207.0,0.16317391351028343,2,48.0,0.4764620703134994,20,614.0
975.0,16,51.0,0.51,4.758833297308261,7,306.0,0.19656018253119675,7,209.0,0.25855000859583066,2,35.0,0.3671754131703847,16,550.0
980.0,19,65.0,0.6632653061224489,4.9615239718289255,8,327.0,0.19317476024145827,8,208.0,0.22141054453486161,3,24.0,0.6117584201391443,19,559.0
985.0,29,98.0,0.9607843137254902,3.977680030284317,15,380.0,0.05768915836664646,11,197.0,0.21595618546206025,3,14.0,0.3975035772879932,29,591.0
990.0,30,104.0,1.0297029702970297,3.8716586951468317,11,388.0,0.14608468069355438,13,233.0,0.12118823437110407,6,29.0,0.4789571090338859,30,650.0
995.0,17,58.0,0.6105263157894737,4.137794219477209,3,323.0,0.2305709081603914,12,248.0,0.14866008101771752,2,26.0,0.32401699148055674,17,597.0
1000.0,14,42.0,0.4421052631578947,4.450726762153998,3,303.0,0.1971883283526793,9,252.0,0.1993378950158407,2,18.0,0.36209170319675166,14,573.0
1005.0,20,62.0,0.6739130434782609,4.637517695541014,6,329.0,0.23056345579514992,12,230.0,0.20289304536858283,2,16.0,0.605566419594606,20,575.0
1010.0,32,175.0,1.8229166666666667,4.13944034059709,11,370.0,0.18394826727570449,17,220.0,0.1569458496638691,4,33.0,0.45151531349694407,32,623.0
1015.0,30,217.0,2.2842105263157895,4.453372782168323,6,351.0,0.30962600703222554,22,286.0,0.13449806616828536,2,33.0,0.5780032558987771,30,670.0
1020.0,29,295.0,3.2065217391304346,4.96430447364972,5,278.0,0.3178741366508145,24,379.0,0.22194067182992847,0,4.0,0.5434485097695636,29,661.0
1025.0,28,288.0,2.909090909090909,5.343330795463242,7,210.0,0.27706689518371946,19,421.0,0.27198643248478127,2,10.0,0.5043266802639687,28,641.0
1030.0,18,164.0,1.6237623762376239,6.081058911092849,5,224.0,0.22495342990094375,11,385.0,0.33411448027801716,2,20.0,0.5318154024064651,18,629.0
1035.0,20,78.0,0.8125,5.367248593865227,10,266.0,0.12130954153299757,8,285.0,0.253067765670891,2,5.0,0.4547817004546403,20,556.0
1040.0,29,150.0,1.6853932584269662,4.448024558089272,15,332.0,0.16497469512508214,9,305.0,0.1933738413116689,5,20.0,0.2600440738995318,29,657.0
1045.0,39,238.0,2.8674698795180724,2.811586257491702,18,410.0,0.13533162713944327,14,328.0,0.12824452049942142,7,38.0,0.17963805494802912,39,776.0
1050.0,40,371.0,4.264367816091954,4.039630909100769,21,501.0,0.20766697007400606,16,370.0,0.17324041615826857,3,37.0,0.48066418558043444,40,908.0
1055.0,33,326.0,3.6222222222222222,3.891447862849382,18,525.0,0.13707515499980666,13,369.0,0.20744502273647492,2,28.0,0.5289493611157992,33,922.0
1060.0,30,205.0,2.0707070707070705,4.8825333304393235,16,444.0,0.10457793725365808,10,300.0,0.2558081707380632,4,37.0,0.5024798839635635,30,781.0
1065.0,22,157.0,1.6526315789473685,5.864019514398338,14,507.0,0.15108905724984698,7,179.0,0.2871217498691971,1,13.0,0.5898054182975675,22,699.0
1070.0,28,182.0,1.9782608695652173,4.8741915278719965,18,593.0,0.06893285065196542,6,188.0,0.22324814493820166,4,11.0,0.2849887482933083,28,792.0
1075.0,37,220.0,2.7848101265822787,3.455061121956795,20,688.0,0.1551494402819659,10,184.0,0.09429175580432017,7,40.0,0.3427819294977111,37,912.0
1080.0,35,265.0,3.486842105263158,3.267673498793927,14,685.0,0.1444499019987694,12,188.0,0.17156725498888134,9,80.0,0.37602154760361156,35,953.0
1085.0,25,150.0,1.744186046511628,3.752224029221043,9,578.0,0.18344736989362084,12,201.0,0.16036337508162316,4,83.0,0.4177923037364168,25,862.0
1090.0,16,77.0,0.8651685393258427,5.764925852445157,8,450.0,0.21036923890342843,8,157.0,0.321519368574459,0,27.0,0.5240546893821914,16,634.0
1095.0,14,67.0,0.7204301075268817,5.747667767200022,7,464.0,0.14467335493208258,4,105.0,0.4355226630355054,3,32.0,0.35258105713811044,14,601.0
1100.0,24,130.0,1.4606741573033708,5.903631175398903,11,509.0,0.17944003404979222,6,104.0,0.42598035477730456,7,56.0,0.25364141334231577,24,669.0
1105.0,28,143.0,1.7875,4.146737359619394,11,565.0,0.14487810066477447,8,99.0,0.2423269574767107,9,59.0,0.14702209912653383,28,723.0
1110.0,25,177.0,2.3289473684210527,4.463830438833886,14,625.0,0.2026915160229894,9,99.0,0.22168812642757604,2,46.0,0.43274160293883396,25,770.0
1115.0,23,178.0,2.282051282051282,5.63271318537682,11,605.0,0.2436347025727032,10,106.0,0.3612887781554874,2,26.0,0.587522508546798,23,737.0
1120.0,22,137.0,1.5393258426966292,5.536539809597233,11,507.0,0.19798633586453251,7,121.0,0.3693602200791635,4,38.0,0.5616703015408923,22,666.0
1125.0,22,143.0,1.5376344086021505,6.290531668890989,10,405.0,0.1969375310755503,8,104.0,0.37982161898878675,4,56.0,0.554506718759679,22,565.0
1130.0,19,100.0,1.0526315789473684,5.456750248285951,10,430.0,0.13375154482053297,8,97.0,0.36184361413060206,1,27.0,0.24832262108774586,19,554.0
1135.0,25,97.0,1.0777777777777777,5.466716142502637,10,482.0,0.18543818522722552,10,103.0,0.24085586883750687,5,21.0,0.37739860329308333,25,606.0
1140.0,14,48.0,0.6233766233766234,4.33639587230157,4,465.0,0.2546188948855698,8,80.0,0.13865565527632034,2,24.0,0.37914633372366074,14,569.0
1145.0,13,36.0,0.45569620253164556,5.199240745714703,3,379.0,0.3260013906448085,8,101.0,0.27164385714670264,2,16.0,0.5545816429661378,13,496.0
1150.0,13,50.0,0.5882352941176471,6.05421791031953,4,277.0,0.2961248865701987,8,110.0,0.3005726646119247,1,12.0,0.7173041223080598,13,399.0
1155.0,15,44.0,0.4835164835164835,5.252385370818299,3,268.0,0.23156496875048113,9,104.0,0.25821361265754117,3,21.0,0.3328633754739743,15,393.0
1160.0,17,57.0,0.6867469879518072,4.805313929125836,7,293.0,0.27085757377326597,9,91.0,0.1615051825153561,1,14.0,0.5934943607479032,17,398.0
1165.0,18,40.0,0.47058823529411764,4.305713923105113,4,277.0,0.2635556195665831,11,107.0,0.18862027718620403,3,5.0,0.497324398262951,18,389.0
1170.0,17,56.0,0.6363636363636364,5.369128792840763,5,210.0,0.3197840992509879,10,126.0,0.23583139683744814,2,10.0,0.5948255429439328,17,346.0
1175.0,17,98.0,1.101123595505618,5.4442656836742165,4,210.0,0.1801567785563344,10,156.0,0.24592282864838366,3,25.0,0.3721868339977697,17,391.0
1180.0,23,97.0,1.0898876404494382,4.520607641467899,9,242.0,0.11552554387536376,12,171.0,0.16757539114684344,2,20.0,0.32864296486897576,23,433.0
1185.0,18,73.0,0.9358974358974359,4.509060831196059,5,226.0,0.2129129751104548,13,164.0,0.18774364155909715,0,7.0,0.7489959662305035,18,397.0
1190.0,19,102.0,1.2,5.502022317812354,4,152.0,0.2495659707629944,14,169.0,0.3099390664638495,1,3.0,0.5869895494961063,19,324.0
1195.0,18,92.0,1.0337078651685394,6.232580359548446,5,104.0,0.32797175063038725,13,199.0,0.3291291491190534,0,2.0,0.8092384403309485,18,305.0
1200.0,14,42.0,0.4666666666666667,5.446283798796717,2,101.0,0.27236538347049744,11,178.0,0.2200459188374898,1,6.0,0.500759225367103,14,285.0
1205.0,16,74.0,0.8409090909090909,4.658718148578743,6,120.0,0.1545421127485042,10,174.0,0.17018314574444318,0,3.0,0.331830658084253,16,297.0
1210.0,24,116.0,1.4683544303797469,4.704623644172533,11,164.0,0.1630811849017802,13,200.0,0.21736569585246546,0,0.0,0.6620184223814786,24,364.0
1215.0,27,179.0,2.2375,4.343454923711607,14,230.0,0.1854563876917506,12,202.0,0.20067998722304115,1,4.0,0.5458564137033277,27,436.0
1220.0,31,297.0,3.5357142857142856,5.192330768441981,18,314.0,0.23727305424253906,13,197.0,0.24694003047176646,0,2.0,0.7578112479305875,31,513.0
1225.0,40,338.0,3.6739130434782608,4.409390532108226,18,340.0,0.17329696903645989,19,253.0,0.1666274836978389,3,5.0,0.6258782107701611,40,598.0
1230.0,35,374.0,4.155555555555556,4.341294666125458,14,297.0,0.21729942287195947,21,332.0,0.15409044613608344,0,1.0,0.5912010748874238,35,630.0
1235.0,37,474.0,5.325842696629214,4.45977918685507,13,315.0,0.1585040977178589,24,444.0,0.19678847709285002,0,0.0,0.7500538665489903,37,759.0
1240.0,39,445.0,4.73404255319149,4.567284270876954,19,399.0,0.10464727792936084,18,477.0,0.2254369635235887,2,6.0,0.5800987127142684,39,882.0
1245.0,25,241.0,2.6777777777777776,5.224202567374267,13,413.0,0.1340800984446119,10,377.0,0.24449702743473026,2,16.0,0.6292888173658422,25,806.0
1250.0,10,29.0,0.3333333333333333,4.981831545827856,6,331.0,0.14898307273213987,2,364.0,0.3205424942282087,2,1.0,0.3769681260882783,10,696.0
1255.0,13,40.0,0.47058823529411764,5.585356994973511,2,341.0,0.2740176886676122,7,378.0,0.2718435730486775,4,12.0,0.48724722744485716,13,731.0
1260.0,18,52.0,0.6046511627906976,4.749961136507291,9,368.0,0.15403398152632586,9,342.0,0.19857018827511108,0,11.0,0.5893681224194232,18,721.0
1265.0,20,102.0,1.2,4.397569047603693,14,425.0,0.08518739080831218,4,214.0,0.24607494927958815,2,6.0,0.6313864073630555,20,645.0
1270.0,27,198.0,2.4444444444444446,4.397413888877213,22,515.0,0.10675833347267785,4,117.0,0.3267431456548802,1,3.0,0.5157616774018534,27,635.0
1275.0,32,321.0,3.8214285714285716,4.256930600260743,26,635.0,0.06247604920793243,2,91.0,0.38310268569747785,4,19.0,0.2823644934504014,32,745.0
1280.0,43,503.0,6.532467532467533,3.1327450363657423,30,776.0,0.09277075046710423,8,101.0,0.17076154328833168,5,45.0,0.47710065784134276,43,922.0
1285.0,52,685.0,8.25301204819277,2.1490962933486353,35,932.0,0.030086959129674438,8,78.0,0.1598824866752061,9,74.0,0.2944926332683128,52,1084.0
1290.0,35,581.0,6.755813953488372,3.536108570486954,31,999.0,0.048054239909145716,3,51.0,0.21250486587810535,1,59.0,0.466748416617086,35,1109.0
1295.0,26,424.0,5.170731707317073,5.324591390874984,24,949.0,0.07407244256278957,2,34.0,0.5077744118607924,0,6.0,0.5311498479294668,26,989.0
1300.0,24,296.0,3.6097560975609757,5.330002672664741,19,843.0,0.1338700222334513,2,28.0,0.5253910655492602,3,12.0,0.318825876628387,24,883.0
1305.0,25,245.0,3.0246913580246915,5.686587422095376,11,856.0,0.2645741006105588,8,41.0,0.40128143227793595,6,37.0,0.35777650797671323,25,934.0
1310.0,32,270.0,3.176470588235294,4.507972598090183,12,913.0,0.21557315960368287,12,90.0,0.23811198706937883,8,73.0,0.19406430662018262,32,1076.0
1315.0,29,216.0,2.602409638554217,3.7179434626501524,8,876.0,0.21973455923570548,11,114.0,0.12316989557469184,10,114.0,0.2877395782486639,29,1104.0
1320.0,20,185.0,2.2839506172839505,4.123179587899058,4,729.0,0.16585374283938686,7,105.0,0.2082394544082277,9,159.0,0.29803970359478843,20,993.0
1325.0,17,245.0,2.8823529411764706,5.5803717576576535,3,549.0,0.25052523675275373,4,70.0,0.3994256496375367,10,205.0,0.21725561831480553,17,824.0
1330.0,18,294.0,3.5853658536585367,5.850327220169119,2,379.0,0.3599965311434018,3,73.0,0.41580196768269767,13,266.0,0.18570666324058963,18,718.0
1335.0,20,179.0,2.130952380952381,4.949678845057532,4,299.0,0.31873870642221597,7,73.0,0.2662471449595794,9,252.0,0.2232739531899737,20,624.0
1340.0,20,148.0,1.7619047619047619,6.1287481870454155,4,217.0,0.38753692426693365,14,113.0,0.29214661820276966,2,142.0,0.5213273073609362,20,472.0
1345.0,25,158.0,1.7555555555555555,5.879461602885437,5,187.0,0.2992492583963953,17,189.0,0.31087431431558543,3,43.0,0.5016977498316958,25,419.0
1350.0,26,273.0,2.935483870967742,6.375167555387644,3,178.0,0.3956175006029218,22,289.0,0.2741947895636897,1,45.0,0.5512790398091345,26,512.0
1355.0,29,267.0,3.034090909090909,4.95286689966592,3,165.0,0.3089236106318831,19,338.0,0.18154760097632763,7,70.0,0.31625937365164286,29,573.0
1360.0,29,201.0,2.4216867469879517,3.6948720900156675,4,123.0,0.23039054547358223,13,312.0,0.16433374621695862,12,117.0,0.1593733132710797,29,552.0
1365.0,25,143.0,1.8101265822784811,5.0450448880851795,4,56.0,0.34427346797363634,10,247.0,0.29188213485962256,11,138.0,0.211118614753294,25,441.0
1370.0,20,127.0,1.548780487804878,5.327745981717274,4,46.0,0.29000232504649154,12,230.0,0.3941898381454616,4,105.0,0.1985492611153705,20,381.0
1375.0,17,99.0,1.2222222222222223,5.263970565254269,5,66.0,0.29335638725090285,8,231.0,0.25074896379254813,4,106.0,0.31485546769011186,17,403.0
1380.0,26,128.0,1.6,4.636652443861134,8,103.0,0.24400144104220528,11,217.0,0.18623847212108138,7,133.0,0.2603495688894289,26,453.0
1385.0,26,145.0,1.7469879518072289,4.623194763756546,8,90.0,0.32790434525629214,10,201.0,0.21182216374333507,8,132.0,0.2915503915915846,26,423.0
1390.0,19,83.0,1.0,5.28869783540693,6,89.0,0.40055280461826415,11,199.0,0.2826573222864373,2,89.0,0.44057229646316776,19,377.0
1395.0,17,52.0,0.5591397849462365,4.816083714465641,7,105.0,0.22532834871253213,8,135.0,0.3059064482786808,2,93.0,0.2519839575775524,17,333.0
1400.0,23,87.0,0.9456521739130435,4.2593262577950215,10,148.0,0.16089800688203493,5,118.0,0.27226224623737827,8,122.0,0.23130264027410458,23,388.0
1405.0,28,84.0,0.9333333333333333,2.6130735913325602,9,168.0,0.14653323436219667,8,111.0,0.14984810732026546,11,123.0,0.1963278551312905,28,402.0
1410.0,20,68.0,0.723404255319149,4.494693752400891,4,142.0,0.2866634598571224,10,118.0,0.22252674256526336,6,97.0,0.3492142152762159,20,357.0
1415.0,16,67.0,0.6836734693877551,5.41412389613744,5,144.0,0.21926742524814233,9,115.0,0.31294817428201244,2,52.0,0.3473319106376571,16,311.0
1420.0,19,113.0,1.13,5.446326885040338,10,180.0,0.09812580749090667,7,117.0,0.34861102862450316,2,39.0,0.35278823273427784,19,336.0
1425.0,27,176.0,1.9130434782608696,4.846316044094559,8,187.0,0.1401062162583295,11,141.0,0.2507222300335293,8,64.0,0.23040986435178967,27,392.0
1430.0,30,161.0,1.8941176470588235,3.5907918924009783,4,138.0,0.1442327390184598,9,144.0,0.2319786620129238,17,121.0,0.09472768058885342,30,403.0
1435.0,26,201.0,2.451219512195122,4.742963059937479,4,95.0,0.24646529701756092,6,113.0,0.29033897286836047,16,199.0,0.26438960918854315,26,407.0
1440.0,25,210.0,2.441860465116279,5.290334267701206,4,89.0,0.32185715964296574,10,97.0,0.3731281650181452,11,222.0,0.2852666050192878,25,408.0
1445.0,15,80.0,0.8791208791208791,5.62147940928462,6,81.0,0.38605940699579433,5,100.0,0.3363698714516437,4,169.0,0.32745852917193735,15,350.0
1450.0,12,93.0,1.0,5.762292667386054,4,91.0,0.44428296198390244,5,74.0,0.3457815282527865,3,175.0,0.27400860244959463,12,340.0
1455.0,20,65.0,0.6701030927835051,4.766628164794058,2,54.0,0.3464427196683293,8,81.0,0.259717029803879,10,210.0,0.15311838675470693,20,345.0
1460.0,37,178.0,1.8541666666666667,4.506450766422648,7,45.0,0.43239126145977813,14,89.0,0.12618172501561872,16,277.0,0.21683443188167953,37,411.0
1465.0,41,242.0,2.5473684210526315,3.4928633895512,4,57.0,0.37894103622341263,17,160.0,0.10418637398932973,20,297.0,0.17656383091286382,41,514.0
1470.0,29,186.0,1.9175257731958764,4.1292253785458515,4,49.0,0.3356385288402722,15,198.0,0.22085638878820735,10,243.0,0.2389618241561456,29,490.0
1475.0,21,102.0,1.02,5.468908757293274,4,45.0,0.40844873051256847,13,214.0,0.2978917186678848,4,202.0,0.24199147412476119,21,461.0
1480.0,15,75.0,0.7211538461538461,5.595261759048386,1,30.0,0.28924852374374954,7,184.0,0.32188992111496006,7,233.0,0.19664733671300663,15,447.0
1485.0,23,99.0,1.064516129032258,4.431497692996547,6,49.0,0.2444095851793133,10,209.0,0.1888485795846286,7,213.0,0.21354053881291776,23,471.0
1490.0,22,81.0,0.9204545454545454,3.6552354393589535,5,59.0,0.25838663220312597,14,236.0,0.14889582238362525,3,158.0,0.24248321772233827,22,453.0
1495.0,24,77.0,0.8191489361702128,4.6398698262727756,6,51.0,0.3617903731391055,13,269.0,0.27073575166633074,5,156.0,0.2731452920933917,24,476.0
1500.0,16,56.0,0.5656565656565656,4.900388217230003,3,48.0,0.35788891590519073,6,224.0,0.2308551342208769,7,185.0,0.16095328272803194,16,457.0
1505.0,18,69.0,0.69,4.229199799329832,5,67.0,0.20966618684596244,6,212.0,0.20126643210385933,7,180.0,0.1521677113086845,18,459.0
1510.0,22,58.0,0.6236559139784946,4.12153287992478,6,75.0,0.30701060594174057,12,215.0,0.17367986852974987,4,125.0,0.2971890752965836,22,415.0
1515.0,18,46.0,0.4742268041237113,4.285811230326341,4,61.0,0.29491153268171394,10,213.0,0.26032154125800644,4,145.0,0.2605285066105301,18,419.0
1520.0,21,70.0,0.6730769230769231,4.52705967245544,5,74.0,0.33007874158099076,7,201.0,0.19910701611543766,9,178.0,0.21122744955349826,21,453.0
1525.0,26,86.0,0.8269230769230769,3.482188396419401,8,97.0,0.16153819370238887,6,210.0,0.15810703939701456,12,183.0,0.13784070249721683,26,490.0
1530.0,24,94.0,0.9494949494949495,3.992070295122659,4,103.0,0.24764210090077082,12,216.0,0.1809520873854834,8,139.0,0.3080803053055075,24,458.0
1535.0,15,82.0,0.82,4.8780941549782115,2,77.0,0.3051410136442944,9,219.0,0.24674447823632073,4,97.0,0.3424833671880714,15,393.0
1540.0,19,76.0,0.7102803738317757,5.991065944610413,4,51.0,0.2665878825457499,11,203.0,0.30614194515061716,4,74.0,0.37304113601107525,19,328.0
1545.0,8,33.0,0.3142857142857143,5.873640667340553,2,45.0,0.32073446619958135,5,203.0,0.28484901127073786,1,51.0,0.4164911704900054,8,299.0
1550.0,17,58.0,0.5686274509803921,4.8527011910712226,1,23.0,0.3287235755394649,9,196.0,0.1938887940374567,7,63.0,0.300963076634051,17,282.0
1555.0,27,115.0,1.1386138613861385,5.200552141278671,4,38.0,0.43580745815943,18,216.0,0.13337709840853465,5,74.0,0.3829597146814046,27,328.0
1560.0,25,115.0,1.25,3.9584004240535915,4,50.0,0.3773916658001461,19,260.0,0.13798703499090267,2,49.0,0.26826245472407284,25,359.0
1565.0,22,101.0,1.030612244897959,5.23079670835693,4,51.0,0.3614038341770962,16,245.0,0.24796654805590732,2,36.0,0.30016913150877006,22,332.0
1570.0,17,113.0,1.1414141414141414,6.273780881831901,5,46.0,0.3072446375219974,10,233.0,0.2761825664162686,2,29.0,0.488131296830533,17,308.0
1575.0,12,52.0,0.5360824742268041,5.009893411291542,2,35.0,0.21841870957491977,9,251.0,0.2208948923123524,1,13.0,0.4434796015040122,12,299.0
1580.0,23,82.0,0.8541666666666666,4.930381729543837,4,51.0,0.36245099656152874,14,239.0,0.1307971627043008,5,30.0,0.4052229072198655,23,320.0
1585.0,27,122.0,1.3118279569892473,4.330614761667754,4,59.0,0.347723336582779,19,269.0,0.13372033342794826,4,37.0,0.32836998782672494,27,365.0
1590.0,27,182.0,1.956989247311828,4.798039514075681,4,58.0,0.41551493104036424,21,348.0,0.20672374616100941,2,32.0,0.4804331346006322,27,438.0
1595.0,23,185.0,1.907216494845361,5.030908727859875,3,62.0,0.3802604338984047,18,375.0,0.20712189777347711,2,25.0,0.44113927772627765,23,462.0
1600.0,20,127.0,1.233009708737864,5.574691534366607,5,57.0,0.2953476267899368,11,339.0,0.25333671803504204,4,35.0,0.45320480284563214,20,431.0
1605.0,20,127.0,1.2574257425742574,5.576348658654032,10,94.0,0.1951864146086108,6,362.0,0.22831696367634338,4,55.0,0.5746374104390455,20,511.0
1610.0,27,160.0,1.6161616161616161,4.101849182117593,17,160.0,0.140444705178925,9,373.0,0.18273924337195022,1,24.0,0.3614025186018994,27,557.0
1615.0,32,178.0,1.816326530612245,3.9889166805373204,13,199.0,0.19416415107750906,14,378.0,0.09731885815307867,5,18.0,0.5187433791538568,32,595.0
1620.0,26,137.0,1.4421052631578948,4.05227739321652,10,179.0,0.14838905649576778,14,338.0,0.1563094577523545,2,24.0,0.3123984775917075,26,541.0
1625.0,26,174.0,1.8709677419354838,4.703190608145057,10,220.0,0.13433599670272386,14,300.0,0.2198627737979973,2,19.0,0.3753507301468133,26,539.0
1630.0,30,163.0,1.7717391304347827,4.546116722843394,16,287.0,0.11820593486867169,12,318.0,0.23583606211575864,2,15.0,0.4299118237800562,30,620.0
1635.0,34,169.0,1.8172043010752688,4.098078973068822,13,321.0,0.16679986885355697,16,305.0,0.1664605754348878,5,38.0,0.41270262358637483,34,664.0
1640.0,23,148.0,1.7011494252873562,5.353302738125393,5,287.0,0.3628983860190191,17,314.0,0.1957548048077924,1,31.0,0.7019166257727095,23,632.0
1645.0,23,93.0,0.9893617021276596,4.2836602745822985,5,282.0,0.24930182960345246,13,331.0,0.17708846266402792,5,12.0,0.4941903644819347,23,625.0
1650.0,25,104.0,1.0947368421052632,5.167390867406927,10,321.0,0.14947778194270575,13,297.0,0.23186973369924901,2,12.0,0.6193882137450862,25,630.0
1655.0,16,71.0,0.7802197802197802,4.88783237560368,9,337.0,0.12165579884783287,5,290.0,0.26476880091462124,2,22.0,0.48800882830393527,16,649.0
1660.0,21,86.0,0.9555555555555556,4.789133932798516,5,303.0,0.26322869341065924,12,281.0,0.2411601454972228,4,41.0,0.43247231343284315,21,625.0
1665.0,12,39.0,0.42857142857142855,4.818980216552917,1,270.0,0.31414143054789107,11,286.0,0.17165026119360915,0,15.0,0.6471160537419134,12,571.0
1670.0,18,69.0,0.71875,4.776629777403525,6,292.0,0.1609724161793686,11,265.0,0.13970459276092984,1,7.0,0.43610559331484666,18,564.0
1675.0,24,100.0,1.1904761904761905,3.577282872339339,13,342.0,0.13125307389636942,10,285.0,0.12536492793344567,1,3.0,0.5197167016715671,24,630.0
1680.0,30,195.0,2.4074074074074074,3.3822502796509704,17,420.0,0.13930964684784639,12,280.0,0.1679246081175292,1,2.0,0.5619128722307558,30,702.0
1685.0,32,236.0,2.6222222222222222,4.288694771853553,15,438.0,0.19824637875751305,17,291.0,0.1457806891561981,0,3.0,0.7767407964989463,32,732.0
1690.0,32,262.0,2.911111111111111,5.224955862455976,10,375.0,0.1842291565225188,22,374.0,0.20653158662812005,0,3.0,0.8589520690361602,32,752.0
1695.0,34,380.0,4.086021505376344,4.7252807815215725,10,403.0,0.1761722055710846,24,488.0,0.20870549783314638,0,1.0,0.6547442511776326,34,892.0
1700.0,32,353.0,3.879120879120879,4.773204915288146,14,466.0,0.17155202444146456,18,516.0,0.19868539795767232,0,1.0,0.6858653038421916,32,983.0
1705.0,29,202.0,2.21978021978022,4.165954454924732,15,477.0,0.06773142942205644,11,439.0,0.2430315427897097,3,0.0,0.44230369273162157,29,916.0
1710.0,14,70.0,0.8045977011494253,6.288076198455996,7,412.0,0.1771680051352023,5,290.0,0.41738495766589323,2,9.0,0.6325757476535727,14,711.0
1715.0,15,104.0,1.2530120481927711,7.054545216112708,5,321.0,0.20485778195511434,7,225.0,0.5366761184389603,3,19.0,0.41261989612401806,15,565.0
1720.0,7,34.0,0.40476190476190477,5.884834326048719,3,310.0,0.20829656552123493,3,187.0,0.3529813947596921,1,5.0,0.4027203547490485,7,502.0
1725.0,18,54.0,0.6923076923076923,5.790159606283508,8,336.0,0.24462775109611753,7,166.0,0.21279060643454697,3,9.0,0.6205748794642896,18,511.0
1730.0,22,150.0,2.0833333333333335,5.485128399331328,11,386.0,0.25981573050886,8,172.0,0.19280356672883014,3,19.0,0.6172948753805013,22,577.0
1735.0,19,113.0,1.5694444444444444,4.425266274553037,9,382.0,0.2783709856305007,7,148.0,0.17371078940645157,3,29.0,0.5883645165541639,19,559.0
1740.0,16,85.0,1.118421052631579,5.174279685577858,7,301.0,0.23163909867899773,5,47.0,0.2729072172919014,4,45.0,0.5227704942173176,16,393.0
1745.0,15,73.0,0.8902439024390244,5.4057594310971915,8,323.0,0.1580070043971187,5,38.0,0.33705468237897074,2,37.0,0.3439247265762763,15,398.0
1750.0,17,109.0,1.379746835443038,5.938983473406796,11,372.0,0.13524681973327082,6,64.0,0.4381056226580086,0,11.0,0.49249119385844103,17,447.0
1755.0,29,205.0,2.6623376623376624,4.754705315047742,18,450.0,0.07693084712735157,8,98.0,0.400312164559534,3,20.0,0.23556896269830552,29,568.0
1760.0,33,279.0,3.9857142857142858,4.017417009262334,19,543.0,0.10480257643343444,6,107.0,0.2627953856357764,8,51.0,0.2989447316958382,33,701.0
1765.0,27,166.0,2.3055555555555554,3.1784245003240414,16,543.0,0.1181794898184366,5,91.0,0.2810657245513129,6,54.0,0.29369723139335746,27,688.0
1770.0,18,93.0,1.24,5.312171489276895,13,463.0,0.2024673999518633,3,97.0,0.42063173507042606,2,22.0,0.5426509594971539,18,582.0
1775.0,19,94.0,1.1898734177215189,5.865288568026451,12,465.0,0.12691998020673254,6,104.0,0.5243926848599411,1,12.0,0.50632140005118,19,581.0
1780.0,25,149.0,1.7951807228915662,5.841515115819516,14,532.0,0.10130657534322729,7,135.0,0.4668060073242777,4,27.0,0.26040635864320444,25,694.0
1785.0,23,136.0,1.9154929577464788,3.888803081387889,10,533.0,0.1488362819572549,5,120.0,0.11712336404918079,8,59.0,0.3117654410911416,23,712.0
1790.0,17,123.0,1.7826086956521738,4.345302654976877,3,424.0,0.22112166215283932,5,85.0,0.32078893399348024,9,103.0,0.26879709689014075,17,612.0
1795.0,14,84.0,1.135135135135135,5.557934350371151,2,434.0,0.3079393588689438,7,55.0,0.38039896089278025,5,95.0,0.4819126252405683,14,584.0
1800.0,13,107.0,1.4078947368421053,6.123165257483423,7,461.0,0.21612184784458655,6,81.0,0.3936143391078743,0,42.0,0.6240190618576767,13,584.0
1805.0,17,146.0,1.7804878048780488,4.505577473355867,4,425.0,0.14783392721748242,10,122.0,0.27089415719482013,3,51.0,0.41748414283131297,17,598.0
1810.0,27,230.0,2.6744186046511627,4.677318188699413,3,334.0,0.23391769391932632,17,187.0,0.2101192997273436,7,81.0,0.3849166428648045,27,602.0
1815.0,32,315.0,3.4615384615384617,4.392871619817271,3,238.0,0.25479135065008107,21,279.0,0.16671569415258694,8,90.0,0.2493360994454304,32,607.0
1820.0,27,395.0,4.438202247191011,4.7212665559192795,1,238.0,0.3076335507793482,23,389.0,0.21970774551389943,3,56.0,0.33211698186072847,27,683.0
1825.0,31,314.0,3.3404255319148937,4.289625858155642,7,258.0,0.1940397386162804,18,420.0,0.22688429559111548,6,72.0,0.22062540151426735,31,750.0
1830.0,28,230.0,2.5274725274725274,4.5245703304475855,9,295.0,0.191749824932941,10,356.0,0.26331849892090553,9,107.0,0.23797304406622602,28,758.0
1835.0,23,126.0,1.5180722891566265,3.7948326081925075,7,284.0,0.1602301608990623,5,249.0,0.19944143749436322,11,126.0,0.17003595737529342,23,659.0
1840.0,23,105.0,1.2352941176470589,5.305241745229404,8,232.0,0.1560912675968136,8,209.0,0.4913184185480189,7,111.0,0.21567470614045336,23,552.0
1845.0,15,121.0,1.4578313253012047,6.133307480852963,5,250.0,0.18076070718348589,8,141.0,0.47993693450968017,2,107.0,0.3460930362435014,15,498.0
1850.0,24,196.0,2.3058823529411763,4.760748061663454,9,284.0,0.08210895002026254,8,146.0,0.27828044489530207,7,134.0,0.1811195222878745,24,564.0
1855.0,24,135.0,1.8493150684931507,3.2423643152839867,10,328.0,0.12760511554113388,7,138.0,0.11194302458389917,7,139.0,0.23127573096809378,24,605.0
1860.0,15,96.0,1.3333333333333333,4.3848664825220345,12,386.0,0.15674221581897851,1,76.0,0.4041567622745845,2,82.0,0.3175758711507547,15,544.0
1865.0,20,167.0,2.0120481927710845,5.993470771543206,14,448.0,0.23410890910332757,3,26.0,0.5444881469902656,3,36.0,0.46038339696292135,20,510.0
1870.0,22,177.0,2.058139534883721,5.770646458238594,15,470.0,0.23493071814840302,5,30.0,0.43411430374776455,2,22.0,0.5328611206381255,22,522.0
1875.0,22,144.0,1.5157894736842106,5.61800160380989,15,433.0,0.15446181934990597,5,41.0,0.42806035338499954,2,8.0,0.43171105831277234,22,482.0
1880.0,28,187.0,2.0549450549450547,5.833620600901128,15,446.0,0.14685142559391193,8,65.0,0.37836358397134934,5,28.0,0.35823370554086986,28,539.0
1885.0,37,203.0,2.36046511627907,3.6916907074704164,17,523.0,0.06592957291272013,7,67.0,0.2356139034211545,13,73.0,0.0943945691237377,37,663.0
1890.0,27,170.0,2.125,3.9057963182431252,9,529.0,0.2509662031511013,7,62.0,0.21739049682665593,11,107.0,0.26883647603275274,27,698.0
1895.0,17,99.0,1.1927710843373494,5.885733729247885,3,408.0,0.33746729471432085,9,78.0,0.3708730118477432,5,91.0,0.43471964225957466,17,577.0
1900.0,12,45.0,0.4891304347826087,6.201398434682236,2,414.0,0.357028238683433,7,88.0,0.40245458546383617,3,56.0,0.4585151366374023,12,558.0
1905.0,15,61.0,0.6224489795918368,6.181655894649373,5,427.0,0.2170798652692374,8,99.0,0.4019933928624345,2,47.0,0.5007351620464056,15,573.0
1910.0,16,53.0,0.5578947368421052,4.659059742066839,6,402.0,0.10954567340449944,5,115.0,0.2728006707347671,5,35.0,0.39545074172613126,16,552.0
1915.0,17,89.0,0.9368421052631579,5.629095305616729,3,307.0,0.2943226490174895,10,120.0,0.25583591398518285,4,44.0,0.5871072225520144,17,471.0
1920.0,19,95.0,0.9693877551020408,5.176719220221811,3,302.0,0.3230377017549882,14,168.0,0.2339770693564941,2,22.0,0.5150381113761138,19,492.0
1925.0,28,209.0,2.0096153846153846,5.546571881079463,6,322.0,0.31206874537136264,18,242.0,0.20368466240620547,4,19.0,0.4658177305894665,28,583.0
1930.0,34,332.0,3.4947368421052634,4.585397421691071,4,306.0,0.29617648196373547,23,340.0,0.20004219261743825,7,50.0,0.3384088318138039,34,696.0
1935.0,34,430.0,4.526315789473684,3.9428882675859374,5,248.0,0.2525812645225823,24,455.0,0.20522678007256995,5,68.0,0.29870649162390983,34,771.0
1940.0,30,526.0,5.479166666666667,5.208333306641631,2,169.0,0.3166307522993818,24,577.0,0.22000791635360342,4,58.0,0.48727835897217137,30,804.0
1945.0,27,421.0,4.087378640776699,4.836282258178451,6,161.0,0.20807213645459918,19,607.0,0.29181544880232635,2,31.0,0.4318950816229741,27,799.0
1950.0,19,233.0,2.2403846153846154,5.49762602675555,8,192.0,0.20249367184547767,10,524.0,0.34832856360378195,1,34.0,0.3720508783358997,19,750.0
1955.0,19,68.0,0.7311827956989247,4.128981966887061,9,198.0,0.16276150440934292,3,498.0,0.23420748136812217,7,58.0,0.23358823425503886,19,754.0
1960.0,21,68.0,0.7391304347826086,3.97695118544235,7,161.0,0.2346421645874041,8,524.0,0.24565909813984207,6,68.0,0.26056295841266575,21,753.0
1965.0,16,47.0,0.4845360824742268,4.676316596872657,4,140.0,0.242270228923889,11,490.0,0.24530367779262086,1,39.0,0.4657066517244822,16,669.0
1970.0,19,66.0,0.6285714285714286,4.902123011201113,7,167.0,0.13338127407482578,11,355.0,0.2614349004362598,1,15.0,0.40652550096907075,19,537.0
1975.0,22,141.0,1.4242424242424243,5.195063488021725,12,218.0,0.1389704224282258,9,234.0,0.3158408686428905,1,12.0,0.4675058282099896,22,464.0
1980.0,27,124.0,1.3626373626373627,3.9091201295782336,14,234.0,0.09169168628803626,7,250.0,0.23266459715892873,6,27.0,0.2636079999458689,27,511.0
1985.0,24,101.0,1.0978260869565217,3.954782853398773,12,209.0,0.2006409371452544,8,237.0,0.19570647054422546,4,41.0,0.3203738605237046,24,487.0
1990.0,23,133.0,1.3854166666666667,5.613097234716161,8,162.0,0.2583827863027126,12,260.0,0.3604321138434378,3,33.0,0.47419398317585654,23,455.0
1995.0,25,198.0,1.8679245283018868,5.811663853189325,7,132.0,0.2658675477378297,17,321.0,0.3454631866099178,1,32.0,0.4625825888231719,25,485.0
2000.0,27,209.0,1.9351851851851851,5.689514494326256,6,132.0,0.3536022838356843,15,304.0,0.30459582853142614,6,51.0,0.3932589735930195,27,487.0
2005.0,22,81.0,0.7570093457943925,4.72889722893881,2,89.0,0.3618433948115082,12,217.0,0.2456201774566238,8,64.0,0.17453900673124123,22,370.0
2010.0,22,86.0,0.8349514563106796,5.555374171516454,7,87.0,0.3769800655160505,9,157.0,0.21787921981362748,6,58.0,0.23724848828207942,22,302.0
2015.0,20,83.0,0.8736842105263158,5.336710384827698,6,94.0,0.2316769872934876,10,184.0,0.31194446041297724,4,51.0,0.2670684643520176,20,329.0
2020.0,19,88.0,0.9263157894736842,5.365003325886779,4,78.0,0.252876789994836,11,195.0,0.3395493096856561,4,66.0,0.36728809048046285,19,339.0
2025.0,12,31.0,0.31,5.222657595193883,3,83.0,0.3117003849727549,7,192.0,0.2784474663370887,2,43.0,0.42230637947621913,12,318.0
2030.0,23,78.0,0.7155963302752294,4.782685458449684,10,112.0,0.15943233284031866,9,157.0,0.16151743302610297,4,40.0,0.32994573825614926,23,309.0
2035.0,26,132.0,1.3333333333333333,4.538151544332753,8,124.0,0.1874174348876898,14,162.0,0.15423424398504468,4,47.0,0.29537178604583003,26,333.0
2040.0,26,189.0,2.076923076923077,4.664131834303079,6,108.0,0.15040116543664866,18,238.0,0.31245109361614126,2,39.0,0.2043221601874236,26,385.0
2045.0,22,168.0,1.768421052631579,5.038728439761623,3,75.0,0.3019549479221489,14,272.0,0.27294263269801056,5,57.0,0.21002721908197114,22,404.0
2050.0,23,116.0,1.2473118279569892,5.181377970103122,2,53.0,0.4768670681311926,14,250.0,0.20792291188151088,7,82.0,0.26529026711165893,23,385.0
2055.0,22,124.0,1.2783505154639174,5.627784267253288,4,41.0,0.4493831847547878,13,200.0,0.2535471289891106,5,82.0,0.30843368131227794,22,323.0
2060.0,17,125.0,1.288659793814433,6.178066776336454,2,22.0,0.5404675129901125,11,167.0,0.2913724865108787,4,68.0,0.44306343032416395,17,257.0
2065.0,27,195.0,1.875,5.999289726693108,6,25.0,0.40964461954762493,15,199.0,0.31251003635840374,6,49.0,0.3864202260561079,27,273.0
2070.0,28,177.0,1.6857142857142857,5.0426359998318375,10,63.0,0.274841898492837,14,222.0,0.2903702694254265,4,66.0,0.35960558496828554,28,351.0
2075.0,38,215.0,2.107843137254902,3.7913093928287025,17,130.0,0.15669373316586813,10,187.0,0.2195495654521081,11,110.0,0.16270818134471807,38,427.0
2080.0,32,173.0,1.696078431372549,3.0442745224950305,15,179.0,0.13271397245275998,8,212.0,0.12885223227653686,9,133.0,0.1335456662941523,32,524.0
2085.0,21,101.0,1.02020202020202,4.549469405208208,8,177.0,0.34361874514801,9,228.0,0.26257641795949066,4,116.0,0.29441802040165344,21,521.0
2090.0,22,98.0,0.8990825688073395,5.562163322402763,4,123.0,0.345537095295045,16,264.0,0.3133441210760539,2,66.0,0.31894778237449056,22,453.0
2095.0,22,118.0,1.0442477876106195,6.421994385290934,2,80.0,0.44802723655853,16,289.0,0.31877933615577275,4,58.0,0.4192173669307712,22,427.0
2100.0,17,70.0,0.6194690265486725,5.738666931527844,1,70.0,0.36735060496426675,14,263.0,0.27313902652192484,2,43.0,0.32609522204911695,17,376.0
2105.0,19,56.0,0.509090909090909,4.957984703085653,6,89.0,0.2531631936436712,7,253.0,0.18608554218645953,6,62.0,0.24428985306201667,19,404.0
2110.0,27,111.0,1.1326530612244898,3.962573217154184,6,95.0,0.2804856141184927,10,265.0,0.13328506084275718,11,110.0,0.3001866723877332,27,470.0
2115.0,27,93.0,0.93,3.41005144239798,4,59.0,0.2568590055314095,11,266.0,0.15900798162967114,12,137.0,0.22803904405946795,27,462.0
2120.0,21,86.0,0.8269230769230769,4.27533097084579,2,63.0,0.24530185553109785,12,204.0,0.1794825405623256,7,120.0,0.2490726849438374,21,387.0
2125.0,27,83.0,0.7614678899082569,4.067615491135343,11,93.0,0.12692272657230919,8,212.0,0.19648993817235183,8,130.0,0.1645155064089994,27,435.0
2130.0,38,162.0,1.542857142857143,3.473101723911144,15,157.0,0.20333041484672165,9,201.0,0.15733404350770636,14,185.0,0.19662321751020934,38,543.0
2135.0,34,234.0,2.207547169811321,3.1852148770209037,19,242.0,0.19410880614647236,8,180.0,0.14244454358238287,7,202.0,0.21272733861589696,34,624.0
2140.0,31,208.0,1.8909090909090909,3.4194096074982028,17,281.0,0.12480686207864888,9,145.0,0.16253248540563198,5,163.0,0.21405716009586676,31,589.0
2145.0,30,181.0,1.6605504587155964,4.449727365111467,13,264.0,0.19148247614381772,12,163.0,0.313722424721449,5,169.0,0.18625528469050237,30,596.0
2150.0,28,153.0,1.3660714285714286,3.6954999309828813,9,297.0,0.12865658508673133,11,186.0,0.27275745370175464,8,202.0,0.07368938982478306,28,685.0
2155.0,41,202.0,1.8363636363636364,3.141938252036409,15,356.0,0.21996004990149384,13,175.0,0.14209380204000407,13,262.0,0.15656870084026558,41,793.0
2160.0,36,226.0,2.1121495327102804,3.219087517433841,12,368.0,0.2128113018617406,14,160.0,0.1761813799214096,10,272.0,0.203664390126719,36,800.0
2165.0,32,233.0,2.043859649122807,4.071377966924343,5,313.0,0.2338948743307,19,210.0,0.23182614184174402,8,228.0,0.2653233934392745,32,751.0
2170.0,34,345.0,2.9741379310344827,4.766518288949772,3,216.0,0.24105328463690845,24,316.0,0.28117963879654134,7,164.0,0.27908320088265687,34,696.0
2175.0,29,310.0,2.540983606557377,4.919962515269144,2,205.0,0.21699337329479265,18,365.0,0.34868805056488483,9,160.0,0.2502940801223307,29,730.0
2180.0,22,157.0,1.2975206611570247,5.345640270104696,7,232.0,0.211814382569067,11,306.0,0.27823467339620106,4,136.0,0.3360601083349805,22,674.0
2185.0,32,147.0,1.2894736842105263,4.739826265633952,15,288.0,0.11036421194852283,8,238.0,0.21311062441890194,9,156.0,0.21690323131485917,32,682.0
2190.0,40,247.0,2.4455445544554455,3.983385702498064,14,305.0,0.13573063742402844,13,200.0,0.23333173118482156,13,208.0,0.1669977725474733,40,713.0
2195.0,39,286.0,3.075268817204301,3.8275502570532667,10,267.0,0.17809354565347008,15,195.0,0.2585067911086747,14,241.0,0.134495918328658,39,703.0
2200.0,26,170.0,1.7708333333333333,4.296804128457576,8,285.0,0.14933310746387096,10,190.0,0.2972341303910822,8,214.0,0.17587258677057657,26,689.0
2205.0,23,87.0,0.90625,5.120461885003189,12,335.0,0.1847779919158404,4,142.0,0.3850208413348328,7,153.0,0.3393250772254029,23,630.0
2210.0,22,92.0,0.9292929292929293,5.246375051369428,12,350.0,0.1784910731292635,2,56.0,0.4903787219883339,8,127.0,0.3462014188467772,22,533.0
2215.0,13,56.0,0.5656565656565656,6.0206770986517615,8,308.0,0.24126356774281268,3,41.0,0.47949706583539164,2,107.0,0.49333099283761495,13,456.0
2220.0,12,45.0,0.4411764705882353,5.779597360518851,4,217.0,0.20286721441035718,3,18.0,0.4372548102876894,5,115.0,0.38749002391448445,12,350.0
2225.0,11,28.0,0.26666666666666666,5.413040169939878,3,207.0,0.23269497254923038,3,15.0,0.42223015305124717,5,116.0,0.26314030676719374,11,338.0
2230.0,12,37.0,0.36633663366336633,5.210786852782013,6,226.0,0.22741562068288032,4,25.0,0.3617007238255188,2,88.0,0.26345220944154724,12,339.0
2235.0,19,51.0,0.5151515151515151,5.1500967725802544,7,219.0,0.20855489212821232,10,42.0,0.30671220070441646,2,45.0,0.37795077779712116,19,306.0
2240.0,19,95.0,0.95,5.428760045785981,5,164.0,0.2712032527796526,13,92.0,0.29179383539967135,1,45.0,0.4599483302717524,19,301.0
2245.0,27,176.0,1.644859813084112,4.982430069436499,5,98.0,0.28237106092429143,15,156.0,0.2609624462540419,7,66.0,0.26264729520839514,27,320.0
2250.0,31,204.0,1.9065420560747663,4.735029425396684,2,75.0,0.32145018816157406,15,200.0,0.2906961036264861,14,115.0,0.211653670927441,31,390.0
2255.0,24,138.0,1.3142857142857143,4.789100075667779,2,56.0,0.3522738407209434,11,194.0,0.2665478112928169,11,139.0,0.14806318675864213,24,389.0
2260.0,18,75.0,0.7075471698113207,5.713461225540164,4,43.0,0.4402262458149071,6,188.0,0.35817102810036494,8,124.0,0.21214060518011674,18,355.0
2265.0,14,36.0,0.34615384615384615,5.712475256573744,1,28.0,0.4783248091600427,7,197.0,0.3385794876044869,6,128.0,0.29951494148657476,14,353.0
2270.0,31,135.0,1.2162162162162162,4.947543646107808,8,41.0,0.3328834146543813,15,235.0,0.21100951077427338,8,166.0,0.23977664515235672,31,442.0
2275.0,42,277.0,2.564814814814815,4.197835221707049,15,104.0,0.2841336434674031,19,316.0,0.18639461125846907,8,175.0,0.2927075903187857,42,595.0
2280.0,45,349.0,3.4554455445544554,3.2027968237461777,22,196.0,0.11951492648072772,19,356.0,0.17132662112628969,4,134.0,0.2693068158660533,45,686.0
2285.0,40,399.0,3.7289719626168223,3.1432656812880158,26,318.0,0.08535485871665949,12,317.0,0.22027218962429543,2,133.0,0.18475018473722307,40,768.0
2290.0,40,351.0,3.25,3.1978277990991413,25,399.0,0.11995901156953807,6,350.0,0.21570660672333983,9,161.0,0.1782130212102239,40,910.0
2295.0,36,290.0,2.685185185185185,3.2001092218104312,19,389.0,0.19813753763337,9,376.0,0.25560826655273233,8,163.0,0.1449974560324082,36,928.0
2300.0,32,250.0,2.2123893805309733,4.274729068707477,12,358.0,0.2591061343360128,15,433.0,0.21577091074571836,5,125.0,0.28234509891883885,32,916.0
2305.0,38,176.0,1.4789915966386555,4.0431230058481304,14,310.0,0.21535044110227589,16,431.0,0.29918615186093256,8,130.0,0.15406816695074554,38,871.0
2310.0,23,142.0,1.1833333333333333,5.313615016768919,5,257.0,0.3905479239327301,9,316.0,0.3455472447095631,9,165.0,0.157384214330846,23,738.0
2315.0,18,117.0,1.0086206896551724,5.4897917301764965,4,176.0,0.43708727265033526,4,198.0,0.3507130537418946,10,173.0,0.12378576528399608,18,547.0
2320.0,19,76.0,0.6909090909090909,5.6206735167185595,2,147.0,0.4186855818058089,9,126.0,0.37357100336220556,8,143.0,0.14618583754501138,19,416.0
2325.0,22,85.0,0.8252427184466019,5.347591540811097,8,142.0,0.297376732683648,10,127.0,0.24782054367970244,4,99.0,0.24441535335155765,22,368.0
2330.0,28,85.0,0.85,4.54198715602386,10,145.0,0.18328326433253092,13,142.0,0.2909871210946894,5,101.0,0.24661204670571293,28,388.0
2335.0,23,116.0,1.1717171717171717,5.272202855702658,4,103.0,0.3753038211522429,11,171.0,0.32157982225836623,8,129.0,0.24658042082872922,23,403.0
2340.0,24,143.0,1.43,4.701733312151309,4,97.0,0.39074522858194294,13,207.0,0.283297780453958,7,136.0,0.25392143472179146,24,440.0
2345.0,27,117.0,1.1037735849056605,4.256076640755097,10,131.0,0.2679391045756513,12,207.0,0.22582830978785542,5,108.0,0.24969789633763975,27,446.0
2350.0,20,91.0,0.8666666666666667,4.366184807640209,9,141.0,0.1882552555631484,9,143.0,0.22722901989813118,2,65.0,0.24914978787468814,20,349.0
2355.0,18,86.0,0.7962962962962963,5.117554097109711,7,110.0,0.16638319553336853,9,146.0,0.36444914071543744,2,52.0,0.2432034431555593,18,308.0
2360.0,26,158.0,1.5192307692307692,5.217104667414352,6,130.0,0.24440383314096,12,177.0,0.3620624328937744,8,73.0,0.19843044529698145,26,380.0
2365.0,34,202.0,2.04040404040404,3.548662863511781,11,164.0,0.11933028617954766,10,182.0,0.10112163725504324,13,128.0,0.08901451660664433,34,474.0
2370.0,37,216.0,2.297872340425532,3.4526613776587634,14,226.0,0.21705000143796704,10,159.0,0.15878752965636753,13,164.0,0.18015157562252224,37,549.0
2375.0,29,176.0,1.89247311827957,4.432580860251352,13,242.0,0.24866498083871716,7,123.0,0.34863847696645756,9,147.0,0.2937223847174435,29,512.0
2380.0,16,57.0,0.5480769230769231,5.074777086450454,8,178.0,0.2508654269641771,4,121.0,0.4092258922882668,4,97.0,0.25810264469783556,16,396.0
2385.0,19,71.0,0.6396396396396397,6.19397267052674,7,123.0,0.2450796228203711,7,89.0,0.4523423386682257,5,83.0,0.2897202877190721,19,295.0
2390.0,18,85.0,0.7456140350877193,5.817367811877439,6,132.0,0.21657853880665703,11,118.0,0.42366440566957725,1,74.0,0.26901553898006075,18,324.0
2395.0,27,104.0,0.9904761904761905,4.773507933772104,10,173.0,0.1679721232523772,10,128.0,0.17347415157331986,7,96.0,0.22951832717638138,27,397.0
2400.0,31,126.0,1.3263157894736841,3.510520629076627,8,179.0,0.20878062756632956,11,111.0,0.1536011288788973,12,144.0,0.21414626652169266,31,434.0
2405.0,20,96.0,0.9795918367346939,4.551224228470274,5,153.0,0.31408223501857957,5,136.0,0.2893958797298922,10,169.0,0.2832742280241152,20,458.0
2410.0,20,83.0,0.8058252427184466,5.104421003202071,4,108.0,0.3030698694027774,11,152.0,0.3083532720109742,5,143.0,0.2313863965498678,20,403.0
2415.0,26,106.0,0.9724770642201835,5.2393090365390576,4,92.0,0.2785487924577669,14,169.0,0.28868968492459773,8,100.0,0.23366887734052452,26,361.0
2420.0,20,83.0,0.7545454545454545,4.953539446339839,1,74.0,0.3715224458218466,14,171.0,0.19918717105273423,5,121.0,0.33044752023500923,20,366.0
2425.0,35,168.0,1.4608695652173913,4.780542982052245,6,80.0,0.34959425793650106,18,182.0,0.13607382659175377,11,159.0,0.2527760791396007,35,421.0
2430.0,32,273.0,2.481818181818182,5.025119112829238,7,112.0,0.4292955174492539,19,241.0,0.20402369039465534,6,163.0,0.33897148185370296,32,516.0
2435.0,33,350.0,3.4313725490196076,4.319344685749735,7,116.0,0.3226462657247965,23,330.0,0.23516772000613007,3,123.0,0.3173336634746724,33,569.0
2440.0,31,307.0,2.81651376146789,4.644312032401686,8,104.0,0.3021206306530032,20,384.0,0.23087682992090366,3,84.0,0.28771641867465797,31,572.0
2445.0,23,162.0,1.4464285714285714,5.096319326898251,5,121.0,0.263123812045095,14,362.0,0.29108575423679023,4,86.0,0.27824960558464995,23,569.0
2450.0,25,96.0,0.8495575221238938,4.033622379412744,11,164.0,0.1293158687696518,7,397.0,0.17428605550494614,7,115.0,0.15443719925348828,25,676.0
2455.0,26,110.0,1.0377358490566038,3.6809108887445796,8,177.0,0.19870805484189183,10,419.0,0.1240348093856751,8,132.0,0.2630444798884495,26,728.0
2460.0,20,71.0,0.6826923076923077,3.7802463975591474,4,144.0,0.2296899421176912,13,416.0,0.1999557373747137,3,100.0,0.26836246378647544,20,660.0
2465.0,24,87.0,0.7767857142857143,5.251637391628274,3,98.0,0.23343325097456002,17,368.0,0.3074681413368857,4,67.0,0.2689561706020673,24,533.0
2470.0,17,63.0,0.5575221238938053,5.180678743499464,3,98.0,0.22708818675830933,11,410.0,0.2855811345582059,3,40.0,0.2922996365479299,17,548.0
2475.0,21,75.0,0.6637168141592921,4.510684254007989,8,126.0,0.18409713332679833,11,407.0,0.18798056112111242,2,27.0,0.3307711284877555,21,560.0
2480.0,25,93.0,0.8532110091743119,4.221510206623388,7,132.0,0.30023324223685605,11,374.0,0.11591056782111364,7,48.0,0.36799571074802573,25,554.0
2485.0,23,51.0,0.4766355140186916,3.8344780989543383,4,95.0,0.21350793733730739,13,298.0,0.19244323048856896,6,51.0,0.24923430734483926,23,444.0
2490.0,16,50.0,0.4672897196261682,4.430232505118061,2,82.0,0.22822438895221264,11,331.0,0.20810619247677337,3,34.0,0.27438373632734014,16,447.0
2495.0,24,82.0,0.7663551401869159,3.928506581843791,7,111.0,0.193023261203798,13,345.0,0.1823707605850313,4,32.0,0.21982867678129508,24,488.0
2500.0,30,152.0,1.3571428571428572,3.8603942186651423,6,117.0,0.2367908295437877,16,378.0,0.10923101465121592,8,61.0,0.27995432688566596,30,556.0
2505.0,24,121.0,1.1415094339622642,4.120628541485088,3,77.0,0.2861853111756032,17,376.0,0.18308593428848371,4,69.0,0.30348937313993973,24,522.0
2510.0,19,85.0,0.7727272727272727,4.683126072797151,1,38.0,0.2505580610248279,15,298.0,0.2548268143333227,3,43.0,0.21029703672585712,19,379.0
2515.0,15,52.0,0.4727272727272727,5.885644410068822,2,30.0,0.35794442229739826,10,316.0,0.3381156155962517,3,27.0,0.2801407235305488,15,373.0
2520.0,12,57.0,0.5229357798165137,5.443037743236667,3,28.0,0.36982146607177885,8,314.0,0.25268927458300044,1,16.0,0.3093559158087515,12,358.0
2525.0,26,153.0,1.3660714285714286,5.3291152815903375,4,40.0,0.47565522990214615,16,330.0,0.17110429561899998,6,35.0,0.3144333484093293,26,405.0
2530.0,25,200.0,1.8867924528301887,5.394288822588218,0,18.0,0.5713178638936169,22,410.0,0.17804365471866368,3,44.0,0.3903880637610214,25,472.0
2535.0,31,320.0,2.9357798165137616,5.136606126635581,4,13.0,0.40872995469360673,24,529.0,0.22363250600597762,3,24.0,0.301893202531349,31,566.0
2540.0,24,285.0,2.663551401869159,4.520346567664577,4,23.0,0.3288902399205492,19,549.0,0.2169005608823219,1,23.0,0.2914426464740165,24,595.0
2545.0,26,177.0,1.5945945945945945,4.235392932773506,4,17.0,0.21809123077495196,13,470.0,0.26906227787287074,9,47.0,0.13426251237208697,26,534.0
2550.0,17,51.0,0.4766355140186916,4.3790073952971715,3,18.0,0.35108365396567826,7,507.0,0.21399075216257893,7,64.0,0.14374019063308646,17,589.0
2555.0,14,64.0,0.6095238095238096,5.374740727452347,2,26.0,0.5228647879765356,9,520.0,0.28202570389721704,3,46.0,0.23094542124349693,14,592.0
2560.0,22,108.0,0.9642857142857143,5.349675608330216,1,7.0,0.49648507789551216,18,571.0,0.24481584395848713,3,34.0,0.28423585993462824,22,612.0
2565.0,29,232.0,2.09009009009009,5.854527549482823,5,23.0,0.4458384773898245,21,663.0,0.249973452965929,3,34.0,0.34897333638145184,29,720.0
2570.0,37,375.0,3.4403669724770642,5.008756699440148,12,63.0,0.24733494618876276,24,779.0,0.2552071143878785,1,24.0,0.3204677309635092,37,866.0
2575.0,46,584.0,5.7254901960784315,4.078416728515016,15,132.0,0.23736331266531313,24,899.0,0.1891567122405384,7,44.0,0.29702998312329143,46,1075.0
2580.0,44,521.0,5.262626262626263,2.945927469321651,15,180.0,0.2244292267009763,21,888.0,0.07159514340734517,8,69.0,0.2535030727737662,44,1137.0
2585.0,29,273.0,2.650485436893204,4.461977370134079,8,167.0,0.2407003468982756,15,683.0,0.2630856142037706,6,68.0,0.21535086247586038,29,918.0
2590.0,11,40.0,0.38095238095238093,5.832915661490566,4,166.0,0.28596005572806005,3,649.0,0.4318324963443026,4,63.0,0.27981127602233136,11,878.0
2595.0,17,78.0,0.7358490566037735,5.806564312613281,5,186.0,0.25437201992730063,8,643.0,0.380484663668674,4,57.0,0.3831022846499423,17,886.0
2600.0,28,155.0,1.5196078431372548,5.099671907110772,12,240.0,0.2520958739520171,14,685.0,0.2942637887308709,2,37.0,0.407781892800137,28,962.0
2605.0,45,272.0,2.5185185185185186,3.543232854566921,16,262.0,0.13661274986513647,19,768.0,0.14092200085027334,10,55.0,0.2811419566064363,45,1085.0
2610.0,41,244.0,2.30188679245283,3.5178568082418846,13,241.0,0.207047148585599,18,721.0,0.14561069329047555,10,78.0,0.22788360734697374,41,1040.0
2615.0,26,131.0,1.2476190476190476,4.156068485026301,10,286.0,0.1524841326563316,11,538.0,0.2946870065683582,5,66.0,0.23010507164573038,26,890.0
2620.0,19,60.0,0.5607476635514018,4.856866918210671,13,344.0,0.12915249972585777,2,505.0,0.3991260773996484,4,46.0,0.24743284351333208,19,895.0
2625.0,20,70.0,0.6796116504854369,4.5572146672134055,9,338.0,0.18296390669319848,9,520.0,0.3070022800274924,2,44.0,0.41120101769907297,20,902.0
2630.0,28,130.0,1.1818181818181819,3.9948721515985115,8,262.0,0.17820013494910336,14,580.0,0.23276606290392707,6,65.0,0.28326351945004924,28,907.0
2635.0,27,119.0,1.1121495327102804,3.5793106942120616,5,234.0,0.19338994225778447,16,515.0,0.17585097542059955,6,76.0,0.2236181570821968,27,825.0
2640.0,20,88.0,0.8301886792452831,4.057600850794478,8,271.0,0.1098398161681722,11,316.0,0.26926664807861084,1,49.0,0.1597264712458615,20,636.0
2645.0,15,57.0,0.5377358490566038,5.026327800533512,7,256.0,0.12090524818413205,5,189.0,0.399766315273168,3,20.0,0.2974443828255288,15,465.0
2650.0,13,71.0,0.7171717171717171,6.01157298943468,4,188.0,0.20789827469919786,7,118.0,0.5087714031552922,2,16.0,0.4321959845427245,13,322.0
2655.0,12,43.0,0.42574257425742573,5.330374279706358,1,108.0,0.19602578882097504,3,110.0,0.3794424652950708,8,43.0,0.2276487237692667,12,261.0
2660.0,17,60.0,0.631578947368421,5.679589192661252,3,67.0,0.33251776443286685,6,85.0,0.3577367074890248,8,68.0,0.29545209302308006,17,220.0
2665.0,14,34.0,0.34,5.523395225728814,5,43.0,0.29102368551281094,5,81.0,0.4315924339684167,4,52.0,0.27258284902667557,14,176.0
2670.0,14,39.0,0.3786407766990291,6.068439164447757,1,29.0,0.42290762009235694,7,51.0,0.3392470381178148,6,71.0,0.3369498536312338,14,151.0
2675.0,31,150.0,1.4851485148514851,5.718664028478554,8,45.0,0.36804542458392747,13,99.0,0.2172585048754485,10,106.0,0.2244543697572327,31,250.0
2680.0,35,235.0,2.5,4.102303850325588,8,67.0,0.18218550844603557,20,186.0,0.13028733224283642,7,123.0,0.16062952178807674,35,376.0
2685.0,24,173.0,2.0352941176470587,4.643255501025861,4,58.0,0.2176335669195999,16,237.0,0.28601233294962775,4,85.0,0.29137509033627784,24,380.0
2690.0,13,83.0,0.9325842696629213,5.909161455583895,1,36.0,0.37655273429663216,8,221.0,0.337872122011581,4,47.0,0.3465575700096896,13,304.0
2695.0,9,21.0,0.21875,6.544487696921453,3,21.0,0.5815142118922393,5,239.0,0.27777943173138614,1,53.0,0.456628096446041,9,313.0
2700.0,17,59.0,0.5959595959595959,5.5016215774692965,2,18.0,0.43453678505594834,12,272.0,0.18804026744844227,3,65.0,0.28487968193443536,17,355.0
2705.0,21,74.0,0.7708333333333334,4.40277236587147,8,45.0,0.2218974843083524,9,274.0,0.1466538281110357,4,63.0,0.2393384342523388,21,382.0
2710.0,19,61.0,0.7093023255813954,4.3559223740857815,8,74.0,0.3006395991543872,10,215.0,0.20133404878607705,1,45.0,0.35859511028595464,19,334.0
2715.0,18,67.0,0.7052631578947368,5.150518399934707,6,59.0,0.33208438170712784,11,176.0,0.2824417811108074,1,23.0,0.39079627792493865,18,258.0
2720.0,17,117.0,1.17,6.044138161924284,2,49.0,0.5801380642345019,13,184.0,0.27955227513111175,2,23.0,0.47394361533814044,17,256.0
2725.0,26,204.0,1.8545454545454545,5.434034437553854,4,46.0,0.45241146826588313,15,196.0,0.25671713333142604,7,42.0,0.32286602395300423,26,284.0
2730.0,27,263.0,2.390909090909091,4.905584742549999,2,31.0,0.43272909439811974,20,270.0,0.22171535742362175,5,49.0,0.312451468207087,27,350.0
2735.0,32,383.0,3.5137614678899083,5.024533337018007,6,47.0,0.3374347704819178,24,367.0,0.26075333781207116,2,24.0,0.3074166957313367,32,438.0
2740.0,37,365.0,3.230088495575221,4.445759522936604,13,97.0,0.18359183763932602,19,413.0,0.27388108481509765,5,31.0,0.3044671719412035,37,541.0
2745.0,29,209.0,1.9,4.278111152466903,14,134.0,0.16734415667609187,12,368.0,0.26418885448764773,3,32.0,0.27833388428561023,29,534.0
2750.0,27,117.0,1.0446428571428572,4.250691059010277,11,139.0,0.19154888709396997,8,400.0,0.2587798521994403,8,64.0,0.18556325880021265,27,603.0
2755.0,27,106.0,0.9906542056074766,4.229204834034625,8,169.0,0.30203773825291114,10,426.0,0.24279775328612788,9,91.0,0.24128874917014634,27,686.0
2760.0,27,86.0,0.7747747747747747,3.4700238337599565,8,206.0,0.17826799221300413,13,412.0,0.15885746199800307,6,85.0,0.22094114131430576,27,703.0
2765.0,29,146.0,1.2920353982300885,4.064454882265083,12,260.0,0.12366165353706042,13,325.0,0.22198453322425707,4,66.0,0.266531449716057,29,651.0
2770.0,25,157.0,1.4272727272727272,4.498002456328295,13,283.0,0.13212270330307854,9,254.0,0.3131457432392457,3,66.0,0.28029138186524283,25,603.0
2775.0,30,133.0,1.209090909090909,3.9384660617332696,13,259.0,0.13227465344406253,9,269.0,0.25307873152947813,8,94.0,0.1488008379878773,30,622.0
2780.0,27,118.0,1.1346153846153846,3.949965929056724,9,270.0,0.23570566501632143,10,264.0,0.20631479492721472,8,117.0,0.27311866649730415,27,651.0
2785.0,28,70.0,0.6140350877192983,3.720174834017943,13,315.0,0.1259164004659577,9,237.0,0.2280844731763819,6,87.0,0.26221655907811586,28,639.0
2790.0,29,121.0,1.0614035087719298,3.9390048655146317,15,378.0,0.13687305564660018,10,162.0,0.24281465613217032,4,80.0,0.29624961424710267,29,620.0
2795.0,31,211.0,1.8672566371681416,3.154792359365083,17,461.0,0.06147410127938369,8,168.0,0.17565485779390363,6,102.0,0.12240690585106691,31,731.0
2800.0,42,324.0,2.8672566371681416,2.715156783802468,25,577.0,0.116304629724769,11,150.0,0.12002409670824059,6,103.0,0.2025708697798532,42,830.0
2805.0,45,456.0,4.035398230088496,2.7359382396184415,31,726.0,0.07775758745860353,13,168.0,0.192328137845609,1,64.0,0.31922080603756925,45,958.0
2810.0,50,631.0,5.172131147540983,2.7734169819957075,37,900.0,0.011851779118418313,11,155.0,0.18034357457789604,2,63.0,0.1903554620280086,50,1118.0
2815.0,57,703.0,5.858333333333333,3.228845933750491,36,990.0,0.050971343819545815,12,192.0,0.22444559180721527,9,88.0,0.1431553364851092,57,1270.0
2820.0,57,694.0,6.3090909090909095,3.1951960058149504,29,960.0,0.06285567077363768,14,240.0,0.29699294961334605,14,143.0,0.08161702340830654,57,1343.0
2825.0,50,683.0,6.26605504587156,3.8035543292510003,23,826.0,0.12207898430802962,16,306.0,0.2798118318908298,11,163.0,0.12281599724820236,50,1295.0
2830.0,30,405.0,3.8207547169811322,4.868693720196708,13,750.0,0.24593168170043522,12,311.0,0.328676424808151,5,129.0,0.222142736374152,30,1190.0
2835.0,22,148.0,1.3703703703703705,5.254292412937158,8,741.0,0.28603845637375147,6,224.0,0.3715747682219165,8,83.0,0.26614825050421836,22,1048.0
2840.0,18,96.0,0.8807339449541285,5.387593410903899,9,780.0,0.27645829382074566,4,104.0,0.30397979096345823,5,107.0,0.3358824559248473,18,991.0
2845.0,22,62.0,0.5688073394495413,4.429493127250791,10,745.0,0.22180067622057495,3,93.0,0.29618483164100146,9,142.0,0.2314754096259696,22,980.0
2850.0,25,105.0,0.9722222222222222,4.4583574559206305,6,623.0,0.22821379259290206,8,111.0,0.3210800755010616,11,192.0,0.2214070223826857,25,926.0
2855.0,26,134.0,1.2641509433962264,3.924170263485531,5,592.0,0.1829710315261527,13,164.0,0.25163607966970336,8,198.0,0.151095160454405,26,954.0
2860.0,35,146.0,1.3153153153153154,3.575620002806535,10,624.0,0.13631619883418764,16,178.0,0.17333929968302336,9,180.0,0.16893672526470632,35,982.0
2865.0,26,122.0,1.1401869158878504,4.457925378348453,9,583.0,0.21963194542131434,11,147.0,0.24717700013486568,6,157.0,0.28304891616701505,26,887.0
2870.0,15,50.0,0.4424778761061947,3.935368636685604,6,460.0,0.1575082282189689,5,170.0,0.2872677168628156,4,162.0,0.22544376184818263,15,792.0
2875.0,20,70.0,0.603448275862069,5.175392674727219,6,320.0,0.23369013495659954,7,168.0,0.27529303315699183,7,191.0,0.26493322505498457,20,679.0
2880.0,19,106.0,0.9636363636363636,4.751774630134897,3,190.0,0.2612330626870441,13,217.0,0.22294267887055194,3,186.0,0.1742905477845251,19,593.0
2885.0,24,169.0,1.5943396226415094,4.63457120815777,2,139.0,0.31815917760228024,19,302.0,0.13390603052532932,3,159.0,0.22451736424748364,24,600.0
2890.0,29,189.0,1.8173076923076923,4.35492403851911,6,156.0,0.28851242322660325,21,349.0,0.11540588556070784,2,157.0,0.21793819111948706,29,662.0
2895.0,27,147.0,1.4134615384615385,4.200463162480516,7,149.0,0.25493795756542503,15,299.0,0.1446192762653876,5,177.0,0.2328784388365575,27,625.0
2900.0,21,103.0,1.03,4.864932002640585,3,86.0,0.3542764780801164,12,269.0,0.24185822977988508,6,175.0,0.311353675772064,21,530.0
2905.0,21,65.0,0.6018518518518519,4.117029240858842,7,93.0,0.21139874096618888,9,308.0,0.2606147679212111,5,140.0,0.2728700444672432,21,541.0
2910.0,21,73.0,0.6347826086956522,4.297278391800155,7,117.0,0.18736255097280127,11,339.0,0.25862959403065344,3,133.0,0.25442456439678013,21,589.0
2915.0,34,184.0,1.6576576576576576,3.580046873285382,14,174.0,0.1099968071991886,14,387.0,0.1918394081695226,6,156.0,0.12208273474785525,34,717.0
2920.0,39,234.0,2.1666666666666665,2.4410016646816635,15,188.0,0.08951767162426687,13,402.0,0.10092620193034285,11,203.0,0.07969422483143729,39,793.0
2925.0,40,259.0,2.5392156862745097,3.1631501489979654,10,179.0,0.2729530602425234,15,368.0,0.16803635072277165,15,274.0,0.19661041597943013,40,821.0
2930.0,34,221.0,1.9557522123893805,3.7394295385135816,7,140.0,0.27167534118889164,15,293.0,0.19216512116045814,12,290.0,0.2083290981292651,34,723.0
2935.0,29,193.0,1.6355932203389831,4.792168347084782,5,168.0,0.30524294248276207,13,275.0,0.29033161116668904,11,249.0,0.2967689373175373,29,692.0
2940.0,32,263.0,2.120967741935484,4.655566363673566,10,210.0,0.20967860041872075,14,277.0,0.29132845147777636,8,187.0,0.2495663322521104,32,674.0
2945.0,27,153.0,1.204724409448819,4.297816974065671,7,221.0,0.18745396780576187,13,297.0,0.29027355339419597,7,204.0,0.24438988116565352,27,722.0
2950.0,27,105.0,0.860655737704918,4.519598807315683,4,178.0,0.21881515001513885,11,256.0,0.2681569444244545,12,255.0,0.18587489258842027,27,689.0
2955.0,18,54.0,0.4576271186440678,3.9340280250929673,3,123.0,0.20975138933356155,7,272.0,0.20922370942279908,8,267.0,0.12955685936892808,18,662.0
2960.0,17,52.0,0.45614035087719296,4.3319970123637805,3,117.0,0.31022138572322944,11,269.0,0.20128252671710464,3,214.0,0.2857591213437149,17,600.0
2965.0,28,129.0,1.048780487804878,4.294111223505396,9,143.0,0.177173919906167,16,297.0,0.18913244524517508,3,141.0,0.31046748179170386,28,581.0
2970.0,33,195.0,1.6115702479338843,3.9264463182922875,14,203.0,0.19771547190520386,17,305.0,0.19729246701000752,2,145.0,0.3246065764030945,33,653.0
2975.0,43,276.0,2.319327731092437,3.464426272556082,20,288.0,0.10538004165823421,14,286.0,0.21029102210890505,9,173.0,0.1768266209868979,43,747.0
2980.0,39,265.0,2.2457627118644066,3.376090900168695,20,339.0,0.08551750775421962,11,234.0,0.17206232475676114,8,183.0,0.13514017058315778,39,756.0
2985.0,37,248.0,2.234234234234234,4.6874356003924555,16,330.0,0.14942442788281052,17,253.0,0.337979696683001,4,144.0,0.2640860652019023,37,727.0
2990.0,32,214.0,1.8771929824561404,4.56771117297629,13,276.0,0.12783927736808007,15,267.0,0.29048259452751524,4,87.0,0.22027012490198428,32,630.0
2995.0,24,145.0,1.2831858407079646,5.153080483284205,8,324.0,0.2711102700418108,14,262.0,0.2445198624820213,2,72.0,0.3963264305655567,24,658.0
3000.0,30,170.0,1.5044247787610618,5.117369943329006,13,379.0,0.1910067943161412,15,236.0,0.2757112135516679,2,52.0,0.40222731481151547,30,667.0
3005.0,24,188.0,1.6491228070175439,5.156912962745222,8,377.0,0.1819475455856098,12,264.0,0.314586826188141,4,45.0,0.510845939849572,24,686.0
3010.0,21,177.0,1.5526315789473684,5.319101466499085,4,310.0,0.2519830342124791,15,281.0,0.3224808131082122,2,23.0,0.4767720112245886,21,614.0
3015.0,26,138.0,1.15,4.811852528200121,4,234.0,0.2114106541423805,14,288.0,0.25952828373343634,8,35.0,0.3682342501566818,26,557.0
3020.0,23,94.0,0.7966101694915254,4.542992494616625,3,180.0,0.2807676558596932,14,223.0,0.19141962589082975,6,58.0,0.209850740749969,23,461.0
3025.0,23,68.0,0.5862068965517241,4.590935589229197,7,120.0,0.2965044548528544,10,259.0,0.220498302090118,6,50.0,0.16698329296888179,23,429.0
3030.0,17,50.0,0.4424778761061947,4.795803659718318,2,110.0,0.4078503998053452,13,250.0,0.18324908367776802,2,66.0,0.3403665399131375,17,426.0
3035.0,31,144.0,1.2413793103448276,4.7398825671484,8,124.0,0.3166476915325912,13,276.0,0.14606575028191005,10,97.0,0.33235863663972315,31,497.0
3040.0,34,222.0,2.0,3.6861278461223916,7,131.0,0.2535697967703548,19,325.0,0.15033175413462233,8,111.0,0.23622707238961263,34,567.0
3045.0,30,178.0,1.6181818181818182,3.817182330642128,4,103.0,0.21890866819995933,20,362.0,0.24395854375431286,6,94.0,0.23965007176761993,30,559.0
3050.0,28,123.0,1.0512820512820513,4.528248030545973,8,122.0,0.2084636225174979,17,339.0,0.2571015225103546,3,62.0,0.25098681653358806,28,523.0
3055.0,26,133.0,1.1565217391304348,5.395135173997705,10,163.0,0.16361002110091194,14,281.0,0.24087774183738067,2,37.0,0.4177803426673947,26,481.0
3060.0,26,142.0,1.3027522935779816,4.568954155255802,10,179.0,0.12434015584486006,14,321.0,0.22284781952125726,2,28.0,0.47217332326240175,26,528.0
3065.0,23,85.0,0.7798165137614679,4.512958871664527,8,153.0,0.2097561158105022,14,332.0,0.1801078402907999,1,18.0,0.4953721785537216,23,503.0
3070.0,29,129.0,1.131578947368421,5.17969437989194,6,109.0,0.27334787560252216,17,340.0,0.2169536121328555,6,33.0,0.421393660008472,29,482.0
3075.0,31,176.0,1.5042735042735043,4.595046354039044,5,94.0,0.2678008166284618,14,352.0,0.22876239834901116,12,80.0,0.25226743614625835,31,526.0
3080.0,26,152.0,1.3571428571428572,4.866684347009845,4,88.0,0.39425613690364014,11,299.0,0.2093767729109017,11,111.0,0.23207126480241472,26,498.0
3085.0,28,108.0,0.9473684210526315,5.186942912603604,6,60.0,0.36933277482669546,12,232.0,0.22056689862250858,10,103.0,0.2144586869586215,28,395.0
3090.0,25,117.0,1.0833333333333333,5.6771895189694765,8,61.0,0.3024470415903653,15,258.0,0.21727588525286376,2,65.0,0.4066409708616253,25,384.0
3095.0,33,179.0,1.7378640776699028,4.857983648027486,13,118.0,0.1819545179712012,18,259.0,0.14065625252580605,2,43.0,0.5647372355206836,33,420.0
3100.0,40,232.0,2.1682242990654204,3.8887194794609163,20,198.0,0.17589387638496523,18,303.0,0.13798977952171446,2,22.0,0.4599917208847005,40,523.0
3105.0,32,217.0,2.047169811320755,4.15798812289133,17,247.0,0.15908330090293815,10,314.0,0.1448002707512911,5,41.0,0.4723085187900513,32,602.0
3110.0,31,176.0,1.6603773584905661,3.8653281858033597,11,235.0,0.1813323961205317,14,331.0,0.19775396141491902,6,43.0,0.15328558771308742,31,609.0
3115.0,31,211.0,2.0095238095238095,5.302944336606906,7,178.0,0.3102313186629068,22,412.0,0.23398904438665655,2,25.0,0.353070887928387,31,615.0
3120.0,25,175.0,1.7156862745098038,4.518171080466071,1,164.0,0.307112439539499,22,450.0,0.10743227054144774,2,17.0,0.38227203707128615,25,631.0
3125.0,36,207.0,2.0294117647058822,4.097672080203299,5,179.0,0.27358859327103563,25,436.0,0.07327584736694814,6,40.0,0.3773456805942781,36,655.0
3130.0,34,194.0,1.9595959595959596,4.54981059311449,5,168.0,0.33814800952777085,24,423.0,0.14058895903304938,5,47.0,0.47984539017963945,34,638.0
3135.0,24,182.0,1.7843137254901962,4.938804006426889,4,122.0,0.31535278941985323,18,439.0,0.24119434924455382,2,28.0,0.49535584298015733,24,589.0
3140.0,24,199.0,1.8598130841121496,5.559590731130643,6,93.0,0.3516556451080658,16,403.0,0.22491205531639066,2,29.0,0.5410517239580701,24,525.0
3145.0,30,272.0,2.365217391304348,5.250368561957677,6,89.0,0.28858195453864627,18,419.0,0.2805546208208952,6,25.0,0.3688959217357061,30,533.0
3150.0,24,199.0,1.761061946902655,5.245328846577038,1,78.0,0.31045187900357624,12,407.0,0.3414528075615282,11,65.0,0.2858883742063672,24,550.0
3155.0,35,198.0,1.8,4.15845843597477,8,94.0,0.17426693270888022,9,353.0,0.2360257281488321,18,137.0,0.1117107640446506,35,584.0
3160.0,38,229.0,2.160377358490566,3.346132407996129,7,102.0,0.11477377124743067,13,290.0,0.1315942110547486,18,200.0,0.12372114401360332,38,592.0
3165.0,33,170.0,1.7,3.791020886205548,4,80.0,0.2014376692101642,16,315.0,0.21028349684668038,13,209.0,0.2023183486108852,33,604.0
3170.0,24,110.0,1.0377358490566038,5.0385761981516035,4,48.0,0.3635254375778632,11,293.0,0.3061146660181693,9,192.0,0.23220543971806945,24,533.0
3175.0,16,47.0,0.4351851851851852,5.1044643771587985,4,56.0,0.34269083562787905,6,298.0,0.25318752832475133,6,204.0,0.31832408220901065,16,558.0
3180.0,26,93.0,0.8611111111111112,4.313386563357391,8,84.0,0.16161364253960692,9,262.0,0.12797536652039318,9,236.0,0.17133222412757954,26,582.0
3185.0,24,91.0,0.8666666666666667,3.498295929364043,7,102.0,0.16364576491538374,9,253.0,0.10376856831392586,8,237.0,0.16418599766258657,24,592.0
3190.0,16,37.0,0.39361702127659576,4.73870948765771,3,82.0,0.329542636543119,8,195.0,0.31577887636750956,5,193.0,0.2860119306544446,16,470.0
3195.0,12,40.0,0.39215686274509803,4.583904680148704,5,94.0,0.27865214463057486,5,124.0,0.20322398124689287,2,184.0,0.2798102221856505,12,402.0
3200.0,22,121.0,1.1523809523809523,4.764198869437293,10,134.0,0.26285763006753815,4,101.0,0.35772210284212097,8,213.0,0.23273506613628298,22,448.0
3205.0,41,266.0,2.533333333333333,3.6570394095920458,16,195.0,0.1638290342764915,8,95.0,0.4064975234118237,17,275.0,0.14538760396055,41,565.0
3210.0,33,207.0,1.9903846153846154,3.019335427149131,15,230.0,0.15061781700701427,2,69.0,0.3650905546770366,16,298.0,0.14368281548012196,33,597.0
3215.0,32,141.0,1.3557692307692308,3.511227855849995,13,190.0,0.1257741708931342,7,53.0,0.35232486964642296,12,256.0,0.1319364506796617,32,499.0
3220.0,33,156.0,1.4444444444444444,4.3581886392007005,10,222.0,0.13383796717870236,11,96.0,0.39863428515053057,12,205.0,0.1522080248876579,33,523.0
3225.0,30,201.0,1.8611111111111112,4.614048743371497,12,280.0,0.15129665242444668,12,152.0,0.30258481467071885,6,166.0,0.2708311390971566,30,598.0
3230.0,36,224.0,2.1132075471698113,3.9403900188133982,19,358.0,0.0794206703744647,10,171.0,0.25907844448664025,7,143.0,0.32673133913475433,36,672.0
3235.0,26,125.0,1.2254901960784315,4.826081108588862,17,391.0,0.17342235738338968,7,135.0,0.27645329072188796,2,121.0,0.5038693146683915,26,647.0
3240.0,20,89.0,0.898989898989899,5.152967072155624,10,355.0,0.22108161999304757,5,74.0,0.274268423214676,5,126.0,0.36955063265697846,20,555.0
3245.0,19,72.0,0.7058823529411765,5.1989069192117725,10,377.0,0.1918748892899944,4,63.0,0.42303911413790835,5,125.0,0.39280234297256256,19,565.0
3250.0,17,100.0,1.0101010101010102,5.005642214737346,11,425.0,0.15112823967099623,4,71.0,0.5732937187971553,2,92.0,0.36275707421109116,17,588.0
3255.0,19,112.0,1.0980392156862746,4.424942625266084,11,426.0,0.1008008242179132,6,89.0,0.4603228180231748,2,53.0,0.3458009741396019,19,568.0
3260.0,9,20.0,0.20202020202020202,4.894780157164311,6,364.0,0.18024372837783784,1,59.0,0.558032550064412,2,54.0,0.3458298950103285,9,477.0
3265.0,24,55.0,0.5238095238095238,4.414332189731546,6,258.0,0.19476007386774902,7,75.0,0.27454964143845184,10,80.0,0.22487247506341257,23,413.0
3270.0,19,83.0,0.8217821782178217,5.099679705211611,4,180.0,0.2768873920407599,7,61.0,0.40105162682887946,8,103.0,0.17766902486856725,19,344.0
3275.0,16,62.0,0.6391752577319587,5.117185613374028,2,168.0,0.29838843161797335,8,86.0,0.3786406135122089,6,92.0,0.20647188096519167,16,346.0
3280.0,17,64.0,0.64,5.267333672879878,7,193.0,0.2642534543393647,6,94.0,0.3757352109542345,4,111.0,0.3164787034928903,17,398.0
3285.0,20,100.0,1.0309278350515463,5.147740879390393,7,194.0,0.2893154222911797,5,96.0,0.30670217436302566,8,135.0,0.3267332276909724,20,425.0
3290.0,24,118.0,1.2164948453608246,3.711755937826148,6,158.0,0.21486459052200188,7,108.0,0.29697803933900496,11,146.0,0.21493857263365954,24,412.0
3295.0,14,44.0,0.4583333333333333,4.216719714554055,5,174.0,0.18901761706258494,2,90.0,0.47024370555792694,7,125.0,0.21531113920206524,14,389.0
3300.0,16,70.0,0.7070707070707071,4.499634639815829,8,209.0,0.11387948996204546,5,42.0,0.48427113549263956,3,119.0,0.15649305737461083,16,370.0
3305.0,34,201.0,2.0303030303030303,3.5172781196781235,17,281.0,0.11363760889557649,8,71.0,0.12238815558247956,9,155.0,0.1680399408505982,34,507.0
3310.0,37,284.0,3.1555555555555554,2.6057406556814295,24,383.0,0.10675510332233448,5,74.0,0.18765574450591863,8,158.0,0.18017381038644426,37,615.0
3315.0,36,366.0,3.8526315789473684,2.9831885926016826,29,518.0,0.09202958604694204,1,49.0,0.3870220999699458,6,122.0,0.21624439974896936,36,689.0
3320.0,43,542.0,5.474747474747475,3.7359919048049743,36,686.0,0.05465359770083951,1,50.0,0.5923531738864934,6,80.0,0.26152484507106794,43,816.0
3325.0,51,568.0,5.3584905660377355,3.4668368451399467,39,784.0,0.02632712382343405,6,62.0,0.37248887005099324,6,75.0,0.26302878496655563,51,921.0
3330.0,40,468.0,4.68,3.8071888504500877,31,783.0,0.08397866331694274,7,92.0,0.3600165162997526,2,54.0,0.3238577019752693,40,929.0
3335.0,40,429.0,4.29,3.7027508517883643,22,859.0,0.09247716870711528,10,135.0,0.22659992305240406,8,69.0,0.2021011743761144,40,1063.0
3340.0,41,385.0,3.888888888888889,3.4438856115786485,19,962.0,0.09084505309780222,14,192.0,0.20286772658486002,8,84.0,0.16768149261825907,41,1238.0
3345.0,26,250.0,2.7472527472527473,3.576590687574344,13,953.0,0.1393575965872141,11,220.0,0.3034232865470144,2,67.0,0.2512931598058333,26,1240.0
3350.0,14,114.0,1.1875,4.748016907187457,7,798.0,0.17259148851750686,7,198.0,0.3138873662071534,0,24.0,0.4186338971458492,14,1020.0
3355.0,10,56.0,0.5656565656565656,5.5625863915665335,4,655.0,0.2322343463599318,5,196.0,0.38042137046014735,1,26.0,0.39024526438233703,10,877.0
3360.0,13,45.0,0.45918367346938777,5.3820025458262775,1,618.0,0.22205912703106995,6,222.0,0.329343297075917,6,50.0,0.30318180391763083,13,890.0
3365.0,19,97.0,1.0104166666666667,4.432146677648485,6,636.0,0.20781092960483294,3,208.0,0.315818676416508,10,91.0,0.18257138854852073,19,935.0
3370.0,32,215.0,2.388888888888889,3.6603785637951414,13,690.0,0.2354820207551468,2,166.0,0.31729495401563007,17,164.0,0.2203561530570502,32,1020.0
3375.0,32,202.0,2.1041666666666665,3.0800382509834594,14,682.0,0.16410831259111952,2,107.0,0.1529830171375448,16,201.0,0.24622951533105533,32,990.0
3380.0,23,131.0,1.3505154639175259,4.654822704211648,10,553.0,0.1943647333063102,2,84.0,0.5522452860957321,11,183.0,0.2846867184698281,23,820.0
3385.0,26,87.0,0.8130841121495327,3.828373780425159,10,424.0,0.14310174643453166,3,75.0,0.4643357050304983,13,222.0,0.14195695426267557,26,721.0
3390.0,29,114.0,1.0363636363636364,5.06659730781137,9,316.0,0.2394029151294521,4,87.0,0.49039613916797037,16,287.0,0.13163271163465898,29,690.0
3395.0,22,108.0,1.0485436893203883,4.649157452805178,5,202.0,0.309021574378738,3,80.0,0.39860017612247756,14,317.0,0.10351147633492355,22,599.0
3400.0,15,40.0,0.3883495145631068,5.082032940802048,2,171.0,0.3546964180728626,4,74.0,0.3733915291374598,9,288.0,0.22689721958056014,15,533.0
3405.0,15,64.0,0.6274509803921569,6.37988943675498,8,189.0,0.3630750630810617,2,58.0,0.4573340720921024,5,231.0,0.3400325445617169,15,478.0
3410.0,15,35.0,0.33653846153846156,4.249753837999553,9,183.0,0.23757617519214314,2,46.0,0.2497334254593346,4,228.0,0.24869559005653824,15,457.0
3415.0,24,85.0,0.8415841584158416,4.271698471031788,6,132.0,0.2046338121505481,10,80.0,0.243600010676825,8,257.0,0.2017964050737528,24,469.0
3420.0,26,149.0,1.5520833333333333,3.857446696749174,3,93.0,0.23634368730294855,10,108.0,0.21103693327199635,13,310.0,0.10235778076140935,26,511.0
3425.0,25,146.0,1.46,4.986876691489374,5,88.0,0.4278377454684273,6,100.0,0.3116497583751688,14,333.0,0.17730607798968695,25,521.0
3430.0,16,104.0,1.0612244897959184,5.793835984579508,4,73.0,0.45756889527572675,3,107.0,0.379686563439593,9,286.0,0.2534954239064491,16,466.0
3435.0,15,61.0,0.5922330097087378,5.057310917784572,0,41.0,0.4070001417856394,8,135.0,0.24706442468176218,7,210.0,0.1878859454232197,15,386.0
3440.0,22,74.0,0.7326732673267327,4.6787844216276415,8,38.0,0.2659071805258404,8,145.0,0.1820488015778326,6,227.0,0.25558268242943905,22,410.0
3445.0,32,130.0,1.3131313131313131,3.9647076883982013,13,94.0,0.21470451022009754,7,114.0,0.11073965006168698,12,271.0,0.18146316231394574,32,479.0
3450.0,24,118.0,1.2967032967032968,3.739778052231346,11,133.0,0.24598047209804072,5,120.0,0.17076438136159985,8,278.0,0.2445889444610808,24,531.0
3455.0,15,57.0,0.6404494382022472,4.568064123234909,4,119.0,0.2924158829886572,9,159.0,0.3028022267022608,2,206.0,0.2352217108005213,15,484.0
3460.0,15,44.0,0.4536082474226804,5.041241383051295,2,61.0,0.3325312970248221,9,168.0,0.24644144963559794,4,123.0,0.2662634842564021,15,352.0
3465.0,11,38.0,0.3917525773195876,6.060965263329065,3,66.0,0.45757787857394067,6,126.0,0.23795903273788344,2,94.0,0.4276665970717451,11,286.0
3470.0,16,44.0,0.43137254901960786,4.6350387111540075,8,93.0,0.28701131106842775,5,137.0,0.13556221539921173,3,84.0,0.32387274168913166,16,314.0
3475.0,27,142.0,1.4639175257731958,4.398028273449821,14,150.0,0.19388043612722808,7,172.0,0.1588627539105462,6,105.0,0.3403266268878211,27,427.0
3480.0,37,231.0,2.595505617977528,2.64878345699794,13,175.0,0.1109112627320117,13,228.0,0.08758401023169195,11,147.0,0.1695065600544539,37,550.0
3485.0,38,265.0,2.849462365591398,3.1454041970577826,8,149.0,0.2554597114030135,20,319.0,0.12917559540222875,10,164.0,0.1706148967242888,38,632.0
3490.0,31,235.0,2.5268817204301075,4.214839389428284,5,98.0,0.3280455586968719,20,366.0,0.19420762657627674,6,137.0,0.21374544052634423,31,601.0
3495.0,30,155.0,1.5048543689320388,3.704503618905756,3,92.0,0.31674179184309315,17,348.0,0.11445376987277706,10,175.0,0.1728205439696558,30,615.0
3500.0,33,165.0,1.6019417475728155,5.133903634519178,7,116.0,0.39357839320813837,15,295.0,0.18753045971650645,11,220.0,0.2598659146463674,33,631.0
3505.0,32,156.0,1.5757575757575757,3.8590296164646,12,156.0,0.2606048909005995,9,278.0,0.2518137894349919,11,228.0,0.23345645681419822,32,662.0
3510.0,19,110.0,1.1224489795918366,5.035103014583667,10,161.0,0.2561671875559261,4,215.0,0.4168340796467919,5,198.0,0.3309160078489472,19,574.0
3515.0,16,100.0,1.0101010101010102,5.438700869848903,7,124.0,0.32283835901539,4,174.0,0.5180259210634265,5,208.0,0.280040682496478,16,506.0
3520.0,18,61.0,0.5648148148148148,5.2372836042481525,7,84.0,0.2723033514837898,2,145.0,0.49968475375400234,9,243.0,0.17698651279319677,18,472.0
3525.0,26,148.0,1.4095238095238096,5.107442666539292,5,79.0,0.40984572851274964,7,138.0,0.35520671134053117,14,305.0,0.12040694919901668,26,522.0
3530.0,34,200.0,1.941747572815534,3.9191800606052176,5,70.0,0.4044558258658933,13,189.0,0.1707771411588063,16,333.0,0.05917071276341951,34,592.0
3535.0,36,241.0,2.41,4.090406254912526,2,58.0,0.4039833477733321,20,277.0,0.18893882023624145,14,312.0,0.15182308017125742,36,647.0
3540.0,32,236.0,2.4329896907216493,4.196078419472013,9,78.0,0.23553481647354893,16,315.0,0.1848623682200424,7,239.0,0.13405978721011141,32,632.0
3545.0,34,236.0,2.36,4.7086116604194705,12,135.0,0.20169849912161594,13,284.0,0.20432116327682157,9,225.0,0.2916384512568369,34,644.0
3550.0,20,128.0,1.3473684210526315,4.9929261321972636,10,159.0,0.30985882940866627,8,201.0,0.2077057248674619,2,187.0,0.3632900836094444,20,547.0
3555.0,16,81.0,0.81,5.763901385044794,7,136.0,0.3674798725975155,4,162.0,0.33492027225838245,5,195.0,0.3570411868449154,16,493.0
3560.0,13,88.0,0.9072164948453608,6.730890358887494,5,90.0,0.46701424153334764,4,114.0,0.49339818459028023,4,187.0,0.39208285622513056,13,391.0
3565.0,11,30.0,0.30303030303030304,5.57969485872925,5,77.0,0.39154844931767907,4,91.0,0.4094814200725592,2,108.0,0.2602499828340412,11,276.0
3570.0,12,45.0,0.44554455445544555,6.141206289500996,1,59.0,0.3694281792358342,9,100.0,0.3670000650532978,2,83.0,0.3165282534762049,12,242.0
3575.0,17,75.0,0.7653061224489796,5.410523772673699,7,76.0,0.18939711696280917,7,111.0,0.24994511136939046,3,57.0,0.35229166309291454,17,244.0
3580.0,17,50.0,0.5,4.749750658656181,8,101.0,0.24067730893580186,6,88.0,0.1746843316801699,3,47.0,0.40103141919942326,17,236.0
3585.0,12,38.0,0.40425531914893614,5.840916912539622,3,68.0,0.3774433362522301,2,73.0,0.3009744194510223,7,68.0,0.39795750086667864,12,209.0
3590.0,17,54.0,0.5806451612903226,4.704159989954989,3,39.0,0.30448027671077976,7,97.0,0.2208417291272063,7,81.0,0.22239925486184844,17,217.0
3595.0,17,87.0,0.9456521739130435,4.327394497285497,1,41.0,0.32775736283206697,12,147.0,0.2146824511461895,4,65.0,0.2059543410311728,17,253.0
3600.0,29,181.0,1.946236559139785,3.936592347183567,7,64.0,0.1900226354914579,19,226.0,0.0860131485656116,3,53.0,0.26080824082163384,29,343.0
