step,system_total_stopped,system_total_waiting_time,system_mean_waiting_time,system_mean_speed,A0_stopped,A0_accumulated_waiting_time,A0_average_speed,B0_stopped,B0_accumulated_waiting_time,B0_average_speed,C0_stopped,C0_accumulated_waiting_time,C0_average_speed,agents_total_stopped,agents_total_accumulated_waiting_time
5.0,0,0.0,0.0,7.752013775789076,0,0.0,0.5480731267789187,0,0.0,0.593705846047146,0,0.0,0.6540689714372961,0,0.0
10.0,1,0.0,0.0,10.555498272691748,1,0.0,0.698559969139398,0,0.0,0.9993211033772044,0,0.0,0.8502385624967801,1,0.0
15.0,0,0.0,0.0,8.59582049384738,0,0.0,0.5605936807589561,0,0.0,0.23590151848394625,0,0.0,0.5577777175080205,0,0.0
20.0,1,0.0,0.0,9.636304564753251,1,0.0,0.7153952174097992,0,0.0,0.8562202706639652,0,0.0,0.7111544331848435,1,0.0
25.0,10,3.0,0.12,5.033301765005153,4,2.0,0.45174197963418344,3,1.0,0.20136101395998574,3,0.0,0.34758741234498297,10,3.0
30.0,6,31.0,1.1481481481481481,8.158613811471401,2,12.0,0.5669873156079566,2,12.0,0.6464988846846084,2,8.0,0.5780924486132969,6,32.0
35.0,6,40.0,1.3333333333333333,7.503674903734761,2,1.0,0.6032379195005871,2,22.0,0.6056655409997961,2,18.0,0.485732599901141,6,41.0
40.0,2,7.0,0.18421052631578946,7.663363299723742,2,7.0,0.4421667999174735,0,4.0,0.658879307468862,0,2.0,0.5267322434061966,2,13.0
45.0,3,5.0,0.13157894736842105,8.854521720621896,2,12.0,0.5286918838084455,1,2.0,0.5623936628888087,0,0.0,0.7353087776105985,3,14.0
50.0,2,4.0,0.10256410256410256,5.939416451291314,1,5.0,0.34384282160540997,0,5.0,0.31958861253315624,1,4.0,0.3928544005610555,2,14.0
55.0,4,12.0,0.3076923076923077,7.320384149560682,1,9.0,0.5044268396256659,2,12.0,0.5366750199344901,1,2.0,0.5754842992484959,4,23.0
60.0,5,17.0,0.425,8.026433468232202,4,21.0,0.4043832759995658,1,8.0,0.6529481615708866,0,1.0,0.7727505715971468,5,30.0
65.0,11,54.0,1.173913043478261,7.2779782099233055,7,47.0,0.372585356739457,3,17.0,0.4686781618344432,1,3.0,0.5956044057340403,11,67.0
70.0,10,54.0,1.255813953488372,6.366275246096263,7,65.0,0.2969040875428214,1,19.0,0.5577938518464282,2,12.0,0.6122294349967194,10,96.0
75.0,11,30.0,0.6,6.106409606860308,7,71.0,0.29803246528431315,2,9.0,0.46769684300662306,2,12.0,0.43828058918549484,11,92.0
80.0,5,21.0,0.4117647058823529,8.487449092637362,4,78.0,0.4044333966290135,0,4.0,0.8793214432462053,1,9.0,0.7259815708828746,5,91.0
85.0,11,13.0,0.21666666666666667,7.575211870271342,6,97.0,0.25690587021254235,2,4.0,0.6761330728657945,3,2.0,0.5288492852296679,11,103.0
90.0,7,20.0,0.36363636363636365,7.051482639181632,4,100.0,0.2736270002440059,1,7.0,0.5895829546468222,2,7.0,0.44375472784192854,7,114.0
95.0,7,22.0,0.4489795918367347,5.389854715822215,2,84.0,0.2250560473342741,5,24.0,0.24372425380550117,0,3.0,0.43040225665245974,7,111.0
100.0,8,19.0,0.35185185185185186,6.382437247643139,3,55.0,0.21948666278550463,2,31.0,0.5416316360335028,3,6.0,0.40525932607767984,8,92.0
105.0,2,15.0,0.2777777777777778,8.72643165107875,2,45.0,0.39842792086323797,0,10.0,0.8423559345317132,0,2.0,0.6887959602201223,2,57.0
110.0,8,36.0,0.6,7.773406991595907,5,37.0,0.38403011578488117,2,3.0,0.6343261778614003,1,6.0,0.5591271949668791,8,46.0
115.0,1,3.0,0.05357142857142857,8.271689746151905,1,21.0,0.4852899622953121,0,0.0,0.5363767056743017,0,5.0,0.8621923652460574,1,26.0
120.0,11,33.0,0.5892857142857143,6.6469899212571715,6,26.0,0.2743711231361407,5,17.0,0.22894099674081092,0,0.0,0.7070777497829208,11,43.0
125.0,9,28.0,0.4666666666666667,6.296952969859542,5,36.0,0.2426684903904557,2,25.0,0.3492497624236856,2,8.0,0.5604536969065528,9,69.0
130.0,6,25.0,0.43859649122807015,7.900348973542124,3,24.0,0.36246167178951916,1,20.0,0.6566600677990261,2,20.0,0.5824741899051651,6,64.0
135.0,8,38.0,0.59375,6.995861301922012,3,31.0,0.31373392060123745,1,15.0,0.5352414117928125,4,36.0,0.5124743097048333,8,82.0
140.0,13,91.0,1.421875,6.626628943176682,5,49.0,0.307255350101587,4,31.0,0.3620317851378665,4,56.0,0.6080104857658789,13,136.0
145.0,32,185.0,2.9365079365079363,3.3853123728875527,12,84.0,0.08618614738692083,12,69.0,0.15777733014759643,8,75.0,0.19468534998182352,32,228.0
150.0,28,267.0,4.306451612903226,4.208473918246886,9,102.0,0.18430967613346985,13,129.0,0.20213944667666275,6,105.0,0.3896014772774494,28,336.0
155.0,15,102.0,1.6721311475409837,4.5536042024870795,5,87.0,0.24768941029258337,9,150.0,0.23437221073650802,1,62.0,0.3209043934000658,15,299.0
160.0,8,30.0,0.4411764705882353,6.577919389004312,4,70.0,0.26256697923493244,3,113.0,0.3827366719395352,1,6.0,0.6008537734542675,8,189.0
165.0,10,34.0,0.5151515151515151,7.488326116528546,4,72.0,0.40159006199622566,2,57.0,0.48962458147746385,4,16.0,0.5905161058475573,10,145.0
170.0,11,16.0,0.23880597014925373,5.5285410433954745,6,91.0,0.3078411300954091,2,45.0,0.26931301813832936,3,17.0,0.5006673393278889,11,153.0
175.0,15,65.0,1.015625,6.136051788825896,8,124.0,0.27488539579863414,4,63.0,0.3621837855461007,3,11.0,0.6011599659163397,15,198.0
180.0,15,85.0,1.4166666666666667,4.402199407889955,6,130.0,0.15823766629540825,8,97.0,0.23428587306529794,1,1.0,0.5071465638226589,15,228.0
185.0,22,145.0,2.1323529411764706,5.502303661560312,7,124.0,0.18675732033012252,11,151.0,0.350567331089115,4,15.0,0.3777351805920914,22,290.0
190.0,13,99.0,1.596774193548387,4.462102337572571,6,143.0,0.1592187948608596,7,144.0,0.27535671359514774,0,18.0,0.46724684990419135,13,305.0
195.0,19,74.0,1.0724637681159421,4.723136872578627,11,187.0,0.17117826839344016,5,113.0,0.2506036220326141,3,4.0,0.404472014262813,19,304.0
200.0,12,38.0,0.5757575757575758,5.831456669588453,7,198.0,0.2596640311583905,4,127.0,0.36771626950815495,1,5.0,0.6848230321588451,12,330.0
205.0,19,51.0,0.7285714285714285,5.638062746937241,8,174.0,0.18861786322168503,7,151.0,0.25791362740478624,4,13.0,0.5125709492223605,19,338.0
210.0,14,86.0,1.34375,5.300266824674109,4,160.0,0.24904323107835905,10,194.0,0.2697347850885883,0,6.0,0.5092553681605562,14,360.0
215.0,11,62.0,0.9841269841269841,4.723099203941568,2,141.0,0.19715222234696905,9,207.0,0.2758566491276497,0,0.0,0.4248525303579202,11,348.0
220.0,16,75.0,1.0869565217391304,5.385396033238816,6,170.0,0.20448476717795405,8,175.0,0.27576591395862976,2,5.0,0.5961032433714332,16,350.0
225.0,17,121.0,1.8615384615384616,6.542790750024899,9,211.0,0.2822728606138921,6,127.0,0.38623650314327174,2,15.0,0.7423890559236435,17,353.0
230.0,13,77.0,1.1492537313432836,4.619382805808688,9,214.0,0.22663644530459656,1,116.0,0.2609952639478633,3,25.0,0.5300357362988637,13,355.0
235.0,21,107.0,1.5507246376811594,5.431517538472235,9,193.0,0.273152901378563,6,136.0,0.34775974594366327,6,45.0,0.39928101883158973,21,374.0
240.0,20,102.0,1.5223880597014925,3.901896065153834,7,184.0,0.15581704507721286,10,177.0,0.1931145806651192,3,44.0,0.20809484115263763,20,405.0
245.0,20,89.0,1.2191780821917808,4.826539489596986,10,227.0,0.11830316348999027,8,174.0,0.2069526490771627,2,20.0,0.3762047096784862,20,421.0
250.0,22,103.0,1.5147058823529411,4.818213309016365,13,287.0,0.18052727143980268,5,142.0,0.34254293166743105,4,24.0,0.409261262989058,22,453.0
255.0,24,172.0,2.388888888888889,4.506235613379005,13,352.0,0.13716720522824713,4,166.0,0.27385993011085114,7,53.0,0.35045965962476516,24,571.0
260.0,24,231.0,3.3970588235294117,3.9939639005011958,16,427.0,0.16222799480043198,6,189.0,0.17430888919077123,2,54.0,0.35966222306653417,24,670.0
265.0,28,170.0,2.361111111111111,2.4570363706284475,18,440.0,0.04889759495348658,7,185.0,0.17303215369154262,3,15.0,0.24644463291849986,28,640.0
270.0,24,153.0,2.095890410958904,4.970516606369854,15,389.0,0.1981512051048118,5,152.0,0.4059899637576989,4,27.0,0.3877828553199401,24,568.0
275.0,22,161.0,2.175675675675676,6.282203297968698,12,338.0,0.19970673799320415,2,118.0,0.5241653839217749,8,59.0,0.4264483518705606,22,515.0
280.0,21,169.0,2.223684210526316,5.824606983332862,14,340.0,0.284937036599237,4,76.0,0.4285374863957035,3,60.0,0.3590094372931252,21,476.0
285.0,11,116.0,1.5890410958904109,6.633835528651014,6,324.0,0.32471991902872055,4,68.0,0.5256623559321214,1,23.0,0.5248441146308618,11,415.0
290.0,7,31.0,0.3974358974358974,7.0967656925331335,6,347.0,0.2657527227854311,1,26.0,0.47440016312669037,0,2.0,0.5679901081404043,7,375.0
295.0,16,74.0,0.9866666666666667,6.851497048146721,10,387.0,0.21734734545256085,4,16.0,0.43549907041517977,2,6.0,0.5454451843264152,16,409.0
300.0,29,197.0,2.9402985074626864,4.541191909763867,15,453.0,0.11710586116507644,9,52.0,0.18214938323637983,5,27.0,0.21042538880028827,29,532.0
305.0,43,381.0,5.521739130434782,2.4813604497786312,18,537.0,0.10209466461316254,13,109.0,0.07082581645870253,12,70.0,0.15581009744333857,43,716.0
310.0,46,531.0,7.585714285714285,2.249325523059297,22,638.0,0.10201280401712902,17,181.0,0.1639160863214821,7,90.0,0.2647060720563125,46,909.0
315.0,42,681.0,8.73076923076923,3.627043268081391,25,755.0,0.04542928811084393,15,258.0,0.282820025705144,2,53.0,0.3367716258003107,42,1066.0
320.0,45,897.0,10.939024390243903,4.5599505878054085,27,886.0,0.06784403561852773,16,333.0,0.32011184902200146,2,30.0,0.6118360601965804,45,1249.0
325.0,46,929.0,10.929411764705883,3.3666500839918547,33,1034.0,0.00012106812284363045,10,334.0,0.24409171573299215,3,18.0,0.3047768679443438,46,1386.0
330.0,35,666.0,7.8352941176470585,3.9510844657585587,25,1067.0,0.13422482995519394,6,268.0,0.16261897710941625,4,35.0,0.4912311536839151,35,1370.0
335.0,27,487.0,5.729411764705882,5.519558670594453,18,957.0,0.2259874135930724,9,150.0,0.31390729541314283,0,21.0,0.5975374852377215,27,1128.0
340.0,29,469.0,5.453488372093023,6.031875949973238,16,972.0,0.24438862747119075,11,129.0,0.41528250182200116,2,7.0,0.6592564189480977,29,1108.0
345.0,28,378.0,4.153846153846154,5.538768662135549,17,1055.0,0.21902728838968077,9,119.0,0.31781945135626705,2,15.0,0.6434852092225023,28,1189.0
350.0,21,226.0,2.3789473684210525,4.1594445532888615,13,1020.0,0.09602221920244235,8,102.0,0.2296243160929681,0,0.0,0.4002072526045032,21,1122.0
355.0,15,98.0,1.101123595505618,4.5850027060175504,5,880.0,0.19187772743020595,5,112.0,0.2109253427013394,5,13.0,0.35087696936742313,15,1005.0
360.0,14,57.0,0.6705882352941176,5.325664813329865,2,697.0,0.3051059278444878,8,124.0,0.26113094686695054,4,24.0,0.40395146726529946,14,845.0
365.0,18,69.0,0.7419354838709677,6.0362875316495215,5,592.0,0.3638050423082535,11,141.0,0.2973117946901127,2,27.0,0.5111370206512587,18,760.0
370.0,15,75.0,0.8064516129032258,6.613098627190681,3,448.0,0.3909646387570888,11,136.0,0.33345376979050434,1,15.0,0.46013587455210064,15,599.0
375.0,15,97.0,1.0210526315789474,5.952082227419576,5,328.0,0.3241196201572783,5,140.0,0.2817551275694481,5,33.0,0.23385262927713518,15,501.0
380.0,15,126.0,1.4651162790697674,6.412875780245764,5,283.0,0.5784623856697914,6,142.0,0.2589732184173467,4,46.0,0.5213270542130387,15,471.0
385.0,19,84.0,0.9545454545454546,5.713124677051616,3,213.0,0.5025053122892635,13,175.0,0.233721189090507,3,28.0,0.46807417073990454,19,416.0
390.0,19,96.0,1.103448275862069,5.861524455587148,2,175.0,0.478690028205466,16,206.0,0.19403816854067596,1,21.0,0.6249429420644802,19,402.0
395.0,20,89.0,1.0348837209302326,5.465152824888927,2,146.0,0.28047356037443927,13,199.0,0.22092919091733274,5,36.0,0.32533059010356097,20,381.0
400.0,19,82.0,1.0379746835443038,5.528871436842805,5,82.0,0.2505482421884032,10,172.0,0.24078492108127478,4,43.0,0.2782186620565724,19,297.0
405.0,23,134.0,1.7866666666666666,6.3516131145223165,4,81.0,0.3444490576367896,16,186.0,0.3145027967265833,3,33.0,0.4054217273408921,23,300.0
410.0,26,238.0,3.1315789473684212,5.715991665607446,7,105.0,0.23834023617967612,17,228.0,0.19403083677822042,2,38.0,0.23008788401922226,26,371.0
415.0,35,394.0,5.7101449275362315,4.6204639787611255,9,145.0,0.22576750598652176,19,306.0,0.09775443168286761,7,61.0,0.28512440796214084,35,512.0
420.0,38,536.0,8.933333333333334,2.826079371992235,11,197.0,0.12042688408846652,23,407.0,0.026303934667219517,4,64.0,0.31642890250424743,38,668.0
425.0,40,698.0,10.575757575757576,3.6610348986644268,15,262.0,0.16433266768556426,23,514.0,0.1747997847751726,2,46.0,0.39846196254246435,40,822.0
430.0,33,742.0,10.911764705882353,4.391188166497273,10,240.0,0.2555422461258534,21,619.0,0.17966405523857,2,40.0,0.4274762542002347,33,899.0
435.0,36,809.0,10.371794871794872,4.452688051885506,9,176.0,0.18031126874799178,22,728.0,0.18218604128510688,5,58.0,0.26004820290813974,36,962.0
440.0,34,629.0,8.168831168831169,4.058423409430818,8,205.0,0.23852245622502863,20,737.0,0.16986064969453696,6,88.0,0.3308669557466586,34,1030.0
445.0,34,351.0,4.280487804878049,3.6845241362820613,8,236.0,0.22129166183975865,16,639.0,0.13053106669847608,10,125.0,0.25909952680077136,34,1000.0
450.0,23,183.0,2.2048192771084336,4.859290193151992,8,270.0,0.2950931107275066,13,455.0,0.19905168478020357,2,106.0,0.5247949135136143,23,831.0
455.0,24,195.0,2.2941176470588234,5.44855144273718,12,317.0,0.2571118975929134,12,371.0,0.31691255938081886,0,31.0,0.6489144352788887,24,719.0
460.0,29,271.0,2.882978723404255,5.764528480215498,11,331.0,0.28029117710099555,16,283.0,0.3097748858462455,2,6.0,0.6030751516063411,29,620.0
465.0,29,212.0,2.185567010309278,5.72248358260782,10,303.0,0.2957970128004023,17,323.0,0.27606200992823465,2,16.0,0.6586898385255253,29,642.0
470.0,31,171.0,1.693069306930693,5.425662567151364,11,246.0,0.1958606495995058,16,306.0,0.2696966161921252,4,30.0,0.4310550920578406,31,582.0
475.0,15,71.0,0.7395833333333334,5.463498455327742,9,289.0,0.18789215378959948,6,273.0,0.26815397564352933,0,10.0,0.5368512817789084,15,572.0
480.0,24,113.0,1.2696629213483146,5.114867026067091,13,348.0,0.19497057030024914,7,225.0,0.21945614180940656,4,15.0,0.42025845644610843,24,588.0
485.0,16,59.0,0.6629213483146067,4.656116255522097,6,354.0,0.2701689927550909,10,222.0,0.13764751572743925,0,16.0,0.5537320955894687,16,592.0
490.0,14,43.0,0.524390243902439,5.315973656580657,3,282.0,0.31593027996994805,11,203.0,0.2228822632757763,0,2.0,0.7633249491282168,14,487.0
495.0,16,87.0,1.0116279069767442,6.3171278382532385,1,187.0,0.2769805352122594,12,182.0,0.334072631421211,3,6.0,0.4045508514723893,16,375.0
500.0,10,61.0,0.7176470588235294,5.808532629980203,1,188.0,0.25851024066029354,9,189.0,0.2534530612639546,0,0.0,0.8113818822727794,10,377.0
505.0,22,69.0,0.8117647058823529,4.834802416244739,9,216.0,0.19564275069589548,10,168.0,0.13020333112744717,3,4.0,0.6065179531059028,22,388.0
510.0,19,106.0,1.308641975308642,5.423395727350364,3,207.0,0.35407847766241385,15,182.0,0.1595398323880965,1,9.0,0.6499216596980764,19,398.0
515.0,18,95.0,1.2025316455696202,5.084745291486007,2,151.0,0.37213998339234217,13,201.0,0.20033795072271635,3,21.0,0.6327975403168148,18,373.0
520.0,19,82.0,0.9425287356321839,4.7475894013874935,2,129.0,0.2559344758740276,11,192.0,0.22109420544087216,6,40.0,0.3374947197782967,19,361.0
525.0,14,49.0,0.5833333333333334,4.380812489187483,6,149.0,0.19625698261355756,5,190.0,0.17118224722220235,3,43.0,0.38945863343271764,14,382.0
530.0,23,105.0,1.2650602409638554,3.6614934942914017,11,198.0,0.14891545377267779,10,194.0,0.17985088130788257,2,21.0,0.38351497269753465,23,413.0
535.0,29,181.0,2.104651162790698,4.172051355413263,15,262.0,0.1775841366176926,11,202.0,0.2055325785385695,3,14.0,0.6135143276430308,29,478.0
540.0,26,148.0,1.6629213483146068,4.121422751300428,13,284.0,0.08955479339469347,12,180.0,0.2331306614308728,1,3.0,0.5142893418932978,26,467.0
545.0,23,121.0,1.3296703296703296,4.660521730656641,11,248.0,0.16374881559341822,8,206.0,0.2529726098090351,4,15.0,0.36269620183861145,23,469.0
550.0,21,108.0,1.2413793103448276,5.095222989274551,11,186.0,0.2639080482348662,9,215.0,0.2729488943486253,1,20.0,0.46486404329681813,21,421.0
555.0,21,71.0,0.7634408602150538,4.527225951126522,9,210.0,0.22193515099351985,10,204.0,0.18759662485972237,2,6.0,0.5400322213736621,21,420.0
560.0,23,90.0,0.9782608695652174,5.809009338657129,10,258.0,0.2493958470332179,11,181.0,0.24260501847206484,2,13.0,0.6915765797402028,23,452.0
565.0,23,114.0,1.3103448275862069,4.711788309027971,11,312.0,0.11697890706148434,6,191.0,0.2595122523342847,6,24.0,0.3762571103033265,23,527.0
570.0,27,202.0,2.4634146341463414,4.12145296447787,14,378.0,0.18519411910613387,9,187.0,0.22622745378625406,4,46.0,0.5222253208107651,27,611.0
575.0,31,247.0,2.839080459770115,4.175757440941703,13,388.0,0.23094643008826718,14,208.0,0.19020155125803503,4,66.0,0.5022904790134491,31,662.0
580.0,27,153.0,1.6451612903225807,4.503848989864018,11,322.0,0.2299009206311539,16,233.0,0.18250185842691283,0,36.0,0.5763558074497643,27,591.0
585.0,27,146.0,1.553191489361702,5.786966394611196,10,281.0,0.27425550484475086,15,231.0,0.24620971698708619,2,8.0,0.560269384973134,27,520.0
590.0,15,60.0,0.6593406593406593,4.458769281392233,9,307.0,0.16808840504182954,6,246.0,0.24643871051926589,0,7.0,0.25242913347915524,15,560.0
595.0,24,102.0,1.1724137931034482,4.818009223625349,12,364.0,0.23857193779360683,9,245.0,0.22935441136222576,3,11.0,0.48969623278888863,24,620.0
600.0,30,199.0,2.369047619047619,5.17101824053298,13,427.0,0.2382901334215414,15,292.0,0.22233201062621674,2,21.0,0.7295159159516033,30,740.0
605.0,34,268.0,2.9450549450549453,4.4739710731922475,15,494.0,0.20312616098561853,16,310.0,0.17588820183123227,3,32.0,0.6000860074707417,34,836.0
610.0,30,189.0,2.147727272727273,3.691257087053522,14,508.0,0.12729240521222215,15,276.0,0.1343542982220195,1,10.0,0.42869037697925944,30,794.0
615.0,27,123.0,1.3666666666666667,4.247265502374237,15,459.0,0.1103126076838653,7,288.0,0.25331467733206214,5,20.0,0.20191414410049416,27,767.0
620.0,28,159.0,1.8928571428571428,5.21293025073886,10,367.0,0.2747437006529602,9,293.0,0.29076580336474944,9,57.0,0.3586907805068267,28,717.0
625.0,38,215.0,2.3626373626373627,4.700151304982543,12,336.0,0.2925269320490997,14,289.0,0.2517439952384786,12,102.0,0.23278306497789808,38,727.0
630.0,29,265.0,2.912087912087912,5.717008709466482,10,287.0,0.3506044699556626,9,233.0,0.2471581086325218,10,149.0,0.3145439482302502,29,669.0
635.0,20,227.0,2.7023809523809526,4.382582409509554,2,277.0,0.27430859308963473,5,218.0,0.22349612727481144,13,207.0,0.11464420361460721,20,702.0
640.0,25,169.0,1.9425287356321839,4.496763637606603,7,288.0,0.3073765497755922,9,226.0,0.1267039077452761,9,213.0,0.2811532316519595,25,727.0
645.0,15,61.0,0.7093023255813954,4.729604093160246,5,278.0,0.3511527726028409,9,220.0,0.13681317663637982,1,134.0,0.43248996126714095,15,632.0
650.0,15,40.0,0.45977011494252873,5.059285927576696,3,183.0,0.22666367629041034,10,166.0,0.25857945242138164,2,114.0,0.27242806523280616,15,463.0
655.0,16,62.0,0.7126436781609196,5.707005042331855,2,143.0,0.3145947212391848,6,168.0,0.31793650354233277,8,142.0,0.2233219256992097,16,453.0
660.0,21,62.0,0.7560975609756098,4.298256738301226,2,136.0,0.37922459544374326,11,178.0,0.1750064498472218,8,138.0,0.25223769695198833,21,452.0
665.0,22,103.0,1.1839080459770115,5.037591625898849,5,153.0,0.3538700008314504,15,215.0,0.16453949312557986,2,82.0,0.44162360757523683,22,450.0
670.0,26,195.0,2.2413793103448274,5.472891892630872,5,142.0,0.3191547813498759,19,280.0,0.21041120791439466,2,32.0,0.5332804016668828,26,454.0
675.0,31,288.0,3.096774193548387,5.200964562203179,5,99.0,0.22393104654791074,24,387.0,0.2839481208283709,2,17.0,0.4179840733843388,31,503.0
680.0,29,288.0,3.096774193548387,5.105421080927151,4,109.0,0.30493341686864744,18,411.0,0.24093177245179628,7,42.0,0.34634343630441206,29,562.0
685.0,26,185.0,1.989247311827957,4.379856907837667,8,136.0,0.18532801233803653,12,345.0,0.14805218252437813,6,54.0,0.17361089793172796,26,535.0
690.0,21,94.0,1.146341463414634,4.789022429323472,7,137.0,0.13693744343582534,10,278.0,0.25592284922024977,4,34.0,0.23280249254121715,21,449.0
695.0,20,129.0,1.5925925925925926,6.139806376002242,4,106.0,0.21465902402936302,11,251.0,0.42129036434074246,5,38.0,0.31380939682670284,20,395.0
700.0,18,96.0,1.1428571428571428,5.1530098471219885,4,104.0,0.1925515109948822,8,224.0,0.3176952768416364,6,61.0,0.24662077778513083,18,389.0
705.0,23,105.0,1.3636363636363635,4.32616322090508,6,132.0,0.2686976069779688,7,194.0,0.21928849133660167,10,104.0,0.33563734994775396,23,430.0
710.0,21,73.0,0.8795180722891566,3.143091379732688,8,138.0,0.2229180764665986,5,168.0,0.175973159112165,8,116.0,0.22005544565987908,21,422.0
715.0,19,74.0,0.8409090909090909,5.038297421544948,3,116.0,0.27814777891941955,10,116.0,0.31211169277538897,6,91.0,0.3079659360780167,19,323.0
720.0,12,60.0,0.6976744186046512,5.268705702648294,1,95.0,0.19372771975437839,8,125.0,0.3611860178734849,3,72.0,0.33560317830797587,12,292.0
725.0,21,100.0,1.0869565217391304,5.598065797182706,6,116.0,0.2081962472208218,11,110.0,0.2764202670844653,4,63.0,0.5333044501177048,21,289.0
730.0,24,111.0,1.2065217391304348,4.340473401450772,10,161.0,0.22175787196922295,12,142.0,0.1919038969533698,2,40.0,0.4741828434616503,24,343.0
735.0,32,192.0,1.9793814432989691,4.185754118896328,14,222.0,0.12604627414019753,12,163.0,0.1343520161957896,6,44.0,0.3316094873563786,32,429.0
740.0,27,144.0,1.6179775280898876,3.6852430685458972,12,240.0,0.14556544051817633,12,165.0,0.11326515908845473,3,41.0,0.3722288828095838,27,446.0
745.0,24,91.0,1.0224719101123596,4.291261656211083,11,202.0,0.20456765832901824,11,170.0,0.2589406597983144,2,12.0,0.4484269426921434,24,384.0
750.0,20,92.0,0.989247311827957,5.362041787207521,10,240.0,0.22533373368581586,8,165.0,0.2926190331089449,2,13.0,0.654882679864599,20,418.0
755.0,25,90.0,0.9375,5.229567161256838,13,298.0,0.1423866823413482,11,163.0,0.196519359410192,1,6.0,0.6863996465413784,25,467.0
760.0,29,137.0,1.4891304347826086,3.750607425395398,17,378.0,0.06800198442253054,9,185.0,0.12032056450616598,3,14.0,0.37359539167039907,29,577.0
765.0,29,144.0,1.7142857142857142,3.301741297900373,13,402.0,0.19568571190328393,10,170.0,0.12948686236510396,6,39.0,0.40980876615376693,29,611.0
770.0,29,195.0,2.1666666666666665,3.9112351555401865,6,344.0,0.2402289916725087,15,203.0,0.18421840541692935,8,73.0,0.3760994398579154,29,620.0
775.0,27,160.0,1.7582417582417582,4.775563314450137,7,278.0,0.2975122960623119,17,242.0,0.15790963278388276,3,70.0,0.5078861809940632,27,590.0
780.0,19,113.0,1.2555555555555555,5.868003324501983,6,258.0,0.2547539013867549,13,239.0,0.3506019096216283,0,30.0,0.42368711275531157,19,527.0
785.0,15,100.0,1.1111111111111112,6.703817460935732,7,224.0,0.3207374494233342,7,191.0,0.41589001618311033,1,16.0,0.41868219573819765,15,431.0
790.0,15,43.0,0.4942528735632184,5.789128464172394,4,191.0,0.36424910898646445,4,187.0,0.30343275796576075,7,37.0,0.31632356166621844,15,415.0
795.0,27,123.0,1.4642857142857142,4.60064892410291,5,197.0,0.37601242289549275,10,181.0,0.13046617764099322,12,83.0,0.25250306219053215,27,461.0
800.0,21,86.0,1.0238095238095237,4.65023833291827,3,186.0,0.44516919429699864,12,187.0,0.12156406371234922,6,89.0,0.3450213465765775,21,462.0
805.0,15,33.0,0.38372093023255816,5.00178951288339,4,141.0,0.3308484218781812,8,159.0,0.2573513153314731,3,50.0,0.2737704480894247,15,350.0
810.0,13,72.0,0.8470588235294118,5.612970454405655,1,125.0,0.2795347279798695,9,112.0,0.2993095470777646,3,54.0,0.3442870991460772,13,291.0
815.0,24,105.0,1.2804878048780488,4.918856771334306,8,148.0,0.18529885195753076,9,128.0,0.2257378846552294,7,82.0,0.3046342562533268,24,358.0
820.0,27,148.0,1.8271604938271604,3.6889614048206454,4,146.0,0.234217122149978,12,117.0,0.10339871219035525,11,131.0,0.2781567068807419,27,394.0
825.0,23,140.0,1.728395061728395,4.98579982487112,2,102.0,0.42113806738988746,14,163.0,0.19453896317260586,7,133.0,0.4158220167633287,23,398.0
830.0,20,142.0,1.5434782608695652,4.878747180547973,3,106.0,0.2813798847270707,16,207.0,0.200283213842488,1,50.0,0.41742564634711193,20,363.0
835.0,24,142.0,1.4947368421052631,4.632559542115622,6,125.0,0.22531279340896238,16,244.0,0.2369898566268911,2,44.0,0.3906528297283534,24,413.0
840.0,24,104.0,1.118279569892473,4.508293707075764,5,122.0,0.13189530462789417,11,242.0,0.25446291317784464,8,66.0,0.2374230350865709,24,430.0
845.0,15,41.0,0.45054945054945056,4.415353348197029,4,88.0,0.2038894833737416,5,234.0,0.23957804217161421,6,68.0,0.19709585941236332,15,390.0
850.0,12,49.0,0.5697674418604651,5.650156152846611,2,50.0,0.29292778302769734,8,245.0,0.33431891384624945,2,36.0,0.40684930634940863,12,331.0
855.0,16,61.0,0.6421052631578947,5.4598138089073425,5,46.0,0.31978877341338935,9,231.0,0.3141359755642129,2,18.0,0.4282452827670112,16,295.0
860.0,11,16.0,0.16,5.839141416754685,1,21.0,0.3866061925759999,7,185.0,0.29392522306231444,3,18.0,0.4081935171010265,11,224.0
865.0,20,46.0,0.46938775510204084,4.771684621084184,6,21.0,0.186248727201954,6,194.0,0.20940564546849622,8,38.0,0.22973164226964216,20,253.0
870.0,19,67.0,0.7528089887640449,4.273580027924201,4,34.0,0.3423550798071951,11,209.0,0.1472490712644557,4,49.0,0.3661206340060195,19,292.0
875.0,15,55.0,0.625,4.681756234096446,1,24.0,0.40771204492405166,12,229.0,0.19448830680769078,2,37.0,0.4994915829027491,15,290.0
880.0,19,60.0,0.631578947368421,5.583508006538237,3,15.0,0.3240757989823082,14,188.0,0.27241919149891636,2,30.0,0.3445291177663707,19,233.0
885.0,15,109.0,1.1473684210526316,6.939108976385184,2,19.0,0.3629539801128767,11,175.0,0.30737998938870775,2,23.0,0.6138669120596657,15,217.0
890.0,16,119.0,1.2934782608695652,5.774788771855661,2,26.0,0.26984622890963533,11,186.0,0.22723513681078558,3,28.0,0.4547504156478512,16,240.0
895.0,22,158.0,1.8372093023255813,5.242464096314294,4,46.0,0.4531663188671561,14,194.0,0.17312601596110566,4,50.0,0.49674606773131075,22,290.0
900.0,19,120.0,1.3793103448275863,4.734597752480329,1,19.0,0.42440379639436165,14,229.0,0.1775121790995361,4,70.0,0.3736236904103299,19,318.0
905.0,16,59.0,0.6555555555555556,5.1792991995552455,5,19.0,0.39904206163015477,11,236.0,0.18736192077914618,0,37.0,0.4272142500785082,16,292.0
910.0,18,78.0,0.8764044943820225,5.065437830106091,7,46.0,0.3074933670044849,10,252.0,0.1665021437341603,1,5.0,0.5370695960105996,18,303.0
915.0,24,98.0,1.1666666666666667,3.9267482814653496,10,80.0,0.22814797890757732,12,236.0,0.14815653635404774,2,11.0,0.5241636124688878,24,327.0
920.0,25,140.0,1.5909090909090908,4.87764872901431,9,115.0,0.3147166677334398,14,243.0,0.15445205355134936,2,17.0,0.6308303513106102,25,375.0
925.0,35,228.0,2.326530612244898,5.076232550029972,11,156.0,0.26472686730385664,19,283.0,0.14318707996318017,5,25.0,0.584264391491377,35,464.0
930.0,26,189.0,1.9484536082474226,4.9685236929247365,8,172.0,0.24676285656097915,17,331.0,0.17498708427751772,1,2.0,0.6801710307590889,26,505.0
935.0,18,102.0,1.096774193548387,5.134481099341866,3,150.0,0.22791638586150795,11,328.0,0.21494995836096287,4,13.0,0.41356313576841874,18,491.0
940.0,19,75.0,0.8064516129032258,4.371773716232031,3,127.0,0.16148409820492168,7,352.0,0.2034085639211876,9,49.0,0.18406166650999878,19,528.0
945.0,26,173.0,1.9438202247191012,3.7786092871729537,2,109.0,0.2803486018196074,12,371.0,0.15316542807072098,12,106.0,0.25987421260376126,26,586.0
950.0,28,193.0,1.9896907216494846,3.3488748010015197,1,94.0,0.22540213618712118,19,417.0,0.07818728686076312,8,126.0,0.34368557794702803,28,637.0
955.0,30,242.0,2.5208333333333335,4.3584081183620205,4,109.0,0.25448581131212017,22,500.0,0.14568480251793067,4,91.0,0.41434853195342497,30,700.0
960.0,37,409.0,4.4945054945054945,4.513982813611345,10,146.0,0.13903836277204787,24,594.0,0.23418429187236445,3,44.0,0.42119843881709934,37,784.0
965.0,35,516.0,5.319587628865979,4.449608966305648,9,165.0,0.15465639196094325,24,703.0,0.2738877172583326,2,36.0,0.3713555459412377,35,904.0
970.0,37,642.0,6.757894736842105,4.704185940480343,6,149.0,0.27494842880919684,24,817.0,0.23360234776243352,7,56.0,0.31072316799092836,37,1022.0
975.0,43,805.0,8.385416666666666,4.026565128478095,8,124.0,0.2582116031493947,24,937.0,0.21048317183499773,11,101.0,0.19121393198898723,43,1162.0
980.0,35,662.0,7.118279569892473,3.7465065502565333,7,126.0,0.34490448059214807,19,933.0,0.2021725316917811,9,116.0,0.22253286000356448,35,1175.0
985.0,28,355.0,3.6597938144329896,4.14940244740865,7,119.0,0.25664063923852765,13,797.0,0.23074997417956392,8,85.0,0.24314399508560425,28,1001.0
990.0,22,133.0,1.4,5.122323630121218,7,155.0,0.27910914245186097,9,593.0,0.27902378811535683,6,112.0,0.18733959596660846,22,860.0
995.0,29,159.0,1.7666666666666666,5.254556074629061,5,157.0,0.23525374177495503,11,401.0,0.3307502979414796,13,164.0,0.13505524392676863,29,722.0
1000.0,24,129.0,1.5,4.162331999851144,6,122.0,0.2424343019388615,11,423.0,0.22351315309315273,7,179.0,0.18526523645719306,24,724.0
1005.0,14,70.0,0.813953488372093,5.239884919464418,1,124.0,0.3738529932058538,10,438.0,0.28914330377990505,3,147.0,0.3345476955171847,14,709.0
1010.0,22,98.0,1.0208333333333333,4.4893356039502885,4,137.0,0.2654996957217176,13,447.0,0.2289482640766987,5,164.0,0.18942246360731474,22,748.0
1015.0,21,92.0,0.968421052631579,4.159137358689179,4,135.0,0.2978177698996601,8,376.0,0.2369019248575626,9,200.0,0.17500884561644325,21,711.0
1020.0,13,43.0,0.4673913043478261,3.633520659341172,3,113.0,0.24073687255177162,5,223.0,0.23670128298347537,5,199.0,0.12543481709308735,13,535.0
1025.0,18,69.0,0.711340206185567,4.713196725734622,4,111.0,0.1940096908345266,10,150.0,0.3092549215735144,4,157.0,0.20056697307217194,18,418.0
1030.0,22,156.0,1.625,5.36693477011471,5,131.0,0.18776424569670613,13,192.0,0.3356519064496648,4,113.0,0.3143998042758119,22,436.0
1035.0,25,176.0,1.8144329896907216,4.716792328465619,9,166.0,0.10705286738547791,11,207.0,0.3174339940448013,5,106.0,0.32714547780957487,25,479.0
1040.0,24,156.0,1.7142857142857142,4.801359166613878,7,163.0,0.22679358171454952,13,180.0,0.21480568033114744,4,94.0,0.48073635443064067,24,437.0
1045.0,20,97.0,1.0104166666666667,5.391225202771129,7,126.0,0.26630503789596,11,164.0,0.34095814421227955,2,53.0,0.36442352453818333,20,343.0
1050.0,22,147.0,1.5,5.840136785935773,5,125.0,0.3658853101819714,12,201.0,0.2984143606435415,5,47.0,0.39750729852736255,22,373.0
1055.0,28,222.0,2.2653061224489797,4.371366621041484,7,151.0,0.31083280619681564,17,238.0,0.13763065197427166,4,50.0,0.3252771146265153,28,439.0
1060.0,28,295.0,3.0412371134020617,3.675578846527451,5,148.0,0.20887176203842436,20,303.0,0.12843058291839837,3,31.0,0.2829185625442262,28,482.0
1065.0,22,238.0,2.5052631578947366,4.357575970039857,1,113.0,0.22723037349843364,19,351.0,0.22228011810990697,2,32.0,0.31505695038372467,22,496.0
1070.0,16,103.0,1.0198019801980198,4.818425532650181,2,120.0,0.16279696309116243,12,323.0,0.29256839446682154,2,16.0,0.2796160786129751,16,459.0
1075.0,19,70.0,0.7070707070707071,4.992694893740071,8,150.0,0.1643018941025105,6,319.0,0.18435720676669737,5,32.0,0.3829046038984389,19,501.0
1080.0,36,187.0,2.1744186046511627,3.2170174418489266,16,214.0,0.1498932763984079,11,330.0,0.11597985986371256,9,70.0,0.30999640323850447,36,614.0
1085.0,49,385.0,4.095744680851064,2.6167710455657276,20,301.0,0.15763517207567485,15,372.0,0.08834212796776346,14,124.0,0.18029241199780485,49,797.0
1090.0,51,452.0,4.808510638297872,1.8594371567385566,17,336.0,0.09508272086077152,20,452.0,0.006268154206557363,14,155.0,0.21869952557600114,51,943.0
1095.0,44,334.0,3.34,3.030863653087162,15,316.0,0.10683347984012895,18,469.0,0.19645030346646133,11,154.0,0.21549589377392692,44,939.0
1100.0,31,229.0,2.2450980392156863,5.706380657087547,12,258.0,0.2017080282866207,8,381.0,0.4177847485803059,11,157.0,0.27342147203114237,31,796.0
1105.0,24,122.0,1.1730769230769231,6.353798169307402,13,293.0,0.16322299931131165,0,215.0,0.5748683276175948,11,174.0,0.24276192885509404,24,682.0
1110.0,20,97.0,1.0210526315789474,6.363888352513262,14,357.0,0.15085787329745368,2,92.0,0.5602343254333136,4,162.0,0.3705917814158498,20,611.0
1115.0,21,118.0,1.3409090909090908,5.13484334118338,14,427.0,0.130995502363634,1,79.0,0.22345712738617468,6,171.0,0.35418965857082374,21,677.0
1120.0,23,113.0,1.3614457831325302,4.388210338260693,10,424.0,0.22730343304839334,7,94.0,0.21030767125045982,6,175.0,0.3294183139136272,23,693.0
1125.0,14,42.0,0.5185185185185185,5.246413949935979,6,347.0,0.31807966730716625,4,84.0,0.3598209345034744,4,157.0,0.3710273565695945,14,588.0
1130.0,15,60.0,0.6666666666666666,5.533618925464012,7,376.0,0.16984498630025177,5,27.0,0.4422410055728223,3,119.0,0.28420435887002093,15,522.0
1135.0,23,129.0,1.4175824175824177,5.878988303537226,13,429.0,0.11380309320303941,6,54.0,0.4297485589489673,4,102.0,0.3947921986995804,23,585.0
1140.0,25,130.0,1.625,4.237999548337598,19,513.0,0.04515837470604289,6,64.0,0.18431082676026908,0,84.0,0.3934726071037233,25,661.0
1145.0,22,130.0,1.6049382716049383,4.6153111032743706,12,521.0,0.17169361569793407,6,41.0,0.19164071370472965,4,89.0,0.3883761563034101,22,651.0
1150.0,13,43.0,0.5375,5.26036517098967,6,401.0,0.2868614552446995,3,45.0,0.3537785300087764,4,86.0,0.36215199909840295,13,532.0
1155.0,15,44.0,0.5176470588235295,5.95058475697617,7,312.0,0.22030346422428876,5,31.0,0.49139729331931714,3,55.0,0.30697883012987465,15,398.0
1160.0,9,30.0,0.3448275862068966,6.924846325805661,6,243.0,0.2768503012071347,1,24.0,0.593825823372369,2,55.0,0.319661326285854,9,322.0
1165.0,21,59.0,0.686046511627907,5.933226434758934,8,253.0,0.2759199309813763,4,20.0,0.44400892189631413,9,83.0,0.30389151851165086,21,356.0
1170.0,27,162.0,1.9518072289156627,5.788179651755856,7,293.0,0.3949327272646348,9,56.0,0.3389307552722364,11,126.0,0.3023534763036344,27,475.0
1175.0,35,251.0,3.0609756097560976,3.832589347368402,10,335.0,0.31612093952212217,10,79.0,0.18161415585821358,15,193.0,0.1604287886465636,35,607.0
1180.0,38,318.0,3.7411764705882353,3.5213141710764484,11,338.0,0.21684473893581854,8,80.0,0.1934988304053709,19,280.0,0.11725356569703725,38,698.0
1185.0,26,236.0,2.8780487804878048,4.01927201484067,7,283.0,0.2391212435597042,3,95.0,0.2794244986860639,16,306.0,0.1817460520555274,26,684.0
1190.0,28,178.0,2.022727272727273,4.849911336812844,9,212.0,0.2554016195418641,10,113.0,0.3280557136335815,9,255.0,0.24889424043049313,28,580.0
1195.0,26,171.0,1.858695652173913,5.337911145521193,4,194.0,0.2916234909260471,13,164.0,0.36859515903695356,9,260.0,0.2569230254182067,26,618.0
1200.0,30,150.0,1.6483516483516483,4.34359513964651,8,224.0,0.16058687577882028,12,193.0,0.2529309086823051,10,304.0,0.14678524692928327,30,721.0
1205.0,22,87.0,0.9354838709677419,4.110030288496028,3,206.0,0.23867861502132795,12,177.0,0.14388668243169164,7,298.0,0.20714648651171583,22,681.0
1210.0,11,62.0,0.7294117647058823,5.7334397143520395,0,150.0,0.32204553315232687,10,148.0,0.33364438034512556,1,201.0,0.3274346675176278,11,499.0
1215.0,11,50.0,0.5681818181818182,6.0536048592548894,3,89.0,0.23718253568268363,6,164.0,0.4450771807192367,2,142.0,0.3230668035422651,11,395.0
1220.0,13,50.0,0.5681818181818182,6.114839084386777,2,60.0,0.3991253702109697,9,161.0,0.33509023391994885,2,143.0,0.4796054960788436,13,364.0
1225.0,27,136.0,1.4623655913978495,5.316246349571995,5,53.0,0.42356940309838814,14,181.0,0.2760162079315721,8,163.0,0.2970822508442322,27,397.0
1230.0,30,236.0,2.5106382978723403,4.846056549563158,2,38.0,0.5316743109293309,17,245.0,0.18662255246087137,11,209.0,0.2809325782565306,30,492.0
1235.0,44,422.0,4.537634408602151,4.059380635735355,6,52.0,0.42770639516814396,22,342.0,0.12387973515365845,16,276.0,0.15236700391271132,44,670.0
1240.0,42,408.0,4.294736842105263,2.9496811493350386,10,94.0,0.21313192443203294,19,381.0,0.1166034755566652,13,289.0,0.15413227128093931,42,764.0
1245.0,31,235.0,2.5,3.433709900343234,11,118.0,0.15491915338765286,12,332.0,0.16078157858818568,8,234.0,0.24293207344204829,31,684.0
1250.0,25,127.0,1.2959183673469388,4.61929643541908,8,111.0,0.18635269644342609,7,259.0,0.3442088130899083,10,282.0,0.15542437609183504,25,652.0
1255.0,26,175.0,1.8041237113402062,5.710392426138653,6,88.0,0.27075242743951977,7,201.0,0.4924852736560821,13,341.0,0.1545655834984282,26,630.0
1260.0,26,218.0,2.3956043956043955,4.9210353554450075,5,102.0,0.20119600815672492,8,149.0,0.37548253060229725,13,407.0,0.11134007631117829,26,658.0
1265.0,27,187.0,2.077777777777778,3.7902202668788494,8,135.0,0.1833302044920816,8,160.0,0.1497692857822539,11,400.0,0.14703789515380042,27,695.0
1270.0,23,125.0,1.524390243902439,4.306678000217128,9,179.0,0.26573086987499306,9,157.0,0.26878917636471794,5,318.0,0.2661992424936433,23,654.0
1275.0,21,89.0,1.0,4.713573374485842,8,183.0,0.2316368234442484,8,149.0,0.36285508104233133,5,214.0,0.27992766542496533,21,546.0
1280.0,18,109.0,1.184782608695652,5.720888119648193,5,144.0,0.306180660075743,9,168.0,0.421572386979461,4,179.0,0.3437691092552075,18,491.0
1285.0,30,151.0,1.495049504950495,4.8721407241012,8,151.0,0.221350765464816,16,226.0,0.31773343476210814,6,160.0,0.30155008451205234,30,537.0
1290.0,38,262.0,2.519230769230769,4.301240001859229,9,185.0,0.22226042817447575,22,292.0,0.15864382802683624,7,183.0,0.31827217161618604,38,660.0
1295.0,29,175.0,1.7676767676767677,3.077323200311116,6,190.0,0.237995362859429,20,318.0,0.060276391142291906,3,180.0,0.29157011706575886,29,688.0
1300.0,27,108.0,1.0909090909090908,4.339769683324453,5,158.0,0.26382626811811,18,334.0,0.20986730354420743,4,146.0,0.27238871362231887,27,638.0
1305.0,16,109.0,1.101010101010101,5.81374830575464,3,121.0,0.3034254210828122,11,309.0,0.29882443875549575,2,130.0,0.3330764305658493,16,560.0
1310.0,23,175.0,1.7676767676767677,4.9961937592867764,3,113.0,0.14289951895262712,15,321.0,0.24607472011101153,5,147.0,0.2620683974026827,23,581.0
1315.0,34,210.0,2.282608695652174,4.234069522570843,6,135.0,0.20634064342630234,18,336.0,0.08056606669900507,10,183.0,0.2772202801552127,34,654.0
1320.0,30,200.0,2.4096385542168677,3.293475232131526,9,174.0,0.18612401564225642,15,316.0,0.12412485188136524,6,182.0,0.24339423654784717,30,672.0
1325.0,29,199.0,2.235955056179775,4.133678853083359,14,230.0,0.226938328356856,8,311.0,0.2266398667105955,7,142.0,0.3565328724791169,29,683.0
1330.0,22,124.0,1.3626373626373627,4.330346442045643,10,234.0,0.20843358397513467,7,285.0,0.2854030923750111,5,157.0,0.24282511183518082,22,676.0
1335.0,28,132.0,1.346938775510204,4.226022905643633,11,207.0,0.13726503759910258,9,274.0,0.25427405558384086,8,190.0,0.20321079777605833,28,671.0
1340.0,26,120.0,1.25,4.0606033297514275,11,219.0,0.23094979481597552,10,197.0,0.18762926429078977,5,184.0,0.33755551325756417,26,600.0
1345.0,34,174.0,1.7227722772277227,4.386241349494865,16,283.0,0.20424237424127628,13,190.0,0.24920955826574473,5,122.0,0.30395778647691807,34,595.0
1350.0,23,132.0,1.32,4.426151487169521,10,298.0,0.2843092466771554,11,203.0,0.2560999878636798,2,108.0,0.2886438735966246,23,609.0
1355.0,21,77.0,0.7623762376237624,5.051870586638516,2,255.0,0.2676832993222555,12,207.0,0.2965476398149839,7,137.0,0.19743297774325483,21,599.0
1360.0,19,93.0,0.93,4.4318966158028354,3,200.0,0.2577573873915053,6,207.0,0.2235925037356877,10,180.0,0.1770036569600001,19,587.0
1365.0,19,96.0,0.9896907216494846,4.658072484220317,2,173.0,0.3953786240150501,9,192.0,0.23262512173110106,8,185.0,0.2627632195855718,19,550.0
1370.0,21,90.0,0.8737864077669902,4.052756188841877,4,144.0,0.34495501232907305,10,191.0,0.19424443252191934,7,113.0,0.20402537384603553,21,448.0
1375.0,24,122.0,1.1844660194174756,4.939484943794885,4,128.0,0.48880262158400634,10,165.0,0.2064107618970213,10,146.0,0.2395086046409761,24,439.0
1380.0,27,198.0,2.020408163265306,5.211487956394968,6,129.0,0.4611667288713576,9,162.0,0.22573802159768178,12,202.0,0.17309444516570424,27,493.0
1385.0,22,171.0,1.7628865979381443,4.273328855757626,6,138.0,0.3798628173599299,10,168.0,0.16703809734193822,6,205.0,0.2300955446810757,22,511.0
1390.0,22,190.0,2.021276595744681,4.260062358906937,7,170.0,0.32500199800630025,13,164.0,0.1833498513665568,2,138.0,0.35618903520059314,22,472.0
1395.0,19,61.0,0.5922330097087378,4.499946683877632,4,128.0,0.3445489856211515,12,182.0,0.21665047794507367,3,104.0,0.3035251703020546,19,414.0
1400.0,17,63.0,0.5887850467289719,5.827549547504862,5,67.0,0.44185408184775515,9,170.0,0.22998367874589912,3,78.0,0.4107335828819563,17,315.0
1405.0,20,78.0,0.7358490566037735,4.915196603985967,10,97.0,0.15597508649826497,7,180.0,0.18944144302862806,3,65.0,0.4012246481871051,20,342.0
1410.0,29,165.0,1.683673469387755,4.1269163632941765,14,159.0,0.1680669479944151,10,174.0,0.15875458103222306,5,79.0,0.42290653433571856,29,412.0
1415.0,28,203.0,2.0714285714285716,4.198687181265335,11,187.0,0.35231297551610863,14,191.0,0.12059212288565974,3,79.0,0.37142171969242915,28,457.0
1420.0,31,239.0,2.343137254901961,4.735642334202205,8,161.0,0.3660262510296885,20,261.0,0.21326731298080534,3,47.0,0.33713354525397193,31,469.0
1425.0,28,229.0,2.201923076923077,5.154123234815962,7,131.0,0.39880982194506254,19,304.0,0.214641500726673,2,37.0,0.31972388764520215,28,472.0
1430.0,20,141.0,1.2818181818181817,5.359888091603044,4,144.0,0.2558832578876135,12,285.0,0.24591245110416238,4,35.0,0.2875449765444092,20,464.0
1435.0,19,132.0,1.2452830188679245,6.191862698282903,6,176.0,0.1975809843441415,9,231.0,0.2788725702464548,4,51.0,0.48888820941276073,19,458.0
1440.0,22,139.0,1.4631578947368422,4.960688481310758,8,186.0,0.1478322527914135,10,249.0,0.21946052445469055,4,69.0,0.4637733127428537,22,504.0
1445.0,22,69.0,0.7340425531914894,4.720142891040978,5,143.0,0.27274523679516915,15,266.0,0.19370078445346017,2,39.0,0.41072586818730367,22,448.0
1450.0,27,142.0,1.4343434343434343,5.8658275763633965,3,106.0,0.3922373245002766,19,303.0,0.14906097628606058,5,20.0,0.4930782201781154,27,429.0
1455.0,35,275.0,2.722772277227723,4.940700028906194,4,87.0,0.3906574352311715,22,385.0,0.11684335827852238,9,56.0,0.3418889411086342,35,528.0
1460.0,35,325.0,3.4574468085106385,4.0270496562073665,3,68.0,0.35683536066263444,25,485.0,0.11337982002674565,7,74.0,0.30216848844752825,35,627.0
1465.0,36,300.0,3.061224489795918,4.091297792569016,10,83.0,0.146802062074139,19,526.0,0.20123139132830106,7,61.0,0.2901080969159861,36,670.0
1470.0,25,177.0,1.8829787234042554,5.322111617886549,9,101.0,0.19813911104651358,12,460.0,0.3081876224364548,4,55.0,0.33897329552101324,25,616.0
1475.0,11,34.0,0.3695652173913043,5.499434232957556,3,77.0,0.27060498036058334,7,462.0,0.3156156099424973,1,60.0,0.3791081964096802,11,599.0
1480.0,21,69.0,0.7263157894736842,4.8309699269990904,5,72.0,0.2730740033445736,11,480.0,0.17503315140268746,5,77.0,0.36376098311861355,21,629.0
1485.0,25,88.0,0.946236559139785,4.039052996364752,6,103.0,0.3011128942667494,14,457.0,0.08363550281195246,5,83.0,0.3522020439870599,25,643.0
1490.0,19,70.0,0.7446808510638298,3.907506621327819,4,102.0,0.21932803640292373,11,342.0,0.16408099882371247,4,74.0,0.1904745973117287,19,518.0
1495.0,16,48.0,0.5274725274725275,4.895052817259917,4,71.0,0.24073079312332257,7,328.0,0.2667474039675964,5,87.0,0.271744437722225,16,486.0
1500.0,21,85.0,0.9239130434782609,5.193966913798666,4,62.0,0.240389624001952,11,327.0,0.23780538301046542,6,112.0,0.32443507305049724,21,501.0
1505.0,29,153.0,1.59375,4.309952590667243,1,47.0,0.38266072542309043,17,350.0,0.0997392379125549,11,155.0,0.27283410582085815,29,552.0
1510.0,30,147.0,1.5473684210526315,3.875494353342254,4,54.0,0.3417042158412649,17,361.0,0.09139143171621002,9,170.0,0.25912408930922853,30,585.0
1515.0,27,137.0,1.4421052631578948,4.389554678405713,8,86.0,0.22692965788809025,12,302.0,0.20876269964673264,7,147.0,0.22705352993841837,27,535.0
1520.0,20,122.0,1.326086956521739,5.349625720615223,7,104.0,0.15366158300219382,6,224.0,0.34477133286486467,7,122.0,0.3583276834352147,20,450.0
1525.0,24,140.0,1.4736842105263157,6.062836988069025,9,97.0,0.18560501317515105,9,223.0,0.4138324696657782,6,111.0,0.29852140008755157,24,431.0
1530.0,22,145.0,1.5425531914893618,5.473574555133207,7,128.0,0.18056430122458852,11,246.0,0.21100345923715527,4,90.0,0.5007761090792402,22,464.0
1535.0,25,110.0,1.2087912087912087,5.090299810880128,8,165.0,0.2120467780002498,17,259.0,0.19100916117710307,0,58.0,0.5547466884677124,25,482.0
1540.0,30,145.0,1.5591397849462365,4.519958674886739,13,218.0,0.1963618716205769,14,308.0,0.18322332060878377,3,47.0,0.3988103083134148,30,573.0
1545.0,18,90.0,0.989010989010989,4.482275416695016,7,222.0,0.2429726708508784,9,289.0,0.14767220788604501,2,45.0,0.37318064889052793,18,556.0
1550.0,22,126.0,1.4,4.751190399169249,9,205.0,0.14134243568184693,12,326.0,0.26392379918951053,1,22.0,0.2532653617057942,22,553.0
1555.0,20,114.0,1.3255813953488371,4.808136149973541,7,235.0,0.13750666832723,11,330.0,0.23087717043225567,2,10.0,0.41075289033589857,20,575.0
1560.0,28,115.0,1.3218390804597702,4.5062500513158765,10,283.0,0.14826898747637493,16,306.0,0.13245242285424666,2,4.0,0.5397914508106879,28,593.0
1565.0,30,196.0,2.202247191011236,5.28492122373857,12,341.0,0.21130701567195762,16,285.0,0.16121911373072148,2,13.0,0.710206113259698,30,639.0
1570.0,31,304.0,3.619047619047619,4.656751861155023,12,405.0,0.26363735327603843,17,286.0,0.1265600172957596,2,23.0,0.6874360789551374,31,714.0
1575.0,34,334.0,3.7954545454545454,3.143196115797601,17,481.0,0.14023750634868215,15,328.0,0.13833489098683277,2,20.0,0.34994599070353877,34,829.0
1580.0,30,248.0,2.7555555555555555,3.872723492702619,18,500.0,0.10045682319222925,11,323.0,0.2135027194427712,1,9.0,0.38738239251827156,30,832.0
1585.0,26,196.0,2.130434782608696,5.2451855420137345,15,478.0,0.0841003200523191,7,272.0,0.38175536555051887,4,13.0,0.3441499938612671,26,763.0
1590.0,26,205.0,2.303370786516854,5.762849847839809,16,548.0,0.12721698278119972,7,269.0,0.32602986588208005,3,27.0,0.6438977794314623,26,844.0
1595.0,28,203.0,2.388235294117647,4.9469258040381705,16,629.0,0.1335222057700847,9,245.0,0.22119657009934082,3,44.0,0.4966358748556144,28,918.0
1600.0,33,233.0,2.647727272727273,4.489203265859213,17,712.0,0.15504644442070312,15,225.0,0.20026572964898662,1,17.0,0.4939706143127947,33,954.0
1605.0,21,146.0,1.7176470588235293,4.808933326370771,9,710.0,0.1948182013613719,10,240.0,0.15421269945734417,2,9.0,0.6478592978210254,21,959.0
1610.0,21,92.0,1.069767441860465,4.347866688197055,6,614.0,0.134067886387113,10,208.0,0.1624376406637229,5,27.0,0.3178127224589813,21,849.0
1615.0,20,98.0,1.1951219512195121,3.9786197484435926,8,651.0,0.13209302942302772,3,201.0,0.26700543866728776,9,58.0,0.2185060226950197,20,910.0
1620.0,25,103.0,1.2875,3.8391555710439342,13,705.0,0.11728157453595117,7,190.0,0.16502916177908866,5,70.0,0.42666826920913226,25,965.0
1625.0,28,133.0,1.5833333333333333,3.8935600174352434,17,781.0,0.11998270327272549,10,182.0,0.1839061757724838,1,30.0,0.5343750541094158,28,993.0
1630.0,23,105.0,1.25,4.278465377656985,12,771.0,0.11903414772419445,9,144.0,0.2493838111273498,2,25.0,0.41789428875207624,23,940.0
1635.0,19,100.0,1.1494252873563218,5.301219740847272,7,674.0,0.15401045418549048,4,109.0,0.4062268919797671,8,51.0,0.19850719171990974,19,834.0
1640.0,24,131.0,1.617283950617284,4.662853561590561,9,700.0,0.183801344182047,3,107.0,0.3390000267444201,12,101.0,0.2333008491555147,24,908.0
1645.0,31,135.0,1.6071428571428572,3.746206655390438,14,754.0,0.15095356803569498,8,104.0,0.18391711321237997,9,116.0,0.1862563549542567,31,974.0
1650.0,24,122.0,1.5061728395061729,4.694427171154348,8,725.0,0.21175327930452742,14,149.0,0.18132659682080918,2,74.0,0.5007630415420257,24,948.0
1655.0,19,93.0,1.1341463414634145,4.8705232625787644,4,608.0,0.2462640191477297,12,173.0,0.2487225439108496,3,70.0,0.42726762527859075,19,851.0
1660.0,20,78.0,0.8666666666666667,5.774824407805199,4,461.0,0.20906309554099234,7,149.0,0.3762625293879488,9,103.0,0.23057519341422733,20,713.0
1665.0,13,42.0,0.5060240963855421,5.370961702303022,3,466.0,0.24794644281275516,2,145.0,0.38360540623319095,8,105.0,0.23466738548390823,13,716.0
1670.0,14,54.0,0.6506024096385542,5.1599795975910885,5,483.0,0.2295085642568399,7,171.0,0.3073648308709917,2,61.0,0.34095046879610696,14,715.0
1675.0,26,135.0,1.6265060240963856,4.71946758810744,8,513.0,0.2762414084750985,15,228.0,0.19066980682533904,3,66.0,0.4539182346219608,26,807.0
1680.0,41,300.0,3.658536585365854,3.7042515510153646,10,557.0,0.1887451701542602,23,321.0,0.09884412263111678,8,93.0,0.26994751604340134,41,971.0
1685.0,41,355.0,4.226190476190476,2.3694767174356337,16,621.0,0.12323435625043232,18,360.0,0.07176701439188977,7,92.0,0.16787335113985155,41,1073.0
1690.0,26,249.0,3.0365853658536586,3.9605988479001195,14,614.0,0.15309106389809202,10,304.0,0.22008289092735878,2,60.0,0.3039824280262207,26,978.0
1695.0,22,134.0,1.5402298850574712,4.590209904500807,16,549.0,0.10330848836974105,3,305.0,0.3515959922137635,3,60.0,0.24248267998560027,22,914.0
1700.0,31,183.0,2.152941176470588,4.736956281783091,13,546.0,0.2276509873554866,11,334.0,0.29499379394154573,7,86.0,0.32822573480479666,31,966.0
1705.0,43,277.0,3.1123595505617976,3.8598112014886965,15,609.0,0.18735290199059068,15,392.0,0.1646022566306866,13,132.0,0.15841907121533083,43,1133.0
1710.0,32,226.0,2.6588235294117646,3.450111147057683,8,592.0,0.28488022710112165,15,397.0,0.07290831329443087,9,145.0,0.22375419051335568,32,1134.0
1715.0,18,91.0,1.1375,4.8163792818616855,3,488.0,0.2593145269245745,12,338.0,0.2689557412471459,3,100.0,0.2889892991344823,18,926.0
1720.0,7,12.0,0.14457831325301204,5.585714789019356,2,433.0,0.21641282868482944,3,328.0,0.3714136893640748,2,81.0,0.35946494646852806,7,842.0
1725.0,25,88.0,1.0232558139534884,5.101590825092511,6,453.0,0.21003332297871447,12,350.0,0.2889980309879287,7,108.0,0.38396004242923154,25,911.0
1730.0,37,235.0,2.7325581395348837,3.496875318847588,10,489.0,0.1479499926255426,15,409.0,0.13502641882217256,12,156.0,0.2745386697308759,37,1054.0
1735.0,34,200.0,2.380952380952381,2.9917101875969503,7,450.0,0.22915449852855227,17,411.0,0.03413564859312364,10,167.0,0.28804030232881755,34,1028.0
1740.0,19,100.0,1.2195121951219512,4.592567037479198,5,349.0,0.21998282283006906,11,291.0,0.25195107777183395,3,115.0,0.2688705658929688,19,755.0
1745.0,12,59.0,0.686046511627907,5.986414984207472,6,335.0,0.22608106526705143,3,181.0,0.45951554580036175,3,124.0,0.32963776769996356,12,640.0
1750.0,16,56.0,0.6829268292682927,5.353073409378851,5,362.0,0.15700975140445061,2,165.0,0.49759263540583665,9,155.0,0.25264557923253617,16,682.0
1755.0,28,112.0,1.4,3.794406526119515,10,412.0,0.16713829084714493,8,171.0,0.22554911671318653,10,160.0,0.22789333266411543,28,743.0
1760.0,22,141.0,1.8076923076923077,4.039979525938539,13,475.0,0.23172947137738847,7,164.0,0.21217712475257902,2,105.0,0.37219680595411125,22,744.0
1765.0,29,194.0,2.2298850574712645,3.9513094741982764,17,540.0,0.13354531304825856,5,108.0,0.23601722276096448,7,118.0,0.22377783787294167,29,766.0
1770.0,26,189.0,2.197674418604651,3.726470133059024,14,535.0,0.10974388702763649,3,111.0,0.24455445574345827,9,154.0,0.23357787892235735,26,800.0
1775.0,32,183.0,2.2048192771084336,3.4593066323922534,12,469.0,0.18962566261819724,12,135.0,0.22755160819178677,8,158.0,0.2513459219005518,32,762.0
1780.0,32,219.0,2.433333333333333,4.351300135825591,13,392.0,0.22093346600056737,15,202.0,0.26297335429619745,4,100.0,0.28239500892619346,32,694.0
1785.0,29,195.0,2.119565217391304,5.349907450117463,11,369.0,0.3491339954406881,16,227.0,0.3192984012995722,2,90.0,0.38473666196869105,29,686.0
1790.0,26,162.0,1.6875,5.652300618172814,9,297.0,0.27034166101156853,9,184.0,0.3332978768781125,8,114.0,0.23190830497639622,26,595.0
1795.0,11,52.0,0.5977011494252874,6.413277049941673,2,293.0,0.41213505038553716,5,134.0,0.3614979097845883,4,108.0,0.30832240047482945,11,535.0
1800.0,11,34.0,0.43037974683544306,5.711502943256178,6,300.0,0.2395733005949551,5,145.0,0.2872769461630726,0,50.0,0.32739956413128074,11,495.0
1805.0,18,52.0,0.65,5.112662488608631,5,282.0,0.3081774513065267,11,162.0,0.21053075705982496,2,40.0,0.40379058570649673,18,484.0
1810.0,18,69.0,0.8518518518518519,5.492907148565344,2,214.0,0.3811624809989839,8,167.0,0.2729879502663708,8,68.0,0.45155544833075384,18,449.0
1815.0,13,36.0,0.4090909090909091,5.2539895444755045,1,199.0,0.35950957812248885,7,131.0,0.2520089874324812,5,72.0,0.33659793113522807,13,402.0
1820.0,13,64.0,0.735632183908046,5.5875216102862915,3,205.0,0.27770549419319146,9,84.0,0.2462695359816908,1,35.0,0.4093981356608926,13,324.0
1825.0,26,157.0,1.7840909090909092,5.566651987925964,10,237.0,0.11431762737379962,12,127.0,0.33555631312561807,4,12.0,0.40539747465328807,26,376.0
1830.0,22,137.0,1.630952380952381,5.461045678854268,7,237.0,0.15955492569962113,11,148.0,0.30066277203707065,4,27.0,0.5238523404761392,22,412.0
1835.0,14,72.0,0.8888888888888888,5.5993349960402785,3,189.0,0.26232858710671836,10,139.0,0.32578801193376866,1,10.0,0.5900114177053422,14,338.0
1840.0,17,89.0,0.9888888888888889,6.497525523913384,6,123.0,0.3055076228947139,9,131.0,0.38552981252546786,2,10.0,0.5328859708131205,17,264.0
1845.0,14,72.0,0.8089887640449438,5.927832619651805,4,96.0,0.4034965578971222,6,141.0,0.300372274849224,4,28.0,0.5154105008798325,14,265.0
1850.0,15,51.0,0.5368421052631579,4.595276506201143,1,67.0,0.29395903911213234,9,126.0,0.20590015327079703,5,37.0,0.35745032148325157,15,230.0
1855.0,26,125.0,1.3297872340425532,5.632414358118541,8,93.0,0.26372535942386727,14,158.0,0.24099519511936845,4,37.0,0.43443781526454317,26,288.0
1860.0,19,99.0,1.125,4.374255968002855,5,96.0,0.19745485190356335,13,184.0,0.2248640700024732,1,18.0,0.3133089080522239,19,298.0
1865.0,26,98.0,1.065217391304348,5.018331393540328,5,62.0,0.3304348652262475,15,169.0,0.22263663008315404,6,40.0,0.40437114378486533,26,271.0
1870.0,21,114.0,1.2,4.9197140519117175,3,56.0,0.39851408450982345,10,202.0,0.19565389673134462,8,75.0,0.33692924353719994,21,333.0
1875.0,18,73.0,0.7227722772277227,4.742008426654841,1,34.0,0.3487912133920547,10,224.0,0.14594260042504784,7,85.0,0.29376773518869204,18,343.0
1880.0,25,130.0,1.3402061855670102,5.209486096414386,4,46.0,0.2566647215266173,15,259.0,0.2015496518717966,6,70.0,0.3385328677912783,25,375.0
1885.0,29,195.0,2.0526315789473686,4.7771909909808175,5,58.0,0.20351997586264936,17,328.0,0.2272165475246513,7,93.0,0.20015910324935177,29,479.0
1890.0,32,306.0,3.2903225806451615,4.745535393204486,4,52.0,0.2390679467582705,21,422.0,0.16379132871861388,7,121.0,0.2296864081541973,32,595.0
1895.0,29,263.0,3.0229885057471266,3.34830443898554,1,51.0,0.24954741497142874,22,452.0,0.06352971330239413,6,119.0,0.20529046205345516,29,622.0
1900.0,29,180.0,1.978021978021978,4.054264079997266,4,68.0,0.23964344174904392,19,413.0,0.18657950548086824,6,111.0,0.25963939067500713,29,592.0
1905.0,25,181.0,1.9673913043478262,5.396090227758918,5,72.0,0.3265278127280301,13,329.0,0.32762486389070583,7,92.0,0.3996476829886195,25,493.0
1910.0,15,71.0,0.7244897959183674,4.429831879063687,5,62.0,0.26814675606080324,8,355.0,0.2904319187173522,2,89.0,0.3663926059074167,15,506.0
1915.0,22,75.0,0.7211538461538461,4.475895085387771,6,90.0,0.28686677376612857,10,370.0,0.22765823904471544,6,108.0,0.2857582410617804,22,568.0
1920.0,24,71.0,0.6698113207547169,3.1208978679182273,7,101.0,0.1471929312037942,11,370.0,0.169615112959183,6,110.0,0.1504060545469217,24,581.0
1925.0,31,133.0,1.2314814814814814,3.735681948807744,12,148.0,0.15662245450147702,13,335.0,0.18727500414723694,6,94.0,0.2910910061993425,31,577.0
1930.0,28,183.0,1.6636363636363636,4.587809323399857,9,171.0,0.2400814039005764,16,328.0,0.2431056862713595,3,75.0,0.38177888443130364,28,574.0
1935.0,29,161.0,1.3644067796610169,4.611163452575628,8,149.0,0.26034490993385373,17,353.0,0.2648014830439609,4,74.0,0.3734225869305752,29,576.0
1940.0,21,85.0,0.7203389830508474,4.400088188040675,6,153.0,0.21996996925637757,14,372.0,0.20589637550121953,1,46.0,0.3799371055025613,21,571.0
1945.0,33,99.0,0.8319327731092437,3.4578965084003035,13,197.0,0.0731841013204411,11,399.0,0.15382165938030531,9,63.0,0.15393644313368468,33,659.0
1950.0,34,163.0,1.4553571428571428,3.1453163646675124,9,216.0,0.21147338992980444,13,383.0,0.10904274790574098,12,120.0,0.24021216657534258,34,719.0
1955.0,36,270.0,2.4324324324324325,3.6327047071307303,2,183.0,0.3223290984557848,17,392.0,0.16526381679640398,17,194.0,0.24959416321398026,36,769.0
1960.0,37,257.0,2.1965811965811968,3.8330220238806096,4,128.0,0.3401150259406027,18,406.0,0.15517650688736662,15,228.0,0.2135726085940919,37,762.0
1965.0,26,157.0,1.3305084745762712,4.464964278133607,2,92.0,0.3729041743853878,15,394.0,0.19202816890643418,9,198.0,0.18788424594963474,26,684.0
1970.0,27,148.0,1.2131147540983607,4.97104716798237,4,95.0,0.2899962479642427,12,338.0,0.24734432939838857,11,138.0,0.16039560308455758,27,571.0
1975.0,30,243.0,2.059322033898305,5.969158007456858,4,107.0,0.33025888551963895,17,344.0,0.311036292934559,9,146.0,0.2989086725643462,30,597.0
1980.0,27,180.0,1.6071428571428572,5.077075538361208,2,81.0,0.25526011944826993,19,342.0,0.21981525646206207,6,143.0,0.2700112223997896,27,566.0
1985.0,30,158.0,1.462962962962963,4.9584600544753945,6,82.0,0.27443324400876046,19,323.0,0.13911021537760881,5,142.0,0.40774191116822217,30,547.0
1990.0,27,139.0,1.3365384615384615,4.406888785007076,8,114.0,0.25703462695554175,18,385.0,0.11414452795047324,1,119.0,0.5093396564168803,27,618.0
1995.0,29,152.0,1.4476190476190476,4.408399414308245,8,135.0,0.2111251591211225,15,398.0,0.14850394210167311,6,123.0,0.3968425298811116,29,656.0
2000.0,22,103.0,1.03,4.229927891917431,6,127.0,0.28545314895164986,11,393.0,0.15756548287915262,5,130.0,0.2963205868792285,22,650.0
2005.0,30,81.0,0.7941176470588235,3.452784074558067,11,162.0,0.21499444766088907,14,329.0,0.1457950675077005,5,97.0,0.2557206632054715,30,588.0
2010.0,28,131.0,1.2358490566037736,4.468761060680777,7,200.0,0.296868671974584,19,332.0,0.15888479909971717,2,108.0,0.4471943908692849,28,640.0
2015.0,27,192.0,1.7297297297297298,4.592950881766915,4,195.0,0.3152057516079291,19,353.0,0.17876192279365288,4,124.0,0.41691472118962564,27,672.0
2020.0,30,265.0,2.324561403508772,4.515874403674891,5,166.0,0.35590843176394393,20,388.0,0.2253492582118901,5,121.0,0.35255521794481187,30,675.0
2025.0,30,375.0,3.260869565217391,5.250053936988391,4,143.0,0.39401235453787603,24,443.0,0.25789723877060744,2,94.0,0.39864993624946254,30,680.0
2030.0,26,329.0,2.69672131147541,4.786856021776811,4,139.0,0.27189962427682673,20,495.0,0.2672241528484914,2,107.0,0.30590095310854204,26,741.0
2035.0,26,225.0,1.859504132231405,4.622354041301983,4,124.0,0.2820972948447812,14,469.0,0.23109889216662186,8,134.0,0.18645190568549044,26,727.0
2040.0,21,64.0,0.5614035087719298,3.4154401226954807,0,95.0,0.1939940582432764,12,498.0,0.15471539145500868,9,143.0,0.11813427339266096,21,736.0
2045.0,27,90.0,0.782608695652174,4.13988778898187,6,100.0,0.23577299286637274,14,498.0,0.17589536321431218,7,117.0,0.2498074317465924,27,715.0
2050.0,25,137.0,1.191304347826087,4.5982440310496155,4,108.0,0.32524706204729503,17,521.0,0.1791246723105999,4,99.0,0.3167751093940025,25,728.0
2055.0,33,246.0,2.139130434782609,4.513353879052995,3,74.0,0.3060119300385018,22,598.0,0.2301661844943476,8,129.0,0.2541534335068119,33,801.0
2060.0,37,296.0,2.6194690265486726,3.70693324502795,4,83.0,0.2865815522068139,20,613.0,0.18160102748241208,13,182.0,0.2108441577181966,37,878.0
2065.0,42,240.0,2.051282051282051,2.911844028180058,10,113.0,0.11141083794650818,15,485.0,0.11487832744419575,17,205.0,0.10492818352200309,42,803.0
2070.0,40,228.0,2.0,3.5868256989954665,15,172.0,0.09723330857257229,11,372.0,0.23708593166586883,14,195.0,0.14110740099121002,40,739.0
2075.0,39,274.0,2.4909090909090907,3.5665256725594325,14,203.0,0.10125918325992787,14,240.0,0.2845151304703052,11,239.0,0.12564832303541731,39,682.0
2080.0,37,312.0,2.810810810810811,3.8941437300793837,10,179.0,0.14282496631513564,15,255.0,0.2765406211037232,12,291.0,0.10487336025246528,37,725.0
2085.0,40,367.0,3.5288461538461537,3.345628681561952,10,217.0,0.14914060715525654,18,306.0,0.11910957759504055,12,304.0,0.12403731325640996,40,827.0
2090.0,34,291.0,2.825242718446602,3.025342280563141,16,283.0,0.06069707429885763,12,321.0,0.16832661829957862,6,263.0,0.11925907907875076,34,867.0
2095.0,27,183.0,1.8673469387755102,4.323379796825367,19,374.0,0.15438573707072467,4,250.0,0.371415874822743,4,196.0,0.2748834235189166,27,820.0
2100.0,19,118.0,1.1568627450980393,4.646180961861372,14,400.0,0.1755136320733231,2,122.0,0.4282894968698048,3,194.0,0.29980922763808043,19,716.0
2105.0,21,97.0,0.8899082568807339,4.997444701533663,9,350.0,0.23535266712266883,4,68.0,0.46211460984294883,8,221.0,0.26698964560023175,21,639.0
2110.0,28,177.0,1.6388888888888888,4.861282052266044,8,256.0,0.2579984324482292,8,53.0,0.4439889202719624,12,273.0,0.2056218894654781,28,582.0
2115.0,34,229.0,1.9741379310344827,4.3576041435575075,9,242.0,0.27451525324259096,12,90.0,0.2988300477847482,13,292.0,0.16034105886388142,34,624.0
2120.0,27,120.0,1.0344827586206897,4.382031148080228,5,226.0,0.3084426224958203,12,116.0,0.30434517293238633,10,250.0,0.1606980499993486,27,592.0
2125.0,30,86.0,0.7166666666666667,4.2030607577175125,9,248.0,0.23299168434337172,8,110.0,0.2627410071926055,13,297.0,0.10175352952652289,30,655.0
2130.0,33,141.0,1.247787610619469,3.426481196003587,13,300.0,0.2033277219350391,7,143.0,0.2180300581131414,13,357.0,0.099329619897378,33,800.0
2135.0,45,300.0,2.803738317757009,2.3556462373238816,19,380.0,0.12445957167858664,9,169.0,0.16476497532305556,17,438.0,0.10316481293981634,45,987.0
2140.0,60,500.0,4.385964912280702,1.6446564431527602,25,492.0,0.10510326726724237,14,186.0,0.06651977582094487,21,537.0,0.06632162880761677,60,1215.0
2145.0,66,631.0,5.584070796460177,1.9382548161972428,25,555.0,0.10032133454978724,12,166.0,0.0901947673043246,29,664.0,0.07075463227960972,66,1385.0
2150.0,62,724.0,6.135593220338983,2.8801157826435366,20,539.0,0.10300098557408305,6,156.0,0.3294918672571137,36,828.0,0.01944615721012434,62,1523.0
2155.0,60,895.0,7.850877192982456,3.9373918407019746,14,451.0,0.19996240434678694,6,141.0,0.5080206674233686,40,1021.0,0.03340212293859202,60,1613.0
2160.0,51,771.0,6.883928571428571,3.092238792172446,10,486.0,0.1902426189634115,4,121.0,0.29029430789607363,37,1105.0,0.028614811382346634,51,1712.0
2165.0,50,633.0,5.754545454545455,3.2456233655278535,11,546.0,0.16942916680420805,8,106.0,0.2669728756775865,31,1072.0,0.12816615426895933,50,1724.0
2170.0,39,467.0,4.207207207207207,3.3359243400167373,9,534.0,0.1980894460617597,6,115.0,0.2708019688687801,24,1150.0,0.11047244662703765,39,1799.0
2175.0,32,329.0,2.860869565217391,3.9703698617113825,4,431.0,0.18499138951083713,6,92.0,0.33833470451577136,22,1270.0,0.07409541813809559,32,1793.0
2180.0,36,286.0,2.5535714285714284,4.285190315174023,4,401.0,0.2302634268707724,9,103.0,0.3087381839796924,23,1380.0,0.11045231898970624,36,1884.0
2185.0,40,246.0,2.2777777777777777,3.4024830912556716,10,430.0,0.08760097455235132,12,160.0,0.1997759637609556,18,1359.0,0.08591500787526753,40,1949.0
2190.0,35,243.0,2.479591836734694,3.13419645646865,13,486.0,0.12047250541694611,10,166.0,0.19237834301323253,12,1214.0,0.13752582787782575,35,1866.0
2195.0,32,189.0,1.96875,3.7955023254183833,12,467.0,0.20227419831279578,6,131.0,0.34408862022656245,14,1038.0,0.19043541000757516,32,1636.0
2200.0,24,131.0,1.2358490566037736,5.458944758069899,7,326.0,0.2498743830000997,3,99.0,0.537916147700183,14,832.0,0.20095890032187397,24,1257.0
2205.0,17,94.0,0.8545454545454545,6.002219887529448,4,302.0,0.25838932701770284,1,78.0,0.5298907686684167,12,685.0,0.2968919149452929,17,1065.0
2210.0,16,51.0,0.45132743362831856,5.418076358093602,8,332.0,0.11155566750563117,5,92.0,0.3757175137202547,3,640.0,0.3353453237486254,16,1064.0
2215.0,24,104.0,0.9811320754716981,4.947291042676081,13,390.0,0.12586091089294066,5,96.0,0.22263102189682712,6,636.0,0.35293623977453237,24,1122.0
2220.0,20,93.0,0.96875,3.427126893606472,9,374.0,0.16089049104597367,5,75.0,0.15986946535885616,6,584.0,0.2585874962139367,20,1033.0
2225.0,23,92.0,0.92,4.949468602821456,8,286.0,0.2680626908827338,10,65.0,0.40327728881526903,5,443.0,0.255263734205673,23,794.0
2230.0,18,114.0,1.0754716981132075,5.257179016829272,7,308.0,0.2838344369154008,10,97.0,0.43476451336624927,1,375.0,0.2692629203094517,18,780.0
2235.0,32,215.0,1.853448275862069,4.412753534772208,12,355.0,0.1883062443711068,14,151.0,0.2617933123867166,6,395.0,0.18900270120120424,32,901.0
2240.0,37,284.0,2.5585585585585586,3.2294289303087225,10,353.0,0.22543901991637147,21,234.0,0.068052640777133,6,353.0,0.20659544557351991,37,940.0
2245.0,36,359.0,3.234234234234234,3.007426884646876,6,293.0,0.1724188526984229,23,346.0,0.17259926099272463,7,235.0,0.1592101912192259,36,874.0
2250.0,26,288.0,2.526315789473684,4.077471762084768,3,202.0,0.20256452114679546,18,391.0,0.2752755714648601,5,246.0,0.20345682950771726,26,839.0
2255.0,20,152.0,1.3333333333333333,4.501343040406999,3,199.0,0.2234142480277817,8,333.0,0.34910369531747265,9,279.0,0.1185980498457851,20,811.0
2260.0,18,69.0,0.6160714285714286,3.8882761765332483,8,229.0,0.16813723218500914,2,322.0,0.2495768724124052,8,258.0,0.14452078863758164,18,809.0
2265.0,30,130.0,1.2380952380952381,3.877173552251602,14,287.0,0.2148509594507198,10,352.0,0.22782866585692688,6,126.0,0.2206875355230089,30,765.0
2270.0,34,215.0,1.9724770642201834,3.493606792743781,20,375.0,0.13427656444464614,9,331.0,0.23563347268287285,5,69.0,0.191533154540921,34,775.0
2275.0,28,203.0,1.7964601769911503,4.476005999380198,19,409.0,0.11122613705171958,6,256.0,0.3231298154432922,3,51.0,0.2883892539567378,28,716.0
2280.0,20,149.0,1.3545454545454545,5.526113063965815,14,364.0,0.10697052963197579,4,137.0,0.4451531914692732,2,47.0,0.3430396207016691,20,548.0
2285.0,16,61.0,0.5446428571428571,5.449858588567258,9,368.0,0.1457146416496351,5,139.0,0.392726346629867,2,31.0,0.40613420842271053,16,538.0
2290.0,29,127.0,1.1981132075471699,4.82480281437184,15,431.0,0.1378957417118804,7,148.0,0.2472507872650963,7,54.0,0.35271649079829065,29,633.0
2295.0,42,229.0,2.1401869158878504,3.3688790827708472,19,516.0,0.16665666395206466,14,195.0,0.1729015810240342,9,81.0,0.21263876085059466,42,792.0
2300.0,44,283.0,2.6952380952380954,3.059553596203132,22,622.0,0.14367122459551127,14,198.0,0.18636044216034686,8,86.0,0.2786605393861945,44,906.0
2305.0,41,223.0,1.9734513274336283,2.894670580876833,22,649.0,0.05885887524003179,11,152.0,0.22727278048287763,8,88.0,0.1698521292998749,41,889.0
2310.0,32,173.0,1.5309734513274336,4.003491456101004,17,595.0,0.1308793900499154,8,169.0,0.24444421846834574,7,118.0,0.19784217502251342,32,882.0
2315.0,32,164.0,1.5045871559633028,3.823996055975795,13,476.0,0.1959001191023321,12,192.0,0.22680290614058027,7,131.0,0.18488255876740792,32,799.0
2320.0,25,92.0,0.8,4.053760136220829,9,502.0,0.18483966671004318,10,200.0,0.31006168237393594,6,101.0,0.1645303724575496,25,803.0
2325.0,27,99.0,0.853448275862069,4.756399484033589,14,555.0,0.21047248546936678,11,178.0,0.2557392268344569,2,101.0,0.2481768730135898,27,834.0
2330.0,33,181.0,1.6160714285714286,4.127616278937871,16,629.0,0.10626264893675505,11,158.0,0.19241151875713333,6,123.0,0.15757679874245892,33,910.0
2335.0,43,293.0,2.900990099009901,3.592602073756459,14,619.0,0.13527078175928278,15,191.0,0.23366208735720453,14,175.0,0.14023982711554664,43,985.0
2340.0,46,419.0,4.319587628865979,3.5105311371682566,10,530.0,0.1733788334590269,16,248.0,0.2091770354457977,20,258.0,0.07517542142240231,46,1036.0
2345.0,42,565.0,5.594059405940594,3.9213714644142335,5,385.0,0.21937923228836728,16,323.0,0.26327742551919675,21,358.0,0.08401146606347834,42,1066.0
2350.0,41,630.0,6.3,4.255425529081666,6,288.0,0.3008570747825835,16,403.0,0.28977822665778236,19,402.0,0.10174117850429662,41,1093.0
2355.0,37,616.0,5.811320754716981,4.364687057583066,4,217.0,0.29570335095162464,18,491.0,0.24407883920849455,15,368.0,0.10412295835165121,37,1076.0
2360.0,35,489.0,4.6571428571428575,5.091120888241284,4,155.0,0.39086188846899605,18,498.0,0.27588336219597936,13,279.0,0.19226209800170804,35,932.0
2365.0,35,280.0,2.5688073394495414,4.582980243506378,9,136.0,0.41397324401545615,14,419.0,0.21924027680683827,12,320.0,0.19603669905025842,35,875.0
2370.0,24,111.0,1.009090909090909,4.715248340627854,0,89.0,0.5710450966654294,13,441.0,0.14243183716228697,11,374.0,0.24329026935134807,24,904.0
2375.0,30,144.0,1.3714285714285714,4.247899925122227,3,52.0,0.4081359215037637,16,481.0,0.15492383156671016,11,426.0,0.1839547437083752,30,959.0
2380.0,33,189.0,1.8529411764705883,3.315296703253777,4,52.0,0.21692537749330565,13,469.0,0.1411996379148231,16,492.0,0.11582161602192158,33,1013.0
2385.0,30,159.0,1.59,3.1090181235655505,4,53.0,0.3332020751663472,13,373.0,0.12420603684843863,13,491.0,0.2062123987661219,30,917.0
2390.0,23,114.0,1.0458715596330275,4.140980411668744,1,48.0,0.43515684981746655,11,362.0,0.17958063503410876,11,385.0,0.2103876388879668,23,795.0
2395.0,27,105.0,0.9051724137931034,5.025940250902854,5,64.0,0.38339269105481627,12,374.0,0.20614579852711937,10,331.0,0.24725411739479902,27,769.0
2400.0,19,77.0,0.6814159292035398,4.055994353973209,5,65.0,0.20473351250854233,7,341.0,0.1951072149938067,7,352.0,0.18243550856472965,19,758.0
2405.0,28,83.0,0.7545454545454545,3.846766723531766,6,66.0,0.3110895034136529,10,280.0,0.1435658523715717,12,402.0,0.19759694211764525,28,748.0
2410.0,23,116.0,1.0740740740740742,4.3046477297368435,4,67.0,0.42686755690019323,14,274.0,0.15387572372657637,5,405.0,0.3196312680051634,23,746.0
2415.0,22,119.0,1.0347826086956522,4.321850466214936,3,67.0,0.37947211866580316,15,296.0,0.18864537559021066,4,339.0,0.332218991078738,22,702.0
2420.0,22,79.0,0.6929824561403509,4.668041533262351,2,45.0,0.38604068978962847,16,311.0,0.18427291036880505,4,305.0,0.32332780411145084,22,661.0
2425.0,26,76.0,0.6551724137931034,3.267287087464943,8,58.0,0.15286062744805545,10,337.0,0.14367516806389938,8,325.0,0.09993746312773236,26,720.0
2430.0,33,146.0,1.280701754385965,3.5430962514758373,7,73.0,0.28704489460225907,13,335.0,0.14899080580213392,13,379.0,0.1921247822105401,33,787.0
2435.0,29,203.0,1.8125,3.064842816858012,2,56.0,0.3399152530641554,12,339.0,0.1105019389257547,15,450.0,0.1933840220298275,29,845.0
2440.0,39,306.0,2.593220338983051,3.3915778706286246,5,50.0,0.33897754915409395,15,327.0,0.11690025056401178,19,538.0,0.13589838689881503,39,915.0
2445.0,34,244.0,2.0854700854700856,2.81849875561666,4,48.0,0.26051534021884354,12,354.0,0.11343791675711531,18,556.0,0.09649829957226884,34,958.0
2450.0,34,202.0,1.6694214876033058,3.5722656041687157,7,70.0,0.24887271072170475,13,354.0,0.18491625167449488,14,497.0,0.15104046753497746,34,921.0
2455.0,35,225.0,1.8907563025210083,4.11426399975049,5,80.0,0.3628518875182315,17,360.0,0.18185361069980194,13,487.0,0.26965986899609173,35,927.0
2460.0,38,221.0,1.9051724137931034,3.6374257188034336,3,63.0,0.3295079030155055,19,377.0,0.16435720346775853,16,559.0,0.16414851332132455,38,999.0
2465.0,29,160.0,1.3333333333333333,3.7053365200666124,3,64.0,0.28341682471798174,15,353.0,0.14364506970524346,11,551.0,0.13489834041659,29,968.0
2470.0,24,115.0,1.0267857142857142,4.275817827305989,7,92.0,0.15930621542202317,14,282.0,0.2251931859526301,3,429.0,0.17353355250847438,24,803.0
2475.0,33,240.0,2.1818181818181817,4.001911513882037,12,139.0,0.07900612670464596,18,282.0,0.257212142782417,3,441.0,0.1765546271752866,33,862.0
2480.0,40,308.0,2.878504672897196,2.890288538486475,14,201.0,0.13655719340769076,17,319.0,0.10843341422759596,9,469.0,0.15213021517866865,40,989.0
2485.0,50,286.0,2.6481481481481484,2.2706467816636198,14,230.0,0.1612466113847241,19,314.0,0.1128368534685523,17,530.0,0.12102454643973923,50,1074.0
2490.0,41,298.0,2.6607142857142856,3.3356267069107886,11,205.0,0.25484798331762043,11,334.0,0.22079965900042253,19,618.0,0.16162414622103305,41,1157.0
2495.0,43,387.0,3.3947368421052633,3.2605201193126137,9,157.0,0.20499170982467158,10,318.0,0.18666366016778546,24,727.0,0.08097874700885667,43,1202.0
2500.0,48,493.0,4.177966101694915,2.660060270621262,7,175.0,0.1944034753391106,12,326.0,0.14650509238147497,29,866.0,0.03520259544267795,48,1367.0
2505.0,57,668.0,5.7094017094017095,2.992809280156012,11,222.0,0.24450220768401923,12,287.0,0.12961275523316101,34,1028.0,0.10538228285854317,57,1537.0
2510.0,52,680.0,5.811965811965812,3.019064278746963,7,227.0,0.29307612196999006,13,248.0,0.1521092951286629,32,1075.0,0.09346926716635127,52,1550.0
2515.0,47,506.0,4.3247863247863245,3.3526230732895805,5,198.0,0.36440654528453614,17,287.0,0.1799884889240851,25,934.0,0.11619518424938169,47,1419.0
2520.0,34,377.0,3.1416666666666666,4.225778562391987,2,176.0,0.3237415947598124,12,288.0,0.2500623871609953,20,839.0,0.10726236943848784,34,1303.0
2525.0,22,265.0,2.1721311475409837,4.739141063645418,1,157.0,0.2223470039271965,6,263.0,0.2928953766423382,15,758.0,0.24225165816967317,22,1178.0
2530.0,28,231.0,1.9576271186440677,4.824945651727574,5,178.0,0.2233650152940603,13,256.0,0.2766505767677755,9,603.0,0.3734981810726992,27,1037.0
2535.0,31,226.0,1.8677685950413223,5.306183615890692,10,219.0,0.2534560026246748,15,261.0,0.2693814274307146,6,473.0,0.4202339546757525,31,953.0
2540.0,34,288.0,2.360655737704918,5.123572794775745,14,279.0,0.23170568329535754,15,290.0,0.1954458906399368,5,402.0,0.5836241288980895,34,971.0
2545.0,46,386.0,3.216666666666667,4.440793673703768,21,364.0,0.06753190596975127,16,282.0,0.2207741659248428,9,302.0,0.4951198509453906,46,948.0
2550.0,37,280.0,2.3529411764705883,4.507237800885758,20,401.0,0.10022914713498011,14,257.0,0.21914972764732515,3,261.0,0.39918854946437254,37,919.0
2555.0,36,218.0,1.9639639639639639,3.986103364614325,13,362.0,0.12763045681139298,16,292.0,0.18535037976588173,7,216.0,0.22271271115319974,36,870.0
2560.0,43,229.0,2.1009174311926606,3.4067288339056723,13,390.0,0.18858589471698584,18,286.0,0.11649763470304382,12,259.0,0.2042175371813805,43,935.0
2565.0,51,347.0,3.18348623853211,3.6727363994047972,18,467.0,0.2290637234727704,18,307.0,0.13499919419844816,15,325.0,0.3098670601856119,51,1099.0
2570.0,42,325.0,2.9279279279279278,3.221590224869214,14,475.0,0.16559421365978588,20,351.0,0.18458829638391866,8,320.0,0.34172222674499336,42,1146.0
2575.0,34,305.0,2.6991150442477876,4.635268261930068,6,406.0,0.2485632083098901,24,418.0,0.28788672796744924,4,230.0,0.4106163651893883,34,1054.0
2580.0,29,400.0,3.4482758620689653,4.7428332497870205,2,292.0,0.22673521346686445,24,505.0,0.2735607064896363,3,174.0,0.3481172759481973,29,971.0
2585.0,27,349.0,2.860655737704918,4.6346777731894555,2,277.0,0.2145901854495978,18,526.0,0.27064519868217723,7,196.0,0.27061440426066163,27,999.0
2590.0,26,205.0,1.7826086956521738,4.222726186566869,7,297.0,0.20394811401293875,13,458.0,0.1891523368545876,6,163.0,0.2182352966493123,26,918.0
2595.0,23,86.0,0.7818181818181819,4.286029025969207,9,287.0,0.1710934117093531,9,330.0,0.23985435011864534,5,76.0,0.17950523819807682,23,693.0
2600.0,15,59.0,0.5566037735849056,4.487917397733672,4,241.0,0.21758697522455606,9,348.0,0.3213154974105962,2,82.0,0.24308464523890425,15,671.0
2605.0,26,76.0,0.6846846846846847,4.765215567270988,7,177.0,0.2705675958046031,10,345.0,0.2792342088380824,9,111.0,0.2222904870952743,26,633.0
2610.0,19,66.0,0.5892857142857143,4.445820769764766,2,123.0,0.3221920309245966,10,333.0,0.19551722716961803,7,114.0,0.19721647757176128,19,570.0
2615.0,16,64.0,0.5714285714285714,5.039394091241915,2,94.0,0.4219563137605793,11,271.0,0.2190570822320001,3,72.0,0.1857041991688678,16,437.0
2620.0,16,46.0,0.40350877192982454,5.162167264382592,2,70.0,0.3772005940420205,9,252.0,0.2265472792361998,5,45.0,0.26812939446980893,16,367.0
2625.0,19,68.0,0.6126126126126126,5.433369155502859,7,92.0,0.3523187678410895,11,244.0,0.22643292660883613,1,43.0,0.42167309602286535,19,379.0
2630.0,31,99.0,0.8761061946902655,3.871972936789089,10,104.0,0.2682219830012232,14,244.0,0.15291092874054077,7,64.0,0.24822704678094082,31,412.0
2635.0,24,89.0,0.7946428571428571,3.882637064134099,3,73.0,0.26599221900629827,15,203.0,0.1506389860291849,6,79.0,0.23492784558225155,24,355.0
2640.0,20,135.0,1.238532110091743,4.770651637125333,2,41.0,0.31719901901731673,15,231.0,0.19100897989704377,3,59.0,0.18239188025363576,20,331.0
2645.0,21,106.0,0.9464285714285714,4.468472170567064,3,23.0,0.2911946180639914,16,258.0,0.21067820252162678,2,59.0,0.26044251090786213,21,340.0
2650.0,30,124.0,1.1272727272727272,4.160072609170851,6,48.0,0.3100622382728699,17,257.0,0.13368511447788567,7,83.0,0.24395859064782796,30,388.0
2655.0,31,105.0,0.9459459459459459,3.4456198885290785,7,60.0,0.24004520469062365,16,291.0,0.11411562362577889,8,93.0,0.24598201691103855,31,444.0
2660.0,17,63.0,0.5833333333333334,4.160716258916311,3,50.0,0.28496363411859327,13,325.0,0.17285007268646294,1,66.0,0.2958883224973252,17,441.0
2665.0,27,102.0,0.8869565217391304,4.5246420025339065,7,57.0,0.16635469560377764,17,358.0,0.21690950719872937,3,28.0,0.23604273086484215,27,443.0
2670.0,35,216.0,1.894736842105263,5.031962426776586,11,98.0,0.1682888802527949,20,433.0,0.23990428496242944,4,25.0,0.35954798340343574,35,556.0
2675.0,33,271.0,2.556603773584906,3.947284810870941,13,156.0,0.14489635605978354,19,467.0,0.1533115534215972,1,16.0,0.29468928669508654,33,639.0
2680.0,37,239.0,2.320388349514563,3.632300801285817,11,178.0,0.16626025400197628,22,452.0,0.08633627689258512,4,33.0,0.354358520363163,37,663.0
2685.0,34,216.0,2.16,4.730034827680387,8,153.0,0.3380103825556325,19,420.0,0.19067412900458772,7,63.0,0.42955342061563867,34,636.0
2690.0,30,184.0,1.688073394495413,3.642979520715062,8,161.0,0.24291643490193976,13,472.0,0.1823668143166847,9,104.0,0.259325323356854,30,737.0
2695.0,30,154.0,1.3508771929824561,4.1728648355945275,10,210.0,0.2189524241986161,10,476.0,0.2094426126758957,10,114.0,0.21934218098711622,30,800.0
2700.0,34,189.0,1.7027027027027026,4.29268269104293,13,244.0,0.10981424080821492,13,518.0,0.23618453310942725,8,120.0,0.19455237334995634,34,882.0
2705.0,32,158.0,1.4234234234234233,3.753691110638623,8,270.0,0.1441589074214295,16,531.0,0.1619613714019892,8,161.0,0.16612160979597096,32,962.0
2710.0,37,153.0,1.4299065420560748,3.6908233488520223,7,295.0,0.224482297755765,19,498.0,0.09714837116834196,11,210.0,0.22264988990088422,37,1003.0
2715.0,29,151.0,1.411214953271028,3.89404422830886,8,286.0,0.21116490108407923,15,416.0,0.17994246595531058,6,222.0,0.2447033043051302,29,924.0
2720.0,21,163.0,1.5377358490566038,5.055706162650571,3,249.0,0.3652041108527283,15,371.0,0.27556089924174926,3,182.0,0.3866393161202588,21,802.0
2725.0,32,224.0,1.9145299145299146,4.365645592564701,5,226.0,0.28415736677242254,18,354.0,0.2591523424702923,9,203.0,0.24510229650453036,32,783.0
2730.0,44,376.0,3.1074380165289255,4.264291605922008,8,249.0,0.27205266923018756,23,367.0,0.21236007214247735,13,251.0,0.24367232308048495,44,867.0
2735.0,34,305.0,2.675438596491228,3.0390038315642465,5,244.0,0.22449770387078205,19,418.0,0.1784256908838941,10,270.0,0.1567836033927235,34,932.0
2740.0,25,154.0,1.3391304347826087,3.8097953968210923,4,194.0,0.19514840049050014,14,366.0,0.26022652485500103,7,236.0,0.12869556397554754,25,796.0
2745.0,15,100.0,0.8771929824561403,5.895185243185075,2,136.0,0.28183794816700486,9,311.0,0.38023753397581206,4,206.0,0.2587928863073205,15,653.0
2750.0,17,72.0,0.631578947368421,5.201653281866329,2,123.0,0.20610830089066204,10,298.0,0.33300202427001035,5,154.0,0.23715057764542263,17,575.0
2755.0,25,132.0,1.2,5.154916400063653,8,158.0,0.23157109808732113,13,283.0,0.21825630415288316,4,135.0,0.3733447717130408,25,576.0
2760.0,27,141.0,1.3177570093457944,4.351195097864996,13,216.0,0.18656401871561928,13,301.0,0.21344067776745826,1,92.0,0.3220036259858022,27,609.0
2765.0,34,236.0,2.107142857142857,4.500135153184979,18,293.0,0.1372923083652098,11,259.0,0.1928132653408686,5,92.0,0.35472093661335746,34,644.0
2770.0,41,338.0,3.219047619047619,3.282223923784543,24,398.0,0.11429837460438662,14,261.0,0.10794643466659586,3,85.0,0.29247144801250813,41,744.0
2775.0,41,317.0,2.990566037735849,3.2551866433035554,20,449.0,0.11316323351073607,18,272.0,0.1753811048327366,3,50.0,0.3405974329622064,41,771.0
2780.0,28,190.0,1.7272727272727273,4.104150611965003,14,409.0,0.20954645144557793,11,265.0,0.23690108197337323,3,43.0,0.3784068521823672,28,717.0
2785.0,34,178.0,1.495798319327731,3.9104322599824473,16,436.0,0.10083702748689757,11,239.0,0.19710093927551361,7,64.0,0.21380307048318428,34,739.0
2790.0,36,182.0,1.625,3.178503674213841,19,520.0,0.10907610553256243,11,253.0,0.13522495805930393,6,67.0,0.22019867272752922,36,840.0
2795.0,36,201.0,1.8785046728971964,3.3653625453141838,18,613.0,0.12263904155344178,16,250.0,0.1612612881640874,2,41.0,0.33467993179573746,36,904.0
2800.0,29,148.0,1.3097345132743363,3.365420892109778,14,620.0,0.18718633179055985,11,269.0,0.15256576948848735,4,53.0,0.25695181989360494,29,942.0
2805.0,29,131.0,1.1491228070175439,3.6803748766847786,7,519.0,0.1830295651950005,14,275.0,0.17157742374954885,8,85.0,0.19918458222621194,29,879.0
2810.0,33,100.0,0.8771929824561403,3.098369161512122,10,372.0,0.15716597941202476,13,301.0,0.18912824135192577,10,96.0,0.08314431302421386,33,769.0
2815.0,25,93.0,0.808695652173913,4.228821086199977,7,399.0,0.28476585711933433,13,279.0,0.20162553264173708,5,80.0,0.2970697124424321,25,758.0
2820.0,31,119.0,1.0,3.7489887139855127,10,439.0,0.179157334604756,15,306.0,0.1535396355731739,6,68.0,0.23116397418223553,31,813.0
2825.0,27,127.0,1.0672268907563025,3.977661470255901,7,427.0,0.19940359869247876,15,314.0,0.16800646139633124,5,82.0,0.3090327476571408,27,823.0
2830.0,21,123.0,1.0603448275862069,4.223652145999633,3,352.0,0.22123548993007297,14,340.0,0.17168800987483537,4,87.0,0.2894472064794909,21,779.0
2835.0,21,61.0,0.5213675213675214,4.447382751755166,4,255.0,0.281290145969099,16,320.0,0.16656313866802833,1,59.0,0.3579599230368679,21,634.0
2840.0,23,76.0,0.6386554621848739,4.901381485380713,3,211.0,0.41762414085219907,16,353.0,0.11756841398764462,4,43.0,0.4391638885375639,23,607.0
2845.0,27,118.0,0.9915966386554622,4.600211282364024,4,149.0,0.3351214950184918,15,355.0,0.12984605991705966,8,70.0,0.28615283790097057,27,574.0
2850.0,24,144.0,1.3211009174311927,4.307135062452753,1,132.0,0.3933488060404348,15,350.0,0.1493979499361717,8,88.0,0.1816631499093079,24,570.0
2855.0,34,242.0,2.2616822429906542,4.883716707785553,7,144.0,0.2807764609130656,21,395.0,0.18311180496079152,6,88.0,0.20467611326247911,34,627.0
2860.0,44,403.0,3.912621359223301,3.911131701587482,9,180.0,0.19467885323130843,29,511.0,0.11762292761966481,6,78.0,0.20807387435148159,44,769.0
2865.0,53,623.0,6.357142857142857,2.9159041993920476,12,231.0,0.15597332148659887,36,669.0,0.050729480693094464,5,87.0,0.3108100654521828,53,987.0
2870.0,53,610.0,6.161616161616162,1.9134722871170942,10,229.0,0.16311082550303682,36,761.0,0.061958624196474625,7,113.0,0.20845223866875154,53,1103.0
2875.0,44,479.0,4.605769230769231,3.2946034810693092,10,189.0,0.26633191312068677,30,755.0,0.14176394576955506,4,114.0,0.35729977348005,44,1058.0
2880.0,41,443.0,4.027272727272727,3.692844338284434,10,204.0,0.254618228227371,23,804.0,0.13809050991509111,8,135.0,0.3403274481568557,41,1143.0
2885.0,43,361.0,3.059322033898305,3.7923741952225023,10,234.0,0.2460957670445931,23,911.0,0.14910721476795732,10,182.0,0.2877915695361239,43,1327.0
2890.0,44,328.0,2.8771929824561404,3.0608265689313963,14,286.0,0.154839505268986,17,919.0,0.1440543124235646,13,242.0,0.19080894274287882,44,1447.0
2895.0,41,321.0,2.791304347826087,2.745041916659127,15,359.0,0.14677806777347838,9,819.0,0.14904597305628284,17,287.0,0.14301351052328024,41,1465.0
2900.0,36,303.0,2.546218487394958,3.713280072531029,12,365.0,0.2408786696203147,11,676.0,0.18968420480199744,13,354.0,0.24626286951539114,36,1395.0
2905.0,38,243.0,1.9285714285714286,3.8182458385128286,11,319.0,0.2960333429749233,10,701.0,0.18942200482678923,17,427.0,0.18510568710981073,38,1447.0
2910.0,37,241.0,1.8976377952755905,3.672179377567532,9,268.0,0.24547099765197172,9,702.0,0.18186085895402276,19,517.0,0.11522057963320036,37,1487.0
2915.0,38,262.0,2.165289256198347,3.2713199591236948,9,289.0,0.18612184997560646,9,653.0,0.18830358094765337,20,612.0,0.01979561960417708,38,1554.0
2920.0,40,290.0,2.4166666666666665,2.905177059515388,9,338.0,0.2045359570556954,10,562.0,0.1497748918268745,21,720.0,0.10602520381070454,40,1620.0
2925.0,39,307.0,2.5371900826446283,3.5452592442816626,5,325.0,0.3415186022469208,17,455.0,0.13995133127373374,17,747.0,0.20351190569347646,39,1527.0
2930.0,35,262.0,2.096,3.2176665902849164,7,328.0,0.28842445288815666,15,495.0,0.18973534450113277,13,680.0,0.1604748352485169,35,1503.0
2935.0,32,148.0,1.184,3.4598767195632187,4,305.0,0.27227670312856134,16,503.0,0.17971268034159166,12,686.0,0.15964608273415154,32,1494.0
2940.0,34,171.0,1.3790322580645162,3.502929696494921,8,290.0,0.15832925428590675,9,483.0,0.17314746833470088,17,766.0,0.10760523465727599,34,1539.0
2945.0,36,167.0,1.3916666666666666,3.181969816959254,8,298.0,0.21296754792417222,14,359.0,0.1444785963958515,14,772.0,0.16376020416784573,36,1429.0
2950.0,25,139.0,1.1779661016949152,4.2866324712266035,5,253.0,0.3500025232946356,15,343.0,0.21789007214798853,5,671.0,0.2998533953794941,25,1267.0
2955.0,21,127.0,1.007936507936508,4.162628351315581,4,238.0,0.26978126050584095,15,357.0,0.1989801394570186,2,521.0,0.27644911114387233,21,1116.0
2960.0,26,126.0,0.9767441860465116,4.709187736407714,9,273.0,0.17026486459745327,14,323.0,0.21609545613692768,3,449.0,0.3427448411962356,26,1045.0
2965.0,24,97.0,0.7698412698412699,3.8571576007017128,14,324.0,0.05411494258630049,6,322.0,0.20316955185954264,4,428.0,0.2740346957922846,24,1074.0
2970.0,30,129.0,1.084033613445378,3.521798631529636,12,336.0,0.18597767859909736,10,295.0,0.12270846103308868,8,448.0,0.2872715072760442,30,1079.0
2975.0,27,137.0,1.1512605042016806,4.133759267140717,5,266.0,0.2872659424273863,14,318.0,0.172888078393518,8,440.0,0.30568828689388305,27,1024.0
2980.0,28,114.0,0.9344262295081968,3.480419176564821,8,295.0,0.19870779637318933,15,329.0,0.19460667420855704,5,369.0,0.2835040656711962,28,993.0
2985.0,32,136.0,1.096774193548387,4.1837704214118485,13,346.0,0.1429335841744177,15,295.0,0.23810256081935688,4,259.0,0.28112546961382845,32,900.0
2990.0,28,132.0,1.0731707317073171,3.514822392772427,13,349.0,0.06581302054550159,13,231.0,0.1911373210721608,2,253.0,0.23312572562769232,28,833.0
2995.0,34,148.0,1.2333333333333334,3.7922015573045087,10,260.0,0.14925556618096592,16,279.0,0.18155625380671547,8,280.0,0.1808045967563549,34,819.0
3000.0,29,131.0,1.1491228070175439,3.74367144874498,4,194.0,0.2451316383870773,18,311.0,0.1521219612425179,7,267.0,0.21383150622942526,29,772.0
3005.0,24,120.0,1.0,4.468507490570821,4,190.0,0.28888251636467943,17,335.0,0.2108003380383334,3,191.0,0.3510927108697795,24,716.0
3010.0,23,114.0,0.926829268292683,4.606597323075455,8,210.0,0.26854135276500035,12,346.0,0.1924721730178405,3,84.0,0.36716679427844107,23,640.0
3015.0,29,123.0,0.9919354838709677,3.855786099203525,15,264.0,0.10716450633926262,12,305.0,0.1671088818761626,2,71.0,0.2651787096433415,29,640.0
3020.0,34,191.0,1.61864406779661,4.010247778131484,13,281.0,0.1379173877389338,14,269.0,0.18330171181568025,7,96.0,0.19049449313912406,34,646.0
3025.0,37,155.0,1.3596491228070176,3.536707309374278,12,198.0,0.15501469043150376,17,304.0,0.1799089549551159,8,88.0,0.14104389532849398,37,590.0
3030.0,28,118.0,1.0442477876106195,4.462567600371126,5,159.0,0.3249174744329142,18,316.0,0.2145096416221253,5,68.0,0.29809684929170244,28,543.0
3035.0,30,150.0,1.25,5.061402801602517,5,115.0,0.3584049524279035,20,300.0,0.2044097887935815,5,55.0,0.36755359672328763,30,470.0
3040.0,29,234.0,1.8571428571428572,5.233559362036869,7,108.0,0.4418841596789217,18,334.0,0.20307985309791537,4,59.0,0.4137760986829233,29,501.0
3045.0,21,197.0,1.5634920634920635,5.092540788109495,2,90.0,0.47227270697142587,15,342.0,0.16571864856989246,4,67.0,0.43391126480308356,21,499.0
3050.0,22,102.0,0.8031496062992126,4.906896232211854,6,99.0,0.3192836167397893,15,330.0,0.20716971602435508,1,36.0,0.2787363420209367,22,465.0
3055.0,32,145.0,1.228813559322034,3.9186575930247165,12,150.0,0.20554898901907384,12,367.0,0.20016291917577442,8,62.0,0.22656812688952743,32,579.0
3060.0,39,196.0,1.75,3.0272357131224013,12,180.0,0.18572227078184647,13,369.0,0.14715816858282071,14,95.0,0.23099247807257464,39,644.0
3065.0,43,253.0,2.090909090909091,3.392739444565761,8,168.0,0.2900017235740289,17,388.0,0.13105500531963807,18,176.0,0.18779536363869404,43,732.0
3070.0,36,243.0,2.0082644628099175,3.6685511648046325,6,127.0,0.29204008168084583,13,354.0,0.1481601372277853,17,227.0,0.13681016957872438,36,708.0
3075.0,27,132.0,1.0819672131147542,3.663723984374461,2,123.0,0.2809444312422449,13,390.0,0.15104268229643503,12,206.0,0.16323101258535452,27,719.0
3080.0,32,142.0,1.1544715447154472,3.8723687299401983,8,152.0,0.2892896054103595,15,375.0,0.12797860213023768,9,247.0,0.267288264649156,32,774.0
3085.0,34,136.0,1.0708661417322836,3.0882916466024963,7,156.0,0.26997220608834277,11,368.0,0.09400784416429481,16,307.0,0.15630348660624768,34,831.0
3090.0,31,110.0,0.88,3.610915863597287,4,119.0,0.29037847747472084,16,339.0,0.15593139930457275,11,320.0,0.15186066617685023,31,778.0
3095.0,21,97.0,0.8016528925619835,4.080241766133083,1,99.0,0.21254067491953937,14,290.0,0.19737649701190388,6,252.0,0.16325296862249855,21,641.0
3100.0,28,123.0,1.0081967213114753,3.6416975456059566,9,130.0,0.13491646113437994,16,323.0,0.1498982813483832,3,269.0,0.1783851373100628,28,722.0
3105.0,36,146.0,1.226890756302521,3.181728017347038,7,133.0,0.24917206864259167,19,334.0,0.08538138529516512,10,305.0,0.20757012006457023,36,772.0
3110.0,39,221.0,1.8264462809917354,3.624634920075944,1,81.0,0.29633440634863367,24,349.0,0.16109885566106488,14,364.0,0.1861948915665109,39,794.0
3115.0,35,270.0,2.2131147540983607,3.4974065518524555,2,32.0,0.37488569628540686,14,393.0,0.1573348688355024,19,448.0,0.15954819767788508,35,873.0
3120.0,44,357.0,2.7890625,3.221056188209227,4,37.0,0.24661405288258773,14,382.0,0.15436150106645496,26,560.0,0.03553832700175823,44,979.0
3125.0,47,484.0,3.78125,2.9196647188669322,5,39.0,0.1987356282936756,11,383.0,0.15619958550716942,31,702.0,0.04254765137280574,47,1124.0
3130.0,60,706.0,5.648,2.831352608754228,12,83.0,0.19366548340003623,13,364.0,0.13512055840670517,35,870.0,0.09233760531929966,60,1317.0
3135.0,66,959.0,7.611111111111111,2.020467155073593,16,151.0,0.17446615922073233,12,375.0,0.09281737516476234,38,1057.0,0.040490032497630564,66,1583.0
3140.0,70,1015.0,8.319672131147541,1.837911447710232,18,234.0,0.1215616019021139,16,360.0,0.0969058101789227,36,1136.0,0.06202588482818218,70,1730.0
3145.0,65,839.0,6.766129032258065,2.5857754936619424,20,277.0,0.08923327360328409,16,377.0,0.19369864005426732,29,1025.0,0.04462373174314488,65,1679.0
3150.0,47,613.0,4.983739837398374,4.006880822976599,13,265.0,0.15641928911724723,15,396.0,0.27906469718306737,19,911.0,0.16004087647743748,47,1572.0
3155.0,42,414.0,3.3658536585365852,3.583649517384161,14,332.0,0.16929802860532703,17,362.0,0.15473956351823276,11,966.0,0.2516583623726661,42,1660.0
3160.0,46,338.0,2.661417322834646,3.4266857208861956,18,419.0,0.16478823310734042,15,390.0,0.1231934057685027,13,1023.0,0.18639770856004464,46,1832.0
3165.0,42,299.0,2.4916666666666667,3.128642335402963,17,504.0,0.16442676211191443,10,396.0,0.15244880402220348,15,1091.0,0.1689175758430043,42,1991.0
3170.0,44,305.0,2.5847457627118646,1.971998815189289,18,593.0,0.045904958811973845,11,385.0,0.11559691094101762,15,1054.0,0.0995867112350962,44,2032.0
3175.0,51,387.0,3.2796610169491527,2.78998971826461,22,696.0,0.1427847512396572,17,319.0,0.15122904841144563,12,922.0,0.230160477486721,51,1937.0
3180.0,45,466.0,3.8512396694214877,2.8471969346209463,25,814.0,0.10812082968961657,13,326.0,0.17874048891767833,7,852.0,0.19332992340741031,45,1992.0
3185.0,42,404.0,3.131782945736434,3.14135730292047,23,841.0,0.07216195663407154,10,314.0,0.18602136670792108,9,892.0,0.13775005086289835,42,2047.0
3190.0,42,317.0,2.6638655462184873,3.4484195242652067,20,782.0,0.11101571295249116,13,315.0,0.20493234368840965,9,837.0,0.16058576663212487,42,1934.0
3195.0,36,267.0,2.3017241379310347,3.8172133260883077,16,653.0,0.1373684053680688,16,330.0,0.24924879261169777,4,618.0,0.14849745122598235,36,1601.0
3200.0,27,212.0,1.8434782608695652,4.463275716525967,12,714.0,0.27272041525907714,13,302.0,0.23020202844196297,2,597.0,0.2949343935197498,27,1613.0
3205.0,39,190.0,1.5702479338842976,3.60322367774857,16,775.0,0.17491288261376833,14,331.0,0.13115702054981956,9,619.0,0.16562385313303,39,1725.0
3210.0,33,178.0,1.5478260869565217,3.1986320895206655,10,757.0,0.16300954098447396,10,342.0,0.15588849576154432,13,673.0,0.1178416751917355,33,1772.0
3215.0,34,209.0,1.9532710280373833,2.9134699262572097,3,643.0,0.23066533109773435,11,324.0,0.14603865419337306,20,759.0,0.07681925837945178,34,1726.0
3220.0,38,318.0,2.864864864864865,3.1131639782169094,2,638.0,0.2609603321060814,11,272.0,0.14829003565652335,25,876.0,0.12684818691412922,38,1786.0
3225.0,47,497.0,4.398230088495575,3.170925124604229,8,665.0,0.26020934634787063,10,200.0,0.17252383544467403,29,1011.0,0.1296162999050351,47,1876.0
3230.0,58,757.0,6.415254237288136,2.3627615830853923,13,717.0,0.18818782603223133,11,199.0,0.21793914158135091,34,1172.0,0.06289861056109028,58,2088.0
3235.0,63,795.0,6.913043478260869,2.060660304147856,19,799.0,0.16849833511998608,9,194.0,0.23148345200576756,35,1207.0,0.05755631596258281,63,2200.0
3240.0,63,753.0,6.547826086956522,2.39968312109837,23,908.0,0.05424839049315624,9,178.0,0.2068995699724146,31,1111.0,0.06330851180938955,63,2197.0
3245.0,57,660.0,5.641025641025641,2.8250780530147805,25,931.0,0.06441416081217503,8,173.0,0.2502073829929785,24,1200.0,0.0939069579434019,57,2304.0
3250.0,46,473.0,4.185840707964601,3.49231162357948,18,839.0,0.11488690272181667,6,176.0,0.3933176666107038,22,1312.0,0.11377896592218423,46,2327.0
3255.0,33,278.0,2.482142857142857,3.662272029955176,15,669.0,0.18328156075796329,4,147.0,0.32194616280128696,14,1275.0,0.10315711818188847,33,2091.0
3260.0,23,153.0,1.4036697247706422,4.365641817467803,11,718.0,0.2831666481822312,8,148.0,0.3380224160834934,4,1085.0,0.18616708462429948,23,1951.0
3265.0,30,166.0,1.456140350877193,3.5181752983855943,15,774.0,0.15578553868734976,11,178.0,0.2142858280223506,4,1058.0,0.14036294684129394,30,2010.0
3270.0,31,258.0,2.36697247706422,2.9423728657873327,14,843.0,0.14593996685726532,10,217.0,0.24044962417486213,7,1089.0,0.13253976049469185,31,2149.0
3275.0,31,197.0,1.8584905660377358,2.200961446301453,13,813.0,0.12514248801460248,8,208.0,0.11293528004937589,10,1012.0,0.12538075823546102,31,2033.0
3280.0,29,97.0,0.8738738738738738,3.7480441749483666,13,624.0,0.15804166203516115,9,180.0,0.3065344154113021,7,782.0,0.14506070101323454,29,1586.0
3285.0,23,128.0,1.1743119266055047,4.963174293907949,7,476.0,0.25488427840047245,10,140.0,0.4402526973059522,6,802.0,0.1798348107011541,23,1418.0
3290.0,21,89.0,0.7739130434782608,3.9847667513833676,6,418.0,0.21224292641133666,8,144.0,0.2795746306015483,7,832.0,0.10208977153371974,21,1394.0
3295.0,32,152.0,1.4205607476635513,3.610314263593409,9,459.0,0.24195564758446614,8,128.0,0.23099828578880915,15,895.0,0.14243817614068066,32,1482.0
3300.0,36,254.0,2.54,2.917816694316228,7,405.0,0.26547910403374836,7,124.0,0.1465908694331322,22,990.0,0.08108058083993881,36,1519.0
3305.0,39,402.0,3.8653846153846154,3.25884508940596,3,290.0,0.32617777005658555,7,149.0,0.32948961520522035,29,1118.0,0.07154566182289726,39,1557.0
3310.0,36,365.0,3.4761904761904763,2.9554677830802847,3,232.0,0.24705139750356747,3,121.0,0.32759345212862284,30,1121.0,0.07221598377954608,36,1474.0
3315.0,41,314.0,2.8035714285714284,3.449872303638408,8,255.0,0.1594614925033424,5,66.0,0.3110131889627008,28,984.0,0.07122947882645984,41,1305.0
3320.0,43,339.0,3.1682242990654204,4.3240201064690655,7,243.0,0.16971278623849165,9,90.0,0.3838408662876619,27,838.0,0.14221821840673057,43,1171.0
3325.0,37,306.0,2.914285714285714,4.552813099102946,5,179.0,0.1627309772284987,12,143.0,0.4133482111601044,20,732.0,0.17427218790244559,37,1054.0
3330.0,24,271.0,2.6310679611650487,4.655703174180696,3,162.0,0.21725750601983193,12,200.0,0.32365786537669966,9,719.0,0.26563822211483484,24,1081.0
3335.0,32,317.0,3.17,4.051176052263135,8,191.0,0.13367202440755507,17,274.0,0.15259305293024697,7,750.0,0.26677644599007333,32,1215.0
3340.0,42,387.0,3.87,3.072839715652408,13,249.0,0.0974120050963255,16,312.0,0.057798886244873025,13,802.0,0.19296422175225347,42,1363.0
3345.0,38,355.0,3.817204301075269,2.9842355262582574,16,325.0,0.19615039996574338,8,290.0,0.2091904906092108,14,778.0,0.1917260686760759,38,1393.0
3350.0,33,342.0,3.42,3.7325544106208355,20,417.0,0.18258758714277248,4,212.0,0.32597924011273904,9,663.0,0.2132662623851323,33,1292.0
3355.0,33,270.0,2.5961538461538463,4.087872532690947,19,434.0,0.2084477104467515,2,159.0,0.6019947889374705,12,715.0,0.17270377233258036,33,1308.0
3360.0,32,181.0,1.723809523809524,3.6617439458250503,14,323.0,0.15689782749421624,1,121.0,0.602852636726935,17,786.0,0.0856193712737225,32,1230.0
3365.0,40,228.0,2.111111111111111,2.848880980537818,13,393.0,0.11425413882686423,5,134.0,0.3412459370080296,22,881.0,0.07766745717051715,40,1408.0
3370.0,37,237.0,2.323529411764706,2.745454908793978,18,476.0,0.13087829972359055,3,120.0,0.2799547089278266,16,870.0,0.12087614293876198,37,1466.0
3375.0,31,163.0,1.5523809523809524,2.8712977265153588,14,476.0,0.13366919239206804,3,76.0,0.3164036734781983,14,734.0,0.11979206578852587,31,1286.0
3380.0,23,106.0,1.029126213592233,4.019256052587377,8,382.0,0.2167281261789411,2,80.0,0.5777582794848417,13,734.0,0.13002070724175477,23,1196.0
3385.0,33,109.0,0.9819819819819819,4.133235013625152,7,311.0,0.18401735322982543,7,98.0,0.44951334650153335,19,810.0,0.06696232265771707,33,1219.0
3390.0,27,165.0,1.5714285714285714,4.4600853180413935,3,265.0,0.3418870402978627,5,91.0,0.4028424521248752,19,910.0,0.09870556497615858,27,1266.0
3395.0,20,108.0,1.0693069306930694,3.7928155171840054,1,228.0,0.3746420349209298,3,79.0,0.22808502889553373,16,880.0,0.1059373764622665,20,1187.0
3400.0,26,110.0,1.0476190476190477,4.0504879636326425,7,242.0,0.30146620488115783,3,95.0,0.231809485795872,16,768.0,0.1341368491304753,26,1105.0
3405.0,30,146.0,1.4455445544554455,3.7447562891890653,13,297.0,0.2150859011247783,4,114.0,0.3213085664986709,13,779.0,0.1441378758760561,30,1190.0
3410.0,42,274.0,2.6862745098039214,2.660667382315243,19,382.0,0.06685100504266697,8,143.0,0.20541348741313045,15,850.0,0.08845216599884363,42,1375.0
3415.0,46,408.0,4.163265306122449,2.171245930164961,23,491.0,0.11304440848750286,11,191.0,0.13680109244806773,12,817.0,0.1375749686021383,46,1499.0
3420.0,38,360.0,3.711340206185567,2.4366895577595007,21,538.0,0.09753974495171211,11,201.0,0.20096512832860994,6,657.0,0.15144703830407494,38,1396.0
3425.0,26,219.0,2.105769230769231,4.416266075425526,14,496.0,0.17944233619960004,8,186.0,0.42189515263467237,4,425.0,0.22543768022094562,26,1107.0
3430.0,22,140.0,1.2962962962962963,5.106638098089326,11,375.0,0.29029656517537444,4,180.0,0.44015611836718693,7,434.0,0.2078227909842382,22,989.0
3435.0,23,121.0,1.0707964601769913,4.200887066130401,8,394.0,0.217515189183647,6,207.0,0.1912609648861016,9,472.0,0.16728620714930645,23,1073.0
3440.0,26,107.0,0.9907407407407407,4.046152208753326,12,443.0,0.1756022404001438,6,199.0,0.17375554371685875,8,454.0,0.2093734884934731,26,1096.0
3445.0,18,42.0,0.4117647058823529,3.5774522547545518,8,437.0,0.20382494674169715,4,145.0,0.22778319299858096,6,357.0,0.19615155315626548,18,939.0
3450.0,11,32.0,0.3106796116504854,4.687047001998164,3,336.0,0.34530478830630384,2,86.0,0.4397668183651221,6,377.0,0.17655518189192393,11,799.0
3455.0,13,49.0,0.46226415094339623,4.077044342636076,4,315.0,0.2986204407199804,0,75.0,0.323897524002135,9,411.0,0.1244883746236974,13,801.0
3460.0,24,87.0,0.8055555555555556,3.3314114496724065,7,340.0,0.15775913114336965,6,92.0,0.17531407889022743,11,387.0,0.0911152436924267,24,819.0
3465.0,25,113.0,1.13,3.317507157589717,8,325.0,0.13322217666290903,10,140.0,0.2770217764838989,7,269.0,0.16245154207414253,25,734.0
3470.0,23,149.0,1.4190476190476191,3.79104918237614,6,255.0,0.1419561708874954,14,204.0,0.29749416705049364,3,161.0,0.1847249865688189,23,620.0
3475.0,27,230.0,2.1904761904761907,5.128164324534226,5,175.0,0.25519607463813804,17,284.0,0.2966204136185123,5,107.0,0.3045026199092048,27,566.0
3480.0,22,189.0,1.8,4.549874129332722,3,175.0,0.17822975101597185,16,310.0,0.16989833985012134,3,52.0,0.32699615504520635,22,537.0
3485.0,24,168.0,1.5412844036697249,5.590615215569374,7,201.0,0.23032234290851486,13,270.0,0.22502266683010053,4,53.0,0.4743992272127706,24,524.0
3490.0,14,105.0,1.0396039603960396,5.82804659261191,3,186.0,0.3295592183526284,9,217.0,0.24052947506311492,2,37.0,0.4903635277180363,14,440.0
3495.0,16,87.0,0.8529411764705882,5.7112287307545815,3,123.0,0.35677902481134105,6,205.0,0.3097533833248111,7,49.0,0.37013211794963435,16,377.0
3500.0,12,80.0,0.8080808080808081,5.96985885143932,1,123.0,0.39053007208418095,4,171.0,0.4483720733831243,7,71.0,0.29903843679414915,12,365.0
3505.0,22,106.0,1.0392156862745099,4.797732837657688,9,146.0,0.21443396727750721,7,159.0,0.47235770826093776,6,62.0,0.19202536501813364,22,367.0
3510.0,17,81.0,0.801980198019802,4.3002860252347075,13,196.0,0.15591490861165377,1,111.0,0.4710252038085547,3,67.0,0.2411907188772596,17,374.0
3515.0,31,134.0,1.34,3.528783442420927,14,220.0,0.10407602620485656,8,99.0,0.2508454432494857,9,93.0,0.1623517750657694,31,412.0
3520.0,40,226.0,2.26,3.257015593118551,11,197.0,0.13375594212802655,14,160.0,0.14435325973061064,15,154.0,0.12582089325697135,40,511.0
3525.0,35,209.0,2.2,3.399056456792723,8,151.0,0.21293199138072266,11,186.0,0.2517985517083424,16,194.0,0.11581882084996734,35,531.0
3530.0,19,94.0,0.9215686274509803,5.135903245155295,8,119.0,0.26649352035123564,1,138.0,0.41941741727422754,10,189.0,0.22140490461391535,19,446.0
3535.0,18,60.0,0.5825242718446602,5.185458259012531,4,117.0,0.3666529152643014,1,107.0,0.4075146718856967,13,246.0,0.1977098510943593,18,470.0
3540.0,27,109.0,1.09,4.39389567052907,8,144.0,0.23634366535271745,7,130.0,0.19588475869483848,12,305.0,0.11436656704674478,27,579.0
3545.0,33,202.0,2.061224489795918,3.3297803149575227,13,197.0,0.17360187183566914,5,114.0,0.20884064248134301,15,380.0,0.09768165113948157,33,691.0
3550.0,35,280.0,3.111111111111111,2.808565665092533,12,228.0,0.2421787847860138,1,59.0,0.27956500932096845,22,480.0,0.1442688290835501,35,767.0
3555.0,40,365.0,3.65,2.868902483218002,7,195.0,0.23863815574124558,3,60.0,0.2849839309740119,30,611.0,0.06658418281255642,40,866.0
3560.0,52,552.0,5.465346534653466,2.5991658497996237,9,223.0,0.21749476716536617,7,86.0,0.26261241388227446,36,776.0,0.06254425949196955,52,1085.0
3565.0,72,820.0,7.663551401869159,1.6650748482818534,15,275.0,0.08568737826005207,12,129.0,0.04692555146377768,45,976.0,0.01422378787370055,72,1380.0
3570.0,64,881.0,8.39047619047619,1.9255451341706291,11,291.0,0.13514776728134129,13,188.0,0.09343350601423586,40,1086.0,0.04243893892742696,64,1565.0
3575.0,46,673.0,6.663366336633663,2.7232049224760346,4,241.0,0.17171808558729806,10,192.0,0.256778802626164,32,1076.0,0.07327378045055105,46,1509.0
3580.0,41,540.0,5.0,3.793668015064208,8,272.0,0.19511615216493705,6,163.0,0.35273856708017276,27,970.0,0.11042065722142275,41,1405.0
3585.0,37,426.0,3.908256880733945,4.840252042460991,10,317.0,0.2315861241072453,8,180.0,0.3745208585142674,19,889.0,0.20769333343900517,37,1386.0
3590.0,38,380.0,3.4862385321100917,4.419122727654694,15,380.0,0.15117786951219347,10,220.0,0.29168553463575914,13,780.0,0.2808662086323188,38,1380.0
3595.0,30,279.0,2.6826923076923075,5.234874359431107,13,389.0,0.22639757197214486,12,246.0,0.3107016171205264,5,662.0,0.45473930286098563,30,1297.0
3600.0,18,78.0,0.7572815533980582,5.358331161751931,8,267.0,0.1862957272485251,9,258.0,0.31465501233581056,1,574.0,0.5193050763612156,18,1099.0
