step,system_total_stopped,system_total_waiting_time,system_mean_waiting_time,system_mean_speed,A0_stopped,A0_accumulated_waiting_time,A0_average_speed,B0_stopped,B0_accumulated_waiting_time,B0_average_speed,C0_stopped,C0_accumulated_waiting_time,C0_average_speed,agents_total_stopped,agents_total_accumulated_waiting_time
5.0,0,0.0,0.0,6.527609362706748,0,0.0,0.3951433726812599,0,0.0,0.4981178469439145,0,0.0,0.533097953767852,0,0.0
10.0,1,0.0,0.0,10.973126359871095,1,0.0,0.6807972943453509,0,0.0,0.96886343232121,0,0.0,0.8370347180288107,1,0.0
15.0,2,2.0,0.1,8.33281834498241,0,0.0,0.6383073716638007,1,1.0,0.19490137746303127,1,1.0,0.4681328779410459,2,2.0
20.0,2,12.0,0.631578947368421,10.392880205068135,0,0.0,0.7840670861760428,1,6.0,0.754591063567998,1,6.0,0.6316541767864979,2,12.0
25.0,8,0.0,0.0,6.919112265175891,3,0.0,0.4471540808084753,2,0.0,0.5116609877856543,3,0.0,0.42173094098148756,8,0.0
30.0,3,13.0,0.4482758620689655,9.853071083975081,2,10.0,0.6076298970226743,0,0.0,0.8771552766907756,1,3.0,0.5304862711507446,3,13.0
35.0,2,11.0,0.39285714285714285,9.405197835730421,0,0.0,0.6408586466905539,0,0.0,0.793107129151504,2,11.0,0.5945673850959737,2,11.0
40.0,4,9.0,0.2571428571428571,8.285541516437554,2,3.0,0.4635504731031701,2,6.0,0.5076384069202234,0,6.0,0.6007506109496252,4,15.0
45.0,6,33.0,1.03125,9.030165408768077,4,17.0,0.517672394843111,2,18.0,0.6021508154099627,0,0.0,0.8113147083825295,6,35.0
50.0,10,71.0,1.775,6.099044906822719,6,41.0,0.2475990585864244,4,32.0,0.3752912731308287,0,0.0,0.600923542124925,10,73.0
55.0,13,86.0,2.097560975609756,6.503641047227572,6,55.0,0.3677774277446501,4,52.0,0.513233317487538,3,6.0,0.5062122250164353,13,113.0
60.0,8,78.0,1.95,5.231918587020376,2,45.0,0.3629266321800376,5,74.0,0.3956338895348086,1,5.0,0.3749343299082345,8,124.0
65.0,5,18.0,0.3673469387755102,7.593760279806026,2,27.0,0.4562773673043718,1,45.0,0.6068738336556394,2,10.0,0.4941605628174226,5,82.0
70.0,7,33.0,0.6470588235294118,9.013048042617537,2,21.0,0.5500057604127429,2,12.0,0.7403188667571418,3,8.0,0.4613470629677928,7,41.0
75.0,5,21.0,0.38181818181818183,7.275527996313203,1,5.0,0.3627251212867089,1,7.0,0.5780466705001338,3,23.0,0.3213093590300684,5,35.0
80.0,9,57.0,1.1875,7.551598423955942,5,21.0,0.40596170969675466,0,0.0,0.5125691101886973,4,42.0,0.6043443812211183,9,63.0
85.0,16,54.0,1.0588235294117647,5.042637751012083,9,55.0,0.29185461939551516,3,2.0,0.2576614634624244,4,24.0,0.37073979569225723,16,81.0
90.0,19,132.0,2.5384615384615383,6.345954483630389,13,106.0,0.3001375329484332,4,21.0,0.3932064463872875,2,11.0,0.6223930148900946,19,138.0
95.0,17,177.0,3.4038461538461537,5.230745988922774,15,172.0,0.1812481632054593,2,25.0,0.4619441949368568,0,0.0,0.44006660021988164,17,197.0
100.0,20,151.0,2.5166666666666666,5.538351114986553,15,205.0,0.15727322195253757,2,18.0,0.4964784940933285,3,13.0,0.45124060250162257,20,236.0
105.0,17,123.0,2.1964285714285716,6.349123421281541,10,185.0,0.30051122030344835,1,14.0,0.5992583015603551,6,39.0,0.48718656498629637,17,238.0
110.0,17,141.0,2.274193548387097,5.107304173535999,8,225.0,0.18473184496577155,3,28.0,0.2915228113803462,6,69.0,0.30012822111513965,17,322.0
115.0,29,206.0,3.3225806451612905,4.2067589232765235,13,281.0,0.1434163924567818,5,52.0,0.3452480637669987,11,109.0,0.21313053164917778,29,442.0
120.0,13,63.0,1.125,2.429338193956053,8,298.0,0.08477140750850422,0,38.0,0.15007521470012733,5,107.0,0.171087034727903,13,443.0
125.0,9,29.0,0.4603174603174603,6.027541323788316,5,254.0,0.25008818347899414,2,11.0,0.5638423429950672,2,43.0,0.4874008874055576,9,308.0
130.0,7,55.0,0.859375,7.712609778004968,3,197.0,0.2647693486032218,2,21.0,0.7135393247220183,2,22.0,0.6319823525515568,7,240.0
135.0,4,5.0,0.0684931506849315,6.707259576518303,2,187.0,0.2467027913842229,0,7.0,0.6712234504447216,2,5.0,0.5179383255503467,4,199.0
140.0,11,36.0,0.5217391304347826,6.988756637043361,5,202.0,0.2299533622333773,2,9.0,0.4961690040734757,4,19.0,0.4831277951557704,11,230.0
145.0,13,63.0,1.05,3.9894505396060986,4,188.0,0.14905956085274008,2,14.0,0.09495025711176769,7,49.0,0.19221917942973968,13,251.0
150.0,8,34.0,0.5666666666666667,5.643545214236057,3,156.0,0.296779772026656,2,18.0,0.4594471285710681,3,55.0,0.3829030748529759,8,229.0
155.0,5,25.0,0.4098360655737705,7.62249777000479,3,152.0,0.327173906402972,2,24.0,0.6475559886400734,0,11.0,0.7401992613975157,5,187.0
160.0,4,23.0,0.3333333333333333,7.194918953077572,4,170.0,0.27638566843207285,0,5.0,0.6343360191471908,0,8.0,0.627109602762075,4,183.0
165.0,17,80.0,1.1764705882352942,5.938909728095421,11,207.0,0.18746586141116808,2,10.0,0.5845781553452342,4,22.0,0.4264322323016457,17,239.0
170.0,17,67.0,1.046875,2.995649204246468,14,220.0,0.06996369653063923,1,8.0,0.1669628595544623,2,21.0,0.2111828369612709,17,249.0
175.0,12,69.0,1.1129032258064515,6.177657915982242,9,194.0,0.24140967522618673,2,15.0,0.6405728197462627,1,12.0,0.5516411810716656,12,221.0
180.0,9,58.0,0.90625,6.964080756720608,8,148.0,0.24410117063392056,0,4.0,0.8075005556126766,1,8.0,0.4175744070780847,9,160.0
185.0,13,51.0,0.7083333333333334,7.061354830302288,7,156.0,0.274519781098611,0,4.0,0.7187976801755678,6,32.0,0.3573886034653018,13,192.0
190.0,12,42.0,0.65625,6.165509807757704,10,197.0,0.18966948466097688,0,0.0,0.662438442109325,2,37.0,0.39305649154616873,12,234.0
195.0,11,27.0,0.45,6.263789811116242,6,211.0,0.22482067700136535,2,5.0,0.5382168751526114,3,15.0,0.4848219937536472,11,231.0
200.0,6,21.0,0.3559322033898305,7.372333828930685,2,149.0,0.3259840670745255,2,17.0,0.7309464599757667,2,15.0,0.5687023313530714,6,181.0
205.0,17,53.0,0.7794117647058824,6.688820268270163,3,115.0,0.34620397226145755,6,27.0,0.5146274333115216,8,39.0,0.3220139690415018,17,181.0
210.0,7,50.0,0.7692307692307693,6.758464761591095,1,103.0,0.3481162802827214,4,45.0,0.5510893681957996,2,34.0,0.3303345733998277,7,182.0
215.0,11,88.0,1.4426229508196722,6.605458916421946,6,124.0,0.29019564364556466,4,67.0,0.45214902034215376,1,11.0,0.5482587940865644,11,202.0
220.0,11,109.0,1.6515151515151516,5.957974116223446,4,126.0,0.26415995522888475,6,94.0,0.3926275293078314,1,9.0,0.48361518464345327,11,229.0
225.0,10,30.0,0.46875,6.269530302264598,2,102.0,0.33345513401060284,1,58.0,0.49993577962360086,7,31.0,0.37631787259982497,10,191.0
230.0,13,77.0,1.1159420289855073,5.544967688949978,2,93.0,0.15845475289159705,2,15.0,0.4257155751615118,9,73.0,0.2612482339395663,13,181.0
235.0,15,70.0,1.0769230769230769,4.788180111553611,5,111.0,0.1783697554988847,2,20.0,0.44059237337209506,8,94.0,0.22491722761132132,15,225.0
240.0,13,87.0,1.45,5.62403122540393,9,150.0,0.16176527445495995,2,20.0,0.40405939626341403,2,67.0,0.5010152789278857,13,237.0
245.0,9,39.0,0.5909090909090909,5.755558153743593,7,152.0,0.23646648008313578,1,8.0,0.4790873958209678,1,55.0,0.47968535818039715,9,215.0
250.0,13,52.0,0.7878787878787878,6.610407270154238,5,125.0,0.2688889178519933,2,15.0,0.708040140790747,6,74.0,0.3165587188890898,13,214.0
255.0,14,51.0,0.796875,5.6531366358950415,6,86.0,0.17851708386904874,3,25.0,0.625627984799885,5,78.0,0.21295653806698525,14,189.0
260.0,6,15.0,0.24193548387096775,5.934923098614793,4,105.0,0.20085197611433167,0,17.0,0.5955311236855968,2,48.0,0.40909994420764373,6,170.0
265.0,16,30.0,0.44776119402985076,6.154616845855723,8,137.0,0.21239406635010197,2,2.0,0.5094387692397204,6,41.0,0.38031079503270504,16,180.0
270.0,11,39.0,0.6,6.185220020260749,4,129.0,0.2830838579255238,1,4.0,0.5127053465530983,6,64.0,0.427490144562991,11,197.0
275.0,9,34.0,0.5573770491803278,5.22555903458971,1,99.0,0.3427707391027992,5,23.0,0.29403052766812654,3,63.0,0.23827547824747966,9,185.0
280.0,15,66.0,1.0153846153846153,4.989210196839547,4,107.0,0.2519072395346008,8,60.0,0.3507881006493797,3,40.0,0.34426248124949205,15,207.0
285.0,11,53.0,0.803030303030303,5.409277564970619,6,131.0,0.16162542793217155,4,70.0,0.4767943945172081,1,25.0,0.483674000717829,11,226.0
290.0,14,45.0,0.6338028169014085,4.728379031936667,8,150.0,0.14274475966691436,1,25.0,0.353880541051729,5,43.0,0.4064836201465406,14,218.0
295.0,14,80.0,1.1764705882352942,6.517987897205977,5,135.0,0.30915227241602505,2,12.0,0.5831481648847419,7,73.0,0.4839381252015725,14,220.0
300.0,11,56.0,0.8615384615384616,5.201982506730347,5,116.0,0.3063421842867031,1,4.0,0.4601417305114589,5,72.0,0.3229513554320488,11,192.0
305.0,8,30.0,0.4,5.892410354484027,2,107.0,0.2811152595386126,3,21.0,0.5523735302121512,3,49.0,0.29403722746315414,8,177.0
310.0,8,25.0,0.32894736842105265,5.921775931070095,6,122.0,0.19095534624837027,1,12.0,0.5675188990225114,1,31.0,0.3321131556634972,8,165.0
315.0,21,100.0,1.2987012987012987,5.5487348569482995,13,175.0,0.15444163989407095,2,4.0,0.3788180425610813,6,55.0,0.3709605795738317,21,234.0
320.0,18,95.0,1.3013698630136987,5.177668646215715,9,194.0,0.22554189233527602,6,23.0,0.3437637561436459,3,50.0,0.45651208087538836,18,267.0
325.0,16,31.0,0.3875,4.571143388431483,8,158.0,0.21735564733946786,6,36.0,0.3938179309605346,2,23.0,0.2840224252289141,16,217.0
330.0,11,36.0,0.4235294117647059,5.52879764302852,7,177.0,0.19862555915101707,2,25.0,0.47524860776574107,2,26.0,0.25298522669611484,11,228.0
335.0,22,76.0,0.8636363636363636,5.061464997209311,12,224.0,0.0664155174651985,4,21.0,0.3926676814949866,6,46.0,0.26545666027502324,22,291.0
340.0,25,101.0,1.2023809523809523,3.931974119339069,11,242.0,0.1694007058023589,9,51.0,0.15356230778483482,5,51.0,0.30276754464097533,25,344.0
345.0,19,60.0,0.7317073170731707,5.062074454609596,5,195.0,0.32070898508174706,12,84.0,0.25869995548207825,2,35.0,0.45033030418014824,19,314.0
350.0,11,34.0,0.37777777777777777,5.593356573644587,5,211.0,0.1950996281936366,5,85.0,0.3418514436854866,1,16.0,0.3055812145630602,11,312.0
355.0,15,57.0,0.6404494382022472,6.010540757933001,10,256.0,0.12527865494689233,3,74.0,0.3610252058265705,2,17.0,0.6101015749231976,15,347.0
360.0,18,76.0,0.9156626506024096,4.910725808154109,9,266.0,0.15627208314619911,8,102.0,0.2953935565460174,1,9.0,0.5527807271576789,18,377.0
365.0,21,71.0,0.8255813953488372,4.76429755563724,6,220.0,0.2631893168717467,10,124.0,0.1642058984205554,5,25.0,0.42232048855992166,21,369.0
370.0,15,56.0,0.6666666666666666,4.617206097977142,6,239.0,0.21195733399324893,7,112.0,0.20045422851069208,2,30.0,0.37566098216651983,15,381.0
375.0,19,100.0,1.1904761904761905,5.061207386233281,12,285.0,0.08175142557187783,5,93.0,0.37341791071458946,2,11.0,0.3388026824564153,19,389.0
380.0,17,120.0,1.5384615384615385,5.8116961069182365,10,294.0,0.13986404985960416,7,94.0,0.4284987648002742,0,8.0,0.5821288827877866,17,396.0
385.0,14,35.0,0.4605263157894737,5.205243413681693,6,229.0,0.12112988149428558,3,85.0,0.3341575798490503,5,19.0,0.24045886200811348,14,333.0
390.0,12,36.0,0.5,5.6708488870495755,4,223.0,0.25317594172205166,8,50.0,0.32072835691549656,0,19.0,0.628847804854546,12,292.0
395.0,16,49.0,0.6712328767123288,5.945178106172913,10,261.0,0.204524073568819,6,59.0,0.3937822388414752,0,2.0,0.6802336724652279,16,322.0
400.0,17,95.0,1.2179487179487178,5.431029983190792,10,310.0,0.15096733701224183,5,49.0,0.3698305470032102,2,9.0,0.5747693359300459,17,368.0
405.0,15,94.0,1.2702702702702702,5.709109173266222,8,309.0,0.14024469851450266,7,62.0,0.4067083680800938,0,2.0,0.6565234860232073,15,373.0
410.0,14,57.0,0.7808219178082192,4.771047479632679,5,242.0,0.14883212766608808,5,62.0,0.26706057922728654,4,14.0,0.2802747053747478,14,318.0
415.0,23,88.0,1.2222222222222223,4.6972840027884395,9,275.0,0.21601488922810236,7,51.0,0.3163447602986575,7,41.0,0.38467998317070773,23,367.0
420.0,23,127.0,1.7397260273972603,4.903176757305668,12,324.0,0.20648297981015634,10,69.0,0.24576885448154484,1,40.0,0.4588469984219476,23,433.0
425.0,13,62.0,0.7948717948717948,5.158879879322287,7,319.0,0.2161441049021383,4,76.0,0.2849558496387718,2,19.0,0.6032925975916592,13,414.0
430.0,8,22.0,0.275,6.055167478087623,4,250.0,0.25182361252987845,2,43.0,0.40892310680095617,2,5.0,0.47547139203869226,8,298.0
435.0,10,44.0,0.5301204819277109,6.491467398058997,2,221.0,0.19242528860973393,2,23.0,0.5636651632374525,6,26.0,0.2057010586587021,10,270.0
440.0,16,64.0,0.8205128205128205,5.961455020857757,8,244.0,0.15631657025377504,4,35.0,0.3855273902962629,4,39.0,0.34047144290414527,16,318.0
445.0,13,20.0,0.28169014084507044,4.306991871486789,10,234.0,0.09161689829869023,1,28.0,0.3233409786328247,2,17.0,0.31706235469889754,13,279.0
450.0,11,30.0,0.43478260869565216,6.080957525103386,3,185.0,0.27810988908259626,6,21.0,0.4592500585019378,2,15.0,0.5354029681884718,11,221.0
455.0,12,81.0,1.1095890410958904,7.375942438972458,2,107.0,0.3000621128453415,6,45.0,0.5068547515354569,4,31.0,0.5638463667139691,12,183.0
460.0,6,42.0,0.525,6.951106521736472,4,96.0,0.368172959088459,2,41.0,0.43776387029554836,0,21.0,0.5949916155186544,6,158.0
465.0,4,9.0,0.11392405063291139,7.082588752066112,0,59.0,0.3248585058229579,4,19.0,0.4251131713945506,0,0.0,0.6487023318359243,4,78.0
470.0,11,27.0,0.3375,5.670088336000144,5,59.0,0.2028187737180743,4,21.0,0.34553009449606703,2,6.0,0.26626363800976566,11,86.0
475.0,27,129.0,1.6973684210526316,5.1760834481731415,10,104.0,0.31914856012279286,11,48.0,0.19353509850261752,6,31.0,0.44423705853264,27,183.0
480.0,18,95.0,1.2837837837837838,3.460848572497757,7,119.0,0.23567879016103485,9,75.0,0.12331237695429784,2,37.0,0.4228803773134008,18,231.0
485.0,19,64.0,0.7710843373493976,5.282866133259392,7,95.0,0.22615179670259275,10,91.0,0.2584971375594761,2,17.0,0.5505963988379494,19,203.0
490.0,19,91.0,1.1097560975609757,5.883282646714935,9,120.0,0.17291040892131868,9,96.0,0.34825420917384176,1,11.0,0.47081117274372125,19,227.0
495.0,23,102.0,1.2289156626506024,4.834060419883597,11,168.0,0.10007884043340397,6,109.0,0.25151669361968937,6,29.0,0.2629028773111689,23,306.0
500.0,19,72.0,0.9863013698630136,4.375137982709465,9,174.0,0.22356712090767816,9,99.0,0.1667995518381652,1,26.0,0.5879694107695684,19,299.0
505.0,16,36.0,0.45569620253164556,5.111206113701175,5,109.0,0.26148789272254797,7,106.0,0.3044175740667256,4,9.0,0.4885741243224126,16,224.0
510.0,13,39.0,0.4588235294117647,6.382237259124201,3,123.0,0.2760493370847085,8,90.0,0.3376988166997898,2,13.0,0.723335250850933,13,226.0
515.0,17,99.0,1.1785714285714286,5.870775465442084,6,146.0,0.11828264631253364,9,98.0,0.3551444499361646,2,21.0,0.5482671261837784,17,265.0
520.0,23,110.0,1.3414634146341464,3.901163771771641,12,194.0,0.08653656148685383,10,107.0,0.19877439529418864,1,6.0,0.3913319122312803,23,307.0
525.0,20,106.0,1.394736842105263,4.206256163964308,8,200.0,0.20651238980826325,8,98.0,0.14654822521545127,4,18.0,0.5428358226411983,20,316.0
530.0,22,83.0,1.0246913580246915,4.365007252937522,6,151.0,0.2381304568206408,10,109.0,0.20490143120786614,6,38.0,0.40634485984367585,22,298.0
535.0,21,104.0,1.223529411764706,4.435569573159842,6,177.0,0.20517544938193302,9,114.0,0.20249833518949878,6,63.0,0.4219064454620948,21,354.0
540.0,19,70.0,0.8433734939759037,3.6650434142572355,11,220.0,0.06843961499264331,6,126.0,0.17191487479319048,2,49.0,0.3454690327702062,19,395.0
545.0,19,75.0,0.9036144578313253,4.251912081388417,9,227.0,0.18136678417237231,8,113.0,0.1704681105209895,2,13.0,0.4945176913731875,19,353.0
550.0,25,122.0,1.4352941176470588,5.214723554927623,6,156.0,0.3029761009953329,16,151.0,0.21916863636688633,3,15.0,0.5261243288650711,25,322.0
555.0,32,229.0,2.5164835164835164,5.522368363745476,4,125.0,0.3089174261877411,21,239.0,0.22334681468636022,7,42.0,0.42601164241799405,32,406.0
560.0,26,205.0,2.3563218390804597,5.387592698734042,4,98.0,0.36280132801268156,18,293.0,0.23628847965349256,4,44.0,0.42332627133442907,26,435.0
565.0,19,104.0,1.1818181818181819,5.170378646684718,4,90.0,0.23500232632061327,12,272.0,0.33089098055228183,3,19.0,0.24156422303413952,19,381.0
570.0,14,62.0,0.7380952380952381,6.291498003062688,6,111.0,0.25677059200683366,6,206.0,0.33206819633735757,2,20.0,0.3184214907369896,14,337.0
575.0,18,67.0,0.8701298701298701,4.993084974552651,5,115.0,0.25814160288490795,5,214.0,0.2544732527174045,8,47.0,0.2548375511729947,18,376.0
580.0,18,61.0,0.782051282051282,4.678958239475954,4,96.0,0.2947263378924383,9,224.0,0.2656225938329926,5,60.0,0.2984023973457701,18,380.0
585.0,17,57.0,0.7037037037037037,5.677363935666307,5,70.0,0.3679591026732043,12,234.0,0.2864795757191174,0,25.0,0.5761558644981285,17,329.0
590.0,17,71.0,0.7888888888888889,5.535625975288839,4,70.0,0.3089347437239863,12,206.0,0.3057610759137065,1,20.0,0.3190353764135483,17,296.0
595.0,22,146.0,1.6781609195402298,5.8092813679490956,5,72.0,0.3446365062477058,10,141.0,0.2707093409228498,7,43.0,0.25306631223707604,22,256.0
600.0,19,154.0,1.8780487804878048,5.013717333606247,0,43.0,0.3099243756469325,15,187.0,0.2651607086374757,4,54.0,0.19503083203947089,19,284.0
605.0,26,246.0,2.9285714285714284,5.780698257370273,4,40.0,0.33503090230624005,20,265.0,0.18650818907665573,2,26.0,0.4084780405012987,26,331.0
610.0,28,220.0,2.8205128205128207,4.986317763273886,4,51.0,0.3349722273565843,21,313.0,0.19774851581143205,3,25.0,0.3645417814544165,28,389.0
615.0,23,177.0,2.269230769230769,4.762750153663325,4,42.0,0.26510795059990505,14,296.0,0.2287977284529817,5,50.0,0.39905714991352037,23,388.0
620.0,18,149.0,1.9605263157894737,5.271220789033235,4,41.0,0.4058100024894254,14,255.0,0.2338077003303625,0,38.0,0.5681002367364388,18,334.0
625.0,20,111.0,1.2906976744186047,5.266154087352158,3,38.0,0.3776582488310764,14,257.0,0.2543651521474806,3,2.0,0.5306725452317286,20,297.0
630.0,19,69.0,0.7582417582417582,5.865043306107515,6,52.0,0.33210443052965827,11,280.0,0.27532443873252466,2,8.0,0.7304371951880909,19,340.0
635.0,13,57.0,0.59375,5.955433247187732,4,62.0,0.2548233139484843,7,242.0,0.3192793398893891,2,18.0,0.5986693068911849,13,322.0
640.0,13,69.0,0.7340425531914894,5.537504414153265,4,61.0,0.21911184472210796,9,251.0,0.29803573219959073,0,3.0,0.4312352199765508,13,315.0
645.0,20,79.0,0.8404255319148937,5.235008653269033,4,54.0,0.2737943710302569,11,257.0,0.21310713881938434,5,10.0,0.2969401195444007,20,321.0
650.0,22,89.0,0.978021978021978,4.1886227888142,3,45.0,0.231734626429585,11,235.0,0.14204047880254522,8,43.0,0.3263895964332239,22,323.0
655.0,21,79.0,0.8586956521739131,4.406193928079189,7,70.0,0.28330569662181476,12,282.0,0.11420190000645332,2,45.0,0.5138986378834608,21,397.0
660.0,19,56.0,0.6222222222222222,4.378922030515575,4,72.0,0.203714803497476,15,316.0,0.17120094513592463,0,12.0,0.6354539937734643,19,400.0
665.0,18,107.0,1.1758241758241759,5.718750748587209,4,41.0,0.23204849617369241,12,348.0,0.2812341024140096,2,6.0,0.5494479409137395,18,395.0
670.0,15,89.0,1.0,5.329344756044782,3,38.0,0.22334447966658635,11,345.0,0.20590118533631885,1,2.0,0.5895962764834273,15,385.0
675.0,22,106.0,1.1777777777777778,4.550210454155673,4,46.0,0.26303650537106144,16,300.0,0.13926936362398634,2,12.0,0.5163162762424349,22,358.0
680.0,28,198.0,2.25,4.7927088148915065,6,69.0,0.33636736185519667,19,272.0,0.15646138693709724,3,27.0,0.6262345532758018,28,368.0
685.0,38,280.0,3.0434782608695654,3.8957723168598744,13,111.0,0.33014433704367535,23,305.0,0.12306025319934563,2,13.0,0.43844237094640603,38,429.0
690.0,28,216.0,2.2736842105263158,4.667247836005065,8,112.0,0.3001191211849463,18,370.0,0.19559244770667708,2,9.0,0.6582780487822741,28,491.0
695.0,26,173.0,1.7474747474747474,5.024332860085508,14,134.0,0.15147179402324676,10,363.0,0.2740974124415464,2,3.0,0.5226120046230374,26,500.0
700.0,31,259.0,2.6161616161616164,4.965120676286093,20,223.0,0.047411504386498604,6,315.0,0.3368765456184035,5,17.0,0.29276751486815206,31,555.0
705.0,47,456.0,5.241379310344827,3.4498761947229797,27,341.0,0.05703493836186141,11,300.0,0.2641463701901844,9,54.0,0.2473777867263712,47,695.0
710.0,58,720.0,8.275862068965518,2.5795837854752204,30,483.0,0.04820677465264049,17,338.0,0.11731052250506563,11,108.0,0.14832270675883283,58,929.0
715.0,47,646.0,7.6,2.8823862401805997,27,565.0,0.06370560974346935,13,352.0,0.07521611996611105,7,122.0,0.2655033265282755,47,1039.0
720.0,29,392.0,4.962025316455696,4.387773114405909,19,563.0,0.14867995767039432,10,314.0,0.32808214290262117,0,81.0,0.4841482171375072,29,958.0
725.0,21,294.0,3.4186046511627906,5.116687617934284,17,645.0,0.19959298018996532,3,292.0,0.3509372094595382,1,63.0,0.5509067319559979,21,1000.0
730.0,28,280.0,3.111111111111111,5.2326292564226575,18,730.0,0.15783766652266937,5,313.0,0.37282265281951615,5,83.0,0.39933898023680076,28,1126.0
735.0,28,252.0,2.831460674157303,4.022090885092539,21,828.0,0.08063030070111842,3,289.0,0.2977232110788206,4,81.0,0.2402405274014227,28,1198.0
740.0,22,130.0,1.5662650602409638,4.347214552085352,15,835.0,0.1756954141398868,6,238.0,0.25680693391225196,1,36.0,0.5361253700031995,22,1109.0
745.0,20,82.0,0.9111111111111111,5.4028126969274135,9,699.0,0.19486872004242134,8,179.0,0.3865727976472701,3,6.0,0.5034343761024394,20,884.0
750.0,17,59.0,0.6210526315789474,6.456505207238042,8,570.0,0.22069742602010495,7,164.0,0.3931563389575717,2,11.0,0.7459107381910647,17,745.0
755.0,12,35.0,0.35714285714285715,5.770520440805432,7,591.0,0.20037631249915566,4,149.0,0.293366180389201,1,3.0,0.5921685851722951,12,743.0
760.0,22,66.0,0.6947368421052632,4.433958974241973,12,637.0,0.1326040571278542,5,128.0,0.19244682633362165,5,17.0,0.24931296008620582,22,782.0
765.0,26,78.0,0.8863636363636364,3.924475714482024,9,629.0,0.24469662439635653,12,107.0,0.13576665791688428,5,30.0,0.40303177039185645,26,766.0
770.0,21,104.0,1.1555555555555554,4.954394513246718,4,528.0,0.3133204297436222,15,129.0,0.22473168500073468,2,23.0,0.5061602800419417,21,680.0
775.0,22,115.0,1.2105263157894737,5.559298870499941,4,409.0,0.3845262995698939,15,172.0,0.22939610536480337,3,18.0,0.5648694713660118,22,599.0
780.0,18,92.0,0.9583333333333334,5.426053459810972,1,404.0,0.27026760916630316,12,180.0,0.2380606319367306,5,36.0,0.3018754235016781,18,620.0
785.0,16,54.0,0.5684210526315789,4.2288863260830025,7,428.0,0.1738488282413395,5,211.0,0.19228718185314736,4,39.0,0.20737699028255843,16,678.0
790.0,27,122.0,1.4022988505747127,4.211752193793163,15,483.0,0.18904596863456957,11,235.0,0.1737345364499456,1,30.0,0.5513119280636921,27,748.0
795.0,31,203.0,2.182795698924731,3.8887740449020143,17,560.0,0.14408427947296615,13,255.0,0.18591476427714285,1,14.0,0.5218089138497265,31,829.0
800.0,28,189.0,2.0106382978723403,4.4225459396409645,15,563.0,0.1785487630069907,11,243.0,0.2074159848797509,2,15.0,0.5230621674024919,28,821.0
805.0,25,107.0,1.1145833333333333,3.8925005664398356,11,424.0,0.09650616184074205,7,273.0,0.17963491149754232,7,33.0,0.21592102480613354,25,730.0
810.0,24,119.0,1.2934782608695652,4.869472804151833,11,342.0,0.28626085833032616,10,289.0,0.23663500230557388,3,40.0,0.4408924947597174,24,671.0
815.0,17,77.0,0.8279569892473119,4.731172903042935,8,356.0,0.26075963907130606,9,274.0,0.1969858679225595,0,22.0,0.6620516075880926,17,652.0
820.0,23,93.0,0.9587628865979382,4.883716696892699,12,414.0,0.2035245468209501,10,229.0,0.19027900314665977,1,24.0,0.4326690081782829,23,667.0
825.0,18,63.0,0.6923076923076923,4.566420890680348,6,384.0,0.2002514885214682,7,246.0,0.17470220588954347,5,41.0,0.38911848313486125,18,671.0
830.0,17,61.0,0.7093023255813954,4.056296056996772,4,290.0,0.26938007835730005,8,244.0,0.1810166259758481,5,50.0,0.35990815333680715,17,584.0
835.0,22,110.0,1.1956521739130435,5.477388408347707,4,184.0,0.3949619001508704,16,276.0,0.21903483670128077,2,34.0,0.572760307189582,22,494.0
840.0,24,209.0,2.2717391304347827,5.5135647920723585,3,137.0,0.3226109326638244,20,355.0,0.2333511317290175,1,18.0,0.6700298038774762,24,510.0
845.0,20,175.0,1.8041237113402062,4.991439084532445,2,120.0,0.30553406677218653,18,382.0,0.21102574781743974,0,10.0,0.5515584694336484,20,512.0
850.0,24,149.0,1.5204081632653061,5.5250911307954835,7,138.0,0.23475574935227758,13,312.0,0.2169023289404326,4,22.0,0.4117072407177494,24,472.0
855.0,22,89.0,0.967391304347826,4.1548071003568205,6,143.0,0.20213868460929463,7,349.0,0.13849857590368975,9,58.0,0.1430169228152069,22,550.0
860.0,18,85.0,1.0493827160493827,4.494746001681805,2,107.0,0.37960124459901207,10,378.0,0.19205227966751084,6,76.0,0.34490979431939417,18,561.0
865.0,28,131.0,1.4395604395604396,4.640910268952546,6,115.0,0.2814543832368313,17,442.0,0.1900303228597316,5,57.0,0.4517621023804292,28,614.0
870.0,28,232.0,2.5217391304347827,5.281720850188274,4,134.0,0.2895631394029499,22,529.0,0.2215611208985918,2,34.0,0.47740228618684233,28,697.0
875.0,27,250.0,2.808988764044944,4.412719449741506,8,165.0,0.1333714667559485,19,547.0,0.26324733239610804,0,31.0,0.38057340540511464,27,743.0
880.0,30,231.0,2.510869565217391,4.24925246124473,14,222.0,0.09579933089436975,12,460.0,0.19166778439372317,4,42.0,0.3159484746390141,30,724.0
885.0,22,130.0,1.4942528735632183,3.7782942811477898,12,245.0,0.14625967494547978,6,422.0,0.17050698778356635,4,48.0,0.2967583391997945,22,715.0
890.0,23,103.0,1.1704545454545454,4.249494568792897,10,186.0,0.16639121026151021,8,432.0,0.2934670680903571,5,41.0,0.30897376155286777,23,659.0
895.0,24,96.0,1.0434782608695652,4.5116158659816605,9,175.0,0.2689074340425223,12,398.0,0.2528895335323459,3,52.0,0.334517265785371,24,625.0
900.0,21,101.0,1.086021505376344,5.1958615807068025,7,176.0,0.2644639479314061,9,303.0,0.3193731242390028,5,69.0,0.23605366538903258,21,548.0
905.0,24,116.0,1.2340425531914894,4.08233595614905,9,221.0,0.19754673666836753,5,310.0,0.18552661998005623,10,108.0,0.1684185150085602,24,639.0
910.0,34,218.0,2.6265060240963853,3.347677081654927,10,264.0,0.27460169685125824,10,305.0,0.14221361063469948,14,171.0,0.2853541779546354,34,740.0
915.0,26,175.0,1.9230769230769231,2.921398710253235,6,261.0,0.27193057947210497,10,267.0,0.09049874759152823,10,195.0,0.1927718086452215,26,723.0
920.0,25,119.0,1.2934782608695652,4.821836933114883,4,219.0,0.33893557646795797,12,187.0,0.22378885582316863,9,179.0,0.27743822227819614,25,585.0
925.0,28,131.0,1.3645833333333333,5.336702226211126,9,241.0,0.1266298909220438,8,123.0,0.3825769577503624,11,161.0,0.22897226213828437,28,525.0
930.0,17,74.0,0.7872340425531915,5.178798352017976,9,285.0,0.12626504756771734,7,131.0,0.36933072903115505,1,160.0,0.3792616983936301,17,576.0
935.0,23,76.0,0.8539325842696629,4.57950046011378,8,292.0,0.18922588845530697,10,120.0,0.20079799302623488,5,170.0,0.41605794299776694,23,582.0
940.0,19,62.0,0.6813186813186813,4.344801567899212,5,240.0,0.22997465889920748,10,141.0,0.20275069966914977,4,163.0,0.2993578258053113,19,544.0
945.0,19,70.0,0.7526881720430108,5.2703055323856836,4,188.0,0.2803157357583367,12,143.0,0.2659934613944168,3,132.0,0.3037494531520202,19,463.0
950.0,10,37.0,0.3854166666666667,4.9836369840462025,1,176.0,0.1647486563342827,7,164.0,0.28915322941706173,2,80.0,0.3229437839301277,10,420.0
955.0,17,73.0,0.7934782608695652,5.633825890692856,6,199.0,0.26759184169843003,9,153.0,0.19451789879649733,2,47.0,0.6285159437082355,17,399.0
960.0,19,82.0,0.8817204301075269,4.81802650070771,4,193.0,0.26088941096369095,12,161.0,0.13506686329055637,3,36.0,0.49996340925736377,19,390.0
965.0,18,60.0,0.6451612903225806,5.2031192717468775,5,163.0,0.305398282186649,12,144.0,0.18046532152710953,1,23.0,0.43127567030707464,18,330.0
970.0,22,99.0,1.1,5.572703366636911,4,144.0,0.22891942322787318,12,156.0,0.26546979505178403,6,34.0,0.3161503882882382,22,334.0
975.0,28,178.0,2.022727272727273,4.803320573892072,7,168.0,0.13020659545546176,15,196.0,0.20412171549209088,6,44.0,0.21133962497616518,28,408.0
980.0,30,291.0,3.6375,5.2360653048531915,10,208.0,0.1452480298469249,18,261.0,0.20191235172819913,2,32.0,0.5048653597776082,30,501.0
985.0,25,221.0,2.8701298701298703,4.243447113346687,8,204.0,0.08810992561973235,12,272.0,0.21639631016686603,5,18.0,0.38548705158700425,25,494.0
990.0,16,92.0,1.2266666666666666,5.804764739454524,7,126.0,0.241294040681066,8,221.0,0.3456119521831447,1,12.0,0.6236734694538726,16,359.0
995.0,11,32.0,0.4,5.934611094035899,6,140.0,0.27846959417035005,3,215.0,0.31919403574986677,2,17.0,0.6483321465221802,11,372.0
1000.0,17,53.0,0.6309523809523809,5.648370432026512,7,170.0,0.23435487626554016,10,231.0,0.22343189781411896,0,2.0,0.6245193024224718,17,403.0
1005.0,19,86.0,1.131578947368421,4.739822677899426,10,211.0,0.14719400273245567,9,227.0,0.21198708284487902,0,0.0,0.799419948013223,19,438.0
1010.0,17,75.0,0.9868421052631579,4.245425565400898,8,216.0,0.17811329548694213,8,180.0,0.25367903535278274,1,3.0,0.52241858051896,17,399.0
1015.0,19,94.0,1.1604938271604939,6.017076636747568,6,181.0,0.3170615675981856,11,137.0,0.3070171268357528,2,3.0,0.675139421755385,19,321.0
1020.0,17,61.0,0.7261904761904762,5.350251136185618,7,205.0,0.2210387263626497,8,148.0,0.23931171247902058,2,11.0,0.6880745395835429,17,364.0
1025.0,23,97.0,1.0898876404494382,4.425699043567833,12,253.0,0.16400535330298688,7,128.0,0.1856465867317578,4,25.0,0.3424921750615138,23,406.0
1030.0,33,215.0,2.5595238095238093,3.8816515895634374,15,319.0,0.10558761134830062,10,152.0,0.18534662377851355,8,54.0,0.29954959201931625,33,525.0
1035.0,39,310.0,3.7349397590361444,3.751906250496454,15,343.0,0.0835103357539449,13,210.0,0.20044980200047852,11,103.0,0.17994961073407378,39,656.0
1040.0,22,182.0,2.3636363636363638,4.353447422426171,7,289.0,0.18421688214296028,10,216.0,0.25208932169081094,5,107.0,0.32272962423144097,22,612.0
1045.0,20,89.0,1.0987654320987654,5.072888283561609,9,229.0,0.19515152228065483,7,153.0,0.3443908614775719,4,43.0,0.4103224828006796,20,425.0
1050.0,13,41.0,0.47674418604651164,6.354832643479025,7,250.0,0.30139309422601057,4,130.0,0.3800998058239002,2,12.0,0.6754627243103747,13,392.0
1055.0,15,49.0,0.550561797752809,6.681359024226467,9,287.0,0.26417946845540513,5,116.0,0.38334456607369405,1,3.0,0.5983071641418671,15,406.0
1060.0,17,70.0,0.813953488372093,5.74489226379415,6,283.0,0.16305401047389287,7,131.0,0.3273695402670713,4,15.0,0.2753478851284618,17,429.0
1065.0,13,45.0,0.5921052631578947,5.123618996154863,2,236.0,0.2680653935733235,9,140.0,0.2383053863703323,2,20.0,0.3988233638852829,13,396.0
1070.0,17,53.0,0.6794871794871795,5.49771787763487,3,174.0,0.31103139065509816,11,135.0,0.2921890496110569,3,4.0,0.46722345664485054,17,313.0
1075.0,17,78.0,0.9285714285714286,6.437457340572869,2,176.0,0.38734955465803117,13,127.0,0.26966753659633497,2,3.0,0.7287294987926091,17,306.0
1080.0,19,143.0,1.6627906976744187,6.346139849598596,4,190.0,0.32358173818075747,13,165.0,0.26513790473459625,2,9.0,0.703620387732098,19,364.0
1085.0,16,98.0,1.1529411764705881,5.0647654576263825,4,183.0,0.2991015402721868,12,184.0,0.19255735328456824,0,4.0,0.56035818896733,16,371.0
1090.0,16,53.0,0.6309523809523809,5.526808195535346,2,145.0,0.3279689064681396,13,183.0,0.24273205080964835,1,0.0,0.49892272994757264,16,328.0
1095.0,12,32.0,0.37209302325581395,5.412785809479859,3,133.0,0.20323634631229803,7,214.0,0.2819809971931218,2,3.0,0.443128756740264,12,350.0
1100.0,17,74.0,0.8409090909090909,5.61718645370596,5,155.0,0.27258525335842937,10,207.0,0.23397221037000474,2,15.0,0.6713020358554053,17,377.0
1105.0,26,144.0,1.5824175824175823,4.444872750629683,6,143.0,0.2426566743197884,15,254.0,0.15740436009845923,5,25.0,0.46388023045897286,26,422.0
1110.0,31,264.0,3.0344827586206895,5.331011029146679,4,113.0,0.37793645901522843,23,351.0,0.2146988387134578,4,44.0,0.5998897980628439,31,508.0
1115.0,26,336.0,3.9069767441860463,4.576454721098267,2,110.0,0.3094839236184866,24,467.0,0.1913639940591877,0,17.0,0.5429871590202575,26,594.0
1120.0,30,335.0,3.641304347826087,4.165381287402502,8,138.0,0.16420960542970986,19,494.0,0.18411633886918238,3,11.0,0.3944214218705044,30,643.0
1125.0,29,227.0,2.5795454545454546,3.751235006739634,10,145.0,0.14809187053444045,11,427.0,0.15602742828489088,8,44.0,0.31670751261923874,29,616.0
1130.0,22,135.0,1.5517241379310345,4.215942105099093,6,117.0,0.1544268555192767,5,296.0,0.3345119518920051,11,92.0,0.11588413750649335,22,505.0
1135.0,17,88.0,1.0476190476190477,4.725081289512928,3,103.0,0.22660133257515358,3,295.0,0.3869840555684057,11,118.0,0.19348682433094647,17,516.0
1140.0,18,86.0,1.048780487804878,4.603252009760901,7,133.0,0.156416393784165,7,301.0,0.29431946944877546,4,103.0,0.3740356127819878,18,537.0
1145.0,25,108.0,1.2272727272727273,3.818264697689007,12,184.0,0.15642906685916264,11,280.0,0.22017467679390784,2,100.0,0.33161836820300916,25,564.0
1150.0,28,194.0,2.2298850574712645,4.107043550991699,16,253.0,0.14757629252963259,6,167.0,0.21895719592540272,6,122.0,0.3016254316503277,28,542.0
1155.0,25,161.0,1.8089887640449438,3.431076440313932,16,278.0,0.09999158053911451,4,171.0,0.19761874856529035,5,118.0,0.21199932226588566,25,567.0
1160.0,22,113.0,1.3294117647058823,4.770865478022855,12,239.0,0.24218628443857282,8,184.0,0.290422878500701,2,64.0,0.443123432511664,22,487.0
1165.0,28,98.0,1.0315789473684212,4.397348474570171,13,251.0,0.17224386960420907,10,162.0,0.29721814449236733,5,64.0,0.3014976223563363,28,477.0
1170.0,27,127.0,1.3229166666666667,5.048938551455936,15,319.0,0.14961132595053875,7,97.0,0.28813039792808676,5,84.0,0.30445781115528175,27,500.0
1175.0,29,162.0,1.9058823529411764,4.003538695446202,12,339.0,0.1259706105366324,6,86.0,0.2048236231219248,11,126.0,0.11620699675481803,29,551.0
1180.0,25,147.0,1.7926829268292683,4.82499905577556,6,260.0,0.17697138745144023,11,117.0,0.38257037550593864,8,131.0,0.14848215826607902,25,508.0
1185.0,16,144.0,1.8227848101265822,6.130641608918082,4,267.0,0.22064191905639075,10,153.0,0.42230288245641584,2,83.0,0.4362449365350327,16,503.0
1190.0,17,95.0,1.1585365853658536,5.492602417110773,8,295.0,0.11977189692277103,8,145.0,0.34404147274705144,1,32.0,0.4356863392835964,17,472.0
1195.0,18,107.0,1.3717948717948718,6.476511702456535,11,346.0,0.22615206127406004,5,91.0,0.4306481459339711,2,26.0,0.7012945018354267,18,463.0
1200.0,12,84.0,1.105263157894737,5.942411460809768,8,336.0,0.24141156122045973,4,46.0,0.4421965126535706,0,9.0,0.5928059037279839,12,391.0
1205.0,14,47.0,0.5662650602409639,5.869667435981303,7,272.0,0.3041959307240723,4,40.0,0.32314274748968047,3,23.0,0.5576323660487937,14,335.0
1210.0,17,51.0,0.6071428571428571,5.2163180439393315,8,297.0,0.2064613549636655,8,46.0,0.309653136230207,1,12.0,0.44421022064166693,17,355.0
1215.0,19,69.0,0.8023255813953488,4.702601790862014,13,349.0,0.09099080097432488,4,56.0,0.31218114353625165,2,4.0,0.3397040731239994,19,409.0
1220.0,19,70.0,0.8536585365853658,5.10563874851625,11,358.0,0.2048206176188906,7,44.0,0.28991483051107114,1,3.0,0.5902387989363621,19,405.0
1225.0,22,48.0,0.5647058823529412,5.211628117992642,7,305.0,0.21340571465476363,9,65.0,0.3030615451532169,6,17.0,0.5073813647309424,22,387.0
1230.0,13,66.0,0.7857142857142857,4.815485729046513,3,286.0,0.19852508547519243,6,64.0,0.2821266712585982,4,37.0,0.4095882658807934,13,387.0
1235.0,26,164.0,2.0,4.39531201948595,8,317.0,0.08972777401371872,10,82.0,0.29270158307002486,8,72.0,0.17137255873042803,26,471.0
1240.0,29,223.0,2.7195121951219514,4.151235069099892,13,373.0,0.07877506179764826,11,130.0,0.21695530125681456,5,75.0,0.2675324992728802,29,578.0
1245.0,24,218.0,3.0277777777777777,4.374104887519408,16,448.0,0.11102774561255599,8,138.0,0.23262843461714908,0,33.0,0.5859469290060707,24,619.0
1250.0,18,153.0,2.04,4.498627755707533,13,459.0,0.16004546138503414,4,90.0,0.4179837682711327,1,36.0,0.39570340685807676,18,585.0
1255.0,21,89.0,1.0987654320987654,5.4197049620871836,12,388.0,0.2375154652820561,3,85.0,0.3745732088582007,6,58.0,0.4978830373309831,21,531.0
1260.0,22,95.0,1.1728395061728396,4.518564322292707,11,389.0,0.14546675481718785,9,100.0,0.3761182513068731,2,53.0,0.28751732753153547,22,542.0
1265.0,26,165.0,1.9411764705882353,5.553991108757361,14,449.0,0.11550980169390294,10,149.0,0.37955577239210203,2,24.0,0.40455743929199783,26,622.0
1270.0,31,252.0,3.272727272727273,4.652337493313731,17,531.0,0.11618997943720231,12,204.0,0.21698332396031875,2,6.0,0.43042955102113806,31,741.0
1275.0,37,400.0,5.194805194805195,3.5070504512335843,17,621.0,0.06763198813826356,14,272.0,0.12694736291615888,6,25.0,0.26245411301200405,37,918.0
1280.0,38,445.0,6.180555555555555,2.8965888316619917,19,714.0,0.11001131880493256,12,271.0,0.17875360108612573,7,55.0,0.2932394694887593,38,1040.0
1285.0,29,249.0,3.1923076923076925,2.9071938978405862,19,708.0,0.11343231059108616,5,159.0,0.2856462728380969,5,51.0,0.3015534281483403,29,918.0
1290.0,25,168.0,2.0,5.661070966542667,16,592.0,0.23162023762384853,7,93.0,0.43380607118862735,2,25.0,0.6294073331652783,25,710.0
1295.0,19,121.0,1.375,5.688660665974044,12,426.0,0.21585878486974303,5,102.0,0.4040106976742975,2,18.0,0.5908938865931328,19,546.0
1300.0,21,115.0,1.1979166666666667,6.048153501399888,12,462.0,0.20640383594962503,5,98.0,0.4278610486089012,4,32.0,0.435381790168425,21,592.0
1305.0,19,86.0,0.9555555555555556,4.869229047854842,13,520.0,0.15785475293766638,5,68.0,0.2776575561066456,1,18.0,0.33223284343501286,19,606.0
1310.0,25,125.0,1.4880952380952381,4.055583300405382,17,594.0,0.1657122312272666,7,64.0,0.22916537860266234,1,4.0,0.4346019329881652,25,662.0
1315.0,31,168.0,1.9764705882352942,4.720176410499488,11,569.0,0.26762432909787764,15,94.0,0.24505906084952325,5,11.0,0.5074151357054071,31,674.0
1320.0,27,135.0,1.5168539325842696,4.620601590584718,6,484.0,0.2551918252016761,14,138.0,0.21610192491160457,7,36.0,0.40018543601580725,27,658.0
1325.0,22,80.0,0.851063829787234,3.907857316933602,7,512.0,0.15655555394417137,11,145.0,0.18883805887605143,4,46.0,0.2451544876384018,22,703.0
1330.0,20,99.0,1.076086956521739,5.03552964225741,11,559.0,0.12007340704941924,6,137.0,0.3681358646526732,3,27.0,0.34726869376558506,20,723.0
1335.0,27,192.0,2.206896551724138,5.165854828680108,18,632.0,0.05658723489322929,7,133.0,0.494153722935684,2,13.0,0.3702665202197189,27,778.0
1340.0,19,133.0,1.6419753086419753,4.57787207630898,15,634.0,0.12456456627997811,4,106.0,0.27276831682020697,0,9.0,0.4966380652802325,19,749.0
1345.0,24,81.0,0.9878048780487805,5.081109533797598,11,483.0,0.16480210135143267,6,88.0,0.34168047542026736,7,27.0,0.44110611552004786,24,598.0
1350.0,16,91.0,1.1375,6.127727537879796,8,396.0,0.3161655951493409,7,81.0,0.3642348010504325,1,28.0,0.5996177330984424,16,505.0
1355.0,18,109.0,1.2976190476190477,6.153776882628039,6,401.0,0.31117525664885304,11,124.0,0.4074194764630324,1,2.0,0.645414363486427,18,527.0
1360.0,25,196.0,2.202247191011236,5.662751581153808,10,446.0,0.2336615081684251,13,182.0,0.32922167589529444,2,6.0,0.5834627050362275,25,634.0
1365.0,30,316.0,3.550561797752809,4.783285277487993,13,510.0,0.20135659964634678,17,257.0,0.15600996270814382,0,0.0,0.7648598572854761,30,767.0
1370.0,39,418.0,4.644444444444445,3.8224145544398116,15,505.0,0.12209445115875393,22,358.0,0.041173697922541386,2,5.0,0.6532542330050349,39,868.0
1375.0,38,501.0,5.894117647058824,3.4141071114157966,13,427.0,0.19081551384564102,24,477.0,0.07527687909502347,1,5.0,0.5037306386831352,38,909.0
1380.0,37,612.0,7.116279069767442,3.357212579193811,13,457.0,0.11838460808249099,24,597.0,0.18687611313769814,0,0.0,0.3767814602372741,37,1054.0
1385.0,35,481.0,5.228260869565218,3.639464457968869,15,526.0,0.1166609765716197,18,610.0,0.19636545686362947,2,2.0,0.4274325790820008,35,1138.0
1390.0,29,295.0,3.352272727272727,3.9365160695100196,16,602.0,0.11689218338405327,9,493.0,0.22737480324335435,4,17.0,0.44082364578163946,29,1112.0
1395.0,26,187.0,2.077777777777778,3.4549392732200994,21,701.0,0.06867782608013556,3,512.0,0.17310072973753898,2,19.0,0.3831887583415172,26,1232.0
1400.0,31,217.0,2.6463414634146343,3.994501596053025,21,713.0,0.15033845407193402,9,543.0,0.19290979405584074,1,14.0,0.8073343787221484,31,1270.0
1405.0,40,237.0,2.6043956043956045,3.1866895575283496,19,635.0,0.08804563093761428,17,606.0,0.20085426087535746,4,14.0,0.3868545815832014,40,1255.0
1410.0,42,329.0,3.5760869565217392,3.7377589668498046,18,723.0,0.10741775112036275,21,697.0,0.22665512457161588,3,24.0,0.6138383993500878,42,1444.0
1415.0,42,342.0,3.8,3.6129956577588365,20,824.0,0.08014372538221964,19,692.0,0.21265120874127907,3,39.0,0.38240900287237045,42,1555.0
1420.0,28,178.0,1.956043956043956,3.7297825586693456,15,817.0,0.0940964186658522,12,519.0,0.16099100223328894,1,20.0,0.3775878757161063,28,1356.0
1425.0,16,73.0,0.8690476190476191,5.490386308238901,7,700.0,0.16001807416981534,7,347.0,0.3468881391857112,2,9.0,0.5255938176899735,16,1056.0
1430.0,18,115.0,1.369047619047619,6.043791036281223,7,537.0,0.1635338593871137,8,160.0,0.44527550089767753,3,23.0,0.386343488967868,18,720.0
1435.0,14,128.0,1.6623376623376624,5.880144871030399,5,533.0,0.22034511894599215,8,149.0,0.40289408028788287,1,7.0,0.5292265871466555,14,689.0
1440.0,18,196.0,2.7222222222222223,5.617038456670841,8,566.0,0.16399184945101125,10,172.0,0.3289514348636585,0,0.0,0.6658349393589331,18,738.0
1445.0,26,308.0,4.4,4.2257931662185655,13,622.0,0.11594077748549794,12,228.0,0.22731356183326348,1,1.0,0.595822735196522,26,851.0
1450.0,29,279.0,4.164179104477612,4.042515761582609,19,705.0,0.1348622376562216,8,222.0,0.24886013532578058,2,8.0,0.6084327183967917,29,935.0
1455.0,21,176.0,2.4444444444444446,3.6853181223691758,17,711.0,0.15271015547358252,3,130.0,0.25878179408130336,1,9.0,0.4807489126337311,21,850.0
1460.0,18,120.0,1.5789473684210527,6.107812385016849,12,610.0,0.2510372236216039,5,46.0,0.5187681885354372,1,9.0,0.728634455963693,18,665.0
1465.0,16,62.0,0.7209302325581395,5.616221212114187,11,427.0,0.168847251947197,2,45.0,0.4552009087461443,3,2.0,0.6160370289306094,16,474.0
1470.0,19,97.0,1.0898876404494382,6.6441506135676685,11,347.0,0.2719768119709328,7,58.0,0.4417072738003828,1,3.0,0.4994535886732927,19,408.0
1475.0,14,41.0,0.4939759036144578,5.2996316138830455,6,306.0,0.29875637250124937,8,64.0,0.25911426028002543,0,4.0,0.360146927906435,14,374.0
1480.0,19,64.0,0.7529411764705882,5.244456321145836,8,334.0,0.2569631477679047,9,53.0,0.2225353290457374,2,7.0,0.5308581039465056,19,394.0
1485.0,22,110.0,1.3253012048192772,6.063696973529659,8,316.0,0.37595069876500886,12,81.0,0.26702284678170074,2,7.0,0.6376119261987544,22,404.0
1490.0,23,170.0,1.9101123595505618,5.452058593574216,5,249.0,0.3118956331628895,14,144.0,0.28103330369038143,4,24.0,0.41087724206415327,23,417.0
1495.0,31,280.0,3.076923076923077,4.873491181090912,5,217.0,0.28847281458019414,19,224.0,0.15871622192425222,7,55.0,0.4384517684563513,31,496.0
1500.0,27,225.0,2.5,3.8677609449678547,5,237.0,0.1927871574277576,18,276.0,0.15095632306288315,4,60.0,0.2618258990786383,27,573.0
1505.0,17,102.0,1.108695652173913,4.397251735277219,5,219.0,0.15111312642211774,8,227.0,0.26100756673489106,4,44.0,0.25718733483086686,17,490.0
1510.0,9,20.0,0.22988505747126436,5.488086266117484,3,159.0,0.18739677615583042,2,156.0,0.44421693139114377,4,56.0,0.28233590726632185,9,371.0
1515.0,13,41.0,0.45555555555555555,5.0842924692892435,3,145.0,0.1680827134281619,3,149.0,0.43452560994117667,7,83.0,0.18912774182053443,13,377.0
1520.0,21,76.0,0.9156626506024096,4.210406947605769,7,171.0,0.19819851631533103,9,165.0,0.25759239845775167,5,89.0,0.30804218689617985,21,425.0
1525.0,34,174.0,2.0470588235294116,3.896100013470281,16,229.0,0.12959919707166676,11,211.0,0.2734486799779214,7,60.0,0.3250029686430888,34,500.0
1530.0,31,229.0,2.5444444444444443,3.6668236699633905,20,316.0,0.1354931454408283,9,208.0,0.21956249415432924,2,73.0,0.30003195487408363,31,597.0
1535.0,34,210.0,2.234042553191489,3.8092764246770887,20,359.0,0.09110112032143439,8,143.0,0.2306715798784702,6,97.0,0.18277885709461247,34,599.0
1540.0,30,201.0,2.1157894736842104,4.2986808179350415,15,336.0,0.1281286668724483,4,53.0,0.3131465271968658,11,141.0,0.14897031714789058,30,530.0
1545.0,26,176.0,2.0,5.366212396504152,11,258.0,0.17229466285444175,6,68.0,0.5315466895697845,9,157.0,0.21639241395795486,26,483.0
1550.0,22,169.0,1.8777777777777778,6.048208750790746,10,219.0,0.21728409977028376,7,96.0,0.46987408760574984,5,109.0,0.24318318533426322,22,424.0
1555.0,10,33.0,0.38372093023255816,7.101399811435275,3,181.0,0.276891590158192,3,83.0,0.4908634944998483,4,82.0,0.42832888028867677,10,346.0
1560.0,10,27.0,0.3333333333333333,6.81647099658555,6,201.0,0.2533095650542615,3,23.0,0.3934840444218626,1,63.0,0.5078887838720265,10,287.0
1565.0,10,27.0,0.32926829268292684,6.084567506592224,4,191.0,0.3276578189185034,1,8.0,0.34440150277147286,5,77.0,0.36491366198163483,10,276.0
1570.0,16,72.0,0.9473684210526315,6.056708682584255,1,134.0,0.34666299778683496,6,29.0,0.32501127146920566,9,112.0,0.34673076540786235,16,275.0
1575.0,23,122.0,1.5443037974683544,4.718276519284207,3,96.0,0.2424364011895559,9,50.0,0.2932349006695064,11,159.0,0.15968602635570708,23,305.0
1580.0,17,102.0,1.3246753246753247,5.573646903008385,2,76.0,0.3936132051372983,7,58.0,0.2912041662883911,8,167.0,0.3889861812914659,17,301.0
1585.0,16,81.0,0.9418604651162791,5.885671930145327,2,52.0,0.4362291001140173,9,79.0,0.3166331488003466,5,110.0,0.3638495755113704,16,241.0
1590.0,14,42.0,0.4827586206896552,5.678956450589182,2,58.0,0.47821626452438465,9,91.0,0.2666901357411317,3,111.0,0.32746790771396583,14,260.0
1595.0,21,79.0,0.9294117647058824,5.185029558463289,8,82.0,0.26336714279837,5,69.0,0.30030698192618543,8,139.0,0.24173542194031938,21,290.0
1600.0,22,98.0,1.1264367816091954,4.4076667451410865,7,95.0,0.18174204788679488,9,65.0,0.21621894774565073,6,132.0,0.19064746843752753,22,292.0
1605.0,18,71.0,0.8765432098765432,5.358295156524887,4,82.0,0.3298767495180401,10,92.0,0.2948414681754297,4,82.0,0.364075346387488,18,256.0
1610.0,17,63.0,0.7325581395348837,5.702110618670367,5,55.0,0.32239824417727725,11,115.0,0.29854726360733475,1,45.0,0.37681050988118175,17,215.0
1615.0,16,92.0,1.010989010989011,6.378089500258976,1,59.0,0.4396348071345296,14,146.0,0.28480922157839683,1,44.0,0.5276371371102245,16,249.0
1620.0,22,108.0,1.2,5.053730078739282,4,73.0,0.3470447811948808,14,180.0,0.190224234220119,4,58.0,0.2952935021318272,22,311.0
1625.0,27,135.0,1.5,3.7529382975243277,8,103.0,0.16134838554748965,12,189.0,0.14687347109779694,7,88.0,0.18179390799812903,27,380.0
1630.0,28,162.0,1.9285714285714286,3.333602538767981,14,158.0,0.12086297871143124,7,189.0,0.16145291618256677,7,95.0,0.2467247582333502,28,442.0
1635.0,28,142.0,1.6705882352941177,3.886342804912033,12,193.0,0.21440777659551266,10,181.0,0.19691843009499307,6,88.0,0.32564938352501727,28,462.0
1640.0,21,106.0,1.1910112359550562,5.4953296597133345,9,179.0,0.35778207698568887,9,186.0,0.2926977018938542,3,68.0,0.4190879464710105,21,433.0
1645.0,22,90.0,0.9183673469387755,5.540337170053985,9,177.0,0.2643437975106525,9,162.0,0.27031547508615056,4,49.0,0.3224237907408791,22,388.0
1650.0,18,96.0,1.0105263157894737,5.336541816405963,8,210.0,0.20526952426610431,6,166.0,0.1803317622931457,4,55.0,0.4595591342757576,18,431.0
1655.0,19,112.0,1.2584269662921348,4.947523802512449,5,213.0,0.23234984344634865,10,154.0,0.17654698092847051,4,64.0,0.5006033805842887,19,431.0
1660.0,23,184.0,1.978494623655914,5.4431925900634495,2,171.0,0.32952054157563765,15,189.0,0.2164122156459475,6,92.0,0.4484809651672349,23,452.0
1665.0,23,185.0,1.9680851063829787,5.564823909762915,2,173.0,0.3441439980501478,21,266.0,0.21727096868948667,0,54.0,0.5661771600888629,23,493.0
1670.0,32,325.0,3.3854166666666665,5.107117121404561,5,193.0,0.23130127302383316,24,371.0,0.10441004817051981,3,7.0,0.5087621289888897,32,571.0
1675.0,31,314.0,3.5280898876404496,4.03859622883195,6,190.0,0.2258649163708811,19,414.0,0.045373153134946165,6,26.0,0.41380080284305626,31,630.0
1680.0,23,204.0,2.5185185185185186,4.096818803007678,3,154.0,0.21932992133514015,11,370.0,0.1902864106137343,9,58.0,0.19750766663393426,23,582.0
1685.0,17,105.0,1.2209302325581395,5.7996434559186145,6,114.0,0.23029116102293185,5,262.0,0.3734060867690567,6,68.0,0.23843134577903788,17,444.0
1690.0,10,49.0,0.6125,6.614007636269403,5,103.0,0.28731868745168926,2,264.0,0.44962846085510316,3,62.0,0.43333854425444057,10,429.0
1695.0,11,31.0,0.3780487804878049,5.984852582808086,3,83.0,0.2400566698628383,6,262.0,0.34803339475467493,2,44.0,0.5347477869428107,11,389.0
1700.0,18,104.0,1.2093023255813953,6.898857895171502,4,101.0,0.27241953934852936,12,296.0,0.3036325417724887,2,37.0,0.7112901918455743,18,434.0
1705.0,29,182.0,2.1411764705882352,5.404333706846462,4,94.0,0.27950300030125375,19,371.0,0.24499797214969576,6,28.0,0.4940364699726947,29,493.0
1710.0,27,298.0,3.5058823529411764,5.540601073674481,3,80.0,0.3563130944724118,20,469.0,0.23003666612036375,4,46.0,0.5638132740423796,27,595.0
1715.0,23,236.0,2.776470588235294,5.335063279252329,4,58.0,0.28001406473399054,19,485.0,0.26931778342566287,0,18.0,0.4874011479796511,23,561.0
1720.0,20,155.0,1.7415730337078652,6.139083225431539,5,62.0,0.2719478692445034,11,398.0,0.3177803492777337,4,17.0,0.4249025194512948,20,477.0
1725.0,18,94.0,1.119047619047619,5.878913867806612,2,42.0,0.3308600263595876,8,217.0,0.2579543197169408,8,48.0,0.2789584869629406,18,307.0
1730.0,21,76.0,0.987012987012987,4.528010353394861,5,48.0,0.230731138519806,9,238.0,0.22732883028098236,7,63.0,0.21632177912340206,21,349.0
1735.0,19,98.0,1.3066666666666666,5.3753273974162274,8,85.0,0.32993272770607485,8,235.0,0.21151787836341704,3,42.0,0.5301593767764443,19,362.0
1740.0,23,142.0,1.844155844155844,4.5347340779516925,13,139.0,0.21454256189666251,8,227.0,0.2339303916216525,2,36.0,0.4547803279389501,23,402.0
1745.0,28,236.0,2.776470588235294,4.778537184276655,15,211.0,0.1970077483930076,7,169.0,0.21487911799975332,6,58.0,0.34363068233947436,28,438.0
1750.0,34,346.0,4.271604938271605,4.198658458189039,20,299.0,0.14068784992219333,10,108.0,0.18394772256219902,4,62.0,0.2795313148488447,34,469.0
1755.0,35,375.0,4.62962962962963,4.586668016333657,21,336.0,0.06311864788228266,12,156.0,0.31909642139808436,2,31.0,0.32173487668746625,35,523.0
1760.0,23,284.0,3.641025641025641,5.973733896527841,15,348.0,0.16545755642814697,6,150.0,0.3868031662539454,2,19.0,0.5945368299584728,23,517.0
1765.0,27,208.0,2.632911392405063,5.691485787495238,17,391.0,0.16027848365470754,5,92.0,0.4716008159861787,5,11.0,0.39702744810287244,27,494.0
1770.0,26,207.0,2.5555555555555554,6.356825665204961,13,459.0,0.25584575915880003,10,54.0,0.3573349105600892,3,23.0,0.6438440665978292,26,536.0
1775.0,20,147.0,1.96,4.753299407783874,10,514.0,0.22255136823929547,5,61.0,0.19936740668604663,5,40.0,0.5523025434595553,20,615.0
1780.0,20,114.0,1.425,4.337508950456575,11,568.0,0.18428823209287976,8,51.0,0.1698186161817481,1,28.0,0.38033360375164676,20,647.0
1785.0,15,98.0,1.3066666666666666,4.594218421189433,10,571.0,0.14975690149896373,5,62.0,0.25439797660698243,0,1.0,0.5608520654799604,15,634.0
1790.0,20,83.0,1.0246913580246915,5.1439320494338645,10,521.0,0.18564604835787882,9,64.0,0.34607469725113227,1,3.0,0.5192685581569656,20,588.0
1795.0,28,140.0,1.6091954022988506,5.3763114042405835,11,568.0,0.24193893444278167,14,99.0,0.255343594479491,3,5.0,0.6163677832334188,28,672.0
1800.0,31,168.0,1.9310344827586208,4.644240855644433,15,637.0,0.1872756074036063,12,131.0,0.1508314576239577,4,21.0,0.41445316003665006,31,789.0
1805.0,25,106.0,1.2619047619047619,3.7239267065783075,12,645.0,0.12822778265963808,11,137.0,0.11933366763017733,2,21.0,0.2795192408527406,25,803.0
1810.0,12,63.0,0.8181818181818182,5.930924485283594,6,573.0,0.18771165645792953,6,118.0,0.37748537427251755,0,2.0,0.5725998158400678,12,693.0
1815.0,7,16.0,0.20253164556962025,6.4851764754382035,3,457.0,0.20103450378968352,2,116.0,0.4983737554948039,2,3.0,0.35499982644952843,7,576.0
1820.0,12,48.0,0.6,7.274835047179556,3,393.0,0.349507644585993,8,111.0,0.4195140030635986,1,2.0,0.7918097358974076,12,506.0
1825.0,22,114.0,1.2954545454545454,6.871743539610278,7,295.0,0.3545140003043162,13,161.0,0.34973140176617556,2,2.0,0.6148641028154282,22,458.0
1830.0,20,166.0,1.930232558139535,6.561295042445466,1,281.0,0.4944947912890568,19,237.0,0.22050399691013498,0,0.0,0.7284549155087003,20,518.0
1835.0,28,282.0,3.525,5.998938958415392,5,290.0,0.3713210253368656,22,337.0,0.1926215325450699,1,0.0,0.7061418556520629,28,627.0
1840.0,25,250.0,3.125,4.684099446343302,5,273.0,0.1958132490578746,19,381.0,0.16905753316622862,1,1.0,0.5850859508093933,25,655.0
1845.0,18,133.0,1.6419753086419753,5.842505113324498,3,205.0,0.24031007619522796,11,311.0,0.28531419040431316,4,16.0,0.4920458850443483,18,532.0
1850.0,15,46.0,0.5476190476190477,5.451283984678565,5,216.0,0.24422267570881373,5,217.0,0.30618146219731607,5,25.0,0.2404930314205623,15,458.0
1855.0,15,53.0,0.6794871794871795,5.438130743086644,9,243.0,0.1805989076015816,4,225.0,0.2990270553336621,2,19.0,0.4449264859168956,15,487.0
1860.0,20,131.0,1.7236842105263157,5.401794909606137,11,297.0,0.18355827490299134,7,226.0,0.3112413219983286,2,26.0,0.5826965316985442,20,549.0
1865.0,25,181.0,2.1294117647058823,5.905891122777872,9,286.0,0.2600230870378852,12,266.0,0.3560496510375267,4,42.0,0.6134402126095411,25,594.0
1870.0,28,243.0,2.7613636363636362,5.84786789437226,6,154.0,0.3339372103025785,18,341.0,0.29219894829651755,4,60.0,0.5669539348721777,28,555.0
1875.0,30,248.0,2.6666666666666665,5.689650807911591,7,119.0,0.2796465597165013,17,354.0,0.3052661314143495,6,87.0,0.4640347927005696,30,560.0
1880.0,23,213.0,2.3152173913043477,6.849910939423182,6,83.0,0.3570078822073669,11,265.0,0.3702521064606571,6,117.0,0.42531205398672584,23,465.0
1885.0,22,191.0,2.0760869565217392,6.005833600327842,7,89.0,0.23040486357521034,5,255.0,0.3676409290664253,10,151.0,0.22561805859919687,22,495.0
1890.0,15,82.0,0.9318181818181818,6.151627665762576,5,95.0,0.43914223624634763,8,270.0,0.290300257243321,2,101.0,0.44647220630686524,15,466.0
1895.0,11,34.0,0.38202247191011235,6.571310384464672,1,70.0,0.520458528498596,9,234.0,0.24076613278616554,1,19.0,0.6711635373106316,11,323.0
1900.0,18,61.0,0.6703296703296703,6.517592701176928,4,68.0,0.47161404497099024,11,178.0,0.15642306122255273,3,13.0,0.5683100042169534,18,259.0
1905.0,23,131.0,1.7012987012987013,4.757292532817724,8,102.0,0.27051419127536525,14,153.0,0.1080241517720394,1,11.0,0.435414353401598,23,266.0
1910.0,21,128.0,1.6623376623376624,4.315575097314489,8,123.0,0.12945638725587166,13,197.0,0.24946677357411853,0,1.0,0.4611261290679773,21,321.0
1915.0,19,75.0,0.9259259259259259,5.957602986949801,8,121.0,0.34761268632178716,9,196.0,0.28588076385050004,2,3.0,0.6568081748213332,19,320.0
1920.0,24,113.0,1.313953488372093,6.360655197087066,6,130.0,0.3596965258062443,15,192.0,0.2728771000830138,3,15.0,0.6109099687401596,24,337.0
1925.0,22,107.0,1.1758241758241759,5.618999910853185,7,162.0,0.32793986442628137,13,199.0,0.14735404062214574,2,18.0,0.6006544471292341,22,379.0
1930.0,24,114.0,1.3255813953488371,5.202352259751357,11,200.0,0.2495635668396244,13,195.0,0.17419905305955122,0,5.0,0.5937663570699672,24,400.0
1935.0,28,211.0,2.425287356321839,5.157332042367627,15,267.0,0.0840083405305125,11,181.0,0.287741867039656,2,4.0,0.4656481607776686,28,452.0
1940.0,31,272.0,3.317073170731707,4.082578631323869,22,361.0,0.09773499418275187,7,189.0,0.27270500180963597,2,2.0,0.5195885062083545,31,552.0
1945.0,38,263.0,2.9886363636363638,3.3494936653165777,21,413.0,0.11871970737745458,9,153.0,0.2144499603636513,8,22.0,0.28838901640445774,38,588.0
1950.0,32,230.0,2.5274725274725274,3.858911913562073,16,395.0,0.2148759491297055,9,158.0,0.20402389192178597,7,52.0,0.3743107738380679,32,605.0
1955.0,29,208.0,2.260869565217391,4.7911827744964635,16,336.0,0.19927424007725872,9,154.0,0.2242847164948885,4,55.0,0.4766948854599621,29,545.0
1960.0,23,177.0,1.8631578947368421,5.479617995014919,11,379.0,0.17392440911507864,10,148.0,0.3291041994495169,2,40.0,0.3679359574282672,23,567.0
1965.0,29,230.0,2.4731182795698925,5.646585431266436,13,436.0,0.16938396792718002,12,186.0,0.3122030434099611,4,43.0,0.37858039374782243,29,665.0
1970.0,29,208.0,2.3636363636363638,4.129233597344975,12,498.0,0.09093684454478268,11,183.0,0.1936846626689787,6,67.0,0.21193371796504934,29,748.0
1975.0,38,264.0,3.259259259259259,3.3898147660180693,15,567.0,0.2132748309184303,12,145.0,0.1675546480364786,11,111.0,0.30349925706653297,38,823.0
1980.0,35,380.0,4.578313253012048,3.408975271552315,18,654.0,0.1883534030475382,4,148.0,0.21438008936226022,13,168.0,0.25663719178534733,35,970.0
1985.0,37,461.0,5.010869565217392,3.109256490090465,21,756.0,0.10945480954586789,7,152.0,0.17705457700793967,9,175.0,0.22285875141790742,37,1083.0
1990.0,37,384.0,4.042105263157895,3.751596575292007,22,768.0,0.08158817693861832,7,130.0,0.270895936730738,8,145.0,0.28109892682252635,37,1043.0
1995.0,34,245.0,2.5257731958762886,4.161228317606992,18,696.0,0.15736001575386904,8,95.0,0.3510882004199192,8,159.0,0.27438999721442275,34,950.0
2000.0,31,238.0,2.3564356435643563,5.400454060827585,16,572.0,0.2875044886684002,8,94.0,0.3492454854341236,7,197.0,0.31343051938621963,31,863.0
2005.0,27,191.0,1.8365384615384615,4.768114573644933,15,503.0,0.2232517559725056,6,99.0,0.3154581455981416,6,190.0,0.2158371389306138,27,792.0
2010.0,22,165.0,1.6019417475728155,5.375509391571553,10,476.0,0.29270229916047724,7,94.0,0.3078723361016469,5,154.0,0.2915732105563151,22,724.0
2015.0,15,134.0,1.3535353535353536,5.686603125971773,5,396.0,0.40626779201083596,8,81.0,0.3315034675391481,2,110.0,0.28560939136583957,15,587.0
2020.0,18,129.0,1.205607476635514,5.367745521286628,6,347.0,0.5053030997157306,11,102.0,0.24888865396078694,1,99.0,0.3178255988628889,18,548.0
2025.0,18,57.0,0.5277777777777778,5.422337176953021,2,273.0,0.5329346299514048,12,113.0,0.16448354002723287,4,108.0,0.3213883795252731,18,494.0
2030.0,24,89.0,0.8811881188118812,4.153313205863768,5,234.0,0.30440363088935307,10,136.0,0.12740053296174297,9,138.0,0.12776748331849488,24,508.0
2035.0,32,163.0,1.7526881720430108,3.4061247314695913,6,219.0,0.3164331987115881,12,155.0,0.1278720579524334,14,197.0,0.2091918207305892,32,571.0
2040.0,40,288.0,3.031578947368421,3.853278522140672,5,124.0,0.3743853649038458,17,198.0,0.16343710659307087,18,274.0,0.24148206918286674,40,596.0
2045.0,29,246.0,2.3883495145631066,3.8873848931037234,0,126.0,0.48250206134901685,15,242.0,0.0998179720805509,14,301.0,0.21758133732750778,29,669.0
2050.0,30,203.0,1.9333333333333333,4.777883247702981,4,135.0,0.33213323002547657,13,249.0,0.2136905510332518,13,273.0,0.20887015456536392,30,657.0
2055.0,34,224.0,2.1333333333333333,4.194674615390481,10,174.0,0.15109642671247026,8,211.0,0.27451691979295845,16,346.0,0.10545884080124125,34,731.0
2060.0,41,285.0,2.9081632653061225,4.086952399890774,11,187.0,0.19221961351049668,11,208.0,0.27803970313317206,19,438.0,0.10437867812006761,41,833.0
2065.0,44,304.0,3.2,3.2257970393669235,10,143.0,0.1574729204808971,12,218.0,0.19330062377365187,22,540.0,0.0414638860308756,44,901.0
2070.0,38,319.0,3.5054945054945055,3.661972464698353,6,87.0,0.3351523093875869,14,239.0,0.17173154507631527,18,637.0,0.14849723616393176,38,963.0
2075.0,37,398.0,4.189473684210526,4.10443745849885,1,87.0,0.41250119181482375,15,249.0,0.16370276654710278,21,735.0,0.15825393719166914,37,1071.0
2080.0,37,382.0,3.7450980392156863,4.189278610948907,4,100.0,0.33017990344952175,14,264.0,0.2039259009066686,19,754.0,0.17637860566410707,37,1118.0
2085.0,32,325.0,3.25,4.182019909200421,3,97.0,0.30866970999018295,14,305.0,0.261152414608572,15,659.0,0.22233111762319366,32,1061.0
2090.0,27,217.0,2.047169811320755,4.117080359432035,2,74.0,0.1966490513122401,12,291.0,0.30640457573688706,13,540.0,0.18226444044376525,27,905.0
2095.0,21,149.0,1.3925233644859814,5.282528492811438,2,52.0,0.32947493339152545,9,225.0,0.3355875799748834,10,589.0,0.2173089647534769,21,866.0
2100.0,18,135.0,1.2980769230769231,5.1842259732218565,2,42.0,0.30448810646697433,4,208.0,0.30461413546206967,12,645.0,0.1686382915751885,18,895.0
2105.0,18,93.0,0.9393939393939394,4.28569259298333,5,41.0,0.4165643045076288,6,198.0,0.2132632679015972,7,643.0,0.21567735793493306,18,882.0
2110.0,22,130.0,1.3131313131313131,4.835660581557967,4,60.0,0.5787677509804615,13,210.0,0.19568911665089692,5,518.0,0.3011414830837501,22,788.0
2115.0,20,149.0,1.3796296296296295,4.598472977392901,1,34.0,0.46718345224268853,18,277.0,0.20358067896963025,1,438.0,0.28774224791790975,20,749.0
2120.0,33,278.0,2.5045045045045047,4.684414312968121,7,18.0,0.33094756322396185,24,380.0,0.22797275460598027,2,441.0,0.2676204942693518,33,839.0
2125.0,35,287.0,2.5855855855855854,3.896093403748066,5,36.0,0.2316114170379528,19,415.0,0.21109436412454122,11,470.0,0.16703757737247227,35,921.0
2130.0,25,177.0,1.6090909090909091,4.30031478226162,4,40.0,0.33707180916468954,14,376.0,0.2264407454547903,7,458.0,0.19530002589549858,25,874.0
2135.0,22,85.0,0.8018867924528302,4.685976611410935,4,35.0,0.326457589166938,11,287.0,0.25656768167524285,7,385.0,0.18923555355838012,22,707.0
2140.0,22,86.0,0.7889908256880734,4.552936323613462,8,60.0,0.23111598435349567,10,317.0,0.24906545320250845,4,356.0,0.1851170517800336,22,733.0
2145.0,24,81.0,0.7864077669902912,4.1269571052840694,5,72.0,0.3562430832620804,12,322.0,0.17973284291242478,7,384.0,0.22064036138925527,24,778.0
2150.0,32,166.0,1.537037037037037,3.883388084821849,2,44.0,0.34391987526171824,17,348.0,0.23301623762477688,13,436.0,0.13566301213148488,32,828.0
2155.0,32,242.0,2.220183486238532,4.184541211124896,2,24.0,0.45522153560078793,17,411.0,0.23730156304987143,13,429.0,0.1449733927381992,32,864.0
2160.0,26,181.0,1.587719298245614,3.713371305288261,1,17.0,0.37711665901787755,16,417.0,0.21158462240300038,9,301.0,0.12251691192534832,26,735.0
2165.0,30,125.0,1.0593220338983051,3.9869903680669307,6,38.0,0.2328189023462117,13,347.0,0.2672113533999692,11,348.0,0.12322212016598724,30,733.0
2170.0,27,87.0,0.7565217391304347,3.576888332422709,7,52.0,0.21198295493432873,8,343.0,0.21244771581284524,12,399.0,0.1257216654082621,27,794.0
2175.0,27,87.0,0.7699115044247787,3.259751669300417,6,37.0,0.24430055959951766,12,370.0,0.20349025020495687,9,383.0,0.12074187938436212,27,790.0
2180.0,18,60.0,0.5217391304347826,4.167093929218964,2,31.0,0.38564822215285227,12,338.0,0.2373260040074247,4,275.0,0.18092220223217992,18,644.0
2185.0,15,34.0,0.2764227642276423,4.689395286545569,3,17.0,0.23651561460667464,8,248.0,0.286975129463839,4,152.0,0.1850876024379326,15,417.0
2190.0,19,79.0,0.6638655462184874,5.15144707704834,7,38.0,0.18886474436678263,8,196.0,0.3349373390608449,4,165.0,0.19838703252762457,19,399.0
2195.0,31,165.0,1.4732142857142858,4.584430637568978,7,60.0,0.16922434949816506,15,188.0,0.23069402639446107,9,199.0,0.17176866154568643,31,447.0
2200.0,30,149.0,1.4056603773584906,3.8927099907464884,4,53.0,0.24228643735110678,17,220.0,0.1835574397872341,9,204.0,0.1704308175482999,30,477.0
2205.0,24,120.0,1.1650485436893203,4.70385358390628,5,46.0,0.34202543092961735,15,212.0,0.24524857111708773,4,166.0,0.2719925769312874,24,424.0
2210.0,24,119.0,1.0530973451327434,4.815993712145655,3,44.0,0.32125574172794286,16,228.0,0.28990455073371574,5,109.0,0.2147183767153048,24,381.0
2215.0,22,159.0,1.382608695652174,5.130955543900262,4,61.0,0.4123196976920763,15,252.0,0.2794523480295136,3,114.0,0.22653813201079656,22,427.0
2220.0,23,126.0,1.0862068965517242,4.260214966698678,4,66.0,0.3269113492807018,12,280.0,0.23387230362959038,7,138.0,0.164208902228206,23,484.0
2225.0,31,136.0,1.1623931623931625,3.8748624770837465,3,59.0,0.28544635156571424,13,243.0,0.17998354878648737,15,197.0,0.15452883563661995,31,499.0
2230.0,31,174.0,1.5130434782608695,3.806293022243041,4,64.0,0.1758289347453465,13,249.0,0.19620149600477024,14,226.0,0.15221991173520652,31,539.0
2235.0,37,235.0,1.9915254237288136,4.126355751279239,7,89.0,0.10952990578532878,16,294.0,0.2516552550225995,14,207.0,0.1420884002750329,37,590.0
2240.0,35,303.0,2.7545454545454544,4.230676787531996,5,97.0,0.16745209170073225,20,366.0,0.22102314814012958,10,225.0,0.17501416354226246,35,688.0
2245.0,37,262.0,2.425925925925926,3.702944472982578,7,75.0,0.13496966086312454,15,391.0,0.22444342781527615,15,287.0,0.10706849052577065,37,753.0
2250.0,26,166.0,1.5961538461538463,3.8947159664212583,5,64.0,0.301932495245394,11,319.0,0.21178087218841782,10,304.0,0.19827292638634397,26,687.0
2255.0,18,123.0,1.1714285714285715,4.529466699257421,2,54.0,0.3482426141472723,13,250.0,0.30028243869523924,3,253.0,0.21278049948038333,18,557.0
2260.0,13,40.0,0.36036036036036034,3.922991570481635,1,37.0,0.369104949439852,9,273.0,0.2633993189856088,3,250.0,0.17690181216687473,13,560.0
2265.0,23,86.0,0.7350427350427351,4.279289023682427,5,51.0,0.3172587181369617,10,301.0,0.24094539008606988,8,274.0,0.16284330507850403,23,626.0
2270.0,28,116.0,1.0175438596491229,3.157527720164852,7,63.0,0.17365411450532617,8,293.0,0.20990365688165308,13,320.0,0.08723956404415273,28,676.0
2275.0,28,122.0,1.1090909090909091,3.1732589088128633,7,64.0,0.2899597362549664,8,253.0,0.18344174569997826,13,338.0,0.16345457762441454,28,655.0
2280.0,25,81.0,0.6982758620689655,3.445310108976783,5,73.0,0.3061269213621288,10,252.0,0.22787784639863737,10,280.0,0.11704841421333559,25,605.0
2285.0,30,103.0,0.824,4.195312232181917,11,114.0,0.2021579448126013,8,257.0,0.26017463454925466,11,233.0,0.15776567840722389,30,604.0
2290.0,21,71.0,0.5772357723577236,4.487398434901985,7,122.0,0.15347100749335046,6,234.0,0.30679893932051827,8,214.0,0.22458529969822216,21,570.0
2295.0,21,72.0,0.5901639344262295,4.521935992525009,5,93.0,0.23226526082419846,9,193.0,0.2758782179616903,7,178.0,0.3032843976432225,21,464.0
2300.0,21,86.0,0.6935483870967742,4.79961526207777,4,100.0,0.3045425217206151,14,195.0,0.22203230021765707,3,151.0,0.3760823309291155,21,446.0
2305.0,32,129.0,1.0078125,3.9315018746508104,8,123.0,0.2005246456989785,14,233.0,0.13835875680186896,10,164.0,0.2808334271142772,32,520.0
2310.0,34,169.0,1.352,3.489355819720692,6,130.0,0.16007544197499984,15,262.0,0.1097048511324847,13,216.0,0.2677258496715429,34,608.0
2315.0,35,218.0,1.8956521739130434,2.75342319095163,3,99.0,0.19115910116131016,13,302.0,0.14616375979080704,19,300.0,0.11555946995377994,35,701.0
2320.0,39,228.0,1.9,3.3705273067145742,2,65.0,0.32329793205297114,15,307.0,0.156379224223729,22,353.0,0.15168919887106963,39,725.0
2325.0,34,196.0,1.568,3.816760375689618,3,58.0,0.3939670392761973,12,334.0,0.12860488687440014,19,348.0,0.1802371255348077,34,740.0
2330.0,39,180.0,1.40625,4.0928793365584255,5,68.0,0.2771685119582613,18,342.0,0.17750244018222258,16,303.0,0.15529062120504905,39,713.0
2335.0,26,191.0,1.528,5.353199161678677,4,76.0,0.3234632312702081,13,338.0,0.23224919468222038,9,284.0,0.3184120791159676,26,698.0
2340.0,25,165.0,1.3983050847457628,4.5038261755371,4,91.0,0.2537512180709574,15,343.0,0.21209570451529214,6,281.0,0.29893532899060066,25,715.0
2345.0,19,92.0,0.7863247863247863,3.8120368595508167,0,66.0,0.3109058102983471,12,318.0,0.1258066048583309,7,316.0,0.2611947605904638,19,700.0
2350.0,35,191.0,1.646551724137931,3.6786599178469204,2,57.0,0.3062649951256158,19,298.0,0.1307717427160225,14,376.0,0.2681237590149771,35,731.0
2355.0,36,196.0,1.6198347107438016,3.4343501318395324,6,59.0,0.2730004038299329,16,331.0,0.14341782778557075,14,393.0,0.15499146718644954,36,783.0
2360.0,36,162.0,1.361344537815126,3.772057828919784,10,98.0,0.26921516638633397,15,317.0,0.17424990631693346,11,314.0,0.16891353408484133,36,729.0
2365.0,38,194.0,1.6440677966101696,3.8580564132063566,13,130.0,0.10144464089620463,14,291.0,0.26648974818354465,11,243.0,0.1674270284839969,38,664.0
2370.0,32,168.0,1.435897435897436,4.677423667945453,11,150.0,0.17414867729460398,16,323.0,0.26140599667717834,5,193.0,0.3497101951160837,32,666.0
2375.0,32,129.0,1.1025641025641026,4.0941112268834905,11,192.0,0.21353082397200565,17,312.0,0.1629138011354893,4,163.0,0.39059769835052005,32,667.0
2380.0,39,199.0,1.6048387096774193,4.300487948395552,12,248.0,0.2296145392846467,21,316.0,0.14814104274514167,6,186.0,0.3172940485347119,39,750.0
2385.0,30,143.0,1.1916666666666667,3.8716855198511912,9,270.0,0.2880165667491705,15,348.0,0.16795764385191353,6,169.0,0.29488579937000414,30,787.0
2390.0,25,75.0,0.625,3.971725285272409,5,250.0,0.2467286839044272,14,349.0,0.21774607853093278,6,122.0,0.19389744154961633,25,721.0
2395.0,17,50.0,0.42016806722689076,4.5461490912993545,3,259.0,0.22798341974537187,10,354.0,0.22175528291350285,4,85.0,0.2761426720053584,17,698.0
2400.0,24,78.0,0.6610169491525424,4.237942111008419,10,295.0,0.15700571210037895,12,343.0,0.19655039844996608,2,81.0,0.35849126827974803,24,719.0
2405.0,32,157.0,1.2764227642276422,3.3342855888398795,13,354.0,0.17422067286804796,13,348.0,0.11651280264399572,6,105.0,0.2555379112412139,32,807.0
2410.0,36,200.0,1.7094017094017093,3.1056116003150773,10,365.0,0.16848999222080913,14,327.0,0.13237130662868807,12,157.0,0.1816325542231179,36,849.0
2415.0,37,200.0,1.7094017094017093,3.4052164022551006,7,312.0,0.1367436059491645,14,336.0,0.19741548342596843,16,189.0,0.08571312377377228,37,837.0
2420.0,31,166.0,1.4821428571428572,3.8195919375672482,7,345.0,0.15891541719414579,15,355.0,0.19653535589051693,9,175.0,0.23964037740143254,31,875.0
2425.0,43,162.0,1.3846153846153846,3.425351311012283,18,406.0,0.09886588733361218,15,340.0,0.14464480117132442,10,201.0,0.23290238550056055,43,947.0
2430.0,38,142.0,1.2136752136752136,3.2762529040189095,10,412.0,0.20882319975962407,17,390.0,0.1174007206603218,11,245.0,0.22474916868962388,38,1047.0
2435.0,25,106.0,0.9298245614035088,3.3919260035567147,3,341.0,0.2155609642991974,15,411.0,0.187213708802164,7,246.0,0.1297182967612809,25,998.0
2440.0,23,76.0,0.6495726495726496,3.3405076328825043,4,312.0,0.19162236417290585,13,412.0,0.1437829743258579,6,194.0,0.159177097531622,23,918.0
2445.0,26,80.0,0.6779661016949152,3.8043299451323103,8,340.0,0.21999703945055088,12,333.0,0.15690673860884435,6,194.0,0.27961793342903263,26,867.0
2450.0,32,147.0,1.176,3.1182244265681662,12,395.0,0.15590103289690496,13,362.0,0.10164068127523745,7,225.0,0.18282687096202294,32,982.0
2455.0,28,129.0,1.1025641025641026,2.9309850629076633,9,392.0,0.19194097675040037,12,373.0,0.12171208578408131,7,220.0,0.1883864615170971,28,985.0
2460.0,20,67.0,0.5826086956521739,3.5011158767100805,6,322.0,0.17913277344307485,10,370.0,0.21291880506785213,4,165.0,0.15957953428368804,20,857.0
2465.0,22,73.0,0.6134453781512605,3.748197493314481,7,316.0,0.2273047645292712,11,313.0,0.20252711880781904,4,157.0,0.2619887791343076,22,786.0
2470.0,35,153.0,1.224,3.760981947023924,11,359.0,0.24301360751985054,15,265.0,0.11942305606367694,9,187.0,0.260161732491351,35,811.0
2475.0,39,237.0,1.9268292682926829,2.743807052700119,14,427.0,0.174069360652791,14,299.0,0.13647878570424463,11,239.0,0.1518123885007384,39,965.0
2480.0,34,183.0,1.5775862068965518,2.8883149992153987,10,421.0,0.1852433878633853,13,278.0,0.15566631569778716,11,253.0,0.14392924882004957,34,952.0
2485.0,26,76.0,0.6386554621848739,3.350511174716247,9,336.0,0.1325496068501099,6,290.0,0.23302163443624643,11,222.0,0.14494164773214688,26,848.0
2490.0,25,82.0,0.6776859504132231,3.9369869080532123,6,229.0,0.2579264460796804,10,271.0,0.23678908634896845,9,259.0,0.20849362339004585,25,759.0
2495.0,35,177.0,1.4047619047619047,4.071259592644549,7,195.0,0.3297843709676402,14,265.0,0.17124113969026233,14,319.0,0.17132546536373722,35,779.0
2500.0,37,239.0,1.8818897637795275,3.728350551765863,5,199.0,0.35250289189789585,20,338.0,0.16214345738097932,12,331.0,0.16920578963905145,37,868.0
2505.0,36,234.0,1.9180327868852458,3.9446789828277464,8,234.0,0.2947009566761243,21,380.0,0.1937337084621216,7,273.0,0.20707686024450825,36,887.0
2510.0,35,214.0,1.7685950413223142,4.095072587300128,16,291.0,0.12938377524069444,15,327.0,0.2649643414236186,4,181.0,0.16382089523933663,35,799.0
2515.0,27,170.0,1.4406779661016949,4.914939118327273,15,311.0,0.14114246789899734,9,260.0,0.30008749333770857,3,143.0,0.3069368500068761,27,714.0
2520.0,24,103.0,0.911504424778761,4.886826169014142,11,278.0,0.19408947871100485,10,283.0,0.2982118631069004,3,120.0,0.3095085779539292,24,681.0
2525.0,26,98.0,0.8596491228070176,4.726101981558184,6,198.0,0.3116026232623426,13,290.0,0.1966276989769231,7,147.0,0.31981005761373693,26,635.0
2530.0,28,133.0,1.146551724137931,5.289421081717237,5,159.0,0.40614251471887475,15,314.0,0.21705566262198148,8,150.0,0.36671608691127733,28,623.0
2535.0,27,114.0,0.95,4.701094518656101,6,117.0,0.37425824057848606,15,321.0,0.21138505896084386,6,94.0,0.27151780574673645,27,532.0
2540.0,19,55.0,0.4583333333333333,5.002189907198657,3,100.0,0.4167778191221845,14,273.0,0.20296222621411372,2,97.0,0.2542370584937186,19,470.0
2545.0,30,87.0,0.725,4.194233649897055,10,116.0,0.21954928368141746,11,307.0,0.1714079269879497,9,119.0,0.1424341991579948,30,542.0
2550.0,28,101.0,0.9099099099099099,3.7863898032908407,8,132.0,0.3184842150251473,13,324.0,0.13942177877452294,7,126.0,0.2065470330650047,28,582.0
2555.0,19,60.0,0.5607476635514018,3.7575832183727322,3,93.0,0.3234635841997149,13,319.0,0.1565048850525465,3,91.0,0.25614933184256594,19,503.0
2560.0,23,72.0,0.6260869565217392,4.32200233704621,5,112.0,0.2739281277956718,15,279.0,0.18837160662113717,3,48.0,0.23387890212604448,23,439.0
2565.0,22,80.0,0.6896551724137931,4.575764834305051,8,142.0,0.23882482446032635,12,302.0,0.20455546568048835,2,49.0,0.30586344572785634,22,493.0
2570.0,35,163.0,1.4298245614035088,3.3975642201818705,13,196.0,0.18959113572146985,13,279.0,0.11578075228995863,9,80.0,0.19429639100076446,35,555.0
2575.0,37,232.0,2.09009009009009,2.863855457867046,17,273.0,0.18989017516476678,13,298.0,0.11300392204258676,7,93.0,0.25985048986889964,37,664.0
2580.0,34,195.0,1.7567567567567568,3.0224103268355633,15,296.0,0.10017518393689849,15,302.0,0.15410938092991328,4,65.0,0.22719563340234633,34,663.0
2585.0,27,124.0,1.087719298245614,3.7766887946657244,12,265.0,0.19188518649210182,11,325.0,0.20242305069967634,4,68.0,0.2171798035383465,27,658.0
2590.0,30,144.0,1.2413793103448276,3.691397679851676,10,288.0,0.2426823487081571,12,311.0,0.16266838554829519,8,94.0,0.1969848527992942,30,693.0
2595.0,42,246.0,2.0163934426229506,3.431972234808191,13,342.0,0.2098909098175288,17,327.0,0.1355637574822523,12,146.0,0.17826297411988795,42,815.0
2600.0,44,318.0,2.717948717948718,3.485867375678358,11,347.0,0.2619733443347626,22,383.0,0.1499004586802861,11,169.0,0.2272066237541125,44,899.0
2605.0,41,243.0,2.042016806722689,3.3317735204981713,9,288.0,0.1989960973434104,20,425.0,0.24959913578745366,12,148.0,0.18395682624141993,41,861.0
2610.0,25,157.0,1.2975206611570247,4.365433759216878,4,209.0,0.23266833430246397,15,357.0,0.29419286100551895,6,165.0,0.14486952946661602,25,731.0
2615.0,24,134.0,1.1260504201680672,5.040135438323537,3,154.0,0.27290025509026494,10,294.0,0.33146046399871576,11,210.0,0.11984603634088214,24,658.0
2620.0,25,100.0,0.8620689655172413,3.9453530521239264,2,137.0,0.27764912992193397,12,320.0,0.19901739979967442,11,229.0,0.109029961330781,25,686.0
2625.0,26,104.0,0.9629629629629629,4.282456080975724,7,163.0,0.3232808221422822,13,325.0,0.17318560375993655,6,200.0,0.25002942092802305,26,688.0
2630.0,23,72.0,0.6486486486486487,3.671895069012142,7,171.0,0.25915699922759045,14,340.0,0.19698005473439284,2,184.0,0.19461435673545588,23,695.0
2635.0,24,77.0,0.6695652173913044,4.189398292684183,4,113.0,0.3305877319391354,12,294.0,0.20940502575584768,8,205.0,0.1745593502485771,24,612.0
2640.0,20,81.0,0.7168141592920354,3.8703037424548583,3,82.0,0.3223310526733593,11,284.0,0.16621545345603878,6,198.0,0.128575165440103,20,564.0
2645.0,17,51.0,0.45132743362831856,3.9420400051691344,4,75.0,0.3374717630889316,10,276.0,0.19365458515782544,3,158.0,0.22873467827580782,17,509.0
2650.0,31,134.0,1.1260504201680672,4.551953652165835,7,99.0,0.3909491655034465,18,273.0,0.18533492583626712,6,164.0,0.23742731686148785,31,536.0
2655.0,33,243.0,2.025,4.055038929036531,6,102.0,0.35017523982900556,19,323.0,0.15889962482707892,8,198.0,0.171399253335271,33,623.0
2660.0,33,227.0,1.956896551724138,3.461788520921791,4,77.0,0.3524073465688748,18,349.0,0.17204121958934204,11,205.0,0.14265840245327543,33,631.0
2665.0,29,138.0,1.1596638655462186,4.0867575616987635,6,58.0,0.2594378443071695,14,290.0,0.2613962029996303,9,156.0,0.1335336710208959,29,504.0
2670.0,19,87.0,0.7310924369747899,5.416215585680126,3,45.0,0.26078624092144465,9,261.0,0.3554798295813844,7,127.0,0.20543972398875857,19,433.0
2675.0,22,158.0,1.3859649122807018,5.725597978942489,5,60.0,0.20042258379824762,12,234.0,0.3731956242405441,5,98.0,0.25125494833499273,22,392.0
2680.0,20,111.0,1.0373831775700935,4.417081065800784,6,72.0,0.1589264614614922,12,253.0,0.20626485654201127,2,83.0,0.30319972433235676,20,408.0
2685.0,23,111.0,1.0776699029126213,4.996425461620616,1,48.0,0.3640547377215051,15,252.0,0.1854717757685456,7,106.0,0.32582430979714033,23,406.0
2690.0,25,127.0,1.1981132075471699,4.611402174353367,2,37.0,0.3119300746983191,13,258.0,0.22520844903775028,10,118.0,0.26665100231754185,25,413.0
2695.0,23,150.0,1.4150943396226414,5.3409846220480315,4,53.0,0.35756184272202357,12,286.0,0.31770862935773514,7,92.0,0.3289051161612691,23,431.0
2700.0,18,77.0,0.7064220183486238,4.358389320681458,3,51.0,0.26784800559665306,11,261.0,0.2922011421640118,4,66.0,0.2459431402646297,18,378.0
2705.0,13,39.0,0.3333333333333333,4.830262896339683,4,40.0,0.23831201318603654,7,171.0,0.3243346096478316,2,49.0,0.25030297225065024,13,260.0
2710.0,16,48.0,0.41379310344827586,4.80259316133211,2,35.0,0.21305949311853944,7,181.0,0.26369392924411206,7,66.0,0.2365030916647463,16,282.0
2715.0,27,98.0,0.8596491228070176,3.879260174206623,9,65.0,0.18155721838124342,11,172.0,0.14541331031383387,7,82.0,0.2382290492654769,27,319.0
2720.0,33,191.0,1.7685185185185186,3.785459358630029,14,125.0,0.22598656063282865,15,197.0,0.1908610353276792,4,63.0,0.3211589728183149,33,385.0
2725.0,35,180.0,1.5517241379310345,3.495797705482239,14,156.0,0.14223833065065197,17,233.0,0.21367558589515542,4,41.0,0.2830331594173923,35,430.0
2730.0,25,108.0,0.907563025210084,4.98828181661342,10,148.0,0.1671706643366375,13,229.0,0.3132845787066379,2,25.0,0.3414877774605614,25,402.0
2735.0,16,45.0,0.38461538461538464,5.007840173076647,7,164.0,0.1563170866622233,7,229.0,0.29579387807101387,2,18.0,0.3601159237753457,16,411.0
2740.0,26,98.0,0.8376068376068376,4.245802720173146,12,215.0,0.17127835097258595,8,218.0,0.16292914306411752,6,40.0,0.3099229348416871,26,473.0
2745.0,29,86.0,0.7678571428571429,3.5973782858570393,11,237.0,0.18340084506942464,12,214.0,0.16035676744341185,6,53.0,0.311402730477083,29,504.0
2750.0,24,65.0,0.5752212389380531,3.8200405615248134,10,209.0,0.11968836927166195,11,165.0,0.22062053635082612,3,43.0,0.2614160692921167,24,417.0
2755.0,20,111.0,0.9823008849557522,5.387251383360827,4,167.0,0.22768658473804076,13,182.0,0.3604052414581744,3,32.0,0.26551290778773545,20,381.0
2760.0,25,136.0,1.2363636363636363,5.148975539635903,4,151.0,0.27801434126151575,13,201.0,0.26936610665173494,8,59.0,0.1734125566362109,25,411.0
2765.0,22,82.0,0.7592592592592593,4.273412898058042,1,125.0,0.34093049195682446,14,196.0,0.16127502888477935,7,77.0,0.21245742946811935,22,398.0
2770.0,18,62.0,0.5794392523364486,4.905194646076711,5,140.0,0.3254362890591924,12,229.0,0.2112867442020892,1,57.0,0.3669685009051619,18,426.0
2775.0,21,100.0,0.9090909090909091,4.605292111685761,12,184.0,0.18656108029896504,8,221.0,0.24207193716978326,1,18.0,0.25788653573653814,21,423.0
2780.0,30,153.0,1.4036697247706422,4.516131023252342,11,203.0,0.17247120840056268,15,251.0,0.22197379099587478,4,22.0,0.28173654770848244,30,476.0
2785.0,34,147.0,1.348623853211009,3.6659965449451084,7,160.0,0.2002654586659161,18,285.0,0.15376469746055188,9,51.0,0.13485681312722234,34,496.0
2790.0,35,135.0,1.2857142857142858,3.8769543177272805,8,169.0,0.2632637591144917,20,262.0,0.15572725203808485,7,73.0,0.26021798816541325,35,504.0
2795.0,26,98.0,0.8990825688073395,4.453750121583598,9,207.0,0.27128508485086067,15,309.0,0.20842634412975553,2,48.0,0.35470766567272877,26,564.0
2800.0,23,112.0,0.9824561403508771,3.8372554879614698,12,261.0,0.13860572442914026,8,324.0,0.20902936383292298,3,51.0,0.2590907939571471,23,636.0
2805.0,31,166.0,1.4821428571428572,3.734493558101977,9,267.0,0.13666440622567333,13,346.0,0.1907261262657298,9,84.0,0.18494947836554684,31,697.0
2810.0,33,132.0,1.1891891891891893,3.0212122042068175,6,212.0,0.17714286957886796,17,361.0,0.16729359917868425,10,101.0,0.1031142169946392,33,674.0
2815.0,31,110.0,0.9821428571428571,4.080136390187776,7,196.0,0.26140829582539993,20,338.0,0.20309765828385873,4,81.0,0.31754198278428664,31,615.0
2820.0,31,98.0,0.8448275862068966,3.628563627105261,11,240.0,0.17415433758933915,16,407.0,0.14843055122914675,4,68.0,0.2537861789603294,31,715.0
2825.0,31,150.0,1.2295081967213115,3.4109916880900117,12,297.0,0.12549876218661335,10,436.0,0.14014657021670834,9,95.0,0.17028401016885847,31,828.0
2830.0,30,131.0,1.1592920353982301,2.8613579083257976,12,308.0,0.13806451189836344,11,419.0,0.13239089234176488,7,104.0,0.14254673677647461,30,831.0
2835.0,27,80.0,0.6896551724137931,3.486660599071048,7,249.0,0.20619353088177197,16,345.0,0.18444003747848492,4,73.0,0.25432498034085343,27,667.0
2840.0,29,131.0,1.0826446280991735,4.518469209306631,8,183.0,0.3246224636443815,18,335.0,0.18256577126030538,3,52.0,0.3447315578448986,29,570.0
2845.0,34,149.0,1.146153846153846,3.99854169527117,8,171.0,0.28351805050439244,17,358.0,0.15196748247565695,9,74.0,0.18978651091002316,34,603.0
2850.0,26,101.0,0.8211382113821138,4.092492163385571,4,150.0,0.33849336973443206,16,379.0,0.16169557913231006,6,76.0,0.1823614693658616,26,605.0
2855.0,20,55.0,0.47413793103448276,4.193381801509107,7,175.0,0.2178425828379996,11,373.0,0.21193202111285536,2,48.0,0.19745450465213527,20,596.0
2860.0,20,59.0,0.5175438596491229,4.222632825381629,7,182.0,0.26986384642041766,11,337.0,0.18092017526600057,2,23.0,0.3190097409017022,20,542.0
2865.0,19,42.0,0.3620689655172414,4.179155633556212,2,143.0,0.41449075524198564,14,338.0,0.13169139578874972,3,23.0,0.3466370892949084,19,504.0
2870.0,19,69.0,0.5655737704918032,4.076120452937367,1,131.0,0.2569173580412414,11,329.0,0.13003853141198873,7,51.0,0.24298759140702386,19,511.0
2875.0,26,77.0,0.6637931034482759,3.3732249327020667,8,152.0,0.16927054392774477,12,342.0,0.11974057011827408,6,62.0,0.21294069854751826,26,556.0
2880.0,22,79.0,0.7053571428571429,3.404048536245468,5,153.0,0.2115583573911191,15,330.0,0.16108783700143203,2,30.0,0.29019835151568524,22,513.0
2885.0,24,74.0,0.6166666666666667,3.803452429579185,5,113.0,0.2873720044164953,15,358.0,0.13683095436523093,4,27.0,0.3409902533491491,24,498.0
2890.0,22,82.0,0.6721311475409836,4.26788831846141,2,68.0,0.2935646340344832,18,355.0,0.11720835522908606,2,24.0,0.3095089551237598,22,447.0
2895.0,26,147.0,1.1574803149606299,4.380858220054832,4,63.0,0.23493015291862138,15,332.0,0.12598446869835375,7,46.0,0.16004497783177263,26,441.0
2900.0,24,111.0,0.9736842105263158,3.6225831586781205,1,34.0,0.3114700077692105,18,358.0,0.12267998534698162,5,58.0,0.23025835699121996,24,450.0
2905.0,29,94.0,0.831858407079646,3.201827975121808,5,43.0,0.2728313606114385,19,353.0,0.13091417905235272,4,43.0,0.2499614668847328,28,439.0
2910.0,31,100.0,0.8620689655172413,3.5175816245666502,6,58.0,0.3452621428988147,21,403.0,0.11357320191235387,4,38.0,0.29704819449310316,31,499.0
2915.0,28,112.0,0.9333333333333333,3.3601077298076216,6,90.0,0.24371199220179368,18,439.0,0.12661671039948794,4,53.0,0.25885285411752573,28,582.0
2920.0,34,148.0,1.1935483870967742,2.9632470581508352,12,140.0,0.13461653075432958,17,451.0,0.12838907686409104,5,53.0,0.20544268515943478,34,644.0
2925.0,27,144.0,1.180327868852459,3.1774880086084654,8,156.0,0.18712087306680872,8,385.0,0.13645874203144842,11,92.0,0.23176489341362416,27,633.0
2930.0,40,245.0,1.8992248062015504,3.427433685314777,12,165.0,0.23490931456308467,17,367.0,0.12480455169180146,11,116.0,0.21870148800463005,40,648.0
2935.0,38,235.0,1.8359375,3.5760140179961772,13,193.0,0.2474005557328362,16,406.0,0.13401266752132035,9,116.0,0.2828070265679263,38,715.0
2940.0,34,194.0,1.5396825396825398,3.6368354343743565,12,190.0,0.18462442352574232,15,419.0,0.16590953394963479,7,120.0,0.2109474616181791,34,729.0
2945.0,37,204.0,1.5813953488372092,3.713025489041554,13,215.0,0.12509371844571257,15,419.0,0.16911734616381666,9,138.0,0.18989927271553023,37,772.0
2950.0,41,252.0,2.016,3.750776784700359,17,289.0,0.1004144875820777,15,443.0,0.18083369929797424,9,182.0,0.14922663231911304,41,914.0
2955.0,31,151.0,1.2796610169491525,3.0033495911762227,11,324.0,0.17931980869671177,17,428.0,0.10174038121298994,3,171.0,0.23180351451915857,31,923.0
2960.0,31,147.0,1.2457627118644068,4.576540820608317,3,283.0,0.3357459212980123,23,405.0,0.1580568233677842,5,164.0,0.3533006292233125,31,852.0
2965.0,33,199.0,1.6583333333333334,4.642664537912092,3,240.0,0.35744269574650545,25,417.0,0.14724918456724498,5,169.0,0.30027489470089364,33,826.0
2970.0,33,282.0,2.41025641025641,4.718702589523836,6,257.0,0.34232918049661903,21,466.0,0.22441842720352237,6,160.0,0.3261232368133348,33,883.0
2975.0,27,247.0,2.0756302521008405,4.519869649495546,7,265.0,0.27534857930688533,16,484.0,0.23528220310970982,4,153.0,0.30340086292095564,27,902.0
2980.0,23,110.0,0.8943089430894309,4.496809222760732,4,258.0,0.22915249997759488,10,430.0,0.28538463522604646,9,190.0,0.14931774045561724,23,878.0
2985.0,27,79.0,0.6638655462184874,3.988441290513432,7,270.0,0.18893534391122152,10,413.0,0.2035213912921545,10,207.0,0.13053473186522338,27,890.0
2990.0,25,73.0,0.6403508771929824,3.270882626152429,8,272.0,0.15710124649773255,14,399.0,0.16077716336914194,3,181.0,0.2121613026207362,25,852.0
2995.0,20,126.0,1.1150442477876106,4.829421491992621,4,230.0,0.2917176798999364,14,401.0,0.24588544468175585,2,130.0,0.3561435365669778,20,761.0
3000.0,27,206.0,1.7606837606837606,5.126817253392748,6,225.0,0.2929295533995612,18,443.0,0.2262291202390697,3,106.0,0.39741820714074294,27,774.0
3005.0,21,183.0,1.525,4.896633620152041,7,255.0,0.21552608963872363,14,429.0,0.21527966990717068,0,76.0,0.41605815674175245,21,760.0
3010.0,24,114.0,0.991304347826087,4.402454340605311,7,248.0,0.14873978630891085,11,296.0,0.1842453608335955,6,89.0,0.3086438226750014,24,633.0
3015.0,24,105.0,0.9722222222222222,4.249576344317751,6,202.0,0.14251345620793202,13,222.0,0.25566280592158197,5,96.0,0.1849295116982681,24,520.0
3020.0,20,94.0,0.9215686274509803,4.150417322798875,3,211.0,0.19312843447268996,13,257.0,0.24288420005473904,4,74.0,0.24366477105352902,20,542.0
3025.0,31,97.0,0.9065420560747663,3.702648984058828,11,247.0,0.14413530633377394,13,268.0,0.17030698921821782,7,84.0,0.2531568604573401,31,599.0
3030.0,32,168.0,1.5412844036697249,4.455528500628601,9,256.0,0.24117470312961098,14,263.0,0.21676848454635436,9,118.0,0.29132866159893644,32,637.0
3035.0,16,77.0,0.7475728155339806,4.027013309498237,3,197.0,0.25565372087022814,5,240.0,0.2664793664808325,8,125.0,0.1987214834772114,16,562.0
3040.0,17,46.0,0.42201834862385323,4.170011686167005,4,183.0,0.16458191239811965,6,164.0,0.3334599373905598,7,94.0,0.16059804442589923,17,441.0
3045.0,16,61.0,0.5596330275229358,4.7769323701334345,9,219.0,0.15204374745836652,3,161.0,0.31102177183251667,4,53.0,0.25822316698182596,16,433.0
3050.0,19,70.0,0.6481481481481481,4.086709333765626,10,219.0,0.12761734682323803,6,141.0,0.22063228590801492,3,57.0,0.33900651861857706,19,417.0
3055.0,17,101.0,0.9711538461538461,5.579303898231195,4,159.0,0.2715537297761479,7,133.0,0.270601170911099,6,70.0,0.46226886177714127,17,362.0
3060.0,14,91.0,0.8666666666666667,5.221647448496024,3,158.0,0.2159772041292445,10,158.0,0.2641082597181967,1,42.0,0.4761098882668341,14,358.0
3065.0,22,180.0,1.6363636363636365,5.353668847374908,7,184.0,0.1579426328521054,11,194.0,0.27860009001171554,4,39.0,0.4717095457503777,22,417.0
3070.0,24,240.0,2.4,4.295940963165385,9,181.0,0.1575195166212364,12,252.0,0.26423172023482244,3,46.0,0.3833005809203481,24,479.0
3075.0,25,279.0,2.762376237623762,3.7352593556296987,7,132.0,0.13238701535860614,13,320.0,0.38414913084906244,5,39.0,0.22894125551992373,25,491.0
3080.0,22,358.0,3.4757281553398056,5.275607558154471,4,93.0,0.2043818813397754,14,387.0,0.38630317369275174,4,37.0,0.37673940357109875,22,517.0
3085.0,29,447.0,4.0636363636363635,5.389648173049669,6,70.0,0.18654233716652305,17,458.0,0.33816350361771963,6,37.0,0.4372440717271794,29,565.0
3090.0,17,305.0,2.7477477477477477,5.634488178857704,0,56.0,0.2557287867417392,12,421.0,0.3086743541913772,5,50.0,0.5234442839409861,17,527.0
3095.0,23,235.0,2.196261682242991,5.48458545382811,6,68.0,0.2587286820816238,13,317.0,0.18789210333892803,4,64.0,0.42897765844659186,23,449.0
3100.0,30,165.0,1.65,4.238654061176619,14,119.0,0.20711020121340568,15,263.0,0.10879741849347613,1,36.0,0.30827175137666607,30,418.0
3105.0,38,250.0,2.7777777777777777,3.5649543960981203,20,200.0,0.1462678635036046,14,311.0,0.12296271844545059,4,18.0,0.38476429605540363,38,529.0
3110.0,34,204.0,2.2666666666666666,2.6986553686595998,20,262.0,0.15337978035598898,10,313.0,0.1083305631731461,4,24.0,0.3146181814373578,34,599.0
3115.0,35,187.0,2.0549450549450547,4.582480544600094,20,282.0,0.1816358506523777,14,323.0,0.27749127932869594,1,16.0,0.6240346861306445,35,621.0
3120.0,29,156.0,1.6595744680851063,4.047448868647931,18,365.0,0.1060865194504363,9,312.0,0.25200748507506865,2,12.0,0.668737610277322,29,689.0
3125.0,31,145.0,1.4356435643564356,4.125676073852999,21,463.0,0.09653224443044289,8,251.0,0.25648047541347774,2,6.0,0.528688684987101,31,720.0
3130.0,22,91.0,0.9479166666666666,3.525782857939088,14,499.0,0.11498048045840663,3,243.0,0.20020724208305385,5,22.0,0.40344253404974323,22,764.0
3135.0,20,64.0,0.6530612244897959,3.66089627308806,9,451.0,0.13335475117735643,7,238.0,0.24418263002663146,4,36.0,0.3999469265292066,20,725.0
3140.0,16,88.0,0.8888888888888888,5.492201020173177,6,365.0,0.2104301647986358,8,250.0,0.30801509430644636,2,28.0,0.6337719843961198,16,643.0
3145.0,21,116.0,1.0841121495327102,4.872378838017858,6,366.0,0.16941249246967607,12,292.0,0.24029289983296986,3,14.0,0.5380517292593607,21,672.0
3150.0,23,200.0,1.8518518518518519,5.197920611240716,8,396.0,0.17753415146324977,12,333.0,0.21637746130294055,3,25.0,0.605187051730099,23,754.0
3155.0,24,172.0,1.72,3.988177796506357,15,458.0,0.1315915920614472,7,294.0,0.12063710544670728,2,9.0,0.5657186712830609,24,761.0
3160.0,28,137.0,1.3431372549019607,4.152814789418173,15,477.0,0.15449678201982003,8,193.0,0.13361194682737895,5,20.0,0.34291306114900433,28,690.0
3165.0,20,79.0,0.8315789473684211,4.010452047511896,12,422.0,0.17560596650999152,6,202.0,0.20722568290951887,2,29.0,0.3485691472468458,20,653.0
3170.0,23,64.0,0.6736842105263158,4.220995806759915,13,328.0,0.1866613425387859,8,183.0,0.20518137392971866,2,5.0,0.4028596078999738,23,516.0
3175.0,19,74.0,0.7474747474747475,4.907667471494681,9,369.0,0.2056739546472952,8,193.0,0.29289724390063054,2,7.0,0.6044856465355187,19,569.0
3180.0,23,83.0,0.8469387755102041,4.766147978755878,13,421.0,0.13596545683038253,7,175.0,0.215416950644847,3,21.0,0.5942203928495248,23,617.0
3185.0,16,64.0,0.6597938144329897,4.468417122150174,9,422.0,0.17405164071144982,7,140.0,0.1855364768235893,0,12.0,0.5050492732149123,16,574.0
3190.0,14,41.0,0.4606741573033708,4.373774769253358,5,341.0,0.2383414268818247,8,160.0,0.196034401949006,1,0.0,0.5845404379170689,14,501.0
3195.0,13,39.0,0.40625,4.338300468086043,5,333.0,0.1851160039561201,7,141.0,0.24842561457194992,1,3.0,0.4750397233922356,13,477.0
3200.0,19,99.0,1.0,4.720539117292466,8,365.0,0.1597338656026523,8,128.0,0.2626220806502275,3,11.0,0.5526300328339844,19,504.0
3205.0,26,87.0,0.8529411764705882,3.501354831082505,12,343.0,0.10309796031223178,6,112.0,0.14875263030238323,8,35.0,0.4384504995748181,26,490.0
3210.0,17,69.0,0.7040816326530612,4.310920429235659,7,268.0,0.18045129397625648,6,92.0,0.28982038635205554,4,41.0,0.36316315699991386,17,401.0
3215.0,17,96.0,0.9896907216494846,5.032632050264709,6,176.0,0.19266483424540157,9,115.0,0.3061005213133719,2,36.0,0.3921463171161545,17,327.0
3220.0,13,83.0,0.83,5.199167262020752,5,137.0,0.22607171428163464,7,126.0,0.32307636771120646,1,29.0,0.3292605368209054,13,292.0
3225.0,16,105.0,1.0606060606060606,6.199817068138172,4,115.0,0.361400818278145,6,109.0,0.3597093545162662,6,51.0,0.38673470960289535,16,275.0
3230.0,21,163.0,1.63,5.950206583146263,6,107.0,0.3664915756645951,5,88.0,0.36542675552856435,10,91.0,0.2998039859679882,21,286.0
3235.0,21,139.0,1.4631578947368422,5.811466811203661,2,73.0,0.48139451513707515,6,101.0,0.4151636685020278,13,146.0,0.2833609032759004,21,320.0
3240.0,26,235.0,2.5,5.691501689037355,7,51.0,0.4133376244348952,2,108.0,0.36457264453510524,17,224.0,0.2568442179576314,26,383.0
3245.0,26,183.0,1.8865979381443299,4.152821003365664,8,67.0,0.24018901850394453,3,102.0,0.2502520996243284,15,260.0,0.2179066646329517,26,429.0
3250.0,26,143.0,1.5543478260869565,4.1481144779079075,6,63.0,0.1880508315498236,9,132.0,0.27717278706501813,11,225.0,0.18271178098900925,26,420.0
3255.0,25,175.0,1.8041237113402062,5.015880719218805,4,51.0,0.2850261234549668,13,191.0,0.2950812208757931,8,181.0,0.2185918008709196,25,423.0
3260.0,22,143.0,1.4444444444444444,5.8966884529529855,4,49.0,0.5391515650413894,11,215.0,0.2941800951172458,7,202.0,0.2775774793679218,22,466.0
3265.0,27,128.0,1.2549019607843137,5.668909829762785,6,57.0,0.5150026888197434,9,176.0,0.25006727020787367,12,245.0,0.22127052229564995,27,478.0
3270.0,18,66.0,0.6947368421052632,5.759825448949866,2,32.0,0.5112073305076541,8,140.0,0.3116811762502325,8,252.0,0.2736682375811356,18,424.0
3275.0,11,52.0,0.5652173913043478,6.127626686356036,6,31.0,0.3990603395127383,3,133.0,0.43492968239197105,2,208.0,0.303883637714331,11,372.0
3280.0,15,57.0,0.6,5.806014525895645,7,49.0,0.34199753646762326,4,101.0,0.4636408546590829,4,144.0,0.28427594237776316,15,294.0
3285.0,4,10.0,0.10869565217391304,5.683120232932529,1,31.0,0.42128096299030277,2,70.0,0.4518908206887222,1,142.0,0.26646940128216584,4,243.0
3290.0,18,54.0,0.5454545454545454,4.935913254360122,3,29.0,0.27172475551998454,7,82.0,0.343392571032203,8,165.0,0.17326615156223513,18,276.0
3295.0,34,190.0,2.021276595744681,4.21192954406878,10,63.0,0.27176535511931166,10,127.0,0.24305927573299765,14,222.0,0.17251362764373177,34,412.0
3300.0,43,321.0,3.8214285714285716,2.2481331406029694,14,125.0,0.1329196227813415,15,191.0,0.006448533531160975,14,249.0,0.11686143827492079,43,565.0
3305.0,38,255.0,2.802197802197802,3.161216196213554,13,161.0,0.11827023861507059,13,222.0,0.19628831288448056,12,229.0,0.15248191065710995,38,612.0
3310.0,18,99.0,1.0879120879120878,4.812731730949898,7,148.0,0.3439898289947647,4,153.0,0.34668769499257546,7,257.0,0.21607882045130988,18,558.0
3315.0,19,58.0,0.58,5.496075421307369,2,84.0,0.4121990115649859,4,90.0,0.4159288348591579,13,309.0,0.1683085586532158,19,483.0
3320.0,15,63.0,0.65625,6.057378879117361,3,58.0,0.5458877832091344,2,57.0,0.6247372852999925,10,322.0,0.162802901501924,15,437.0
3325.0,17,59.0,0.5959595959595959,6.006931188071885,4,26.0,0.4882910166937211,5,48.0,0.6107393860972612,8,268.0,0.16864684593423063,17,342.0
3330.0,14,102.0,1.0408163265306123,7.025516333427496,5,43.0,0.5402407957390192,4,48.0,0.6835059835779681,5,196.0,0.22403350204288186,14,287.0
3335.0,6,66.0,0.673469387755102,5.938130137117336,0,15.0,0.43919643376377027,4,65.0,0.5956556117936422,2,196.0,0.1835369793547235,6,276.0
3340.0,20,141.0,1.396039603960396,5.1168140781627045,6,22.0,0.32494541962054724,6,91.0,0.3469512034583484,8,225.0,0.16687834953741298,20,338.0
3345.0,20,102.0,1.120879120879121,3.779475142186273,11,68.0,0.27915304949241543,2,57.0,0.14502149123973163,7,224.0,0.19168232026771984,20,349.0
3350.0,25,99.0,1.0879120879120878,2.6369790109201805,12,102.0,0.11420017011156144,7,85.0,0.1368382968725322,6,183.0,0.18886535838545657,25,370.0
3355.0,18,116.0,1.2473118279569892,5.456308620883651,7,87.0,0.27636766928947476,8,83.0,0.4485792106506777,3,127.0,0.24007723643542012,18,297.0
3360.0,11,63.0,0.6631578947368421,5.8946029327299145,5,90.0,0.2786917188031569,4,86.0,0.4452134952437652,2,95.0,0.24332974180333794,11,271.0
3365.0,12,51.0,0.5204081632653061,6.344274333047755,6,118.0,0.37397577723675984,5,60.0,0.44510283216456553,1,77.0,0.34044696084106957,12,255.0
3370.0,18,88.0,0.9777777777777777,5.505210234079471,6,119.0,0.33477198309843303,5,59.0,0.3654339217722875,7,95.0,0.3063529503094332,18,273.0
3375.0,19,86.0,0.945054945054945,4.200683101745542,4,89.0,0.23469419466398536,3,48.0,0.30640845280586104,12,144.0,0.2188106674223184,19,281.0
3380.0,23,107.0,1.1888888888888889,4.346651045758035,2,87.0,0.2885689153931803,7,35.0,0.34910897703313204,14,178.0,0.16697360831327504,23,300.0
3385.0,25,85.0,0.9139784946236559,4.039927646726818,11,115.0,0.166415757100965,4,52.0,0.3247211268347693,10,160.0,0.133824176582852,25,327.0
3390.0,23,79.0,0.8681318681318682,4.648175652397715,7,128.0,0.3068114964745462,3,39.0,0.3853825607149654,13,217.0,0.21256303586750488,23,384.0
3395.0,17,85.0,0.9444444444444444,4.813439890071153,2,95.0,0.300329765315324,3,36.0,0.6165856734679486,12,280.0,0.1238118161071765,17,411.0
3400.0,16,53.0,0.5638297872340425,4.22364717308632,4,52.0,0.2620615203323793,2,18.0,0.4655774260383122,10,282.0,0.10930731956985233,16,352.0
3405.0,15,40.0,0.42105263157894735,5.669914875319081,3,55.0,0.34134417406433637,4,25.0,0.6322300574995949,8,215.0,0.17749515309089292,15,295.0
3410.0,18,52.0,0.5360824742268041,4.597077731560177,8,84.0,0.23939110625501356,2,21.0,0.4470100604798546,8,249.0,0.11715011992057148,18,354.0
3415.0,29,136.0,1.4782608695652173,3.8529093046002036,13,136.0,0.24783891363086938,2,15.0,0.472906010033965,14,304.0,0.1397431948923892,29,455.0
3420.0,39,287.0,3.2247191011235956,2.5454161207757426,20,219.0,0.15741251515890367,3,24.0,0.26561002076763907,16,378.0,0.08243820389738724,39,621.0
3425.0,52,515.0,5.364583333333333,2.246835957752865,25,333.0,0.14371675794146024,4,39.0,0.1683451352218477,23,479.0,0.0960656460217995,52,851.0
3430.0,53,622.0,6.5473684210526315,1.7319831040956915,29,469.0,0.10930612897924159,1,13.0,0.22690969597914004,23,527.0,0.10707547203228607,53,1009.0
3435.0,53,565.0,5.380952380952381,2.6178226239911635,30,550.0,0.0736673451918681,1,8.0,0.5115414108879306,22,510.0,0.08549437745974563,53,1068.0
3440.0,43,446.0,4.330097087378641,3.7713315785441113,23,553.0,0.13436514425056406,0,4.0,0.8877172346568453,20,575.0,0.10915669438097154,43,1132.0
3445.0,45,319.0,2.9537037037037037,3.123649592645787,18,633.0,0.11805731265226682,3,3.0,0.552340097794891,24,684.0,0.0609056550301928,45,1320.0
3450.0,41,294.0,2.826923076923077,3.1535092130398934,18,723.0,0.12304728371433603,2,11.0,0.6279460731225396,21,793.0,0.10203311270954067,41,1527.0
3455.0,40,292.0,2.9494949494949494,1.8651958889259683,17,812.0,0.09736678723328937,2,3.0,0.15142700831685466,21,901.0,0.07367744870995412,40,1716.0
3460.0,53,487.0,4.59433962264151,1.9524190284355325,21,909.0,0.07881049848743592,4,23.0,0.15262510719632244,28,1027.0,0.06779963346729603,53,1959.0
3465.0,50,483.0,4.689320388349515,2.0573307806987744,21,929.0,0.09502912953832078,0,16.0,0.6054429974369253,29,1069.0,0.07552353509737053,50,2014.0
3470.0,50,374.0,3.4311926605504586,2.347149448375844,20,821.0,0.08734401359950263,2,6.0,0.5443320352319222,28,1014.0,0.06027072192927913,50,1841.0
3475.0,44,341.0,3.1,4.089314187306891,19,862.0,0.12529167693744195,0,4.0,0.872850719056859,25,893.0,0.127361769343939,44,1759.0
3480.0,39,312.0,2.8623853211009176,4.9242270656426,19,957.0,0.08118178579782677,0,4.0,0.7854355473039824,20,838.0,0.19753729165640674,39,1799.0
3485.0,34,266.0,2.509433962264151,4.895046387663585,19,1055.0,0.09713844681511921,2,8.0,0.563574920808455,13,713.0,0.30325260064462395,34,1776.0
3490.0,27,246.0,2.484848484848485,4.891153947813001,19,1150.0,0.11486550963772267,3,14.0,0.5629161499872782,5,563.0,0.42205843482385735,27,1727.0
3495.0,23,160.0,1.5384615384615385,4.494433580477591,20,1138.0,0.10604891864929289,2,20.0,0.37268436830977225,1,512.0,0.470392101533224,23,1670.0
3500.0,34,164.0,1.5922330097087378,4.543062831715858,19,1010.0,0.126141949181574,7,46.0,0.350244806491552,8,511.0,0.34973937173099456,34,1567.0
3505.0,36,174.0,1.7227722772277227,3.654998420522192,18,806.0,0.10263987442802362,4,52.0,0.28414431651262345,14,567.0,0.08365196754869474,36,1425.0
3510.0,34,188.0,1.88,4.536205039248994,16,678.0,0.1978446937000159,3,39.0,0.41637969412778847,15,555.0,0.16371604182389,34,1272.0
3515.0,23,145.0,1.4948453608247423,6.1322808534853115,11,550.0,0.2865881638476381,5,60.0,0.4841039132704835,7,448.0,0.3678029163958239,23,1058.0
3520.0,10,45.0,0.4368932038834951,5.993377919973596,1,475.0,0.37960042857996285,7,69.0,0.37936566903166213,2,392.0,0.2920607107699621,10,936.0
3525.0,25,129.0,1.2772277227722773,5.499660927877862,6,476.0,0.3885215034890283,12,118.0,0.1695645393305264,7,416.0,0.24888162612297554,25,1010.0
3530.0,34,179.0,1.8842105263157896,3.3427078938247705,12,523.0,0.19417773415820544,14,159.0,0.03283916156899784,8,365.0,0.15762623140762427,34,1047.0
3535.0,25,132.0,1.4831460674157304,3.64451694157015,12,496.0,0.16692693265356093,7,158.0,0.26962659809989464,6,243.0,0.2809581697778487,25,897.0
3540.0,14,48.0,0.5161290322580645,4.344721898087721,8,383.0,0.24340539968680813,2,150.0,0.3231260992413067,4,219.0,0.23277919687923684,14,752.0
3545.0,22,73.0,0.7156862745098039,4.758691727217622,8,240.0,0.23422367525341153,6,171.0,0.27727467881215806,8,246.0,0.1867213125185223,22,657.0
3550.0,23,108.0,1.1020408163265305,4.391808474645769,2,252.0,0.29484736050204013,12,221.0,0.24399385589304878,9,221.0,0.18760365430960974,23,694.0
3555.0,28,111.0,1.088235294117647,3.9292512053910076,8,276.0,0.20513731843582897,13,244.0,0.1366076324560621,7,124.0,0.15555618991925918,28,644.0
3560.0,24,77.0,0.8020833333333334,4.270726958612549,8,268.0,0.2736768426267723,9,208.0,0.23970350104748883,7,150.0,0.2584700115501165,24,626.0
3565.0,23,58.0,0.5742574257425742,4.5348207944212575,7,167.0,0.2662479731377123,5,129.0,0.30388923181671373,11,182.0,0.1862164018981805,23,478.0
3570.0,21,109.0,1.1122448979591837,3.8456266333053466,4,166.0,0.2630843047095949,2,139.0,0.39470536355166536,15,245.0,0.1287079299423009,21,550.0
3575.0,29,154.0,1.5555555555555556,3.3684714299895955,7,196.0,0.17851680340513676,8,166.0,0.1542506564109388,14,259.0,0.11738369874247169,29,621.0
3580.0,30,117.0,1.125,3.2341819284173243,7,184.0,0.1546440927654069,9,172.0,0.18352912794250376,14,235.0,0.13148502115667063,30,591.0
3585.0,23,76.0,0.76,4.66265678509298,5,129.0,0.29222892891896224,4,114.0,0.4177362658385422,14,275.0,0.21154049190306168,23,518.0
3590.0,19,64.0,0.5925925925925926,3.693303200594904,4,148.0,0.20505723177018365,1,107.0,0.28110089192055837,14,339.0,0.10114305024660947,19,594.0
3595.0,35,159.0,1.5142857142857142,3.0811223301878288,9,182.0,0.15704559875555613,7,128.0,0.2338456963151217,19,418.0,0.11527655962765694,35,728.0
3600.0,36,202.0,2.061224489795918,1.5735713710424053,8,177.0,0.09014983919972186,12,181.0,0.013776150504162882,16,441.0,0.09284726644139892,36,799.0
