step,system_total_stopped,system_total_waiting_time,system_mean_waiting_time,system_mean_speed,A0_stopped,A0_accumulated_waiting_time,A0_average_speed,B0_stopped,B0_accumulated_waiting_time,B0_average_speed,C0_stopped,C0_accumulated_waiting_time,C0_average_speed,agents_total_stopped,agents_total_accumulated_waiting_time
5.0,0,0.0,0.0,6.7573107550360465,0,0.0,0.4256989436671598,0,0.0,0.5461911451468053,0,0.0,0.5321255184358128,0,0.0
10.0,1,0.0,0.0,10.837420407647267,1,0.0,0.6860898297482231,0,0.0,0.9636611277885379,0,0.0,0.8381024770338417,1,0.0
15.0,0,0.0,0.0,9.275411465076948,0,0.0,0.6370347239888717,0,0.0,0.2949060146747132,0,0.0,0.5435741004861911,0,0.0
20.0,0,0.0,0.0,10.42987633150743,0,0.0,0.7012320953398156,0,0.0,0.9023451974174256,0,0.0,0.7605205766936588,0,0.0
25.0,10,7.0,0.2692307692307692,7.0785986012820565,5,7.0,0.3616405347991826,2,0.0,0.3050123060438363,3,0.0,0.45792995876867665,10,7.0
30.0,4,22.0,0.8148148148148148,8.747115657756815,4,22.0,0.4065167356462897,0,0.0,0.8048145074360584,0,0.0,0.7046169589275392,4,22.0
35.0,5,22.0,0.9166666666666666,5.754754509696915,3,32.0,0.33229599728973647,0,0.0,0.5962000219915712,2,7.0,0.3634434032065462,5,39.0
40.0,5,9.0,0.2727272727272727,6.364151678836103,3,20.0,0.3936431930771886,2,6.0,0.4531842922144148,0,7.0,0.5095043906254634,5,33.0
45.0,3,15.0,0.45454545454545453,8.571844221167423,1,16.0,0.5392600145516077,2,18.0,0.7328010156145567,0,0.0,0.8205958963175272,3,34.0
50.0,4,11.0,0.2619047619047619,6.219100013850773,3,25.0,0.30924129918194326,0,4.0,0.6104517909088092,1,1.0,0.35499313923235576,4,30.0
55.0,12,51.0,1.186046511627907,6.376733032592348,8,51.0,0.25124437697810803,1,8.0,0.600246809997312,3,11.0,0.5625506658616547,12,70.0
60.0,12,56.0,1.4,4.683834747570797,7,65.0,0.1884361763714164,4,22.0,0.3044950285966566,1,3.0,0.510785945066981,12,90.0
65.0,16,92.0,1.9574468085106382,5.293226615314324,7,72.0,0.23988232473767712,7,55.0,0.27145500804818007,2,9.0,0.5139871349322311,16,136.0
70.0,15,119.0,2.5319148936170213,5.939852001322041,6,75.0,0.24902877001697923,9,96.0,0.41307444249607206,0,4.0,0.5861606204983022,15,175.0
75.0,6,39.0,0.75,5.429511893311811,1,69.0,0.28009905493083026,3,94.0,0.42635952029527185,2,5.0,0.43223481186581875,6,168.0
80.0,4,12.0,0.23529411764705882,7.185372508166901,4,78.0,0.36568779344116786,0,39.0,0.5794563749388362,0,2.0,0.7451882634974322,4,119.0
85.0,16,44.0,0.7857142857142857,6.093348808059141,9,105.0,0.28770120159538787,3,4.0,0.4129149263531866,4,5.0,0.5589111471429726,16,114.0
90.0,10,52.0,0.9285714285714286,7.370727515018403,8,120.0,0.3631217333906062,2,12.0,0.5642208594754181,0,1.0,0.7860305441866361,10,133.0
95.0,6,23.0,0.42592592592592593,6.8347966903986155,5,107.0,0.3169410222721196,1,7.0,0.5032012328876958,0,0.0,0.7515777391878142,6,114.0
100.0,11,43.0,0.6825396825396826,6.7610583925513925,7,86.0,0.28816457869510403,4,24.0,0.58060453287054,0,0.0,0.46342757826647285,11,110.0
105.0,12,46.0,0.7540983606557377,7.129148154569714,7,89.0,0.29527722612162666,0,17.0,0.744108051617551,5,17.0,0.35864693583333024,12,123.0
110.0,15,64.0,0.9696969696969697,5.789320559716422,5,82.0,0.28002490667752866,2,2.0,0.5067566208700618,8,52.0,0.2985233130858721,15,136.0
115.0,11,51.0,0.8095238095238095,7.052966904324721,5,106.0,0.3766687175048943,2,12.0,0.5958626641672632,4,58.0,0.4616961671408684,11,176.0
120.0,10,70.0,1.1666666666666667,7.1966623189224395,7,138.0,0.3213200166973953,3,25.0,0.49532683340589234,0,25.0,0.6343780639074127,10,188.0
125.0,13,97.0,1.5396825396825398,6.498045297947608,9,178.0,0.24583986272233538,2,10.0,0.5107035723027697,2,8.0,0.588744669217096,13,196.0
130.0,20,183.0,2.859375,6.1633090896310145,16,244.0,0.13009255120062266,2,14.0,0.6270451992410905,2,18.0,0.5368341302358034,20,276.0
135.0,18,142.0,2.1194029850746268,4.625661775459936,16,276.0,0.09100524371043076,2,10.0,0.38221432079882023,0,2.0,0.36731213572980226,18,288.0
140.0,18,117.0,1.8571428571428572,6.34393052979543,12,270.0,0.26692864395231075,1,8.0,0.6836147024797271,5,18.0,0.42869616180303194,18,296.0
145.0,19,88.0,1.3333333333333333,4.8270745017466545,12,276.0,0.18614269810418535,3,4.0,0.5078756438503238,4,26.0,0.27530733876956104,19,306.0
150.0,17,89.0,1.3692307692307693,6.211393717465672,13,338.0,0.1849839020979066,2,14.0,0.5826153071997743,2,21.0,0.4637076772356924,17,373.0
155.0,21,123.0,2.0847457627118646,4.476922773837206,14,407.0,0.0742676846536422,4,28.0,0.351240773513666,3,19.0,0.3265951038289394,21,454.0
160.0,18,89.0,1.390625,5.052901928430374,11,415.0,0.1110828037427486,1,21.0,0.39705084912328625,6,41.0,0.2888523001079549,18,477.0
165.0,10,72.0,1.2857142857142858,6.554060523233721,4,352.0,0.29524974750833294,0,2.0,0.7622737041603593,6,73.0,0.48504561927523865,10,427.0
170.0,16,113.0,1.7936507936507937,5.036633242599206,8,383.0,0.21413029097878705,1,3.0,0.44532722523908985,7,106.0,0.3500788727612459,16,492.0
175.0,24,197.0,3.078125,4.68319950338922,12,434.0,0.19056605958288242,2,13.0,0.6209273589642378,10,145.0,0.2785399157929829,24,592.0
180.0,16,76.0,1.2881355932203389,2.616883412161984,9,435.0,0.09860102625289077,1,4.0,0.20541796046057406,6,130.0,0.20237727551395576,16,569.0
185.0,10,34.0,0.5230769230769231,5.548988441584928,5,379.0,0.17637839514895026,3,20.0,0.5628024627000567,2,63.0,0.37712771631297964,10,462.0
190.0,9,37.0,0.578125,6.366115186170242,7,400.0,0.15506732436970544,0,18.0,0.7788325301590647,2,25.0,0.48708119589552223,9,443.0
195.0,18,98.0,1.380281690140845,6.111115266041933,12,453.0,0.11274410791915616,2,7.0,0.6476950252493648,4,38.0,0.44228519832956187,18,498.0
200.0,14,110.0,1.6176470588235294,6.711176061268209,7,439.0,0.22543958879015452,2,15.0,0.6645708268766385,5,58.0,0.58895897187094,14,512.0
205.0,11,15.0,0.22058823529411764,5.784323682641174,7,350.0,0.1875277686497188,2,2.0,0.483993008019584,2,26.0,0.5472145899234157,11,378.0
210.0,10,32.0,0.47761194029850745,7.293262464633905,6,267.0,0.2399877331244584,2,8.0,0.5529667790421178,2,5.0,0.5324951572635946,10,280.0
215.0,10,37.0,0.6065573770491803,5.684796904657081,2,270.0,0.19362571598402267,2,18.0,0.4985854472324398,6,28.0,0.3284219860105206,10,316.0
220.0,9,35.0,0.546875,5.820442941028185,4,289.0,0.23591070443320744,2,16.0,0.48184049778145277,3,36.0,0.37637809889496027,9,341.0
225.0,10,48.0,0.8275862068965517,6.4820580786357285,8,322.0,0.2678172707499541,2,16.0,0.4408656189038399,0,19.0,0.707429261113226,10,357.0
230.0,15,73.0,1.1774193548387097,5.551932183710905,8,315.0,0.20574494986627404,6,40.0,0.283535804892989,1,13.0,0.46413391102107093,15,368.0
235.0,11,49.0,0.8032786885245902,6.304186378105447,6,275.0,0.23107709039863433,0,39.0,0.567402393074539,5,28.0,0.3485488104256885,11,342.0
240.0,7,21.0,0.3684210526315789,5.836369140931106,6,256.0,0.2260724365111446,0,4.0,0.615900595833554,1,23.0,0.369012373221544,7,283.0
245.0,10,32.0,0.5161290322580645,7.1054218581783175,6,284.0,0.27620663907321036,2,11.0,0.7024208222416065,2,9.0,0.5890074574352476,10,304.0
250.0,9,38.0,0.6129032258064516,7.04555815692577,5,270.0,0.2948083846728974,2,19.0,0.655442446426126,2,9.0,0.6402724605789537,9,298.0
255.0,14,63.0,0.984375,5.938214048316679,3,208.0,0.25497540195122814,4,34.0,0.4395070417363693,7,29.0,0.39326529340419136,14,271.0
260.0,8,60.0,0.9523809523809523,6.112175649102526,2,170.0,0.3130879631440597,4,54.0,0.5430534894699866,2,31.0,0.40227445711757714,8,255.0
265.0,19,95.0,1.4393939393939394,4.907636771601001,8,192.0,0.2006039410520064,7,77.0,0.40572242726982816,4,6.0,0.2607641329069161,19,275.0
270.0,7,19.0,0.2923076923076923,5.234969191879653,4,172.0,0.2232401248780525,1,45.0,0.4325381292683306,2,10.0,0.4175402096511694,7,227.0
275.0,13,47.0,0.746031746031746,5.862481366348609,2,112.0,0.21235600853873923,4,20.0,0.46599819025576833,7,35.0,0.1907265341872357,13,167.0
280.0,16,92.0,1.4375,5.583044076864866,4,90.0,0.19807332805896155,3,27.0,0.4314769086002889,9,78.0,0.19938019000828,16,195.0
285.0,9,59.0,0.9833333333333333,6.401413669770232,3,67.0,0.3073103858383235,2,23.0,0.6166949186706282,4,79.0,0.3868263778720761,9,169.0
290.0,4,50.0,0.746268656716418,7.30238996333589,2,48.0,0.3136152572723759,2,27.0,0.622394617752279,0,33.0,0.5208213689277197,4,108.0
295.0,11,90.0,1.3636363636363635,8.29024641228214,5,59.0,0.43228529268543525,4,43.0,0.6785406049103404,2,28.0,0.611941953744694,11,130.0
300.0,16,152.0,2.3384615384615386,7.515453484524373,6,71.0,0.34348338399773826,4,63.0,0.5822031950140325,6,50.0,0.4280935806430102,16,184.0
305.0,20,168.0,2.4347826086956523,5.657205474002126,6,97.0,0.452761966838689,3,35.0,0.3908901368641455,11,93.0,0.26526719688896355,20,225.0
310.0,25,171.0,2.3424657534246576,5.472978253800114,0,56.0,0.4361586237017125,9,35.0,0.40160431588516526,16,163.0,0.17183396401327375,25,254.0
315.0,26,198.0,2.6052631578947367,4.904504107709474,2,9.0,0.3258037498045344,11,79.0,0.23673536400031633,13,191.0,0.12567789468295298,26,279.0
320.0,25,227.0,3.1971830985915495,5.4870472336978855,6,33.0,0.3461876224677471,12,138.0,0.2242485574732093,7,162.0,0.2842721923923003,25,333.0
325.0,29,186.0,2.547945205479452,5.0658218171287785,12,73.0,0.16755260641504616,10,156.0,0.3047010014621368,7,115.0,0.2676262029634042,29,344.0
330.0,16,107.0,1.4861111111111112,6.337267644105652,8,104.0,0.3259076896341095,6,118.0,0.39826463236529874,2,115.0,0.4744482299959766,16,337.0
335.0,16,86.0,1.131578947368421,6.629094307192608,5,102.0,0.4150545379077023,4,79.0,0.424255954267383,7,137.0,0.36086318585694155,16,318.0
340.0,24,100.0,1.2658227848101267,4.874062026685914,6,82.0,0.4176639391340695,6,82.0,0.3344809172497759,12,182.0,0.19417359400859058,24,346.0
345.0,19,98.0,1.1951219512195121,5.095075849387353,2,69.0,0.48454770745493453,7,90.0,0.31814444430546795,10,196.0,0.13878376611526452,19,355.0
350.0,17,102.0,1.146067415730337,5.769567303987628,1,44.0,0.3543222821124751,11,132.0,0.30713059120347014,5,148.0,0.26727345441239414,17,324.0
355.0,23,92.0,1.0454545454545454,5.136043205448399,6,60.0,0.26554102959150266,11,150.0,0.22862967153494268,6,170.0,0.27141144065882916,23,380.0
360.0,25,104.0,1.2682926829268293,4.558080425765201,3,62.0,0.30460510665588325,14,141.0,0.16212488331403407,8,202.0,0.2593135599119625,25,405.0
365.0,23,126.0,1.4823529411764707,5.0905783384277274,5,37.0,0.35293668940917083,12,146.0,0.28667865810768184,6,195.0,0.2852300490329187,23,378.0
370.0,15,73.0,0.8202247191011236,5.312343720383745,2,33.0,0.4814454510938245,10,171.0,0.2823052587647136,3,133.0,0.2986830097199226,15,337.0
375.0,16,62.0,0.6262626262626263,6.042026522258922,4,35.0,0.3963007940618137,8,147.0,0.32006029974123396,4,65.0,0.26341315394443354,16,247.0
380.0,7,26.0,0.26804123711340205,6.448414384405328,1,16.0,0.36925081727012843,4,138.0,0.33472992718213723,2,56.0,0.4536786496477851,7,210.0
385.0,20,50.0,0.5319148936170213,5.506626247852631,8,31.0,0.271184318011382,8,137.0,0.21289114788664656,4,50.0,0.4281114973294352,20,218.0
390.0,21,73.0,0.7849462365591398,4.395884746835297,4,45.0,0.32497693866052846,11,165.0,0.11416691073120418,6,72.0,0.31883361126220205,21,282.0
395.0,19,64.0,0.735632183908046,4.239631963020067,3,31.0,0.39549232230464787,12,178.0,0.16553065139270218,4,76.0,0.18059862196078671,19,285.0
400.0,16,54.0,0.6,4.709543556274942,3,23.0,0.2745242061916902,7,184.0,0.2143182087444483,6,45.0,0.21512156504730545,16,252.0
405.0,14,40.0,0.43956043956043955,5.492030239962353,1,27.0,0.4310769904718442,12,176.0,0.20735515335959545,1,46.0,0.5281090105279148,14,249.0
410.0,21,59.0,0.6020408163265306,5.014042226687694,4,35.0,0.3493750974757099,14,206.0,0.1563180708714184,3,55.0,0.3879029059264045,21,296.0
415.0,28,113.0,1.2150537634408602,4.0037327434285865,6,57.0,0.3279995700267017,14,222.0,0.11042637834478898,8,80.0,0.27408631824641366,28,359.0
420.0,37,252.0,2.9302325581395348,3.2304212112941246,12,102.0,0.09966874586804278,13,241.0,0.13634146945782838,12,129.0,0.09790342260521621,37,472.0
425.0,36,318.0,3.6551724137931036,3.931984341180727,10,132.0,0.16820127313357203,17,302.0,0.17419815710139563,9,155.0,0.2212910746358303,36,589.0
430.0,34,362.0,4.209302325581396,5.1743613309851915,9,116.0,0.22069126071386785,21,384.0,0.23346689492467773,4,127.0,0.3838716340554563,34,627.0
435.0,29,265.0,2.9775280898876404,4.442356634277887,8,151.0,0.14757376214096946,18,403.0,0.1907645915237552,3,140.0,0.2577027614180256,29,694.0
440.0,32,203.0,2.4166666666666665,4.266946704082921,9,189.0,0.24922185526753884,15,354.0,0.14645263609730677,8,172.0,0.3543090195396679,32,715.0
445.0,35,230.0,2.6436781609195403,3.780738284784175,8,205.0,0.241376256679602,14,278.0,0.1982273661672371,13,222.0,0.26047070369857295,35,705.0
450.0,26,201.0,2.2333333333333334,4.787884277312465,5,186.0,0.3552816355018628,13,268.0,0.2588298938198453,8,224.0,0.3659027937308197,26,678.0
455.0,16,122.0,1.3118279569892473,4.870861974582149,1,184.0,0.320589083867951,12,284.0,0.26832228306289185,3,149.0,0.3806722146035699,16,617.0
460.0,20,76.0,0.7307692307692307,4.1766735869154505,7,206.0,0.1675808353715208,8,271.0,0.2765742309519909,5,138.0,0.2811355563444667,20,615.0
465.0,27,121.0,1.1523809523809523,4.100603851111184,13,261.0,0.11010248302488815,7,243.0,0.2894500869471827,7,169.0,0.2430240696317309,27,673.0
470.0,26,114.0,1.1067961165048543,3.1040334597123227,14,292.0,0.06980612133078408,7,242.0,0.20636869342671454,5,152.0,0.176180147846884,26,686.0
475.0,20,98.0,0.98989898989899,4.092422789585993,8,261.0,0.24148405503008263,10,241.0,0.24346643685723224,2,94.0,0.3126210840218707,20,596.0
480.0,27,139.0,1.3238095238095238,3.6541148748690446,8,277.0,0.2017548392445087,16,245.0,0.19181108754011492,3,90.0,0.1999749027168621,27,612.0
485.0,39,196.0,1.7657657657657657,3.650922405283618,15,336.0,0.14370586778181912,16,280.0,0.17133626581732483,8,123.0,0.1823339400582242,39,739.0
490.0,37,217.0,2.17,3.2464709106783305,19,423.0,0.11619164890565553,12,256.0,0.17996271628793573,6,113.0,0.2202430447024019,37,792.0
495.0,30,168.0,1.6633663366336633,4.091825060468906,16,450.0,0.08358964470379245,9,231.0,0.2641842621287464,5,71.0,0.21374976375570567,30,752.0
500.0,26,164.0,1.7263157894736842,5.342154719767788,7,364.0,0.18012921701627138,12,227.0,0.40547428763484766,7,90.0,0.23067907440776983,26,681.0
505.0,34,243.0,2.557894736842105,4.80303230448199,11,402.0,0.10162397281476336,12,246.0,0.3198332642866178,11,132.0,0.13706277740460085,34,780.0
510.0,39,365.0,4.101123595505618,3.019794910451492,10,451.0,0.10078207746256482,17,309.0,0.07363455796313505,12,183.0,0.14246494419965894,39,943.0
515.0,44,475.0,5.864197530864198,2.1027624827781732,14,522.0,0.051462918559594256,20,399.0,0.06930187545486319,10,196.0,0.16380552664800396,44,1117.0
520.0,36,516.0,6.0,3.1229268594234387,9,511.0,0.10819138915729869,20,496.0,0.1505079784935385,7,161.0,0.21330604284213497,36,1168.0
525.0,25,358.0,4.022471910112359,5.394449990344224,6,414.0,0.21163505989569983,13,488.0,0.3663968275193508,6,123.0,0.3529665596804594,25,1025.0
530.0,17,164.0,1.7083333333333333,4.868377816825474,7,410.0,0.19948382235543796,8,341.0,0.2913678913840553,2,123.0,0.3462910193286253,17,874.0
535.0,25,100.0,1.0101010101010102,5.079943935806931,10,452.0,0.2696811934704812,9,229.0,0.2374259336039936,6,145.0,0.3397701421589759,25,826.0
540.0,25,149.0,1.5520833333333333,4.246521192619626,10,500.0,0.24328972682852712,11,190.0,0.2596042425059744,4,145.0,0.2592177150942282,25,835.0
545.0,32,261.0,2.6363636363636362,4.5507574075378034,12,561.0,0.27211819056306524,16,199.0,0.27719616035773903,4,118.0,0.3243980066971989,32,878.0
550.0,36,301.0,2.98019801980198,3.1758145310206154,17,635.0,0.21035061662186894,15,242.0,0.1462426301546416,4,127.0,0.25153718456637864,36,1004.0
555.0,39,263.0,2.435185185185185,3.2415206746094016,18,627.0,0.08731006503819981,13,247.0,0.16661110235064633,8,163.0,0.16975785203093657,39,1037.0
560.0,35,265.0,2.623762376237624,3.8093990821408976,16,571.0,0.13825191518757873,9,223.0,0.24880704589209998,10,212.0,0.21094115373259875,35,1006.0
565.0,39,293.0,2.872549019607843,3.7318981464005563,16,476.0,0.12253047803613412,6,212.0,0.32138989950377594,17,276.0,0.09656087449042815,39,964.0
570.0,36,339.0,3.39,4.0258417270384665,11,523.0,0.264767684729772,7,169.0,0.2452433831256358,18,361.0,0.16867040774296702,36,1053.0
575.0,45,336.0,3.36,3.43288217749506,13,579.0,0.22090024321006813,15,181.0,0.1502041302351011,17,384.0,0.18593077097599336,45,1144.0
580.0,41,322.0,3.066666666666667,3.1586258012748516,15,652.0,0.1280477848038225,11,200.0,0.20857122713017465,15,332.0,0.16139446697804316,41,1184.0
585.0,36,220.0,2.1359223300970873,3.5930394377549826,13,655.0,0.16500892276095208,10,166.0,0.1974845036428206,13,390.0,0.19181440967309846,36,1211.0
590.0,32,179.0,1.6886792452830188,3.738472566408695,10,563.0,0.13914764751883943,7,203.0,0.278145952741191,15,463.0,0.1056423833586497,32,1229.0
595.0,33,182.0,1.7843137254901962,4.059307996527696,6,423.0,0.28362882101382136,10,229.0,0.25071111440164046,17,545.0,0.14241573686449474,33,1197.0
600.0,36,229.0,2.160377358490566,3.4190234460896285,4,327.0,0.29320970754344383,19,304.0,0.1543649506114108,13,538.0,0.1157894519759787,36,1169.0
605.0,35,226.0,2.073394495412844,4.275735349828939,5,231.0,0.3484831406620362,22,353.0,0.18900707599267322,8,456.0,0.2125997208583064,35,1040.0
610.0,25,164.0,1.5327102803738317,4.840310613428086,2,211.0,0.2950926381672363,18,334.0,0.23713331418008585,5,421.0,0.23890961775668254,25,966.0
615.0,29,200.0,1.8691588785046729,5.244129518876395,6,222.0,0.26059589751252965,12,294.0,0.22256094008426072,11,466.0,0.14863651122443086,29,982.0
620.0,31,224.0,2.4615384615384617,4.4317298031219785,10,264.0,0.23814875526913779,13,324.0,0.22038069971267943,8,459.0,0.227138044759331,31,1047.0
625.0,31,147.0,1.6153846153846154,3.060460615964084,9,255.0,0.18915236631274876,16,343.0,0.15494688094034384,6,339.0,0.20787102138403837,31,937.0
630.0,19,93.0,0.96875,4.762005970301889,8,193.0,0.3654045928007972,10,369.0,0.2907150478087582,1,335.0,0.2819564313520317,19,897.0
635.0,17,57.0,0.5588235294117647,4.941423300319655,4,174.0,0.33612204691189124,6,318.0,0.25963812121331054,7,356.0,0.20332527015046095,17,848.0
640.0,25,142.0,1.3523809523809525,4.725467170922362,5,199.0,0.239318733167408,9,271.0,0.24334119055071649,11,410.0,0.1612121112619133,25,880.0
645.0,30,175.0,1.881720430107527,3.275122707526012,8,232.0,0.17660037244743917,11,278.0,0.1485066686332977,11,412.0,0.2066751504956924,30,922.0
650.0,32,154.0,1.6210526315789473,3.2121353881435777,9,227.0,0.18619867323927275,15,280.0,0.16473860219799286,8,331.0,0.21422718444102534,32,838.0
655.0,29,122.0,1.2079207920792079,4.781676074095623,7,179.0,0.30592772291706427,14,338.0,0.28119956522598843,8,235.0,0.2958200090121767,29,752.0
660.0,18,62.0,0.5904761904761905,4.724564305594562,5,167.0,0.2223109844157218,7,346.0,0.26194389382085587,6,250.0,0.25845756237396045,18,763.0
665.0,25,124.0,1.1376146788990826,4.830068945179962,8,200.0,0.17289866061750692,9,350.0,0.1847274365111208,8,287.0,0.217477036659138,25,837.0
670.0,29,141.0,1.4536082474226804,3.703192117438358,11,249.0,0.13664448840219573,12,348.0,0.14617956364458773,6,271.0,0.2756207923349288,29,868.0
675.0,22,99.0,1.064516129032258,3.3355431873791384,7,242.0,0.17170179559486837,12,314.0,0.1583518101846606,3,193.0,0.23456142837142388,22,749.0
680.0,26,120.0,1.2244897959183674,5.616608105303119,6,173.0,0.3478183783414209,17,304.0,0.31557686429050164,3,101.0,0.4011365938131858,26,578.0
685.0,31,170.0,1.6037735849056605,4.842413779367414,11,205.0,0.27454126857384326,15,273.0,0.2817275466608695,5,93.0,0.30371074803513426,31,571.0
690.0,29,164.0,1.490909090909091,4.351392933382184,10,246.0,0.18720217358168664,15,308.0,0.1993521490212678,4,109.0,0.3438457843618003,29,663.0
695.0,32,152.0,1.4757281553398058,3.4208432970323406,15,307.0,0.06339203297287756,14,312.0,0.17762040567232262,3,96.0,0.26825881593067485,32,715.0
700.0,34,201.0,1.9705882352941178,3.412025415171039,19,392.0,0.07720529913635607,11,312.0,0.18572755225281257,4,71.0,0.2847972763008366,34,775.0
705.0,30,194.0,1.9595959595959596,4.1097661999554225,15,408.0,0.19741776607807238,13,294.0,0.23497791868720566,2,48.0,0.40713237437504973,30,750.0
710.0,31,188.0,1.724770642201835,4.771050296693319,11,355.0,0.23550919361919956,16,296.0,0.2677640445964106,4,44.0,0.3397587014696817,31,695.0
715.0,36,295.0,2.6576576576576576,5.008543617262566,11,387.0,0.25265650477516166,21,361.0,0.23650291287234257,4,57.0,0.4480009945776688,36,805.0
720.0,38,336.0,3.111111111111111,4.251244651919396,16,460.0,0.14009088821820326,18,384.0,0.17335599030791027,4,73.0,0.35641821048270605,38,917.0
725.0,35,249.0,2.3271028037383177,3.938968630080494,21,554.0,0.08751453956620779,13,348.0,0.13401858648071088,1,40.0,0.4038470778356839,35,942.0
730.0,32,185.0,1.8686868686868687,4.428683027953505,16,571.0,0.11351320929958983,10,267.0,0.21368874192854778,6,24.0,0.32713936573397123,32,862.0
735.0,24,105.0,1.0714285714285714,4.137358782901179,12,495.0,0.12222538687608378,8,282.0,0.28539668343849145,4,34.0,0.20258590709660737,24,811.0
740.0,22,89.0,0.967391304347826,5.518289418856358,10,405.0,0.29004762034081033,9,271.0,0.3465499129955244,3,34.0,0.4517074392746746,22,710.0
745.0,29,150.0,1.4851485148514851,5.719557856272849,11,320.0,0.23988954911671348,14,290.0,0.35721391071662445,4,27.0,0.40241046908021716,29,637.0
750.0,28,210.0,2.0588235294117645,5.954956871480052,6,333.0,0.2981618761076099,19,355.0,0.3002872219306032,3,34.0,0.5287676284573145,28,722.0
755.0,28,219.0,2.2346938775510203,5.114548764035835,8,362.0,0.21141687826839384,17,370.0,0.20582023148843906,3,43.0,0.4352533770342841,28,775.0
760.0,22,111.0,1.1443298969072164,4.988178518924954,7,355.0,0.2017015537936272,14,307.0,0.15896604604868525,1,21.0,0.4171123466926722,22,683.0
765.0,20,90.0,0.989010989010989,5.86423413815975,5,285.0,0.27608918014250067,10,195.0,0.24450139770192195,5,21.0,0.3428348473782768,20,501.0
770.0,20,142.0,1.6136363636363635,5.45097481861048,3,291.0,0.18823779879003286,12,205.0,0.3435793214648662,5,31.0,0.19869366984110642,20,527.0
775.0,18,113.0,1.3780487804878048,4.990950937085267,8,320.0,0.15711918970517827,7,199.0,0.2242903640904759,3,27.0,0.40910239148161004,18,546.0
780.0,19,65.0,0.8333333333333334,4.978290715001589,9,310.0,0.17348087338619841,9,174.0,0.2775490736844289,1,21.0,0.5470614413448694,19,505.0
785.0,19,94.0,1.1058823529411765,6.447957299399749,7,252.0,0.33370622793101756,11,151.0,0.34150076281830954,1,17.0,0.6323169860815632,19,420.0
790.0,13,79.0,0.8977272727272727,6.468461185331842,4,170.0,0.37111151249451124,5,146.0,0.34068509770466476,4,29.0,0.509630078525488,13,345.0
795.0,16,71.0,0.7717391304347826,6.092150684824965,6,144.0,0.3419742542663183,5,93.0,0.34758748074036544,5,39.0,0.26657907956823423,16,276.0
800.0,18,113.0,1.2988505747126438,6.69287157013786,5,107.0,0.3621158707952828,11,92.0,0.3682602993687454,2,33.0,0.38796296964703725,18,232.0
805.0,21,124.0,1.4090909090909092,5.832749358668919,7,106.0,0.2907735964759972,8,99.0,0.3275034097471784,6,45.0,0.33992048513607914,21,250.0
810.0,25,179.0,2.182926829268293,5.754878971484287,6,124.0,0.5132868828654042,12,82.0,0.21340285547970453,7,73.0,0.40791933251443113,25,279.0
815.0,14,58.0,0.725,4.66028258713426,1,83.0,0.42856344211621183,9,119.0,0.1912375157212527,4,76.0,0.4391412364392977,14,278.0
820.0,13,41.0,0.47126436781609193,5.331041383279833,4,35.0,0.3852194392933844,7,130.0,0.23116731312505073,2,51.0,0.34949075790391126,13,216.0
825.0,15,74.0,0.8505747126436781,5.993503040784972,6,47.0,0.31991471075964534,9,145.0,0.292391356856879,0,32.0,0.3957297560859286,15,224.0
830.0,18,75.0,0.8620689655172413,5.116322084479782,7,55.0,0.24372649434302335,7,157.0,0.2739021406858113,4,47.0,0.22708594616230746,18,259.0
835.0,21,95.0,1.1728395061728396,4.746535771495695,5,59.0,0.42294938224757506,12,150.0,0.17607785080976246,4,48.0,0.45501875376834705,21,257.0
840.0,19,100.0,1.1764705882352942,4.5646550019390135,4,68.0,0.4127301838758853,15,195.0,0.1753659584030799,0,21.0,0.5026533338470139,19,284.0
845.0,12,42.0,0.45652173913043476,5.452134451668342,0,46.0,0.44172199465409945,10,221.0,0.20266780223978562,2,14.0,0.5220653523384456,12,281.0
850.0,17,62.0,0.6666666666666666,5.509307356108425,5,21.0,0.37954278508746964,10,242.0,0.18607803510043783,2,18.0,0.5000446858222499,17,281.0
855.0,26,125.0,1.3736263736263736,4.406288966710414,9,59.0,0.22728244559805152,12,235.0,0.14105522239924623,5,34.0,0.43029799450526207,26,328.0
860.0,29,155.0,1.684782608695652,3.7492108336321475,15,121.0,0.23773549496300467,13,270.0,0.09701627728997274,1,14.0,0.5859518651696951,29,405.0
865.0,37,251.0,2.642105263157895,3.7026705294433855,20,202.0,0.18755727222526325,13,291.0,0.09720530575134739,4,14.0,0.35886555905908346,37,507.0
870.0,38,355.0,3.901098901098901,3.060425204980561,23,301.0,0.1097312101018039,10,326.0,0.11864159159222937,5,32.0,0.25992227892281605,38,659.0
875.0,40,476.0,5.471264367816092,2.74333655999313,26,427.0,0.13700691783161958,13,318.0,0.12127521826763424,1,30.0,0.40018411753472155,40,775.0
880.0,38,428.0,4.412371134020619,3.250313839170809,23,488.0,0.13262122914230956,13,350.0,0.12841760595812562,2,8.0,0.5576076870747816,38,846.0
885.0,30,294.0,3.0309278350515463,4.767835341188945,15,437.0,0.1573043355314385,13,354.0,0.2333503084887647,2,18.0,0.7159162911647873,30,809.0
890.0,28,250.0,2.525252525252525,4.4016908416365315,15,386.0,0.16925606465820203,8,360.0,0.23743327889570653,5,31.0,0.3602521976471672,28,777.0
895.0,29,227.0,2.316326530612245,4.934589403415922,11,369.0,0.34586102545768066,13,355.0,0.19690130176323023,5,53.0,0.5381729655534344,29,777.0
900.0,23,143.0,1.4158415841584158,4.413583258538198,8,381.0,0.2970963724868821,15,378.0,0.13102182179555744,0,23.0,0.5525745887965887,23,782.0
905.0,21,109.0,1.0686274509803921,5.0584859302691685,7,414.0,0.3033572429607553,13,363.0,0.1234163290093308,1,6.0,0.5512530032640716,21,783.0
910.0,21,157.0,1.6702127659574468,4.828837835836783,5,379.0,0.295700817681773,12,335.0,0.13600943609485405,4,21.0,0.3470703391817006,21,735.0
915.0,18,148.0,1.6263736263736264,4.562854261111207,1,347.0,0.17856627703542424,15,363.0,0.2119120140726788,2,22.0,0.2882756218556542,18,732.0
920.0,20,143.0,1.7023809523809523,4.416581925887399,6,368.0,0.14229535617802871,13,360.0,0.18505220660813118,1,7.0,0.6597830582802492,20,735.0
925.0,32,125.0,1.4367816091954022,4.0164783756476545,10,359.0,0.1688005650165925,19,328.0,0.1855519698783695,3,2.0,0.44038817491355126,32,689.0
930.0,31,185.0,2.1511627906976742,4.728202641109236,11,403.0,0.236217241079018,18,307.0,0.20372967494440636,2,8.0,0.6442776751999041,31,718.0
935.0,27,178.0,2.0,3.5119803992216587,12,458.0,0.13711109308449496,15,361.0,0.16042279512666788,0,6.0,0.5810825730103322,27,825.0
940.0,24,120.0,1.2371134020618557,4.103108545157763,9,457.0,0.12692845406757156,13,363.0,0.22348628346768276,2,3.0,0.5282600707775907,24,823.0
945.0,22,122.0,1.2577319587628866,4.3749611061099145,13,453.0,0.13361393258992427,7,359.0,0.2350266033650398,2,3.0,0.45657987543892414,22,815.0
950.0,35,239.0,2.438775510204082,3.9922995376091572,17,523.0,0.11406247737756599,11,329.0,0.21154387066874616,7,28.0,0.31368020213649833,35,880.0
955.0,36,322.0,3.3541666666666665,3.178318114506864,22,620.0,0.1510325127610979,11,321.0,0.11879431272416843,3,38.0,0.49131017150804057,36,979.0
960.0,34,413.0,4.347368421052631,3.869209373660862,23,732.0,0.11726757909643899,11,318.0,0.17191902151587604,0,16.0,0.5479938826617848,34,1066.0
965.0,31,364.0,3.752577319587629,4.249912230685689,24,764.0,0.06450740496388464,5,315.0,0.26939922182951914,2,7.0,0.5285704911546322,31,1086.0
970.0,31,348.0,3.7419354838709675,4.951693680888865,19,702.0,0.19592779528031046,10,255.0,0.27626394310644803,2,19.0,0.633743996213952,31,976.0
975.0,28,303.0,3.03,4.825124021482368,16,600.0,0.22374250764586415,8,267.0,0.22158073325232824,4,32.0,0.45533515580284606,28,899.0
980.0,25,269.0,2.69,5.763476388568964,13,511.0,0.3075703288185094,12,260.0,0.2029410249165763,0,11.0,0.6900928781492908,25,782.0
985.0,24,199.0,2.051546391752577,4.965560968973718,10,533.0,0.1986667031305777,11,261.0,0.16246350177884927,3,7.0,0.34989042573670304,24,801.0
990.0,23,177.0,2.0113636363636362,5.278390600964705,7,561.0,0.22500086040977388,16,301.0,0.20147282486294277,0,3.0,0.39241060025457625,23,865.0
995.0,24,181.0,2.3506493506493507,4.53161443994044,10,608.0,0.19606107068911066,14,322.0,0.17085307761362423,0,0.0,0.595633520580585,24,930.0
1000.0,30,210.0,2.727272727272727,4.378212024844512,14,673.0,0.23441225563446522,16,285.0,0.1649524168536406,0,2.0,0.705936400614353,30,960.0
1005.0,27,206.0,2.575,5.448919472542624,11,653.0,0.30983906268205363,15,255.0,0.2156313542326765,1,4.0,0.7531838096981698,27,912.0
1010.0,24,185.0,2.102272727272727,5.048993324662676,11,525.0,0.25463557701238726,12,266.0,0.2600282516762193,1,3.0,0.5486134874873874,24,794.0
1015.0,25,218.0,2.3956043956043955,5.955170950384427,9,417.0,0.3337935261797099,14,260.0,0.25401140366629293,2,11.0,0.699372073314833,25,688.0
1020.0,26,287.0,3.0210526315789474,5.464474065709931,7,439.0,0.23028136404949445,17,303.0,0.27019003876047715,2,21.0,0.5684520830254465,26,763.0
1025.0,35,377.0,3.77,5.200893534762966,11,487.0,0.14911586177053518,22,382.0,0.2990250804726272,2,7.0,0.5315855473127516,35,876.0
1030.0,40,363.0,3.8210526315789473,4.3967857640599695,16,559.0,0.1894549984903422,20,407.0,0.2024023683353881,4,17.0,0.40969605790828134,40,983.0
1035.0,35,228.0,2.4516129032258065,3.516507242448832,13,566.0,0.15598918642184562,15,358.0,0.13171550469790633,7,35.0,0.21612333034081632,35,959.0
1040.0,22,85.0,0.9659090909090909,4.164245799889027,9,485.0,0.20439992300218235,8,392.0,0.2339287741362176,5,48.0,0.2730583485760755,22,925.0
1045.0,29,105.0,1.09375,4.57206312425757,11,516.0,0.17833358814197658,12,401.0,0.26818418069663297,6,54.0,0.35701378520793997,29,971.0
1050.0,29,149.0,1.49,4.8127135719508525,13,573.0,0.19882934463533547,12,379.0,0.16677063753475138,4,54.0,0.5079139432829924,29,1006.0
1055.0,27,146.0,1.5208333333333333,4.347047722305045,15,648.0,0.16390958334768935,12,323.0,0.1259998368533618,0,28.0,0.39000458071231725,27,999.0
1060.0,35,256.0,2.8131868131868134,4.206885532670373,18,736.0,0.06261048704118899,11,245.0,0.16542810332690114,6,34.0,0.24830428370060822,35,1015.0
1065.0,38,409.0,5.049382716049383,4.405822285718622,22,838.0,0.0918140199365507,12,204.0,0.25665265267231285,4,43.0,0.30111992246217506,38,1085.0
1070.0,39,574.0,7.358974358974359,3.3514474119049114,25,956.0,0.02956861098877336,13,228.0,0.22020335529921706,1,25.0,0.27635735793466665,39,1209.0
1075.0,38,641.0,8.324675324675324,4.164767029013339,29,1095.0,0.054952013594887154,7,216.0,0.3217488851962114,2,14.0,0.545748530149536,38,1325.0
1080.0,35,690.0,9.324324324324325,4.507642080634943,32,1248.0,0.055504169692494054,3,137.0,0.44546005626459045,0,6.0,0.6532710347001103,35,1391.0
1085.0,39,849.0,10.884615384615385,5.078010963749777,34,1417.0,0.12825083956184982,3,53.0,0.3977487155633796,2,11.0,0.6897853839679118,39,1481.0
1090.0,39,1034.0,13.605263157894736,4.387647077613307,35,1590.0,0.12082972527080352,4,26.0,0.34677083240191625,0,2.0,0.7434640104886839,39,1618.0
1095.0,48,1249.0,15.419753086419753,3.1201864307355534,37,1769.0,0.05086079499387064,9,56.0,0.22083182456059214,2,6.0,0.5484398478373709,48,1831.0
1100.0,49,1419.0,16.892857142857142,3.259788735224004,39,1961.0,0.056326711314277626,7,64.0,0.27342596420586185,3,16.0,0.5655928458117263,49,2041.0
1105.0,41,1225.0,13.461538461538462,3.4184924805599786,39,1979.0,0.01241734908416222,0,35.0,0.35230469045403867,2,0.0,0.3702241748996615,41,2014.0
1110.0,35,920.0,10.222222222222221,4.789558241730092,29,1791.0,0.11527409826015177,2,33.0,0.3930477183373,4,11.0,0.4321309048607615,35,1835.0
1115.0,29,699.0,8.223529411764705,4.428112103752408,21,1896.0,0.1329817729888568,7,55.0,0.2911913454262699,1,18.0,0.43930680587273174,29,1969.0
1120.0,30,468.0,5.258426966292135,4.075422199484333,19,1992.0,0.10060746659466509,9,68.0,0.25453326546000066,2,12.0,0.44902349469195363,30,2072.0
1125.0,28,371.0,4.364705882352941,4.043801367793266,20,2092.0,0.1141621822580902,6,65.0,0.2516451254113642,2,16.0,0.5470164394152308,28,2173.0
1130.0,28,177.0,2.0344827586206895,3.7768722566782276,17,1998.0,0.06617497233580853,7,62.0,0.28668535225694036,4,29.0,0.24344231256717463,28,2089.0
1135.0,21,89.0,1.0853658536585367,4.807784414074462,16,1616.0,0.13838713262951952,5,66.0,0.33348914966747917,0,9.0,0.6780348548636331,21,1691.0
1140.0,21,107.0,1.3209876543209877,5.256495664325502,12,1338.0,0.18059815462979004,8,60.0,0.3018851550049033,1,3.0,0.5630506184670959,21,1401.0
1145.0,20,101.0,1.1477272727272727,5.316058035923465,6,1353.0,0.22046004631635918,14,107.0,0.29658608086172644,0,2.0,0.6403336959260597,20,1462.0
1150.0,25,117.0,1.3604651162790697,4.473526330990213,11,1396.0,0.18605537337073977,14,143.0,0.2043533622144093,0,0.0,0.7693454710389476,25,1539.0
1155.0,23,83.0,0.9651162790697675,4.033178585749295,11,1322.0,0.14598090551643142,12,147.0,0.1733031663420344,0,0.0,0.5212940513624151,23,1469.0
1160.0,15,49.0,0.5903614457831325,5.000517983930232,6,1113.0,0.22199091737273732,6,157.0,0.29017046400605945,3,11.0,0.45361392696114794,15,1281.0
1165.0,20,44.0,0.5176470588235295,4.278090875638169,7,1005.0,0.20533881399840015,10,166.0,0.26689955491669093,3,12.0,0.3817985511586084,20,1183.0
1170.0,23,130.0,1.4444444444444444,4.741432456387305,7,1030.0,0.1726872353328468,14,216.0,0.2375200010470876,2,10.0,0.7214889613587178,23,1256.0
1175.0,27,169.0,1.898876404494382,4.1812993826357445,12,1079.0,0.12291176022495155,15,242.0,0.20909961893290557,0,2.0,0.8291619641542649,27,1323.0
1180.0,24,124.0,1.3478260869565217,4.448798146693769,12,1009.0,0.10772024693315356,11,215.0,0.2303458570086722,1,3.0,0.47255210099772466,24,1227.0
1185.0,13,61.0,0.7176470588235294,5.13314832623699,8,777.0,0.17148750130015664,4,144.0,0.3192804112170668,1,4.0,0.4022463426862008,13,925.0
1190.0,14,31.0,0.36046511627906974,4.983659891662202,11,817.0,0.12409383264417058,2,133.0,0.4328580088766993,1,2.0,0.36933663812996453,14,952.0
1195.0,21,70.0,0.8235294117647058,5.135123829956993,11,870.0,0.17677438212056173,7,126.0,0.3101534648517418,3,13.0,0.595236182759169,21,1009.0
1200.0,33,174.0,2.0232558139534884,4.330080951081735,19,944.0,0.10620739220994012,13,171.0,0.27963308868992953,1,3.0,0.6547003560215956,33,1118.0
1205.0,28,169.0,1.8571428571428572,4.066643343869114,16,904.0,0.1199567063204459,10,178.0,0.13570096743156415,2,11.0,0.6418917163081462,28,1093.0
1210.0,20,92.0,1.069767441860465,4.480461582784755,13,745.0,0.13551479467212624,7,143.0,0.2776373081308899,0,2.0,0.5451357810204047,20,890.0
1215.0,15,66.0,0.7586206896551724,5.2688282341336246,12,508.0,0.14540393882905403,1,117.0,0.4014373181133699,2,4.0,0.3970709590409787,15,629.0
1220.0,19,79.0,0.9186046511627907,6.342307160132157,9,379.0,0.31888968229531367,8,138.0,0.40876039783508294,2,16.0,0.5424883046598727,19,533.0
1225.0,23,70.0,0.7692307692307693,5.19889098459295,8,307.0,0.2647980230671048,8,132.0,0.32619619630962343,7,28.0,0.33596924859811605,23,467.0
1230.0,16,48.0,0.5161290322580645,5.866847667380174,7,339.0,0.27601835363101046,9,95.0,0.20817859283350099,0,10.0,0.6571216898892148,16,444.0
1235.0,16,45.0,0.5357142857142857,4.67124594211801,6,278.0,0.21246670527603123,8,120.0,0.1226371702818696,2,5.0,0.40432273344086994,16,403.0
1240.0,17,51.0,0.6623376623376623,4.642682850475254,7,221.0,0.28946894758628466,9,145.0,0.18816583273193235,1,6.0,0.5225942939367313,17,372.0
1245.0,13,54.0,0.6666666666666666,5.441796859863118,2,148.0,0.3343871224675397,11,162.0,0.23862726012305246,0,2.0,0.7572245644384062,13,312.0
1250.0,15,75.0,0.8426966292134831,6.259125960613032,4,118.0,0.3294601532609737,11,155.0,0.31472579422923364,0,2.0,0.6790478202594183,15,275.0
1255.0,13,122.0,1.4186046511627908,6.930335227096085,4,94.0,0.42471099009747365,8,153.0,0.3182145438840269,1,3.0,0.44175338940039005,13,250.0
1260.0,21,153.0,1.9125,5.739179671431986,2,66.0,0.3083742032846422,14,193.0,0.23943406416650298,5,22.0,0.3118517166779379,21,281.0
1265.0,31,288.0,3.789473684210526,5.297643398979791,7,73.0,0.2811355245338681,19,255.0,0.09915358318725628,5,47.0,0.2846234106257786,31,375.0
1270.0,29,274.0,3.971014492753623,4.401135186706189,5,77.0,0.27943941153012397,17,287.0,0.06022840103282224,7,77.0,0.3579080853060319,29,441.0
1275.0,17,161.0,2.4029850746268657,4.917972383728137,3,48.0,0.3028261114772234,12,272.0,0.24668747271416516,2,66.0,0.38990174916806514,17,386.0
1280.0,14,106.0,1.4722222222222223,6.419182475220916,3,44.0,0.4356735074592961,10,223.0,0.27164514223809716,1,14.0,0.669834219170904,14,281.0
1285.0,21,98.0,1.2098765432098766,6.087217838697303,7,57.0,0.3149344443505291,10,227.0,0.3282117127941438,4,13.0,0.5455866042867057,21,297.0
1290.0,14,79.0,0.9753086419753086,5.876813400599295,8,89.0,0.22419161963063733,3,199.0,0.35933745828949426,3,25.0,0.6190364861622694,14,313.0
1295.0,16,97.0,1.1829268292682926,5.367059888377684,9,110.0,0.15171058805015947,4,184.0,0.353781090342312,3,40.0,0.5220424984405726,16,334.0
1300.0,19,80.0,0.9195402298850575,5.65571704447045,9,93.0,0.19696569200182878,8,213.0,0.33798010111154814,2,21.0,0.34207904904321124,19,327.0
1305.0,27,157.0,1.869047619047619,5.950469741257796,7,99.0,0.27502810813240874,15,270.0,0.23204330136919835,5,23.0,0.3346950017533608,27,392.0
1310.0,34,280.0,3.45679012345679,5.3624798398444895,6,93.0,0.22997648255876144,21,360.0,0.12006947916181082,7,57.0,0.2815723865501476,34,510.0
1315.0,20,201.0,2.8309859154929575,3.613911883350462,0,77.0,0.32098179062340537,18,402.0,0.09039901776365733,2,53.0,0.27032410220612985,20,532.0
1320.0,17,113.0,1.591549295774648,5.7258000185113875,3,79.0,0.3624996982916722,14,369.0,0.23327457920206068,0,23.0,0.6982735093513173,17,471.0
1325.0,15,93.0,1.1923076923076923,5.897332147922264,4,79.0,0.3610634140296653,11,377.0,0.27679368700638035,0,12.0,0.6976611475741558,15,468.0
1330.0,17,82.0,1.025,5.932662987680606,2,65.0,0.3648008263854673,13,440.0,0.24059850538998356,2,19.0,0.6755289041072521,17,524.0
1335.0,20,68.0,0.8095238095238095,3.9593667249033433,4,79.0,0.20955043931254222,12,437.0,0.1669756564753787,4,34.0,0.26929188992984315,20,550.0
1340.0,18,49.0,0.6125,4.365122987262303,7,93.0,0.2922465009971217,9,316.0,0.19336990421695957,2,27.0,0.5127794144367187,18,436.0
1345.0,15,54.0,0.6067415730337079,4.985511471537932,3,88.0,0.27586491411220637,9,270.0,0.2698812614971559,3,8.0,0.4942495467822001,15,366.0
1350.0,11,41.0,0.43157894736842106,5.427199596298493,4,102.0,0.28914629698544764,7,286.0,0.23883700549944273,0,5.0,0.6170036276702822,11,393.0
1355.0,22,96.0,1.0105263157894737,4.994815380552831,8,133.0,0.15348171415272321,9,279.0,0.25544414591737175,5,23.0,0.40473378295907764,22,435.0
1360.0,25,128.0,1.3333333333333333,4.04419363800909,9,140.0,0.10111453783183254,12,304.0,0.2160130070885352,4,28.0,0.17899663876751257,25,472.0
1365.0,23,184.0,2.1149425287356323,5.347096537615104,5,117.0,0.1678563178006694,17,382.0,0.2694736581499819,1,14.0,0.5259243716226574,23,513.0
1370.0,21,159.0,1.8068181818181819,4.843648672282179,5,83.0,0.1394141386184489,15,393.0,0.230569147667334,1,14.0,0.3797736174276396,21,490.0
1375.0,25,122.0,1.3863636363636365,5.137277218387859,7,92.0,0.30264349447314537,14,336.0,0.19303100925864858,4,27.0,0.5497173548242008,25,455.0
1380.0,19,128.0,1.471264367816092,5.285382098501794,3,84.0,0.36857590201902646,13,252.0,0.1915610931386718,3,42.0,0.47750545879625206,19,378.0
1385.0,20,126.0,1.4,5.519046673220175,4,105.0,0.4187172168668174,11,287.0,0.2454244207212664,5,65.0,0.511706084418792,20,457.0
1390.0,25,178.0,2.0,4.7180681100320765,7,133.0,0.32293894364690195,13,316.0,0.23681391325775974,5,88.0,0.38783843305236093,25,537.0
1395.0,31,255.0,2.7127659574468086,4.287944461709155,9,152.0,0.15746799050025864,14,369.0,0.2540057368745406,8,119.0,0.27289724006852584,31,640.0
1400.0,27,207.0,2.225806451612903,4.769906192972098,7,141.0,0.22679255411798788,18,450.0,0.19956783660607205,2,80.0,0.3732984240596402,27,671.0
1405.0,30,178.0,1.8541666666666667,4.242588926136619,7,156.0,0.11052458694391279,18,469.0,0.11029713657915448,5,20.0,0.40766506431878485,30,645.0
1410.0,26,130.0,1.3829787234042554,4.771313511096946,11,203.0,0.20332339497484098,13,418.0,0.15042761986212105,2,23.0,0.5996608873478059,26,644.0
1415.0,19,85.0,1.0,4.453524592633716,6,212.0,0.2325038714709752,10,445.0,0.2430189364407202,3,30.0,0.5094808478251887,19,687.0
1420.0,19,78.0,0.8478260869565217,4.87497483500972,4,169.0,0.2465256595411616,15,500.0,0.2409287789363919,0,15.0,0.4809378118765178,19,684.0
1425.0,23,126.0,1.3548387096774193,5.059269745172595,3,184.0,0.20877541552417328,18,579.0,0.19998629286738856,2,6.0,0.4917032422768567,23,769.0
1430.0,21,119.0,1.3222222222222222,3.3909094043376102,5,185.0,0.10978556943588741,14,576.0,0.10869002844415719,2,7.0,0.32826587597428497,21,768.0
1435.0,25,126.0,1.4157303370786516,4.497183228476286,7,218.0,0.18702800855719592,15,508.0,0.13140684225261665,3,11.0,0.6551218489552006,25,737.0
1440.0,24,157.0,1.8045977011494252,4.729799825086868,11,265.0,0.16214945334383143,11,513.0,0.20457181177228267,2,21.0,0.6513347146718409,24,799.0
1445.0,27,161.0,1.788888888888889,4.734625385796446,12,280.0,0.14928572706034882,14,550.0,0.2256191544891574,1,4.0,0.6321053653565725,27,834.0
1450.0,30,187.0,2.1494252873563218,4.858570876730873,10,262.0,0.19361927525630965,17,622.0,0.19552545086281592,3,12.0,0.45272727543824937,30,896.0
1455.0,38,289.0,3.4404761904761907,3.469908200508061,12,283.0,0.09157104718107223,19,709.0,0.08256303231961695,7,36.0,0.22263757180158686,38,1028.0
1460.0,29,255.0,3.2278481012658227,3.326979986146452,12,282.0,0.17437630199197482,16,704.0,0.11600210689543113,1,34.0,0.33208295510165536,29,1020.0
1465.0,23,138.0,1.7037037037037037,4.3626625205384855,11,306.0,0.19934471599153883,9,585.0,0.23235030309214447,3,8.0,0.6112270068094643,23,899.0
1470.0,19,104.0,1.223529411764706,5.058199763781038,7,345.0,0.25356436761908513,11,629.0,0.2558205804260547,1,3.0,0.7577288264504269,19,977.0
1475.0,24,157.0,1.7840909090909092,4.615809827096635,10,385.0,0.17695191464486615,14,694.0,0.20736692918598892,0,2.0,0.732418794826746,24,1081.0
1480.0,31,189.0,2.0106382978723403,3.808630389657116,10,393.0,0.13418010703625768,18,779.0,0.12370632977350252,3,7.0,0.390457458857784,31,1179.0
1485.0,33,233.0,2.647727272727273,3.6430922143866344,15,423.0,0.12658141715805946,18,760.0,0.12615086338228032,0,7.0,0.5898564671940237,33,1190.0
1490.0,31,203.0,2.230769230769231,3.36328377014108,15,447.0,0.1086841494934066,15,646.0,0.16186780775594442,1,3.0,0.43817205532273223,31,1096.0
1495.0,25,144.0,1.5483870967741935,4.136261964518153,14,429.0,0.19876405934396504,10,690.0,0.19636498700277347,1,2.0,0.7902997909956292,25,1121.0
1500.0,26,156.0,1.6421052631578947,4.1624618725652685,15,497.0,0.11209414151466014,11,729.0,0.16184246276087852,0,2.0,0.7218839764249616,26,1228.0
1505.0,32,153.0,1.59375,3.1717297446501664,15,550.0,0.13010452602910405,15,693.0,0.12223401169488644,2,3.0,0.4206342123614028,32,1246.0
1510.0,30,179.0,1.924731182795699,4.065951391586858,16,623.0,0.16774744605897568,13,568.0,0.19043628492726072,1,10.0,0.6259403717449926,30,1201.0
1515.0,30,226.0,2.329896907216495,4.314461038686008,15,698.0,0.1873468658556183,15,432.0,0.19493742798850147,0,2.0,0.662571625196406,30,1132.0
1520.0,25,180.0,1.7821782178217822,4.203053715240729,11,689.0,0.22170511863952183,14,469.0,0.13740421930350694,0,2.0,0.8339720565528292,25,1160.0
1525.0,29,137.0,1.3300970873786409,4.358707279305214,12,623.0,0.2117886163058404,14,488.0,0.18409795662623607,3,5.0,0.47577337034222933,29,1116.0
1530.0,27,127.0,1.2574257425742574,3.480817037994728,11,623.0,0.1442587962051995,12,487.0,0.14232061491198839,4,22.0,0.27940987737869283,27,1132.0
1535.0,36,179.0,1.8265306122448979,3.559707982772896,14,688.0,0.1801174777200605,13,421.0,0.14299843078789018,9,61.0,0.3635718479200209,36,1170.0
1540.0,38,252.0,2.4466019417475726,3.0541135791586433,15,765.0,0.15816206423435283,14,411.0,0.09995392803210226,9,106.0,0.3600798882138618,38,1282.0
1545.0,39,331.0,3.3434343434343434,2.7991746905277073,14,835.0,0.15734108185689263,14,404.0,0.10598267663283001,11,157.0,0.24853349538886255,39,1396.0
1550.0,39,337.0,3.303921568627451,2.4471749284189843,18,919.0,0.053469110861597384,12,405.0,0.11891439813951696,9,163.0,0.1460096709329481,39,1487.0
1555.0,39,382.0,3.8585858585858586,3.2244931852026477,23,1027.0,0.1342588786640521,12,371.0,0.17589993291234396,4,114.0,0.39667653617349535,39,1512.0
1560.0,43,514.0,4.895238095238096,3.4473450967666897,27,1156.0,0.0799826653248143,15,385.0,0.17561003607568307,1,43.0,0.49473506841470455,43,1584.0
1565.0,45,473.0,4.3,4.1498968258716635,25,1171.0,0.07068841883852656,17,376.0,0.20245742694918387,3,30.0,0.5093080075998694,45,1577.0
1570.0,31,328.0,3.123809523809524,4.048575712539026,21,1062.0,0.11720738273269267,9,366.0,0.20071582209398425,1,16.0,0.39690966625234797,31,1444.0
1575.0,37,306.0,2.8867924528301887,4.231621711260471,17,856.0,0.2135982643142261,14,320.0,0.17872191378351676,6,29.0,0.323892324066431,37,1205.0
1580.0,27,270.0,2.621359223300971,4.770300882817207,12,764.0,0.3916286530851622,9,311.0,0.15520685937304035,6,58.0,0.4410023637735562,27,1133.0
1585.0,24,143.0,1.375,4.111751284367657,8,715.0,0.2657754838395727,12,289.0,0.13126423876321344,4,52.0,0.3492633423067144,24,1056.0
1590.0,23,154.0,1.5555555555555556,5.2661605725669345,8,749.0,0.2455695778796223,13,277.0,0.18628644976358671,2,12.0,0.4848806477640371,23,1038.0
1595.0,32,229.0,2.5164835164835164,5.077367934940094,11,792.0,0.16252244368168178,19,331.0,0.24522263951059273,2,5.0,0.365507162838172,32,1128.0
1600.0,39,345.0,3.791208791208791,4.4743824699688,10,755.0,0.1805905096448224,24,423.0,0.09682515012695897,5,24.0,0.3234022297727599,39,1202.0
1605.0,36,348.0,4.296296296296297,4.314981975165458,6,610.0,0.27089019343957776,24,468.0,0.11313818869591763,6,51.0,0.35176555581227337,36,1129.0
1610.0,31,275.0,3.3132530120481927,3.4760386757495745,6,632.0,0.18623727049552255,18,433.0,0.11862770022352385,7,88.0,0.2779059587846956,31,1153.0
1615.0,23,135.0,1.5340909090909092,4.524031910589742,8,664.0,0.24672385419477158,12,452.0,0.17880191651768712,3,77.0,0.48458711721437614,23,1193.0
1620.0,18,105.0,1.206896551724138,4.844597861687536,6,615.0,0.1569777602835189,12,500.0,0.24754070440154669,0,19.0,0.5653385665851107,18,1134.0
1625.0,18,53.0,0.5824175824175825,4.4684731903164465,7,512.0,0.17517064179335395,9,486.0,0.22956350483542926,2,22.0,0.3990336458125215,18,1020.0
1630.0,22,87.0,0.9560439560439561,4.3419061667773216,5,418.0,0.259788163460183,10,390.0,0.16817338851782745,7,47.0,0.3355021850007954,22,855.0
1635.0,19,88.0,0.8979591836734694,3.987570608492687,3,415.0,0.23240109051860855,6,416.0,0.18866626295773292,10,89.0,0.3215469898066619,19,920.0
1640.0,17,83.0,0.8556701030927835,4.596823101954245,6,438.0,0.24866060882662414,8,419.0,0.18228359954014312,3,86.0,0.3988451468729233,17,943.0
1645.0,20,55.0,0.5789473684210527,3.9326968255145593,4,394.0,0.12200896157753412,13,405.0,0.19106649833409334,3,25.0,0.3525233195086548,20,824.0
1650.0,19,69.0,0.7263157894736842,4.490268469392659,5,301.0,0.27112309031796533,11,340.0,0.21020383388127517,3,32.0,0.4527006384109524,19,673.0
1655.0,24,90.0,0.8823529411764706,4.439573045275443,5,224.0,0.32532201979370945,12,317.0,0.14389954170304914,7,56.0,0.3806154469725965,24,597.0
1660.0,15,46.0,0.42990654205607476,4.115544851272433,2,215.0,0.25568949607163255,10,328.0,0.13220978092125477,3,55.0,0.3281371845889834,15,598.0
1665.0,16,46.0,0.46,4.085289309268889,8,239.0,0.1991025593460493,8,305.0,0.16431048660263936,0,18.0,0.44016660878626246,16,562.0
1670.0,26,110.0,1.1111111111111112,3.799091251308149,14,290.0,0.15760000512497288,10,246.0,0.19665732302974112,2,19.0,0.34882191503446347,26,555.0
1675.0,29,128.0,1.2549019607843137,3.5127553892678844,10,286.0,0.252705966756993,11,251.0,0.1322783409839854,8,46.0,0.3767647964367231,29,583.0
1680.0,25,103.0,1.0098039215686274,3.929731358603045,9,215.0,0.25987914965569553,13,264.0,0.14526485082873333,3,53.0,0.3290221955336797,25,532.0
1685.0,24,90.0,0.8653846153846154,3.551187930053671,10,200.0,0.14992864170763895,12,284.0,0.13587544700506074,2,30.0,0.33506406793544824,24,514.0
1690.0,29,119.0,1.1333333333333333,3.9495783406534355,11,256.0,0.2001316715392187,15,275.0,0.16966077160113496,3,32.0,0.3785347263131352,29,563.0
1695.0,38,198.0,1.81651376146789,3.894296585370798,9,271.0,0.227049767646234,20,268.0,0.10383897863555241,9,64.0,0.38319357943286647,38,603.0
1700.0,30,221.0,2.1666666666666665,4.082492485552765,3,237.0,0.3356384746138817,18,317.0,0.13628011627900946,9,109.0,0.41059042270159696,30,663.0
1705.0,29,139.0,1.3113207547169812,3.6029439712718916,3,171.0,0.23829462710335672,15,317.0,0.12045066535571222,11,109.0,0.18298338534847414,29,597.0
1710.0,14,42.0,0.39622641509433965,4.489339746757373,3,168.0,0.21372554974611105,8,330.0,0.20469628210755705,3,74.0,0.3133106411213376,14,572.0
1715.0,21,90.0,0.8737864077669902,4.811468219167455,9,199.0,0.20161822262388632,9,330.0,0.25672330452690223,2,35.0,0.5081091387665803,20,564.0
1720.0,27,171.0,1.5688073394495412,4.680127543686501,11,242.0,0.2515495868478193,15,345.0,0.19291922494060787,1,20.0,0.45981935868356894,27,607.0
1725.0,40,347.0,3.212962962962963,4.90939535828818,13,305.0,0.2887804498810965,20,413.0,0.15667544513583395,7,42.0,0.42764722128436683,40,760.0
1730.0,46,419.0,4.067961165048544,3.4303799701720963,17,329.0,0.18806327336293024,24,518.0,0.17026793606377588,5,51.0,0.31153800710890567,46,898.0
1735.0,36,489.0,4.747572815533981,4.033848214338572,10,285.0,0.19924294704134501,24,637.0,0.2506032552802242,2,31.0,0.32475910403197966,36,953.0
1740.0,31,414.0,3.9056603773584904,3.5628998818317825,10,317.0,0.11403363983367269,19,655.0,0.23537484627246943,2,23.0,0.31213844933811485,31,995.0
1745.0,35,279.0,2.5135135135135136,4.161300694636169,17,387.0,0.10020246530350907,11,559.0,0.19280965176566375,7,49.0,0.27452496102084006,35,995.0
1750.0,34,182.0,1.801980198019802,3.795227398003364,15,404.0,0.11014399692887626,8,405.0,0.1595016034364652,11,91.0,0.2635494332051452,34,900.0
1755.0,28,122.0,1.2577319587628866,3.5806079224768705,9,364.0,0.11256303350027665,9,400.0,0.2396873091149607,10,105.0,0.15879035428062196,28,869.0
1760.0,16,74.0,0.7789473684210526,5.25213721403178,3,295.0,0.2892300978383695,8,410.0,0.32338463612028345,5,82.0,0.3593804063540004,16,787.0
1765.0,23,69.0,0.6634615384615384,4.7914900650573164,7,246.0,0.2587623493335806,7,364.0,0.27695160741568214,9,109.0,0.20792055524401132,23,719.0
1770.0,19,65.0,0.6190476190476191,4.757496777196397,2,229.0,0.3080035122716139,7,218.0,0.21402615602405892,10,149.0,0.20875687672910045,19,596.0
1775.0,29,158.0,1.5643564356435644,4.020273702108896,7,248.0,0.1619191728106513,8,227.0,0.15910173040756503,14,211.0,0.09687019029812977,29,686.0
1780.0,38,264.0,2.693877551020408,3.2400337119555225,8,244.0,0.23480405222037523,12,245.0,0.09801234643682472,18,296.0,0.1466453650434063,38,785.0
1785.0,38,347.0,3.6145833333333335,3.1945221730207027,4,188.0,0.3462669670162499,12,234.0,0.14605475291477285,22,400.0,0.16264048627846642,38,822.0
1790.0,36,445.0,4.320388349514563,3.7689754852911386,1,112.0,0.29112207616690183,9,165.0,0.18240862690853113,26,520.0,0.07410685796847744,36,797.0
1795.0,31,387.0,3.87,3.4473500510509734,2,116.0,0.26186984935943686,7,168.0,0.14005223346750229,22,562.0,0.113232664843893,31,846.0
1800.0,32,250.0,2.5510204081632653,3.682229856458891,8,140.0,0.15103160893691137,12,178.0,0.17567456757342245,12,506.0,0.2148541107738424,32,824.0
1805.0,25,162.0,1.542857142857143,3.5837262690897,5,144.0,0.19883723291983052,11,202.0,0.16865310588212373,9,520.0,0.19638859883757182,25,866.0
1810.0,22,82.0,0.7884615384615384,4.436001367487165,2,99.0,0.2655218464942184,9,200.0,0.23815579417194543,11,572.0,0.2070775076174806,22,871.0
1815.0,28,151.0,1.4519230769230769,3.8916703569415034,4,57.0,0.18560665927022152,9,188.0,0.21972660181665515,15,637.0,0.12366696576846427,28,882.0
1820.0,27,153.0,1.5,3.8183382690118863,2,60.0,0.2834357358325265,10,205.0,0.17375995764676663,15,625.0,0.1313912794821247,27,890.0
1825.0,36,138.0,1.3663366336633664,3.439714540031898,6,76.0,0.24133644243414695,15,223.0,0.14745115778734547,15,526.0,0.19839520129233887,36,825.0
1830.0,38,191.0,1.819047619047619,3.768710649426385,7,102.0,0.3140572625297259,19,247.0,0.19309663333924404,12,572.0,0.18771329072124085,38,921.0
1835.0,34,218.0,2.056603773584906,3.3432832969965878,10,143.0,0.2665173009613589,12,288.0,0.17907668885054295,12,628.0,0.11796403941525307,34,1059.0
1840.0,31,143.0,1.2543859649122806,3.1569790195675793,11,158.0,0.17462831380721117,10,273.0,0.1603622842510343,10,597.0,0.10538869307357876,31,1028.0
1845.0,22,88.0,0.8,4.084276385676825,9,142.0,0.1664466687599482,7,273.0,0.2611275683099392,6,469.0,0.22441442251147117,22,884.0
1850.0,27,100.0,0.8771929824561403,3.854975437955076,10,189.0,0.14800163021354867,10,264.0,0.2359857488986995,7,316.0,0.1939477063898745,27,769.0
1855.0,26,101.0,0.8416666666666667,4.378060247397455,12,244.0,0.1976755902659131,11,275.0,0.22380145509739258,3,239.0,0.293333445288827,26,758.0
1860.0,26,123.0,1.0603448275862069,4.305978885798057,13,308.0,0.1471842889029011,12,265.0,0.20549644311819476,1,185.0,0.30033237183681766,26,758.0
1865.0,27,148.0,1.2758620689655173,4.618164226634115,8,329.0,0.1256201655746469,13,269.0,0.18473857735313917,6,205.0,0.3014753635428231,27,803.0
1870.0,33,198.0,1.8333333333333333,4.714655058588455,6,302.0,0.16891622633395706,19,324.0,0.2442208789088605,8,193.0,0.2766369381382769,33,819.0
1875.0,31,183.0,1.7428571428571429,3.8920295457065084,7,304.0,0.12053375308672125,19,356.0,0.1892034479216072,5,132.0,0.18474515085699447,31,792.0
1880.0,22,130.0,1.2621359223300972,4.064448943053561,7,341.0,0.21803153629666103,14,341.0,0.16652643576742804,1,109.0,0.28455390352341564,22,791.0
1885.0,37,177.0,1.6388888888888888,4.069961863680421,12,388.0,0.22975051941236413,16,290.0,0.16956144884459076,9,132.0,0.21742277482471967,37,810.0
1890.0,26,184.0,1.7692307692307692,4.37545084820233,8,392.0,0.3221768573035405,11,284.0,0.2735934140199083,7,133.0,0.22659121914664132,26,809.0
1895.0,18,83.0,0.7830188679245284,4.5530443466976624,5,355.0,0.328144168882686,8,264.0,0.33668873161843527,5,90.0,0.20780241829860055,18,709.0
1900.0,20,57.0,0.49137931034482757,5.101912988348172,7,290.0,0.25533846519934095,9,232.0,0.30973356511693806,4,51.0,0.21918339671527312,20,573.0
1905.0,17,80.0,0.6956521739130435,5.410192700406975,5,306.0,0.219489985567392,9,228.0,0.31273055780675235,3,51.0,0.27474017389322714,17,585.0
1910.0,30,115.0,1.0267857142857142,4.03451176496533,10,345.0,0.11224861592623527,11,233.0,0.19077624846865113,9,80.0,0.1911397128405799,30,658.0
1915.0,34,159.0,1.59,3.3819129094444116,5,348.0,0.2536290392641842,15,212.0,0.1116086618151176,14,140.0,0.24086347473817563,34,700.0
1920.0,37,278.0,2.7254901960784315,3.7748416032198686,2,283.0,0.35446416000388037,14,205.0,0.23370386682767247,21,227.0,0.11683217359724662,37,715.0
1925.0,47,457.0,4.04424778761062,3.956725480432133,4,205.0,0.3881615167320195,15,232.0,0.23409262603252828,28,350.0,0.12160961550454327,47,787.0
1930.0,46,533.0,4.594827586206897,3.326711885909669,1,200.0,0.3707136072417476,18,282.0,0.16480804245711883,27,429.0,0.10379264167717102,46,911.0
1935.0,52,449.0,3.680327868852459,3.2654158333586394,7,225.0,0.2248679987562676,18,325.0,0.2175680193100408,27,429.0,0.07928819973964828,52,979.0
1940.0,43,322.0,2.7288135593220337,4.038248580326296,8,222.0,0.18979018511132076,12,277.0,0.2804469508961473,23,431.0,0.1526411633459926,43,930.0
1945.0,34,193.0,1.6083333333333334,4.109269891266953,4,161.0,0.22286963723314449,10,305.0,0.3003600321836148,20,505.0,0.136148911503086,34,971.0
1950.0,36,212.0,1.781512605042017,3.952299988812893,3,135.0,0.2870500647665715,18,369.0,0.22259244522629978,15,585.0,0.14743555483082188,36,1089.0
1955.0,35,225.0,1.9230769230769231,2.9721879468754118,6,153.0,0.2045968674400182,20,402.0,0.06730081570563125,9,590.0,0.17224896438966647,35,1145.0
1960.0,39,318.0,2.672268907563025,3.1111340029253935,13,204.0,0.11878318917079957,20,414.0,0.12542015172226315,6,520.0,0.21626680946567833,39,1138.0
1965.0,27,284.0,2.427350427350427,3.7703606127518006,10,209.0,0.14652682585326327,15,455.0,0.1974423061430699,2,402.0,0.24527952307881437,27,1066.0
1970.0,23,174.0,1.45,3.999324297781322,5,151.0,0.19290583688821866,15,450.0,0.26566592763278074,3,395.0,0.2501661697118566,23,996.0
1975.0,29,135.0,1.0887096774193548,4.035968295255181,7,96.0,0.3034905393018254,14,435.0,0.1681925037729146,8,419.0,0.20095064148767425,29,950.0
1980.0,35,147.0,1.1951219512195121,3.4573868534598238,7,108.0,0.19082035191798308,14,407.0,0.10943569357087764,14,475.0,0.1443399455481004,35,990.0
1985.0,35,158.0,1.3057851239669422,3.1996956417557394,11,152.0,0.13223786683297598,10,430.0,0.12914099748060603,14,478.0,0.14719143640254365,35,1060.0
1990.0,30,118.0,1.0350877192982457,3.5801908717155233,7,163.0,0.2652286022992275,11,401.0,0.18640424854154508,12,384.0,0.18637817055353761,30,948.0
1995.0,31,94.0,0.7833333333333333,3.8212279178764432,5,123.0,0.29190112376747684,15,403.0,0.2095527635727302,11,305.0,0.16633693156042065,31,831.0
2000.0,24,102.0,0.8292682926829268,5.231978696398612,4,91.0,0.3663158058728444,12,382.0,0.22769405356190664,8,247.0,0.27016603041299436,24,720.0
2005.0,18,61.0,0.4959349593495935,4.672212686953645,3,83.0,0.18230555375335408,9,367.0,0.21172153340544259,6,174.0,0.29113966053494644,18,624.0
2010.0,22,106.0,0.8833333333333333,5.224658172539166,5,101.0,0.25581419612001743,12,307.0,0.1835820401205342,5,137.0,0.49254149192443086,22,545.0
2015.0,26,160.0,1.391304347826087,4.6327492639997185,9,139.0,0.21894101909690275,13,324.0,0.15555784057863634,4,119.0,0.49750339510696895,26,582.0
2020.0,32,253.0,2.1623931623931623,4.382186659482807,13,192.0,0.1757295142255896,13,313.0,0.13958590433759713,6,120.0,0.4739363108792348,32,625.0
2025.0,30,231.0,2.0625,3.437905478622039,18,269.0,0.1269271629272545,11,303.0,0.13771948576490453,1,77.0,0.33202118297911715,30,649.0
2030.0,40,233.0,2.026086956521739,3.2259080266955755,19,311.0,0.11083863081749948,15,270.0,0.1243756607527186,6,44.0,0.31287773566793986,40,625.0
2035.0,37,226.0,1.9652173913043478,3.984161198890445,15,268.0,0.22009192697661814,13,263.0,0.1466768037439544,9,81.0,0.3894905851448796,37,612.0
2040.0,38,251.0,2.2818181818181817,2.9523383372892855,13,319.0,0.1514935247351479,14,259.0,0.12331533442726872,11,134.0,0.13659623296013546,38,712.0
2045.0,41,266.0,2.353982300884956,3.8616664523538047,17,398.0,0.1374058207687488,14,260.0,0.16701974204780667,10,150.0,0.16456145884037401,41,808.0
2050.0,36,279.0,2.6826923076923075,4.320596384066186,11,416.0,0.15497826779465285,21,327.0,0.20835785008503968,4,101.0,0.3674487774170641,36,844.0
2055.0,30,208.0,2.0,4.215380939226083,6,354.0,0.17814457686228713,22,374.0,0.1508462879806767,2,56.0,0.3360902813738117,30,784.0
2060.0,29,171.0,1.6442307692307692,4.736708513131043,4,289.0,0.32458433465235925,23,391.0,0.1238393128164674,2,59.0,0.4894435234472701,29,739.0
2065.0,30,138.0,1.2545454545454546,3.7553574764777657,4,280.0,0.24262860044041729,20,484.0,0.10306090827858157,6,74.0,0.34120587016389,30,838.0
2070.0,29,145.0,1.3302752293577982,4.299225686944142,4,293.0,0.2637534352045499,22,548.0,0.139298326552461,3,58.0,0.3465083827243239,29,899.0
2075.0,29,167.0,1.6057692307692308,3.7758797773509665,8,325.0,0.1410454668681438,18,633.0,0.14208305876696584,3,47.0,0.14121305637476042,29,1005.0
2080.0,33,202.0,1.9803921568627452,3.0867817599060134,14,379.0,0.1208810798107763,17,642.0,0.11558730695566537,2,58.0,0.22943687135981575,33,1079.0
2085.0,43,292.0,2.891089108910891,3.2832908934749945,18,461.0,0.21087805760053124,19,601.0,0.09126945541465555,6,82.0,0.36118523198234315,43,1144.0
2090.0,45,345.0,3.2857142857142856,3.1771700350881584,16,482.0,0.19310838230774108,20,531.0,0.13967187738392348,9,121.0,0.290349367147498,45,1134.0
2095.0,40,275.0,2.5,3.869791639991831,15,447.0,0.2545408018379096,15,590.0,0.20255086447549123,10,138.0,0.35403842348147485,40,1175.0
2100.0,33,213.0,1.868421052631579,3.7593224043241107,15,508.0,0.1264552856779576,11,606.0,0.18675707711101858,7,128.0,0.3093396458842684,33,1242.0
2105.0,38,256.0,2.1880341880341883,4.361203112347714,18,600.0,0.12299619504716952,15,634.0,0.1927420510971167,5,152.0,0.28044790657768154,38,1386.0
2110.0,33,213.0,1.9017857142857142,3.7438023755011876,12,610.0,0.1182369687714421,15,634.0,0.14842734530812757,6,178.0,0.21708718043108743,33,1422.0
2115.0,34,177.0,1.6857142857142857,3.093512368933024,7,542.0,0.24298848156125172,17,573.0,0.15273165728150054,10,224.0,0.1809067789310953,34,1339.0
2120.0,28,112.0,1.018181818181818,3.754247503490244,3,504.0,0.31601637434969837,17,600.0,0.14882875820129915,8,227.0,0.26154130270788606,28,1331.0
2125.0,28,96.0,0.8135593220338984,4.0273586900642915,7,527.0,0.17054683911544738,13,615.0,0.1683022992895919,8,194.0,0.2335592189861964,28,1336.0
2130.0,34,193.0,1.6929824561403508,3.4920803721583153,11,573.0,0.10991576534913698,14,650.0,0.16787803284780856,9,230.0,0.1866905079199062,34,1453.0
2135.0,40,213.0,1.9363636363636363,2.868256374435294,10,563.0,0.11935941468707907,16,638.0,0.1277040194753099,14,287.0,0.07570638897413502,40,1488.0
2140.0,42,211.0,1.9181818181818182,2.938035785786426,8,480.0,0.23958307703912204,18,559.0,0.15148424463552798,16,359.0,0.14984409150178896,42,1398.0
2145.0,35,159.0,1.394736842105263,3.387205969492412,7,354.0,0.2949311360081199,20,598.0,0.14639679478542228,8,360.0,0.22140761517718893,35,1312.0
2150.0,27,132.0,1.0819672131147542,3.7263108553961417,7,341.0,0.2370979650473417,13,639.0,0.17687591608465966,7,294.0,0.1866926208637735,27,1274.0
2155.0,27,100.0,0.8064516129032258,3.756695700167498,6,349.0,0.2113652680471383,13,610.0,0.14733008229474326,8,231.0,0.20762230596605377,27,1190.0
2160.0,29,122.0,1.0,3.7198495085313548,8,381.0,0.21973371231530622,14,502.0,0.12820198712186154,7,211.0,0.25317606344699567,29,1094.0
2165.0,32,178.0,1.459016393442623,4.005285604377631,7,358.0,0.29477747479194566,17,376.0,0.13212572877509585,8,206.0,0.349837845612979,32,940.0
2170.0,23,122.0,1.0166666666666666,3.989796711323833,5,281.0,0.32633056153160744,17,400.0,0.136121490614911,1,195.0,0.43420262042342056,23,876.0
2175.0,29,108.0,0.8780487804878049,4.210056309184417,7,296.0,0.2123877591409735,15,419.0,0.15934257191838935,7,201.0,0.3160935234311537,29,916.0
2180.0,25,84.0,0.6942148760330579,4.037087500873774,11,339.0,0.14718472381464892,8,396.0,0.19421298675444734,6,203.0,0.24203175988078335,25,938.0
2185.0,28,76.0,0.6495726495726496,3.2260587807889975,12,347.0,0.133927313863768,10,335.0,0.20132919978204097,6,173.0,0.2561966129954719,28,855.0
2190.0,27,106.0,0.8688524590163934,4.132005340164858,6,255.0,0.2999592517987293,15,316.0,0.1799989621163166,6,188.0,0.31283584059409475,27,759.0
2195.0,29,136.0,1.0793650793650793,3.988702989273062,4,198.0,0.3144518521039597,15,349.0,0.13338674017182803,10,220.0,0.21294188706076161,29,767.0
2200.0,30,106.0,0.828125,3.6615061052487072,6,199.0,0.21620588400390348,17,347.0,0.156263566150018,7,224.0,0.14980869941202238,30,770.0
2205.0,24,85.0,0.6967213114754098,3.816408439325902,9,233.0,0.164819721487136,12,385.0,0.17418546672843635,3,180.0,0.210227315841492,24,798.0
2210.0,31,149.0,1.2314049586776858,3.6975040943641715,12,288.0,0.17359476915853556,16,381.0,0.16019973485190084,3,113.0,0.26586190778911256,31,782.0
2215.0,39,283.0,2.3008130081300813,4.0044823003002845,16,361.0,0.24936325953815044,20,418.0,0.12890721495117105,3,94.0,0.3847601325806985,39,873.0
2220.0,43,457.0,3.7459016393442623,3.9426689744976726,20,454.0,0.20049608247798903,22,482.0,0.14698063182801335,1,75.0,0.40701978033086794,43,1011.0
2225.0,50,574.0,4.592,3.615767054933758,26,569.0,0.10800474213044588,20,513.0,0.17267140015738988,4,86.0,0.3908881166655492,50,1168.0
2230.0,50,499.0,4.090163934426229,2.996908154587617,27,610.0,0.06609042366098293,14,449.0,0.18250828625704713,9,121.0,0.27473772364120114,50,1180.0
2235.0,51,369.0,3.0245901639344264,2.696120100954098,24,561.0,0.07497203014063758,10,496.0,0.20560780553996788,17,186.0,0.12350605666286685,51,1243.0
2240.0,50,442.0,3.683333333333333,2.9390809302030956,19,640.0,0.16676330331814082,10,506.0,0.17170074228154503,21,283.0,0.16670209029559913,50,1429.0
2245.0,55,414.0,3.234375,2.172581218191287,20,728.0,0.08750066702439636,13,484.0,0.10421507049254713,22,335.0,0.10694954302802623,55,1547.0
2250.0,47,311.0,2.488,2.905197659928037,15,734.0,0.12790752462441735,16,381.0,0.14677390858090078,16,332.0,0.1436305470479917,47,1447.0
2255.0,30,188.0,1.540983606557377,3.362727896315445,7,641.0,0.14198548465085797,11,420.0,0.21250264151515252,12,351.0,0.13523794959330485,30,1412.0
2260.0,30,152.0,1.2258064516129032,3.950607290454127,4,495.0,0.2507975002633738,10,397.0,0.20574719603623537,16,425.0,0.13936509103175895,30,1317.0
2265.0,27,108.0,0.8709677419354839,3.7433705616022026,3,501.0,0.263413570345489,11,373.0,0.16115938934260246,13,444.0,0.2020469502454966,27,1318.0
2270.0,27,94.0,0.746031746031746,3.7897364290871702,9,530.0,0.16186207976765626,13,305.0,0.19140985329859606,5,359.0,0.14947270102947688,27,1194.0
2275.0,19,67.0,0.5630252100840336,3.6491054972589856,8,509.0,0.17690858281330665,10,292.0,0.15545990276480945,1,342.0,0.23820710965627329,19,1143.0
2280.0,24,67.0,0.5775862068965517,3.720674289880404,5,413.0,0.23156389362073865,12,285.0,0.17296718567697975,7,364.0,0.1891227522119003,24,1062.0
2285.0,34,169.0,1.3739837398373984,3.619373162282644,5,433.0,0.2375020586328645,17,302.0,0.17139516612870395,12,415.0,0.21335771009832302,34,1150.0
2290.0,48,373.0,3.057377049180328,3.18958574019931,9,468.0,0.20794961017369293,21,369.0,0.1768196407213729,18,496.0,0.19299515529440492,48,1333.0
2295.0,58,551.0,4.443548387096774,2.5183927518873355,17,532.0,0.10717836714947708,24,468.0,0.1860563032804353,17,514.0,0.15029239747741374,58,1514.0
2300.0,56,607.0,4.975409836065574,2.441484292035076,16,527.0,0.12633472381220565,24,581.0,0.16322646931315032,16,404.0,0.1579518031899484,56,1512.0
2305.0,54,514.0,4.015625,2.7939725441361523,16,429.0,0.11070049376042654,20,592.0,0.22850417972748735,18,473.0,0.09823788558796742,54,1494.0
2310.0,38,315.0,2.441860465116279,3.7513157872359164,13,453.0,0.13233535089934315,10,423.0,0.3129373991449282,15,555.0,0.11447821703688284,38,1431.0
2315.0,38,165.0,1.3524590163934427,3.3335715079203148,15,521.0,0.10837981773651251,3,440.0,0.29111158214846766,20,650.0,0.08465942968037687,38,1611.0
2320.0,44,244.0,2.0854700854700856,2.2722607776311627,13,527.0,0.10671825583772032,9,453.0,0.1551096189901029,22,755.0,0.10120770818501866,44,1735.0
2325.0,37,232.0,2.0,2.634658575388892,4,441.0,0.2003548228528904,12,425.0,0.15684646772693578,21,778.0,0.11873399930254522,37,1644.0
2330.0,32,177.0,1.416,3.7896077017345715,5,302.0,0.204356461402991,8,332.0,0.29962254093449664,19,721.0,0.08689654274870383,32,1355.0
2335.0,26,176.0,1.408,5.046223832860791,4,309.0,0.2311926831203524,4,212.0,0.4460397168322617,18,601.0,0.1370859007904833,26,1122.0
2340.0,29,213.0,1.775,5.677816902531822,8,337.0,0.17739581961311648,6,106.0,0.4782116704394168,15,558.0,0.19930652916763295,29,1001.0
2345.0,22,114.0,1.008849557522124,4.4392821708713255,8,322.0,0.1866219717681603,5,98.0,0.24142314886719163,9,568.0,0.24696049862822883,22,988.0
2350.0,25,72.0,0.6666666666666666,4.63793776019483,7,227.0,0.26298554218593895,10,80.0,0.2616546002092731,8,610.0,0.2547535296137037,25,917.0
2355.0,19,48.0,0.42857142857142855,3.930448244797207,6,254.0,0.18068241582447522,5,69.0,0.28338011686423026,8,578.0,0.21170344195887578,19,901.0
2360.0,20,61.0,0.5446428571428571,4.120024825400356,9,293.0,0.15681847506348962,5,66.0,0.30645265066365857,6,470.0,0.26215122997760976,20,829.0
2365.0,21,50.0,0.423728813559322,3.7941935745667306,10,275.0,0.10289480920463186,7,78.0,0.25889706605436386,4,307.0,0.19440062255979446,21,660.0
2370.0,21,71.0,0.6068376068376068,4.917137580972959,8,218.0,0.20357933504335698,11,90.0,0.30421470573729953,2,230.0,0.36371327234817963,21,538.0
2375.0,19,70.0,0.5882352941176471,4.7900096570693975,5,209.0,0.1900827213573167,12,108.0,0.2610305875548939,2,131.0,0.36996337388652556,19,448.0
2380.0,20,90.0,0.7258064516129032,5.109754482737163,7,240.0,0.13724203382868488,9,115.0,0.22621269487616574,4,73.0,0.46546446654484314,20,428.0
2385.0,19,93.0,0.8157894736842105,4.491361356882212,8,230.0,0.16168522136937993,6,123.0,0.16582687798448376,5,74.0,0.5594625744881194,19,427.0
2390.0,20,123.0,1.0695652173913044,4.3124931374666415,4,171.0,0.17631031817544565,10,139.0,0.18926964051445566,6,83.0,0.4539076353079399,20,393.0
2395.0,25,205.0,1.7372881355932204,4.330566350305822,4,189.0,0.2341575165315474,14,180.0,0.15083937284267843,7,113.0,0.49161586797647877,25,482.0
2400.0,39,357.0,3.051282051282051,3.6180897039082787,11,228.0,0.128705132858929,21,261.0,0.14740252189853792,7,143.0,0.3749447341191379,39,632.0
2405.0,44,415.0,3.5775862068965516,3.0625666524235116,16,296.0,0.10922971903261644,24,369.0,0.1241597949975455,4,104.0,0.3641706250729207,44,769.0
2410.0,51,507.0,4.486725663716814,2.8567515234369445,24,394.0,0.10042971646658257,19,416.0,0.14003340457546776,8,63.0,0.32465363278186193,51,873.0
2415.0,47,507.0,4.370689655172414,3.19610565945013,29,527.0,0.05124551303571861,11,375.0,0.21417468509466073,7,68.0,0.2393037653879842,47,970.0
2420.0,41,405.0,3.7155963302752295,3.5633576943637846,30,597.0,0.06653881608659272,6,268.0,0.26613713530603617,5,58.0,0.33205055562750546,41,923.0
2425.0,46,392.0,3.5315315315315314,4.23847217771515,29,585.0,0.05750157229943381,10,233.0,0.3770278846427,7,55.0,0.3200911349528503,46,873.0
2430.0,36,330.0,3.0,4.693674823921867,24,565.0,0.13078235318127188,10,227.0,0.25979817910588715,2,36.0,0.38276051321085447,36,828.0
2435.0,39,274.0,2.6095238095238096,4.593047680762755,18,618.0,0.15268832283701508,16,259.0,0.22307488278310686,5,24.0,0.39820644396316734,39,901.0
2440.0,40,272.0,2.6153846153846154,4.103207861630336,16,698.0,0.14392604614409651,17,338.0,0.2117235780552591,7,53.0,0.31875826405443375,40,1089.0
2445.0,32,213.0,2.195876288659794,3.167754586111046,8,691.0,0.19281527583701213,19,425.0,0.12330488750794473,5,57.0,0.400626586757387,32,1173.0
2450.0,25,179.0,1.6886792452830188,3.8428179511501996,6,596.0,0.19224222518405087,18,468.0,0.17485684348128064,1,31.0,0.4831564143292616,25,1095.0
2455.0,27,263.0,2.369369369369369,4.32547332262983,6,588.0,0.21439143635103888,20,527.0,0.14319458239083557,1,20.0,0.7069594692129024,27,1135.0
2460.0,36,395.0,3.4347826086956523,3.4710656346038813,11,624.0,0.11850545665008078,23,602.0,0.1182233511037033,2,11.0,0.41017164192427097,36,1237.0
2465.0,34,330.0,2.920353982300885,2.610253439304857,9,604.0,0.10424125065373072,18,610.0,0.09789424271545749,6,30.0,0.30767130659445574,33,1244.0
2470.0,24,174.0,1.5398230088495575,3.8772585710576486,5,499.0,0.1959810292601164,14,538.0,0.1553539990004164,5,42.0,0.310780723818206,24,1079.0
2475.0,16,48.0,0.4247787610619469,3.891271460917683,4,489.0,0.1395928701059817,7,534.0,0.2139231493819096,5,30.0,0.288337130608866,16,1053.0
2480.0,24,77.0,0.6754385964912281,3.6144862372016875,7,520.0,0.1408253780490511,12,528.0,0.1613014191126354,5,40.0,0.3716730938676795,24,1088.0
2485.0,28,96.0,0.8067226890756303,2.7043516799527576,10,492.0,0.09666326472824374,10,493.0,0.08628837318957946,8,67.0,0.28921189618768794,28,1052.0
2490.0,24,123.0,1.0603448275862069,3.7581527615441015,6,391.0,0.17759428774521333,9,426.0,0.15197057128243885,9,107.0,0.27544930148712654,24,924.0
2495.0,25,214.0,1.9454545454545455,4.039132655213975,3,253.0,0.18758878916303925,8,347.0,0.2788477580222318,14,168.0,0.03997050167113905,25,768.0
2500.0,26,156.0,1.3565217391304347,4.028133377814022,3,243.0,0.19372254061976057,9,327.0,0.255942421003439,14,195.0,0.1551840712773482,26,765.0
2505.0,30,149.0,1.3303571428571428,4.322794938304244,7,271.0,0.2241611762867988,16,316.0,0.20991240785022108,7,165.0,0.3663435853382779,30,752.0
2510.0,28,121.0,1.0521739130434782,3.468004353059577,8,255.0,0.1547774986966548,12,329.0,0.13771060412977815,8,196.0,0.2742242078896076,28,780.0
2515.0,25,95.0,0.7983193277310925,3.9926745831468624,5,180.0,0.20337508141202898,11,293.0,0.16448798774706014,9,236.0,0.2441176438140983,25,709.0
2520.0,25,108.0,0.9473684210526315,3.2556280423755277,6,176.0,0.18033404794454547,7,295.0,0.18388441620458545,12,289.0,0.07617655447196778,25,760.0
2525.0,32,139.0,1.1680672268907564,3.458039295685325,9,211.0,0.19426952143203643,13,269.0,0.16754345343274282,10,292.0,0.19977523414829873,32,772.0
2530.0,34,168.0,1.4,3.546007237114167,8,200.0,0.17624479250209324,18,275.0,0.13053728104289425,8,248.0,0.3100108455102469,34,723.0
2535.0,33,154.0,1.2622950819672132,3.524242778443712,7,144.0,0.14934111606840128,18,303.0,0.16813770839541503,8,197.0,0.27523606055272254,33,644.0
2540.0,24,115.0,0.9349593495934959,4.670986985023714,4,93.0,0.22897588463559804,13,287.0,0.23499297101461453,7,224.0,0.27510811122306394,24,604.0
2545.0,22,90.0,0.7377049180327869,4.604644493281493,3,67.0,0.1775239380154932,8,272.0,0.3132953511695684,11,265.0,0.09663269896460625,22,604.0
2550.0,21,84.0,0.75,4.157072514234479,7,89.0,0.1950203338037882,7,272.0,0.2448449501334507,7,269.0,0.18928973590723508,21,630.0
2555.0,29,129.0,1.2403846153846154,3.624832116158703,14,146.0,0.17138392419754578,13,277.0,0.15662081497169145,2,215.0,0.3271464709449658,29,638.0
2560.0,38,263.0,2.369369369369369,3.8151868623555734,20,230.0,0.16621730717510153,16,285.0,0.17802072082711531,2,144.0,0.3596818323454592,38,659.0
2565.0,42,363.0,3.1293103448275863,3.082270914526259,25,341.0,0.10542435208448729,15,313.0,0.12939841165823773,2,134.0,0.3904948896094135,42,788.0
2570.0,47,464.0,3.7419354838709675,2.7133205161139347,33,489.0,0.02834885453255409,9,287.0,0.14375351582047607,5,128.0,0.2271458078418266,47,904.0
2575.0,50,487.0,4.058333333333334,2.7458932348961773,34,585.0,0.06452019444920275,7,298.0,0.160673763535323,9,159.0,0.18990207331189493,50,1042.0
2580.0,47,410.0,3.5964912280701755,2.466025035751201,26,600.0,0.10395337447967669,12,310.0,0.1892054943922964,9,173.0,0.17175715491220556,47,1083.0
2585.0,49,411.0,3.3688524590163933,3.3626740828181614,25,561.0,0.14255719624196933,18,353.0,0.19426218858328215,6,146.0,0.24509080931240723,49,1060.0
2590.0,44,328.0,2.6451612903225805,3.882338732716985,19,522.0,0.2055648455333582,19,377.0,0.21768565067391152,6,162.0,0.189676250696573,44,1061.0
2595.0,36,235.0,1.8503937007874016,4.215892838989415,11,565.0,0.24890415260990487,16,325.0,0.21013439613207407,9,202.0,0.0906784119144368,36,1092.0
2600.0,24,130.0,1.1016949152542372,4.6725271939252275,8,605.0,0.2706693519750414,12,282.0,0.19780587452975792,4,191.0,0.16006980120896663,24,1078.0
2605.0,29,114.0,1.027027027027027,3.409506716613308,7,581.0,0.21126837781230864,17,322.0,0.18109930236455324,5,140.0,0.10962611683473855,29,1043.0
2610.0,24,96.0,0.8727272727272727,3.731888886042866,5,507.0,0.2891285510992599,17,338.0,0.16427783105410948,2,133.0,0.27405960467699986,24,978.0
2615.0,23,96.0,0.8275862068965517,4.106897635422285,3,374.0,0.25055076374157204,17,377.0,0.2039430781746341,3,145.0,0.2513200728702976,23,896.0
2620.0,20,64.0,0.5245901639344263,4.094373404898227,3,362.0,0.22871116994744126,13,358.0,0.19206191169518683,4,133.0,0.2118638687692663,20,853.0
2625.0,17,57.0,0.4830508474576271,4.196206245097013,7,383.0,0.23419826887204037,9,364.0,0.16253898841444517,1,77.0,0.24439435367164639,17,824.0
2630.0,23,70.0,0.6086956521739131,3.3184553885304684,10,368.0,0.18778531224845435,12,340.0,0.1373805986691826,1,48.0,0.27225527615877043,23,756.0
2635.0,21,65.0,0.5555555555555556,3.6759832326752746,8,295.0,0.24357393583330406,12,329.0,0.15490600660274523,1,52.0,0.3557404328361628,21,676.0
2640.0,20,64.0,0.5289256198347108,3.7126398763058406,5,304.0,0.15890678539613942,12,329.0,0.14834992068640604,3,62.0,0.2515497154542183,20,695.0
2645.0,25,78.0,0.6446280991735537,3.3527024001132117,10,341.0,0.13368633087018808,11,341.0,0.12062377123687569,4,62.0,0.22906498878898154,25,744.0
2650.0,24,85.0,0.7391304347826086,3.421071485909461,8,325.0,0.20463930434668692,14,329.0,0.1389463348312693,2,43.0,0.34590034683146287,24,697.0
2655.0,27,124.0,1.0163934426229508,3.5530466551876896,6,247.0,0.20412614934392176,17,323.0,0.1807139418622767,3,55.0,0.28554744917689545,26,625.0
2660.0,28,151.0,1.208,4.088518593414974,4,131.0,0.2303553474250712,18,364.0,0.18810576099300894,6,78.0,0.308664103956011,28,573.0
2665.0,33,161.0,1.2677165354330708,3.7044383247437223,5,125.0,0.18309945572357272,18,379.0,0.20424952587563686,10,112.0,0.1572233588292868,33,616.0
2670.0,31,183.0,1.4878048780487805,3.8380920943561856,9,155.0,0.1804446327532709,14,366.0,0.1852716229827265,8,128.0,0.14054791283861284,31,649.0
2675.0,34,248.0,2.1379310344827585,3.8718441875015457,8,151.0,0.16433211375456788,20,394.0,0.19356869123063714,6,114.0,0.19137934984048116,34,659.0
2680.0,34,225.0,1.9230769230769231,3.580787657721046,6,118.0,0.17856881721264437,21,437.0,0.1785154394438682,7,101.0,0.141726115368038,34,656.0
2685.0,32,178.0,1.5213675213675213,4.447397355061613,6,92.0,0.3118620570477096,21,428.0,0.1935362944440116,5,110.0,0.31672029953950487,32,630.0
2690.0,34,183.0,1.4758064516129032,4.097234066198782,2,83.0,0.297610595024496,22,376.0,0.15994907175074355,10,148.0,0.28085409391679594,34,607.0
2695.0,36,247.0,1.9919354838709677,4.438663469644153,8,111.0,0.2591275242765396,23,381.0,0.1606029414028865,5,157.0,0.37462311818825067,36,649.0
2700.0,48,407.0,3.3360655737704916,4.052624222748513,16,174.0,0.15347005518387913,23,446.0,0.21081483420635483,9,180.0,0.3322501445937498,48,800.0
2705.0,47,407.0,3.3360655737704916,3.1546011883085048,16,215.0,0.1477827691262325,18,481.0,0.178632142368566,13,238.0,0.24686948457647287,47,934.0
2710.0,50,360.0,2.975206611570248,3.070637303749638,13,209.0,0.1524823547252745,16,444.0,0.23206873328137703,21,325.0,0.12978756124820726,50,978.0
2715.0,44,272.0,2.1587301587301586,3.229640756721001,13,181.0,0.1549328169467042,9,478.0,0.2321346059471716,22,379.0,0.06794002764470516,44,1038.0
2720.0,37,227.0,1.8015873015873016,4.306986577568261,8,170.0,0.2887874308331158,11,474.0,0.2698128722455109,18,389.0,0.18778473876810747,37,1033.0
2725.0,40,233.0,1.7518796992481203,4.190678482903685,8,169.0,0.24962531763089046,17,480.0,0.2366066058561382,15,344.0,0.18315096485651575,40,993.0
2730.0,36,233.0,1.806201550387597,3.865652343083608,8,205.0,0.27979232460733156,16,485.0,0.15961446180423972,12,393.0,0.21005836068504552,36,1083.0
2735.0,40,249.0,1.992,3.9909454884370232,13,258.0,0.24828028436136082,15,437.0,0.1492565474889205,12,448.0,0.14905382254364868,40,1143.0
2740.0,35,178.0,1.4710743801652892,3.6725460298952655,15,286.0,0.13652200696739514,13,355.0,0.15108968175087564,7,445.0,0.1675520310682209,35,1086.0
2745.0,32,209.0,1.882882882882883,4.480567309627537,11,264.0,0.17654225415190006,18,353.0,0.2875640219759232,3,380.0,0.2384641354921841,32,997.0
2750.0,34,298.0,2.5689655172413794,4.470846825915807,8,208.0,0.16235294172045084,21,371.0,0.2507579675946636,5,395.0,0.14684469845686776,34,974.0
2755.0,40,433.0,3.8660714285714284,4.496959108459252,6,180.0,0.3360112923640094,24,468.0,0.18100821082499194,10,436.0,0.14328671255145412,40,1084.0
2760.0,43,445.0,4.278846153846154,3.012835022515993,2,167.0,0.3041670716493359,25,520.0,0.06571282541848582,16,500.0,0.05281968635174365,43,1187.0
2765.0,46,425.0,3.8990825688073394,3.3316177564050253,8,194.0,0.2755106936887065,17,483.0,0.13250855830494063,21,599.0,0.12237494149980227,46,1276.0
2770.0,47,521.0,4.869158878504673,3.7888467916285076,12,243.0,0.31977484904608994,11,368.0,0.24997083133908418,24,711.0,0.18422474896358174,47,1322.0
2775.0,43,454.0,3.982456140350877,2.898489201060317,17,316.0,0.19862300137239725,2,370.0,0.26961079730648946,24,741.0,0.09980140213753647,43,1427.0
2780.0,45,356.0,3.0427350427350426,3.312227808853078,17,346.0,0.13310526330159625,8,387.0,0.3187038355626761,20,677.0,0.11986434785974193,45,1410.0
2785.0,50,317.0,2.598360655737705,3.913429860593807,17,310.0,0.09786119603078408,14,445.0,0.31170966641100234,19,565.0,0.12569739903578794,50,1320.0
2790.0,43,351.0,2.9008264462809916,4.761805681859864,11,231.0,0.18785765814791658,20,533.0,0.22525197863180194,12,592.0,0.21672035624127292,43,1356.0
2795.0,46,440.0,3.793103448275862,4.036052670270241,8,263.0,0.206453809387687,25,644.0,0.12377585162441486,13,654.0,0.14655550269714326,46,1561.0
2800.0,55,532.0,4.836363636363636,2.897837764571812,15,324.0,0.12183343309937833,32,787.0,0.06784332254766032,8,626.0,0.13627299234623108,55,1737.0
2805.0,37,454.0,4.4950495049504955,3.348589645593556,9,337.0,0.19107784646976692,26,818.0,0.15284367536412438,2,503.0,0.2613906452685537,37,1658.0
2810.0,26,301.0,2.761467889908257,4.413689625192345,3,274.0,0.28000193926359607,21,735.0,0.2316871323617082,2,345.0,0.29818460689316234,26,1354.0
2815.0,19,180.0,1.565217391304348,5.226445566690402,3,191.0,0.39693401271574363,13,715.0,0.18295946155793877,3,262.0,0.39342879858497126,19,1168.0
2820.0,21,90.0,0.7627118644067796,4.73804870264719,1,181.0,0.3262003845460576,15,783.0,0.16509784114017945,5,266.0,0.28161850070234734,21,1230.0
2825.0,28,125.0,1.050420168067227,4.397515540618663,6,201.0,0.21015571722297144,13,759.0,0.1518592725513595,9,300.0,0.2220955211090113,28,1260.0
2830.0,25,151.0,1.385321100917431,3.7601369361743004,5,199.0,0.26364998245877314,9,623.0,0.1570727873991966,11,353.0,0.24454128166634637,25,1175.0
2835.0,22,124.0,1.0973451327433628,3.9352094653714524,5,164.0,0.3101958952693068,7,600.0,0.19887425481722867,10,368.0,0.2267770578385782,22,1132.0
2840.0,22,205.0,1.7372881355932204,4.755846318133312,2,136.0,0.32921018895635207,7,608.0,0.18444885051605678,13,399.0,0.21113466897653219,22,1143.0
2845.0,39,358.0,3.086206896551724,3.9041626518528822,6,115.0,0.20270454118394465,13,652.0,0.15616933959737908,20,484.0,0.027777781237789602,39,1251.0
2850.0,37,337.0,3.0636363636363635,3.1452175650869245,3,103.0,0.22476165274310764,17,622.0,0.10593666645851743,17,513.0,0.0981067450379068,37,1238.0
2855.0,36,291.0,2.6944444444444446,3.9453264553580207,5,116.0,0.2790864402294206,17,518.0,0.15793906244437525,14,461.0,0.23508652868164376,36,1095.0
2860.0,40,296.0,2.690909090909091,4.05085204968616,6,119.0,0.32791364320117483,20,409.0,0.17284540806201282,14,526.0,0.2276269266540419,40,1054.0
2865.0,35,274.0,2.4684684684684686,4.448817300023949,4,94.0,0.4164811135851068,18,333.0,0.19401197915179902,13,595.0,0.30115081196713117,35,1022.0
2870.0,32,189.0,1.6293103448275863,3.537616610774072,6,106.0,0.26553645515709434,15,373.0,0.21868152671325963,11,602.0,0.2179108431507504,32,1081.0
2875.0,24,99.0,0.825,4.284723556841282,7,138.0,0.19551998710548682,12,370.0,0.26740004112800025,5,540.0,0.2659548793945742,24,1048.0
2880.0,21,65.0,0.5462184873949579,3.3672336871548554,8,141.0,0.10057395477579077,9,355.0,0.21238351915311995,4,555.0,0.1501303705946224,21,1051.0
2885.0,23,87.0,0.7310924369747899,3.455353911761213,5,114.0,0.23341501898419995,9,319.0,0.17062625847211638,9,596.0,0.17277153928314576,23,1029.0
2890.0,26,140.0,1.1666666666666667,4.116977689582102,3,74.0,0.3546274366025088,16,280.0,0.1516081659687373,7,573.0,0.25664833719286556,26,927.0
2895.0,23,111.0,0.8951612903225806,3.878338306382181,3,63.0,0.2690300545034606,16,315.0,0.18730762494727826,4,470.0,0.25860620148626495,23,848.0
2900.0,28,124.0,1.008130081300813,4.164421779947642,8,91.0,0.2378428135470877,15,322.0,0.19646577432227022,5,432.0,0.2353437686266567,28,845.0
2905.0,33,148.0,1.2131147540983607,3.7725428052271472,7,101.0,0.11770714657679314,13,312.0,0.19641206713502576,13,471.0,0.08517472525406919,33,884.0
2910.0,31,215.0,1.9026548672566372,4.022387299345403,4,78.0,0.21881612188825503,18,348.0,0.2248749165818627,9,449.0,0.12286689116052682,31,875.0
2915.0,25,168.0,1.5555555555555556,3.6785391127769747,3,75.0,0.24242632084819335,20,373.0,0.12816234341671717,2,352.0,0.19070412375845033,25,800.0
2920.0,32,155.0,1.3963963963963963,3.498042489327076,10,107.0,0.1563640360840175,17,371.0,0.1544915447945298,5,371.0,0.22855315958968525,32,849.0
2925.0,39,248.0,2.1946902654867255,3.7791852877324645,13,163.0,0.24546679108644212,17,353.0,0.18022971046502956,9,409.0,0.254290977848664,39,925.0
2930.0,40,330.0,2.869565217391304,2.9427576166104585,16,236.0,0.1683402065972508,11,360.0,0.19231837481785638,13,467.0,0.17668747623547332,40,1063.0
2935.0,42,345.0,2.948717948717949,2.803310207362366,16,266.0,0.1705962459931997,7,316.0,0.17936133398102014,19,548.0,0.11041389870849985,42,1130.0
2940.0,39,281.0,2.4017094017094016,2.596970634043587,11,210.0,0.10368963748988026,9,302.0,0.19712125093887908,19,564.0,0.060206470389824164,39,1076.0
2945.0,37,231.0,1.9411764705882353,3.800150599368077,12,198.0,0.2578018226016701,10,221.0,0.221086305586214,15,493.0,0.1912080082831057,37,912.0
2950.0,38,284.0,2.3089430894308944,4.99129724556651,11,217.0,0.35315085020251497,15,233.0,0.25853692873542744,12,359.0,0.23162860752130154,38,809.0
2955.0,41,349.0,2.705426356589147,4.832194151492718,10,216.0,0.38342675908253815,19,279.0,0.2232061828959595,12,394.0,0.24574317699803538,41,889.0
2960.0,39,322.0,2.596774193548387,4.7651720150766925,6,223.0,0.47929731620229715,20,323.0,0.18503631610652538,13,455.0,0.20567590326601604,39,1001.0
2965.0,32,220.0,1.8181818181818181,4.349599265685298,8,232.0,0.3587254747942656,14,314.0,0.1834028522855903,10,441.0,0.14691970422342618,32,987.0
2970.0,20,145.0,1.2608695652173914,4.613241956176138,6,262.0,0.33240148945047204,8,322.0,0.23690430433503257,6,354.0,0.20573574823594729,20,938.0
2975.0,19,180.0,1.6071428571428572,4.4037140606958785,7,265.0,0.24116352268282862,11,315.0,0.24668490669799664,1,307.0,0.26102023476289715,19,887.0
2980.0,23,76.0,0.628099173553719,3.717553373568623,3,222.0,0.26382840929593815,13,321.0,0.15344585135247327,7,331.0,0.17432795330597348,23,874.0
2985.0,22,83.0,0.7094017094017094,4.062853950587006,4,154.0,0.3625022463166409,13,292.0,0.09283150583283806,5,303.0,0.1750089259038167,22,749.0
2990.0,29,146.0,1.3272727272727274,3.853184629229178,11,174.0,0.14003211947899383,13,247.0,0.18142153494393695,5,229.0,0.1379674853649564,29,650.0
2995.0,22,136.0,1.3203883495145632,4.358178672560969,7,184.0,0.1727282591440089,13,265.0,0.2395084111401796,2,182.0,0.27261774876224326,22,631.0
3000.0,26,104.0,0.9904761904761905,4.383018371808414,6,166.0,0.3190283457372878,16,271.0,0.21902885677225054,4,158.0,0.2810513655195822,26,595.0
3005.0,31,113.0,1.0,3.627176493661082,7,196.0,0.27374283358599255,16,303.0,0.13093792913780153,8,183.0,0.21223772256114168,31,682.0
3010.0,28,108.0,0.972972972972973,3.850119347503505,5,224.0,0.2974272596168505,15,296.0,0.12409836629451032,8,189.0,0.18360596456096712,28,709.0
3015.0,23,98.0,0.8990825688073395,3.2886145927496653,8,260.0,0.10265464209650885,10,306.0,0.17351398322709202,5,151.0,0.1789070427972283,23,717.0
3020.0,25,98.0,0.9245283018867925,3.5980542744802357,8,262.0,0.22742906841815783,12,281.0,0.1868309830685612,5,167.0,0.2838877652838832,25,710.0
3025.0,34,107.0,0.9469026548672567,2.9479733382784246,9,224.0,0.17897740531443015,15,291.0,0.14584189950450083,10,197.0,0.15221739746145338,34,712.0
3030.0,26,92.0,0.8214285714285714,3.497396423230456,7,253.0,0.2305806614250359,10,293.0,0.15037159542734646,9,195.0,0.16266277369833332,26,741.0
3035.0,22,80.0,0.7272727272727273,3.45512027644378,8,288.0,0.06949197572416985,10,296.0,0.17609523534796495,4,148.0,0.1615432704111579,22,732.0
3040.0,21,61.0,0.5596330275229358,3.4061789981894743,6,288.0,0.15323509013328035,10,267.0,0.17149734968009012,5,149.0,0.23136899461163699,21,704.0
3045.0,19,61.0,0.5754716981132075,3.8349214717846642,3,229.0,0.2592212794096055,8,284.0,0.2061712118670703,8,182.0,0.20949885222621573,19,695.0
3050.0,24,75.0,0.6818181818181818,3.1708700330013886,4,247.0,0.20262496930549867,10,264.0,0.1293795622777997,10,181.0,0.0893987602698416,24,692.0
3055.0,24,82.0,0.7663551401869159,3.7343615162404458,7,271.0,0.14159284674226869,10,267.0,0.1821742946460116,7,133.0,0.18799860110896896,24,671.0
3060.0,17,70.0,0.7070707070707071,3.8947485824728982,6,251.0,0.18479874906923727,8,227.0,0.2121499233050107,3,86.0,0.2852236965580753,17,564.0
3065.0,15,73.0,0.6886792452830188,5.0380559582059155,5,192.0,0.25943849845640865,6,233.0,0.2833653740473175,4,80.0,0.358204172688466,15,505.0
3070.0,13,48.0,0.4485981308411215,4.9588699853534,4,159.0,0.30609111114833615,8,234.0,0.2160885954179048,1,43.0,0.2978612478676666,13,436.0
3075.0,21,83.0,0.7614678899082569,4.043036558521792,4,132.0,0.23061552509475267,10,231.0,0.11523516082792126,7,49.0,0.19053751909137764,21,412.0
3080.0,14,51.0,0.5,4.573594071130508,1,97.0,0.3732124646149458,8,194.0,0.1501186864907053,5,63.0,0.3110721105615275,14,354.0
3085.0,19,67.0,0.6504854368932039,5.177579030037632,6,103.0,0.36401722561684774,9,146.0,0.18399104495026045,4,37.0,0.3400168617951528,19,286.0
3090.0,17,83.0,0.83,5.734014571544616,9,135.0,0.3982628644816655,4,145.0,0.2696294839301298,4,26.0,0.4150416949842109,17,306.0
3095.0,24,129.0,1.316326530612245,4.381831073630724,11,183.0,0.19521709456550015,10,136.0,0.2013984059659392,3,21.0,0.29922583176765416,24,340.0
3100.0,40,291.0,2.8529411764705883,3.267173290622594,19,265.0,0.08665149617053283,13,170.0,0.15496354595680864,8,50.0,0.16764971414726088,40,485.0
3105.0,57,542.0,5.705263157894737,2.0615373847314893,23,372.0,0.09763783283216247,20,255.0,0.09514875348814966,14,109.0,0.17680019969707453,57,736.0
3110.0,62,742.0,7.494949494949495,1.3918668914140184,26,496.0,0.028590488992005947,20,300.0,0.04146253406080109,16,185.0,0.10251782166602913,62,981.0
3115.0,61,803.0,8.03,2.385577635874126,30,640.0,0.1239417579934089,17,303.0,0.1338202022359348,14,225.0,0.2085829905349369,61,1168.0
3120.0,45,627.0,6.207920792079208,2.9030167445731316,26,696.0,0.09198271262804594,10,331.0,0.21523429559064292,9,197.0,0.25086629082803613,45,1224.0
3125.0,39,444.0,4.111111111111111,4.1317749456042625,21,662.0,0.132484094142463,8,370.0,0.2511133901270344,10,143.0,0.2645136628026531,39,1175.0
3130.0,35,375.0,3.4722222222222223,3.374682823286498,18,741.0,0.12427417896091503,8,361.0,0.1750979884117144,9,170.0,0.18537703848574622,35,1272.0
3135.0,37,307.0,2.790909090909091,3.639497704473032,19,836.0,0.13190432854734016,6,297.0,0.148429157245247,12,227.0,0.1895292321821767,37,1360.0
3140.0,32,277.0,2.826530612244898,3.9977712697361887,14,836.0,0.23188630058963838,5,200.0,0.2438058506823004,13,293.0,0.28968825871434123,32,1329.0
3145.0,28,188.0,1.8431372549019607,3.4889066936169444,7,712.0,0.19538002982377561,4,200.0,0.29659699538702095,17,361.0,0.18946146558442206,28,1273.0
3150.0,34,292.0,2.780952380952381,3.9568926861393923,4,559.0,0.25087154953804897,8,229.0,0.3053693061679882,22,455.0,0.11226418996595929,34,1243.0
3155.0,37,310.0,2.9523809523809526,3.2636208173494055,3,516.0,0.24760651371760686,13,286.0,0.18176304159869225,21,497.0,0.07674637518717006,37,1299.0
3160.0,44,342.0,3.196261682242991,3.142329033348349,6,538.0,0.16611229384438744,22,379.0,0.13354203843337661,16,469.0,0.0966145140847822,44,1386.0
3165.0,51,497.0,4.97,3.283313720167482,11,588.0,0.16591759257817024,25,499.0,0.14994711006863617,15,410.0,0.19994697734937397,51,1497.0
3170.0,46,438.0,4.211538461538462,2.5622790997508273,10,580.0,0.1319878586283168,25,542.0,0.04796587366834411,11,441.0,0.15217604281828193,46,1563.0
3175.0,37,302.0,2.9320388349514563,4.117420458295061,6,452.0,0.2567685865000073,19,500.0,0.19136640075751063,12,501.0,0.22760662916955895,37,1453.0
3180.0,29,220.0,2.2222222222222223,4.275176121682632,5,461.0,0.2961024611070243,13,372.0,0.1427920678964994,11,559.0,0.2529987906907597,29,1392.0
3185.0,23,114.0,1.0961538461538463,4.005802575611004,9,493.0,0.23290288646848945,6,404.0,0.22819113140488823,8,542.0,0.26204223796010534,23,1439.0
3190.0,20,68.0,0.6538461538461539,4.047776640554708,7,466.0,0.1682691151709656,7,428.0,0.3069145901240326,6,451.0,0.22729832086498197,20,1345.0
3195.0,21,54.0,0.5192307692307693,4.010196805237229,5,369.0,0.16974740164034985,10,411.0,0.24745727186744607,6,342.0,0.20858343843420518,21,1122.0
3200.0,15,29.0,0.2761904761904762,4.4475578667104525,6,374.0,0.2786537854273413,5,333.0,0.2288369800234835,4,357.0,0.24924022118308728,15,1064.0
3205.0,23,63.0,0.5727272727272728,4.480740317262903,10,411.0,0.20209216454378803,2,221.0,0.20926255093804075,11,391.0,0.23549689474485802,23,1023.0
3210.0,30,178.0,1.7450980392156863,4.163234704786699,14,475.0,0.19859439538870086,3,129.0,0.32308589818211075,13,450.0,0.2630945005734208,30,1054.0
3215.0,32,240.0,2.4742268041237114,3.2337538476749765,15,478.0,0.1363480572481905,2,110.0,0.40025246826596944,15,519.0,0.19049046367802072,32,1107.0
3220.0,38,218.0,2.0761904761904764,3.039595883435182,15,395.0,0.11526312853090774,8,136.0,0.25540634106605914,15,526.0,0.11869843088363383,38,1057.0
3225.0,29,146.0,1.4174757281553398,4.25664900388412,11,280.0,0.194230513777006,6,130.0,0.35626583909104914,12,446.0,0.15391241255850083,29,856.0
3230.0,21,85.0,0.7657657657657657,5.231968066266243,8,214.0,0.29270877873721995,5,77.0,0.37868768999987984,8,330.0,0.21846002688965427,21,621.0
3235.0,21,118.0,1.0825688073394495,6.933043523080921,10,176.0,0.4435561357792308,3,45.0,0.41643953870016764,8,238.0,0.3882149351142351,21,459.0
3240.0,10,35.0,0.33653846153846156,5.499542358277927,1,141.0,0.3924886605191477,1,34.0,0.27347151685212884,8,261.0,0.3111814006195733,10,436.0
3245.0,22,83.0,0.7830188679245284,5.382025862422925,6,144.0,0.31041341420657925,6,55.0,0.20737631780350105,10,305.0,0.22386639419554724,22,504.0
3250.0,21,70.0,0.7608695652173914,3.9404407086835223,6,146.0,0.2519315268047348,6,68.0,0.19244642370982903,9,303.0,0.21981446792107193,21,517.0
3255.0,17,35.0,0.3804347826086957,4.274439868969133,5,119.0,0.25069243640510264,6,54.0,0.25625929222309674,6,242.0,0.28214203178267244,17,415.0
3260.0,7,22.0,0.23157894736842105,5.628048837125789,2,112.0,0.36079354858959256,2,56.0,0.300756073807506,3,159.0,0.4147812499242284,7,327.0
3265.0,21,56.0,0.5384615384615384,4.571633296198844,9,137.0,0.2133481320096658,8,79.0,0.13170853334973923,4,140.0,0.2943853782244909,21,356.0
3270.0,27,135.0,1.3917525773195876,3.889181467850376,13,191.0,0.153537888789934,7,92.0,0.17319588360809096,7,167.0,0.21316182761033167,27,450.0
3275.0,31,180.0,1.9565217391304348,3.273967168226488,13,225.0,0.1832469404413347,4,79.0,0.14401675463265176,14,226.0,0.1784236105599301,31,530.0
3280.0,27,130.0,1.3541666666666667,3.921862068139316,11,207.0,0.2584682581240673,3,91.0,0.24794360490732734,13,249.0,0.19415785860329632,27,547.0
3285.0,23,109.0,1.1354166666666667,4.731999727430569,8,159.0,0.26534692088011497,8,121.0,0.28783351034665305,7,204.0,0.22616795112508215,23,484.0
3290.0,28,166.0,1.6116504854368932,4.183791989190486,9,145.0,0.3072144549639634,12,173.0,0.16161329767804955,7,227.0,0.16403946484872414,28,545.0
3295.0,33,183.0,1.7941176470588236,4.062410064373539,7,128.0,0.3681192580784942,14,203.0,0.13206978471887476,12,276.0,0.14565725384345735,33,607.0
3300.0,28,139.0,1.404040404040404,3.7061576694310436,3,109.0,0.3442057984687066,10,168.0,0.10352283592576204,15,343.0,0.10695312275953393,28,620.0
3305.0,30,219.0,2.1470588235294117,4.190143075755488,6,111.0,0.4114507096655281,8,208.0,0.12390173248202818,16,421.0,0.1557840416684191,30,740.0
3310.0,35,318.0,3.2783505154639174,3.4815485824525085,4,114.0,0.3507151216525512,12,261.0,0.14116442685930383,19,513.0,0.11360725687933464,35,888.0
3315.0,39,326.0,3.3608247422680413,2.2233685306339153,5,113.0,0.18937700222895454,14,330.0,0.06831956937375819,20,537.0,0.0507819419998067,39,980.0
3320.0,34,232.0,2.4166666666666665,3.5206596840586406,6,124.0,0.19644953138201923,14,354.0,0.18916081605111962,14,470.0,0.15136553979636358,34,948.0
3325.0,26,150.0,1.4563106796116505,4.410479841409851,3,119.0,0.25117639431950023,9,310.0,0.23036867298169442,14,356.0,0.20730395752285424,26,785.0
3330.0,23,152.0,1.4901960784313726,6.097555994457852,4,131.0,0.32839539556279335,7,227.0,0.29585334818918957,12,295.0,0.359777096303521,23,653.0
3335.0,20,112.0,1.1914893617021276,4.890062860589615,6,127.0,0.26688785923038616,7,243.0,0.22842005985433805,7,325.0,0.35820238540692406,20,695.0
3340.0,20,81.0,0.826530612244898,4.8075184496347,5,122.0,0.2187820530326951,9,288.0,0.19326272615791934,6,357.0,0.2608435357269542,20,767.0
3345.0,18,60.0,0.6593406593406593,4.161872782629832,5,101.0,0.18454690968086337,8,283.0,0.21562181267502445,5,346.0,0.25832779851854926,18,730.0
3350.0,11,19.0,0.19791666666666666,4.413134538234247,2,99.0,0.2381041941555361,6,230.0,0.23952668115427775,3,289.0,0.3142982589901137,11,618.0
3355.0,9,31.0,0.31958762886597936,5.429523179332041,4,113.0,0.25695979686074044,3,226.0,0.27559949900911684,2,216.0,0.4115252470722302,9,555.0
3360.0,13,41.0,0.43617021276595747,4.527370212232427,3,103.0,0.16652479522457983,9,253.0,0.13389125432685892,1,205.0,0.3343441655860203,13,561.0
3365.0,24,118.0,1.2291666666666667,3.639407138271247,3,83.0,0.16311950654449783,15,315.0,0.1259467547645899,6,222.0,0.2289123200518581,24,620.0
3370.0,20,110.0,1.1956521739130435,3.339032691028747,1,78.0,0.17200024939922298,15,336.0,0.13004687201948575,4,210.0,0.21482029957092055,20,624.0
3375.0,21,84.0,0.865979381443299,3.947714654443138,4,96.0,0.19228809076444867,12,308.0,0.16675835753903767,5,168.0,0.24889813884533374,21,572.0
3380.0,16,60.0,0.6382978723404256,4.280258328071073,4,92.0,0.27548690233331435,10,344.0,0.1812871884567346,2,173.0,0.33642337963504415,16,609.0
3385.0,26,71.0,0.7171717171717171,3.781070793439575,5,65.0,0.20624672401174032,15,402.0,0.14364608184710653,6,190.0,0.18880750612145347,26,657.0
3390.0,17,58.0,0.6041666666666666,3.365546443297338,3,66.0,0.21336840374054997,8,396.0,0.13902138113979612,6,178.0,0.1658586451239011,17,640.0
3395.0,14,38.0,0.41304347826086957,4.072350322835815,7,90.0,0.17648833552961402,4,318.0,0.22458365345452486,3,142.0,0.28315677508120046,14,550.0
3400.0,21,81.0,0.8350515463917526,4.316197716163915,10,132.0,0.20543777636765276,5,206.0,0.25922408315060524,6,91.0,0.3195693354407048,21,429.0
3405.0,14,55.0,0.5670103092783505,5.116110229387847,6,138.0,0.31152557847594387,4,158.0,0.3352683933437929,4,101.0,0.41212230840074493,14,397.0
3410.0,19,69.0,0.6764705882352942,5.027692185783926,6,91.0,0.29433415818587555,4,104.0,0.38884239097416695,9,129.0,0.28183714664912524,19,324.0
3415.0,21,83.0,0.8217821782178217,4.56464024126909,6,113.0,0.2518317059237397,2,84.0,0.45831277701866713,13,179.0,0.25529468892329915,21,376.0
3420.0,35,202.0,1.9803921568627452,3.605267287453679,10,157.0,0.10354047464634558,7,99.0,0.25381402160112376,18,253.0,0.11551377994879933,35,509.0
3425.0,37,189.0,1.89,2.362586844786792,10,181.0,0.1137563206692065,9,108.0,0.08528328895752288,18,290.0,0.09897878052807467,37,579.0
3430.0,20,96.0,1.0,4.2821719100998274,5,160.0,0.25070169258113967,3,82.0,0.3870005143591349,12,270.0,0.2134903072558905,20,512.0
3435.0,17,70.0,0.6666666666666666,4.600605528614988,3,158.0,0.19495156129931762,4,85.0,0.39745520956588815,10,220.0,0.22091438960048235,17,463.0
3440.0,28,132.0,1.2452830188679245,4.668604956027415,8,185.0,0.16736942430337556,9,117.0,0.32438381289017537,11,221.0,0.30050400770266295,28,523.0
3445.0,30,122.0,1.1401869158878504,3.595917849294739,10,192.0,0.08162968339543114,10,129.0,0.1984956314757748,10,193.0,0.3081745321977184,30,514.0
3450.0,18,55.0,0.5339805825242718,4.941459200340608,8,168.0,0.2462934438845147,8,120.0,0.2858702539053419,2,176.0,0.42657308345147155,18,464.0
3455.0,16,38.0,0.37254901960784315,4.652641669450887,3,165.0,0.219394308477629,6,138.0,0.193894704973233,7,188.0,0.36890994487141815,16,491.0
3460.0,28,132.0,1.2452830188679245,3.779336947981289,9,200.0,0.1259937370581788,9,180.0,0.1222284190985003,10,228.0,0.2506232635221812,28,608.0
3465.0,32,187.0,1.9684210526315788,2.635564888465767,7,196.0,0.15028411916586765,10,190.0,0.16297331807138962,15,289.0,0.11478748589134491,32,675.0
3470.0,32,243.0,2.479591836734694,2.8767173612743893,6,159.0,0.19953353656803552,8,162.0,0.19217604713927036,18,378.0,0.17346064832273855,32,699.0
3475.0,34,335.0,3.3168316831683167,3.4828455009237658,5,185.0,0.240299139250706,6,173.0,0.1992354440563041,23,482.0,0.20430192295690536,34,840.0
3480.0,42,504.0,4.9411764705882355,2.7683461980030986,11,218.0,0.11303519569254387,8,207.0,0.11881948976617933,23,596.0,0.08427339412554234,42,1021.0
3485.0,52,556.0,5.245283018867925,2.006673909908674,17,282.0,0.0739226184499687,13,265.0,0.09734457923900072,22,636.0,0.08669495483270388,52,1183.0
3490.0,53,507.0,5.07,2.375790838408496,17,301.0,0.1022135988009948,21,357.0,0.1736985933018499,15,573.0,0.1742870322356741,53,1231.0
3495.0,47,432.0,4.0,3.1711470649856484,13,267.0,0.12384037801912919,18,398.0,0.22971678579141827,16,601.0,0.10804291385528812,47,1266.0
3500.0,35,293.0,2.7383177570093458,4.269035605792893,9,203.0,0.2532543438632411,9,343.0,0.23618764569432846,17,683.0,0.19026842242888198,35,1229.0
3505.0,35,170.0,1.5740740740740742,3.5308808298702186,10,224.0,0.2411746666586333,9,239.0,0.15777809471232213,16,678.0,0.19669122510392828,35,1141.0
3510.0,23,91.0,0.8584905660377359,4.472069818197143,12,278.0,0.20927756909057602,6,265.0,0.33173479075666834,5,562.0,0.27956588178212693,23,1105.0
3515.0,19,81.0,0.7864077669902912,4.389361226862749,9,285.0,0.1646732668189361,7,295.0,0.27056705092155353,3,410.0,0.23802349485520174,19,990.0
3520.0,23,129.0,1.2169811320754718,4.483470655468748,5,226.0,0.19340186089233946,14,351.0,0.24380074511070307,4,341.0,0.31449922910772876,23,918.0
3525.0,20,92.0,0.8679245283018868,4.04729134790515,5,226.0,0.21100758232783784,13,355.0,0.1912737979611795,2,281.0,0.27768785709840216,20,862.0
3530.0,28,105.0,0.9545454545454546,4.061689311414561,9,259.0,0.17974958983590375,12,294.0,0.12098797584695811,7,291.0,0.25991302383088016,28,844.0
3535.0,23,90.0,0.9090909090909091,4.543673159805211,7,256.0,0.2396220415656324,12,211.0,0.2129053495281465,4,270.0,0.4139120120057816,23,737.0
3540.0,9,27.0,0.27835051546391754,4.537951946478587,4,197.0,0.19527208273929428,3,236.0,0.3203309699634761,2,207.0,0.37779003824847535,9,640.0
3545.0,14,40.0,0.37735849056603776,4.967579514761921,4,131.0,0.22454921801590275,6,257.0,0.23832197762493712,4,162.0,0.37551462130399127,14,550.0
3550.0,17,80.0,0.7692307692307693,4.366461151445382,3,130.0,0.2624770809082606,13,309.0,0.19127991926176208,1,136.0,0.266591062743779,17,575.0
3555.0,36,218.0,1.981818181818182,3.658007215002041,10,162.0,0.1701405174520008,20,395.0,0.10142705050714439,6,156.0,0.1624643702436499,36,713.0
3560.0,37,324.0,3.24,2.9112377465260324,8,176.0,0.19173835727859043,25,512.0,0.06798086221755364,4,144.0,0.24078810346779636,37,832.0
3565.0,41,307.0,3.0396039603960396,2.6571166850545587,8,141.0,0.15791967203977342,29,574.0,0.0969877170219951,4,91.0,0.1886959740230375,41,806.0
3570.0,32,248.0,2.361904761904762,4.199296228700394,6,88.0,0.29609253721220696,23,559.0,0.14494109465301683,3,45.0,0.34439158993678126,32,692.0
3575.0,24,177.0,1.6388888888888888,4.452740988647858,2,90.0,0.3485352661268603,20,486.0,0.12224202750690097,2,37.0,0.34830113001059715,24,613.0
3580.0,29,185.0,1.6818181818181819,5.012019372048133,7,118.0,0.2989023771913274,18,447.0,0.20330385038250628,4,49.0,0.3609496596841534,29,614.0
3585.0,23,186.0,1.8058252427184467,4.816696104672704,11,167.0,0.24731365740694825,9,392.0,0.3236075667791842,3,42.0,0.4046404792884795,23,601.0
3590.0,25,186.0,1.7222222222222223,4.305231796982561,15,193.0,0.17121725880818897,6,337.0,0.4042294918850419,4,48.0,0.31381711113305133,25,578.0
3595.0,23,183.0,1.6486486486486487,5.46235233002257,12,174.0,0.1957409686525136,6,297.0,0.5620111599719857,5,45.0,0.3691478046812035,23,516.0
3600.0,22,200.0,1.7543859649122806,5.188068781413608,12,162.0,0.16459288408014933,7,245.0,0.5139083137850877,3,48.0,0.3083446477467521,22,455.0
