step,system_total_stopped,system_total_waiting_time,system_mean_waiting_time,system_mean_speed,A0_stopped,A0_accumulated_waiting_time,A0_average_speed,B0_stopped,B0_accumulated_waiting_time,B0_average_speed,C0_stopped,C0_accumulated_waiting_time,C0_average_speed,agents_total_stopped,agents_total_accumulated_waiting_time
5.0,0,0.0,0.0,0.0,0,0.0,1.0,0,0.0,1.0,0,0.0,1.0,0,0.0
10.0,0,0.0,0.0,6.550707081030122,0,0.0,1.0,0,0.0,1.0,0,0.0,0.43314950475726155,0,0.0
15.0,0,0.0,0.0,9.771905086195709,0,0.0,0.557538187443171,0,0.0,1.0,0,0.0,0.7667266939529177,0,0.0
20.0,2,0.0,0.0,6.70345569138469,1,0.0,0.40031759166851316,0,0.0,1.0,1,0.0,0.5393861544335824,2,0.0
25.0,0,0.0,0.0,9.667223816432628,0,0.0,0.9197488883064633,0,0.0,0.36311512946765284,0,0.0,0.6598473884241823,0,0.0
30.0,1,5.0,0.4166666666666667,9.28908498954894,0,0.0,0.6951547576371894,0,0.0,0.9697644794363148,1,5.0,0.4795665635570972,1,5.0
35.0,4,16.0,1.2307692307692308,7.8701263269236055,2,3.0,0.17363572950900577,0,0.0,0.9500564012630346,2,13.0,0.5518824683093551,4,16.0
40.0,1,8.0,0.5,7.482409125357565,1,8.0,0.4738005143204963,0,0.0,0.7728796223261346,0,7.0,0.47937208630062345,1,15.0
45.0,2,4.0,0.2222222222222222,10.106756060770497,0,0.0,0.9718192072954507,0,2.0,0.8668428467455642,2,4.0,0.49824775263433135,2,6.0
50.0,3,3.0,0.14285714285714285,9.401802105687779,0,0.0,0.5192838330286856,2,4.0,0.6020131566618561,1,1.0,0.7248038384163098,3,5.0
55.0,2,13.0,0.65,9.6037226231725,0,0.0,0.606302891626401,1,7.0,0.751526555214508,1,6.0,0.6229676748901523,2,13.0
60.0,4,28.0,1.4,7.64044359708574,0,0.0,0.7532805064229589,1,14.0,0.577589842633316,3,16.0,0.3418742889710253,4,30.0
65.0,3,6.0,0.2727272727272727,6.92380769063753,0,0.0,0.7399182094111129,1,5.0,0.5279174450301101,2,17.0,0.2909565449659585,3,22.0
70.0,2,6.0,0.25,8.944395145313285,1,0.0,0.5677422325030678,1,10.0,0.5738571031231351,0,6.0,0.5668432865903483,2,16.0
75.0,6,23.0,0.92,6.980608066028102,1,4.0,0.44104258584677447,3,20.0,0.5285063117180305,2,9.0,0.2510998397444093,6,33.0
80.0,3,17.0,0.6296296296296297,6.927646538911374,0,1.0,0.6285711579652148,0,7.0,0.5480441956963207,3,23.0,0.11694043026457396,3,31.0
85.0,6,41.0,1.5185185185185186,8.523504668245526,1,3.0,0.7099528441328599,1,5.0,0.5396481827465252,4,43.0,0.4333959940464928,6,51.0
90.0,1,8.0,0.2962962962962963,9.316034359970454,0,4.0,0.7025604388632591,0,0.0,0.8578708674993534,1,39.0,0.49494075637706786,1,43.0
95.0,5,10.0,0.35714285714285715,9.316785163878121,3,10.0,0.5284927282661427,0,0.0,0.7441715218952462,2,12.0,0.5370451738701927,5,22.0
100.0,6,32.0,1.2307692307692308,6.473064242716532,5,27.0,0.22082114239509604,0,0.0,0.5455189704172168,1,9.0,0.384126477351876,6,36.0
105.0,2,8.0,0.2962962962962963,7.991757920196407,1,29.0,0.2752999335141762,0,0.0,0.9066421817444049,1,3.0,0.7438343337985605,2,32.0
110.0,1,7.0,0.2692307692307692,10.643365433683757,0,8.0,0.7701192191739832,0,2.0,0.7090375166720031,1,8.0,0.681420939125413,1,18.0
115.0,4,10.0,0.35714285714285715,8.787109214174215,2,8.0,0.5415667427393508,1,6.0,0.6700637727350672,1,0.0,0.543484403931922,4,14.0
120.0,4,19.0,0.6129032258064516,9.516902292905389,3,21.0,0.4640840196028462,0,4.0,0.7929555727576307,1,0.0,0.5923917585096664,4,25.0
125.0,6,43.0,1.3870967741935485,7.961660606505502,5,43.0,0.22567189219356018,1,6.0,0.6076445163114914,0,0.0,0.7622620483735967,6,49.0
130.0,3,4.0,0.13793103448275862,7.226860793882884,2,38.0,0.4566340744681053,1,6.0,0.3846620115148783,0,0.0,0.6273244106605657,3,44.0
135.0,3,6.0,0.20689655172413793,8.896677363076504,1,1.0,0.5554674628862013,0,3.0,0.766812536393663,2,7.0,0.49803100312752363,3,11.0
140.0,1,1.0,0.03571428571428571,10.551292154614641,1,3.0,0.7285729834610748,0,4.0,0.8586953341523588,0,5.0,0.6411508002565436,1,12.0
145.0,2,7.0,0.28,10.402555191752862,2,7.0,0.51592539684971,0,6.0,0.8562886262071562,0,0.0,0.850789739973758,2,13.0
150.0,1,3.0,0.1111111111111111,7.976678153504861,0,6.0,0.3362309640967209,0,4.0,0.6757760343621401,1,3.0,0.5243782905432828,1,13.0
155.0,1,8.0,0.3076923076923077,10.974301914717902,0,0.0,0.7149133655099486,0,6.0,0.9161190575103885,1,8.0,0.6319075053882768,1,14.0
160.0,4,14.0,0.5,10.045918104733635,0,0.0,0.7571028404426,2,3.0,0.6747224795583641,2,13.0,0.5618847964258981,4,16.0
165.0,3,28.0,1.037037037037037,10.442504389705608,0,0.0,0.8555784477642847,1,6.0,0.6675272896814783,2,22.0,0.6604221305005729,3,28.0
170.0,3,3.0,0.10714285714285714,7.800474724431111,1,2.0,0.6516460490233519,2,1.0,0.38872251076930703,0,0.0,0.5383227558897145,3,3.0
175.0,8,23.0,0.8518518518518519,7.592888059795184,0,0.0,0.654783925044941,4,15.0,0.14344603100694392,4,8.0,0.38429511065377187,8,23.0
180.0,0,0.0,0.0,8.5561758473099,0,0.0,0.5261605140968476,0,16.0,0.4868356231818206,0,8.0,0.5535995853963146,0,24.0
185.0,3,3.0,0.12,10.808666917625388,0,2.0,0.8590743179283327,1,7.0,0.77040916461326,2,2.0,0.6454081225498769,3,11.0
190.0,1,8.0,0.3333333333333333,11.664428988199171,0,2.0,0.8137129221380146,1,10.0,0.7334968751909234,0,2.0,0.8166923207175271,1,14.0
195.0,3,15.0,0.6,9.374786583500423,1,4.0,0.27966102317288105,1,15.0,0.6008791127831147,1,2.0,0.677148399754096,3,21.0
200.0,5,18.0,0.75,7.780333217541712,2,11.0,0.48052418167700967,1,1.0,0.32850984716682796,2,10.0,0.47789492195092975,5,22.0
205.0,9,54.0,2.4545454545454546,5.296644282211176,2,21.0,0.48288857310770494,2,10.0,0.20215630388843553,5,27.0,0.1237447961404047,9,58.0
210.0,5,37.0,1.5416666666666667,5.8873689441079256,2,31.0,0.36836063272210634,0,7.0,0.44562316497477755,3,24.0,0.2785509858185736,5,62.0
215.0,0,0.0,0.0,9.87286400506786,0,3.0,0.6977919905495819,0,2.0,0.8530681577440287,0,9.0,0.5738342371034542,0,14.0
220.0,3,4.0,0.14285714285714285,10.021831181268533,0,2.0,0.708826949324374,0,2.0,0.8596135997367073,3,13.0,0.5406715574291285,3,17.0
225.0,3,15.0,0.5,9.583759695870715,0,2.0,0.634140295630095,0,2.0,0.7775038687382319,3,24.0,0.4901003190979889,3,28.0
230.0,3,8.0,0.27586206896551724,7.833034551162036,2,6.0,0.5336156799709851,1,6.0,0.46568954959698594,0,15.0,0.48103870146328337,3,27.0
235.0,1,2.0,0.08333333333333333,8.15356390577338,0,4.0,0.6282160107228851,0,6.0,0.553959639959036,1,2.0,0.5300401473798783,1,12.0
240.0,3,10.0,0.4,10.022765142597224,1,5.0,0.5669080787385723,0,3.0,0.8886664920247915,2,7.0,0.4309032271572477,3,15.0
245.0,3,24.0,0.8888888888888888,10.632706450194902,2,14.0,0.5042333138020291,0,3.0,0.8671682588934092,1,12.0,0.5758910781420788,3,29.0
250.0,2,18.0,0.6,8.851538836415642,0,2.0,0.7396178700159529,1,4.0,0.5895829960805623,1,17.0,0.5639439168595654,2,23.0
255.0,2,24.0,0.8,7.9232904082953235,1,4.0,0.4844010159459722,0,2.0,0.425493068644372,1,22.0,0.6721672303763566,2,28.0
260.0,1,1.0,0.034482758620689655,7.546940928154215,0,2.0,0.6089361266290835,0,0.0,0.3220001002612674,1,1.0,0.7048819316913741,1,3.0
265.0,3,13.0,0.4482758620689655,9.720249753998106,0,2.0,0.8847422804922285,1,5.0,0.40286462566598663,2,8.0,0.5470786134015678,3,15.0
270.0,4,31.0,1.1481481481481481,9.302874799554356,0,2.0,0.8491076983924143,1,10.0,0.6206007493675463,3,21.0,0.46814493311720834,4,33.0
275.0,3,20.0,0.6666666666666666,7.504501842721486,1,3.0,0.5622524752758544,1,15.0,0.5263335389894214,1,21.0,0.2801870217935344,3,39.0
280.0,2,23.0,0.8518518518518519,7.628250267750203,0,4.0,0.2907541000863361,1,22.0,0.7327845133768798,1,7.0,0.5560712332975594,2,33.0
285.0,0,0.0,0.0,7.438135529885972,0,0.0,0.279804677519816,0,2.0,0.6445378608523987,0,0.0,0.5074381725617778,0,2.0
290.0,5,14.0,0.5,8.004280516735784,3,5.0,0.2883931480636288,1,7.0,0.6173964513533658,1,4.0,0.5271851402705672,5,16.0
295.0,6,33.0,1.2222222222222223,6.873546537056611,4,22.0,0.370355725572004,0,0.0,0.4699084911739099,2,11.0,0.3122617104912438,6,33.0
300.0,8,52.0,2.08,6.159627726782542,7,52.0,0.42143137974898875,0,0.0,1.0,1,7.0,0.427004016086283,8,59.0
305.0,3,31.0,1.1923076923076923,8.194346517898278,3,59.0,0.5101129553283474,0,2.0,0.8618342286581573,0,2.0,0.8181991295035975,3,63.0
310.0,1,5.0,0.17857142857142858,9.28042406806402,1,27.0,0.4824481542195639,0,4.0,0.9586179365170097,0,2.0,0.778326157253385,1,33.0
315.0,2,1.0,0.034482758620689655,8.46668757430572,1,23.0,0.4316670029359232,0,4.0,0.788181117947825,1,2.0,0.4732853185228418,2,29.0
320.0,6,21.0,0.7777777777777778,7.00476941600535,6,43.0,0.21378309145444896,0,2.0,0.5411164823088837,0,0.0,0.9233305727291177,6,45.0
325.0,10,59.0,2.107142857142857,6.105868592062022,9,83.0,0.23826417531984062,1,0.0,0.6210851559908978,0,0.0,0.6419706182513877,10,83.0
330.0,6,34.0,1.1724137931034482,7.081724955134559,4,84.0,0.42097289636286256,0,0.0,0.7541548894366441,2,3.0,0.5842045529533593,6,87.0
335.0,1,8.0,0.27586206896551724,9.66524806453734,0,36.0,0.465336264939588,0,2.0,0.9309052241341935,1,8.0,0.7672097233757654,1,46.0
340.0,6,16.0,0.47058823529411764,7.826511114112119,3,27.0,0.28857084334654853,1,3.0,0.6279387173362813,2,13.0,0.5526335095623712,6,43.0
345.0,9,50.0,1.5151515151515151,7.853027520812003,6,48.0,0.1595233523186151,2,11.0,0.6481820721686178,1,18.0,0.7475251491894004,9,77.0
350.0,11,92.0,3.066666666666667,5.872249236604284,9,92.0,0.09309108002599067,0,6.0,0.6381089698410054,2,25.0,0.36813440471852954,11,123.0
355.0,4,32.0,1.103448275862069,7.382822059666601,3,87.0,0.2924362915335037,1,3.0,0.6750679217667005,0,8.0,0.6656202369723466,4,98.0
360.0,4,12.0,0.4,8.703208093480361,1,32.0,0.5522317950181976,1,10.0,0.7206968110961268,2,4.0,0.5164960280303472,4,46.0
365.0,3,6.0,0.20689655172413793,8.516453504562337,3,38.0,0.4745105762067199,0,2.0,0.648450294224695,0,3.0,0.6229535971989477,3,43.0
370.0,8,34.0,1.2142857142857142,7.111816550032766,5,60.0,0.217284957386258,2,10.0,0.581610324040241,1,0.0,0.44713984168795196,8,70.0
375.0,7,28.0,1.0769230769230769,6.206114036126734,4,45.0,0.2738549664308509,3,22.0,0.43361065873126836,0,0.0,0.6785990449994452,7,67.0
380.0,5,39.0,1.4444444444444444,8.575159326593312,0,13.0,0.4874980466381155,5,45.0,0.3586675083360358,0,0.0,0.9694009038160759,5,58.0
385.0,8,71.0,2.3666666666666667,7.647181797835709,0,3.0,0.6263158030634342,8,77.0,0.282741332429898,0,0.0,0.7758304823216436,8,80.0
390.0,2,13.0,0.4482758620689655,8.49868464741924,0,0.0,0.9392012961437716,2,68.0,0.3983978453202367,0,0.0,0.788783017041847,2,68.0
395.0,2,3.0,0.10344827586206896,8.304600446921043,1,2.0,0.6117760118161848,0,16.0,0.5526814456013028,1,5.0,0.6409941477900445,2,23.0
400.0,6,21.0,0.75,8.88461579574366,2,9.0,0.6809574459215979,3,6.0,0.4086227040178089,1,10.0,0.6494470492860694,6,25.0
405.0,5,7.0,0.23333333333333334,7.489981750388352,3,11.0,0.4778925677358379,2,8.0,0.3035411810712545,0,2.0,0.7375672861258289,5,21.0
410.0,6,23.0,0.6764705882352942,9.585528894765716,2,8.0,0.598774745335043,3,20.0,0.576959657907984,1,0.0,0.7279585205798265,6,28.0
415.0,1,12.0,0.35294117647058826,9.75332485244654,1,12.0,0.6048712918174531,0,9.0,0.8370972395122944,0,0.0,0.4554602060027158,1,21.0
420.0,2,1.0,0.03125,9.618925233751881,0,2.0,0.6568728746904853,0,2.0,0.7633280064086653,2,3.0,0.3845323338347084,2,7.0
425.0,4,18.0,0.6,10.034663625758633,1,5.0,0.6427262495166794,1,5.0,0.5903528161476801,2,12.0,0.64809785131083,4,22.0
430.0,3,21.0,0.84,8.273254488939624,0,7.0,0.6253449007423993,1,1.0,0.12812527880644345,2,22.0,0.5498175674326466,3,30.0
435.0,3,12.0,0.5,6.658852908179232,0,0.0,0.45618312997984506,3,14.0,0.3311857604991938,0,17.0,0.48175095384986033,3,31.0
440.0,1,0.0,0.0,9.42199174908687,1,0.0,0.5190255022069967,0,15.0,0.6759359057315598,0,0.0,0.5804918747743326,1,15.0
445.0,1,1.0,0.03571428571428571,10.53516035572758,0,0.0,0.6220486533822513,0,2.0,0.7836206827293076,1,3.0,0.6490732468093003,1,5.0
450.0,4,16.0,0.5517241379310345,10.592568125789004,1,5.0,0.689455346651477,2,5.0,0.5474886325589843,1,8.0,0.7927465042748802,4,18.0
455.0,3,25.0,0.8928571428571429,10.133581920306169,1,10.0,0.7602590080863229,2,15.0,0.48901709163914114,0,2.0,0.8252948719466706,3,27.0
460.0,5,27.0,1.0384615384615385,9.169415735334143,2,1.0,0.5788773040030143,2,25.0,0.6376009857776546,1,1.0,0.7277422463382549,5,27.0
465.0,6,51.0,1.8888888888888888,7.559818944877513,2,7.0,0.5012144936316033,3,38.0,0.4144607576957306,1,6.0,0.51987465384606,6,51.0
470.0,5,68.0,2.5185185185185186,8.594796297241167,0,8.0,0.5781600019767434,4,57.0,0.18918208934212438,1,11.0,0.7038548598768918,5,76.0
475.0,6,97.0,3.4642857142857144,8.8118893908723,1,4.0,0.6519632315423103,4,79.0,0.38055918792192506,1,16.0,0.6893863367549861,6,99.0
480.0,1,9.0,0.3333333333333333,9.644717967135799,1,9.0,0.7613591549217733,0,30.0,0.662445912150114,0,0.0,0.6078456633944052,1,39.0
485.0,3,9.0,0.34615384615384615,9.453946801099457,0,0.0,0.8101458394683064,0,2.0,0.7635803739749537,3,9.0,0.31056476228717966,3,11.0
490.0,2,3.0,0.14285714285714285,7.929218919328855,1,2.0,0.580423895556231,1,1.0,0.6657042533940235,0,6.0,0.4247899921479387,2,9.0
495.0,6,20.0,0.9090909090909091,8.14159296726294,4,13.0,0.36791277468719485,2,9.0,0.5590351800653212,0,0.0,0.8640361565772686,6,22.0
500.0,4,18.0,0.782608695652174,7.988317101456572,1,12.0,0.3864441749171688,3,19.0,0.472233412353273,0,0.0,0.8658067791696312,4,31.0
505.0,4,34.0,1.4166666666666667,9.513395388130812,2,7.0,0.38227896052759064,2,29.0,0.5947690481026416,0,0.0,0.9401797414565276,4,36.0
510.0,2,37.0,1.48,9.344455690870426,0,1.0,0.6116814710811104,2,39.0,0.5839007205386928,0,0.0,0.7736740843328731,2,40.0
515.0,0,0.0,0.0,11.294341786593519,0,0.0,0.803778460521519,0,24.0,0.6283466004100181,0,0.0,0.9231689894322291,0,24.0
520.0,3,1.0,0.043478260869565216,9.362729397486367,2,0.0,0.590482111967446,1,3.0,0.4456760340943268,0,0.0,0.18079759340102966,3,3.0
525.0,3,13.0,0.6842105263157895,9.510529864053373,0,0.0,0.7837853096792361,3,15.0,0.34824687695545176,0,0.0,0.949748268632591,3,15.0
530.0,4,33.0,1.8333333333333333,8.214859845842492,0,0.0,0.43506484682775504,4,35.0,0.36182758885450883,0,0.0,0.9087068858284811,4,35.0
535.0,7,63.0,3.5,7.005395552374019,2,7.0,0.4628831377106396,5,58.0,0.17616288741389777,0,0.0,0.5737504469029566,7,65.0
540.0,5,18.0,0.8571428571428571,4.483227360271787,4,17.0,0.28209015832758555,1,44.0,0.2772711455716121,0,0.0,0.45306638379641906,5,61.0
545.0,2,6.0,0.2727272727272727,8.750567239029651,1,16.0,0.5366984521227672,1,6.0,0.60560783576732,0,2.0,0.8791556579283093,2,24.0
550.0,3,12.0,0.48,8.029466193962726,1,3.0,0.5243332864361511,1,13.0,0.5047971098459796,1,2.0,0.7178048502305951,3,18.0
555.0,4,5.0,0.17857142857142858,7.9742099437806315,2,6.0,0.5344211164298216,1,5.0,0.5929239095680685,1,4.0,0.6626355977506598,4,15.0
560.0,7,25.0,0.78125,7.174819310145947,3,11.0,0.409869230011314,1,8.0,0.6018040944766526,3,12.0,0.2708054090929594,7,31.0
565.0,6,42.0,1.3548387096774193,6.272353716273483,5,33.0,0.3647601093906154,1,13.0,0.40781070174448725,0,11.0,0.4379810264751253,6,57.0
570.0,2,4.0,0.125,7.179577720717285,1,25.0,0.41258528975152337,0,3.0,0.45848262615268337,1,1.0,0.5561323019819715,2,29.0
575.0,4,2.0,0.05555555555555555,8.352029464992906,1,5.0,0.46433005288818396,0,4.0,0.7011442083816457,3,4.0,0.5170298652223791,4,13.0
580.0,3,11.0,0.28205128205128205,8.951279262879753,0,2.0,0.5743788942500371,1,6.0,0.5753965324251606,2,11.0,0.564275077219323,3,19.0
585.0,4,14.0,0.35,7.869566791548205,1,2.0,0.48772618774448556,3,18.0,0.48598608727116277,0,9.0,0.6023822863336126,4,29.0
590.0,7,23.0,0.6052631578947368,6.180839196484074,4,15.0,0.28547776776428085,1,18.0,0.4580929270532219,2,8.0,0.46039085721937756,7,41.0
595.0,6,18.0,0.46153846153846156,6.973603143083528,2,24.0,0.4270901679518963,2,10.0,0.5221114400332472,2,11.0,0.5203476406076825,6,45.0
600.0,8,37.0,0.9024390243902439,7.931743596492439,1,13.0,0.45231640547340113,3,20.0,0.5721982586739229,4,21.0,0.5222005284587635,8,54.0
605.0,3,8.0,0.18181818181818182,7.545497628391988,0,0.0,0.5618150653345839,2,23.0,0.4720476449431357,1,19.0,0.4341439124146033,3,42.0
610.0,9,27.0,0.5869565217391305,8.745983867527967,1,4.0,0.45749587614855425,7,26.0,0.5302892252029404,1,8.0,0.5922283413110796,9,38.0
615.0,9,39.0,0.9069767441860465,7.235286383159693,4,19.0,0.2116207751244283,4,35.0,0.4298878859505462,1,10.0,0.6023262888339003,9,64.0
620.0,7,58.0,1.5263157894736843,7.306610280857948,5,45.0,0.4232301807582849,2,31.0,0.3708082339851576,0,2.0,0.7140080597146112,7,78.0
625.0,10,80.0,1.9047619047619047,6.077725888678497,5,70.0,0.3491102712453221,3,32.0,0.2932643094519951,2,6.0,0.47320918402552387,10,108.0
630.0,17,145.0,3.918918918918919,5.015771445775006,6,95.0,0.37669027572603175,10,55.0,0.05873859348787937,1,11.0,0.7202817319575313,17,161.0
635.0,12,84.0,2.1538461538461537,4.772441429638871,4,93.0,0.29186361861819066,7,79.0,0.07637453857521317,1,0.0,0.5367053345521745,12,172.0
640.0,5,18.0,0.46153846153846156,7.267221804723372,3,60.0,0.44991729323355145,1,57.0,0.3670040912546019,1,7.0,0.6824744702173041,5,124.0
645.0,7,39.0,0.975,9.186548183662287,4,29.0,0.5180656275028452,1,30.0,0.5778804110045446,2,14.0,0.661152413119653,7,73.0
650.0,7,52.0,1.3333333333333333,9.260003012866754,4,49.0,0.45814246876812004,2,13.0,0.5688182073921892,1,2.0,0.7789693957058544,7,64.0
655.0,2,3.0,0.07894736842105263,7.736004737066836,0,27.0,0.4397174263145232,0,4.0,0.584692124181511,2,5.0,0.5457996126674607,2,36.0
660.0,5,10.0,0.2564102564102564,6.710577363817879,0,0.0,0.6653207820923932,3,16.0,0.4954720963930676,2,4.0,0.30469583983612697,5,20.0
665.0,4,26.0,0.6341463414634146,7.727180318056635,1,1.0,0.392577437589354,3,33.0,0.5359552514829466,0,0.0,0.4862623419304648,4,34.0
670.0,6,13.0,0.2826086956521739,7.73925164499738,4,12.0,0.33938679176010855,1,15.0,0.6019953469108776,1,1.0,0.5290660411271684,6,28.0
675.0,11,50.0,1.1111111111111112,8.173651609317483,4,30.0,0.4970933069125884,0,2.0,0.8083711881789086,7,24.0,0.40848114451062506,11,56.0
680.0,11,69.0,1.6829268292682926,5.945641066943688,0,25.0,0.5020476537218869,2,5.0,0.2765758942039002,9,68.0,0.3185360462827632,11,98.0
685.0,13,62.0,1.5121951219512195,4.977591936894831,4,9.0,0.2820570703804735,4,21.0,0.43109046815403906,5,84.0,0.22267559332706086,13,114.0
690.0,2,7.0,0.16279069767441862,7.850157265974125,0,4.0,0.39835478943707286,1,19.0,0.6745734470399141,1,44.0,0.44940634469505863,2,67.0
695.0,1,5.0,0.1111111111111111,10.07674005475865,1,7.0,0.6135506618116366,0,6.0,0.8370963371786859,0,15.0,0.5349406106688046,1,28.0
700.0,5,16.0,0.3902439024390244,9.175300406454882,0,2.0,0.7757528861261741,2,12.0,0.5821043620563678,3,12.0,0.5361770729895206,5,26.0
705.0,9,34.0,0.8292682926829268,7.505362886554128,1,6.0,0.622179896724711,7,35.0,0.36838810194855076,1,10.0,0.4772297056660242,9,51.0
710.0,8,27.0,0.7297297297297297,6.200363968030109,2,8.0,0.3759415700875575,3,37.0,0.3880647310554252,3,14.0,0.20854604164099091,8,59.0
715.0,7,24.0,0.6666666666666666,5.758487299381003,5,25.0,0.3492689825258152,2,25.0,0.2553423683163194,0,10.0,0.464647328229885,7,60.0
720.0,9,48.0,1.263157894736842,6.686622723541123,7,52.0,0.3182426638734779,1,22.0,0.4299868456338113,1,2.0,0.6936331566712614,9,76.0
725.0,6,14.0,0.34146341463414637,6.965875345588777,1,43.0,0.4194404655300321,4,31.0,0.3261168886167587,1,4.0,0.7126335844841829,6,78.0
730.0,6,13.0,0.30952380952380953,6.701257169682381,1,6.0,0.6096022444639071,4,38.0,0.31382641047758697,1,5.0,0.5024201974394846,6,49.0
735.0,8,30.0,0.6666666666666666,7.344040225160559,1,9.0,0.6451694149631274,3,33.0,0.40887813425593555,4,22.0,0.4316134469303623,8,64.0
740.0,9,60.0,1.3043478260869565,7.904839242923606,0,2.0,0.8042189739887222,2,23.0,0.5616453932730838,7,50.0,0.36202801305270954,9,75.0
745.0,13,117.0,2.4375,6.748368007029366,2,7.0,0.6636274828244899,4,36.0,0.35251339047950353,7,85.0,0.34793266915637705,13,128.0
750.0,14,131.0,2.911111111111111,5.6462865676448954,0,4.0,0.6239849026554488,2,20.0,0.20463162093508025,12,133.0,0.291888367475066,14,157.0
755.0,12,73.0,1.553191489361702,6.653365170798636,1,0.0,0.6037877550637433,4,23.0,0.37963921618657875,7,132.0,0.2741719840908139,12,155.0
760.0,5,24.0,0.5333333333333333,8.307388534587123,0,0.0,0.7206527316852943,1,20.0,0.6426745218601445,4,79.0,0.315512892685242,5,99.0
765.0,5,14.0,0.30434782608695654,7.961476059149262,3,7.0,0.509498659231371,1,13.0,0.752838085499582,1,63.0,0.30804651747456485,5,83.0
770.0,14,51.0,1.108695652173913,6.358317887091719,5,22.0,0.47856995287035015,1,7.0,0.5370755756627924,8,91.0,0.23864794690923638,14,120.0
775.0,13,72.0,1.6363636363636365,4.7302299769738925,4,41.0,0.36181178574981576,4,19.0,0.15055855822166006,5,90.0,0.2513830947671997,13,150.0
780.0,17,120.0,2.4489795918367347,4.530718837679099,9,76.0,0.18307484353915068,7,52.0,0.23975042290293927,1,54.0,0.37039348390648935,17,182.0
785.0,14,138.0,2.6037735849056602,5.402753536257288,10,125.0,0.21325021588278886,2,52.0,0.5072749443976269,2,42.0,0.3748756633794625,14,219.0
790.0,17,80.0,1.4035087719298245,5.957160356973026,7,121.0,0.34687111220249583,1,17.0,0.5241949099672875,9,70.0,0.3243887580106279,17,208.0
795.0,8,19.0,0.3392857142857143,6.588109325141474,2,65.0,0.4705885035924052,2,24.0,0.3638666089708654,4,63.0,0.3687628248975336,8,152.0
800.0,10,33.0,0.5789473684210527,7.039805654679683,2,22.0,0.46487980912516186,4,39.0,0.44747475707284895,4,38.0,0.31732106123817044,10,99.0
805.0,9,64.0,1.1228070175438596,7.5845441792116315,1,18.0,0.39271969591364025,6,68.0,0.5117717945656521,2,30.0,0.3819937813882879,9,116.0
810.0,12,77.0,1.375,6.634663903412432,6,36.0,0.05695237722603327,3,69.0,0.4384924883273375,3,34.0,0.43120260352797823,12,139.0
815.0,7,23.0,0.4791666666666667,6.040798089242055,3,43.0,0.3536788595715909,1,46.0,0.37472433902058494,3,27.0,0.43111257337905634,7,116.0
820.0,7,28.0,0.5714285714285714,6.741532244891331,2,21.0,0.5130069740833143,2,25.0,0.405561270910096,3,19.0,0.3977389512257785,7,65.0
825.0,8,38.0,0.76,7.22728677414293,1,13.0,0.5914025133611397,2,28.0,0.6339671832316446,5,30.0,0.3162757425176743,8,71.0
830.0,10,69.0,1.3269230769230769,8.059782297434502,3,24.0,0.6219106279237765,2,37.0,0.6377741402010458,5,42.0,0.29823261062261136,10,103.0
835.0,11,86.0,1.6226415094339623,6.63446994908942,4,41.0,0.4809975600108905,2,47.0,0.6687317928567058,5,45.0,0.2717353527823726,11,133.0
840.0,11,40.0,0.7017543859649122,6.437368983235569,3,32.0,0.3733888546944302,1,28.0,0.42695461080195773,7,56.0,0.3563448508399128,11,116.0
845.0,12,86.0,1.4827586206896552,5.680066281968055,1,8.0,0.2897165802762136,2,14.0,0.3894329321935093,9,92.0,0.2910132016698027,12,114.0
850.0,6,37.0,0.6491228070175439,6.934363645212584,1,4.0,0.47454577407654525,0,6.0,0.5953864291468938,5,96.0,0.27665577956473786,6,106.0
855.0,5,10.0,0.17543859649122806,7.580152658295463,2,5.0,0.47734094516130926,2,11.0,0.6332556346985034,1,47.0,0.4632016285031438,5,63.0
860.0,13,50.0,0.8333333333333334,7.134798357008545,8,30.0,0.3288911889222713,2,19.0,0.6826062699835725,3,45.0,0.42830953192418336,13,94.0
865.0,15,56.0,0.9333333333333333,5.219834347962509,7,55.0,0.21819766184237613,0,12.0,0.3761443736156478,8,71.0,0.3021660327888126,15,138.0
870.0,18,92.0,1.6727272727272726,5.280692618957395,2,44.0,0.26456232630244314,5,18.0,0.35911039184908095,11,116.0,0.27003433427199675,18,178.0
875.0,11,58.0,1.0357142857142858,5.5548269081848,1,15.0,0.38248318284934196,2,26.0,0.42562087600808757,8,121.0,0.23747115627192814,11,162.0
880.0,10,42.0,0.7368421052631579,8.225573492213542,1,6.0,0.6216747005738225,3,17.0,0.6418166119057535,6,78.0,0.39301870342021417,10,101.0
885.0,4,20.0,0.3333333333333333,8.827344482545547,0,2.0,0.7726078730518402,2,12.0,0.6266091076604027,2,71.0,0.38419877186377704,4,85.0
890.0,8,38.0,0.6031746031746031,8.487568056186849,1,4.0,0.5516261060309732,4,27.0,0.5285008920985665,3,50.0,0.5361263116581113,8,81.0
895.0,11,38.0,0.6551724137931034,6.251536802044052,5,21.0,0.2964448729533223,5,36.0,0.3620689013385691,1,32.0,0.43438969802519695,11,89.0
900.0,20,85.0,1.5178571428571428,5.495662109634712,10,60.0,0.23837393732901388,3,36.0,0.3851889801539223,7,53.0,0.3438210401956727,20,149.0
905.0,10,48.0,0.8571428571428571,6.55869254075475,4,70.0,0.3959145918664625,1,24.0,0.41844491113880766,5,62.0,0.44620157213229844,10,156.0
910.0,3,7.0,0.125,8.71822785044645,0,35.0,0.5908530465293218,2,19.0,0.6912398756859313,1,39.0,0.5148431949080818,3,93.0
915.0,6,22.0,0.36666666666666664,7.620269931644469,2,40.0,0.5019127772334332,2,22.0,0.6692618025305538,2,46.0,0.4498632307980893,6,108.0
920.0,21,86.0,1.34375,5.555100240336065,9,66.0,0.11469940890524354,3,31.0,0.5586471358031271,9,71.0,0.3503308995491823,21,168.0
925.0,16,96.0,1.5737704918032787,4.4877543702709035,6,79.0,0.1852866550521228,3,44.0,0.2916011823442573,7,82.0,0.25621260742360547,16,205.0
930.0,9,80.0,1.2903225806451613,5.55491985549427,1,48.0,0.43240219480830405,3,63.0,0.5132322209853607,5,75.0,0.19847814039148184,9,186.0
935.0,7,11.0,0.16176470588235295,7.025617913697435,2,11.0,0.5859396586423538,0,28.0,0.7632582849622674,5,92.0,0.26027760056464994,7,131.0
940.0,9,26.0,0.3611111111111111,7.169494529447058,1,8.0,0.4314503445962512,0,4.0,0.7841704254817192,8,102.0,0.21736605839813272,9,114.0
945.0,15,54.0,0.8059701492537313,5.004822866525897,5,27.0,0.3150192820162679,2,9.0,0.30488902604234364,8,114.0,0.15666253921979068,15,150.0
950.0,17,57.0,0.9047619047619048,4.446638041572258,3,34.0,0.23030859500481243,7,36.0,0.33343573251563813,7,86.0,0.14889198533731998,17,156.0
955.0,9,38.0,0.6031746031746031,6.6858998221881505,1,10.0,0.4474895839607914,3,44.0,0.5329476342267153,5,77.0,0.29470525743083287,9,131.0
960.0,5,10.0,0.15384615384615385,7.379844114460533,2,9.0,0.5301941551234532,1,22.0,0.5957415335607134,2,72.0,0.3612189844142285,5,103.0
965.0,15,59.0,0.855072463768116,7.657121770180215,4,24.0,0.559258768348092,1,10.0,0.7043991260296054,10,82.0,0.3271499831621588,15,116.0
970.0,12,79.0,1.196969696969697,6.769408180974352,6,49.0,0.5002443679247284,1,13.0,0.542730903256476,5,92.0,0.3280854011317569,12,154.0
975.0,13,81.0,1.2461538461538462,4.582969472372137,8,85.0,0.31334775295441525,1,3.0,0.4084180567087254,4,65.0,0.2624078767340194,13,153.0
980.0,19,147.0,2.161764705882353,5.399814300517444,14,142.0,0.25838590705290354,4,16.0,0.4831213083889381,1,37.0,0.3279381391898439,19,195.0
985.0,27,257.0,3.472972972972973,4.820958062295957,18,217.0,0.16807245676435043,4,36.0,0.4680082109396606,5,50.0,0.23643805002564472,27,303.0
990.0,26,207.0,2.915492957746479,3.6587450618505017,14,238.0,0.18189277690616257,1,24.0,0.10480721933964973,11,91.0,0.21259467842872617,26,353.0
995.0,19,100.0,1.3888888888888888,4.149437188415233,7,200.0,0.3242403790701581,1,6.0,0.470794428872905,11,120.0,0.13623888493415118,19,326.0
1000.0,12,41.0,0.5256410256410257,6.105333289926765,3,114.0,0.36945170881000094,1,7.0,0.6254728975267289,8,113.0,0.2508785332089259,12,234.0
1005.0,14,67.0,0.8170731707317073,7.292969123105944,4,63.0,0.41634807400784074,3,20.0,0.6331895030368369,7,91.0,0.27517664348216075,14,174.0
1010.0,8,47.0,0.5802469135802469,7.250988694625412,3,42.0,0.4354832155418138,0,17.0,0.64398351051055,5,93.0,0.2843662050535563,8,152.0
1015.0,11,38.0,0.4810126582278481,6.602715730955169,2,38.0,0.4192975030622462,1,7.0,0.5641989510272664,8,123.0,0.24281599041432145,11,168.0
1020.0,11,52.0,0.6753246753246753,6.504042390638628,4,32.0,0.36835184306277474,2,13.0,0.5370371895420836,5,131.0,0.29341381033513464,11,176.0
1025.0,10,24.0,0.34782608695652173,5.816992829568928,5,35.0,0.3765592923052045,2,12.0,0.3266401495608646,3,86.0,0.3668798273183825,10,133.0
1030.0,20,67.0,0.9571428571428572,5.817198471159174,5,42.0,0.3400955250286935,8,33.0,0.45670596941882646,7,77.0,0.28931771356631386,20,152.0
1035.0,14,63.0,0.8289473684210527,5.890975356730397,4,53.0,0.23406967131477935,4,44.0,0.5028221809574953,6,72.0,0.35516609760686985,14,169.0
1040.0,10,29.0,0.3670886075949367,6.407956640307464,7,64.0,0.30891655183773686,0,18.0,0.5062811844097781,3,55.0,0.41344780108442536,10,137.0
1045.0,14,50.0,0.6329113924050633,6.756572531575429,7,80.0,0.3633385775212909,1,4.0,0.4554347567533517,6,55.0,0.44594026146601173,14,139.0
1050.0,12,40.0,0.5333333333333333,6.306230623183318,6,81.0,0.3475890664971922,1,5.0,0.4891798015384623,5,57.0,0.3907289025957442,12,143.0
1055.0,13,38.0,0.4935064935064935,6.302631247341934,4,79.0,0.3039610540279066,6,24.0,0.4242194116901258,3,40.0,0.37898387218977303,13,143.0
1060.0,16,55.0,0.7051282051282052,5.715934705436986,8,89.0,0.19685847674382115,4,35.0,0.3872034430038668,4,34.0,0.31368663149264836,16,158.0
1065.0,18,101.0,1.2784810126582278,5.476334006646639,14,151.0,0.2019981731678211,3,29.0,0.36173929241626973,1,25.0,0.3829477712274401,18,205.0
1070.0,25,207.0,2.6538461538461537,5.862093647794239,17,229.0,0.21871835934440892,2,29.0,0.38230349649889994,6,41.0,0.39799027554650307,25,299.0
1075.0,24,195.0,2.671232876712329,4.639883509244148,15,265.0,0.24806565622956359,4,36.0,0.33566302328475917,5,47.0,0.2957903584417898,24,348.0
1080.0,18,142.0,1.8205128205128205,5.074656631020981,9,232.0,0.23106878636471387,4,56.0,0.4669419993785135,5,46.0,0.2571951637803267,18,334.0
1085.0,11,56.0,0.691358024691358,5.723326114966547,6,183.0,0.26881400620333085,2,44.0,0.547016148596608,3,44.0,0.2490931164127883,11,271.0
1090.0,16,69.0,0.8214285714285714,6.446693205050559,4,137.0,0.35054278790676335,5,33.0,0.44109394975432803,7,73.0,0.15383168109547515,16,243.0
1095.0,20,133.0,1.6625,5.7517467477157975,3,101.0,0.39062283032286005,8,68.0,0.3901404424919079,9,111.0,0.11408274127277256,20,280.0
1100.0,21,167.0,2.287671232876712,5.277182648955464,3,80.0,0.3991952276363148,10,111.0,0.38727970258860084,8,121.0,0.170858507928915,21,312.0
1105.0,19,137.0,1.8026315789473684,5.431647723613101,5,60.0,0.42679327839737347,7,128.0,0.3660014811503974,7,104.0,0.19322472787609193,19,292.0
1110.0,10,32.0,0.4155844155844156,5.612498811363001,2,51.0,0.5621152970232285,1,74.0,0.3658431457780676,7,131.0,0.21597117177953506,10,256.0
1115.0,15,53.0,0.6883116883116883,5.665250358886106,5,49.0,0.4274271010629547,1,29.0,0.30383239564835274,9,169.0,0.2671531247972514,15,247.0
1120.0,15,51.0,0.6891891891891891,4.634412358062268,5,54.0,0.3462488180210523,1,29.0,0.290290486112386,9,192.0,0.26387921981529855,15,275.0
1125.0,16,56.0,0.7567567567567568,5.3831116638287355,3,47.0,0.3686637603604598,8,57.0,0.321072632879778,5,165.0,0.2970247662091055,16,269.0
1130.0,12,37.0,0.47435897435897434,5.586024088686308,2,33.0,0.3140854041071345,6,63.0,0.40888715046922697,4,152.0,0.24820422807858883,12,248.0
1135.0,15,46.0,0.5822784810126582,5.933277450925988,7,46.0,0.29735998025899407,2,42.0,0.4379698564097789,6,132.0,0.29709680126090793,15,220.0
1140.0,11,62.0,0.7654320987654321,5.669484042088179,9,83.0,0.3025049959558587,1,42.0,0.3765784338798717,1,136.0,0.3372704105834646,11,261.0
1145.0,17,73.0,0.9125,5.084424717708892,6,88.0,0.30009305208024145,8,66.0,0.271478265714084,3,144.0,0.3501252149146826,17,298.0
1150.0,27,116.0,1.4683544303797469,4.423669066175889,8,70.0,0.30581626927238625,15,127.0,0.1797651582848086,4,143.0,0.24834633068578676,27,340.0
1155.0,31,201.0,2.4814814814814814,4.5512030663264245,7,64.0,0.2426616901773473,20,221.0,0.22607022672464155,4,125.0,0.20428167656281312,31,410.0
1160.0,25,198.0,2.357142857142857,4.553225946016726,5,64.0,0.28015756919244583,18,271.0,0.209285257391344,2,128.0,0.19777456929674203,25,463.0
1165.0,20,125.0,1.4367816091954022,4.38157837859795,2,61.0,0.4014153079755201,12,264.0,0.1817610672704989,6,149.0,0.24385301685765148,20,474.0
1170.0,22,111.0,1.2906976744186047,5.1846476438575175,4,55.0,0.46723048526886285,11,218.0,0.24275017591633777,7,179.0,0.31604259122276557,22,452.0
1175.0,23,153.0,1.7191011235955056,5.307169283456878,4,62.0,0.46763612062992915,9,200.0,0.31512897385429806,10,225.0,0.3151815833994751,23,487.0
1180.0,20,113.0,1.2282608695652173,4.893934509871748,6,51.0,0.4043433812830596,2,170.0,0.37407135936798014,12,240.0,0.21282438086082422,20,461.0
1185.0,20,88.0,0.9361702127659575,4.967451382389352,4,57.0,0.38204239922823685,5,172.0,0.30583828975973143,11,228.0,0.18875131561997177,20,457.0
1190.0,23,113.0,1.202127659574468,5.159430093531435,7,81.0,0.2772254980389444,6,169.0,0.34824605846551265,10,192.0,0.1970050326010289,23,442.0
1195.0,24,120.0,1.3333333333333333,4.9219198015225905,9,99.0,0.21497011269015195,3,121.0,0.35608507267127026,12,201.0,0.23623324708122015,24,421.0
1200.0,20,112.0,1.2307692307692308,5.199306047087714,4,80.0,0.2924918293684617,5,122.0,0.347724447535184,11,215.0,0.30689695064721784,20,417.0
1205.0,22,156.0,1.6774193548387097,5.714813076024744,6,67.0,0.2970817481585994,10,149.0,0.31050664552466745,6,206.0,0.4127409106464106,22,422.0
1210.0,23,157.0,1.6702127659574468,5.04802711084298,6,78.0,0.20082749941488617,12,166.0,0.23355908122245025,5,197.0,0.4423667565085541,23,441.0
1215.0,26,201.0,2.1382978723404253,4.903148813408617,8,104.0,0.2806220727691677,9,147.0,0.20137540176146887,9,195.0,0.41909385467538246,26,446.0
1220.0,17,72.0,0.7578947368421053,5.096899343286441,5,109.0,0.3251588304220187,9,121.0,0.2050577148257947,3,150.0,0.47587159204563195,17,380.0
1225.0,12,64.0,0.6736842105263158,6.139895236102245,4,60.0,0.4154170367119266,5,109.0,0.3149403240414965,3,90.0,0.43815879410376884,12,259.0
1230.0,16,119.0,1.2795698924731183,6.243281615521787,3,45.0,0.40136113966248116,6,110.0,0.35149815085542074,7,104.0,0.3552844256490232,16,259.0
1235.0,25,193.0,1.9896907216494846,5.611736077886284,5,49.0,0.34205075444502653,6,117.0,0.4136732913375756,14,155.0,0.29441533393437724,25,321.0
1240.0,34,335.0,3.3838383838383836,5.421295072622367,8,70.0,0.3284738010866861,7,139.0,0.477143611625635,19,237.0,0.29272703752279694,34,446.0
1245.0,29,205.0,2.0918367346938775,4.38341432346104,11,95.0,0.21982677492635067,2,98.0,0.4479418987586368,16,276.0,0.26732468652271,29,469.0
1250.0,29,136.0,1.36,4.427402075998327,10,99.0,0.19810392291068124,6,38.0,0.41594725972357394,13,255.0,0.16707332414022524,29,392.0
1255.0,28,136.0,1.3076923076923077,5.673223729891367,8,92.0,0.2307386907639354,9,56.0,0.4549074653912895,11,198.0,0.2208422291093082,28,346.0
1260.0,16,41.0,0.3867924528301887,5.444755966877325,6,94.0,0.2104895417145211,5,69.0,0.45822469979766056,5,215.0,0.31173208750074854,16,378.0
1265.0,16,59.0,0.5728155339805825,5.106274399530368,7,104.0,0.26240523831682117,1,35.0,0.23545613131516904,8,231.0,0.27963928845521924,16,370.0
1270.0,18,73.0,0.73,4.8207799169108485,7,119.0,0.21839795068315734,2,23.0,0.39248976607728214,9,227.0,0.285479310445653,18,369.0
1275.0,18,55.0,0.5555555555555556,4.288482651896962,5,107.0,0.2121081834549672,3,27.0,0.3909488490521863,10,195.0,0.2074668445528886,18,329.0
1280.0,22,123.0,1.1941747572815533,5.426374200141557,4,76.0,0.225268716185364,8,49.0,0.46097530813709825,10,157.0,0.2388588293266081,22,282.0
1285.0,18,71.0,0.6635514018691588,4.71257368580878,3,75.0,0.26627654253321414,8,73.0,0.3046435857595361,7,173.0,0.26095271478040305,18,321.0
1290.0,20,79.0,0.7314814814814815,4.859395915300969,7,83.0,0.23894691944053603,4,63.0,0.23173168054283333,9,175.0,0.26862696109391115,20,321.0
1295.0,20,80.0,0.7619047619047619,5.044847485865801,7,94.0,0.3055743460903338,3,41.0,0.2717086599049064,10,188.0,0.26554108793956277,20,323.0
1300.0,18,79.0,0.8061224489795918,5.304899599618612,3,62.0,0.3698093219787002,3,44.0,0.5314187371126875,12,170.0,0.2049041687700372,18,276.0
1305.0,13,37.0,0.3523809523809524,4.978468588843626,4,37.0,0.29688901149699654,2,23.0,0.49517978862402556,7,165.0,0.192491853469118,13,225.0
1310.0,20,76.0,0.6909090909090909,5.571233385105908,4,42.0,0.342987901931525,8,39.0,0.4070609688924682,8,154.0,0.19273094452687928,20,235.0
1315.0,27,144.0,1.3211009174311927,5.009599261365874,4,47.0,0.388033466273531,12,89.0,0.27616889447718734,11,158.0,0.1774594223303695,27,294.0
1320.0,29,248.0,2.339622641509434,4.741701843555115,5,64.0,0.4548743089084584,16,162.0,0.2986521005076344,8,154.0,0.1389281784426061,29,380.0
1325.0,34,302.0,2.7454545454545456,4.812384274252362,7,92.0,0.3819631446198435,13,202.0,0.33848085187293403,14,160.0,0.15945812414886204,34,454.0
1330.0,23,119.0,1.0530973451327434,4.7580771138839735,3,65.0,0.41835654453589766,10,178.0,0.2642965838452629,10,180.0,0.2413688635103687,23,423.0
1335.0,24,77.0,0.7064220183486238,4.881092645920245,5,26.0,0.44542332688122716,11,133.0,0.20422126236986268,8,153.0,0.2424593599278176,24,312.0
1340.0,24,106.0,0.9814814814814815,4.569212813576262,5,36.0,0.4067487571632178,10,131.0,0.2637607617026426,9,164.0,0.21343350056180668,24,331.0
1345.0,21,80.0,0.7207207207207207,4.253923918156833,5,50.0,0.4007321633441204,5,140.0,0.3418481237537054,11,181.0,0.16558662102606056,21,371.0
1350.0,18,58.0,0.5087719298245614,4.686078065496823,4,46.0,0.37959553856094275,7,122.0,0.35739900501560923,7,176.0,0.14729592882627637,18,344.0
1355.0,21,71.0,0.5916666666666667,4.618438639453826,6,46.0,0.28422793359607723,8,129.0,0.26064749014233884,7,133.0,0.16059834249165592,21,308.0
1360.0,27,111.0,0.9910714285714286,4.221487735304511,12,90.0,0.28650984943529384,5,104.0,0.21637051291092424,10,151.0,0.18670810247662348,27,345.0
1365.0,30,209.0,1.882882882882883,3.8050270785052045,16,160.0,0.24795788393717472,3,87.0,0.36528418686018577,11,165.0,0.1622126656686309,30,412.0
1370.0,35,267.0,2.3217391304347825,3.469677018505172,22,250.0,0.2527985332786658,4,90.0,0.3317833169116601,9,171.0,0.14706037576450745,35,511.0
1375.0,44,428.0,3.5081967213114753,3.2981309922725552,24,357.0,0.13684536352931567,9,102.0,0.2471093474411677,11,175.0,0.140728999601431,44,634.0
1380.0,53,554.0,4.467741935483871,2.7546950423330587,29,484.0,0.12412614111649639,10,126.0,0.1460706390540308,14,200.0,0.11277146833020002,53,810.0
1385.0,46,493.0,4.040983606557377,3.137297964870452,26,552.0,0.19789047965260556,6,112.0,0.2794664180144892,14,208.0,0.14161869290560483,46,872.0
1390.0,42,397.0,3.2016129032258065,3.9963120382677295,21,532.0,0.16530396671035377,6,83.0,0.518416878329487,15,222.0,0.1534249807283074,42,837.0
1395.0,39,346.0,2.703125,4.066937032292529,17,573.0,0.15384830039471548,8,99.0,0.4361144164719634,14,254.0,0.1827492757110807,39,926.0
1400.0,39,365.0,2.786259541984733,4.6894399903854085,17,643.0,0.1710799537606408,9,110.0,0.376467364632436,13,287.0,0.22897565710337847,39,1040.0
1405.0,44,450.0,3.488372093023256,4.452432446562746,19,731.0,0.11854997917892292,11,136.0,0.22293698194625652,14,338.0,0.3144035916223727,44,1205.0
1410.0,39,393.0,3.330508474576271,4.3030128925332525,20,830.0,0.15618458367409685,9,139.0,0.2341886762589945,10,323.0,0.3475140682727963,39,1292.0
1415.0,44,377.0,3.2222222222222223,3.545882220268837,25,944.0,0.13662426788750542,9,151.0,0.13729147868971944,10,241.0,0.2996640659810069,44,1336.0
1420.0,46,360.0,3.076923076923077,3.0425614776673164,27,968.0,0.08157404520292616,11,158.0,0.10286403981254376,8,235.0,0.2039801296632051,46,1361.0
1425.0,47,337.0,3.036036036036036,3.0578714976418615,22,884.0,0.10138248600571878,13,197.0,0.2111379064815149,12,249.0,0.1522056797694658,47,1330.0
1430.0,36,261.0,2.309734513274336,3.865081344485345,15,917.0,0.1124372738621802,12,212.0,0.19751873282729762,9,260.0,0.24449090225684286,36,1389.0
1435.0,37,189.0,1.6434782608695653,4.204082055224835,21,989.0,0.1590050276787479,8,173.0,0.18470741646525238,8,241.0,0.2785683410385676,37,1403.0
1440.0,34,166.0,1.4690265486725664,4.6696273363527006,14,968.0,0.19447713009843268,8,127.0,0.21485658450016176,12,137.0,0.2819493120772988,34,1232.0
1445.0,22,92.0,0.8598130841121495,4.119817449800774,7,823.0,0.1890409593524044,4,141.0,0.346435700535841,11,162.0,0.2268480822309019,22,1126.0
1450.0,22,62.0,0.5486725663716814,4.042441790607132,7,796.0,0.18410761439626733,5,167.0,0.3550277613842961,10,157.0,0.1413359534836021,22,1120.0
1455.0,24,113.0,0.9658119658119658,4.609223775732973,11,834.0,0.1884327461364947,4,161.0,0.3310726376389715,9,165.0,0.23338550329774332,24,1160.0
1460.0,34,227.0,1.9739130434782608,4.391130968206092,15,902.0,0.1373982071693008,6,134.0,0.22863542433254477,13,205.0,0.3041239593704816,34,1241.0
1465.0,35,303.0,2.705357142857143,3.8129666151391417,14,865.0,0.14688595844161575,7,131.0,0.2143101295821059,14,263.0,0.27631449726926327,35,1259.0
1470.0,31,321.0,2.7435897435897436,4.045267482481953,12,717.0,0.16395240186009682,3,122.0,0.26720755987729683,16,330.0,0.27925373418468924,31,1169.0
1475.0,27,221.0,1.8571428571428572,4.718298617022262,12,521.0,0.2098485282040114,3,117.0,0.3128068503256518,12,308.0,0.2517139569551769,27,946.0
1480.0,24,142.0,1.1932773109243697,4.931773962401038,10,398.0,0.24582488701165334,3,115.0,0.33083127345724084,11,227.0,0.18121266806888472,24,740.0
1485.0,25,104.0,0.9203539823008849,4.842070068517763,8,335.0,0.3256728343901224,7,102.0,0.3064766286829555,10,249.0,0.18826637274578545,25,686.0
1490.0,26,142.0,1.2678571428571428,5.097037773576493,9,261.0,0.3831605088349082,6,115.0,0.3228386430926586,11,273.0,0.21197698671902138,26,649.0
1495.0,24,182.0,1.5166666666666666,5.084641794739825,8,230.0,0.4132402041679864,8,119.0,0.2767781501470082,8,269.0,0.18582188250919685,24,618.0
1500.0,37,300.0,2.4193548387096775,5.181245251969042,12,197.0,0.3399029304803503,15,165.0,0.23856924581101077,10,230.0,0.19516194776856818,37,592.0
1505.0,37,263.0,2.2672413793103448,4.205671426854965,9,186.0,0.2600792504756467,15,198.0,0.14208641793172272,13,205.0,0.1729795944406354,37,589.0
1510.0,38,177.0,1.5803571428571428,3.5687017971305397,9,150.0,0.2796364760259538,16,200.0,0.10222907880469917,13,236.0,0.20742145717739785,38,586.0
1515.0,33,148.0,1.3097345132743363,4.460720178453723,6,133.0,0.3274374654048391,17,203.0,0.21644843959323007,10,215.0,0.26751223982919137,33,551.0
1520.0,34,200.0,1.694915254237288,4.986615328196337,9,143.0,0.3785383245619865,14,232.0,0.28708261316941863,11,193.0,0.3077879974728163,34,568.0
1525.0,32,165.0,1.2992125984251968,4.381083758742366,8,121.0,0.3304021652200012,11,242.0,0.2306843798494795,13,247.0,0.26851544547378087,32,610.0
1530.0,29,144.0,1.125,4.449618751878411,8,99.0,0.2673296296374464,9,247.0,0.23856413691756823,12,261.0,0.2012409607849462,29,607.0
1535.0,37,185.0,1.4682539682539681,4.274660668172791,13,102.0,0.23509499826362198,11,265.0,0.16899716575392953,13,263.0,0.24247473115554252,37,630.0
1540.0,41,239.0,1.959016393442623,3.5616121683257367,20,179.0,0.21283801116274165,11,263.0,0.16237194023016555,10,287.0,0.21204126783689486,41,729.0
1545.0,41,332.0,2.6991869918699187,3.3452266248574327,20,275.0,0.2039070385005542,9,278.0,0.17234467748587526,12,290.0,0.21066117463368977,41,843.0
1550.0,50,441.0,3.4186046511627906,3.063191338571772,24,379.0,0.11227124569684116,12,266.0,0.16864146195967752,14,302.0,0.1652900759085686,50,947.0
1555.0,51,555.0,4.141791044776119,2.9250735216538026,27,503.0,0.14053851292222613,12,281.0,0.12777105352823634,12,296.0,0.14222671079612728,51,1080.0
1560.0,59,741.0,5.571428571428571,3.1169724254515736,29,639.0,0.16932026497747157,15,269.0,0.10597521034555635,15,296.0,0.21038684944434766,59,1204.0
1565.0,59,944.0,6.9411764705882355,3.276166035400208,32,789.0,0.13200853629261033,12,283.0,0.14361567854698135,15,334.0,0.22692381611247728,59,1406.0
1570.0,57,929.0,6.588652482269503,3.5570017699487866,31,856.0,0.12278845857380868,7,269.0,0.1955484197317542,19,402.0,0.20958920416493934,57,1527.0
1575.0,57,645.0,4.542253521126761,2.9734294440779734,27,818.0,0.1406235719070324,11,271.0,0.18495101426806224,19,426.0,0.1379204319232843,57,1515.0
1580.0,57,463.0,3.2836879432624113,3.352582940037162,25,704.0,0.16398137523465378,13,226.0,0.21364306034286507,19,396.0,0.15857962904891812,57,1326.0
1585.0,53,445.0,3.0689655172413794,4.342638537160051,20,594.0,0.19509999132530595,15,250.0,0.26448535440400944,18,320.0,0.23500373822713425,53,1164.0
1590.0,55,542.0,3.7379310344827585,4.305200613878936,18,556.0,0.23653032746841252,17,278.0,0.254662163485015,20,341.0,0.23395911096759694,55,1175.0
1595.0,40,400.0,2.8368794326241136,4.4338233003035725,8,553.0,0.293189498124413,14,285.0,0.22899780037155062,18,357.0,0.24440270529158747,40,1195.0
1600.0,29,183.0,1.2797202797202798,4.943893972452671,7,521.0,0.29432406461575444,10,251.0,0.2432554265785252,12,387.0,0.2174128143681642,29,1159.0
1605.0,35,146.0,1.0503597122302157,4.552723794582048,15,531.0,0.21336436100085246,8,276.0,0.21617332861265753,12,364.0,0.23286753982316008,35,1171.0
1610.0,34,155.0,1.183206106870229,3.5658253864117744,15,534.0,0.18043320196800114,10,292.0,0.12671239053735886,9,365.0,0.27358371858465014,34,1191.0
1615.0,46,221.0,1.6742424242424243,3.7583930699610884,15,472.0,0.18308492146550506,18,349.0,0.20928097005334667,13,351.0,0.2739166324646477,46,1172.0
1620.0,40,190.0,1.3970588235294117,3.722500263265867,13,477.0,0.18076094848152074,18,366.0,0.21700331449190163,9,328.0,0.22787346632519986,40,1171.0
1625.0,38,149.0,1.0642857142857143,4.189261879963911,13,503.0,0.1785088760334045,14,321.0,0.19323345879070045,11,301.0,0.20575667972595793,38,1125.0
1630.0,29,122.0,0.9037037037037037,3.9129599970920714,12,549.0,0.1669715097127017,10,338.0,0.15265243301334877,7,287.0,0.16907723437310648,29,1174.0
1635.0,38,149.0,1.192,2.9366854419334563,16,548.0,0.1408449792917799,11,365.0,0.19696291756441128,11,256.0,0.20204364348937004,38,1169.0
1640.0,40,181.0,1.3507462686567164,3.6150081195141937,13,486.0,0.16454781802873472,10,347.0,0.21066221173768812,17,248.0,0.21103487815272987,40,1081.0
1645.0,40,162.0,1.148936170212766,3.7197382851090945,12,514.0,0.1534716239062552,13,260.0,0.1840126618403732,15,280.0,0.2068302636172396,40,1054.0
1650.0,33,132.0,0.9295774647887324,3.812513041899728,14,548.0,0.1339943333850068,8,266.0,0.14994749878594263,11,270.0,0.18388457019435941,33,1084.0
1655.0,35,146.0,1.0977443609022557,3.3318031355045306,18,621.0,0.1704434031257158,9,265.0,0.14209329217640493,8,275.0,0.18724322347964775,35,1161.0
1660.0,42,205.0,1.5769230769230769,3.4322525784708895,17,627.0,0.16779897275342237,15,274.0,0.2008560866397982,10,256.0,0.2557528746062265,42,1157.0
1665.0,40,183.0,1.326086956521739,3.068344134969803,14,545.0,0.13932917734593298,13,274.0,0.2256248302380305,13,240.0,0.17962526591686176,40,1059.0
1670.0,41,176.0,1.24822695035461,4.122041532200712,16,457.0,0.1801056861649488,13,215.0,0.24942346640765933,12,201.0,0.14829130440237767,41,873.0
1675.0,32,187.0,1.355072463768116,4.643133092150819,14,341.0,0.19445965459912434,6,230.0,0.26607791886485416,12,199.0,0.17011024998235702,32,770.0
1680.0,35,215.0,1.628787878787879,4.566827461925406,7,359.0,0.26557059733928473,11,231.0,0.2016388861354975,17,237.0,0.2539944989349368,35,827.0
1685.0,37,247.0,1.9,3.948252773703046,8,349.0,0.24986796574152872,14,284.0,0.17177704849481343,15,252.0,0.18216719781388296,37,885.0
1690.0,44,208.0,1.6507936507936507,3.272514614892875,13,332.0,0.18429067348566744,15,296.0,0.17559788421550232,16,220.0,0.17425312953649216,44,848.0
1695.0,39,181.0,1.3923076923076922,3.7485713226937336,14,308.0,0.1702142632311736,13,267.0,0.27889584871602935,12,247.0,0.17989115860963212,39,822.0
1700.0,31,167.0,1.2651515151515151,4.417161725562266,10,306.0,0.1684679495679118,9,226.0,0.32213318558246085,12,264.0,0.19096590495442717,31,796.0
1705.0,34,133.0,1.0390625,3.854440053930259,9,316.0,0.18484198840687652,10,226.0,0.226544163987977,15,287.0,0.15018863676583494,34,829.0
1710.0,31,123.0,1.0165289256198347,3.8904452470450135,9,300.0,0.22295515755139986,9,216.0,0.2527459379427508,13,262.0,0.18331771335316296,31,778.0
1715.0,25,118.0,0.9672131147540983,4.253315927197679,11,263.0,0.20432061128569776,9,215.0,0.3944910950868592,5,266.0,0.24452522055452977,25,744.0
1720.0,26,117.0,0.8931297709923665,4.468994959013362,10,206.0,0.1897714928716409,9,196.0,0.3216905150679199,7,262.0,0.2081611319047285,26,664.0
1725.0,30,173.0,1.291044776119403,4.3400037273072165,10,200.0,0.2561628104194446,9,141.0,0.3011757792383201,11,269.0,0.1375142101521466,30,610.0
1730.0,29,124.0,0.9465648854961832,4.095108266254629,7,181.0,0.24536179857605453,9,168.0,0.2998330912141426,13,260.0,0.14722034464298828,29,609.0
1735.0,29,145.0,1.0984848484848484,4.573792324997121,7,137.0,0.26675854081689465,8,147.0,0.3006469915340232,14,250.0,0.22021186760310693,29,534.0
1740.0,32,179.0,1.3065693430656935,4.292179422244204,9,152.0,0.27499280398128445,13,179.0,0.2716610548859371,10,269.0,0.21915674720547654,32,600.0
1745.0,39,244.0,1.7941176470588236,4.116985121302072,12,158.0,0.24604712783798674,18,247.0,0.2768290795769055,9,257.0,0.22702155432225407,39,662.0
1750.0,42,270.0,1.9424460431654675,3.5183627293167388,11,170.0,0.17860140788548143,17,278.0,0.18648791306026133,14,249.0,0.2116319246365075,42,697.0
1755.0,43,294.0,2.055944055944056,3.867765528633256,11,163.0,0.14671671885882004,14,252.0,0.15547426401229528,18,314.0,0.20839187646686538,43,729.0
1760.0,46,289.0,2.0642857142857145,3.157760616083304,14,189.0,0.13114150992784804,10,244.0,0.1642584616855754,22,359.0,0.13054930355418112,46,792.0
1765.0,48,240.0,1.7647058823529411,2.988515599780171,17,205.0,0.12813922231193828,10,275.0,0.27351173036885396,21,362.0,0.11041276974202593,48,842.0
1770.0,46,216.0,1.5104895104895104,3.5982654713503313,18,253.0,0.14192922828159807,9,250.0,0.3283290830218858,19,334.0,0.20916197789558405,46,837.0
1775.0,37,171.0,1.14,3.502168294322115,15,275.0,0.1413907360844883,9,241.0,0.29537868970117875,13,373.0,0.19683849355907382,37,889.0
1780.0,38,187.0,1.2222222222222223,3.8201000895705532,16,306.0,0.12808011541593592,11,200.0,0.17499800635839585,11,381.0,0.19573252985513367,38,887.0
1785.0,31,161.0,1.1258741258741258,3.3763224572811574,16,330.0,0.13414481125758912,6,195.0,0.17848666954115483,9,376.0,0.1449643141983595,31,901.0
1790.0,38,157.0,1.171641791044776,3.3965403565625465,18,310.0,0.12452234011458589,8,187.0,0.3211897023508246,12,337.0,0.21176922870290407,38,834.0
1795.0,37,161.0,1.1338028169014085,3.5921934386748653,20,315.0,0.1473471192887385,10,183.0,0.31971242714499293,7,325.0,0.1943704426086456,37,823.0
1800.0,31,141.0,0.94,3.619158812813353,15,371.0,0.1527884078630309,8,140.0,0.22588548978736483,8,325.0,0.17460801371549128,31,836.0
1805.0,33,100.0,0.6711409395973155,3.564514912114301,16,378.0,0.14778436850918875,7,130.0,0.19486613379290127,10,306.0,0.1474291340500658,33,814.0
1810.0,35,111.0,0.8161764705882353,3.168636730576517,13,404.0,0.19456373262920593,10,128.0,0.2065455172591068,12,267.0,0.18742784470331994,35,799.0
1815.0,37,155.0,1.1071428571428572,3.163574039787664,12,381.0,0.1669375348948667,14,175.0,0.2815474837739041,11,282.0,0.14572393370464906,37,838.0
1820.0,43,252.0,1.7142857142857142,3.2433092943895354,14,410.0,0.13706405616370287,20,255.0,0.21529389721554257,9,297.0,0.1932065167885628,43,962.0
1825.0,47,320.0,2.119205298013245,3.1535053039852836,13,391.0,0.12764107796347768,20,310.0,0.12989546923072073,14,329.0,0.15480591661307683,47,1030.0
1830.0,50,402.0,2.7916666666666665,3.3977953297707777,15,419.0,0.13135823003096816,14,297.0,0.11193388498307373,21,415.0,0.1266776278765572,50,1131.0
1835.0,54,488.0,3.4857142857142858,3.447304084422709,18,442.0,0.10599282660591926,9,259.0,0.2071751166759596,27,534.0,0.1127699144056793,54,1235.0
1840.0,55,442.0,3.3233082706766917,2.8733750830275646,21,419.0,0.10405593077170104,5,250.0,0.2920053997812771,29,591.0,0.07987935002747565,55,1260.0
1845.0,52,345.0,2.6538461538461537,2.7426796015641406,17,492.0,0.14519852497420854,8,228.0,0.30684893626578935,27,546.0,0.10382806896105877,52,1266.0
1850.0,51,360.0,2.5899280575539567,3.688630890235448,13,529.0,0.17475890595453986,14,244.0,0.33970000140641343,24,526.0,0.12151522797086639,51,1299.0
1855.0,49,291.0,2.093525179856115,3.269411367061539,16,528.0,0.1119865144617257,14,257.0,0.23618284361604372,19,527.0,0.2164055405013727,49,1312.0
1860.0,39,190.0,1.3768115942028984,4.028735713235252,15,456.0,0.12825968901421494,12,222.0,0.2694622028475307,12,527.0,0.2467386876012603,39,1205.0
1865.0,27,173.0,1.291044776119403,5.0839811977050395,13,402.0,0.14489775169360805,8,162.0,0.35182870976619124,6,513.0,0.3122343223204737,27,1077.0
1870.0,30,192.0,1.465648854961832,4.642224272029474,14,366.0,0.20744717367079396,8,176.0,0.30809008826366746,8,465.0,0.2301571819422473,30,1007.0
1875.0,29,155.0,1.2109375,4.086246752924573,8,373.0,0.25965559737199795,10,176.0,0.2781184244649441,11,400.0,0.22376999892894328,29,949.0
1880.0,29,152.0,1.125925925925926,4.5300989023108995,6,323.0,0.2883578622317645,10,169.0,0.2501558106581292,13,334.0,0.22300266119322243,29,826.0
1885.0,31,114.0,0.8142857142857143,4.136441171649863,10,301.0,0.23766903972846318,11,142.0,0.2176333199190452,10,344.0,0.2103617220534655,31,787.0
1890.0,31,97.0,0.7238805970149254,3.8474910885148454,11,262.0,0.20776010873810383,7,160.0,0.23289983122450783,13,330.0,0.17605761434880163,31,752.0
1895.0,36,189.0,1.3695652173913044,4.43338623315865,14,241.0,0.2209290977505699,9,161.0,0.2208947095926934,13,348.0,0.24997638991915377,36,750.0
1900.0,40,249.0,1.7659574468085106,3.9920175799608715,10,239.0,0.21346904495739272,11,169.0,0.15547853835390316,19,411.0,0.26200861243337353,40,819.0
1905.0,37,207.0,1.4892086330935252,3.6717738844212895,9,188.0,0.1950710480014961,12,151.0,0.11831676783788311,16,415.0,0.159003236283661,37,754.0
1910.0,46,266.0,2.015151515151515,3.8954922192836197,15,196.0,0.18896648707924762,13,160.0,0.2074926734612728,18,373.0,0.13488149412231223,46,729.0
1915.0,43,256.0,1.9692307692307693,3.9278939804468824,17,227.0,0.15836163786880617,11,189.0,0.277828628602602,15,307.0,0.1826446032565288,43,723.0
1920.0,37,177.0,1.3409090909090908,3.965854339827627,15,227.0,0.20887293844770694,11,191.0,0.2707176208867787,11,340.0,0.25185833649369466,37,758.0
1925.0,41,182.0,1.2907801418439717,4.048732036114517,11,238.0,0.21295389190733682,15,190.0,0.21751653534729987,15,348.0,0.26667640933789694,41,776.0
1930.0,42,266.0,1.8601398601398602,3.8552037380641595,10,248.0,0.18877249381202615,20,254.0,0.16027358529225957,12,356.0,0.23828425877345613,42,858.0
1935.0,43,267.0,1.8936170212765957,2.9411758448524727,12,257.0,0.13589069468520906,20,310.0,0.19033718006487801,11,279.0,0.1658172554592006,43,846.0
1940.0,38,191.0,1.3263888888888888,3.4583827327378653,9,231.0,0.189404672069489,16,315.0,0.2612160334673847,13,309.0,0.1555588329970971,38,855.0
1945.0,26,120.0,0.8333333333333334,4.339512204867902,4,190.0,0.1903227161427317,10,263.0,0.3171240898479374,12,319.0,0.14776444344240114,26,772.0
1950.0,28,191.0,1.3450704225352113,4.416684127004776,6,181.0,0.2205868152156818,13,260.0,0.24205807118115774,9,307.0,0.141708263645129,28,748.0
1955.0,38,213.0,1.6015037593984962,3.725950946799196,13,221.0,0.17404106447849416,13,271.0,0.17977152597666085,12,267.0,0.14117389223986637,38,759.0
1960.0,43,292.0,2.3174603174603177,3.6503793621751495,18,304.0,0.13502668115141134,10,249.0,0.2668611713946461,15,270.0,0.19392665424766378,43,823.0
1965.0,47,404.0,3.0606060606060606,4.100686296595384,18,341.0,0.17111445103785178,12,225.0,0.33529887244489415,17,303.0,0.2408822023350475,47,869.0
1970.0,46,426.0,3.1094890510948905,4.179848255748067,16,317.0,0.17659933625660423,11,231.0,0.3050597257922555,19,364.0,0.2614387662430948,46,912.0
1975.0,42,342.0,2.442857142857143,4.465852493670343,15,265.0,0.15194704095505834,12,194.0,0.26122618513530843,15,380.0,0.2637899022280064,42,839.0
1980.0,34,200.0,1.4705882352941178,4.666144729251618,13,264.0,0.2451547097976663,11,201.0,0.21430366149012625,10,325.0,0.27523366914604414,34,790.0
1985.0,31,141.0,1.0763358778625953,4.4289351153994305,8,282.0,0.30566919053762787,13,189.0,0.13650290374323024,10,265.0,0.27956617782685717,31,736.0
1990.0,39,203.0,1.6111111111111112,4.177767966151712,7,287.0,0.269704115681555,14,205.0,0.10334178582354991,18,227.0,0.2581882800725287,39,719.0
1995.0,37,231.0,1.848,4.107404821138077,12,336.0,0.20209165949096317,11,202.0,0.12925640837177682,14,242.0,0.22184491515062435,37,780.0
2000.0,50,333.0,2.8956521739130436,3.666889993294799,19,416.0,0.15352347987907392,17,218.0,0.17219154435432224,14,234.0,0.20147031349020286,50,868.0
2005.0,51,404.0,3.4827586206896552,3.0563952261853133,26,527.0,0.08411646907390365,16,250.0,0.2004186075026569,9,241.0,0.18086720292602113,51,1018.0
2010.0,46,360.0,3.0508474576271185,3.22501105950772,21,572.0,0.16067625309553846,13,246.0,0.13890925817045432,12,249.0,0.1895405588289003,46,1067.0
2015.0,49,334.0,2.783333333333333,3.417332539503797,16,521.0,0.22191792994236695,14,244.0,0.21130432636727575,19,318.0,0.17341551811278347,49,1083.0
2020.0,47,362.0,2.9193548387096775,3.015326618329556,13,589.0,0.1358608708776545,15,275.0,0.18980585811934444,19,406.0,0.11820987524922723,47,1270.0
2025.0,53,461.0,3.62992125984252,3.197338182626457,17,665.0,0.12036117218703649,13,263.0,0.15450104024663328,23,513.0,0.09942221229710399,53,1441.0
2030.0,56,586.0,4.92436974789916,2.8390924437102636,15,667.0,0.08948004432305612,13,278.0,0.14765434190151114,28,642.0,0.08468844918494736,56,1587.0
2035.0,46,500.0,4.424778761061947,2.9689704013433276,8,577.0,0.1630071787886396,12,295.0,0.23136699062215657,26,693.0,0.03175416966809536,46,1565.0
2040.0,35,310.0,2.8181818181818183,4.130067708656006,6,423.0,0.2927699254393612,8,246.0,0.313031537812043,21,618.0,0.12984778041582773,35,1287.0
2045.0,26,205.0,1.7826086956521738,4.651156359634146,5,435.0,0.2978192241341701,6,216.0,0.3825523009216039,15,688.0,0.15608388231687137,26,1339.0
2050.0,32,220.0,1.8803418803418803,4.049098872105329,10,458.0,0.1961752365863892,7,190.0,0.2131145952436147,15,762.0,0.13062220901473684,32,1410.0
2055.0,33,213.0,1.9541284403669725,3.3715636532527173,10,438.0,0.14098980898412364,11,193.0,0.17223614318113753,12,756.0,0.09113739227934922,33,1387.0
2060.0,31,215.0,2.128712871287129,3.930375657327554,8,369.0,0.20584969558607305,17,270.0,0.27260639922078805,6,646.0,0.2046261310176062,31,1285.0
2065.0,29,264.0,2.4,5.006873707769702,7,272.0,0.27081703769586346,20,362.0,0.29663402865676164,2,572.0,0.2866349382494495,29,1206.0
2070.0,33,390.0,3.4513274336283186,4.699313259456821,4,220.0,0.347730089966658,21,456.0,0.2134730431638374,8,593.0,0.24837389335895887,33,1269.0
2075.0,33,359.0,3.121739130434783,3.954695425236829,5,162.0,0.27902806182101875,22,478.0,0.13876548263058544,6,545.0,0.191464487951053,33,1185.0
2080.0,32,259.0,2.3125,4.268796225154973,9,165.0,0.32798878782159036,19,415.0,0.22901900756526347,4,424.0,0.2794659220087544,32,1004.0
2085.0,24,147.0,1.2564102564102564,4.533646280549826,5,145.0,0.4130649142075761,15,324.0,0.1743353224713983,4,433.0,0.3045783559363723,24,902.0
2090.0,30,174.0,1.45,5.2848799888063915,5,102.0,0.46189599216453864,16,271.0,0.21901077957618056,9,461.0,0.2598268365307246,30,834.0
2095.0,36,285.0,2.317073170731707,4.8243172565879835,5,83.0,0.3819906386051372,16,290.0,0.29644844805807924,15,526.0,0.1778828856749958,36,899.0
2100.0,41,316.0,2.6115702479338845,3.4054666402869906,6,70.0,0.2908006606156139,11,284.0,0.271657199088758,24,625.0,0.10610033428726932,41,979.0
2105.0,40,288.0,2.3225806451612905,3.5560634432041955,8,84.0,0.28675194298627926,9,256.0,0.23912186382843845,23,655.0,0.09395987205764322,40,995.0
2110.0,37,199.0,1.592,3.2218021982247538,10,92.0,0.21202203366517824,7,259.0,0.23643289639111384,20,600.0,0.11032530356014147,37,951.0
2115.0,35,198.0,1.5714285714285714,3.676241170365036,8,92.0,0.2588114134850569,11,241.0,0.20844501001384608,16,610.0,0.17644204867875893,35,943.0
2120.0,41,179.0,1.4206349206349207,3.1250554233923427,13,118.0,0.18445407358130617,11,248.0,0.20120954047448095,17,687.0,0.13030023485834258,41,1053.0
2125.0,38,177.0,1.3828125,3.1762250204745324,13,137.0,0.19478545163059985,10,219.0,0.20248577760279096,15,769.0,0.14456852972755546,38,1125.0
2130.0,33,126.0,0.9692307692307692,2.9113131570538133,13,167.0,0.18608616427397526,7,223.0,0.15131882483982287,13,758.0,0.14214783792409053,33,1148.0
2135.0,31,108.0,0.8244274809160306,3.4635779805736586,11,175.0,0.20911203938319362,12,219.0,0.1612545335429514,8,654.0,0.17655776453280472,31,1048.0
2140.0,36,157.0,1.1984732824427482,3.2485706661729545,13,198.0,0.1782168179889158,14,229.0,0.15486445365397672,9,692.0,0.13780087100398966,36,1119.0
2145.0,35,173.0,1.3106060606060606,3.541239119256721,14,228.0,0.11960314974219798,9,199.0,0.2310177102092093,12,739.0,0.12978593067816868,35,1166.0
2150.0,39,193.0,1.5691056910569106,3.5771496911467517,13,220.0,0.14802907445960883,11,190.0,0.26137291886122294,15,729.0,0.09662200064783612,39,1139.0
2155.0,37,237.0,2.0084745762711864,3.0011727945582716,9,251.0,0.14806602347505537,18,242.0,0.17635095867808145,10,637.0,0.11912566754790692,37,1130.0
2160.0,37,194.0,1.564516129032258,3.5085668500518365,13,269.0,0.1375088530017728,17,267.0,0.16257553535722877,7,630.0,0.17055980724445258,37,1166.0
2165.0,34,157.0,1.2975206611570247,3.7279129465034337,16,292.0,0.20466033765581182,9,220.0,0.20076822657361346,9,658.0,0.20215034634121276,34,1170.0
2170.0,20,95.0,0.8260869565217391,3.8491433428197004,8,257.0,0.25476733857441997,3,205.0,0.3226540217437087,9,612.0,0.14811222175740246,20,1074.0
2175.0,17,46.0,0.39655172413793105,3.668346940496904,5,235.0,0.2415096296550167,6,223.0,0.22718824344998592,6,484.0,0.1506786510460139,17,942.0
2180.0,22,85.0,0.7203389830508474,4.3917993428112325,8,243.0,0.18361153781833317,6,216.0,0.34505579040649176,8,348.0,0.2196192831618272,22,807.0
2185.0,17,85.0,0.7264957264957265,4.344040304130951,13,299.0,0.16084087556199628,1,156.0,0.324532774720541,3,316.0,0.2413867994460254,17,771.0
2190.0,26,188.0,1.6785714285714286,3.887777259935039,16,373.0,0.1710069098424304,2,160.0,0.2629777615031768,8,314.0,0.21325540628020678,26,847.0
2195.0,33,198.0,1.8504672897196262,2.8603955135685735,15,382.0,0.10309218883665505,7,187.0,0.1080562198972909,11,303.0,0.16302986470984146,33,872.0
2200.0,27,121.0,1.1415094339622642,3.542940042021619,10,331.0,0.1490925603323825,9,194.0,0.259008491161471,8,231.0,0.18061652081987142,27,756.0
2205.0,20,73.0,0.6952380952380952,4.649596023624231,9,239.0,0.2693392598162242,5,121.0,0.3406578870254369,6,233.0,0.22793891404285335,20,593.0
2210.0,19,52.0,0.47706422018348627,4.912859259686553,8,262.0,0.2985004158206242,4,75.0,0.2777624035224105,7,236.0,0.22557755205724977,19,573.0
2215.0,27,128.0,1.1962616822429906,4.347940572172701,12,316.0,0.2541005186300095,2,84.0,0.29373706925307524,13,277.0,0.147989979589765,27,677.0
2220.0,29,133.0,1.2788461538461537,3.3386598586428535,6,310.0,0.21544979107830003,9,111.0,0.2610898404702222,14,285.0,0.08684926847775704,29,706.0
2225.0,22,88.0,0.8301886792452831,4.119823307599736,4,253.0,0.21600264877226966,8,121.0,0.35037405628434765,10,239.0,0.16113118050392733,22,613.0
2230.0,19,63.0,0.5779816513761468,5.190387666512088,4,186.0,0.3144720348749717,7,85.0,0.35903666805656265,8,152.0,0.26056704291460847,19,423.0
2235.0,17,78.0,0.6610169491525424,5.215750266055964,5,143.0,0.30098872589423226,7,112.0,0.2849812350924612,5,132.0,0.26672001592886024,17,387.0
2240.0,20,100.0,0.847457627118644,5.355169073384532,2,141.0,0.29907749219963436,10,139.0,0.251215523990821,8,116.0,0.31831574386430117,20,396.0
2245.0,27,201.0,1.7478260869565216,5.623948540448486,2,126.0,0.26644184352565703,16,206.0,0.19099927778467693,9,134.0,0.39108126279045463,27,466.0
2250.0,30,167.0,1.6057692307692308,3.9132160745194793,8,153.0,0.23336333799430758,17,247.0,0.13836197973318223,5,116.0,0.3061421996336644,30,516.0
2255.0,33,170.0,1.7171717171717171,3.9084217951580706,10,162.0,0.22048489994106255,16,227.0,0.1202967008698745,7,98.0,0.37968560825377,33,487.0
2260.0,27,117.0,1.1584158415841583,3.911248061810601,8,150.0,0.24309994797078693,13,275.0,0.14642941998733497,6,104.0,0.296940920902935,27,529.0
2265.0,26,103.0,1.0,4.400396403048833,5,167.0,0.2942306978856427,14,340.0,0.18298866962871796,7,88.0,0.29935530295139945,26,595.0
2270.0,26,114.0,1.0754716981132075,3.818705468197559,8,200.0,0.14213423979177234,11,352.0,0.15198120903905385,7,83.0,0.2856030906781599,26,635.0
2275.0,23,95.0,0.8796296296296297,3.980469543219237,12,249.0,0.19667765075259472,6,308.0,0.18391968045683157,5,75.0,0.2826833544072103,23,632.0
2280.0,20,97.0,0.8738738738738738,4.034120965854949,10,257.0,0.2087653269838582,5,331.0,0.1468504212000529,5,60.0,0.33207674953190297,20,648.0
2285.0,27,118.0,1.063063063063063,3.934175950075579,10,230.0,0.2154725299762815,10,364.0,0.14912168420241967,7,64.0,0.26163055004677144,27,658.0
2290.0,23,107.0,0.981651376146789,3.2487699063858337,6,228.0,0.19678998027782613,10,360.0,0.13526188818890664,7,72.0,0.2096935312384166,23,660.0
2295.0,23,68.0,0.5862068965517241,4.048334902062685,9,265.0,0.23775757592357835,8,307.0,0.15856315820540376,6,81.0,0.27070528253892906,23,653.0
2300.0,26,104.0,0.8888888888888888,4.486200870631879,12,316.0,0.22767972045087417,8,313.0,0.152679926703346,6,81.0,0.30988988595527084,26,710.0
2305.0,24,106.0,0.9636363636363636,4.0321998406133766,8,319.0,0.216911302983625,11,353.0,0.15601425244307324,5,88.0,0.2731672131194094,24,760.0
2310.0,25,89.0,0.839622641509434,2.9635266654063765,7,281.0,0.2104951467345227,11,350.0,0.15284502992507915,7,80.0,0.1386472643403522,25,711.0
2315.0,25,98.0,0.8828828828828829,3.5974644769636144,7,267.0,0.2552782091239964,7,284.0,0.14936773918498206,11,102.0,0.2338562002340803,25,653.0
2320.0,18,75.0,0.646551724137931,4.309694158987172,10,299.0,0.23672227208255264,5,195.0,0.21204096974743145,3,106.0,0.27756497297180216,18,600.0
2325.0,23,142.0,1.2566371681415929,4.738519367471261,12,346.0,0.3068496980148738,6,141.0,0.22851759082749878,5,84.0,0.37183125845144893,23,571.0
2330.0,25,147.0,1.3243243243243243,4.192277853088762,16,412.0,0.1973557679466723,2,113.0,0.30345400015988616,7,92.0,0.2704256286961727,25,617.0
2335.0,27,139.0,1.2300884955752212,4.216086223897195,13,419.0,0.14195584702275457,5,88.0,0.31363585626586665,9,101.0,0.2531635949421364,27,608.0
2340.0,30,140.0,1.206896551724138,3.9401592174813307,16,385.0,0.12278320188682246,4,77.0,0.279982190514209,10,133.0,0.21982842637231106,30,595.0
2345.0,18,82.0,0.7256637168141593,3.8912176613756038,10,391.0,0.21886963324029138,3,58.0,0.2608321842044023,5,141.0,0.20842086513364835,18,590.0
2350.0,28,134.0,1.1754385964912282,4.593648918015512,16,455.0,0.21524264732611872,3,45.0,0.21903934879907186,9,124.0,0.2597617556039339,28,624.0
2355.0,31,207.0,1.9345794392523366,4.341670318994199,18,543.0,0.17868494264348297,2,36.0,0.2581727884158526,11,163.0,0.2642428531350579,31,742.0
2360.0,33,187.0,1.8333333333333333,2.809423897795772,14,556.0,0.0963817656008824,8,57.0,0.277334719226255,11,177.0,0.12635530354587257,33,790.0
2365.0,36,190.0,1.9,3.5181548531444093,13,481.0,0.18800913784103845,14,121.0,0.24263001904804346,9,161.0,0.15003411924856505,36,763.0
2370.0,29,148.0,1.4509803921568627,3.0143145470531647,8,512.0,0.1617618284867949,12,155.0,0.1844477473536566,9,171.0,0.12649743188527166,29,838.0
2375.0,30,121.0,1.1523809523809523,3.5394604022322986,10,553.0,0.16030305402540884,7,142.0,0.18550763826983158,13,224.0,0.13865768744799692,30,919.0
2380.0,29,102.0,1.0,3.4663544860710465,10,537.0,0.16299454090169307,7,138.0,0.18514947655006794,12,249.0,0.2308967136031275,29,924.0
2385.0,15,42.0,0.42857142857142855,3.93649828809137,5,442.0,0.17101187757833486,7,175.0,0.2877690506797521,3,194.0,0.24682328639158677,15,811.0
2390.0,22,89.0,0.8640776699029126,4.211966009629269,4,319.0,0.18992690288996103,14,225.0,0.2831980005489299,4,207.0,0.20838037402290077,22,751.0
2395.0,25,189.0,1.8,4.6107287144352425,3,254.0,0.28535178495527946,16,298.0,0.25355742158607397,6,234.0,0.15486319163337123,25,786.0
2400.0,32,235.0,2.35,4.1810274420953455,3,162.0,0.3638739910163316,17,323.0,0.1541644981030702,12,283.0,0.1115468632897121,32,768.0
2405.0,27,178.0,1.797979797979798,4.576576695148477,3,118.0,0.4257572989140528,13,288.0,0.18087189988778174,11,289.0,0.2004414555316527,27,695.0
2410.0,19,69.0,0.6764705882352942,4.971335966091814,2,87.0,0.49311452512944975,10,310.0,0.20045313528073921,7,239.0,0.2871803143259334,19,636.0
2415.0,20,85.0,0.8252427184466019,4.903404958986887,3,84.0,0.4472619993207549,9,354.0,0.1446220424304962,8,262.0,0.2500673785377195,20,700.0
2420.0,30,125.0,1.25,3.7430959119224916,7,108.0,0.14989893888485287,10,349.0,0.13223311076043423,13,310.0,0.1489286716837143,30,767.0
2425.0,31,149.0,1.6195652173913044,3.382535772374281,12,162.0,0.18338196761787903,9,279.0,0.13754479943557593,10,314.0,0.19914861104763262,31,755.0
2430.0,25,131.0,1.4395604395604396,4.481287694568714,11,177.0,0.3374123482786123,8,215.0,0.24374851091243488,6,274.0,0.28574126361540336,25,666.0
2435.0,13,67.0,0.7282608695652174,4.770127676177838,6,149.0,0.3475886877877597,2,227.0,0.3241843215486214,5,297.0,0.27261624011320773,13,673.0
2440.0,25,107.0,1.0918367346938775,4.489771304202952,7,114.0,0.2922801713443829,8,240.0,0.23110945097956015,10,327.0,0.16068920740533257,25,681.0
2445.0,20,70.0,0.7216494845360825,3.806324311995184,3,113.0,0.3043206588575762,8,232.0,0.15818462844417017,9,328.0,0.10973145347991718,20,673.0
2450.0,16,47.0,0.5,4.453280946550875,5,133.0,0.258288607315497,6,175.0,0.21263731569125752,5,275.0,0.24356515476171067,16,583.0
2455.0,14,72.0,0.7578947368421053,5.100158322317871,7,164.0,0.31338677378163843,4,183.0,0.24185016589995845,3,195.0,0.3029194939710526,14,542.0
2460.0,18,69.0,0.711340206185567,3.8357951569110265,6,164.0,0.19879919869432933,8,210.0,0.19005551519962513,4,196.0,0.24408715576254955,18,570.0
2465.0,22,75.0,0.7575757575757576,4.132617581955658,6,133.0,0.2572085921524198,7,196.0,0.25106273491620035,9,227.0,0.11870042438775813,22,556.0
2470.0,19,54.0,0.5625,4.254592564046299,7,131.0,0.2831985444037522,5,107.0,0.22318661182629784,7,221.0,0.20660045970739566,19,459.0
2475.0,18,59.0,0.6145833333333334,5.346176570227275,7,163.0,0.3120261716595667,8,86.0,0.2457636862313133,3,172.0,0.34808355001520824,18,421.0
2480.0,12,29.0,0.30526315789473685,4.47604090984402,4,158.0,0.27019314558197133,4,95.0,0.25583337958256047,4,150.0,0.29515098854256944,12,403.0
2485.0,19,55.0,0.55,4.4538574173878285,4,117.0,0.2722850028719928,7,103.0,0.2999194849658833,8,175.0,0.16731282511865436,19,395.0
2490.0,28,157.0,1.5392156862745099,4.491051254991431,1,75.0,0.34650501383909843,14,152.0,0.2510971410815003,13,224.0,0.08068224494334636,28,451.0
2495.0,34,238.0,2.4536082474226806,3.6286221082117542,2,58.0,0.30136134787699087,14,180.0,0.17775705827017002,18,303.0,0.05814225586497704,34,541.0
2500.0,32,199.0,2.117021276595745,3.5366508100613467,1,54.0,0.38681962509927065,15,171.0,0.11447477729218017,16,331.0,0.14860195490884537,32,556.0
2505.0,23,108.0,1.1134020618556701,4.664368481565595,4,66.0,0.4234970144825642,9,196.0,0.20543456208455077,10,274.0,0.22422992824865073,23,536.0
2510.0,21,88.0,0.9166666666666666,4.729743368727743,4,73.0,0.37370507514853235,8,229.0,0.19421777597497997,9,193.0,0.22989815378290512,21,495.0
2515.0,19,75.0,0.7978723404255319,4.514036763372991,3,60.0,0.2462982658133272,7,230.0,0.19082013427173006,9,155.0,0.2513343279980581,19,445.0
2520.0,14,64.0,0.6597938144329897,5.486917668570257,3,42.0,0.33817288750785124,3,178.0,0.2515077958804734,8,161.0,0.33256445922727546,14,381.0
2525.0,10,41.0,0.4270833333333333,5.663717456533256,3,37.0,0.3826763843809995,3,112.0,0.24005598544483697,4,156.0,0.4199767837265408,10,305.0
2530.0,6,22.0,0.23655913978494625,6.427091787322259,1,14.0,0.46812883514721526,1,78.0,0.2813238615230031,4,163.0,0.48909899976949284,6,255.0
2535.0,14,40.0,0.4444444444444444,5.664891937435975,6,28.0,0.35365949695583887,2,42.0,0.4048795342670116,6,157.0,0.3315614052588252,14,227.0
2540.0,18,77.0,0.8369565217391305,5.046016427298127,12,70.0,0.27044578678326714,1,32.0,0.4379811864920497,5,140.0,0.31885548922605306,18,242.0
2545.0,23,90.0,0.9090909090909091,4.223536992360753,12,103.0,0.19415519973477205,6,45.0,0.345695471559735,5,148.0,0.25868000003258834,23,296.0
2550.0,27,109.0,1.0792079207920793,4.041532210568609,9,104.0,0.17820027298430619,8,71.0,0.2640003862169997,10,184.0,0.2039115409449435,27,359.0
2555.0,27,102.0,0.9807692307692307,4.561989454784737,9,101.0,0.275999499185257,7,58.0,0.23298060602304635,11,208.0,0.22169547373014473,27,367.0
2560.0,19,94.0,0.8952380952380953,5.512128800532793,7,114.0,0.40255786437980096,4,61.0,0.3466747268493098,8,191.0,0.2621197054277136,19,366.0
2565.0,8,12.0,0.11428571428571428,4.719289301415698,1,96.0,0.36856906267590017,2,56.0,0.2937962832675418,5,205.0,0.2133811992991177,8,357.0
2570.0,21,81.0,0.75,4.491829055107158,6,107.0,0.27643020081152353,7,69.0,0.2145751690630742,8,227.0,0.15823640051386217,21,403.0
2575.0,26,134.0,1.3267326732673268,3.3605485087329985,5,117.0,0.22894755466282643,8,88.0,0.16846278064248846,13,286.0,0.1436400865760542,26,491.0
2580.0,24,112.0,1.1546391752577319,3.424614936336873,2,93.0,0.3104505827889081,6,87.0,0.2181692875244818,16,312.0,0.13642673011136403,24,492.0
2585.0,18,65.0,0.6435643564356436,4.377835887055656,1,58.0,0.3765001044576958,5,91.0,0.2962132336424776,12,244.0,0.1261664416143405,18,393.0
2590.0,22,93.0,0.8857142857142857,5.08637925409512,0,38.0,0.4380339846817163,10,119.0,0.2641781272312835,12,221.0,0.20623618745070113,22,378.0
2595.0,21,137.0,1.3300970873786409,5.157726172472475,0,21.0,0.496495172824255,14,177.0,0.1711363709846732,7,161.0,0.24853469217053065,21,359.0
2600.0,23,105.0,1.0294117647058822,4.122726449019145,0,8.0,0.4392475258128917,17,212.0,0.11542916225910876,6,172.0,0.2831856507328459,23,392.0
2605.0,23,92.0,0.9108910891089109,4.4370354358465915,0,10.0,0.4741391437283539,15,210.0,0.16232652960084276,8,187.0,0.2901469796169045,23,407.0
2610.0,29,155.0,1.5656565656565657,4.064278960647687,2,15.0,0.358070154766707,13,192.0,0.1607736249741862,14,243.0,0.2558430407408124,29,450.0
2615.0,37,253.0,2.5816326530612246,3.6942326751503005,4,32.0,0.3180455729400339,11,197.0,0.22586914363962152,22,333.0,0.17978890028267958,37,562.0
2620.0,39,317.0,3.107843137254902,3.8762120103262574,9,68.0,0.3275711065949066,10,191.0,0.3390045255870863,20,385.0,0.14207570871445876,39,644.0
2625.0,39,338.0,3.188679245283019,4.491195913325169,14,120.0,0.3159256974989467,8,181.0,0.37226826227328186,17,375.0,0.16323883851854135,39,676.0
2630.0,41,306.0,2.8598130841121496,4.011438433027531,17,192.0,0.24495598650407874,4,162.0,0.40893422511297794,20,337.0,0.11980368964060044,41,691.0
2635.0,48,417.0,3.7567567567567566,4.262030150908039,20,282.0,0.10596623694456327,8,111.0,0.3826661335417005,20,355.0,0.20312727516311327,48,748.0
2640.0,48,581.0,5.481132075471698,4.137363109071323,24,398.0,0.047174997307787285,10,142.0,0.3411340922383985,14,335.0,0.3015609184316868,48,875.0
2645.0,42,580.0,5.576923076923077,3.4297412493053443,30,536.0,0.02787398046203547,10,154.0,0.24041640338844847,2,331.0,0.3132302156925014,42,1021.0
2650.0,41,556.0,5.196261682242991,3.6759972790957516,25,615.0,0.10869360337971179,7,117.0,0.1827272265806364,9,314.0,0.3305363615898555,41,1046.0
2655.0,34,473.0,4.504761904761905,4.202238691807883,18,603.0,0.18087233200806777,2,105.0,0.33805127825691156,14,368.0,0.24400352079177068,34,1076.0
2660.0,46,479.0,4.561904761904762,3.1982810853715606,17,687.0,0.11202182245747978,9,119.0,0.2193449644271192,20,453.0,0.09548916547195443,46,1259.0
2665.0,50,410.0,4.019607843137255,2.4617753922557952,18,774.0,0.0762253051936622,10,135.0,0.14733702795801745,22,497.0,0.0819789548193339,50,1406.0
2670.0,44,363.0,3.704081632653061,3.050655588796134,21,878.0,0.13350890460674125,4,107.0,0.3045303338713346,19,474.0,0.1855854892670296,44,1459.0
2675.0,32,238.0,2.404040404040404,4.425079007656578,17,893.0,0.19180420278557284,2,45.0,0.5438340167425062,13,387.0,0.2175461731616498,32,1325.0
2680.0,19,95.0,0.95,5.146621636968491,8,793.0,0.23509777604022755,2,41.0,0.5020256802089818,9,324.0,0.23641302912702683,19,1158.0
2685.0,23,94.0,0.9215686274509803,5.727500792990719,9,618.0,0.15054172157480622,7,57.0,0.4425436534026357,7,253.0,0.33893226788762476,23,928.0
2690.0,12,41.0,0.41414141414141414,5.20540940410871,7,650.0,0.19649754692985383,4,62.0,0.35881013571658166,1,237.0,0.4084323959014881,12,949.0
2695.0,22,80.0,0.8247422680412371,4.702710792301777,11,698.0,0.20229241893650274,3,42.0,0.2558546009452885,8,258.0,0.40330541044900403,22,998.0
2700.0,26,133.0,1.4301075268817205,4.291564498671387,10,683.0,0.24505819424369393,3,37.0,0.2739801932763897,13,313.0,0.25384926020769205,26,1033.0
2705.0,19,89.0,0.9888888888888889,3.626503899588637,7,581.0,0.2350255406317696,1,33.0,0.32586605634244314,11,314.0,0.1610208531186938,19,928.0
2710.0,19,64.0,0.6736842105263158,4.6897656740893,4,429.0,0.24308106600512683,5,38.0,0.45444979317199213,10,250.0,0.15306893057268414,19,717.0
2715.0,19,84.0,0.8842105263157894,4.860890377730636,3,427.0,0.29630720529070764,8,73.0,0.37738260303111026,8,191.0,0.21266986744955374,19,691.0
2720.0,21,78.0,0.8210526315789474,4.2910302162621425,9,445.0,0.17558158898360557,6,85.0,0.23807214046811875,6,144.0,0.26968131785535554,21,674.0
2725.0,19,70.0,0.7142857142857143,4.842147492464404,10,428.0,0.18169907895243173,7,75.0,0.26726864791964966,2,114.0,0.4222767132434151,19,617.0
2730.0,12,50.0,0.5208333333333334,6.331796233638336,5,346.0,0.31653220939481863,6,71.0,0.40279032863296466,1,77.0,0.5137910669855429,12,494.0
2735.0,13,28.0,0.27722772277227725,5.511058681511946,5,353.0,0.2530913177745667,5,92.0,0.33639666310355204,3,61.0,0.43949198218172403,13,506.0
2740.0,27,94.0,0.8867924528301887,4.3641268797776345,10,384.0,0.1427362518983992,8,127.0,0.2228088481389852,9,89.0,0.30602226970548546,27,600.0
2745.0,31,140.0,1.3592233009708738,3.3246402072633967,10,371.0,0.11231480299952175,13,176.0,0.18607239216544572,8,106.0,0.2029344697601117,31,653.0
2750.0,24,99.0,1.03125,3.558540076698918,7,283.0,0.1342989704677602,11,211.0,0.23304885407419126,6,95.0,0.21401833254976269,24,589.0
2755.0,17,68.0,0.6868686868686869,4.423007498465888,5,303.0,0.214645660787656,7,188.0,0.23742679034407882,5,71.0,0.27507235866109325,17,562.0
2760.0,21,64.0,0.6464646464646465,4.2029696134434475,10,345.0,0.1788637586276199,9,206.0,0.15900736370642574,2,67.0,0.33672294063461455,21,618.0
2765.0,30,117.0,1.21875,3.5461375939378947,10,332.0,0.0888099909194568,14,258.0,0.07466003056930406,6,64.0,0.20527007247083331,30,654.0
2770.0,22,79.0,0.8586956521739131,3.3175911254115964,6,246.0,0.13920704784093074,9,273.0,0.18746882560536451,7,80.0,0.1632999133887987,22,599.0
2775.0,10,20.0,0.21978021978021978,5.4507290448032535,3,131.0,0.3350371865781322,4,214.0,0.3550717026100011,3,58.0,0.2986916205560367,10,403.0
2780.0,10,15.0,0.15625,5.320208860772231,3,142.0,0.24042912671708727,5,234.0,0.2974322961138004,2,36.0,0.39711892313744473,10,412.0
2785.0,17,63.0,0.6702127659574468,4.433271746274871,7,164.0,0.21684611628642964,9,268.0,0.12257758481242363,1,19.0,0.3248196628449621,17,451.0
2790.0,18,64.0,0.7272727272727273,3.3968121797487942,6,157.0,0.19219947886853478,9,267.0,0.11135864006636498,3,28.0,0.20797342708819255,18,452.0
2795.0,16,64.0,0.7272727272727273,3.7384859805447777,5,118.0,0.26020821874641104,3,220.0,0.22930756946632974,8,63.0,0.24704539148292282,16,401.0
2800.0,21,127.0,1.3956043956043955,5.103546621073491,6,82.0,0.34179156646707237,3,156.0,0.37308040125264313,12,113.0,0.2928336850693638,21,351.0
2805.0,13,81.0,0.8709677419354839,5.143768749027017,2,83.0,0.38943408767372967,2,112.0,0.4002516345446439,9,130.0,0.23206507201135976,13,325.0
2810.0,19,85.0,0.8762886597938144,5.414013519545494,6,78.0,0.3227217984178924,3,74.0,0.4505996984737793,10,118.0,0.23252318535563427,19,270.0
2815.0,21,95.0,0.9895833333333334,5.016806143698311,6,80.0,0.2838941048955147,2,53.0,0.5075051860381198,13,158.0,0.2519987484454997,21,291.0
2820.0,22,98.0,1.0425531914893618,4.75168491990481,5,68.0,0.26287253641728325,1,39.0,0.5346662505062171,16,225.0,0.1900934910484512,22,332.0
2825.0,22,96.0,0.9896907216494846,4.454133148566198,4,55.0,0.2446283948457403,5,43.0,0.4056892893884805,13,261.0,0.11498879578411716,22,359.0
2830.0,14,63.0,0.6702127659574468,5.214990695468787,3,62.0,0.31530558130287334,3,49.0,0.46379489783864103,8,247.0,0.12391256904499205,14,358.0
2835.0,9,24.0,0.25263157894736843,6.045681058116153,3,48.0,0.34173356537259586,2,31.0,0.4688392702282345,4,201.0,0.2941127352199778,9,280.0
2840.0,13,51.0,0.5368421052631579,6.420872689846558,9,57.0,0.28953049874789344,3,25.0,0.48288616580026494,1,159.0,0.4400191575532117,13,241.0
2845.0,10,47.0,0.4895833333333333,5.610586981130152,6,73.0,0.3005825340821123,1,25.0,0.3452293282926039,3,134.0,0.36912924591751406,10,232.0
2850.0,16,73.0,0.7849462365591398,5.308182535877858,4,58.0,0.22309338371170506,7,49.0,0.2840711228575956,5,127.0,0.4242116514629406,16,234.0
2855.0,18,107.0,1.1505376344086022,5.746640145391735,4,38.0,0.2640246558714209,9,75.0,0.2623978183225814,5,127.0,0.4250570137809322,18,240.0
2860.0,10,29.0,0.31868131868131866,5.576658348812188,0,39.0,0.34772289768599685,6,70.0,0.3019385589414639,4,114.0,0.3672579299115737,10,223.0
2865.0,16,58.0,0.6373626373626373,5.316422375020888,8,61.0,0.2847995490117697,1,52.0,0.2809173189569629,7,98.0,0.29715720004161644,16,211.0
2870.0,18,70.0,0.7865168539325843,4.58705589702471,6,78.0,0.2145265736747097,6,70.0,0.12502916051554155,6,109.0,0.35640667523142083,18,257.0
2875.0,20,91.0,1.0833333333333333,4.124866416493419,2,60.0,0.18503669629390518,12,117.0,0.2550742571132811,6,93.0,0.2878249292432174,20,270.0
2880.0,12,57.0,0.6627906976744186,3.860399254948929,3,60.0,0.20467649244006866,8,139.0,0.21661525684361252,1,77.0,0.30011416038146316,12,276.0
2885.0,25,91.0,1.0224719101123596,4.323681468684082,10,94.0,0.144957107259457,7,114.0,0.1986687808410181,8,96.0,0.3297475329864041,25,304.0
2890.0,16,70.0,0.7954545454545454,4.640846000579465,7,108.0,0.2193160836035841,6,82.0,0.1941468209376428,3,93.0,0.36247104973460936,16,283.0
2895.0,9,17.0,0.20238095238095238,4.9299834309767325,3,72.0,0.2343115807771751,4,96.0,0.3031202363301604,2,52.0,0.42263411539413925,9,220.0
2900.0,13,41.0,0.4880952380952381,4.857510002758915,3,36.0,0.23186419390447488,7,128.0,0.3048371727896611,3,62.0,0.22562853759245097,13,226.0
2905.0,11,54.0,0.627906976744186,4.90554631154925,1,29.0,0.29293934902919855,3,128.0,0.3839357408062746,7,89.0,0.12567892658849297,11,246.0
2910.0,11,41.0,0.4659090909090909,5.463221817616869,1,26.0,0.3835667910704113,1,93.0,0.3816182492034828,9,97.0,0.22457670164573354,11,216.0
2915.0,6,15.0,0.1744186046511628,6.453087504649606,2,19.0,0.44402286296050536,0,58.0,0.4628170667497446,4,59.0,0.3470459611887423,6,136.0
2920.0,10,30.0,0.3488372093023256,5.362753660905129,5,38.0,0.42225674977560995,1,59.0,0.27650244625502135,4,72.0,0.2849864925377791,10,169.0
2925.0,19,68.0,0.8,3.854644118248925,4,40.0,0.30762228421813814,7,81.0,0.22013508520812977,8,103.0,0.14234809905381468,19,224.0
2930.0,19,51.0,0.6071428571428571,3.4423916304385025,4,29.0,0.21420240713870026,8,100.0,0.23019352313677874,7,111.0,0.14120769582533466,19,240.0
2935.0,8,22.0,0.2558139534883721,4.744404082875956,3,38.0,0.32258706484185945,2,84.0,0.3709491683353085,3,85.0,0.23188891248292187,8,207.0
2940.0,12,57.0,0.6333333333333333,5.8491411949551235,8,67.0,0.30131831617394106,1,47.0,0.3859806710683904,3,56.0,0.35362441317951937,12,170.0
2945.0,15,86.0,0.9555555555555556,4.292478691839616,12,114.0,0.19878256543615505,2,40.0,0.2705895560191957,1,51.0,0.2927779895316389,15,205.0
2950.0,25,114.0,1.3103448275862069,3.2556769269979937,11,136.0,0.14950421023655142,8,67.0,0.164547748591149,6,67.0,0.19192103741406777,25,270.0
2955.0,20,70.0,0.8045977011494253,3.617605537310922,7,114.0,0.19078238616729204,7,87.0,0.20788065434946057,6,77.0,0.18605528510847652,20,278.0
2960.0,12,30.0,0.35294117647058826,5.348079385470264,3,72.0,0.31264573226943276,4,66.0,0.3876144315076294,5,56.0,0.23744095752748312,12,194.0
2965.0,16,30.0,0.3488372093023256,4.446291328753652,5,88.0,0.2705062002987386,5,76.0,0.2935607205689091,6,71.0,0.22401320189562504,16,235.0
2970.0,25,110.0,1.25,3.1148733477475448,8,126.0,0.15743254071001458,7,107.0,0.15819107982974243,10,107.0,0.1080330026366651,25,340.0
2975.0,38,226.0,2.6588235294117646,1.6411807043074398,8,140.0,0.13504690881108336,14,162.0,0.10908639046142109,16,170.0,0.06729589310213864,38,472.0
2980.0,29,194.0,2.1555555555555554,2.8279849911892256,2,100.0,0.21082243041879978,13,196.0,0.1720852936398586,14,210.0,0.131346680561991,29,506.0
2985.0,21,86.0,0.8865979381443299,4.693855399906628,2,62.0,0.29169914814632836,11,176.0,0.30233277209544684,8,187.0,0.22156647336869184,21,425.0
2990.0,16,65.0,0.6565656565656566,5.315522508683299,0,41.0,0.43464883667541426,6,200.0,0.31613457141612233,10,143.0,0.25173104776348015,16,384.0
2995.0,20,70.0,0.6796116504854369,4.690128563109112,0,22.0,0.4185687554650046,12,243.0,0.19877774710520088,8,159.0,0.2020634777270093,20,424.0
3000.0,26,84.0,0.84,3.780974865927746,1,23.0,0.26841461862582006,13,260.0,0.15300706225639463,12,197.0,0.1572220633441786,26,480.0
3005.0,28,133.0,1.4148936170212767,3.7513462436748206,7,46.0,0.3062504639779794,8,227.0,0.11549264846886112,13,260.0,0.22910700801010783,28,533.0
3010.0,23,124.0,1.305263157894737,4.1327308897822395,5,54.0,0.36469875386354317,10,196.0,0.15059786460972957,8,268.0,0.2501219796273648,23,518.0
3015.0,10,38.0,0.40860215053763443,5.021537576968862,3,39.0,0.38726733629438537,1,178.0,0.3230572836019717,6,220.0,0.23897338931057047,10,437.0
3020.0,17,70.0,0.7291666666666666,5.325116159954954,3,29.0,0.33476067377457097,7,173.0,0.2769785207723399,7,167.0,0.21025913053774825,17,369.0
3025.0,15,62.0,0.6326530612244898,5.211143820762749,2,30.0,0.34996915925927957,7,175.0,0.19763655649905645,6,180.0,0.19786779996327628,15,385.0
3030.0,14,38.0,0.4175824175824176,4.507072308445315,1,10.0,0.42230167384848605,3,135.0,0.190665441479814,10,219.0,0.17212725742745644,14,364.0
3035.0,14,47.0,0.5402298850574713,5.016496811550462,4,26.0,0.4245474906479122,3,78.0,0.20338983484311188,7,235.0,0.27275879807019277,14,339.0
3040.0,12,56.0,0.6511627906976745,5.962293880583459,9,60.0,0.4120199888851536,1,49.0,0.3962095706849375,2,190.0,0.3248360718231924,12,299.0
3045.0,10,48.0,0.5393258426966292,6.098187647148547,6,71.0,0.30957561688117013,1,23.0,0.45257932328056977,3,131.0,0.39715928834702285,10,225.0
3050.0,10,35.0,0.3804347826086957,6.041762629984571,5,70.0,0.29174626470231935,3,28.0,0.426327096897103,2,103.0,0.39951564991235927,10,201.0
3055.0,15,73.0,0.7934782608695652,5.613812912344208,3,60.0,0.2861540072204602,8,57.0,0.3557766157579396,4,105.0,0.30732342245034944,15,222.0
3060.0,16,87.0,0.9560439560439561,4.94371044471941,2,69.0,0.26680689987424927,9,84.0,0.24388138485792352,5,103.0,0.27250763325120886,16,256.0
3065.0,15,49.0,0.5384615384615384,4.877854057353521,7,95.0,0.22507974284202523,6,85.0,0.18871481855475333,2,86.0,0.38524546525803527,15,266.0
3070.0,21,104.0,1.1555555555555554,4.527832743457407,12,145.0,0.21876614548094864,3,86.0,0.14115160803819965,6,74.0,0.32481002698060857,21,305.0
3075.0,23,118.0,1.4390243902439024,3.0975365314387213,11,175.0,0.1562538969664525,7,117.0,0.1441908255960489,5,77.0,0.21476080965674543,23,369.0
3080.0,19,70.0,0.8536585365853658,3.5801073062692783,7,135.0,0.16122379737414316,8,137.0,0.22560658663481176,4,53.0,0.18677953644130307,19,325.0
3085.0,13,40.0,0.47619047619047616,4.65469149361298,4,150.0,0.2589735519436686,6,119.0,0.2232836074294273,3,51.0,0.2946840116252421,13,320.0
3090.0,18,57.0,0.6333333333333333,4.06038063727922,10,190.0,0.20850100220352216,4,121.0,0.14231947985970178,4,69.0,0.2611604273253087,18,380.0
3095.0,22,72.0,0.8470588235294118,3.2434707230463364,10,204.0,0.20539374697887275,8,149.0,0.14133646468954522,4,67.0,0.2489803907059794,22,420.0
3100.0,16,37.0,0.42528735632183906,3.711007878059014,3,143.0,0.18657631373543457,10,158.0,0.23424118308694838,3,50.0,0.16513470595537805,16,351.0
3105.0,12,26.0,0.2826086956521739,4.212252321361979,4,155.0,0.2657621442160522,6,128.0,0.2217195004636776,2,58.0,0.27999424958503094,12,341.0
3110.0,17,71.0,0.7395833333333334,4.534556884948239,9,184.0,0.24640654240045964,3,84.0,0.22347769683082835,5,77.0,0.272496270775305,17,345.0
3115.0,19,112.0,1.2043010752688172,3.8644749406121037,13,240.0,0.1707176321311479,2,80.0,0.24212469238379214,4,80.0,0.25674560298936333,19,400.0
3120.0,24,120.0,1.3333333333333333,3.6102851788988524,12,254.0,0.13607788921734473,7,103.0,0.2367289049286628,5,64.0,0.2768726244173043,24,421.0
3125.0,24,123.0,1.3666666666666667,3.9699497797864725,9,216.0,0.1367906360895865,12,157.0,0.21823731495337223,3,39.0,0.3157429743509634,24,412.0
3130.0,26,174.0,1.8709677419354838,3.6235832817506326,6,208.0,0.1614517630934313,19,242.0,0.18078518866732227,1,30.0,0.26240703510447183,26,480.0
3135.0,28,193.0,2.075268817204301,3.230901179684896,10,240.0,0.12409617378452871,17,284.0,0.10163986598298815,1,21.0,0.3026831822975811,28,545.0
3140.0,31,175.0,1.9230769230769231,3.0620052975305043,15,308.0,0.1342547811339049,13,267.0,0.10402755965987269,3,20.0,0.39205081825009,31,595.0
3145.0,26,155.0,1.7415730337078652,4.161633911234677,12,327.0,0.21952801647569467,10,228.0,0.16197336769597878,4,34.0,0.428655186230803,26,589.0
3150.0,20,79.0,0.8586956521739131,5.041281777778482,8,266.0,0.22855295601166617,6,180.0,0.38546372381960015,6,44.0,0.3598530782290094,20,490.0
3155.0,17,63.0,0.65625,5.080753211103539,7,176.0,0.21100557787154084,4,201.0,0.410024368896117,6,73.0,0.29100797311099874,17,450.0
3160.0,18,84.0,0.8484848484848485,4.94523349293727,4,136.0,0.2368513668086213,8,231.0,0.2961375192808787,6,95.0,0.24454002245528658,18,462.0
3165.0,24,149.0,1.5204081632653061,4.640626605236718,6,127.0,0.3197285706822606,13,289.0,0.20638636037021277,5,91.0,0.16353293599319074,24,507.0
3170.0,24,222.0,2.3125,4.060435708870732,1,111.0,0.31816626153219923,19,375.0,0.1687142198432017,4,90.0,0.18940005136006988,24,576.0
3175.0,29,199.0,2.117021276595745,3.2936840873987894,7,130.0,0.23565157176167673,21,420.0,0.09034541354410679,1,69.0,0.1448439003977559,29,619.0
3180.0,28,164.0,1.7826086956521738,3.8615733284161213,6,146.0,0.313336861833475,18,371.0,0.07602383580909096,4,50.0,0.24315387389786194,28,567.0
3185.0,24,128.0,1.4382022471910112,4.7166533392131145,4,119.0,0.3309881885838936,13,419.0,0.19444273194108405,7,78.0,0.3062801869777113,24,616.0
3190.0,19,104.0,1.1555555555555554,4.197628466948915,1,70.0,0.3478272457971457,11,477.0,0.15403613850704573,7,95.0,0.19826421768837857,19,642.0
3195.0,18,55.0,0.5913978494623656,3.966799387795088,4,64.0,0.28326609949118825,8,462.0,0.18085408380534662,6,95.0,0.20470553338527678,18,621.0
3200.0,18,65.0,0.7142857142857143,4.107029192224931,8,88.0,0.2819684842511361,5,381.0,0.20499551809503533,5,87.0,0.200520652561954,18,556.0
3205.0,16,62.0,0.6966292134831461,4.477700740662823,5,93.0,0.3597530640663478,3,261.0,0.209084193396271,8,109.0,0.27544489608285383,16,463.0
3210.0,12,62.0,0.6888888888888889,5.474182249908535,3,63.0,0.3899169177783196,2,177.0,0.3292751365514088,7,118.0,0.3470360480653439,12,358.0
3215.0,6,61.0,0.6777777777777778,6.233672809340258,2,32.0,0.5028860578413212,1,146.0,0.3530055054839638,3,131.0,0.37725174006151685,6,309.0
3220.0,13,94.0,0.9791666666666666,5.418614788167343,4,34.0,0.3450766457457882,6,161.0,0.2921627875720829,3,138.0,0.32902068099695514,13,333.0
3225.0,20,137.0,1.4270833333333333,4.500215410138758,9,63.0,0.24970312557994528,8,150.0,0.2145135146621785,3,153.0,0.2469529691859239,20,366.0
3230.0,18,143.0,1.5212765957446808,4.43819214707948,8,86.0,0.24617265403808247,6,99.0,0.20507655380090417,4,157.0,0.2609471772155949,18,342.0
3235.0,10,31.0,0.34444444444444444,4.898404907746145,4,72.0,0.28353667927417436,4,70.0,0.255777386235522,2,97.0,0.30510545563939473,10,239.0
3240.0,12,52.0,0.5591397849462365,5.633980947188468,5,76.0,0.31862311235241764,3,57.0,0.32823719184788563,4,77.0,0.37674865240805216,12,210.0
3245.0,14,50.0,0.5434782608695652,4.773760446948645,7,107.0,0.2473225185659947,3,36.0,0.3499730774953584,4,80.0,0.27505461081147065,14,223.0
3250.0,19,65.0,0.7222222222222222,4.2896953431131,9,121.0,0.14543477990171547,6,55.0,0.3293203799548567,4,58.0,0.27132193326877446,19,234.0
3255.0,17,51.0,0.5795454545454546,4.360230461673509,8,109.0,0.13352874333105527,6,71.0,0.2987873022667484,3,49.0,0.250450580276092,17,229.0
3260.0,13,28.0,0.3181818181818182,4.5147619440368585,7,122.0,0.20976668339515714,3,50.0,0.31507505500792193,3,52.0,0.2645583402118005,13,224.0
3265.0,17,78.0,0.896551724137931,4.461721333242151,10,163.0,0.18921972565441733,1,27.0,0.2772575187816736,6,77.0,0.2850790042740621,17,267.0
3270.0,15,52.0,0.6341463414634146,3.358022517425321,9,176.0,0.12260778171619986,2,21.0,0.24190863925807005,4,78.0,0.3273052002941989,15,275.0
3275.0,16,55.0,0.6626506024096386,4.011062309361648,5,149.0,0.12600235470845375,7,52.0,0.2866759594833944,4,60.0,0.28520541058301807,16,261.0
3280.0,10,30.0,0.3488372093023256,5.236780690915606,3,106.0,0.19680894487880468,5,62.0,0.4261554030357407,2,40.0,0.26060348983509934,10,208.0
3285.0,8,18.0,0.2,6.0694942117781014,4,124.0,0.2832185904994536,2,41.0,0.46216430306846057,2,38.0,0.38857265607775937,8,203.0
3290.0,9,40.0,0.4444444444444444,6.095993395182305,8,157.0,0.21591953817970735,0,20.0,0.4133856272563484,1,27.0,0.49648316003257353,9,204.0
3295.0,11,46.0,0.5476190476190477,5.409838311122316,7,160.0,0.21321464469161666,0,13.0,0.35574048995236346,4,31.0,0.531478557966992,11,204.0
3300.0,4,10.0,0.12345679012345678,5.609586798342413,3,122.0,0.2359860232224103,1,13.0,0.4233189735282761,0,17.0,0.5434917084454243,4,152.0
3305.0,7,28.0,0.34146341463414637,5.982663042688878,0,66.0,0.2302838681036309,1,13.0,0.5922972968296544,6,24.0,0.3855360482828702,7,103.0
3310.0,11,61.0,0.7439024390243902,5.378889037564239,0,36.0,0.27033529246318383,0,3.0,0.6378997642617015,11,66.0,0.15312310965991668,11,105.0
3315.0,16,67.0,0.7790697674418605,4.458686947488276,1,28.0,0.30255670215413616,4,16.0,0.38682729280449835,11,100.0,0.1319751643433955,16,144.0
3320.0,16,57.0,0.6477272727272727,4.768743406825311,6,47.0,0.26012842360967964,4,28.0,0.34418924538072254,6,93.0,0.28944059020789636,16,168.0
3325.0,19,52.0,0.5842696629213483,4.759240338561691,8,66.0,0.25157250813302334,2,21.0,0.293708673043996,9,128.0,0.3034988884093146,19,215.0
3330.0,16,57.0,0.6477272727272727,4.557014359608804,5,61.0,0.24930291047750394,1,25.0,0.31871771110431396,10,170.0,0.2338580451292184,16,256.0
3335.0,26,134.0,1.5402298850574712,4.186082508642083,4,44.0,0.23575564049555361,7,46.0,0.3521860842332294,15,230.0,0.15082334460148908,26,320.0
3340.0,33,267.0,2.966666666666667,3.256695373955352,1,51.0,0.2502446593724748,12,97.0,0.19200106522434734,20,315.0,0.06474739759045445,33,463.0
3345.0,35,264.0,2.966292134831461,2.7457990295986154,7,75.0,0.20907437935830872,11,130.0,0.04829369869036217,17,352.0,0.06342778825887087,35,557.0
3350.0,25,145.0,1.6292134831460674,3.7065980766527193,10,96.0,0.23213511156840813,4,117.0,0.27916815380743976,11,293.0,0.1643358154066259,25,506.0
3355.0,15,66.0,0.7021276595744681,5.115004418059138,5,93.0,0.2880136881591345,0,57.0,0.5993026583024609,10,338.0,0.22619598396468626,15,488.0
3360.0,21,88.0,0.9263157894736842,4.8742496911885915,6,102.0,0.23387509755681007,0,20.0,0.7728947269116492,15,402.0,0.19249377151612213,21,524.0
3365.0,22,86.0,0.9148936170212766,3.2378920536635545,8,130.0,0.13336675372399553,1,16.0,0.40643267308667613,13,414.0,0.15457577121575616,22,560.0
3370.0,28,134.0,1.4565217391304348,2.7419641938426405,13,185.0,0.11468570426892408,6,40.0,0.3077401774835921,9,360.0,0.14974191558387592,28,585.0
3375.0,19,103.0,1.1318681318681318,3.286326661658564,14,215.0,0.10678494845061526,2,44.0,0.3880478845431971,3,263.0,0.18530831199969253,19,522.0
3380.0,14,75.0,0.8064516129032258,5.5032938157294184,13,207.0,0.15332380963402223,0,19.0,0.713864216280237,1,196.0,0.36664957428157724,14,422.0
3385.0,15,51.0,0.53125,5.96582306545561,13,178.0,0.1594592320696813,0,6.0,0.8040414259425608,2,181.0,0.3622752343149179,15,365.0
3390.0,15,69.0,0.7340425531914894,5.924172142223211,9,169.0,0.20261033028867628,0,2.0,0.7694129721506493,6,201.0,0.25954805151994415,15,372.0
3395.0,17,79.0,0.8876404494382022,5.350676914741447,6,162.0,0.30660831848430686,4,11.0,0.4540853445534798,7,201.0,0.18938138793991083,17,374.0
3400.0,10,26.0,0.29213483146067415,5.658839019160501,1,135.0,0.3776477063299624,6,30.0,0.35445592729533293,3,163.0,0.2480848855185052,10,328.0
3405.0,8,26.0,0.2988505747126437,6.314826226416107,7,162.0,0.33799286220647545,0,23.0,0.44360987987605077,1,98.0,0.32196919438373234,8,283.0
3410.0,12,25.0,0.29069767441860467,5.558124936553147,7,170.0,0.26771480637003864,1,9.0,0.48493281263237475,4,101.0,0.3389821342271383,12,280.0
3415.0,12,40.0,0.46511627906976744,4.73475385965146,3,144.0,0.19881239492098846,2,10.0,0.3833353258103597,7,128.0,0.29250329010274595,12,282.0
3420.0,24,122.0,1.4186046511627908,3.840311542510755,4,117.0,0.2243900813982039,7,34.0,0.17435629570576955,13,185.0,0.18135699999535837,24,336.0
3425.0,30,205.0,2.411764705882353,3.331857085331219,1,106.0,0.26787163102036393,8,57.0,0.2127480031724646,21,275.0,0.08948881386115097,30,438.0
3430.0,34,328.0,3.813953488372093,3.5876658075984555,8,134.0,0.24951950149569646,1,44.0,0.3902730800766329,25,394.0,0.12116492777427695,34,572.0
3435.0,32,308.0,3.5813953488372094,2.6348715352088123,8,136.0,0.19212374539544688,2,51.0,0.20310445986478615,22,448.0,0.11242115769242919,32,635.0
3440.0,32,222.0,2.522727272727273,3.107789959990487,6,116.0,0.1923408627446484,9,85.0,0.3170713415840263,17,420.0,0.09155902198738844,32,621.0
3445.0,24,154.0,1.6559139784946237,4.370862549054314,5,125.0,0.1805163638248592,6,98.0,0.4332337723418786,13,337.0,0.1474447082815175,24,560.0
3450.0,19,109.0,1.184782608695652,4.894737806363786,9,161.0,0.16495306453683034,0,51.0,0.4673860206326386,10,391.0,0.2501813496649619,19,603.0
3455.0,26,128.0,1.4545454545454546,3.372613634720445,9,171.0,0.1528848500694229,3,57.0,0.207953694064538,14,451.0,0.16972427362784584,26,679.0
3460.0,22,89.0,1.0,3.4191696153911395,5,133.0,0.20494619033855274,9,93.0,0.19461197239280803,8,446.0,0.17677452955319106,22,672.0
3465.0,19,59.0,0.6555555555555556,4.149833532036338,6,146.0,0.22367175275393877,9,108.0,0.31044137599426086,4,364.0,0.21642366984240138,19,618.0
3470.0,10,39.0,0.42857142857142855,5.3300473480256265,8,176.0,0.14815243124252675,1,49.0,0.4858851307887958,1,249.0,0.3112032959516003,10,474.0
3475.0,12,42.0,0.4772727272727273,4.21056471873453,8,181.0,0.12306653564452667,2,52.0,0.31707694806525855,2,248.0,0.2968372130847517,12,481.0
3480.0,20,69.0,0.7931034482758621,3.647015940239918,5,148.0,0.16396318815044086,8,80.0,0.22467894125697124,7,272.0,0.17678567155660208,20,500.0
3485.0,16,55.0,0.6395348837209303,3.8413418108487964,1,77.0,0.22545896128190998,9,97.0,0.24262456247752692,6,263.0,0.1490680690687936,16,437.0
3490.0,8,10.0,0.11235955056179775,5.807338119091783,1,46.0,0.40960020361204963,4,76.0,0.3929106320863107,3,208.0,0.29064451032933164,8,330.0
3495.0,3,2.0,0.02247191011235955,6.836025515180187,1,7.0,0.4746061151215948,0,42.0,0.4101436397576133,2,130.0,0.3787741953599826,3,179.0
3500.0,5,14.0,0.16091954022988506,7.115138078761604,2,10.0,0.4723272847203462,1,17.0,0.4982119255143953,2,99.0,0.3861362572926464,5,126.0
3505.0,7,41.0,0.5061728395061729,6.623382455673047,4,28.0,0.37452514693286804,1,13.0,0.41708947260126555,2,60.0,0.4176384831097328,7,101.0
3510.0,12,61.0,0.7922077922077922,5.357859789321562,5,42.0,0.20894080668766835,5,29.0,0.28150639804810235,2,30.0,0.5062614203503673,12,101.0
3515.0,14,70.0,0.9210526315789473,5.147469161558054,5,38.0,0.1726532190577981,6,49.0,0.26995385264855026,3,39.0,0.5223491738431981,14,126.0
3520.0,10,16.0,0.2,5.740042993385309,5,61.0,0.2912705336612484,4,40.0,0.290644391172005,1,24.0,0.4868223673832066,10,125.0
3525.0,16,60.0,0.759493670886076,5.620174585754758,11,97.0,0.27615655714213505,1,28.0,0.284702684532394,4,19.0,0.43719250391854936,16,144.0
3530.0,16,57.0,0.7402597402597403,4.476007318475181,9,126.0,0.218198975031456,2,25.0,0.26882999267485014,5,26.0,0.3635332177084937,16,177.0
3535.0,15,42.0,0.5526315789473685,4.718737994429115,6,112.0,0.19113077131448056,7,50.0,0.27427706938272606,2,18.0,0.38532613153631007,15,180.0
3540.0,11,40.0,0.5194805194805194,5.1041467015055755,4,89.0,0.25809889713218864,6,68.0,0.3037234224631786,1,22.0,0.2875554172817873,11,179.0
3545.0,14,37.0,0.45121951219512196,5.196260789690164,6,100.0,0.3139603636732212,2,45.0,0.33892106384872106,6,46.0,0.2959129441821077,14,191.0
3550.0,16,63.0,0.7875,5.298010059306408,10,129.0,0.2939533786279138,1,30.0,0.3039703194112499,5,64.0,0.35700225941233754,16,223.0
3555.0,13,45.0,0.5921052631578947,5.2224225227986025,8,139.0,0.2744830451344064,3,40.0,0.32078754272142035,2,40.0,0.45220167799974603,13,219.0
3560.0,16,50.0,0.6329113924050633,5.065671177684919,6,105.0,0.2055545404953318,9,70.0,0.2637688658394634,1,23.0,0.535743528309802,16,198.0
3565.0,17,99.0,1.2073170731707317,5.960701581991978,3,57.0,0.24841801230420005,13,123.0,0.2937878672235843,1,16.0,0.5930859253266253,17,196.0
3570.0,15,93.0,1.1341463414634145,6.058054343564414,2,48.0,0.3785967888087128,12,155.0,0.2898020890183347,1,15.0,0.50650915549549,15,218.0
3575.0,10,61.0,0.7530864197530864,6.151021191675362,1,37.0,0.43650428861636,8,145.0,0.27194056127729843,1,10.0,0.531010432232022,10,192.0
3580.0,14,91.0,1.123456790123457,6.494808306560865,1,33.0,0.5884700835221807,8,114.0,0.24282437071739096,5,27.0,0.4621593139274048,14,174.0
3585.0,13,96.0,1.2467532467532467,6.942423540624608,2,32.0,0.67568197702062,6,121.0,0.30626330720178246,5,41.0,0.44475494161462,13,194.0
3590.0,4,41.0,0.5540540540540541,6.755372107119765,3,39.0,0.6961920966450375,0,90.0,0.29980974672271976,1,34.0,0.4697286017946257,4,163.0
3595.0,10,27.0,0.36486486486486486,5.79496562718033,2,16.0,0.40930909163265106,7,102.0,0.231061083983403,1,21.0,0.5188714061567757,10,139.0
3600.0,14,55.0,0.7746478873239436,4.687943156603081,7,29.0,0.15762451393173796,7,121.0,0.2163835695894426,0,16.0,0.5405446185609812,14,166.0
