step,system_total_stopped,system_total_waiting_time,system_mean_waiting_time,system_mean_speed,A0_stopped,A0_accumulated_waiting_time,A0_average_speed,B0_stopped,B0_accumulated_waiting_time,B0_average_speed,C0_stopped,C0_accumulated_waiting_time,C0_average_speed,agents_total_stopped,agents_total_accumulated_waiting_time
0.0,0,0.0,0.0,0.0,0,0.0,1.0,0,0.0,1.0,0,0.0,1.0,0,0.0
5.0,0,0.0,0.0,7.59071730235333,0,0.0,0.4852227301381875,0,0.0,0.5569837364607368,0,0.0,0.6166584478994134,0,0.0
10.0,1,0.0,0.0,10.447204431805176,1,0.0,0.652387126165905,0,0.0,0.9152611679922242,0,0.0,0.8041405209383816,1,0.0
15.0,0,0.0,0.0,9.494894637227786,0,0.0,0.6615233900571827,0,0.0,0.3564080314043694,0,0.0,0.5593154781563653,0,0.0
20.0,0,0.0,0.0,11.442737268364406,0,0.0,0.8050307903895547,0,0.0,0.9570563640959149,0,0.0,0.7676467109465577,0,0.0
25.0,8,0.0,0.0,5.881666521842403,3,0.0,0.40675548680095075,2,0.0,0.4204814588711252,3,0.0,0.2626018136992839,8,0.0
30.0,4,20.0,0.7407407407407407,8.9240675737305,2,10.0,0.6049738524167794,2,10.0,0.6866812013751522,0,0.0,0.7403222394718388,4,20.0
35.0,3,21.0,0.7,8.942197880540503,2,20.0,0.5298953054975848,0,0.0,0.7000513816418863,1,1.0,0.615133103004684,3,21.0
40.0,8,44.0,1.1891891891891893,7.082835566967783,5,36.0,0.4511242358410165,3,8.0,0.400615632501732,0,0.0,0.5458140920078026,8,44.0
45.0,0,0.0,0.0,8.76050140918163,0,12.0,0.6716594644514927,0,12.0,0.6378541011844706,0,0.0,0.8010903370827345,0,24.0
50.0,5,8.0,0.19047619047619047,7.510241395430112,2,6.0,0.45820724746401686,2,4.0,0.4759011112358961,1,4.0,0.5774687137804775,5,14.0
55.0,7,26.0,0.6190476190476191,9.370442951094528,2,11.0,0.6353935284188162,2,14.0,0.6689453589460997,3,14.0,0.6969792566714943,7,39.0
60.0,4,44.0,1.1,8.283912942894252,0,4.0,0.5854939036045664,2,24.0,0.5077691785533742,2,24.0,0.6873987946369555,4,52.0
65.0,6,47.0,0.9591836734693877,8.871716030166594,2,6.0,0.5983555160038352,0,4.0,0.7325456589024145,4,41.0,0.5858377182088248,6,51.0
70.0,3,16.0,0.3076923076923077,9.270599687979175,3,16.0,0.6342588693092654,0,2.0,0.8368516429335209,0,15.0,0.44870571118527025,3,33.0
75.0,11,50.0,0.8771929824561403,8.135964352187505,4,32.0,0.47998352897529867,1,0.0,0.6241999529356768,6,18.0,0.23916093517578518,11,50.0
80.0,6,63.0,1.3125,9.066963304676655,4,52.0,0.6081433820555284,0,0.0,0.7950187555869488,2,28.0,0.537340769265949,6,80.0
85.0,14,77.0,1.4807692307692308,7.6025044269304525,8,76.0,0.3845315284936354,2,2.0,0.6685548205486913,4,13.0,0.4995863099138799,14,91.0
90.0,9,120.0,2.2641509433962264,8.602351997632821,6,106.0,0.481862023521387,1,5.0,0.6420060695843613,2,11.0,0.7033514449286803,9,122.0
95.0,7,39.0,0.7090909090909091,7.005952436222983,2,66.0,0.3327548623072339,3,18.0,0.42373857370777984,2,21.0,0.5820095890978673,7,105.0
100.0,9,32.0,0.5517241379310345,6.185630675036678,4,16.0,0.3673826460388266,4,28.0,0.2271254882302127,1,8.0,0.3669648140076389,9,52.0
105.0,10,31.0,0.5849056603773585,7.763942965657131,1,20.0,0.6113728084732347,2,27.0,0.3951367187869046,7,26.0,0.3825884281056765,10,73.0
110.0,8,18.0,0.3333333333333333,7.458855758000099,4,6.0,0.5212951846883391,2,18.0,0.42491033502648534,2,33.0,0.443475391291483,8,57.0
115.0,5,27.0,0.5094339622641509,9.687276246222487,2,14.0,0.6792679862664509,2,20.0,0.7456219643345795,1,14.0,0.6294085628014383,5,48.0
120.0,4,47.0,0.8545454545454545,9.437991000598952,2,24.0,0.5334343636483632,2,25.0,0.6428553860568789,0,0.0,0.6795138700840037,4,49.0
125.0,10,89.0,1.435483870967742,9.18968744975454,4,42.0,0.508285339650302,4,42.0,0.6207429216955168,2,5.0,0.6438051468191015,10,89.0
130.0,10,139.0,2.316666666666667,8.735775905508437,4,62.0,0.5050160230868486,4,62.0,0.6018265446361966,2,15.0,0.5831242598975658,10,139.0
135.0,6,33.0,0.4925373134328358,7.39248869442834,1,30.0,0.43278305499983777,1,32.0,0.47442244548081514,4,30.0,0.47135394815513026,6,92.0
140.0,7,25.0,0.4098360655737705,8.59584299988727,3,11.0,0.55276947191993,4,14.0,0.41651546320585425,0,11.0,0.511621275989941,7,36.0
145.0,10,32.0,0.5818181818181818,6.166865070493271,1,16.0,0.31026463313665337,3,26.0,0.1967076214768292,6,15.0,0.18998102045682186,10,57.0
150.0,8,24.0,0.47058823529411764,7.38300017428143,3,14.0,0.47312768173632236,2,29.0,0.44989782054296307,3,23.0,0.4480226675543789,8,66.0
155.0,5,36.0,0.7659574468085106,9.935364263389967,2,19.0,0.6731947065262122,2,25.0,0.7087600174550895,1,13.0,0.6466250572430033,5,57.0
160.0,10,67.0,1.1964285714285714,9.036104217899476,4,33.0,0.555508180941515,4,34.0,0.5811533134754703,2,7.0,0.6176772336028025,10,74.0
165.0,7,67.0,1.1964285714285714,9.085602169482843,4,52.0,0.5390458268237459,0,12.0,0.5888247216829544,3,15.0,0.6549977986277871,7,79.0
170.0,8,42.0,0.7,7.033778870587385,1,22.0,0.33949617122735665,3,16.0,0.2783066622166209,4,28.0,0.4634469837646133,8,66.0
175.0,8,24.0,0.41379310344827586,7.32673075436257,4,16.0,0.41553833388576106,3,20.0,0.24399417364205664,1,10.0,0.5221033545509451,8,46.0
180.0,5,16.0,0.3018867924528302,7.207350459276978,2,18.0,0.46173327259062824,1,16.0,0.19324462719873786,2,13.0,0.39616741285227963,5,47.0
185.0,4,18.0,0.35294117647058826,8.404551426857525,2,15.0,0.5878130621543748,2,17.0,0.49226602707933415,0,6.0,0.5757447972128114,4,38.0
190.0,6,38.0,0.8085106382978723,10.084335760935941,3,21.0,0.6562812748162888,2,23.0,0.7500645640497575,1,2.0,0.7063975841412524,6,46.0
195.0,10,72.0,1.309090909090909,8.805865466805521,4,33.0,0.5278052540154492,4,35.0,0.6494883037268777,2,6.0,0.5552650495940329,10,74.0
200.0,3,17.0,0.2982456140350877,9.289716278240878,1,11.0,0.520601167782759,0,12.0,0.7382238182732438,2,16.0,0.6604692192587314,3,39.0
205.0,17,55.0,0.873015873015873,7.768818335212075,6,16.0,0.38534626757146945,5,14.0,0.3640270243009503,6,27.0,0.42685408495227356,17,57.0
210.0,5,8.0,0.13333333333333333,6.973118754638953,1,14.0,0.49637215858332967,3,22.0,0.2550558371632426,1,7.0,0.431825072856627,5,43.0
215.0,6,16.0,0.3018867924528302,8.526379807827759,1,3.0,0.6167998298394206,0,8.0,0.5189959231760037,5,18.0,0.42019584383296066,6,29.0
220.0,7,18.0,0.34615384615384615,8.882829913662123,2,5.0,0.6199067997428414,2,6.0,0.6230690086521564,3,26.0,0.5242272038166879,7,37.0
225.0,4,27.0,0.5192307692307693,10.414304013242003,2,13.0,0.7606148669526673,2,16.0,0.7679183383561121,0,14.0,0.6168656286122781,4,43.0
230.0,6,26.0,0.4406779661016949,8.622470148057287,4,25.0,0.5225047077970721,1,3.0,0.6536692394140589,1,0.0,0.47262009410031974,6,28.0
235.0,7,14.0,0.22950819672131148,8.889767568704496,1,8.0,0.4812601672478733,3,13.0,0.5928586940085883,3,3.0,0.5865297180482224,7,24.0
240.0,8,33.0,0.5789473684210527,7.437908372021461,4,14.0,0.2810738908778701,2,18.0,0.2946714874884159,2,13.0,0.5028868833226012,8,45.0
245.0,10,46.0,0.7931034482758621,7.325307828469239,3,24.0,0.47072714047562675,2,18.0,0.3105266355652802,5,33.0,0.4965245985508067,10,75.0
250.0,3,4.0,0.07692307692307693,8.472968224818986,0,9.0,0.6166158236841809,2,17.0,0.49675138631663934,1,16.0,0.5376583806238145,3,42.0
255.0,7,27.0,0.4576271186440678,8.286288802234605,0,0.0,0.4943222271838455,5,34.0,0.3844722041679811,2,8.0,0.4609710885995747,7,42.0
260.0,7,30.0,0.5660377358490566,8.809315228337883,3,10.0,0.6291811409494424,4,46.0,0.4796047042540375,0,5.0,0.6353563131166449,7,61.0
265.0,13,26.0,0.49056603773584906,6.977290131996055,5,22.0,0.4594327448219344,4,39.0,0.3221842451445597,4,3.0,0.4766365193387854,13,64.0
270.0,5,21.0,0.4117647058823529,8.266047816575409,0,8.0,0.5999102238823775,3,35.0,0.4275388142765986,2,12.0,0.7062637212684865,5,55.0
275.0,7,46.0,0.8679245283018868,8.640421416081885,3,7.0,0.39936962987325386,2,31.0,0.4974195324209758,2,22.0,0.6482473317310244,7,60.0
280.0,1,1.0,0.018518518518518517,7.279559622610179,0,8.0,0.4662428578816883,0,12.0,0.4270872447803335,1,5.0,0.5615358895781423,1,25.0
285.0,10,32.0,0.6037735849056604,7.463685957516409,1,0.0,0.6154615487307805,6,33.0,0.407279416850274,3,14.0,0.3737569348405286,10,47.0
290.0,13,30.0,0.5555555555555556,5.3859317581486605,0,0.0,0.5628685350792321,6,49.0,0.2562647713264656,7,30.0,0.18521403805899186,13,79.0
295.0,9,32.0,0.5818181818181818,7.562769208510843,1,2.0,0.7485181086185562,3,45.0,0.4350224262910543,5,42.0,0.4223885525099583,9,89.0
300.0,5,46.0,0.8363636363636363,8.866332159653261,1,5.0,0.7037264992480817,2,37.0,0.38157789223013083,2,36.0,0.6298459114000586,5,78.0
305.0,5,38.0,0.6031746031746031,8.209777517220328,0,3.0,0.6125979291381954,4,38.0,0.3738546542346555,1,17.0,0.5465605734883034,5,58.0
310.0,9,21.0,0.328125,7.643455529472972,0,0.0,0.6410653582174013,4,18.0,0.44924125410509214,5,32.0,0.34960968843445167,9,50.0
315.0,12,40.0,0.5882352941176471,6.888132700157766,3,5.0,0.49383311276686764,5,26.0,0.4594994507696004,4,39.0,0.17404777414415415,12,70.0
320.0,9,25.0,0.373134328358209,7.023056135518,1,2.0,0.5456830324562704,5,38.0,0.44755503881819414,3,31.0,0.2777728414950775,9,71.0
325.0,19,60.0,0.8823529411764706,6.595594480318634,7,21.0,0.3739627868794737,8,45.0,0.294729164400894,4,31.0,0.45548999989755334,19,97.0
330.0,9,46.0,0.6865671641791045,7.498670653090629,2,26.0,0.47374977534472434,4,53.0,0.3616733940686545,3,31.0,0.6164148485465897,9,110.0
335.0,6,15.0,0.21739130434782608,6.864232369215412,0,14.0,0.4235307567165263,6,41.0,0.31766434716295006,0,12.0,0.47819974660693576,6,67.0
340.0,16,69.0,0.9452054794520548,7.401582034823223,3,7.0,0.41124427203993047,9,67.0,0.3839537068567148,4,16.0,0.2569283453076087,16,90.0
345.0,12,65.0,1.0,6.780703980667369,2,16.0,0.6336873922720626,7,85.0,0.2928387432760214,3,25.0,0.3146327888515882,12,126.0
350.0,11,33.0,0.5238095238095238,5.820725227268387,0,2.0,0.5962270158922812,10,86.0,0.26228856343653184,1,16.0,0.4397969678251435,11,104.0
355.0,12,35.0,0.5147058823529411,7.273813654293101,1,7.0,0.7020073760448894,8,99.0,0.2903692962433728,3,14.0,0.6191283132279097,12,120.0
360.0,7,36.0,0.5070422535211268,7.203656915654441,0,6.0,0.47362408564797437,4,89.0,0.31548617359358216,3,24.0,0.6004121168057602,7,119.0
365.0,8,18.0,0.2571428571428571,6.524635260948577,3,7.0,0.49382884677309824,5,88.0,0.2708202128994243,0,6.0,0.5317886701939175,8,101.0
370.0,16,47.0,0.6714285714285714,6.184897374905657,1,4.0,0.6468010727802352,10,98.0,0.20394013242707648,5,13.0,0.42157489492928685,16,115.0
375.0,17,55.0,0.7432432432432432,5.416897875608262,5,23.0,0.4442257877569855,10,109.0,0.13672646542003958,2,18.0,0.4700929526254357,17,150.0
380.0,9,37.0,0.5138888888888888,6.736662138838817,2,26.0,0.5462873432214649,7,106.0,0.24257518514960327,0,3.0,0.7002277515674121,9,135.0
385.0,15,64.0,0.8648648648648649,7.143179098361529,2,12.0,0.3500574145657035,10,119.0,0.36906592885264444,3,0.0,0.5658141852449595,15,131.0
390.0,15,129.0,1.7671232876712328,7.572816000068054,2,11.0,0.44661043007982215,12,169.0,0.36005604385102447,1,1.0,0.5555676395179254,15,181.0
395.0,18,107.0,1.5285714285714285,5.791632673382663,2,2.0,0.40520438851410295,13,186.0,0.1231185931557994,3,13.0,0.4652719025011512,18,201.0
400.0,24,133.0,2.015151515151515,5.36328884854656,5,18.0,0.4214871292929687,15,165.0,0.14112149872688362,4,32.0,0.4632071772751624,24,215.0
405.0,16,73.0,1.1587301587301588,5.096490923926,5,33.0,0.4924899222395885,11,207.0,0.17639209888525276,0,18.0,0.6055611071014113,16,258.0
410.0,12,41.0,0.5774647887323944,6.016753952022707,3,35.0,0.36820862936653115,8,223.0,0.3476230933679316,1,3.0,0.5331159565055006,12,261.0
415.0,16,89.0,1.1866666666666668,7.036146223544478,3,25.0,0.4688707606741818,10,263.0,0.3231163108298218,3,10.0,0.57890881118701,16,298.0
420.0,12,85.0,1.1805555555555556,5.969461232622467,2,25.0,0.4726405511378806,8,264.0,0.2598196900144846,2,20.0,0.37095221076302476,12,309.0
425.0,20,125.0,1.6666666666666667,5.311695040037657,4,43.0,0.4683430370135537,12,236.0,0.1903697485279464,4,38.0,0.4694606458209105,20,317.0
430.0,11,31.0,0.4189189189189189,5.225669659975544,1,18.0,0.49267717483683693,10,271.0,0.19379378568845998,0,14.0,0.6058674334489345,11,303.0
435.0,20,76.0,0.95,5.549588739993933,5,21.0,0.3210722953502364,13,295.0,0.18952463721340213,2,7.0,0.41721477606993707,20,323.0
440.0,19,62.0,0.8051948051948052,5.121188439951401,6,35.0,0.30721948069135957,13,311.0,0.15666770235120325,0,3.0,0.5278673256297878,19,349.0
445.0,18,42.0,0.5675675675675675,4.991695843801149,3,42.0,0.35490460212171593,12,255.0,0.20841505680195138,3,2.0,0.5101541405037626,18,299.0
450.0,11,33.0,0.4230769230769231,5.72947275570651,2,36.0,0.48289110424943593,9,289.0,0.21626202159331975,0,2.0,0.7839875920469925,11,327.0
455.0,9,40.0,0.47619047619047616,5.976191718470379,1,29.0,0.474469545057538,7,293.0,0.2046253000966956,1,7.0,0.685231980842585,9,329.0
460.0,14,41.0,0.5061728395061729,4.70979215834706,8,53.0,0.2131505483018307,6,263.0,0.1702333771093589,0,4.0,0.4507745860057261,14,320.0
465.0,13,46.0,0.6133333333333333,5.007913646511978,5,66.0,0.33374252584325503,8,208.0,0.19069607174241113,0,2.0,0.7391053850083963,13,276.0
470.0,14,38.0,0.4578313253012048,5.0351496317463855,4,53.0,0.3719906257183424,10,233.0,0.226175967734105,0,2.0,0.47166120858372135,14,288.0
475.0,13,48.0,0.5393258426966292,5.682840312885254,3,62.0,0.40008735089514375,8,246.0,0.21174462990278595,2,12.0,0.6642090356691632,13,320.0
480.0,21,131.0,1.5057471264367817,5.055377475675552,6,83.0,0.20584124885911956,13,272.0,0.21806270733020966,2,20.0,0.2896624534405636,21,375.0
485.0,26,185.0,2.176470588235294,4.937508379852571,7,87.0,0.21050146756835894,19,346.0,0.18316717193745607,0,5.0,0.5834406999395998,26,438.0
490.0,23,160.0,2.0253164556962027,4.844591039109343,2,60.0,0.25119077211675184,20,376.0,0.11085981380055882,1,2.0,0.7363696261488349,23,438.0
495.0,25,126.0,1.5180722891566265,4.6402341283175215,5,65.0,0.29250924537659634,20,332.0,0.10089276896839751,0,2.0,0.7102082751284615,25,399.0
500.0,19,108.0,1.35,4.540638447074274,6,89.0,0.2904144488376282,13,393.0,0.18034310991717253,0,2.0,0.8628380533400097,19,484.0
505.0,28,138.0,1.550561797752809,4.161578550110675,10,119.0,0.1715737250387617,15,440.0,0.19821412400683097,3,0.0,0.4796955972338566,28,559.0
510.0,28,193.0,2.244186046511628,4.35844697038228,8,140.0,0.15293816974501823,18,517.0,0.18407451320626791,2,7.0,0.5649249407137074,28,664.0
515.0,32,237.0,2.6931818181818183,3.960273859118716,16,200.0,0.09672672336702287,14,520.0,0.16081601014840596,2,17.0,0.33284658252165156,32,737.0
520.0,29,221.0,2.5402298850574714,3.8516807756312286,12,235.0,0.1639349189639586,13,460.0,0.19707779179171334,4,35.0,0.4519013544865521,29,730.0
525.0,25,137.0,1.5747126436781609,3.9159892689505016,12,228.0,0.21869074966089275,12,504.0,0.18238822248998707,1,14.0,0.640922616533657,25,746.0
530.0,28,148.0,1.5578947368421052,4.222005825460033,14,289.0,0.1785770470041167,13,535.0,0.1479399810627142,1,7.0,0.4810780463365528,28,831.0
535.0,32,184.0,2.021978021978022,4.014090348023143,12,347.0,0.11688541028765842,19,608.0,0.12460254506846123,1,1.0,0.4951327465509473,32,956.0
540.0,35,286.0,3.364705882352941,4.02542091303572,15,421.0,0.05000976532441995,20,702.0,0.14696668720004613,0,0.0,0.5689584646036397,35,1123.0
545.0,26,229.0,2.6627906976744184,4.239045097516786,7,431.0,0.11760305852888951,17,703.0,0.1755817783874508,2,6.0,0.5132230060893072,26,1140.0
550.0,26,157.0,1.891566265060241,4.251284286709894,8,393.0,0.22361610088176204,16,573.0,0.1891262618586298,2,18.0,0.5569213480106278,26,984.0
555.0,25,138.0,1.550561797752809,3.6665801665046818,10,436.0,0.17779485740928305,11,627.0,0.2166966500092168,4,33.0,0.4413858592290784,25,1096.0
560.0,24,133.0,1.4301075268817205,4.672857399977289,9,477.0,0.19096963076592452,15,685.0,0.20088672835627394,0,13.0,0.706469852229359,24,1175.0
565.0,35,178.0,1.934782608695652,3.968183903066364,15,533.0,0.04969991971276571,16,763.0,0.1589918973878349,4,4.0,0.275426910087871,35,1300.0
570.0,30,186.0,2.2142857142857144,3.5670682235938678,10,548.0,0.12971347834584185,15,747.0,0.10608616349615231,5,21.0,0.35703503739740616,30,1316.0
575.0,25,149.0,1.9102564102564104,3.6775929657736426,7,490.0,0.18986234652074335,11,638.0,0.16720137670331153,7,55.0,0.3369689267611291,25,1183.0
580.0,20,92.0,1.069767441860465,4.113990883567421,9,490.0,0.21490522892557143,9,676.0,0.17800303063297662,2,53.0,0.4673013857686631,20,1219.0
585.0,24,108.0,1.2134831460674158,4.718610867600187,9,533.0,0.22565385822246478,15,737.0,0.21325511362815583,0,5.0,0.6912619298952762,24,1275.0
590.0,36,202.0,2.1956521739130435,4.26352813951825,14,589.0,0.0987667330944336,21,825.0,0.24330594913118714,1,1.0,0.392979438374393,36,1415.0
595.0,34,295.0,3.241758241758242,4.406478246644879,10,618.0,0.15095769854574795,21,924.0,0.16478883013580842,3,11.0,0.5878197330080039,34,1553.0
600.0,35,338.0,3.840909090909091,3.9366818302335136,13,665.0,0.06906570128875315,20,908.0,0.12669742374310947,2,21.0,0.39927237771044616,35,1594.0
605.0,34,274.0,3.1136363636363638,3.7402952807627243,12,661.0,0.17082099025574374,18,790.0,0.162967062083692,4,41.0,0.516012375448917,34,1492.0
610.0,29,209.0,2.4022988505747125,4.194649486716687,11,597.0,0.26604901611297027,17,619.0,0.20649983963333582,1,17.0,0.5878865259069564,29,1233.0
615.0,23,140.0,1.4736842105263157,4.328724759604074,12,602.0,0.234436350401097,10,660.0,0.2014260379310708,1,8.0,0.6045885836810198,23,1270.0
620.0,24,141.0,1.4536082474226804,4.836169033079481,14,669.0,0.22913325313510907,10,695.0,0.21121402126702749,0,2.0,0.7199440701618226,24,1366.0
625.0,27,126.0,1.2989690721649485,4.0953818359619065,15,674.0,0.09388547414519997,9,649.0,0.2018411122101646,3,0.0,0.4833415366169486,27,1323.0
630.0,21,100.0,1.0638297872340425,4.342992317309387,8,671.0,0.24145420987798366,11,533.0,0.18803739976228157,2,6.0,0.5226751311266858,21,1210.0
635.0,19,67.0,0.67,4.394552542533213,4,663.0,0.2543707349072314,10,551.0,0.16300007408412534,5,29.0,0.4817528727397152,19,1243.0
640.0,19,68.0,0.68,4.4965136872528655,6,669.0,0.2048714415274221,11,571.0,0.15277286205357704,2,28.0,0.3827941935324721,19,1268.0
645.0,21,122.0,1.297872340425532,5.103415967289338,7,634.0,0.20317787565504875,14,608.0,0.21003428514546707,0,2.0,0.6268824556424565,21,1244.0
650.0,22,112.0,1.2444444444444445,4.0534765109848205,6,535.0,0.09883600117472233,15,588.0,0.2173632195443624,1,1.0,0.3375036955884517,22,1124.0
655.0,21,78.0,0.8666666666666667,4.532100753047784,5,555.0,0.24625364957103194,16,488.0,0.1619702778235376,0,2.0,0.892464483757217,21,1045.0
660.0,19,78.0,0.8387096774193549,4.539971317068986,5,580.0,0.21192255126133827,14,519.0,0.1570989728771042,0,2.0,0.6578836237151566,19,1101.0
665.0,17,62.0,0.6595744680851063,4.516818733459396,5,539.0,0.23164305672554383,12,539.0,0.1587119657459539,0,3.0,0.7047021869655502,17,1081.0
670.0,18,95.0,1.0795454545454546,4.816776446754577,3,430.0,0.2600838185556079,15,583.0,0.19474155321643769,0,0.0,0.6346750543671179,18,1013.0
675.0,25,111.0,1.2333333333333334,3.9481402615662033,6,340.0,0.17670551937732085,18,562.0,0.16322690012626326,1,2.0,0.43354397864318833,25,904.0
680.0,21,99.0,1.0879120879120878,4.264630250360666,2,300.0,0.32376564055548246,17,484.0,0.1585652988620903,2,14.0,0.6715202652151854,21,798.0
685.0,24,66.0,0.6804123711340206,3.605824270826467,6,314.0,0.2469653507098125,16,476.0,0.13438031935386338,2,2.0,0.5707670634189221,24,792.0
690.0,22,81.0,0.8350515463917526,4.709725369085541,7,339.0,0.2781546780286905,13,511.0,0.15245145603552873,2,7.0,0.6246581622532523,22,857.0
695.0,26,164.0,1.7826086956521738,4.54843374372134,9,378.0,0.18817556989472103,17,563.0,0.15965101058691572,0,5.0,0.5492612768497612,26,946.0
700.0,36,279.0,2.9680851063829787,4.651641544456061,14,373.0,0.0977635760709892,20,646.0,0.22488549667568072,2,5.0,0.4619307073656764,36,1024.0
705.0,32,272.0,3.022222222222222,4.168300166441766,11,336.0,0.13199419476992055,19,649.0,0.1708400681637675,2,15.0,0.5535668785178732,32,1000.0
710.0,30,207.0,2.202127659574468,3.3134306287576667,11,351.0,0.1548912376277743,19,584.0,0.13132148162141438,0,2.0,0.4774429756885109,30,937.0
715.0,28,115.0,1.2234042553191489,3.8554476745764186,11,369.0,0.23450316071319047,15,631.0,0.14238004607919744,2,8.0,0.6937437760086931,28,1008.0
720.0,27,137.0,1.4891304347826086,4.352860842313464,12,394.0,0.19744187557312784,15,673.0,0.18390991898384457,0,6.0,0.545428938492662,27,1073.0
725.0,27,134.0,1.4408602150537635,4.024529359032897,10,449.0,0.19004812598655824,15,660.0,0.1803240263412128,2,9.0,0.5658067329323865,27,1118.0
730.0,28,158.0,1.7555555555555555,3.8512137049716335,12,448.0,0.23447130349944748,14,546.0,0.172628803872091,2,21.0,0.6325147760410599,28,1015.0
735.0,26,138.0,1.393939393939394,3.6685753471453646,10,386.0,0.20814467909503406,12,580.0,0.17762484451471197,4,37.0,0.44339346498214854,26,1003.0
740.0,22,111.0,1.0673076923076923,4.449059963427429,13,441.0,0.23923218308578262,9,590.0,0.15466498392778316,0,14.0,0.6397797481291158,22,1045.0
745.0,29,97.0,0.9326923076923077,3.38880968017651,14,481.0,0.07914378837814111,11,555.0,0.12444127212099083,4,7.0,0.3220757922808545,29,1043.0
750.0,33,137.0,1.3564356435643565,3.9094199247206545,18,562.0,0.1654869948483682,15,471.0,0.11456352392883828,0,5.0,0.6267015346169833,33,1038.0
755.0,21,107.0,1.1263157894736842,4.15085005583495,10,567.0,0.2011136220864514,11,462.0,0.17989331496748653,0,2.0,0.7748003929037733,21,1031.0
760.0,21,71.0,0.7029702970297029,4.341144162433372,9,481.0,0.20351115622403984,10,481.0,0.17643493218762352,2,8.0,0.624685772431164,21,970.0
765.0,16,74.0,0.7254901960784313,4.229378925231676,5,502.0,0.17162441844040635,9,459.0,0.14256355019553288,2,16.0,0.6162925659200811,16,977.0
770.0,29,109.0,1.0686274509803921,3.8545254818441173,11,543.0,0.14453503929769476,14,385.0,0.159296412585125,4,32.0,0.37771452678188244,29,960.0
775.0,23,72.0,0.7058823529411765,3.8249554268033727,7,526.0,0.2392623133181918,15,429.0,0.12319666665035214,1,12.0,0.6697342064900434,23,967.0
780.0,17,58.0,0.5858585858585859,4.543875456627535,3,457.0,0.23034105872474742,13,445.0,0.13729185116551104,1,4.0,0.7334466602414255,17,906.0
785.0,21,107.0,1.0918367346938775,4.717732012287758,5,391.0,0.21632522039359273,15,474.0,0.12880702096954735,1,0.0,0.5544132518786774,21,865.0
790.0,21,119.0,1.2934782608695652,4.474006173606468,4,335.0,0.22689813527169134,17,486.0,0.18578585618192747,0,0.0,0.7382702463130519,21,821.0
795.0,20,113.0,1.1770833333333333,4.034777444364454,4,354.0,0.2196092046759904,16,435.0,0.15150247797030988,0,2.0,0.593222987271493,20,791.0
800.0,23,69.0,0.711340206185567,4.367160490372953,2,339.0,0.3350941601684934,20,483.0,0.10941787150739023,1,7.0,0.7642902689596233,23,829.0
805.0,22,68.0,0.7010309278350515,3.8606345771875863,7,344.0,0.23205013445146339,13,506.0,0.12557413627507874,2,4.0,0.3908930702659886,22,854.0
810.0,27,166.0,1.7291666666666667,4.428377649587799,8,375.0,0.17184427601153343,17,545.0,0.16939054089535271,2,9.0,0.5480413030340077,27,929.0
815.0,29,178.0,1.9777777777777779,4.028865561549866,10,375.0,0.10903616210676116,19,551.0,0.19865987754934022,0,0.0,0.7645909477564792,29,926.0
820.0,32,150.0,1.5625,4.114813877939914,12,338.0,0.16360325331840256,20,496.0,0.12999716787338073,0,2.0,0.7389299498574038,32,836.0
825.0,25,114.0,1.2,4.176540242616758,11,387.0,0.22195261701302976,14,490.0,0.1490395644919862,0,2.0,0.832880736681016,25,879.0
830.0,29,127.0,1.2828282828282829,3.859547907564622,16,448.0,0.14301964432897296,12,504.0,0.2086137399811516,1,1.0,0.4755747860904789,29,953.0
835.0,35,218.0,2.202020202020202,4.535461464489464,18,535.0,0.13613185748316783,16,549.0,0.19633703635048344,1,0.0,0.7238094405765616,35,1084.0
840.0,36,268.0,2.881720430107527,4.069989257849309,13,571.0,0.07053063337467715,20,635.0,0.14725879676253234,3,5.0,0.4036411588045913,36,1211.0
845.0,38,328.0,3.5652173913043477,3.6505372441303363,15,619.0,0.09481071998205198,23,649.0,0.06314698309710036,0,8.0,0.4792324459187567,38,1276.0
850.0,37,375.0,4.411764705882353,4.138986719217833,18,703.0,0.17718912566341088,19,585.0,0.17287023031876347,0,2.0,0.8471387445108555,37,1290.0
855.0,35,416.0,4.571428571428571,3.78679809103065,21,803.0,0.14558207097914674,13,571.0,0.21850572527772832,1,4.0,0.6090470103275479,35,1378.0
860.0,35,396.0,4.212765957446808,4.505171433478356,22,818.0,0.16392837165605367,11,599.0,0.19594940565847657,2,12.0,0.6641422073490667,35,1429.0
865.0,34,314.0,3.305263157894737,3.7253161789618163,20,771.0,0.09807532672634624,10,577.0,0.22732891260040297,4,1.0,0.3161987146717322,34,1349.0
870.0,29,295.0,3.2065217391304346,4.024827797736264,14,780.0,0.20355961056619076,11,490.0,0.13101368431258711,4,14.0,0.5291021061050017,29,1284.0
875.0,25,216.0,2.297872340425532,4.459949112254449,13,851.0,0.21103335727402256,12,525.0,0.15630919143003055,0,15.0,0.6091991737548039,25,1391.0
880.0,19,168.0,1.768421052631579,4.6752006188065645,8,822.0,0.19047758684673516,9,547.0,0.21340030145450967,2,9.0,0.5476230506813633,19,1378.0
885.0,17,124.0,1.3333333333333333,5.401175106240156,1,648.0,0.2583474157507945,14,594.0,0.22543998469952914,2,17.0,0.574452003540972,17,1259.0
890.0,19,106.0,1.1157894736842104,3.993399728373179,1,539.0,0.19675317794507782,17,589.0,0.13120095596740725,1,1.0,0.332334661962669,19,1129.0
895.0,27,119.0,1.2934782608695652,4.3667269005448315,2,507.0,0.330420883768437,23,519.0,0.10897826134824724,2,11.0,0.6145574892775381,27,1037.0
900.0,21,102.0,1.1724137931034482,3.225893556941936,3,519.0,0.24455649143228084,18,605.0,0.11738127910266449,0,5.0,0.5311688951659209,21,1129.0
905.0,26,136.0,1.431578947368421,4.069701104397365,9,556.0,0.2484968257724158,15,656.0,0.18276193613272051,2,10.0,0.6234525487722474,26,1222.0
910.0,30,189.0,1.96875,4.307982602408932,9,566.0,0.1788874898790813,21,726.0,0.17897853085193205,0,0.0,0.7691369977765145,30,1292.0
915.0,37,250.0,2.5,3.660146801270167,16,616.0,0.1001510560967062,20,725.0,0.11371321758573384,1,2.0,0.48492142529235144,37,1343.0
920.0,34,229.0,2.4361702127659575,3.73366088252892,12,617.0,0.2209011878866869,22,636.0,0.12493469141541098,0,4.0,0.7515774052955249,34,1257.0
925.0,34,162.0,1.653061224489796,3.3716329818231063,14,544.0,0.1862505510710953,17,689.0,0.15465281622688615,3,2.0,0.5302241597432016,34,1235.0
930.0,28,152.0,1.4901960784313726,3.9991500691782518,13,605.0,0.18529659021782716,13,726.0,0.16166857709558438,2,11.0,0.6292225732295291,28,1342.0
935.0,38,225.0,2.1634615384615383,4.1442648676286895,17,678.0,0.10776740921541535,19,775.0,0.15940821931766255,2,19.0,0.48273199870299316,38,1472.0
940.0,37,244.0,2.3689320388349513,3.374868357669962,17,696.0,0.07342533456420307,16,757.0,0.15356912879135562,4,34.0,0.34576080518422025,37,1487.0
945.0,23,113.0,1.153061224489796,3.408422267432063,7,720.0,0.2017732534314913,16,622.0,0.09393594740313341,0,13.0,0.5991104757859985,23,1355.0
950.0,27,89.0,0.8317757009345794,4.232458082438367,8,744.0,0.19591447743953866,18,695.0,0.12147869508499684,1,7.0,0.5672641898318986,27,1446.0
955.0,24,74.0,0.7184466019417476,4.287210326493133,8,715.0,0.19707517839207986,15,738.0,0.1263818574333742,1,0.0,0.5942801085791275,24,1453.0
960.0,20,100.0,1.0526315789473684,4.2185571399380475,5,677.0,0.11557153806007749,15,793.0,0.19350045319932083,0,0.0,0.6042607322157639,20,1470.0
965.0,24,107.0,1.1145833333333333,3.5946428171260973,4,633.0,0.10894408746365349,18,762.0,0.15962961830327926,2,7.0,0.5180009132529079,24,1402.0
970.0,21,101.0,1.074468085106383,3.48750259930126,2,522.0,0.22368623228337955,19,658.0,0.0979899511295902,0,2.0,0.7425436175844766,21,1182.0
975.0,22,83.0,0.8137254901960784,3.7449206732270937,1,508.0,0.24438771298301248,20,699.0,0.11197825046209839,1,4.0,0.6135930851954259,22,1211.0
980.0,17,60.0,0.6060606060606061,4.540644260274886,4,518.0,0.26540406348499185,13,739.0,0.14409850692896103,0,1.0,0.7435948310144265,17,1258.0
985.0,29,138.0,1.38,4.004021550290749,9,547.0,0.12324098957982874,17,781.0,0.18633461605484394,3,0.0,0.35428128772237844,29,1328.0
990.0,34,245.0,2.5520833333333335,4.316970456081855,12,523.0,0.11096779960839157,22,869.0,0.16097467971296975,0,0.0,0.7239880389563098,34,1392.0
995.0,34,244.0,2.6236559139784945,3.6463932878678342,11,430.0,0.1391780604294862,22,861.0,0.08961374261649672,1,3.0,0.632568839722888,34,1294.0
1000.0,34,221.0,2.351063829787234,3.2473375773133424,11,481.0,0.17169143341619186,23,788.0,0.08834807457452624,0,2.0,0.6135787029766953,34,1271.0
1005.0,33,201.0,2.1382978723404253,3.489247617937322,14,543.0,0.1971559254504872,19,847.0,0.16109390394767456,0,2.0,0.8244362638265558,33,1392.0
1010.0,36,226.0,2.26,3.324103646135184,16,614.0,0.12818258632227264,20,909.0,0.15711131827921773,0,0.0,0.5703453543869208,36,1523.0
1015.0,30,213.0,2.108910891089109,3.9209165634990155,10,631.0,0.12340084665348422,17,990.0,0.16245182167972838,3,7.0,0.5954733494460507,30,1628.0
1020.0,37,248.0,2.505050505050505,3.5729692077081445,17,657.0,0.08714807946502064,19,964.0,0.12374534916246614,1,1.0,0.5444572303012402,37,1622.0
1025.0,40,256.0,2.585858585858586,3.5796264925210037,16,659.0,0.15179505542364533,22,797.0,0.1033003371387083,2,9.0,0.5994224816075912,40,1465.0
1030.0,31,196.0,2.0631578947368423,3.872108222651334,14,566.0,0.2136504385184927,17,833.0,0.16222084194924244,0,2.0,0.74785652655548,31,1401.0
1035.0,25,148.0,1.4509803921568627,4.48566856064635,11,555.0,0.21021877089171517,12,870.0,0.20576803967515372,2,6.0,0.5476827959042014,25,1431.0
1040.0,27,137.0,1.3564356435643565,4.356308453670821,13,619.0,0.15760000999415455,12,813.0,0.16323456483857943,2,16.0,0.5639228034794423,27,1448.0
1045.0,26,143.0,1.4742268041237114,3.416306949387884,11,680.0,0.15798981016559394,9,672.0,0.14493908128346258,6,29.0,0.4002918200373785,26,1381.0
1050.0,13,56.0,0.5656565656565656,4.5916787514090265,7,603.0,0.25625345180396353,6,610.0,0.18055985273856695,0,8.0,0.7351506024309136,13,1221.0
1055.0,14,54.0,0.5346534653465347,5.119016489893335,6,526.0,0.28685254098191854,7,614.0,0.17717119006674262,1,3.0,0.6823000548830959,14,1143.0
1060.0,17,69.0,0.6764705882352942,4.208328644410536,6,505.0,0.17632158242059967,11,562.0,0.14799691434658185,0,0.0,0.46526227933868647,17,1067.0
1065.0,21,60.0,0.6185567010309279,4.112171381343929,6,502.0,0.2282419268795012,15,463.0,0.1527648663343996,0,2.0,0.8262409426931072,21,967.0
1070.0,20,77.0,0.7403846153846154,3.741230590662419,7,534.0,0.20341452050482486,12,478.0,0.16493825295062337,1,3.0,0.5237795227361114,20,1015.0
1075.0,18,60.0,0.5660377358490566,4.491667684726321,8,501.0,0.2245987370613694,10,481.0,0.14599585561740946,0,2.0,0.8542214201809885,18,984.0
1080.0,19,66.0,0.6470588235294118,3.625683869629573,8,427.0,0.15845399808451482,9,434.0,0.14687766216818626,2,6.0,0.28040693650427573,19,867.0
1085.0,15,45.0,0.4411764705882353,3.5257351865109685,4,438.0,0.19879898919297684,11,343.0,0.1381594867351486,0,10.0,0.5102743165727137,15,791.0
1090.0,23,70.0,0.660377358490566,4.476345644998664,10,456.0,0.22989293566757793,13,360.0,0.1531182681112303,0,2.0,0.818527485149159,23,818.0
1095.0,20,73.0,0.6886792452830188,4.084829283380688,7,427.0,0.15478481101454916,11,365.0,0.11798179861940923,2,7.0,0.6122144162255949,20,799.0
1100.0,20,123.0,1.2178217821782178,4.463675409910489,5,340.0,0.1422027202208646,13,405.0,0.1611920780505061,2,15.0,0.6057546603567829,20,760.0
1105.0,30,134.0,1.3267326732673268,3.926912532554538,7,277.0,0.21772091425101373,17,405.0,0.15008889429162636,6,27.0,0.30517228843452254,30,709.0
1110.0,23,98.0,0.98,3.736465516020177,3,295.0,0.23457355224273135,20,354.0,0.1132960764988891,0,10.0,0.6125888003414641,23,659.0
1115.0,24,107.0,1.0594059405940595,3.584831331594701,4,278.0,0.20588835598304905,18,427.0,0.10346350872336019,2,5.0,0.6162446763530344,24,710.0
1120.0,19,69.0,0.6634615384615384,4.021900708825182,2,265.0,0.2420401276389012,17,468.0,0.11306608654123683,0,1.0,0.6052565926188149,19,734.0
1125.0,27,143.0,1.43,4.481289993722865,7,274.0,0.18595480337782413,20,517.0,0.15996568638245928,0,0.0,0.7299063352005342,27,791.0
1130.0,30,168.0,1.696969696969697,3.481354994895741,10,313.0,0.08943071343287615,20,529.0,0.13670212960741374,0,0.0,0.49745841552669134,30,842.0
1135.0,29,144.0,1.5319148936170213,3.4381274533583803,8,264.0,0.19194435948967745,19,480.0,0.09890762077631222,2,7.0,0.7135508330427697,29,751.0
1140.0,26,115.0,1.1734693877551021,3.186233925173254,5,254.0,0.20093312490076382,19,517.0,0.13450552466804883,2,17.0,0.560096661850735,26,788.0
1145.0,27,129.0,1.2169811320754718,3.581455148397071,9,289.0,0.15377924076866548,14,560.0,0.1299662736183583,4,33.0,0.5480524746149923,27,882.0
1150.0,27,133.0,1.2666666666666666,3.8724907592687625,9,315.0,0.09715920002424978,17,605.0,0.14108822274566177,1,15.0,0.5460369759192248,27,935.0
1155.0,31,180.0,1.7475728155339805,3.9158362172979784,13,366.0,0.07320837202872842,15,611.0,0.14007286581017273,3,10.0,0.3520543326133133,31,987.0
1160.0,27,142.0,1.4947368421052631,3.812785557042787,10,360.0,0.20542903860057915,17,563.0,0.09381029133879633,0,8.0,0.6934647829182412,27,931.0
1165.0,32,109.0,1.101010101010101,3.4749365150806475,11,292.0,0.1701429158536259,17,606.0,0.18080707400516757,4,3.0,0.48709931970091214,32,901.0
1170.0,29,112.0,1.0769230769230769,3.9002340181261177,11,339.0,0.1932468557380763,16,645.0,0.146366176716982,2,10.0,0.6745917319863233,29,994.0
1175.0,30,135.0,1.3106796116504855,3.737889972258508,14,397.0,0.08623515489626632,14,636.0,0.13590041043541884,2,20.0,0.5584555553084584,30,1053.0
1180.0,30,157.0,1.5242718446601942,3.6914237204418034,13,444.0,0.1728735229471134,13,565.0,0.1523725383757258,4,39.0,0.5019024414235704,30,1048.0
1185.0,23,140.0,1.320754716981132,4.293749805805433,12,503.0,0.24467519033310128,11,542.0,0.12295074470596118,0,15.0,0.6776871496188618,23,1060.0
1190.0,26,140.0,1.320754716981132,4.03334970075036,14,497.0,0.14293112779078002,11,551.0,0.1415749406168703,1,6.0,0.511167626596339,26,1054.0
1195.0,27,161.0,1.5631067961165048,4.559413892665338,13,451.0,0.14561532977748368,13,574.0,0.19352157612780477,1,3.0,0.5119301873143861,27,1028.0
1200.0,32,248.0,2.5833333333333335,4.583393372058793,12,391.0,0.10541778945268228,20,646.0,0.21091622719030353,0,0.0,0.5584159176618629,32,1037.0
1205.0,35,264.0,2.75,3.5870375044733755,12,420.0,0.16163225147698268,21,657.0,0.12229688354045781,2,9.0,0.5171308138908673,35,1086.0
1210.0,31,200.0,2.150537634408602,3.624755244813274,6,434.0,0.2607378886071705,23,594.0,0.08644368288590204,2,21.0,0.6312945422290366,31,1049.0
1215.0,32,164.0,1.690721649484536,3.716972581999775,7,452.0,0.27583859968927216,21,680.0,0.13705983473009328,4,36.0,0.44112804948288736,32,1168.0
1220.0,26,127.0,1.2959183673469388,4.379164685068873,6,440.0,0.29476383405119355,20,742.0,0.13977358768464096,0,13.0,0.6285189718962804,26,1195.0
1225.0,24,71.0,0.7029702970297029,3.668038409191745,8,466.0,0.10663208880687093,12,724.0,0.1458165207196653,4,6.0,0.22622105776418536,24,1196.0
1230.0,23,64.0,0.6597938144329897,3.8577906906217048,9,465.0,0.20352175560126004,14,604.0,0.13212868277341813,0,5.0,0.6530639856274942,23,1074.0
1235.0,15,52.0,0.5416666666666666,3.8888641933775916,5,457.0,0.22798230795488805,10,606.0,0.1658193406016158,0,2.0,0.7515529546686539,15,1065.0
1240.0,16,71.0,0.6826923076923077,3.751504038203436,5,439.0,0.214233929212722,9,635.0,0.14440036104413104,2,5.0,0.5374964234044592,16,1079.0
1245.0,20,151.0,1.438095238095238,4.3713053448762,4,381.0,0.18745872101164932,14,680.0,0.13344054066845024,2,15.0,0.5745660238408723,20,1076.0
1250.0,28,200.0,1.8867924528301887,3.3906956655721623,2,353.0,0.11341334492266845,21,764.0,0.14451055462537918,5,29.0,0.22864082390050408,28,1146.0
1255.0,40,362.0,3.5841584158415842,3.5045661682844154,8,378.0,0.1384381615103333,27,878.0,0.12806623278702417,5,49.0,0.4403129606526891,40,1305.0
1260.0,41,389.0,3.9693877551020407,2.3496926854690887,7,364.0,0.09895384127609692,30,901.0,0.06401843543846716,4,69.0,0.24285150361898925,41,1334.0
1265.0,42,291.0,2.881188118811881,2.858506932082584,12,416.0,0.16884576327900055,30,839.0,0.11156938549317627,0,40.0,0.5538538556659403,42,1295.0
1270.0,34,245.0,2.311320754716981,3.742845777360429,7,425.0,0.19855106148325125,27,866.0,0.13406572984176862,0,2.0,0.7664887957169372,34,1293.0
1275.0,31,232.0,2.09009009009009,4.393381286618924,8,427.0,0.19567921902874144,21,958.0,0.14305773664242447,2,6.0,0.6050163368187604,31,1391.0
1280.0,33,264.0,2.490566037735849,4.02518752526401,14,485.0,0.12475268059862765,19,1053.0,0.16691419084076184,0,1.0,0.435950406877659,33,1539.0
1285.0,33,247.0,2.47,2.73104445677463,15,492.0,0.026049211113485796,15,1028.0,0.11893290352026044,3,0.0,0.4112343482013127,33,1520.0
1290.0,35,211.0,2.11,3.6200011799035146,14,503.0,0.1818578556518673,20,880.0,0.14030256114283632,1,4.0,0.6076417010301959,35,1387.0
1295.0,29,189.0,1.8349514563106797,3.580553025093759,14,462.0,0.2118432004272776,13,942.0,0.14343173147905516,2,13.0,0.5581264553437233,29,1417.0
1300.0,38,210.0,1.8918918918918919,3.648104725907644,16,538.0,0.16614597756726798,17,993.0,0.13034902087234856,5,34.0,0.43506350940093275,38,1565.0
1305.0,33,161.0,1.4770642201834863,3.168256879374956,12,581.0,0.15180898683396568,19,973.0,0.12901881234648338,2,26.0,0.36062312321251966,33,1580.0
1310.0,34,184.0,1.6727272727272726,3.5496058679785403,13,633.0,0.14997842333438735,16,853.0,0.13784689700631145,5,31.0,0.35515572146085866,34,1517.0
1315.0,25,103.0,0.944954128440367,3.9542461209696693,10,616.0,0.2606355283238059,14,805.0,0.12977054629336077,1,26.0,0.546691739211934,25,1447.0
1320.0,22,88.0,0.8380952380952381,4.268567533534549,8,517.0,0.226011019396476,14,835.0,0.1646889507397841,0,2.0,0.6729663194535115,22,1354.0
1325.0,25,139.0,1.275229357798165,4.413201481230181,8,499.0,0.15219109321945862,15,861.0,0.13966246990447345,2,7.0,0.5847253120478055,25,1367.0
1330.0,25,146.0,1.3518518518518519,4.1706827059115925,8,433.0,0.12858380795536148,15,831.0,0.16089479714649424,2,17.0,0.5041511589759341,25,1281.0
1335.0,33,166.0,1.5514018691588785,3.465191062323531,8,476.0,0.19932584619760024,21,731.0,0.12437304839842679,4,34.0,0.4534260603932786,33,1241.0
1340.0,26,79.0,0.7383177570093458,3.428737410402607,3,469.0,0.27853184177957235,21,806.0,0.09173769838296897,2,14.0,0.5844276778305346,26,1289.0
1345.0,27,99.0,0.8761061946902655,3.9295831023235928,7,478.0,0.18952952728569966,17,857.0,0.09063066206459597,3,8.0,0.4280640452482543,27,1343.0
1350.0,26,149.0,1.4466019417475728,3.9004886694311267,6,450.0,0.19130352689496002,20,915.0,0.12269226128401768,0,2.0,0.5589317186693635,26,1367.0
1355.0,28,229.0,2.3608247422680413,3.940585311283199,4,420.0,0.1301806239817794,24,1002.0,0.15319798431797962,0,0.0,0.6229744217426202,28,1422.0
1360.0,36,366.0,3.623762376237624,3.60849077220874,5,440.0,0.09143497209202125,29,1128.0,0.09816685919329711,2,7.0,0.4700712664893934,36,1575.0
1365.0,40,376.0,3.8762886597938144,3.2500364526010244,8,471.0,0.1308769656776809,32,1145.0,0.0755722240336298,0,0.0,0.696441093274108,40,1616.0
1370.0,40,349.0,3.6354166666666665,2.8203339748796186,8,511.0,0.12263002834518381,31,1044.0,0.07347089131463688,1,6.0,0.47234238977194387,40,1561.0
1375.0,33,277.0,2.9157894736842107,3.4566633931315196,8,500.0,0.23773709681185914,24,1107.0,0.12516657999212413,1,5.0,0.6823578586856618,33,1612.0
1380.0,31,223.0,2.3229166666666665,3.5538412953763525,8,485.0,0.1813476765380634,21,1206.0,0.1563162232806261,2,8.0,0.5246776175388332,31,1699.0
1385.0,32,169.0,1.6568627450980393,3.3672385512037817,13,534.0,0.11578549018868375,14,1169.0,0.13964998801571657,5,26.0,0.30949407772367676,32,1729.0
1390.0,26,119.0,1.19,3.8888608449259965,13,584.0,0.17723419328814488,9,937.0,0.15800715748096344,4,39.0,0.5241233136285633,26,1560.0
1395.0,24,149.0,1.3925233644859814,4.27775423148785,13,647.0,0.1640373153016589,6,899.0,0.1783921043757594,5,60.0,0.4475441027221221,24,1606.0
1400.0,23,126.0,1.2233009708737863,4.567589680650702,11,646.0,0.21106966444295838,9,908.0,0.1647168461977676,3,57.0,0.5728674665699153,23,1611.0
1405.0,24,85.0,0.8252427184466019,3.5182940321966187,11,568.0,0.09880014697656528,11,851.0,0.1761239204071427,2,24.0,0.34402283458469984,24,1443.0
1410.0,24,111.0,1.0571428571428572,3.9593275626373607,10,511.0,0.2439213359874905,12,699.0,0.14932697449702043,2,15.0,0.6081328453625064,24,1225.0
1415.0,24,123.0,1.1495327102803738,3.371727666370344,10,511.0,0.22544268315551216,12,648.0,0.13645045922468219,2,21.0,0.5091713651583226,24,1180.0
1420.0,24,133.0,1.1981981981981982,3.733021351356481,9,460.0,0.22457317736492846,11,660.0,0.12793847794919194,4,39.0,0.5325508691725329,24,1159.0
1425.0,14,85.0,0.7870370370370371,4.019940551657835,1,452.0,0.2880547220337387,12,688.0,0.14635976415453095,1,17.0,0.44354702092452203,14,1157.0
1430.0,28,193.0,1.787037037037037,3.9334578787590675,4,454.0,0.15344167413843182,19,754.0,0.1687643820857835,5,21.0,0.213229435325456,28,1229.0
1435.0,30,187.0,1.7980769230769231,3.97899672455663,4,423.0,0.21464641707482426,23,753.0,0.09452310241691246,3,27.0,0.3288634527387458,30,1203.0
1440.0,29,154.0,1.6382978723404256,3.255569278712808,3,335.0,0.240789587462251,25,681.0,0.10348823904071067,1,13.0,0.5465076748780233,29,1029.0
1445.0,30,145.0,1.3942307692307692,3.5441454608644003,6,352.0,0.24375318361409934,19,720.0,0.12421198484098081,5,26.0,0.4802417640674785,30,1098.0
1450.0,33,201.0,1.8440366972477065,3.969897870952244,7,381.0,0.19078981764886901,20,783.0,0.15338535113867927,6,52.0,0.4489293193902371,33,1216.0
1455.0,41,312.0,2.7857142857142856,3.645876213792446,12,433.0,0.06896027193833319,20,886.0,0.13676521974589936,9,87.0,0.23422818760433597,41,1406.0
1460.0,35,282.0,2.6857142857142855,3.232286155223623,10,452.0,0.1301374636448342,17,861.0,0.12425907383033141,8,113.0,0.20726431912134985,35,1426.0
1465.0,38,242.0,2.220183486238532,3.4887515457701137,16,488.0,0.13851026163736557,17,753.0,0.12997044621471754,5,85.0,0.2644581561002829,38,1326.0
1470.0,33,222.0,2.0943396226415096,4.07599659329398,14,490.0,0.19694926816140784,14,773.0,0.133407142558387,5,55.0,0.45750534771664675,33,1318.0
1475.0,30,196.0,1.9215686274509804,4.083575378589981,13,445.0,0.20805281101658582,14,818.0,0.18283792622869136,3,53.0,0.43475926223771144,30,1316.0
1480.0,32,174.0,1.7227722772277227,3.600446794390206,16,514.0,0.10858293650867126,14,787.0,0.17118043369713318,2,30.0,0.3554836202202195,32,1331.0
1485.0,31,182.0,1.82,3.6443521651293533,17,601.0,0.1879205557877332,12,660.0,0.12967454648845278,2,26.0,0.5877752967729247,31,1287.0
1490.0,24,162.0,1.514018691588785,3.4687131243371674,13,555.0,0.1723383225809513,9,703.0,0.15938102583216085,2,31.0,0.3671031404328733,24,1289.0
1495.0,16,82.0,0.7522935779816514,3.858340534478998,5,564.0,0.22471260277452207,9,724.0,0.13466597267084374,2,13.0,0.4813694005204554,16,1301.0
1500.0,30,162.0,1.5,4.02400277091701,7,580.0,0.08827434720591491,17,776.0,0.14130157433059168,6,30.0,0.1727796085027942,30,1386.0
1505.0,26,148.0,1.4368932038834952,3.3363655655771023,5,549.0,0.11536611079574316,19,747.0,0.12714049628539204,2,35.0,0.3204582560902685,26,1331.0
1510.0,24,105.0,1.09375,3.821151218853364,3,453.0,0.23969559758243408,21,649.0,0.11173888736324498,0,16.0,0.7438207370124342,24,1118.0
1515.0,26,135.0,1.2980769230769231,4.066337655696872,3,418.0,0.2529420840038888,23,550.0,0.13547977729040275,0,8.0,0.5732979377230828,26,976.0
1520.0,30,131.0,1.201834862385321,4.311576041153984,6,443.0,0.29832612074638737,19,626.0,0.15085433198922715,5,23.0,0.544168035024435,30,1092.0
1525.0,39,173.0,1.5309734513274336,3.5662567784167516,12,477.0,0.1430911007653892,18,666.0,0.157047355922834,9,52.0,0.265422708791749,39,1195.0
1530.0,30,217.0,1.954954954954955,3.9126562017128537,10,504.0,0.12497434058105367,14,681.0,0.19124172263039382,6,65.0,0.24963907366158222,30,1250.0
1535.0,44,413.0,3.824074074074074,4.52074035675421,15,565.0,0.09071163313571072,20,758.0,0.2008929959130941,9,99.0,0.18878667733739457,44,1422.0
1540.0,40,351.0,3.4752475247524752,3.1468542924458363,13,562.0,0.061864944112435656,23,767.0,0.06414916300445739,4,99.0,0.2820811377273607,40,1428.0
1545.0,37,261.0,2.806451612903226,3.92752303881004,13,484.0,0.19871888940043997,24,711.0,0.17907586875381337,0,54.0,0.5425232767154313,37,1249.0
1550.0,31,201.0,1.9705882352941178,3.7953678228880188,11,380.0,0.20294750648863705,18,753.0,0.147510111094014,2,58.0,0.4352416116153813,31,1191.0
1555.0,34,191.0,1.8018867924528301,4.392720690774446,11,434.0,0.2589688598758509,18,814.0,0.15916015124059715,5,75.0,0.4143400611969351,34,1323.0
1560.0,32,203.0,2.0714285714285716,3.3686443201920495,12,490.0,0.1319403995114225,16,894.0,0.1524791209183624,4,70.0,0.1926714292978189,32,1454.0
1565.0,30,167.0,1.6534653465346534,3.65188250939433,10,502.0,0.14571966623640134,18,873.0,0.15408274323603952,2,43.0,0.31712522592704995,30,1418.0
1570.0,27,112.0,1.12,3.901549405826949,5,505.0,0.26110271238117594,20,761.0,0.1403524773273844,2,27.0,0.5138298549178105,27,1293.0
1575.0,28,114.0,1.0754716981132075,3.720948548378014,7,515.0,0.20486008717735193,17,831.0,0.1156804036737758,4,40.0,0.410924110252751,28,1386.0
1580.0,24,104.0,0.9904761904761905,4.134898816134657,5,492.0,0.24192197271275304,15,877.0,0.15680468254084776,4,33.0,0.4668417793478853,24,1402.0
1585.0,32,106.0,0.9906542056074766,3.2518618552242655,8,410.0,0.07859859515012085,14,842.0,0.14688235917741832,10,52.0,0.15317529348894318,32,1304.0
1590.0,26,105.0,1.0,3.529127313622192,4,427.0,0.19907170293651666,17,691.0,0.12000780822759342,5,63.0,0.4156746411917391,26,1181.0
1595.0,23,73.0,0.6886792452830188,3.8388732634197726,6,452.0,0.16747655920850946,17,751.0,0.12932802276137073,0,39.0,0.5724113370490708,23,1242.0
1600.0,19,73.0,0.6636363636363637,3.9158733680447084,5,420.0,0.1888440734464645,12,783.0,0.12752719408091165,2,32.0,0.49346665859991257,19,1235.0
1605.0,23,120.0,1.1214953271028036,4.152338928020166,3,330.0,0.1993694899525316,17,828.0,0.1471739735938441,3,32.0,0.3268198126883026,23,1190.0
1610.0,29,151.0,1.411214953271028,3.3020391123005117,2,248.0,0.15849646180880098,18,813.0,0.12904276640538892,9,62.0,0.16127868488952973,29,1123.0
1615.0,27,129.0,1.2403846153846154,3.4955937350157416,3,226.0,0.2612635514262692,21,726.0,0.11022451803261653,3,67.0,0.4412192874922238,27,1019.0
1620.0,24,101.0,0.9711538461538461,3.242512593259373,2,197.0,0.24907555760819022,22,769.0,0.11555548519810409,0,42.0,0.5041620694792542,24,1008.0
1625.0,29,132.0,1.1891891891891893,3.513735544814935,6,221.0,0.2402183710034517,18,828.0,0.11213774431218557,5,55.0,0.3582760540978385,29,1104.0
1630.0,34,177.0,1.5803571428571428,3.6377668306115223,6,216.0,0.18906396136904147,20,887.0,0.11760661246827636,8,89.0,0.29587162009295426,34,1192.0
1635.0,38,241.0,2.1140350877192984,3.396646596465566,12,248.0,0.10441629137309924,15,863.0,0.1482962581745602,11,114.0,0.15485746954601173,38,1225.0
1640.0,37,214.0,1.9454545454545455,3.3308522926545145,9,253.0,0.22001286083510152,21,653.0,0.10616941995547982,7,137.0,0.31392485300867234,37,1043.0
1645.0,31,111.0,0.9652173913043478,3.1753615866555576,10,205.0,0.19192336909265134,16,724.0,0.12797278040433233,5,115.0,0.33233006136961346,31,1044.0
1650.0,30,118.0,0.9915966386554622,4.130363837739354,10,211.0,0.22196178313153278,15,774.0,0.13172258720113256,5,113.0,0.41292818239148893,30,1098.0
1655.0,32,161.0,1.412280701754386,3.9640020550315094,9,255.0,0.11804491046664785,17,822.0,0.1439175435273865,6,112.0,0.26210444249276976,32,1189.0
1660.0,28,125.0,1.146788990825688,3.323905383658647,9,279.0,0.12028295709978733,14,787.0,0.15438510524649857,5,107.0,0.18922250958468576,28,1173.0
1665.0,32,161.0,1.4907407407407407,3.7626565502734572,11,332.0,0.23043787989242495,19,670.0,0.12274465453437779,2,80.0,0.4302295137356527,32,1082.0
1670.0,29,136.0,1.2035398230088497,3.081542530050365,12,334.0,0.1900805878012987,15,687.0,0.10466813294230219,2,68.0,0.34824430930807887,29,1089.0
1675.0,32,133.0,1.1666666666666667,3.756642827825992,11,306.0,0.24063608399149267,16,726.0,0.13583311684580981,5,83.0,0.36087168671434766,32,1115.0
1680.0,29,162.0,1.4594594594594594,3.455787607110502,10,298.0,0.170350490992787,15,773.0,0.1374357551523151,4,78.0,0.17644466180375926,29,1149.0
1685.0,36,168.0,1.5272727272727273,3.1074913015927486,11,348.0,0.11158782820398175,21,756.0,0.12068016071569355,4,76.0,0.20662570573688713,36,1180.0
1690.0,31,151.0,1.4519230769230769,3.1864704050795187,9,359.0,0.22757688362897202,20,629.0,0.11237168374979237,2,59.0,0.4159516786700758,31,1047.0
1695.0,33,139.0,1.2410714285714286,3.1730518535283636,6,321.0,0.2591704747364691,23,712.0,0.1169320416008675,4,62.0,0.34339115102637463,33,1095.0
1700.0,33,149.0,1.2956521739130435,3.5693191532504738,5,346.0,0.31008255621540587,19,763.0,0.11485321015620925,9,91.0,0.34451160031480194,33,1200.0
1705.0,38,194.0,1.6440677966101696,3.1363812368557595,10,374.0,0.10774578124058108,20,820.0,0.12292346169179705,8,82.0,0.11313945135368726,38,1276.0
1710.0,40,312.0,2.7610619469026547,3.8601117792063264,9,386.0,0.13360545232954038,20,905.0,0.16273291743295556,11,108.0,0.17910017839209214,40,1399.0
1715.0,39,352.0,3.229357798165138,3.243994981117303,11,428.0,0.05497585953055741,20,901.0,0.0798164697362924,8,125.0,0.1884685185931814,39,1454.0
1720.0,40,270.0,2.6470588235294117,3.4023127509422535,11,432.0,0.13436683540137154,23,810.0,0.1302469619879383,6,92.0,0.3275822698603581,40,1334.0
1725.0,30,187.0,1.8333333333333333,3.4619688477258155,9,393.0,0.23804320344890545,18,845.0,0.1268496827275008,3,109.0,0.4502332490683726,30,1347.0
1730.0,40,198.0,1.7678571428571428,3.4999855329150455,11,394.0,0.17054141258190442,22,921.0,0.14356231025455868,7,131.0,0.29612815238444345,40,1446.0
1735.0,39,219.0,1.990909090909091,3.135829856702529,11,445.0,0.15155107846664867,16,911.0,0.13893503351091455,12,178.0,0.19907398486453226,39,1534.0
1740.0,39,215.0,2.0093457943925235,3.2448421748772,15,518.0,0.15959835449902768,13,778.0,0.15780700362825165,11,196.0,0.23172749264899503,39,1492.0
1745.0,28,218.0,1.9639639639639639,3.7557383638758,8,513.0,0.227243760829014,7,763.0,0.14905977906545395,13,241.0,0.24388612719001196,28,1517.0
1750.0,25,193.0,1.7545454545454546,4.304553112932318,6,439.0,0.312975089128941,9,771.0,0.17343969059495484,10,249.0,0.27997046246548996,25,1459.0
1755.0,29,172.0,1.5636363636363637,3.809300754602596,6,375.0,0.19538060752123634,15,814.0,0.15862831229725485,8,219.0,0.20230354718771676,29,1408.0
1760.0,26,137.0,1.2342342342342343,3.6151097028689483,5,364.0,0.1869798023242061,17,783.0,0.12364693090243127,4,182.0,0.3027189583088704,26,1329.0
1765.0,31,138.0,1.2432432432432432,3.242920891067953,9,394.0,0.18034972467727112,18,675.0,0.13925273131294663,4,166.0,0.3042526967571877,31,1235.0
1770.0,22,67.0,0.5982142857142857,3.42449906532755,3,395.0,0.2805716765114242,17,707.0,0.11917752009320946,2,150.0,0.3751191462932574,22,1252.0
1775.0,26,99.0,0.8761061946902655,4.134635358043055,5,404.0,0.2581456145465325,16,746.0,0.14502523704343828,5,166.0,0.24571730570036104,26,1316.0
1780.0,31,129.0,1.1517857142857142,3.0123292583401247,11,438.0,0.12608685035486503,15,721.0,0.12801210071378014,5,155.0,0.1845639957928132,31,1314.0
1785.0,26,130.0,1.2149532710280373,3.210700660765849,10,439.0,0.1864731975360689,12,616.0,0.1272222646792907,4,119.0,0.3054190768313457,26,1174.0
1790.0,30,159.0,1.358974358974359,3.7158135053045886,9,386.0,0.2077700277183049,20,529.0,0.15034190645744827,1,105.0,0.4013707915102974,30,1020.0
1795.0,26,148.0,1.2231404958677685,3.9498158806510992,9,428.0,0.2671181258191147,16,542.0,0.13073581655768443,1,83.0,0.4676091821757609,26,1053.0
1800.0,28,124.0,1.0420168067226891,3.7191474787334644,11,475.0,0.10895356717710838,15,565.0,0.14104218076014224,2,51.0,0.36681934184217585,28,1091.0
1805.0,29,157.0,1.3418803418803418,3.955175935149734,11,473.0,0.10345472272722091,14,574.0,0.18595525892135592,4,58.0,0.277014006241431,29,1105.0
1810.0,22,106.0,0.9724770642201835,3.616743573386152,6,412.0,0.2024636105576253,15,567.0,0.1806360534620653,1,41.0,0.2391309270128375,22,1020.0
1815.0,21,77.0,0.6754385964912281,3.5380473171194975,2,341.0,0.21682290811705468,16,498.0,0.14015802292249718,3,45.0,0.2893343659108513,21,884.0
1820.0,25,68.0,0.5862068965517241,4.066094804456077,2,314.0,0.30828581140770417,18,474.0,0.1266546745210081,5,45.0,0.38466165235650224,25,833.0
1825.0,27,88.0,0.7394957983193278,3.465253031735242,8,330.0,0.2166963538205602,13,485.0,0.14125576208810764,6,51.0,0.22795982273089696,27,866.0
1830.0,32,154.0,1.3162393162393162,3.2582862424529813,9,372.0,0.20673994644083674,15,480.0,0.11180181996970939,8,80.0,0.29463176960241083,32,932.0
1835.0,28,165.0,1.3983050847457628,3.230836639246785,11,386.0,0.18160622344734434,11,411.0,0.1506855655706785,6,77.0,0.2818696025528351,28,874.0
1840.0,36,191.0,1.4921875,3.959596891120338,8,391.0,0.24770108048527678,18,359.0,0.13495437009005812,10,87.0,0.32695205822092976,36,837.0
1845.0,36,196.0,1.5433070866141732,3.94882777459631,8,395.0,0.24827165887866617,19,396.0,0.1166968466033593,9,110.0,0.3242873204392222,36,901.0
1850.0,35,164.0,1.3553719008264462,3.4802048814267055,10,389.0,0.12811952176005265,15,388.0,0.17894479195795415,10,95.0,0.22216722048971194,35,872.0
1855.0,29,165.0,1.375,4.241906913723535,7,334.0,0.13522902009143423,14,385.0,0.20544403131648345,8,112.0,0.3078452710162427,29,831.0
1860.0,35,242.0,2.0683760683760686,4.17013928694146,7,353.0,0.13251018600583808,22,431.0,0.19264497992106774,6,130.0,0.19948886131952584,35,914.0
1865.0,38,289.0,2.4913793103448274,3.2321194558699693,10,393.0,0.09471187271225749,22,466.0,0.08866280739761581,6,135.0,0.24351029812238253,38,994.0
1870.0,37,262.0,2.381818181818182,3.1935814003195704,11,447.0,0.19543221528348229,25,469.0,0.08019937852380833,1,110.0,0.3223286276148957,37,1026.0
1875.0,38,288.0,2.5945945945945947,3.4707722277481396,14,512.0,0.17803624245141658,20,527.0,0.12852215342156942,4,88.0,0.3163446524786057,38,1127.0
1880.0,32,226.0,2.036036036036036,3.8625252044062033,11,494.0,0.19924034732704773,17,560.0,0.1636731048864379,4,93.0,0.31438291977202587,32,1147.0
1885.0,35,157.0,1.4272727272727272,2.912609504416894,14,391.0,0.11942856505074696,14,577.0,0.16842886870327545,7,112.0,0.19889388433413058,35,1080.0
1890.0,33,148.0,1.3097345132743363,2.964727974751463,10,389.0,0.1990779726379724,15,533.0,0.13310155668995802,8,124.0,0.22049324782886567,33,1046.0
1895.0,27,112.0,0.9491525423728814,3.4112254665506843,14,452.0,0.15949876703748195,10,539.0,0.1576728740416646,3,136.0,0.2438263574333366,27,1127.0
1900.0,21,87.0,0.7073170731707317,3.6666454720979735,8,455.0,0.14795773503290666,8,542.0,0.15050242359467628,5,159.0,0.1910933394206533,21,1156.0
1905.0,16,60.0,0.5128205128205128,4.012619439089246,2,368.0,0.2410491129444983,10,521.0,0.1822755595930756,4,154.0,0.17568022996929777,16,1043.0
1910.0,19,44.0,0.37606837606837606,3.537246144026375,1,263.0,0.2600843359051254,14,429.0,0.15289053423801122,4,118.0,0.15919139939094903,19,810.0
1915.0,16,47.0,0.39166666666666666,3.8562507405519666,2,210.0,0.3699416446140404,12,460.0,0.14041140252844336,2,123.0,0.23128811871061947,16,793.0
1920.0,17,79.0,0.6422764227642277,4.034147867440161,2,172.0,0.34607095752716116,11,481.0,0.12273831468997731,4,137.0,0.17172672758734975,17,790.0
1925.0,24,152.0,1.2881355932203389,3.939205204915175,4,171.0,0.3187761609109686,15,516.0,0.1338935046074363,5,126.0,0.10988345385704014,24,813.0
1930.0,26,169.0,1.5089285714285714,3.6639739203225727,5,174.0,0.26423246261356986,18,517.0,0.15811030112647778,3,94.0,0.2000971950866032,26,785.0
1935.0,31,178.0,1.5213675213675213,3.3002454668530103,6,202.0,0.26500735568668976,22,468.0,0.1356343946722684,3,56.0,0.2516735447135989,31,726.0
1940.0,25,89.0,0.7478991596638656,3.5397716732957054,2,172.0,0.32199776507801753,20,467.0,0.11937717852541621,3,59.0,0.3437514728196974,25,698.0
1945.0,31,112.0,0.9105691056910569,3.395784036542284,8,145.0,0.2224746272103495,15,504.0,0.11020905605478984,8,80.0,0.23333185413797455,31,729.0
1950.0,29,143.0,1.2016806722689075,3.3082099019710873,11,189.0,0.15998787164729683,13,498.0,0.13878049429330733,5,83.0,0.23594256139599115,29,770.0
1955.0,35,216.0,1.8620689655172413,3.3789152119466026,14,219.0,0.1758754965702638,11,418.0,0.14968179971812012,10,122.0,0.21169200233170596,35,759.0
1960.0,34,199.0,1.6178861788617886,3.34673155861682,14,254.0,0.21536770502316802,11,425.0,0.14140114343459706,9,143.0,0.21440065887401807,34,822.0
1965.0,27,129.0,1.032,3.6473314566483235,9,278.0,0.231466173293803,11,439.0,0.14911933581445605,7,129.0,0.22884627613338338,27,846.0
1970.0,37,183.0,1.4523809523809523,3.5889615238456902,14,327.0,0.06767898121089283,14,467.0,0.14673858122979758,9,122.0,0.18859855689364835,37,916.0
1975.0,35,181.0,1.4715447154471544,3.297970961183622,13,357.0,0.1064570261208032,16,465.0,0.14795355691829015,6,125.0,0.1957995367549927,35,947.0
1980.0,32,140.0,1.2173913043478262,2.992453560180432,6,325.0,0.19051844859287467,19,425.0,0.13205405827675548,7,157.0,0.2029079248888298,32,907.0
1985.0,30,123.0,1.0081967213114753,3.2736461510599617,6,255.0,0.2744827978594501,20,466.0,0.1158826132712295,4,175.0,0.2734650258668023,30,896.0
1990.0,33,157.0,1.256,3.36875814662437,6,282.0,0.2898307567413002,19,520.0,0.11077349494156645,8,203.0,0.21543310219708026,33,1005.0
1995.0,36,188.0,1.504,3.2150283302692078,10,317.0,0.19503116005250182,19,576.0,0.13198807319787728,7,204.0,0.15012543133237968,36,1097.0
2000.0,40,309.0,2.5327868852459017,3.7532997291832313,8,331.0,0.19314066128503132,21,659.0,0.15360445601611566,11,221.0,0.14056423582100352,40,1211.0
2005.0,49,358.0,2.9344262295081966,3.036498504217869,13,372.0,0.10118844434368757,25,680.0,0.09685550669320361,11,241.0,0.07410804399469174,49,1293.0
2010.0,47,322.0,2.849557522123894,2.903820637356716,11,378.0,0.209860057300441,26,648.0,0.12572931520865033,10,237.0,0.16433159261076913,47,1263.0
2015.0,41,240.0,2.1052631578947367,2.539063066164132,9,383.0,0.19131296795751226,23,746.0,0.097134202348065,9,271.0,0.23148114022098493,41,1400.0
2020.0,50,247.0,2.0245901639344264,3.086770744050614,13,440.0,0.16496590323610952,24,829.0,0.13645218618029525,13,326.0,0.1588521666401694,50,1595.0
2025.0,42,206.0,1.7606837606837606,2.542232712202662,14,495.0,0.10320839188621245,18,841.0,0.12653825171061422,10,344.0,0.15487287537947758,42,1680.0
2030.0,41,192.0,1.6271186440677967,2.428380879444585,18,582.0,0.11256963681252517,17,761.0,0.11939247692550124,6,348.0,0.16342073549373476,41,1691.0
2035.0,28,151.0,1.26890756302521,3.300650336487429,11,591.0,0.21876788407053016,12,741.0,0.1538835311032496,5,313.0,0.28356010308501756,28,1645.0
2040.0,28,116.0,0.943089430894309,3.329880432520995,10,530.0,0.19283695648914853,10,756.0,0.16361515851419808,8,344.0,0.19192640953349754,28,1630.0
2045.0,35,195.0,1.5354330708661417,3.4676220334521237,11,531.0,0.1321418255137911,13,788.0,0.14997523718862674,11,385.0,0.14757675965503883,35,1704.0
2050.0,29,179.0,1.4793388429752066,3.0259938935666186,8,563.0,0.12128626913885907,14,768.0,0.14605285160271703,7,351.0,0.12222023886869943,29,1682.0
2055.0,36,206.0,1.6747967479674797,2.895457099598207,11,612.0,0.1400004358001553,18,678.0,0.1198384905371931,7,355.0,0.1748716206332135,36,1645.0
2060.0,24,81.0,0.6532258064516129,3.1217612656002705,4,591.0,0.25445468525161896,18,749.0,0.10374687584657494,2,321.0,0.23703875586287368,24,1661.0
2065.0,30,91.0,0.7109375,3.4549543882660894,5,502.0,0.19355142732468184,16,792.0,0.13043819015309568,9,297.0,0.17093603490202233,30,1591.0
2070.0,29,152.0,1.2258064516129032,3.5753425744440333,5,523.0,0.18966738391301952,17,852.0,0.139764284340388,7,290.0,0.1485554955005348,29,1665.0
2075.0,23,137.0,1.1512605042016806,3.0868312206522877,2,440.0,0.11871868558827808,16,823.0,0.13947754164261297,5,282.0,0.10626817806481736,23,1545.0
2080.0,33,152.0,1.256198347107438,2.7992118209724652,4,414.0,0.22922360510526507,21,664.0,0.10060296975657447,8,248.0,0.21236792491983603,33,1326.0
2085.0,27,119.0,0.9596774193548387,3.0999695980690802,1,393.0,0.28592391334743394,19,711.0,0.12083594061610635,7,277.0,0.23378256908710296,27,1381.0
2090.0,23,86.0,0.6771653543307087,3.4790685126995258,5,397.0,0.2325365011947834,14,755.0,0.13282234373021568,4,276.0,0.20012534527641815,23,1428.0
2095.0,33,163.0,1.2936507936507937,3.8852332142983563,6,371.0,0.21039209954080954,19,811.0,0.15014170215322806,8,298.0,0.16608861805358033,33,1480.0
2100.0,31,162.0,1.3846153846153846,2.62914843206276,3,345.0,0.10254344827967164,17,794.0,0.1378168608828572,11,300.0,0.08192971445730018,31,1439.0
2105.0,33,146.0,1.2166666666666666,2.9769013871296193,3,318.0,0.1983802569071309,19,658.0,0.11665999832965948,11,267.0,0.19800722812052923,33,1243.0
2110.0,30,140.0,1.12,3.201744120814959,3,295.0,0.2203953215834759,19,739.0,0.1118825748214571,8,273.0,0.26400454328528566,30,1307.0
2115.0,34,152.0,1.1428571428571428,2.9108541751538706,7,319.0,0.16487205562111804,16,789.0,0.10648229230922876,11,321.0,0.17016790981869245,34,1429.0
2120.0,40,222.0,1.734375,3.3190362369239645,7,321.0,0.1464988332299763,19,845.0,0.1235664129487408,14,385.0,0.15469382947111163,40,1551.0
2125.0,47,325.0,2.559055118110236,3.3378368237135243,12,354.0,0.05420937632870987,22,925.0,0.15778777481211176,13,408.0,0.0799005146328745,47,1687.0
2130.0,49,483.0,4.0588235294117645,3.6874090810061233,9,343.0,0.11762746904636226,28,1043.0,0.10862812081388783,12,443.0,0.13101024090336225,49,1829.0
2135.0,51,484.0,4.4,2.5675601057465984,8,281.0,0.12605236747167523,31,1076.0,0.07632625454135746,12,453.0,0.10206491784480069,51,1810.0
2140.0,50,396.0,3.63302752293578,2.15696287931642,10,282.0,0.17670313796350867,28,988.0,0.08727446985572082,12,419.0,0.15551309107960673,50,1689.0
2145.0,49,353.0,3.0695652173913044,2.5499914995092365,10,327.0,0.20566093995043339,26,1099.0,0.11507545102595862,13,484.0,0.202335327993481,49,1910.0
2150.0,48,330.0,2.75,2.7993906383083744,11,356.0,0.18094373329776015,25,1206.0,0.14097369350444425,12,527.0,0.14863508712976453,48,2089.0
2155.0,41,270.0,2.25,3.1390406791740486,13,416.0,0.12398927314080141,15,1168.0,0.14119293481101844,13,592.0,0.11937031980697115,41,2176.0
2160.0,36,264.0,2.3157894736842106,2.5103462650249933,16,492.0,0.11936720168881679,10,986.0,0.13053343116692417,10,589.0,0.17110993829303342,36,2067.0
2165.0,34,222.0,1.865546218487395,2.908656192427252,15,502.0,0.17395504561962608,9,1028.0,0.14346451527063492,10,580.0,0.20345917188332568,34,2110.0
2170.0,32,213.0,1.717741935483871,3.450108026743783,12,389.0,0.19385361856595504,12,1059.0,0.13829633377177797,8,516.0,0.23186038644400636,32,1964.0
2175.0,39,217.0,1.682170542635659,3.229093839807487,15,406.0,0.1053487341607429,12,997.0,0.131635431308558,12,558.0,0.11524251010240132,39,1961.0
2180.0,33,217.0,1.7642276422764227,3.251298002848029,11,423.0,0.22131840111601694,13,817.0,0.10842059134843605,9,508.0,0.22459158648411354,33,1748.0
2185.0,36,269.0,2.134920634920635,3.278377483775526,10,469.0,0.2274520566456601,17,686.0,0.14704866096471952,9,547.0,0.22066339605169025,36,1702.0
2190.0,27,156.0,1.2380952380952381,3.4345377592440274,8,508.0,0.27605077226705066,15,736.0,0.14099929422341936,4,522.0,0.2956156184780487,27,1766.0
2195.0,24,95.0,0.7364341085271318,3.551221469777019,5,502.0,0.22127687800248838,12,752.0,0.14122013271118092,7,509.0,0.1808024601576456,24,1763.0
2200.0,35,200.0,1.5267175572519085,3.730146339373538,12,528.0,0.10658036705535014,13,761.0,0.1839853634597943,10,500.0,0.0886757612842999,35,1789.0
2205.0,33,194.0,1.6166666666666667,3.363376917222185,11,530.0,0.12717191068175634,14,736.0,0.16807046414399193,8,441.0,0.18303089048761234,33,1707.0
2210.0,34,150.0,1.2396694214876034,3.053576413464426,9,471.0,0.15419426929134336,19,636.0,0.13965856150214107,6,393.0,0.17943161815887748,34,1500.0
2215.0,34,150.0,1.1904761904761905,3.601268356383055,9,396.0,0.23210741062754017,18,663.0,0.1156549358036015,7,390.0,0.27953611955680147,34,1449.0
2220.0,32,163.0,1.2834645669291338,3.431344977361025,8,439.0,0.19869901639010742,15,704.0,0.12060599040161915,9,427.0,0.18732905504227623,32,1570.0
2225.0,47,270.0,2.16,3.6273647442491956,13,494.0,0.14485675713281737,21,750.0,0.13783022095268088,13,489.0,0.1549103702863094,47,1733.0
2230.0,38,290.0,2.457627118644068,3.5860275900205028,8,511.0,0.16355308990636777,20,839.0,0.16528445247579565,10,497.0,0.14459174403143127,38,1847.0
2235.0,46,394.0,3.310924369747899,3.514102461112005,10,541.0,0.12679071303613956,22,836.0,0.08960401836015056,14,523.0,0.12868485335454236,46,1900.0
2240.0,48,362.0,3.290909090909091,3.365480803960553,10,542.0,0.24144687703270207,26,687.0,0.08488355993008678,12,527.0,0.22288455769051863,48,1756.0
2245.0,44,269.0,2.4234234234234235,2.656284922096983,10,488.0,0.20478856514933969,20,786.0,0.1635477846904015,14,473.0,0.17041036424068634,44,1747.0
2250.0,48,282.0,2.389830508474576,3.2761339122706663,11,488.0,0.2299914630409877,23,864.0,0.1471891683669947,14,542.0,0.17029831560515346,48,1894.0
2255.0,44,230.0,1.9827586206896552,2.8166977742372974,11,538.0,0.12337639142625335,17,847.0,0.13487512517023928,16,621.0,0.06644461679438098,44,2006.0
2260.0,40,227.0,1.9075630252100841,2.991473088251866,13,544.0,0.18272161254492827,11,660.0,0.14453817456595894,16,642.0,0.15020904796941473,40,1846.0
2265.0,25,138.0,1.1896551724137931,3.606913786488843,6,556.0,0.26935471894382323,7,661.0,0.18655704733910694,12,647.0,0.22941814254244153,25,1864.0
2270.0,19,60.0,0.5042016806722689,3.573098700979924,5,566.0,0.187029359626872,6,670.0,0.1410745044549879,8,649.0,0.19677130252979047,19,1885.0
2275.0,24,71.0,0.6173913043478261,3.2891798312998963,5,526.0,0.16203738305323134,8,608.0,0.14243738618164373,11,668.0,0.13567599283393808,24,1802.0
2280.0,20,68.0,0.6296296296296297,3.0538150277831515,2,377.0,0.2089475679424782,8,519.0,0.14930725799217284,10,646.0,0.1448339312316623,20,1542.0
2285.0,14,47.0,0.42342342342342343,3.457398822942221,2,341.0,0.2453185589864674,6,537.0,0.16724740769363583,6,548.0,0.2145614892076454,14,1426.0
2290.0,15,67.0,0.5982142857142857,4.206768165476737,1,334.0,0.2681360200218942,8,540.0,0.14016750100228076,6,410.0,0.2701824716604869,15,1284.0
2295.0,23,94.0,0.8173913043478261,3.3921146367021304,6,352.0,0.11627888500398417,12,512.0,0.09134576174150572,5,354.0,0.16281345236642078,23,1218.0
2300.0,19,105.0,1.0,3.9044015576734794,6,329.0,0.28289289104735993,9,426.0,0.1478010810876088,4,341.0,0.30573104260089323,19,1096.0
2305.0,24,125.0,1.1574074074074074,4.027397710539598,7,249.0,0.2899508699472488,9,294.0,0.18259865480304036,8,364.0,0.28288728926094975,24,907.0
2310.0,10,18.0,0.16666666666666666,4.269782996694979,4,214.0,0.3092433106159576,4,291.0,0.19234431292404652,2,336.0,0.3432940401004546,10,841.0
2315.0,21,80.0,0.7272727272727273,4.381214047023201,6,239.0,0.18237125454729264,9,311.0,0.1779270331569528,6,320.0,0.22929164773128205,21,870.0
2320.0,22,74.0,0.6981132075471698,3.256947395459883,5,221.0,0.12110061089072265,8,297.0,0.16369578374158938,9,314.0,0.10142191036315025,22,832.0
2325.0,10,41.0,0.41,4.069534508256733,1,164.0,0.31668735438068524,4,222.0,0.22294509502448265,5,271.0,0.24838915960451607,10,657.0
2330.0,9,41.0,0.3761467889908257,5.02201621225685,1,109.0,0.2958645025218273,4,139.0,0.2557902745609404,4,225.0,0.3263019295315577,9,473.0
2335.0,9,56.0,0.5045045045045045,5.624586844270193,3,76.0,0.3592397786302472,2,78.0,0.2651345647554194,4,177.0,0.36190456658254216,9,331.0
2340.0,11,94.0,0.8468468468468469,5.552300309071195,3,72.0,0.35692104570956557,3,67.0,0.2915206391870049,5,171.0,0.3386451975221912,11,310.0
2345.0,10,102.0,0.918918918918919,5.615807402235498,4,79.0,0.345967739558229,1,47.0,0.3720250711032522,5,173.0,0.35572655896044814,10,299.0
2350.0,10,32.0,0.2909090909090909,5.240608343148181,2,58.0,0.2862309651474765,7,56.0,0.37075019719181795,1,145.0,0.2794791381837197,10,259.0
2355.0,18,63.0,0.5675675675675675,3.678463444884417,4,56.0,0.17393891124608635,8,79.0,0.263420747586721,6,147.0,0.12475675040701334,18,282.0
2360.0,22,60.0,0.5714285714285714,3.994203532657432,7,66.0,0.22386974088777042,7,78.0,0.19349663833960515,8,148.0,0.2077184788147622,22,292.0
2365.0,21,68.0,0.6538461538461539,4.309867654194915,6,49.0,0.26135653893858907,7,76.0,0.31499244698888507,8,111.0,0.22976218673511906,21,236.0
2370.0,10,50.0,0.46296296296296297,5.279461903975674,4,38.0,0.3243978769075206,4,71.0,0.3478687170349817,2,93.0,0.31619029540597454,10,202.0
2375.0,20,119.0,1.0818181818181818,5.721069370924216,9,59.0,0.25419395438136577,4,77.0,0.41273251438757325,7,92.0,0.3050774561465172,20,228.0
2380.0,16,47.0,0.4351851851851852,4.491101699497624,8,74.0,0.1731565674183938,1,41.0,0.43311473272778067,7,101.0,0.20028914627346064,16,216.0
2385.0,12,35.0,0.35353535353535354,4.567612284990823,3,55.0,0.1940021118163239,7,41.0,0.3986962532190137,2,74.0,0.21676720429844593,12,170.0
2390.0,12,28.0,0.27184466019417475,5.098263409328074,2,33.0,0.2566080644170975,9,67.0,0.3206264371265022,1,35.0,0.23274693107518413,12,135.0
2395.0,8,23.0,0.22330097087378642,6.663344834839028,2,23.0,0.3851695030593969,4,66.0,0.40378363776970994,2,28.0,0.4319428662093777,8,117.0
2400.0,6,34.0,0.3300970873786408,6.329307745798288,2,25.0,0.410434257705482,2,63.0,0.32979712819514323,2,29.0,0.3937707433750905,6,117.0
2405.0,17,100.0,0.9615384615384616,6.084584361266601,4,37.0,0.4426124026614359,9,93.0,0.18920885221561226,4,37.0,0.42404192865270635,17,167.0
2410.0,16,97.0,0.9797979797979798,5.53773816152761,2,22.0,0.4155787196098576,10,114.0,0.15682664598597137,4,56.0,0.4500878019442372,16,192.0
2415.0,17,51.0,0.5151515151515151,5.274688348628832,8,32.0,0.35755520998992074,9,107.0,0.14831837607575793,0,30.0,0.4905531514465104,17,169.0
2420.0,14,59.0,0.6344086021505376,6.279087267699095,5,49.0,0.42039187477368933,7,88.0,0.2218656367724072,2,12.0,0.510504480758292,14,149.0
2425.0,20,51.0,0.5862068965517241,5.146320342285142,6,47.0,0.35605244195653984,9,88.0,0.26434984095803105,5,25.0,0.3690158018313743,20,160.0
2430.0,9,34.0,0.4,5.801585760913719,4,43.0,0.47253846889042705,1,72.0,0.319031106712192,4,38.0,0.4293038260733656,9,153.0
2435.0,12,78.0,0.8863636363636364,6.2194949011756515,2,42.0,0.5214961852635527,7,87.0,0.24005798723987806,3,46.0,0.45004580096948504,12,175.0
2440.0,17,113.0,1.1894736842105262,5.646130534119764,4,60.0,0.3795787874641405,7,101.0,0.2552147699150969,6,66.0,0.3330486792890386,17,227.0
2445.0,14,145.0,1.576086956521739,6.084381751347611,5,72.0,0.3929828471359334,4,86.0,0.2893387322365646,5,87.0,0.43816321157667487,14,245.0
2450.0,12,94.0,1.0,5.469105191054448,7,88.0,0.38794678315783704,3,56.0,0.19902965865862046,2,58.0,0.4407697309370612,12,202.0
2455.0,8,32.0,0.3516483516483517,6.506617680827469,2,58.0,0.492054787279441,2,46.0,0.26630997607422713,4,24.0,0.5028741780267967,8,128.0
2460.0,13,61.0,0.6853932584269663,6.355178533406525,6,29.0,0.4227331168912291,2,39.0,0.31296746711661555,5,33.0,0.4009358480908211,13,101.0
2465.0,15,78.0,0.8863636363636364,6.8708401896950875,6,41.0,0.3632985549247569,4,51.0,0.5233544395756218,5,43.0,0.4215075130184349,15,135.0
2470.0,6,12.0,0.14285714285714285,6.778089653013596,3,33.0,0.41965816567644887,1,26.0,0.5632919777977433,2,37.0,0.3970230709351048,6,96.0
2475.0,17,59.0,0.6344086021505376,5.895063620717116,2,23.0,0.3623573695235704,6,32.0,0.3376607990484373,9,59.0,0.21008029236553738,17,114.0
2480.0,18,68.0,0.7816091954022989,6.045207956457577,2,24.0,0.5551722326431962,7,54.0,0.2903737160335146,9,83.0,0.23041671325432037,18,161.0
2485.0,16,43.0,0.4942528735632184,5.765936792769406,4,27.0,0.52815508591966,5,53.0,0.2677223007803387,7,78.0,0.2328636137589812,16,158.0
2490.0,5,20.0,0.22727272727272727,7.366425748579633,1,7.0,0.5684605561565431,2,43.0,0.4116534255961944,2,52.0,0.46118711133433304,5,102.0
2495.0,11,62.0,0.7126436781609196,7.9984969416135145,6,23.0,0.4629800417733012,3,34.0,0.46734020030401835,2,44.0,0.5497883035596097,11,101.0
2500.0,14,86.0,0.9885057471264368,7.650590042927825,6,41.0,0.3546244727254481,4,39.0,0.5142210196084865,4,39.0,0.5359170136378044,14,119.0
2505.0,3,5.0,0.06172839506172839,7.4716002670770765,0,23.0,0.41799934828329394,2,21.0,0.5098521442481991,1,16.0,0.520871819422914,3,60.0
2510.0,13,53.0,0.6235294117647059,6.3954691134895185,0,4.0,0.41609207247534197,7,36.0,0.2788403410182569,6,25.0,0.22645877791523308,13,65.0
2515.0,17,57.0,0.7215189873417721,6.375311670194006,2,6.0,0.6096604124123943,9,66.0,0.2712384760552487,6,44.0,0.1459112183285296,17,116.0
2520.0,6,18.0,0.26865671641791045,6.116121301846805,1,4.0,0.5963377868748129,3,68.0,0.2852350557713926,2,36.0,0.3246027514547105,6,108.0
2525.0,12,40.0,0.5405405405405406,7.883888386818527,6,21.0,0.4659322628382632,4,60.0,0.40557386724984346,2,24.0,0.5897042598473803,12,105.0
2530.0,5,43.0,0.6231884057971014,8.77738769218328,1,25.0,0.5565820767411883,2,46.0,0.5421214053398127,2,23.0,0.6912452866207053,5,94.0
2535.0,10,71.0,0.9861111111111112,8.31326893470359,2,12.0,0.4594373303700931,4,46.0,0.5722194937248766,4,34.0,0.6174847076313376,10,92.0
2540.0,5,17.0,0.2328767123287671,8.184047119992915,3,14.0,0.5223992282073261,1,23.0,0.5458464554182749,1,13.0,0.5666803578105616,5,50.0
2545.0,21,69.0,0.8846153846153846,6.185317023938544,5,25.0,0.389273074196662,8,32.0,0.22689966660322258,8,23.0,0.1767363994454493,21,80.0
2550.0,14,43.0,0.6056338028169014,6.076485238703418,2,8.0,0.5492030485713287,7,54.0,0.18583866229342205,5,41.0,0.28364614178054204,14,103.0
2555.0,9,23.0,0.36507936507936506,7.128232341733399,5,18.0,0.3963380054835031,2,46.0,0.35392043218425584,2,35.0,0.5247522389088433,9,99.0
2560.0,9,25.0,0.3968253968253968,7.613660776182365,5,33.0,0.3665395716294177,2,24.0,0.4830128664513143,2,24.0,0.6249670743166859,9,81.0
2565.0,4,24.0,0.375,8.671607241954463,1,24.0,0.5164886331465119,2,22.0,0.7289659371296242,1,20.0,0.6112703005232699,4,66.0
2570.0,12,63.0,0.9,7.480543690396122,2,14.0,0.42873988911260436,4,30.0,0.5222145565041332,6,41.0,0.4273591743527156,12,85.0
2575.0,8,41.0,0.5942028985507246,7.376300658759345,3,23.0,0.5717290598114676,1,12.0,0.58746446521901,4,49.0,0.33842737435419606,8,84.0
2580.0,8,20.0,0.30303030303030304,7.4348018499098325,2,7.0,0.4985042927345786,4,18.0,0.5300418663767024,2,36.0,0.30719129482892765,8,61.0
2585.0,7,23.0,0.32857142857142857,7.607174310107302,5,16.0,0.3875869666845135,0,18.0,0.4677151087492023,2,25.0,0.3953901088544509,7,59.0
2590.0,5,28.0,0.4666666666666667,8.814949290453693,3,26.0,0.490704772824832,0,2.0,0.6629815841510697,2,26.0,0.6354061737303325,5,54.0
2595.0,8,41.0,0.6612903225806451,8.669410427934043,2,20.0,0.5147236206525556,2,5.0,0.6513676191200649,4,39.0,0.5506915241938026,8,64.0
2600.0,6,28.0,0.45901639344262296,9.744122629743472,3,16.0,0.6411307500784663,2,15.0,0.7634751597081009,1,17.0,0.5879957024854784,6,48.0
2605.0,13,40.0,0.5970149253731343,7.911498001219147,2,0.0,0.6253727274830938,4,23.0,0.5111887550777405,7,20.0,0.3059873379417894,13,43.0
2610.0,5,11.0,0.18333333333333332,7.274595312509609,1,2.0,0.6312770997601679,0,6.0,0.43391208403906334,4,28.0,0.27684831806254834,5,36.0
2615.0,8,17.0,0.3333333333333333,6.55896615122671,2,9.0,0.48357686768119523,5,14.0,0.27012523584413023,1,22.0,0.31368690997740606,8,45.0
2620.0,7,19.0,0.3584905660377358,7.338728671958317,2,12.0,0.39012429961639267,2,27.0,0.4566025291761426,3,15.0,0.4280192008052894,7,54.0
2625.0,3,17.0,0.32075471698113206,9.49333352624569,1,6.0,0.5353038738069494,0,9.0,0.7769191297326288,2,21.0,0.6935647525967784,3,36.0
2630.0,9,49.0,0.8032786885245902,8.736593186937299,5,24.0,0.492818856169128,0,0.0,0.6092865273341145,4,32.0,0.564434679050961,9,56.0
2635.0,5,13.0,0.23214285714285715,8.977050042384134,2,23.0,0.6089544988020893,2,6.0,0.5921639969771021,1,13.0,0.6705350097948377,5,42.0
2640.0,7,30.0,0.5769230769230769,7.7289866236973275,0,8.0,0.5097585485030023,2,18.0,0.4846632838663283,5,16.0,0.4311870045270213,7,42.0
2645.0,9,47.0,0.8867924528301887,7.454877823013591,3,7.0,0.4689461193994766,4,38.0,0.5092350900381775,2,21.0,0.3728487519160682,9,66.0
2650.0,3,18.0,0.35294117647058826,8.476212399370032,2,17.0,0.5824689865239161,1,21.0,0.6302986838181616,0,2.0,0.49983106220033624,3,40.0
2655.0,6,40.0,0.6779661016949152,9.081350597373078,4,32.0,0.5060135830016281,1,10.0,0.6127909709695162,1,2.0,0.5208132154180427,6,44.0
2660.0,4,10.0,0.17857142857142858,9.373532692024503,2,12.0,0.5360846159203351,0,3.0,0.669835174950516,2,9.0,0.6195864514122116,4,24.0
2665.0,14,33.0,0.5892857142857143,8.020259504834652,5,13.0,0.41484699147775894,4,2.0,0.5208091887143358,5,22.0,0.43442267881050434,14,37.0
2670.0,3,6.0,0.12244897959183673,8.129537767092634,1,17.0,0.6105072040815821,2,3.0,0.4190905925769561,0,8.0,0.6378275260515899,3,28.0
2675.0,8,35.0,0.7608695652173914,8.12711418472532,0,4.0,0.5694698503472716,7,32.0,0.25477807790790924,1,7.0,0.5585324273797979,8,43.0
2680.0,6,15.0,0.3,7.286948339832462,3,4.0,0.3651630291657736,3,44.0,0.40917042134205145,0,5.0,0.5633576075598157,6,53.0
2685.0,7,27.0,0.5625,8.798983010407824,6,30.0,0.4937447713681001,0,12.0,0.6516588679844958,1,2.0,0.7023329969109611,7,44.0
2690.0,7,13.0,0.24074074074074073,7.220461901016942,4,38.0,0.3721924715721685,3,17.0,0.4399140114233183,0,2.0,0.6734512947410846,7,57.0
2695.0,11,49.0,0.8909090909090909,7.775633233887004,3,22.0,0.44681338077651445,6,43.0,0.5177608084160977,2,10.0,0.6673862409327337,11,75.0
2700.0,7,48.0,0.9056603773584906,7.157206052751929,2,23.0,0.3939042101950545,2,41.0,0.4832711208567387,3,18.0,0.4839822690730047,7,82.0
2705.0,10,85.0,1.3709677419354838,8.268511777453885,4,42.0,0.5304593762178875,2,17.0,0.5553700073639444,4,40.0,0.48035396032228733,10,99.0
2710.0,3,19.0,0.30158730158730157,9.003377012965112,0,16.0,0.6258312825216151,2,17.0,0.5995417796400031,1,20.0,0.5485468198118122,3,53.0
2715.0,10,56.0,0.8235294117647058,9.004313345301354,2,9.0,0.6032916775911776,4,33.0,0.43549359231677975,4,18.0,0.5532710158104238,10,60.0
2720.0,4,11.0,0.1864406779661017,7.576639605194061,1,11.0,0.5351288582514894,1,13.0,0.4445413625242249,2,22.0,0.5016554930890871,4,46.0
2725.0,11,12.0,0.19047619047619047,6.596776551888486,3,4.0,0.40631453246360016,6,16.0,0.34518289941350216,2,4.0,0.36114680450473396,11,24.0
2730.0,6,19.0,0.296875,8.447329561467395,2,5.0,0.39511482123282954,1,24.0,0.6039498025486336,3,11.0,0.5264043933154933,6,40.0
2735.0,8,45.0,0.7377049180327869,9.027611804416736,6,28.0,0.37560434511142865,0,9.0,0.696341093321958,2,22.0,0.6293126990468197,8,59.0
2740.0,9,55.0,0.9166666666666666,8.163773630367348,3,40.0,0.3701880088175341,2,5.0,0.5890895950340952,4,39.0,0.5741222085105316,9,84.0
2745.0,4,17.0,0.288135593220339,8.925611003993762,1,19.0,0.5520353461267444,2,17.0,0.626421048941369,1,17.0,0.623989813758901,4,53.0
2750.0,10,44.0,0.6984126984126984,7.920193625154975,1,4.0,0.5517487013340977,4,31.0,0.5305567473834903,5,16.0,0.3549912269840972,10,51.0
2755.0,9,62.0,1.0163934426229508,8.537441016203815,2,9.0,0.6460660412913404,4,49.0,0.67005998186802,3,22.0,0.4035823137302129,9,80.0
2760.0,5,23.0,0.38333333333333336,8.001083360544685,3,20.0,0.5862403031364468,2,25.0,0.5291369664284629,0,10.0,0.4475549238105909,5,55.0
2765.0,11,68.0,1.0303030303030303,8.765411871833571,4,39.0,0.4968920906410992,5,23.0,0.5496085434873592,2,11.0,0.538494009977081,11,73.0
2770.0,8,34.0,0.5151515151515151,7.642556450903626,3,20.0,0.34074708228484885,3,27.0,0.46102716882738776,2,18.0,0.5689187318103267,8,65.0
2775.0,9,28.0,0.417910447761194,7.17155788353414,5,24.0,0.3890641796407221,3,25.0,0.3367275100443904,1,4.0,0.5644370982220116,9,53.0
2780.0,8,36.0,0.5806451612903226,9.213167549504906,4,33.0,0.5919840071451179,2,23.0,0.5014341147301813,2,9.0,0.7401661147740337,8,65.0
2785.0,9,26.0,0.45614035087719296,7.562699065056295,3,21.0,0.46753433799283844,4,29.0,0.3865802898710739,2,5.0,0.5171701801562045,9,55.0
2790.0,9,65.0,1.1403508771929824,8.898557835599375,3,13.0,0.4906672539814676,4,47.0,0.6224021584944651,2,11.0,0.6263727861914388,9,71.0
2795.0,3,21.0,0.35,9.108267210026575,0,2.0,0.4723279323226387,0,19.0,0.695133474400481,3,21.0,0.6153489195001853,3,42.0
2800.0,10,54.0,0.8709677419354839,8.345047068774115,5,17.0,0.3149570150256262,1,7.0,0.5294207799704352,4,36.0,0.5314377394802152,10,60.0
2805.0,6,17.0,0.30357142857142855,7.101160553722837,4,28.0,0.3885461919430809,1,7.0,0.4892810148178759,1,12.0,0.3832610836037355,6,47.0
2810.0,10,23.0,0.40350877192982454,7.31451227482323,3,25.0,0.45288088089411627,1,5.0,0.49576753580898203,6,21.0,0.35578767003585743,10,51.0
2815.0,6,22.0,0.4074074074074074,8.845325857992977,2,18.0,0.6706240477710582,2,5.0,0.5869046894249942,2,28.0,0.5434657069605887,6,51.0
2820.0,7,45.0,0.8823529411764706,8.675176025948263,3,23.0,0.523443722525688,4,27.0,0.5290846089055873,0,9.0,0.5822029737036337,7,59.0
2825.0,6,47.0,0.8245614035087719,8.928235320911105,4,42.0,0.5455551954875102,0,24.0,0.5627960000796711,2,5.0,0.5342244069039794,6,71.0
2830.0,3,15.0,0.2777777777777778,9.150469146771494,1,17.0,0.4839451038050692,0,0.0,0.7095781327981557,2,17.0,0.6215031355755264,3,34.0
2835.0,11,47.0,0.8545454545454545,8.482056834954033,5,15.0,0.38445087995022864,2,3.0,0.5496604607191377,4,33.0,0.5995805905692845,11,51.0
2840.0,8,59.0,1.1346153846153846,8.406904099247052,2,22.0,0.5375631690456291,2,3.0,0.5013543886001823,4,51.0,0.5952049718963011,8,76.0
2845.0,13,24.0,0.4444444444444444,6.581171703206682,3,8.0,0.3956748473812722,7,23.0,0.37453474382872376,3,25.0,0.38121756987299904,13,56.0
2850.0,9,27.0,0.5,7.9514968922445535,3,11.0,0.5363035149491551,1,23.0,0.5595340035166954,5,13.0,0.33115062482633834,9,47.0
2855.0,4,11.0,0.21153846153846154,8.12020009243689,2,6.0,0.5473763235281099,0,5.0,0.6202499371394711,2,21.0,0.5083317305580759,4,32.0
2860.0,7,27.0,0.46551724137931033,8.750907998483676,3,21.0,0.5660376361268439,2,6.0,0.6038168952981257,2,14.0,0.5816288635457383,7,41.0
2865.0,6,30.0,0.5454545454545454,9.541911563883808,1,16.0,0.6498532049893524,2,16.0,0.7146610459346158,3,16.0,0.6914930034663518,6,48.0
2870.0,10,55.0,0.9322033898305084,8.010522733109983,2,5.0,0.46562162600843715,4,30.0,0.49887526519338493,4,26.0,0.5660015874811567,10,61.0
2875.0,3,15.0,0.25,9.183978933018688,2,13.0,0.5313806942279063,0,12.0,0.712830250572895,1,10.0,0.6384730568324449,3,35.0
2880.0,9,47.0,0.7833333333333333,8.793641920046042,2,23.0,0.4930292756006433,3,11.0,0.6628443058390445,4,17.0,0.2986885813327369,9,51.0
2885.0,9,52.0,0.8666666666666667,7.191169958624924,4,40.0,0.4799451001529365,0,10.0,0.5487002133727354,5,32.0,0.20714542306707567,9,82.0
2890.0,0,0.0,0.0,8.704767971547339,0,15.0,0.5580007452769139,0,2.0,0.6408649773808487,0,17.0,0.6091019655809878,0,34.0
2895.0,6,12.0,0.21052631578947367,8.399878624839573,4,11.0,0.4623087793069807,2,5.0,0.5878128426647726,0,0.0,0.6035710845964564,6,16.0
2900.0,7,26.0,0.4482758620689655,9.766275302791705,2,17.0,0.5846978647014358,2,15.0,0.7567769456172277,3,9.0,0.692583200367912,7,41.0
2905.0,14,46.0,0.7540983606557377,8.326928941431644,2,5.0,0.5514639657910788,6,27.0,0.5534928671532072,6,21.0,0.5576878053442216,14,53.0
2910.0,3,7.0,0.11475409836065574,9.08987175055519,3,7.0,0.6553827057197561,0,10.0,0.6539261325324747,0,8.0,0.575878229526776,3,25.0
2915.0,9,37.0,0.5967741935483871,7.842262420160446,2,17.0,0.6356254979447797,2,9.0,0.5413829008401705,5,13.0,0.16673191690680758,9,39.0
2920.0,15,58.0,0.9354838709677419,6.601682011627913,4,37.0,0.5135312475563283,3,17.0,0.41257106378626557,8,31.0,0.23796627487612726,15,85.0
2925.0,1,1.0,0.01818181818181818,9.200484614430119,1,19.0,0.7123480629576715,0,16.0,0.7117568948098624,0,16.0,0.573447988974435,1,51.0
2930.0,3,7.0,0.1111111111111111,9.317007953127183,2,8.0,0.5685427534655002,1,6.0,0.6034410385415611,0,3.0,0.6512469250086265,3,17.0
2935.0,5,18.0,0.2857142857142857,9.979268905050139,0,4.0,0.6511562485908168,2,13.0,0.7022962085147927,3,7.0,0.7078825572765366,5,24.0
2940.0,5,38.0,0.6666666666666666,9.461568950755328,1,0.0,0.644529285281456,2,23.0,0.5905121661785714,2,17.0,0.6726539669757443,5,40.0
2945.0,7,45.0,0.7377049180327869,9.277799847755977,2,8.0,0.646258230444428,1,5.0,0.6049166405341428,4,36.0,0.597426914010879,7,49.0
2950.0,7,32.0,0.5161290322580645,8.636463211023486,2,18.0,0.5440398536855656,4,15.0,0.549512650141727,1,16.0,0.4564666118634081,7,49.0
2955.0,13,63.0,0.984375,7.699026941534129,4,33.0,0.49231813313292966,5,31.0,0.4369826482003108,4,12.0,0.24399564376328944,13,76.0
2960.0,2,9.0,0.16666666666666666,8.743079983653713,0,13.0,0.620195779153328,2,33.0,0.49249495993700904,0,14.0,0.6326414341480526,2,60.0
2965.0,14,30.0,0.5555555555555556,7.2959552653726965,7,18.0,0.4039401351890804,3,23.0,0.4077984228428654,4,1.0,0.5079270942695138,14,42.0
2970.0,10,73.0,1.3773584905660377,8.099728488572877,6,46.0,0.48122445216161597,3,29.0,0.5272347426894003,1,2.0,0.6428919237139981,10,77.0
2975.0,6,24.0,0.4444444444444444,7.659559630177182,4,49.0,0.4032826387627347,0,9.0,0.6472645125784647,2,11.0,0.6010353056636335,6,69.0
2980.0,3,9.0,0.15789473684210525,7.021544320776495,2,21.0,0.38065183904974853,1,6.0,0.5052327269036416,0,7.0,0.4424367281535365,3,34.0
2985.0,4,11.0,0.19642857142857142,7.383478700352242,4,25.0,0.34791591403039834,0,8.0,0.7378777419148128,0,0.0,0.5317833079717862,4,33.0
2990.0,12,53.0,0.8548387096774194,6.905711417472545,10,68.0,0.2850414587335446,1,5.0,0.6277233458221296,1,0.0,0.4176269784398707,12,73.0
2995.0,20,125.0,2.0491803278688523,6.893811008761933,17,132.0,0.28641930725257436,1,6.0,0.6834560378425011,2,7.0,0.6063417917686519,20,145.0
3000.0,19,136.0,2.2295081967213113,5.4551311376451626,13,166.0,0.18473515392879417,4,21.0,0.39001046943623885,2,17.0,0.4030920141023968,19,204.0
3005.0,14,73.0,1.140625,6.088296048197719,9,139.0,0.20239216018161166,1,20.0,0.47213436778924084,4,36.0,0.4881625041664116,14,195.0
3010.0,7,75.0,1.2295081967213115,8.079505361172876,3,107.0,0.4355962039351516,0,4.0,0.6562176000253446,4,58.0,0.48348040075341864,7,169.0
3015.0,12,89.0,1.3484848484848484,7.2142230739597855,3,95.0,0.4310179728125239,2,3.0,0.5954050056291111,7,84.0,0.4382127854154207,12,182.0
3020.0,10,45.0,0.6818181818181818,7.575241769488943,8,122.0,0.34789575885761215,2,13.0,0.742444259768919,0,51.0,0.5766796880808522,10,186.0
3025.0,18,62.0,0.8985507246376812,5.584586889510632,9,132.0,0.21483062632538968,5,24.0,0.3222884502097487,4,7.0,0.48002919214256684,18,163.0
3030.0,8,19.0,0.27941176470588236,6.302910695897891,7,101.0,0.24257895981488203,0,9.0,0.5637639148294658,1,5.0,0.6026201101940158,8,115.0
3035.0,6,30.0,0.46153846153846156,8.116137379398511,4,63.0,0.3073402428957492,2,12.0,0.6506801820878543,0,0.0,0.7184794254915622,6,75.0
3040.0,6,38.0,0.5352112676056338,8.710417612058007,3,53.0,0.4143614167638233,1,6.0,0.7341095680905474,2,5.0,0.5789538486148016,6,64.0
3045.0,8,68.0,0.9714285714285714,9.728776316228666,5,64.0,0.5631417526945349,0,2.0,0.8450520145278315,3,17.0,0.6256427643671606,8,83.0
3050.0,5,31.0,0.4246575342465753,8.183799249196381,1,32.0,0.4554438822036371,0,0.0,0.7273482821583833,4,32.0,0.5491778610292308,5,64.0
3055.0,13,82.0,1.1388888888888888,8.67834182425407,7,33.0,0.42399346246576747,2,7.0,0.7567840033875148,4,52.0,0.6254784162433238,13,92.0
3060.0,9,36.0,0.5454545454545454,6.727736616923632,6,49.0,0.3186764077921029,2,17.0,0.47993165759230727,1,25.0,0.4881164686614345,9,91.0
3065.0,15,64.0,0.9696969696969697,6.139989837770265,4,45.0,0.3081780692224146,4,36.0,0.5227046108762776,7,22.0,0.40217823799120195,15,103.0
3070.0,6,29.0,0.4461538461538462,6.6649083373913065,2,29.0,0.387755622293336,0,15.0,0.5670799638653591,4,34.0,0.35346324856241673,6,78.0
3075.0,7,42.0,0.5833333333333334,7.162412903094559,2,30.0,0.3987436217981998,2,11.0,0.6456854759496539,3,27.0,0.282648094602716,7,68.0
3080.0,3,13.0,0.18571428571428572,9.16155425842943,0,6.0,0.6069518059519946,0,7.0,0.7715132117959848,3,30.0,0.4851019029691385,3,43.0
3085.0,13,39.0,0.5492957746478874,8.136512408457746,7,18.0,0.27847845774318386,2,2.0,0.610541274608844,4,33.0,0.5025987851819573,13,53.0
3090.0,6,13.0,0.19696969696969696,7.629849824681779,3,26.0,0.37918368453346024,2,3.0,0.47905795122094613,1,15.0,0.5447301795537546,6,44.0
3095.0,13,48.0,0.8135593220338984,6.527956371823477,0,13.0,0.33524999815939016,7,25.0,0.272167072324195,6,32.0,0.35051251405972944,13,70.0
3100.0,12,42.0,0.6666666666666666,6.0925594904969325,3,10.0,0.34408853753201385,3,40.0,0.374067309344401,6,51.0,0.17784407105993183,12,101.0
3105.0,3,18.0,0.32142857142857145,9.098337551068655,2,20.0,0.6874687771317022,0,21.0,0.6070319539353889,1,36.0,0.5022158254883698,3,77.0
3110.0,6,32.0,0.5079365079365079,8.853395113594578,4,31.0,0.5300399968779835,0,2.0,0.5446538080021303,2,13.0,0.573656906865413,6,46.0
3115.0,8,69.0,1.1129032258064515,10.241195045376196,4,49.0,0.6460609918159068,2,9.0,0.7328405356915315,2,15.0,0.6838798188312583,8,73.0
3120.0,4,40.0,0.6779661016949152,9.077582830107088,0,17.0,0.5425599218064658,2,17.0,0.5963158783247784,2,23.0,0.6144084359222869,4,57.0
3125.0,12,86.0,1.3650793650793651,8.756644867968902,4,11.0,0.5495853361066576,4,35.0,0.5572726587772989,4,40.0,0.5324238673092636,12,86.0
3130.0,6,58.0,0.9830508474576272,7.221236394789302,1,16.0,0.4925034733630668,4,55.0,0.5011745437931775,1,15.0,0.39246732565398235,6,86.0
3135.0,12,33.0,0.5238095238095238,6.353879471341864,3,5.0,0.4045632226985238,1,31.0,0.38378137012334074,8,26.0,0.2898756695562712,12,62.0
3140.0,9,47.0,0.746031746031746,8.434223178381949,2,14.0,0.5399343739134485,3,20.0,0.6510302299856646,4,41.0,0.38569086449177026,9,75.0
3145.0,11,27.0,0.43548387096774194,7.427224112732795,5,25.0,0.4008080117309656,3,15.0,0.5340320416846208,3,19.0,0.3325242448423762,11,59.0
3150.0,7,21.0,0.3442622950819672,9.233985812298661,3,11.0,0.5488643724488851,2,12.0,0.669423335037148,2,12.0,0.6506886142993111,7,35.0
3155.0,9,56.0,0.9180327868852459,9.560216124985557,4,19.0,0.5138072796730404,2,22.0,0.6956113126038529,3,21.0,0.6178099968020501,9,62.0
3160.0,6,38.0,0.6333333333333333,8.515664617433377,2,21.0,0.4927005932684493,4,34.0,0.4964191883490934,0,4.0,0.6316304897006958,6,59.0
3165.0,8,66.0,1.2692307692307692,8.183167031897638,0,6.0,0.556503226900753,4,56.0,0.5175384776824743,4,14.0,0.4927835761731426,8,76.0
3170.0,6,7.0,0.125,6.425274351059455,1,0.0,0.5449455881808157,1,25.0,0.41325870652712027,4,23.0,0.22065916030188557,6,48.0
3175.0,6,25.0,0.43103448275862066,9.008113619261096,1,4.0,0.674845885881196,2,13.0,0.7469870867720544,3,17.0,0.3448585725584315,6,34.0
3180.0,5,36.0,0.631578947368421,9.011319418666234,3,14.0,0.4554607824555165,0,8.0,0.6170719618165961,2,22.0,0.5955685934009729,5,44.0
3185.0,11,77.0,1.2833333333333334,9.114384525689072,5,33.0,0.49443736908121,2,10.0,0.6104587075733896,4,36.0,0.5480346470352659,11,79.0
3190.0,3,20.0,0.3508771929824561,9.477972732749075,0,15.0,0.6258843621529084,2,20.0,0.7236651589318355,1,10.0,0.6409530494109832,3,45.0
3195.0,8,46.0,0.7540983606557377,9.044688015385981,2,7.0,0.6286469550698752,3,32.0,0.40113282188999033,3,9.0,0.5946517510496838,8,48.0
3200.0,6,58.0,1.0943396226415094,7.973156033487285,1,7.0,0.6231983568772071,4,52.0,0.4578440025485053,1,16.0,0.42206605876946823,6,75.0
3205.0,11,3.0,0.05660377358490566,6.121514106278965,3,1.0,0.4227812904650127,4,24.0,0.3599058629797629,4,7.0,0.30989894661361367,11,32.0
3210.0,5,25.0,0.45454545454545453,9.122934854990577,1,3.0,0.4352392617532079,2,16.0,0.7317485234363468,2,11.0,0.5644074954782664,5,30.0
3215.0,7,26.0,0.45614035087719296,9.17735269030193,6,27.0,0.38270491142432844,0,4.0,0.7766035114380506,1,1.0,0.5614671321073678,7,32.0
3220.0,7,25.0,0.4807692307692308,8.426814698893281,1,31.0,0.48818659437326745,2,7.0,0.5231004382874259,4,14.0,0.5116668883026799,7,52.0
3225.0,2,17.0,0.37777777777777777,9.55738368986064,0,9.0,0.7060181397359525,2,19.0,0.6918656342741847,0,14.0,0.5981487914493561,2,42.0
3230.0,2,1.0,0.019230769230769232,8.547772923810802,0,2.0,0.5971450457468714,0,4.0,0.6561861941169213,2,3.0,0.4839735403587443,2,9.0
3235.0,4,20.0,0.37037037037037035,10.86091302035901,2,9.0,0.7034776841058648,0,4.0,0.8131464896308706,2,11.0,0.5957058502886532,4,24.0
3240.0,2,21.0,0.39622641509433965,9.055061463948622,0,0.0,0.4958333152673431,0,2.0,0.7318036789801311,2,21.0,0.4123117293952966,2,23.0
3245.0,6,18.0,0.3157894736842105,9.07284859973747,4,11.0,0.46460941022899327,2,7.0,0.6531386896011236,0,3.0,0.6490211739848732,6,21.0
3250.0,3,7.0,0.14,8.64455153395302,0,14.0,0.5923706750816594,2,4.0,0.409699978382755,1,5.0,0.6570604032374827,3,23.0
3255.0,12,33.0,0.6470588235294118,7.002467611895484,3,4.0,0.4930592699499119,7,30.0,0.18453302007391376,2,6.0,0.47280080174749156,12,40.0
3260.0,6,28.0,0.5714285714285714,9.00362294879235,2,14.0,0.5830700337881582,3,45.0,0.5587819677825812,1,1.0,0.6165612759515567,6,60.0
3265.0,7,0.0,0.0,8.310590213621559,3,2.0,0.4886242898862949,2,19.0,0.5690828529169578,2,2.0,0.5526808479289039,7,23.0
3270.0,5,23.0,0.41818181818181815,10.179173872821362,1,7.0,0.7241849274281912,2,10.0,0.6957100202163038,2,10.0,0.6687922562771779,5,27.0
3275.0,5,38.0,0.7169811320754716,9.077440088936692,0,3.0,0.631751485078464,2,20.0,0.6158788379453967,3,20.0,0.6198973421816588,5,43.0
3280.0,11,74.0,1.2758620689655173,8.759920219937861,3,5.0,0.6177896408254506,4,38.0,0.5634412712006384,4,33.0,0.5920276379660486,11,76.0
3285.0,7,72.0,1.2203389830508475,8.968189933836854,2,15.0,0.6660084126932487,4,58.0,0.6485625523927735,1,12.0,0.5642988611937861,7,85.0
3290.0,15,123.0,1.7826086956521738,7.320699747545719,4,29.0,0.5138943128398629,6,80.0,0.4723387847502012,5,14.0,0.3426572401032865,15,123.0
3295.0,6,10.0,0.15151515151515152,7.246079659454903,1,10.0,0.6065687734549292,1,45.0,0.4236114369121511,4,26.0,0.36654436721633743,6,81.0
3300.0,10,33.0,0.515625,7.847412320484186,4,13.0,0.46720964053183395,5,19.0,0.4694293811505906,1,19.0,0.3714416712063063,10,51.0
3305.0,6,14.0,0.22580645161290322,7.569179111860195,0,14.0,0.3241420243861371,3,26.0,0.4526109974491094,3,15.0,0.47384003530862223,6,55.0
3310.0,3,11.0,0.19642857142857142,8.475315792970537,0,2.0,0.6015922966682964,1,16.0,0.6037277012176041,2,12.0,0.49413591855558975,3,30.0
3315.0,10,46.0,0.71875,8.539980650393776,1,4.0,0.6386124492891277,2,20.0,0.6538490314522493,7,37.0,0.37361099865138975,10,61.0
3320.0,8,31.0,0.5166666666666667,8.777723449815253,2,11.0,0.7207364594698517,1,10.0,0.6582021226607958,5,55.0,0.44810923728849533,8,76.0
3325.0,12,36.0,0.5806451612903226,6.82694942100062,4,19.0,0.4101189239601036,5,19.0,0.3974144748537014,3,34.0,0.2857924853253904,12,72.0
3330.0,3,10.0,0.16666666666666666,8.248502368776126,0,5.0,0.4884576541202077,1,19.0,0.5342483937354917,2,19.0,0.4781237591548209,3,43.0
3335.0,5,32.0,0.5333333333333333,9.387092326809507,3,15.0,0.36827526509641917,0,3.0,0.6986318722360567,2,23.0,0.6005122018148644,5,41.0
3340.0,6,38.0,0.6129032258064516,9.495705243539733,0,13.0,0.5453836674727228,2,4.0,0.6581393276633625,4,36.0,0.6098939939038882,6,53.0
3345.0,7,68.0,1.2142857142857142,10.5854135070073,1,2.0,0.7758914142327193,2,16.0,0.7492910820155738,4,56.0,0.6662056026980988,7,74.0
3350.0,1,1.0,0.016129032258064516,8.058410933829666,1,1.0,0.6024540468342395,0,2.0,0.5698454182654897,0,23.0,0.40740060657283844,1,26.0
3355.0,11,25.0,0.38461538461538464,7.938101542358732,2,4.0,0.5458821504372112,3,11.0,0.48777321868297974,6,12.0,0.35444331927303885,11,27.0
3360.0,12,40.0,0.6896551724137931,5.7192818976194175,7,27.0,0.3081538145789112,3,19.0,0.18954658669567956,2,22.0,0.28372814473783997,12,68.0
3365.0,8,34.0,0.5964912280701754,7.012834734662657,4,44.0,0.4035770653845641,2,26.0,0.4226341607345271,2,17.0,0.518546231959079,8,87.0
3370.0,5,35.0,0.6140350877192983,9.697688654332243,1,22.0,0.6016150289826201,2,27.0,0.6401998439905897,2,20.0,0.702532784224464,5,69.0
3375.0,9,68.0,1.0461538461538462,9.47632311702937,2,6.0,0.6563030360755926,4,37.0,0.5560618018333868,3,29.0,0.5693416005905854,9,72.0
3380.0,4,18.0,0.2727272727272727,9.276306610501178,2,14.0,0.68777846607047,1,16.0,0.666355653004779,1,11.0,0.4807996855466662,4,41.0
3385.0,19,60.0,0.8823529411764706,7.597928871668237,4,24.0,0.5002296281839278,7,17.0,0.3924110785366013,8,21.0,0.2040927304918521,19,62.0
3390.0,4,12.0,0.19672131147540983,7.187288956377676,0,4.0,0.4162177639369276,1,18.0,0.41048145943048847,3,33.0,0.3272882311556128,4,55.0
3395.0,6,16.0,0.3076923076923077,7.66642273059467,6,18.0,0.3295999335662327,0,3.0,0.47091370704300545,0,16.0,0.5784099823297382,6,37.0
3400.0,5,13.0,0.23214285714285715,8.637478513805238,1,24.0,0.4959493906122173,2,7.0,0.5716441558742297,2,7.0,0.628796550640181,5,38.0
3405.0,3,17.0,0.3148148148148148,10.184787140400218,0,5.0,0.732589423959853,2,19.0,0.7307687122137485,1,4.0,0.7144637004138417,3,28.0
3410.0,11,48.0,0.8135593220338984,8.030262947718995,1,0.0,0.5359573083222787,4,30.0,0.5334259324655524,6,22.0,0.4361872021318558,11,52.0
3415.0,9,69.0,1.2105263157894737,7.922517894397981,2,10.0,0.7288878489114387,4,48.0,0.5805388861662427,3,31.0,0.35031492762773525,9,89.0
3420.0,4,22.0,0.38596491228070173,7.026602038907439,2,20.0,0.6136549521970711,2,23.0,0.46321899066897865,0,16.0,0.3467822355799485,4,59.0
3425.0,12,65.0,1.0317460317460319,8.400285319365759,5,39.0,0.5648883777312067,4,20.0,0.5664257718657348,3,10.0,0.4727675007410255,12,69.0
3430.0,6,26.0,0.43333333333333335,7.886646256850755,1,18.0,0.36071753842663185,2,20.0,0.602636813009256,3,18.0,0.5630592863790692,6,56.0
3435.0,13,66.0,1.0153846153846153,7.8838891469086425,7,31.0,0.3263347537322618,2,10.0,0.566883392023311,4,35.0,0.463623714166219,13,76.0
3440.0,9,67.0,1.098360655737705,8.396111175817953,3,40.0,0.5288534315311142,2,10.0,0.5472487497290996,4,55.0,0.6261565727343978,9,105.0
3445.0,19,105.0,1.6666666666666667,6.678033949772973,3,13.0,0.49135831489889537,9,38.0,0.31093408761770674,7,74.0,0.27308265023354467,19,125.0
3450.0,8,22.0,0.36065573770491804,6.173268191865458,4,20.0,0.3736562385362058,4,48.0,0.33874370254887615,0,40.0,0.3728047599514255,8,108.0
3455.0,12,53.0,0.8983050847457628,7.14679696657636,9,56.0,0.30208594944812733,1,25.0,0.36094305543430544,2,12.0,0.5133122062202042,12,93.0
3460.0,8,29.0,0.5,6.873020851876962,5,62.0,0.35228198400561533,2,13.0,0.3158475638782805,1,5.0,0.6272769355853883,8,80.0
3465.0,4,17.0,0.3090909090909091,8.921965148002974,2,38.0,0.505684537791319,2,22.0,0.7040292960817459,0,2.0,0.7934903126403768,4,62.0
3470.0,5,30.0,0.4838709677419355,8.468838104096891,1,12.0,0.5143749468400698,3,31.0,0.5758419142149462,1,2.0,0.62801431601393,5,45.0
3475.0,6,25.0,0.38461538461538464,9.372795676430115,2,14.0,0.628200514587907,1,15.0,0.682784103114877,3,11.0,0.6514850155658175,6,40.0
3480.0,6,38.0,0.5846153846153846,7.956096003964084,1,4.0,0.46139794609539897,3,18.0,0.4977341930292604,2,21.0,0.4627254881820878,6,43.0
3485.0,14,68.0,1.0,6.722491477389818,8,27.0,0.2677382658122172,2,17.0,0.3996839398932667,4,39.0,0.48294063321305836,14,83.0
3490.0,7,24.0,0.39344262295081966,6.851795925971017,6,50.0,0.3378819652241039,0,4.0,0.4976466285679961,1,17.0,0.5704187179577345,7,71.0
3495.0,6,16.0,0.25396825396825395,7.721619185647836,2,41.0,0.43315358793872816,1,4.0,0.45897324077852997,3,12.0,0.5844682564827405,6,57.0
3500.0,6,28.0,0.45161290322580644,9.324801751602191,2,23.0,0.5668331749392801,2,14.0,0.7443928679828243,2,13.0,0.6176793351900819,6,50.0
3505.0,12,48.0,0.7272727272727273,8.20112864504807,4,24.0,0.5480319103627684,5,25.0,0.5410689726095259,3,4.0,0.5359403278745137,12,53.0
3510.0,4,9.0,0.13043478260869565,7.832502293573852,1,7.0,0.4815889116691241,0,9.0,0.6508968274939251,3,10.0,0.49761948555772034,4,26.0
3515.0,17,67.0,1.0,7.140640607321252,6,23.0,0.31033659284304854,2,6.0,0.5828341061835876,9,43.0,0.2538000847737382,17,72.0
3520.0,19,99.0,1.6229508196721312,4.847083904045655,11,68.0,0.21465193213841394,1,8.0,0.2729763663617406,7,64.0,0.18530094831028943,19,140.0
3525.0,10,54.0,0.9818181818181818,5.678458556263967,8,96.0,0.2900540326270718,0,3.0,0.576643580162571,2,51.0,0.4310674136863514,10,150.0
3530.0,3,5.0,0.078125,7.557423922331292,2,67.0,0.36135527710318727,1,6.0,0.6866169583250242,0,21.0,0.5373530963364739,3,94.0
3535.0,4,16.0,0.23880597014925373,8.632620631122936,1,23.0,0.5118793084437325,2,12.0,0.7787226877412102,1,20.0,0.5423380458914804,4,55.0
3540.0,14,59.0,0.8428571428571429,7.76643074919039,3,16.0,0.5495848493368264,3,21.0,0.6508408654635198,8,42.0,0.28811693821647516,14,79.0
3545.0,13,62.0,0.8985507246376812,6.597354234206868,4,34.0,0.5946975961976585,1,8.0,0.4570748473996475,8,62.0,0.21452185059082626,13,104.0
3550.0,8,27.0,0.4090909090909091,6.706143742725771,0,15.0,0.5138463813792844,6,27.0,0.43159210095848183,2,48.0,0.26725623115457625,8,90.0
3555.0,8,23.0,0.32857142857142857,6.978796690932239,3,10.0,0.37664514122387377,3,40.0,0.38391510353735536,2,24.0,0.355537068843558,8,74.0
3560.0,5,19.0,0.296875,9.091081368991986,2,20.0,0.551750382434598,1,25.0,0.5918995040528633,2,18.0,0.6687762532417543,5,63.0
3565.0,11,23.0,0.35384615384615387,8.177083353821818,2,9.0,0.5434222116307236,3,12.0,0.5653437177812629,6,24.0,0.553092013506689,11,45.0
3570.0,5,21.0,0.3181818181818182,9.613167691858209,3,10.0,0.6918020619442806,2,16.0,0.7219070510403717,0,9.0,0.6752830092078035,5,35.0
3575.0,7,51.0,0.7611940298507462,9.316886185187922,2,20.0,0.6620156882183204,2,23.0,0.6672280452654246,3,12.0,0.5334111210479975,7,55.0
3580.0,6,39.0,0.5735294117647058,7.552620493182447,1,5.0,0.5369023594611018,4,37.0,0.5041533753666243,1,10.0,0.45203734910673055,6,52.0
3585.0,8,25.0,0.3968253968253968,7.232862662955808,6,22.0,0.4488471774955472,2,17.0,0.463899990451214,0,0.0,0.5196288755929312,8,39.0
3590.0,14,42.0,0.6268656716417911,6.0550494682366605,7,40.0,0.21749757866618694,6,28.0,0.36323786578331807,1,0.0,0.415317683208195,14,68.0
3595.0,5,24.0,0.3582089552238806,7.761853791090982,2,35.0,0.31751026659671155,1,32.0,0.6041817925156299,2,7.0,0.6142989979279757,5,74.0
3600.0,4,37.0,0.578125,8.964812245827602,2,27.0,0.5371290495664202,0,2.0,0.6696152183247178,2,19.0,0.5936113622388822,4,48.0
