step,system_total_stopped,system_total_waiting_time,system_mean_waiting_time,system_mean_speed,A0_stopped,A0_accumulated_waiting_time,A0_average_speed,B0_stopped,B0_accumulated_waiting_time,B0_average_speed,C0_stopped,C0_accumulated_waiting_time,C0_average_speed,agents_total_stopped,agents_total_accumulated_waiting_time
0.0,0,0.0,0.0,0.0,0,0.0,1.0,0,0.0,1.0,0,0.0,1.0,0,0.0
5.0,0,0.0,0.0,6.415679889089531,0,0.0,0.40582729324730654,0,0.0,0.5053083266944887,0,0.0,0.45780473288647916,0,0.0
10.0,1,0.0,0.0,10.817357254953123,1,0.0,0.6619419294243069,0,0.0,0.9219988563477248,0,0.0,0.8238198097982784,1,0.0
15.0,2,2.0,0.1,7.965537591472419,1,1.0,0.5360500499910144,1,1.0,0.16200402608768408,0,0.0,0.5405853406491425,2,2.0
20.0,2,12.0,0.631578947368421,9.988463714197156,1,6.0,0.6884316957461913,1,6.0,0.7269794068799237,0,0.0,0.7744336017144988,2,12.0
25.0,9,11.0,0.39285714285714285,6.409169299560875,4,11.0,0.37851175100113854,2,0.0,0.5241452164148338,3,0.0,0.36345838024576876,9,11.0
30.0,0,0.0,0.0,9.257076442210975,0,3.0,0.5916862960687423,0,0.0,0.8215741906975912,0,0.0,0.626917271249012,0,3.0
35.0,4,12.0,0.4,8.959972265980781,3,8.0,0.46460521600813115,0,0.0,0.6923283702364302,1,4.0,0.5962564561444798,4,12.0
40.0,5,9.0,0.2647058823529412,7.231024973630025,3,13.0,0.45775022388521397,2,6.0,0.1967375396785155,0,3.0,0.48877558855195524,5,22.0
45.0,2,16.0,0.5161290322580645,9.750134329715527,0,4.0,0.597602784270631,2,20.0,0.6822667266394792,0,0.0,0.8080705654260408,2,24.0
50.0,6,32.0,0.8,7.660200231987187,1,1.0,0.45635115409056787,4,34.0,0.5497561086082635,1,1.0,0.4962402694861484,6,36.0
55.0,6,18.0,0.4186046511627907,9.720433817650196,3,9.0,0.6289770818696222,0,14.0,0.7734745844146454,3,9.0,0.5260365830267617,6,32.0
60.0,6,41.0,0.9318181818181818,8.540391699796816,2,19.0,0.4694931229324878,2,7.0,0.5739815826591288,2,19.0,0.41687281530846126,6,45.0
65.0,11,77.0,1.6041666666666667,6.538615051745303,5,38.0,0.45813847156540993,2,8.0,0.41159976945184057,4,38.0,0.39620661889411946,11,84.0
70.0,1,1.0,0.022222222222222223,7.1158231189532595,0,16.0,0.570701948821792,0,2.0,0.42785437924515907,1,18.0,0.5753195775578029,1,36.0
75.0,5,15.0,0.2777777777777778,7.721229082157797,2,7.0,0.5212999652970326,1,2.0,0.35773405620592996,2,9.0,0.5623902135090864,5,18.0
80.0,5,14.0,0.2641509433962264,9.343830196683692,3,13.0,0.5984261134120118,2,10.0,0.55862278277843,0,6.0,0.7450096957509785,5,29.0
85.0,10,21.0,0.39622641509433965,7.771894521099568,3,6.0,0.49730421419897514,4,24.0,0.45797572007292686,3,0.0,0.6159611268915238,10,30.0
90.0,5,23.0,0.41818181818181815,9.508104316583534,2,11.0,0.5630628960384897,1,11.0,0.6932252690718954,2,10.0,0.7356191160487553,5,32.0
95.0,6,48.0,0.8275862068965517,9.903111729810671,3,21.0,0.5007036639609069,1,11.0,0.8362092945598265,2,20.0,0.5886862419429356,6,52.0
100.0,8,72.0,1.2,8.640139869609946,4,37.0,0.5027793616129344,0,2.0,0.6001930823207374,4,35.0,0.4126374152493699,8,74.0
105.0,6,56.0,1.037037037037037,8.747839332140911,1,13.0,0.5954744780137321,0,0.0,0.6783141531015164,5,57.0,0.45646243290716215,6,70.0
110.0,5,16.0,0.2807017543859649,7.857975059382906,4,14.0,0.43948976183787414,1,2.0,0.4497881238216191,0,24.0,0.4928179799305547,5,40.0
115.0,5,13.0,0.25,8.763437442359644,4,25.0,0.46565490018159755,0,0.0,0.5439067957816307,1,4.0,0.7084462683379268,5,29.0
120.0,6,14.0,0.32558139534883723,7.476713981853606,0,15.0,0.46036601639252844,5,16.0,0.28571382344436497,1,0.0,0.5448638473362132,6,31.0
125.0,5,19.0,0.3958333333333333,8.037343039528144,2,7.0,0.5773337376828471,1,23.0,0.5339142497232245,2,9.0,0.3879745884881392,5,39.0
130.0,4,21.0,0.42,9.309472958726497,2,5.0,0.5215624587481027,0,8.0,0.7719893432895061,2,21.0,0.6357978671631621,4,34.0
135.0,10,54.0,1.0,8.243829556018675,4,22.0,0.41045966823093477,1,4.0,0.6319718189733644,5,35.0,0.5170893823734097,10,61.0
140.0,6,19.0,0.37254901960784315,8.602521875505705,4,25.0,0.4823786550598882,2,10.0,0.5884437982136878,0,12.0,0.7305417900062271,6,47.0
145.0,11,12.0,0.22641509433962265,6.062848578731902,2,14.0,0.3442101176104234,4,5.0,0.29805125908800056,5,11.0,0.33886210430000335,11,30.0
150.0,8,25.0,0.49019607843137253,7.275487784925406,2,10.0,0.5091034821620652,4,23.0,0.47375442670453777,2,16.0,0.4280571495380426,8,49.0
155.0,4,14.0,0.28,8.064043246489256,4,23.0,0.2711934408409426,0,20.0,0.6604826470094631,0,3.0,0.5558945790713544,4,46.0
160.0,13,58.0,1.16,6.676405686000538,8,58.0,0.22436322523084057,2,8.0,0.545983328766357,3,8.0,0.5019867023522674,13,74.0
165.0,14,78.0,1.56,7.1208338484445495,7,71.0,0.2580520121945814,2,18.0,0.6933739239162262,5,30.0,0.5571836543321677,14,119.0
170.0,8,49.0,0.9074074074074074,5.333419415075833,3,59.0,0.35789712802903045,3,30.0,0.3777403716419829,2,31.0,0.3337942187506671,8,120.0
175.0,6,21.0,0.375,8.07075476779914,2,41.0,0.5121893287317442,1,15.0,0.7098396590894519,3,21.0,0.45846264198037745,6,77.0
180.0,6,47.0,0.8245614035087719,8.91302880289884,3,36.0,0.48398593971221876,1,12.0,0.7925235388478785,2,20.0,0.40326329094861874,6,68.0
185.0,7,39.0,0.639344262295082,7.800977119074469,2,18.0,0.388110076831744,1,2.0,0.6767817604088244,4,38.0,0.501611830953713,7,58.0
190.0,10,80.0,1.3793103448275863,7.8626232922309685,6,35.0,0.42227870988190097,0,0.0,0.6694795514194151,4,58.0,0.464026078956795,10,93.0
195.0,4,8.0,0.13114754098360656,7.6008484465271,3,41.0,0.44766666193047583,0,0.0,0.5368291996592225,1,28.0,0.5348798363515992,4,69.0
200.0,4,14.0,0.23728813559322035,9.553987430831631,1,15.0,0.5776084782321718,2,12.0,0.6662675947740415,1,4.0,0.7313838113514438,4,31.0
205.0,4,0.0,0.0,8.03890851594333,2,6.0,0.5285728894952908,2,2.0,0.581141936700807,0,2.0,0.48400392105952605,4,10.0
210.0,5,17.0,0.29310344827586204,8.405077349861656,2,6.0,0.46380753220568016,1,8.0,0.7442540499973388,2,10.0,0.42023637970450745,5,24.0
215.0,10,51.0,0.9272727272727272,7.76703990047711,8,34.0,0.2609268193796437,0,2.0,0.5333491479458874,2,20.0,0.5597503937433632,10,56.0
220.0,12,71.0,1.2456140350877194,6.82349094351859,7,62.0,0.18698746300728852,2,10.0,0.5392999973306609,3,33.0,0.49811450464268536,12,105.0
225.0,5,23.0,0.41818181818181815,8.863442253098155,2,49.0,0.43529488142804335,2,20.0,0.7374170631164177,1,8.0,0.72286945587494,5,77.0
230.0,2,1.0,0.01639344262295082,8.697870988186496,1,19.0,0.4548519753159431,0,2.0,0.6400859362777909,1,1.0,0.5751685620305659,2,22.0
235.0,3,12.0,0.21818181818181817,9.282953870880005,2,20.0,0.6171501734810135,1,4.0,0.6671214269933451,0,2.0,0.5567963747867996,3,26.0
240.0,3,21.0,0.40384615384615385,8.571119262868768,3,21.0,0.5324967471665484,0,3.0,0.664554898259377,0,0.0,0.4326888311546827,3,24.0
245.0,6,18.0,0.32727272727272727,8.733757287280351,2,11.0,0.5039431099792947,2,10.0,0.6431105142837934,2,8.0,0.5979425606335937,6,29.0
250.0,9,44.0,0.8148148148148148,9.105265120358581,6,26.0,0.3618836023426439,2,20.0,0.6033490320691522,1,3.0,0.7715441629628229,9,49.0
255.0,9,52.0,0.9454545454545454,7.862314788021373,4,31.0,0.37050257594019576,4,32.0,0.4221582374211218,1,8.0,0.6485190592129614,9,71.0
260.0,5,52.0,1.1063829787234043,8.588511887855281,0,22.0,0.6272824473398397,4,54.0,0.4940542990992067,1,2.0,0.6340217084480191,5,78.0
265.0,12,75.0,1.3888888888888888,7.15085269918278,2,6.0,0.5612540061066136,8,77.0,0.44190608966345624,2,0.0,0.4571339685518892,12,83.0
270.0,4,18.0,0.32142857142857145,9.110457024962006,2,9.0,0.6532192988793474,0,43.0,0.708033812369511,2,9.0,0.5550385185776995,4,61.0
275.0,5,39.0,0.6842105263157895,9.329400711840012,2,19.0,0.5520150301090996,1,3.0,0.6667876059475377,2,19.0,0.5747823453794898,5,41.0
280.0,11,77.0,1.2833333333333334,7.382199871845499,5,36.0,0.4014936132473186,2,4.0,0.41024263141973505,4,38.0,0.44408349721377677,11,78.0
285.0,6,66.0,1.2222222222222223,8.488528505901462,1,13.0,0.6679175006723784,1,8.0,0.5475272200801947,4,60.0,0.5133565880292751,6,81.0
290.0,2,15.0,0.2542372881355932,7.96942985988849,0,0.0,0.5959492376758398,2,15.0,0.41236174475196674,0,29.0,0.5232713476750517,2,44.0
295.0,5,31.0,0.5849056603773585,9.862485918388195,1,0.0,0.6979967900626014,3,28.0,0.589765061579979,1,5.0,0.7402431332033087,5,33.0
300.0,0,0.0,0.0,8.015203630556572,0,0.0,0.6248243736226947,0,12.0,0.43372546861816175,0,3.0,0.6025714676303487,0,15.0
305.0,9,31.0,0.5740740740740741,8.373457013685586,2,8.0,0.5941353287342453,5,18.0,0.45745195005176353,2,9.0,0.5843176659202964,9,35.0
310.0,6,26.0,0.4727272727272727,8.699767794405098,3,18.0,0.5783264461896351,1,25.0,0.6080074919036385,2,3.0,0.5851598093933403,6,46.0
315.0,10,55.0,0.9016393442622951,7.174868796811071,4,34.0,0.5052345446243223,2,15.0,0.42594955611555707,4,20.0,0.38924701747401397,10,69.0
320.0,11,64.0,1.0666666666666667,7.0331472114593145,5,54.0,0.5571725099465846,5,22.0,0.37267227004328346,1,20.0,0.6014760754763627,11,96.0
325.0,13,42.0,0.65625,6.797875358536686,2,22.0,0.4710154506817208,8,54.0,0.3700532575068393,3,6.0,0.3951781054166105,13,82.0
330.0,14,46.0,0.696969696969697,6.263712943972363,4,10.0,0.3723070909906646,9,74.0,0.30407140450551223,1,10.0,0.35894073574825747,14,94.0
335.0,16,64.0,1.0158730158730158,6.2776265537046445,1,16.0,0.48362503669121465,10,78.0,0.2594210944908,5,31.0,0.46080044296665185,16,125.0
340.0,8,34.0,0.5074626865671642,6.108069566792467,2,13.0,0.48720055478369645,5,86.0,0.2673705329758695,1,28.0,0.6079451424002247,8,127.0
345.0,9,32.0,0.45714285714285713,7.81180673961869,3,19.0,0.6475315090395182,6,83.0,0.34130641975280307,0,10.0,0.7660113641956993,9,112.0
350.0,10,45.0,0.6081081081081081,6.3736636500098145,3,29.0,0.44264742303804255,7,95.0,0.30766945196697787,0,0.0,0.43294941213534305,10,124.0
355.0,17,51.0,0.6710526315789473,6.163594303380708,2,11.0,0.5528514477059436,12,106.0,0.21974384296939373,3,10.0,0.6039306587394359,17,127.0
360.0,15,60.0,0.7692307692307693,5.967612177352726,4,18.0,0.5366913261949658,11,138.0,0.15132297401092412,0,2.0,0.7488490626259781,15,158.0
365.0,16,46.0,0.575,5.83308104445085,1,15.0,0.5019308416174056,13,151.0,0.1306525500857446,2,3.0,0.5309663855254578,16,169.0
370.0,8,31.0,0.43661971830985913,5.768492438269689,0,1.0,0.5211319547589145,8,174.0,0.19942163215802766,0,2.0,0.5403499070925535,8,177.0
375.0,15,42.0,0.5833333333333334,5.755464743986007,1,2.0,0.49795585664067205,12,179.0,0.2334630020231546,2,5.0,0.5317131676713679,15,186.0
380.0,16,60.0,0.7792207792207793,6.36341367349447,2,11.0,0.7172744157998997,12,194.0,0.1928806966683837,2,15.0,0.6977109689506594,16,220.0
385.0,17,75.0,0.9259259259259259,5.237342057180257,4,19.0,0.46868981673936866,8,175.0,0.1642111362505614,5,26.0,0.44114656651647705,17,220.0
390.0,12,62.0,0.8051948051948052,5.3021760626752865,2,7.0,0.43100338181409525,10,183.0,0.20485116302719608,0,7.0,0.47466421330741,12,197.0
395.0,24,154.0,2.0533333333333332,6.46481207606597,4,16.0,0.32449515199627527,16,206.0,0.19793875699805755,4,13.0,0.3417894171913077,24,235.0
400.0,22,215.0,3.0714285714285716,5.338379257057497,3,18.0,0.3570512100212117,19,283.0,0.11990103519490543,0,11.0,0.46497359600133203,22,312.0
405.0,23,320.0,5.079365079365079,5.794193430501981,0,4.0,0.6031081504539253,23,392.0,0.17858918627904793,0,0.0,0.6999435569683301,23,396.0
410.0,23,275.0,4.044117647058823,4.891044975117145,1,2.0,0.3942828050116986,21,431.0,0.1676242257103617,1,1.0,0.4661678881533928,23,434.0
415.0,24,214.0,3.057142857142857,5.192739043842942,5,16.0,0.4537377072695772,18,404.0,0.14705753800629887,1,2.0,0.7531236868706248,24,422.0
420.0,22,190.0,2.7142857142857144,4.917528662477281,6,43.0,0.42854715910337376,15,448.0,0.1687666096530627,1,3.0,0.7179044500438153,22,494.0
425.0,27,224.0,2.909090909090909,4.886122105817472,11,85.0,0.3078886502186581,16,517.0,0.17073779742854092,0,2.0,0.6897155955185634,27,604.0
430.0,24,216.0,2.8051948051948052,4.859868484597764,12,141.0,0.2321358280123536,12,523.0,0.19384031340481486,0,0.0,0.8359157011104507,24,664.0
435.0,25,221.0,2.6951219512195124,4.481616290086107,14,184.0,0.21000015562303329,10,461.0,0.2490243061258782,1,4.0,0.5021119796969714,25,649.0
440.0,17,114.0,1.3103448275862069,5.193367836241249,9,206.0,0.3277698769503274,6,449.0,0.22241300465603592,2,14.0,0.6779360451760978,17,669.0
445.0,23,80.0,0.8421052631578947,4.949205657958722,13,246.0,0.2115582448476407,8,450.0,0.19127603473065952,2,2.0,0.5029060632212176,23,698.0
450.0,22,105.0,1.1931818181818181,4.840093796944576,7,255.0,0.16322066188471918,12,481.0,0.18379420012410644,3,8.0,0.389719353116757,22,744.0
455.0,17,76.0,0.926829268292683,4.002470046555931,3,188.0,0.16024809518567268,13,487.0,0.1501601997936028,1,11.0,0.4209235043540688,17,686.0
460.0,17,58.0,0.6744186046511628,4.460318808946876,3,174.0,0.26121634189807674,12,442.0,0.20544917504499152,2,9.0,0.5853369205533536,17,625.0
465.0,16,56.0,0.6021505376344086,5.1635167292798645,2,173.0,0.3293752727715594,12,433.0,0.19978520177590509,2,18.0,0.6769729720631549,16,624.0
470.0,18,80.0,0.8247422680412371,4.885636370410758,4,191.0,0.23406348659635412,10,451.0,0.16721401573701666,4,32.0,0.4632279414393531,18,674.0
475.0,18,51.0,0.5543478260869565,4.307233102982897,5,181.0,0.231242922093551,12,438.0,0.1855825716454186,1,10.0,0.4629105966305352,18,629.0
480.0,18,56.0,0.6292134831460674,4.270351211496313,3,143.0,0.24950434542274635,12,373.0,0.14739681771746013,3,13.0,0.45054887235445956,18,529.0
485.0,19,54.0,0.5625,4.163102810117738,5,131.0,0.2780075173801534,14,415.0,0.1253461858861013,0,12.0,0.595147552528842,19,558.0
490.0,13,57.0,0.59375,4.818499819185019,2,105.0,0.27279585259021627,11,430.0,0.1601630862454188,0,2.0,0.8344924085285855,13,537.0
495.0,19,123.0,1.2947368421052632,4.680620992808781,4,110.0,0.1747700586179886,13,451.0,0.21711565687376433,2,3.0,0.4180982507095642,19,564.0
500.0,21,178.0,1.8936170212765957,4.965126245236404,2,96.0,0.20183167661075493,17,504.0,0.22188246020378924,2,13.0,0.5509543120516057,21,613.0
505.0,28,162.0,1.7608695652173914,3.6880593899476573,7,113.0,0.12272979465841141,19,506.0,0.13640480865300678,2,0.0,0.4871231643414105,28,619.0
510.0,24,113.0,1.2696629213483146,4.179958823242813,6,110.0,0.22026048139794388,17,447.0,0.11961198143292451,1,4.0,0.6503341520692753,24,561.0
515.0,22,113.0,1.2840909090909092,3.692913439221836,7,148.0,0.15614119033488147,15,460.0,0.15744332542429992,0,2.0,0.7265008607270518,22,610.0
520.0,27,120.0,1.2765957446808511,3.9745313775331517,7,166.0,0.1640233453386961,18,505.0,0.20834740989071968,2,7.0,0.5877265363737584,27,678.0
525.0,28,190.0,2.0,4.784653045526,10,187.0,0.0992415962593898,16,576.0,0.22869752743418803,2,15.0,0.6244094978852629,28,778.0
530.0,26,179.0,1.924731182795699,3.3555356720496916,10,198.0,0.044681051714762374,12,556.0,0.14930974608015884,4,28.0,0.3466371452424938,26,782.0
535.0,25,118.0,1.3258426966292134,3.9043102047659746,11,190.0,0.16221162032816533,13,469.0,0.18432678415264145,1,11.0,0.6135983754277232,25,670.0
540.0,22,96.0,1.032258064516129,4.656133461807968,11,226.0,0.1983804621772459,10,461.0,0.1718681275337953,1,7.0,0.7691746644320293,22,694.0
545.0,21,90.0,0.9473684210526315,5.030969275556186,10,271.0,0.1816235931691759,11,489.0,0.16809992692097298,0,2.0,0.8108682841503205,21,762.0
550.0,22,82.0,0.9213483146067416,4.300985195973077,10,292.0,0.1410492679238683,12,473.0,0.19707144118438713,0,0.0,0.6609444095116771,22,765.0
555.0,14,59.0,0.6629213483146067,4.071649365706777,6,300.0,0.19348449994316338,8,390.0,0.18074976391570127,0,2.0,0.61809420566577,14,692.0
560.0,17,54.0,0.574468085106383,4.093176830125601,4,265.0,0.2745438270170977,10,414.0,0.1570486795267797,3,9.0,0.6636894543243361,17,688.0
565.0,23,95.0,0.95,3.886793292091707,4,231.0,0.1688354614727412,13,427.0,0.15226187689797466,6,22.0,0.43385747751075526,23,680.0
570.0,18,111.0,1.168421052631579,3.5967562659347534,2,215.0,0.176500640121588,15,469.0,0.1622237702696421,1,12.0,0.3536316312583079,18,696.0
575.0,27,153.0,1.6451612903225807,3.823725523775584,6,235.0,0.13781388402665412,17,479.0,0.14380149268755274,4,17.0,0.30647832627685817,27,731.0
580.0,23,98.0,1.0769230769230769,4.209439558641233,5,227.0,0.2470336448743904,18,433.0,0.1158607016417266,0,16.0,0.5768239417390766,23,676.0
585.0,14,61.0,0.6777777777777778,4.647472709498321,3,211.0,0.31367184634379935,11,430.0,0.20708422948491859,0,2.0,0.7650331350291686,14,643.0
590.0,21,69.0,0.69,4.485756507626437,7,239.0,0.21371742050133485,14,451.0,0.1818863470106657,0,2.0,0.6711459806790473,21,692.0
595.0,26,147.0,1.4554455445544554,4.773228296369052,9,277.0,0.14669189478371808,15,477.0,0.19418067521827906,2,5.0,0.5664524431362477,26,759.0
600.0,27,165.0,1.71875,4.000206679296092,11,303.0,0.06670593364395391,14,478.0,0.20730018705843828,2,15.0,0.384590157671315,27,796.0
605.0,30,205.0,2.1354166666666665,4.001578657769209,14,357.0,0.1525637481445203,16,418.0,0.13357629823477712,0,7.0,0.6772844209219799,30,782.0
610.0,28,177.0,1.8829787234042554,4.454562953324154,15,374.0,0.19026555293196962,13,413.0,0.15783822330214914,0,2.0,0.8768089116269336,28,789.0
615.0,23,137.0,1.4421052631578948,4.391698753396938,14,354.0,0.19006440236420788,8,423.0,0.20858662133523997,1,0.0,0.5234928954994006,23,777.0
620.0,20,115.0,1.2637362637362637,4.173947421014227,11,368.0,0.17205906365880175,9,389.0,0.17765886746269702,0,0.0,0.6921289747312053,20,757.0
625.0,32,134.0,1.425531914893617,4.088742961904953,18,441.0,0.12281113618891401,11,319.0,0.19193236540159586,3,2.0,0.5567110167138438,32,762.0
630.0,21,89.0,0.9468085106382979,4.02545200341087,8,453.0,0.23186636776576797,11,343.0,0.14360636609486357,2,9.0,0.6989072675043088,21,805.0
635.0,17,71.0,0.7553191489361702,4.33742344631875,3,390.0,0.269568628340805,12,357.0,0.17207075774814692,2,17.0,0.538775587427808,17,764.0
640.0,23,144.0,1.4545454545454546,4.56821358259132,2,332.0,0.27797782579510577,17,408.0,0.15805945439048089,4,35.0,0.41274212144224487,23,775.0
645.0,25,180.0,1.894736842105263,4.219907168852855,2,281.0,0.2613234676739837,19,420.0,0.14722340850263949,4,55.0,0.4369225400629918,25,756.0
650.0,20,90.0,0.9183673469387755,3.450385487378895,1,267.0,0.2610601383335035,19,377.0,0.13340461618994143,0,26.0,0.41681819357416805,20,670.0
655.0,21,72.0,0.72,4.306295811361568,2,271.0,0.3242674815267441,17,446.0,0.11354579753699502,2,7.0,0.6783819214806617,21,724.0
660.0,21,77.0,0.77,4.173736895673361,6,292.0,0.20351959557283172,15,483.0,0.12584699243014866,0,4.0,0.6003193848559177,21,779.0
665.0,34,194.0,2.0,4.3180076588752545,13,343.0,0.1442841660218629,19,534.0,0.17987223900350716,2,9.0,0.5021732591039468,34,886.0
670.0,37,326.0,3.5434782608695654,4.305253538465032,15,368.0,0.10283410001532314,22,628.0,0.1689318079851359,0,0.0,0.6701626416208643,37,996.0
675.0,35,278.0,2.989247311827957,3.2890549110594938,10,401.0,0.0962529326907293,24,658.0,0.06548437473136756,1,4.0,0.37939920730353144,35,1063.0
680.0,35,247.0,2.8068181818181817,3.698454982695017,14,446.0,0.1869725100284228,21,611.0,0.09448890366936895,0,5.0,0.7105903962408943,35,1062.0
685.0,34,176.0,1.9555555555555555,3.12638946017162,15,468.0,0.15028494741092324,17,691.0,0.191412768538138,2,2.0,0.4377304678321499,34,1161.0
690.0,30,168.0,1.826086956521739,3.8763044600011307,11,484.0,0.1694102445081263,17,748.0,0.20824091643149378,2,11.0,0.5763563189781504,30,1243.0
695.0,26,154.0,1.673913043478261,3.4824247154362347,11,536.0,0.10067124492680217,13,735.0,0.1675999109794145,2,19.0,0.5417874503525278,26,1290.0
700.0,26,129.0,1.372340425531915,3.166357092872312,9,531.0,0.15665277207967365,13,630.0,0.12155274320154626,4,37.0,0.47533747268299753,26,1198.0
705.0,22,142.0,1.4489795918367347,3.5090239699743253,8,526.0,0.1824017494251113,10,678.0,0.162554854980371,4,57.0,0.4978706867760027,22,1261.0
710.0,18,121.0,1.1308411214953271,3.6270856872443265,8,517.0,0.12584459292730307,10,705.0,0.16682365499559873,0,26.0,0.4108702375345637,18,1248.0
715.0,18,58.0,0.5471698113207547,3.843744176020708,3,497.0,0.1868837217089586,12,670.0,0.12012528516004771,3,9.0,0.446060429117446,18,1176.0
720.0,21,78.0,0.7722772277227723,3.791256399090616,7,478.0,0.19418612564551443,14,560.0,0.11815084501608326,0,3.0,0.5637060922986717,21,1041.0
725.0,21,80.0,0.7766990291262136,3.9771865816849457,6,457.0,0.20112388796537187,13,566.0,0.1667166092241904,2,9.0,0.6155209526887297,21,1032.0
730.0,18,64.0,0.6213592233009708,4.377293694308618,5,387.0,0.23749994831925497,11,578.0,0.13349739573431021,2,17.0,0.6878144589143736,18,982.0
735.0,21,96.0,0.897196261682243,3.7439264723762227,6,327.0,0.13263976441813943,11,545.0,0.13682365100633698,4,32.0,0.377084374721048,21,904.0
740.0,19,59.0,0.5566037735849056,3.888084974765255,3,330.0,0.2601472959523941,15,464.0,0.13427379449217813,1,14.0,0.5423807122290655,19,808.0
745.0,25,68.0,0.6126126126126126,3.477312863200986,7,352.0,0.2079565102895068,12,465.0,0.10578123842124017,5,13.0,0.42803664312587664,24,830.0
750.0,21,96.0,0.897196261682243,4.390360214697973,7,381.0,0.24669377461969708,14,474.0,0.11365613951262526,0,4.0,0.6476555312179735,21,859.0
755.0,23,138.0,1.422680412371134,4.538153340091026,10,370.0,0.14872932878162398,13,497.0,0.1688551149775524,0,0.0,0.8051883382636634,23,867.0
760.0,27,145.0,1.4795918367346939,3.8723751428326225,9,320.0,0.14297380127308054,16,496.0,0.17092114355049254,2,6.0,0.46236591410307754,27,822.0
765.0,30,135.0,1.3636363636363635,3.8094698777574276,8,350.0,0.22369399974667273,20,428.0,0.11502739259745973,2,18.0,0.657664626538232,30,796.0
770.0,35,140.0,1.3333333333333333,3.4114185526232528,11,390.0,0.17485180375455356,19,498.0,0.10261368772839113,5,31.0,0.44897701510655225,35,919.0
775.0,26,90.0,0.8653846153846154,3.9755482100417017,9,388.0,0.23800018834888734,16,538.0,0.12469133653415522,1,11.0,0.6526874261682818,26,937.0
780.0,20,116.0,1.2083333333333333,3.9715222702247353,4,377.0,0.15419231572741768,15,567.0,0.1410063527439588,1,5.0,0.34316894784106927,20,949.0
785.0,25,198.0,2.0412371134020617,4.370142988649452,4,321.0,0.14396811428681786,21,648.0,0.1432138264964787,0,2.0,0.5027893488706158,25,971.0
790.0,27,215.0,2.3118279569892475,3.8544246205153256,4,308.0,0.17561807818283906,23,676.0,0.14508584973780064,0,0.0,0.767342203023067,27,984.0
795.0,26,161.0,1.694736842105263,3.337811289727324,1,301.0,0.19955401775878867,23,567.0,0.10944483497985057,2,6.0,0.5265850449853324,26,874.0
800.0,29,142.0,1.4343434343434343,4.367467689204562,6,318.0,0.28636119933116344,21,630.0,0.1496088796817906,2,16.0,0.6669460449512072,29,964.0
805.0,30,143.0,1.4444444444444444,4.270751374173341,10,351.0,0.18290396225784336,18,684.0,0.15027920648710813,2,2.0,0.5699557300561753,30,1037.0
810.0,32,233.0,2.402061855670103,4.328916042964434,12,409.0,0.1303055617452513,17,761.0,0.17382028481211895,3,7.0,0.37760647432025574,32,1177.0
815.0,31,258.0,2.8666666666666667,3.2312329466323937,14,459.0,0.10906800406395592,16,743.0,0.09128838675727784,1,8.0,0.44479419506749124,31,1210.0
820.0,36,334.0,3.5531914893617023,3.9272531043244467,17,544.0,0.10744724323292712,17,652.0,0.16050979203818166,2,9.0,0.5761266234830068,36,1205.0
825.0,33,308.0,3.2083333333333335,3.960268470275077,19,576.0,0.1793936000068489,13,710.0,0.14093911828459524,1,7.0,0.7605592935989945,33,1293.0
830.0,34,282.0,2.792079207920792,3.8499209756023998,18,551.0,0.11795314758804516,14,750.0,0.1789308302694098,2,14.0,0.37349261532345096,34,1315.0
835.0,29,243.0,2.5851063829787235,3.478072977139563,15,571.0,0.17232058561471023,13,716.0,0.14170965502676888,1,7.0,0.46293187454934087,29,1294.0
840.0,25,200.0,2.1739130434782608,3.7606141879522412,13,645.0,0.14413871029462297,12,616.0,0.15692080115868556,0,2.0,0.6795353666148582,25,1263.0
845.0,21,140.0,1.443298969072165,3.706459297160783,9,633.0,0.19518302242507607,12,624.0,0.12850364923749572,0,2.0,0.7287082828404369,21,1259.0
850.0,12,65.0,0.6565656565656566,4.801813762982683,2,538.0,0.2713028500618346,8,638.0,0.15157357255712609,2,8.0,0.6953263912918032,12,1184.0
855.0,18,100.0,1.0,4.100481144250268,2,461.0,0.25596927762484223,14,665.0,0.1494947505119468,2,7.0,0.2914447494531162,18,1133.0
860.0,19,112.0,1.1428571428571428,4.178283278783305,2,431.0,0.2264121957705774,16,647.0,0.1648310678939259,1,7.0,0.6108532710971505,19,1085.0
865.0,26,86.0,0.86,3.239080624179063,2,423.0,0.21636489537050657,19,551.0,0.12509657312355635,5,15.0,0.40085277635620625,26,989.0
870.0,28,152.0,1.4757281553398058,4.401303420473577,3,430.0,0.316262004053055,22,433.0,0.13762488200496828,3,30.0,0.6213290585619684,28,893.0
875.0,27,139.0,1.3113207547169812,4.077420559644355,4,405.0,0.28788093722207175,19,503.0,0.1388742393314162,4,45.0,0.5359807853267908,27,953.0
880.0,25,129.0,1.18348623853211,4.025070505425511,6,434.0,0.20233346309874373,14,536.0,0.16543412440159463,5,65.0,0.4253589871350356,25,1035.0
885.0,25,204.0,1.9065420560747663,4.528289979779825,7,421.0,0.17667528930598173,13,544.0,0.20016231854449484,5,90.0,0.39823719815659653,25,1055.0
890.0,20,90.0,0.8333333333333334,3.6762871622338795,2,409.0,0.07300865764105716,17,537.0,0.16803795259673318,1,50.0,0.36654929999656344,20,996.0
895.0,24,98.0,0.9333333333333333,4.451538765859542,5,417.0,0.17362686094651178,18,471.0,0.11033685322406707,1,7.0,0.7637070928275069,24,895.0
900.0,23,77.0,0.77,4.05217371719293,4,382.0,0.1829446105217703,19,472.0,0.12818606552670261,0,2.0,0.6858409947383277,23,856.0
905.0,19,63.0,0.6428571428571429,3.953325190442485,5,312.0,0.18983484903557374,12,495.0,0.20600661262472042,2,11.0,0.5280768039161836,19,818.0
910.0,16,82.0,0.8118811881188119,4.008175726467225,3,314.0,0.1477209804043681,12,506.0,0.15166804683383767,1,0.0,0.49280784181058984,16,820.0
915.0,27,128.0,1.2673267326732673,4.06026096837235,8,344.0,0.08820496510393909,16,498.0,0.16905977191386662,3,12.0,0.35137874341754927,27,854.0
920.0,25,113.0,1.202127659574468,3.6999225843091916,4,322.0,0.20962644077846154,21,443.0,0.09465235427518683,0,10.0,0.7327551214715452,25,775.0
925.0,29,81.0,0.826530612244898,3.608595432401241,5,236.0,0.19996755598474295,21,528.0,0.1769521070365959,3,2.0,0.4726092733435672,29,766.0
930.0,20,82.0,0.803921568627451,4.380274394371074,4,161.0,0.2951460526949587,14,579.0,0.140879607933985,2,11.0,0.6263093972886214,20,751.0
935.0,19,123.0,1.1941747572815533,4.086329686850624,2,163.0,0.18405071698885225,15,616.0,0.11440662091542883,2,19.0,0.5404439486929615,19,798.0
940.0,27,163.0,1.613861386138614,3.644612244273269,7,189.0,0.15222517286730974,16,618.0,0.14895050532776166,4,35.0,0.3305131990766241,27,842.0
945.0,30,158.0,1.6458333333333333,3.242137129853004,10,235.0,0.22832491604945673,20,554.0,0.08369050076390802,0,14.0,0.6051407352214602,30,803.0
950.0,34,124.0,1.1923076923076923,3.3907041510855658,10,228.0,0.20654230135330778,22,633.0,0.09701141235790177,2,6.0,0.489596004327041,34,867.0
955.0,29,133.0,1.2788461538461537,4.17936708108761,9,167.0,0.2648251074162837,17,703.0,0.13526494269679276,3,16.0,0.5355269392059904,29,886.0
960.0,20,71.0,0.7244897959183674,3.276769738058293,6,179.0,0.13528800211603706,14,689.0,0.11943483107850399,0,13.0,0.48593050407418786,20,881.0
965.0,27,97.0,0.9238095238095239,3.7495040929516947,11,230.0,0.1793934854171432,14,603.0,0.12644606548451398,2,10.0,0.575001386635792,27,843.0
970.0,25,103.0,0.9809523809523809,3.4733022751510947,8,228.0,0.2205568739480557,15,654.0,0.1056781238343376,2,20.0,0.6442048910284737,25,902.0
975.0,22,92.0,0.8440366972477065,3.679350642867193,5,160.0,0.19775180701381606,13,673.0,0.10483504438679501,4,32.0,0.46011060107383944,22,865.0
980.0,20,120.0,1.1320754716981132,4.304864631423815,5,163.0,0.24603552288613975,14,721.0,0.12750023236198493,1,12.0,0.5396472680026423,20,896.0
985.0,31,139.0,1.3238095238095238,3.2232618403242466,8,167.0,0.11857244485189244,17,704.0,0.13594066614894362,6,14.0,0.14323305523373975,31,885.0
990.0,21,87.0,0.8613861386138614,3.521288443889681,1,157.0,0.2669006261528758,20,541.0,0.08296156590786224,0,11.0,0.7155374516502087,21,709.0
995.0,25,128.0,1.2549019607843137,4.114373141173376,2,161.0,0.2748747330814116,23,507.0,0.1272979669288048,0,2.0,0.8544315831825406,25,670.0
1000.0,34,139.0,1.287037037037037,3.700300245441833,9,183.0,0.21889475011567722,23,581.0,0.11920834074204106,2,6.0,0.6575649957162114,34,770.0
1005.0,31,154.0,1.4,4.078217661648006,12,235.0,0.1851380087793773,17,615.0,0.14391248972732068,2,16.0,0.5980723749236954,31,866.0
1010.0,35,257.0,2.315315315315315,3.8036694827343087,17,274.0,0.10347328122408597,14,618.0,0.18607184815084543,4,30.0,0.2928868978772936,35,922.0
1015.0,38,294.0,2.697247706422018,4.249320904378171,11,304.0,0.10929839426890252,22,689.0,0.2136535991940518,5,50.0,0.3727771482496599,38,1043.0
1020.0,45,386.0,3.607476635514019,3.899009064426071,16,332.0,0.06594547411988846,28,801.0,0.1071999314559461,1,23.0,0.3785530891225535,45,1156.0
1025.0,45,395.0,3.872549019607843,3.635573684511459,13,357.0,0.06373384233912358,29,837.0,0.08490084634740404,3,11.0,0.4527061263278186,45,1205.0
1030.0,36,309.0,3.433333333333333,3.857680870283282,9,340.0,0.21363487885311574,27,745.0,0.13372496311368579,0,9.0,0.6227067382509957,36,1094.0
1035.0,26,237.0,2.5483870967741935,3.845882239151932,7,320.0,0.21750409347907643,18,797.0,0.18265537607523047,1,5.0,0.5777602471242508,26,1122.0
1040.0,26,166.0,1.6938775510204083,4.586230910012242,6,350.0,0.2749169939326842,18,871.0,0.16775768062971233,2,13.0,0.6865373596341374,26,1234.0
1045.0,36,198.0,1.9603960396039604,3.681647612391605,12,387.0,0.1284188868274811,19,965.0,0.16922095292944578,5,23.0,0.29094283372753493,36,1375.0
1050.0,25,138.0,1.4081632653061225,3.760102990009614,7,392.0,0.1557672638228796,16,941.0,0.13849221394692152,2,12.0,0.4157940064046772,25,1345.0
1055.0,30,185.0,1.8686868686868687,4.56342990785432,12,425.0,0.2025063278767167,15,819.0,0.13934476417951827,3,21.0,0.5013569944810742,30,1265.0
1060.0,23,133.0,1.3571428571428572,4.122444343564918,12,433.0,0.20178169269395146,10,818.0,0.15369366101423934,1,21.0,0.5358812131572723,23,1272.0
1065.0,24,116.0,1.2210526315789474,4.553585431572497,9,395.0,0.21773014547140457,15,862.0,0.1849393393813686,0,5.0,0.760457333015901,24,1262.0
1070.0,22,102.0,1.0,3.7552405431401645,10,403.0,0.18927169542739003,11,825.0,0.1431820924720491,1,2.0,0.31041174881878136,22,1230.0
1075.0,29,121.0,1.2222222222222223,3.9223374443870758,11,379.0,0.2293938720953985,15,659.0,0.1302809414034266,3,14.0,0.5873621166579075,29,1052.0
1080.0,18,82.0,0.8118811881188119,3.9756583014773605,7,388.0,0.2603404098497481,10,664.0,0.16644986720689492,1,3.0,0.5554199287038155,18,1055.0
1085.0,19,86.0,0.7962962962962963,4.498055256036472,5,385.0,0.27479407123699917,12,686.0,0.13916872290170704,2,12.0,0.5611342766030535,19,1083.0
1090.0,17,90.0,0.8823529411764706,4.354873441596769,3,373.0,0.195270716437698,14,722.0,0.15708103073315507,0,9.0,0.4947892756456149,17,1104.0
1095.0,25,129.0,1.2524271844660195,3.993896030267544,8,389.0,0.14104695872946035,15,703.0,0.15511084807866776,2,4.0,0.38962005428942975,25,1096.0
1100.0,25,114.0,1.14,4.039177359795505,6,379.0,0.279709145878688,19,599.0,0.11469584424746275,0,2.0,0.7330466987806451,25,980.0
1105.0,32,93.0,0.8857142857142857,3.565223286582695,8,329.0,0.2032993927931073,21,686.0,0.10918194047349739,3,6.0,0.6222643232251754,32,1021.0
1110.0,29,97.0,0.9150943396226415,3.823728354370186,11,365.0,0.2018795809829143,17,740.0,0.11617919124733074,1,0.0,0.6270199959062204,29,1105.0
1115.0,30,169.0,1.6568627450980393,3.501531399135382,12,417.0,0.10348966589671146,18,797.0,0.13215438485171468,0,0.0,0.43701794166384517,30,1214.0
1120.0,32,193.0,1.9108910891089108,3.131977070464437,13,433.0,0.07875252476647616,17,776.0,0.12558626489311214,2,6.0,0.43868111248121894,32,1215.0
1125.0,29,131.0,1.3232323232323233,3.4083250396560043,6,442.0,0.2169991794136109,20,616.0,0.09454750180809289,3,18.0,0.6505633438515491,29,1076.0
1130.0,27,123.0,1.1388888888888888,3.489441022237587,7,459.0,0.18695413376587544,16,643.0,0.12440907623996025,4,31.0,0.4246505818747099,27,1133.0
1135.0,32,130.0,1.2149532710280373,3.7036304867106282,8,435.0,0.17689307346870192,18,686.0,0.13834744532644777,6,55.0,0.4732844138545207,32,1176.0
1140.0,23,119.0,1.1442307692307692,3.6290075424979324,2,402.0,0.1533780781126096,19,749.0,0.14628432634681754,2,32.0,0.4255798354851808,23,1183.0
1145.0,29,198.0,1.8857142857142857,4.142722077566455,4,378.0,0.10674116490773208,21,842.0,0.1691595693300722,4,26.0,0.29070431854420126,29,1246.0
1150.0,28,188.0,1.898989898989899,3.5342340740422973,4,303.0,0.15243252030297733,23,828.0,0.10246708285165773,1,26.0,0.4164561984071252,28,1157.0
1155.0,30,173.0,1.7653061224489797,3.1820404963232036,4,279.0,0.17681113929660536,24,741.0,0.12259148644250141,2,9.0,0.5006278300498483,30,1029.0
1160.0,26,148.0,1.4509803921568627,3.700255329082878,2,263.0,0.28248465361600317,22,846.0,0.11876709007107698,2,17.0,0.5565599677083946,26,1126.0
1165.0,41,200.0,1.8181818181818181,3.896001201663179,7,274.0,0.20769553086230147,26,949.0,0.13217580102757778,8,34.0,0.2556244556508583,41,1257.0
1170.0,27,172.0,1.6226415094339623,3.8498906617418105,8,309.0,0.1739567865501065,16,940.0,0.13584080037777846,3,29.0,0.4232250432529723,27,1278.0
1175.0,31,179.0,1.8080808080808082,3.441840948012571,11,306.0,0.17094205561016287,14,808.0,0.12295065025147772,6,46.0,0.3409455048540461,31,1160.0
1180.0,29,120.0,1.1428571428571428,3.3193158794932436,13,309.0,0.17408154004562298,13,863.0,0.1341121084349167,3,46.0,0.4160776617434996,29,1218.0
1185.0,21,105.0,1.0,4.2119409423670895,11,282.0,0.2121460249065611,10,894.0,0.15003085428471633,0,14.0,0.6864750446302286,21,1190.0
1190.0,26,95.0,0.8715596330275229,3.0469333733632253,9,306.0,0.11660669470291861,16,861.0,0.11147250910993743,1,5.0,0.39033931060931226,26,1172.0
1195.0,30,130.0,1.2037037037037037,3.6958582840673295,13,365.0,0.19356912568070192,14,758.0,0.11346522981845852,3,11.0,0.5969513604100356,30,1134.0
1200.0,30,155.0,1.4351851851851851,3.248531830761559,13,429.0,0.16618120607216197,15,806.0,0.11285596278958589,2,21.0,0.4669915762682202,30,1256.0
1205.0,27,131.0,1.1801801801801801,3.3787245338424508,9,417.0,0.20020718017290395,12,823.0,0.11571475624786008,6,37.0,0.34810395471636996,27,1277.0
1210.0,23,126.0,1.1666666666666667,3.6120983766973804,7,346.0,0.17321884307609117,14,860.0,0.1279977687415819,2,16.0,0.2799184839152474,23,1222.0
1215.0,32,158.0,1.4363636363636363,3.317966066471276,8,305.0,0.11751761630424544,18,845.0,0.12445675246348205,6,25.0,0.2695224106354743,32,1175.0
1220.0,25,116.0,1.0841121495327102,3.856124798480318,5,326.0,0.26447451100258607,19,703.0,0.09301381261655048,1,29.0,0.6425127133579689,25,1058.0
1225.0,30,81.0,0.7363636363636363,3.15843435724001,8,352.0,0.2187384988818531,18,726.0,0.11205809796279453,4,16.0,0.39879408781363307,30,1094.0
1230.0,31,116.0,1.0545454545454545,3.803498004575509,8,387.0,0.21535085094097944,18,772.0,0.12048822044265638,5,36.0,0.44692374284114783,31,1195.0
1235.0,36,227.0,2.121495327102804,3.792675981959771,11,432.0,0.13466183758650546,18,813.0,0.14455952934703267,7,66.0,0.31685536316574975,36,1311.0
1240.0,41,347.0,3.1545454545454548,3.7990582780924633,13,470.0,0.09712380624184869,20,898.0,0.16306839033694778,8,86.0,0.16558845834191316,41,1454.0
1245.0,38,353.0,3.2990654205607477,3.5909817219705844,15,538.0,0.09633635683848983,22,884.0,0.10343854358335973,1,72.0,0.32775666741417975,38,1494.0
1250.0,45,425.0,4.0476190476190474,3.308392295827954,19,628.0,0.09194658863464689,22,775.0,0.09043330915159066,4,77.0,0.3548630424541926,45,1480.0
1255.0,45,403.0,4.070707070707071,3.2673395907796703,19,664.0,0.16101051214102918,22,876.0,0.12346410357873669,4,73.0,0.48042755826508327,45,1613.0
1260.0,35,336.0,3.4285714285714284,3.6664717785401533,17,583.0,0.13157961544656877,18,950.0,0.1859602829297582,0,44.0,0.44553296046913143,35,1577.0
1265.0,39,351.0,3.407766990291262,3.483123409037198,16,662.0,0.1235103935800853,20,1038.0,0.13676162809755785,3,52.0,0.297442531129307,39,1752.0
1270.0,39,313.0,3.099009900990099,3.0253976656356074,14,735.0,0.1480342758601639,20,1014.0,0.11302662724054144,5,54.0,0.23983981692584633,39,1803.0
1275.0,36,245.0,2.355769230769231,2.9402486713633853,11,733.0,0.17845926210769816,21,881.0,0.12094264741581835,4,64.0,0.3110111056861735,36,1678.0
1280.0,24,125.0,1.2019230769230769,3.5649904813196427,3,651.0,0.2751920862036518,17,907.0,0.13471937570483095,4,73.0,0.4780546384560759,24,1631.0
1285.0,29,108.0,0.972972972972973,3.070563085229316,6,669.0,0.18425712517766027,18,958.0,0.13696290902614422,5,52.0,0.2892545881077833,29,1679.0
1290.0,30,124.0,1.0973451327433628,3.227702325001727,7,670.0,0.16411862159712162,16,920.0,0.13964005906658483,7,61.0,0.20091763757485762,30,1651.0
1295.0,32,161.0,1.4770642201834863,3.3968733729853495,11,713.0,0.15938728769543428,13,776.0,0.13856456432035658,8,79.0,0.3158404358744823,32,1568.0
1300.0,29,122.0,1.0892857142857142,3.364522245324154,8,688.0,0.20120593508264548,16,829.0,0.13604781509307676,5,82.0,0.34919638324924207,29,1599.0
1305.0,20,95.0,0.8407079646017699,3.927862146741071,7,583.0,0.23309109240634537,10,865.0,0.1364598907733633,3,79.0,0.39323838571823555,20,1527.0
1310.0,21,108.0,0.9152542372881356,3.455659892362198,5,437.0,0.17392149246595276,11,812.0,0.11579694603041817,5,99.0,0.19334544468348444,21,1348.0
1315.0,22,110.0,0.9734513274336283,3.5782122376828194,5,417.0,0.29016098862785344,12,650.0,0.1264642514732533,5,91.0,0.30938353612164454,22,1158.0
1320.0,21,63.0,0.5431034482758621,3.0789069519682926,4,440.0,0.24415820530575946,16,697.0,0.11836030574883809,1,63.0,0.278841296496468,21,1200.0
1325.0,19,87.0,0.7372881355932204,3.836863956907676,4,412.0,0.25214122310690734,11,716.0,0.11200568921489538,4,62.0,0.3535875507288048,19,1190.0
1330.0,20,106.0,0.9380530973451328,3.8405996168248566,2,398.0,0.19539499941265484,13,740.0,0.12933949762642866,5,64.0,0.35020214654718057,20,1202.0
1335.0,31,202.0,1.8198198198198199,3.977727516383719,8,410.0,0.11206098692584135,19,812.0,0.1782510423820124,4,41.0,0.3222242052718277,31,1263.0
1340.0,33,251.0,2.324074074074074,3.3629296630002177,10,455.0,0.12289928305557579,21,806.0,0.09943616815220879,2,43.0,0.339206951206751,33,1304.0
1345.0,42,206.0,1.9433962264150944,2.710466889581776,11,433.0,0.13695231288815965,25,712.0,0.08792578999606311,6,59.0,0.2697455910527854,42,1204.0
1350.0,34,174.0,1.6111111111111112,3.3294732064441486,9,395.0,0.21702918679505037,21,761.0,0.12726582875857556,4,62.0,0.3608902109371482,34,1218.0
1355.0,35,150.0,1.3888888888888888,3.453930643254557,8,427.0,0.19095033145113635,23,831.0,0.14332410740515442,4,60.0,0.343087099546485,35,1318.0
1360.0,30,138.0,1.2105263157894737,3.420717424374603,11,476.0,0.0888307699297984,14,804.0,0.14391756727374358,5,77.0,0.18880409786953703,30,1357.0
1365.0,29,120.0,1.1214953271028036,3.171812398019689,10,469.0,0.19101006375470295,12,658.0,0.14906086803740504,7,90.0,0.3028706910793301,29,1217.0
1370.0,27,135.0,1.2053571428571428,3.743856774370749,7,392.0,0.2208437955931753,14,532.0,0.19335677712779964,6,100.0,0.3188242693907856,27,1024.0
1375.0,16,79.0,0.6929824561403509,4.1130697230990885,6,369.0,0.28271724345168,9,534.0,0.17480015810234412,1,70.0,0.4465387346308673,16,973.0
1380.0,16,70.0,0.5932203389830508,4.1009111642674885,4,350.0,0.20831007167513824,8,524.0,0.16257880487744286,4,71.0,0.24540816195074555,16,945.0
1385.0,23,141.0,1.184873949579832,4.240227047660846,6,339.0,0.183154796710094,14,549.0,0.19732566401769844,3,66.0,0.20084171068728845,23,954.0
1390.0,27,235.0,2.1559633027522938,4.324061874168943,5,366.0,0.13223216880252384,21,625.0,0.20396071113347047,1,41.0,0.33365259415583226,27,1032.0
1395.0,24,174.0,1.5818181818181818,3.7056344983575014,3,339.0,0.12951285958851066,21,640.0,0.1367057060941917,0,25.0,0.28464498657846765,24,1004.0
1400.0,29,161.0,1.4907407407407407,4.133179635800691,5,330.0,0.23095283223729657,24,586.0,0.07834254393875183,0,18.0,0.5373325083229673,29,934.0
1405.0,36,162.0,1.5,3.6333414375438657,6,308.0,0.16480337965461947,25,687.0,0.11894441472309147,5,28.0,0.33952294402138344,36,1023.0
1410.0,29,142.0,1.3271028037383177,3.7303667577552884,6,233.0,0.1655485609597776,20,766.0,0.15910893309491236,3,37.0,0.3774455197862512,29,1036.0
1415.0,20,76.0,0.7307692307692307,3.0201437599171093,2,236.0,0.14847219521288213,16,769.0,0.12330387957625145,2,48.0,0.2563335053165853,20,1053.0
1420.0,28,92.0,0.8440366972477065,3.311574660646419,6,263.0,0.1698148833274347,16,686.0,0.1529875433052761,6,55.0,0.31870182994637686,28,1004.0
1425.0,20,74.0,0.6788990825688074,3.5196431476777468,3,246.0,0.2638440395638208,13,704.0,0.1379764834923856,4,63.0,0.37762196859729436,20,1013.0
1430.0,21,71.0,0.6228070175438597,3.372723662145547,5,189.0,0.21266162574918215,12,725.0,0.12824350947509308,4,57.0,0.2934006883582994,21,971.0
1435.0,22,102.0,0.8869565217391304,3.4100340641218914,3,176.0,0.23098887555821918,14,703.0,0.11684383788025442,5,67.0,0.3315255205528084,22,946.0
1440.0,21,85.0,0.7391304347826086,3.045475690389861,4,163.0,0.1850970406219388,13,615.0,0.13886030213662845,4,51.0,0.3115503522436229,21,829.0
1445.0,24,135.0,1.1065573770491803,3.050783080707311,4,159.0,0.25076840943743106,13,620.0,0.11103303647385904,7,72.0,0.2893951715362037,24,851.0
1450.0,22,87.0,0.71900826446281,3.677220467811039,2,137.0,0.2629006932167726,12,623.0,0.10466269294327062,8,84.0,0.28029580272785065,22,844.0
1455.0,29,147.0,1.2564102564102564,3.5647536089154235,6,141.0,0.1258309914399566,15,658.0,0.13562698600358805,8,91.0,0.2046386067836401,29,890.0
1460.0,25,123.0,1.0982142857142858,3.4548203083333635,5,136.0,0.17285744272592657,19,653.0,0.1440583995682434,1,72.0,0.30355972922680663,25,861.0
1465.0,33,121.0,1.0707964601769913,3.0050701530114456,5,104.0,0.2026388044653513,21,540.0,0.10855679501485671,7,89.0,0.27457307338675296,33,733.0
1470.0,30,124.0,1.0689655172413792,3.5563117315685124,4,103.0,0.24584127894481084,20,606.0,0.10704938312457647,6,89.0,0.36849435172270134,30,798.0
1475.0,29,101.0,0.8632478632478633,3.7035518095928217,3,107.0,0.21366241772415845,19,650.0,0.11666464188166506,7,102.0,0.32828107022927755,29,859.0
1480.0,31,158.0,1.3504273504273505,3.626963183637965,6,131.0,0.14316863427874854,20,698.0,0.1273863852452043,5,108.0,0.2594439002587075,31,937.0
1485.0,29,179.0,1.6422018348623852,3.2230301432717203,7,135.0,0.15780037463656005,17,689.0,0.13307877428060708,5,113.0,0.25396259129918886,29,937.0
1490.0,32,154.0,1.3873873873873874,2.8470849689735904,7,143.0,0.18554432843857538,20,616.0,0.11278763752183403,5,97.0,0.26274274335997716,32,856.0
1495.0,30,108.0,0.9230769230769231,3.2849777071294253,7,154.0,0.24536033105022212,22,661.0,0.10548046665610279,1,81.0,0.4225658918813189,30,896.0
1500.0,29,107.0,0.9067796610169492,3.677708288901653,7,173.0,0.20536469258779058,18,719.0,0.11837798519824928,4,71.0,0.33732094318057243,29,963.0
1505.0,38,206.0,1.7457627118644068,3.678538576175196,11,215.0,0.11817153619822195,20,785.0,0.13042440960909316,7,98.0,0.19190660444220728,38,1098.0
1510.0,36,248.0,2.339622641509434,2.8224436736128067,10,265.0,0.10766222045705565,17,782.0,0.13056881749948557,9,110.0,0.20419969288222498,36,1157.0
1515.0,40,196.0,1.8148148148148149,2.9368496092068854,11,236.0,0.15697697735413377,22,706.0,0.12264698843771961,7,123.0,0.2508338772847602,40,1065.0
1520.0,33,154.0,1.3628318584070795,3.3762341841513748,9,250.0,0.23453758391351945,20,795.0,0.1073565917231368,4,102.0,0.4144638637190284,33,1147.0
1525.0,32,113.0,0.9416666666666667,3.408036750143359,10,275.0,0.16218637319599685,18,849.0,0.12239845246590003,4,95.0,0.33245746737525034,32,1219.0
1530.0,40,200.0,1.7094017094017093,3.585298332488338,12,324.0,0.10764656856503166,22,916.0,0.12139510988367203,6,115.0,0.23026496788185816,40,1355.0
1535.0,38,228.0,2.091743119266055,2.71119901912075,12,348.0,0.0960470549771851,19,907.0,0.13108989548952005,7,147.0,0.21524544974125479,38,1402.0
1540.0,38,166.0,1.509090909090909,2.896523756886369,8,324.0,0.1912983979416094,22,803.0,0.11138999238439447,8,121.0,0.2741405454465999,38,1248.0
1545.0,33,136.0,1.1929824561403508,3.3891971393726337,8,360.0,0.2629466000928436,20,839.0,0.10578778903130158,5,127.0,0.3480535460692111,33,1326.0
1550.0,35,141.0,1.1370967741935485,3.1896470285400342,7,377.0,0.14769659462633283,20,903.0,0.10685903333290091,8,155.0,0.24582557525045645,35,1435.0
1555.0,40,199.0,1.6864406779661016,3.357011063854133,11,425.0,0.14310074441504395,22,979.0,0.14095488350512547,7,164.0,0.20686855100922066,40,1568.0
1560.0,42,238.0,2.18348623853211,2.6063106443045676,12,433.0,0.07448511761576283,18,959.0,0.14383401522094025,12,206.0,0.10657968831268129,42,1598.0
1565.0,38,204.0,1.8053097345132743,3.1070082025582866,8,392.0,0.21631342862320926,21,852.0,0.1242464936156027,9,224.0,0.26815559310614523,38,1468.0
1570.0,34,175.0,1.5350877192982457,3.3972203246084534,8,433.0,0.20944998454426048,20,935.0,0.1266208444643938,6,180.0,0.374218477125798,34,1548.0
1575.0,35,154.0,1.2622950819672132,3.139739212618109,12,481.0,0.15539705145895397,18,989.0,0.10962026018794732,5,171.0,0.27208181171606816,35,1641.0
1580.0,37,199.0,1.6446280991735538,3.6526351174253637,10,504.0,0.13663477659152018,22,1060.0,0.13525278742435523,5,194.0,0.24220595275221324,37,1758.0
1585.0,46,253.0,2.1623931623931623,3.0915298963111093,16,557.0,0.04390410844427525,19,1046.0,0.1344706334007312,11,194.0,0.11599225768115916,46,1797.0
1590.0,39,240.0,2.142857142857143,2.7992784310050607,10,560.0,0.16159063023917283,22,936.0,0.09323347776988888,7,203.0,0.2484471429244381,39,1699.0
1595.0,33,156.0,1.3805309734513274,2.8019261664053956,9,495.0,0.1970897811217535,21,1024.0,0.10423900433984815,3,190.0,0.26549287507768077,33,1709.0
1600.0,34,151.0,1.2479338842975207,3.1584024034334623,10,542.0,0.17038303512219352,20,1083.0,0.09749976127061682,4,189.0,0.2578537800918861,34,1814.0
1605.0,35,149.0,1.2416666666666667,3.08837860996633,12,596.0,0.1390083319279861,18,1062.0,0.10158324274690805,5,174.0,0.22995895975737876,35,1832.0
1610.0,38,161.0,1.376068376068376,2.6358644868429693,17,614.0,0.1309032527108744,16,929.0,0.11860423310511076,5,132.0,0.22087422085626635,38,1675.0
1615.0,36,150.0,1.2295081967213115,3.076423234414829,10,617.0,0.22225801657701344,21,990.0,0.10133472027043505,5,123.0,0.3414307136236461,36,1730.0
1620.0,28,105.0,0.8677685950413223,3.09007114715535,4,551.0,0.17966751421107385,20,1026.0,0.09981651795525172,4,139.0,0.22102469763727556,28,1716.0
1625.0,35,186.0,1.537190082644628,3.4856852511265597,9,565.0,0.12301545074386154,19,1073.0,0.10896774925175033,7,142.0,0.19836344732256195,35,1780.0
1630.0,31,193.0,1.6782608695652175,3.0717606370394446,7,542.0,0.13398266701645134,18,1040.0,0.1379121126504682,6,128.0,0.16998297418320074,31,1710.0
1635.0,31,192.0,1.6991150442477876,2.6702844897853577,6,451.0,0.20333090946822321,19,854.0,0.09584243623580312,6,157.0,0.22018708596440736,31,1462.0
1640.0,30,112.0,0.9491525423728814,3.143482577151923,7,476.0,0.28733984859532635,21,933.0,0.10856500404023571,2,122.0,0.28972343644270787,30,1531.0
1645.0,33,103.0,0.824,3.5066051177860964,8,485.0,0.19994105657195688,16,966.0,0.12364582250727049,9,95.0,0.276936154656872,33,1546.0
1650.0,35,165.0,1.3414634146341464,3.208228954648002,8,518.0,0.1386323239162409,16,915.0,0.12177600096173166,11,139.0,0.13754006145008008,35,1572.0
1655.0,38,238.0,2.0517241379310347,2.6018820701592644,11,503.0,0.15676711322088047,14,785.0,0.12701482914412446,13,168.0,0.1918023941909748,38,1456.0
1660.0,37,203.0,1.6639344262295082,2.9998148846166948,10,485.0,0.20564284544502434,13,774.0,0.13078966963460134,14,204.0,0.23962361741319846,37,1463.0
1665.0,31,199.0,1.5793650793650793,3.693892140922149,8,415.0,0.2513907225816386,12,759.0,0.09729824664111646,11,213.0,0.27624025394937707,31,1387.0
1670.0,24,129.0,1.0238095238095237,3.3190440722872063,7,432.0,0.13633598657383994,14,793.0,0.12677271039432736,3,185.0,0.17600783093003206,24,1410.0
1675.0,34,147.0,1.2148760330578512,3.6093934949224447,12,484.0,0.1295727341352525,16,755.0,0.14287099144276855,6,188.0,0.21609956790729323,34,1427.0
1680.0,31,120.0,1.0810810810810811,2.7852680727633863,8,470.0,0.18295384407720597,19,645.0,0.11627893886597979,4,183.0,0.2538083208170761,31,1298.0
1685.0,30,101.0,0.8632478632478633,3.001563133288983,6,389.0,0.26896491456100663,20,680.0,0.10852833292174477,4,169.0,0.24521720075723383,30,1238.0
1690.0,26,73.0,0.5983606557377049,3.5618719538022527,6,402.0,0.2696636282955303,16,713.0,0.11719334554082367,4,174.0,0.2781090592063603,26,1289.0
1695.0,36,176.0,1.3968253968253967,3.648632234326613,10,437.0,0.13759345234993553,19,745.0,0.12656358786596084,7,195.0,0.10735613477033389,36,1377.0
1700.0,41,246.0,2.1578947368421053,2.825088385777953,13,490.0,0.10910160436856896,19,727.0,0.14091224145273742,9,205.0,0.18042033994197948,41,1422.0
1705.0,44,197.0,1.7130434782608697,2.1741819885201523,12,478.0,0.12347545824142649,20,625.0,0.11079571629247588,12,184.0,0.16462044738569698,44,1287.0
1710.0,38,170.0,1.4285714285714286,3.2131603878024593,9,397.0,0.2462814899804214,20,657.0,0.10381719413047197,9,197.0,0.34770284039541133,38,1251.0
1715.0,31,133.0,1.0725806451612903,3.458214962926501,10,441.0,0.1982664258729821,16,707.0,0.10783036602832087,5,210.0,0.3161743454689414,31,1358.0
1720.0,35,165.0,1.3306451612903225,3.58951916513943,10,461.0,0.10829547724624627,19,763.0,0.12291141451273807,6,237.0,0.16528367343489864,35,1461.0
1725.0,39,274.0,2.3620689655172415,3.7475457202638918,14,523.0,0.11991922280889868,20,846.0,0.16878614747152695,5,230.0,0.20521718388179447,39,1599.0
1730.0,39,251.0,2.2410714285714284,2.52425265788322,11,513.0,0.07258268935666756,23,838.0,0.08780854803377784,5,187.0,0.19120302955361557,39,1538.0
1735.0,40,214.0,1.927927927927928,3.097527569000891,9,436.0,0.23371897359244723,24,700.0,0.11601270169513854,7,216.0,0.2735178513546412,40,1352.0
1740.0,36,211.0,1.8347826086956522,3.2377334774259205,8,425.0,0.2451513059321168,19,743.0,0.13857706222030577,9,253.0,0.24320897767477642,36,1421.0
1745.0,45,239.0,1.943089430894309,3.321993793708448,12,474.0,0.18780373403214407,21,810.0,0.12661671025843665,12,301.0,0.1924866569079736,45,1585.0
1750.0,41,255.0,2.142857142857143,2.9425331815808646,10,494.0,0.15786587579972053,15,807.0,0.14317440830813985,16,367.0,0.11438633735292708,41,1668.0
1755.0,37,282.0,2.330578512396694,3.1458377371813153,13,545.0,0.16527646890468087,10,703.0,0.13296036406547504,14,403.0,0.15090855117772436,37,1651.0
1760.0,39,339.0,2.778688524590164,3.6737490862665094,10,538.0,0.2583502844102727,11,699.0,0.14411609805326822,18,458.0,0.202964625759517,39,1695.0
1765.0,36,327.0,2.680327868852459,3.5810904032003608,10,404.0,0.19280860658333124,9,702.0,0.14834124835168402,17,492.0,0.148768613171528,36,1598.0
1770.0,33,276.0,2.319327731092437,3.0598869864971587,9,442.0,0.15232501471316387,9,657.0,0.15080571277903973,15,460.0,0.11032412419512812,33,1559.0
1775.0,36,261.0,2.211864406779661,3.3051101681981674,13,496.0,0.15833714083268424,12,521.0,0.12230157791081246,11,434.0,0.2890235384825576,36,1451.0
1780.0,31,205.0,1.6666666666666667,3.25556578463654,10,498.0,0.20807124112385691,11,510.0,0.13733071584603704,10,408.0,0.2808323970566678,31,1416.0
1785.0,17,73.0,0.6083333333333333,3.9184106756373835,3,417.0,0.3242633044707994,9,510.0,0.14300851944526896,5,414.0,0.3223727398312402,17,1341.0
1790.0,22,100.0,0.8130081300813008,4.025941026272128,3,334.0,0.23629247307977086,13,532.0,0.14010965878232587,6,429.0,0.18906708398295025,22,1295.0
1795.0,30,188.0,1.5932203389830508,4.224475358408105,4,310.0,0.22678534490051544,19,598.0,0.1839153812105645,7,409.0,0.19899573659709735,30,1317.0
1800.0,27,186.0,1.6607142857142858,3.114962077153719,2,323.0,0.1249801666899915,22,608.0,0.1083242926273498,3,336.0,0.19854140758730376,27,1267.0
1805.0,26,141.0,1.2589285714285714,3.2124818761317306,2,312.0,0.2331907852490309,21,552.0,0.1126682165392496,3,275.0,0.26002228166943586,26,1139.0
1810.0,27,114.0,0.9743589743589743,3.547806424219329,4,323.0,0.28111105699462685,18,624.0,0.11228786344775964,5,293.0,0.2720025136779909,27,1240.0
1815.0,38,154.0,1.2833333333333334,3.1470557068219893,8,305.0,0.16140343877131716,21,677.0,0.13370609161334898,9,324.0,0.2003315872202529,38,1306.0
1820.0,37,199.0,1.7155172413793103,3.300816148252732,7,336.0,0.11656774085604152,20,771.0,0.12409439705645972,10,339.0,0.20027778647790312,37,1446.0
1825.0,42,243.0,2.059322033898305,2.64158892740022,9,327.0,0.05284213081942996,17,762.0,0.10033329716943601,16,387.0,0.08019085557276734,42,1476.0
1830.0,35,226.0,1.9824561403508771,2.846701376868234,5,287.0,0.17847643728217089,18,666.0,0.12597101638110966,12,395.0,0.21002991109767827,35,1348.0
1835.0,30,195.0,1.6956521739130435,2.836173590947385,5,312.0,0.1927443722899959,14,646.0,0.16116201580773484,11,346.0,0.22558006031960276,30,1304.0
1840.0,33,137.0,1.113821138211382,3.032743853434966,4,310.0,0.18786652433363651,15,680.0,0.1585226054823142,14,405.0,0.18302682455058486,33,1395.0
1845.0,40,183.0,1.4878048780487805,2.8260809767347603,9,329.0,0.1365051362495214,18,674.0,0.1301338181890925,13,463.0,0.14811552355954094,40,1466.0
1850.0,43,236.0,1.9344262295081966,2.3796993631438537,13,328.0,0.11150473835037189,14,586.0,0.14463560999555677,16,538.0,0.13004523614157007,43,1452.0
1855.0,29,154.0,1.2520325203252032,3.114148615641012,9,323.0,0.22565423398730414,11,624.0,0.14761926679065893,9,537.0,0.21878539658328044,29,1484.0
1860.0,28,127.0,1.016,3.4533402228757084,10,244.0,0.19197766607233258,11,636.0,0.1412407631019533,7,450.0,0.17955056165269895,28,1330.0
1865.0,35,199.0,1.5426356589147288,3.8281588449881188,11,260.0,0.15101464821781047,16,675.0,0.1444274884606043,8,325.0,0.17257659898828748,35,1260.0
1870.0,33,215.0,1.7063492063492063,3.3600654550236566,10,277.0,0.15224795137046782,17,658.0,0.13789960300849533,6,321.0,0.16692717748019475,33,1256.0
1875.0,29,141.0,1.128,3.1041559029656436,3,270.0,0.230925715338121,18,544.0,0.11476068967582474,8,361.0,0.21994681400797308,29,1175.0
1880.0,24,84.0,0.6829268292682927,3.487368896557545,2,269.0,0.32258182470681546,18,581.0,0.11963062095203385,4,359.0,0.33537908035468855,24,1209.0
1885.0,39,123.0,0.9534883720930233,3.432909764926266,12,294.0,0.1646073947202464,18,627.0,0.12296594898791478,9,369.0,0.22316861571217292,39,1290.0
1890.0,40,247.0,1.976,3.364099671862238,14,355.0,0.15961236294966488,18,685.0,0.13408370360446323,8,401.0,0.17371669102370266,40,1441.0
1895.0,40,308.0,2.5040650406504064,2.778493090746763,13,393.0,0.06883517394698253,16,685.0,0.15016224100541736,11,451.0,0.10172590462472594,40,1529.0
1900.0,48,350.0,2.7559055118110236,2.936067101781301,16,444.0,0.14255006296564762,19,607.0,0.12805971209525147,13,415.0,0.1638761023151535,48,1466.0
1905.0,50,426.0,3.328125,2.9654043167779127,21,541.0,0.172104917989892,18,640.0,0.10689846396978701,11,396.0,0.21891467439432136,50,1577.0
1910.0,54,432.0,3.375,2.4621511026638716,23,575.0,0.11490353950530811,17,692.0,0.11038110146956466,14,460.0,0.15351247558426223,54,1727.0
1915.0,49,418.0,3.370967741935484,3.1624641837102874,20,575.0,0.12972766726907248,17,745.0,0.1442607957859402,12,495.0,0.1619092961492055,49,1815.0
1920.0,44,395.0,3.319327731092437,3.0014984465687036,15,644.0,0.0910568592752025,14,728.0,0.1441127906351937,15,554.0,0.0655027786462247,44,1926.0
1925.0,37,294.0,2.45,3.178363737690006,14,721.0,0.17014524061393366,16,632.0,0.10749151375424557,7,551.0,0.18957952466915723,37,1904.0
1930.0,38,240.0,2.0689655172413794,3.0172482338570545,11,717.0,0.22041508698160778,20,710.0,0.12150558083741592,7,477.0,0.26679578685617605,38,1904.0
1935.0,33,136.0,1.1147540983606556,3.170071336047726,6,650.0,0.21702384640876435,18,755.0,0.12985251772323228,9,470.0,0.1887820085556298,33,1875.0
1940.0,34,186.0,1.537190082644628,3.5300622183447548,4,621.0,0.24185448688685818,19,816.0,0.1374237003377178,11,520.0,0.1743279586494086,34,1957.0
1945.0,40,213.0,1.7459016393442623,2.626276546306041,6,596.0,0.10188553950447474,19,800.0,0.12632144477497023,15,530.0,0.059331595094229916,40,1926.0
1950.0,31,167.0,1.4152542372881356,2.9323884726750613,3,586.0,0.2240345811105036,19,664.0,0.098808111359248,9,534.0,0.23793536526806047,31,1784.0
1955.0,30,167.0,1.3801652892561984,3.03780190658674,4,594.0,0.2073229873886239,20,746.0,0.11533925794600264,6,519.0,0.22926461071793156,30,1859.0
1960.0,31,188.0,1.4803149606299213,3.193726084194225,4,568.0,0.22347558612355048,19,805.0,0.12470120614732709,8,557.0,0.17943263110762578,31,1930.0
1965.0,31,154.0,1.2419354838709677,3.1917340856637804,4,533.0,0.20048705782433085,20,880.0,0.134100946686738,7,542.0,0.12656668665737397,31,1955.0
1970.0,32,183.0,1.464,2.8666235173539203,5,502.0,0.07769851241910318,15,859.0,0.1465596391902565,12,541.0,0.08101530534115992,32,1902.0
1975.0,31,156.0,1.3109243697478992,3.085361187389929,3,427.0,0.22537203108014073,18,747.0,0.11704274519737244,10,528.0,0.19867200399615442,31,1702.0
1980.0,33,177.0,1.4873949579831933,3.113858634436345,3,397.0,0.25703803422206306,21,611.0,0.12772261655756809,9,442.0,0.2193234537652022,33,1450.0
1985.0,35,155.0,1.2301587301587302,3.217698975122738,2,390.0,0.32083517450361304,21,687.0,0.13403596703579695,12,496.0,0.2148851404543313,35,1573.0
1990.0,33,159.0,1.2325581395348837,3.6372831995142056,6,406.0,0.23688494070410984,13,720.0,0.16022938053143956,14,561.0,0.1571529353014893,33,1687.0
1995.0,36,220.0,1.7322834645669292,3.5611888965224905,8,391.0,0.09675244652481349,12,731.0,0.2006919917816455,16,573.0,0.11170826801568118,36,1695.0
2000.0,31,196.0,1.6470588235294117,3.439398870480635,7,322.0,0.16649794132843065,14,718.0,0.19331556826737584,10,519.0,0.12943216201069307,31,1559.0
2005.0,35,200.0,1.6528925619834711,3.314242092978795,6,253.0,0.2839378086779378,16,627.0,0.1313288873043626,13,475.0,0.15062837676637408,35,1355.0
2010.0,28,88.0,0.6984126984126984,3.5280247743710857,6,235.0,0.2983237724113774,17,613.0,0.12281816222450147,5,456.0,0.2735227697103602,28,1304.0
2015.0,23,81.0,0.6328125,4.015610896341816,7,267.0,0.2524335194811023,12,625.0,0.13068428878490052,4,408.0,0.26126941413438576,23,1300.0
2020.0,34,167.0,1.3688524590163935,3.752971201669491,13,322.0,0.16451963401476843,16,663.0,0.15242702298857577,5,380.0,0.17020544298771767,34,1365.0
2025.0,30,177.0,1.5128205128205128,3.4571203480597106,10,348.0,0.1877260175868062,16,653.0,0.142472105914104,4,307.0,0.1911942695797703,30,1308.0
2030.0,34,241.0,1.9917355371900827,3.439371298944025,13,395.0,0.151529058235983,18,575.0,0.1223903022339492,3,279.0,0.22798097151554095,34,1249.0
2035.0,34,242.0,2.0,3.1825889395157607,13,401.0,0.19950133470928388,17,611.0,0.11430716771465108,4,258.0,0.25665547611439155,34,1270.0
2040.0,33,213.0,1.775,2.810993209476828,11,348.0,0.17531936043038268,15,654.0,0.1425843375094422,7,282.0,0.18046858880716032,33,1284.0
2045.0,39,287.0,2.296,3.1357425714137137,13,359.0,0.15718069360085177,16,690.0,0.13020143436174092,10,322.0,0.15463542433139163,39,1371.0
2050.0,37,296.0,2.446280991735537,2.8297098060757495,10,361.0,0.10973432944026751,15,671.0,0.13890579811416906,12,338.0,0.09907659368157239,37,1370.0
2055.0,36,202.0,1.6290322580645162,2.5165940596909726,10,335.0,0.19314425096935747,19,590.0,0.10571481292703828,7,326.0,0.16020896960301073,36,1251.0
2060.0,33,159.0,1.2421875,3.4990041160288152,5,347.0,0.30603866955582054,19,670.0,0.11091728818538088,9,298.0,0.2166712505384166,33,1315.0
2065.0,32,95.0,0.7364341085271318,2.886887393048231,5,320.0,0.22411639269690528,17,720.0,0.11598074602360883,10,292.0,0.12129443886565383,32,1332.0
2070.0,37,191.0,1.5158730158730158,3.2855937014480583,7,321.0,0.16565507663551354,21,793.0,0.12348527309059712,9,302.0,0.14035774695663228,37,1416.0
2075.0,40,314.0,2.5950413223140494,3.0392008794990435,7,324.0,0.12769614680606897,22,897.0,0.14155651920330478,11,351.0,0.07628687516807645,40,1572.0
2080.0,41,315.0,2.603305785123967,2.401612725363912,7,283.0,0.1411167381612175,25,902.0,0.09864950371965128,9,328.0,0.0873123143409431,41,1513.0
2085.0,37,236.0,1.9666666666666666,2.663383294742966,7,318.0,0.2153925010594141,27,826.0,0.10006518677844721,3,309.0,0.1726558834836231,37,1453.0
2090.0,41,229.0,1.7890625,2.9226426468140803,10,359.0,0.1541816642360843,26,942.0,0.11289715466889783,5,282.0,0.19362523152412373,41,1583.0
2095.0,41,227.0,1.816,3.2536370992233232,8,379.0,0.20956658570193015,26,1042.0,0.12411412006748315,7,271.0,0.21259453633855502,41,1692.0
2100.0,38,264.0,2.1818181818181817,2.8825572058691153,10,423.0,0.08209401820437938,21,1138.0,0.1319258960654624,7,301.0,0.09474214225207177,38,1862.0
2105.0,41,282.0,2.330578512396694,2.691021688833908,13,432.0,0.09927528218532776,17,1115.0,0.1316376743455415,11,305.0,0.09633254496660736,41,1852.0
2110.0,41,256.0,2.169491525423729,2.6080432857117537,12,448.0,0.1818219817259014,19,992.0,0.11586927131245184,10,276.0,0.16679818316977282,41,1716.0
2115.0,43,245.0,1.96,2.27813089313355,14,464.0,0.155801669171269,19,1072.0,0.11303740498151259,10,317.0,0.1581816519575162,43,1853.0
2120.0,42,283.0,2.246031746031746,2.8849557634223495,12,520.0,0.1996755129508833,20,1139.0,0.12428165769500613,10,369.0,0.1860586593332703,42,2028.0
2125.0,48,229.0,1.7615384615384615,2.327190536327881,16,589.0,0.09503312122468302,21,1128.0,0.11122566553208242,11,355.0,0.09641170748889141,48,2072.0
2130.0,37,237.0,1.9112903225806452,2.784545013606249,11,593.0,0.1900731300262005,14,989.0,0.12257433322055576,12,346.0,0.17328303332370115,37,1928.0
2135.0,35,168.0,1.3228346456692914,2.9160328979129915,8,580.0,0.22501490892673146,15,1001.0,0.10761683337508773,12,335.0,0.16851086355919453,35,1916.0
2140.0,34,147.0,1.1307692307692307,3.119967753652194,8,519.0,0.2389577297049827,14,1027.0,0.1263614135261422,12,282.0,0.1586225412252036,34,1828.0
2145.0,32,193.0,1.4846153846153847,3.596266251018678,7,505.0,0.19507113539325396,14,1060.0,0.11628170696078304,11,260.0,0.1272834472036826,32,1825.0
2150.0,42,305.0,2.3461538461538463,3.272469180714013,9,496.0,0.10262275780931893,22,1140.0,0.1498542209840507,11,282.0,0.11413601403322883,42,1918.0
2155.0,31,270.0,2.1951219512195124,3.2006162607572217,2,492.0,0.18590972771050865,20,1123.0,0.1222012103994618,9,335.0,0.15818490360232249,31,1950.0
2160.0,32,242.0,2.1228070175438596,2.4670137922044253,3,504.0,0.19822341564287133,23,994.0,0.0862615465180926,6,350.0,0.18551949704652165,32,1848.0
2165.0,34,153.0,1.275,2.558480971541397,9,531.0,0.19128218496244936,21,1089.0,0.10292571689521006,4,319.0,0.23564435023438984,34,1939.0
2170.0,44,236.0,1.903225806451613,3.3854184141670025,13,588.0,0.13712900892935914,26,1167.0,0.13979950786029588,5,286.0,0.2304748827751727,44,2041.0
2175.0,50,345.0,2.738095238095238,2.7133191329985364,14,628.0,0.08031646058135064,25,1277.0,0.13462652706829878,11,320.0,0.08035372012508982,50,2225.0
2180.0,49,416.0,3.4098360655737703,2.669980560645036,18,685.0,0.07756127816536197,18,1231.0,0.1090230066486156,13,343.0,0.08606516238392733,49,2259.0
2185.0,48,359.0,2.942622950819672,2.7161368498736795,16,694.0,0.11619051414244455,19,1070.0,0.1298906324051328,13,387.0,0.15643206924673136,48,2151.0
2190.0,45,304.0,2.4918032786885247,3.1604578966711223,17,581.0,0.16582966606199695,16,1083.0,0.14788033507510448,12,441.0,0.16821343354753343,45,2105.0
2195.0,43,268.0,2.2148760330578514,3.2851942773685123,14,646.0,0.2511657442062889,18,1135.0,0.1548052734600162,11,454.0,0.15020253822221788,43,2235.0
2200.0,41,217.0,1.778688524590164,2.942833669172205,14,716.0,0.10308033823967926,16,1089.0,0.13861665733252002,11,462.0,0.07532763127555879,41,2267.0
2205.0,32,199.0,1.7456140350877194,2.8464742694800655,12,781.0,0.21538111364358592,13,914.0,0.11804976962438542,7,467.0,0.2007350611675348,32,2162.0
2210.0,24,107.0,0.8842975206611571,2.875100641839536,7,681.0,0.18155970675166802,12,962.0,0.147903354094972,5,408.0,0.17737145056588235,24,2051.0
2215.0,20,123.0,1.0081967213114753,3.7376337685828025,7,655.0,0.26022556163878746,9,970.0,0.1542333765451971,4,364.0,0.2667262400459956,20,1989.0
2220.0,22,142.0,1.1639344262295082,3.2056955332174897,6,629.0,0.11889161002855775,11,896.0,0.13890611615478676,5,355.0,0.19723389883163836,22,1880.0
2225.0,20,52.0,0.42276422764227645,2.858250102711143,5,637.0,0.2009644776553916,13,727.0,0.12421275697642926,2,328.0,0.24250190896520862,20,1692.0
2230.0,29,97.0,0.7637795275590551,2.8391133227673726,6,664.0,0.19821721018000635,15,718.0,0.1299660493640882,8,354.0,0.22646537754374424,29,1736.0
2235.0,29,97.0,0.7238805970149254,3.3246372800748083,6,625.0,0.15747198227134934,14,760.0,0.1310934152887581,9,350.0,0.19776595642720407,29,1735.0
2240.0,35,174.0,1.359375,3.4150314351189097,7,599.0,0.18402719075110152,17,806.0,0.14314425585685814,11,353.0,0.16613383808734208,35,1758.0
2245.0,36,134.0,1.0307692307692307,2.5945597997604324,8,603.0,0.08498123357001865,17,766.0,0.13014491222301955,11,348.0,0.07662615993044376,36,1717.0
2250.0,33,152.0,1.1875,3.5431113524141438,6,631.0,0.16557241023332647,18,599.0,0.1029095688218405,9,347.0,0.19282379542519812,33,1577.0
2255.0,32,121.0,0.9453125,3.247970824710143,5,592.0,0.17834313065181645,19,671.0,0.11453761012992049,8,335.0,0.18173368614579308,32,1598.0
2260.0,33,106.0,0.8688524590163934,3.152843242632703,7,491.0,0.1992790182147481,17,720.0,0.1556520988548629,9,324.0,0.17570225703043776,33,1535.0
2265.0,31,107.0,0.8842975206611571,2.720053239606923,7,519.0,0.16289642980755834,15,697.0,0.11496736194052415,9,346.0,0.13894869770185123,31,1562.0
2270.0,34,123.0,0.984,2.8669622973364954,8,535.0,0.16272281295960822,15,601.0,0.1239463192199797,11,389.0,0.13001248213090252,34,1525.0
2275.0,30,137.0,1.1048387096774193,3.472449611738931,10,576.0,0.213305386717243,13,611.0,0.11953323137552309,7,377.0,0.22188985629406066,30,1564.0
2280.0,25,113.0,0.9658119658119658,3.3071990553853636,8,545.0,0.16003698540618028,12,629.0,0.1243860727295903,5,305.0,0.20745844819357945,25,1479.0
2285.0,32,177.0,1.5128205128205128,3.740928930412651,9,449.0,0.1385468842474951,15,656.0,0.15079266869801605,8,302.0,0.1697296864238589,32,1407.0
2290.0,33,151.0,1.3130434782608695,3.2446388939464352,9,477.0,0.1270051746497145,18,646.0,0.12833312340373962,6,261.0,0.16656743717341185,33,1384.0
2295.0,30,158.0,1.3389830508474576,3.1220801963153355,10,521.0,0.1410837336372595,16,552.0,0.11419830285245518,4,292.0,0.19610636612891338,30,1365.0
2300.0,27,105.0,0.9292035398230089,3.1511181780552944,10,496.0,0.22545837981556627,16,613.0,0.1044621781124304,1,276.0,0.2738348745702312,27,1385.0
2305.0,34,95.0,0.8189655172413793,3.330012407363176,7,423.0,0.1875981352559725,19,659.0,0.10704201371070106,8,283.0,0.1757492874034279,34,1365.0
2310.0,31,187.0,1.7,3.2166661886838104,4,294.0,0.21929520032996852,18,734.0,0.12843680374881125,9,319.0,0.14867413057101125,31,1347.0
2315.0,32,212.0,1.944954128440367,2.6082789335169494,2,222.0,0.19562094510893177,19,722.0,0.11443942817215479,11,328.0,0.0785920639070416,32,1272.0
2320.0,32,193.0,1.6782608695652175,2.9141019527368726,4,241.0,0.2600521344985778,18,594.0,0.11286178630267919,10,301.0,0.17239942630063793,32,1136.0
2325.0,29,140.0,1.206896551724138,3.3934824356429187,2,220.0,0.3508217263685906,18,636.0,0.11773865024815582,9,311.0,0.233997186889131,29,1167.0
2330.0,37,162.0,1.361344537815126,3.375447227697841,6,228.0,0.28310069427415574,20,710.0,0.10370410701551734,11,360.0,0.14182612816435203,37,1298.0
2335.0,40,218.0,1.912280701754386,3.110792410018138,9,263.0,0.1874842506725582,15,707.0,0.14292311196069202,16,432.0,0.15234611484385382,40,1402.0
2340.0,32,262.0,2.425925925925926,2.8416383830256136,11,261.0,0.14923084168137848,7,609.0,0.14455100598982268,14,509.0,0.1436030919329043,32,1379.0
2345.0,31,229.0,1.9741379310344827,3.3576687897674877,10,311.0,0.20808829183745467,7,611.0,0.1680883676997199,14,472.0,0.20575959624653303,31,1394.0
2350.0,31,145.0,1.228813559322034,3.4818837775553697,14,369.0,0.18340118256227095,8,631.0,0.14546077820431447,9,467.0,0.1916750730781987,31,1467.0
2355.0,32,144.0,1.2100840336134453,3.0188849429260487,13,376.0,0.07632023858208131,8,585.0,0.11375444822612321,11,455.0,0.11512690522948921,32,1416.0
2360.0,26,110.0,1.0091743119266054,3.6611744683650773,8,354.0,0.24312300013272561,7,441.0,0.19917411707200786,11,456.0,0.19965612559923637,26,1251.0
2365.0,24,76.0,0.6909090909090909,3.814321024854563,6,285.0,0.29420927345396464,9,334.0,0.19359190325885953,9,403.0,0.22590785340029035,24,1022.0
2370.0,11,58.0,0.5272727272727272,4.331165247139417,3,243.0,0.36880887050668065,4,308.0,0.18733130364301695,4,389.0,0.2711614086647881,11,940.0
2375.0,13,69.0,0.6330275229357798,4.031811413609935,1,236.0,0.3165778590925799,7,300.0,0.178221924758963,5,374.0,0.20385256773794397,13,910.0
2380.0,21,114.0,1.0178571428571428,3.5760721063270013,6,256.0,0.19208248998098917,10,296.0,0.16442849030548998,5,368.0,0.18525856003431473,21,920.0
2385.0,18,136.0,1.2830188679245282,4.105776436615887,7,259.0,0.28236801464055056,6,243.0,0.22991411459896285,5,363.0,0.2305674116854402,18,865.0
2390.0,11,53.0,0.4732142857142857,4.201003755281934,5,213.0,0.2833274493785763,4,167.0,0.19372210254700456,2,328.0,0.26345118183909305,11,708.0
2395.0,11,34.0,0.2982456140350877,4.774807138657406,4,222.0,0.284271718356414,3,157.0,0.2064676590831983,4,293.0,0.32450932134420635,11,672.0
2400.0,23,87.0,0.7837837837837838,3.9209941252602865,10,253.0,0.13742388792024945,8,148.0,0.1856322037412782,5,277.0,0.1469954791277369,23,678.0
2405.0,23,88.0,0.822429906542056,3.39767524071319,8,254.0,0.10239602621760853,10,153.0,0.20069403177905823,5,242.0,0.1514793654785624,23,649.0
2410.0,15,69.0,0.6634615384615384,4.454782198819877,4,204.0,0.27728676274941455,6,125.0,0.26164579768692914,5,191.0,0.2340183739178357,15,520.0
2415.0,10,39.0,0.35135135135135137,4.981864032424163,3,129.0,0.3287972924855368,5,91.0,0.20402315527465584,2,180.0,0.3067400673253614,10,400.0
2420.0,12,74.0,0.6788990825688074,6.15340960150782,4,102.0,0.4284833120952828,4,91.0,0.29110235030777415,4,182.0,0.37949794897638833,12,375.0
2425.0,17,103.0,0.944954128440367,5.418672594879899,5,79.0,0.3529713688473056,7,94.0,0.2859675943894805,5,173.0,0.3228083858450748,17,346.0
2430.0,12,115.0,1.0849056603773586,6.071863919354671,2,71.0,0.39035275196409047,6,115.0,0.4730711224915449,4,145.0,0.3483254450294726,12,331.0
2435.0,15,71.0,0.6698113207547169,5.589641334128623,9,103.0,0.27760427062279835,2,79.0,0.4693420444659403,3,90.0,0.32255898045938103,14,272.0
2440.0,23,89.0,0.8090909090909091,5.097256683310156,12,124.0,0.12383490488045222,6,41.0,0.417499429494122,5,72.0,0.307320674245484,23,237.0
2445.0,22,113.0,1.0761904761904761,5.123836176143957,11,126.0,0.138704696780191,6,60.0,0.3221927212027213,5,60.0,0.36380521016927464,22,246.0
2450.0,19,108.0,1.0093457943925233,4.638538453567249,7,144.0,0.18973147855764816,6,62.0,0.22663871592503734,6,80.0,0.3702808925018063,19,286.0
2455.0,16,66.0,0.6285714285714286,5.521495210443462,11,160.0,0.2460263040189601,4,63.0,0.22678666089292604,1,46.0,0.5192496099781431,16,269.0
2460.0,22,155.0,1.55,5.326125866848123,14,217.0,0.1551078273017914,4,74.0,0.2783472421418986,4,18.0,0.49593875354626743,22,309.0
2465.0,23,114.0,1.163265306122449,4.272598284776095,16,251.0,0.09639300966068882,2,47.0,0.3576808699114596,5,31.0,0.3665661032919927,23,329.0
2470.0,24,106.0,1.127659574468085,4.820727869511676,12,241.0,0.1781814492602706,6,34.0,0.35759420644569245,6,40.0,0.30745322164379724,24,315.0
2475.0,22,93.0,0.9393939393939394,5.300143374216945,10,197.0,0.16995875299032898,8,53.0,0.3741058897464402,4,47.0,0.33993198627365917,22,297.0
2480.0,11,41.0,0.41414141414141414,6.200965940509439,7,171.0,0.31498469276826285,3,51.0,0.3792562482102587,1,35.0,0.4418662858041444,11,257.0
2485.0,19,62.0,0.6019417475728155,5.946704518586576,7,128.0,0.2683754184759624,3,30.0,0.36801173796549813,9,54.0,0.3642682233913071,19,212.0
2490.0,9,44.0,0.43564356435643564,6.390148933831727,2,121.0,0.3607696817362849,2,33.0,0.41624576684500664,5,69.0,0.4158700412373357,9,223.0
2495.0,12,59.0,0.6276595744680851,6.422745083729189,8,138.0,0.33762466422988285,3,44.0,0.47057860379786026,1,45.0,0.3959750295898554,12,227.0
2500.0,17,90.0,0.9473684210526315,5.600896266385889,9,151.0,0.2748768427874701,5,62.0,0.3958705700932671,3,20.0,0.3483489122620508,17,233.0
2505.0,10,29.0,0.31521739130434784,5.921461682365362,4,112.0,0.24889349609229952,3,44.0,0.3650779992111272,3,22.0,0.46795070179426984,10,178.0
2510.0,14,68.0,0.68,6.336246882556545,3,76.0,0.22382993102704912,7,41.0,0.3373581452429939,4,30.0,0.44418006772604723,14,147.0
2515.0,8,24.0,0.25263157894736843,7.058728670976266,3,57.0,0.3912056891039633,4,51.0,0.3656392747874144,1,12.0,0.5305952528456579,8,120.0
2520.0,13,51.0,0.5730337078651685,6.600142932857124,3,45.0,0.49952626202849876,3,32.0,0.3114341375941705,7,31.0,0.2493783237183783,13,108.0
2525.0,14,67.0,0.7528089887640449,7.211012916743553,4,47.0,0.588732877184387,4,34.0,0.40283965483605483,6,50.0,0.3297679409506971,14,131.0
2530.0,7,77.0,0.927710843373494,8.458855726268698,4,59.0,0.6169984599878404,2,39.0,0.5532887633442474,1,34.0,0.4866321404670256,7,132.0
2535.0,8,35.0,0.39325842696629215,7.471172930382044,3,33.0,0.4727489220991428,4,46.0,0.5254735698632244,1,15.0,0.4577159067514156,8,94.0
2540.0,11,33.0,0.375,7.154365366689248,8,30.0,0.3342696979413893,1,24.0,0.5238792666308115,2,17.0,0.45970625100785634,11,71.0
2545.0,28,84.0,0.9655172413793104,4.964308204421331,9,56.0,0.15882491588305633,9,36.0,0.21968502112225222,10,45.0,0.24000747793207883,28,137.0
2550.0,18,71.0,0.8875,4.7675721644879365,4,59.0,0.26490514116010777,7,62.0,0.2565948280288147,7,65.0,0.22141793655200137,18,186.0
2555.0,7,32.0,0.42105263157894735,7.058237475946664,3,44.0,0.5232392961444495,2,55.0,0.4521851988802388,2,50.0,0.38063020793888214,7,149.0
2560.0,7,44.0,0.5238095238095238,7.485904395343379,4,45.0,0.5139819542244851,2,31.0,0.5014966374132385,1,47.0,0.4036743516395281,7,123.0
2565.0,12,39.0,0.4642857142857143,7.286553137002189,3,22.0,0.576987155304337,2,28.0,0.5388344222560806,7,66.0,0.3578789984454225,12,116.0
2570.0,16,66.0,0.7674418604651163,5.979477250006739,5,29.0,0.3958717553320308,4,30.0,0.4713891279025594,7,73.0,0.22530213763885204,16,132.0
2575.0,13,74.0,0.9487179487179487,5.769546928797857,3,36.0,0.3387133567139978,4,50.0,0.576018468469711,6,68.0,0.24519277072553267,13,154.0
2580.0,9,91.0,1.1973684210526316,5.537049362556236,1,19.0,0.2648541237398176,4,72.0,0.48511939286150135,4,45.0,0.26867378859281665,9,136.0
2585.0,8,49.0,0.5833333333333334,6.720068554008779,3,17.0,0.2506009363193586,1,42.0,0.6111227113846516,4,50.0,0.37408897603641317,8,109.0
2590.0,6,17.0,0.2,7.158703542549088,2,14.0,0.35612119983698415,3,19.0,0.6044093914372629,1,19.0,0.3745946958037325,6,52.0
2595.0,10,36.0,0.4186046511627907,6.461803547626047,3,26.0,0.36953950584053885,3,22.0,0.24575795110828247,4,23.0,0.3523924631474789,10,71.0
2600.0,10,35.0,0.4794520547945205,5.732912295944495,4,41.0,0.47168361354583915,2,17.0,0.25404267559297705,4,34.0,0.31879325512758167,10,92.0
2605.0,11,30.0,0.39473684210526316,5.830483184370402,4,40.0,0.3358973046593875,4,24.0,0.49195231620121904,3,25.0,0.2578128390068757,11,89.0
2610.0,11,59.0,0.7564102564102564,6.879114012774979,4,39.0,0.3899714881297918,4,39.0,0.6134603114869525,3,22.0,0.32421615888736016,11,100.0
2615.0,5,39.0,0.48148148148148145,7.135300258517369,3,41.0,0.3521593172222625,0,13.0,0.6633044265197983,2,27.0,0.35783430836195046,5,81.0
2620.0,12,81.0,0.9310344827586207,7.625650199775633,5,46.0,0.43420228811115796,2,8.0,0.5190873695923122,5,42.0,0.42267233545353916,12,96.0
2625.0,5,59.0,0.7375,8.298785106501118,0,21.0,0.5852645275140591,0,8.0,0.47036915872916435,5,61.0,0.5286373449720043,5,90.0
2630.0,5,13.0,0.16049382716049382,7.122851421813126,4,21.0,0.3610840252136028,1,2.0,0.35713032465632377,0,31.0,0.47367647867934415,5,54.0
2635.0,9,36.0,0.5,7.624965289321403,3,30.0,0.4499881751692249,2,12.0,0.4731100897234335,4,20.0,0.4383264130008437,9,62.0
2640.0,8,34.0,0.5483870967741935,5.877885162032791,1,16.0,0.3744117984505272,2,24.0,0.44067629042297296,5,33.0,0.2680497007348553,8,73.0
2645.0,9,55.0,0.8461538461538461,6.31736549974693,2,12.0,0.410970266679706,4,43.0,0.5842453707362231,3,30.0,0.25372692514879325,9,85.0
2650.0,9,94.0,1.3623188405797102,7.449727138692202,2,19.0,0.42949794674046116,4,63.0,0.5988768072391637,3,28.0,0.35858242732681744,9,110.0
2655.0,12,121.0,1.5921052631578947,7.5209187486517655,4,31.0,0.4642534910923882,6,86.0,0.4781021524023422,2,14.0,0.4738608545959775,12,131.0
2660.0,9,71.0,0.9466666666666667,8.05801882085957,4,51.0,0.5388536496750462,0,48.0,0.5700787069228307,5,30.0,0.45459198904617476,9,129.0
2665.0,14,30.0,0.4166666666666667,5.834669808566246,3,24.0,0.4175112659602595,6,9.0,0.28535455954341654,5,43.0,0.22409992351956348,14,76.0
2670.0,12,41.0,0.6212121212121212,6.548531756462316,5,23.0,0.3125408911435715,2,20.0,0.46925786463057084,5,45.0,0.26390675267260344,12,88.0
2675.0,6,27.0,0.45,6.805993926430849,4,43.0,0.3719836987401373,0,8.0,0.6435103964019253,2,50.0,0.4120948941502384,6,101.0
2680.0,10,37.0,0.5873015873015873,7.290597875434035,1,36.0,0.46297282661375255,2,10.0,0.6351537979723254,7,73.0,0.3916220359283594,10,119.0
2685.0,9,48.0,0.8,7.446655186249936,2,23.0,0.5935580704957507,2,19.0,0.70089848912669,5,78.0,0.33831687799850857,9,120.0
2690.0,10,58.0,0.8529411764705882,6.712768097335321,3,24.0,0.5009811884148001,3,32.0,0.5050508500496824,4,59.0,0.29177695835188416,10,115.0
2695.0,13,106.0,1.5588235294117647,8.483715358164703,4,42.0,0.5902333758185909,4,50.0,0.6262548665414764,5,47.0,0.40574012340714066,13,139.0
2700.0,5,24.0,0.34782608695652173,8.014689746155684,2,17.0,0.41983388587700954,1,20.0,0.5348699268754981,2,38.0,0.5528853007348954,5,75.0
2705.0,13,73.0,1.042857142857143,8.094117741882362,5,18.0,0.2927998146507829,4,15.0,0.47861007530328054,4,50.0,0.5687314031674878,13,83.0
2710.0,8,78.0,1.21875,7.559739268488675,3,31.0,0.3924286531573841,1,19.0,0.3960691678840929,4,64.0,0.5316830401403618,8,114.0
2715.0,7,11.0,0.19298245614035087,6.429658105601708,2,9.0,0.4436055593144613,2,14.0,0.4581576840224167,3,39.0,0.33519537544784095,7,62.0
2720.0,10,46.0,0.7796610169491526,8.199222437749832,2,13.0,0.6228496463974484,1,13.0,0.5378745483230951,7,35.0,0.4016777160860815,10,61.0
2725.0,17,56.0,0.8888888888888888,6.6716376084907445,6,24.0,0.4163257066033307,9,38.0,0.27959161290328455,2,38.0,0.3671114370680082,17,100.0
2730.0,7,26.0,0.4642857142857143,7.086455032168163,1,9.0,0.5174235854875014,4,49.0,0.3771795223358265,2,15.0,0.5023146002377561,7,73.0
2735.0,5,27.0,0.4909090909090909,8.284988622836535,2,11.0,0.49215980110199264,0,27.0,0.4804842383560997,3,22.0,0.596155974132653,5,60.0
2740.0,9,44.0,0.7333333333333333,8.179837949067947,2,15.0,0.5155321871115347,2,10.0,0.567780114448434,5,37.0,0.5874206476607055,9,62.0
2745.0,2,2.0,0.03389830508474576,8.648296915861133,0,6.0,0.7438433445419363,1,7.0,0.533709380527311,1,14.0,0.6420590581439684,2,27.0
2750.0,11,38.0,0.5846153846153846,7.254826636439494,0,0.0,0.598214641608281,7,30.0,0.29784186335809426,4,16.0,0.3572566960861867,11,46.0
2755.0,16,69.0,1.15,6.5392004872985785,3,5.0,0.5594411156237223,5,46.0,0.39411294648456835,8,48.0,0.25671966672698643,16,99.0
2760.0,13,99.0,1.706896551724138,6.447823448006761,0,2.0,0.7067445429900112,0,20.0,0.3925218235618158,13,103.0,0.23465102486501377,13,125.0
2765.0,11,76.0,1.2063492063492063,7.75682703808848,2,8.0,0.6489293430978372,2,10.0,0.46792589481285995,7,120.0,0.3864769406970811,11,138.0
2770.0,3,17.0,0.29310344827586204,8.23319557394543,1,10.0,0.6386066402927701,2,18.0,0.5853719888366624,0,78.0,0.5051798083160312,3,106.0
2775.0,7,7.0,0.109375,7.506340241552345,3,3.0,0.5045071579522203,1,8.0,0.6169198143021062,3,15.0,0.42992565512203923,7,26.0
2780.0,6,36.0,0.5454545454545454,9.71046490626936,2,13.0,0.6692069881088897,2,14.0,0.791184264969426,2,13.0,0.5384659137762489,6,40.0
2785.0,12,49.0,0.6901408450704225,8.231104559788502,6,25.0,0.3565645599267138,1,9.0,0.6525844727368664,5,24.0,0.49926953622653997,12,58.0
2790.0,6,52.0,0.7761194029850746,9.132826441629796,0,8.0,0.6874510063354575,2,9.0,0.5940803327451816,4,45.0,0.58165502570673,6,62.0
2795.0,5,10.0,0.15873015873015872,8.070934315199194,1,3.0,0.7311212493993253,3,5.0,0.42868367426144466,1,20.0,0.44245565395806175,5,28.0
2800.0,13,49.0,0.7777777777777778,6.874960746729505,1,1.0,0.5474555688539323,8,33.0,0.1544505223993977,4,19.0,0.42879775223370414,13,53.0
2805.0,8,35.0,0.660377358490566,6.332744888133901,0,0.0,0.5708220143937658,7,62.0,0.2686884531000579,1,17.0,0.4556457006351425,8,79.0
2810.0,4,5.0,0.08928571428571429,7.2366408292253634,0,2.0,0.5839845729951932,2,54.0,0.4101328762136253,2,7.0,0.46688230893703486,4,63.0
2815.0,6,24.0,0.4,9.870991142891173,2,3.0,0.7246431469148042,2,28.0,0.652938197047682,2,14.0,0.686417079487083,6,45.0
2820.0,5,27.0,0.4426229508196721,9.065848913258604,2,8.0,0.5855934878237767,2,23.0,0.5633077220158219,1,2.0,0.728904087424444,5,33.0
2825.0,6,41.0,0.6507936507936508,8.289314161704397,1,7.0,0.5352036629553032,4,39.0,0.4787696170743742,1,3.0,0.6422179245415203,6,49.0
2830.0,4,3.0,0.04918032786885246,7.569709221724351,1,1.0,0.6454783189033034,2,19.0,0.3444272599218417,1,5.0,0.5287874014928033,4,25.0
2835.0,9,32.0,0.47761194029850745,7.815661150455283,1,2.0,0.5721029208266472,6,30.0,0.4429516552777582,2,4.0,0.3991073664577191,9,36.0
2840.0,6,37.0,0.5692307692307692,9.355824979360984,2,12.0,0.684391554638224,2,37.0,0.6560392222540593,2,14.0,0.5683935636571863,6,63.0
2845.0,14,50.0,0.704225352112676,8.140278639028216,6,26.0,0.44988903967207494,2,14.0,0.5613181136983473,6,28.0,0.5323282547758397,14,68.0
2850.0,6,52.0,0.7428571428571429,9.239906437443613,0,10.0,0.6185780478633605,2,7.0,0.6099673038895387,4,47.0,0.6775400502800103,6,64.0
2855.0,7,75.0,1.1363636363636365,8.704748509485638,2,11.0,0.6140956895823615,1,1.0,0.5048872571316516,4,65.0,0.5506753069189612,7,77.0
2860.0,11,32.0,0.47761194029850745,6.825499255532783,2,16.0,0.5115850235612387,7,26.0,0.2106120770892505,2,33.0,0.437513912641366,11,75.0
2865.0,12,37.0,0.6166666666666667,6.449622978270212,1,6.0,0.45942295850627723,5,48.0,0.31435066422505775,6,19.0,0.3378730346635692,12,73.0
2870.0,9,18.0,0.2903225806451613,6.8175971978582375,1,3.0,0.5698685722463112,3,35.0,0.3485988989510006,5,37.0,0.33901561222358667,9,75.0
2875.0,5,27.0,0.4426229508196721,9.570415404586685,1,8.0,0.6783463278243576,2,28.0,0.6592411508190711,2,26.0,0.6198409285443444,5,62.0
2880.0,7,57.0,0.9344262295081968,9.327860279460346,3,18.0,0.6337800239817171,2,28.0,0.6574682673700157,2,22.0,0.5545020259438417,7,68.0
2885.0,11,79.0,1.1791044776119404,8.574058268675405,2,9.0,0.5498102522276889,4,41.0,0.6162800238462739,5,37.0,0.5738838551292018,11,87.0
2890.0,11,80.0,1.1940298507462686,7.408786512198358,6,24.0,0.3631922624964551,1,17.0,0.44736477988730183,4,57.0,0.5529747237345356,11,98.0
2895.0,14,42.0,0.6086956521739131,6.200688142090412,6,39.0,0.2225476554297576,7,27.0,0.18076270420615045,1,28.0,0.5418814286934299,14,94.0
2900.0,9,29.0,0.4393939393939394,7.060277308168498,2,30.0,0.4363235494339265,5,46.0,0.3305637092427888,2,6.0,0.3835975225103132,9,82.0
2905.0,7,4.0,0.06153846153846154,7.457613469628511,2,14.0,0.6055431674815497,3,30.0,0.39844047288346773,2,13.0,0.3242267812974481,7,57.0
2910.0,7,23.0,0.359375,9.663635274821864,3,7.0,0.6980571342724539,2,19.0,0.6768603289572844,2,15.0,0.5675964171896295,7,41.0
2915.0,6,34.0,0.53125,9.493870942697956,2,15.0,0.6774822434175035,2,8.0,0.5778929706688002,2,21.0,0.6625381179425825,6,44.0
2920.0,14,59.0,0.855072463768116,7.672430443647569,4,30.0,0.5485036793390355,7,32.0,0.3864830647445494,3,7.0,0.44877741194002646,14,69.0
2925.0,15,93.0,1.453125,7.348320660592584,4,50.0,0.399347936236977,5,50.0,0.3884080123227753,6,25.0,0.37011225141942317,15,125.0
2930.0,11,23.0,0.3770491803278688,5.363806719476786,1,30.0,0.3836986618909931,2,34.0,0.2973912869767255,8,40.0,0.2869237431336496,11,104.0
2935.0,6,36.0,0.5714285714285714,9.02670137659512,2,12.0,0.703808838523233,2,18.0,0.5179393944059685,2,33.0,0.5275840159188946,6,63.0
2940.0,4,46.0,0.7666666666666667,9.541112692948312,0,2.0,0.722092903997991,2,25.0,0.5414835882297676,2,25.0,0.5981131131700304,4,52.0
2945.0,8,54.0,0.8571428571428571,8.646225824719156,2,9.0,0.6225596964222808,4,46.0,0.5929964209298821,2,8.0,0.5259723466081987,8,63.0
2950.0,8,44.0,0.6984126984126984,8.65197144355274,2,19.0,0.6597412108570103,0,17.0,0.5341520358659755,6,27.0,0.4742128564830432,8,63.0
2955.0,14,62.0,0.96875,7.165022843759745,4,33.0,0.44725410561145695,3,12.0,0.4469707998003616,7,43.0,0.24821310518379733,14,88.0
2960.0,6,20.0,0.3448275862068966,8.189874154011532,1,11.0,0.6865686080361054,2,21.0,0.637875934764152,3,39.0,0.32673452953340865,6,71.0
2965.0,9,19.0,0.3064516129032258,8.433929892880835,3,8.0,0.42559208335423293,3,11.0,0.558008494528982,3,27.0,0.4710495552848479,9,46.0
2970.0,4,12.0,0.2033898305084746,9.350875634777358,0,6.0,0.7073245934425785,2,10.0,0.6930451315170727,2,18.0,0.519264789250414,4,34.0
2975.0,7,26.0,0.49056603773584906,8.156599194491923,0,0.0,0.7390269724475864,0,2.0,0.5728423320921632,7,41.0,0.3057836560551837,7,43.0
2980.0,11,35.0,0.603448275862069,6.372826956745506,3,8.0,0.4732222936783089,3,10.0,0.3977547237102886,5,57.0,0.2285322313235307,11,75.0
2985.0,10,43.0,0.7962962962962963,6.790490878894291,5,30.0,0.35063888960360573,2,20.0,0.6050005964611899,3,39.0,0.34730435566600365,10,89.0
2990.0,8,14.0,0.2413793103448276,7.269934793242921,4,42.0,0.4000543398074347,1,10.0,0.5343595335418837,3,22.0,0.46713632341949957,8,74.0
2995.0,6,28.0,0.4745762711864407,9.820927082381628,2,15.0,0.586481631880603,2,15.0,0.7290847277593222,2,20.0,0.681552578499916,6,50.0
3000.0,5,53.0,0.8833333333333333,9.851539934870626,1,12.0,0.6759764310420916,2,23.0,0.6410884925203258,2,22.0,0.6151082216030144,5,57.0
3005.0,11,101.0,1.5538461538461539,9.53761613508524,3,22.0,0.6046146724193581,4,41.0,0.6720593788608025,4,40.0,0.4440408572544323,11,103.0
3010.0,8,119.0,1.9833333333333334,8.662166537063529,0,5.0,0.6529829731353984,4,59.0,0.5810412515970644,4,60.0,0.41287931662297284,8,124.0
3015.0,11,96.0,1.5,7.08107318339276,4,10.0,0.37514381982730055,6,85.0,0.41859770811389446,1,27.0,0.45617139709295784,11,122.0
3020.0,7,20.0,0.35714285714285715,7.511235283267711,3,24.0,0.4868010826401412,2,51.0,0.3038178017931999,2,9.0,0.7167984197171713,7,84.0
3025.0,10,24.0,0.42857142857142855,6.839223384816134,2,12.0,0.38104488434038913,8,27.0,0.28525589677514795,0,6.0,0.5158928530115822,10,45.0
3030.0,7,32.0,0.5714285714285714,8.063623163313911,2,10.0,0.5019199717878725,3,41.0,0.5318020804917433,2,9.0,0.43915031642779273,7,60.0
3035.0,8,56.0,1.0,9.115219800986045,3,22.0,0.5724714400455142,2,28.0,0.6433201622606608,3,21.0,0.6084716234028885,8,71.0
3040.0,12,102.0,1.6451612903225807,8.80667474410893,4,39.0,0.5674789592056776,4,35.0,0.5369970663268927,4,34.0,0.589513150336761,12,108.0
3045.0,6,56.0,0.9655172413793104,8.05931815119767,0,15.0,0.5349252332747643,2,18.0,0.4205777204292231,4,54.0,0.625826756057396,6,87.0
3050.0,19,125.0,2.0491803278688523,6.460413263716208,5,16.0,0.19634345076917803,8,36.0,0.27246148863465974,6,77.0,0.37530778207829035,19,129.0
3055.0,4,18.0,0.32142857142857145,7.15745172002709,2,22.0,0.39578902040920916,2,44.0,0.471378659434838,0,42.0,0.3697767514664315,4,108.0
3060.0,6,18.0,0.3673469387755102,7.93892393039614,0,7.0,0.5135239771894082,0,17.0,0.4753135730635309,6,20.0,0.47113790462399846,6,44.0
3065.0,6,18.0,0.32727272727272727,9.22446108426827,2,9.0,0.6364109858437311,2,10.0,0.6673742461567288,2,23.0,0.561465575442954,6,42.0
3070.0,6,43.0,0.86,10.158978460011847,2,19.0,0.6922937455843646,2,22.0,0.7351102363491835,2,10.0,0.7359503741203932,6,51.0
3075.0,10,82.0,1.4385964912280702,8.956002980738976,4,33.0,0.5747372498263615,4,36.0,0.6002938424133686,2,15.0,0.6340430788595904,10,84.0
3080.0,5,31.0,0.5254237288135594,9.3015979829369,1,14.0,0.5014873445559492,1,15.0,0.7120638945010637,3,28.0,0.702680638858817,5,57.0
3085.0,20,77.0,1.1666666666666667,7.343606522368997,9,20.0,0.24103076334823056,5,15.0,0.33763367692031304,6,44.0,0.49507127704680287,20,79.0
3090.0,8,78.0,1.3448275862068966,7.806676157168503,1,27.0,0.4687017792102415,2,17.0,0.40546847077770404,5,69.0,0.40219532788219076,8,113.0
3095.0,5,94.0,1.8431372549019607,8.58502509814961,0,8.0,0.6234523622100189,0,8.0,0.6246881373162729,5,96.0,0.3826287924432902,5,112.0
3100.0,11,140.0,2.456140350877193,8.684449827094042,2,9.0,0.6333786714221382,2,8.0,0.6295948810476549,7,129.0,0.4314746258962583,11,146.0
3105.0,5,29.0,0.5087719298245614,9.069909131359172,3,17.0,0.6593373140870871,1,5.0,0.6561864711514199,1,83.0,0.5396091770704462,5,105.0
3110.0,12,54.0,0.9,7.360249063322589,4,30.0,0.545839314030323,5,23.0,0.294801454421742,3,14.0,0.3610630803515017,12,67.0
3115.0,7,21.0,0.3888888888888889,6.650367842217445,1,11.0,0.48619088175554565,6,39.0,0.24705745174138494,0,3.0,0.42577243391128944,7,53.0
3120.0,6,22.0,0.4230769230769231,7.701748913338284,5,19.0,0.36723794744092214,0,21.0,0.3731684518349025,1,7.0,0.5660610042801902,6,47.0
3125.0,8,30.0,0.5454545454545454,8.820422572491482,2,22.0,0.5404646670428745,2,15.0,0.611457073543483,4,20.0,0.616862871622121,8,57.0
3130.0,6,51.0,0.9444444444444444,9.568904922504405,1,7.0,0.6750705511792224,2,20.0,0.6662550801314219,3,35.0,0.6851381002968693,6,62.0
3135.0,4,3.0,0.04918032786885246,8.234532523950055,1,1.0,0.6155793483489577,0,3.0,0.6351321555854376,3,19.0,0.5025393013318161,4,23.0
3140.0,12,38.0,0.6129032258064516,8.613731299137166,2,10.0,0.6913742369123381,3,9.0,0.6512593902408577,7,23.0,0.3581622661725016,12,42.0
3145.0,14,39.0,0.65,5.946744377111102,5,21.0,0.35073156893412966,3,14.0,0.41006892173583775,6,37.0,0.19209565653510474,14,72.0
3150.0,4,20.0,0.31746031746031744,7.93354243632051,0,9.0,0.605105002204422,2,16.0,0.5726564201106069,2,33.0,0.43324781097009585,4,58.0
3155.0,5,26.0,0.4126984126984127,9.070615850349055,1,6.0,0.6116915931329961,2,23.0,0.6610778529604331,2,17.0,0.5658753334680392,5,46.0
3160.0,13,62.0,0.9538461538461539,7.639913043876651,1,7.0,0.6049640319110198,4,39.0,0.46590412161210415,8,40.0,0.3871320630924123,13,86.0
3165.0,7,25.0,0.43859649122807015,6.878304841630114,0,1.0,0.6022808647553354,0,14.0,0.6068141966514127,7,60.0,0.34292324429565807,7,75.0
3170.0,6,10.0,0.16129032258064516,6.512296712278116,2,2.0,0.5174136628803971,2,9.0,0.5557505284124277,2,46.0,0.18795032124808755,6,57.0
3175.0,4,17.0,0.27419354838709675,8.676558774457128,1,7.0,0.6674513106142979,0,13.0,0.7796700336499055,3,25.0,0.3393561819022136,4,45.0
3180.0,3,22.0,0.3548387096774194,9.460786507061206,1,4.0,0.6381519279366378,0,2.0,0.7660338808222686,2,22.0,0.5449296699238151,3,28.0
3185.0,8,56.0,0.8615384615384616,9.90611426636788,2,11.0,0.7040938761746495,2,7.0,0.7146012422746253,4,40.0,0.6059331333166987,8,58.0
3190.0,8,77.0,1.2419354838709677,9.072563056995754,1,2.0,0.660617308684808,2,17.0,0.6621740805464148,5,60.0,0.5389549446203951,8,79.0
3195.0,12,121.0,1.8333333333333333,8.509643463048384,2,3.0,0.6513799544739178,4,33.0,0.5525592125304,6,87.0,0.528605515132191,12,123.0
3200.0,3,14.0,0.2153846153846154,9.348150630742282,2,13.0,0.6961925003032785,0,12.0,0.6864630184914806,1,52.0,0.5306615052023116,3,77.0
3205.0,16,44.0,0.6285714285714286,7.342517215248947,5,23.0,0.47489862305903174,5,9.0,0.42372565767475723,6,14.0,0.2092765873075038,16,46.0
3210.0,10,56.0,0.875,7.138369528313575,4,42.0,0.5113349556383383,2,14.0,0.4837555357639413,4,30.0,0.19164710109051106,10,86.0
3215.0,3,9.0,0.15789473684210525,8.187336656844415,1,17.0,0.5432670517800472,0,10.0,0.5702915281936835,2,19.0,0.47378772027726795,3,46.0
3220.0,8,34.0,0.5573770491803278,9.243667161287421,3,11.0,0.546117912623134,2,8.0,0.5909778611800687,3,21.0,0.6074627743608916,8,40.0
3225.0,6,41.0,0.7068965517241379,9.121778318580914,1,15.0,0.558626230580043,2,7.0,0.5965354985266589,3,35.0,0.6719105194146285,6,57.0
3230.0,10,77.0,1.3275862068965518,7.313511779710125,1,4.0,0.3731980985022179,4,27.0,0.36063120851971664,5,54.0,0.48491347756634157,10,85.0
3235.0,5,16.0,0.2909090909090909,7.957663028274555,2,11.0,0.5310590741003407,2,26.0,0.5560515337895751,1,30.0,0.39948337580878857,5,67.0
3240.0,10,42.0,0.8076923076923077,7.749422588088645,3,23.0,0.45603785234950167,1,9.0,0.5896391546526075,6,22.0,0.2894042074532172,10,54.0
3245.0,8,60.0,1.0714285714285714,8.336842077450383,4,43.0,0.6127265792432285,2,12.0,0.5777945143250832,2,33.0,0.42895441352076974,8,88.0
3250.0,4,23.0,0.4423076923076923,8.97681324935653,2,20.0,0.6041775334086368,2,23.0,0.6454342127487168,0,10.0,0.6827951641183646,4,53.0
3255.0,7,18.0,0.3103448275862069,7.899329832040311,5,18.0,0.44218913241567326,1,4.0,0.4318696110578277,1,1.0,0.558091389649175,7,23.0
3260.0,5,25.0,0.44642857142857145,8.834511044376887,0,15.0,0.3607076982212444,3,16.0,0.5720025801870077,2,11.0,0.7038894746466283,5,42.0
3265.0,9,31.0,0.5535714285714286,6.443632191976668,3,0.0,0.29316148288507593,4,35.0,0.40074176006178064,2,0.0,0.37994152603872916,9,35.0
3270.0,8,23.0,0.42592592592592593,6.714743414645555,3,8.0,0.36363568131425306,0,32.0,0.4748887055149997,5,15.0,0.3828489309261492,8,55.0
3275.0,9,46.0,0.8679245283018868,7.455975677980152,8,43.0,0.2912526831233515,0,2.0,0.7279854203027771,1,24.0,0.4873354944543481,9,69.0
3280.0,10,32.0,0.5818181818181818,6.486982332449045,5,61.0,0.35304582036378895,2,7.0,0.3239498931998154,3,11.0,0.5387949408943967,10,79.0
3285.0,10,43.0,0.7818181818181819,8.419232948887407,3,32.0,0.44084073916993005,5,31.0,0.5898811170154689,2,16.0,0.6861055916478994,10,79.0
3290.0,4,27.0,0.43548387096774194,7.620234442505352,0,14.0,0.3556732421076737,1,28.0,0.5586334105247124,3,25.0,0.3798629265500674,4,67.0
3295.0,3,16.0,0.26229508196721313,9.521922205582987,2,17.0,0.585011330819923,1,9.0,0.7108883600318394,0,9.0,0.6475948649040627,3,35.0
3300.0,6,42.0,0.7368421052631579,9.172177593984415,2,21.0,0.6147773829482419,1,14.0,0.5731921354635311,3,13.0,0.5585345886703309,6,48.0
3305.0,8,61.0,1.0338983050847457,8.262624134742985,4,35.0,0.5931222028906189,3,25.0,0.5148701158024606,1,16.0,0.5456756348433984,8,76.0
3310.0,7,95.0,1.6964285714285714,8.479515974162378,4,55.0,0.551212451414043,3,42.0,0.543549380697774,0,0.0,0.6276682838608768,7,97.0
3315.0,14,145.0,2.230769230769231,7.497033067059657,6,80.0,0.3850343139224876,5,63.0,0.5005463317245629,3,4.0,0.5657291841459198,14,147.0
3320.0,8,100.0,1.492537313432836,8.483388078125813,1,45.0,0.5091251170314705,5,88.0,0.5700792038376293,2,14.0,0.6485984523990952,8,147.0
3325.0,14,35.0,0.5,6.551102756281501,6,8.0,0.3215793047749736,4,51.0,0.3811359613652791,4,24.0,0.5143226052660601,14,83.0
3330.0,10,29.0,0.4264705882352941,6.461288732182408,1,12.0,0.4497733262263229,6,25.0,0.22973394231574212,3,11.0,0.4378607681420579,10,48.0
3335.0,15,50.0,0.819672131147541,5.361952606899679,0,2.0,0.46863027025674686,8,48.0,0.18942621007462823,7,29.0,0.171826989499914,15,79.0
3340.0,13,43.0,0.6515151515151515,6.553624924406556,3,7.0,0.5473592256561884,4,50.0,0.38286875339970255,6,52.0,0.35766145344785494,13,109.0
3345.0,7,47.0,0.7230769230769231,8.598606983666485,2,17.0,0.6912423441197963,3,43.0,0.5715934940012899,2,42.0,0.5500202590406122,7,102.0
3350.0,8,33.0,0.4583333333333333,7.052298704859011,5,30.0,0.5361954386541449,2,30.0,0.41296820356354524,1,19.0,0.4475657266710722,8,79.0
3355.0,11,43.0,0.5972222222222222,7.49754962376355,2,12.0,0.5144576429204848,7,47.0,0.37636430215858757,2,17.0,0.5690443819315303,11,76.0
3360.0,13,59.0,0.8309859154929577,6.567961704750523,6,21.0,0.26071542745298104,5,60.0,0.19469941814219968,2,20.0,0.58841789728804,13,101.0
3365.0,13,65.0,0.9027777777777778,6.956010542440222,4,35.0,0.39133842279975956,5,47.0,0.2962470388987507,4,39.0,0.5862447583119681,13,121.0
3370.0,4,18.0,0.2647058823529412,8.841969053839396,1,16.0,0.6135849186176102,2,37.0,0.5415916208382703,1,16.0,0.6568407357869036,4,69.0
3375.0,7,18.0,0.25,8.0886859521965,2,6.0,0.5909144579127031,2,24.0,0.43186704462779113,3,13.0,0.5019418215799779,7,43.0
3380.0,9,29.0,0.42028985507246375,7.202928185815015,2,4.0,0.5286640994563991,7,47.0,0.31778761594939764,0,9.0,0.40544878526540984,9,60.0
3385.0,22,56.0,0.8484848484848485,4.829685449838176,10,30.0,0.2087374138531439,9,71.0,0.21501428707169995,3,1.0,0.17355087409533188,22,102.0
3390.0,13,51.0,0.7727272727272727,6.616804502645214,6,55.0,0.3411393518376458,4,69.0,0.33806231247942164,3,12.0,0.5320393176801348,13,136.0
3395.0,4,23.0,0.359375,7.762856771351177,1,38.0,0.5120435303941143,1,48.0,0.37302241472952996,2,22.0,0.6340065250833379,4,108.0
3400.0,15,69.0,0.9857142857142858,7.698525429566122,3,13.0,0.5182944401395785,7,73.0,0.28963718439942693,5,36.0,0.519603544639273,15,122.0
3405.0,8,37.0,0.5692307692307692,7.730168333262272,2,16.0,0.610365595362003,6,83.0,0.34993752480139895,0,12.0,0.5523908480088713,8,111.0
3410.0,10,45.0,0.6521739130434783,6.711230590800766,4,30.0,0.5196010219389531,2,53.0,0.30113329167852376,4,17.0,0.33817658024052466,10,100.0
3415.0,3,7.0,0.10606060606060606,7.103996543706869,0,10.0,0.6369334860870327,2,47.0,0.2643247899706454,1,21.0,0.6057196457922839,3,78.0
3420.0,8,33.0,0.5409836065573771,6.7987732669382845,2,8.0,0.5687896392171812,6,72.0,0.1946238176515442,0,5.0,0.6190241716193946,8,85.0
3425.0,12,39.0,0.6190476190476191,6.6875724931263125,2,11.0,0.4596436436640037,7,83.0,0.30104927409863674,3,8.0,0.5605959082067392,12,102.0
3430.0,3,4.0,0.06666666666666667,7.631162507885293,0,5.0,0.6676015793574245,3,55.0,0.3584212271446968,0,2.0,0.655491213207826,3,62.0
3435.0,5,13.0,0.19696969696969696,7.376426758729104,1,4.0,0.5953883150234474,2,23.0,0.30163305107520566,2,10.0,0.5759967323870678,5,37.0
3440.0,5,14.0,0.21875,7.406150937926481,3,14.0,0.7036142872006834,2,22.0,0.3153375298808038,0,3.0,0.6688736831606124,5,39.0
3445.0,16,26.0,0.37681159420289856,5.513049927750261,4,4.0,0.4057371516533963,10,46.0,0.1995301470103964,2,0.0,0.47780309578683455,16,50.0
3450.0,15,57.0,0.8382352941176471,6.366521697716694,6,24.0,0.3233228788110224,7,63.0,0.3246996192232342,2,10.0,0.5792423658705323,15,97.0
3455.0,9,37.0,0.5522388059701493,6.3286241597712625,5,39.0,0.3587273785261963,2,51.0,0.3231745744784048,2,22.0,0.5700421572674259,9,112.0
3460.0,8,50.0,0.684931506849315,7.2909367689949045,2,27.0,0.5359939829537509,2,30.0,0.35265571674323304,4,38.0,0.579037738064213,8,95.0
3465.0,10,81.0,1.0657894736842106,8.163163631404052,4,28.0,0.5282061727507511,2,25.0,0.4620346993647944,4,58.0,0.673486953427172,10,111.0
3470.0,15,76.0,0.926829268292683,7.147031327406845,11,66.0,0.3350283619249646,4,33.0,0.5035812311388428,0,25.0,0.5356605191811707,15,124.0
3475.0,20,109.0,1.4155844155844155,6.85675513714784,11,91.0,0.3034891569563396,4,52.0,0.5586389477269406,5,15.0,0.5109364290092413,20,158.0
3480.0,9,24.0,0.32,4.862484182641036,3,65.0,0.23758229012907023,2,28.0,0.2784775722668615,4,25.0,0.32888901734090753,9,118.0
3485.0,13,52.0,0.6582278481012658,6.349621168638112,2,41.0,0.3032797555748121,7,38.0,0.4723113872645101,4,33.0,0.32937086030943374,13,112.0
3490.0,8,50.0,0.625,8.33496942702591,3,29.0,0.4272357260505321,2,48.0,0.6205171525740649,3,36.0,0.41547614901378277,8,113.0
3495.0,8,40.0,0.4819277108433735,8.016688246644264,2,17.0,0.4656346190207416,2,16.0,0.4923603488488794,4,44.0,0.5439950002178718,8,77.0
3500.0,15,85.0,1.0759493670886076,7.291042248977804,7,39.0,0.3666030042814419,3,18.0,0.37175301153750817,5,58.0,0.6376961650303673,15,115.0
3505.0,19,58.0,0.7341772151898734,4.661232723866319,6,56.0,0.15270784236846296,10,48.0,0.1459849390646714,3,27.0,0.3044349408223959,19,131.0
3510.0,19,74.0,1.0136986301369864,5.289608470913874,4,59.0,0.21960336215686668,9,70.0,0.2428778449577018,6,29.0,0.2516227732582602,19,158.0
3515.0,8,41.0,0.5857142857142857,6.95780092995122,2,48.0,0.4431711038961865,2,53.0,0.37848966384398164,4,43.0,0.38084663649182493,8,144.0
3520.0,8,47.0,0.6438356164383562,8.194899776787782,4,41.0,0.5723464297725708,2,35.0,0.45162671597954107,2,22.0,0.5082968862288083,8,98.0
3525.0,7,24.0,0.32432432432432434,8.07600436186006,2,20.0,0.48671071177927183,3,34.0,0.4639919896406309,2,17.0,0.6811482240002843,7,71.0
3530.0,16,80.0,1.0,6.763289642376606,6,29.0,0.24083130701907726,6,59.0,0.35086381657655924,4,28.0,0.46884199038264085,16,116.0
3535.0,13,40.0,0.5263157894736842,6.140220871816413,6,47.0,0.25557582051233024,6,68.0,0.24670909035933655,1,8.0,0.5530482788344624,13,123.0
3540.0,9,27.0,0.40298507462686567,6.6035069844609335,1,37.0,0.3807989221218124,3,47.0,0.27776055709182346,5,18.0,0.47464498354619655,9,102.0
3545.0,7,18.0,0.2647058823529412,7.9033607980640355,2,19.0,0.6053638910848056,3,39.0,0.4131745263037362,2,24.0,0.4814022181537317,7,82.0
3550.0,4,34.0,0.5,8.964006425451634,2,22.0,0.6823438814172907,2,36.0,0.48980875561773074,0,4.0,0.6214555896732271,4,62.0
3555.0,9,63.0,0.84,8.752013196826256,4,32.0,0.563425756097102,4,41.0,0.4552158759377839,1,0.0,0.6698409110733672,9,73.0
3560.0,4,7.0,0.0945945945945946,9.205224385715038,3,14.0,0.4940927869026496,0,17.0,0.6461339859712213,1,4.0,0.7217552542418126,4,35.0
3565.0,19,49.0,0.6363636363636364,7.3621692005525015,7,23.0,0.1709936904902811,6,17.0,0.39022722080725736,6,16.0,0.4698770568230621,19,56.0
3570.0,7,20.0,0.2857142857142857,6.4960269364677625,4,36.0,0.276353344349181,3,23.0,0.26304676923623393,0,8.0,0.6171363880182322,7,67.0
3575.0,5,8.0,0.12903225806451613,7.360046098388149,1,22.0,0.5104264581101595,2,20.0,0.35530222821618784,2,7.0,0.47446082262028594,5,49.0
3580.0,4,11.0,0.1746031746031746,8.995150583659814,2,11.0,0.6324622188127876,2,16.0,0.5225531428342809,0,12.0,0.6219589836101236,4,39.0
3585.0,4,18.0,0.2857142857142857,9.973052288746498,2,8.0,0.6685554139914436,2,21.0,0.6778675445963178,0,2.0,0.7604187503666047,4,31.0
3590.0,9,48.0,0.7058823529411765,8.611183443621979,5,26.0,0.436599156793629,4,29.0,0.553827009771314,0,0.0,0.7138816672396996,9,55.0
3595.0,7,13.0,0.203125,7.757208879895685,4,33.0,0.32267242022881765,0,10.0,0.609438769062967,3,4.0,0.7034631533626393,7,47.0
3600.0,5,21.0,0.328125,7.407332550541412,1,14.0,0.20040838616691853,2,11.0,0.445210783303412,2,14.0,0.6111050776342833,5,39.0
