step,system_total_stopped,system_total_waiting_time,system_mean_waiting_time,system_mean_speed,A0_stopped,A0_accumulated_waiting_time,A0_average_speed,B0_stopped,B0_accumulated_waiting_time,B0_average_speed,C0_stopped,C0_accumulated_waiting_time,C0_average_speed,agents_total_stopped,agents_total_accumulated_waiting_time
0.0,0,0.0,0.0,0.0,0,0.0,1.0,0,0.0,1.0,0,0.0,1.0,0,0.0
5.0,1,0.0,0.0,2.6056601261137984,1,0.0,0.0,0,0.0,0.36400993825256467,0,0.0,1.0,1,0.0
10.0,0,0.0,0.0,9.64707801373848,0,0.0,0.5198088821624477,0,0.0,0.9655848617711336,0,0.0,1.0,0,0.0
15.0,1,0.0,0.0,9.247898509297618,0,0.0,0.9229829469716627,1,0.0,0.1915720888391289,0,0.0,0.6075855433759528,1,0.0
20.0,1,0.0,0.0,10.227390774234474,1,0.0,0.6242966635049293,0,0.0,0.8735783004909692,0,0.0,0.715705938314769,1,0.0
25.0,2,1.0,0.1,6.630837130313293,1,0.0,0.4255223712331836,1,1.0,0.24648112711145875,0,0.0,0.9269959148574658,2,1.0
30.0,0,0.0,0.0,8.896297360812873,0,0.0,0.6903835461727073,0,1.0,0.6721657231531171,0,2.0,0.4826472588093372,0,3.0
35.0,0,0.0,0.0,11.558391001771778,0,0.0,0.8300429010333431,0,0.0,0.9927238549748536,0,2.0,0.8227552203372509,0,2.0
40.0,2,2.0,0.16666666666666666,9.197851888357446,1,0.0,0.5646771934449675,0,2.0,0.8254931248341247,1,4.0,0.480347279829236,2,6.0
45.0,3,6.0,0.6,7.4775529254393005,2,5.0,0.42281247970929303,1,3.0,0.6485104869149357,0,0.0,1.0,3,8.0
50.0,0,0.0,0.0,6.711705995991976,0,6.0,0.21583523456906642,0,0.0,0.9883290689039698,0,0.0,0.6445523407953532,0,6.0
55.0,2,2.0,0.14285714285714285,9.133200397440703,1,2.0,0.6047469403299827,0,2.0,0.9725656641080495,1,2.0,0.6139055988498673,2,6.0
60.0,4,9.0,0.5294117647058824,9.004859961579331,2,8.0,0.6255693265817924,0,2.0,0.9093083931722052,2,3.0,0.4657439430170963,4,13.0
65.0,4,18.0,0.8181818181818182,7.728029293702113,3,18.0,0.43288390376973607,1,2.0,0.7445677531004316,0,2.0,0.5784463572953509,4,22.0
70.0,2,5.0,0.19230769230769232,7.688438166077551,1,11.0,0.34248326935387297,0,0.0,0.8862932558588741,1,5.0,0.6794774328506661,2,16.0
75.0,5,20.0,0.6896551724137931,8.660636950251916,3,12.0,0.3682892943664988,0,0.0,0.46054558012409796,2,10.0,0.7019289127579227,5,22.0
80.0,1,5.0,0.18518518518518517,8.188845121284375,0,6.0,0.39249352284918254,1,5.0,0.0,0,0.0,0.6732381946734852,1,11.0
85.0,4,17.0,0.68,9.226020730835799,3,7.0,0.2968752013612852,1,12.0,0.6657647049703943,0,0.0,0.869312470977148,4,19.0
90.0,1,2.0,0.08333333333333333,10.072045425289048,0,9.0,0.6113287441639064,0,2.0,0.8647644412288114,1,2.0,0.6866939932223625,1,13.0
95.0,3,11.0,0.44,8.711569100848402,0,0.0,0.4915070364724089,1,1.0,0.7457163766274965,2,12.0,0.24451772502537386,3,13.0
100.0,3,5.0,0.20833333333333334,5.871349708707631,1,4.0,0.1153752777980025,0,0.0,0.28356289494794634,2,9.0,0.468133449373728,3,13.0
105.0,9,30.0,1.25,6.131135325486857,3,14.0,0.3377862912685988,5,18.0,0.2838800914808552,1,2.0,0.6991369134706649,9,34.0
110.0,3,29.0,1.2083333333333333,8.043010704836847,2,24.0,0.3998831250032563,1,24.0,0.5405163985558945,0,0.0,0.6900543603398024,3,48.0
115.0,2,3.0,0.125,8.387347888401857,0,15.0,0.6763827621219008,1,2.0,0.487204196832398,1,5.0,0.6228266371557775,2,22.0
120.0,3,15.0,0.625,9.031459543827754,0,2.0,0.8401165206808509,0,4.0,0.6791087787181846,3,17.0,0.5570267855616228,3,23.0
125.0,3,8.0,0.32,7.554231177013548,0,2.0,0.6445908329145622,3,12.0,0.41394981690936095,0,7.0,0.4989636947850033,3,21.0
130.0,5,32.0,1.28,7.611366547196311,1,6.0,0.3603746476356466,4,34.0,0.5261965119479443,0,0.0,0.6135185028159708,5,40.0
135.0,1,10.0,0.38461538461538464,7.33561881573147,0,1.0,0.387331611005949,1,32.0,0.4441786457642008,0,0.0,0.908140270039808,1,33.0
140.0,1,5.0,0.17857142857142858,10.428404538923958,0,2.0,0.7629581110300865,1,19.0,0.7290439806778283,0,0.0,0.6961976554348956,1,21.0
145.0,2,10.0,0.38461538461538464,9.849500467603825,1,2.0,0.7701160281460128,1,12.0,0.645807789588925,0,0.0,0.7504667423082524,2,14.0
150.0,3,21.0,0.75,9.0237988926884,0,2.0,0.7073926840615742,2,22.0,0.4650806584100004,1,1.0,0.5972199603995784,3,25.0
155.0,4,17.0,0.6296296296296297,7.991324801455806,2,10.0,0.608850317171487,0,8.0,0.49548759420747346,2,9.0,0.39850648898910085,4,27.0
160.0,2,2.0,0.07407407407407407,6.147364757863615,1,9.0,0.2992683831390222,1,1.0,0.0032800489019757352,0,4.0,0.5403358202063464,2,14.0
165.0,1,6.0,0.2222222222222222,8.613266420568722,1,6.0,0.33458973570581213,0,4.0,0.9500702167917066,0,0.0,0.7061984761161835,1,10.0
170.0,2,12.0,0.42857142857142855,10.59290638283133,1,11.0,0.5701916722716608,0,4.0,0.9376631246194833,1,3.0,0.7262386758552714,2,18.0
175.0,2,8.0,0.25806451612903225,9.246278171376392,1,2.0,0.5045698609150263,0,4.0,0.824016189794771,1,8.0,0.5229845421911199,2,14.0
180.0,9,36.0,1.1612903225806452,6.4839842792051,4,15.0,0.32012905056857405,3,10.0,0.15778335546756392,2,17.0,0.45988156478928627,9,42.0
185.0,2,1.0,0.037037037037037035,5.751707741860027,0,13.0,0.37918586073608684,2,9.0,0.1622013316988856,0,9.0,0.5517092986452281,2,31.0
190.0,3,5.0,0.18518518518518517,9.714480778219285,1,2.0,0.6151071170177714,0,3.0,0.806914062312252,2,7.0,0.5831942012074871,3,12.0
195.0,2,14.0,0.5,10.689514531897036,0,2.0,0.8837768691459962,0,2.0,0.86211833648944,2,16.0,0.6371231039153297,2,20.0
200.0,1,1.0,0.03571428571428571,10.576829031834587,0,2.0,0.7797734040861077,0,2.0,0.8403884208945592,1,10.0,0.631060262438585,1,14.0
205.0,5,15.0,0.5769230769230769,6.040174959116587,1,4.0,0.24769979558403862,0,0.0,0.5041177763613881,4,15.0,0.1398630649166951,5,19.0
210.0,9,50.0,2.0833333333333335,6.745888121032791,2,13.0,0.5839710454614169,0,0.0,0.8724716531431193,7,41.0,0.30788252796706517,9,54.0
215.0,1,6.0,0.25,8.080046448542928,0,7.0,0.758889926176989,0,0.0,0.6110494158660014,1,40.0,0.5416855038416236,1,47.0
220.0,4,5.0,0.17857142857142858,8.306259082647081,0,0.0,0.6304077397426215,1,2.0,0.6017776680580426,3,11.0,0.41610767055812675,4,13.0
225.0,2,1.0,0.034482758620689655,8.392169079638911,1,0.0,0.6526080527224942,0,2.0,0.6983053943625869,1,11.0,0.2851748499524335,2,13.0
230.0,4,14.0,0.45161290322580644,9.457215203481741,0,0.0,0.6461819396711866,0,2.0,0.8153451214572188,4,20.0,0.15765620739974232,4,22.0
235.0,6,40.0,1.4814814814814814,6.826261975234483,0,0.0,0.7849003315034004,0,2.0,0.3649901885777001,6,46.0,0.16010168594786772,6,48.0
240.0,7,38.0,1.5833333333333333,6.14078632788438,1,4.0,0.41779719721158537,4,15.0,0.1851259341208762,2,45.0,0.45346556224044066,7,64.0
245.0,6,19.0,0.7916666666666666,6.534774516576139,3,16.0,0.3747413515431076,1,16.0,0.31463208723416897,2,24.0,0.48565630229858747,6,56.0
250.0,5,11.0,0.44,6.917551860394656,1,17.0,0.4670016803995386,1,8.0,0.4640590211246607,3,28.0,0.4553565500485434,5,53.0
255.0,4,22.0,0.7857142857142857,8.91641449147487,0,3.0,0.6083520523294219,0,4.0,0.7052737108827288,4,46.0,0.5117736310693439,4,53.0
260.0,0,0.0,0.0,9.109701701375092,0,2.0,0.8101897641006184,0,4.0,0.8759870382286647,0,28.0,0.3416557870024483,0,34.0
265.0,1,1.0,0.038461538461538464,9.952748801328053,0,0.0,0.7280589187804065,1,7.0,0.747139720410833,0,0.0,0.49546880875742055,1,7.0
270.0,6,17.0,0.5862068965517241,8.30774484366367,1,5.0,0.6249292288802047,3,17.0,0.5778519158084253,2,1.0,0.4096274350886598,6,23.0
275.0,7,50.0,1.6666666666666667,8.154580385542468,1,10.0,0.5284975948475851,4,36.0,0.4794734991135678,2,10.0,0.5989064443207279,7,56.0
280.0,4,24.0,0.8275862068965517,5.98235780681483,2,17.0,0.36763739938817086,2,26.0,0.30763293256856017,0,7.0,0.5711062697482346,4,50.0
285.0,1,5.0,0.19230769230769232,8.496251135377346,0,2.0,0.8935372996886655,1,16.0,0.5346707467864864,0,2.0,0.6670354205572088,1,20.0
290.0,3,11.0,0.39285714285714285,9.252523775112541,0,2.0,0.7760677573370851,1,12.0,0.6659657559432803,2,3.0,0.6175416098871231,3,17.0
295.0,4,24.0,0.8571428571428571,9.46470181887017,1,5.0,0.6730844054878805,1,15.0,0.8038632639343892,2,6.0,0.6128989282655124,4,26.0
300.0,5,32.0,1.103448275862069,7.6352418572195475,2,11.0,0.6069956632972441,2,22.0,0.42463772713051107,1,1.0,0.6288777117716541,5,34.0
305.0,6,47.0,1.3823529411764706,7.933313672578528,1,4.0,0.5768022067022247,3,36.0,0.417726789443921,2,11.0,0.550136954557652,6,51.0
310.0,4,8.0,0.24242424242424243,7.551851414889052,0,0.0,0.7522337764772208,2,19.0,0.3933794982895854,2,15.0,0.48450685765572454,4,34.0
315.0,5,17.0,0.5,8.77307320530403,1,2.0,0.5366532125117796,2,17.0,0.6206347857268982,2,2.0,0.5047527523092566,5,21.0
320.0,3,5.0,0.15625,8.262074057138268,1,1.0,0.49580932934134586,1,15.0,0.6796098011952273,1,3.0,0.40289330214753016,3,19.0
325.0,5,29.0,0.8787878787878788,8.119750791284572,1,8.0,0.387869575147199,1,8.0,0.7481585273293228,3,17.0,0.4326110378652311,5,33.0
330.0,4,33.0,1.1785714285714286,8.22264604272719,0,5.0,0.8072259555680433,0,0.0,0.31897260398603255,4,35.0,0.48518459101763967,4,40.0
335.0,3,5.0,0.2,6.958950610632423,0,2.0,0.5568198820760702,2,5.0,0.002425534422414728,1,20.0,0.39228081322356273,3,27.0
340.0,6,28.0,1.2173913043478262,7.513619487149645,2,9.0,0.425796064113196,3,17.0,0.3272730236997718,1,4.0,0.434503205091089,6,30.0
345.0,4,27.0,1.125,7.843179315423306,1,1.0,0.4057387702610468,2,27.0,0.5750209535922703,1,1.0,0.24225686129715965,4,29.0
350.0,3,15.0,0.5769230769230769,8.946916469516077,1,6.0,0.3706605880294784,0,17.0,0.5360999041288373,2,9.0,0.39963432285930867,3,32.0
355.0,2,15.0,0.7894736842105263,8.508180162530268,1,13.0,0.6122546137786273,1,4.0,0.32786649249481803,0,0.0,0.580110071200952,2,17.0
360.0,5,24.0,1.263157894736842,7.306655578020435,2,20.0,0.5694985869042776,1,3.0,0.49293091823657675,2,7.0,0.33891939323112324,5,30.0
365.0,5,49.0,2.227272727272727,8.365218061093099,2,30.0,0.6792784601710963,1,8.0,0.5180789174872796,2,17.0,0.41424017719077444,5,55.0
370.0,4,38.0,1.4615384615384615,6.356554834094042,0,3.0,0.4202720951136179,1,13.0,0.5496945611033045,3,29.0,0.40036336501180275,4,45.0
375.0,4,24.0,0.8571428571428571,8.131121997550476,1,5.0,0.592750852176208,2,23.0,0.6234560941843832,1,21.0,0.2943001729510129,4,49.0
380.0,2,12.0,0.42857142857142855,9.303118219733465,2,12.0,0.4150510432925465,0,11.0,0.5626440832348768,0,0.0,0.7283600495194298,2,23.0
385.0,3,10.0,0.37037037037037035,10.08086349275363,0,2.0,0.7813703057320449,2,7.0,0.6217656758398835,1,3.0,0.4551755558132479,3,12.0
390.0,3,4.0,0.16,8.684272409557403,1,5.0,0.5444563720432346,1,6.0,0.49920721964172576,1,0.0,0.45452222645826196,3,11.0
395.0,7,23.0,1.0952380952380953,7.477924375660044,3,15.0,0.5138832831764757,3,12.0,0.38078344177631573,1,0.0,0.597742446354595,7,27.0
400.0,1,2.0,0.1,6.367503431699999,0,8.0,0.37851261898433464,1,15.0,0.29039268733014567,0,0.0,0.7090667681925054,1,23.0
405.0,4,8.0,0.36363636363636365,9.030154261504427,2,4.0,0.48371870318366994,1,6.0,0.6548730737895726,1,6.0,0.6098953589336229,4,16.0
410.0,4,16.0,0.6666666666666666,8.974699807847145,1,4.0,0.6571832094805183,1,7.0,0.6966728745483965,2,15.0,0.46004490082860794,4,26.0
415.0,2,8.0,0.3333333333333333,9.081267310515452,0,0.0,0.7325251585576525,2,12.0,0.4608006897153497,0,5.0,0.5673618958040312,2,17.0
420.0,7,24.0,1.0909090909090908,7.1670533017298474,2,5.0,0.4024406936988065,3,24.0,0.3829949372869335,2,1.0,0.31624154928031123,7,30.0
425.0,6,45.0,2.0454545454545454,7.970495736266477,1,8.0,0.11333215775708176,4,44.0,0.4013006202665978,1,6.0,0.5552232216784216,6,58.0
430.0,5,58.0,2.761904761904762,9.161091845978769,1,1.0,0.28592110590161024,4,66.0,0.5203123262335995,0,0.0,0.9512809364791207,5,67.0
435.0,1,15.0,0.8333333333333334,8.44847319065041,0,0.0,0.7003712426974863,1,51.0,0.4584067775463813,0,0.0,0.9091620437817391,1,51.0
440.0,2,6.0,0.375,9.822684114939111,0,0.0,0.8810308403823072,1,22.0,0.5635171720185677,1,3.0,0.6141938858879403,2,25.0
445.0,4,10.0,0.5263157894736842,8.553962373446794,1,0.0,0.7377088295774654,1,10.0,0.5075196549003008,2,2.0,0.5476550802157873,4,12.0
450.0,1,15.0,0.75,9.530103414357812,0,0.0,0.6329836666859757,1,15.0,0.0,0,2.0,0.7524352163622479,1,17.0
455.0,4,10.0,0.47619047619047616,7.176821487213446,3,9.0,0.1885959909441278,0,0.0,1.0,1,1.0,0.6333451822560661,4,10.0
460.0,1,0.0,0.0,6.369660129008325,1,8.0,0.27709481919134504,0,0.0,1.0,0,2.0,0.4461653606668959,1,10.0
465.0,4,9.0,0.36,6.949168657688218,0,0.0,0.2813783323019418,0,2.0,0.8995434091339245,4,9.0,0.23441391232009653,4,11.0
470.0,4,10.0,0.37037037037037035,8.52371121504246,1,0.0,0.4426532892842966,0,2.0,0.9862820786248356,3,21.0,0.46086682960099495,4,23.0
475.0,1,0.0,0.0,10.3810162823226,0,0.0,0.7731251473805459,0,0.0,0.9663865760261237,1,13.0,0.5792362925940578,1,13.0
480.0,5,2.0,0.07407407407407407,8.543314137688865,2,1.0,0.6433052297505252,1,0.0,0.49732543870758295,2,9.0,0.4976163174329861,5,10.0
485.0,6,27.0,0.9,8.575233360804626,2,8.0,0.37092370326853896,1,5.0,0.6111025301366285,3,22.0,0.42354893226704793,6,35.0
490.0,5,29.0,1.2608695652173914,7.130885104305064,2,18.0,0.3911079783713985,2,11.0,0.3159431153900003,1,14.0,0.5220185710333873,5,43.0
495.0,4,23.0,1.0,7.325217938648012,1,14.0,0.40501309374305833,2,23.0,0.44285173636526903,1,2.0,0.5233593431395931,4,39.0
500.0,1,0.0,0.0,8.259132117337364,0,0.0,0.4938993196456491,1,7.0,0.7105843987164224,0,0.0,0.49225702853872,1,7.0
505.0,4,6.0,0.17647058823529413,9.68652085434749,2,2.0,0.5725929457618958,0,4.0,0.8052653540361333,2,8.0,0.6522569937216647,4,14.0
510.0,3,21.0,0.65625,10.268112164877508,1,7.0,0.7292525457376275,0,2.0,0.6690471542790666,2,18.0,0.5587779182807098,3,27.0
515.0,3,5.0,0.16666666666666666,7.523265088065667,0,2.0,0.7231886407695678,3,7.0,0.14477330852829215,0,12.0,0.33315189099477105,3,21.0
520.0,8,37.0,1.3214285714285714,7.478088161829638,2,4.0,0.6025035647736446,6,39.0,0.3379659837883595,0,0.0,0.6354260596323791,8,43.0
525.0,4,11.0,0.3548387096774194,7.235500533377976,1,3.0,0.4479358093605361,1,42.0,0.5347567362360383,2,3.0,0.3438385076234114,4,48.0
530.0,6,30.0,0.8823529411764706,8.885714563254306,4,17.0,0.5103416545146665,0,9.0,0.7571879365973119,2,15.0,0.5761143180525929,6,41.0
535.0,6,13.0,0.3939393939393939,5.520268044543516,3,26.0,0.40446242371206803,1,5.0,0.11511168283806951,2,12.0,0.5155765110857885,6,43.0
540.0,10,34.0,1.0625,6.756361797492466,2,21.0,0.41103523826028004,6,26.0,0.36078515233954234,2,8.0,0.6106158197163967,10,55.0
545.0,11,67.0,1.8611111111111112,7.048420665647443,3,17.0,0.2860467521031852,6,56.0,0.5025648900596708,2,6.0,0.5447631020854049,11,79.0
550.0,6,41.0,1.0512820512820513,7.750919667143998,3,31.0,0.42158561685110685,0,45.0,0.5934072096736603,3,10.0,0.4264552416553122,6,86.0
555.0,4,48.0,1.263157894736842,7.6488146057565345,4,50.0,0.4368262178529524,0,2.0,0.5662183231683746,0,8.0,0.5667581834456482,4,60.0
560.0,7,74.0,1.8974358974358974,8.021296535042879,5,74.0,0.513623975237531,0,2.0,0.5904277030681842,2,4.0,0.5974886401136924,7,80.0
565.0,3,25.0,0.6410256410256411,8.835206091198152,2,67.0,0.6012105648544583,0,2.0,0.6415507576634784,1,6.0,0.6270127021766443,3,75.0
570.0,5,21.0,0.5121951219512195,8.00280211711249,1,26.0,0.3572262031377941,0,2.0,0.7311823582489289,4,21.0,0.5240303290207976,5,49.0
575.0,15,59.0,1.475,4.907740405055146,3,30.0,0.2187391176931837,3,7.0,0.32984718595794293,9,50.0,0.398569520429981,15,87.0
580.0,11,58.0,1.380952380952381,5.112840178653846,2,39.0,0.2943239564507361,4,26.0,0.5002389154628053,5,59.0,0.25412688269462,11,124.0
585.0,4,8.0,0.18181818181818182,6.063121157112479,1,23.0,0.23154514463376152,1,19.0,0.5322407007847356,2,35.0,0.32156569634465926,4,77.0
590.0,8,34.0,0.7391304347826086,8.767733823837702,3,18.0,0.4938411938412312,2,10.0,0.6660890610078442,3,23.0,0.4772468196930692,8,51.0
595.0,6,52.0,1.2093023255813953,9.394333929460021,3,33.0,0.4928375228777589,1,3.0,0.6589272372068653,2,24.0,0.5888281945655389,6,60.0
600.0,8,87.0,2.0714285714285716,7.82884191733456,3,48.0,0.3517955572319612,3,13.0,0.39546298072894787,2,34.0,0.5227198098915518,8,95.0
605.0,4,43.0,1.162162162162162,7.737324614162977,1,23.0,0.38804019999636896,1,11.0,0.5065834543842592,2,42.0,0.4743234381900229,4,76.0
610.0,1,1.0,0.029411764705882353,9.204421896549162,0,2.0,0.815499903122801,0,3.0,0.5683273515848444,1,26.0,0.4388521174039761,1,31.0
615.0,3,7.0,0.19444444444444445,9.374384661907719,0,2.0,0.9172087518246762,1,3.0,0.5491209587755693,2,8.0,0.4535788959130765,3,13.0
620.0,8,26.0,0.7428571428571429,7.952411536187822,3,3.0,0.5446119731775009,4,16.0,0.3577774591407559,1,13.0,0.7680072995276263,8,32.0
625.0,8,21.0,0.5833333333333334,5.034670505325291,4,10.0,0.22596630245701363,4,27.0,0.24076425593448458,0,0.0,0.5911967679850679,8,37.0
630.0,1,4.0,0.10810810810810811,7.740177854712608,0,11.0,0.5307425737405935,0,25.0,0.4596141314602704,1,5.0,0.7150411384158437,1,41.0
635.0,3,14.0,0.3684210526315789,9.714927996458606,1,4.0,0.5951290690756917,1,15.0,0.7563218827437764,1,10.0,0.7409497862168268,3,29.0
640.0,6,16.0,0.4,9.013360973841658,4,15.0,0.5207086534190988,2,16.0,0.5811121726997772,0,1.0,0.8095046094357499,6,32.0
645.0,8,26.0,0.6190476190476191,7.459429605517634,2,11.0,0.5453031945648253,3,28.0,0.45107279171165643,3,10.0,0.40312225578191385,8,49.0
650.0,6,15.0,0.3488372093023256,6.02503518120298,2,10.0,0.40827880514517684,2,27.0,0.28634924374978404,2,13.0,0.303546345816463,6,50.0
655.0,8,34.0,0.8292682926829268,7.7750630563323675,8,38.0,0.2215119209750043,0,8.0,0.6989731713236588,0,3.0,0.6637556392386069,8,49.0
660.0,6,24.0,0.5714285714285714,8.219935853444309,3,46.0,0.48924499051087994,1,5.0,0.7219008891793907,2,5.0,0.5526194933666067,6,56.0
665.0,6,21.0,0.4883720930232558,7.63503504628286,0,22.0,0.5380563753658373,0,4.0,0.7953317054062709,6,22.0,0.3553805879188056,6,48.0
670.0,10,60.0,1.3953488372093024,7.0183500813885225,0,2.0,0.4853566767695422,1,6.0,0.6611732223769354,9,59.0,0.20516238101750833,10,67.0
675.0,8,43.0,1.048780487804878,6.842557207379961,0,0.0,0.6722149597155478,3,19.0,0.5236720635139281,5,69.0,0.17990514497789376,8,88.0
680.0,5,11.0,0.25,7.157388937542181,3,4.0,0.3459019091050264,1,21.0,0.5685975753199306,1,38.0,0.33046036818565044,5,63.0
685.0,3,18.0,0.42857142857142855,10.232347395721408,3,20.0,0.5906325680236564,0,6.0,0.8618139973726101,0,9.0,0.6634584914667326,3,35.0
690.0,0,0.0,0.0,9.76530974454265,0,19.0,0.6771707257290649,0,2.0,0.6521876319373084,0,0.0,0.7325652935795728,0,21.0
695.0,2,8.0,0.22857142857142856,10.886484542399785,0,2.0,0.7190137242444661,2,10.0,0.6861993802929137,0,0.0,0.896099211580748,2,12.0
700.0,2,4.0,0.12121212121212122,7.9580867939685564,1,4.0,0.33037397050929923,0,2.0,0.604975420180216,1,2.0,0.5124378112236551,2,8.0
705.0,7,35.0,1.0294117647058822,7.639997113508103,4,24.0,0.5249777904172327,0,0.0,0.6548176402192933,3,17.0,0.27726266422757495,7,41.0
710.0,7,46.0,1.393939393939394,7.333896427870381,0,18.0,0.6039309236119539,0,0.0,0.523259170323878,7,48.0,0.39368458023263525,7,66.0
715.0,6,13.0,0.3611111111111111,7.007287181830344,1,2.0,0.6082653500210121,1,5.0,0.6446887075104992,4,46.0,0.33748006173664064,6,53.0
720.0,2,11.0,0.2894736842105263,9.130855004158743,1,5.0,0.6553369017730754,1,12.0,0.7566574406488112,0,14.0,0.5478239191270332,2,31.0
725.0,4,27.0,0.6136363636363636,8.999419656086506,3,16.0,0.44476409914415693,1,15.0,0.7240775016969054,0,0.0,0.6189041291572179,4,31.0
730.0,5,27.0,0.574468085106383,8.698847232663228,3,22.0,0.3769597858941686,2,20.0,0.7260718969583683,0,0.0,0.6726552104759785,5,42.0
735.0,7,34.0,0.7083333333333334,8.214513842890959,2,19.0,0.42633636289640947,2,24.0,0.5996045604980712,3,8.0,0.5832487845650415,7,51.0
740.0,4,13.0,0.26,8.008183069664994,2,14.0,0.5726168650912432,1,2.0,0.6325412966653889,1,11.0,0.42551091426973414,4,27.0
745.0,7,43.0,0.8113207547169812,8.641625852573018,3,20.0,0.5487437103656847,3,18.0,0.5140746830324472,1,7.0,0.5147547843888026,7,45.0
750.0,3,5.0,0.09433962264150944,8.293912777639322,1,18.0,0.584483570201661,0,19.0,0.7033339474659641,2,2.0,0.3064966590550793,3,39.0
755.0,10,34.0,0.6666666666666666,7.96248327779589,2,10.0,0.3739835434671554,1,5.0,0.49128749277710804,7,27.0,0.43604674027471957,10,42.0
760.0,8,19.0,0.4418604651162791,5.749478416026088,1,16.0,0.43082888741266934,2,6.0,0.19432281375139812,5,37.0,0.3517290197810879,8,59.0
765.0,11,42.0,1.0,7.103997534837053,1,13.0,0.5979648013329975,7,34.0,0.4288796157425435,3,25.0,0.34158225352976385,11,72.0
770.0,2,11.0,0.2391304347826087,8.088404980360652,1,3.0,0.3439545868825371,0,34.0,0.6218257101297291,1,13.0,0.47229684216368484,2,50.0
775.0,2,8.0,0.16326530612244897,9.466881101037016,2,10.0,0.6430046653378372,0,4.0,0.682855594733847,0,4.0,0.5729353709043937,2,18.0
780.0,6,13.0,0.2826086956521739,8.182727749968222,0,8.0,0.7019567411005364,0,2.0,0.43252360402020135,6,17.0,0.4686017937912118,6,27.0
785.0,15,46.0,1.0454545454545454,5.841287043240469,3,11.0,0.43305312309823313,7,24.0,0.23372114024989132,5,31.0,0.44966985395601355,15,66.0
790.0,7,22.0,0.46808510638297873,6.557597417026205,2,10.0,0.2888437148846418,3,41.0,0.4492266748035214,2,24.0,0.4199069350576168,7,75.0
795.0,8,28.0,0.5384615384615384,7.977660849706961,5,23.0,0.4374589076512191,1,18.0,0.5611934564800101,2,25.0,0.4967508079084206,8,66.0
800.0,7,30.0,0.5882352941176471,9.216110140451509,1,16.0,0.6773659934670058,1,10.0,0.7166728095486877,5,43.0,0.47577704809399574,7,69.0
805.0,7,23.0,0.48936170212765956,8.219533209273699,1,2.0,0.6778937258251215,0,2.0,0.6808991454137284,6,52.0,0.36564526502845013,7,56.0
810.0,7,18.0,0.4,7.99863813306809,2,3.0,0.5753997388305705,2,10.0,0.6580454045209112,3,43.0,0.3835109307147835,7,56.0
815.0,8,39.0,0.8478260869565217,7.430674014102187,4,20.0,0.40411765667242033,2,20.0,0.65512057042526,2,51.0,0.317341527952928,8,91.0
820.0,9,34.0,0.7906976744186046,5.6719701824568975,1,21.0,0.25124484073870457,0,11.0,0.45106600343880787,8,79.0,0.2889139666590695,9,111.0
825.0,6,23.0,0.575,6.580431462459646,0,6.0,0.5603658167565446,0,2.0,0.7452837815170898,6,92.0,0.29661595145633884,6,100.0
830.0,4,8.0,0.19047619047619047,9.092691872934083,0,2.0,0.8538739559223777,0,2.0,0.923884863303247,4,66.0,0.3685948628199022,4,70.0
835.0,1,0.0,0.0,9.752909387297686,0,2.0,0.7458336662976367,0,2.0,0.7756047398855306,1,31.0,0.5266331203760316,1,35.0
840.0,3,6.0,0.14634146341463414,7.34957235027426,2,7.0,0.37800496211273293,0,0.0,0.7888567501198545,1,32.0,0.3182653222589274,3,39.0
845.0,9,25.0,0.5681818181818182,6.077057263810755,1,7.0,0.33389756178846725,2,2.0,0.5953675214437288,6,53.0,0.3111286072489554,9,62.0
850.0,14,69.0,1.5333333333333334,6.011955287300309,3,7.0,0.45411593214842655,1,4.0,0.4866034362837936,10,92.0,0.2652682369672593,14,103.0
855.0,13,66.0,1.434782608695652,5.415850765459034,2,16.0,0.5013928988405552,4,19.0,0.4043306719521123,7,99.0,0.1631319030293382,13,134.0
860.0,11,55.0,1.0576923076923077,6.246383516900297,4,31.0,0.37455618126875223,2,23.0,0.5271328008896741,5,70.0,0.2887609983443196,11,124.0
865.0,5,28.0,0.4827586206896552,8.865971072882871,1,17.0,0.6578586775546716,2,14.0,0.6518765609375056,2,48.0,0.5146453418967591,5,79.0
870.0,4,33.0,0.5689655172413793,9.422875513950702,1,5.0,0.7047812787027918,0,8.0,0.7384691159910513,3,45.0,0.530648667884729,4,58.0
875.0,3,9.0,0.16071428571428573,7.667338035690575,0,3.0,0.5782289408971881,3,11.0,0.3997298461777288,0,17.0,0.5109125051127898,3,31.0
880.0,13,57.0,1.163265306122449,6.002999959710429,3,9.0,0.49642461385703296,7,41.0,0.30500377815746116,3,20.0,0.25325141536052653,13,70.0
885.0,10,32.0,0.64,4.621027659597596,2,10.0,0.2116559038613797,4,51.0,0.33087718649679165,4,28.0,0.18171570573305204,10,89.0
890.0,9,32.0,0.64,6.936327870919959,6,30.0,0.35098733638394525,1,32.0,0.4863592434794861,2,23.0,0.4817225078096419,9,85.0
895.0,3,2.0,0.038461538461538464,8.600730503789968,1,31.0,0.6057764503483453,0,13.0,0.5632654523458424,2,11.0,0.6063380078776928,3,55.0
900.0,2,11.0,0.20754716981132076,10.498129818172403,0,2.0,0.8616207350598469,0,4.0,0.7566549693276813,2,13.0,0.7100160907161666,2,19.0
905.0,6,30.0,0.5769230769230769,9.159047730798191,4,11.0,0.5135725291331659,0,4.0,0.6858199365643801,2,21.0,0.6930242340648657,6,36.0
910.0,11,39.0,0.7222222222222222,6.5876495374500985,7,35.0,0.28292841757734555,2,9.0,0.5338850205944379,2,13.0,0.4834555688811249,11,57.0
915.0,15,57.0,1.0555555555555556,4.853022000545051,5,45.0,0.22152017175502736,6,32.0,0.21008804601627187,4,13.0,0.32898400994400256,15,90.0
920.0,25,128.0,2.3703703703703702,4.368825607648642,4,36.0,0.3090245516671388,11,77.0,0.1365270644293788,10,47.0,0.2135779364439357,25,160.0
925.0,25,178.0,3.016949152542373,5.386096225048668,5,31.0,0.44993261234526905,10,105.0,0.32302277148334557,10,92.0,0.1900114544348681,25,228.0
930.0,13,109.0,1.7868852459016393,7.152396982797938,4,42.0,0.574162557833302,3,91.0,0.4812621240227731,6,103.0,0.37520517969241374,13,236.0
935.0,2,5.0,0.07936507936507936,7.455774344353645,0,16.0,0.666281872918594,1,99.0,0.46821515067286207,1,61.0,0.44001562683601153,2,176.0
940.0,12,32.0,0.5,7.164350191480267,2,6.0,0.6474393296913818,6,118.0,0.2535481401701929,4,65.0,0.43282386110428234,12,189.0
945.0,19,69.0,1.15,4.793504314123824,5,20.0,0.30280747319534973,6,126.0,0.15040263525304254,8,90.0,0.23433269376563867,19,236.0
950.0,15,46.0,0.8070175438596491,4.0692057467029175,2,29.0,0.35948909188795053,3,95.0,0.20417334877121598,10,92.0,0.270179277856337,15,216.0
955.0,8,20.0,0.3225806451612903,6.738942548988484,2,18.0,0.5439184325719641,1,101.0,0.41390274808069555,5,67.0,0.431624467246034,8,186.0
960.0,13,57.0,0.8260869565217391,7.415940810319777,2,9.0,0.6672324961003369,7,128.0,0.4291729423661694,4,53.0,0.40139145219053657,13,190.0
965.0,13,64.0,0.8648648648648649,7.063808718513683,1,14.0,0.5921610135466051,6,124.0,0.40727587338312976,6,62.0,0.35091251647921007,13,200.0
970.0,10,48.0,0.64,6.8280947892125745,2,25.0,0.7008026648331248,5,68.0,0.4124077895084009,3,66.0,0.34661548339967924,10,159.0
975.0,11,53.0,0.7066666666666667,7.012277245772351,0,2.0,0.7765220737222426,5,64.0,0.33024513420043994,6,69.0,0.41521532630456337,11,135.0
980.0,13,72.0,1.0140845070422535,6.203401720814315,3,8.0,0.5126872220986062,2,58.0,0.35966302279779416,8,100.0,0.32704279701107014,13,166.0
985.0,15,69.0,0.9857142857142858,5.580245631614384,1,9.0,0.554898657230358,5,66.0,0.26590938315546075,9,118.0,0.19031220254610834,15,193.0
990.0,20,96.0,1.4328358208955223,5.574725811889313,1,4.0,0.5672215735541656,10,106.0,0.27817456934783524,9,87.0,0.19856693513021342,20,197.0
995.0,15,71.0,1.0597014925373134,5.80644951627137,2,1.0,0.4982869099432726,9,129.0,0.36389083275729245,4,103.0,0.23523791961746396,15,233.0
1000.0,16,56.0,0.8115942028985508,5.468005815358167,6,18.0,0.3704178807039291,4,100.0,0.3128619711082371,6,132.0,0.2765666423084542,16,250.0
1005.0,17,79.0,1.1285714285714286,5.758016839401905,3,23.0,0.554697657761913,3,59.0,0.37088948518701426,11,175.0,0.2380096315076797,17,257.0
1010.0,11,45.0,0.6716417910447762,5.608760471495564,1,8.0,0.5941227022075354,3,61.0,0.3772231302326169,7,181.0,0.29540209895455294,11,250.0
1015.0,15,48.0,0.6575342465753424,6.006712724775908,1,1.0,0.6604217013474024,8,90.0,0.37146496314209493,6,117.0,0.2160940572774364,15,208.0
1020.0,18,98.0,1.240506329113924,5.5993658082629505,3,9.0,0.5004652976446027,10,135.0,0.41272681977196773,5,139.0,0.20871573560213996,18,283.0
1025.0,26,190.0,2.2093023255813953,5.106731567648634,3,19.0,0.541626564547821,15,197.0,0.22797304792538112,8,177.0,0.18287131977450838,26,393.0
1030.0,28,162.0,1.8837209302325582,4.2034239976594225,5,30.0,0.453342841984785,14,223.0,0.12589767765963072,9,185.0,0.1832223247690682,28,438.0
1035.0,21,121.0,1.4578313253012047,4.442009636587502,6,55.0,0.4479595856603036,8,190.0,0.27901958251728154,7,152.0,0.24094620743517628,21,397.0
1040.0,10,25.0,0.29069767441860467,4.477013215536316,3,36.0,0.5042783722498008,3,184.0,0.21834316800526943,4,151.0,0.24789159948832734,10,371.0
1045.0,18,72.0,0.782608695652174,4.728192195450293,2,21.0,0.5326405002992682,8,216.0,0.10779628335284688,8,170.0,0.20279103140585567,18,407.0
1050.0,22,114.0,1.2391304347826086,4.080204046351009,1,16.0,0.3930948998477997,8,213.0,0.16210686808837818,13,218.0,0.11951900046475332,22,447.0
1055.0,23,182.0,2.0919540229885056,4.606608387411767,3,20.0,0.4927115229519756,4,146.0,0.28998836683359913,16,295.0,0.16665034699954046,23,461.0
1060.0,26,265.0,3.0113636363636362,4.970735628477906,3,24.0,0.44602142524690674,4,97.0,0.3190922964361342,19,385.0,0.20749637677179494,26,506.0
1065.0,31,386.0,4.337078651685394,4.780247943623822,5,23.0,0.5034070452523844,2,54.0,0.33383095932701484,24,493.0,0.12159117813810523,31,570.0
1070.0,32,353.0,3.966292134831461,4.711529353858646,5,33.0,0.4803963447417639,5,55.0,0.4072823388869093,22,527.0,0.10959759110013143,32,615.0
1075.0,25,213.0,2.4204545454545454,4.7354435400320805,3,37.0,0.47730529830888335,2,48.0,0.3892458156298708,20,470.0,0.16160698339523302,25,555.0
1080.0,24,199.0,2.1630434782608696,5.807288937501183,3,33.0,0.4558768263649202,6,51.0,0.5200053582641806,15,402.0,0.16277467197814377,24,486.0
1085.0,20,140.0,1.443298969072165,5.30838222318526,2,25.0,0.37309105710123813,6,58.0,0.41783658735305496,12,457.0,0.21097702783132266,20,540.0
1090.0,22,138.0,1.5,5.3345747631139435,6,38.0,0.3746190238601621,3,45.0,0.3901135880222317,13,513.0,0.23466263772109058,22,596.0
1095.0,23,57.0,0.6477272727272727,4.015002520957512,8,58.0,0.283604126023778,5,36.0,0.2523659993296104,10,502.0,0.1723027203474868,23,596.0
1100.0,24,85.0,0.9883720930232558,4.28370727795411,7,59.0,0.29740218790009265,9,74.0,0.32462492918174307,8,446.0,0.16003623037893075,24,579.0
1105.0,17,100.0,1.0869565217391304,4.645009763125933,2,50.0,0.32546205752537744,12,129.0,0.2799364087538871,3,444.0,0.19260337116104276,17,623.0
1110.0,26,136.0,1.4166666666666667,4.5668370103723275,8,66.0,0.26075237526710376,10,153.0,0.2156441229745897,8,466.0,0.16955108153913911,26,685.0
1115.0,24,101.0,1.0978260869565217,4.167273593664137,8,87.0,0.33823879486523317,8,119.0,0.177956953157471,8,454.0,0.1840704578300684,24,660.0
1120.0,15,47.0,0.5465116279069767,4.931714234086462,4,63.0,0.3955320958851852,6,150.0,0.35056243595686726,5,362.0,0.22306774220692582,15,575.0
1125.0,13,51.0,0.5604395604395604,4.980306323097958,2,61.0,0.3016760303576174,8,178.0,0.26194148644372933,3,297.0,0.26018260597879905,13,536.0
1130.0,18,66.0,0.6875,5.501380807845546,7,82.0,0.2423464555655537,6,173.0,0.3371859767225356,5,207.0,0.2893799320752733,18,462.0
1135.0,15,62.0,0.6595744680851063,6.145424549327103,8,95.0,0.27590899591174944,4,134.0,0.3962335122377785,3,152.0,0.4424173318351521,15,381.0
1140.0,10,27.0,0.2903225806451613,6.168516881346223,7,73.0,0.2975952570780705,2,110.0,0.478407416523145,1,104.0,0.4213197252153445,10,287.0
1145.0,10,22.0,0.23157894736842105,5.665937057418321,6,94.0,0.28511691770266373,1,109.0,0.3015109718113504,3,112.0,0.4853591017179995,10,315.0
1150.0,25,98.0,1.053763440860215,4.7246631229429275,11,124.0,0.18704093612438463,7,133.0,0.17345744462152418,7,135.0,0.3098814739587015,25,392.0
1155.0,33,168.0,1.9310344827586208,2.988309760232755,17,195.0,0.08734279291591046,8,147.0,0.13719033145355947,8,137.0,0.1251334779007324,33,479.0
1160.0,34,243.0,2.8255813953488373,3.4983909795932555,22,293.0,0.10662024789785292,4,98.0,0.28190593199649644,8,115.0,0.2423992652623714,34,506.0
1165.0,27,240.0,2.5806451612903225,5.04828943453876,18,339.0,0.18469352880322773,4,65.0,0.4324550627160104,5,81.0,0.4192950024764858,27,485.0
1170.0,20,141.0,1.4387755102040816,5.512681890736823,14,306.0,0.19457200939237915,4,53.0,0.5906219900640618,2,81.0,0.4143285882700699,20,440.0
1175.0,18,86.0,0.8431372549019608,5.25836410644059,13,367.0,0.14650446843076678,1,36.0,0.5519098350550756,4,81.0,0.3980299386797003,18,484.0
1180.0,26,113.0,1.118811881188119,4.075943158179052,16,437.0,0.12931202715625606,5,40.0,0.224566358795804,5,89.0,0.2176131843408749,26,566.0
1185.0,24,94.0,0.9690721649484536,3.559166162995287,11,452.0,0.14122869797124987,6,51.0,0.20609823154410079,7,96.0,0.21169453124016196,24,599.0
1190.0,14,76.0,0.8,5.290406769844645,7,393.0,0.23424188431239149,0,32.0,0.6006946289260586,7,93.0,0.2493022094334338,14,518.0
1195.0,13,94.0,0.9894736842105263,5.643473729649298,7,397.0,0.1915646385410406,0,9.0,0.8107068652836682,6,105.0,0.3143901903243881,13,511.0
1200.0,12,53.0,0.5353535353535354,5.421769689502796,9,425.0,0.15268038870360548,1,5.0,0.7936005834269793,2,84.0,0.3664497591156941,12,514.0
1205.0,15,48.0,0.5106382978723404,4.24062113368424,10,409.0,0.11768576085573311,1,3.0,0.31428217327257324,4,45.0,0.3628320061025426,15,457.0
1210.0,21,58.0,0.6236559139784946,3.467471376229217,9,334.0,0.16983266012638185,7,29.0,0.15628866570720237,5,53.0,0.1895823836305032,21,416.0
1215.0,16,71.0,0.7395833333333334,4.731174961831658,6,248.0,0.18969868052530162,5,51.0,0.4231034869346631,5,56.0,0.26671569319055116,16,355.0
1220.0,11,55.0,0.5339805825242718,5.9736963227063695,5,261.0,0.24147810008189588,0,30.0,0.6714302871022899,6,73.0,0.30014531124669075,11,364.0
1225.0,15,50.0,0.4716981132075472,5.881812288474078,10,272.0,0.19959006783682737,1,9.0,0.6313164800590176,4,58.0,0.36518662313377137,15,339.0
1230.0,12,49.0,0.5,5.000561349520177,7,270.0,0.14786842916375492,1,10.0,0.32711548961369363,4,31.0,0.41377539687735543,12,311.0
1235.0,25,97.0,1.0319148936170213,4.541068602328554,8,230.0,0.18369248790242199,9,40.0,0.21096902118555727,8,53.0,0.28184460149553653,25,323.0
1240.0,23,106.0,1.1397849462365592,4.320689023108533,6,168.0,0.2006070384020601,5,57.0,0.4340117606686,12,86.0,0.09879915104216487,23,311.0
1245.0,11,50.0,0.5208333333333334,5.730845987860563,2,160.0,0.24321306265127382,0,26.0,0.650382658199383,9,104.0,0.313059914323518,11,290.0
1250.0,18,83.0,0.8469387755102041,5.744207144239949,7,173.0,0.20209761165420453,2,11.0,0.6728391568198556,9,104.0,0.3666949399702145,18,288.0
1255.0,23,117.0,1.1470588235294117,5.2095671225985445,14,230.0,0.1343101670550723,4,21.0,0.5474316516029347,5,116.0,0.41320546781452167,23,367.0
1260.0,30,194.0,1.883495145631068,4.358521705926999,21,320.0,0.15282124471154904,3,21.0,0.2962740265965139,6,102.0,0.32371658828596417,30,443.0
1265.0,34,216.0,2.0970873786407767,3.3673737335477965,22,368.0,0.09843389747753793,6,23.0,0.226487855224368,6,111.0,0.21261551334854517,34,502.0
1270.0,29,171.0,1.6764705882352942,3.6318871292208903,19,333.0,0.10036328915126438,4,33.0,0.40555701992666654,6,108.0,0.1946535142148308,29,474.0
1275.0,27,149.0,1.4190476190476191,4.480039984864656,20,331.0,0.15197383619110064,2,32.0,0.585548894224834,5,117.0,0.23969591093983636,27,480.0
1280.0,26,153.0,1.4166666666666667,5.125435130764252,16,304.0,0.227545208119982,2,27.0,0.5064097097023506,8,129.0,0.19445108068193898,26,460.0
1285.0,29,160.0,1.509433962264151,5.126310348169892,12,307.0,0.26373112462644166,7,48.0,0.43018722092299216,10,149.0,0.12506835746476047,29,504.0
1290.0,19,74.0,0.7115384615384616,5.159885371958628,5,292.0,0.32530353489668645,4,58.0,0.41218140092495464,10,135.0,0.18407724741945222,19,485.0
1295.0,19,84.0,0.7850467289719626,5.778936332871726,8,294.0,0.37228115510514775,3,34.0,0.3604689955857291,8,114.0,0.27558994323165115,19,442.0
1300.0,19,60.0,0.5405405405405406,4.650990258923539,8,297.0,0.2410167389013632,5,40.0,0.3169538790146839,6,111.0,0.23042152223515772,19,448.0
1305.0,26,97.0,0.8738738738738738,4.467986850012204,9,265.0,0.17419223304890083,11,75.0,0.28091168638239367,6,107.0,0.18123901010684282,26,447.0
1310.0,29,146.0,1.3153153153153154,4.539358285133978,7,254.0,0.20957791205827425,15,138.0,0.2580854814038453,7,98.0,0.19143521364875593,29,490.0
1315.0,27,141.0,1.3428571428571427,4.00941865398112,8,263.0,0.2046687085646633,13,176.0,0.1989646731411928,6,81.0,0.19933755623318725,27,520.0
1320.0,34,179.0,1.7549019607843137,4.610612787256448,15,302.0,0.20478254879640617,10,161.0,0.33618504390756654,9,90.0,0.1853675942532324,34,553.0
1325.0,30,205.0,2.0297029702970297,4.017119619799877,16,323.0,0.16919057012163288,6,133.0,0.3155072871789386,8,114.0,0.2939527614046068,30,570.0
1330.0,24,103.0,0.9537037037037037,4.247120062340581,13,289.0,0.13796358152614427,6,136.0,0.32043782788130204,5,105.0,0.33687927396984374,24,530.0
1335.0,28,119.0,1.0258620689655173,4.96476809050892,12,214.0,0.18906315329010565,9,138.0,0.2917759844484755,7,78.0,0.3182766840883477,28,430.0
1340.0,32,194.0,1.6302521008403361,5.172068881070398,7,237.0,0.26726704822483544,15,201.0,0.2088972566363956,10,88.0,0.2410654297134987,32,526.0
1345.0,41,291.0,2.575221238938053,3.9846670014003105,10,253.0,0.23569894265479116,19,291.0,0.0984916028955342,12,116.0,0.16202716772356526,41,660.0
1350.0,43,378.0,3.4363636363636365,3.612534737868474,8,233.0,0.18027237454624914,22,397.0,0.1084983603559557,13,129.0,0.19238000647765024,43,759.0
1355.0,37,326.0,2.936936936936937,3.9691069355521935,6,181.0,0.2345975188764606,18,435.0,0.2626877706507092,13,175.0,0.14331455683127972,37,791.0
1360.0,30,223.0,2.0272727272727273,4.315973009691219,4,116.0,0.2983016215184496,13,371.0,0.18631223649125778,13,212.0,0.17581647657214966,30,699.0
1365.0,27,113.0,0.9912280701754386,4.396969728472637,6,124.0,0.3045050074595317,10,271.0,0.16636290629427142,11,234.0,0.19538672324379555,27,629.0
1370.0,23,102.0,0.9357798165137615,4.915243251452371,7,129.0,0.2957722434414725,6,300.0,0.2888181908104838,10,233.0,0.2508604439637336,23,662.0
1375.0,21,66.0,0.6346153846153846,3.779859381714999,8,138.0,0.16145643907167817,7,328.0,0.24012462523805642,6,246.0,0.1897897247355311,21,712.0
1380.0,25,86.0,0.8269230769230769,3.6890637684826992,8,124.0,0.20816424640281525,7,308.0,0.18239866956972076,10,239.0,0.12842651828787696,25,671.0
1385.0,23,105.0,1.0396039603960396,3.8312528170179485,4,111.0,0.2685261932070715,5,224.0,0.221289123875184,14,297.0,0.12685667943997986,23,632.0
1390.0,20,108.0,1.0909090909090908,4.2982491144623225,8,117.0,0.2919345000799435,2,211.0,0.1815654079859959,10,312.0,0.16655497678770026,20,640.0
1395.0,26,136.0,1.3877551020408163,3.735178946896626,11,165.0,0.1991363619416279,8,239.0,0.1817194711757713,7,268.0,0.1624308433581175,26,672.0
1400.0,36,205.0,1.9711538461538463,3.3120057853477913,17,232.0,0.12336058150896631,8,233.0,0.2940856340732655,11,281.0,0.14004876370537997,36,746.0
1405.0,35,194.0,1.7962962962962963,3.787576805624827,17,268.0,0.19777425200385354,4,161.0,0.2503973055642804,14,334.0,0.16807902869040073,35,763.0
1410.0,28,122.0,1.150943396226415,3.837971046742116,11,244.0,0.2603171433517895,5,182.0,0.2727551187285172,12,348.0,0.17514230137854034,28,774.0
1415.0,28,136.0,1.2252252252252251,4.113872950470036,14,211.0,0.2048256747885467,8,220.0,0.22063763243020432,6,282.0,0.1996500929013224,28,713.0
1420.0,29,175.0,1.5765765765765767,4.523617824014214,11,234.0,0.20599056028996143,14,277.0,0.23707465540259248,4,222.0,0.2317689723931672,29,733.0
1425.0,36,277.0,2.588785046728972,3.7220988455966597,11,275.0,0.14315701583530727,18,353.0,0.17602725776768335,7,211.0,0.1937868779126306,36,839.0
1430.0,39,334.0,3.1809523809523808,3.7660829402652483,14,320.0,0.17083768569904811,17,375.0,0.18071309991652662,8,206.0,0.23330195603860232,39,901.0
1435.0,37,305.0,2.9047619047619047,4.066441347018581,12,329.0,0.20983374694804768,16,321.0,0.18358835615004973,9,210.0,0.37139083824878044,37,860.0
1440.0,27,155.0,1.3963963963963963,4.036132289689837,9,294.0,0.2851249361238321,10,339.0,0.16780900943153262,8,195.0,0.3514111613490106,27,828.0
1445.0,25,120.0,1.0169491525423728,4.68322604116813,10,260.0,0.23112832321880206,12,398.0,0.12655153284888102,3,132.0,0.40894095381102435,25,790.0
1450.0,32,152.0,1.2991452991452992,4.088164198950928,14,303.0,0.16281965309217036,10,391.0,0.15111921804958187,8,124.0,0.2713426498081685,32,818.0
1455.0,25,101.0,0.8632478632478633,3.9975922127198666,13,335.0,0.15735109359067384,6,315.0,0.19281245177336134,6,121.0,0.31807205189611226,25,771.0
1460.0,25,114.0,0.9661016949152542,4.742309197281778,11,336.0,0.2143873361426042,6,237.0,0.3060202510129544,8,111.0,0.29594526772862906,25,684.0
1465.0,28,145.0,1.2083333333333333,4.917946256246823,12,349.0,0.21650563044107551,6,179.0,0.29487731007458007,10,107.0,0.3521199158165175,28,635.0
1470.0,27,160.0,1.2903225806451613,4.82897903541118,15,347.0,0.21980996143616183,8,166.0,0.3368928799502679,4,117.0,0.3520317528999012,27,630.0
1475.0,25,110.0,0.8527131782945736,4.700312015847749,12,355.0,0.2391267376595756,6,170.0,0.31353381018325255,7,117.0,0.2654758978076017,25,642.0
1480.0,27,95.0,0.7421875,4.177587530790744,12,359.0,0.15858309779976185,8,163.0,0.2844965946124703,7,118.0,0.1890009008548528,27,640.0
1485.0,34,107.0,0.8629032258064516,3.408766743416453,14,372.0,0.12449759309912406,11,173.0,0.18011587530753784,9,121.0,0.15305959346113146,34,666.0
1490.0,29,95.0,0.7723577235772358,3.7587476277108505,9,341.0,0.19273569850699337,12,154.0,0.20162058034812694,8,143.0,0.24194293280700782,29,638.0
1495.0,29,141.0,1.128,4.292745234434138,9,345.0,0.23735212630225164,10,154.0,0.21281384565573006,10,148.0,0.2534758693347234,29,647.0
1500.0,24,110.0,0.88,4.18834158191896,6,344.0,0.25676290079869524,8,156.0,0.26803680774333566,10,159.0,0.19850071776225864,24,659.0
1505.0,30,135.0,1.062992125984252,4.098343955259455,13,376.0,0.1801166301630062,7,130.0,0.2760157447484258,10,139.0,0.170832968662035,30,645.0
1510.0,30,158.0,1.253968253968254,3.698131274342883,14,386.0,0.09067297869521998,8,131.0,0.23693675143311552,8,134.0,0.23355823493004513,30,651.0
1515.0,34,128.0,1.0078740157480315,3.822923820055653,15,315.0,0.19254664562650806,12,130.0,0.2611781948703236,7,126.0,0.22151441315175902,34,571.0
1520.0,20,69.0,0.5307692307692308,4.110962583607196,7,342.0,0.19877173202888537,6,121.0,0.23524881624902583,7,102.0,0.2606673360398995,20,565.0
1525.0,32,102.0,0.7846153846153846,3.9626661365037132,13,375.0,0.15474126580165617,11,116.0,0.21061634513552818,8,108.0,0.18836019758470435,32,599.0
1530.0,33,108.0,0.8925619834710744,3.3275244632892753,13,372.0,0.13164837956467687,12,139.0,0.20137745870489526,8,106.0,0.17033965677318533,33,617.0
1535.0,33,138.0,1.140495867768595,3.7445460066857517,9,321.0,0.1703963534905739,15,152.0,0.21123697649160572,9,112.0,0.2831271040108337,33,585.0
1540.0,22,106.0,0.8346456692913385,4.205246851554782,8,257.0,0.2209721700608509,11,195.0,0.21122092138748957,3,91.0,0.2976647244394529,22,543.0
1545.0,24,135.0,1.0305343511450382,4.693677195074541,7,216.0,0.27287422280233514,9,193.0,0.2060387279767474,8,84.0,0.2667926798646454,24,493.0
1550.0,19,83.0,0.6194029850746269,4.33075626059684,2,194.0,0.27713581113541036,8,183.0,0.16533989892510695,9,102.0,0.21476562956880826,19,479.0
1555.0,24,85.0,0.6746031746031746,4.474061621248563,6,177.0,0.31588210938923067,10,178.0,0.20767649286530054,8,92.0,0.267498692223568,24,447.0
1560.0,34,107.0,0.8294573643410853,4.043077199068709,11,183.0,0.2577320302235552,10,175.0,0.17517101410313418,13,109.0,0.26760266707540326,34,467.0
1565.0,25,82.0,0.6259541984732825,4.15840580307464,9,164.0,0.24249770878325475,8,162.0,0.2232048645380193,8,112.0,0.22233161176385613,25,438.0
1570.0,28,134.0,0.9925925925925926,4.0097857474221055,7,164.0,0.17640677787751868,12,194.0,0.20309652043786827,9,103.0,0.21108005786927006,28,461.0
1575.0,35,140.0,1.0852713178294573,3.511577969496935,9,153.0,0.15344700840422038,16,225.0,0.1250819698722362,10,117.0,0.20559822391669771,35,495.0
1580.0,33,137.0,1.113821138211382,3.3820288529704863,8,155.0,0.21013009793952545,17,216.0,0.12669014098291367,8,109.0,0.2379264949625993,33,480.0
1585.0,31,100.0,0.7936507936507936,3.5580696500027673,10,131.0,0.23607903011520642,13,225.0,0.16891837862506873,8,121.0,0.23604669735789413,31,477.0
1590.0,26,72.0,0.5413533834586466,4.114586412293443,9,141.0,0.22765457752198573,10,235.0,0.18680703270635038,7,134.0,0.2550783632344091,26,510.0
1595.0,31,132.0,1.0,3.822042834222625,11,152.0,0.15496354056955686,8,234.0,0.16513089365636424,12,168.0,0.1850942416192509,31,554.0
1600.0,30,127.0,1.0241935483870968,3.3614075672081976,7,160.0,0.19610632756115107,10,219.0,0.18412044548803808,13,194.0,0.16301434526178052,30,573.0
1605.0,30,150.0,1.1811023622047243,4.126176638395466,8,137.0,0.23652280944959755,10,202.0,0.2847963054268787,12,186.0,0.2250603656899009,30,525.0
1610.0,27,145.0,1.0902255639097744,3.9572448934706017,10,173.0,0.21834188979896002,4,200.0,0.25521775861585655,13,182.0,0.23682596213922427,27,555.0
1615.0,39,215.0,1.5925925925925926,4.052748135386215,15,214.0,0.147677354592289,8,168.0,0.23486007470232434,16,218.0,0.2325105684116071,39,600.0
1620.0,34,169.0,1.2900763358778626,3.24927835864381,12,244.0,0.11829997699861057,12,181.0,0.1565724389766778,10,236.0,0.1972852252188019,34,661.0
1625.0,26,121.0,0.9918032786885246,3.6174331447752435,9,230.0,0.1944370432308314,10,180.0,0.20835525096899654,7,241.0,0.22441117879684533,26,651.0
1630.0,21,67.0,0.5275590551181102,3.5932508856991925,7,221.0,0.19447616698186293,7,188.0,0.18189530498147485,7,254.0,0.23390628646858744,21,663.0
1635.0,29,111.0,0.8951612903225806,3.6710700662616764,10,236.0,0.17725792490205794,9,201.0,0.203545031389401,10,251.0,0.17824436185361608,29,688.0
1640.0,35,205.0,1.680327868852459,3.1308021552373573,11,248.0,0.12155172006989276,14,253.0,0.10183632146027147,10,272.0,0.11248837814503936,35,773.0
1645.0,38,209.0,1.7416666666666667,3.122133904618828,12,265.0,0.11277551687762898,18,279.0,0.12017446740686974,8,242.0,0.1712592149666829,38,786.0
1650.0,34,198.0,1.6923076923076923,3.7326872036966012,9,207.0,0.200641051642677,14,261.0,0.18484487936883773,11,226.0,0.23543885278779858,34,694.0
1655.0,37,185.0,1.5677966101694916,4.035338685753034,9,181.0,0.24555616616115145,16,216.0,0.2089322566618106,12,230.0,0.21076469809628376,37,627.0
1660.0,31,178.0,1.4833333333333334,4.308983236298661,11,192.0,0.2318566165061111,10,250.0,0.24742232150486188,10,203.0,0.2558637778861981,31,645.0
1665.0,31,236.0,1.858267716535433,4.288277202585237,10,234.0,0.23877182120513243,10,276.0,0.21578669452704838,11,229.0,0.2455493898832697,31,739.0
1670.0,28,198.0,1.5714285714285714,3.7617837514668855,8,245.0,0.18509811645014465,8,269.0,0.20082532770353156,12,266.0,0.20415372905603654,28,780.0
1675.0,28,95.0,0.7786885245901639,3.6877529223116805,8,214.0,0.24514391201547409,8,229.0,0.1922011561915807,12,289.0,0.17883725586356505,28,732.0
1680.0,25,122.0,0.9682539682539683,4.427845320243259,9,232.0,0.288279888011876,7,204.0,0.18374917703634744,9,271.0,0.24869856843130456,25,707.0
1685.0,26,141.0,1.146341463414634,4.372503975923296,12,241.0,0.22472108507668437,3,191.0,0.23523806340958286,11,302.0,0.27923202278462705,26,734.0
1690.0,34,195.0,1.5725806451612903,3.739412794338597,11,250.0,0.19429374613862607,9,171.0,0.21690507710432158,14,364.0,0.203407706582655,34,785.0
1695.0,37,189.0,1.4765625,3.7474509838323287,12,229.0,0.1943251858991596,10,182.0,0.1977633572027354,15,382.0,0.17501417532136868,37,793.0
1700.0,36,212.0,1.7377049180327868,3.405246548734495,14,245.0,0.18265954323866118,8,157.0,0.22711864633480314,14,355.0,0.1564045120196957,36,757.0
1705.0,36,237.0,1.880952380952381,3.056243510859246,20,318.0,0.1854910707491861,4,162.0,0.1478106163738379,12,375.0,0.16995386064086734,36,855.0
1710.0,37,230.0,1.7829457364341086,3.5710701866177805,15,343.0,0.16098996575538987,7,157.0,0.17339118517938812,15,429.0,0.16944815079675585,37,929.0
1715.0,41,241.0,1.928,3.392687152156283,13,299.0,0.12582806347702719,8,162.0,0.17180677588838644,20,514.0,0.1139831842784396,41,975.0
1720.0,42,234.0,1.9024390243902438,3.431067698276118,17,272.0,0.22072077874993962,7,136.0,0.2203055246467811,18,546.0,0.12617777466004082,42,954.0
1725.0,31,181.0,1.448,3.9585121245675157,15,273.0,0.23481631855598495,5,148.0,0.2291866465940452,11,496.0,0.23082131813034748,31,917.0
1730.0,29,125.0,0.9398496240601504,3.5983730975445596,12,320.0,0.24760146735000413,7,166.0,0.1805686056304113,10,521.0,0.13824522407881062,29,1007.0
1735.0,28,117.0,0.8731343283582089,3.9468671646075344,6,318.0,0.3095491769863036,10,173.0,0.14341219611986078,12,564.0,0.11575980636645136,28,1055.0
1740.0,27,94.0,0.752,3.9089327611235842,4,297.0,0.2973085378928405,11,150.0,0.18545211344124962,12,557.0,0.11404310835513758,27,1004.0
1745.0,27,69.0,0.5897435897435898,3.4977519757763007,9,275.0,0.2197009394024456,10,171.0,0.18280593104277887,8,468.0,0.22206812561693973,27,914.0
1750.0,27,121.0,1.0083333333333333,3.8898555375959774,13,257.0,0.22339424594519347,8,183.0,0.1650563916440821,6,332.0,0.2580474941325381,27,772.0
1755.0,26,159.0,1.3140495867768596,3.352658333055433,11,273.0,0.2109089173068335,11,190.0,0.13144806115288654,4,338.0,0.18992427780865231,26,801.0
1760.0,23,121.0,0.9918032786885246,3.666821097867389,6,273.0,0.23830333668302645,9,166.0,0.15102312825551742,8,364.0,0.25807981755001036,23,803.0
1765.0,18,52.0,0.43333333333333335,3.592957335622698,6,292.0,0.2097778130218601,3,135.0,0.19939687261313682,9,352.0,0.23925382205594528,18,779.0
1770.0,19,85.0,0.6967213114754098,4.090486113383789,7,253.0,0.2856851548548285,3,142.0,0.19007911901620148,9,294.0,0.22470844942083112,19,689.0
1775.0,25,99.0,0.7857142857142857,3.560695235362796,12,217.0,0.2258785777196826,7,133.0,0.1632483209387058,6,307.0,0.19061921606898063,25,657.0
1780.0,27,136.0,1.0708661417322836,3.941266400502121,13,220.0,0.20474138499302183,3,102.0,0.2203883904126343,11,316.0,0.22054313895980307,27,638.0
1785.0,29,157.0,1.2764227642276422,3.7833089627719,14,225.0,0.18739942486731923,4,73.0,0.24842239854962916,11,314.0,0.22277868162977962,29,612.0
1790.0,31,158.0,1.264,3.6240711401601184,18,226.0,0.18856051323980558,2,70.0,0.2211618016044328,11,237.0,0.21335474603152485,31,533.0
1795.0,29,98.0,0.7596899224806202,3.2156211577523064,13,267.0,0.144115669660182,7,68.0,0.1681020229868398,9,248.0,0.15913291673061858,29,583.0
1800.0,26,101.0,0.7709923664122137,3.8187414338967374,11,286.0,0.1873333464453285,7,81.0,0.18348611354606245,8,251.0,0.17287851911803948,26,618.0
1805.0,25,115.0,0.8914728682170543,4.149895946959241,6,280.0,0.23538347180600205,5,67.0,0.21309064722187376,14,289.0,0.191954440058411,25,636.0
1810.0,31,203.0,1.6916666666666667,4.089953430257446,8,247.0,0.24698613566435412,3,52.0,0.26817507327923246,20,373.0,0.17317571957084538,31,672.0
1815.0,27,192.0,1.5737704918032787,3.57594933336882,8,265.0,0.24878070036538902,1,53.0,0.23820961513197064,18,396.0,0.1408113672167158,27,714.0
1820.0,30,150.0,1.1538461538461537,4.0917624726982496,8,247.0,0.21114271924126796,8,79.0,0.2877206184606964,14,344.0,0.1500251141440389,30,670.0
1825.0,32,179.0,1.376923076923077,3.930257674356944,7,247.0,0.1545197404935695,13,133.0,0.2594225282645716,12,251.0,0.1723151919573074,32,631.0
1830.0,34,150.0,1.1904761904761905,3.3505411891800603,10,227.0,0.17451034825471462,15,178.0,0.19502267920114927,9,281.0,0.19618854773075503,34,686.0
1835.0,38,146.0,1.1145038167938932,3.689874147185235,10,226.0,0.18747820075407634,14,189.0,0.14822106530597026,14,329.0,0.20656310494414812,38,744.0
1840.0,31,134.0,1.046875,4.1451212536967015,7,235.0,0.24476569218536542,12,189.0,0.1576214898814269,12,339.0,0.23137689552502455,31,763.0
1845.0,22,117.0,0.9435483870967742,4.167937884643881,6,234.0,0.22270401332620376,9,198.0,0.28667385847638716,7,280.0,0.2317045286086066,22,712.0
1850.0,20,115.0,0.9426229508196722,4.50308158259481,9,195.0,0.22033975111866635,3,192.0,0.3360880451429295,8,216.0,0.2743970818240387,20,603.0
1855.0,22,158.0,1.234375,4.740380109329863,6,208.0,0.22588886031188546,8,182.0,0.27395879069729207,8,203.0,0.282510098297194,22,593.0
1860.0,31,209.0,1.5833333333333333,4.3743397538716415,10,195.0,0.15616797862265047,10,194.0,0.1887839449773143,11,226.0,0.24961088408990403,31,615.0
1865.0,30,177.0,1.3511450381679388,3.9507114562914665,13,223.0,0.1609708869775811,7,183.0,0.19993000572567232,10,235.0,0.2753562684778972,30,641.0
1870.0,32,229.0,1.7751937984496124,4.819405310079626,19,295.0,0.23940702668752523,6,152.0,0.23923634066987517,7,186.0,0.32221751329864684,32,633.0
1875.0,33,283.0,2.2283464566929134,4.271926718454725,24,394.0,0.16574664214971271,2,117.0,0.23330899456752033,7,182.0,0.340540925005724,33,693.0
1880.0,44,447.0,3.5476190476190474,3.6087557238777697,29,523.0,0.09501328525731817,6,108.0,0.3005057375805108,9,185.0,0.21015436422288936,44,816.0
1885.0,53,497.0,3.852713178294574,3.143338225109961,29,603.0,0.08482249370756469,9,116.0,0.20340217428014556,15,206.0,0.17245044672953375,53,925.0
1890.0,50,412.0,3.169230769230769,3.3040447076825363,25,595.0,0.134995901976947,11,111.0,0.2251005655162931,14,220.0,0.20124992798523775,50,926.0
1895.0,42,352.0,2.6466165413533833,4.5027492423506335,24,528.0,0.1746221597187034,8,103.0,0.3035068295282637,10,204.0,0.27558129216496424,42,835.0
1900.0,29,202.0,1.518796992481203,4.376400905711976,14,593.0,0.1938642701295944,7,112.0,0.28160269349523576,8,200.0,0.28161930928061424,29,905.0
1905.0,31,171.0,1.2761194029850746,4.465496801211284,12,630.0,0.21582383924581236,9,107.0,0.2814118274596057,10,199.0,0.19457508043537905,31,936.0
1910.0,34,166.0,1.296875,3.6529208560136635,10,605.0,0.17242030188606003,10,129.0,0.1987432226029601,14,247.0,0.15779981053775682,34,981.0
1915.0,39,241.0,1.8828125,3.7170823156393165,8,502.0,0.22653885018556466,12,143.0,0.20126744955938575,19,323.0,0.20033766107736303,39,968.0
1920.0,27,229.0,1.7218045112781954,3.9635320617619434,5,404.0,0.27588265283661695,6,153.0,0.22207708162143136,16,346.0,0.21689174265959715,27,903.0
1925.0,29,197.0,1.4592592592592593,4.53206027608563,8,325.0,0.23675356690598817,9,141.0,0.1775504971634292,12,301.0,0.2568200191501204,29,767.0
1930.0,22,83.0,0.6194029850746269,4.424890175790048,4,297.0,0.2672661084196021,10,158.0,0.1230555560275213,8,208.0,0.2375675255461823,22,663.0
1935.0,24,88.0,0.704,4.115807764650216,7,263.0,0.28228079590802907,9,139.0,0.12160332812065384,8,229.0,0.29096135349260466,24,631.0
1940.0,32,97.0,0.782258064516129,3.687931853384201,7,256.0,0.21328863157584954,12,168.0,0.1793732009987215,13,244.0,0.2370027371887474,32,668.0
1945.0,34,105.0,0.8267716535433071,3.442280642783334,9,222.0,0.188650794275268,12,198.0,0.1558064369059198,13,238.0,0.2216694167667986,34,658.0
1950.0,26,72.0,0.5373134328358209,3.4411755332391416,6,234.0,0.19185665877263794,9,217.0,0.12069067513296722,11,190.0,0.2008645083807317,26,641.0
1955.0,30,133.0,1.0,4.166766663764219,10,253.0,0.24047647199093417,10,206.0,0.16483612379040938,10,155.0,0.2710732502070885,30,614.0
1960.0,31,122.0,0.9457364341085271,3.476864661736145,14,263.0,0.18129382541651573,8,189.0,0.14676217336935637,9,172.0,0.2819465330122644,31,624.0
1965.0,35,120.0,0.9230769230769231,3.036610402552438,12,226.0,0.1559238817041619,10,204.0,0.1923722697889829,13,174.0,0.18158015120082338,35,604.0
1970.0,24,75.0,0.5434782608695652,3.18632271260303,5,205.0,0.18722121196464628,7,214.0,0.1644300864546562,12,217.0,0.17403304317532814,24,636.0
1975.0,27,82.0,0.5578231292517006,3.7081743072522904,6,203.0,0.22611851972136196,8,187.0,0.15085650893846853,13,235.0,0.1881212232797247,27,625.0
1980.0,28,74.0,0.5138888888888888,3.0775571029058435,9,191.0,0.14808947037996067,9,204.0,0.1137933963957946,10,242.0,0.19030262898017944,28,637.0
1985.0,29,96.0,0.7007299270072993,2.9365516491913883,7,138.0,0.13363436981543292,12,215.0,0.17971642502501883,10,222.0,0.15265125745610195,29,575.0
1990.0,28,77.0,0.5460992907801419,2.6744764027454724,8,143.0,0.15237997254018487,9,212.0,0.14624029902177826,11,252.0,0.10626988329850291,28,607.0
1995.0,30,91.0,0.6190476190476191,3.2470331095439664,10,165.0,0.17833676711976892,9,191.0,0.1598477573429554,11,271.0,0.14296498284415282,30,627.0
2000.0,24,88.0,0.5866666666666667,3.4352536073793543,7,152.0,0.16339961009325984,10,180.0,0.15845740041664583,7,267.0,0.19331447488520626,24,599.0
2005.0,31,149.0,1.0419580419580419,3.5310542860325063,10,121.0,0.14186893551411967,10,197.0,0.2944118272020373,11,245.0,0.24574445978071857,31,563.0
2010.0,29,146.0,0.9864864864864865,3.229916123686155,6,134.0,0.1552296618456787,10,214.0,0.24186976357176834,13,254.0,0.19249498433990536,29,602.0
2015.0,32,122.0,0.7922077922077922,3.767602625076944,8,152.0,0.15451408427640131,10,208.0,0.2907764807557718,14,273.0,0.16248846003243336,32,633.0
2020.0,26,69.0,0.46308724832214765,3.356577490305568,9,167.0,0.13351390750327044,8,231.0,0.2647610130705448,9,285.0,0.13610407500946972,26,683.0
2025.0,27,100.0,0.7246376811594203,3.038988743487378,7,144.0,0.12869907460891578,10,244.0,0.24219529134588808,10,245.0,0.16419873766956333,27,633.0
2030.0,31,184.0,1.2689655172413794,3.4777567023429605,9,157.0,0.18236621044797494,12,265.0,0.22257898417425823,10,259.0,0.19068657243981613,31,681.0
2035.0,35,303.0,2.0753424657534247,4.008251304662332,9,185.0,0.1877831243758239,14,316.0,0.2539657130695287,12,252.0,0.17937810220291428,35,753.0
2040.0,36,364.0,2.5815602836879434,4.3893061106691995,5,175.0,0.22895291198325807,17,380.0,0.26897235197282315,14,268.0,0.20793353435014525,36,823.0
2045.0,43,431.0,3.0785714285714287,4.330172738278351,7,127.0,0.2610919213505306,18,461.0,0.273780987082595,18,300.0,0.19526716863326188,43,888.0
2050.0,42,497.0,3.6814814814814816,3.5726405055235597,8,123.0,0.23422469193382278,17,548.0,0.24736684374416654,17,299.0,0.1524200176902617,42,970.0
2055.0,43,381.0,2.801470588235294,2.851775483411863,8,120.0,0.2077117520820459,15,542.0,0.1909031052221427,20,369.0,0.11884490600167254,43,1031.0
2060.0,35,219.0,1.5208333333333333,3.565581763269282,5,111.0,0.19290427925572196,13,426.0,0.21550267941058823,17,392.0,0.10101347717599098,35,929.0
2065.0,36,180.0,1.2857142857142858,3.89476767461853,9,97.0,0.19058381034230376,11,318.0,0.2150544155498556,16,420.0,0.12267556147461631,36,835.0
2070.0,44,260.0,2.0155038759689923,3.5556865029253273,12,125.0,0.15679002735267247,14,294.0,0.31074374622704837,18,374.0,0.09011084933596178,44,793.0
2075.0,40,260.0,2.1311475409836067,3.5920433939812444,12,135.0,0.11903878398706973,10,277.0,0.2990446625739651,18,365.0,0.150851241698744,40,777.0
2080.0,27,194.0,1.5275590551181102,4.146074045035422,6,155.0,0.17013407818383805,5,237.0,0.3497838594260602,16,390.0,0.20642255709656193,27,782.0
2085.0,32,263.0,1.962686567164179,4.507886506255126,12,173.0,0.19058390102666492,7,221.0,0.26941390837434703,13,394.0,0.25276295491168116,32,788.0
2090.0,37,365.0,2.765151515151515,3.938961875913315,11,190.0,0.16560415433800926,10,197.0,0.18327035912477094,16,405.0,0.26474808241290365,37,792.0
2095.0,40,346.0,2.621212121212121,3.6384189600329613,10,180.0,0.15410727997382803,15,253.0,0.21483946398848758,15,412.0,0.22964531190840876,40,845.0
2100.0,41,229.0,1.6962962962962962,4.145669171625881,12,168.0,0.20392506333128155,16,261.0,0.21443645055187996,13,350.0,0.2239595965545092,41,779.0
2105.0,38,260.0,1.9259259259259258,4.758854224470325,12,181.0,0.2675732089248912,13,208.0,0.2340400314127768,13,256.0,0.27068087544880187,38,645.0
2110.0,36,227.0,1.6940298507462686,4.446580591794463,8,188.0,0.2545848925728082,14,156.0,0.2383516834452259,14,281.0,0.24262146759419245,36,625.0
2115.0,32,137.0,1.0538461538461539,4.264466193364069,9,156.0,0.24606477167289684,10,187.0,0.25744745924187823,13,242.0,0.18992406249703628,32,585.0
2120.0,31,137.0,1.062015503875969,4.073583217228762,10,178.0,0.19466737233724918,9,193.0,0.21783786053056148,12,239.0,0.19498082093879213,31,610.0
2125.0,31,201.0,1.534351145038168,3.980257526487035,10,173.0,0.12815814753620483,8,210.0,0.2289592993095696,13,269.0,0.27941752755848187,31,652.0
2130.0,31,207.0,1.6171875,4.000029537093267,10,201.0,0.2541984690323649,10,206.0,0.25972759575011484,11,268.0,0.2426298081738423,31,675.0
2135.0,34,230.0,1.7557251908396947,3.902227371825816,14,239.0,0.28456452496977347,10,223.0,0.19146876012829506,10,285.0,0.19418616441317005,34,747.0
2140.0,33,198.0,1.4776119402985075,3.7916527970337253,13,236.0,0.2323973557448519,9,217.0,0.12553142086264021,11,238.0,0.1776053657860605,33,691.0
2145.0,33,133.0,1.015267175572519,3.5370064783239226,11,180.0,0.21806133530594377,11,229.0,0.10734785776330921,11,257.0,0.12788378920768012,33,666.0
2150.0,32,113.0,0.9262295081967213,3.4953783672737306,10,192.0,0.24798426367773913,11,221.0,0.12631119399793236,11,247.0,0.19153160905638447,32,660.0
2155.0,37,160.0,1.2213740458015268,3.7257952304560975,9,199.0,0.2146531050124506,12,244.0,0.16779561891178968,16,279.0,0.24442920944879912,37,722.0
2160.0,28,128.0,0.9481481481481482,3.5867861560439738,7,187.0,0.17016366736683908,11,262.0,0.14686119743806583,10,265.0,0.22356699211021347,28,714.0
2165.0,36,168.0,1.2352941176470589,4.104676999804346,11,140.0,0.16342115132893245,15,302.0,0.1358545168536255,10,239.0,0.2103453515073272,36,681.0
2170.0,31,152.0,1.1875,3.444326968740414,8,141.0,0.16533880367427586,16,327.0,0.12277004820776401,7,259.0,0.17251542885994306,31,727.0
2175.0,38,149.0,1.2113821138211383,2.969787560946368,11,139.0,0.15839485726153466,16,310.0,0.15152177053259933,11,284.0,0.21531574294338007,38,733.0
2180.0,47,271.0,2.0846153846153848,3.5467073350574108,12,152.0,0.2508196388149126,19,277.0,0.161689373633364,16,349.0,0.18489807272124034,47,778.0
2185.0,48,355.0,2.6492537313432836,3.9903833387376815,14,200.0,0.30478347112498444,16,291.0,0.17932689988583247,18,370.0,0.21404592167662065,48,861.0
2190.0,39,338.0,2.5037037037037035,4.159955916253943,10,200.0,0.3302169755835648,15,302.0,0.2058532910399544,14,346.0,0.19869217979134374,39,848.0
2195.0,35,246.0,1.849624060150376,3.994703577601975,9,161.0,0.2850673754204749,10,312.0,0.28119162680654186,16,390.0,0.1790550910510984,35,863.0
2200.0,41,231.0,1.711111111111111,3.823486559908257,11,145.0,0.23782631969022316,12,298.0,0.271023278336825,18,420.0,0.11606193091716807,41,863.0
2205.0,42,181.0,1.3609022556390977,2.89831970141102,14,178.0,0.20064089635849963,10,318.0,0.18555232143579697,18,440.0,0.1081555732339246,42,936.0
2210.0,40,155.0,1.1567164179104477,3.1622857486182188,11,187.0,0.2137453466970466,10,311.0,0.21464114194969305,19,421.0,0.14819152697824908,40,919.0
2215.0,40,211.0,1.5514705882352942,3.4156734893857856,11,183.0,0.2822064546651359,9,331.0,0.1839761211109855,20,437.0,0.16041106049847062,40,951.0
2220.0,46,270.0,1.9424460431654675,3.353984236071131,12,192.0,0.2761591989581228,13,303.0,0.13197223439597902,21,493.0,0.10220932711183144,46,988.0
2225.0,38,191.0,1.3546099290780143,3.001518194824329,8,189.0,0.22571789927143357,11,316.0,0.13129857152804586,19,491.0,0.10785606939859957,38,996.0
2230.0,34,129.0,0.9084507042253521,3.5234276205734365,11,175.0,0.2658398781455707,9,285.0,0.15492538833100475,14,499.0,0.16381695758451378,34,959.0
2235.0,40,137.0,0.958041958041958,3.786925074033176,10,205.0,0.2860901203403634,13,248.0,0.16409363237868466,17,497.0,0.1852428041327277,40,950.0
2240.0,38,168.0,1.2262773722627738,3.6095061881074146,10,208.0,0.2505892182697128,12,262.0,0.2362254921953127,16,509.0,0.1829820237306879,38,979.0
2245.0,34,199.0,1.463235294117647,3.441634214568321,9,208.0,0.2537228637405348,10,262.0,0.2374807542928904,15,485.0,0.1329920499040886,34,955.0
2250.0,38,216.0,1.5319148936170213,3.6626555170878006,10,198.0,0.23568408853871017,10,236.0,0.23530084779191782,18,463.0,0.13308047467718065,38,897.0
2255.0,31,224.0,1.5774647887323943,4.091470735335382,7,162.0,0.23272248651558616,6,225.0,0.23463425336565882,18,532.0,0.15034445523942824,31,919.0
2260.0,34,236.0,1.7226277372262773,3.8126218451285943,11,165.0,0.22701670585969608,7,208.0,0.1861053753728806,16,544.0,0.18815134598890468,34,917.0
2265.0,31,191.0,1.446969696969697,3.8952799960928512,11,176.0,0.22200534053835755,8,214.0,0.15881931206412284,12,509.0,0.2169151537803446,31,899.0
2270.0,33,172.0,1.3543307086614174,3.534256043485684,9,172.0,0.17540876908161374,8,201.0,0.2643426838476482,16,472.0,0.16325844078774512,33,845.0
2275.0,37,186.0,1.441860465116279,3.974362610107039,9,165.0,0.2559791943138696,10,186.0,0.2944057025236929,18,487.0,0.12274027797511612,37,838.0
2280.0,35,185.0,1.4230769230769231,4.000724291976131,10,171.0,0.2987545834452642,7,201.0,0.3043979602845622,18,444.0,0.08562684851362233,35,816.0
2285.0,40,236.0,1.7481481481481482,4.213911520032533,10,196.0,0.31498012027411926,12,207.0,0.2420885895965361,18,443.0,0.1774340070408581,40,846.0
2290.0,31,168.0,1.2262773722627738,4.360788513829037,3,164.0,0.4050990857582119,12,243.0,0.19933188953442105,16,477.0,0.1864075937906037,31,884.0
2295.0,36,236.0,1.7226277372262773,4.961776407166487,3,91.0,0.5167137340954157,16,299.0,0.20513248014845237,17,489.0,0.1734190503859274,36,879.0
2300.0,28,170.0,1.3492063492063493,4.279157884219878,3,74.0,0.4154194194850723,14,317.0,0.20248622698648333,11,505.0,0.1667821254508233,28,896.0
2305.0,27,116.0,0.9666666666666667,3.8702651110179653,4,72.0,0.2946521260082859,11,269.0,0.232677409188138,12,446.0,0.1646568752450894,27,787.0
2310.0,25,107.0,0.8492063492063492,4.495675484067844,6,79.0,0.24836382318269348,8,300.0,0.25972528662400607,11,374.0,0.19102266880355537,25,753.0
2315.0,24,184.0,1.4488188976377954,4.891068411618371,4,82.0,0.33477647769019186,8,308.0,0.2652505188651461,12,360.0,0.2443928861057551,24,750.0
2320.0,29,237.0,1.8091603053435115,4.401515711773532,5,86.0,0.3959206490461649,12,336.0,0.21747353063461874,12,337.0,0.21599826035349212,29,759.0
2325.0,30,297.0,2.3203125,4.882643071300311,5,97.0,0.48162547355983376,15,392.0,0.2429950687894186,10,301.0,0.24045444066811913,30,790.0
2330.0,37,415.0,3.2936507936507935,4.794976309534733,7,120.0,0.4152777720146535,17,470.0,0.20828782361736828,13,288.0,0.25319885196319314,37,878.0
2335.0,38,269.0,2.186991869918699,3.389885398500757,6,95.0,0.31186670623286006,15,458.0,0.16275186439668907,17,319.0,0.18561458483815366,38,872.0
2340.0,41,207.0,1.6428571428571428,3.2773005116039924,10,129.0,0.15654701841855476,14,362.0,0.23798378360129152,16,328.0,0.13663926875175691,40,819.0
2345.0,41,232.0,1.7709923664122138,4.171785832434938,14,143.0,0.17435022255682836,10,381.0,0.24264314832193,17,327.0,0.1887602424545589,41,851.0
2350.0,42,207.0,1.5923076923076922,3.6417900820282263,17,198.0,0.1704462065971318,11,402.0,0.1865190642428734,14,352.0,0.20399562835268478,42,952.0
2355.0,41,208.0,1.5877862595419847,4.042487368138564,12,219.0,0.26409245762707617,17,433.0,0.213424674144972,12,334.0,0.18750421143184423,41,986.0
2360.0,39,274.0,2.124031007751938,4.168957701538605,8,195.0,0.35556510566854593,19,506.0,0.1815183065480869,12,355.0,0.1959649566819476,39,1056.0
2365.0,36,280.0,2.1538461538461537,4.052700642704399,8,185.0,0.3263253469362247,15,495.0,0.194499413338291,13,338.0,0.18550935997663184,36,1018.0
2370.0,28,190.0,1.4393939393939394,4.587908255131837,5,148.0,0.3032718751836265,10,386.0,0.3116600511329202,13,306.0,0.14557025134581153,28,840.0
2375.0,25,173.0,1.3410852713178294,4.46931299632913,5,154.0,0.15483598215276279,6,392.0,0.3161288009964693,14,324.0,0.18774340264847214,25,870.0
2380.0,32,201.0,1.6341463414634145,4.316183639115864,12,134.0,0.17050815404676822,10,405.0,0.21773265821950788,10,320.0,0.26032486564525936,32,859.0
2385.0,44,300.0,2.479338842975207,4.62243948953112,18,183.0,0.2279511759821486,15,445.0,0.18782634657428646,11,259.0,0.28685565313384154,44,887.0
2390.0,35,229.0,1.9572649572649572,3.5653955594969493,16,227.0,0.19375522001312342,10,408.0,0.16929407044416372,9,275.0,0.2203652168379479,35,910.0
2395.0,28,153.0,1.3539823008849559,4.081066195589344,10,186.0,0.23758951309842663,10,297.0,0.2930241280889329,8,259.0,0.17714637753872337,28,742.0
2400.0,27,100.0,0.8333333333333334,4.1871503979322195,7,207.0,0.22285083764913843,9,191.0,0.3152269620578707,11,232.0,0.15659299390264755,27,630.0
2405.0,23,96.0,0.8,4.3296330355451556,7,231.0,0.19488281457797854,6,204.0,0.23859088930810068,10,214.0,0.19640041777079315,23,649.0
2410.0,33,140.0,1.2173913043478262,3.692658759380755,9,228.0,0.23222218282007198,12,198.0,0.1314905945022799,12,220.0,0.23139833783739946,33,646.0
2415.0,31,123.0,1.1081081081081081,3.1621839327536625,6,178.0,0.2019016500671477,11,220.0,0.17520278754557875,14,225.0,0.15965610947874284,31,623.0
2420.0,28,117.0,0.9915254237288136,3.7814311315088243,6,123.0,0.23779625956200368,10,196.0,0.1868558580103545,12,222.0,0.1648588141634239,28,541.0
2425.0,32,191.0,1.5655737704918034,5.036975788543703,3,77.0,0.3617594898345716,12,223.0,0.2633302464456763,17,227.0,0.20544733160523135,32,527.0
2430.0,25,206.0,1.648,5.277505852178182,4,67.0,0.37789393681129435,9,224.0,0.2966493967248622,12,252.0,0.2231335557265816,25,543.0
2435.0,24,132.0,1.1,5.132770764538088,4,49.0,0.44231355208171974,10,179.0,0.22258189574603376,10,245.0,0.32061806304950013,24,473.0
2440.0,27,127.0,1.032520325203252,5.05874140904721,5,48.0,0.41660278824963237,12,172.0,0.16330602267096056,10,222.0,0.2919818586228005,27,442.0
2445.0,24,118.0,0.9752066115702479,4.542844946075644,5,61.0,0.30365980158121014,13,199.0,0.2139401010980067,6,235.0,0.256473376678265,24,495.0
2450.0,31,185.0,1.5948275862068966,4.140057845432387,9,85.0,0.24609994336079463,16,244.0,0.2745393023276508,6,220.0,0.2288682865038413,31,549.0
2455.0,30,236.0,2.0,4.153091601922977,11,117.0,0.18560881166994286,11,268.0,0.2876365387239956,8,220.0,0.2019635781904896,30,605.0
2460.0,31,229.0,1.9083333333333334,4.683981255933889,11,143.0,0.21551130600299176,10,275.0,0.3372342583503235,10,220.0,0.21969820458309977,31,638.0
2465.0,24,104.0,0.8888888888888888,4.687295863279405,3,134.0,0.2379701906443318,9,292.0,0.243189687231902,12,212.0,0.23616009144498282,24,638.0
2470.0,25,89.0,0.7876106194690266,4.200029047857788,6,91.0,0.2474136587895792,10,277.0,0.15337127044056278,9,210.0,0.21954358259527448,25,578.0
2475.0,23,72.0,0.6545454545454545,3.7871138445833887,6,98.0,0.2419318676506929,9,276.0,0.1853075969708807,8,210.0,0.2070186910975953,23,584.0
2480.0,20,72.0,0.6545454545454545,4.199371003758319,4,78.0,0.20761527724016682,11,273.0,0.30024661478174175,5,190.0,0.17103077186694696,20,541.0
2485.0,18,52.0,0.4642857142857143,4.344764398630166,5,57.0,0.24271204685540101,6,261.0,0.2641627093080204,7,171.0,0.18546395973583737,18,489.0
2490.0,24,72.0,0.6206896551724138,4.078228961258592,8,86.0,0.2486209675518811,7,234.0,0.17496447300663773,9,191.0,0.21220253540466566,24,511.0
2495.0,26,100.0,0.8620689655172413,4.107318247100021,7,96.0,0.2706110348026273,9,235.0,0.26473598905497686,10,188.0,0.21777185229408108,26,519.0
2500.0,21,84.0,0.7058823529411765,4.133230868853483,4,62.0,0.27950699403717555,6,217.0,0.30502647098481367,11,191.0,0.18106738435327607,21,470.0
2505.0,24,77.0,0.6363636363636364,4.45327720984296,3,65.0,0.24060343217293578,9,190.0,0.27199406306896773,12,168.0,0.16470701901165333,24,423.0
2510.0,23,67.0,0.5726495726495726,3.7675048446107775,9,91.0,0.15306152561154027,3,162.0,0.25309305107541025,11,190.0,0.1776514638777233,23,443.0
2515.0,30,124.0,1.0782608695652174,3.5584351445128526,14,149.0,0.14966298910012668,8,144.0,0.2573109281269723,8,171.0,0.21690911621248826,30,464.0
2520.0,34,189.0,1.6293103448275863,4.066054257707389,12,177.0,0.21057306448193105,8,157.0,0.29451068204901204,14,183.0,0.19962976612300298,34,517.0
2525.0,29,164.0,1.4260869565217391,4.2597716309161235,7,153.0,0.2292448947710324,11,198.0,0.37965457232542915,11,202.0,0.19677874040936544,29,553.0
2530.0,24,156.0,1.3565217391304347,4.101155374464621,6,173.0,0.17982970371988133,9,200.0,0.32555428645563217,9,195.0,0.181015146409854,24,568.0
2535.0,32,140.0,1.2173913043478262,3.3837410838055786,15,230.0,0.09528664402483368,8,183.0,0.19641526149027666,9,208.0,0.1889847581780862,32,621.0
2540.0,32,135.0,1.2162162162162162,3.3886671147291008,14,259.0,0.10225539677808458,10,163.0,0.2087055854633811,8,199.0,0.19510703963965173,32,621.0
2545.0,22,80.0,0.7272727272727273,4.236611524045809,7,224.0,0.16778712479101038,7,164.0,0.36725871036645286,8,194.0,0.1859810283024504,22,582.0
2550.0,13,42.0,0.38181818181818183,5.273215456786276,4,170.0,0.2952018168330508,2,131.0,0.4385637337622039,7,173.0,0.24618949927344333,13,474.0
2555.0,24,111.0,1.018348623853211,4.657771592014356,4,181.0,0.29829068274816567,7,123.0,0.36314965833332924,13,173.0,0.14510881427393663,24,477.0
2560.0,30,165.0,1.4732142857142858,3.7219019202618955,8,203.0,0.22323371392330393,9,140.0,0.2814470256212533,13,199.0,0.14627822572769175,30,542.0
2565.0,28,131.0,1.212962962962963,3.5925910039862297,9,210.0,0.17817448482426984,8,146.0,0.31903502457960375,11,188.0,0.16873851774439458,28,544.0
2570.0,24,78.0,0.7090909090909091,3.9542681309626686,5,159.0,0.17957738789123054,6,124.0,0.3623889158123186,13,207.0,0.1542592228718047,24,490.0
2575.0,21,70.0,0.603448275862069,4.739303759553282,3,119.0,0.24960496812311084,4,145.0,0.45159289428846416,14,269.0,0.11859983419608439,21,533.0
2580.0,23,128.0,1.1531531531531531,4.245343608933059,2,84.0,0.39694015416322315,5,154.0,0.2995914384292159,16,351.0,0.11854479860659721,23,589.0
2585.0,26,148.0,1.3333333333333333,3.8586007333439825,5,70.0,0.40665085636009596,6,146.0,0.265773127925067,15,384.0,0.08457539149197199,26,600.0
2590.0,25,106.0,0.9380530973451328,4.3416440449078575,2,54.0,0.36541167767695304,8,113.0,0.2291995660684467,15,337.0,0.1306157113664514,25,504.0
2595.0,27,139.0,1.2636363636363637,4.334848334289247,6,53.0,0.2865284743450253,8,119.0,0.23962139871451069,13,384.0,0.16072816151220257,27,556.0
2600.0,34,162.0,1.542857142857143,3.5501573030806046,8,72.0,0.21158715771465225,9,143.0,0.227791608053838,17,462.0,0.0833719361381851,34,677.0
2605.0,35,193.0,1.9494949494949494,2.9080753640849557,5,63.0,0.23902714020461674,11,175.0,0.24258693797315603,19,561.0,0.08033551353043346,35,799.0
2610.0,31,183.0,1.8484848484848484,3.2771895667643847,3,45.0,0.3656070508934144,12,218.0,0.17189041168134486,16,584.0,0.08456617675422101,31,847.0
2615.0,22,116.0,1.1153846153846154,4.010657732271672,1,30.0,0.3712450013379049,9,240.0,0.1838057151317301,12,532.0,0.11197453531269409,22,802.0
2620.0,24,99.0,0.9428571428571428,4.435190223244724,5,34.0,0.28590060966407504,8,249.0,0.2228507380313875,11,429.0,0.16441127584117673,24,712.0
2625.0,27,129.0,1.2772277227722773,4.777738692160716,11,80.0,0.1924328820874065,7,232.0,0.29948834394135715,9,389.0,0.2686089250887897,27,701.0
2630.0,29,193.0,1.9108910891089108,4.987163617232247,14,146.0,0.1348246316419592,7,220.0,0.3274518465327085,8,295.0,0.31657812824395465,29,661.0
2635.0,24,141.0,1.396039603960396,5.149963592681136,13,178.0,0.20867489318399932,7,231.0,0.32675205364030285,4,220.0,0.3567218212694774,24,629.0
2640.0,24,142.0,1.42,5.786063304387437,9,155.0,0.3003062161541395,8,233.0,0.29311573383508205,7,187.0,0.5055469673605759,24,575.0
2645.0,23,96.0,0.9230769230769231,4.901805372940716,7,172.0,0.2524513577647082,9,247.0,0.19656284905545593,7,155.0,0.42910892151961677,23,574.0
2650.0,22,78.0,0.7647058823529411,4.876166358634921,9,216.0,0.22238667428236436,7,217.0,0.17352266910267303,6,144.0,0.34456534782401105,22,577.0
2655.0,20,61.0,0.6224489795918368,4.246422852625419,7,211.0,0.24320302362104362,5,162.0,0.17042782039344448,8,141.0,0.29043698411483204,20,514.0
2660.0,16,50.0,0.5434782608695652,4.437888078908511,5,175.0,0.29412522811162317,2,169.0,0.35971364586412186,9,117.0,0.22547403726343754,16,461.0
2665.0,16,94.0,0.9791666666666666,4.886244591020136,4,136.0,0.2569319995917637,7,191.0,0.2515278302205877,5,86.0,0.2308044593915358,16,413.0
2670.0,16,135.0,1.40625,5.298830674542937,3,121.0,0.2481476125408347,6,192.0,0.22908133502144357,7,100.0,0.4030932975702388,16,413.0
2675.0,13,163.0,1.7340425531914894,5.543279445398096,2,133.0,0.2717566575420554,4,147.0,0.23199118181848283,7,127.0,0.5199712111480289,13,407.0
2680.0,7,22.0,0.22916666666666666,5.887154042915129,3,99.0,0.38042712330262163,1,78.0,0.2518182852310836,3,97.0,0.4290105526485392,7,274.0
2685.0,12,55.0,0.5978260869565217,6.508910353645294,6,122.0,0.3853622458487845,1,43.0,0.28469137607347633,5,34.0,0.49067877040539465,12,199.0
2690.0,18,93.0,1.1071428571428572,5.840176234990605,10,164.0,0.2641716314490481,3,18.0,0.4229829611310983,5,43.0,0.4323444305216312,18,225.0
2695.0,14,80.0,0.975609756097561,5.356992969768749,13,182.0,0.21192485485063328,0,14.0,0.5078673019138009,1,26.0,0.43558133423036377,14,222.0
2700.0,15,63.0,0.7325581395348837,5.49509132374116,7,157.0,0.2080275725298813,5,23.0,0.4033419638362839,3,10.0,0.3262321831002333,15,190.0
2705.0,19,81.0,0.9529411764705882,4.728659785324587,6,114.0,0.20721595661997913,5,41.0,0.24252990413186448,8,37.0,0.22285538782209652,19,192.0
2710.0,15,61.0,0.7349397590361446,4.759215632593211,7,146.0,0.28190788760331104,2,36.0,0.19485340952696636,6,59.0,0.336566468553952,15,241.0
2715.0,16,47.0,0.5595238095238095,4.634427704433431,11,187.0,0.19255176884449113,3,46.0,0.22314116566352016,2,49.0,0.4035078327748524,16,282.0
2720.0,18,62.0,0.7654320987654321,3.997160524449491,6,203.0,0.15947051069332574,9,79.0,0.2160702156988044,3,41.0,0.3939065847971518,18,323.0
2725.0,18,63.0,0.7682926829268293,4.101761216422326,3,167.0,0.20453149346862454,9,103.0,0.1796448853168391,6,61.0,0.2879208696996856,18,331.0
2730.0,15,40.0,0.4819277108433735,5.198314161956524,1,119.0,0.3365099338505624,8,97.0,0.24360642053836978,6,78.0,0.32242405494811577,15,294.0
2735.0,4,16.0,0.18604651162790697,6.38504801856735,1,90.0,0.390532771920212,2,72.0,0.34500497857270235,1,57.0,0.40875064332733463,4,219.0
2740.0,4,29.0,0.3333333333333333,6.986257635395501,0,77.0,0.4589021648583162,2,50.0,0.40525755102855765,2,19.0,0.41026935369359063,4,146.0
2745.0,10,60.0,0.6976744186046512,6.809637941989332,5,90.0,0.38103274665866727,3,48.0,0.4755714378868366,2,16.0,0.4907255987414234,10,154.0
2750.0,8,63.0,0.7325581395348837,6.528722284233663,4,94.0,0.28783127798381564,3,54.0,0.5392191073711957,1,2.0,0.511551490835837,8,150.0
2755.0,11,28.0,0.3146067415730337,5.965767355614004,4,75.0,0.3089771003428356,2,40.0,0.45823306110780804,5,17.0,0.3660151480450002,11,132.0
2760.0,17,60.0,0.6818181818181818,5.258259200588151,3,56.0,0.27501430766317253,8,28.0,0.3070199014800901,6,32.0,0.2684233788622085,17,116.0
2765.0,15,70.0,0.7692307692307693,5.307355097625477,5,56.0,0.315797425276279,8,57.0,0.2964208146088264,2,27.0,0.24808957410356902,15,140.0
2770.0,10,26.0,0.2826086956521739,6.0215024918821385,4,50.0,0.34564525214162733,5,62.0,0.3657758995715096,1,20.0,0.39511317298885124,10,132.0
2775.0,18,54.0,0.5806451612903226,5.855157706350431,6,37.0,0.36735048820127914,4,59.0,0.21063033653791016,8,40.0,0.38142793625336563,18,136.0
2780.0,27,108.0,1.255813953488372,4.350928818079978,5,46.0,0.23603348995500717,8,87.0,0.147045966074152,14,88.0,0.27853187482553193,27,221.0
2785.0,22,97.0,1.1975308641975309,3.505743259559832,5,37.0,0.19018619179012966,6,103.0,0.203398059272312,11,117.0,0.1990740713790014,22,257.0
2790.0,15,69.0,0.8117647058823529,5.774239081536147,4,40.0,0.39811912906584107,3,84.0,0.3227010778341156,8,111.0,0.3453954221352799,15,235.0
2795.0,10,64.0,0.7111111111111111,6.881552418904546,5,55.0,0.4475819432909541,1,49.0,0.409292722299578,4,112.0,0.35026327961748244,10,216.0
2800.0,14,59.0,0.6555555555555556,5.667894821188329,2,53.0,0.4993779584843545,3,46.0,0.2642361543702148,9,145.0,0.208852283246366,14,244.0
2805.0,19,80.0,0.9411764705882353,4.264866620161433,4,35.0,0.3338368487755937,7,71.0,0.15967941032785454,8,155.0,0.1388792440469687,19,261.0
2810.0,19,102.0,1.2592592592592593,3.7251327078925627,3,28.0,0.15294361840545445,11,124.0,0.2152130440863376,5,127.0,0.1955468301396644,19,279.0
2815.0,21,84.0,0.9882352941176471,4.3748357251164585,4,31.0,0.2673360176506577,11,149.0,0.2531765849680305,6,132.0,0.20846175258438285,21,312.0
2820.0,19,78.0,0.8478260869565217,4.98635089468027,3,40.0,0.3924916989992311,7,125.0,0.2447805544995035,9,166.0,0.29829206399353786,19,331.0
2825.0,27,105.0,1.1170212765957446,4.512345371694862,7,58.0,0.3678394621931072,9,97.0,0.21306972180842446,11,168.0,0.21521376601904413,27,323.0
2830.0,28,158.0,1.7555555555555555,4.633377004681798,11,106.0,0.3121088349960439,9,121.0,0.3534833361571619,8,132.0,0.2620674126841128,28,359.0
2835.0,18,85.0,0.9139784946236559,3.840893244722936,11,130.0,0.21441585750376635,1,115.0,0.35738251765902795,6,159.0,0.17444840342135345,18,404.0
2840.0,20,96.0,1.0,4.405676777797716,7,118.0,0.22929530233800932,4,94.0,0.3893107384045676,9,194.0,0.15658756114077188,20,406.0
2845.0,18,76.0,0.7916666666666666,4.440493678931247,4,90.0,0.3156695024399915,5,100.0,0.29463946638499017,9,197.0,0.14308358534409632,18,387.0
2850.0,18,45.0,0.4891304347826087,4.1761912503589205,7,111.0,0.28811357112680197,3,90.0,0.2894700867817471,8,161.0,0.16705250621895099,18,362.0
2855.0,20,57.0,0.6195652173913043,3.5310377074185304,9,140.0,0.23763258146860722,2,92.0,0.2849874280405091,9,195.0,0.12280527213962579,20,427.0
2860.0,22,92.0,0.968421052631579,3.3370283197693755,6,151.0,0.2368045131764774,4,109.0,0.21305959430337387,12,243.0,0.08296401393439042,22,503.0
2865.0,17,66.0,0.7252747252747253,3.3652627531557893,3,115.0,0.24310435173419145,5,114.0,0.2902109698867376,9,244.0,0.08944189559580253,17,473.0
2870.0,13,41.0,0.45555555555555555,3.7875981113576485,3,122.0,0.23358446292195392,4,97.0,0.2635246502260314,6,202.0,0.15958611121610805,13,421.0
2875.0,15,51.0,0.5604395604395604,3.8922393401987323,7,151.0,0.1906449476682899,2,76.0,0.37250150183890235,6,216.0,0.12080269185856171,15,443.0
2880.0,15,56.0,0.6086956521739131,3.173703546106954,4,149.0,0.12509310613421273,2,88.0,0.3131231509009521,9,257.0,0.104479205076391,15,494.0
2885.0,20,68.0,0.7640449438202247,2.922971768992948,3,107.0,0.161282397973066,8,114.0,0.280037439270008,9,257.0,0.10832854639902924,20,478.0
2890.0,13,42.0,0.4666666666666667,4.218827196780481,2,62.0,0.179148631108695,7,121.0,0.30134281135731683,4,202.0,0.16138276324403822,13,385.0
2895.0,10,23.0,0.24731182795698925,5.4341958844500455,1,29.0,0.3541688526269231,4,91.0,0.3393126160476491,5,133.0,0.21628237369309827,10,253.0
2900.0,4,6.0,0.06451612903225806,5.190843381045906,0,15.0,0.42241610951768727,2,85.0,0.33718793631910277,2,142.0,0.21338663539119548,4,242.0
2905.0,13,46.0,0.5168539325842697,4.77334155327245,1,17.0,0.40655734581016445,5,108.0,0.2623217678365195,7,169.0,0.17518563398800116,13,294.0
2910.0,18,55.0,0.632183908045977,3.6274202952712584,6,36.0,0.23638455663772764,4,100.0,0.15877832408148815,8,170.0,0.1893468486943467,18,306.0
2915.0,12,33.0,0.4024390243902439,4.292001308268594,4,48.0,0.3158216356743524,1,71.0,0.3159232276174075,7,138.0,0.23559002407437746,12,257.0
2920.0,8,16.0,0.19047619047619047,5.53360557354018,2,33.0,0.3499580083655073,1,41.0,0.4140285436903581,5,96.0,0.26304818473758496,8,170.0
2925.0,4,13.0,0.14772727272727273,5.4598858438187685,2,32.0,0.3282209896106391,1,42.0,0.36279062728166833,1,62.0,0.2645838709734577,4,136.0
2930.0,11,35.0,0.3977272727272727,5.006878456776447,3,42.0,0.27531392331730403,6,64.0,0.28891265449347886,2,55.0,0.32122782392719784,11,161.0
2935.0,22,85.0,0.9883720930232558,3.715891351741151,8,72.0,0.17761163028480773,6,75.0,0.19283949187443558,8,81.0,0.26182836165771145,22,228.0
2940.0,31,182.0,2.116279069767442,3.2772051039187966,14,131.0,0.1664560064730825,3,53.0,0.17513247536123566,14,137.0,0.2194269351298778,31,321.0
2945.0,30,183.0,2.127906976744186,2.5201644000995462,12,166.0,0.16976106522602824,3,61.0,0.15525671682140715,15,178.0,0.18365158858489813,30,405.0
2950.0,30,134.0,1.4725274725274726,3.6201587574536815,10,154.0,0.17270359183647607,10,96.0,0.2950096081092421,10,169.0,0.19000680147528948,30,419.0
2955.0,25,116.0,1.2340425531914894,4.76198518918517,8,134.0,0.1789351588506696,9,114.0,0.32058118227747934,8,140.0,0.22064367420071754,25,388.0
2960.0,20,91.0,0.9381443298969072,5.708734093527091,9,137.0,0.3071347610554968,7,106.0,0.2653262571354737,4,127.0,0.42535202440310943,20,370.0
2965.0,12,80.0,0.851063829787234,6.497544511064552,6,160.0,0.39537544430116733,5,81.0,0.29526828506230807,1,91.0,0.5214846509844488,12,332.0
2970.0,6,62.0,0.6666666666666666,6.583723520565221,2,154.0,0.4829904263112955,3,70.0,0.3071210668739362,1,71.0,0.49627188631699476,6,295.0
2975.0,11,66.0,0.7333333333333333,6.252055975218379,2,141.0,0.5269634205789531,1,39.0,0.33926365241304896,8,98.0,0.3398079133118754,11,278.0
2980.0,19,57.0,0.6404494382022472,4.48906296118928,5,123.0,0.33557794084008274,6,46.0,0.22553510671088486,8,113.0,0.18929045173081188,19,282.0
2985.0,22,72.0,0.8181818181818182,3.9825240007089615,8,138.0,0.17563279797400425,7,65.0,0.2505076823837672,7,93.0,0.1858782109942866,22,296.0
2990.0,15,53.0,0.6091954022988506,5.139156721147399,8,157.0,0.2257194994908006,3,58.0,0.3058609977895123,4,70.0,0.37017642123713373,15,285.0
2995.0,10,45.0,0.5056179775280899,5.853725655828556,6,135.0,0.33950523436289276,2,64.0,0.2852963342883185,2,56.0,0.49201934430468003,10,255.0
3000.0,18,83.0,0.9120879120879121,5.2652544703011355,6,146.0,0.23187256579188378,8,90.0,0.1899315050403451,4,52.0,0.5025203406590415,18,288.0
3005.0,18,61.0,0.6777777777777778,3.880371606156956,10,184.0,0.1016673460163044,7,102.0,0.1459005963407703,1,39.0,0.3619441307496099,18,325.0
3010.0,18,58.0,0.6744186046511628,3.7787969226361913,7,193.0,0.1863739941675937,4,82.0,0.1823680153179379,7,35.0,0.2136427966873056,18,310.0
3015.0,16,45.0,0.5232558139534884,4.757161852395286,4,144.0,0.2833900932152775,6,60.0,0.21464074159403038,6,55.0,0.38316605672805304,16,259.0
3020.0,7,14.0,0.15730337078651685,5.832177847543547,2,86.0,0.3597778761599216,3,65.0,0.30705875888130607,2,39.0,0.4228421084073406,7,190.0
3025.0,11,33.0,0.3548387096774194,5.521380303207868,1,58.0,0.3449020108415717,8,87.0,0.22370680044092708,2,34.0,0.4005012760642658,11,179.0
3030.0,18,62.0,0.6739130434782609,5.011039230314999,0,37.0,0.39287740386129166,8,102.0,0.18166611164133523,10,66.0,0.18285759718005237,18,205.0
3035.0,13,49.0,0.5975609756097561,4.624955044992679,0,39.0,0.3623920462522008,4,81.0,0.1932442509835379,9,90.0,0.31778554705974005,13,210.0
3040.0,7,17.0,0.20238095238095238,4.961831777820159,2,33.0,0.3681826915067093,4,87.0,0.2293121756033469,1,66.0,0.4102802040219996,7,186.0
3045.0,7,25.0,0.2840909090909091,5.314923789549799,0,23.0,0.3662721265661825,6,109.0,0.17604091811721667,1,25.0,0.47996569213754514,7,157.0
3050.0,13,40.0,0.47058823529411764,4.890285259056685,5,38.0,0.1932570402523784,8,120.0,0.16147329941501978,0,4.0,0.6278335178572709,13,162.0
3055.0,9,29.0,0.35802469135802467,4.580990783908032,4,53.0,0.23259557310022946,4,93.0,0.1702824473312103,1,5.0,0.6734468544981702,9,151.0
3060.0,7,22.0,0.2716049382716049,5.608809775270346,5,47.0,0.3700242010895695,1,49.0,0.2073727686933546,1,4.0,0.6051122030091258,7,100.0
3065.0,8,33.0,0.39285714285714285,5.609113106618698,2,43.0,0.4028977536303945,2,29.0,0.20859026152362653,4,17.0,0.4399208439103415,8,89.0
3070.0,6,16.0,0.19047619047619047,5.724679991401344,1,33.0,0.4193140385047563,2,18.0,0.27388892553598726,3,27.0,0.43386000919252404,6,78.0
3075.0,11,32.0,0.38095238095238093,4.890063843504484,2,37.0,0.24392406922813625,7,46.0,0.2320643676650744,2,18.0,0.4878078203687259,11,101.0
3080.0,19,60.0,0.7058823529411765,4.024047896613969,9,62.0,0.1359450527023194,9,68.0,0.2300987938220766,0,12.0,0.4513963854307135,18,142.0
3085.0,15,45.0,0.5294117647058824,4.267977472092434,7,86.0,0.21698385156597025,3,56.0,0.21501910580533543,5,30.0,0.428712845028976,15,172.0
3090.0,15,74.0,0.8505747126436781,4.8272566479069585,4,80.0,0.3057313891774029,2,47.0,0.2358257015837656,9,70.0,0.37573372565839736,15,197.0
3095.0,17,112.0,1.2727272727272727,4.446747343344962,5,80.0,0.23930446154666635,1,29.0,0.26956597975325,11,118.0,0.35842156754168086,17,227.0
3100.0,20,99.0,1.076086956521739,4.211249904432098,9,101.0,0.1942410246151422,2,28.0,0.3288611543608577,9,133.0,0.2715382942613189,20,262.0
3105.0,28,153.0,1.5612244897959184,4.112889509750661,14,160.0,0.08042178456063334,8,56.0,0.2860863167111706,6,96.0,0.28564113374822325,28,312.0
3110.0,28,138.0,1.4526315789473685,3.1340038544762776,16,200.0,0.08366646898529137,9,82.0,0.1531099028475698,3,107.0,0.343817417939621,28,389.0
3115.0,25,116.0,1.1958762886597938,4.3254652489383085,10,189.0,0.18291078424057786,4,83.0,0.31097454475186,11,147.0,0.22512235299395222,25,419.0
3120.0,19,86.0,0.9052631578947369,4.877214520718388,6,185.0,0.24444693617604032,3,59.0,0.3278629705561146,10,158.0,0.281508358321944,19,402.0
3125.0,18,74.0,0.8043478260869565,5.019322282085214,10,226.0,0.16503336456155934,3,45.0,0.41008204133485887,5,117.0,0.3190369654453723,18,388.0
3130.0,14,43.0,0.4725274725274725,5.018741390168337,11,241.0,0.16357873158266112,0,30.0,0.48262441339329726,3,61.0,0.3156336117807846,14,332.0
3135.0,12,32.0,0.3595505617977528,4.8930883952215245,4,206.0,0.18230344994539738,7,46.0,0.4171908036218764,1,68.0,0.2586300424033706,12,320.0
3140.0,13,39.0,0.43820224719101125,4.709410373611416,1,131.0,0.22512351214831966,4,55.0,0.32993819832958315,8,91.0,0.2223510179139893,13,277.0
3145.0,18,83.0,0.9540229885057471,4.4810865198845695,3,141.0,0.28793363274284745,3,40.0,0.28173543510658244,12,141.0,0.18422984811553558,18,322.0
3150.0,23,99.0,1.1647058823529413,3.045254400118616,7,165.0,0.2024310828655401,2,42.0,0.1918237125561551,14,164.0,0.14019352488913886,23,371.0
3155.0,25,91.0,1.0459770114942528,3.1041814214322914,8,166.0,0.1844610245925308,9,75.0,0.18144570132241714,8,150.0,0.16051284396517593,25,391.0
3160.0,18,59.0,0.6483516483516484,4.8854421405955515,5,140.0,0.24704950870297734,8,93.0,0.36498774237111437,5,111.0,0.24194561043194554,18,344.0
3165.0,12,25.0,0.25773195876288657,6.465312553579136,5,100.0,0.31790952995605765,3,74.0,0.44600459095630557,4,92.0,0.3899876642826338,12,266.0
3170.0,10,37.0,0.37755102040816324,7.132688088699552,3,85.0,0.43368019932430596,4,48.0,0.3971343626589179,3,69.0,0.4759938764356452,10,202.0
3175.0,12,62.0,0.6526315789473685,6.864922782220534,5,71.0,0.4750363881651084,4,53.0,0.3730084507756758,3,56.0,0.4795167898146557,12,180.0
3180.0,13,82.0,0.8817204301075269,6.544342795914171,5,80.0,0.4959634276152645,1,36.0,0.3150115231466626,7,79.0,0.3893234053876789,13,195.0
3185.0,18,124.0,1.3932584269662922,5.324529114149621,6,97.0,0.4540109257136981,6,43.0,0.1832239150522352,6,84.0,0.2383184360764375,18,224.0
3190.0,23,192.0,2.3132530120481927,4.749580190521016,6,122.0,0.3923783067595696,12,93.0,0.23114804777731113,5,68.0,0.20244207062855277,23,283.0
3195.0,18,97.0,1.1686746987951808,4.450209227583355,5,96.0,0.1713167120772726,10,126.0,0.24115535567964028,3,58.0,0.3083777104361908,18,280.0
3200.0,17,75.0,0.9259259259259259,5.323074740670038,9,66.0,0.2552107141097195,5,108.0,0.20691042973001142,3,47.0,0.41038673617208155,17,221.0
3205.0,16,100.0,1.2987012987012987,5.76455889819645,11,96.0,0.28625826489271416,3,77.0,0.2886694671865222,2,28.0,0.4122096309691912,16,201.0
3210.0,17,102.0,1.3783783783783783,6.170673135342829,8,117.0,0.38790674367707995,1,51.0,0.35726677462262024,8,56.0,0.3887139133571314,17,224.0
3215.0,12,52.0,0.7323943661971831,6.433964238866557,4,99.0,0.4555075033289432,0,39.0,0.6239130883653423,8,68.0,0.32759317231240015,12,206.0
3220.0,6,13.0,0.1780821917808219,7.216352328972636,3,69.0,0.4600889000069926,0,24.0,0.7341775902701052,3,47.0,0.31112276762109015,6,140.0
3225.0,6,11.0,0.14102564102564102,7.4252706288251575,1,46.0,0.4923590591114459,3,25.0,0.6186233757156142,2,37.0,0.3544498601721578,6,108.0
3230.0,6,28.0,0.358974358974359,7.239854927049826,1,28.0,0.6191014436747458,5,43.0,0.4863264374803206,0,26.0,0.3156479307767974,6,97.0
3235.0,13,34.0,0.4358974358974359,5.148268595122224,3,29.0,0.3956510939642443,2,42.0,0.29692385174979086,8,51.0,0.20985730752017157,13,122.0
3240.0,17,70.0,0.9210526315789473,4.579615773026162,9,64.0,0.24657876067955942,0,15.0,0.2195136401749546,8,79.0,0.2668337602486537,17,158.0
3245.0,9,36.0,0.5142857142857142,5.699007288310915,6,74.0,0.32193833479891365,0,5.0,0.48776217776797953,3,71.0,0.31572891780408613,9,150.0
3250.0,7,15.0,0.2112676056338028,6.715095605543151,3,50.0,0.520970001014485,1,6.0,0.6774157483633945,3,72.0,0.284557413743475,7,128.0
3255.0,7,29.0,0.3972602739726027,6.829467228325058,0,22.0,0.5838647748469449,0,4.0,0.6369937943144262,7,98.0,0.2476093424226146,7,124.0
3260.0,13,41.0,0.5616438356164384,5.203674719668151,0,8.0,0.7551132568436268,5,17.0,0.32389626298575036,8,112.0,0.15533308992749076,13,137.0
3265.0,12,26.0,0.3611111111111111,4.65256846508942,3,10.0,0.3528552871172787,4,33.0,0.32536181233402595,5,91.0,0.2018977454349701,12,134.0
3270.0,11,34.0,0.4473684210526316,6.065599915229167,6,30.0,0.39997050642593407,1,21.0,0.43957704065229053,4,57.0,0.3068623512425603,11,108.0
3275.0,8,30.0,0.38461538461538464,6.158363309572617,2,34.0,0.3991555968942174,4,29.0,0.35375151709723307,2,41.0,0.3383992059785576,8,104.0
3280.0,11,66.0,0.88,6.804113037301607,0,12.0,0.5061104481237461,8,60.0,0.37143085644797885,3,42.0,0.42686910472038425,11,114.0
3285.0,13,79.0,1.0675675675675675,6.368590561570423,3,17.0,0.2271261292239742,7,77.0,0.3506867902738459,3,50.0,0.5680316131417854,13,144.0
3290.0,15,110.0,1.4666666666666666,6.063173163567062,7,48.0,0.2881441615902912,5,68.0,0.2610516685100502,3,61.0,0.6071768595432994,15,177.0
3295.0,13,34.0,0.4473684210526316,5.161430095500336,6,59.0,0.355115042696603,6,89.0,0.20227013481270062,1,39.0,0.47422059226688745,13,187.0
3300.0,15,65.0,0.8904109589041096,5.527893177965825,1,37.0,0.42175529869455225,10,125.0,0.18798581618323346,4,18.0,0.3577632282099843,15,180.0
3305.0,28,172.0,2.356164383561644,3.914390617006591,2,43.0,0.2440630143457555,17,195.0,0.11242902084309417,9,55.0,0.2074503363738785,28,293.0
3310.0,31,176.0,2.5142857142857142,2.945428631128172,8,69.0,0.22494906072132914,17,238.0,0.04574416625202041,6,70.0,0.25024154862012965,31,377.0
3315.0,16,87.0,1.2794117647058822,4.348449419756577,4,72.0,0.26826740244070757,11,234.0,0.18769657630924164,1,45.0,0.4877865332352567,16,351.0
3320.0,14,57.0,0.8028169014084507,5.367563850637196,3,46.0,0.32026945529791434,8,286.0,0.24648619556982843,3,21.0,0.5633813876599132,14,353.0
3325.0,14,56.0,0.7671232876712328,4.95572091615607,1,26.0,0.4155140197573029,12,334.0,0.1723441387302415,1,14.0,0.5940469523478432,14,374.0
3330.0,16,72.0,0.96,4.429757945661164,2,21.0,0.40338513854370645,9,335.0,0.16506002423025318,5,30.0,0.22477571664137755,16,386.0
3335.0,16,91.0,1.2465753424657535,4.426105823301667,1,23.0,0.5714093424740591,5,277.0,0.17124252745494145,10,73.0,0.2538400853083797,16,373.0
3340.0,13,57.0,0.7215189873417721,5.168669030880909,1,8.0,0.5717834240693896,5,177.0,0.16207704276047236,7,90.0,0.37727363367729083,13,275.0
3345.0,10,36.0,0.43373493975903615,6.077800219071215,4,23.0,0.4492203808567534,4,193.0,0.28611985727774675,2,63.0,0.551704129147513,10,279.0
3350.0,12,45.0,0.5421686746987951,5.505152954850136,4,31.0,0.30322919972949847,7,224.0,0.24538906038186678,1,32.0,0.48400807473046814,12,287.0
3355.0,18,96.0,1.1294117647058823,4.721127084557285,3,27.0,0.2684115440056485,12,279.0,0.16286582421397308,3,22.0,0.420969646930974,18,328.0
3360.0,17,82.0,1.0,4.185761173310963,3,31.0,0.28299393378405946,13,288.0,0.13860917141302811,1,18.0,0.3762902466361423,17,337.0
3365.0,21,90.0,1.125,4.108894501006352,6,57.0,0.32722021819254665,10,235.0,0.1275460535093227,5,38.0,0.3233380558268824,21,330.0
3370.0,18,59.0,0.7662337662337663,4.448407180937773,3,63.0,0.37071032962210826,9,155.0,0.15515953058073814,6,44.0,0.3562371157446366,18,262.0
3375.0,11,37.0,0.4805194805194805,5.756071174740301,1,34.0,0.46268540336702507,7,150.0,0.3030636482548788,3,42.0,0.4666093984140712,11,226.0
3380.0,3,1.0,0.012195121951219513,6.599661995586048,1,16.0,0.4678114243961317,1,118.0,0.34292800379119665,1,42.0,0.48465470520320963,3,176.0
3385.0,3,4.0,0.04819277108433735,6.919023297282268,3,20.0,0.38423871240320795,0,82.0,0.48875936320480146,0,30.0,0.5260647611575137,3,132.0
3390.0,9,34.0,0.4146341463414634,6.358842533126985,7,47.0,0.29624794041329766,0,55.0,0.6540128427799551,2,34.0,0.4185482067008841,9,136.0
3395.0,19,61.0,0.7721518987341772,4.42131700435284,10,71.0,0.19799587628642287,1,52.0,0.5210919549008142,8,59.0,0.22817844514569124,19,182.0
3400.0,19,61.0,0.7530864197530864,3.2787613928298684,5,58.0,0.14510272239816682,6,72.0,0.2855977768030663,8,82.0,0.12038537926203244,19,212.0
3405.0,13,32.0,0.3764705882352941,4.687043140553088,3,54.0,0.30944330835947753,5,79.0,0.31490119912760767,5,70.0,0.21204986242261747,13,203.0
3410.0,10,16.0,0.1797752808988764,5.00266050766008,3,58.0,0.3210135336647435,4,59.0,0.3027356855625378,3,80.0,0.3348564349258104,10,197.0
3415.0,19,75.0,0.8241758241758241,4.4179933569207845,7,85.0,0.2793826753414912,3,32.0,0.21900031594610958,9,115.0,0.27429438912479787,19,232.0
3420.0,26,132.0,1.4505494505494505,3.709207670853018,7,101.0,0.23549374476757154,2,34.0,0.30847029733936654,17,180.0,0.16653643216818922,26,315.0
3425.0,27,138.0,1.5164835164835164,3.1456383471560705,4,82.0,0.23271273218811844,7,54.0,0.21986349736369137,16,214.0,0.08344594910512071,27,350.0
3430.0,26,93.0,1.021978021978022,3.5897900013064916,7,90.0,0.17215367279534405,7,72.0,0.2795852740923286,12,198.0,0.1444325659256881,26,360.0
3435.0,16,66.0,0.7252747252747253,4.610913257832889,7,121.0,0.221217780402609,2,55.0,0.4156213234373728,7,157.0,0.2496014070267251,16,333.0
3440.0,21,113.0,1.202127659574468,4.821101907292849,14,180.0,0.1910515010478367,0,21.0,0.4893085622918113,7,173.0,0.29089878968630195,21,374.0
3445.0,28,129.0,1.3870967741935485,3.5665983710709583,16,217.0,0.11551341411033826,2,25.0,0.445630149312905,10,213.0,0.20133419661377272,28,455.0
3450.0,24,105.0,1.141304347826087,2.8991495951045776,11,201.0,0.1179486592148056,7,53.0,0.17892929136593164,6,217.0,0.16278948872197818,24,471.0
3455.0,22,71.0,0.7634408602150538,3.2647098250977002,13,259.0,0.09722348617552787,7,67.0,0.29129128422630557,2,174.0,0.2315465937942486,22,500.0
3460.0,16,53.0,0.5408163265306123,4.016510086440029,11,319.0,0.15355589578056128,1,27.0,0.40818493634239644,4,175.0,0.24282893366888852,16,521.0
3465.0,21,72.0,0.72,3.3573387925901477,9,323.0,0.10471120851789331,2,29.0,0.3737090740147907,10,207.0,0.18403767031914633,21,559.0
3470.0,21,73.0,0.7525773195876289,3.0154115533222012,5,237.0,0.10942205390441495,6,51.0,0.3039561973818842,10,211.0,0.1351968681219731,21,499.0
3475.0,12,45.0,0.45918367346938777,3.982618315710067,2,192.0,0.20798210145060833,5,63.0,0.39240679014643015,5,173.0,0.16575036098975973,12,428.0
3480.0,8,22.0,0.21568627450980393,5.165434706757927,2,194.0,0.23691039636186476,2,40.0,0.4665306860169685,4,132.0,0.27876923034894935,8,366.0
3485.0,15,59.0,0.59,5.533839275015664,9,222.0,0.17870281124768705,2,23.0,0.5866550843054574,4,115.0,0.3362224606782714,15,360.0
3490.0,11,54.0,0.5510204081632653,5.55610662463425,8,221.0,0.1671931409825971,2,26.0,0.659029195340896,1,100.0,0.36209952779107174,11,347.0
3495.0,13,67.0,0.7362637362637363,5.128094739356597,5,178.0,0.21546485439474716,3,39.0,0.536822485779945,5,107.0,0.3023326101979546,13,324.0
3500.0,14,27.0,0.3068181818181818,3.8821072081331605,6,196.0,0.13024821507615736,2,24.0,0.393268366511043,6,109.0,0.24354103852293196,14,329.0
3505.0,17,66.0,0.75,3.778772635398549,9,230.0,0.09386416816771354,6,28.0,0.36999892156944514,2,79.0,0.19881485586150197,17,337.0
3510.0,11,51.0,0.6071428571428571,3.7883753089743784,9,229.0,0.0936917936817229,2,33.0,0.44168693417374416,0,37.0,0.2641824340976131,11,299.0
3515.0,9,15.0,0.17045454545454544,4.833731726170095,7,182.0,0.17392582519060024,0,18.0,0.6407867590690437,2,41.0,0.32569132915090676,9,241.0
3520.0,11,34.0,0.38636363636363635,5.123315148368406,5,110.0,0.2185087701773989,0,4.0,0.6912445977074682,6,64.0,0.2562499320452274,11,178.0
3525.0,11,27.0,0.3,4.567233484775153,3,88.0,0.21706201517832693,1,3.0,0.6134464084338507,7,78.0,0.16177738747456163,11,169.0
3530.0,12,37.0,0.43023255813953487,5.4598367351997,3,63.0,0.27938985734621313,4,15.0,0.5231959588661432,5,60.0,0.26388786512248064,12,138.0
3535.0,13,78.0,0.896551724137931,5.639691835687151,2,47.0,0.38301205886168677,7,46.0,0.46914684524624317,4,88.0,0.15489261294266124,13,181.0
3540.0,22,138.0,1.5681818181818181,4.4602081300062455,2,41.0,0.4413879599607247,9,88.0,0.28668559876889427,11,127.0,0.1026423034857358,22,256.0
3545.0,31,199.0,2.2613636363636362,3.2206724685079915,6,49.0,0.2994395530778087,9,110.0,0.10338447397293629,16,197.0,0.09492174251762357,31,356.0
3550.0,30,197.0,2.2906976744186047,2.8747163232362904,12,101.0,0.2287596369785894,4,72.0,0.17137542180896645,14,235.0,0.12786851312885714,30,408.0
3555.0,26,129.0,1.4827586206896552,3.6915098277394427,15,141.0,0.1814416230479356,1,68.0,0.412744957781509,10,210.0,0.1941735507807487,26,419.0
3560.0,28,106.0,1.1910112359550562,3.9046966235020357,12,150.0,0.1504357293151092,8,94.0,0.32955544525842356,8,230.0,0.15903052493539305,28,474.0
3565.0,25,97.0,1.0898876404494382,3.826031207784177,7,167.0,0.1965203371089894,5,93.0,0.33194799953418885,13,282.0,0.09416445555044549,25,542.0
3570.0,19,66.0,0.7586206896551724,3.5514719119979996,8,200.0,0.2117124141056016,1,53.0,0.237630749890995,10,298.0,0.14276662537901866,19,551.0
3575.0,13,38.0,0.4418604651162791,3.890710265195736,6,204.0,0.1811685982143857,1,51.0,0.27358559297070284,6,248.0,0.2498785298109542,13,503.0
3580.0,13,45.0,0.5232558139534884,4.150867276550656,2,161.0,0.23357117843253464,7,79.0,0.29769465218514807,4,247.0,0.1687540166864006,13,487.0
3585.0,15,49.0,0.5568181818181818,4.120426111814738,1,93.0,0.24243208053795373,5,76.0,0.33866843987032463,9,286.0,0.099340175929893,15,455.0
3590.0,13,40.0,0.45977011494252873,4.321584128734861,2,98.0,0.32561540101161895,1,46.0,0.35025544469950864,10,292.0,0.14350371670080783,13,436.0
3595.0,16,44.0,0.5176470588235295,4.165576968208528,8,123.0,0.23005493957486853,4,56.0,0.309209016791994,4,248.0,0.21646295420012804,16,427.0
3600.0,19,67.0,0.8170731707317073,4.126251794509947,8,125.0,0.14992001149583378,8,83.0,0.32996690014182667,3,180.0,0.23136721932123996,19,388.0
