step,system_total_stopped,system_total_waiting_time,system_mean_waiting_time,system_mean_speed,A0_stopped,A0_accumulated_waiting_time,A0_average_speed,B0_stopped,B0_accumulated_waiting_time,B0_average_speed,C0_stopped,C0_accumulated_waiting_time,C0_average_speed,agents_total_stopped,agents_total_accumulated_waiting_time
5.0,1,0.0,0.0,2.5704898947034964,1,0.0,0.18685426855941564,0,0.0,1.0,0,0.0,1.0,1,0.0
10.0,0,0.0,0.0,9.05731248362162,0,0.0,0.6616233909389362,0,0.0,1.0,0,0.0,1.0,0,0.0
15.0,0,0.0,0.0,11.149910644357252,0,0.0,0.9380940612459189,0,0.0,0.47303942813789357,0,0.0,1.0,0,0.0
20.0,1,0.0,0.0,7.820905625912063,0,0.0,0.6552900088309787,0,0.0,0.7332702827411732,1,0.0,0.0,1,0.0
25.0,0,0.0,0.0,7.519938556315777,0,0.0,0.6162169813742016,0,0.0,0.4698079523350148,0,0.0,0.6687533753773791,0,0.0
30.0,1,5.0,0.45454545454545453,7.477055530527389,0,0.0,0.6431189720338477,1,5.0,0.5055487017341763,0,0.0,0.4783404923735014,1,5.0
35.0,1,0.0,0.0,9.329911932992076,0,0.0,0.7818884445122394,0,0.0,0.9448564675188247,1,0.0,0.49858922169071224,1,0.0
40.0,0,0.0,0.0,10.726429861643771,0,0.0,0.8212079214703865,0,0.0,0.8496310465481108,0,0.0,0.6216029024081879,0,0.0
45.0,2,6.0,0.375,6.765357411089072,1,3.0,0.43287819132657096,1,3.0,0.36276095513648304,0,0.0,0.7699861335490054,2,6.0
50.0,7,31.0,1.8235294117647058,5.890313158791648,3,15.0,0.22296908369484406,3,16.0,0.46713443779937175,1,0.0,0.6682142847435184,7,31.0
55.0,6,35.0,1.8421052631578947,4.880669892660688,1,17.0,0.2883062339900273,3,31.0,0.22441608995205917,2,1.0,0.451443615332704,6,49.0
60.0,4,15.0,0.6818181818181818,6.9214780549065384,0,3.0,0.6183017656401935,1,30.0,0.44027117450925185,3,12.0,0.3107092238957288,4,45.0
65.0,3,6.0,0.3,8.666044891997059,2,7.0,0.582899256518372,0,5.0,0.7844209716775837,1,17.0,0.5651785421584065,3,29.0
70.0,3,16.0,0.8,8.513444138128545,2,17.0,0.4090404086203555,0,4.0,0.7323417547864568,1,6.0,0.6691539963597952,3,27.0
75.0,5,39.0,1.7727272727272727,7.320482581450114,3,30.0,0.024256364337865828,0,2.0,0.7899891442886141,2,14.0,0.6055464112872095,5,46.0
80.0,3,25.0,1.0416666666666667,8.167667232577168,1,24.0,0.09324909232417923,0,2.0,0.7831491404648261,2,22.0,0.5729495171829722,3,48.0
85.0,2,5.0,0.20833333333333334,8.869788831052759,0,3.0,0.7015263956075019,2,7.0,0.6310544529284715,0,13.0,0.5803175978268845,2,23.0
90.0,2,5.0,0.18518518518518517,8.38501615950706,0,2.0,0.5940408937414158,1,2.0,0.4992542582772731,1,5.0,0.38255517966699976,2,9.0
95.0,2,7.0,0.2916666666666667,8.85064757863758,0,2.0,0.847840614721045,2,9.0,0.5390207115601604,0,3.0,0.37322323187347384,2,14.0
100.0,4,24.0,1.0909090909090908,7.300044496307321,0,2.0,0.8164886460221595,4,26.0,0.3140945266050118,0,0.0,0.5114406264253242,4,28.0
105.0,9,56.0,2.24,6.794314291170639,1,6.0,0.4935293196524106,6,50.0,0.20840164676790318,2,4.0,0.4639844534487153,9,60.0
110.0,9,101.0,4.590909090909091,6.196041126990889,1,9.0,0.6320050590587286,7,85.0,0.13295906658791526,1,9.0,0.4225136153169635,9,103.0
115.0,4,14.0,0.7,6.364402608979709,1,0.0,0.4901619288625246,2,74.0,0.21147680456335735,1,0.0,0.6192219754616918,4,74.0
120.0,0,0.0,0.0,10.703798748029882,0,2.0,0.6601662481607842,0,14.0,0.6958288147072903,0,2.0,0.8832383464255817,0,18.0
125.0,5,9.0,0.47368421052631576,8.191194531811405,2,5.0,0.6314051483646612,2,19.0,0.23174797232721914,1,3.0,0.6927175858898628,5,27.0
130.0,7,34.0,1.619047619047619,7.349260366674178,2,10.0,0.6703270141120552,3,33.0,0.20416476819722315,2,9.0,0.568097447640352,7,52.0
135.0,4,16.0,0.6956521739130435,5.622669153978623,3,18.0,0.35686479210294625,0,8.0,0.20854643863888933,1,4.0,0.463900774887254,4,30.0
140.0,6,37.0,1.48,8.295798919407519,6,41.0,0.3009390166415611,0,2.0,0.7306135351882801,0,0.0,0.6280100343720871,6,43.0
145.0,2,6.0,0.24,9.051327348103491,1,29.0,0.32032289498987715,0,2.0,0.9373276724622638,1,5.0,0.7583829318287618,2,36.0
150.0,1,10.0,0.38461538461538464,10.338495722586588,0,3.0,0.7156361250765368,0,4.0,0.7338389756179354,1,10.0,0.6405406176638614,1,17.0
155.0,4,20.0,0.8333333333333334,8.33254972587647,1,5.0,0.02520538997229686,1,6.0,0.5842646720044242,2,15.0,0.5072011423893258,4,26.0
160.0,6,35.0,1.25,7.28831184221628,3,15.0,0.199728048194836,1,7.0,0.6104049898338464,2,21.0,0.27907471842490594,6,43.0
165.0,3,27.0,0.9642857142857143,8.959469412154593,2,27.0,0.6513335013860905,1,5.0,0.5342386928913785,0,0.0,0.7817024876501741,3,32.0
170.0,3,34.0,1.3076923076923077,9.65810854108094,2,37.0,0.72679772152667,1,1.0,0.4115650970391042,0,0.0,0.9161165769629408,3,38.0
175.0,6,56.0,2.074074074074074,7.041291167914209,2,49.0,0.48508608756129395,3,13.0,0.13893198381699404,1,0.0,0.6796237804390033,6,62.0
180.0,7,41.0,1.4137931034482758,6.005722400674814,2,37.0,0.33966493090011635,5,35.0,0.2914614856697348,0,0.0,0.6511251618670089,7,72.0
185.0,6,60.0,2.0,8.314825494002958,0,6.0,0.4954441172539932,5,62.0,0.49685586006515,1,0.0,0.5909722395000334,6,68.0
190.0,2,14.0,0.45161290322580644,7.695991333759722,0,6.0,0.3741598727034034,2,44.0,0.527332078051527,0,0.0,0.4775786571864682,2,50.0
195.0,6,22.0,0.7096774193548387,8.819746463927455,4,19.0,0.4168741712848128,1,19.0,0.6524716637660877,1,7.0,0.6177197957295236,6,45.0
200.0,4,15.0,0.5555555555555556,7.390686105085727,0,17.0,0.6533815895778432,1,1.0,0.2966348721594318,3,16.0,0.4506967722760566,4,34.0
205.0,5,15.0,0.5555555555555556,8.621015265652861,1,2.0,0.733591704403165,4,17.0,0.386167495446191,0,7.0,0.5371593748758279,5,26.0
210.0,0,0.0,0.0,9.657640254488836,0,0.0,0.6891374638458129,0,15.0,0.6268122885494856,0,0.0,0.9068738537868735,0,15.0
215.0,4,10.0,0.37037037037037035,9.037923934029548,4,12.0,0.43542693118686177,0,4.0,0.8438951537316691,0,2.0,0.7547412314141079,4,18.0
220.0,5,32.0,1.2307692307692308,9.486601230407338,5,34.0,0.4912676819917109,0,0.0,0.8697853792220632,0,2.0,0.9449910322576295,5,36.0
225.0,3,2.0,0.08333333333333333,7.607505381034077,0,27.0,0.5907092420029385,2,2.0,0.3826131676384072,1,2.0,0.6789227520522989,3,31.0
230.0,3,15.0,0.5769230769230769,8.733733025612946,0,0.0,0.6348422787947884,2,14.0,0.6733692672118269,1,5.0,0.49358354929060644,3,19.0
235.0,3,12.0,0.42857142857142855,9.025901797236306,0,0.0,0.717062409004693,0,2.0,0.8323157608155052,3,14.0,0.37332418707902154,3,16.0
240.0,0,0.0,0.0,9.39702775720718,0,2.0,0.47045980707201396,0,0.0,0.8165332638039476,0,4.0,0.7170391002801207,0,6.0
245.0,2,8.0,0.26666666666666666,10.064175604607076,2,10.0,0.5213714182079557,0,2.0,0.6737608318944088,0,2.0,0.8782701074375017,2,14.0
250.0,5,23.0,0.7666666666666667,8.185622310753336,2,20.0,0.40216869607148337,2,7.0,0.4679648665641349,1,0.0,0.7488247511573032,5,27.0
255.0,9,55.0,2.037037037037037,7.859610216213958,3,32.0,0.40518492136272205,5,26.0,0.3888066221881551,1,1.0,0.33533293073207576,9,59.0
260.0,7,56.0,2.24,6.434656311580608,0,11.0,0.4216724730759715,6,52.0,0.2971691745692532,1,6.0,0.4844675310421547,7,69.0
265.0,3,29.0,1.16,7.829542726094852,1,5.0,0.6233709500736122,2,60.0,0.38148841691371754,0,0.0,0.6610115726081895,3,65.0
270.0,1,2.0,0.09090909090909091,10.129769665414862,1,4.0,0.6837870853639865,0,31.0,0.6719599526849651,0,2.0,0.7025183879988568,1,37.0
275.0,4,12.0,0.5,8.693881027731234,1,9.0,0.6217344956762729,3,36.0,0.40095424994136514,0,2.0,0.7924658420826121,4,47.0
280.0,6,22.0,0.88,7.840375088358939,1,3.0,0.5511815584910357,4,55.0,0.4086082904217915,1,2.0,0.7025371628612269,6,60.0
285.0,1,5.0,0.2,8.41806489018433,0,0.0,0.8332960317111672,1,42.0,0.3927433295226377,0,0.0,0.7303019301200262,1,42.0
290.0,4,7.0,0.2692307692307692,9.496788050130691,2,3.0,0.46801356334585575,2,16.0,0.49912488685931333,0,0.0,0.7753303416449648,4,19.0
295.0,4,13.0,0.4642857142857143,8.030565681655608,1,8.0,0.5349085995477314,2,15.0,0.43801721371455576,1,2.0,0.41003866862807525,4,25.0
300.0,3,16.0,0.5714285714285714,8.87604140319699,0,2.0,0.9426568339498997,3,26.0,0.3462369346113172,0,0.0,0.7029624957271208,3,28.0
305.0,4,36.0,1.3846153846153846,8.237496796739972,0,0.0,0.523976119933909,4,47.0,0.4291433824824088,0,0.0,0.5535999331377057,4,47.0
310.0,4,13.0,0.48148148148148145,6.550125797962384,1,0.0,0.408155732993827,2,42.0,0.2893671516266039,1,3.0,0.5207786692600211,4,45.0
315.0,4,19.0,0.6785714285714286,9.241555845389678,1,2.0,0.6890995247152474,2,21.0,0.3274738875064672,1,9.0,0.7110152895212049,4,32.0
320.0,5,28.0,1.037037037037037,8.222539020333608,1,7.0,0.5487920828191954,3,20.0,0.36548810865837394,1,3.0,0.6099839094921699,5,30.0
325.0,7,53.0,2.0384615384615383,8.002000930378175,2,14.0,0.4199029589928048,2,30.0,0.400846698390236,3,11.0,0.5401545735730366,7,55.0
330.0,9,71.0,2.84,5.393108901385594,5,27.0,0.18511512081123255,2,40.0,0.33558190798844006,2,14.0,0.3661623666953312,9,81.0
335.0,4,47.0,1.9583333333333333,7.966179700637631,4,47.0,0.3751435332760007,0,24.0,0.6277290287619405,0,5.0,0.5732976762783489,4,76.0
340.0,1,4.0,0.16666666666666666,8.496312126109459,0,25.0,0.5247146796059766,1,6.0,0.7400072242822231,0,1.0,0.262937973437521,1,32.0
345.0,3,14.0,0.6086956521739131,9.253375151944033,0,0.0,0.6145573245132211,0,4.0,0.8090134526911604,3,15.0,0.231153820662848,3,19.0
350.0,5,31.0,1.4090909090909092,6.7384428715337,1,4.0,0.508586860196612,1,2.0,0.7398159633738621,3,30.0,0.032758671647681106,5,36.0
355.0,3,13.0,0.52,8.127614148614736,3,15.0,0.5123557532049301,0,2.0,0.890260672715426,0,16.0,0.40961830945263134,3,33.0
360.0,4,29.0,1.0740740740740742,8.127885057374643,3,30.0,0.6115425903164634,1,5.0,0.5068130482761583,0,0.0,0.6859915122204465,4,35.0
365.0,7,58.0,2.0714285714285716,7.134559464776309,3,45.0,0.44427176542054053,4,19.0,0.40225949778905135,0,0.0,0.8124880215610624,7,64.0
370.0,11,107.0,3.4516129032258065,5.425332404902299,7,74.0,0.22972210701637638,4,39.0,0.35143799260801206,0,0.0,0.5071768629953392,11,113.0
375.0,13,131.0,4.225806451612903,4.7170535602307,11,121.0,0.03472784171750948,1,36.0,0.2869023990468201,1,0.0,0.6447847454366058,13,157.0
380.0,12,174.0,6.0,5.687333511951029,12,176.0,0.16904847260381264,0,12.0,0.6133397415297883,0,2.0,0.6566437919485455,12,190.0
385.0,13,238.0,7.67741935483871,6.634235746078479,11,231.0,0.24855736643542603,1,16.0,0.6473650059389937,1,7.0,0.7908916793947758,13,254.0
390.0,13,293.0,9.15625,5.666949913358129,11,286.0,0.18921634990177744,2,21.0,0.6383914675998883,0,2.0,0.6985343630372424,13,309.0
395.0,16,354.0,10.727272727272727,3.6570811355108406,13,349.0,0.16296857272595744,1,1.0,0.6128456832520294,2,8.0,0.20440995155286984,16,358.0
400.0,16,209.0,6.333333333333333,3.6096370255272556,9,327.0,0.2520002002894795,2,9.0,0.30800731800587905,5,30.0,0.18541612068533828,16,366.0
405.0,1,0.0,0.0,5.460123156839306,0,192.0,0.3455424615435982,1,8.0,0.5122948890409514,0,25.0,0.20105119351560677,1,225.0
410.0,4,13.0,0.35135135135135137,7.9097093076271,2,160.0,0.17966630356889507,1,9.0,0.7953754051441579,1,5.0,0.6045099472360969,4,174.0
415.0,7,29.0,0.7631578947368421,6.927251419629991,7,186.0,0.11442944073434637,0,2.0,0.7469033232727921,0,0.0,0.6849116638864066,7,188.0
420.0,15,91.0,2.6,6.792701513918483,12,240.0,0.216208706636156,2,9.0,0.40044641559160804,1,1.0,0.7875512735794167,15,250.0
425.0,14,147.0,4.454545454545454,5.291033243354826,13,300.0,0.153760612405198,0,0.0,0.4681445977756446,1,6.0,0.5256719824752498,14,306.0
430.0,18,224.0,7.225806451612903,4.270243844627143,14,361.0,0.1057911939477996,1,5.0,0.48763300329530407,3,17.0,0.41794145631921614,18,383.0
435.0,17,288.0,10.285714285714286,2.7752057688469995,15,433.0,0.09172996126673766,2,14.0,0.3117551597458049,0,9.0,0.19949438713453305,17,456.0
440.0,12,200.0,6.666666666666667,4.248791909271896,9,380.0,0.16314372242934058,2,26.0,0.48970994407067864,1,4.0,0.11887244491157146,12,410.0
445.0,5,46.0,1.4375,6.744856858201226,4,225.0,0.2742942626076101,1,9.0,0.6038208928462476,0,0.0,0.6181448817118004,5,234.0
450.0,3,13.0,0.37142857142857144,9.3363700161052,1,110.0,0.4594448394796007,2,10.0,0.7277704873075057,0,2.0,0.7603251697395582,3,122.0
455.0,3,23.0,0.6571428571428571,10.440279430511318,2,46.0,0.6760133575010759,1,15.0,0.6879879042633708,0,2.0,0.9496114392765042,3,63.0
460.0,4,39.0,1.1142857142857143,9.929340741457883,2,20.0,0.6773907282902333,2,23.0,0.6161840092835642,0,0.0,0.6245993659903317,4,43.0
465.0,0,0.0,0.0,9.254879489315403,0,2.0,0.6456979832596854,0,12.0,0.5501452616147339,0,0.0,0.7145031487117778,0,14.0
470.0,8,18.0,0.5625,8.432328462412151,4,11.0,0.14325444411223687,2,5.0,0.5544414097344466,2,4.0,0.6121590558596304,8,20.0
475.0,3,16.0,0.64,7.361470144831502,1,10.0,0.39637546556574216,2,15.0,0.2091028508288765,0,0.0,0.7784557215024404,3,25.0
480.0,5,33.0,1.434782608695652,8.001887738125754,1,1.0,0.5614028655640216,4,35.0,0.3438038679604384,0,0.0,0.6418262644407666,5,36.0
485.0,2,6.0,0.2608695652173913,7.8588430225852175,1,5.0,0.45356756689252453,0,27.0,0.599025501860848,1,2.0,0.4533715204615077,2,34.0
490.0,3,20.0,0.7407407407407407,9.1931032449711,2,16.0,0.5582561830446939,0,2.0,0.7420835216437465,1,9.0,0.6887044302823464,3,27.0
495.0,6,39.0,1.3,8.530073856828594,4,30.0,0.5091445408863553,0,0.0,0.8726531886893782,2,14.0,0.6252778052231363,6,44.0
500.0,4,21.0,0.75,7.886402118175498,1,14.0,0.55777596500095,1,1.0,0.6371858689646946,2,20.0,0.6052662307981801,4,35.0
505.0,3,34.0,1.1333333333333333,9.138939854454508,0,2.0,0.5890749324152494,1,8.0,0.748774158614488,2,28.0,0.5804332200393943,3,38.0
510.0,3,38.0,1.2258064516129032,8.840896349472088,1,0.0,0.5341774282512795,0,2.0,0.7863953799437372,2,38.0,0.6198409359961071,3,40.0
515.0,6,58.0,1.7058823529411764,7.965348466244983,3,12.0,0.48679978983838484,1,0.0,0.7115693302987866,2,48.0,0.3795648359797104,6,60.0
520.0,7,40.0,1.2903225806451613,8.168281968914846,7,42.0,0.40721644280216024,0,0.0,0.8189410648315306,0,1.0,0.6378287495610465,7,43.0
525.0,9,82.0,2.5625,6.320075186940454,8,79.0,0.1654928925527444,0,0.0,0.6889713328344991,1,5.0,0.7239852533592631,9,84.0
530.0,12,131.0,3.9696969696969697,5.844362742547678,12,133.0,0.24833589237638817,0,0.0,0.2977731130313863,0,0.0,0.6152129272071369,12,133.0
535.0,16,195.0,6.09375,5.540090838170437,13,193.0,0.12907976964138126,2,6.0,0.45081931136103576,1,0.0,0.6875910605422512,16,199.0
540.0,13,254.0,7.9375,5.202682764561048,13,256.0,0.10573242649343573,0,6.0,0.5572833830669186,0,0.0,0.495945728437781,13,262.0
545.0,16,329.0,9.676470588235293,5.817517512908413,14,328.0,0.20503140237088213,0,2.0,0.8851866615307711,2,5.0,0.5267655791391869,16,335.0
550.0,10,210.0,5.833333333333333,5.912840267556055,9,319.0,0.324936103371647,0,0.0,0.5005410566585413,1,10.0,0.4223080310404762,10,329.0
555.0,7,79.0,2.1944444444444446,7.29971898188067,6,238.0,0.3206328394158452,1,7.0,0.7937603207321421,0,0.0,0.976327579548096,7,245.0
560.0,8,34.0,0.9444444444444444,6.304498612633478,6,262.0,0.1824698762465361,1,14.0,0.7259609722000622,1,0.0,0.45752114514290404,8,276.0
565.0,10,49.0,1.3611111111111112,5.023213076968066,8,296.0,0.16826245109252727,2,20.0,0.5497907400153232,0,0.0,0.5664552656258723,10,316.0
570.0,12,79.0,2.1944444444444446,4.777539746080879,11,342.0,0.15676670393645006,1,9.0,0.45613522462522704,0,0.0,0.8092887163909482,12,351.0
575.0,13,139.0,3.7567567567567566,5.1817323697043225,13,404.0,0.14058332963820225,0,0.0,0.50599628957659,0,0.0,0.8320025877229753,13,404.0
580.0,18,216.0,5.2682926829268295,5.144097858205629,17,481.0,0.20749165522115723,1,0.0,0.5438512380914536,0,0.0,0.7033962313773845,18,481.0
585.0,21,313.0,7.825,4.445818886629448,19,574.0,0.15320247365910172,0,0.0,0.7525874697646846,2,4.0,0.5920873426502885,21,578.0
590.0,21,240.0,5.454545454545454,3.139836590041011,19,577.0,0.08496763589213213,1,0.0,0.19492724619467544,1,6.0,0.3396055784674748,21,583.0
595.0,11,170.0,3.8636363636363638,6.331593472065703,11,462.0,0.17511583041141646,0,4.0,0.8611440027416348,0,0.0,0.5855259064765266,11,466.0
600.0,10,115.0,2.5555555555555554,6.083740922821613,8,497.0,0.16134046239245833,0,4.0,0.8947834911672595,2,2.0,0.4776429152238268,10,503.0
605.0,13,85.0,1.8888888888888888,5.543076128167848,11,544.0,0.1307331084809679,0,4.0,0.8179253469480601,2,12.0,0.49304135651957937,13,560.0
610.0,15,59.0,1.3111111111111111,3.39777612409752,9,513.0,0.1301784222846763,2,10.0,0.17566096220669455,4,26.0,0.27965729801744715,15,549.0
615.0,7,20.0,0.46511627906976744,4.679497397337031,4,394.0,0.24631196088538365,0,7.0,0.49623183904606755,3,32.0,0.29344094622332206,7,433.0
620.0,3,6.0,0.13333333333333333,6.772867781210149,3,297.0,0.35056792399915615,0,2.0,0.6915743721553427,0,18.0,0.4828440697083994,3,317.0
625.0,6,14.0,0.2978723404255319,7.290759089784197,3,235.0,0.34777021747561115,0,4.0,0.7695736528461761,3,22.0,0.509002479742257,6,261.0
630.0,7,23.0,0.5,6.916774243178809,2,233.0,0.3921446052914274,1,4.0,0.6467623526355444,4,38.0,0.4263018414509764,7,275.0
635.0,12,47.0,1.0,4.906022394137783,6,247.0,0.17238833602536213,2,12.0,0.3399002054162627,4,44.0,0.3423583105495412,12,303.0
640.0,15,73.0,1.489795918367347,4.3143310504207335,10,290.0,0.1083839297467556,3,21.0,0.3812208593174205,2,19.0,0.3198269589314551,15,330.0
645.0,15,130.0,2.6530612244897958,5.197886990795156,13,352.0,0.15754273561101328,1,15.0,0.5647009435931376,1,23.0,0.49197992243682453,15,390.0
650.0,17,113.0,2.173076923076923,4.855775067567686,10,346.0,0.23287912338133196,3,18.0,0.3397462896701564,4,35.0,0.3487425960720553,17,399.0
655.0,13,90.0,1.6666666666666667,5.4469173433298,6,263.0,0.21796226642787986,4,35.0,0.32976726837528597,3,40.0,0.35939342582245143,13,338.0
660.0,15,90.0,1.6666666666666667,4.974756563358955,6,291.0,0.16798665808907406,8,69.0,0.4036767412668453,1,25.0,0.3062399282897465,15,385.0
665.0,15,123.0,2.1578947368421053,5.4004659850333,6,320.0,0.12814288181022593,7,104.0,0.41600505276298516,2,21.0,0.37665671031155773,15,445.0
670.0,20,169.0,3.017857142857143,4.4587949840418855,5,286.0,0.1857597759303112,10,147.0,0.19524471884589661,5,38.0,0.26317672355036986,20,471.0
675.0,19,110.0,2.0,4.378128265865582,4,154.0,0.2374060008582773,7,147.0,0.2686759325801374,8,71.0,0.12945208129464916,19,372.0
680.0,11,53.0,1.0,5.438407163674252,2,169.0,0.3906969390235569,1,72.0,0.4740096828743134,8,84.0,0.22028623035202188,11,325.0
685.0,12,43.0,0.7818181818181819,6.4353663519399635,4,181.0,0.3738784362883114,3,67.0,0.4133219826386591,5,83.0,0.4338606225941658,12,331.0
690.0,14,52.0,0.9629629629629629,5.313322769967398,4,148.0,0.2876794108923281,9,98.0,0.2854345658574409,1,59.0,0.40544194508059006,14,305.0
695.0,10,33.0,0.5892857142857143,5.114731817451539,1,97.0,0.2568665621976637,7,101.0,0.34570327967521514,2,62.0,0.3012700745777972,10,260.0
700.0,10,35.0,0.5932203389830508,5.863655867430223,2,45.0,0.35199060898948464,1,57.0,0.4511346640816583,7,89.0,0.266993600618711,10,191.0
705.0,13,72.0,1.2,6.531605769001534,1,45.0,0.4670019574829241,1,23.0,0.5052662688381402,11,130.0,0.3022549635191058,13,198.0
710.0,18,142.0,2.406779661016949,5.334651204066394,4,54.0,0.35751059730242224,1,14.0,0.36399458123167755,13,187.0,0.21964073116265564,18,255.0
715.0,33,272.0,4.689655172413793,2.694030311390587,12,91.0,0.09087538186323474,6,38.0,0.09518154976495913,15,256.0,0.19090586229267012,33,385.0
720.0,28,199.0,3.2096774193548385,2.5486877953599527,9,99.0,0.1777920690757998,7,53.0,0.09294418190973314,12,270.0,0.1874084680835146,28,422.0
725.0,11,75.0,1.0869565217391304,6.343732602526531,4,79.0,0.3993965030089421,1,37.0,0.5309731214786878,6,207.0,0.38337187552078417,11,323.0
730.0,10,29.0,0.4084507042253521,7.636606582997868,3,60.0,0.46379787861765176,2,18.0,0.7378416542731066,5,192.0,0.3962656016406594,10,270.0
735.0,9,35.0,0.47297297297297297,6.854906118079237,0,57.0,0.465343001607379,1,10.0,0.7397083019118303,8,226.0,0.2212115093420011,9,293.0
740.0,15,43.0,0.6142857142857143,4.68813051896073,5,68.0,0.28265028241396983,2,6.0,0.34778161411249553,8,213.0,0.13834061320103544,15,287.0
745.0,8,18.0,0.2727272727272727,4.398079485423107,4,73.0,0.2710507063860438,1,15.0,0.31811782726159077,3,137.0,0.1962473887564777,8,225.0
750.0,5,10.0,0.14925373134328357,6.860108819194242,3,55.0,0.37164982166695504,2,11.0,0.6434759554568793,0,49.0,0.4015989511290907,5,115.0
755.0,2,9.0,0.13043478260869565,7.373729762259406,0,45.0,0.287681089191993,1,13.0,0.7528278253196753,1,41.0,0.48596738024605446,2,99.0
760.0,13,55.0,0.8088235294117647,6.6427659558414875,6,60.0,0.34244845487556963,1,15.0,0.7357942163808503,6,61.0,0.26302854009749005,13,136.0
765.0,25,155.0,2.3846153846153846,5.122934031851523,11,101.0,0.31985309958431496,2,25.0,0.6806906895060497,12,110.0,0.16689164682636407,25,236.0
770.0,30,205.0,3.203125,2.918749416261577,10,120.0,0.23226625264181094,2,12.0,0.2585020781876569,18,192.0,0.11641084567793486,30,324.0
775.0,35,302.0,4.3768115942028984,3.3684080476943827,8,100.0,0.21779784173801725,5,23.0,0.35068051591421273,22,292.0,0.12222332207752007,35,415.0
780.0,24,247.0,3.5285714285714285,4.200230797304095,6,92.0,0.2756816238467988,2,23.0,0.4138349344912909,16,328.0,0.16847718452740662,24,443.0
785.0,16,103.0,1.4109589041095891,5.204635811011585,5,104.0,0.24962570367759576,2,16.0,0.661365910160214,9,265.0,0.23707776236914677,16,385.0
790.0,12,48.0,0.64,5.194646989650377,10,139.0,0.20790979050404573,0,9.0,0.6643415479743268,2,288.0,0.24494275288421538,12,436.0
795.0,26,133.0,1.75,4.89179583769188,16,199.0,0.1531593208658276,2,8.0,0.5271799612089734,8,313.0,0.2194215256940501,26,520.0
800.0,30,196.0,2.684931506849315,3.2018188834021535,11,225.0,0.1494501847906004,5,28.0,0.22845373360243046,14,372.0,0.11490046848392235,30,625.0
805.0,23,139.0,1.904109589041096,3.8329302548192916,8,196.0,0.22010989492850416,1,31.0,0.39211429360687333,14,379.0,0.1446742258003847,23,606.0
810.0,19,94.0,1.2702702702702702,5.818256096514333,9,148.0,0.2475753270619899,2,17.0,0.6738441689874493,8,311.0,0.26744281304188944,19,476.0
815.0,15,63.0,0.8181818181818182,6.031849221699906,6,170.0,0.35540854369124714,3,20.0,0.6341188446407623,6,341.0,0.26377619518954465,15,531.0
820.0,14,65.0,0.8333333333333334,5.5515376766784525,4,175.0,0.36487096880507386,0,17.0,0.5266897822055246,10,386.0,0.18836397000950592,14,578.0
825.0,28,152.0,2.111111111111111,3.5630418688127983,6,176.0,0.20666290300741075,5,13.0,0.25209966083907936,17,458.0,0.13426571662819847,28,647.0
830.0,31,246.0,3.4166666666666665,3.3577635232860423,6,157.0,0.16507778009049695,3,23.0,0.3772611964757427,22,557.0,0.09798494891103945,31,737.0
835.0,33,269.0,3.684931506849315,4.176203521785728,6,124.0,0.35016869539904766,3,17.0,0.5181915900805618,24,580.0,0.1356146999077395,33,721.0
840.0,24,218.0,2.7948717948717947,5.42450546624682,5,106.0,0.4293968956383035,1,11.0,0.6776095796363244,18,503.0,0.14094273028951226,24,620.0
845.0,24,191.0,2.448717948717949,5.643825788380476,6,110.0,0.4599677100180144,2,14.0,0.663670213283794,16,563.0,0.14829153809342677,24,687.0
850.0,24,190.0,2.4358974358974357,4.565011269707696,7,123.0,0.3002006603300836,4,28.0,0.38521005387139184,13,632.0,0.10987886873298389,24,783.0
855.0,23,199.0,2.551282051282051,3.5060677299898657,8,153.0,0.28372070643214414,5,36.0,0.2237710584878903,10,585.0,0.14374116452152302,23,774.0
860.0,10,61.0,0.782051282051282,5.003479864991166,3,110.0,0.42855317628348827,1,32.0,0.3912254448856411,6,446.0,0.24353582647770025,10,588.0
865.0,12,27.0,0.34177215189873417,5.287520938964476,4,57.0,0.4488986906494818,2,39.0,0.33854519899137014,6,297.0,0.22563534719249365,12,393.0
870.0,9,45.0,0.569620253164557,5.444927938569148,4,29.0,0.43162781696716007,4,55.0,0.3507555679869091,1,310.0,0.20510280933522895,9,394.0
875.0,20,91.0,1.2638888888888888,3.7088868457379585,4,41.0,0.17326122744926575,9,90.0,0.19667731504491795,7,327.0,0.20064472218505092,20,458.0
880.0,23,143.0,1.9861111111111112,3.4644940659504404,2,34.0,0.2284059589791716,13,148.0,0.17280907838846785,8,308.0,0.17496154739366737,23,490.0
885.0,21,126.0,1.68,4.3941841538838675,2,22.0,0.39150738564782045,13,188.0,0.24076836983257577,6,233.0,0.18374491279496966,21,443.0
890.0,18,89.0,1.141025641025641,5.087416438923164,3,26.0,0.5035172528515038,9,158.0,0.2291657348536323,6,250.0,0.2324113220437772,18,434.0
895.0,22,108.0,1.4025974025974026,5.215033195600746,3,28.0,0.5884759946559326,8,153.0,0.2605454800556148,11,289.0,0.21252043267137777,22,470.0
900.0,15,56.0,0.7088607594936709,4.657604644490656,3,17.0,0.5748904349211381,2,158.0,0.3054131302637816,10,276.0,0.16857341942951323,15,451.0
905.0,17,65.0,0.8333333333333334,4.911603324991862,3,20.0,0.552206034567638,6,175.0,0.2874912726944646,8,204.0,0.16458099241368002,17,399.0
910.0,17,69.0,0.8625,4.651281708087193,5,38.0,0.4073947578238608,5,165.0,0.3232800938289762,7,238.0,0.15050442317344465,17,441.0
915.0,16,46.0,0.5609756097560976,4.655271436586417,3,23.0,0.46177702704584356,3,127.0,0.2786464702793453,10,285.0,0.15906578147850464,16,435.0
920.0,16,67.0,0.8072289156626506,4.62249077041481,5,27.0,0.4490902425032531,3,84.0,0.27388073495059784,8,270.0,0.13661816152801728,16,381.0
925.0,14,29.0,0.35365853658536583,4.644775957789136,4,29.0,0.468062688070128,3,88.0,0.3221673680624733,7,200.0,0.15501863882605074,14,317.0
930.0,8,29.0,0.35802469135802467,5.9601622343941525,3,17.0,0.5010463622690998,4,97.0,0.42180791825396863,1,132.0,0.19870974863077367,8,246.0
935.0,10,22.0,0.2682926829268293,6.247941401577627,1,5.0,0.48183750897248967,6,97.0,0.38729797885239337,3,71.0,0.24968888010142096,10,173.0
940.0,11,32.0,0.3902439024390244,6.614567556792791,6,19.0,0.3497955407585593,4,74.0,0.38172134335380625,1,35.0,0.42468784715867874,11,128.0
945.0,10,75.0,0.9615384615384616,7.563817720935422,6,48.0,0.5193993605268197,4,50.0,0.4218874289766774,0,16.0,0.5637713646066519,10,114.0
950.0,12,82.0,1.0789473684210527,6.5168679558389275,9,80.0,0.3354652497770807,2,40.0,0.38347135645824726,1,15.0,0.5199987637562002,12,135.0
955.0,23,172.0,2.2933333333333334,4.941600853157239,9,121.0,0.27008718547472516,7,49.0,0.20919033857857072,7,40.0,0.33126801016798324,23,210.0
960.0,23,110.0,1.4864864864864864,3.0782690354437747,7,117.0,0.26045894438792594,8,68.0,0.1226987054068421,8,69.0,0.12577426911183295,23,254.0
965.0,14,40.0,0.5405405405405406,5.280310255736346,3,75.0,0.4059458783761586,6,73.0,0.3661506181509974,5,68.0,0.2405827284712261,14,216.0
970.0,11,35.0,0.42168674698795183,7.749855188171232,4,29.0,0.48238303404971355,4,57.0,0.5421933453635129,3,53.0,0.4269056667762617,11,139.0
975.0,5,12.0,0.1411764705882353,8.11304218274984,1,24.0,0.5686543669765861,4,62.0,0.4412307497967067,0,27.0,0.5874094748893446,5,113.0
980.0,14,43.0,0.4942528735632184,6.6696525551764925,5,38.0,0.36901187237333155,7,65.0,0.2894986907008095,2,29.0,0.46291756160001185,14,132.0
985.0,23,118.0,1.4390243902439024,4.482392311151157,4,43.0,0.22952853263193615,12,108.0,0.13080972036684158,7,53.0,0.22269234332993437,23,204.0
990.0,23,106.0,1.4133333333333333,4.179102944706379,5,37.0,0.2578757757535947,12,144.0,0.19707195877983957,6,68.0,0.1709603490842658,23,249.0
995.0,13,43.0,0.5512820512820513,5.361757732883857,3,37.0,0.3607067128290461,5,115.0,0.3448254082767217,5,56.0,0.2573465903037243,13,208.0
1000.0,13,52.0,0.6046511627906976,6.2651548795960785,7,58.0,0.3876216639746148,4,120.0,0.3374500282546819,2,50.0,0.42047138739574685,13,228.0
1005.0,21,112.0,1.302325581395349,5.713943259566058,9,98.0,0.2662582292345957,8,147.0,0.2896094408355555,4,49.0,0.3234241714739795,21,294.0
1010.0,42,276.0,3.325301204819277,3.599462271839147,16,166.0,0.11687212141534109,17,211.0,0.09025125054589768,9,72.0,0.18000131730956753,42,449.0
1015.0,38,254.0,3.2564102564102564,2.954932151303271,14,204.0,0.16661379449017752,14,243.0,0.07857516775174157,10,99.0,0.233214146176523,38,546.0
1020.0,16,95.0,1.1875,5.30716771881556,7,179.0,0.29594715582207065,4,197.0,0.36049765304913467,5,84.0,0.3798434704790459,16,460.0
1025.0,8,25.0,0.28735632183908044,6.227469069793057,5,161.0,0.3160867285113498,1,164.0,0.49194939691391737,2,41.0,0.41371844476746905,8,366.0
1030.0,13,44.0,0.4731182795698925,5.761759356293656,6,181.0,0.27928942133845786,6,184.0,0.3439522420323845,1,37.0,0.3942215673633535,13,402.0
1035.0,27,112.0,1.2043010752688172,4.158853693552144,11,228.0,0.16899020421465424,8,170.0,0.13598924582867514,8,58.0,0.19715759713070213,27,456.0
1040.0,31,153.0,1.7586206896551724,3.363929799114193,12,238.0,0.18776083163217216,6,108.0,0.15038235179366255,13,108.0,0.2868396462812605,31,454.0
1045.0,25,124.0,1.3478260869565217,4.497663729875091,9,171.0,0.25040772017574453,5,72.0,0.4328877342159043,11,137.0,0.27180102949886675,25,380.0
1050.0,20,123.0,1.2947368421052632,5.920931558233843,6,133.0,0.35319875306790743,3,56.0,0.5783777807310387,11,132.0,0.2927433157285651,20,321.0
1055.0,15,64.0,0.64,5.631564685023574,4,123.0,0.29390033901826496,1,33.0,0.5658152281802814,10,118.0,0.2518857131684939,15,274.0
1060.0,25,121.0,1.174757281553398,5.741459679012369,11,156.0,0.2236313764978712,5,28.0,0.5119142944583157,9,134.0,0.2630937149928318,25,318.0
1065.0,21,90.0,0.9,5.042894417465565,9,161.0,0.16946396982773992,10,63.0,0.23981620651313756,2,119.0,0.3565578802933229,21,343.0
1070.0,22,85.0,0.8673469387755102,4.369460224418944,6,130.0,0.1809466812631951,9,87.0,0.22472664647648308,7,98.0,0.26867568832247785,22,315.0
1075.0,12,33.0,0.35106382978723405,5.146029655482342,2,122.0,0.2852188797453377,4,71.0,0.42752322624227823,6,104.0,0.2785982066744271,12,297.0
1080.0,16,46.0,0.4946236559139785,4.923385367810031,8,140.0,0.2104286800270183,3,71.0,0.3922891781357339,5,90.0,0.28731360769630615,16,301.0
1085.0,27,141.0,1.5,4.1009392294590885,15,197.0,0.10688597881974192,8,97.0,0.21358872924734196,4,72.0,0.3111644923393018,27,366.0
1090.0,29,165.0,1.853932584269663,3.7532590986815926,18,230.0,0.07402875447978731,7,109.0,0.23259576626980943,4,57.0,0.3451510554167786,29,396.0
1095.0,21,130.0,1.3829787234042554,5.433539534538364,10,205.0,0.2093550347232297,3,80.0,0.4103563803211481,8,73.0,0.39944884491193117,21,358.0
1100.0,14,43.0,0.43,5.650774677200895,7,232.0,0.20524300969684975,2,43.0,0.43819596203277505,5,49.0,0.4622716232543232,14,324.0
1105.0,16,56.0,0.5490196078431373,5.184187875503394,11,279.0,0.1403835214136894,1,32.0,0.3436062725886702,4,29.0,0.4913818086729366,16,340.0
1110.0,32,166.0,1.66,4.366908546030427,17,358.0,0.09426727476664512,7,56.0,0.26520657286568966,8,44.0,0.29979489662410536,32,458.0
1115.0,40,256.0,2.782608695652174,2.7872799688767027,15,385.0,0.07308612866241575,11,104.0,0.22944661853018483,14,96.0,0.16365115979928427,40,585.0
1120.0,36,202.0,2.126315789473684,3.3791659618833623,13,347.0,0.11731210958778732,9,120.0,0.21301327773265455,14,140.0,0.1996923816664397,36,607.0
1125.0,28,121.0,1.2604166666666667,4.316601677820202,10,394.0,0.19448760556333802,8,99.0,0.37125124771916584,10,128.0,0.2895666024902932,28,621.0
1130.0,23,99.0,0.9801980198019802,4.5178173881700765,13,450.0,0.1373466641918458,5,114.0,0.3342652686917185,5,142.0,0.33651162049704086,23,706.0
1135.0,34,175.0,1.7326732673267327,3.9670591977965266,19,534.0,0.09013682336529927,7,140.0,0.19344591873963998,8,176.0,0.19784723397031592,34,850.0
1140.0,35,238.0,2.7045454545454546,2.1699160083848352,23,643.0,0.07425987892188401,7,137.0,0.10058154768154315,5,175.0,0.12139653145648989,35,955.0
1145.0,35,340.0,3.953488372093023,3.0302667202016424,29,773.0,0.10997835087489582,4,115.0,0.2327447158569812,2,131.0,0.3030292358503802,35,1019.0
1150.0,39,504.0,5.6,2.7446980883372234,31,922.0,0.08454122860612953,3,84.0,0.1834593669864844,5,144.0,0.2996129493793172,39,1150.0
1155.0,51,697.0,7.414893617021277,2.09241040814385,41,1104.0,0.05088908632268614,0,66.0,0.31141530147023927,10,180.0,0.17602356947067718,51,1350.0
1160.0,64,978.0,10.082474226804123,1.6913294148564149,46,1321.0,0.049349702858556485,4,75.0,0.15633430561039946,14,238.0,0.11936756763782826,64,1634.0
1165.0,58,954.0,9.835051546391753,1.517409429987086,42,1424.0,0.044282495728485055,3,71.0,0.12093621534183877,13,253.0,0.12863280236719027,58,1748.0
1170.0,49,756.0,7.339805825242719,2.917882896792853,36,1384.0,0.07863467683649669,4,91.0,0.355785959156542,9,210.0,0.21142511891343232,49,1685.0
1175.0,47,652.0,6.093457943925234,3.5671668680070527,30,1224.0,0.10925472314700704,7,113.0,0.4015446813172502,10,250.0,0.1510312656453211,47,1587.0
1180.0,41,478.0,4.306306306306307,3.778001157378209,20,1320.0,0.15444318769070495,8,146.0,0.38615519784715047,13,307.0,0.0744353116609305,41,1773.0
1185.0,42,390.0,3.5454545454545454,3.6919086510556616,17,1395.0,0.18669440528387599,14,203.0,0.21038408502048214,11,315.0,0.08036308458846528,42,1913.0
1190.0,28,219.0,2.1470588235294117,3.5561966404979812,10,1348.0,0.19624830298678708,14,231.0,0.18752421536851252,4,218.0,0.1299538082702538,28,1797.0
1195.0,21,132.0,1.306930693069307,4.244388025981305,9,1178.0,0.1994642473659186,10,212.0,0.2899117955166541,2,172.0,0.28847348246039584,21,1562.0
1200.0,19,116.0,1.1047619047619048,5.078154821451934,9,928.0,0.2219153650584037,9,198.0,0.35971795693428815,1,166.0,0.3048664297161494,19,1292.0
1205.0,11,30.0,0.2777777777777778,4.842374430101888,3,934.0,0.20834898922446332,3,179.0,0.3790510760875371,5,181.0,0.3392230512436307,11,1294.0
1210.0,19,84.0,0.7706422018348624,4.319774618186261,7,941.0,0.19300788737863486,4,173.0,0.23706607182910544,8,214.0,0.23704850265825453,19,1328.0
1215.0,35,181.0,1.691588785046729,3.456966444592139,15,1000.0,0.15683948481751936,9,207.0,0.14923902948314124,11,225.0,0.16398430296137131,35,1432.0
1220.0,48,335.0,3.160377358490566,3.051968976663632,21,1090.0,0.1351495473566306,15,276.0,0.1781149278466943,12,220.0,0.18372747760424135,48,1586.0
1225.0,52,442.0,3.981981981981982,2.6487936230029288,27,1211.0,0.08552346226968478,12,296.0,0.18544006531689303,13,261.0,0.13506925862945246,52,1768.0
1230.0,54,557.0,4.885964912280702,3.0100914191750188,32,1366.0,0.09304946690893584,9,249.0,0.18880184240236375,13,311.0,0.1885534033542678,54,1926.0
1235.0,64,775.0,6.739130434782608,2.7172311111562855,40,1549.0,0.06478802222657283,7,273.0,0.21623111660062658,17,380.0,0.2011039560494223,64,2202.0
1240.0,67,948.0,8.243478260869566,2.4598710987772163,46,1763.0,0.0561306924837138,10,304.0,0.18048592172447442,11,393.0,0.16994906494562653,67,2460.0
1245.0,64,1160.0,10.175438596491228,2.7154384664301063,47,1995.0,0.053871103013585976,6,286.0,0.2242728421697225,11,353.0,0.1474212271435276,64,2634.0
1250.0,63,1387.0,12.274336283185841,2.8423416428630763,47,2232.0,0.048597329789035124,6,218.0,0.24481294814441415,10,305.0,0.16356092346482498,63,2755.0
1255.0,59,1594.0,14.623853211009175,2.6958014375577615,50,2475.0,0.03561114616334965,2,155.0,0.22592535916115955,7,330.0,0.2176540077349505,59,2960.0
1260.0,57,1523.0,13.972477064220184,2.790794616229953,45,2518.0,0.03320328532592263,2,162.0,0.20782728013822868,10,360.0,0.18307257762826404,57,3040.0
1265.0,49,1280.0,12.427184466019417,2.762691934835586,37,2351.0,0.07220249100264924,6,182.0,0.28853537152151415,6,360.0,0.14841661415777005,49,2893.0
1270.0,41,1021.0,9.723809523809523,3.9478939819345236,30,1992.0,0.11907047093333949,9,219.0,0.33658622426519436,2,310.0,0.27381727852061666,41,2521.0
1275.0,35,743.0,6.754545454545455,4.093131349882392,19,2084.0,0.1970847196873239,13,270.0,0.25561890856392216,3,290.0,0.26848524523976514,35,2644.0
1280.0,37,554.0,4.946428571428571,3.797959975921223,16,2157.0,0.1930037887331887,16,341.0,0.13064587493846083,5,309.0,0.22505659737820297,37,2807.0
1285.0,37,381.0,3.4324324324324325,3.212807096947414,11,2038.0,0.17517119296356315,20,427.0,0.09253824646362267,6,334.0,0.20641007205819675,37,2799.0
1290.0,41,447.0,4.0636363636363635,3.442451753804268,10,1646.0,0.16767869511039005,24,541.0,0.15170638330174105,7,327.0,0.2015312504173586,41,2514.0
1295.0,38,538.0,4.803571428571429,3.4685590190478783,4,1500.0,0.20215859108147563,26,663.0,0.1733348525936559,8,280.0,0.21179544150261936,38,2443.0
1300.0,35,513.0,4.3474576271186445,3.6482747241316598,7,1505.0,0.17148121349962592,20,697.0,0.13862151279731932,8,314.0,0.18069825228676473,35,2516.0
1305.0,35,418.0,3.6666666666666665,3.2484549786815835,7,1373.0,0.2076088352405201,18,647.0,0.16488935027453175,10,350.0,0.17959997103591696,35,2370.0
1310.0,29,333.0,2.8461538461538463,3.736800953065869,6,1111.0,0.17808635918279883,14,655.0,0.20444086593692262,9,380.0,0.2364609996989134,29,2146.0
1315.0,30,360.0,3.076923076923077,4.479141831973465,4,841.0,0.23434440568536322,14,718.0,0.26364397109663434,12,437.0,0.21620929036125844,30,1996.0
1320.0,27,257.0,2.274336283185841,4.036300946642932,2,727.0,0.23220758954834078,7,697.0,0.29039079968068554,18,514.0,0.10506962247942395,27,1938.0
1325.0,33,278.0,2.396551724137931,3.9480046457719324,7,722.0,0.22163029528048342,5,599.0,0.26386044235117434,21,555.0,0.1628973202532131,33,1876.0
1330.0,38,320.0,2.807017543859649,4.046971975579792,13,773.0,0.19807050946529214,5,485.0,0.2829005978693577,20,544.0,0.2191957972697424,38,1802.0
1335.0,34,292.0,2.630630630630631,3.2702173246643786,13,718.0,0.1764426285477195,2,481.0,0.2056437439457735,19,538.0,0.2204373108528864,34,1737.0
1340.0,34,209.0,1.817391304347826,3.4892989477800014,11,538.0,0.15621792550443248,7,486.0,0.2878756612623449,16,601.0,0.18745251521448916,34,1625.0
1345.0,29,155.0,1.3247863247863247,4.073858044134533,11,300.0,0.16355127642765127,4,453.0,0.3225261613944181,14,620.0,0.1471601837220107,29,1373.0
1350.0,27,134.0,1.1452991452991452,4.729438627402525,5,308.0,0.26798534781052785,6,385.0,0.3325503494244579,16,645.0,0.1793972072529429,27,1338.0
1355.0,28,114.0,0.9661016949152542,3.977336714550401,7,329.0,0.21622150058496278,5,396.0,0.21255945374013155,16,652.0,0.1743584908142379,28,1377.0
1360.0,29,118.0,1.0442477876106195,3.718295597322446,7,291.0,0.20157874376541757,9,414.0,0.1801557212755705,13,582.0,0.1888648274591367,29,1287.0
1365.0,32,189.0,1.6725663716814159,3.892023545085593,7,169.0,0.19710884855181343,12,466.0,0.1870089591995692,13,461.0,0.18265668628010928,32,1096.0
1370.0,19,95.0,0.8333333333333334,3.9900415458904757,2,111.0,0.2681507048473538,9,458.0,0.20222589222402904,8,475.0,0.16650146801754662,19,1044.0
1375.0,22,79.0,0.6694915254237288,4.751863535780612,6,119.0,0.26334678614440116,7,356.0,0.2614792693440194,9,470.0,0.27295414202164003,22,945.0
1380.0,22,79.0,0.6869565217391305,4.6804704220424975,9,131.0,0.2448068355166439,7,236.0,0.30392307273412134,6,453.0,0.3028200558570613,22,820.0
1385.0,27,98.0,0.875,4.453235795963855,9,128.0,0.2557017370981177,8,188.0,0.2949422217531398,10,434.0,0.30921423565140044,27,750.0
1390.0,33,201.0,1.6890756302521008,4.89039229433872,11,120.0,0.25493348394345716,11,136.0,0.3544856756392551,11,480.0,0.25721512086873854,33,736.0
1395.0,21,95.0,0.7786885245901639,4.4552151286266755,7,134.0,0.2253545207319542,5,148.0,0.3485860535418507,9,495.0,0.20928514786289512,21,777.0
1400.0,29,147.0,1.1951219512195121,4.619763753411873,11,135.0,0.19086356794948603,5,133.0,0.36977486899976914,13,489.0,0.10759264676798483,29,757.0
1405.0,33,150.0,1.2820512820512822,3.2799864265583416,10,161.0,0.13453475064467613,9,137.0,0.15456209621528916,14,493.0,0.09765450232795529,33,791.0
1410.0,31,148.0,1.3454545454545455,3.891912143886142,11,169.0,0.20766105402002533,9,146.0,0.27090743874870454,11,439.0,0.18976282398787928,31,754.0
1415.0,26,161.0,1.3879310344827587,4.629983638737515,6,170.0,0.2499800550051794,7,143.0,0.3526038533809125,13,358.0,0.2504605876151844,26,671.0
1420.0,23,132.0,1.1092436974789917,4.745232595368823,9,146.0,0.1875173068463002,1,127.0,0.33076903248517575,13,303.0,0.3057384069244448,23,576.0
1425.0,23,98.0,0.7967479674796748,4.28614691894855,7,150.0,0.20483763761086485,6,99.0,0.23342412183910644,10,322.0,0.25764598745556927,23,571.0
1430.0,29,113.0,0.9741379310344828,4.171483558724763,11,132.0,0.12699215189047997,10,130.0,0.2528523223683454,8,328.0,0.26438598628534526,29,590.0
1435.0,30,149.0,1.2956521739130435,4.404663421341893,10,123.0,0.17297557521629836,9,140.0,0.2606933832665158,11,356.0,0.21085417032645168,30,619.0
1440.0,35,258.0,2.263157894736842,4.730564752615135,11,154.0,0.26690842064132536,8,119.0,0.31515561906091666,16,426.0,0.21094743992064963,35,699.0
1445.0,40,398.0,3.4017094017094016,4.557056916837978,13,202.0,0.2745862160422553,8,126.0,0.3409912006058063,19,508.0,0.16372870926491093,40,836.0
1450.0,39,432.0,3.6923076923076925,4.798481496235687,15,267.0,0.2893703224164761,8,146.0,0.32032227793542445,16,515.0,0.1742663504042272,39,928.0
1455.0,35,290.0,2.457627118644068,4.619727321080094,11,272.0,0.31744000313239645,8,147.0,0.27554274024640507,16,378.0,0.1662416697649075,35,797.0
1460.0,28,183.0,1.5913043478260869,4.313786174288626,9,196.0,0.31082621916956893,6,126.0,0.19561001876718845,13,439.0,0.20867064126799525,28,761.0
1465.0,35,202.0,1.7876106194690264,5.10829347965286,12,167.0,0.34929776726568307,6,103.0,0.16599946458434117,17,512.0,0.2585558993260489,35,782.0
1470.0,33,253.0,2.3211009174311927,4.556099489495082,14,187.0,0.24655115006605385,3,96.0,0.27429783654292933,16,591.0,0.2050629872841745,33,874.0
1475.0,37,295.0,2.7570093457943927,3.940889552898914,18,238.0,0.18848825347163264,8,97.0,0.33183024679472484,11,579.0,0.12280642443345516,37,914.0
1480.0,39,357.0,3.336448598130841,3.773261279954392,22,311.0,0.1355983846901879,8,112.0,0.26257826594836603,9,485.0,0.16216154364487156,39,908.0
1485.0,42,471.0,4.281818181818182,3.2504118829685194,25,428.0,0.1699504256358624,8,104.0,0.18223701151351315,9,518.0,0.20238835601991037,42,1050.0
1490.0,50,606.0,5.224137931034483,3.4067467518221686,29,552.0,0.18663545066601048,9,126.0,0.1821913034411362,12,560.0,0.1996677430926647,50,1238.0
1495.0,50,613.0,5.239316239316239,3.014568821842297,23,601.0,0.12635925822456928,11,155.0,0.1435614754405545,16,630.0,0.0920355600996121,50,1386.0
1500.0,58,590.0,5.0,3.1634424824780125,21,573.0,0.15740405646272912,16,222.0,0.20324595061858078,21,727.0,0.07728722845839792,58,1522.0
1505.0,59,628.0,5.277310924369748,3.0193148713883877,20,476.0,0.13551169030789859,14,251.0,0.23635730771697325,25,846.0,0.09896264858115358,59,1573.0
1510.0,46,452.0,3.7666666666666666,3.1262418066110955,15,537.0,0.21480845879453245,9,216.0,0.23423750354296166,22,869.0,0.11567727197066953,46,1622.0
1515.0,36,305.0,2.4206349206349205,4.448614400036572,12,564.0,0.26863136492374384,5,162.0,0.34416534120602543,19,762.0,0.19366668175266016,36,1488.0
1520.0,36,302.0,2.4754098360655736,4.611718422808514,14,609.0,0.24722619642587146,7,124.0,0.4281689458288178,15,834.0,0.19439842982703145,36,1567.0
1525.0,48,423.0,3.5847457627118646,4.180982679063724,20,687.0,0.21349115497814225,10,126.0,0.38274051166489653,18,915.0,0.16693283792311317,48,1728.0
1530.0,53,586.0,4.966101694915254,3.730009550016962,25,798.0,0.14535538444604423,10,163.0,0.31957511919648046,18,1004.0,0.15957472939713796,53,1965.0
1535.0,54,580.0,5.087719298245614,2.30882686608389,31,940.0,0.07440021141783333,7,152.0,0.21156538829493152,16,983.0,0.13766914551615078,54,2075.0
1540.0,56,667.0,5.700854700854701,2.8079439825826533,37,1110.0,0.02224852263517082,5,93.0,0.32504188066887235,14,789.0,0.1198810768679596,56,1992.0
1545.0,56,834.0,7.008403361344538,2.7376947925586275,41,1309.0,0.010301722843609699,4,64.0,0.3636624168948403,11,841.0,0.14762782258543425,56,2214.0
1550.0,66,1074.0,9.258620689655173,2.896287679794333,46,1526.0,0.04022364248062532,7,66.0,0.3907483464537565,13,901.0,0.12966921624457065,66,2493.0
1555.0,63,1070.0,9.469026548672566,2.1058702283477344,41,1597.0,0.07408231167071697,10,99.0,0.23514102504913303,12,859.0,0.1164645704716317,63,2555.0
1560.0,55,924.0,8.034782608695652,2.687838222947009,34,1498.0,0.09755890710849505,13,156.0,0.2621841535442882,8,695.0,0.16338368193068045,55,2349.0
1565.0,43,687.0,5.871794871794871,3.596413350264278,29,1303.0,0.1400351439007902,8,153.0,0.31164221705896783,6,714.0,0.19004643218520229,43,2170.0
1570.0,40,479.0,3.832,4.595843419049462,24,1221.0,0.1762806262623162,4,97.0,0.45619462551895623,12,752.0,0.18573333845755063,40,2070.0
1575.0,24,267.0,2.26271186440678,4.493524570371213,11,1183.0,0.2318560463701725,3,75.0,0.413678669989038,10,716.0,0.15861192782057615,24,1974.0
1580.0,23,123.0,1.0695652173913044,4.334574386171439,9,1187.0,0.2595638698943412,5,85.0,0.32975861966217623,9,597.0,0.12462473163082294,23,1869.0
1585.0,24,99.0,0.8918918918918919,4.735183557981029,8,1123.0,0.23601858707330994,8,103.0,0.31244789212144014,8,476.0,0.2539252215557212,24,1702.0
1590.0,24,175.0,1.4957264957264957,5.00413466077906,7,954.0,0.18477473595437474,11,154.0,0.3793854483671548,6,337.0,0.33169025863365287,24,1445.0
1595.0,25,134.0,1.072,4.959949809726852,10,718.0,0.24523807946801196,10,162.0,0.3497189641472826,5,325.0,0.30894378973346487,25,1205.0
1600.0,26,106.0,0.8412698412698413,4.947392492512123,8,712.0,0.2314214424878589,9,142.0,0.3660964891635769,9,309.0,0.2424732178711213,26,1163.0
1605.0,31,174.0,1.4146341463414633,4.8777257519842525,8,719.0,0.22697002534384098,8,125.0,0.2857758700861567,15,360.0,0.20314514639060807,31,1204.0
1610.0,46,324.0,2.769230769230769,3.9036896804861856,10,665.0,0.17862024981509328,13,146.0,0.2658416267092998,23,450.0,0.15731580159224545,46,1261.0
1615.0,54,521.0,4.610619469026549,3.1696913931167794,13,529.0,0.15348919436698236,16,191.0,0.23434319245591448,25,564.0,0.09685009850803912,54,1284.0
1620.0,45,445.0,3.8034188034188032,3.2879063124315997,9,458.0,0.1717048594571655,13,219.0,0.22528397383709184,23,588.0,0.1253269592676116,45,1265.0
1625.0,38,248.0,1.984,4.126808373063356,9,443.0,0.26702571554782195,7,166.0,0.2379179502709277,22,519.0,0.19957514809236815,38,1128.0
1630.0,33,217.0,1.7086614173228347,4.238231454046599,9,396.0,0.2422053923381743,9,131.0,0.3193607925579036,15,593.0,0.21228146888731791,33,1120.0
1635.0,36,205.0,1.6015625,3.9794645429326363,12,311.0,0.17058781443191098,6,115.0,0.36317833380658626,18,673.0,0.17610866675655423,36,1099.0
1640.0,26,146.0,1.1317829457364341,3.5835222286233765,8,330.0,0.18586302063983712,4,101.0,0.2553651354812262,14,668.0,0.12473145111404052,26,1099.0
1645.0,33,151.0,1.188976377952756,3.838075114479748,10,322.0,0.16742768107490313,10,125.0,0.3194808166747443,13,547.0,0.10157540369274635,33,994.0
1650.0,34,179.0,1.4206349206349207,3.6685586540476316,13,299.0,0.12344691362861324,13,172.0,0.30749341281876846,8,577.0,0.1534617460212146,34,1048.0
1655.0,37,186.0,1.537190082644628,3.359890190495758,14,178.0,0.12556131745057797,12,190.0,0.20437613515625327,11,602.0,0.1608057527550099,37,970.0
1660.0,38,256.0,2.115702479338843,4.013424923485009,12,188.0,0.20358456832852476,9,160.0,0.2841934990404982,17,671.0,0.14002675039632181,38,1019.0
1665.0,35,276.0,2.358974358974359,3.1151990948493875,9,200.0,0.1884000900511728,2,141.0,0.23056425699284933,24,774.0,0.10779144420666495,35,1115.0
1670.0,43,375.0,3.125,3.3620273863052477,8,180.0,0.221271676466346,6,142.0,0.22330723292912252,29,903.0,0.0751885635334867,43,1225.0
1675.0,52,476.0,3.966666666666667,3.187701308945203,14,181.0,0.17542908620391998,10,167.0,0.11678480807743614,28,928.0,0.10257550496726404,52,1276.0
1680.0,47,376.0,3.213675213675214,3.0611212736821467,16,213.0,0.13159082904867062,7,172.0,0.25114288438833415,24,793.0,0.14540981212171034,47,1178.0
1685.0,39,259.0,2.213675213675214,3.8635654698446,18,205.0,0.1886805646467647,6,104.0,0.41676671996968556,15,823.0,0.213930226625111,39,1132.0
1690.0,30,168.0,1.344,4.113209023062189,11,245.0,0.1798892381504552,3,123.0,0.4027904645598183,16,887.0,0.20108402122524444,30,1255.0
1695.0,28,143.0,1.1171875,4.217171088525182,12,275.0,0.16193491580498176,4,139.0,0.29179472914806975,12,865.0,0.14033161876291564,28,1279.0
1700.0,35,185.0,1.5546218487394958,3.6599524976491336,18,335.0,0.15020731809508026,10,178.0,0.2134070024944187,7,705.0,0.16440019010851256,35,1218.0
1705.0,40,319.0,2.7982456140350878,3.2854678215676536,22,434.0,0.1241211302376993,15,245.0,0.21228960451552412,3,714.0,0.18426826675950422,40,1393.0
1710.0,52,534.0,4.52542372881356,3.4806427698958493,26,554.0,0.06344566804203337,18,327.0,0.17657177547643715,8,725.0,0.18939252248731253,52,1606.0
1715.0,59,698.0,5.965811965811966,2.7860465027462498,28,694.0,0.06638497055945101,15,343.0,0.07870785086813448,16,778.0,0.11540714039198995,59,1815.0
1720.0,64,897.0,8.08108108108108,2.667433619982649,33,851.0,0.14560676101411846,9,287.0,0.16927289305689605,22,875.0,0.13564284446217756,64,2013.0
1725.0,67,1136.0,10.234234234234235,2.956097560483841,36,1027.0,0.13807724765853752,5,207.0,0.3295605914470342,26,998.0,0.16039110832000392,67,2232.0
1730.0,73,1412.0,11.669421487603305,2.507258172383096,39,1214.0,0.08096662610283893,2,208.0,0.3291027161061316,32,1139.0,0.12250826393505432,73,2561.0
1735.0,76,1531.0,12.15079365079365,2.71446444563515,36,1287.0,0.08115056930535769,5,222.0,0.31541677842267996,35,1304.0,0.0703725867139597,76,2813.0
1740.0,74,1308.0,10.721311475409836,2.673657851968764,29,1220.0,0.09481784044560991,9,260.0,0.3087299780927615,36,1350.0,0.06391116573337323,74,2830.0
1745.0,64,1050.0,8.677685950413224,3.007821067362003,21,1229.0,0.13590840850821115,12,312.0,0.27423771899079474,31,1256.0,0.1066480213504885,64,2797.0
1750.0,49,768.0,6.347107438016529,3.8019971593526485,17,1322.0,0.14754175662755986,8,299.0,0.3103421646512277,24,1033.0,0.1350105896385924,49,2654.0
1755.0,39,472.0,4.034188034188034,4.1620875584759185,18,1412.0,0.17352898099710934,8,233.0,0.34856510553367975,13,1065.0,0.21702356292558572,39,2710.0
1760.0,36,341.0,3.044642857142857,3.5763663506538443,20,1508.0,0.08744273014009862,3,216.0,0.28066956502978985,13,1085.0,0.21285464622547165,36,2809.0
1765.0,48,394.0,3.614678899082569,3.2754479587812395,26,1624.0,0.08487372584371156,8,233.0,0.11339908323770614,14,1142.0,0.18134411240070133,48,2999.0
1770.0,58,595.0,5.666666666666667,2.402064159831985,33,1773.0,0.08431551517224338,5,213.0,0.17553599762636407,20,1226.0,0.11402975585687002,58,3212.0
1775.0,58,684.0,6.218181818181818,2.6199065881494503,29,1774.0,0.1140734714772374,2,134.0,0.3332265377521545,27,1342.0,0.12634543843308604,58,3250.0
1780.0,64,753.0,6.783783783783784,2.5696120831973652,28,1607.0,0.1315868763939988,4,56.0,0.4594531287420917,32,1485.0,0.0789387586503147,64,3148.0
1785.0,64,817.0,6.982905982905983,2.4257912188048376,24,1652.0,0.1036437879729446,4,43.0,0.4162521797301533,36,1652.0,0.09876317787511699,64,3347.0
1790.0,64,810.0,6.694214876033058,2.446640683018664,21,1753.0,0.11702693866553186,7,53.0,0.2932623498847642,36,1668.0,0.07516455284508265,64,3474.0
1795.0,63,738.0,6.099173553719008,2.714728061576321,21,1851.0,0.10660804306806998,11,101.0,0.1792812116686922,31,1426.0,0.1311745090829712,63,3378.0
1800.0,57,633.0,5.275,3.0041052668866928,17,1787.0,0.11502616016339873,13,165.0,0.286696522193494,27,1225.0,0.143117354826333,57,3177.0
1805.0,48,458.0,3.7851239669421486,3.7368419344863995,17,1554.0,0.102971960213795,7,171.0,0.43071068360671566,24,1033.0,0.18616114545679202,48,2758.0
1810.0,35,305.0,2.4015748031496065,5.228896998799653,16,1257.0,0.17632566575117833,4,110.0,0.48338666922200524,15,888.0,0.2638797567889825,35,2255.0
1815.0,23,102.0,0.8095238095238095,4.924434733032509,10,1296.0,0.1820030165569264,7,123.0,0.3933068341895681,6,806.0,0.2973414136509636,23,2225.0
1820.0,27,102.0,0.8225806451612904,5.237029999852765,11,1310.0,0.24370691033491335,9,148.0,0.2693998642313733,7,770.0,0.3379171432550711,27,2228.0
1825.0,34,160.0,1.3445378151260505,3.819008431613432,11,1233.0,0.18317866704174857,14,204.0,0.22410470963051068,9,710.0,0.25256940655127935,34,2147.0
1830.0,29,144.0,1.263157894736842,3.8052875750822976,8,1011.0,0.20465308146435687,12,210.0,0.28612210937583094,9,558.0,0.21215330797547716,29,1779.0
1835.0,25,148.0,1.2032520325203253,4.929181342738004,10,723.0,0.21183013437809253,7,147.0,0.3808359661280607,8,399.0,0.22445053978866275,25,1269.0
1840.0,23,159.0,1.2421875,4.995729926827694,10,588.0,0.24977393753119878,8,166.0,0.27508101514510536,5,384.0,0.3105230573378882,23,1138.0
1845.0,34,227.0,1.7328244274809161,4.957407522937179,14,412.0,0.29777174474726126,11,189.0,0.2510104852416715,9,356.0,0.24875858901790915,34,957.0
1850.0,31,157.0,1.1984732824427482,4.254522942342872,11,421.0,0.28528503908203384,10,177.0,0.23415551441707175,10,320.0,0.1948374152909573,31,918.0
1855.0,33,103.0,0.7923076923076923,4.069373979932624,12,391.0,0.22721485582375434,10,150.0,0.2340757152904156,11,240.0,0.14205760417240698,33,781.0
1860.0,29,138.0,1.0952380952380953,4.209286136581951,8,325.0,0.1958528974501209,14,151.0,0.24527271664228364,7,221.0,0.22502729777352673,29,697.0
1865.0,41,242.0,1.967479674796748,3.8077319317437857,12,255.0,0.1400550748732183,20,220.0,0.19687819092029343,9,214.0,0.22612647102697617,41,689.0
1870.0,47,279.0,2.364406779661017,3.3432906811619736,15,210.0,0.17257552353832822,21,276.0,0.12975856431724636,11,202.0,0.16525673509122665,47,688.0
1875.0,38,207.0,1.7394957983193278,3.514616251904494,12,226.0,0.20238148150291677,15,278.0,0.17225067598467464,11,165.0,0.21465512369917641,38,669.0
1880.0,30,149.0,1.192,4.144287424962507,10,203.0,0.2564160727370296,11,329.0,0.20966842783060471,9,139.0,0.23780282069778103,30,671.0
1885.0,28,115.0,0.905511811023622,3.8160027909795584,9,226.0,0.21455593206193868,12,360.0,0.16439572510443703,7,126.0,0.300185419093646,28,712.0
1890.0,29,118.0,0.9147286821705426,3.9166666070141942,12,226.0,0.13991405295797868,12,368.0,0.17644856027175654,5,117.0,0.3180827908779912,29,711.0
1895.0,34,116.0,0.8787878787878788,3.6881339374988293,14,241.0,0.2002892606566352,12,334.0,0.1619953135983759,8,116.0,0.2806985917544435,34,691.0
1900.0,30,109.0,0.8320610687022901,3.4404520104830243,9,210.0,0.22170683955378617,14,379.0,0.16129537473054212,7,119.0,0.23431956680919525,30,708.0
1905.0,27,99.0,0.7388059701492538,3.265161498547781,7,222.0,0.16250376664623034,14,414.0,0.1342348512395758,6,108.0,0.2122529705952682,27,744.0
1910.0,31,121.0,0.9029850746268657,3.0511207790083366,12,224.0,0.13538767963723597,12,416.0,0.13851985513870732,7,96.0,0.16310254689152345,31,736.0
1915.0,44,231.0,1.736842105263158,2.937853480063625,18,278.0,0.17515468892858035,13,366.0,0.11555734812961162,13,120.0,0.15672519728422227,44,764.0
1920.0,46,296.0,2.1449275362318843,2.7773714638504217,22,370.0,0.15340197708041048,13,405.0,0.11616917371391206,11,145.0,0.1687965137143387,46,920.0
1925.0,40,266.0,1.8732394366197183,3.0854148782440642,19,406.0,0.1443233045401903,11,418.0,0.15574466139899923,10,133.0,0.1667900236987566,40,957.0
1930.0,36,248.0,1.7841726618705036,3.5958473751251683,13,364.0,0.12312607158444873,17,459.0,0.15214569132410963,6,102.0,0.2540409987819046,36,925.0
1935.0,40,288.0,2.0869565217391304,3.7263135460434107,12,316.0,0.1679959419510625,23,531.0,0.11596699042900874,5,118.0,0.1938263291778582,40,965.0
1940.0,45,304.0,2.3384615384615386,3.1858325751269043,11,316.0,0.16076667636238023,25,568.0,0.094443188203738,9,134.0,0.20794141175358027,45,1018.0
1945.0,50,312.0,2.4375,2.8381753394707636,15,322.0,0.15155668029153407,23,526.0,0.09087641272849273,12,187.0,0.22101655837553305,50,1035.0
1950.0,52,324.0,2.4732824427480917,3.363863485309302,17,379.0,0.20236127509354176,24,464.0,0.1254001177212733,11,206.0,0.25544108538511295,52,1049.0
1955.0,42,250.0,1.8656716417910448,3.298221561799356,18,415.0,0.1988295937960611,16,545.0,0.1457434332545116,8,195.0,0.24118209398983756,42,1155.0
1960.0,49,299.0,2.1824817518248176,3.4836031587824148,24,503.0,0.12509627149846247,14,575.0,0.20254555483927308,11,207.0,0.1819406262692542,49,1285.0
1965.0,49,398.0,2.970149253731343,3.1641967398637507,21,579.0,0.05648716095075206,14,630.0,0.19758328211537304,14,265.0,0.15204068698753592,49,1474.0
1970.0,47,442.0,3.3484848484848486,3.129475702289163,19,608.0,0.1077871629885021,14,637.0,0.15986960639902711,14,279.0,0.13886384931662357,47,1524.0
1975.0,45,388.0,2.9393939393939394,3.0625708439890147,14,630.0,0.13156497364782882,14,574.0,0.1562079463979867,17,306.0,0.1760733399806151,45,1510.0
1980.0,40,331.0,2.4518518518518517,3.6420891976387053,15,611.0,0.19515011174403094,11,451.0,0.17136377561205693,14,335.0,0.20507855089572788,40,1397.0
1985.0,45,372.0,2.7153284671532845,3.2533713218398743,16,552.0,0.22290327999110748,9,476.0,0.19887543483516512,20,423.0,0.15307309697772165,45,1451.0
1990.0,58,560.0,4.057971014492754,3.2223754484365923,20,585.0,0.18216309897201016,11,520.0,0.20501959191042834,27,544.0,0.1056251180989121,58,1649.0
1995.0,55,670.0,4.926470588235294,2.952237243797175,16,578.0,0.11518903105636576,9,506.0,0.17819715670742067,30,663.0,0.060363024676077834,55,1747.0
2000.0,48,504.0,4.0,2.715424375962705,16,497.0,0.17131281606924068,7,435.0,0.1984008027282573,25,719.0,0.08820076589413459,48,1651.0
2005.0,40,272.0,2.0923076923076924,3.0113126978021953,15,537.0,0.14030036800624307,9,463.0,0.15776498035164804,16,665.0,0.1344479528603631,40,1665.0
2010.0,35,147.0,1.1221374045801527,3.3930046957713467,15,588.0,0.12104887469438057,12,489.0,0.1465488290325147,8,680.0,0.10830373025644566,35,1757.0
2015.0,43,220.0,1.76,2.776451441852205,13,594.0,0.10552155530196972,17,557.0,0.1654645167807751,13,669.0,0.09947916782362277,43,1820.0
2020.0,47,337.0,2.717741935483871,2.329345783406804,4,517.0,0.18273346596199794,24,662.0,0.10745173220270685,19,671.0,0.06620766177097302,47,1850.0
2025.0,50,455.0,3.64,1.9666210115320146,3,523.0,0.18168693258385504,30,791.0,0.06244003619647545,17,665.0,0.08749709271530495,50,1979.0
2030.0,52,458.0,3.550387596899225,2.648898224436832,8,527.0,0.16578272933158417,32,834.0,0.0692586218741153,12,526.0,0.126036353735028,52,1887.0
2035.0,44,400.0,3.125,3.744937703474191,11,578.0,0.19587981342509317,27,739.0,0.09039062564152818,6,409.0,0.2558402760110745,44,1726.0
2040.0,38,322.0,2.596774193548387,4.038958087744216,8,551.0,0.2139352272007914,20,787.0,0.1391462410833494,10,335.0,0.3377860269299063,38,1673.0
2045.0,37,264.0,2.2,3.7615292490525216,10,466.0,0.19822266673915812,15,874.0,0.14926163331027614,12,295.0,0.21792853307092783,37,1635.0
2050.0,42,239.0,2.0782608695652174,2.667015946628058,10,514.0,0.15915112611591878,16,956.0,0.0832195684742605,16,327.0,0.09222627895265695,42,1797.0
2055.0,46,277.0,2.2338709677419355,2.6865860358410827,13,521.0,0.11888424273806794,16,920.0,0.12175334931667703,17,380.0,0.08943371801126958,46,1821.0
2060.0,32,212.0,1.7235772357723578,3.2862795532514286,8,550.0,0.16238522125847782,9,772.0,0.20123057851621648,15,395.0,0.16197233599787522,32,1717.0
2065.0,35,130.0,1.0236220472440944,2.899666341448307,7,545.0,0.16965746366715787,15,829.0,0.1222155456785707,13,414.0,0.169686324252887,35,1788.0
2070.0,35,148.0,1.1472868217054264,3.408507676757104,9,551.0,0.20371667450291558,17,904.0,0.10662294657990387,9,364.0,0.19132388114369284,35,1819.0
2075.0,43,234.0,1.8571428571428572,2.6794866649851126,12,534.0,0.11010489589259298,22,999.0,0.09516176661981789,9,354.0,0.1821299746479426,43,1887.0
2080.0,43,263.0,2.120967741935484,2.2523917751552807,11,528.0,0.09952855652204155,18,976.0,0.10063329817204454,14,364.0,0.13553314941066785,43,1868.0
2085.0,46,250.0,1.968503937007874,2.4044276357430325,13,476.0,0.11968778622003562,16,801.0,0.11176013257977155,17,398.0,0.13241796295747182,46,1675.0
2090.0,45,248.0,1.8931297709923665,2.5508010092481284,13,488.0,0.15293157408730385,13,859.0,0.11906180880527718,19,470.0,0.15604528963455627,45,1817.0
2095.0,43,200.0,1.492537313432836,2.891363029805324,12,518.0,0.15483114851066831,15,929.0,0.11525092418521964,16,518.0,0.172936287277332,43,1965.0
2100.0,41,202.0,1.5303030303030303,3.037904785843405,8,498.0,0.17378174855486495,15,906.0,0.1336171573508919,18,602.0,0.11814537786614865,41,2006.0
2105.0,43,254.0,2.0483870967741935,2.739084136357471,13,529.0,0.2216928773133832,8,725.0,0.11751399177199792,22,659.0,0.10884810434951371,43,1913.0
2110.0,38,275.0,2.1825396825396823,3.3207066113680463,16,582.0,0.22847021641106038,5,593.0,0.19280987667563748,17,723.0,0.13171815644182963,38,1898.0
2115.0,34,334.0,2.62992125984252,4.077310892773975,18,662.0,0.22990056915911794,3,430.0,0.2386788919525448,13,743.0,0.21731833981706083,34,1835.0
2120.0,36,322.0,2.6178861788617884,3.863828850816747,17,660.0,0.198894100599362,4,272.0,0.32792308807357057,15,733.0,0.18643043145550575,36,1665.0
2125.0,34,236.0,1.873015873015873,3.8742973793414057,18,589.0,0.19373400067599467,1,249.0,0.36046630328925217,15,699.0,0.17760132684305274,34,1537.0
2130.0,38,227.0,1.7734375,3.8033727880202797,18,551.0,0.20300354349874156,8,249.0,0.2870583590697768,12,729.0,0.13488727696668712,38,1529.0
2135.0,42,301.0,2.263157894736842,3.785418536475551,18,483.0,0.16742118482090523,13,306.0,0.20750932085981985,11,735.0,0.12760430339225215,42,1524.0
2140.0,42,359.0,2.7615384615384615,3.8185277542025333,15,446.0,0.19564022895870875,15,305.0,0.15868621674457323,12,738.0,0.1579191505737303,42,1489.0
2145.0,31,191.0,1.4806201550387597,3.8709443195627693,9,469.0,0.28124772621133504,9,229.0,0.20974437440048502,13,729.0,0.18854539276067483,31,1427.0
2150.0,29,112.0,0.8421052631578947,4.573883654506912,4,429.0,0.3603202197586967,8,225.0,0.28040581467970155,17,655.0,0.16084354971073614,29,1309.0
2155.0,32,139.0,1.0451127819548873,4.507795802896082,7,395.0,0.3516539711307506,8,259.0,0.1938891492477223,17,715.0,0.11373707591231344,32,1369.0
2160.0,34,165.0,1.2790697674418605,4.018204988536855,12,438.0,0.1987068685066418,6,242.0,0.21368968165852018,16,755.0,0.11317350306980965,34,1435.0
2165.0,35,217.0,1.8389830508474576,3.237837178123075,15,507.0,0.14870499401369885,7,184.0,0.180393544655119,13,737.0,0.14733696047088293,35,1428.0
2170.0,40,334.0,2.9557522123893807,3.643719275323785,21,602.0,0.21761895809490583,5,129.0,0.27210980803029794,14,662.0,0.1933951626109125,40,1393.0
2175.0,45,468.0,3.8048780487804876,3.658508237581652,25,714.0,0.15590991569926793,3,119.0,0.32204012322645065,17,573.0,0.17852661614001528,45,1406.0
2180.0,55,695.0,5.604838709677419,3.3055460531205587,28,842.0,0.11211527750898699,6,119.0,0.25688050479589775,21,544.0,0.13825741432345642,55,1505.0
2185.0,64,826.0,6.503937007874016,2.8328868145916193,27,892.0,0.0721315954785029,12,162.0,0.1662447574166587,25,586.0,0.12557716602142985,64,1640.0
2190.0,59,831.0,6.701612903225806,3.282937863078082,21,839.0,0.13982962420302567,14,191.0,0.1858735285147348,24,669.0,0.16634362594504676,59,1699.0
2195.0,44,677.0,5.459677419354839,3.6098266571424324,17,853.0,0.1797833637854344,7,167.0,0.22740166201540915,20,711.0,0.22811307314629936,44,1731.0
2200.0,39,462.0,3.7560975609756095,4.4014893125629815,17,930.0,0.20095761499141995,9,128.0,0.23925601943766686,13,656.0,0.28022017824648776,39,1714.0
2205.0,34,279.0,2.2868852459016393,4.673913947069971,19,1019.0,0.16849483767777262,6,120.0,0.2527239694510647,9,527.0,0.2941759837264871,34,1666.0
2210.0,40,315.0,2.7155172413793105,3.9185354816510474,19,1108.0,0.10792628949031578,7,144.0,0.21504718376526047,14,480.0,0.25842897852404995,40,1732.0
2215.0,49,420.0,3.6842105263157894,3.5806605143712793,16,1077.0,0.1209193785042734,13,203.0,0.19524281239878652,20,473.0,0.18278006937313712,49,1753.0
2220.0,49,360.0,3.185840707964602,3.2018055437384993,12,903.0,0.13953404187050727,15,231.0,0.1275313097225404,22,481.0,0.1538231899515178,49,1615.0
2225.0,35,242.0,2.1607142857142856,3.8664007187669265,8,943.0,0.16941841089427917,9,206.0,0.2848305947299275,18,450.0,0.22548450435619863,35,1599.0
2230.0,43,243.0,2.076923076923077,3.993032968321954,13,993.0,0.18210026695014872,8,212.0,0.2296000913327925,22,402.0,0.18383524733216455,43,1607.0
2235.0,40,193.0,1.6495726495726495,3.6632862562826176,13,953.0,0.13025470514432907,12,236.0,0.17446151276848632,15,422.0,0.2043644963468985,40,1611.0
2240.0,26,102.0,0.8947368421052632,3.697400637348853,5,795.0,0.1387805080188542,9,245.0,0.2033940071273224,12,408.0,0.17056265273261406,26,1448.0
2245.0,18,48.0,0.44036697247706424,4.274142069697678,4,805.0,0.2574404302671946,6,176.0,0.2558056087931527,8,394.0,0.24062966183616627,18,1375.0
2250.0,25,97.0,0.8738738738738738,4.373241359281853,9,840.0,0.22614244274143533,6,125.0,0.3365823351553364,10,364.0,0.2242583050955139,25,1329.0
2255.0,23,79.0,0.6752136752136753,3.652544220393753,10,789.0,0.18507844311845364,4,123.0,0.22746460196926982,9,377.0,0.2614957397377565,23,1289.0
2260.0,20,79.0,0.6638655462184874,4.143087093946754,5,633.0,0.20494197617974447,8,138.0,0.24955036532143968,7,360.0,0.18568966212225566,20,1131.0
2265.0,26,122.0,1.0517241379310345,3.971878555492169,4,569.0,0.18460057247364642,13,183.0,0.22911209407862623,9,347.0,0.128955484792625,26,1099.0
2270.0,39,245.0,2.1120689655172415,3.452043297388263,8,598.0,0.17160311329632388,17,261.0,0.164185428745259,14,318.0,0.10199853644060432,39,1177.0
2275.0,43,276.0,2.4424778761061945,2.9838737605308294,14,657.0,0.1528641133768258,17,289.0,0.08700191734147539,12,347.0,0.14492998998596962,43,1293.0
2280.0,37,286.0,2.5309734513274336,3.9122995666058373,20,750.0,0.13895691771318097,10,212.0,0.1958430561397293,7,335.0,0.2001476527899897,37,1297.0
2285.0,36,284.0,2.581818181818182,4.143691599338706,19,730.0,0.19968965924482582,7,227.0,0.24246504976539854,10,342.0,0.20465168053403043,36,1299.0
2290.0,30,175.0,1.6666666666666667,3.761630475901595,15,619.0,0.13888130220041636,6,260.0,0.2734988224564579,9,329.0,0.17652997464673648,30,1208.0
2295.0,31,140.0,1.3461538461538463,3.2410258570266324,13,682.0,0.1188039480413646,9,248.0,0.3167725083906208,9,294.0,0.16044629874052266,31,1224.0
2300.0,27,145.0,1.355140186915888,4.191031645267118,14,754.0,0.15849775596373755,4,168.0,0.3446513282713596,9,238.0,0.22263429070599625,27,1160.0
2305.0,37,229.0,2.044642857142857,3.993438064668155,22,848.0,0.1389220866012853,5,107.0,0.29411229291045216,10,228.0,0.3056173560286971,37,1183.0
2310.0,34,276.0,2.5090909090909093,3.718196512981026,22,958.0,0.1376931895191366,6,103.0,0.22029214897020685,6,216.0,0.3696079606864236,34,1277.0
2315.0,38,356.0,3.1785714285714284,3.4989277520922677,29,1089.0,0.08336752241634178,5,99.0,0.23656250952322566,4,195.0,0.35390347706733477,38,1383.0
2320.0,37,357.0,3.0254237288135593,3.6688233340997436,29,1099.0,0.08217434979707018,5,80.0,0.314974781341462,3,176.0,0.26443116465623245,37,1355.0
2325.0,35,295.0,2.5652173913043477,3.636484207480158,25,990.0,0.08919275230968025,6,91.0,0.30466301898913534,4,132.0,0.27638504702084865,35,1213.0
2330.0,36,283.0,2.4608695652173913,3.6074273378259982,22,1096.0,0.13566229417165376,9,91.0,0.23465987745526906,5,114.0,0.2760098481114027,36,1301.0
2335.0,38,265.0,2.226890756302521,3.944975239820357,23,1200.0,0.12133981538180419,7,109.0,0.26944743353250694,8,122.0,0.23848362454922842,38,1431.0
2340.0,38,305.0,2.520661157024793,3.858686879522384,22,1308.0,0.11330876487014278,7,90.0,0.14130492192710517,9,142.0,0.27824906078388617,38,1540.0
2345.0,37,328.0,2.8771929824561404,3.6780767125848173,19,1271.0,0.11342892108778094,10,124.0,0.18062797123015623,8,167.0,0.29795600327204014,37,1562.0
2350.0,37,321.0,3.0,2.9646409678809293,17,1094.0,0.09574918732961456,9,136.0,0.1994921671772178,11,205.0,0.27112873369433815,37,1435.0
2355.0,34,222.0,2.036697247706422,3.9607804438096967,18,840.0,0.18592498174153055,9,129.0,0.26327440480183556,7,187.0,0.33586557890513186,34,1156.0
2360.0,23,135.0,1.2053571428571428,4.7578231607212045,12,702.0,0.19740640096407808,8,158.0,0.2941971121186373,3,115.0,0.3667337065315621,23,975.0
2365.0,23,105.0,0.9459459459459459,4.546123859446957,5,720.0,0.23101021783086326,10,193.0,0.2511794988796554,8,88.0,0.30494566924207495,23,1001.0
2370.0,34,197.0,1.8240740740740742,4.4102531486217575,8,718.0,0.2508338758394908,13,253.0,0.14675250177562474,13,103.0,0.1738363922495899,34,1074.0
2375.0,40,271.0,2.656862745098039,3.417876846284009,10,668.0,0.21383627328282992,12,277.0,0.0772529668369119,18,181.0,0.07515461908228181,40,1126.0
2380.0,37,327.0,3.303030303030303,3.400687353632566,7,550.0,0.2677864450315026,8,252.0,0.23643411728013264,22,278.0,0.14265555058185375,37,1080.0
2385.0,31,305.0,2.9047619047619047,4.585572810506684,6,360.0,0.30781196749629897,8,263.0,0.33626290458156677,17,324.0,0.22395523575920956,31,947.0
2390.0,29,277.0,2.4954954954954953,4.608541535036728,5,266.0,0.28183378091178896,9,307.0,0.3027259463435562,15,315.0,0.21682895639933855,29,888.0
2395.0,30,207.0,1.8818181818181818,3.5981744729753946,6,268.0,0.2569052118980018,9,310.0,0.15499192602913575,15,363.0,0.13851395339982228,30,941.0
2400.0,25,191.0,1.7522935779816513,4.373237210294795,8,267.0,0.2970535688775853,4,233.0,0.18111803870167076,13,413.0,0.23689431088218998,25,913.0
2405.0,21,159.0,1.4722222222222223,3.922096487583861,11,251.0,0.1728942075446866,1,247.0,0.21863237861656065,9,416.0,0.24753950654745174,21,914.0
2410.0,26,156.0,1.5445544554455446,3.4142380289166487,13,204.0,0.12229793306600588,7,277.0,0.18664519117416856,6,405.0,0.2775588264392488,26,886.0
2415.0,27,137.0,1.3431372549019607,2.7093825537927714,10,242.0,0.14595113158121556,13,335.0,0.13422494956791284,4,397.0,0.24603070372681377,27,974.0
2420.0,34,156.0,1.4579439252336448,3.284221030623554,11,252.0,0.15873100787175606,16,349.0,0.12538973013250532,7,380.0,0.21211732229488298,34,981.0
2425.0,26,106.0,1.0192307692307692,3.401317382110677,10,243.0,0.17851643626324812,10,301.0,0.1707528061868302,6,375.0,0.19932519379142014,26,919.0
2430.0,25,83.0,0.7980769230769231,3.8594275730378715,10,191.0,0.2403308259531809,8,327.0,0.2289105162380642,7,333.0,0.24699441981181725,25,851.0
2435.0,23,69.0,0.6388888888888888,3.7029279341718477,6,188.0,0.19310418885976496,12,378.0,0.1753156166853345,5,336.0,0.2632023556685857,23,902.0
2440.0,34,173.0,1.5585585585585586,3.2574728893499314,10,198.0,0.13965621647584683,18,455.0,0.08636202704197136,6,348.0,0.1766455275494388,34,1001.0
2445.0,34,207.0,1.8482142857142858,2.779135880906522,10,204.0,0.11129707537779727,14,466.0,0.08574579413820327,10,390.0,0.14188172902557822,34,1060.0
2450.0,33,214.0,2.018867924528302,3.5272646481871734,6,154.0,0.2390129446702605,13,403.0,0.17830465898631292,14,455.0,0.1327026714420298,33,1012.0
2455.0,26,241.0,2.2523364485981308,3.822690841280525,2,159.0,0.27654771967009106,8,282.0,0.194927293039649,16,532.0,0.20468356727761658,26,973.0
2460.0,31,215.0,1.9026548672566372,3.632610250097566,10,189.0,0.19972737232907445,7,312.0,0.2611469093764128,14,534.0,0.18640634944834042,31,1035.0
2465.0,39,249.0,2.1652173913043478,3.4600425246342263,15,246.0,0.1284421458595063,10,353.0,0.23676347575998447,14,467.0,0.17414026667653654,39,1066.0
2470.0,51,370.0,3.3035714285714284,3.0709813411152487,23,340.0,0.08839698338582519,14,408.0,0.17191599084651965,14,441.0,0.17780437880442404,51,1189.0
2475.0,50,394.0,3.581818181818182,2.7213760776700946,22,386.0,0.08761001180954511,14,410.0,0.16364947536453964,14,500.0,0.15282654330446077,50,1296.0
2480.0,43,307.0,2.8425925925925926,3.2049153627611697,17,358.0,0.11457545636088672,11,303.0,0.20978234718427805,15,563.0,0.19010717332939178,43,1224.0
2485.0,29,166.0,1.5229357798165137,3.427252689426341,13,416.0,0.1414515966941688,8,332.0,0.2486929671127186,8,559.0,0.23697951127093642,29,1307.0
2490.0,40,174.0,1.5398230088495575,3.559531353069591,19,495.0,0.09479264999558121,14,381.0,0.17271655059840524,7,475.0,0.28391532886913334,40,1351.0
2495.0,39,202.0,1.8198198198198199,2.573182771498935,22,596.0,0.04726454008212595,11,375.0,0.12837588695841548,6,483.0,0.2362031343556969,39,1454.0
2500.0,39,273.0,2.3947368421052633,2.8751987883042833,24,715.0,0.12680356146528926,7,283.0,0.14951845069151198,8,517.0,0.20917634968530596,39,1515.0
2505.0,28,232.0,2.0350877192982457,3.0579093216945923,21,736.0,0.1313387167213709,2,293.0,0.18449365175532742,5,488.0,0.24392489981486185,28,1517.0
2510.0,34,198.0,1.736842105263158,3.0619046542099926,17,632.0,0.08799827702891672,8,318.0,0.2074765665448002,9,403.0,0.1853579870989346,34,1353.0
2515.0,34,182.0,1.5555555555555556,3.137427872935481,13,663.0,0.1308513363958774,11,302.0,0.1775042204094711,10,356.0,0.19610826124415326,34,1321.0
2520.0,24,123.0,1.0512820512820513,3.5586604191268307,13,729.0,0.2140872220381464,5,235.0,0.21297774617235266,6,377.0,0.1940757757206841,24,1341.0
2525.0,30,158.0,1.4107142857142858,3.1081655808553568,18,815.0,0.202320348167486,5,146.0,0.17737350504174096,7,409.0,0.16934579509626987,30,1370.0
2530.0,34,233.0,2.1376146788990824,2.805973274594964,20,910.0,0.08312933230995241,3,149.0,0.18551818372821977,11,427.0,0.2022046485032029,34,1486.0
2535.0,39,246.0,2.256880733944954,2.8684397433140827,20,911.0,0.06321691501336424,8,155.0,0.12685866005244972,11,410.0,0.18934060587093396,39,1476.0
2540.0,41,202.0,1.8703703703703705,2.874852343857025,18,763.0,0.08241821945390454,7,153.0,0.25274085379063604,16,399.0,0.12673631961651038,41,1315.0
2545.0,29,152.0,1.3571428571428572,3.500563730933958,14,841.0,0.18051230868810464,3,103.0,0.34771401813206393,12,441.0,0.11163497052759848,29,1385.0
2550.0,30,125.0,1.0869565217391304,3.352125864506341,15,914.0,0.12747923118006194,3,104.0,0.23433165548831505,12,459.0,0.17147407605771106,30,1477.0
2555.0,38,192.0,1.7142857142857142,3.2431296839646797,14,890.0,0.10728034230324471,9,137.0,0.17508653735654334,15,466.0,0.13501992108589772,38,1493.0
2560.0,27,136.0,1.3076923076923077,3.19791995846011,8,739.0,0.15495029804810434,8,148.0,0.23897553736726074,11,466.0,0.09501648357017399,27,1353.0
2565.0,21,87.0,0.8446601941747572,4.088334513403333,5,710.0,0.21511222430982685,7,115.0,0.29675241815098896,9,400.0,0.18896693506842951,21,1225.0
2570.0,20,74.0,0.7115384615384616,3.5880414528802507,9,743.0,0.1229378501753578,4,124.0,0.21287663135112342,7,425.0,0.2103218591892348,20,1292.0
2575.0,31,156.0,1.5145631067961165,3.0515865112499525,14,802.0,0.10540172495154444,9,146.0,0.12234451865057555,8,454.0,0.14640265002655523,31,1402.0
2580.0,48,333.0,3.3979591836734695,1.9657024189562577,20,892.0,0.07513944209060854,15,204.0,0.05542161307434714,13,507.0,0.10920734051276985,48,1603.0
2585.0,47,438.0,4.5625,1.526139844787373,26,1012.0,0.049183665365630354,11,220.0,0.09496569343329232,10,498.0,0.0863878639319638,47,1730.0
2590.0,44,377.0,3.88659793814433,2.771455546562748,29,1030.0,0.07103208541245144,7,177.0,0.25242233802366504,8,425.0,0.2209387819787734,44,1632.0
2595.0,41,324.0,3.176470588235294,3.120857455244854,25,917.0,0.11361204874685304,9,193.0,0.2364475020105751,7,453.0,0.19439309359818677,41,1563.0
2600.0,37,270.0,2.7,3.8140686971394486,19,724.0,0.17187778503817797,8,240.0,0.28728067531020796,10,496.0,0.1664131273872727,37,1460.0
2605.0,33,220.0,2.1782178217821784,3.745357953902951,15,805.0,0.16728874663195198,4,219.0,0.3001428963016404,14,557.0,0.10413126236448372,33,1581.0
2610.0,28,215.0,2.216494845360825,3.8072128090230253,11,869.0,0.2100022906759354,2,144.0,0.3370603723412245,15,630.0,0.18427761874704057,28,1643.0
2615.0,29,241.0,2.4343434343434343,3.293016562159617,8,828.0,0.1807995448609099,4,134.0,0.2272609124430596,17,707.0,0.14135330892142514,29,1669.0
2620.0,30,233.0,2.4270833333333335,3.3700786361912365,5,660.0,0.20692476516519287,9,168.0,0.20883105464916782,16,706.0,0.1160552785385584,30,1534.0
2625.0,28,199.0,2.094736842105263,4.004886403062093,5,441.0,0.21316964304891145,8,178.0,0.34803256584359954,15,555.0,0.08834366036006011,28,1174.0
2630.0,20,179.0,1.8080808080808082,5.367778762452381,2,336.0,0.3273564217911528,3,129.0,0.3595354371229032,15,534.0,0.21762373695343915,20,999.0
2635.0,16,137.0,1.3300970873786409,5.390183334022049,1,303.0,0.3387403496960893,4,144.0,0.3023778617783652,11,506.0,0.32424678393106093,16,953.0
2640.0,24,164.0,1.64,4.924108316135651,8,326.0,0.2760727758840316,8,174.0,0.18679061920007858,8,469.0,0.3476996607772864,24,969.0
2645.0,24,128.0,1.3763440860215055,3.916493053255002,8,307.0,0.18889725264108237,14,232.0,0.060225916510780235,2,469.0,0.3245662077687376,24,1008.0
2650.0,35,239.0,2.715909090909091,3.46283238394923,8,238.0,0.15970797986131252,19,324.0,0.15646989623339477,8,482.0,0.25450832714981503,35,1044.0
2655.0,34,257.0,2.8876404494382024,3.0915671882300675,5,248.0,0.1943560589316238,16,349.0,0.11526402432147678,13,532.0,0.16768573234694797,34,1129.0
2660.0,33,190.0,2.087912087912088,3.371666625682299,11,282.0,0.20557757230322402,13,291.0,0.10360496097168236,9,525.0,0.23887798785101094,33,1098.0
2665.0,31,220.0,2.4175824175824174,4.185057669420508,16,348.0,0.1901918618913139,8,224.0,0.28466669237076897,7,444.0,0.27990229329258115,31,1016.0
2670.0,32,246.0,2.5894736842105264,3.8250535300953548,20,437.0,0.09879516119379372,5,241.0,0.2317214871885232,7,377.0,0.32613042944469245,32,1055.0
2675.0,45,382.0,3.9791666666666665,2.7934618608407167,27,551.0,0.030062781408674216,12,288.0,0.14550811724487214,6,404.0,0.27208333532400963,45,1243.0
2680.0,57,594.0,6.252631578947368,1.7654152572322268,30,695.0,0.027480652077386796,15,354.0,0.10224492405674629,12,452.0,0.14303927626999058,57,1501.0
2685.0,60,794.0,8.185567010309278,1.6260823451485242,34,859.0,0.022193555114175867,11,356.0,0.13567436879179032,15,520.0,0.14378856757695693,60,1735.0
2690.0,60,990.0,10.10204081632653,2.040785937188259,37,1039.0,0.07241890413291459,6,285.0,0.14514361758361555,17,602.0,0.17764790467573177,60,1926.0
2695.0,69,1282.0,12.82,1.7834759138352287,38,1228.0,0.04223768217399455,9,322.0,0.15284624068238686,22,701.0,0.11740670423910532,69,2251.0
2700.0,77,1615.0,15.833333333333334,1.2919981145598205,41,1423.0,0.013657778987584373,11,370.0,0.11078767126477455,25,818.0,0.060526055893960616,77,2611.0
2705.0,76,1684.0,16.192307692307693,1.1805190948085653,34,1461.0,0.07438212559752345,11,421.0,0.06658004701569643,31,958.0,0.054672583462898994,76,2840.0
2710.0,68,1503.0,14.046728971962617,2.0864103210029175,25,1349.0,0.1336083625164177,8,402.0,0.21104619225019566,35,1124.0,0.06584651626797298,68,2875.0
2715.0,57,1391.0,13.0,3.449284109548885,18,1099.0,0.17694214241053902,4,283.0,0.3703646704369507,35,1301.0,0.10689275833193665,57,2683.0
2720.0,44,1112.0,10.392523364485982,3.8934641183588248,11,1155.0,0.23681396822228581,4,207.0,0.4695316045703747,29,1330.0,0.09102890723224345,44,2692.0
2725.0,38,756.0,7.2,4.538618510216359,12,1201.0,0.22907664480104714,4,168.0,0.4781381229241706,22,1117.0,0.11246983051750836,38,2486.0
2730.0,34,576.0,5.76,4.197634067957021,14,1267.0,0.14822132780107333,4,109.0,0.3907606542466361,16,1155.0,0.1626133071034397,34,2531.0
2735.0,33,443.0,4.712765957446808,3.8244128640572908,13,1202.0,0.17163730428721244,4,95.0,0.4641966908567308,16,1234.0,0.20413333798142574,33,2531.0
2740.0,27,240.0,2.526315789473684,3.3193970089205034,12,1013.0,0.14348780064650457,0,55.0,0.46545792328818464,15,1175.0,0.175271873440632,27,2243.0
2745.0,18,93.0,0.9789473684210527,4.5313185683969515,9,743.0,0.16834029656262905,4,35.0,0.46945671198793276,5,979.0,0.1912866092832249,18,1757.0
2750.0,18,52.0,0.5416666666666666,4.654958834238937,10,786.0,0.18727023718208033,3,30.0,0.5110030196425009,5,1001.0,0.14923292786637268,18,1817.0
2755.0,20,81.0,0.8709677419354839,4.381229868550786,11,833.0,0.17917637459599123,0,13.0,0.5296427061713745,9,1033.0,0.134558097087846,20,1879.0
2760.0,24,125.0,1.4705882352941178,3.105480848674229,15,905.0,0.14481562159247593,0,2.0,0.6847356438315768,9,958.0,0.1028197389551167,24,1865.0
2765.0,27,188.0,2.211764705882353,3.125505268875659,20,993.0,0.12308689930152829,1,3.0,0.6612211730656292,6,787.0,0.228730938758956,27,1783.0
2770.0,32,305.0,3.3516483516483517,2.670996443344184,28,1118.0,0.08827151385640626,0,2.0,0.6162298169749338,4,806.0,0.23236690579951033,32,1926.0
2775.0,43,493.0,5.189473684210526,2.3421084901930675,34,1273.0,0.04566141236723302,0,2.0,0.7841733127919984,9,846.0,0.15356827038942247,43,2121.0
2780.0,51,679.0,6.928571428571429,2.001836944785181,41,1464.0,0.03961674200991129,0,2.0,0.4511585068713402,10,791.0,0.1160823123568741,51,2257.0
2785.0,47,680.0,7.010309278350515,2.373750130192368,38,1518.0,0.0685038436120717,2,12.0,0.509447160910536,7,675.0,0.1350877885150199,47,2205.0
2790.0,43,570.0,5.7,3.1215009621762393,33,1434.0,0.09910321950224188,4,29.0,0.5027460011104752,6,685.0,0.14238936397185592,43,2148.0
2795.0,36,485.0,4.754901960784314,3.387103131987003,24,1528.0,0.11437012497795221,3,44.0,0.6101250229844841,9,721.0,0.1091762568276923,36,2293.0
2800.0,37,414.0,4.14,3.222634177686767,23,1642.0,0.09881397479682946,5,62.0,0.2773871142370822,9,680.0,0.10085795565475592,37,2384.0
2805.0,32,302.0,3.2127659574468086,3.0683513490585996,19,1745.0,0.07335404870526649,7,93.0,0.22584461249327745,6,555.0,0.14267817187981074,32,2393.0
2810.0,30,277.0,3.077777777777778,3.603332201378329,23,1851.0,0.07829857280199397,3,91.0,0.41626318042091903,4,365.0,0.253747701135941,30,2307.0
2815.0,25,195.0,2.096774193548387,3.7449584658822235,22,1815.0,0.11199945478436972,0,38.0,0.5268714670051298,3,373.0,0.24029307200275554,25,2226.0
2820.0,30,172.0,1.8105263157894738,3.607201078675408,20,1614.0,0.12655093054525374,1,42.0,0.3214908957957041,9,401.0,0.16135744974391486,30,2057.0
2825.0,34,214.0,2.3516483516483517,2.9775102230363846,20,1651.0,0.10025526707423521,3,53.0,0.34243237639940044,11,450.0,0.15402941470608927,34,2154.0
2830.0,39,259.0,2.78494623655914,3.0746093454522665,19,1747.0,0.07710440115697666,4,47.0,0.21166091138221457,16,521.0,0.1416066106789551,39,2315.0
2835.0,37,322.0,3.6179775280898876,2.9983277422961354,14,1674.0,0.12385126181775291,3,30.0,0.17551396860136784,20,612.0,0.19180036850973964,37,2316.0
2840.0,30,381.0,4.329545454545454,3.373150354636549,7,1315.0,0.1506422386224722,1,26.0,0.5208399390093555,22,718.0,0.11834300565634501,30,2059.0
2845.0,28,308.0,3.5,2.8344121330363516,3,1286.0,0.1594106658147126,2,22.0,0.42669338026519144,23,715.0,0.055868490941170884,28,2023.0
2850.0,33,249.0,2.895348837209302,3.088749360216154,10,1317.0,0.12649061274871254,4,41.0,0.5077922220533837,19,603.0,0.08868838337882894,33,1961.0
2855.0,33,298.0,3.5903614457831323,2.5980896225572803,12,1372.0,0.08798398165830404,5,62.0,0.3758689724446068,16,648.0,0.08604501661038448,33,2082.0
2860.0,32,266.0,3.2439024390243905,2.453009791536868,13,1274.0,0.09845903568957279,1,58.0,0.34516005516850556,18,734.0,0.04711257205232714,32,2066.0
2865.0,29,215.0,2.721518987341772,3.3336145472447702,12,911.0,0.17627781373387294,0,22.0,0.6107168841980464,17,825.0,0.12403799190462297,29,1758.0
2870.0,29,209.0,2.5180722891566263,3.009703418504386,9,958.0,0.1457305986384315,2,2.0,0.6092473951032655,18,911.0,0.1299129790884181,29,1871.0
2875.0,26,169.0,2.011904761904762,2.6535229606306223,13,1014.0,0.0888863699870289,0,2.0,0.6640711706403712,13,856.0,0.13119870846135423,26,1872.0
2880.0,22,111.0,1.3214285714285714,2.7668803640991118,10,939.0,0.0918231297141562,2,11.0,0.5170054250262245,10,679.0,0.11160182967673617,22,1629.0
2885.0,18,82.0,0.9647058823529412,3.5587163611340675,6,738.0,0.15547382960664066,1,10.0,0.6295060784562373,11,730.0,0.07530020563084187,18,1478.0
2890.0,18,82.0,0.9761904761904762,3.9364144729128245,4,701.0,0.16331716779296895,0,5.0,0.8224735260818276,14,800.0,0.13011646519389986,18,1506.0
2895.0,22,88.0,1.0602409638554218,3.360943117692217,11,740.0,0.10973596282686075,0,4.0,0.7928142252265767,11,749.0,0.15817249245170692,22,1493.0
2900.0,15,45.0,0.5421686746987951,3.373167654413822,11,665.0,0.10056900044584507,0,6.0,0.4832804593343213,4,641.0,0.19162161957015136,15,1312.0
2905.0,15,37.0,0.45121951219512196,3.992253726552145,4,412.0,0.15622478322826963,5,24.0,0.479103668777083,6,652.0,0.1349455917705538,15,1088.0
2910.0,17,86.0,1.0617283950617284,4.162429392906011,3,252.0,0.20072473085356055,6,54.0,0.46372350937198586,8,686.0,0.06930690352932752,17,992.0
2915.0,25,177.0,2.185185185185185,4.025554977082177,2,129.0,0.2575173156299932,8,91.0,0.33990251114799724,15,748.0,0.056288375966819244,25,968.0
2920.0,14,101.0,1.2625,4.584775187239292,0,65.0,0.4216563679945582,5,95.0,0.29255511709167814,9,730.0,0.09321463588565462,14,890.0
2925.0,10,48.0,0.5853658536585366,6.289953560498227,0,31.0,0.5834474335538091,3,53.0,0.37966738370147185,7,619.0,0.1913020102791372,10,703.0
2930.0,8,39.0,0.4642857142857143,6.944321518727129,0,15.0,0.7355987577622092,1,22.0,0.40167655955497683,7,593.0,0.2709662019796544,8,630.0
2935.0,11,40.0,0.4819277108433735,6.635528452888574,3,14.0,0.5475825620731212,1,19.0,0.40564417183666607,7,627.0,0.3152233287041637,11,660.0
2940.0,16,48.0,0.6075949367088608,5.386084559852386,6,34.0,0.31660650620661096,2,6.0,0.37559340828069704,8,607.0,0.26805640292418514,16,647.0
2945.0,13,44.0,0.5866666666666667,5.007520767407748,5,48.0,0.17704318078486236,5,24.0,0.31871797441960603,3,524.0,0.27838039639804735,13,596.0
2950.0,10,16.0,0.2191780821917808,4.791978598653945,2,32.0,0.25739333530483094,3,34.0,0.4252960415389374,5,531.0,0.14892705564707337,10,597.0
2955.0,12,43.0,0.5657894736842105,5.120054840264523,1,23.0,0.4014436358922302,1,22.0,0.35934557664115446,10,566.0,0.15848967901680602,12,611.0
2960.0,16,55.0,0.7333333333333333,4.908045657424546,8,44.0,0.35770845132512996,2,17.0,0.2183475315059891,6,534.0,0.20791288424733223,16,595.0
2965.0,13,32.0,0.4507042253521127,5.18214906601478,7,60.0,0.3566408460072972,2,16.0,0.3775636408377748,4,418.0,0.2897200347465338,13,494.0
2970.0,7,25.0,0.33783783783783783,6.299502886204072,1,29.0,0.3917712508495866,4,34.0,0.46787701067684734,2,265.0,0.23889886987221232,7,328.0
2975.0,6,23.0,0.30666666666666664,7.373986834482216,0,10.0,0.4722860237427514,4,47.0,0.49918109706925956,2,181.0,0.28363686587950243,6,238.0
2980.0,6,21.0,0.27631578947368424,7.045537077638359,1,11.0,0.38617733331963483,4,44.0,0.38195732090170753,1,85.0,0.38966045479648825,6,140.0
2985.0,13,47.0,0.6438356164383562,6.72643740409685,7,34.0,0.3190546532837277,5,49.0,0.3380655184975556,1,45.0,0.548500710632713,13,128.0
2990.0,14,41.0,0.5942028985507246,5.667494042095566,4,46.0,0.2989990758807763,8,75.0,0.2323639357418138,2,32.0,0.5676867856508134,14,153.0
2995.0,14,47.0,0.6811594202898551,4.928765723262012,2,29.0,0.32921494331540396,7,97.0,0.21567099569355336,5,46.0,0.3774354358995954,14,172.0
3000.0,13,30.0,0.44776119402985076,4.328031885094855,3,36.0,0.3478592778463154,4,81.0,0.23868890895498238,6,58.0,0.2605127498771707,13,175.0
3005.0,13,53.0,0.7464788732394366,6.212364566528035,8,68.0,0.35350308575988504,1,52.0,0.3443006264536849,4,50.0,0.4206139692377499,13,170.0
3010.0,10,26.0,0.37681159420289856,5.648649773193585,7,78.0,0.3255439375377914,1,45.0,0.41636440161374805,2,48.0,0.3953535819928607,10,171.0
3015.0,12,47.0,0.6619718309859155,5.167199092992969,2,53.0,0.3308457093354877,6,69.0,0.30053100390220944,4,57.0,0.28438428011569383,12,179.0
3020.0,21,99.0,1.3943661971830985,3.5233708686433136,4,66.0,0.24078922345269138,13,122.0,0.1469369081476264,4,62.0,0.16644111521342336,21,250.0
3025.0,23,115.0,1.554054054054054,4.094192045379721,11,100.0,0.22358965423871027,11,154.0,0.19658911904396745,1,42.0,0.186186629548984,23,296.0
3030.0,14,51.0,0.6986301369863014,4.990606647164273,8,115.0,0.28012588390294585,3,125.0,0.3103752974845653,3,39.0,0.3232568625400702,14,279.0
3035.0,13,44.0,0.5866666666666667,5.909186769721056,6,85.0,0.3436778085052637,1,67.0,0.4025029845465679,6,64.0,0.33500643869516766,13,216.0
3040.0,19,87.0,1.1153846153846154,5.967632593316084,6,68.0,0.41287665180882377,2,64.0,0.46266017768111517,11,106.0,0.2561597442073858,19,238.0
3045.0,20,77.0,0.9625,4.537496847691011,3,59.0,0.37391790408714626,7,86.0,0.19082490440823557,10,123.0,0.1795848538608359,20,268.0
3050.0,22,83.0,1.0246913580246915,4.4035218823377935,6,80.0,0.28442182544455596,6,91.0,0.1988127569729585,10,104.0,0.1586271572563019,22,275.0
3055.0,22,103.0,1.3037974683544304,4.735273464503992,13,135.0,0.29171366139607097,2,58.0,0.354893225006601,7,135.0,0.23706868040470336,22,328.0
3060.0,20,101.0,1.2784810126582278,4.725888293716011,9,158.0,0.2898651633346026,0,18.0,0.5051218843106333,11,178.0,0.22035851887610164,20,354.0
3065.0,18,65.0,0.8024691358024691,4.640409889604939,8,134.0,0.28932628907424535,2,23.0,0.46256725948092847,8,198.0,0.21870320072174226,18,355.0
3070.0,18,73.0,0.8902439024390244,4.9709438479454064,7,100.0,0.26898574748066695,8,52.0,0.4062075890074008,3,170.0,0.19189369002842097,18,322.0
3075.0,13,82.0,0.9761904761904762,5.36965524197889,2,103.0,0.27916028060480813,10,101.0,0.4125687457461038,1,120.0,0.22533161754208333,13,324.0
3080.0,18,152.0,1.8095238095238095,5.264665937992028,6,113.0,0.15517038250434317,12,157.0,0.34830375538073916,0,96.0,0.30299570884079496,18,366.0
3085.0,31,274.0,3.382716049382716,4.200085659497401,14,164.0,0.09648888922787249,16,229.0,0.16859252449145626,1,64.0,0.33781488405336774,31,457.0
3090.0,35,302.0,3.8227848101265822,3.0720597604514848,18,239.0,0.06784695118508244,16,262.0,0.12656752163544224,1,65.0,0.3585850418931266,35,566.0
3095.0,33,319.0,3.9875,3.804052000927612,20,333.0,0.15790931230662444,9,223.0,0.17976561190338297,4,81.0,0.38262862899321054,33,637.0
3100.0,33,370.0,4.625,4.097575532745038,24,441.0,0.16237111056748552,5,149.0,0.25707129350858576,4,89.0,0.4085661373863368,33,679.0
3105.0,33,475.0,5.72289156626506,3.834765964739754,26,564.0,0.1188486943459876,3,160.0,0.32278252826206416,4,66.0,0.4396413436469731,33,790.0
3110.0,34,440.0,5.176470588235294,3.8855563374087274,25,617.0,0.08180491580880882,7,175.0,0.28993368071162584,2,50.0,0.4282843711512442,34,842.0
3115.0,29,296.0,3.3636363636363638,3.707922426864259,20,580.0,0.09528581009537024,8,170.0,0.26042125369691055,1,43.0,0.30801563326669146,29,793.0
3120.0,26,274.0,3.1494252873563218,4.938082885618652,15,469.0,0.22962516596249247,5,126.0,0.3184276141181675,6,66.0,0.33177742330067655,26,661.0
3125.0,26,274.0,3.261904761904762,4.841386800732762,13,525.0,0.24203080805984536,4,75.0,0.37445642981382815,9,105.0,0.3232083317928708,26,705.0
3130.0,19,159.0,1.8488372093023255,4.451837294300269,12,588.0,0.2036399788772744,0,51.0,0.32498242564050567,7,116.0,0.25994897506885745,19,755.0
3135.0,24,91.0,1.0459770114942528,3.9842356676336603,8,576.0,0.1431784734395545,8,63.0,0.2609469533686243,8,85.0,0.2668409731722733,24,724.0
3140.0,25,113.0,1.3614457831325302,3.9031268459398207,6,496.0,0.1939093311941422,12,115.0,0.3072047198841148,7,119.0,0.20906428276637898,25,730.0
3145.0,23,126.0,1.4482758620689655,4.132593417595632,2,371.0,0.25841773542909796,10,143.0,0.2275432056888564,11,167.0,0.1270717083547057,23,681.0
3150.0,18,76.0,0.8837209302325582,4.3178221621627335,2,368.0,0.2767185918053376,8,128.0,0.31334697702891706,8,179.0,0.19189876256756158,18,675.0
3155.0,14,49.0,0.5632183908045977,4.778527184022851,7,394.0,0.22454372708138418,4,126.0,0.27198050056168904,3,138.0,0.3230412673214953,14,658.0
3160.0,17,64.0,0.7619047619047619,4.4151705246396125,6,383.0,0.17746548420690145,7,146.0,0.22088928308904182,4,93.0,0.30187471548023836,17,622.0
3165.0,18,102.0,1.2289156626506024,4.543232685762049,2,304.0,0.20527150597307692,14,206.0,0.19866383942307717,2,78.0,0.2900395387187573,18,588.0
3170.0,17,107.0,1.2588235294117647,5.103002288801493,3,200.0,0.2552004585505813,13,232.0,0.2391771729492704,1,63.0,0.34191545764727405,17,495.0
3175.0,10,39.0,0.4642857142857143,5.3540433950384525,2,123.0,0.36218835965992885,7,196.0,0.21990744708391485,1,43.0,0.4098238035810377,10,362.0
3180.0,12,39.0,0.48148148148148145,5.6630673636516615,2,124.0,0.37895523506884427,6,135.0,0.23672562369292863,4,55.0,0.4627688614173513,12,314.0
3185.0,12,45.0,0.569620253164557,5.9061209888851485,3,136.0,0.41178652300482343,5,110.0,0.3333877567787976,4,56.0,0.4395529140684098,12,302.0
3190.0,9,16.0,0.20253164556962025,5.6193432254959355,6,122.0,0.3941361342883835,1,103.0,0.36011279069731367,2,41.0,0.44746546340967264,9,266.0
3195.0,7,24.0,0.2891566265060241,5.579461255026565,1,73.0,0.4133426393066675,6,126.0,0.32712855956317316,0,21.0,0.38766155675231523,7,220.0
3200.0,9,21.0,0.23863636363636365,4.341471420621413,1,50.0,0.24393240741884878,6,129.0,0.3035823996285622,2,17.0,0.26562589360023714,9,196.0
3205.0,16,50.0,0.5555555555555556,4.157363626203078,8,76.0,0.24473993913818218,3,110.0,0.22468993625803418,5,34.0,0.2451969368142128,16,220.0
3210.0,25,143.0,1.5543478260869565,3.655559509633794,11,123.0,0.17284251809848353,4,123.0,0.1309065933913126,10,81.0,0.23246734714171027,25,327.0
3215.0,24,139.0,1.6162790697674418,2.420644899224812,7,123.0,0.1708856873060709,9,158.0,0.0947459245231389,8,99.0,0.16349106601144744,24,380.0
3220.0,18,66.0,0.7415730337078652,3.8003721123121865,5,78.0,0.19574167100149006,9,176.0,0.26697802197102305,4,81.0,0.2165468906789573,18,335.0
3225.0,13,35.0,0.3804347826086957,5.183344813708328,4,59.0,0.23731683262529743,5,146.0,0.274784902149304,4,52.0,0.301684272161231,13,257.0
3230.0,16,34.0,0.35789473684210527,4.312300282463926,6,79.0,0.16561388650604036,7,167.0,0.13612794254253976,3,48.0,0.32459661577405086,16,294.0
3235.0,22,84.0,0.9333333333333333,3.712822164611849,9,117.0,0.15652285270785066,11,211.0,0.08623831653499715,2,49.0,0.3439856251170301,22,377.0
3240.0,21,121.0,1.423529411764706,3.2894486929832705,11,165.0,0.13596101980020922,9,216.0,0.09357081885191412,1,43.0,0.3089296376615218,21,424.0
3245.0,26,172.0,2.023529411764706,3.2699524304548904,15,233.0,0.14703614622593097,6,172.0,0.15746068774926011,5,52.0,0.2980397610870021,26,457.0
3250.0,30,281.0,3.2674418604651163,3.841239847230094,20,320.0,0.22412973443341994,4,96.0,0.24537616648656357,6,78.0,0.30992784346013025,30,494.0
3255.0,26,220.0,2.4719101123595504,3.3528195356056907,16,355.0,0.16258878660898,4,103.0,0.17781819947435734,6,83.0,0.31252611309317363,26,541.0
3260.0,32,192.0,2.10989010989011,3.4152636164419845,16,318.0,0.10674416236984338,9,141.0,0.21697233926984896,7,112.0,0.20401286991462628,32,571.0
3265.0,29,173.0,1.9222222222222223,3.4423322426959384,15,352.0,0.11273683818335681,5,138.0,0.33183354593026154,9,144.0,0.09749717532267882,29,634.0
3270.0,34,220.0,2.3655913978494625,3.872959464087609,17,433.0,0.15586086725113357,3,104.0,0.3411176968055891,14,206.0,0.14327539576136744,34,743.0
3275.0,33,234.0,2.5714285714285716,3.527843499613788,19,526.0,0.20041015385353197,3,71.0,0.23340065246631383,11,234.0,0.208108867045325,33,831.0
3280.0,21,149.0,1.6931818181818181,3.9081125576463775,13,548.0,0.22494085703080743,0,72.0,0.3344815424783005,8,208.0,0.24273146174611396,21,828.0
3285.0,18,75.0,0.8426966292134831,4.139385698493009,5,487.0,0.1861380680872267,4,86.0,0.29246187528742534,9,246.0,0.20247088509971528,18,819.0
3290.0,24,99.0,1.1,4.277043275485048,7,385.0,0.19238166236704674,4,89.0,0.38962526887315874,13,300.0,0.060297858268753966,24,774.0
3295.0,20,65.0,0.7386363636363636,4.2756441084342605,5,399.0,0.26443693738531815,3,72.0,0.3990038048921788,12,330.0,0.07715250850709439,20,801.0
3300.0,16,57.0,0.6705882352941176,5.150835406801945,12,442.0,0.24562711922896702,0,43.0,0.5052512278151484,4,292.0,0.27940190191119324,16,777.0
3305.0,15,84.0,0.9882352941176471,4.9973284765353885,14,499.0,0.22917645511079618,0,26.0,0.5136645105491435,1,266.0,0.30940190514686017,15,791.0
3310.0,21,97.0,1.1411764705882352,3.7958108835526367,12,499.0,0.20700272669161698,1,27.0,0.3244004313346665,8,288.0,0.20069031179972124,21,814.0
3315.0,27,131.0,1.5595238095238095,3.059264696316013,10,440.0,0.138474763807828,5,48.0,0.29940670382115,12,335.0,0.14689759017746876,27,823.0
3320.0,27,143.0,1.7023809523809523,2.981194811644385,8,443.0,0.15816769404653014,8,82.0,0.2897973326956619,11,341.0,0.11217306191158848,27,866.0
3325.0,25,117.0,1.3604651162790697,3.639073064625568,12,484.0,0.08635620216075776,7,93.0,0.38201196903243173,6,285.0,0.1565669067622354,25,862.0
3330.0,24,130.0,1.5116279069767442,3.9660793945085078,17,562.0,0.11009988851157282,3,78.0,0.43850807867523683,4,264.0,0.177095823864285,24,904.0
3335.0,31,227.0,2.802469135802469,2.7688535316959912,21,667.0,0.10510722127691158,1,57.0,0.2189483887283099,9,299.0,0.17179793051515632,31,1023.0
3340.0,36,383.0,4.7875,2.8478358205183474,24,779.0,0.11895915314333055,2,35.0,0.36485698617986007,10,346.0,0.1901536738008562,36,1160.0
3345.0,40,433.0,5.481012658227848,2.1307026183954165,24,807.0,0.12903248701958964,2,28.0,0.47071492011331717,14,406.0,0.08684674671005897,40,1241.0
3350.0,34,277.0,3.3373493975903616,2.4712656635731327,20,678.0,0.12389513311725212,0,14.0,0.4672591455813062,14,407.0,0.07227210638716185,34,1099.0
3355.0,28,179.0,2.130952380952381,3.6394856894384757,16,725.0,0.14871280405140602,2,13.0,0.7010603917141331,10,335.0,0.1101245662192638,28,1073.0
3360.0,28,157.0,1.8470588235294119,3.5449756390020477,18,819.0,0.10856553079466383,0,9.0,0.8413225183900359,10,381.0,0.10570928186836323,28,1209.0
3365.0,35,205.0,2.4698795180722892,3.256907374151044,19,919.0,0.1276760639395923,1,2.0,0.6720774031960615,15,449.0,0.1444216321525284,35,1370.0
3370.0,40,300.0,3.7037037037037037,2.406339918884617,21,1017.0,0.08084705493658587,1,2.0,0.32672792190680916,18,531.0,0.15349623135554866,40,1550.0
3375.0,40,348.0,4.35,1.595942152164143,21,1009.0,0.06916096534343846,2,10.0,0.3091767340136013,17,618.0,0.07938753810779342,40,1637.0
3380.0,39,386.0,4.650602409638554,2.3944971235942947,16,881.0,0.12158026155360302,2,22.0,0.5234725347791694,21,713.0,0.06101675466063396,39,1616.0
3385.0,35,314.0,3.6941176470588237,3.1036684380751365,16,668.0,0.14359705061703587,0,13.0,0.6592491597251351,19,723.0,0.062073870659060115,35,1404.0
3390.0,26,189.0,2.1724137931034484,4.77676134826888,11,558.0,0.27826373129066617,1,4.0,0.7131199549537023,14,629.0,0.09839404342092237,26,1191.0
3395.0,23,164.0,1.8426966292134832,6.015909635726885,6,462.0,0.339428414252417,2,11.0,0.7029266857894022,15,502.0,0.15324124192737418,23,975.0
3400.0,16,146.0,1.6781609195402298,7.240490308264282,2,345.0,0.4729163652769181,2,6.0,0.6451325433614926,12,460.0,0.25122875163712344,16,811.0
3405.0,14,120.0,1.4457831325301205,7.243498587526423,2,238.0,0.5064781340537252,6,24.0,0.4560005970104607,6,442.0,0.26130267401455637,14,704.0
3410.0,19,127.0,1.7397260273972603,5.988023073006236,3,144.0,0.49986581910870953,11,65.0,0.23772615027769212,5,459.0,0.22434326882961755,19,668.0
3415.0,22,143.0,2.1343283582089554,3.816662459415075,3,120.0,0.3486964926195961,16,134.0,0.06244535363031826,3,423.0,0.24105632655275175,22,677.0
3420.0,30,266.0,4.03030303030303,3.4371100583906613,6,138.0,0.1983612461991717,23,238.0,0.07088261395705328,1,342.0,0.2524159902660569,30,718.0
3425.0,36,433.0,6.765625,2.326703715304983,9,179.0,0.14813377454874496,26,363.0,0.0758435925736816,1,346.0,0.16432822428162017,36,888.0
3430.0,38,548.0,8.430769230769231,1.3234552890075562,6,163.0,0.1376937091037895,28,498.0,0.0032949166315307484,4,362.0,0.11794704727333812,38,1023.0
3435.0,41,697.0,10.25,2.274309472766447,3,65.0,0.30814459804427813,29,643.0,0.07027351989759548,9,394.0,0.11911181164448834,41,1102.0
3440.0,37,657.0,9.253521126760564,2.4625585485635275,1,67.0,0.39417444929344825,25,702.0,0.040594941541171575,11,444.0,0.10054735232914898,37,1213.0
3445.0,36,518.0,6.906666666666666,3.1135227010883018,5,83.0,0.4245433231429518,17,661.0,0.0945442271028071,14,510.0,0.16673498036378334,36,1254.0
3450.0,35,478.0,6.207792207792208,3.7413065649169495,7,112.0,0.3972799978271622,9,527.0,0.187937347820243,19,595.0,0.19591533365133282,35,1234.0
3455.0,34,453.0,5.592592592592593,3.80414059979785,7,114.0,0.3468041816395441,5,559.0,0.2429488156700199,22,698.0,0.19511226162486103,34,1371.0
3460.0,39,438.0,5.341463414634147,3.5279605027017813,7,89.0,0.34186838364640826,9,600.0,0.17595495086569957,23,744.0,0.11991234400149699,39,1433.0
3465.0,30,385.0,4.695121951219512,3.8511213251064107,3,73.0,0.2838829036825338,7,568.0,0.19218179370751398,20,723.0,0.09907817869564627,30,1364.0
3470.0,19,287.0,3.5,4.900915812425722,2,68.0,0.30630908686792546,2,435.0,0.35896984343832694,15,631.0,0.14408077011954157,19,1134.0
3475.0,19,265.0,3.0813953488372094,4.809050460183983,2,55.0,0.35326679443645753,5,454.0,0.24661901243068224,12,680.0,0.22215183069415537,19,1189.0
3480.0,20,199.0,2.313953488372093,4.248261812456682,1,49.0,0.38700967281817245,9,491.0,0.1218794212990349,10,734.0,0.21106212562403381,20,1274.0
3485.0,21,94.0,1.1325301204819278,2.9804706410561925,6,62.0,0.18721149148151545,9,460.0,0.0699082531060607,6,704.0,0.18232519829897406,21,1226.0
3490.0,12,33.0,0.4074074074074074,4.282345805379954,4,71.0,0.23321151595620876,5,343.0,0.22713520306687587,3,597.0,0.3343627135405671,12,1011.0
3495.0,10,19.0,0.2289156626506024,4.9571966512630805,2,51.0,0.2932659014494311,5,317.0,0.27706135520642117,3,490.0,0.3536147494139503,10,858.0
3500.0,14,35.0,0.3977272727272727,3.950030364393257,5,62.0,0.1781984477947891,8,348.0,0.17554956346312683,1,447.0,0.33260919123762156,14,857.0
3505.0,18,59.0,0.6704545454545454,2.982985990230118,5,82.0,0.11932100555464129,8,324.0,0.1023988714086542,5,461.0,0.215574472457149,18,867.0
3510.0,25,125.0,1.4534883720930232,3.0376788865590276,10,129.0,0.14208799288134483,4,189.0,0.16627946399002372,11,502.0,0.21740740483282625,25,820.0
3515.0,26,237.0,2.8214285714285716,3.323111415815112,13,189.0,0.18540645094813868,0,106.0,0.2826100090149739,13,563.0,0.2350673698561842,26,858.0
3520.0,30,291.0,3.3448275862068964,2.912045355590668,17,268.0,0.1698030026417439,2,82.0,0.2346063929144652,11,550.0,0.2146586056726309,30,900.0
3525.0,33,247.0,2.6847826086956523,3.0583857892882635,17,301.0,0.11976183945930274,7,108.0,0.2869129124569488,9,447.0,0.1526497901102244,33,856.0
3530.0,37,259.0,2.7263157894736842,3.5031312960263,14,272.0,0.12307842768478075,11,160.0,0.3063003085608616,12,491.0,0.14033137294885717,37,923.0
3535.0,43,323.0,3.4,3.1652965506930575,15,256.0,0.12264069878489862,15,224.0,0.12921748812430645,13,547.0,0.12297680654545746,43,1027.0
3540.0,44,397.0,4.362637362637362,2.168152334404477,13,315.0,0.15290945736573694,19,312.0,0.03509338895033108,12,557.0,0.07172533594466966,44,1184.0
3545.0,39,451.0,5.125,2.8113132792429862,11,371.0,0.1347292821839288,23,423.0,0.06582440690914733,5,484.0,0.13605231287480668,39,1278.0
3550.0,34,395.0,4.593023255813954,3.60544535257671,10,424.0,0.15276540128796395,20,451.0,0.1701165052595973,4,390.0,0.21459240432719942,34,1265.0
3555.0,27,260.0,3.0232558139534884,3.9215311521895773,11,478.0,0.20305677239881012,13,374.0,0.17889365326085338,3,344.0,0.2761767361108209,27,1196.0
3560.0,25,196.0,2.227272727272727,3.3955782394590104,11,478.0,0.19682454945246033,9,428.0,0.14619536931144608,5,364.0,0.24751357394509182,25,1270.0
3565.0,26,178.0,2.0941176470588236,3.3132497707797004,8,430.0,0.21450001477285338,11,480.0,0.1511277165859909,7,398.0,0.23232421939144443,26,1308.0
3570.0,35,234.0,2.689655172413793,2.1134917292971953,8,395.0,0.0897364762897521,14,544.0,0.05918830404495508,13,453.0,0.10539371110232154,35,1392.0
3575.0,41,305.0,3.5057471264367814,2.137790548183557,8,430.0,0.10848141300922463,15,536.0,0.0776243739746368,18,533.0,0.06788259519091487,41,1499.0
3580.0,38,366.0,4.255813953488372,2.4225297783276605,9,476.0,0.1762562533306453,8,439.0,0.13444138132333527,21,632.0,0.10194864690465234,38,1547.0
3585.0,39,321.0,3.689655172413793,2.130131051973867,8,518.0,0.2033385692841897,11,482.0,0.10515240681092042,20,634.0,0.10847174586843113,39,1634.0
3590.0,35,282.0,3.2413793103448274,2.899968227506649,7,507.0,0.22379697574526283,13,547.0,0.14066489238511332,15,540.0,0.1517022843894102,35,1594.0
3595.0,30,225.0,2.5280898876404496,3.043641935151087,6,448.0,0.11893456636449122,9,527.0,0.20795712412039505,15,545.0,0.08497418292459323,30,1520.0
3600.0,27,177.0,1.923913043478261,3.5078717586719317,7,402.0,0.22062310256284942,4,372.0,0.16078975148139107,16,630.0,0.17489942084404925,27,1404.0
