step,system_total_stopped,system_total_waiting_time,system_mean_waiting_time,system_mean_speed,A0_stopped,A0_accumulated_waiting_time,A0_average_speed,B0_stopped,B0_accumulated_waiting_time,B0_average_speed,C0_stopped,C0_accumulated_waiting_time,C0_average_speed,agents_total_stopped,agents_total_accumulated_waiting_time
5.0,0,0.0,0.0,7.482554905305411,0,0.0,0.44305718546716044,0,0.0,0.691115456423492,0,0.0,0.6541795602683534,0,0.0
10.0,0,0.0,0.0,10.36521496278563,0,0.0,0.6980005036461033,0,0.0,0.8986843171421572,0,0.0,0.8255291008466668,0,0.0
15.0,2,4.0,0.2,8.202859736483063,0,0.0,0.6546901744008563,0,0.0,0.32079774086934865,2,4.0,0.38469576890766677,2,4.0
20.0,2,14.0,0.6666666666666666,10.621033003198168,0,0.0,0.8187333394833128,0,0.0,0.9075895993135211,2,14.0,0.5590198314372147,2,14.0
25.0,16,32.0,1.1428571428571428,5.208611165960851,5,2.0,0.4223930442967291,4,2.0,0.4083266406428148,7,28.0,0.2818132794590628,16,32.0
30.0,8,72.0,2.4827586206896552,8.438245768075124,2,12.0,0.6441044970374488,2,12.0,0.7226512798015283,4,48.0,0.47203813411378565,8,72.0
35.0,0,0.0,0.0,8.17290737741359,0,0.0,0.5607039681885055,0,0.0,0.7946376945880231,0,20.0,0.5306489563324571,0,20.0
40.0,6,13.0,0.3170731707317073,8.923245943677165,4,9.0,0.4094968223249406,2,4.0,0.48270127109200955,0,0.0,0.5902910303610911,6,13.0
45.0,9,32.0,0.9696969696969697,6.9886368409678425,2,16.0,0.4828395176898548,5,22.0,0.2595113497193814,2,5.0,0.5697097949290967,9,43.0
50.0,10,55.0,1.4473684210526316,4.746153558720363,2,9.0,0.3543668612747343,6,53.0,0.26994164867563114,2,6.0,0.2930293207346869,10,68.0
55.0,12,105.0,2.625,7.279756810886201,3,12.0,0.48522526867566246,6,85.0,0.5592629777772676,3,12.0,0.4388740535004212,12,109.0
60.0,8,133.0,3.325,7.8164434679655646,2,22.0,0.5069509492149765,6,115.0,0.5487282804352094,0,0.0,0.6935535859488882,8,137.0
65.0,9,147.0,3.0625,6.951857959673028,0,4.0,0.5115082786788673,8,149.0,0.3966151739277846,1,2.0,0.5359859651831598,9,155.0
70.0,10,33.0,0.7333333333333333,5.954187367492493,4,8.0,0.4658280927805353,6,130.0,0.22374690801937117,0,0.0,0.6916180804208062,10,138.0
75.0,12,38.0,0.7755102040816326,5.703485308102013,7,32.0,0.3805117884756581,3,37.0,0.3120185903188146,2,7.0,0.560239403961823,12,76.0
80.0,12,90.0,1.8,7.735396752080124,8,65.0,0.4359269725721929,2,26.0,0.5837945241268118,2,17.0,0.7307562939398272,12,108.0
85.0,23,109.0,1.847457627118644,6.10714641508096,10,89.0,0.38229501686415224,6,29.0,0.46309075027446184,7,28.0,0.5343964892624926,23,146.0
90.0,11,76.0,1.2666666666666666,7.840192025744501,6,91.0,0.4499568342451748,4,47.0,0.6077080315370251,1,10.0,0.6627937754118063,11,148.0
95.0,7,23.0,0.36507936507936506,6.996869495978099,3,87.0,0.36201228635909705,0,20.0,0.5616339574152922,4,15.0,0.4690255870523727,7,122.0
100.0,15,70.0,1.0294117647058822,5.738913600370822,7,112.0,0.2094832682085634,1,7.0,0.5871507618443832,7,42.0,0.24985459499971485,15,161.0
105.0,22,117.0,1.95,4.384919099795615,12,162.0,0.17642931389759767,4,17.0,0.4252697465014149,6,55.0,0.252615883347677,22,234.0
110.0,21,119.0,1.9508196721311475,3.658858993504116,13,189.0,0.10317937498154511,5,42.0,0.2658247697908439,3,50.0,0.33399527044866695,21,281.0
115.0,11,42.0,0.65625,6.142010819834908,7,165.0,0.2511748033634691,1,34.0,0.6522309024391718,3,47.0,0.3729154507214973,11,246.0
120.0,14,47.0,0.734375,6.277898476006652,8,162.0,0.2134118519815472,0,9.0,0.7700940988583973,6,70.0,0.36222018286193863,14,241.0
125.0,14,57.0,0.8382352941176471,5.938869957889899,10,206.0,0.2439104230371087,0,2.0,0.5849535331045266,4,75.0,0.3849184777631487,14,283.0
130.0,9,30.0,0.4918032786885246,5.739416479209186,6,201.0,0.20164832190382992,3,15.0,0.5157468815066689,0,44.0,0.5078725245624466,9,260.0
135.0,12,45.0,0.6923076923076923,4.887588551947209,4,135.0,0.19079660135609425,5,40.0,0.36071813096648336,3,52.0,0.26075686851190244,12,227.0
140.0,10,52.0,0.8,6.5049775047659795,3,86.0,0.273648839084313,1,35.0,0.6297948600243221,6,77.0,0.28238206439608987,10,198.0
145.0,19,82.0,1.1884057971014492,5.378854553357049,3,79.0,0.23144305827653844,2,7.0,0.5864500901669685,14,126.0,0.21920972632288177,19,212.0
150.0,18,156.0,2.4,5.338065349658696,4,90.0,0.3269750210743017,2,11.0,0.41939953488860143,12,185.0,0.28120517351431923,18,286.0
155.0,21,152.0,2.4516129032258065,4.387127591681966,7,117.0,0.2831960684618902,6,32.0,0.043729059347509015,8,188.0,0.2313858000339698,21,337.0
160.0,15,70.0,1.0769230769230769,4.50451815137239,6,117.0,0.18262944521772717,4,39.0,0.3214676648390845,5,128.0,0.2703049614696201,15,284.0
165.0,6,21.0,0.328125,6.428487442638322,4,107.0,0.2765949918116066,0,30.0,0.6995325743966436,2,124.0,0.44592627660754086,6,261.0
170.0,12,40.0,0.547945205479452,6.034002626431383,5,79.0,0.1883697383541039,0,23.0,0.5792766591117301,7,151.0,0.2880778704558636,12,253.0
175.0,18,95.0,1.3768115942028984,5.167467150710191,3,90.0,0.24001991626389874,4,33.0,0.44182955099327503,11,200.0,0.2560967814413483,18,323.0
180.0,20,87.0,1.3384615384615384,3.3964618011055436,6,116.0,0.13362224487552518,3,34.0,0.1786715876290731,11,199.0,0.1570234316014052,20,349.0
185.0,17,92.0,1.3529411764705883,5.1568959325668295,9,158.0,0.2398197513197802,2,18.0,0.3708168657298698,6,128.0,0.3699928235221238,17,304.0
190.0,17,126.0,1.8805970149253732,5.729328882599025,12,210.0,0.2814497212005188,2,20.0,0.5577816268420663,3,132.0,0.42110420418452627,17,362.0
195.0,25,205.0,2.6973684210526314,4.216747542892093,16,276.0,0.17811687814123767,1,5.0,0.3277388719488097,8,160.0,0.2168737553057749,25,441.0
200.0,33,303.0,4.1506849315068495,3.6273808223692092,20,363.0,0.09820255881566285,5,22.0,0.23575322660039036,8,148.0,0.24598221120012642,33,533.0
205.0,35,379.0,5.191780821917808,2.6652707305295498,28,479.0,0.010868402930224189,2,25.0,0.3265481303891556,5,93.0,0.2220161712469206,35,597.0
210.0,35,529.0,7.2465753424657535,4.949524499890011,30,620.0,0.11939947999185861,2,13.0,0.6571201634519951,3,43.0,0.43586808609146516,35,676.0
215.0,27,473.0,6.569444444444445,4.570610645620087,25,669.0,0.11265300250576005,0,2.0,0.7813308607372995,2,42.0,0.391064584324012,27,713.0
220.0,27,403.0,5.166666666666667,4.876970303481515,20,640.0,0.10869586254551553,2,7.0,0.5175818680237235,5,63.0,0.275080243058829,27,710.0
225.0,28,396.0,5.5,5.107908923963588,16,609.0,0.19198021494497214,1,11.0,0.5623517114063724,11,102.0,0.21388649389915101,28,722.0
230.0,23,296.0,4.0,4.46826074651671,11,615.0,0.1998798529857993,1,7.0,0.5308178873562652,11,116.0,0.1706210538367731,23,738.0
235.0,20,215.0,2.986111111111111,6.444206689298507,12,671.0,0.2906940323152174,2,8.0,0.5915204025214933,6,84.0,0.3666908808597331,20,763.0
240.0,11,66.0,1.0,5.201901811871164,4,656.0,0.22404430602791608,5,29.0,0.3377166445651736,2,81.0,0.3083839649503998,11,766.0
245.0,14,48.0,0.6857142857142857,5.52836669130274,4,535.0,0.2501339897226646,3,37.0,0.4305326230035006,7,105.0,0.23014012110973706,14,677.0
250.0,9,25.0,0.38461538461538464,5.66510875035859,3,538.0,0.27128038018838074,0,16.0,0.6200071483890383,6,113.0,0.37734704479967146,9,667.0
255.0,10,38.0,0.5277777777777778,6.412626627105785,7,563.0,0.2563691723090763,1,11.0,0.5395254120284024,2,78.0,0.49145325988756267,10,652.0
260.0,13,86.0,1.2463768115942029,6.067034231336638,10,605.0,0.256340596809114,2,15.0,0.6488944438882839,1,59.0,0.532618800336354,13,679.0
265.0,22,63.0,0.84,3.779774734083797,11,583.0,0.11540636171925803,3,4.0,0.35711299911252425,8,77.0,0.24971102720887117,22,664.0
270.0,12,49.0,0.6805555555555556,5.463664549126772,6,496.0,0.2027089447323198,2,16.0,0.6578560277449119,4,75.0,0.29366691638579845,12,587.0
275.0,8,29.0,0.4264705882352941,5.923752373282552,6,376.0,0.21933647139055412,0,12.0,0.6847582253051598,2,38.0,0.2876184091649357,8,426.0
280.0,11,56.0,0.7567567567567568,7.459525891549095,7,290.0,0.259007051594833,2,11.0,0.7511611220804326,2,21.0,0.4175727563272813,11,322.0
285.0,4,7.0,0.0945945945945946,7.747384594735496,3,279.0,0.3595162675346886,0,2.0,0.7543833562947495,1,17.0,0.550835927059509,4,298.0
290.0,11,37.0,0.4868421052631579,6.4842499919225896,4,282.0,0.3315949475333652,3,10.0,0.26190397286555145,4,32.0,0.31698341041419253,11,324.0
295.0,14,68.0,1.0303030303030303,5.351823654246402,4,257.0,0.3787572864059152,3,20.0,0.19201467444372047,7,62.0,0.20226963549084312,14,339.0
300.0,14,101.0,1.8035714285714286,4.6777266772088,2,191.0,0.30318732593023795,0,15.0,0.41373313234280423,12,114.0,0.248046367051487,14,320.0
305.0,19,176.0,2.626865671641791,5.619478472851018,4,90.0,0.3739001443504637,2,14.0,0.4739001859246766,13,179.0,0.2933149939980131,19,283.0
310.0,18,149.0,2.041095890410959,5.86702788592385,3,62.0,0.4291991845491584,7,35.0,0.4691795303863162,8,186.0,0.2744954333129106,18,283.0
315.0,14,90.0,1.1538461538461537,5.640514771303404,0,39.0,0.3098420155599812,7,68.0,0.4197538061774076,7,148.0,0.264732617919579,14,255.0
320.0,19,68.0,0.8395061728395061,5.693723167953513,5,47.0,0.2956095829286856,10,78.0,0.32693404181768226,4,165.0,0.30219467310346654,19,290.0
325.0,29,127.0,1.5679012345679013,4.762297496769919,10,85.0,0.2262945818529527,9,89.0,0.26094347057042083,10,201.0,0.21435907864986775,29,375.0
330.0,28,187.0,2.367088607594937,4.439042494268956,6,98.0,0.31256844299050573,9,100.0,0.20750017388734623,13,260.0,0.2835010071004058,28,458.0
335.0,30,222.0,2.707317073170732,3.829756063869211,5,76.0,0.3303292473073115,9,117.0,0.2614265892396903,16,337.0,0.12893422679883107,30,530.0
340.0,28,186.0,2.0217391304347827,4.44620731544569,7,60.0,0.30185032718123916,6,104.0,0.26018939938408664,15,351.0,0.14509583561588302,28,515.0
345.0,18,97.0,1.0543478260869565,4.812006725397547,3,71.0,0.26452544360496966,7,118.0,0.26398869536485936,8,251.0,0.2610247328102694,18,440.0
350.0,21,105.0,1.1170212765957446,4.0908525378544605,7,98.0,0.13387800683555695,9,127.0,0.20795351034558926,5,265.0,0.2842542385259371,21,490.0
355.0,25,75.0,0.7894736842105263,3.6186606786937947,5,103.0,0.22328572814895903,13,148.0,0.16094929049750217,7,296.0,0.23136792800155115,25,547.0
360.0,20,69.0,0.75,3.9521781755263943,2,75.0,0.21884984835520674,12,158.0,0.21287802704302236,6,274.0,0.18198752067315627,20,507.0
365.0,16,87.0,0.925531914893617,4.934918615935221,1,73.0,0.22502903596383278,11,178.0,0.2743150041397842,4,197.0,0.2056481803261528,16,448.0
370.0,15,75.0,0.8152173913043478,4.548771945859232,3,84.0,0.18490374667885848,10,193.0,0.22189009848693106,2,196.0,0.2427191519674504,15,473.0
375.0,29,120.0,1.348314606741573,3.7563630569795383,6,109.0,0.17059797368803836,14,187.0,0.16235939476017744,9,226.0,0.22150027671202693,29,522.0
380.0,31,162.0,1.8202247191011236,2.978171125950859,7,123.0,0.24655429509538188,11,223.0,0.12227723009806746,13,283.0,0.21791130376022197,31,629.0
385.0,37,224.0,2.3092783505154637,3.140224891512215,6,105.0,0.21477885239773842,9,225.0,0.18522134765593667,22,366.0,0.06022946213943262,37,696.0
390.0,35,310.0,3.163265306122449,3.0316260929505274,6,129.0,0.18369294639027484,7,215.0,0.15782891534023627,22,468.0,0.1098308011305726,35,812.0
395.0,40,316.0,3.2577319587628866,2.7672733128760187,9,169.0,0.17744519681738216,13,185.0,0.11797218077098125,18,493.0,0.19401671036086904,40,847.0
400.0,30,170.0,1.6504854368932038,3.1348013600886606,6,177.0,0.20803652954324464,12,207.0,0.14715002074681913,12,368.0,0.19991885136131216,30,752.0
405.0,20,86.0,0.8349514563106796,4.757411526428969,3,150.0,0.3079295813362538,9,171.0,0.2623815388476195,8,404.0,0.21447463811089768,20,725.0
410.0,18,76.0,0.7169811320754716,4.780599985528537,2,101.0,0.2127063657928425,5,185.0,0.3136021369350367,11,458.0,0.13903996930983914,18,744.0
415.0,30,147.0,1.4848484848484849,4.0041105755316115,2,85.0,0.3048482652563902,12,185.0,0.22172871887883205,16,525.0,0.20686619766631908,30,795.0
420.0,37,287.0,2.9285714285714284,3.0262173110197295,2,66.0,0.32234144284491256,14,200.0,0.12500282383101902,21,621.0,0.09392991662458183,37,887.0
425.0,47,501.0,4.8173076923076925,2.8993308889858747,3,74.0,0.3396605251357786,18,263.0,0.10095634496630715,26,742.0,0.09746411045343403,47,1079.0
430.0,56,748.0,7.333333333333333,2.6463926401859053,3,72.0,0.3774253142314118,24,370.0,0.10928118177193802,29,882.0,0.10262847200603249,56,1324.0
435.0,57,886.0,8.51923076923077,2.388817559836205,2,59.0,0.28709987930867503,21,425.0,0.16613117872442487,34,1042.0,0.04634088897939934,57,1526.0
440.0,49,763.0,7.266666666666667,3.26097610639567,2,40.0,0.29305132476617046,14,397.0,0.20566663480656094,33,1086.0,0.08506490448770364,49,1523.0
445.0,39,511.0,4.6880733944954125,3.228407329823064,4,31.0,0.21741145242934684,8,400.0,0.19722390658880165,27,980.0,0.07645038770905081,39,1411.0
450.0,40,433.0,4.046728971962617,3.7170826551005445,4,44.0,0.24084344310917855,18,467.0,0.16276782453714883,18,769.0,0.17918202882589948,40,1280.0
455.0,44,454.0,4.165137614678899,3.318156808463965,7,71.0,0.1587211629476755,28,579.0,0.13857325659363057,9,821.0,0.1992114836115612,44,1471.0
460.0,49,522.0,4.619469026548672,2.9854155548674597,9,112.0,0.1478423191368196,29,657.0,0.09778469992813045,11,871.0,0.19212669049838604,49,1640.0
465.0,48,552.0,5.064220183486238,2.9161134456949185,14,173.0,0.13626655897668327,27,656.0,0.0693261472720942,7,821.0,0.22938154291256893,48,1650.0
470.0,40,471.0,4.321100917431193,2.529896954864529,16,218.0,0.05216706854564558,19,727.0,0.14322376482333554,5,666.0,0.18254185948117915,40,1611.0
475.0,38,370.0,3.3333333333333335,3.2723963919100365,15,245.0,0.18366362969393676,18,728.0,0.22073309100016286,5,687.0,0.21797574735746061,38,1660.0
480.0,45,371.0,3.254385964912281,2.840520989117254,14,299.0,0.22298570513478694,22,715.0,0.12596266160952208,9,723.0,0.12738057708756112,45,1737.0
485.0,41,266.0,2.293103448275862,2.8203949310928436,13,367.0,0.23565942398168216,20,732.0,0.09721475409347025,8,666.0,0.12699172302376371,41,1765.0
490.0,34,197.0,1.790909090909091,3.4841233169551695,13,435.0,0.21005148983058528,14,656.0,0.18942036304916754,7,459.0,0.21035577103455175,34,1550.0
495.0,17,78.0,0.6902654867256637,3.7208891468167535,9,449.0,0.09682407115359085,5,653.0,0.25251894854334833,3,316.0,0.20972294260398935,17,1418.0
500.0,19,82.0,0.7321428571428571,4.8831915201329235,7,383.0,0.24961315660820135,10,611.0,0.3032190609103133,2,206.0,0.3564690468471684,19,1200.0
505.0,24,69.0,0.5702479338842975,4.246602953834251,9,361.0,0.20388549768386527,10,539.0,0.21630943194674976,5,199.0,0.2895738241757096,24,1099.0
510.0,27,93.0,0.775,4.29828228859461,7,384.0,0.23380805388476114,12,448.0,0.13475615612484163,8,229.0,0.2698208170693909,27,1061.0
515.0,30,140.0,1.2612612612612613,4.275945360011762,9,417.0,0.16395690700436805,13,400.0,0.1489776763467148,8,223.0,0.2256672926318329,30,1040.0
520.0,26,116.0,1.1153846153846154,4.0204537737853006,5,411.0,0.1733476541481704,14,410.0,0.19884256622217955,7,164.0,0.20394977194138028,26,985.0
525.0,19,67.0,0.67,4.62786913067819,3,359.0,0.3499689762940497,13,372.0,0.2505910229430222,3,165.0,0.29803038323479575,19,896.0
530.0,29,132.0,1.1891891891891893,4.176888373752622,2,336.0,0.3249788628659631,20,310.0,0.18160031670923488,7,190.0,0.19441739600161248,29,836.0
535.0,38,265.0,2.4311926605504586,3.7462692570057503,4,351.0,0.3565845500444059,20,330.0,0.17237237441863365,14,243.0,0.18375452825674538,38,924.0
540.0,42,270.0,2.5233644859813085,2.7281288320653885,8,379.0,0.23135239653631706,20,356.0,0.15219354374658417,14,246.0,0.11407490805198817,42,981.0
545.0,40,242.0,2.18018018018018,3.4706677786707063,15,440.0,0.14581357730382316,14,277.0,0.2033825389860985,11,181.0,0.17194925905626218,40,898.0
550.0,31,212.0,1.9813084112149533,4.275076581541019,15,464.0,0.11737913368194104,9,262.0,0.286535345657256,7,135.0,0.23764063563006704,31,861.0
555.0,30,213.0,1.9189189189189189,4.984855565620758,11,417.0,0.12260621090530194,13,251.0,0.40022643727645846,6,146.0,0.25751514557105815,30,814.0
560.0,29,159.0,1.5,4.254662012041206,11,461.0,0.1332129853303868,10,253.0,0.23614815883241866,8,179.0,0.22492537860896225,29,893.0
565.0,33,136.0,1.3203883495145632,3.283998609403941,18,531.0,0.09092626102845654,9,217.0,0.124055924061447,6,182.0,0.17982942687635695,33,930.0
570.0,25,101.0,1.01,3.747325107194289,14,544.0,0.18592584368714263,6,228.0,0.25679647546876566,5,153.0,0.2541399222135164,25,925.0
575.0,20,66.0,0.6470588235294118,4.59298294784048,4,452.0,0.18933996817110538,10,200.0,0.33680164197406426,6,165.0,0.210092700171311,20,817.0
580.0,28,159.0,1.485981308411215,5.0702104002905894,4,312.0,0.21178643815443643,14,252.0,0.271966111850485,10,203.0,0.15447708028579518,28,767.0
585.0,37,315.0,3.15,4.668954153800418,3,204.0,0.2563373935710807,18,336.0,0.2121225802605309,16,270.0,0.15911776494341742,37,810.0
590.0,35,277.0,2.797979797979798,2.9384535379640626,0,187.0,0.22183886166536732,19,368.0,0.07606008962067873,16,293.0,0.0762502724250019,35,848.0
595.0,29,156.0,1.625,4.704447164851641,3,197.0,0.371453614237063,15,333.0,0.19649219020965544,11,262.0,0.2674779166030137,29,792.0
600.0,21,130.0,1.3978494623655915,5.164404904241613,6,221.0,0.36307156791379175,8,317.0,0.30306681246830297,7,190.0,0.25103455856523316,21,728.0
605.0,24,135.0,1.35,5.625645645966269,6,203.0,0.29838584932426054,11,347.0,0.3208505994084829,7,162.0,0.3634628410997451,24,712.0
610.0,18,49.0,0.48514851485148514,4.993224063251516,6,170.0,0.2529442140468693,10,331.0,0.24979744063612225,2,120.0,0.3503913187601253,18,621.0
615.0,21,75.0,0.7352941176470589,4.518866236541456,4,193.0,0.20405876350745658,11,260.0,0.166572636154156,6,128.0,0.3799317262089581,21,581.0
620.0,28,168.0,1.6470588235294117,4.580131044920233,8,227.0,0.3097449426221358,10,211.0,0.16912274736123584,10,170.0,0.29179042576865016,28,608.0
625.0,38,243.0,2.3823529411764706,3.2347492407211966,11,268.0,0.25631495319924374,16,237.0,0.19843566961785944,11,178.0,0.150997784133653,38,683.0
630.0,33,246.0,2.342857142857143,3.691390878068602,12,324.0,0.22137813385044902,14,274.0,0.24208282633065392,7,144.0,0.26198383782481643,33,742.0
635.0,38,286.0,2.6481481481481484,4.122126063845827,18,402.0,0.11567528008257713,13,275.0,0.2534318961776639,7,106.0,0.26945554000073,38,783.0
640.0,36,270.0,2.4324324324324325,4.118955034124722,19,430.0,0.06633722519481405,13,262.0,0.22276513071142634,4,112.0,0.34820114173294203,36,804.0
645.0,34,223.0,2.123809523809524,4.476149043462889,16,406.0,0.14072774081016837,14,291.0,0.2129223321615066,4,126.0,0.3575712376334769,34,823.0
650.0,34,182.0,1.82,3.1697559473174537,14,482.0,0.13783200466053055,14,278.0,0.14443509928280318,6,127.0,0.2348586483355345,34,887.0
655.0,33,192.0,1.8640776699029127,3.6855931592601245,18,567.0,0.1644363027962286,10,304.0,0.19582746905265716,5,109.0,0.27278563178543724,33,980.0
660.0,31,226.0,2.1941747572815533,3.883165021207778,20,664.0,0.05089743628307409,8,283.0,0.233716793541627,3,86.0,0.3206016325774528,31,1033.0
665.0,29,153.0,1.4433962264150944,3.478427789315814,16,686.0,0.09077329918416195,12,284.0,0.1334557637885717,1,69.0,0.41357798796478284,29,1039.0
670.0,25,112.0,1.0666666666666667,4.39523354707236,8,585.0,0.21594914439231977,13,256.0,0.16867117670025272,4,81.0,0.40934484928804926,25,922.0
675.0,26,84.0,0.7706422018348624,4.199665235029606,6,452.0,0.2474958393927527,13,254.0,0.19235000872478356,7,88.0,0.2704032029906295,26,794.0
680.0,23,84.0,0.7924528301886793,5.1128969115421965,7,371.0,0.2903924302703903,13,231.0,0.2384685360937212,3,70.0,0.27732924387033986,23,672.0
685.0,28,116.0,1.0943396226415094,4.668837232097631,8,384.0,0.18687730557993226,15,269.0,0.23650301141693025,5,78.0,0.23089678382709278,28,731.0
690.0,32,148.0,1.4509803921568627,4.477498607588424,8,420.0,0.19966793396985485,18,294.0,0.13735815208817748,6,96.0,0.28782501049423426,32,810.0
695.0,41,223.0,2.4239130434782608,3.60630476481907,10,470.0,0.24922375985549494,21,271.0,0.0985428049930629,10,136.0,0.27938026890822604,41,877.0
700.0,26,147.0,1.53125,3.6652286918254284,8,453.0,0.2574478305422297,10,298.0,0.15190197816068043,8,147.0,0.2980919009591417,26,898.0
705.0,19,75.0,0.7653061224489796,4.9670900755783265,7,373.0,0.28422192351497433,7,292.0,0.2790579990605141,5,122.0,0.321343262416216,19,787.0
710.0,25,114.0,1.1067961165048543,5.274431985924235,6,273.0,0.2211833450274923,13,290.0,0.2872094586065835,6,150.0,0.23619386145671548,25,713.0
715.0,32,198.0,1.9603960396039604,4.665637940932791,6,296.0,0.23077159109312131,18,359.0,0.16192234899550995,8,180.0,0.24801810576664027,32,835.0
720.0,34,211.0,2.24468085106383,3.3570740875783223,9,336.0,0.1283652059531487,19,389.0,0.06562909718222582,6,174.0,0.17650668461281838,34,899.0
725.0,35,202.0,2.21978021978022,4.360286085367512,10,387.0,0.23262029918945532,19,366.0,0.18803302297048716,6,149.0,0.376546176151818,35,902.0
730.0,22,154.0,1.6559139784946237,5.371048917698313,7,365.0,0.3385098059775514,13,298.0,0.2421911050939898,2,105.0,0.4978693571181909,22,768.0
735.0,20,121.0,1.1862745098039216,5.208927577424897,7,295.0,0.31062540945273037,12,274.0,0.2952441886399466,1,88.0,0.37912822473588326,20,657.0
740.0,27,193.0,1.838095238095238,5.125050991293835,8,319.0,0.29856941645943724,14,235.0,0.28035063252464065,5,106.0,0.3541971670242014,27,660.0
745.0,40,305.0,2.824074074074074,3.792309037377378,13,367.0,0.19855707570542472,19,275.0,0.23819393682260556,8,105.0,0.19923316734341118,40,747.0
750.0,34,241.0,2.295238095238095,3.499355644592679,10,367.0,0.19017694934004103,19,321.0,0.15836699444031624,5,78.0,0.28271659496481855,34,766.0
755.0,25,135.0,1.3235294117647058,4.081556647014016,5,296.0,0.14715687207483855,17,308.0,0.21537848371858742,3,81.0,0.2657844637594461,25,685.0
760.0,20,119.0,1.1442307692307692,5.24115095173191,4,186.0,0.18570198277349234,10,259.0,0.2996675938812362,6,105.0,0.2174935637991806,20,550.0
765.0,16,80.0,0.8080808080808081,4.953668542450629,2,184.0,0.26014173817949937,9,271.0,0.2697944408094891,5,104.0,0.2564191398810473,16,559.0
770.0,19,74.0,0.7551020408163265,4.373079590325697,7,211.0,0.1934955025599982,8,246.0,0.2480419700774593,4,75.0,0.27422294429646443,19,532.0
775.0,20,69.0,0.7040816326530612,4.862948301557388,7,210.0,0.28222420527981085,8,221.0,0.280493274184913,5,61.0,0.2922337641875152,20,492.0
780.0,16,52.0,0.5252525252525253,5.373423094685411,3,164.0,0.22955481660803473,9,159.0,0.29729638651432116,4,61.0,0.3383473971634412,16,384.0
785.0,16,66.0,0.6470588235294118,5.654502024393964,5,112.0,0.25805961743090056,7,159.0,0.2591315007184976,4,59.0,0.43455688709106866,16,330.0
790.0,17,114.0,1.1176470588235294,6.036215343254819,2,90.0,0.38890117505743205,11,155.0,0.253870710148938,4,74.0,0.5129184637739265,17,319.0
795.0,26,209.0,1.971698113207547,5.771689149726472,4,68.0,0.3874796542634247,15,191.0,0.19318923812016964,7,92.0,0.4786855042909392,26,351.0
800.0,22,207.0,2.0097087378640777,5.990785976109065,0,39.0,0.5649646094682383,16,209.0,0.16981149495117315,6,117.0,0.5007889444127727,22,365.0
805.0,31,233.0,2.284313725490196,5.3717072459135915,5,39.0,0.32957098166026616,15,177.0,0.17852323102552556,11,148.0,0.3032792766802413,31,364.0
810.0,21,89.0,0.9468085106382979,4.820578115841821,10,76.0,0.16798482622282576,8,214.0,0.23623072654810764,3,103.0,0.3343210111496595,21,393.0
815.0,24,97.0,1.1022727272727273,4.426574878207745,9,104.0,0.21949413074556987,11,223.0,0.1564240442178573,4,28.0,0.4262567025712139,24,355.0
820.0,29,155.0,1.6666666666666667,5.577024083273169,7,86.0,0.39379627355068525,16,273.0,0.17006677828167083,6,44.0,0.4653493709043619,29,403.0
825.0,27,206.0,2.3146067415730336,5.051219978465791,3,83.0,0.40358646990842006,21,353.0,0.154339738713367,3,45.0,0.5093952030522351,27,481.0
830.0,27,207.0,2.225806451612903,4.421179678748189,8,112.0,0.22284424361458602,19,393.0,0.19808653354821584,0,27.0,0.37048191121976004,27,532.0
835.0,30,204.0,2.292134831460674,4.742924582379139,16,177.0,0.14957750028721264,11,352.0,0.2625094615276898,3,11.0,0.3943838785952257,30,540.0
840.0,27,204.0,2.3448275862068964,4.23971100191442,21,272.0,0.05885120961986017,6,354.0,0.23836537910198197,0,1.0,0.401207728567984,27,627.0
845.0,33,237.0,2.6333333333333333,3.937863868928715,18,317.0,0.1606179692162355,10,375.0,0.1410429718432644,5,16.0,0.3713668376363489,33,708.0
850.0,24,146.0,1.6590909090909092,4.117584217082234,10,289.0,0.24225365864321832,11,364.0,0.14553012744330454,3,29.0,0.4020850153793267,24,682.0
855.0,20,96.0,1.032258064516129,4.299108140817117,9,337.0,0.14150704138784995,9,295.0,0.2439256946295864,2,25.0,0.2904187892629065,20,657.0
860.0,21,101.0,1.074468085106383,5.108927064966499,14,399.0,0.13833336052927225,5,251.0,0.29891177764783056,2,20.0,0.44774145053139597,21,670.0
865.0,33,141.0,1.5494505494505495,3.8580939599290343,21,486.0,0.06851953814391351,8,252.0,0.2554237208846046,4,11.0,0.37584325699929944,33,749.0
870.0,26,143.0,1.5714285714285714,4.089871776543724,14,503.0,0.13393332062649507,7,221.0,0.14853059713594183,5,31.0,0.4620915090030949,26,755.0
875.0,27,127.0,1.4431818181818181,3.9021815567418274,9,406.0,0.14059646094916256,10,168.0,0.18803108338946542,8,63.0,0.16863925897944146,27,637.0
880.0,29,201.0,2.208791208791209,5.0710745836630755,7,303.0,0.1992483303742824,9,126.0,0.32963081651318304,13,115.0,0.12123981505265018,29,544.0
885.0,22,133.0,1.528735632183908,5.425584685688824,8,247.0,0.3145703280015363,7,129.0,0.3134038518414747,7,126.0,0.27984674062854015,22,502.0
890.0,16,48.0,0.5517241379310345,5.188543686635532,5,234.0,0.2767921202404193,9,105.0,0.2690939735593368,2,79.0,0.4749058370351429,16,418.0
895.0,22,64.0,0.7032967032967034,5.696132174498165,8,267.0,0.33276165378069145,12,132.0,0.219175872091239,2,57.0,0.5606712638068333,22,456.0
900.0,22,109.0,1.2247191011235956,5.2487489280484585,10,308.0,0.2342226404144904,7,130.0,0.24461397958162767,5,74.0,0.21854090972209436,22,512.0
905.0,32,216.0,2.511627906976744,3.23920597240882,15,369.0,0.14815756732109225,7,129.0,0.13280112981451175,10,115.0,0.1601580920845325,32,613.0
910.0,43,375.0,4.62962962962963,2.6586898234853753,20,457.0,0.18606963595884124,10,136.0,0.1100628118865142,13,177.0,0.2755433247949222,43,770.0
915.0,43,477.0,5.241758241758242,3.0336177151616406,22,561.0,0.1574930689310443,14,172.0,0.10432354170076787,7,176.0,0.3357037219492783,43,909.0
920.0,35,355.0,3.858695652173913,3.411364477546155,21,588.0,0.131882199008068,13,199.0,0.15680299508805856,1,102.0,0.43623278137764965,35,889.0
925.0,37,258.0,2.606060606060606,3.986944162644295,21,523.0,0.07536730018452291,12,200.0,0.24186625793812097,4,73.0,0.23875065088425412,37,796.0
930.0,28,198.0,2.0625,4.5134134391711855,16,601.0,0.12287929336104629,4,202.0,0.30170468778462,8,100.0,0.249932435213113,28,903.0
935.0,40,274.0,3.0444444444444443,3.341449719265898,19,688.0,0.1263519193229035,8,204.0,0.1861706118339797,13,156.0,0.17900125638375114,40,1048.0
940.0,40,267.0,2.870967741935484,2.6063008100857608,19,781.0,0.12128211529835102,10,210.0,0.10009697285592141,11,169.0,0.22131985251247857,40,1160.0
945.0,31,234.0,2.5434782608695654,3.76482620200101,18,877.0,0.12832967658467165,9,173.0,0.16245259972310364,4,113.0,0.3233710134358067,31,1163.0
950.0,31,300.0,3.225806451612903,3.322720639373096,24,981.0,0.03417778016826965,5,191.0,0.24247064239134708,2,100.0,0.2285831475488873,31,1272.0
955.0,35,311.0,3.3440860215053765,3.6655671374027,21,983.0,0.08164265066378795,7,189.0,0.23616041249716388,7,127.0,0.3300532702721706,35,1299.0
960.0,35,246.0,2.6739130434782608,3.280008944380806,14,862.0,0.1316621521603642,14,221.0,0.14371436440220334,7,130.0,0.28785127370503993,35,1213.0
965.0,40,291.0,3.03125,4.2455701428883605,13,674.0,0.2265737484997705,21,311.0,0.22897525645913827,6,92.0,0.28089679194989137,40,1077.0
970.0,32,265.0,2.731958762886598,4.325267606409675,12,719.0,0.21738820516028706,18,350.0,0.2679452287952348,2,97.0,0.2590822023032659,32,1166.0
975.0,29,205.0,2.05,4.879378769076004,11,779.0,0.1128892271780624,9,296.0,0.31835015077718415,9,128.0,0.20967207903414894,29,1203.0
980.0,28,157.0,1.7840909090909092,4.3122108905596805,15,846.0,0.14876292896881557,4,184.0,0.2404278407251626,9,129.0,0.21511092425517234,28,1159.0
985.0,27,98.0,1.1529411764705881,3.5680088222086956,13,807.0,0.10122527138427732,5,196.0,0.2691805694456333,9,94.0,0.19769048913119733,27,1097.0
990.0,16,72.0,0.8571428571428571,6.1217226478745355,8,675.0,0.29804969229774764,6,209.0,0.37195951805355015,2,48.0,0.5311867175622715,16,932.0
995.0,19,55.0,0.6043956043956044,5.7402455779536465,6,610.0,0.2539555614336801,10,209.0,0.36692180539408664,3,42.0,0.4851191369563782,19,861.0
1000.0,25,92.0,0.9484536082474226,5.03238943275469,9,653.0,0.16342046392799947,8,141.0,0.24954483084876675,8,68.0,0.25348924159732034,25,862.0
1005.0,35,225.0,2.5,4.2069091883405525,12,709.0,0.1219766024176477,10,98.0,0.19386062297346573,13,123.0,0.21865392439755668,35,930.0
1010.0,44,425.0,5.120481927710843,3.4823455104958576,16,781.0,0.07027607218362503,13,150.0,0.2132742114622669,15,194.0,0.11848279914373783,44,1125.0
1015.0,38,420.0,5.3164556962025316,2.99011568223649,19,867.0,0.10425947400866659,8,160.0,0.1485946071388651,11,209.0,0.22131523527512217,38,1236.0
1020.0,22,200.0,2.5974025974025974,3.88955711712649,15,850.0,0.10983020577573133,6,98.0,0.29797193178329967,1,133.0,0.397012650053395,22,1081.0
1025.0,20,125.0,1.4534883720930232,5.074008287510729,12,645.0,0.1920668007373445,6,112.0,0.394529901968052,2,139.0,0.4405818223217076,20,896.0
1030.0,26,150.0,1.6853932584269662,5.1346015726899665,12,667.0,0.16174557077190976,6,120.0,0.41839976154414565,8,167.0,0.27361510921315935,26,954.0
1035.0,36,204.0,2.217391304347826,3.9404346654459688,18,742.0,0.07198520600290693,5,105.0,0.2632828856624514,13,224.0,0.10913234708803221,36,1071.0
1040.0,40,340.0,4.096385542168675,3.443655725758217,17,829.0,0.19601160290582448,7,58.0,0.19026137312186456,16,305.0,0.25537544887244457,40,1192.0
1045.0,45,378.0,4.295454545454546,3.2586257618728864,18,912.0,0.1912735893641653,12,97.0,0.1692709139067042,15,305.0,0.22738668170858914,45,1314.0
1050.0,36,328.0,3.5652173913043477,3.3029361216533144,18,995.0,0.18329727120962938,12,124.0,0.13104789455569502,6,222.0,0.30306157876114376,36,1341.0
1055.0,35,388.0,4.08421052631579,3.746734865723173,26,1109.0,0.06251173115975825,6,109.0,0.30510885286012235,3,109.0,0.25852246068706114,35,1327.0
1060.0,35,513.0,5.13,4.6506269790710855,32,1255.0,0.03376303975429924,2,74.0,0.44602313700201063,1,97.0,0.33883485814354886,35,1426.0
1065.0,38,479.0,5.150537634408602,3.9982726016045036,29,1271.0,0.06763737750412528,2,51.0,0.3324615007875516,7,116.0,0.2761549732923363,38,1438.0
1070.0,37,366.0,4.021978021978022,3.1247380679917924,22,1134.0,0.1344612387726809,8,75.0,0.2296437184024236,7,110.0,0.16070251282567863,37,1319.0
1075.0,32,352.0,3.8260869565217392,5.024354456802691,16,906.0,0.2670480905547454,12,132.0,0.3372580648569903,4,67.0,0.31005225965424327,32,1105.0
1080.0,33,385.0,4.010416666666667,5.362010117468247,13,936.0,0.2301034731646122,18,212.0,0.31381667783094686,2,35.0,0.4599570146453693,33,1183.0
1085.0,33,321.0,3.1782178217821784,5.334357635319913,12,999.0,0.19358929370634545,17,249.0,0.28545234328732605,4,37.0,0.5142863511385879,33,1285.0
1090.0,30,215.0,2.3118279569892475,4.717592314110321,16,1069.0,0.15691958122937244,12,239.0,0.22244006066406838,2,16.0,0.5027048813216393,30,1324.0
1095.0,30,206.0,2.3146067415730336,3.704389131439779,21,1161.0,0.09122771755496137,6,265.0,0.15664327845529788,3,15.0,0.29917213665434567,30,1441.0
1100.0,35,248.0,2.9879518072289155,3.4479668985135508,20,1135.0,0.1862577429435975,9,283.0,0.1547702272162261,6,36.0,0.38144843774072945,35,1454.0
1105.0,39,260.0,2.9213483146067416,3.5577998468326557,15,956.0,0.16995375327967135,16,335.0,0.15470782358515356,8,61.0,0.39117615994104316,39,1352.0
1110.0,40,333.0,3.7,3.381894206756131,14,942.0,0.1801557805671649,21,424.0,0.1635657431114791,5,86.0,0.3987851853460913,40,1452.0
1115.0,44,485.0,5.271739130434782,3.0975495340821624,13,1009.0,0.11627682629352863,24,540.0,0.10129591411562057,7,118.0,0.33053430670950223,44,1667.0
1120.0,38,358.0,3.849462365591398,2.749288009551172,15,966.0,0.1073818011179343,19,563.0,0.036440536486522485,4,92.0,0.35091722443915757,38,1621.0
1125.0,17,158.0,1.7752808988764044,5.060886460177321,6,812.0,0.19945771532416415,11,474.0,0.25425124197724924,0,23.0,0.5583218485805899,17,1309.0
1130.0,11,43.0,0.4673913043478261,6.068591787511211,6,822.0,0.13418164019987058,3,305.0,0.47194880240516485,2,6.0,0.4542585536718173,11,1133.0
1135.0,15,76.0,0.8444444444444444,6.397463082736431,9,859.0,0.14592096770735424,3,207.0,0.6277991886431425,3,6.0,0.3863861343731975,15,1072.0
1140.0,20,110.0,1.375,4.540090232312451,13,912.0,0.0910637605571199,2,146.0,0.26403667299582256,5,29.0,0.30966734974060683,20,1087.0
1145.0,21,98.0,1.2564102564102564,4.0712527129924245,13,877.0,0.15270782454574688,7,133.0,0.20542937923391846,1,27.0,0.460374107888148,21,1037.0
1150.0,18,104.0,1.3506493506493507,5.189530635443554,11,734.0,0.2073633542125405,7,164.0,0.3278132386369142,0,4.0,0.6828987628299449,18,902.0
1155.0,16,60.0,0.6818181818181818,5.2149238445643755,10,520.0,0.1418095911360396,3,138.0,0.4364149410045119,3,10.0,0.5320284251988294,16,668.0
1160.0,15,49.0,0.5268817204301075,5.844503361415727,9,561.0,0.20114292211036322,2,27.0,0.47591386662043483,4,27.0,0.4372163512643989,15,615.0
1165.0,22,48.0,0.5161290322580645,4.418459623736232,12,612.0,0.15438572485618796,3,25.0,0.33552812360482437,7,32.0,0.15591706185673962,22,669.0
1170.0,20,70.0,0.8235294117647058,4.64371277438323,8,566.0,0.21099659349883593,10,57.0,0.22515126156540088,2,17.0,0.5345976348643439,20,640.0
1175.0,23,114.0,1.3255813953488371,4.631949006314808,4,419.0,0.21492636004559648,16,121.0,0.2353939000332028,3,14.0,0.4788009209868353,23,554.0
1180.0,22,133.0,1.3854166666666667,5.158294334547174,3,244.0,0.21724218485503322,12,154.0,0.28849195904041103,7,42.0,0.38112591125737133,22,440.0
1185.0,14,53.0,0.5698924731182796,5.188848976398247,2,241.0,0.2401597941523411,8,147.0,0.2648316472464901,4,48.0,0.3511217671491943,14,436.0
1190.0,15,51.0,0.5604395604395604,5.562750478051425,8,268.0,0.1757885978691928,5,116.0,0.35950336167314817,2,20.0,0.28845143687791974,15,404.0
1195.0,17,88.0,1.035294117647059,6.30039915267797,7,234.0,0.18867331169449264,7,100.0,0.43765407514282695,3,13.0,0.5320060575332516,17,347.0
1200.0,16,34.0,0.425,5.42111456442123,7,177.0,0.17804397235295766,7,101.0,0.3627881706296746,2,3.0,0.33593760793780103,16,281.0
1205.0,16,55.0,0.6790123456790124,5.441316497497296,4,176.0,0.2598786370622173,7,86.0,0.2964766675991737,5,23.0,0.44167820526291546,16,285.0
1210.0,18,105.0,1.2962962962962963,5.928006049134992,8,207.0,0.282552518897888,10,109.0,0.3049434270353235,0,22.0,0.6393544152672648,18,338.0
1215.0,24,138.0,1.6428571428571428,4.626325233577293,15,266.0,0.15426797984696275,7,113.0,0.2663796474205745,2,5.0,0.5828766335864991,24,384.0
1220.0,23,128.0,1.4883720930232558,4.771874302458337,15,279.0,0.12504854153985104,6,70.0,0.265531932136659,2,15.0,0.6770333741138818,23,364.0
1225.0,24,79.0,0.8777777777777778,4.662529244687455,15,238.0,0.13842166151320678,5,72.0,0.275369194237522,4,2.0,0.343601121732736,24,312.0
1230.0,23,91.0,1.0224719101123596,4.977833394856774,10,270.0,0.2275347078003704,8,76.0,0.2565679996504901,5,21.0,0.42392833642067945,23,367.0
1235.0,29,128.0,1.4222222222222223,4.157212356161267,12,321.0,0.13871730731263962,11,88.0,0.16099942768385828,6,48.0,0.4855324920937217,29,457.0
1240.0,21,74.0,0.8131868131868132,3.8470147297591217,11,329.0,0.1072353419492441,9,83.0,0.10659971191208212,1,42.0,0.4365493730554978,21,454.0
1245.0,14,80.0,0.9523809523809523,5.71165672394136,7,279.0,0.17550869689353601,7,93.0,0.38450370877051543,0,4.0,0.6066667451030083,14,376.0
1250.0,6,16.0,0.18823529411764706,6.144634703702687,2,204.0,0.18733499270765172,3,83.0,0.4792298498583552,1,1.0,0.4557595232179516,6,288.0
1255.0,11,32.0,0.38095238095238093,6.365203972975081,2,197.0,0.3004521338997372,8,62.0,0.4041289989363789,1,2.0,0.7450784826892414,11,261.0
1260.0,22,106.0,1.2325581395348837,5.970797041582778,9,230.0,0.1794775321036127,13,100.0,0.31187745562165914,0,2.0,0.7345227362944462,22,332.0
1265.0,21,94.0,1.0930232558139534,4.6792337071218,8,230.0,0.17701794448755517,13,130.0,0.17435390393314096,0,0.0,0.7625435430947828,21,360.0
1270.0,15,60.0,0.7317073170731707,5.495146096254219,4,176.0,0.2630051772267898,11,138.0,0.25248166690817414,0,0.0,0.7890191890825292,15,314.0
1275.0,14,68.0,0.7906976744186046,6.62854685434292,3,105.0,0.24706046415090124,9,123.0,0.3764546665565597,2,3.0,0.43715256948582465,14,231.0
1280.0,10,36.0,0.45,6.644700047570727,3,109.0,0.3007251323449165,7,133.0,0.3661344971028921,0,0.0,0.8790040985376528,10,242.0
1285.0,22,59.0,0.7195121951219512,4.9059744481089025,10,137.0,0.19626827544709843,8,123.0,0.19678978416255408,4,5.0,0.5091436406562776,22,265.0
1290.0,21,114.0,1.4805194805194806,5.43894833245266,7,148.0,0.3170121867492502,13,138.0,0.2358210597849848,1,10.0,0.6262635530125785,21,296.0
1295.0,22,174.0,2.25974025974026,5.25734730103339,3,105.0,0.35906302419040836,16,209.0,0.22793976258650805,3,22.0,0.653092264934555,22,336.0
1300.0,18,136.0,1.5813953488372092,5.230278189598376,2,51.0,0.2859935518083855,15,241.0,0.1998565719913599,1,16.0,0.5736282783079768,18,308.0
1305.0,11,67.0,0.7790697674418605,7.068848535401113,2,38.0,0.3585129791923902,9,211.0,0.38958025605466795,0,2.0,0.7172180197184642,11,251.0
1310.0,9,49.0,0.5632183908045977,6.881101319764536,4,34.0,0.3476030938617102,3,140.0,0.4450548895976151,2,2.0,0.329310363873129,9,176.0
1315.0,15,81.0,0.9529411764705882,6.63857285626714,5,52.0,0.429743874830116,4,133.0,0.3931484105173435,6,20.0,0.30584722490409805,15,205.0
1320.0,18,84.0,1.0632911392405062,5.218928077391182,3,25.0,0.3847867482034162,6,141.0,0.23763377928667137,9,62.0,0.2607462940858485,18,228.0
1325.0,22,146.0,1.697674418604651,5.188215598331698,4,18.0,0.43024815049084514,8,139.0,0.13785492274466266,10,111.0,0.3227445290139203,22,268.0
1330.0,25,230.0,2.875,4.686633987948782,7,48.0,0.35427368970173695,7,106.0,0.15986592278218925,11,165.0,0.2706995786928128,25,319.0
1335.0,22,140.0,1.728395061728395,3.6834629958167846,6,57.0,0.20914056403945033,6,97.0,0.14039368693048512,10,173.0,0.15652116687609424,22,327.0
1340.0,14,56.0,0.717948717948718,5.3409221843351515,4,61.0,0.3327133185133135,8,115.0,0.2612199199051031,2,120.0,0.4648521242541168,14,296.0
1345.0,26,108.0,1.2272727272727273,5.404386456792751,7,83.0,0.21366594962693194,14,157.0,0.24350674786441404,5,38.0,0.521394213068218,26,278.0
1350.0,22,135.0,1.5168539325842696,5.526377809515476,5,103.0,0.25711666003221056,14,182.0,0.22850088238774555,3,35.0,0.6356976803665653,22,320.0
1355.0,26,161.0,1.8505747126436782,5.216338538343422,9,137.0,0.11174275562862061,14,162.0,0.24768925419644386,3,42.0,0.4682703447033523,26,341.0
1360.0,29,236.0,2.651685393258427,5.008258305634263,13,189.0,0.08596412938787287,11,166.0,0.24742268593999342,5,66.0,0.36642709486694475,29,421.0
1365.0,32,330.0,4.074074074074074,4.222948131232768,16,260.0,0.1396805031646618,11,197.0,0.1891861126094257,5,91.0,0.3408558735562844,32,548.0
1370.0,26,222.0,2.642857142857143,3.7616291597448046,16,292.0,0.14590194354058986,9,210.0,0.15551484635740537,1,56.0,0.42925307220294784,26,558.0
1375.0,31,234.0,2.689655172413793,5.723216964145898,16,304.0,0.2658625197545531,15,218.0,0.25312712571411106,0,6.0,0.6913994369478141,31,528.0
1380.0,26,203.0,2.4166666666666665,5.019527487133426,12,281.0,0.22187758180285425,12,238.0,0.2397324755550394,2,9.0,0.5822597962911178,26,528.0
1385.0,26,163.0,1.8735632183908046,5.178581497693965,13,293.0,0.2784950982548974,12,197.0,0.25211564268814673,1,6.0,0.42882201634512734,26,496.0
1390.0,15,126.0,1.5365853658536586,5.941813760151081,9,276.0,0.2576360283667205,6,219.0,0.31675569303948,0,0.0,0.6826405918068238,15,495.0
1395.0,13,47.0,0.5595238095238095,5.502918701033754,3,264.0,0.3436431407568623,9,200.0,0.2592805648664439,1,3.0,0.5580417561493772,13,467.0
1400.0,20,112.0,1.2873563218390804,6.512333839660752,5,252.0,0.44595100602651144,15,244.0,0.18179748741566693,0,2.0,0.9202436798082018,20,498.0
1405.0,25,108.0,1.2134831460674158,5.185055998654935,6,241.0,0.37671501806082214,15,260.0,0.12431067754761149,4,3.0,0.5198666110948283,25,504.0
1410.0,21,88.0,1.0602409638554218,5.508869227367304,5,215.0,0.33490528034334366,16,233.0,0.18106057732120057,0,2.0,0.5994472409209116,21,450.0
1415.0,16,93.0,1.1772151898734178,6.663833712694174,5,171.0,0.2954728061939745,11,195.0,0.35821666699631277,0,0.0,0.604941654342504,16,366.0
1420.0,11,54.0,0.6585365853658537,5.871657948403432,2,158.0,0.25798521238705235,7,217.0,0.30908362757632524,2,6.0,0.4207584875964974,11,381.0
1425.0,19,66.0,0.8354430379746836,5.716465114201978,6,180.0,0.3150816102588708,13,208.0,0.2114102510978518,0,2.0,0.7415555275942627,19,390.0
1430.0,18,48.0,0.5853658536585366,5.203387856635647,6,168.0,0.2761949595786182,11,218.0,0.1716362788520528,1,7.0,0.6845195775120849,18,393.0
1435.0,11,39.0,0.4936708860759494,5.853931714095954,3,105.0,0.3421149710468602,8,183.0,0.2056476163770023,0,0.0,0.7079618083693029,11,288.0
1440.0,13,95.0,1.2337662337662338,6.201612409520239,2,74.0,0.23085382444365563,11,173.0,0.31109870210071133,0,0.0,0.5307831310229593,13,247.0
1445.0,19,103.0,1.2875,5.734777069248641,5,54.0,0.2974661596161229,12,179.0,0.28624321404762787,2,8.0,0.46804235876791783,19,241.0
1450.0,15,51.0,0.6455696202531646,5.638353662871185,0,18.0,0.43573251221170556,15,171.0,0.19299723911638314,0,2.0,0.7917920058632771,15,191.0
1455.0,17,53.0,0.6385542168674698,5.320555849602342,4,20.0,0.3944489841832817,12,184.0,0.14404864760705313,1,4.0,0.6109993592299717,17,208.0
1460.0,16,69.0,0.8518518518518519,5.454866806645268,6,45.0,0.3995087730820146,10,203.0,0.13937560408383817,0,1.0,0.6898435640632363,16,249.0
1465.0,21,101.0,1.2469135802469136,4.10827330467604,11,84.0,0.12830850054313445,7,201.0,0.21734670577351317,3,0.0,0.36172989177305137,21,285.0
1470.0,28,183.0,2.2875,4.1428264932289665,16,152.0,0.20260710654132305,10,188.0,0.20451830052186687,2,7.0,0.5957067544488448,28,347.0
1475.0,32,246.0,2.9285714285714284,4.618634385193592,13,198.0,0.25042211457566427,16,198.0,0.1376136199127999,3,19.0,0.6239288020267219,32,415.0
1480.0,31,222.0,2.466666666666667,4.46840133048395,12,196.0,0.2753303263908951,15,239.0,0.18359897455955104,4,35.0,0.5211727673594273,31,470.0
1485.0,32,188.0,2.088888888888889,4.067349186803487,11,219.0,0.20017018851653653,14,247.0,0.19328081251288026,7,61.0,0.3718989637780679,32,527.0
1490.0,30,198.0,2.129032258064516,3.298676710075171,15,287.0,0.07699156988929293,5,249.0,0.1642570225734896,10,104.0,0.13853136920258946,30,640.0
1495.0,37,256.0,2.909090909090909,3.1621095069897027,12,321.0,0.19697752991511241,11,252.0,0.10528658398249617,14,165.0,0.26569969205929606,37,738.0
1500.0,18,118.0,1.3563218390804597,3.542759943868917,2,278.0,0.22982438523014728,8,262.0,0.1685450181409877,8,161.0,0.283602160678464,18,701.0
1505.0,13,47.0,0.5,4.440868424913193,2,262.0,0.1987699664633297,9,241.0,0.22861574359037093,2,102.0,0.28890539169956103,13,605.0
1510.0,17,105.0,1.1170212765957446,5.97793925774517,7,288.0,0.1680434569681303,8,207.0,0.31124654073138125,2,36.0,0.4748623177954363,17,531.0
1515.0,24,141.0,1.5494505494505495,4.61225588507517,13,342.0,0.06939231725823275,9,215.0,0.30432146395115706,2,21.0,0.2785495309168912,24,578.0
1520.0,31,154.0,1.811764705882353,4.336983192911456,10,347.0,0.21776311910548463,13,219.0,0.18405448301424138,8,51.0,0.4099265151338139,31,617.0
1525.0,21,75.0,0.8522727272727273,4.269003396871946,7,279.0,0.2500220964184533,10,215.0,0.23128399280616554,4,48.0,0.4044878192701431,21,542.0
1530.0,16,45.0,0.4787234042553192,4.977991347801242,6,274.0,0.20194099435318505,8,193.0,0.25504357174687814,2,26.0,0.5021104319543269,16,493.0
1535.0,22,110.0,1.1702127659574468,5.563053011175618,10,318.0,0.08088099731703471,10,188.0,0.2912834750972363,2,21.0,0.5411248523127271,22,527.0
1540.0,19,78.0,0.8478260869565217,4.6784247308095495,9,318.0,0.09750882090680232,9,187.0,0.27231764766481414,1,3.0,0.475379464487966,19,508.0
1545.0,20,71.0,0.8255813953488372,5.152880324722017,3,246.0,0.26507100673065437,14,176.0,0.22678786531412054,3,12.0,0.5730699081280313,20,434.0
1550.0,18,106.0,1.2045454545454546,5.454786964030024,0,158.0,0.3157039595183209,16,213.0,0.22424678881341154,2,11.0,0.5734835628744658,18,382.0
1555.0,16,98.0,1.053763440860215,5.359572384935421,2,164.0,0.35758590756852454,11,239.0,0.20135777098205185,3,13.0,0.6076103815187364,16,416.0
1560.0,19,101.0,1.10989010989011,5.593182907010593,5,184.0,0.18633054020157952,12,239.0,0.2316995146021493,2,23.0,0.7040821734001371,19,446.0
1565.0,23,128.0,1.4545454545454546,4.823510243281384,14,234.0,0.12946278338363454,9,235.0,0.2653654078541166,0,0.0,0.4721380216558799,23,469.0
1570.0,26,124.0,1.4939759036144578,4.165132790595547,11,242.0,0.18551007893691032,11,248.0,0.1464874046596743,4,14.0,0.432160767610002,26,504.0
1575.0,28,130.0,1.5116279069767442,4.068997452792875,7,177.0,0.21701269502946352,15,243.0,0.1724380102366255,6,42.0,0.31661659955958804,28,462.0
1580.0,20,81.0,0.9418604651162791,4.606064197416361,7,133.0,0.2951499572248117,12,274.0,0.17743720772132715,1,38.0,0.5487907601973604,20,445.0
1585.0,19,42.0,0.4421052631578947,4.7778447325289255,6,140.0,0.22519205673629605,10,260.0,0.19662334679227206,3,2.0,0.5013324787279693,19,402.0
1590.0,20,113.0,1.2150537634408602,6.009543530569635,8,173.0,0.22059352607770294,10,238.0,0.29203254086371966,2,10.0,0.617614491230108,20,421.0
1595.0,20,117.0,1.3928571428571428,4.493201017887289,10,222.0,0.13761889444867031,9,234.0,0.2140302454066776,1,1.0,0.5777997177572468,20,457.0
1600.0,30,198.0,2.4146341463414633,4.370691279474605,15,291.0,0.19245936719237358,14,208.0,0.1755296574408975,1,8.0,0.6488508457499305,30,507.0
1605.0,33,265.0,3.1176470588235294,4.260888880120351,20,377.0,0.22419436380296054,13,227.0,0.1629291899641789,0,2.0,0.8075370657465374,33,606.0
1610.0,26,209.0,2.2967032967032965,3.84843155871782,16,393.0,0.11638747442140014,10,241.0,0.21669400486789497,0,0.0,0.4898620408742853,26,634.0
1615.0,28,221.0,2.4555555555555557,5.067903541684168,14,352.0,0.1387262809258176,11,263.0,0.27683700769729214,3,9.0,0.5704028892019825,28,624.0
1620.0,26,186.0,2.1379310344827585,4.0341887689117595,14,414.0,0.0667040845325594,11,271.0,0.20107920400237486,1,1.0,0.4422695938393839,26,686.0
1625.0,35,208.0,2.337078651685393,3.9907849815467773,18,501.0,0.12505319660187075,14,241.0,0.121904610351377,3,12.0,0.5483151539059071,35,754.0
1630.0,36,237.0,2.755813953488372,3.523662162626357,18,594.0,0.17480829791424102,14,295.0,0.12268614455909325,4,28.0,0.5466902750379153,36,917.0
1635.0,21,127.0,1.4111111111111112,3.907482450490486,12,597.0,0.11240720497287704,8,311.0,0.13890786642003863,1,17.0,0.5492130713886222,21,925.0
1640.0,19,136.0,1.5454545454545454,5.36441545780227,7,519.0,0.1911633112005358,12,347.0,0.24610583071415007,0,1.0,0.6870564938315091,19,867.0
1645.0,31,196.0,2.202247191011236,5.274648462992644,9,539.0,0.10227188606185378,18,414.0,0.3142150270154424,4,1.0,0.257294587759567,31,954.0
1650.0,32,314.0,3.738095238095238,4.794687740442759,12,590.0,0.09619461818490557,18,501.0,0.2003174960645623,2,11.0,0.5519878667837806,32,1102.0
1655.0,34,403.0,5.233766233766234,3.577477184565088,10,584.0,0.09799479853422895,24,613.0,0.0906304534055857,0,0.0,0.592933749463709,34,1197.0
1660.0,27,327.0,4.418918918918919,4.009581827527515,6,511.0,0.15718705613431816,20,629.0,0.1444490197773655,1,1.0,0.4631677936946854,27,1141.0
1665.0,19,200.0,2.6315789473684212,4.894627539592854,4,415.0,0.3027701632751375,14,482.0,0.1846453517493821,1,8.0,0.63015235649817,19,905.0
1670.0,12,113.0,1.3780487804878048,4.742600795979291,2,405.0,0.2795526493194747,8,502.0,0.23858978571609848,2,18.0,0.4983787456509863,12,925.0
1675.0,17,74.0,0.891566265060241,5.305878375829775,4,418.0,0.3051537755033896,12,555.0,0.18473816605443394,1,13.0,0.6615387417562025,17,986.0
1680.0,15,70.0,0.8974358974358975,4.649944978632988,6,447.0,0.19002409765224856,9,521.0,0.20901010106448342,0,0.0,0.6386466032267136,15,968.0
1685.0,12,54.0,0.6666666666666666,4.912520235756635,6,433.0,0.23924812625892825,5,416.0,0.26434035456358423,1,4.0,0.5623375231937748,12,853.0
1690.0,16,46.0,0.5348837209302325,5.005558095110023,5,366.0,0.3087981504121703,7,437.0,0.2121176676850249,4,17.0,0.5532768050598605,16,820.0
1695.0,23,104.0,1.1428571428571428,4.379557874628916,7,262.0,0.248314849562913,11,460.0,0.172806616155078,5,40.0,0.3183812564820809,23,762.0
1700.0,24,139.0,1.5274725274725274,3.501036770167161,4,278.0,0.2204581569885997,13,446.0,0.12227793282252723,7,70.0,0.24000367998567165,24,794.0
1705.0,33,187.0,2.010752688172043,3.5375950670549,10,314.0,0.18473940124568544,11,323.0,0.13006824074090373,12,116.0,0.25502208303689966,33,753.0
1710.0,20,103.0,1.1195652173913044,4.004342667969891,5,299.0,0.2836204218602567,11,362.0,0.12374643116473706,4,110.0,0.45705795048580283,20,771.0
1715.0,14,44.0,0.4782608695652174,4.942527187798139,3,231.0,0.32464749214380684,11,376.0,0.18076218720862838,0,49.0,0.5108892221804726,14,656.0
1720.0,15,44.0,0.4583333333333333,4.796398638443395,6,246.0,0.18935162563278699,7,345.0,0.22346122908204377,2,6.0,0.4761649391504079,15,597.0
1725.0,20,86.0,0.8958333333333334,5.165812546743385,9,286.0,0.2418696850103845,9,268.0,0.24690564217290695,2,18.0,0.6675388391232647,20,572.0
1730.0,26,148.0,1.4509803921568627,4.883065412211129,7,276.0,0.2357376788281134,15,213.0,0.24886716654606647,4,31.0,0.4873778092336042,26,520.0
1735.0,23,156.0,1.5445544554455446,4.959811737136743,3,208.0,0.3402020904603423,16,257.0,0.19009708519600998,4,51.0,0.6439793128205588,23,516.0
1740.0,25,153.0,1.53,4.392124675503119,4,175.0,0.1945210638763104,16,270.0,0.1616216825121835,5,70.0,0.3926358964313936,25,515.0
1745.0,23,164.0,1.64,3.9566122399058674,6,199.0,0.11101614849051702,11,293.0,0.17493678939984056,6,100.0,0.30827042242176567,23,592.0
1750.0,19,68.0,0.7010309278350515,3.8670426995366207,5,185.0,0.21893942646317954,12,279.0,0.14521010702473877,2,63.0,0.4277637880494391,19,527.0
1755.0,17,55.0,0.5339805825242718,4.580117959350902,3,139.0,0.24807577331815805,11,288.0,0.1638163289593664,3,16.0,0.5131010512530696,17,443.0
1760.0,21,75.0,0.7575757575757576,4.782845349985089,5,150.0,0.2797489625579756,12,237.0,0.10070982947636627,4,31.0,0.5494176458108506,21,418.0
1765.0,25,113.0,1.1649484536082475,3.881030351909441,10,180.0,0.1013911127953397,12,248.0,0.16299113360943832,3,12.0,0.23606580927331228,25,440.0
1770.0,29,192.0,2.157303370786517,4.710835429004443,10,180.0,0.11942436197179043,17,288.0,0.26683858693931695,2,8.0,0.5250947503568584,29,476.0
1775.0,25,274.0,3.223529411764706,4.990218536370929,3,134.0,0.17721436929497225,20,358.0,0.2428716253427448,2,18.0,0.405211709164005,25,510.0
1780.0,31,264.0,2.966292134831461,4.382935040193802,5,102.0,0.17210104945477803,22,391.0,0.17436864064617852,4,35.0,0.3978823129054441,31,528.0
1785.0,22,137.0,1.5393258426966292,4.71387889281606,4,94.0,0.32687818747053654,18,369.0,0.12688611361744107,0,15.0,0.534089964727231,22,478.0
1790.0,19,129.0,1.3870967741935485,4.758706496973068,4,116.0,0.269872868977139,13,406.0,0.15637484626194856,2,10.0,0.4772883530186732,19,532.0
1795.0,23,140.0,1.5384615384615385,4.956214088594508,4,112.0,0.30482319602974867,15,462.0,0.17987505413778423,4,24.0,0.46219846011483945,23,598.0
1800.0,27,180.0,2.142857142857143,4.123111780270469,5,131.0,0.22018248606710591,16,538.0,0.15521371476604418,6,50.0,0.2282280747129694,27,719.0
1805.0,29,203.0,2.3333333333333335,3.778857808919282,8,162.0,0.12421610441902019,19,628.0,0.1269637425289206,2,48.0,0.2981645000800755,29,838.0
1810.0,29,221.0,2.6,3.9801193130803387,12,214.0,0.12049953644151987,16,635.0,0.15642207302571126,1,13.0,0.5449090401655848,29,862.0
1815.0,25,215.0,2.5,4.217817197546967,13,276.0,0.12253086221558601,12,544.0,0.2466858295754327,0,6.0,0.565685175772347,25,826.0
1820.0,33,289.0,3.2111111111111112,4.7264099937787885,16,350.0,0.20191858268101737,15,437.0,0.2637366082714562,2,13.0,0.5900694606712201,33,800.0
1825.0,35,331.0,3.4479166666666665,3.520349640622907,21,441.0,0.1278925616207145,9,465.0,0.22264643190665834,5,18.0,0.43394301166559723,35,924.0
1830.0,35,435.0,4.35,4.127445152858868,26,555.0,0.08598502860827081,7,483.0,0.2576894085627425,2,16.0,0.49332402003769243,35,1054.0
1835.0,38,398.0,3.98,3.5192215598450884,27,601.0,0.053226229239166256,9,465.0,0.22744030788043842,2,10.0,0.41327193850970034,38,1076.0
1840.0,37,368.0,3.5384615384615383,3.973843056288803,20,528.0,0.17282728347683346,10,406.0,0.20667499832008593,7,36.0,0.33354133174541617,37,970.0
1845.0,33,332.0,3.1923076923076925,4.127588722311851,16,516.0,0.2755475819173077,12,438.0,0.14983582579060434,5,52.0,0.3906580407531137,33,1006.0
1850.0,32,272.0,2.4727272727272727,3.885014318195254,13,562.0,0.17679874637724813,12,463.0,0.1583943897377652,7,42.0,0.2706144554055142,32,1067.0
1855.0,28,254.0,2.3518518518518516,5.277306424370278,12,623.0,0.18250026892773918,13,498.0,0.2360351785105888,3,43.0,0.44397055667103796,28,1164.0
1860.0,24,220.0,2.1782178217821784,4.659518563380262,6,614.0,0.13976757016381666,17,553.0,0.26077172022373574,1,32.0,0.35059505203084196,24,1199.0
1865.0,25,176.0,1.7425742574257426,4.60158831698245,4,531.0,0.25255179506427233,17,558.0,0.15836188468770457,4,46.0,0.3258516921878911,25,1135.0
1870.0,28,115.0,1.2105263157894737,4.0041056827459975,5,539.0,0.2734049513953322,19,495.0,0.08905431821257821,4,56.0,0.3730129961322369,28,1090.0
1875.0,29,138.0,1.4081632653061225,4.150398445112474,6,565.0,0.2475644014865054,18,391.0,0.205147572998481,5,37.0,0.3019988457836759,29,993.0
1880.0,24,190.0,1.8627450980392157,5.400910546730477,5,529.0,0.32917553326922366,17,373.0,0.29224791825299506,2,33.0,0.5339801454075132,24,935.0
1885.0,27,222.0,2.074766355140187,5.121848247128965,6,451.0,0.27777616966427837,16,325.0,0.30628586498993443,5,31.0,0.47270108354811713,27,807.0
1890.0,25,149.0,1.3303571428571428,4.63799934517313,5,473.0,0.2787327811054883,16,355.0,0.2513687134052821,4,17.0,0.476890794604526,25,845.0
1895.0,31,135.0,1.173913043478261,4.3988353884849,9,511.0,0.17936372903724127,14,338.0,0.2206518192396299,8,37.0,0.3304762731335005,31,886.0
1900.0,40,211.0,1.8508771929824561,2.624992738827053,15,574.0,0.053326137268474655,10,336.0,0.14068942994544675,15,89.0,0.11420812617065002,40,999.0
1905.0,51,395.0,3.7264150943396226,2.4059581919731476,21,670.0,0.13028434023925817,12,337.0,0.12812803767788136,18,173.0,0.22206027341873283,51,1180.0
1910.0,57,602.0,5.327433628318584,2.220210783142906,24,783.0,0.10819532689856211,11,328.0,0.1239089119172462,22,277.0,0.18190877429687702,57,1388.0
1915.0,62,712.0,6.033898305084746,2.548937388658411,27,911.0,0.06062391642161273,14,307.0,0.12244908045236409,21,337.0,0.15333390722253126,62,1555.0
1920.0,49,563.0,4.982300884955753,2.3592440401273627,27,950.0,0.03241096781198776,9,306.0,0.16895889103193784,13,324.0,0.16127841311908012,49,1580.0
1925.0,42,389.0,3.324786324786325,3.9708478846963717,22,883.0,0.14909305528032368,9,281.0,0.2964885542624069,11,270.0,0.2549095856892152,42,1434.0
1930.0,36,271.0,2.203252032520325,4.388218516054409,19,967.0,0.1511723446217505,10,273.0,0.2827302422234301,7,235.0,0.3756911088580659,36,1475.0
1935.0,37,246.0,1.9523809523809523,4.636710883455281,18,1057.0,0.07783432460943532,11,245.0,0.2577542722743927,8,179.0,0.36207052494661895,37,1481.0
1940.0,32,256.0,2.1880341880341883,4.480743511701207,20,1151.0,0.10644910809963817,7,211.0,0.2356714823049021,5,149.0,0.4541269336357951,32,1511.0
1945.0,33,215.0,1.9196428571428572,3.639582960134013,18,1130.0,0.11586715507428418,8,176.0,0.21855918737713886,7,141.0,0.41190782886275396,33,1447.0
1950.0,36,242.0,2.1043478260869564,4.608842190354674,15,911.0,0.1834946915911074,14,186.0,0.23058444666811534,7,141.0,0.5715171025979556,36,1238.0
1955.0,33,270.0,2.26890756302521,4.338149591852502,12,740.0,0.1613058399758209,15,204.0,0.20726671059334772,6,152.0,0.46717510624374137,33,1096.0
1960.0,36,304.0,2.4918032786885247,4.959076097277235,12,558.0,0.22504843455458184,16,206.0,0.23429540030424426,8,178.0,0.39894308654262156,36,942.0
1965.0,27,310.0,2.6495726495726495,5.240616516115096,8,433.0,0.37300132203933756,11,243.0,0.23516809390631013,8,214.0,0.2708456657952023,27,890.0
1970.0,24,99.0,0.8319327731092437,4.641081356313707,2,375.0,0.42326301847193787,15,263.0,0.17959235582304545,7,169.0,0.2350405264501158,24,807.0
1975.0,25,103.0,0.865546218487395,4.890835286613025,6,371.0,0.3920115082919614,14,279.0,0.09657055800102311,5,69.0,0.44437728962833556,25,719.0
1980.0,33,181.0,1.6605504587155964,4.456241417837785,13,420.0,0.16820404262088445,15,272.0,0.11680294621345828,5,57.0,0.4265233490935414,33,749.0
1985.0,39,287.0,2.8137254901960786,3.5754409649142973,20,507.0,0.05700340448979553,15,254.0,0.1358148655551918,4,56.0,0.31862703984090246,39,817.0
1990.0,48,478.0,5.031578947368421,3.837024046608104,25,622.0,0.09698605581481282,22,286.0,0.18048789999283515,1,34.0,0.4562441006727509,48,942.0
1995.0,49,600.0,6.185567010309279,3.027273586018805,26,751.0,0.071148164191069,21,342.0,0.08522210498001699,2,31.0,0.3826977457104259,49,1124.0
2000.0,53,696.0,7.175257731958763,3.4106992384234975,28,888.0,0.1541025140688793,21,356.0,0.09197806725729021,4,50.0,0.5139412171811408,53,1294.0
2005.0,49,606.0,5.883495145631068,3.0046134500137667,27,920.0,0.09820409123277475,13,397.0,0.18028116680432005,9,80.0,0.38457222316520184,49,1397.0
2010.0,42,486.0,4.584905660377358,3.8265262852965427,21,835.0,0.1370439151785967,12,414.0,0.21648768483372607,9,120.0,0.36460737383868447,42,1369.0
2015.0,39,344.0,3.1559633027522938,3.601648799592335,16,912.0,0.11193790257817342,14,465.0,0.2154124581014102,9,129.0,0.20151956423251055,39,1506.0
2020.0,40,280.0,2.5688073394495414,3.572377131652035,19,1001.0,0.08516997548930338,14,476.0,0.1704962140186463,7,117.0,0.24550309723021208,40,1594.0
2025.0,40,249.0,2.394230769230769,3.393353987902487,19,1098.0,0.15507686415616026,17,430.0,0.12552966517485872,4,96.0,0.42614094598696395,40,1624.0
2030.0,44,336.0,3.0545454545454547,3.460664736350701,23,1205.0,0.13006912202366022,16,380.0,0.18764003095140572,5,106.0,0.38273057182969955,44,1691.0
2035.0,39,298.0,2.684684684684685,3.2383068690032215,22,1183.0,0.11958894454858789,10,391.0,0.1690921596224181,7,132.0,0.4097102976114772,39,1706.0
2040.0,37,209.0,1.817391304347826,3.322968495364366,19,1031.0,0.0770278568613116,11,400.0,0.21085318624662022,7,126.0,0.2769405957046565,37,1557.0
2045.0,38,270.0,2.25,4.444576069595166,15,811.0,0.14483700453030593,11,416.0,0.2873646469226848,12,154.0,0.14064191881432528,38,1381.0
2050.0,40,353.0,3.0964912280701755,4.780391698605396,9,606.0,0.22033500053349514,14,479.0,0.3221750598340702,17,231.0,0.1493122640727456,40,1316.0
2055.0,40,326.0,2.8849557522123894,4.21166712029493,10,478.0,0.3059357442514637,14,467.0,0.20193668036010937,16,269.0,0.11259349285480942,40,1214.0
2060.0,31,180.0,1.651376146788991,4.752612663894016,3,459.0,0.41687767521128277,16,398.0,0.20683958849080217,12,246.0,0.2754267138858357,31,1103.0
2065.0,35,152.0,1.3333333333333333,4.1573509687787364,10,473.0,0.28486031747344726,11,427.0,0.1619741448527211,14,290.0,0.21121762292014312,35,1190.0
2070.0,33,163.0,1.393162393162393,4.439432787085024,7,444.0,0.24912375498946593,14,471.0,0.1815433008066067,12,344.0,0.2122852327799233,33,1259.0
2075.0,27,78.0,0.7358490566037735,3.3149884462739703,3,350.0,0.2187656571228716,13,465.0,0.2035153224094933,11,337.0,0.10977616657555496,27,1152.0
2080.0,22,69.0,0.6388888888888888,3.497746278831709,3,363.0,0.22170941429479019,13,421.0,0.1697837392194702,6,286.0,0.2461392059645158,22,1070.0
2085.0,19,81.0,0.7043478260869566,4.182816726237569,7,391.0,0.26627158337349843,9,448.0,0.16113146320992577,3,249.0,0.3148541729368162,19,1088.0
2090.0,22,92.0,0.773109243697479,3.4602784905316013,9,368.0,0.12834470710030133,10,456.0,0.15223186157535235,3,236.0,0.20947644032666138,22,1060.0
2095.0,21,69.0,0.5847457627118644,3.9128942313324457,6,275.0,0.2092861111459578,11,450.0,0.18214790542762166,4,227.0,0.2583179228433549,21,952.0
2100.0,24,96.0,0.8205128205128205,4.105469966188432,2,230.0,0.2858934171777597,14,399.0,0.17344875675596974,8,252.0,0.2016523162886005,24,881.0
2105.0,31,111.0,0.9327731092436975,3.482750345801626,9,260.0,0.24192371357655518,13,395.0,0.11791743593866731,9,259.0,0.2234241023088003,31,914.0
2110.0,26,89.0,0.7542372881355932,3.7174942901412984,6,239.0,0.19315178466590532,14,419.0,0.13303629321603494,6,216.0,0.27871382993273647,26,874.0
2115.0,18,64.0,0.5423728813559322,3.249697145677835,3,118.0,0.16661556596375776,11,405.0,0.16740415952310156,4,239.0,0.15338688381253382,18,762.0
2120.0,26,100.0,0.8333333333333334,3.9418692767557393,2,61.0,0.33520133247087797,12,357.0,0.1758745882253499,12,285.0,0.20122476742273412,26,703.0
2125.0,28,96.0,0.768,3.255245888582994,4,41.0,0.2684054684616277,16,406.0,0.1382391007628864,8,282.0,0.15232755924186642,28,729.0
2130.0,17,63.0,0.5080645161290323,4.058494506829199,0,19.0,0.361771609878711,12,412.0,0.13269099950279845,5,232.0,0.2314912892765495,17,663.0
2135.0,23,136.0,1.1239669421487604,4.438047441329861,3,25.0,0.22809392572457396,15,446.0,0.13143851181762792,5,197.0,0.17699372481926495,23,668.0
2140.0,29,207.0,1.7692307692307692,4.026017942217753,5,33.0,0.21673924946769857,22,518.0,0.1312769513215151,2,164.0,0.17945091295944304,29,715.0
2145.0,36,343.0,3.146788990825688,4.13622998476512,2,27.0,0.2969344756810719,28,639.0,0.14766024947953055,6,184.0,0.19038828831328516,36,850.0
2150.0,37,347.0,3.2429906542056073,2.864034561109421,2,35.0,0.20284050004394505,29,686.0,0.04260713327730087,6,180.0,0.132391568096231,37,901.0
2155.0,40,312.0,3.029126213592233,3.072216085740436,4,51.0,0.28646022314532504,31,657.0,0.07777037503193018,5,181.0,0.2757588016130164,40,889.0
2160.0,41,330.0,3.173076923076923,2.889698916193952,7,78.0,0.21079992969806977,25,743.0,0.13159391042129104,9,213.0,0.2146943307197206,41,1034.0
2165.0,36,262.0,2.2982456140350878,3.3053534294351126,7,97.0,0.21390724272853412,21,852.0,0.14111159842481522,8,222.0,0.20494243888617075,36,1171.0
2170.0,39,272.0,2.365217391304348,3.4836278112184944,7,93.0,0.20804712264255965,20,960.0,0.16558930691457058,12,235.0,0.11861950485326549,39,1288.0
2175.0,44,296.0,2.5517241379310347,2.5782819079901755,8,91.0,0.1442363197712224,18,954.0,0.1353459785532001,18,307.0,0.043857884055348954,44,1352.0
2180.0,39,247.0,2.1293103448275863,2.922164765414471,7,121.0,0.24962642000269178,17,846.0,0.1494122337839468,15,333.0,0.1683131507102287,39,1300.0
2185.0,45,239.0,1.959016393442623,3.2841203593399317,11,160.0,0.23980243794687106,19,697.0,0.14147057388339943,15,337.0,0.1933103013722505,45,1194.0
2190.0,35,184.0,1.5081967213114753,3.5672175418116203,6,177.0,0.3052923366479711,15,756.0,0.15280620306398385,14,406.0,0.22549131130095454,35,1339.0
2195.0,33,182.0,1.467741935483871,3.473575596447239,3,171.0,0.24999853400481709,12,790.0,0.15440643857958744,18,492.0,0.1362005142192213,33,1453.0
2200.0,35,197.0,1.5887096774193548,2.755689168335253,5,147.0,0.19573477812496756,11,773.0,0.16506558152598333,19,584.0,0.04860663539353556,35,1504.0
2205.0,28,169.0,1.396694214876033,3.081812726711716,2,144.0,0.23690029536443927,13,689.0,0.16287353241302632,13,594.0,0.17888091702527956,28,1427.0
2210.0,27,155.0,1.2015503875968991,3.2825924793239416,1,132.0,0.2619531255335193,17,570.0,0.1486232601583256,9,515.0,0.18877568298236644,27,1217.0
2215.0,36,276.0,2.123076923076923,4.349373709084835,5,148.0,0.3396478855757715,22,561.0,0.16314017032500652,9,415.0,0.29347003657437526,36,1124.0
2220.0,40,424.0,3.365079365079365,4.38839197982784,9,182.0,0.23348813432713547,24,532.0,0.1977367268840093,7,379.0,0.30911554680721354,40,1093.0
2225.0,33,357.0,2.811023622047244,4.0979556842901825,8,198.0,0.23080142203815948,19,554.0,0.2287410669938798,6,391.0,0.31358409691333294,33,1143.0
2230.0,28,214.0,1.7398373983739837,4.239360474327923,5,152.0,0.19665338558777126,15,521.0,0.28505026960239355,8,429.0,0.22340770354837855,28,1102.0
2235.0,23,69.0,0.5655737704918032,3.5250665571887767,7,183.0,0.13100511971879975,7,479.0,0.24847140720093222,9,422.0,0.14066226816559674,23,1084.0
2240.0,27,96.0,0.7868852459016393,3.7371736077537108,12,234.0,0.19625663831733778,10,445.0,0.1874255067846665,5,343.0,0.28590871876556745,27,1022.0
2245.0,41,218.0,1.7301587301587302,3.5452430211458883,18,307.0,0.156263679162789,16,425.0,0.17734753011481008,7,298.0,0.3021466223171168,41,1030.0
2250.0,36,250.0,1.937984496124031,3.7808579541263976,15,342.0,0.1942275370876961,18,488.0,0.16807264030163566,3,284.0,0.33487669462131237,36,1114.0
2255.0,44,355.0,2.751937984496124,4.173556645836094,12,318.0,0.2042290583947736,24,593.0,0.24799461886613217,8,275.0,0.2640766078449499,44,1186.0
2260.0,39,321.0,2.4318181818181817,3.9920142175494786,12,259.0,0.16211453282033167,19,612.0,0.2585976870195162,8,274.0,0.19731717852899258,39,1145.0
2265.0,29,191.0,1.5158730158730158,5.0012436734262975,10,213.0,0.25133608673269753,13,523.0,0.3310117643430975,6,225.0,0.22267564213345725,29,961.0
2270.0,23,83.0,0.6587301587301587,4.653617600549577,5,227.0,0.2672571819720364,10,347.0,0.295658058570775,8,250.0,0.12274123020438524,23,824.0
2275.0,27,118.0,0.9752066115702479,4.245309008233725,7,261.0,0.2941122156688399,10,376.0,0.17678912114360845,10,284.0,0.13955797946212012,27,921.0
2280.0,28,98.0,0.8909090909090909,2.9992291260200967,7,255.0,0.2693617523636859,12,387.0,0.10703510169471483,9,284.0,0.1250133727358313,28,926.0
2285.0,25,105.0,0.9210526315789473,4.070531687375404,3,200.0,0.2464664749850846,14,408.0,0.3211179999922855,8,226.0,0.19815827330582958,25,834.0
2290.0,20,108.0,0.9,4.753837054855449,3,130.0,0.262227008828734,11,371.0,0.3395272778326252,6,135.0,0.1873760059036858,20,636.0
2295.0,18,107.0,0.8294573643410853,5.378942222013548,4,100.0,0.29069792555014956,9,270.0,0.3096167561493672,5,105.0,0.25396941198859335,18,475.0
2300.0,17,86.0,0.6935483870967742,5.703621626402253,4,84.0,0.44392554118201405,10,272.0,0.2387037681467353,3,71.0,0.3243964893227936,17,427.0
2305.0,25,132.0,1.0731707317073171,5.21910250341019,7,87.0,0.4595501897984928,10,260.0,0.17334933502692879,8,82.0,0.27308026026331583,25,429.0
2310.0,28,110.0,0.9090909090909091,4.26054648401951,2,56.0,0.49337839063622396,12,253.0,0.11408675563263011,14,133.0,0.21170412854520412,28,442.0
2315.0,40,228.0,1.982608695652174,3.640735777173699,6,33.0,0.3357722856070741,14,207.0,0.11971589108847423,20,219.0,0.11385532678138156,40,459.0
2320.0,43,269.0,2.3391304347826085,3.0417569876084833,12,79.0,0.1486467450093244,12,235.0,0.10521121368447466,19,275.0,0.09780468937391458,43,589.0
2325.0,39,205.0,1.8981481481481481,3.2381597670992743,12,112.0,0.2747464852432881,14,243.0,0.16420737262339563,13,271.0,0.2396082913571019,39,626.0
2330.0,27,99.0,0.8389830508474576,4.159763637900994,3,95.0,0.3415536823786784,15,247.0,0.2321953499791961,9,213.0,0.20182421421549407,27,555.0
2335.0,21,65.0,0.5371900826446281,4.404468073110391,1,93.0,0.31742106458512126,13,240.0,0.18328941697631612,7,243.0,0.22707809797299344,21,576.0
2340.0,30,95.0,0.8050847457627118,3.5869342536603344,8,119.0,0.17743702278538573,11,264.0,0.125680091161098,11,288.0,0.1576163625721918,30,671.0
2345.0,40,212.0,1.8434782608695652,2.894325525591083,13,174.0,0.2059590346523971,14,275.0,0.11182585955906156,13,348.0,0.16705832382419192,40,797.0
2350.0,42,286.0,2.5309734513274336,2.489781808391546,12,202.0,0.23422399866731736,11,281.0,0.10584835889664589,19,435.0,0.17369492435352946,42,918.0
2355.0,46,350.0,2.8925619834710745,2.8622137999973045,9,169.0,0.18630994352879654,11,246.0,0.15801915639260578,26,550.0,0.05016215751322371,46,965.0
2360.0,40,324.0,2.677685950413223,3.0202708129320466,8,187.0,0.22283575716950163,8,252.0,0.14445625610061663,24,605.0,0.09460563547290635,40,1044.0
2365.0,41,248.0,2.0,3.2705982651429895,12,233.0,0.1931283668669736,8,235.0,0.20434545110128974,21,563.0,0.12144609675794353,41,1031.0
2370.0,40,254.0,2.032,3.3173435333712393,16,301.0,0.16809803224522962,9,236.0,0.18998560112081722,15,455.0,0.18328351980929947,40,992.0
2375.0,36,208.0,1.6377952755905512,3.365322034923338,15,322.0,0.11961017354360932,12,223.0,0.1693123581097018,9,499.0,0.19324099983682191,36,1044.0
2380.0,41,233.0,1.806201550387597,4.116501543038853,14,267.0,0.14098696594103652,14,223.0,0.1956717599976922,13,559.0,0.17147623525112857,41,1049.0
2385.0,37,250.0,2.1186440677966103,4.106495152044756,7,276.0,0.19687729534009313,21,289.0,0.17132038256959478,9,544.0,0.18200958874633347,37,1109.0
2390.0,38,332.0,2.8135593220338984,3.625474816547758,9,313.0,0.10532838164993068,24,396.0,0.12190120797762362,5,448.0,0.16538562947040963,38,1157.0
2395.0,36,321.0,2.84070796460177,4.061408513501768,10,310.0,0.13321087424002034,22,445.0,0.17404417317823842,4,312.0,0.2533875378564996,36,1067.0
2400.0,24,198.0,1.8679245283018868,4.032194267550928,4,255.0,0.24999531119745938,18,414.0,0.20830317387194963,2,305.0,0.25826075765537154,24,974.0
2405.0,22,135.0,1.2053571428571428,4.706064850740377,1,224.0,0.31216289159879235,14,340.0,0.1719850116527839,7,332.0,0.28740557367919217,22,896.0
2410.0,24,123.0,1.0695652173913044,4.6868650625878185,7,251.0,0.2745545884975306,10,320.0,0.27815279064324044,7,309.0,0.29147047475387833,24,880.0
2415.0,23,106.0,0.9137931034482759,3.925961663235236,12,302.0,0.13617332546735034,5,293.0,0.3069935482719184,6,233.0,0.2785315257370424,23,828.0
2420.0,22,115.0,0.9829059829059829,4.174412978394285,13,314.0,0.12179622832283973,6,289.0,0.3165918335357009,3,155.0,0.2714296960180294,22,758.0
2425.0,23,67.0,0.536,3.9649437462641184,11,255.0,0.13863297509370875,8,277.0,0.24268179162844034,4,145.0,0.22686735177875236,23,677.0
2430.0,28,101.0,0.8145161290322581,3.6482899909811346,10,282.0,0.21402691871183435,10,233.0,0.13759033707878326,8,174.0,0.22884275212319463,28,689.0
2435.0,32,113.0,0.8968253968253969,3.257234183345993,11,328.0,0.13030226814680496,13,254.0,0.1309457121614927,8,177.0,0.24059184889685692,32,759.0
2440.0,26,85.0,0.68,3.4213618898520406,10,316.0,0.10544695821916279,10,262.0,0.1823426167920102,6,139.0,0.19303638299515552,26,717.0
2445.0,20,75.0,0.6198347107438017,4.436421628825149,8,272.0,0.16481345893241642,10,272.0,0.2488790623416839,2,74.0,0.28028636283103603,20,618.0
2450.0,22,81.0,0.6585365853658537,3.9857456151541,6,298.0,0.17883309435772488,12,242.0,0.19365797417157804,4,49.0,0.33541752806530545,22,589.0
2455.0,28,171.0,1.3464566929133859,4.533365323650379,9,340.0,0.1962215003243027,15,215.0,0.15235732460420018,4,54.0,0.4894330459259661,28,609.0
2460.0,35,265.0,2.0703125,4.150828953169386,12,338.0,0.1512155485316338,19,263.0,0.16167797018839608,4,72.0,0.4759806752046984,35,673.0
2465.0,36,304.0,2.432,4.392654099686221,10,268.0,0.15652753061471494,24,353.0,0.22503858837370558,2,44.0,0.47272177814166166,36,665.0
2470.0,40,438.0,3.5609756097560976,4.434643905114156,8,292.0,0.1586155125740382,24,460.0,0.24477377488430546,8,34.0,0.38404283934540595,40,786.0
2475.0,35,407.0,3.3360655737704916,3.527209465796895,9,335.0,0.1042811974516527,18,497.0,0.23589931574154516,8,65.0,0.2002935992157591,35,897.0
2480.0,27,220.0,1.896551724137931,3.4417328375300977,9,330.0,0.1344829207268114,12,472.0,0.22739038132519504,6,63.0,0.18616426000707156,27,865.0
2485.0,21,74.0,0.6271186440677966,4.517471162987843,7,268.0,0.12462593920453666,10,383.0,0.2614558515529827,4,52.0,0.3183974716688703,21,703.0
2490.0,18,56.0,0.47863247863247865,4.587419653958115,6,293.0,0.15495648178692906,9,380.0,0.258399214697888,3,43.0,0.3616869384998428,18,716.0
2495.0,31,108.0,0.9473684210526315,3.708975997725644,11,338.0,0.11943967594207355,12,390.0,0.1627106454308231,8,66.0,0.2530055495847959,31,794.0
2500.0,28,98.0,0.8672566371681416,2.8995867134766864,9,328.0,0.09861261996039124,12,382.0,0.11080245348444838,7,83.0,0.25882140040983714,28,793.0
2505.0,19,55.0,0.48672566371681414,4.069758997307574,7,238.0,0.16489585738583115,8,316.0,0.23957883491872037,4,68.0,0.2853011895233432,19,622.0
2510.0,12,31.0,0.26495726495726496,4.373665792520299,3,168.0,0.1689895897938972,7,299.0,0.25959572951584786,2,62.0,0.2654933604015099,12,529.0
2515.0,21,80.0,0.6722689075630253,4.989711341684078,3,115.0,0.24474279512642994,10,295.0,0.2714811767865648,8,91.0,0.3224643789359696,21,501.0
2520.0,30,130.0,1.1016949152542372,3.9597620129040187,3,117.0,0.2538688997426669,13,279.0,0.18027150173305642,14,150.0,0.21822670201309174,30,546.0
2525.0,39,248.0,2.066666666666667,3.71031296890524,6,140.0,0.2674608038433047,12,207.0,0.14434342681483472,21,241.0,0.1106459905689064,39,588.0
2530.0,42,295.0,2.6106194690265485,2.9726845118319747,12,192.0,0.2521410389105954,11,234.0,0.10237748775538479,19,295.0,0.13999856960024096,42,721.0
2535.0,50,349.0,3.034782608695652,2.9408050978715465,21,282.0,0.15406962277590655,13,237.0,0.17251136138115458,16,287.0,0.21046234296032268,50,806.0
2540.0,44,255.0,2.0901639344262297,2.7448821144918543,22,328.0,0.13465440255395975,13,248.0,0.12079978219148796,9,313.0,0.23650505109015582,44,889.0
2545.0,44,196.0,1.5433070866141732,3.1653945936023598,19,314.0,0.10405866382465159,12,255.0,0.171287491734993,13,358.0,0.1308456865963485,44,927.0
2550.0,40,211.0,1.7154471544715446,3.121184347425406,17,395.0,0.1291400894375704,8,263.0,0.21267039794649573,15,419.0,0.11869200491483228,40,1077.0
2555.0,47,305.0,2.5416666666666665,2.8461881068578307,17,478.0,0.13564039891689,9,235.0,0.1548492206222639,21,513.0,0.1576845510278134,47,1226.0
2560.0,49,327.0,2.5952380952380953,2.0173585821965556,18,563.0,0.07644575788525475,11,239.0,0.10602353745432751,20,547.0,0.11991035047964331,49,1349.0
2565.0,46,274.0,2.1746031746031744,2.752550748476099,17,583.0,0.12176268393292876,12,233.0,0.17672580071202534,17,495.0,0.13967440523541566,46,1311.0
2570.0,40,206.0,1.5968992248062015,3.384071226643204,16,535.0,0.11272893323872896,9,239.0,0.25196697146113395,15,390.0,0.12027111054810466,40,1164.0
2575.0,36,165.0,1.2595419847328244,3.917279989444699,12,536.0,0.15514163857865876,14,232.0,0.23393835779586034,10,443.0,0.24160686477631285,36,1211.0
2580.0,48,215.0,1.628787878787879,3.355259482579275,16,601.0,0.09141661169630697,19,275.0,0.16443878521722816,13,503.0,0.17876577770469634,48,1379.0
2585.0,47,251.0,1.945736434108527,2.5653095221143722,13,609.0,0.12573820318842074,19,315.0,0.12075117468323349,15,576.0,0.1446738147732771,47,1500.0
2590.0,41,270.0,2.2131147540983607,2.9993312296264025,4,519.0,0.1860802677319283,17,300.0,0.17319727331645748,20,662.0,0.12890206226796583,41,1481.0
2595.0,40,387.0,3.0714285714285716,3.7895045834181342,3,367.0,0.18524573726097784,11,276.0,0.2634715078734791,26,781.0,0.05976720457042428,40,1424.0
2600.0,40,373.0,3.032520325203252,3.7231055940570505,2,369.0,0.22010144057622197,11,294.0,0.2946388228050924,27,821.0,0.08256272977718851,40,1484.0
2605.0,44,330.0,2.661290322580645,3.2822271914246124,8,395.0,0.17504330152371442,12,268.0,0.2042721694653948,24,702.0,0.11583099290020545,44,1365.0
2610.0,36,235.0,1.910569105691057,3.665599713182808,8,373.0,0.19574770162310293,9,280.0,0.25449590543502454,19,608.0,0.17150639808846158,36,1261.0
2615.0,26,144.0,1.1428571428571428,3.975348607725784,5,289.0,0.22932419315799016,8,244.0,0.2207020974459848,13,670.0,0.17200853807400868,26,1203.0
2620.0,24,126.0,0.9767441860465116,4.318759015079849,4,167.0,0.21387923471563877,8,239.0,0.24242268503755549,12,732.0,0.1607297022265896,24,1138.0
2625.0,27,133.0,1.08130081300813,4.457526728203237,2,118.0,0.3298441436385499,11,213.0,0.264808732331882,14,803.0,0.21524461394356423,27,1134.0
2630.0,36,197.0,1.5271317829457365,3.8488635791881043,5,80.0,0.2906340093502652,15,206.0,0.24919301609045716,16,788.0,0.13858981828949407,36,1074.0
2635.0,35,273.0,2.0839694656488548,4.762223254286914,4,66.0,0.416641794839316,18,254.0,0.28602487367417273,13,681.0,0.18088189875320904,35,1001.0
2640.0,37,391.0,3.0310077519379846,5.016349333027265,4,69.0,0.48353233360923503,23,360.0,0.2907890280761531,10,518.0,0.13537229408837284,37,947.0
2645.0,36,385.0,2.9166666666666665,4.849778334130726,6,97.0,0.5743143430548169,22,406.0,0.20493973899451062,8,538.0,0.1714089400730702,36,1041.0
2650.0,29,202.0,1.578125,4.617111703524532,1,60.0,0.4060506562552972,17,377.0,0.16049606236483369,11,582.0,0.18609329228538546,29,1019.0
2655.0,29,126.0,1.0161290322580645,3.7776410001101595,6,22.0,0.21219918529659273,15,432.0,0.08693292582655276,8,555.0,0.15908499403582677,29,1009.0
2660.0,27,106.0,0.9464285714285714,4.009995935857718,7,50.0,0.34858584280235333,17,483.0,0.1522045373291031,3,443.0,0.2520373563141176,27,976.0
2665.0,31,89.0,0.7672413793103449,3.308977551740171,3,41.0,0.3024529880739722,19,510.0,0.17880242729944465,9,466.0,0.12442407419488383,31,1017.0
2670.0,30,118.0,1.0,4.086962152760644,4,29.0,0.4150933025541654,17,475.0,0.14987748798028794,9,503.0,0.13188966625668558,30,1007.0
2675.0,25,120.0,1.0714285714285714,3.4945315134608492,4,37.0,0.4683536969283478,12,488.0,0.1280911508062366,9,462.0,0.13063491391152762,25,987.0
2680.0,24,72.0,0.631578947368421,3.92788721810633,1,20.0,0.5751853609923784,15,491.0,0.1655251837791544,8,363.0,0.18509736573834207,24,874.0
2685.0,25,118.0,1.0172413793103448,4.216939807119265,2,10.0,0.6846782141183844,16,481.0,0.16710319269958415,7,391.0,0.16166859125402736,25,882.0
2690.0,31,161.0,1.3529411764705883,3.5073092298563022,4,23.0,0.5386508286771015,15,486.0,0.12692580771558484,12,444.0,0.08453942655170164,31,953.0
2695.0,32,177.0,1.5663716814159292,3.0803375917569227,2,12.0,0.39917229389484005,14,424.0,0.1350585363371555,16,516.0,0.09875886957235774,32,952.0
2700.0,34,275.0,2.5462962962962963,3.855610591649552,0,0.0,0.5491977642164454,12,331.0,0.20028992701902967,22,615.0,0.05730554470319071,34,946.0
2705.0,41,359.0,3.2636363636363637,4.005589136500824,1,1.0,0.4592372911200521,18,347.0,0.20635059204303502,22,630.0,0.07862219197640274,41,978.0
2710.0,47,416.0,3.8878504672897196,4.116888075176226,6,18.0,0.38358421076351584,22,394.0,0.19170575067881804,19,559.0,0.11660445738699482,47,971.0
2715.0,48,402.0,3.7222222222222223,3.7669790666595735,7,48.0,0.23528620404285613,22,429.0,0.18171211977541196,19,444.0,0.13428338772207607,48,921.0
2720.0,42,308.0,2.9902912621359223,3.629080189193524,9,90.0,0.32544486977247344,18,390.0,0.18194031524244222,15,518.0,0.2132907181731218,42,998.0
2725.0,42,300.0,2.7027027027027026,3.1838202402577522,12,138.0,0.25344712354719645,13,431.0,0.1441067446378186,17,592.0,0.12323902649800747,42,1161.0
2730.0,39,368.0,3.315315315315315,3.8312382390768214,12,191.0,0.3249342603269688,12,469.0,0.16741934611664794,15,664.0,0.16757863707230877,39,1324.0
2735.0,51,485.0,4.619047619047619,2.530894943945959,14,251.0,0.14204922290957542,14,454.0,0.11922364536420996,23,762.0,0.10742731847222484,51,1467.0
2740.0,51,395.0,3.495575221238938,2.6762145086336377,10,254.0,0.26929940465145596,18,391.0,0.11238381512788688,23,783.0,0.13025523278055645,51,1428.0
2745.0,40,286.0,2.4655172413793105,4.042493728075681,5,166.0,0.4202079212078083,15,331.0,0.24254044947973222,20,707.0,0.15260188041040387,40,1204.0
2750.0,39,229.0,1.8174603174603174,3.7443637066045765,6,191.0,0.29978444439173263,14,371.0,0.24551933504105525,19,588.0,0.10472602212741473,39,1150.0
2755.0,40,201.0,1.5703125,4.607955854008364,9,233.0,0.2024057346461833,14,379.0,0.23561042532614096,17,524.0,0.22507743196051455,40,1136.0
2760.0,38,214.0,1.7833333333333334,4.092456747634997,15,295.0,0.0706801274476882,12,383.0,0.19766023519679277,11,449.0,0.30751563518073755,38,1127.0
2765.0,32,199.0,1.6583333333333334,4.249247326466977,14,311.0,0.18271497512043627,12,381.0,0.14814690587809054,6,341.0,0.44739369344546814,32,1033.0
2770.0,23,83.0,0.680327868852459,4.405930335070715,8,243.0,0.2800734207494468,12,400.0,0.13464419922503537,3,322.0,0.4824320115208459,23,965.0
2775.0,28,98.0,0.7777777777777778,4.469226328209899,7,154.0,0.19890861391253786,13,383.0,0.17326838967354818,8,331.0,0.2732462927694049,28,868.0
2780.0,23,89.0,0.7355371900826446,4.05232521587194,5,175.0,0.2647600377862112,11,381.0,0.1412460330852127,7,319.0,0.18849971825232723,23,875.0
2785.0,36,97.0,0.8220338983050848,3.468532009896906,13,221.0,0.1784935637073509,15,351.0,0.15595524062750046,8,229.0,0.2318917994181721,36,801.0
2790.0,30,137.0,1.170940170940171,4.338264181060668,9,228.0,0.28147975539894565,18,316.0,0.14310898332987884,3,137.0,0.4387551273733779,30,681.0
2795.0,19,112.0,0.9411764705882353,4.58270939373378,1,170.0,0.2855980751927973,15,350.0,0.17051429677930427,3,66.0,0.4642842877267663,19,586.0
2800.0,21,112.0,0.9032258064516129,4.819323357672351,2,178.0,0.19497056693584466,15,339.0,0.16702687412801934,4,51.0,0.5463617787977435,21,568.0
2805.0,22,71.0,0.5916666666666667,4.353863324321098,10,212.0,0.14935602740411466,10,317.0,0.17641160518691265,2,27.0,0.46131635276593924,22,556.0
2810.0,30,103.0,0.8956521739130435,2.890543572732318,11,223.0,0.13532016408831754,11,298.0,0.1568896465092809,8,47.0,0.22462420242650444,30,568.0
2815.0,30,131.0,1.1101694915254237,3.620323410438094,7,195.0,0.2189922775453224,11,298.0,0.1606442224867482,12,91.0,0.2857964468434576,30,584.0
2820.0,25,108.0,0.9152542372881356,3.548916255756439,5,179.0,0.1570251394794185,11,274.0,0.16472694977491037,9,109.0,0.20283424519148094,25,562.0
2825.0,25,137.0,1.170940170940171,4.177255500623967,8,215.0,0.1339503894862279,14,253.0,0.17907536073772698,3,88.0,0.31850368124487133,25,556.0
2830.0,28,152.0,1.3333333333333333,3.812504201749987,9,217.0,0.1274604704696884,16,284.0,0.13031540542684253,3,50.0,0.4896059344727353,28,551.0
2835.0,32,142.0,1.2456140350877194,3.811328464703632,7,177.0,0.2248977302158191,19,287.0,0.14955658598782504,6,62.0,0.416224033427324,32,526.0
2840.0,24,92.0,0.773109243697479,4.619664480064379,4,115.0,0.3397342537570577,18,344.0,0.13633572125633386,2,45.0,0.5026468812658472,24,504.0
2845.0,31,107.0,0.8492063492063492,4.600413039328676,7,94.0,0.2857121379307036,17,370.0,0.13371951225050255,7,33.0,0.3387842148917546,31,497.0
2850.0,27,164.0,1.3781512605042017,4.732627082089748,1,60.0,0.2946954287307135,18,419.0,0.13250252913190735,8,67.0,0.278158711906463,27,546.0
2855.0,31,201.0,1.8962264150943395,3.7192866373349727,6,70.0,0.19815031484746415,17,445.0,0.14316582501351183,8,79.0,0.17520574323031307,31,594.0
2860.0,38,194.0,1.883495145631068,3.1780325144901993,12,117.0,0.24069582790534216,20,410.0,0.0945483911434068,6,94.0,0.338649414963478,38,621.0
2865.0,37,207.0,1.9528301886792452,3.486352849263074,14,176.0,0.2390722076880271,21,456.0,0.12116781951846389,2,83.0,0.5061772435234505,37,715.0
2870.0,36,269.0,2.3189655172413794,3.737643004169254,17,252.0,0.1402917297022469,16,503.0,0.1300984051994153,3,94.0,0.3551196366985999,36,849.0
2875.0,37,234.0,2.0892857142857144,3.3468179242825675,18,281.0,0.13298081133092268,11,490.0,0.15606937798307707,8,126.0,0.25795854446825317,37,897.0
2880.0,31,197.0,1.8240740740740742,3.077729829768316,11,226.0,0.2322862104622543,9,413.0,0.1791906559840768,11,142.0,0.19613054377797554,31,781.0
2885.0,35,219.0,1.8403361344537814,4.4378438328602146,11,199.0,0.3334828005108463,15,374.0,0.16818971179762934,9,156.0,0.3467224980801694,35,729.0
2890.0,35,245.0,1.9758064516129032,4.543962918779453,9,231.0,0.35984984643943907,18,373.0,0.1668278845920814,8,183.0,0.38490050187828234,35,787.0
2895.0,43,353.0,2.7578125,4.493444223123898,12,283.0,0.2538522929969217,22,415.0,0.2056845967236287,9,224.0,0.28203866630742797,43,922.0
2900.0,38,439.0,3.689075630252101,4.11632654414782,7,294.0,0.28010733604517485,24,483.0,0.26799357031531945,7,223.0,0.2472590522927943,38,1000.0
2905.0,32,348.0,2.9,3.5739416806855355,6,239.0,0.18203962090431494,20,529.0,0.2780883912644447,6,179.0,0.20750622207428904,32,947.0
2910.0,28,225.0,1.814516129032258,4.39181889945911,5,183.0,0.24533599027905925,17,495.0,0.2592156249951597,6,168.0,0.19273861668768016,28,846.0
2915.0,19,86.0,0.6935483870967742,4.46672134837531,2,151.0,0.2848287494256971,8,504.0,0.20646138114592294,9,207.0,0.12318098314215896,19,862.0
2920.0,30,131.0,1.0826446280991735,3.5335187029470077,2,122.0,0.3403586077288281,13,506.0,0.14913004413017072,15,274.0,0.13541606446401994,30,902.0
2925.0,33,146.0,1.1967213114754098,3.5773438360498266,6,140.0,0.29949812173603846,13,477.0,0.13255187166921215,14,296.0,0.21228534224573092,33,913.0
2930.0,32,156.0,1.2892561983471074,3.7043966419156185,13,191.0,0.19849386827585616,12,411.0,0.18276423090540603,7,239.0,0.15431738632543035,32,841.0
2935.0,34,201.0,1.7179487179487178,3.11237122599039,18,272.0,0.09872879595451615,7,408.0,0.21011604241207932,9,263.0,0.17859306083754792,34,943.0
2940.0,47,329.0,2.764705882352941,3.122474007252871,23,383.0,0.18132545277243034,12,388.0,0.1516829179548717,12,313.0,0.19198438257185346,47,1084.0
2945.0,57,565.0,4.556451612903226,2.684520681580732,27,507.0,0.14240542936532086,14,408.0,0.1387664459830312,16,389.0,0.16040572900574876,57,1304.0
2950.0,67,714.0,5.852459016393443,2.5226505864192355,26,574.0,0.14283588624462287,20,467.0,0.17926617962914382,21,486.0,0.1676678490415444,67,1527.0
2955.0,62,600.0,4.724409448818897,1.985559060275883,23,523.0,0.09010659466444902,19,474.0,0.16380348968962788,20,523.0,0.10055859019579497,62,1520.0
2960.0,55,415.0,3.1923076923076925,3.649915862326326,20,489.0,0.16497626575822402,15,386.0,0.2757409385444044,20,492.0,0.12835862923889443,55,1367.0
2965.0,44,298.0,2.2406015037593985,4.337350623972514,17,440.0,0.1942309198953298,8,244.0,0.3771544256721501,19,539.0,0.09902074229782547,44,1223.0
2970.0,33,229.0,1.7890625,4.877859294855265,9,381.0,0.3443078530263246,7,255.0,0.343888825210419,17,621.0,0.11078094070994315,33,1257.0
2975.0,28,126.0,1.0677966101694916,3.950710573886975,1,345.0,0.39460699765125534,13,260.0,0.18710056581490986,14,628.0,0.15609598330083502,28,1233.0
2980.0,32,94.0,0.7704918032786885,3.870471442747648,7,353.0,0.32168821340385106,15,277.0,0.17269121886401148,10,541.0,0.16111082019568787,32,1171.0
2985.0,22,73.0,0.5934959349593496,4.079868352499995,8,346.0,0.24875271946772215,10,216.0,0.2153478280806149,4,522.0,0.17092843809558741,22,1084.0
2990.0,20,66.0,0.55,3.7004692481726527,6,261.0,0.1769350785790701,7,204.0,0.2619430197483096,7,554.0,0.10401749643516514,20,1019.0
2995.0,25,121.0,1.0341880341880343,3.3882726405216577,1,271.0,0.3027832539885104,10,192.0,0.16486567483802317,14,614.0,0.1568101053682436,25,1077.0
3000.0,46,280.0,2.3728813559322033,2.89990080661134,8,295.0,0.23508693568292308,17,213.0,0.12022681961011106,21,706.0,0.09751251531380069,46,1214.0
3005.0,51,404.0,3.2845528455284554,2.0881481375588815,7,280.0,0.186464922695659,16,235.0,0.10983993228124635,28,831.0,0.07181924536256022,51,1346.0
3010.0,52,534.0,4.377049180327869,2.7058499606612076,5,213.0,0.22207080026422382,13,223.0,0.18694577785566147,34,987.0,0.05935656292699437,52,1423.0
3015.0,53,709.0,5.582677165354331,2.962552596159513,5,215.0,0.169937847768185,8,210.0,0.204284204636957,40,1176.0,0.019527747446723524,53,1601.0
3020.0,59,734.0,5.919354838709677,2.7030887347623223,10,246.0,0.16316737838537781,11,218.0,0.18140414272076502,38,1251.0,0.05785068193412916,59,1715.0
3025.0,60,614.0,5.032786885245901,2.0303181345987906,12,237.0,0.10594778834344064,15,233.0,0.1695596233307777,33,1188.0,0.08059187563919486,60,1658.0
3030.0,43,505.0,4.04,3.3768080323443694,5,173.0,0.1771935290690302,11,267.0,0.27233753377734365,27,1036.0,0.1290439877809065,43,1476.0
3035.0,28,325.0,2.5193798449612403,3.932385913991692,4,168.0,0.16228398764880375,7,232.0,0.2606983206068348,17,1130.0,0.14921502818524976,28,1530.0
3040.0,33,258.0,1.9694656488549618,4.315303736604663,10,203.0,0.11158296951130317,8,208.0,0.25638409168497955,15,1213.0,0.15884368933606705,33,1624.0
3045.0,27,161.0,1.376068376068376,3.224407686063949,8,198.0,0.13909499205751946,10,221.0,0.1497811464968858,9,1168.0,0.20126649106065841,27,1587.0
3050.0,24,88.0,0.7586206896551724,3.6064486974041814,4,136.0,0.2088651618854431,15,230.0,0.25425413943666547,5,1001.0,0.2033639932654791,24,1367.0
3055.0,21,66.0,0.55,4.398402217509501,3,82.0,0.35027546378655966,12,273.0,0.2269677905999671,6,930.0,0.2343715781747258,21,1285.0
3060.0,20,64.0,0.5161290322580645,4.023622294261117,3,84.0,0.29450467225585836,10,288.0,0.16261378935503698,7,958.0,0.11879106427645908,20,1330.0
3065.0,34,180.0,1.44,3.674311440641032,7,111.0,0.1544385305495279,14,322.0,0.1545738097388133,13,1008.0,0.12327087203971543,34,1441.0
3070.0,35,173.0,1.5585585585585586,3.1964967936225714,7,121.0,0.1863012047614108,13,335.0,0.15355969233422181,15,960.0,0.1308355082880573,35,1416.0
3075.0,29,117.0,1.0636363636363637,3.5714642878901284,5,95.0,0.2774449268746312,11,302.0,0.2236667497306942,13,813.0,0.1779044703016861,29,1210.0
3080.0,26,95.0,0.8260869565217391,4.062822999217263,5,66.0,0.3436502519936693,9,308.0,0.24139829679312988,12,816.0,0.15311330099483572,26,1190.0
3085.0,34,105.0,0.860655737704918,3.7665366042274493,4,59.0,0.23901361523862508,13,325.0,0.19064482355625567,17,886.0,0.08226608309074773,34,1270.0
3090.0,37,173.0,1.4786324786324787,3.367304956065465,7,84.0,0.17465415541111917,12,337.0,0.1542243074006044,18,975.0,0.10608765866366528,37,1396.0
3095.0,36,279.0,2.6826923076923075,2.5317768003684784,7,118.0,0.2103735902164707,7,286.0,0.14972047871028707,22,1076.0,0.11105826428891614,36,1480.0
3100.0,38,295.0,2.6818181818181817,3.1779948270636855,8,103.0,0.3153900883827145,9,244.0,0.23223263253724905,21,1063.0,0.08943401358376932,38,1410.0
3105.0,36,273.0,2.415929203539823,3.5968884332147972,7,95.0,0.35143957094764333,10,295.0,0.22195392035057607,19,922.0,0.11173113133323362,36,1312.0
3110.0,31,186.0,1.5630252100840336,3.4635701769216967,5,102.0,0.2353335431852206,8,297.0,0.23655392885856946,18,690.0,0.09989730784406661,31,1089.0
3115.0,35,182.0,1.5423728813559323,5.053381306555213,12,147.0,0.18131713125122945,7,248.0,0.3958139194231171,16,583.0,0.22110048587391648,35,978.0
3120.0,31,178.0,1.6036036036036037,4.163967992945331,9,168.0,0.13488461206568253,11,287.0,0.25288911610101444,11,589.0,0.23319788914326903,31,1044.0
3125.0,29,176.0,1.6296296296296295,4.36029541615799,5,150.0,0.2775939409679244,15,319.0,0.18892560863888877,9,634.0,0.24150092120966085,29,1103.0
3130.0,29,163.0,1.5523809523809524,3.7765433154130474,4,155.0,0.26227207531693647,11,351.0,0.11375685321289598,14,694.0,0.2308748255237703,29,1200.0
3135.0,36,180.0,1.6363636363636365,3.265092347059411,7,186.0,0.18685641576191409,14,394.0,0.05424563248690782,15,664.0,0.12055778985784503,36,1244.0
3140.0,38,227.0,2.1826923076923075,3.1795536093941785,11,231.0,0.11725178953601441,14,470.0,0.14861583050395633,13,539.0,0.16406602030613,38,1240.0
3145.0,44,244.0,2.3461538461538463,2.1841360416740514,12,250.0,0.06499065736392971,16,540.0,0.11738305145640068,16,597.0,0.10495430576418364,44,1387.0
3150.0,32,174.0,1.6571428571428573,2.9219203285240676,8,226.0,0.16462084034320923,10,530.0,0.13482177397996672,14,662.0,0.12350173945859447,32,1418.0
3155.0,37,207.0,1.9903846153846154,2.9962581919224998,7,225.0,0.1999574020319494,9,443.0,0.1297849934347928,21,751.0,0.12563144295085335,37,1419.0
3160.0,46,319.0,2.926605504587156,2.412630662240295,10,267.0,0.1774191742086935,11,489.0,0.09362276730224933,25,862.0,0.07596154275127431,46,1618.0
3165.0,48,322.0,2.9814814814814814,2.7884792152815274,9,281.0,0.21731331766651374,14,552.0,0.1210602699084974,25,870.0,0.0920014562307381,48,1703.0
3170.0,45,339.0,3.081818181818182,2.9135205735114504,12,321.0,0.08321105445790095,13,623.0,0.14297040194224533,20,790.0,0.09547786363598505,45,1734.0
3175.0,45,420.0,4.038461538461538,3.641836806760861,16,392.0,0.11334865909293074,14,690.0,0.24255455844840337,15,625.0,0.18327941035650852,45,1707.0
3180.0,42,423.0,4.23,2.690082167479927,14,413.0,0.05892175030811341,18,773.0,0.14146289826591654,10,663.0,0.19693411320619636,42,1849.0
3185.0,43,352.0,3.3207547169811322,3.344053142931788,14,386.0,0.11402776482275326,17,772.0,0.14587959900124894,12,721.0,0.17276677508505967,43,1879.0
3190.0,37,283.0,2.83,3.2385988200186686,15,457.0,0.17545456214303876,13,597.0,0.14795612441132913,9,693.0,0.21425348807218292,37,1747.0
3195.0,33,215.0,2.0673076923076925,4.098607185728067,14,505.0,0.22312066798089414,13,537.0,0.22751709995666788,6,553.0,0.2562299453149491,33,1595.0
3200.0,25,197.0,1.912621359223301,5.104501167560461,13,576.0,0.29190203894423983,9,441.0,0.3576747340605415,3,527.0,0.28717013142506576,25,1544.0
3205.0,32,206.0,1.9433962264150944,3.721438472786895,16,645.0,0.1713073808493747,6,451.0,0.29497157267106267,10,556.0,0.12644707861580676,32,1652.0
3210.0,31,239.0,2.298076923076923,3.3299570482801863,14,657.0,0.16128837522423473,4,467.0,0.2642905888973112,13,613.0,0.12622005453171714,31,1737.0
3215.0,41,332.0,3.3877551020408165,2.7498348552876806,11,602.0,0.15415173511791497,9,508.0,0.19245219736730496,21,701.0,0.05782708492952217,41,1811.0
3220.0,41,308.0,2.9615384615384617,3.097384110723458,13,552.0,0.14262872226456833,7,482.0,0.21805412519350026,21,698.0,0.07414373802374206,41,1732.0
3225.0,34,210.0,2.0588235294117645,4.199005964279944,11,599.0,0.24079431274530136,5,397.0,0.3296694993414709,18,557.0,0.1633542302877282,34,1553.0
3230.0,35,190.0,1.8095238095238095,4.035203937923901,12,656.0,0.1722214566951704,7,426.0,0.25084504321597123,16,427.0,0.12659921286089754,35,1509.0
3235.0,33,189.0,1.8712871287128714,4.590590003668718,12,716.0,0.16682180331936597,7,459.0,0.33376511368915585,14,395.0,0.26325362845087896,33,1570.0
3240.0,25,136.0,1.431578947368421,4.076646568667977,10,693.0,0.11791153412513578,9,495.0,0.2552263393387434,6,377.0,0.2961280085754103,25,1565.0
3245.0,19,103.0,1.0404040404040404,4.31017522739109,6,591.0,0.17971111581719262,7,475.0,0.21688217674287502,6,408.0,0.27038207211869614,19,1474.0
3250.0,24,125.0,1.3297872340425532,4.247259609817549,6,464.0,0.2288401778315134,5,380.0,0.22830349483245088,13,459.0,0.2683674004166672,24,1303.0
3255.0,24,106.0,1.0707070707070707,4.132841386545633,5,470.0,0.27590482283678525,6,256.0,0.1648437054986142,13,460.0,0.2263088388072351,24,1186.0
3260.0,21,80.0,0.8163265306122449,5.673717870850981,6,493.0,0.3565497744447123,7,211.0,0.41065100746933403,8,345.0,0.2865694060941981,21,1049.0
3265.0,27,102.0,1.0303030303030303,5.071940941786611,11,537.0,0.2674023013042879,7,141.0,0.4072360812470702,9,256.0,0.25058473221827204,27,934.0
3270.0,18,128.0,1.3195876288659794,5.497306381374216,12,591.0,0.20056318342995996,0,99.0,0.6083890759274214,6,182.0,0.31261293775209736,18,872.0
3275.0,27,217.0,2.2142857142857144,5.204505482796726,21,676.0,0.09161024859696654,4,105.0,0.48446041568310305,2,143.0,0.35521385232828845,27,924.0
3280.0,38,357.0,3.606060606060606,4.113891065394722,26,793.0,0.051333824078259274,10,145.0,0.18101805778623123,2,128.0,0.3945622678205411,38,1066.0
3285.0,40,371.0,3.9468085106382977,3.4767584072615967,23,826.0,0.07920249924829396,10,159.0,0.12913320790824004,7,152.0,0.3362437277352752,40,1137.0
3290.0,39,298.0,3.1702127659574466,3.383451200161727,19,759.0,0.13878219383985788,5,133.0,0.29480767742210284,15,206.0,0.11762668581586024,39,1098.0
3295.0,39,342.0,3.717391304347826,4.325916284922155,18,842.0,0.23864643139937003,2,81.0,0.4258454587411869,19,288.0,0.19885703983139555,39,1211.0
3300.0,44,464.0,5.043478260869565,3.857963405890304,19,933.0,0.15967379034559998,2,56.0,0.4347683639364938,23,394.0,0.15884703864301747,44,1383.0
3305.0,42,421.0,4.4787234042553195,2.7149984700607384,21,1029.0,0.10415729697211044,2,38.0,0.3024256702426127,19,436.0,0.16975455123360786,42,1503.0
3310.0,41,363.0,3.9456521739130435,2.978117450254997,22,1134.0,0.08434003057802156,6,57.0,0.3592900089471185,13,391.0,0.17897101718884337,41,1582.0
3315.0,37,266.0,2.7142857142857144,3.624831160046727,22,1132.0,0.06347450723345714,2,49.0,0.44855624346759004,13,283.0,0.18547512712938113,37,1464.0
3320.0,25,176.0,1.8144329896907216,5.776649904134361,18,1010.0,0.1830091950433285,1,18.0,0.6980199031265769,6,240.0,0.37776221489827927,25,1268.0
3325.0,25,148.0,1.4368932038834952,5.872708358549223,16,774.0,0.183990706704167,3,12.0,0.6384487983065101,6,158.0,0.33684864318609614,25,944.0
3330.0,16,95.0,0.9313725490196079,6.100830048007589,11,823.0,0.18395605737699894,3,22.0,0.673898371451461,2,146.0,0.4238724814072687,16,991.0
3335.0,24,113.0,1.1649484536082475,5.540199669402175,14,884.0,0.17692627008130282,1,7.0,0.4458967339049781,9,165.0,0.29234561829608935,24,1056.0
3340.0,26,140.0,1.4893617021276595,3.595500859984981,14,953.0,0.1418255219670315,5,16.0,0.15433879930999786,7,165.0,0.1700835893943956,26,1134.0
3345.0,24,104.0,1.2093023255813953,3.8311917742310477,15,919.0,0.1481417605931945,4,27.0,0.32286306128875275,5,121.0,0.2592868164782404,24,1067.0
3350.0,21,77.0,0.8279569892473119,4.380225512088102,13,775.0,0.15892875223657826,2,19.0,0.4764030527227883,6,129.0,0.25122228983190176,21,923.0
3355.0,21,88.0,0.9166666666666666,5.032401629559437,11,589.0,0.20243587744886937,2,22.0,0.5028499610644993,8,159.0,0.2400843759472218,21,770.0
3360.0,27,147.0,1.5806451612903225,4.779991873894842,7,490.0,0.2388873065262014,6,43.0,0.44377270635862487,14,214.0,0.117560150185556,27,747.0
3365.0,26,160.0,1.6842105263157894,4.389088390686072,4,430.0,0.3028837483857209,9,83.0,0.29293779344450666,13,232.0,0.11587711717843106,26,745.0
3370.0,25,130.0,1.4444444444444444,4.589012875985206,7,455.0,0.25438451166957826,6,95.0,0.3351520637039728,12,197.0,0.1948705770818323,25,747.0
3375.0,18,59.0,0.6344086021505376,4.718895888755374,7,423.0,0.22566349292233437,2,65.0,0.3677021606718298,9,154.0,0.25629390719984213,18,642.0
3380.0,10,41.0,0.44086021505376344,6.381998182251559,4,321.0,0.3091530683450071,1,64.0,0.5356409338930825,5,141.0,0.4064696637465099,10,526.0
3385.0,19,39.0,0.39,4.723328760662154,4,317.0,0.163295619578689,11,92.0,0.26110841511244876,4,113.0,0.3085475371829734,19,522.0
3390.0,31,153.0,1.577319587628866,4.210152023327836,9,348.0,0.1523979920688787,15,154.0,0.11999211005312242,7,135.0,0.2988140727187484,31,637.0
3395.0,47,356.0,4.1395348837209305,2.5829842188827823,15,410.0,0.07716053582154174,20,246.0,0.0014087992356730296,12,184.0,0.1513733646791452,47,840.0
3400.0,41,341.0,3.875,2.462136241193446,14,405.0,0.10130494922696945,16,290.0,0.0635547306243641,11,201.0,0.1337678263186267,41,896.0
3405.0,18,134.0,1.558139534883721,5.203030897471583,7,286.0,0.26346548714500867,6,247.0,0.39800341342797546,5,162.0,0.33752990828486495,18,695.0
3410.0,19,61.0,0.6354166666666666,5.699353381997045,8,168.0,0.255705350571859,5,249.0,0.3678532376895331,6,101.0,0.33854503982842665,19,518.0
3415.0,21,79.0,0.8061224489795918,5.7477786732083285,7,125.0,0.3366262699544397,8,277.0,0.2988447436873106,6,121.0,0.3376697008824417,21,523.0
3420.0,27,134.0,1.425531914893617,4.109729604907086,6,127.0,0.2268665034797622,13,331.0,0.14791116842905142,8,148.0,0.16814769136650906,27,606.0
3425.0,28,134.0,1.3814432989690721,3.8763389036659146,7,160.0,0.23862511704903336,14,333.0,0.08308449328887144,7,154.0,0.20146241170918158,28,647.0
3430.0,17,69.0,0.8023255813953488,4.863849575522418,3,160.0,0.3828042555308659,11,280.0,0.22349180220962636,3,115.0,0.359483865053647,17,555.0
3435.0,16,49.0,0.5384615384615384,4.932719655608506,3,123.0,0.32080670674049855,9,332.0,0.20887736506190896,4,64.0,0.3123234075699713,16,519.0
3440.0,15,63.0,0.6847826086956522,4.933351866397385,2,97.0,0.32921423642501935,11,385.0,0.1920174632768331,2,62.0,0.37029511753395855,15,544.0
3445.0,29,114.0,1.1875,3.6817629464650445,3,84.0,0.29736527080465536,18,457.0,0.08304289994681993,8,76.0,0.18435160052250874,29,617.0
3450.0,26,128.0,1.391304347826087,3.813839820161405,5,99.0,0.27661266266072554,16,462.0,0.11088523678839933,5,76.0,0.21678419090074977,26,637.0
3455.0,20,90.0,1.0465116279069768,4.220404782801044,4,101.0,0.3618605350749066,14,359.0,0.15342500124293432,2,59.0,0.3345297587772358,20,519.0
3460.0,20,75.0,0.8152173913043478,4.590517393117144,4,88.0,0.37782008733918665,13,304.0,0.21578148439099684,3,44.0,0.3396346910990292,20,436.0
3465.0,13,52.0,0.5473684210526316,5.749661811491094,3,76.0,0.5010660487303256,8,247.0,0.27485004735441837,2,43.0,0.4351141018290702,13,366.0
3470.0,16,59.0,0.5784313725490197,4.773174313162705,4,91.0,0.2963878537378332,6,247.0,0.2806315264688261,6,64.0,0.26634924558316236,16,402.0
3475.0,26,126.0,1.2857142857142858,3.979093287832907,11,130.0,0.19359637322454828,7,277.0,0.3105063075279418,8,74.0,0.1957090452028713,26,481.0
3480.0,30,172.0,1.8105263157894738,2.8508650231962553,18,202.0,0.07969797327868446,7,275.0,0.2166686468469719,5,64.0,0.1468943717005022,30,541.0
3485.0,37,268.0,2.6019417475728157,3.6427742320012015,24,308.0,0.128933702155172,6,224.0,0.22429534605275925,7,69.0,0.2945387176675612,37,601.0
3490.0,32,366.0,3.5533980582524274,3.5288568269581337,25,428.0,0.1406053076347221,3,225.0,0.21315836938305885,4,80.0,0.2910796305151269,32,733.0
3495.0,47,551.0,5.009090909090909,2.7953657400696375,30,568.0,0.029829782948622763,7,253.0,0.1090351433631889,10,117.0,0.16869595529381534,47,938.0
3500.0,50,564.0,5.584158415841584,2.1838216287523737,29,640.0,0.06444979978887279,14,312.0,0.11857372971124394,7,138.0,0.16447572042697017,50,1090.0
3505.0,43,395.0,3.798076923076923,2.5274969908636273,23,619.0,0.07321764824796398,15,324.0,0.1773635893245481,5,111.0,0.1794630013190307,43,1054.0
3510.0,28,282.0,2.6857142857142855,4.4356768939044,16,526.0,0.2251242236233048,8,269.0,0.2723571048271304,4,116.0,0.2752489635478822,28,911.0
3515.0,26,236.0,2.2476190476190476,4.435974052197672,12,581.0,0.26252064785496115,6,266.0,0.23789532588254678,8,148.0,0.21264862146869976,26,995.0
3520.0,29,182.0,1.7169811320754718,3.679764983526727,13,645.0,0.15696022113769453,11,308.0,0.139659253331628,5,145.0,0.17220916077137474,29,1098.0
3525.0,23,139.0,1.4479166666666667,3.2277793944871207,9,629.0,0.16694707600939948,13,374.0,0.1527840262093365,1,102.0,0.23916295672487126,23,1105.0
3530.0,19,99.0,0.9801980198019802,3.2912292720978007,4,524.0,0.17860035022809692,15,377.0,0.11303794008715723,0,65.0,0.2153762140795444,19,966.0
3535.0,15,73.0,0.7087378640776699,5.255168498500192,3,392.0,0.38359602921082464,10,314.0,0.24274090936944445,2,64.0,0.31337418804035416,15,770.0
3540.0,13,70.0,0.6796116504854369,4.962586616419431,1,382.0,0.3399474718645315,8,232.0,0.2176566202420714,4,78.0,0.2842285302738875,13,692.0
3545.0,21,102.0,0.9714285714285714,5.339254819734645,7,405.0,0.32356849707531876,9,208.0,0.2866881333151421,5,80.0,0.35892977768777584,21,693.0
3550.0,20,93.0,0.9393939393939394,4.743722794882236,6,391.0,0.2829575701724695,4,185.0,0.33979407124767835,10,112.0,0.3103771906339443,20,688.0
3555.0,29,161.0,1.5631067961165048,3.9707941945054226,6,318.0,0.23313837646465602,6,199.0,0.28899751807751983,17,181.0,0.12961707630487096,29,698.0
3560.0,33,262.0,2.62,4.109907698958385,4,227.0,0.3103455266611614,6,195.0,0.3517336373810152,23,279.0,0.08252974368069939,33,701.0
3565.0,33,234.0,2.207547169811321,3.3538588781862493,6,227.0,0.2493121615326572,4,151.0,0.27414963746866233,23,345.0,0.09967138823290843,33,723.0
3570.0,27,199.0,1.8773584905660377,4.3103194598705485,7,256.0,0.23302958388525746,3,153.0,0.2836975487860567,17,337.0,0.20024648021161712,27,746.0
3575.0,38,259.0,2.5643564356435644,3.322035839741109,14,314.0,0.14374519353767728,9,183.0,0.11703592494484415,15,399.0,0.13560083598624403,38,896.0
3580.0,44,352.0,3.4174757281553396,2.7520117588175577,18,399.0,0.09373806067717726,8,189.0,0.09360719151940218,18,484.0,0.10128914426781038,44,1072.0
3585.0,36,283.0,2.9479166666666665,3.0521980942846576,17,429.0,0.18567593974626684,5,149.0,0.2206535191531315,14,511.0,0.18630030246464785,36,1089.0
3590.0,21,113.0,1.118811881188119,4.256784726848679,13,354.0,0.21053797373768096,3,110.0,0.4252857261061252,5,457.0,0.24145274189156402,21,921.0
3595.0,16,83.0,0.8058252427184466,5.275211956600513,11,253.0,0.3085773843765905,1,96.0,0.43447982696375076,4,426.0,0.26116997381429063,16,775.0
3600.0,24,126.0,1.2,5.153284689713928,10,188.0,0.26680938243467284,6,118.0,0.37504264217753,8,454.0,0.13884260467861909,24,760.0
