step,system_total_stopped,system_total_waiting_time,system_mean_waiting_time,system_mean_speed,A0_stopped,A0_accumulated_waiting_time,A0_average_speed,B0_stopped,B0_accumulated_waiting_time,B0_average_speed,C0_stopped,C0_accumulated_waiting_time,C0_average_speed,agents_total_stopped,agents_total_accumulated_waiting_time
5.0,0,0.0,0.0,6.115306353137001,0,0.0,0.4184670600391484,0,0.0,0.5282986581473603,0,0.0,0.4983678574013047,0,0.0
10.0,1,0.0,0.0,10.281832674781157,1,0.0,0.6949154016896144,0,0.0,0.9469045377343683,0,0.0,0.8265954933958259,1,0.0
15.0,1,3.0,0.15,8.391117871560969,0,0.0,0.6620071592522494,0,0.0,0.34755955002073136,1,3.0,0.4494324685647921,1,3.0
20.0,1,8.0,0.4,10.693936413726812,0,0.0,0.7921431437836486,0,0.0,0.9412608222262426,1,8.0,0.6874822110879607,1,8.0
25.0,13,17.0,0.6296296296296297,5.352605031764883,4,1.0,0.46831377536457314,3,1.0,0.4702491602266702,6,15.0,0.22641491244133474,13,17.0
30.0,4,22.0,0.7857142857142857,9.142227542123655,2,11.0,0.6229960073676017,2,11.0,0.7398798755301019,0,4.0,0.7009048916478782,4,26.0
35.0,1,3.0,0.0967741935483871,9.429504032974283,0,0.0,0.5889266765279919,0,0.0,0.7939891946448262,1,3.0,0.6150207906333492,1,3.0
40.0,6,7.0,0.1891891891891892,7.855311175406589,3,4.0,0.4720938375612812,2,3.0,0.3810622727302878,1,0.0,0.4801555840113995,6,7.0
45.0,2,3.0,0.09375,8.214435945761783,2,10.0,0.5493547063940154,0,7.0,0.529632676542433,0,0.0,0.7463985475698165,2,17.0
50.0,4,8.0,0.21052631578947367,7.286627369546639,2,10.0,0.43556670722464225,2,8.0,0.5328605411326086,0,2.0,0.5859173769448264,4,20.0
55.0,6,19.0,0.4634146341463415,9.066000815951432,2,8.0,0.5426354803881811,2,18.0,0.735357969577372,2,5.0,0.7643318357309968,6,31.0
60.0,9,54.0,1.35,7.855438550519845,5,25.0,0.45076710798022407,2,24.0,0.33971128576420523,2,13.0,0.6319314446554198,9,62.0
65.0,13,91.0,1.9361702127659575,6.373755546216134,5,38.0,0.4299441564216642,4,44.0,0.21374542332172433,4,29.0,0.4350656147997941,13,111.0
70.0,8,70.0,1.5217391304347827,6.059336549235688,2,32.0,0.45393313349396486,4,66.0,0.2633041143995323,2,30.0,0.4751716492840426,8,128.0
75.0,10,100.0,1.8518518518518519,6.555087049469182,2,19.0,0.3589243532100474,6,96.0,0.4838805767585742,2,8.0,0.3828044519594455,10,123.0
80.0,11,143.0,2.508771929824561,7.840675496683048,2,19.0,0.5129617675116511,6,126.0,0.5980715131480199,3,11.0,0.40325781559630813,11,156.0
85.0,24,191.0,3.0317460317460316,6.204197453479115,3,3.0,0.36667268765154165,10,158.0,0.43368560362139325,11,39.0,0.2288693296180477,24,200.0
90.0,21,291.0,5.017241379310345,6.819193032315836,4,18.0,0.44361717608301193,8,196.0,0.3673204710111842,9,84.0,0.37716937191893257,21,298.0
95.0,13,78.0,1.5,3.9228939191112504,4,32.0,0.34376502986910257,5,139.0,0.12168066372662936,4,87.0,0.3173982729162988,13,258.0
100.0,10,33.0,0.5409836065573771,6.261359023407537,4,35.0,0.3425476640516936,4,47.0,0.4707620545346951,2,48.0,0.3554405781583264,10,130.0
105.0,7,32.0,0.5161290322580645,7.219878830556508,3,32.0,0.44009051470862665,3,55.0,0.5489308127369878,1,34.0,0.3818600535778459,7,121.0
110.0,18,92.0,1.393939393939394,6.50429273389474,4,40.0,0.440880319452727,6,65.0,0.4982773328898589,8,64.0,0.27376519867846905,18,169.0
115.0,16,136.0,2.1587301587301586,7.762081253436908,4,54.0,0.5820626454333793,6,88.0,0.5419435421552015,6,71.0,0.4654027912611258,16,213.0
120.0,9,94.0,1.492063492063492,6.856687725131786,2,26.0,0.4665431559598746,6,120.0,0.4534251954210437,1,36.0,0.46789370803771557,9,182.0
125.0,14,149.0,2.0985915492957745,6.833752108736389,6,24.0,0.3598984107273113,8,158.0,0.4438869938712117,0,23.0,0.44591808130816313,14,205.0
130.0,18,202.0,2.8450704225352115,6.272932719387258,4,36.0,0.4042582298984997,8,196.0,0.2974020340850447,6,41.0,0.36154846900193366,18,273.0
135.0,18,229.0,3.2714285714285714,4.838017617291269,5,33.0,0.39281288595064595,10,245.0,0.21409515044277366,3,43.0,0.23679538208156425,18,321.0
140.0,14,273.0,3.8450704225352115,6.01981905191302,1,26.0,0.45508941062954844,10,297.0,0.3878228004670955,3,23.0,0.30223444609357836,14,346.0
145.0,26,352.0,4.455696202531645,5.205822715027634,7,46.0,0.2121733781031032,14,350.0,0.33174130083064624,5,22.0,0.20570254833044568,26,418.0
150.0,19,178.0,2.3733333333333335,5.030166464562355,11,91.0,0.1504685969610962,7,284.0,0.3649708510687476,1,17.0,0.4089660202964454,19,392.0
155.0,24,166.0,2.2133333333333334,5.074992987391924,16,162.0,0.08053024053356701,5,135.0,0.2947344772455902,3,25.0,0.31078232210371654,24,322.0
160.0,23,138.0,1.8157894736842106,4.155326994043231,14,198.0,0.1307687012285669,5,144.0,0.12169506211539914,4,37.0,0.2925143889964621,23,379.0
165.0,17,100.0,1.4705882352941178,5.604585468236033,7,151.0,0.31521727931455545,8,162.0,0.34879991559191914,2,36.0,0.44271626819282117,17,349.0
170.0,14,65.0,0.8441558441558441,5.735901286548931,8,119.0,0.2716087388965246,4,118.0,0.3945167207446759,2,26.0,0.3252274323604799,14,263.0
175.0,9,30.0,0.379746835443038,7.113426920098379,5,139.0,0.3372896353660238,3,37.0,0.5191688345003814,1,26.0,0.4480217942140486,9,202.0
180.0,15,72.0,0.935064935064935,6.560546689600278,6,167.0,0.17894861472433807,5,38.0,0.3082843763509884,4,40.0,0.307751859969772,15,245.0
185.0,21,138.0,2.0,3.8470025151179366,4,169.0,0.18455206675581742,9,78.0,0.039647183691380414,8,70.0,0.1483312177595448,21,317.0
190.0,22,169.0,2.864406779661017,3.9823707448095647,4,141.0,0.25739554001643894,12,136.0,0.17817583688845437,6,80.0,0.28587817629870266,22,357.0
195.0,21,223.0,3.328358208955224,4.732488063095503,5,166.0,0.16145435082314036,13,203.0,0.30315017014072765,3,52.0,0.3049148971351228,21,421.0
200.0,13,141.0,2.0142857142857142,5.51229711686038,5,190.0,0.1794212690188721,7,207.0,0.30187823623047905,1,53.0,0.525604182990251,13,450.0
205.0,18,40.0,0.5555555555555556,4.2032363537829776,8,190.0,0.1641138331409156,4,144.0,0.18935888397208275,6,71.0,0.3086295556840879,18,405.0
210.0,11,46.0,0.6865671641791045,5.8885471130032965,5,137.0,0.29545330338881054,3,53.0,0.4467677054479963,3,74.0,0.5161695500958846,11,264.0
215.0,5,8.0,0.11940298507462686,6.102657026643895,4,145.0,0.30728320818132443,1,44.0,0.4600706840215335,0,40.0,0.5991053064866271,5,229.0
220.0,13,44.0,0.5866666666666667,6.051752686982227,5,166.0,0.21958107077775402,6,58.0,0.3892959513570695,2,6.0,0.4562791105820748,13,230.0
225.0,15,84.0,1.1666666666666667,4.909361898465614,3,153.0,0.1736842678034895,10,103.0,0.2279627034208288,2,6.0,0.4891263883676842,15,262.0
230.0,21,157.0,2.1805555555555554,4.352928611347683,2,116.0,0.16915473441608322,14,168.0,0.14960968224044038,5,25.0,0.23591064428882313,21,309.0
235.0,21,231.0,3.4477611940298507,5.180532687499,2,70.0,0.2482386513116164,16,246.0,0.25946583884271307,3,31.0,0.33429284445031476,21,347.0
240.0,13,168.0,2.5454545454545454,4.9163784688415575,2,40.0,0.22922390655450892,11,249.0,0.26886726688255896,0,16.0,0.30815405849982774,13,305.0
245.0,8,36.0,0.4931506849315068,6.170883080794842,1,28.0,0.3272691317795012,5,196.0,0.32143635389307396,2,9.0,0.5598984053471786,8,233.0
250.0,10,39.0,0.5416666666666666,6.046570617957327,4,38.0,0.39772248077833955,4,201.0,0.18062134047162418,2,19.0,0.6672306864403903,10,258.0
255.0,15,52.0,0.6933333333333334,5.26177463208509,5,46.0,0.29414695833373405,10,233.0,0.10879667704175512,0,2.0,0.4995200695182285,15,281.0
260.0,15,52.0,0.7761194029850746,5.154316167861796,3,40.0,0.29595371088985634,9,225.0,0.22642301339849852,3,10.0,0.40654181859632743,15,275.0
265.0,16,32.0,0.45714285714285713,4.470559293384234,6,35.0,0.26768411861760927,8,156.0,0.22171439400712692,2,15.0,0.34852881134804464,16,206.0
270.0,9,24.0,0.3380281690140845,6.776897783529539,2,26.0,0.38508423507725537,5,75.0,0.359888554915183,2,12.0,0.6647949447150755,9,113.0
275.0,9,55.0,0.7534246575342466,7.755774457665966,4,40.0,0.3766261842168876,3,57.0,0.45006069512711155,2,21.0,0.7019692118555109,9,118.0
280.0,14,86.0,1.131578947368421,6.660218919799364,9,72.0,0.28509536418848536,4,56.0,0.48155123567282776,1,2.0,0.6268715568175236,14,130.0
285.0,11,52.0,0.7027027027027027,5.761983992287154,8,91.0,0.23790206007871034,0,29.0,0.5858665190147255,3,11.0,0.4706690170825109,11,131.0
290.0,13,42.0,0.5316455696202531,4.4327395084504575,4,84.0,0.17454502719717893,5,31.0,0.19618000836989039,4,22.0,0.23845567048710553,13,137.0
295.0,19,81.0,1.0657894736842106,4.716078912726392,5,107.0,0.1680564168319727,10,72.0,0.37362287967894364,4,33.0,0.3413504254566842,19,212.0
300.0,19,99.0,1.32,4.362469947278009,12,152.0,0.06235309905234924,5,89.0,0.2795077661269014,2,33.0,0.4273274806941944,19,274.0
305.0,20,116.0,1.4320987654320987,4.7260480884245055,16,224.0,0.13253244566850986,3,55.0,0.31095328813398687,1,19.0,0.48371382485681397,20,298.0
310.0,23,120.0,1.4814814814814814,4.811565205814486,13,258.0,0.18453912770646394,4,52.0,0.3125242461020444,6,35.0,0.4694694403741893,23,345.0
315.0,21,79.0,0.9634146341463414,4.71194749692395,9,222.0,0.1606440981504497,8,83.0,0.32211311405295384,4,41.0,0.2893514319541133,21,346.0
320.0,17,60.0,0.7317073170731707,5.365186714393141,7,212.0,0.18851352962773346,8,97.0,0.42640906109057297,2,26.0,0.36565717738658526,17,335.0
325.0,24,82.0,0.9425287356321839,5.1896701087102715,14,264.0,0.12501878697474875,5,72.0,0.34855575995320726,5,21.0,0.45772280428174944,24,357.0
330.0,19,58.0,0.6744186046511628,5.139259820570372,13,285.0,0.19877800881296526,5,85.0,0.3181820650022684,1,9.0,0.6278806899130955,19,379.0
335.0,15,50.0,0.5813953488372093,5.527321366516303,4,241.0,0.18019934665783258,9,91.0,0.27481761074983624,2,13.0,0.5222250453925273,15,345.0
340.0,19,93.0,1.0941176470588236,5.142707867882754,5,256.0,0.1578652626427973,14,136.0,0.26954905872338575,0,9.0,0.3887628607265905,19,401.0
345.0,19,108.0,1.3846153846153846,4.511664405486761,8,289.0,0.1503406152978533,11,152.0,0.19612469667454227,0,0.0,0.6725252970239594,19,441.0
350.0,25,84.0,1.0632911392405062,3.896757899411871,12,287.0,0.1482748537382027,11,134.0,0.25463609948360166,2,4.0,0.4482402188553222,25,425.0
355.0,15,50.0,0.5952380952380952,5.562545963935115,5,219.0,0.2718288255561286,7,149.0,0.3094221461779754,3,14.0,0.6432263569867516,15,382.0
360.0,14,48.0,0.5714285714285714,5.0315537474100775,6,223.0,0.1831222620675677,8,150.0,0.27514142669947667,0,2.0,0.6852593764892099,14,375.0
365.0,23,139.0,1.5795454545454546,5.226763160733473,9,257.0,0.12676278625133927,12,192.0,0.2518246701829436,2,7.0,0.518174967029834,23,456.0
370.0,23,132.0,1.5714285714285714,4.418197108359157,10,262.0,0.12322224195728222,11,199.0,0.22699881849747933,2,17.0,0.42831920257135925,23,478.0
375.0,19,69.0,0.8313253012048193,4.847109838889413,6,197.0,0.21376121796796085,13,173.0,0.22612521354892937,0,4.0,0.5335373152993672,19,374.0
380.0,15,85.0,0.9770114942528736,6.2909453625109615,3,209.0,0.32288012085310636,11,138.0,0.2604272401778935,1,7.0,0.774468117285506,15,354.0
385.0,22,86.0,0.9772727272727273,4.585341381877966,10,238.0,0.17041223471039832,9,156.0,0.16743161945545088,3,13.0,0.5701418540309257,22,407.0
390.0,28,143.0,1.6436781609195403,3.5167914879370694,14,299.0,0.10780917753085666,9,144.0,0.1559653891748589,5,31.0,0.3814307663001976,28,474.0
395.0,29,169.0,2.036144578313253,3.511607686735783,15,316.0,0.10168883172826897,11,140.0,0.17547030691076257,3,31.0,0.3492548043062369,29,487.0
400.0,26,188.0,2.160919540229885,5.458086693175102,12,277.0,0.14682815686579814,12,192.0,0.3848067524650946,2,11.0,0.44399687737393523,26,480.0
405.0,15,115.0,1.3529411764705883,5.8317499709047835,6,291.0,0.16163859754750332,7,190.0,0.3677993252659574,2,15.0,0.5937260291919698,15,496.0
410.0,21,83.0,0.9540229885057471,5.181256058528204,12,343.0,0.12943674450464998,9,142.0,0.3062562072138891,0,2.0,0.5477558653579501,21,487.0
415.0,16,46.0,0.5609756097560976,5.27077265244396,11,340.0,0.20995246860926844,4,131.0,0.28026292025453337,1,6.0,0.7076097327997318,16,477.0
420.0,11,34.0,0.4358974358974359,5.202528353225498,3,270.0,0.16494753875522636,8,135.0,0.31274858830249835,0,4.0,0.6333861088379398,11,409.0
425.0,18,97.0,1.2125,6.325036062848101,3,169.0,0.22853477575994022,13,182.0,0.38378159999006733,2,7.0,0.38439741584101206,18,358.0
430.0,17,162.0,2.025,6.747236734725902,2,130.0,0.2941964708417879,14,247.0,0.36096119611791433,1,0.0,0.546092187943043,17,377.0
435.0,19,149.0,1.8625,5.9864722043636425,4,107.0,0.2606642715920905,14,256.0,0.20633728505581472,1,5.0,0.536300968559716,19,368.0
440.0,15,111.0,1.5,6.353180811284292,4,102.0,0.4750867366688154,10,212.0,0.16982076741455876,1,2.0,0.8108459334458936,15,316.0
445.0,20,72.0,0.9230769230769231,5.866313810120202,4,72.0,0.45497994335719655,13,150.0,0.23063013177519126,3,2.0,0.5765955846035501,20,224.0
450.0,17,108.0,1.3846153846153846,7.026570724697151,4,65.0,0.5014529553984878,11,151.0,0.2731795013714408,2,11.0,0.7459369435779838,17,227.0
455.0,24,199.0,2.518987341772152,5.646595650422309,9,101.0,0.3169960689034929,13,195.0,0.29275479954035716,2,19.0,0.6489515841743795,24,315.0
460.0,25,142.0,1.6136363636363635,5.157447274925834,8,116.0,0.21266381835908743,13,198.0,0.3081038845316114,4,36.0,0.5691969576853265,25,350.0
465.0,17,102.0,1.1333333333333333,6.137493535599832,5,100.0,0.29307074003907374,8,163.0,0.286313721493473,4,56.0,0.5965627500893185,17,319.0
470.0,16,63.0,0.6923076923076923,5.350615745035733,5,123.0,0.1653906860233558,9,164.0,0.26249330085869493,2,28.0,0.34314221860863076,16,315.0
475.0,24,101.0,1.1744186046511629,4.783425071979853,8,158.0,0.18425473481505641,11,188.0,0.18289044868201457,5,20.0,0.2903603067594055,24,366.0
480.0,19,78.0,1.0,3.626531132359536,6,167.0,0.1715092214384659,11,185.0,0.14505545709025358,2,26.0,0.3423466120155683,19,378.0
485.0,18,57.0,0.6785714285714286,4.781746020306252,5,109.0,0.2673590608121569,11,219.0,0.2502049057882685,2,23.0,0.5264802748935372,18,351.0
490.0,16,74.0,0.8314606741573034,5.773558485990496,3,104.0,0.3000448789071929,11,227.0,0.25458051706627854,2,20.0,0.6650027715444586,16,351.0
495.0,17,121.0,1.2872340425531914,5.31892239663054,4,123.0,0.17123749809672026,12,239.0,0.19847133848494314,1,3.0,0.4795771387642929,17,365.0
500.0,19,111.0,1.2906976744186047,4.614940917185977,3,112.0,0.18258003386334518,13,255.0,0.12365092813129426,3,15.0,0.48647205942555605,19,382.0
505.0,19,76.0,0.9382716049382716,4.1280343873328,3,78.0,0.2295196677924364,15,233.0,0.1758155206303498,1,11.0,0.3905820475580979,19,322.0
510.0,19,71.0,0.8452380952380952,4.7301176624656,4,86.0,0.29154363757930574,13,267.0,0.21863792544300575,2,12.0,0.6254982554859555,19,365.0
515.0,15,80.0,0.898876404494382,5.233465995099858,5,106.0,0.21330389906296326,8,284.0,0.23603956149981187,2,20.0,0.5514491707673883,15,410.0
520.0,17,79.0,0.8681318681318682,4.081505751219623,4,97.0,0.1397495177761599,9,274.0,0.20172829859914854,4,35.0,0.3317935872002723,17,406.0
525.0,16,54.0,0.6206896551724138,4.904374722685404,1,70.0,0.27252919944895343,15,243.0,0.2006241618540479,0,13.0,0.7079972457536535,16,326.0
530.0,21,126.0,1.3548387096774193,5.073771088303691,2,77.0,0.26245990365284244,18,248.0,0.14139070028757378,1,4.0,0.6278315517176712,21,329.0
535.0,25,144.0,1.5483870967741935,4.804626360718245,6,99.0,0.27414214462536246,19,296.0,0.09820505301104658,0,2.0,0.7463065446237102,25,397.0
540.0,22,119.0,1.4,4.502292778752544,6,97.0,0.17580462266828922,16,298.0,0.19779024563047848,0,0.0,0.6650572445340532,22,395.0
545.0,12,40.0,0.45977011494252873,4.956771729401954,5,79.0,0.17287331274845233,6,304.0,0.2785734708999181,1,1.0,0.45833637539199956,12,384.0
550.0,17,68.0,0.8,5.499691178325627,4,64.0,0.30094261489620205,9,281.0,0.26522793586244625,4,18.0,0.5337213513394032,17,363.0
555.0,17,70.0,0.7692307692307693,4.72340668127526,3,57.0,0.28322469434920117,14,280.0,0.1537791169728276,0,17.0,0.5132266309316288,17,354.0
560.0,19,91.0,0.9891304347826086,5.243541395169309,4,73.0,0.29590671498353294,14,299.0,0.16439303598976857,1,7.0,0.7550564013723563,19,379.0
565.0,20,79.0,0.8681318681318682,5.419719143947989,3,70.0,0.22694893627421905,12,270.0,0.24482188265168164,5,12.0,0.4819199463438791,20,352.0
570.0,14,89.0,1.0229885057471264,6.220036239693324,4,60.0,0.22570502075378462,7,205.0,0.33575792541819344,3,27.0,0.5270106152212526,14,292.0
575.0,15,98.0,1.1951219512195121,5.797838031842588,4,55.0,0.1761916158589251,11,184.0,0.34849541395494604,0,10.0,0.491335390058274,15,249.0
580.0,24,197.0,2.3734939759036147,5.502280940994307,7,83.0,0.11560974685242797,15,214.0,0.1506060158812214,2,5.0,0.34906288491587084,24,302.0
585.0,18,167.0,2.352112676056338,4.608016161796053,4,87.0,0.15816148809545155,14,243.0,0.13994385390430802,0,4.0,0.5870809883540028,18,334.0
590.0,15,100.0,1.5151515151515151,4.393986047786186,3,59.0,0.2039642819539948,10,223.0,0.33538337290287434,2,4.0,0.38773143321779646,15,286.0
595.0,8,32.0,0.4507042253521127,5.608787977160176,2,51.0,0.29005361615770714,4,204.0,0.3501716316451797,2,14.0,0.631703437771287,8,269.0
600.0,10,33.0,0.4230769230769231,6.179650883985315,3,64.0,0.23398381704273125,6,216.0,0.3453467537605185,1,2.0,0.6578839663533675,10,282.0
605.0,13,53.0,0.6973684210526315,4.443898131783979,6,87.0,0.14367557760637925,6,195.0,0.21797908880664402,1,5.0,0.4877075586310628,13,287.0
610.0,15,61.0,0.8472222222222222,4.137712019085412,6,96.0,0.22515251133076067,8,171.0,0.1442956432888517,1,9.0,0.6500042636536051,15,276.0
615.0,14,40.0,0.49382716049382713,5.216914832725646,7,83.0,0.24833235982039617,5,160.0,0.33091760145990556,2,8.0,0.5977187045534756,14,251.0
620.0,11,32.0,0.37209302325581395,5.960444921533016,7,108.0,0.25384992919156324,3,143.0,0.34843919511050253,1,8.0,0.6399945529999893,11,259.0
625.0,27,74.0,0.8043478260869565,4.651915409317796,13,151.0,0.11581355641231005,6,130.0,0.2424270421954747,8,24.0,0.21069503484745244,27,305.0
630.0,19,69.0,0.8414634146341463,3.829632483557353,7,171.0,0.17426773779816437,9,115.0,0.12386475818337457,3,33.0,0.4022560240166406,19,319.0
635.0,11,34.0,0.41975308641975306,4.828751568758104,3,140.0,0.23762115175790247,8,121.0,0.2558058711644256,0,12.0,0.6044060598377784,11,273.0
640.0,13,29.0,0.31868131868131866,5.983306446027553,4,100.0,0.2259173546504066,7,122.0,0.31079319572244957,2,9.0,0.597516040383537,13,231.0
645.0,13,69.0,0.7752808988764045,6.81548497941459,3,91.0,0.2915722936538286,7,127.0,0.3610655136095978,3,17.0,0.6377588649301493,13,235.0
650.0,14,69.0,0.7931034482758621,5.500754605970483,3,83.0,0.23176768490863017,7,125.0,0.30055019442527325,4,29.0,0.38090748391559737,14,237.0
655.0,21,114.0,1.4074074074074074,5.369265928471539,4,97.0,0.3250353892004499,13,129.0,0.20524788171382408,4,51.0,0.4915916467380124,21,277.0
660.0,20,59.0,0.7375,4.49473595684408,4,103.0,0.31015376023116753,15,177.0,0.18535394817079115,1,20.0,0.49471315657074966,20,300.0
665.0,19,61.0,0.7176470588235294,5.350590336805155,7,99.0,0.3367209338166339,11,198.0,0.20935930365877828,1,3.0,0.6019561473022206,19,300.0
670.0,16,96.0,1.170731707317073,4.969539673098034,4,106.0,0.2396491468203317,12,220.0,0.1670016133121984,0,0.0,0.7274504342227763,16,326.0
675.0,22,105.0,1.2650602409638554,4.183800415077438,8,135.0,0.12295806625859355,12,246.0,0.18031329090203282,2,3.0,0.5193523762581467,22,384.0
680.0,25,105.0,1.2962962962962963,4.219234472510369,7,149.0,0.2541597964511374,16,236.0,0.1710483904230025,2,15.0,0.6750528541922511,25,400.0
685.0,25,100.0,1.1363636363636365,4.310733726549503,5,94.0,0.224162311264677,14,295.0,0.2320905224864312,6,27.0,0.45215502242806543,25,416.0
690.0,16,51.0,0.5543478260869565,4.718676738382132,4,109.0,0.2815133619239883,11,320.0,0.18849823993305928,1,11.0,0.532373723973802,16,440.0
695.0,18,60.0,0.6593406593406593,4.3706687793224335,7,135.0,0.14778950040237812,9,311.0,0.1412938392685943,2,10.0,0.35979742720640423,18,456.0
700.0,28,141.0,1.6022727272727273,3.561795882202192,9,180.0,0.17059655726202785,13,301.0,0.1383012287247172,6,34.0,0.38138042772159214,28,515.0
705.0,24,142.0,1.632183908045977,3.912060420613769,8,189.0,0.2768001212330518,16,296.0,0.08106267026765658,0,30.0,0.6664442030521497,24,515.0
710.0,24,117.0,1.2580645161290323,4.59635353293936,6,147.0,0.27478148362934335,17,344.0,0.19803487402547065,1,3.0,0.5978385441788449,24,494.0
715.0,20,83.0,0.8645833333333334,5.167988167609911,7,146.0,0.2426385688104538,11,337.0,0.22984864805084868,2,1.0,0.5652939711586481,20,484.0
720.0,23,81.0,0.8617021276595744,4.544696098721042,11,192.0,0.08662308261341307,7,350.0,0.24054315457448763,5,20.0,0.24302634624086358,23,562.0
725.0,31,146.0,1.5698924731182795,3.771509247084964,15,262.0,0.13969229298690825,14,348.0,0.16013894925935274,2,30.0,0.4203347384315789,31,640.0
730.0,26,182.0,2.0919540229885056,4.254241530685047,10,279.0,0.25470924673173523,16,356.0,0.14538326186376951,0,10.0,0.7060572015376414,26,645.0
735.0,30,241.0,2.5913978494623655,5.101702910087674,7,226.0,0.26115835555549427,21,412.0,0.2411991731588019,2,13.0,0.5659611811917437,30,651.0
740.0,29,251.0,2.642105263157895,4.823759766372636,7,245.0,0.21229767887104883,19,454.0,0.23835769244350072,3,28.0,0.49642904745314326,29,727.0
745.0,34,169.0,1.7604166666666667,3.4600502504305184,15,294.0,0.05779940663090415,13,379.0,0.16066398102692153,6,28.0,0.20326632361724062,34,701.0
750.0,22,103.0,1.1444444444444444,4.634677964901268,8,294.0,0.120765090206961,11,306.0,0.22746388417142802,3,22.0,0.36419756319830715,22,622.0
755.0,18,128.0,1.5421686746987953,5.929156470819902,3,241.0,0.18979060768140035,14,252.0,0.4094600429225207,1,13.0,0.45444109665788607,18,506.0
760.0,18,108.0,1.2705882352941176,4.82246275980634,3,231.0,0.15956334241417222,12,249.0,0.23974412404376758,3,24.0,0.3502524877117039,18,504.0
765.0,24,90.0,1.125,4.7662380088836755,8,259.0,0.24024117347983284,12,231.0,0.2010840855142313,4,36.0,0.48749548633449435,24,526.0
770.0,12,35.0,0.42168674698795183,4.8877497708920385,4,247.0,0.22875248329930364,6,197.0,0.2871245139851817,2,27.0,0.48873253317948795,12,471.0
775.0,15,53.0,0.6309523809523809,6.186153086533313,4,201.0,0.3269965125895775,8,149.0,0.33856296268711356,3,19.0,0.4940065553727906,15,369.0
780.0,15,104.0,1.223529411764706,6.206335367810088,2,179.0,0.20598585798683083,11,190.0,0.31182359712386637,2,23.0,0.5047974528487215,15,392.0
785.0,22,87.0,1.0235294117647058,4.328201500580909,6,202.0,0.16253074637327772,14,208.0,0.1517989230464961,2,7.0,0.34714950251990195,22,417.0
790.0,17,69.0,0.8313253012048193,5.030524383457734,4,195.0,0.21410838752862496,10,186.0,0.16841359778863038,3,18.0,0.6124614152949291,17,399.0
795.0,17,82.0,1.0,5.720846410519709,5,149.0,0.28838158437362554,12,150.0,0.2458838576458965,0,9.0,0.6681201724638216,17,308.0
800.0,12,39.0,0.47560975609756095,5.870576217778139,1,125.0,0.3909739186376617,10,176.0,0.27022102898495776,1,0.0,0.7429571994057084,12,301.0
805.0,18,47.0,0.5108695652173914,5.251761041050477,7,137.0,0.1668505930778948,7,163.0,0.2614928852755365,4,2.0,0.5027507206823396,18,302.0
810.0,17,90.0,1.0465116279069768,5.010153625472143,4,126.0,0.15338827277097114,9,175.0,0.24819337390287227,4,17.0,0.328003141396235,17,318.0
815.0,22,173.0,2.217948717948718,5.413326734187304,1,88.0,0.26085163475313594,13,223.0,0.3165831521416091,8,51.0,0.14878196675045352,22,362.0
820.0,20,117.0,1.481012658227848,4.583773478122701,2,39.0,0.2108845009453546,15,239.0,0.18019852232093356,3,55.0,0.23211738028887088,20,333.0
825.0,15,82.0,1.0789473684210527,6.033642064862441,1,39.0,0.35307491090599497,14,210.0,0.25559752327037516,0,12.0,0.7346951119639463,15,261.0
830.0,19,112.0,1.3333333333333333,5.945400726343872,3,51.0,0.3105443142665965,14,198.0,0.2649555354412266,2,13.0,0.608401688023715,19,262.0
835.0,21,153.0,1.8,5.9210390343961645,4,49.0,0.3326028099042986,14,220.0,0.2586749489483416,3,23.0,0.5959581839290308,21,292.0
840.0,16,185.0,2.2560975609756095,5.375745773080685,1,33.0,0.3217901647818434,15,249.0,0.26444357712106636,0,10.0,0.5487020892641116,16,292.0
845.0,21,138.0,1.5333333333333334,4.703145280661312,3,43.0,0.2798475173160401,16,279.0,0.22447519665174998,2,8.0,0.522409280245163,21,330.0
850.0,24,104.0,1.1428571428571428,4.8482861756137945,8,70.0,0.18654380039573276,13,257.0,0.2490033658183131,3,6.0,0.3869972547688125,24,333.0
855.0,30,178.0,1.9777777777777779,4.423228870693067,15,126.0,0.07557908689700939,8,212.0,0.2926020289907473,7,34.0,0.18737708602423336,30,372.0
860.0,30,210.0,2.625,4.3883305880061085,11,156.0,0.14499192561029103,12,207.0,0.23978743843205041,7,56.0,0.32029600341834824,30,419.0
865.0,26,222.0,2.775,4.629223388290264,8,125.0,0.12087175060555809,14,252.0,0.31919035541723434,4,42.0,0.25633335097974286,26,419.0
870.0,17,161.0,2.0641025641025643,5.691149923308587,6,139.0,0.16851777306865667,9,249.0,0.37166695913658054,2,29.0,0.5601676736122688,17,417.0
875.0,21,98.0,1.2564102564102564,5.442671863203953,11,188.0,0.22591590823221266,8,201.0,0.35177833438216605,2,25.0,0.5090999915528975,21,414.0
880.0,20,114.0,1.4074074074074074,6.024701576414067,11,244.0,0.2285303286786957,4,131.0,0.3884363756277517,5,43.0,0.5183845680766274,20,418.0
885.0,17,138.0,1.8157894736842106,5.867681481328352,12,304.0,0.3079866859174757,5,105.0,0.31554442437981334,0,33.0,0.6388373032552691,17,442.0
890.0,19,103.0,1.271604938271605,4.4468350843226405,12,313.0,0.2063057924738733,6,75.0,0.3104336547423477,1,3.0,0.47671109828553976,19,391.0
895.0,17,92.0,1.0574712643678161,5.348890500708237,13,308.0,0.18052149778604182,3,68.0,0.374701817751858,1,0.0,0.4793845710198551,17,376.0
900.0,20,113.0,1.2555555555555555,6.116454139236746,10,275.0,0.15511180105140213,6,77.0,0.5022880595697395,4,12.0,0.2919630098425428,20,364.0
905.0,18,116.0,1.288888888888889,5.84788597876766,8,301.0,0.18541204718917687,6,104.0,0.400751329476245,4,24.0,0.3478568877070901,18,429.0
910.0,21,105.0,1.3291139240506329,5.4620730317964465,12,348.0,0.17360963379198693,8,104.0,0.20530515532728338,1,21.0,0.510283918027633,21,473.0
915.0,20,108.0,1.4794520547945205,5.2321461023154745,11,409.0,0.18353348851923204,7,88.0,0.257524772628665,2,13.0,0.5103237009261995,20,510.0
920.0,20,127.0,1.6493506493506493,6.131759912475252,8,413.0,0.2440052170348235,10,82.0,0.37066526592738686,2,16.0,0.7001376411628327,20,511.0
925.0,23,158.0,1.9268292682926829,6.216170069600164,9,356.0,0.31095589549121866,9,116.0,0.3907350961629474,5,27.0,0.5704670915182157,23,499.0
930.0,17,72.0,0.8275862068965517,5.499347554146414,7,373.0,0.24361805391797534,9,124.0,0.2615220821424406,1,6.0,0.5857861663732892,17,503.0
935.0,21,75.0,0.8426966292134831,5.160400147288349,10,420.0,0.12183400444518476,6,90.0,0.22321190559459925,5,18.0,0.3507813459091557,21,528.0
940.0,21,84.0,0.9882352941176471,4.460657022313132,11,434.0,0.08538401612093977,6,69.0,0.2072719951526081,4,28.0,0.24282730867543378,21,531.0
945.0,11,78.0,1.0684931506849316,6.644318135982336,4,383.0,0.2040900425436159,7,85.0,0.49450638665634333,0,16.0,0.5145143066210724,11,484.0
950.0,12,112.0,1.5135135135135136,6.551955038004502,5,397.0,0.12384729747321657,7,113.0,0.5054044301374346,0,4.0,0.45228176858720803,12,514.0
955.0,17,176.0,2.4788732394366195,6.1169101301511795,9,436.0,0.13858694220499113,7,146.0,0.41253335171413513,1,6.0,0.618832213977452,17,588.0
960.0,19,145.0,2.196969696969697,4.043135284008559,11,489.0,0.05504277334942098,5,127.0,0.15624937222597254,3,17.0,0.30261631561512853,19,633.0
965.0,19,161.0,2.4029850746268657,4.757622947677874,15,557.0,0.16178338305939424,4,69.0,0.30194872180792026,0,12.0,0.6530319138527562,19,638.0
970.0,16,142.0,2.1515151515151514,5.814421197798159,12,551.0,0.2404478693204257,4,42.0,0.4024304332465376,0,2.0,0.8736817551739502,16,595.0
975.0,18,98.0,1.2894736842105263,5.526541979741225,12,467.0,0.24526592569486494,4,44.0,0.3575047237627902,2,5.0,0.6429361991425352,18,516.0
980.0,16,101.0,1.2469135802469136,6.528711456087196,10,461.0,0.2071573566473798,4,37.0,0.48204706082089105,2,13.0,0.6798261096156415,16,511.0
985.0,22,77.0,0.9390243902439024,5.1017829314338705,17,525.0,0.06339353462406587,3,27.0,0.40270082724020956,2,0.0,0.32293456567641904,22,552.0
990.0,29,159.0,2.12,4.421037474101039,17,611.0,0.1660917552138374,8,42.0,0.20130375007975618,4,16.0,0.4874899073907734,29,669.0
995.0,20,100.0,1.3513513513513513,4.20035278144522,10,605.0,0.23251082080582808,10,65.0,0.12696825288379,0,16.0,0.6193254182585987,20,686.0
1000.0,15,53.0,0.6625,5.3538214282141805,6,502.0,0.20023993454171526,7,72.0,0.30400666644802693,2,7.0,0.6111787466307972,15,581.0
1005.0,10,68.0,0.8395061728395061,6.752059241734827,4,453.0,0.2047250758113211,4,69.0,0.47559499815173534,2,15.0,0.6115310231826916,10,537.0
1010.0,11,84.0,0.9882352941176471,6.338168258980995,7,486.0,0.08857229012720115,4,78.0,0.5437483653118,0,0.0,0.3715429460127777,11,564.0
1015.0,13,37.0,0.4805194805194805,5.552612230396827,8,462.0,0.14076572961138747,3,57.0,0.26920114418237906,2,10.0,0.5188492988054063,13,529.0
1020.0,8,25.0,0.3968253968253968,5.105737408798726,1,363.0,0.2545529610673428,7,33.0,0.2624854996966665,0,2.0,0.5328560905642178,8,398.0
1025.0,14,70.0,1.0,6.2393106740502065,2,365.0,0.29328825845099316,10,72.0,0.3822830525132273,2,9.0,0.6662030052475724,14,446.0
1030.0,18,150.0,2.0,6.126725242590319,6,388.0,0.27203944737619934,10,117.0,0.3400974683147327,2,17.0,0.6927016604367202,18,522.0
1035.0,14,78.0,0.9873417721518988,4.445024430192948,5,360.0,0.14095348447229036,9,130.0,0.24135200348048852,0,2.0,0.5792659648304485,14,492.0
1040.0,13,36.0,0.45,5.334027210209573,4,235.0,0.22754981544556163,6,100.0,0.23946360220376658,3,9.0,0.4699893291440159,13,344.0
1045.0,18,70.0,0.8641975308641975,5.899200575727573,5,183.0,0.19697347418346753,6,71.0,0.37047154550397726,7,31.0,0.16195965435654988,18,285.0
1050.0,12,87.0,1.12987012987013,6.541417635792485,3,165.0,0.21355977949104366,6,81.0,0.48038645763126486,3,47.0,0.3391740347375376,12,293.0
1055.0,16,121.0,1.704225352112676,6.536171031053962,6,188.0,0.14886698448004426,10,108.0,0.381573564015136,0,23.0,0.6131035592272708,16,319.0
1060.0,12,46.0,0.6666666666666666,5.518957875154903,3,170.0,0.18575648725981236,7,102.0,0.2980181941159887,2,4.0,0.4508353683610615,12,276.0
1065.0,8,26.0,0.3880597014925373,6.912325743384579,1,119.0,0.392212997661841,7,71.0,0.3854081831865565,0,2.0,0.7556921834634303,8,192.0
1070.0,10,59.0,0.7866666666666666,6.900602792316149,1,56.0,0.3302381369673176,8,71.0,0.4675772465443248,1,6.0,0.5629556637068095,10,133.0
1075.0,13,102.0,1.36,6.830475859779837,1,57.0,0.40644802433448673,12,107.0,0.33054497435416713,0,3.0,0.8060743367759395,13,167.0
1080.0,17,74.0,0.9866666666666667,5.025175756570098,6,72.0,0.22839788648602918,11,124.0,0.2398195600899404,0,0.0,0.6951994610373684,17,196.0
1085.0,14,50.0,0.6097560975609756,5.488804300595087,5,72.0,0.27876033201026823,9,102.0,0.24040642194010964,0,0.0,0.6029071560943043,14,174.0
1090.0,14,76.0,0.9620253164556962,6.065653497503223,3,45.0,0.30173977909332866,8,103.0,0.3206270275810302,3,8.0,0.3928001748972983,14,156.0
1095.0,20,128.0,1.620253164556962,5.589854621471001,7,66.0,0.1586721161370295,10,128.0,0.37132837366262594,3,18.0,0.31026931105324895,20,212.0
1100.0,21,203.0,2.7066666666666666,5.613594840842785,9,102.0,0.1565669342802326,12,175.0,0.24580128709285834,0,11.0,0.6340635457296219,21,288.0
1105.0,23,123.0,1.64,4.237662123279941,8,116.0,0.09788474294374006,11,185.0,0.22199598191577757,4,1.0,0.3538596627738321,23,302.0
1110.0,12,47.0,0.6619718309859155,5.58122823124583,4,88.0,0.24525426771640155,6,139.0,0.29517972256977704,2,13.0,0.6733134231629915,12,240.0
1115.0,10,51.0,0.6986301369863014,6.5501541403724355,3,98.0,0.2732060373258561,7,71.0,0.43771837089674936,0,2.0,0.8476700901967693,10,171.0
1120.0,15,103.0,1.2875,6.396298961947903,6,121.0,0.2975548340807834,7,85.0,0.39549689082448936,2,4.0,0.6319911110343204,15,210.0
1125.0,15,136.0,1.7215189873417722,5.2233254639582904,5,110.0,0.2865671312429865,10,120.0,0.15530617487743603,0,0.0,0.6142732833104001,15,230.0
1130.0,16,61.0,0.7439024390243902,4.800632390424244,4,88.0,0.20646925399897825,11,129.0,0.2385410397307536,1,2.0,0.5542954598882497,16,219.0
1135.0,10,19.0,0.21839080459770116,5.5381032313409575,3,97.0,0.18200239661883483,5,88.0,0.32094064279368434,2,2.0,0.5323029637459208,10,187.0
1140.0,16,54.0,0.6352941176470588,4.923571061023379,9,126.0,0.07893457817396549,2,81.0,0.2828894761852684,5,20.0,0.24409943704199447,16,227.0
1145.0,22,76.0,0.9620253164556962,3.687460347498309,8,139.0,0.1625314182030066,9,105.0,0.16218518716265345,5,37.0,0.38502760783955736,22,281.0
1150.0,12,38.0,0.48717948717948717,4.741531107012043,4,113.0,0.22469551760259684,8,117.0,0.23079782663623177,0,24.0,0.6063396419283051,12,254.0
1155.0,11,33.0,0.38372093023255816,5.856480345644089,4,71.0,0.20553989338194698,6,95.0,0.3684494872532921,1,18.0,0.40527992949888736,11,184.0
1160.0,9,26.0,0.3023255813953488,6.108104629307039,3,75.0,0.23222270210889623,2,103.0,0.38876183401236564,4,32.0,0.37851776971123025,9,210.0
1165.0,26,76.0,0.8941176470588236,4.533129011355453,9,99.0,0.1903477904552452,9,132.0,0.21323375159017469,8,35.0,0.3400970151963322,26,266.0
1170.0,20,77.0,0.9390243902439024,4.88986711549753,6,108.0,0.2923298927574741,12,147.0,0.17995156856134026,2,28.0,0.5881067644214522,20,283.0
1175.0,14,46.0,0.575,5.723554991235455,2,62.0,0.2579812329085355,11,141.0,0.3045874155676717,1,18.0,0.5678694074483849,14,221.0
1180.0,16,49.0,0.5764705882352941,5.294245674544052,6,80.0,0.1752631475392562,6,176.0,0.33511193826431956,4,34.0,0.27365406600939784,16,290.0
1185.0,20,94.0,1.175,4.759188459005111,9,117.0,0.17531498975291535,8,191.0,0.2292935004823519,3,42.0,0.5223867438961924,20,350.0
1190.0,20,74.0,0.891566265060241,3.4779577151213013,10,129.0,0.13927663806810592,9,192.0,0.1448951825459675,1,22.0,0.4649146651279725,20,343.0
1195.0,18,62.0,0.7380952380952381,5.471209843197098,6,115.0,0.25475423391892044,10,148.0,0.26529449337215033,2,23.0,0.5318532108344972,18,286.0
1200.0,13,72.0,0.8780487804878049,5.752597531423579,3,102.0,0.1602672083507868,5,119.0,0.40066373413103157,5,42.0,0.22611618297854055,13,263.0
1205.0,12,45.0,0.5555555555555556,4.9062756350714265,7,131.0,0.12900547230179507,2,113.0,0.2988031476080509,3,42.0,0.3063086382863831,12,286.0
1210.0,13,47.0,0.6266666666666667,4.979471402632335,5,129.0,0.22259611362815182,8,103.0,0.22040381240277193,0,23.0,0.6624885367053358,13,255.0
1215.0,18,47.0,0.5802469135802469,5.331601766038102,4,89.0,0.27662767121816706,13,120.0,0.2785982881015051,1,6.0,0.5911759964791063,18,215.0
1220.0,12,48.0,0.5647058823529412,6.513019170950752,2,79.0,0.33670041562056247,8,103.0,0.31450607425591437,2,11.0,0.6869746806153327,12,193.0
1225.0,17,80.0,0.9090909090909091,5.536858995116063,7,97.0,0.10848548151978189,7,99.0,0.28877647057928174,3,1.0,0.39260142761747646,17,197.0
1230.0,15,50.0,0.6410256410256411,4.877096339603175,5,91.0,0.16068066543119922,8,96.0,0.2198302432411148,2,10.0,0.38348833335701915,15,197.0
1235.0,8,28.0,0.39436619718309857,5.03776225717677,1,61.0,0.2556629236332496,7,74.0,0.22774304676668236,0,5.0,0.6763193526967772,8,140.0
1240.0,19,90.0,1.1538461538461537,6.112733569808921,2,26.0,0.3400291610637444,14,112.0,0.32568612419293436,3,7.0,0.5538306723769802,19,145.0
1245.0,19,172.0,2.097560975609756,6.554381145184382,1,22.0,0.40649496372661265,16,185.0,0.2826659140868178,2,15.0,0.7399410904786633,19,222.0
1250.0,23,159.0,1.7865168539325842,5.1240721853668205,6,40.0,0.20223019175851642,17,225.0,0.2175420550500214,0,0.0,0.5625516950667959,23,265.0
1255.0,22,102.0,1.2142857142857142,4.676420551217206,5,52.0,0.18826043405692708,13,225.0,0.13567328984133634,4,8.0,0.4477195370886607,22,285.0
1260.0,13,69.0,0.92,5.236386733394679,2,39.0,0.22725731980858074,8,185.0,0.2703430535569408,3,19.0,0.29811966665974937,13,243.0
1265.0,12,41.0,0.5256410256410257,6.378099668571132,4,29.0,0.24075805355464888,6,195.0,0.41067354952807095,2,22.0,0.39512789054360375,12,246.0
1270.0,11,48.0,0.6153846153846154,6.613410311787236,1,24.0,0.32015237278063124,8,181.0,0.3484594860054463,2,23.0,0.6167032697039417,11,228.0
1275.0,20,103.0,1.2117647058823529,5.974405132046052,4,37.0,0.3069109580880381,14,212.0,0.23474974326960862,2,10.0,0.5213517667315672,20,259.0
1280.0,27,194.0,2.3658536585365852,5.911140969546868,4,48.0,0.39347131580562994,19,289.0,0.1706219721650127,4,23.0,0.5634238179864351,27,360.0
1285.0,29,199.0,2.45679012345679,4.283707190950334,5,40.0,0.24759703269563993,18,318.0,0.09778495456551314,6,49.0,0.3449340999573911,29,407.0
1290.0,21,105.0,1.2804878048780488,4.173787314283819,4,51.0,0.16214012863744942,12,256.0,0.19980550155469676,5,53.0,0.21239410525806923,21,360.0
1295.0,13,37.0,0.4625,5.133897152948608,8,80.0,0.08807175302382782,3,270.0,0.2930338462962354,2,34.0,0.35469180743270423,13,384.0
1300.0,16,54.0,0.6923076923076923,4.762930479572745,5,91.0,0.14541056192499002,9,284.0,0.27001789214498756,2,30.0,0.46769815559635874,16,405.0
1305.0,16,56.0,0.6829268292682927,5.985104014922559,4,65.0,0.2607387770469308,10,267.0,0.25471139063674414,2,24.0,0.6608480114458319,16,356.0
1310.0,10,26.0,0.3058823529411765,5.729888571038056,2,64.0,0.20158809255721385,7,192.0,0.29050332290362,1,10.0,0.43118088332099846,10,266.0
1315.0,14,63.0,0.7590361445783133,5.971214513367581,4,80.0,0.18257122440743032,5,121.0,0.3260483299163346,5,26.0,0.2995702339173962,14,227.0
1320.0,11,36.0,0.5294117647058824,4.089800489288324,4,82.0,0.11210788751929983,4,118.0,0.2659175236684065,3,33.0,0.2366712822536604,11,233.0
1325.0,15,46.0,0.647887323943662,4.986927185129208,4,74.0,0.24450208934844192,8,130.0,0.2924338662637148,3,19.0,0.43553262549264815,15,223.0
1330.0,16,38.0,0.5,5.378828779235826,3,75.0,0.29870653952980414,10,126.0,0.29308375785208785,3,17.0,0.5165998103778888,16,218.0
1335.0,19,68.0,0.7906976744186046,5.419524740104018,6,92.0,0.19195393982041598,7,89.0,0.2646676731633007,6,38.0,0.3770960913616183,19,219.0
1340.0,18,109.0,1.4342105263157894,3.7171634630705723,9,129.0,0.15842098771604565,3,80.0,0.16166601008818826,6,67.0,0.2951270328094171,18,276.0
1345.0,25,101.0,1.3116883116883118,2.7545004873173085,10,147.0,0.1407066896496249,8,89.0,0.16333903935708463,7,72.0,0.26034454084419373,25,308.0
1350.0,19,77.0,0.9390243902439024,5.125575431813956,7,136.0,0.2616889144223884,10,105.0,0.23515406949973292,2,35.0,0.5839431309967671,19,276.0
1355.0,15,48.0,0.5647058823529412,5.38125326503642,8,157.0,0.19765243630368512,5,84.0,0.3575803382631358,2,30.0,0.38654502184152545,15,271.0
1360.0,21,100.0,1.1363636363636365,5.910296003774851,12,210.0,0.10826229729810533,1,52.0,0.46832218668203873,8,59.0,0.22955379980728766,21,321.0
1365.0,19,70.0,0.9333333333333333,4.6138029226381665,11,229.0,0.1556454052256514,3,46.0,0.26582343817590015,5,66.0,0.3415042634219183,19,341.0
1370.0,14,49.0,0.6621621621621622,5.072044574780487,4,172.0,0.24556020411061938,8,72.0,0.3079111954940665,2,35.0,0.422705446493206,14,279.0
1375.0,19,104.0,1.3,6.393324932105415,2,179.0,0.30069464622812786,14,127.0,0.3553968630952376,3,20.0,0.6416904694036533,19,326.0
1380.0,16,108.0,1.3170731707317074,5.783861296343413,4,196.0,0.17483431949964998,10,150.0,0.3463170501991687,2,22.0,0.5375744368979702,16,368.0
1385.0,19,73.0,0.8488372093023255,4.3833266948852145,11,234.0,0.11464494367750871,7,125.0,0.17191230499366134,1,6.0,0.4494523302889398,19,365.0
1390.0,18,69.0,0.8734177215189873,4.138037493829065,8,238.0,0.15519346476932452,5,155.0,0.12623434878891418,5,14.0,0.34897566341144004,18,407.0
1395.0,16,62.0,0.8157894736842105,4.927762817016292,7,181.0,0.23158514536278285,9,181.0,0.22713624694853096,0,18.0,0.5544995580013028,16,380.0
1400.0,19,59.0,0.7468354430379747,5.079908511963186,6,193.0,0.27345402046153094,13,194.0,0.22364087578214023,0,2.0,0.7902884559060863,19,389.0
1405.0,24,70.0,0.813953488372093,5.760073716465341,9,223.0,0.16363717446653572,11,169.0,0.30940543804030296,4,3.0,0.5359491232460105,24,395.0
1410.0,19,109.0,1.3974358974358974,5.338225549107126,12,268.0,0.12531161123618656,6,130.0,0.2682696415319392,1,1.0,0.6263642446741159,19,399.0
1415.0,16,63.0,0.8873239436619719,4.622456268269222,8,272.0,0.12498887047089934,6,125.0,0.24336794419271027,2,11.0,0.5067191964910631,16,408.0
1420.0,18,75.0,1.056338028169014,4.600560826846215,8,238.0,0.21938209192292832,7,111.0,0.23770436719452265,3,25.0,0.4971884114480904,18,374.0
1425.0,19,54.0,0.7105263157894737,4.755600110823686,7,262.0,0.24212335623302197,12,119.0,0.2032944197231478,0,17.0,0.6664710674296727,19,398.0
1430.0,16,68.0,0.8095238095238095,5.4000834209513995,10,304.0,0.14725301271933072,6,92.0,0.25379541766133396,0,2.0,0.5846984586837105,16,398.0
1435.0,17,100.0,1.2658227848101267,5.499108053827739,6,298.0,0.1381498919786359,8,93.0,0.2950746030810377,3,7.0,0.5082748388790916,17,398.0
1440.0,15,124.0,1.6756756756756757,6.270187765029095,4,255.0,0.1347705194537277,11,131.0,0.4084478620644483,0,0.0,0.6903774814888608,15,386.0
1445.0,14,71.0,0.9466666666666667,5.961227272799827,5,244.0,0.16048008676067055,8,130.0,0.32398418495040765,1,2.0,0.5337195933778814,14,376.0
1450.0,14,56.0,0.8235294117647058,5.431658824055491,5,271.0,0.24597575453741063,9,104.0,0.21994573179542815,0,2.0,0.7198020884858016,14,377.0
1455.0,19,82.0,1.1549295774647887,4.402314069817718,7,302.0,0.18301551722538512,10,134.0,0.27374695764199264,2,5.0,0.5509280460055515,19,441.0
1460.0,16,87.0,1.2253521126760563,5.169853733610254,6,284.0,0.23748640219932554,10,137.0,0.2886827037218607,0,2.0,0.5999474223266614,16,423.0
1465.0,21,69.0,0.8961038961038961,4.515801764722443,7,234.0,0.12174453640645178,8,133.0,0.23550296455266523,6,15.0,0.22721617830303248,21,382.0
1470.0,17,52.0,0.6933333333333334,4.951111917297077,7,263.0,0.2299478291466329,10,101.0,0.2495653324310016,0,14.0,0.6260945417879434,17,378.0
1475.0,21,102.0,1.3246753246753247,5.943813522368733,10,304.0,0.22393831589052307,11,112.0,0.33319518164396217,0,2.0,0.8325542762860637,21,418.0
1480.0,19,92.0,1.1219512195121952,4.963864454576618,8,306.0,0.24149987022606365,11,130.0,0.18668006073993781,0,2.0,0.6925674613950933,19,438.0
1485.0,20,59.0,0.7375,5.530891154953532,6,258.0,0.26534796024763535,12,141.0,0.19410955882579542,2,7.0,0.5963601823307271,20,406.0
1490.0,12,28.0,0.35,4.1532782552591,4,278.0,0.17072837358995785,5,149.0,0.23675388385174068,3,7.0,0.18331232719615387,12,434.0
1495.0,18,65.0,0.8125,5.1302137139422515,8,312.0,0.21733570615362066,7,150.0,0.27065202306748093,3,14.0,0.5128463128300313,18,476.0
1500.0,22,118.0,1.475,4.613339707172517,10,360.0,0.1802213958962712,10,152.0,0.21832285034244803,2,24.0,0.5464034445962836,22,536.0
1505.0,21,151.0,1.776470588235294,5.009289708064116,12,418.0,0.17732211729883218,9,141.0,0.20549008254154372,0,8.0,0.651691242822975,21,567.0
1510.0,23,163.0,2.0632911392405062,4.883579957863111,12,413.0,0.12437877242164888,8,126.0,0.1968525299929522,3,8.0,0.4413768462305173,23,547.0
1515.0,23,174.0,2.3835616438356166,5.422612902799475,13,361.0,0.11280929797270976,9,132.0,0.37500657614287125,1,11.0,0.27348959482145024,23,504.0
1520.0,21,201.0,2.9558823529411766,5.739369171444631,11,404.0,0.14147258276715538,9,167.0,0.43031171287175907,1,0.0,0.47891312853292645,21,571.0
1525.0,29,281.0,3.9577464788732395,5.399883004277383,18,474.0,0.04480463083288964,9,209.0,0.35030377464511087,2,0.0,0.4518504712322276,29,683.0
1530.0,22,300.0,4.6875,4.502094152759092,9,481.0,0.12656430430940466,13,263.0,0.1668220575880431,0,0.0,0.8048016410111211,22,744.0
1535.0,16,154.0,2.566666666666667,4.843862762964305,5,411.0,0.16344182176820735,11,253.0,0.23370039212545665,0,0.0,0.8102934834111226,16,664.0
1540.0,10,45.0,0.6923076923076923,5.889493656276114,6,315.0,0.2473408963475371,4,166.0,0.43406182808859944,0,2.0,0.614047208293851,10,483.0
1545.0,9,39.0,0.5735294117647058,7.018773901348528,4,277.0,0.3876371643692984,5,93.0,0.49313859992738424,0,2.0,0.7734602532422685,9,372.0
1550.0,14,84.0,1.105263157894737,6.9608231680440795,5,229.0,0.4129066769450608,9,82.0,0.4875277622985968,0,2.0,0.6568960859372164,14,313.0
1555.0,15,111.0,1.3875,6.7355186207024715,0,185.0,0.5112102749871648,13,108.0,0.36955435904116996,2,5.0,0.5781919887857481,15,298.0
1560.0,20,94.0,1.1325301204819278,5.209021370464931,6,189.0,0.38377843010528434,13,136.0,0.2031735999524903,1,4.0,0.468619501203147,20,329.0
1565.0,18,55.0,0.6179775280898876,5.167923389077831,5,183.0,0.2620446164395455,11,119.0,0.166876946051696,2,9.0,0.4954624728670978,18,311.0
1570.0,8,30.0,0.35714285714285715,5.724018788102491,1,131.0,0.2556051280218134,5,151.0,0.29825908074291413,2,18.0,0.5065671132658683,8,300.0
1575.0,14,43.0,0.48314606741573035,5.0603167585987725,3,143.0,0.25695418949146176,10,169.0,0.2880649529181716,1,7.0,0.39711378311957946,14,319.0
1580.0,29,154.0,1.6923076923076923,5.414570031445897,10,179.0,0.26257296542225717,15,215.0,0.17081282095631287,4,21.0,0.5390171375816297,29,415.0
1585.0,33,149.0,1.6931818181818181,3.0825931000250217,14,188.0,0.13167317725034655,15,245.0,0.057921318374167814,4,25.0,0.44749772881231725,33,458.0
1590.0,21,106.0,1.2045454545454546,4.809752748260598,7,164.0,0.18533355290841388,12,235.0,0.2725899780523532,2,19.0,0.4274458642863638,21,418.0
1595.0,10,58.0,0.6666666666666666,5.846325107620417,5,169.0,0.17167951809903742,5,172.0,0.4106059554148415,0,2.0,0.4929603453265979,10,343.0
1600.0,20,116.0,1.2747252747252746,5.850944527081568,10,205.0,0.14381135012770402,6,134.0,0.39121166492041637,4,14.0,0.2731119291157303,20,353.0
1605.0,22,150.0,1.9230769230769231,4.758850258857054,9,208.0,0.13744161257366128,9,134.0,0.23470498119454522,4,23.0,0.34380394196670533,22,365.0
1610.0,18,67.0,0.8933333333333333,4.717984149390844,9,165.0,0.12674312743495056,6,114.0,0.3966532567077715,3,14.0,0.31381929615417953,18,293.0
1615.0,9,28.0,0.3835616438356164,6.427853594708801,3,111.0,0.3273520920143219,3,62.0,0.4790696800388286,3,19.0,0.4740664063633228,9,192.0
1620.0,11,74.0,0.961038961038961,7.223474346255371,2,83.0,0.35364605463145754,4,40.0,0.45814044258039116,5,38.0,0.5390172830504169,11,161.0
1625.0,9,59.0,0.7375,6.531174770912045,2,63.0,0.3019942925569194,7,57.0,0.41791208433497046,0,29.0,0.6192263423641357,9,149.0
1630.0,14,42.0,0.5185185185185185,6.276449803703935,7,79.0,0.2887356745059994,6,58.0,0.3683384392113354,1,2.0,0.5954734916474815,14,139.0
1635.0,12,36.0,0.4235294117647059,6.001713491036442,7,83.0,0.21126993328920654,4,29.0,0.3589939831869215,1,1.0,0.3632725896433223,12,113.0
1640.0,10,21.0,0.25925925925925924,5.962356188713237,1,50.0,0.30528931214277155,4,33.0,0.32381067740026526,5,15.0,0.3841571882211442,10,98.0
1645.0,18,46.0,0.5822784810126582,4.482608425296617,5,59.0,0.2363764245877135,7,44.0,0.29862962414356525,6,28.0,0.2798481741493199,18,131.0
1650.0,25,122.0,1.4698795180722892,5.154761115023899,10,91.0,0.28061156346750066,13,93.0,0.212553496382775,2,28.0,0.49684700869106224,25,212.0
1655.0,20,97.0,1.1686746987951808,4.690517878818161,6,97.0,0.261278652536911,13,128.0,0.2059205840818103,1,20.0,0.5271106789086013,20,245.0
1660.0,18,75.0,0.8241758241758241,5.41712214486955,6,69.0,0.20905330742566247,9,132.0,0.2733347671898646,3,31.0,0.3729943662553759,18,232.0
1665.0,15,69.0,0.8023255813953488,6.061774380695964,6,57.0,0.241242459210266,5,107.0,0.36123951137543137,4,36.0,0.3332798257662539,15,200.0
1670.0,15,54.0,0.6352941176470588,5.833491192336776,6,68.0,0.24729616827878628,5,113.0,0.4169121326376626,4,27.0,0.2588147615349179,15,208.0
1675.0,14,74.0,0.8809523809523809,6.310633347641135,4,78.0,0.3647957849601635,8,104.0,0.34455312752339845,2,22.0,0.5107516187717593,14,204.0
1680.0,15,46.0,0.5348837209302325,5.861690582986167,1,52.0,0.3731794700829852,10,119.0,0.254644297056388,4,37.0,0.4089428424416131,15,208.0
1685.0,15,49.0,0.5568181818181818,5.4719526804177,4,47.0,0.4150834130874687,8,104.0,0.15134606585996213,3,36.0,0.32173285787882994,15,187.0
1690.0,21,116.0,1.4320987654320987,5.698310525278458,8,77.0,0.26922082980155876,12,94.0,0.23200971813023763,1,27.0,0.4406160602467329,21,198.0
1695.0,30,240.0,3.116883116883117,5.20922483265186,14,135.0,0.10296198859132337,14,152.0,0.3461877012600378,2,11.0,0.3900906340123341,30,298.0
1700.0,25,199.0,2.6184210526315788,4.376732133199357,12,167.0,0.17600594901442762,12,172.0,0.16377735709113944,1,9.0,0.531511289915741,25,348.0
1705.0,28,146.0,1.8717948717948718,4.912100271334708,10,156.0,0.23155260116163953,11,161.0,0.24127132782171198,7,26.0,0.3772572588790579,28,343.0
1710.0,15,62.0,0.775,5.995188655056103,8,135.0,0.32399058780374324,7,185.0,0.2907750050156919,0,19.0,0.6467407328654827,15,339.0
1715.0,16,73.0,0.8902439024390244,6.575022409756173,6,121.0,0.3162302444001447,10,193.0,0.3029144480186371,0,2.0,0.6821202876997443,16,316.0
1720.0,12,37.0,0.4625,5.451942006638019,3,117.0,0.2588546864268822,7,192.0,0.2584060314781511,2,4.0,0.4086442231131919,12,313.0
1725.0,19,70.0,0.8974358974358975,5.64520259445309,7,142.0,0.35223594336885483,10,163.0,0.22533452491556374,2,16.0,0.558151430474907,19,321.0
1730.0,27,164.0,1.9759036144578312,5.467652398874061,10,178.0,0.3147484674543727,13,141.0,0.20906385917894024,4,30.0,0.5385800223862355,27,349.0
1735.0,20,136.0,1.6790123456790123,4.833278348428624,6,175.0,0.34189758933307923,10,166.0,0.18431001083071866,4,48.0,0.6063604202379325,20,389.0
1740.0,15,51.0,0.5930232558139535,4.966602880411529,5,138.0,0.24607969568476593,9,165.0,0.2612985453678798,1,22.0,0.4116628758403735,15,325.0
1745.0,15,47.0,0.5164835164835165,5.125640816772194,6,137.0,0.18386862566407505,6,142.0,0.24301352466371634,3,13.0,0.31368264710651445,15,292.0
1750.0,18,63.0,0.7411764705882353,4.759856085167073,8,174.0,0.21300638687145731,8,113.0,0.15569083716644558,2,23.0,0.597987000027415,18,310.0
1755.0,20,91.0,1.0705882352941176,4.70479768864213,6,177.0,0.25124566938727616,12,137.0,0.14056260216600439,2,14.0,0.5986446697116,20,328.0
1760.0,19,87.0,0.9775280898876404,5.619521334967868,3,127.0,0.35396427503745864,14,163.0,0.22048861822402543,2,15.0,0.7064114413450029,19,305.0
1765.0,20,60.0,0.6382978723404256,5.0746120933251655,5,140.0,0.14968260579632342,13,163.0,0.24047898720301128,2,0.0,0.5099050254042857,20,303.0
1770.0,18,68.0,0.7472527472527473,4.694418389420037,9,172.0,0.1320619672621962,7,196.0,0.21435745090937153,2,8.0,0.4116445382507436,18,376.0
1775.0,27,149.0,1.8170731707317074,3.244647900297974,15,234.0,0.13532203455437955,10,223.0,0.129575382282382,2,15.0,0.4762616894880513,27,472.0
1780.0,30,222.0,2.49438202247191,3.52879518245543,17,311.0,0.17216844614805077,10,233.0,0.13670084973721727,3,14.0,0.5138214062219324,30,558.0
1785.0,29,295.0,3.3146067415730336,4.036037336249646,19,403.0,0.1181716278715346,9,202.0,0.22972678515643935,1,9.0,0.6045723830053743,29,614.0
1790.0,32,287.0,3.1538461538461537,4.1174431686788955,22,438.0,0.04614357368635993,6,156.0,0.2708720812338942,4,22.0,0.28870494205463876,32,616.0
1795.0,33,271.0,3.1882352941176473,4.799695368942848,16,406.0,0.12695560473838918,10,146.0,0.3708901179646828,7,51.0,0.35183434815251996,33,603.0
1800.0,28,276.0,3.45,4.163059151030216,14,463.0,0.09695687391297671,11,178.0,0.2894400797095126,3,51.0,0.2892533026682044,28,692.0
1805.0,30,246.0,3.037037037037037,4.655403335262756,20,553.0,0.07244440027439526,8,191.0,0.2636828631806434,2,33.0,0.42068924537958535,30,777.0
1810.0,30,221.0,2.9466666666666668,4.661629658569484,21,654.0,0.17201759907443956,8,167.0,0.25611692790498314,1,20.0,0.6747289646487893,30,841.0
1815.0,23,160.0,1.9753086419753085,5.134584597409858,14,652.0,0.1498230296460202,6,124.0,0.3697948905139582,3,28.0,0.5616532943844328,23,804.0
1820.0,12,99.0,1.2222222222222223,6.083496307758962,7,535.0,0.22991804000133395,5,105.0,0.46409482122969664,0,18.0,0.6484565493329042,12,658.0
1825.0,22,118.0,1.3409090909090908,5.188867839746575,11,565.0,0.15368690856388903,8,105.0,0.3841269454309452,3,1.0,0.5416820070400363,22,671.0
1830.0,21,82.0,0.8723404255319149,5.184806018173358,12,616.0,0.16564962401527844,8,89.0,0.3260503912248889,1,1.0,0.5586458049994105,21,706.0
1835.0,25,125.0,1.3440860215053763,4.633179611560055,17,690.0,0.08578221258731102,2,51.0,0.3048037574326241,6,19.0,0.34378519953383624,25,760.0
1840.0,24,126.0,1.3695652173913044,4.33315934209817,15,685.0,0.08035331207354354,4,30.0,0.281494977735081,5,35.0,0.23468847032344714,24,750.0
1845.0,20,101.0,1.188235294117647,5.56696756236618,9,584.0,0.18990662851999549,7,50.0,0.4446770957992867,4,27.0,0.35555504296162505,20,661.0
1850.0,14,103.0,1.1573033707865168,6.39426322014166,6,548.0,0.15884246595687992,8,84.0,0.5297643845359344,0,14.0,0.4753531319708491,14,646.0
1855.0,20,156.0,1.752808988764045,6.608023021253167,11,590.0,0.12977515198087775,7,119.0,0.4619660060771396,2,12.0,0.6511687925184056,20,721.0
1860.0,17,73.0,0.948051948051948,5.001219781528621,10,577.0,0.0884886540754071,5,106.0,0.3108990565610312,2,15.0,0.5668880608701915,17,698.0
1865.0,8,24.0,0.3037974683544304,5.5029216054483125,5,496.0,0.2550216631510541,2,31.0,0.36052206301958506,1,5.0,0.5397578857691204,8,532.0
1870.0,9,49.0,0.5975609756097561,7.251764985139496,2,348.0,0.35566917279696314,5,27.0,0.46921809330115993,2,9.0,0.6682256209051205,9,384.0
1875.0,7,37.0,0.42528735632183906,6.805636433160386,5,284.0,0.3205276397920615,1,17.0,0.4922992423743848,1,11.0,0.5989221114846648,7,312.0
1880.0,6,13.0,0.1511627906976744,6.999045523744534,0,228.0,0.3476915264503727,5,21.0,0.4152422200443946,1,1.0,0.6743221090364862,6,250.0
1885.0,20,73.0,0.8295454545454546,6.42116692603029,8,236.0,0.20947786512692473,10,60.0,0.35882948635846024,2,0.0,0.43309235600704554,20,296.0
1890.0,18,80.0,0.9523809523809523,5.635854022833312,5,221.0,0.2506227775041838,11,96.0,0.18738915075916276,2,10.0,0.595307081802671,18,327.0
1895.0,14,61.0,0.7922077922077922,5.485590277011378,2,157.0,0.3357760576985725,10,113.0,0.24781026189633112,2,22.0,0.6130111771826827,14,292.0
1900.0,16,64.0,0.7710843373493976,4.6305700030126555,4,169.0,0.2638107574510121,7,133.0,0.2678121182256055,5,41.0,0.49055001545234556,16,343.0
1905.0,23,147.0,1.6704545454545454,4.820815008235309,8,202.0,0.2129999464138363,11,147.0,0.2446160323693989,4,61.0,0.4951007573518773,23,410.0
1910.0,28,154.0,1.6923076923076923,3.916784657791282,9,191.0,0.1153736577998293,16,211.0,0.17490340174787228,3,32.0,0.250659179885144,28,434.0
1915.0,29,249.0,2.929411764705882,5.173548069788051,4,124.0,0.23036809449261625,21,311.0,0.12792609281603184,4,21.0,0.4399924287393644,29,456.0
1920.0,34,394.0,4.925,4.675590214565522,4,68.0,0.2017537427078843,25,429.0,0.15086935224449632,5,44.0,0.3387453351093343,34,541.0
1925.0,27,313.0,3.7261904761904763,3.9371186924894706,4,76.0,0.20563239682577572,22,477.0,0.12305788698375168,1,31.0,0.4080329451493286,27,584.0
1930.0,22,192.0,2.2588235294117647,5.477824481864607,6,97.0,0.27508066775060486,16,441.0,0.22701552793881907,0,2.0,0.6967436766950622,22,540.0
1935.0,17,116.0,1.2747252747252746,5.492380681238016,4,91.0,0.29958490182563335,11,334.0,0.22487362402259362,2,7.0,0.541139861984196,17,432.0
1940.0,17,72.0,0.782608695652174,6.328766418007657,2,72.0,0.4564489448116072,9,285.0,0.33109572189690983,6,27.0,0.5546479227252594,17,384.0
1945.0,23,107.0,1.1030927835051547,5.369860720313543,6,65.0,0.329678828676793,10,215.0,0.3574263962790705,7,39.0,0.3795961346769364,23,319.0
1950.0,24,182.0,1.7843137254901962,5.65207280875736,6,89.0,0.27180360992590374,15,197.0,0.35448936093763306,3,35.0,0.4594399924404019,24,321.0
1955.0,34,322.0,3.0377358490566038,4.965135386845371,12,138.0,0.1771997431713066,20,242.0,0.2932310824531294,2,32.0,0.4834456751775217,34,412.0
1960.0,36,293.0,2.6396396396396398,4.600392376498037,12,169.0,0.128646278611164,20,287.0,0.20932928295533307,4,37.0,0.5372962736411759,36,493.0
1965.0,28,198.0,1.8504672897196262,5.4458548893355685,9,161.0,0.17967544708965502,15,279.0,0.2868839171992385,4,56.0,0.6233364151528462,28,496.0
1970.0,26,172.0,1.5495495495495495,5.418838648235158,10,196.0,0.11496600575498132,9,228.0,0.3463330561570766,7,78.0,0.3351361389324399,26,502.0
1975.0,32,275.0,2.619047619047619,5.132993469549019,12,248.0,0.12546260291615977,13,223.0,0.3295820570987931,7,108.0,0.28215537591428547,32,579.0
1980.0,26,129.0,1.3578947368421053,3.6616786746657466,12,269.0,0.11637180815843896,13,240.0,0.13926737562416142,1,63.0,0.31964302724852056,26,572.0
1985.0,24,95.0,1.021505376344086,4.8337852645537,8,235.0,0.20610679864066747,16,235.0,0.1745136650044274,0,3.0,0.7428330253931239,24,473.0
1990.0,21,116.0,1.2747252747252746,5.1762798396018255,5,236.0,0.241109780330655,15,261.0,0.23412428181021655,1,2.0,0.6839101137514143,21,499.0
1995.0,18,84.0,0.875,4.074055706790102,9,274.0,0.11060870163082576,7,263.0,0.2297412734227932,2,4.0,0.5075327065858652,18,541.0
2000.0,15,47.0,0.4845360824742268,4.839785996792613,8,269.0,0.14892740665884885,6,178.0,0.2613991791186053,1,6.0,0.6819503963583299,15,453.0
2005.0,19,41.0,0.41836734693877553,4.001471727437426,7,215.0,0.12395419993324625,7,181.0,0.23284414440884094,5,12.0,0.4616259005797467,19,408.0
2010.0,17,50.0,0.5050505050505051,4.662290600749326,6,219.0,0.20522408533810518,11,189.0,0.2004869639507168,0,6.0,0.6972751851482138,17,414.0
2015.0,25,82.0,0.7884615384615384,4.348871840688677,11,263.0,0.10562587870541806,12,203.0,0.15261003742919887,2,6.0,0.5954616685947378,25,472.0
2020.0,19,69.0,0.6764705882352942,4.279316259844041,9,264.0,0.12097724287714669,10,215.0,0.15335670447889374,0,7.0,0.5796331547931751,19,486.0
2025.0,17,71.0,0.7888888888888889,4.934362227911984,5,192.0,0.18349081232271108,11,226.0,0.2562723174901784,1,0.0,0.6001190177156395,17,418.0
2030.0,20,131.0,1.3936170212765957,5.785553373890228,5,142.0,0.17448694430934086,14,270.0,0.3829830261293283,1,1.0,0.4049680576308908,20,413.0
2035.0,21,216.0,2.3225806451612905,6.599322758701656,2,111.0,0.34876985438521363,18,331.0,0.3165332790242187,1,2.0,0.5891287167971683,21,444.0
2040.0,27,334.0,3.7954545454545454,6.132740832931435,2,66.0,0.38398732173894684,22,425.0,0.1762079543419355,3,11.0,0.3956505362721706,27,502.0
2045.0,28,276.0,3.2093023255813953,4.604184415649659,3,56.0,0.3292946468632153,23,469.0,0.11767643022826424,2,13.0,0.4339806844866064,28,538.0
2050.0,24,222.0,2.775,5.275583747673978,7,83.0,0.36719928780583827,17,418.0,0.17096202161847326,0,4.0,0.6859669348473802,24,505.0
2055.0,26,160.0,1.8823529411764706,4.42429019417283,10,97.0,0.2839331377805566,13,360.0,0.20407185431862537,3,8.0,0.4983049441494013,26,465.0
2060.0,19,83.0,0.9222222222222223,5.437600845883484,4,68.0,0.3908174658513472,10,387.0,0.2903229495122007,5,25.0,0.5326147308390651,19,480.0
2065.0,19,54.0,0.5510204081632653,4.799501899253226,5,57.0,0.2678074929712353,8,403.0,0.26074599038194446,6,36.0,0.34360485506283533,19,496.0
2070.0,22,75.0,0.7425742574257426,4.633483705892556,8,86.0,0.20465060207204058,10,396.0,0.1926363003160433,4,39.0,0.38366589620444636,22,521.0
2075.0,23,77.0,0.7777777777777778,4.21407686217718,8,106.0,0.22883945452719595,13,341.0,0.16190425194824093,2,39.0,0.376922297115143,23,486.0
2080.0,26,135.0,1.3106796116504855,4.922926203183929,6,76.0,0.3147265467390867,14,297.0,0.21734064641318102,6,64.0,0.3875505364408252,26,437.0
2085.0,27,187.0,1.7476635514018692,5.302542928842551,4,81.0,0.3800515340264689,18,308.0,0.26396066132493634,5,73.0,0.41453972731122535,27,462.0
2090.0,27,177.0,1.6090909090909091,4.461214855774726,6,110.0,0.24661763606918696,17,353.0,0.22306093121431395,4,57.0,0.3112033173318949,27,520.0
2095.0,27,117.0,1.0934579439252337,4.120006915667966,6,118.0,0.22291261921793953,16,366.0,0.1673253763714271,5,75.0,0.2789646161144236,27,559.0
2100.0,24,124.0,1.1923076923076923,4.020726771580947,2,84.0,0.18024061500228628,13,349.0,0.20423942779534504,9,109.0,0.1382563299478334,24,542.0
2105.0,26,131.0,1.2596153846153846,4.547079265436285,2,42.0,0.32258393687638204,14,369.0,0.24236666946037203,10,129.0,0.13337770325296014,26,540.0
2110.0,20,72.0,0.7128712871287128,4.597777406261315,3,41.0,0.3811622320813548,13,341.0,0.2407770660885848,4,108.0,0.2751564434082425,20,490.0
2115.0,28,134.0,1.2407407407407407,4.326487621149458,9,69.0,0.2735700810349894,15,290.0,0.17778580376812111,4,128.0,0.29295665898509654,28,487.0
2120.0,28,138.0,1.2660550458715596,3.988738962279829,4,76.0,0.3381542804207367,13,306.0,0.1634156618330956,11,169.0,0.24684436318603914,28,551.0
2125.0,30,96.0,0.8648648648648649,3.439591625181592,5,49.0,0.3056640377559288,14,285.0,0.18697695881313164,11,183.0,0.099583380608959,30,517.0
2130.0,26,115.0,1.0360360360360361,4.408766298772391,3,59.0,0.23122432820814817,14,251.0,0.24290518101288877,9,162.0,0.18066337522757014,26,472.0
2135.0,27,145.0,1.3302752293577982,4.422833105636344,9,89.0,0.10375653009136596,12,267.0,0.2736147515693914,6,124.0,0.2359002600848575,27,480.0
2140.0,29,130.0,1.1926605504587156,4.241632359106309,9,106.0,0.2048579911411071,13,244.0,0.19822177216850784,7,117.0,0.34551310604396773,29,467.0
2145.0,21,112.0,1.009009009009009,5.046620326611333,4,80.0,0.32533363779222474,11,259.0,0.2413236614659829,6,110.0,0.39081834859787273,21,449.0
2150.0,17,40.0,0.3389830508474576,4.391043535701898,5,99.0,0.1581047732822122,10,246.0,0.18708986046637566,2,87.0,0.3745113413978238,17,432.0
2155.0,27,134.0,1.1652173913043478,4.903752410887854,9,133.0,0.13340673600603278,13,236.0,0.18977711124860236,5,82.0,0.3855410621344799,27,451.0
2160.0,30,208.0,2.0392156862745097,3.6907713834289706,8,149.0,0.09115099063056578,18,305.0,0.1883165038788604,4,85.0,0.21090612390052277,30,539.0
2165.0,32,294.0,2.94,3.8534329364839612,6,126.0,0.17560603974354488,22,409.0,0.15889608223579804,4,73.0,0.2275869939684608,32,608.0
2170.0,31,269.0,2.717171717171717,4.280371853699496,3,81.0,0.23486532744497723,22,445.0,0.205521993798394,6,82.0,0.22247298691200723,31,608.0
2175.0,27,202.0,1.9611650485436893,4.586077454769433,4,65.0,0.25899894829454884,17,389.0,0.2132460405169524,6,112.0,0.2757886032275637,27,566.0
2180.0,24,176.0,1.644859813084112,4.875593321437892,4,72.0,0.40573202627550353,15,447.0,0.21555589056228674,5,108.0,0.3383417782747569,24,627.0
2185.0,25,110.0,1.0185185185185186,4.435256289250121,2,37.0,0.36681238308294967,16,504.0,0.19578493669143554,7,90.0,0.22049273571226188,25,631.0
2190.0,26,131.0,1.2358490566037736,4.698556123955073,5,25.0,0.3470711848441064,18,584.0,0.14682630196157304,3,85.0,0.26042883161831787,26,694.0
2195.0,30,152.0,1.4901960784313726,3.4205978205030036,3,34.0,0.2702118493829011,21,592.0,0.09275562346033529,6,107.0,0.1668915336572824,30,733.0
2200.0,27,118.0,1.18,3.4409519288162365,3,23.0,0.3058714035668927,20,539.0,0.15766228722570305,4,108.0,0.22787698827390432,27,670.0
2205.0,23,120.0,1.1214953271028036,4.468813693278286,1,22.0,0.4457412577909819,20,443.0,0.15127897488337452,2,81.0,0.3706679348334607,23,546.0
2210.0,32,166.0,1.4310344827586208,4.482751945047149,3,31.0,0.40901452662881055,24,456.0,0.17408011382841487,5,94.0,0.3226050856998581,32,581.0
2215.0,29,235.0,2.06140350877193,4.580375204951539,3,32.0,0.38836307434035194,20,450.0,0.22096969906451622,6,118.0,0.32733756696905164,29,600.0
2220.0,28,319.0,2.7264957264957266,4.562797948043391,0,18.0,0.3960289413395736,20,473.0,0.26516248675049753,8,141.0,0.2539324291764844,28,632.0
2225.0,37,322.0,2.6178861788617884,4.264416887853442,3,25.0,0.3237923100728762,20,494.0,0.2776958762978664,14,199.0,0.17968987086530888,37,718.0
2230.0,39,262.0,2.1475409836065573,3.752390575407888,10,57.0,0.21459577305148467,14,452.0,0.20093078751145352,15,237.0,0.12025854543074778,39,746.0
2235.0,35,206.0,1.7758620689655173,3.432617599763521,9,84.0,0.09919779077665868,13,426.0,0.20301576474404381,13,227.0,0.11778128544569894,35,737.0
2240.0,35,247.0,2.205357142857143,4.5386407487140215,5,79.0,0.22282810354344923,19,448.0,0.31227901311639517,11,240.0,0.15947343420967258,35,767.0
2245.0,39,242.0,2.1607142857142856,4.083446852960056,3,45.0,0.2509412838621346,16,446.0,0.18931793313607975,20,312.0,0.07693439844915424,39,803.0
2250.0,40,235.0,2.175925925925926,3.6491953585368657,3,55.0,0.31538880078575926,18,406.0,0.1415588999279613,19,408.0,0.17276216959054083,40,869.0
2255.0,36,203.0,1.8796296296296295,3.960557494801905,7,76.0,0.2762306053590801,15,338.0,0.19184501979775695,14,438.0,0.23051521154050095,36,852.0
2260.0,19,60.0,0.5309734513274337,4.307456411475583,5,80.0,0.2837906663223534,6,332.0,0.29848984338352297,8,386.0,0.23209465416247899,19,798.0
2265.0,17,63.0,0.5526315789473685,5.048752603630603,2,46.0,0.2885453347907569,9,273.0,0.331108816575219,6,299.0,0.2101150005357232,17,618.0
2270.0,21,61.0,0.5,4.459270482615429,4,27.0,0.21996033732045006,13,280.0,0.24738382195380912,4,279.0,0.2233110362046543,21,586.0
2275.0,24,87.0,0.725,4.189196243951281,1,23.0,0.3528874739908195,15,253.0,0.13422195508065593,8,309.0,0.26972776933292947,24,585.0
2280.0,39,216.0,1.815126050420168,3.9274475135177465,8,44.0,0.2820356581822746,18,228.0,0.1143935955548052,13,369.0,0.24204905525696083,39,641.0
2285.0,47,343.0,2.906779661016949,3.0956531164815453,11,92.0,0.2352454443869227,19,272.0,0.14076180868678595,17,450.0,0.194442350135673,47,814.0
2290.0,49,398.0,3.4608695652173913,2.770310031449646,9,119.0,0.22520390851969616,16,292.0,0.15549997446747205,24,553.0,0.10722927260332904,49,964.0
2295.0,47,367.0,3.058333333333333,3.146817307744388,7,104.0,0.16550749501322148,14,291.0,0.2033719042461123,26,607.0,0.06295272875630299,47,1002.0
2300.0,43,359.0,3.042372881355932,4.121759073473451,6,117.0,0.22023417501482892,19,319.0,0.24193995278416236,18,572.0,0.14073156273384746,43,1008.0
2305.0,47,310.0,2.5833333333333335,3.524541909082776,13,159.0,0.06054596698819366,18,349.0,0.21373197579686504,16,473.0,0.13019143690010637,47,981.0
2310.0,44,272.0,2.365217391304348,3.5789267347253917,16,230.0,0.1401560103257312,17,333.0,0.15506753400640425,11,519.0,0.28870435815517304,44,1082.0
2315.0,38,242.0,2.1228070175438596,3.782070783656701,11,252.0,0.21418475516262905,15,290.0,0.17288687140550127,12,573.0,0.22918140710380722,38,1115.0
2320.0,26,188.0,1.606837606837607,4.461825716227582,8,214.0,0.2980107073675078,11,274.0,0.299560527840544,7,553.0,0.22428308995085994,26,1041.0
2325.0,22,111.0,0.940677966101695,4.422651825501815,7,210.0,0.26140611554887233,11,266.0,0.32071831504741183,4,445.0,0.25584951915972115,22,921.0
2330.0,28,90.0,0.72,4.2456206908648255,13,261.0,0.12498922210948944,12,224.0,0.2657764398481039,3,296.0,0.2094533837794597,28,781.0
2335.0,27,116.0,0.9666666666666667,4.682411019954348,11,276.0,0.14336738076065125,13,215.0,0.24989036830231873,3,212.0,0.3198615957267705,27,703.0
2340.0,25,182.0,1.5964912280701755,5.368006562498998,5,238.0,0.17886827905055203,18,260.0,0.29029879280605014,2,146.0,0.34485174388469114,25,644.0
2345.0,21,144.0,1.2972972972972974,5.273151549067676,2,178.0,0.23767858760870095,18,293.0,0.21431592324221857,1,131.0,0.4003698414096782,21,602.0
2350.0,28,118.0,1.0825688073394495,5.291263722538647,3,144.0,0.3806161849891879,17,279.0,0.1848124270772699,8,148.0,0.352486102508067,28,571.0
2355.0,29,137.0,1.2454545454545454,5.311757319301692,4,110.0,0.41102820845671234,16,230.0,0.21446502283559118,9,157.0,0.3313696587369134,29,497.0
2360.0,20,99.0,0.9166666666666666,5.475473309885831,4,95.0,0.5378796020676773,11,257.0,0.2576519896055675,5,126.0,0.3287063163310951,20,478.0
2365.0,18,39.0,0.34210526315789475,4.845093384488155,4,70.0,0.42550434191653097,8,246.0,0.2025040077219984,6,106.0,0.223434024855409,18,422.0
2370.0,24,75.0,0.6756756756756757,4.709914533143925,6,67.0,0.2887346089413952,10,235.0,0.19669813601592126,8,130.0,0.19746100505791422,24,432.0
2375.0,31,126.0,1.2115384615384615,3.5684398126239603,5,80.0,0.29784974507158934,13,215.0,0.13950652136756103,13,184.0,0.20364432329225166,31,479.0
2380.0,26,111.0,1.0471698113207548,3.7203573630121847,4,59.0,0.40733503928435044,12,241.0,0.1744749876739869,10,197.0,0.21320870794707705,26,497.0
2385.0,16,58.0,0.5272727272727272,4.657704631967192,2,42.0,0.46726400595603873,9,255.0,0.19535147581879317,5,150.0,0.25368248855731745,16,447.0
2390.0,23,129.0,1.1120689655172413,4.738166778306991,5,62.0,0.25229026628194395,14,286.0,0.17998139884210332,4,131.0,0.18130230046592405,23,479.0
2395.0,32,140.0,1.2727272727272727,3.7760275828576044,5,68.0,0.2795612227445663,18,305.0,0.13694774125298922,9,167.0,0.16200700460294415,32,540.0
2400.0,28,108.0,1.0693069306930694,3.227751599280515,1,38.0,0.3511435856691869,21,281.0,0.1352970506536524,6,164.0,0.18336183235747205,28,483.0
2405.0,31,148.0,1.3214285714285714,4.555069507114914,3,29.0,0.4230769367220282,23,288.0,0.1826828295326443,5,126.0,0.34974054546431493,31,443.0
2410.0,29,200.0,1.7094017094017093,4.711312277486791,4,42.0,0.39865858683577726,22,315.0,0.1804318636154768,3,118.0,0.37582957846651927,29,475.0
2415.0,38,309.0,2.5121951219512195,4.318010328667189,5,42.0,0.3385814196781843,23,375.0,0.1928682323829584,10,150.0,0.24098800948692348,38,567.0
2420.0,38,300.0,2.5210084033613445,4.02351647160491,9,81.0,0.3145589976364934,20,436.0,0.20935329904871558,9,161.0,0.205967416061122,38,678.0
2425.0,38,248.0,2.1016949152542375,3.532920528217206,15,145.0,0.11780822084386554,17,435.0,0.24140621240020552,6,133.0,0.14820071701853474,38,713.0
2430.0,39,274.0,2.341880341880342,3.4257299914812833,23,241.0,0.058813789508245534,11,470.0,0.2246383924201619,5,102.0,0.2366589147382975,39,813.0
2435.0,39,295.0,2.5213675213675213,3.9372742381938735,23,310.0,0.16951211657306375,14,468.0,0.19929023393035475,2,65.0,0.3568999654650229,39,843.0
2440.0,30,206.0,1.648,3.9248655868670204,15,320.0,0.20149480498770483,15,463.0,0.17708827020947132,0,42.0,0.36050201084126837,30,825.0
2445.0,32,194.0,1.552,4.348207617391354,12,311.0,0.20365691864946847,14,417.0,0.1919199364767243,6,55.0,0.2734642983899669,32,783.0
2450.0,40,273.0,2.237704918032787,4.391294761511606,12,286.0,0.22656047398823137,15,363.0,0.21383985572866307,13,105.0,0.14894169009083003,40,754.0
2455.0,37,214.0,1.8771929824561404,3.602700684631654,8,309.0,0.28519393682376326,17,393.0,0.14498043997241317,12,136.0,0.1733055213914237,37,838.0
2460.0,36,162.0,1.4336283185840708,3.968706249121703,10,345.0,0.2320888740525682,22,402.0,0.14771729225158103,4,119.0,0.2956983836205034,36,866.0
2465.0,34,169.0,1.456896551724138,4.948961539058034,7,344.0,0.3240076430211042,20,396.0,0.1927088001523849,7,71.0,0.3820195761694282,34,811.0
2470.0,25,187.0,1.626086956521739,5.034131004378162,3,278.0,0.3699451174494821,18,415.0,0.24058640778595683,4,83.0,0.394731117840668,25,776.0
2475.0,30,183.0,1.5378151260504203,4.065243729400996,3,291.0,0.23820282901535153,19,425.0,0.2056850079013284,8,113.0,0.2628949029564083,30,829.0
2480.0,32,144.0,1.2203389830508475,3.9735700476708073,9,325.0,0.18005666078500968,16,370.0,0.2064551286230866,7,123.0,0.23039459296099957,32,818.0
2485.0,32,134.0,1.1551724137931034,3.180882875062305,18,390.0,0.06909266502216813,8,344.0,0.2056125274869896,6,102.0,0.16795343451220845,32,836.0
2490.0,29,144.0,1.2521739130434784,3.9148338964773126,17,417.0,0.16774520633427067,8,324.0,0.22167249762417696,4,75.0,0.3152966744792741,29,816.0
2495.0,27,134.0,1.1260504201680672,4.330759990540325,11,377.0,0.22607611208303358,14,314.0,0.21002303417964496,2,71.0,0.3569624472084472,27,762.0
2500.0,36,217.0,1.7086614173228347,4.621924204689417,11,291.0,0.21711137360165006,18,363.0,0.2431767553127108,7,96.0,0.31660129637459905,36,750.0
2505.0,38,261.0,2.139344262295082,4.181688075067546,6,244.0,0.26084926616588583,19,379.0,0.25352729263866763,13,148.0,0.23613368509223953,38,771.0
2510.0,33,191.0,1.5403225806451613,3.687063619431061,3,218.0,0.2519893181193628,15,334.0,0.1954409360891474,15,187.0,0.11565874246568514,33,739.0
2515.0,33,162.0,1.35,4.686608006876187,8,252.0,0.2794244692386608,13,263.0,0.23660395774959408,12,187.0,0.18311035584769528,33,702.0
2520.0,30,127.0,1.1043478260869566,3.924447436248119,7,242.0,0.21335341970593064,14,300.0,0.24472547928546093,9,190.0,0.16329111168939178,30,732.0
2525.0,28,97.0,0.8508771929824561,3.852420707399095,6,162.0,0.23411463572741562,11,311.0,0.2177567118816707,11,234.0,0.20289160070273599,28,707.0
2530.0,26,129.0,1.0932203389830508,4.681861861057036,4,108.0,0.3356574348734326,13,313.0,0.248668495424935,9,241.0,0.22138831964292835,26,662.0
2535.0,20,89.0,0.7416666666666667,3.832915915736577,2,97.0,0.2748600397222834,12,311.0,0.2245801728942845,6,202.0,0.18798308943664974,20,610.0
2540.0,20,78.0,0.6341463414634146,4.382855662023221,6,121.0,0.24434702582294782,12,240.0,0.21895200097615888,2,191.0,0.19265333844738958,20,552.0
2545.0,27,76.0,0.628099173553719,3.4379819318320908,11,130.0,0.131429104132396,6,238.0,0.19133363064329395,10,223.0,0.11456075771002688,27,591.0
2550.0,28,122.0,1.079646017699115,3.2631819949438,6,113.0,0.25380484121052216,8,228.0,0.17572615441845438,14,282.0,0.1611466861847646,28,623.0
2555.0,39,255.0,2.1982758620689653,3.136471173087871,5,127.0,0.2502913315895022,14,233.0,0.19401711331599536,20,373.0,0.12568779379009515,39,733.0
2560.0,44,295.0,2.36,2.6347728676270066,9,161.0,0.17429690057922728,14,241.0,0.10459949524408424,21,416.0,0.09707541994506738,44,818.0
2565.0,50,290.0,2.436974789915966,2.8050605622156906,17,226.0,0.11786364577835091,14,217.0,0.1915938431355445,19,396.0,0.13909099045159262,50,839.0
2570.0,43,284.0,2.3089430894308944,3.540377084391143,18,263.0,0.08861472750148264,9,176.0,0.3035465035918399,16,334.0,0.11656298160385278,43,773.0
2575.0,35,193.0,1.6083333333333334,4.843868216941265,15,240.0,0.161368893330336,9,194.0,0.38067373662604637,11,306.0,0.24834925494644658,35,740.0
2580.0,25,139.0,1.1779661016949152,5.402778091130322,9,208.0,0.2267588818763743,9,178.0,0.33171774925015207,7,270.0,0.3718249808482755,25,656.0
2585.0,28,163.0,1.304,5.628192636047673,8,222.0,0.2664717425672671,14,211.0,0.3359057444341116,6,223.0,0.42968197392825536,28,656.0
2590.0,29,122.0,1.0,4.948782059374157,13,269.0,0.19490669254605386,14,223.0,0.22225734139261077,2,200.0,0.4746315395670306,29,692.0
2595.0,30,118.0,0.9833333333333333,4.3038116264382245,11,286.0,0.17801125828950026,11,194.0,0.17037904019018374,8,209.0,0.3024590809645068,30,689.0
2600.0,28,136.0,1.2142857142857142,4.317626273657985,6,240.0,0.2294823928688593,15,169.0,0.1930790902944772,7,207.0,0.1615106160896679,28,616.0
2605.0,34,205.0,1.8807339449541285,4.791242519681141,8,171.0,0.1928274012822838,19,225.0,0.3086133176485859,7,161.0,0.1391231988673114,34,557.0
2610.0,24,175.0,1.6203703703703705,5.133326679823504,3,175.0,0.25587430662156824,18,270.0,0.2169461600330402,3,93.0,0.35698625935059597,24,538.0
2615.0,30,131.0,1.2358490566037736,4.546728419505527,9,204.0,0.226374847307183,18,267.0,0.1698661290740502,3,90.0,0.43071946462552335,30,561.0
2620.0,27,101.0,0.9181818181818182,4.116096481539747,7,204.0,0.2316930193084759,12,304.0,0.15360108606075665,8,117.0,0.31565922791955814,27,625.0
2625.0,20,76.0,0.7169811320754716,4.647957268518642,4,158.0,0.2461790717474686,10,320.0,0.2602003812263991,6,125.0,0.3065963862468636,20,603.0
2630.0,19,56.0,0.5185185185185185,4.3782955744490195,3,99.0,0.2228462130689786,12,328.0,0.22684931342707335,4,73.0,0.20799618957797353,19,500.0
2635.0,20,66.0,0.6055045871559633,4.9146046859679915,2,105.0,0.322290389934829,15,303.0,0.18503557890450972,3,27.0,0.44095164307332774,20,435.0
2640.0,29,132.0,1.1785714285714286,4.780074292046152,9,132.0,0.23770002465107923,17,259.0,0.14844926684848023,3,19.0,0.47377259494885005,29,410.0
2645.0,29,207.0,1.8157894736842106,4.97668826525526,8,140.0,0.27211956622198574,16,273.0,0.20621317329482716,5,39.0,0.4613174200896063,29,452.0
2650.0,21,128.0,1.2075471698113207,4.6081202330650415,4,89.0,0.27468217348478596,12,275.0,0.2762665631042106,5,46.0,0.38345002602053185,21,410.0
2655.0,15,44.0,0.3893805309734513,4.4671471626845305,1,80.0,0.18623186555284127,9,252.0,0.2970550329776608,5,35.0,0.23310968956096315,15,367.0
2660.0,22,107.0,0.9469026548672567,5.505714224734206,7,101.0,0.1895425570329675,13,216.0,0.2742524295523009,2,34.0,0.39403383877572745,22,351.0
2665.0,33,203.0,1.8288288288288288,4.647933318418907,10,109.0,0.12118220384139622,18,261.0,0.1871434936886849,5,34.0,0.36193202277955405,33,404.0
2670.0,27,213.0,2.0679611650485437,4.663981738889875,4,57.0,0.18189722777312578,19,303.0,0.1672278439868142,4,48.0,0.47064645262503213,27,408.0
2675.0,22,141.0,1.396039603960396,5.005829767790379,4,47.0,0.28243165746347254,17,292.0,0.16729281185507167,1,21.0,0.5235452021318782,22,360.0
2680.0,22,115.0,1.074766355140187,5.302248230216124,3,36.0,0.3108926060285685,16,262.0,0.15605091366698434,3,14.0,0.5200478406761418,22,312.0
2685.0,20,88.0,0.88,5.213111803100762,7,60.0,0.26671321520694696,9,308.0,0.19604423806264584,4,26.0,0.5450193028265305,20,394.0
2690.0,22,76.0,0.7835051546391752,3.6376521841434637,12,81.0,0.12970395991356676,8,325.0,0.1935705092793998,2,30.0,0.28333689388489375,22,436.0
2695.0,25,118.0,1.2421052631578948,4.206404403320916,6,82.0,0.2108205556772656,13,386.0,0.22739229454587054,6,50.0,0.287064351937233,25,518.0
2700.0,19,125.0,1.3297872340425532,4.380444866572586,4,64.0,0.2516741056898022,12,404.0,0.179105184284359,3,51.0,0.2770368520389083,19,519.0
2705.0,18,94.0,0.9215686274509803,5.220881551169733,4,65.0,0.3726099544417019,13,367.0,0.17937589837920517,1,36.0,0.45476827168632367,18,468.0
2710.0,15,62.0,0.6326530612244898,5.681595502609643,0,33.0,0.3998448155455347,11,292.0,0.16915540876086635,4,44.0,0.5114097051120646,15,369.0
2715.0,21,79.0,0.797979797979798,5.5085759118447974,6,41.0,0.36955609589007765,9,244.0,0.22851996863290783,6,49.0,0.3817881516037111,21,334.0
2720.0,15,83.0,0.8924731182795699,6.426880341681912,6,57.0,0.37722362449464586,5,208.0,0.4384392487804898,4,42.0,0.532134916861217,15,307.0
2725.0,16,81.0,0.8350515463917526,5.568450404871661,5,47.0,0.27626227535887515,8,158.0,0.39649528442023085,3,44.0,0.4084287138401923,16,249.0
2730.0,13,36.0,0.36363636363636365,5.302301689877068,3,61.0,0.21525989133085605,3,130.0,0.49882168045665964,7,66.0,0.334933939358775,13,257.0
2735.0,25,98.0,0.98989898989899,4.08781742014167,8,92.0,0.1188893379103029,8,117.0,0.3046039053725075,9,86.0,0.20279509487432842,25,295.0
2740.0,22,74.0,0.7474747474747475,3.6199536389227642,9,105.0,0.12280512882081811,7,126.0,0.2118258996038359,6,79.0,0.19851541257969393,22,310.0
2745.0,13,33.0,0.3473684210526316,4.843848779747133,6,94.0,0.2563484863695973,5,93.0,0.38962066753059593,2,85.0,0.3169692529078564,13,272.0
2750.0,15,37.0,0.3523809523809524,4.9964272009567,5,63.0,0.22754887723134087,1,43.0,0.3803968624284696,9,114.0,0.24716592611132182,15,220.0
2755.0,20,111.0,1.088235294117647,5.692645962735525,2,52.0,0.32724984506977367,2,32.0,0.5908973655310736,16,177.0,0.2515091834706187,20,261.0
2760.0,23,145.0,1.4795918367346939,4.695487208462401,2,44.0,0.32634769227471255,4,25.0,0.44771577731193846,17,222.0,0.16296057065647612,23,291.0
2765.0,22,149.0,1.4466019417475728,5.4044664468465236,4,50.0,0.4047601962266345,4,45.0,0.5582167121831927,14,219.0,0.18458830147201338,22,314.0
2770.0,20,124.0,1.203883495145631,5.169529479245234,2,29.0,0.45195366176239277,4,65.0,0.5822323798687518,14,276.0,0.14559063032508418,20,370.0
2775.0,26,87.0,0.7909090909090909,4.395906436213038,7,35.0,0.32483259701051986,1,35.0,0.4074388550719861,18,352.0,0.08598558308924434,26,422.0
2780.0,28,104.0,1.0097087378640777,4.211213372778933,8,55.0,0.26551851138580995,5,22.0,0.30598096656000856,15,388.0,0.1292135753959987,28,465.0
2785.0,19,54.0,0.5567010309278351,3.208219155336645,6,51.0,0.09315082612135944,6,42.0,0.27681282462240026,7,326.0,0.12730595129341857,19,419.0
2790.0,15,50.0,0.5102040816326531,5.539650068324997,3,49.0,0.33985590816451067,5,63.0,0.499483043406767,7,267.0,0.22912197116468122,15,379.0
2795.0,8,44.0,0.43564356435643564,6.508256762219325,2,40.0,0.4843996589010649,3,52.0,0.5312606641737616,3,206.0,0.2284103824900229,8,298.0
2800.0,10,56.0,0.5333333333333333,6.524086872218439,2,26.0,0.4186770834183513,4,66.0,0.3824291305018067,4,168.0,0.3211965737421925,10,260.0
2805.0,16,104.0,1.0505050505050506,6.342363336205646,8,51.0,0.23893604376781738,4,68.0,0.33118233706283334,4,145.0,0.4587572713227133,16,264.0
2810.0,22,115.0,1.2234042553191489,5.12096167749307,11,73.0,0.1741751085115791,5,51.0,0.2318319066847408,6,138.0,0.5108143772291905,22,262.0
2815.0,9,30.0,0.3225806451612903,6.583407863373092,3,59.0,0.4188265477831463,4,50.0,0.3638815936800511,2,99.0,0.5400629420261395,9,208.0
2820.0,11,59.0,0.6413043478260869,6.44598146344974,1,32.0,0.4915634637685224,2,45.0,0.3527422481483795,8,78.0,0.3659770372727701,11,155.0
2825.0,15,86.0,0.8865979381443299,6.400034207979249,4,26.0,0.5398640359817429,4,52.0,0.44260916366100284,7,89.0,0.23051019319292734,15,167.0
2830.0,10,107.0,1.1630434782608696,6.781208676725098,3,36.0,0.5653521220260772,4,67.0,0.49176657704546506,3,69.0,0.31026693079961715,10,172.0
2835.0,14,158.0,1.58,6.5900638804517495,5,55.0,0.4666212014922776,6,89.0,0.4967887744740311,3,40.0,0.2955693219236534,14,184.0
2840.0,8,12.0,0.12121212121212122,6.4825742408736255,3,32.0,0.4408779750513397,2,55.0,0.5057811930929229,3,32.0,0.33460250695039545,8,119.0
2845.0,28,89.0,0.8725490196078431,5.220784820174234,10,33.0,0.20846173317592864,9,31.0,0.2924462078797398,9,51.0,0.2214820784803366,28,115.0
2850.0,34,150.0,1.6483516483516483,4.172258835849996,11,65.0,0.13905376822341556,9,59.0,0.1562619494124996,14,108.0,0.23000198381358578,34,232.0
2855.0,22,121.0,1.5512820512820513,3.9470756674761027,6,67.0,0.30539878594397807,4,64.0,0.29032693370701157,12,145.0,0.21271195250527597,22,276.0
2860.0,16,63.0,0.7241379310344828,5.1857658564923925,2,71.0,0.3746468551881261,3,56.0,0.45044606125930237,11,129.0,0.19790055249692418,16,256.0
2865.0,20,107.0,1.202247191011236,5.963057790885765,10,99.0,0.31759879233488675,3,59.0,0.5531310723261881,7,112.0,0.2771630434253675,20,270.0
2870.0,24,139.0,1.4946236559139785,4.7397277251345935,11,127.0,0.1687120397179353,6,80.0,0.41993698068061425,7,105.0,0.29345696515208436,24,312.0
2875.0,23,177.0,1.903225806451613,6.038043460113141,6,114.0,0.2919321984852959,10,122.0,0.4368477422720077,7,111.0,0.4152398055526744,23,347.0
2880.0,22,243.0,2.6129032258064515,6.423641245301301,5,74.0,0.3325580173793529,12,163.0,0.43235933579180164,5,124.0,0.4299886985071938,22,361.0
2885.0,15,128.0,1.2673267326732673,6.390463913719989,4,63.0,0.34646999257063166,5,147.0,0.39002148694642375,6,139.0,0.4685947180855788,15,349.0
2890.0,23,197.0,2.010204081632653,6.233195291801723,8,88.0,0.28681006526669334,9,119.0,0.29205927346433097,6,158.0,0.43974830355470224,23,365.0
2895.0,35,349.0,3.7127659574468086,4.728140955512087,13,142.0,0.14327742565035098,14,173.0,0.1361979137546906,8,183.0,0.3784804446135365,35,498.0
2900.0,34,195.0,2.2941176470588234,3.327103776938157,15,170.0,0.13115771504806115,16,209.0,0.075995287779178,3,132.0,0.3679974243334753,34,511.0
2905.0,28,106.0,1.1910112359550562,4.641828919437808,10,159.0,0.22704638466604668,11,189.0,0.21993638479201524,7,53.0,0.3617868387082749,28,401.0
2910.0,12,46.0,0.5227272727272727,6.054498263442934,4,170.0,0.33248216953369664,3,124.0,0.32917478229864067,5,64.0,0.4746255049223775,12,358.0
2915.0,14,71.0,0.8452380952380952,6.191475304236268,8,198.0,0.23255393856929518,2,93.0,0.5042303813774033,4,59.0,0.5447265681423488,14,350.0
2920.0,16,67.0,0.7528089887640449,5.433624362355984,9,202.0,0.18938217834188575,4,61.0,0.567916770948826,3,45.0,0.4170262902665226,16,308.0
2925.0,16,94.0,1.0930232558139534,6.097398223501204,6,163.0,0.2492749632299614,4,60.0,0.6070895366963559,6,43.0,0.43509453002884846,16,266.0
2930.0,11,27.0,0.3068181818181818,4.6645013275698854,5,105.0,0.21464267287362518,1,35.0,0.3306228227345419,5,46.0,0.26476269749985354,11,186.0
2935.0,11,33.0,0.375,5.2806462185598075,3,120.0,0.2828942191812039,3,35.0,0.49443678708763245,5,41.0,0.2477298892742056,11,196.0
2940.0,18,94.0,1.0561797752808988,6.115014287426083,8,150.0,0.20114113300606895,7,48.0,0.40926108348641393,3,42.0,0.39308139115964374,18,240.0
2945.0,21,138.0,1.5164835164835164,5.674741025417662,8,149.0,0.21884223354251311,9,87.0,0.3076637997148281,4,47.0,0.4592813885127846,21,283.0
2950.0,18,107.0,1.2738095238095237,5.8976880388058355,7,104.0,0.21377015773129618,7,95.0,0.3296747488000654,4,59.0,0.5678625678799678,18,258.0
2955.0,10,19.0,0.2159090909090909,5.956762680322754,5,74.0,0.30584960568691066,3,59.0,0.35807583496683054,2,33.0,0.44257922942036304,10,166.0
2960.0,12,52.0,0.6046511627906976,7.423899461104004,3,66.0,0.41401721685499393,2,24.0,0.5409386205805549,7,34.0,0.4756034877230853,12,124.0
2965.0,11,14.0,0.16666666666666666,5.3884209571808,4,42.0,0.3074627117452303,4,14.0,0.3730853757234192,3,41.0,0.3164713263484011,11,97.0
2970.0,16,59.0,0.7108433734939759,6.004157149624794,7,65.0,0.3201073131405961,7,38.0,0.34253148658630606,2,24.0,0.4195838754058412,16,127.0
2975.0,14,46.0,0.5974025974025974,5.16871668345316,7,81.0,0.2680742277212137,6,53.0,0.2894731584523846,1,6.0,0.4328077011617545,14,140.0
2980.0,15,38.0,0.4634146341463415,5.377635999138205,5,71.0,0.2515608227230155,4,48.0,0.3738065810824854,6,26.0,0.3886869285281039,15,145.0
2985.0,8,41.0,0.5189873417721519,7.217239741260148,3,42.0,0.3594493772405662,2,32.0,0.5966450877569927,3,32.0,0.5624032794328587,8,106.0
2990.0,8,55.0,0.6470588235294118,6.544090956321273,4,35.0,0.3470240999535111,3,37.0,0.5587528669542952,1,16.0,0.448601393572809,8,88.0
2995.0,11,105.0,1.206896551724138,8.02645395125639,4,51.0,0.45421856185770554,4,48.0,0.6480664495451508,3,13.0,0.5466926851635765,11,112.0
3000.0,9,89.0,1.0348837209302326,7.56248200041408,2,22.0,0.3686437879855001,4,68.0,0.6245044734218937,3,22.0,0.5538934799311213,9,112.0
3005.0,13,123.0,1.3666666666666667,7.454935256535701,7,30.0,0.331494597294307,6,96.0,0.538448191485059,0,6.0,0.5437807531247283,13,132.0
3010.0,12,38.0,0.4523809523809524,6.044030802220626,7,55.0,0.26148898382059244,1,56.0,0.3662670999684039,4,13.0,0.4051534175577991,12,124.0
3015.0,15,46.0,0.5897435897435898,4.680443905677149,4,58.0,0.2181728667777604,7,27.0,0.25307457863970273,4,28.0,0.21936189652243815,15,113.0
3020.0,9,30.0,0.4,5.872568858471264,4,63.0,0.30174323116790497,5,53.0,0.4818163436625074,0,16.0,0.2602147440390458,9,132.0
3025.0,16,35.0,0.44871794871794873,6.169945858596323,10,94.0,0.2586545063155825,1,30.0,0.5300195473488584,5,11.0,0.3583744984796694,16,135.0
3030.0,11,42.0,0.56,6.276787600749442,8,108.0,0.2810005731578823,1,26.0,0.42617224779558005,2,17.0,0.5466446773384879,11,151.0
3035.0,15,56.0,0.7567567567567568,6.035974663935188,4,85.0,0.23063553204820217,9,55.0,0.261380306753491,2,26.0,0.5725171173871022,15,166.0
3040.0,12,44.0,0.5714285714285714,6.327707831873518,4,57.0,0.3085385281228358,7,74.0,0.3169109240196472,1,11.0,0.5166117300397888,12,142.0
3045.0,8,43.0,0.5443037974683544,7.946390890282612,2,55.0,0.6046365329147888,2,55.0,0.46107255631895505,4,24.0,0.3999019469591586,8,134.0
3050.0,9,27.0,0.35064935064935066,6.748734011042014,1,33.0,0.4348923191203855,2,27.0,0.45277484033843707,6,39.0,0.394510107982756,9,99.0
3055.0,14,65.0,0.8783783783783784,7.453349150769258,8,58.0,0.3772336371625127,3,32.0,0.648199376936058,3,33.0,0.4931998035173652,14,123.0
3060.0,12,85.0,1.1971830985915493,6.150163922424416,7,74.0,0.26024412072335196,3,43.0,0.5398391863204393,2,26.0,0.4909950891714286,12,143.0
3065.0,8,47.0,0.6025641025641025,6.515148011367166,4,63.0,0.27997288992032654,0,24.0,0.6814148859840368,4,38.0,0.4254446042026741,8,125.0
3070.0,8,70.0,0.8974358974358975,7.137428927469955,2,58.0,0.28319791556305957,2,10.0,0.6434546582645269,4,58.0,0.4802613050734578,8,126.0
3075.0,15,62.0,0.7654320987654321,6.021095320234974,9,86.0,0.20175621596041876,5,30.0,0.43326462806038524,1,30.0,0.38269824468743174,15,146.0
3080.0,28,176.0,2.3466666666666667,4.61140897440861,14,146.0,0.18583794665064848,8,63.0,0.14388667398890026,6,23.0,0.32502570225916205,28,232.0
3085.0,33,153.0,2.095890410958904,2.9298190487075555,18,185.0,0.0946298527882978,9,75.0,0.11207205017186724,6,39.0,0.18010621945133928,33,299.0
3090.0,16,78.0,1.0833333333333333,5.846255795273493,12,183.0,0.26432580678539763,2,57.0,0.4587666643282457,2,31.0,0.44638723165411576,16,271.0
3095.0,8,67.0,0.9054054054054054,8.033547593953244,4,138.0,0.35594848360144576,2,34.0,0.6350651675072652,2,30.0,0.6552233173798514,8,202.0
3100.0,8,71.0,0.8554216867469879,7.795555144362584,4,108.0,0.35328651255502563,1,22.0,0.6241371100670453,3,34.0,0.5405395286964861,8,164.0
3105.0,13,124.0,1.5308641975308641,8.339251151491696,4,87.0,0.5297969155613383,4,32.0,0.5305961519722691,5,52.0,0.5385847988109035,13,171.0
3110.0,16,170.0,2.125,6.831285987165835,6,82.0,0.45460463732270057,4,38.0,0.3441428105973132,6,75.0,0.3244215363820882,16,195.0
3115.0,11,124.0,1.631578947368421,6.875395665545405,2,54.0,0.44456129475184897,3,34.0,0.37534394580351255,6,107.0,0.43976556144103657,11,195.0
3120.0,18,193.0,2.643835616438356,6.7970586006467135,8,38.0,0.3531553799271965,2,34.0,0.42669046690130397,8,138.0,0.3692233284826087,18,210.0
3125.0,18,140.0,1.917808219178082,6.581679427666267,12,94.0,0.2571076210145355,4,41.0,0.4311566688809113,2,93.0,0.5395657930101339,18,228.0
3130.0,16,132.0,2.0,6.2285545686094475,10,125.0,0.2793693372021169,4,57.0,0.43426071179768644,2,16.0,0.5458600721920694,16,198.0
3135.0,13,97.0,1.3857142857142857,6.0544699936937,4,105.0,0.396493810320896,6,86.0,0.3236431785779422,3,5.0,0.42049437404156453,13,196.0
3140.0,11,136.0,1.9154929577464788,6.946792159798184,3,56.0,0.3926231060929881,6,118.0,0.5623581848053203,2,12.0,0.43131910281296454,11,186.0
3145.0,13,42.0,0.525,6.8849203057099375,5,38.0,0.37163697235437243,3,72.0,0.5267470869426523,5,22.0,0.4101139942208097,13,132.0
3150.0,7,42.0,0.525,8.202106012106896,3,24.0,0.45769879019473825,1,10.0,0.6532679409709936,3,35.0,0.5310619747292907,7,69.0
3155.0,15,98.0,1.2564102564102564,7.52765790731266,6,38.0,0.3660192483838888,5,24.0,0.3607879330857145,4,54.0,0.4757236454075218,15,116.0
3160.0,16,111.0,1.5857142857142856,5.9972129408016475,6,51.0,0.1932891048374947,4,33.0,0.30799241037026226,6,82.0,0.33025302588597993,16,166.0
3165.0,3,5.0,0.08064516129032258,7.050395269553715,2,40.0,0.39543117853242016,1,25.0,0.5405639486644641,0,46.0,0.45943989016250725,3,111.0
3170.0,3,5.0,0.07352941176470588,8.610760672406798,1,17.0,0.5119838202343763,0,10.0,0.5575975555952893,2,7.0,0.5418440404424361,3,34.0
3175.0,5,12.0,0.1875,9.71897552854648,2,11.0,0.6489775109870262,2,12.0,0.7032627806596131,1,7.0,0.6645943399608647,5,30.0
3180.0,5,32.0,0.5614035087719298,8.898890775805251,3,14.0,0.5255497467888862,2,20.0,0.640746508514466,0,0.0,0.6886342348101866,5,34.0
3185.0,8,48.0,0.7272727272727273,8.369834508133934,1,6.0,0.4588506564274868,4,38.0,0.588877805287909,3,10.0,0.6605932052183789,8,54.0
3190.0,8,42.0,0.6666666666666666,8.308888509463035,6,22.0,0.34346500081829445,0,16.0,0.5668953003855356,2,20.0,0.6525625546041084,8,58.0
3195.0,11,59.0,0.9076923076923077,6.8340166023086475,4,38.0,0.23470131767271507,3,11.0,0.2447167869784562,4,35.0,0.5383115664912514,11,84.0
3200.0,12,96.0,1.6551724137931034,7.714028189590851,0,23.0,0.4591951516360217,8,45.0,0.42589050916502447,4,55.0,0.5424688101366745,12,123.0
3205.0,22,161.0,2.596774193548387,6.362748382172784,3,6.0,0.34557179858168585,11,89.0,0.3577537305361207,8,76.0,0.2355575146654922,22,171.0
3210.0,7,52.0,0.8387096774193549,8.050786934978571,2,10.0,0.5330264452005955,4,95.0,0.4645378805492269,1,41.0,0.42910193702310284,7,146.0
3215.0,4,30.0,0.5357142857142857,8.831979031237196,2,22.0,0.6318095422840785,0,48.0,0.472001685386833,2,12.0,0.5823093833606792,4,82.0
3220.0,10,63.0,1.1886792452830188,7.478928880482141,4,39.0,0.528200571163079,2,5.0,0.45727558279261526,4,24.0,0.4817033421678178,10,68.0
3225.0,10,57.0,1.163265306122449,7.4680617544169,2,17.0,0.5935923861808766,2,14.0,0.6182843523242396,6,43.0,0.5104909215235925,10,74.0
3230.0,9,56.0,0.9824561403508771,6.913064208734971,2,13.0,0.40735606975126354,4,27.0,0.26414807216853764,3,46.0,0.5273361707563269,9,86.0
3235.0,1,3.0,0.05084745762711865,8.020385406398471,0,13.0,0.473993705668794,0,11.0,0.6541857397607336,1,26.0,0.5847362411087252,1,50.0
3240.0,5,14.0,0.23728813559322035,8.741461343663959,1,0.0,0.5168378574919287,1,7.0,0.7996807431197457,3,13.0,0.503406587481187,5,20.0
3245.0,2,3.0,0.046153846153846156,8.064037185384844,1,2.0,0.4515112883455419,0,2.0,0.8168665034712205,1,8.0,0.4158205504561921,2,12.0
3250.0,12,44.0,0.7096774193548387,7.8736304298526925,6,22.0,0.45869414857529583,0,2.0,0.8524720319516172,6,26.0,0.3457108461802023,12,50.0
3255.0,11,35.0,0.5833333333333334,5.900001850380931,5,38.0,0.4025603704837557,0,0.0,0.4628677816746329,6,46.0,0.242830948866072,11,84.0
3260.0,7,23.0,0.4107142857142857,7.1186095736805255,1,24.0,0.43695335849303507,2,7.0,0.6548385908491089,4,41.0,0.42301653030811154,7,72.0
3265.0,13,31.0,0.4696969696969697,7.214219919102964,3,12.0,0.3019495285632196,5,22.0,0.5868824579505325,5,27.0,0.41300509385502654,13,61.0
3270.0,12,57.0,0.8507462686567164,7.38875749695181,8,34.0,0.2608195863290324,3,37.0,0.5983179269100067,1,21.0,0.5194414784512874,12,92.0
3275.0,15,44.0,0.6984126984126984,5.289015195524873,7,54.0,0.233098778919287,1,21.0,0.31000264903811303,7,33.0,0.23059554956758865,15,108.0
3280.0,9,29.0,0.4461538461538462,6.3300209967992105,2,39.0,0.39623791551068177,2,9.0,0.41630662807962626,5,48.0,0.36760737006137206,9,96.0
3285.0,7,25.0,0.4098360655737705,8.336663466286309,3,25.0,0.5664974462210348,2,6.0,0.6235899399669632,2,36.0,0.509355264152158,7,67.0
3290.0,11,55.0,0.7857142857142857,7.906137106864795,4,33.0,0.5040359963707537,5,27.0,0.5370153011250833,2,30.0,0.38973810692584754,11,90.0
3295.0,8,64.0,0.9846153846153847,7.602027389267523,4,51.0,0.5830122640870197,0,25.0,0.5313087212077596,4,42.0,0.3580052245191081,8,118.0
3300.0,6,16.0,0.26229508196721313,5.747738531899131,2,25.0,0.43100713444628447,0,2.0,0.3996386805415071,4,53.0,0.31721395692051507,6,80.0
3305.0,12,38.0,0.5671641791044776,6.1777464870357806,5,24.0,0.37194094726855703,3,11.0,0.3056503886918911,4,43.0,0.3845501397496815,12,78.0
3310.0,12,62.0,0.9253731343283582,6.994337970318191,2,25.0,0.4901066864447452,8,39.0,0.34114977121324286,2,32.0,0.44288608574972993,12,96.0
3315.0,11,59.0,0.8676470588235294,6.389292744159081,3,16.0,0.43162903882361475,4,53.0,0.3699648531375728,4,39.0,0.385731550860736,11,108.0
3320.0,4,6.0,0.09090909090909091,7.967423202802679,1,7.0,0.6712471332534015,1,35.0,0.546899965683623,2,20.0,0.4742553782406042,4,62.0
3325.0,16,35.0,0.4861111111111111,6.4132620744669016,4,15.0,0.48032053831120586,5,41.0,0.20263452978885416,7,26.0,0.3565612030705385,16,82.0
3330.0,14,54.0,0.8059701492537313,6.028400502507573,0,11.0,0.6427903649678258,10,76.0,0.13618916094085107,4,32.0,0.38129424341515616,14,119.0
3335.0,16,108.0,1.8620689655172413,4.9567682465264165,0,0.0,0.48575149903527876,15,144.0,0.18703803459740562,1,25.0,0.289368887482927,16,169.0
3340.0,19,114.0,1.6764705882352942,5.681616366754591,2,5.0,0.48155999067118654,14,186.0,0.2908390264211131,3,24.0,0.26355573427859147,19,215.0
3345.0,14,60.0,0.8695652173913043,6.370210366583404,2,4.0,0.6151004464338624,8,171.0,0.2433003788000675,4,38.0,0.4109370199827418,14,213.0
3350.0,12,34.0,0.4722222222222222,5.998835707456196,3,13.0,0.5253182773081625,4,116.0,0.1795379443720149,5,48.0,0.3495380583335084,12,177.0
3355.0,7,26.0,0.38235294117647056,7.358704561237622,2,16.0,0.6081447409487578,2,91.0,0.4791283271123325,3,42.0,0.40161161919202276,7,149.0
3360.0,6,28.0,0.4117647058823529,7.541748056951881,1,6.0,0.5128493515473329,2,48.0,0.608988594263817,3,46.0,0.4390636137511202,6,100.0
3365.0,14,82.0,1.0789473684210527,7.461270897166399,2,9.0,0.6207330363821234,4,51.0,0.6130540582463487,8,72.0,0.35098750860077305,14,132.0
3370.0,11,88.0,1.1891891891891893,6.374485779714959,1,1.0,0.6057165749332387,4,63.0,0.5018202519130319,6,86.0,0.3056199685545132,11,150.0
3375.0,14,39.0,0.46987951807228917,5.0832897411834574,8,23.0,0.29509017522334474,1,32.0,0.4507993030767554,5,72.0,0.24111672739851792,14,127.0
3380.0,14,51.0,0.6144578313253012,5.651381499507455,6,48.0,0.2689185064763062,3,13.0,0.5075260293363066,5,54.0,0.25363116659214885,14,115.0
3385.0,17,62.0,0.7294117647058823,6.040411755045173,4,41.0,0.2769453765043845,7,38.0,0.4992440820155513,6,55.0,0.28233528383926865,17,134.0
3390.0,6,26.0,0.3170731707317073,7.154421312903532,2,27.0,0.4368560056902229,2,35.0,0.537189647633488,2,38.0,0.3771364526920731,6,100.0
3395.0,10,42.0,0.5316455696202531,7.54602984811001,3,29.0,0.5688094089207858,0,17.0,0.5806366411540234,7,54.0,0.28761455501501715,10,100.0
3400.0,10,57.0,0.7215189873417721,7.520300791077047,4,42.0,0.5722253399684305,1,3.0,0.543189329752889,5,65.0,0.3243351315188955,10,110.0
3405.0,7,73.0,0.9864864864864865,7.890933661546112,4,58.0,0.6261049614220743,2,15.0,0.6353594582511842,1,46.0,0.3318554620832449,7,119.0
3410.0,4,25.0,0.31645569620253167,7.449224084628745,0,28.0,0.519255215803882,3,26.0,0.5495322972837432,1,23.0,0.4075394595921403,4,77.0
3415.0,8,54.0,0.6923076923076923,8.507749736209613,4,10.0,0.4255026825619949,4,44.0,0.6379457663633965,0,10.0,0.5444521167254875,8,64.0
3420.0,15,109.0,1.5138888888888888,7.312327190869025,8,38.0,0.24042082116498822,4,64.0,0.5126180474284308,3,11.0,0.529021565283839,15,113.0
3425.0,13,119.0,1.6081081081081081,6.500933783862539,6,55.0,0.22994288787771472,6,94.0,0.5018821420278613,1,11.0,0.5020435584538468,13,160.0
3430.0,10,32.0,0.4507042253521127,6.260842924566249,2,39.0,0.43979767303123013,1,58.0,0.45154323630065146,7,29.0,0.33653931628387074,10,126.0
3435.0,15,44.0,0.5945945945945946,5.968107625783329,1,22.0,0.4272172656004588,4,16.0,0.40095761242555134,10,59.0,0.1806804108615477,15,97.0
3440.0,8,26.0,0.37142857142857144,7.1547752320496185,2,22.0,0.5407305836219815,4,31.0,0.5408726320002927,2,53.0,0.27833874887112636,8,106.0
3445.0,13,30.0,0.410958904109589,6.8690062238026215,7,41.0,0.3726884084847089,2,23.0,0.49855065658100695,4,29.0,0.40635035640554495,13,93.0
3450.0,8,26.0,0.36619718309859156,7.55339912770064,4,50.0,0.5000882317464095,2,16.0,0.5982859773785782,2,21.0,0.45319367692864065,8,87.0
3455.0,9,30.0,0.45454545454545453,6.707926947148059,1,22.0,0.4880115268922527,1,11.0,0.4661355163245643,7,43.0,0.33817339046807515,9,76.0
3460.0,16,94.0,1.3055555555555556,5.552893584613151,0,22.0,0.3375142345333513,4,26.0,0.32596918802757785,12,92.0,0.19977625562726092,16,140.0
3465.0,20,92.0,1.4153846153846155,5.370405505955266,7,43.0,0.3108116074368888,3,27.0,0.4749318808206766,10,115.0,0.2262173758341576,20,185.0
3470.0,13,44.0,0.6470588235294118,5.505154900083294,7,61.0,0.32258693513423564,1,15.0,0.4380918910780432,5,98.0,0.30015548499820793,13,174.0
3475.0,7,20.0,0.2898550724637681,7.353770753975096,3,33.0,0.46823555552900226,2,18.0,0.736850518386279,2,93.0,0.4083939165710092,7,144.0
3480.0,12,50.0,0.7142857142857143,6.109800599867941,2,30.0,0.3462362014292669,2,25.0,0.6089353033998951,8,117.0,0.25393796750010383,12,172.0
3485.0,15,56.0,0.7368421052631579,5.011551974841636,8,57.0,0.2859532522504226,0,6.0,0.5583208413850622,7,124.0,0.1758058366387188,15,187.0
3490.0,14,50.0,0.704225352112676,5.030932369600552,6,72.0,0.2737646886006065,3,15.0,0.4294309395264178,5,97.0,0.25787909901936795,14,184.0
3495.0,13,47.0,0.6266666666666667,5.020372329935048,4,55.0,0.2319392238015172,6,41.0,0.42431163473858774,3,112.0,0.21814403052885978,13,208.0
3500.0,15,109.0,1.4533333333333334,6.191314071492552,2,34.0,0.42419976786323754,6,71.0,0.5493120617749963,7,139.0,0.23465427752612558,15,244.0
3505.0,19,39.0,0.48148148148148145,4.2078712261442055,4,17.0,0.3388072290031184,4,62.0,0.35285287454172615,11,146.0,0.09228482022670113,19,225.0
3510.0,17,54.0,0.6835443037974683,5.743501005440603,7,44.0,0.32182809827768233,2,18.0,0.46550644095340427,8,126.0,0.27859847975266966,17,188.0
3515.0,14,63.0,0.8289473684210527,6.250074661067364,8,62.0,0.3445151082770595,2,19.0,0.5494293195526051,4,91.0,0.3863483265608706,14,172.0
3520.0,8,46.0,0.5609756097560976,6.8732569298093775,3,41.0,0.3235680964360335,1,8.0,0.6049936065743161,4,74.0,0.43659884270524396,8,123.0
3525.0,7,31.0,0.36904761904761907,7.749968563362638,3,29.0,0.38380492686093814,4,19.0,0.6161408128104275,0,42.0,0.4734282375223313,7,90.0
3530.0,12,50.0,0.5882352941176471,6.605916539580938,5,31.0,0.4316374337043206,1,21.0,0.393621504141617,6,46.0,0.23094342024205236,12,98.0
3535.0,12,73.0,0.9012345679012346,7.201021160942571,4,52.0,0.6012852715682271,1,8.0,0.43826926990735404,7,62.0,0.30280840169215406,12,122.0
3540.0,5,8.0,0.1095890410958904,7.244362932597486,0,21.0,0.5019925806251521,2,5.0,0.5477756811059163,3,48.0,0.3648083552181305,5,74.0
3545.0,12,47.0,0.6025641025641025,7.368195609220197,4,16.0,0.4497000986628742,6,26.0,0.4027879323137899,2,29.0,0.35981485055414647,12,71.0
3550.0,12,31.0,0.43661971830985913,5.764593668758844,4,24.0,0.3065279115705243,6,44.0,0.29493920405573715,2,24.0,0.3913679751341646,12,92.0
3555.0,11,39.0,0.5416666666666666,5.499753836188493,2,22.0,0.3813299974820396,2,38.0,0.27219265770885354,7,52.0,0.27109393786740565,11,112.0
3560.0,11,51.0,0.7391304347826086,7.478395954332123,3,19.0,0.6355949142550015,2,24.0,0.5348201881684959,6,65.0,0.38347958616407674,11,108.0
3565.0,11,29.0,0.38666666666666666,6.948118709947453,3,5.0,0.6081257209910123,5,29.0,0.4862139163688616,3,42.0,0.3026043783122168,11,76.0
3570.0,9,32.0,0.42105263157894735,7.696762617177609,5,22.0,0.49436504779835877,2,15.0,0.47145275896563577,2,21.0,0.45098558185002247,9,58.0
3575.0,12,41.0,0.5694444444444444,6.230738511611226,4,29.0,0.28946593507353624,6,32.0,0.2819468063004063,2,16.0,0.4367173122684937,12,77.0
3580.0,14,52.0,0.7123287671232876,5.5382906355107435,2,13.0,0.2754403458803948,5,49.0,0.31362637831709855,7,40.0,0.22807251565498338,14,102.0
3585.0,14,78.0,1.1818181818181819,5.398481942705918,2,12.0,0.4299070857247049,0,30.0,0.4487923044008588,12,89.0,0.18574776178937916,14,131.0
3590.0,22,99.0,1.337837837837838,5.225642038768879,9,40.0,0.36332190963469996,0,17.0,0.4208595411739605,13,125.0,0.2346907680322481,22,182.0
3595.0,14,58.0,0.8169014084507042,6.037588755757442,6,60.0,0.36485622468586415,2,17.0,0.5197259741581228,6,100.0,0.3949851120895182,14,177.0
3600.0,9,49.0,0.6805555555555556,6.158079440362828,1,38.0,0.29689304049073456,6,43.0,0.41925005648245595,2,69.0,0.35981846651610944,9,150.0
