step,system_total_stopped,system_total_waiting_time,system_mean_waiting_time,system_mean_speed,A0_stopped,A0_accumulated_waiting_time,A0_average_speed,B0_stopped,B0_accumulated_waiting_time,B0_average_speed,C0_stopped,C0_accumulated_waiting_time,C0_average_speed,agents_total_stopped,agents_total_accumulated_waiting_time
5.0,0,0.0,0.0,6.707532058914918,0,0.0,0.44096856765039205,0,0.0,0.5181386425677905,0,0.0,0.516297299473198,0,0.0
10.0,1,0.0,0.0,11.156805724057195,1,0.0,0.720547975946035,0,0.0,0.9901593743173407,0,0.0,0.8285627873767515,1,0.0
15.0,0,0.0,0.0,9.356580783417641,0,0.0,0.6263098591363189,0,0.0,0.2348027993457232,0,0.0,0.5382872724701702,0,0.0
20.0,0,0.0,0.0,10.574974687900202,0,0.0,0.6818649072887275,0,0.0,0.8493236363433323,0,0.0,0.7609479637905059,0,0.0
25.0,8,0.0,0.0,6.027692283390626,3,0.0,0.3614574600019402,2,0.0,0.49235059443203,3,0.0,0.24161570350212122,8,0.0
30.0,4,20.0,0.8,9.412493540215438,2,10.0,0.6137720090740995,0,2.0,0.8528268316916799,2,10.0,0.5465891171212676,4,22.0
35.0,2,20.0,0.7142857142857143,9.913715773143343,2,20.0,0.5737673056499824,0,2.0,0.8756072525385141,0,0.0,0.6597274047016601,2,22.0
40.0,2,1.0,0.02702702702702703,8.566252588674836,1,3.0,0.5860413028327497,0,2.0,0.6783356275063137,1,1.0,0.5553725249915412,2,6.0
45.0,3,11.0,0.3055555555555556,8.454867581854677,1,2.0,0.6153267629713619,2,11.0,0.41778682067697037,0,0.0,0.7175008833742718,3,13.0
50.0,8,20.0,0.5128205128205128,5.612669894598873,4,16.0,0.4563741833828396,2,10.0,0.2098450193495322,2,2.0,0.31988412678093736,8,28.0
55.0,7,25.0,0.625,7.362803484679897,2,21.0,0.425400352997503,2,17.0,0.49127923362893783,3,14.0,0.6304956271605447,7,52.0
60.0,3,4.0,0.1,7.64139327078947,1,7.0,0.5254575386240805,2,12.0,0.46911861565014706,0,2.0,0.726683814033987,3,21.0
65.0,9,30.0,0.6122448979591837,7.541515180061732,2,12.0,0.4003778012333845,6,33.0,0.4017013065332137,1,3.0,0.633351193649063,9,48.0
70.0,13,85.0,1.9318181818181819,5.7819410180801345,6,34.0,0.32938885667467405,7,67.0,0.2724661185680343,0,0.0,0.5987917350735656,13,101.0
75.0,19,97.0,1.9795918367346939,4.647277618040615,11,77.0,0.17869084890740503,6,78.0,0.2621111959655332,2,2.0,0.3816041541077813,19,157.0
80.0,12,73.0,1.489795918367347,7.058370952108071,9,97.0,0.309225228645035,1,28.0,0.6428476828810425,2,14.0,0.6393193289367504,12,139.0
85.0,15,39.0,0.6964285714285714,6.3153754439273,8,79.0,0.28158891833863536,4,29.0,0.4418464786086921,3,2.0,0.5671569382031626,15,110.0
90.0,11,43.0,0.7543859649122807,7.318849270640898,5,83.0,0.35929148818319157,5,47.0,0.3967405136729749,1,3.0,0.6847378576193053,11,133.0
95.0,9,37.0,0.6851851851851852,6.161531054090944,3,77.0,0.3545332679140838,2,39.0,0.4874939390897584,4,13.0,0.24630966259660797,9,129.0
100.0,5,12.0,0.20689655172413793,6.963413971268283,2,54.0,0.4150167557198796,2,14.0,0.5470042439977184,1,19.0,0.4681558738810801,5,87.0
105.0,7,24.0,0.41379310344827586,8.414585989167138,4,64.0,0.4288408955989371,3,15.0,0.5160287079287188,0,5.0,0.8349403099421746,7,84.0
110.0,12,48.0,0.7741935483870968,6.67453990456142,6,70.0,0.3255236816261454,6,40.0,0.27109705510655663,0,2.0,0.5099630915323844,12,112.0
115.0,12,38.0,0.6666666666666666,6.485616688836019,3,50.0,0.2855042464290574,5,51.0,0.4426180543725876,4,16.0,0.4240759149600493,12,117.0
120.0,3,4.0,0.07547169811320754,5.881095791875735,3,64.0,0.268371587573935,0,24.0,0.45397853266847243,0,20.0,0.46631642445153804,3,108.0
125.0,10,31.0,0.5,6.885109447828434,5,80.0,0.29731872081607263,2,23.0,0.5624213801664542,3,10.0,0.6063925021848134,10,113.0
130.0,6,21.0,0.3442622950819672,7.082804352290944,4,85.0,0.31033262105605935,0,9.0,0.5874747609960113,2,7.0,0.6740655588512231,6,101.0
135.0,10,35.0,0.5303030303030303,6.366281994027968,4,68.0,0.23599021678665502,3,22.0,0.4715258498163641,3,18.0,0.4250050761965467,10,108.0
140.0,11,52.0,0.8524590163934426,6.303833472166699,4,56.0,0.23588618077962414,4,42.0,0.5780528529677205,3,14.0,0.4251478484792283,11,112.0
145.0,15,60.0,0.9090909090909091,5.120142735985571,4,53.0,0.16905883589138593,8,70.0,0.39543977898623384,3,6.0,0.3010899337874234,15,129.0
150.0,9,46.0,0.71875,6.153980982696815,3,65.0,0.1958775249643846,4,72.0,0.37031801464595415,2,12.0,0.6219746671292712,9,149.0
155.0,7,33.0,0.5409836065573771,6.08149810117162,4,68.0,0.25160342215300163,1,39.0,0.45632073869780976,2,22.0,0.6057470513058987,7,129.0
160.0,10,52.0,0.7878787878787878,6.558893040047703,4,54.0,0.3179774594751448,2,16.0,0.5580234943017662,4,38.0,0.5608796820878352,10,108.0
165.0,8,74.0,1.121212121212121,7.243885416149001,3,50.0,0.39764817687356036,1,13.0,0.62406748273081,4,58.0,0.6522091302774891,8,121.0
170.0,10,50.0,0.704225352112676,5.843806982063957,3,39.0,0.31073847820530864,6,33.0,0.40698967052982,1,27.0,0.39069762676611475,10,99.0
175.0,9,29.0,0.42028985507246375,5.463230121892893,2,21.0,0.3049261555606317,2,38.0,0.4365046775747476,5,17.0,0.31313193447336535,9,76.0
180.0,11,43.0,0.6615384615384615,5.398788440105552,8,45.0,0.24766465331238813,0,19.0,0.24509035303880927,3,26.0,0.5139944984647015,11,90.0
185.0,17,98.0,1.4411764705882353,5.650593350883767,13,101.0,0.2607023043375962,2,19.0,0.3145695510993858,2,21.0,0.5677195813685434,17,141.0
190.0,17,107.0,1.621212121212121,6.033636146672089,11,133.0,0.21454814969065383,4,34.0,0.4083477972132529,2,17.0,0.6615614800224355,17,184.0
195.0,13,64.0,0.8888888888888888,5.45352150782908,7,117.0,0.1533984154325492,3,29.0,0.3895896723666201,3,28.0,0.45274075948029896,13,174.0
200.0,11,33.0,0.4647887323943662,7.497581762799067,8,92.0,0.3395331370449703,1,22.0,0.5991823170394519,2,12.0,0.555839956353231,11,126.0
205.0,17,31.0,0.40789473684210525,5.554060776450633,9,106.0,0.2112515216487146,3,24.0,0.28930341976583707,5,13.0,0.4122387665073377,17,143.0
210.0,16,62.0,0.8611111111111112,5.8031257278053765,10,147.0,0.22338214293470607,6,46.0,0.20800277167037687,0,4.0,0.7402385569014563,16,197.0
215.0,18,88.0,1.4666666666666666,4.315228805117212,7,158.0,0.14587525118438238,10,89.0,0.16354044872807022,1,0.0,0.7801001116468786,18,247.0
220.0,14,66.0,1.0153846153846153,5.39182269545055,4,135.0,0.2161522461474595,8,110.0,0.36660548595629316,2,5.0,0.41483853703263823,14,250.0
225.0,8,32.0,0.5,6.343004539353261,4,145.0,0.28077041629007665,4,77.0,0.44301701148393,0,2.0,0.7448507834481742,8,224.0
230.0,10,41.0,0.5694444444444444,5.900271728781034,8,178.0,0.21319612796490792,1,61.0,0.2390841789225003,1,6.0,0.6508085445773512,10,245.0
235.0,8,25.0,0.373134328358209,5.9793733944749246,5,177.0,0.2813868831528739,2,68.0,0.3586668422337536,1,0.0,0.7155519446793545,8,245.0
240.0,9,33.0,0.5238095238095238,6.092346777591278,3,126.0,0.22114491397070246,6,95.0,0.38437386689389863,0,0.0,0.7024846581347183,9,221.0
245.0,15,80.0,1.1764705882352942,5.500284585058375,4,124.0,0.1742549096613236,9,135.0,0.3931169229924057,2,6.0,0.5109676290900551,15,265.0
250.0,17,104.0,1.5522388059701493,4.984113285780356,8,155.0,0.13854284137123574,7,138.0,0.31697307099909006,2,16.0,0.5231831141776738,17,309.0
255.0,12,55.0,0.7971014492753623,4.473709126677323,6,161.0,0.17443133486662243,6,122.0,0.24998553283346006,0,5.0,0.5202773079221636,12,288.0
260.0,6,31.0,0.4696969696969697,7.350815348494644,2,119.0,0.3526110217535544,3,87.0,0.4832998204889273,1,6.0,0.7406419469477842,6,212.0
265.0,10,9.0,0.1323529411764706,5.5127597651408164,5,117.0,0.23242247043064646,4,77.0,0.3429909790816674,1,4.0,0.6106135753573835,10,198.0
270.0,17,66.0,0.9295774647887324,5.6783527847855275,9,146.0,0.13666715661122814,6,97.0,0.34814201062971734,2,10.0,0.6592135083780241,17,253.0
275.0,19,111.0,1.6818181818181819,5.025953771542824,9,151.0,0.13139540225590757,8,132.0,0.26317471991506575,2,20.0,0.4623703713406978,19,303.0
280.0,16,119.0,1.7,5.608768732727398,5,112.0,0.16344267840740348,11,184.0,0.3487458715051175,0,3.0,0.5532376381721414,16,299.0
285.0,13,95.0,1.4393939393939394,5.381484311230788,5,125.0,0.16763385630365676,7,183.0,0.29900602897834305,1,1.0,0.6328195983175492,13,309.0
290.0,17,81.0,1.208955223880597,4.478496276055338,10,169.0,0.1539899441088186,4,144.0,0.14268268296001016,3,14.0,0.45234698303248205,17,327.0
295.0,21,129.0,2.0476190476190474,4.022611911181113,12,225.0,0.21156374692852228,5,162.0,0.23489064730097511,4,29.0,0.4524466034242511,21,416.0
300.0,26,239.0,3.9833333333333334,4.082283080370689,16,295.0,0.13191280556095547,6,187.0,0.08766726676318842,4,48.0,0.5987543138730761,26,530.0
305.0,29,265.0,3.955223880597015,2.9904847606166096,14,308.0,0.09033557291887559,10,228.0,0.06269437811240483,5,69.0,0.31363890820929596,29,605.0
310.0,26,240.0,3.6363636363636362,3.7700996759722134,10,255.0,0.15602806317077178,7,220.0,0.3619345194046923,9,106.0,0.20739430129118303,26,581.0
315.0,20,134.0,1.763157894736842,4.979757698591993,11,203.0,0.1829307936525728,4,164.0,0.37089190290966717,5,108.0,0.31820837398800256,20,475.0
320.0,19,89.0,1.1265822784810127,5.732167772462496,12,244.0,0.22102672026428036,6,119.0,0.30949657469622305,1,51.0,0.6080333626083682,19,414.0
325.0,29,142.0,1.6705882352941177,5.706859913759311,14,304.0,0.10081960166502923,10,87.0,0.34527076692305664,5,20.0,0.5411751432659516,29,411.0
330.0,23,147.0,1.75,5.7531467972012615,11,364.0,0.17402892643171783,9,111.0,0.3456436967091979,3,28.0,0.6837612096976705,23,503.0
335.0,18,67.0,0.8072289156626506,4.4592393868954705,6,360.0,0.15538336523833532,9,109.0,0.24666626148192053,3,11.0,0.3823615841359534,18,480.0
340.0,23,111.0,1.247191011235955,5.00557209960861,8,310.0,0.16539837557501244,10,115.0,0.2604842497956558,5,20.0,0.2031124854713634,23,445.0
345.0,29,220.0,2.6506024096385543,5.640929360333977,6,257.0,0.21096879782263403,15,167.0,0.3232581479283674,8,56.0,0.3242166556787816,29,480.0
350.0,29,240.0,2.926829268292683,4.099480401005188,7,215.0,0.14718033966146218,14,187.0,0.20956702881391603,8,96.0,0.22865054399077114,29,498.0
355.0,24,190.0,2.4675324675324677,4.2575938115206995,3,211.0,0.34180021886232254,11,147.0,0.1747277118271047,10,139.0,0.3242838459680857,24,497.0
360.0,19,131.0,1.6794871794871795,5.151774743061829,4,219.0,0.3856742597983679,11,148.0,0.20351902067186955,4,130.0,0.3916971608917716,19,497.0
365.0,15,72.0,0.8470588235294118,5.639548292119469,6,245.0,0.38703078622119624,7,163.0,0.25619508376986944,2,56.0,0.4913301670752575,15,464.0
370.0,16,72.0,0.8275862068965517,5.151410080872176,7,246.0,0.2517071426898964,7,149.0,0.3154626610709665,2,52.0,0.4081913448386427,16,447.0
375.0,22,76.0,0.8260869565217391,4.582725542704097,7,213.0,0.1704226230635437,7,140.0,0.2423189213908766,8,79.0,0.16523940270362783,22,432.0
380.0,25,92.0,1.0454545454545454,4.9926118188988085,7,161.0,0.26642235537285924,11,114.0,0.2269776839099021,7,83.0,0.37524738597357943,25,358.0
385.0,23,100.0,1.0526315789473684,5.220790435351734,5,166.0,0.31095381853393683,14,145.0,0.2412797923611722,4,44.0,0.4124822818218501,23,355.0
390.0,21,102.0,1.0625,5.175297100663422,6,187.0,0.33069210099776003,14,180.0,0.2031852690455243,1,33.0,0.43011088708954476,21,400.0
395.0,21,88.0,0.9361702127659575,5.325905824617595,3,175.0,0.27906581957251897,12,192.0,0.2459296946464108,6,54.0,0.251592316250931,21,421.0
400.0,14,43.0,0.4725274725274725,4.609257596118051,3,133.0,0.24643562871445845,6,189.0,0.21925951794521814,5,60.0,0.18988261205962306,14,382.0
405.0,18,44.0,0.5057471264367817,5.075389574707951,4,135.0,0.2688677880851913,11,203.0,0.23967841321234112,3,34.0,0.5037836161967727,18,372.0
410.0,22,111.0,1.15625,5.467245474449125,6,157.0,0.24199483690829873,15,234.0,0.25543894291172514,1,14.0,0.49541589933783475,22,405.0
415.0,23,147.0,1.5473684210526315,5.147980723663125,9,196.0,0.2422744898374209,13,257.0,0.23313908526567836,1,13.0,0.622526698439206,23,466.0
420.0,33,197.0,2.188888888888889,3.6703697198670686,14,257.0,0.08721875139802779,14,239.0,0.12751830751259963,5,29.0,0.2845029968321945,33,525.0
425.0,28,140.0,1.5555555555555556,2.918564429289963,14,270.0,0.10039947989186944,8,269.0,0.11018597602311599,6,37.0,0.16406346461568702,28,576.0
430.0,21,103.0,1.197674418604651,4.375767683060274,8,227.0,0.20105337950566315,10,284.0,0.22052592106897306,3,36.0,0.44163591517879297,21,547.0
435.0,27,106.0,1.1157894736842104,4.382715738483192,11,276.0,0.1579168757971356,14,285.0,0.22086661109978298,2,21.0,0.4748739578383207,27,582.0
440.0,31,146.0,1.5368421052631578,5.399303668568688,16,347.0,0.1610239350289934,13,238.0,0.1793308442530082,2,19.0,0.6694568743115985,31,604.0
445.0,41,251.0,2.7888888888888888,4.054526322344912,21,437.0,0.038708572062606805,13,215.0,0.17178135559112456,7,26.0,0.40565763571172053,41,678.0
450.0,31,310.0,3.6470588235294117,4.912125498456832,13,461.0,0.11435559547053362,14,223.0,0.28268516793214465,4,46.0,0.35413169041530085,31,730.0
455.0,22,274.0,3.3012048192771086,5.342815116303694,6,373.0,0.1481063541217487,15,280.0,0.311375924756417,1,19.0,0.3942913673782117,22,672.0
460.0,23,346.0,4.325,6.388492412061032,8,294.0,0.16753238444922938,14,345.0,0.36780146285228815,1,6.0,0.5531289298742282,23,645.0
465.0,19,233.0,3.191780821917808,5.903145357685083,8,271.0,0.23995481505551283,11,338.0,0.23775724971191572,0,0.0,0.7732445650693801,19,609.0
470.0,13,34.0,0.4788732394366197,5.199197651828714,4,251.0,0.31510197647822147,6,251.0,0.3276193979379961,3,4.0,0.4452254432380545,13,506.0
475.0,12,39.0,0.527027027027027,7.0744435101798375,4,276.0,0.43457302022532707,7,115.0,0.38450005772409973,1,2.0,0.7344494647926911,12,393.0
480.0,10,35.0,0.4861111111111111,6.4930675004769824,6,296.0,0.37201141899043777,3,115.0,0.3272784046645977,1,4.0,0.7824909444282289,10,415.0
485.0,21,111.0,1.4050632911392404,4.908531223447261,12,340.0,0.20616805365784177,8,136.0,0.27970954522035507,1,9.0,0.4242428362527152,21,485.0
490.0,25,161.0,2.1184210526315788,4.0967601122275,10,350.0,0.15422700283356067,14,195.0,0.17195216170990496,1,10.0,0.37115965798026407,25,555.0
495.0,27,142.0,1.775,4.278153704165563,10,312.0,0.15464695408128937,15,214.0,0.22753754440563853,2,7.0,0.38515621252958426,27,533.0
500.0,21,118.0,1.4216867469879517,6.370420905605821,10,267.0,0.23181459603650503,9,176.0,0.40859632015516345,2,16.0,0.6362087293785138,21,459.0
505.0,20,84.0,0.9230769230769231,5.4548630487789715,10,247.0,0.24270352007427154,5,168.0,0.3256664835879815,5,26.0,0.41172339156517535,20,441.0
510.0,18,94.0,1.0444444444444445,6.122801067708164,10,212.0,0.36085352616747496,8,171.0,0.2565854593724454,0,8.0,0.7447854073290437,18,391.0
515.0,19,109.0,1.3132530120481927,4.803840478245719,5,173.0,0.3644905954402674,12,179.0,0.1484582194648557,2,5.0,0.48798014070470885,19,357.0
520.0,19,141.0,1.6987951807228916,4.623055804169044,6,190.0,0.4515228641623374,12,164.0,0.1640747063003584,1,5.0,0.39411044033341275,19,359.0
525.0,14,96.0,1.1162790697674418,5.933505296967429,3,156.0,0.4650828770347379,11,148.0,0.2543336626967533,0,2.0,0.800797407572794,14,306.0
530.0,22,179.0,1.8645833333333333,5.946963715068185,5,131.0,0.4379891633951206,16,175.0,0.22795270244186705,1,3.0,0.6571438511565496,22,309.0
535.0,31,300.0,3.061224489795918,5.621138653861553,11,163.0,0.32658386192250805,18,241.0,0.20223075507680477,2,3.0,0.6283639629396862,31,407.0
540.0,32,268.0,2.9130434782608696,3.9490728100535875,10,179.0,0.1748392597283003,18,288.0,0.1545609257401811,4,17.0,0.4193283362033833,32,484.0
545.0,26,152.0,1.6521739130434783,4.116437035703698,9,167.0,0.18752416572768466,14,235.0,0.20262078006976947,3,27.0,0.2864025269855701,26,429.0
550.0,13,60.0,0.6521739130434783,5.515088715910456,8,146.0,0.25396804060879724,4,262.0,0.30145111114254,1,19.0,0.42402350466513,13,427.0
555.0,21,64.0,0.6808510638297872,4.824206761451971,6,155.0,0.28289654601307407,12,277.0,0.2347676806607364,3,30.0,0.3791395513713991,21,462.0
560.0,26,92.0,0.9484536082474226,4.949750560150497,9,193.0,0.2833566936185755,11,274.0,0.20162574712756312,6,53.0,0.38593359338535727,26,520.0
565.0,21,60.0,0.6382978723404256,3.5667598935607225,6,193.0,0.201563398481308,8,209.0,0.14780605508122102,7,57.0,0.189676047899392,21,459.0
570.0,21,83.0,0.9021739130434783,5.208481734219241,5,155.0,0.2634888893350229,11,158.0,0.2574857647618705,5,58.0,0.3241186987458058,21,371.0
575.0,23,131.0,1.4555555555555555,5.423663695367254,6,170.0,0.1731438867977695,15,168.0,0.32430307378719203,2,47.0,0.37360061255255833,23,385.0
580.0,24,160.0,1.7391304347826086,4.501091193347062,8,207.0,0.13031935708324022,11,194.0,0.15069200891739468,5,64.0,0.24492984081182728,24,465.0
585.0,30,162.0,1.9285714285714286,4.034725463631685,6,203.0,0.2370362030229322,15,193.0,0.15552377581143334,9,101.0,0.33829980855658964,30,497.0
590.0,30,208.0,2.3636363636363638,4.777038147395956,4,127.0,0.29576275234301963,14,191.0,0.2720131854268283,12,156.0,0.3055731584558291,30,474.0
595.0,30,292.0,3.208791208791209,4.55156642432346,5,98.0,0.39745624241101823,11,214.0,0.22947465282897234,14,217.0,0.29214457146184136,30,529.0
600.0,29,292.0,3.0416666666666665,3.6930893354139926,2,93.0,0.27470234753579537,17,244.0,0.18666912463961616,10,225.0,0.2307041531687308,29,562.0
605.0,33,224.0,2.196078431372549,3.842708710713872,7,120.0,0.16219082607870883,17,281.0,0.21207575270557333,9,182.0,0.2455849257123911,33,583.0
610.0,33,194.0,1.9595959595959596,4.784720443504387,13,172.0,0.17113851100640082,12,268.0,0.27824533020758946,8,131.0,0.28146388095318164,33,571.0
615.0,20,125.0,1.2626262626262625,5.047707844737441,10,193.0,0.13478307009427762,6,218.0,0.32534366557941236,4,137.0,0.2651383495397002,20,548.0
620.0,24,137.0,1.4574468085106382,5.961551834516883,6,149.0,0.22312783620669793,11,202.0,0.32920123002860924,7,161.0,0.32461791727574985,24,512.0
625.0,23,115.0,1.2637362637362637,4.441990117520523,7,87.0,0.12296137106184048,10,219.0,0.26083091541096803,6,154.0,0.15284867981360795,23,460.0
630.0,22,91.0,1.0459770114942528,5.392092282642427,6,92.0,0.33181571556840167,12,209.0,0.2922343048022131,4,102.0,0.3615547173883148,22,403.0
635.0,16,61.0,0.6777777777777778,5.694768402845314,4,88.0,0.37733855201249156,9,204.0,0.2720273192922961,3,108.0,0.4407675107530263,16,400.0
640.0,16,77.0,0.8279569892473119,6.238196544115528,3,107.0,0.34539547595846576,9,179.0,0.3024338676658392,4,87.0,0.3593457006309596,16,373.0
645.0,19,128.0,1.471264367816092,5.9815099876364926,4,110.0,0.3092023365797021,10,218.0,0.25782516430356395,5,86.0,0.49356255906137847,19,414.0
650.0,15,60.0,0.6741573033707865,4.9627910382289855,5,102.0,0.21208869673107356,10,223.0,0.21750884746881258,0,45.0,0.3593775410806581,15,370.0
655.0,14,51.0,0.5862068965517241,5.484144814131059,0,92.0,0.342089871226606,9,199.0,0.1798171388202699,5,36.0,0.4478837460580938,14,327.0
660.0,15,34.0,0.40476190476190477,5.375521016402989,4,103.0,0.3009334319733989,8,193.0,0.19574641201028734,3,32.0,0.47608608967899285,15,328.0
665.0,15,47.0,0.5465116279069767,5.602732435652538,3,101.0,0.27498999360562487,10,216.0,0.2662091182509693,2,17.0,0.46431996629473704,15,334.0
670.0,11,44.0,0.5365853658536586,6.113305936961628,3,79.0,0.31598144633032976,6,220.0,0.31036120841933856,2,20.0,0.5712352455672702,11,319.0
675.0,10,21.0,0.24705882352941178,4.749247723315756,2,50.0,0.27450354216144257,6,173.0,0.21278587465208573,2,7.0,0.378003610210509,10,230.0
680.0,17,81.0,0.9204545454545454,5.943843466756904,2,52.0,0.406598362550361,9,136.0,0.2512910867688512,6,24.0,0.5208628751322557,17,212.0
685.0,17,104.0,1.1555555555555554,5.032876862460297,4,44.0,0.36644935471969764,11,139.0,0.18405593165043568,2,24.0,0.5083110907537735,17,207.0
690.0,24,191.0,2.0760869565217392,5.09003477805096,7,66.0,0.31878636461049087,15,182.0,0.24197014682866738,2,18.0,0.5222201236234613,24,266.0
695.0,28,271.0,2.882978723404255,4.403367001983821,8,80.0,0.21212065083695086,18,249.0,0.2513261194631983,2,12.0,0.43067853382713867,28,341.0
700.0,30,228.0,2.28,4.3491902488366465,7,74.0,0.19065505052162943,17,287.0,0.2723773717658402,6,36.0,0.2804416928921786,30,397.0
705.0,27,178.0,1.816326530612245,4.841510442692297,5,60.0,0.2745582773981619,12,261.0,0.24167630766458678,10,76.0,0.2442598914790061,27,397.0
710.0,24,155.0,1.5656565656565657,3.798201603631013,5,61.0,0.16048160780220214,5,263.0,0.21220394431094985,14,138.0,0.11390730057000033,24,462.0
715.0,34,178.0,1.8936170212765957,3.68413678225317,11,100.0,0.26275947578920467,9,286.0,0.11640201670327113,14,171.0,0.23307656796407464,34,557.0
720.0,30,193.0,2.0531914893617023,3.4368339557263172,10,145.0,0.21075382338216014,10,277.0,0.1298327798897286,10,164.0,0.22047260294869114,30,586.0
725.0,31,218.0,2.2244897959183674,3.938967155098773,15,207.0,0.17389275051622077,8,206.0,0.18903416485204852,8,187.0,0.21296170053495003,31,600.0
730.0,35,307.0,3.231578947368421,4.203275394278692,19,293.0,0.09550002852417204,7,154.0,0.2532099764772775,9,231.0,0.18260164266066897,35,678.0
735.0,41,405.0,4.175257731958763,3.4458672370124726,24,404.0,0.08314304805143338,11,180.0,0.23742114962044433,6,234.0,0.18355513172397475,41,818.0
740.0,36,346.0,3.760869565217391,3.4627297521338933,22,455.0,0.16053256666738322,12,203.0,0.18983269942559738,2,197.0,0.34595988362339436,36,855.0
745.0,38,302.0,3.02,3.7930207278209194,19,424.0,0.1455750110793974,14,225.0,0.29890023929091364,5,189.0,0.23371567873897744,38,838.0
750.0,37,313.0,3.0096153846153846,4.366541130565219,16,376.0,0.19982941915736174,13,241.0,0.28050000878118175,8,216.0,0.1927196194432791,37,833.0
755.0,29,201.0,1.99009900990099,4.116627068552001,11,423.0,0.1725021741280469,12,192.0,0.2213362325265972,6,215.0,0.17074369912277848,29,830.0
760.0,25,147.0,1.4848484848484849,4.817529777380914,11,477.0,0.13000147353054956,9,178.0,0.2507302467170541,5,175.0,0.22994959441153975,25,830.0
765.0,25,136.0,1.4945054945054945,5.753432969359971,5,474.0,0.224952531396967,16,194.0,0.33654850990183216,4,123.0,0.31427595285137205,25,791.0
770.0,18,101.0,1.1222222222222222,5.0703853131913625,4,411.0,0.19411254661470778,12,211.0,0.2797336971949736,2,121.0,0.3093211943474131,18,743.0
775.0,19,91.0,1.0224719101123596,5.3315160448122985,4,343.0,0.307372354134545,10,194.0,0.23487971603746896,5,139.0,0.3973535553338972,19,676.0
780.0,16,99.0,1.125,4.832047551694668,5,301.0,0.33135180450913954,8,159.0,0.28875186489956994,3,130.0,0.27149979401194574,16,590.0
785.0,20,158.0,1.6808510638297873,5.233172348899918,4,236.0,0.44024606615820516,11,183.0,0.3195593548071454,5,93.0,0.2652592727254196,20,512.0
790.0,15,135.0,1.3917525773195876,5.122198322532489,4,205.0,0.44733088005718175,9,177.0,0.26816108918199894,2,50.0,0.2727097007135801,15,432.0
795.0,18,142.0,1.3396226415094339,5.6650082710250285,6,189.0,0.41243816626227886,8,134.0,0.25081410501078755,4,54.0,0.320115629520138,18,377.0
800.0,17,182.0,1.75,6.072913850423681,6,198.0,0.41199308111161076,7,150.0,0.23330603968741934,4,60.0,0.4377459090713504,17,408.0
805.0,24,124.0,1.169811320754717,5.187083728338852,5,158.0,0.28528862489354795,12,168.0,0.2095950470764763,7,77.0,0.394880704134584,24,403.0
810.0,24,176.0,1.6761904761904762,5.553913575345987,7,114.0,0.3419328496365305,11,173.0,0.15134518182438075,6,106.0,0.4838086981609915,24,393.0
815.0,18,66.0,0.6875,5.235490371175982,5,108.0,0.2151490340487575,11,161.0,0.1622951995437436,2,66.0,0.40015249221347604,18,335.0
820.0,15,48.0,0.5454545454545454,4.936672161980471,5,73.0,0.14581519349144403,5,177.0,0.2297606982169456,5,24.0,0.2810022746498256,15,274.0
825.0,18,70.0,0.8333333333333334,5.170748719132859,4,50.0,0.43580488548700863,9,182.0,0.1908437064003859,5,41.0,0.38061145050920453,18,273.0
830.0,23,106.0,1.1910112359550562,4.502181873612461,1,36.0,0.4582055825588596,16,230.0,0.13961448054769698,6,45.0,0.3540501844050829,23,311.0
835.0,21,112.0,1.2727272727272727,5.213550719459227,5,52.0,0.4456662803002453,15,259.0,0.1432265098793459,1,34.0,0.5239541581230487,21,345.0
840.0,26,135.0,1.5340909090909092,5.0668599745381036,9,85.0,0.1714806037956791,13,241.0,0.20344248678789517,4,42.0,0.4018194982329043,26,368.0
845.0,24,137.0,1.611764705882353,4.221826103264401,14,142.0,0.1363668107601091,6,252.0,0.1751778537668334,4,50.0,0.36437330425051306,24,444.0
850.0,32,233.0,2.876543209876543,4.0391736158099585,17,225.0,0.24595251678878546,12,281.0,0.15941507896544332,3,40.0,0.47681181114451804,32,546.0
855.0,32,321.0,3.5274725274725274,3.839922507819993,20,316.0,0.15655525631635317,11,282.0,0.18459752462835696,1,46.0,0.4146108602069931,32,644.0
860.0,36,434.0,4.717391304347826,4.018795534174212,21,416.0,0.1304135521342532,10,239.0,0.23554641624612244,5,64.0,0.31720594654689005,36,719.0
865.0,41,426.0,4.630434782608695,3.392752125629075,22,457.0,0.06936105141282015,8,172.0,0.18335629417567567,11,102.0,0.1687332734942528,41,731.0
870.0,34,292.0,3.2444444444444445,3.8375231435720343,15,419.0,0.15824734358146852,11,199.0,0.24342975307187803,8,115.0,0.20347396407095736,34,733.0
875.0,27,222.0,2.522727272727273,5.053789669554758,12,332.0,0.2443121226880545,11,217.0,0.3154809781857056,4,97.0,0.3759166482380659,27,646.0
880.0,22,106.0,1.0816326530612246,4.4555329756005255,9,363.0,0.2556428291079874,10,223.0,0.2383376163029712,3,110.0,0.28692886273695317,22,696.0
885.0,24,119.0,1.1782178217821782,5.14536153169265,10,413.0,0.2827518454469374,7,187.0,0.21572932687724602,7,138.0,0.2543603189348327,24,738.0
890.0,29,161.0,1.7311827956989247,3.9436792717311926,8,400.0,0.1305522428612995,8,160.0,0.21710594306265715,13,188.0,0.11899919055166515,29,748.0
895.0,29,192.0,2.2588235294117647,4.794306320441993,4,343.0,0.25672787080602366,14,209.0,0.27926349866682837,11,204.0,0.18541036637178268,29,756.0
900.0,19,128.0,1.5058823529411764,4.383921343293027,4,343.0,0.16204564885891354,11,232.0,0.21825129761559686,4,157.0,0.2782023087399872,19,732.0
905.0,21,112.0,1.2727272727272727,5.45529608713078,5,364.0,0.21760744395886428,14,217.0,0.2583089990232127,2,90.0,0.4879255136529371,21,671.0
910.0,15,84.0,0.9438202247191011,5.829065251936762,5,341.0,0.2570054911586552,8,259.0,0.33237326052860944,2,62.0,0.6124555863029075,15,662.0
915.0,12,29.0,0.30851063829787234,5.376719259493091,4,280.0,0.1924155440894537,7,266.0,0.3362022333564481,1,28.0,0.4608440170096982,12,574.0
920.0,21,98.0,1.053763440860215,5.484555845034745,3,292.0,0.22114520228543388,13,308.0,0.21719162007149234,5,44.0,0.344386531035997,21,644.0
925.0,27,114.0,1.3103448275862069,3.4645105195589445,8,318.0,0.07898980356108194,15,326.0,0.08154528935723972,4,43.0,0.1646093050937021,27,687.0
930.0,24,133.0,1.6625,4.021907006414773,9,360.0,0.16571290636902483,13,299.0,0.15977416340820952,2,29.0,0.53802505949784,24,688.0
935.0,22,145.0,1.7682926829268293,4.938024561647926,8,346.0,0.2619226483874033,12,251.0,0.28473160240087536,2,24.0,0.5587447185765695,22,621.0
940.0,25,172.0,1.8695652173913044,5.7699929878080205,8,290.0,0.32443724221855064,12,247.0,0.33092612495040974,5,42.0,0.48095847160881866,25,579.0
945.0,28,257.0,2.8555555555555556,4.915910468314583,7,315.0,0.30884721484214944,14,242.0,0.19989202804954856,7,72.0,0.4811902211899689,28,629.0
950.0,41,411.0,4.1938775510204085,3.640704199646637,11,366.0,0.1732461020429902,19,290.0,0.1815885472168738,11,118.0,0.2807430272067818,41,774.0
955.0,45,351.0,3.65625,2.6233239173329355,18,443.0,0.1147578112746046,18,321.0,0.096351787413982,9,124.0,0.2518906342003681,45,888.0
960.0,31,217.0,2.3846153846153846,3.1564152382187234,14,463.0,0.08001733543234368,12,286.0,0.18256126170689382,5,89.0,0.24248435554501338,31,838.0
965.0,22,111.0,1.168421052631579,5.464528543463975,10,406.0,0.143280596107367,5,233.0,0.4322888533304777,7,80.0,0.32113713083187045,22,719.0
970.0,12,101.0,1.086021505376344,6.692656904460032,6,308.0,0.20983989550154478,5,176.0,0.5847296774241976,1,85.0,0.34689908553685417,12,569.0
975.0,15,59.0,0.6276595744680851,5.425749907955516,6,309.0,0.16416516710024048,4,161.0,0.353975905143975,5,102.0,0.28355862167203544,15,572.0
980.0,23,73.0,0.8690476190476191,5.053911797878082,12,348.0,0.23322487216514076,7,141.0,0.26031415099432864,4,105.0,0.3827514119968915,23,594.0
985.0,15,41.0,0.4939759036144578,4.422168652541856,6,336.0,0.23523109606741294,4,120.0,0.2844143033296638,5,81.0,0.31561442334491996,15,537.0
990.0,12,38.0,0.4367816091954023,5.882336651989164,5,260.0,0.30184359602340655,7,71.0,0.35617108966927763,0,77.0,0.3513861455524103,12,408.0
995.0,16,78.0,0.8863636363636364,6.503398218185674,3,216.0,0.24665636754982803,9,81.0,0.38910531098486273,4,91.0,0.31421132276852215,16,388.0
1000.0,25,114.0,1.3411764705882352,4.366960092009509,8,241.0,0.1391904556887638,9,84.0,0.2112696011890293,8,124.0,0.17420909500621448,25,449.0
1005.0,27,144.0,1.87012987012987,3.505649260040423,11,291.0,0.22452133043627098,9,81.0,0.1330909454258598,7,133.0,0.3449863422834194,27,505.0
1010.0,23,173.0,2.0595238095238093,4.198255217859567,14,353.0,0.18786731587128147,6,101.0,0.2925424068858973,3,112.0,0.3383825640566268,23,566.0
1015.0,19,133.0,1.5113636363636365,5.064919785044496,11,355.0,0.1915593136440634,6,100.0,0.32873898454627276,2,99.0,0.4021494035826823,19,554.0
1020.0,22,146.0,1.6781609195402298,6.038566231244132,8,264.0,0.15235461044327622,10,129.0,0.4125485639401741,4,113.0,0.2913393956697617,22,506.0
1025.0,30,231.0,2.7176470588235295,5.319371286949453,10,228.0,0.18032327586127683,12,186.0,0.2624506520412546,8,146.0,0.20964330058773625,30,560.0
1030.0,32,278.0,3.475,4.219731867507681,9,263.0,0.1735370369628273,16,257.0,0.16572424826955476,7,149.0,0.23749709704539723,32,669.0
1035.0,31,225.0,2.8125,4.249612121737501,12,318.0,0.13285869837222683,15,276.0,0.21953335693695644,4,107.0,0.29318281667699786,31,701.0
1040.0,22,158.0,2.0256410256410255,5.896032272724986,11,373.0,0.2538167754881986,9,222.0,0.351933874548673,2,59.0,0.6275258004554753,22,654.0
1045.0,23,113.0,1.3452380952380953,5.593720894085257,9,358.0,0.2504040187929172,8,145.0,0.3535974950849754,6,43.0,0.5060890844939259,23,546.0
1050.0,13,43.0,0.4942528735632184,6.034030226009539,7,277.0,0.33377606895157624,5,151.0,0.3486561016796402,1,17.0,0.5453379719629495,13,445.0
1055.0,17,71.0,0.797752808988764,6.191445296262694,6,241.0,0.26820926344627466,6,153.0,0.2912941537781452,5,25.0,0.5006730430772376,17,419.0
1060.0,22,84.0,0.9130434782608695,4.97624058467003,9,205.0,0.19045245905594108,10,152.0,0.23576513584055625,3,23.0,0.23717163432509952,22,380.0
1065.0,17,69.0,0.8023255813953488,5.473630940589011,5,207.0,0.3548540217516176,11,137.0,0.20500592038321303,1,13.0,0.5892951246352178,17,357.0
1070.0,21,127.0,1.3804347826086956,5.644056311019222,4,217.0,0.34429618780490695,15,151.0,0.17299975006839413,2,14.0,0.5821745201473214,21,382.0
1075.0,27,222.0,2.466666666666667,5.8653012344880215,6,240.0,0.39655432355366277,18,204.0,0.20025029862423527,3,9.0,0.6874160067579728,27,453.0
1080.0,29,215.0,2.5,4.479155720481865,7,236.0,0.24852718223115153,18,251.0,0.1483145003003028,4,17.0,0.4684637032719152,29,504.0
1085.0,24,119.0,1.3222222222222222,4.74625167722488,8,219.0,0.2280284505656473,15,261.0,0.1890638250913256,1,13.0,0.33333699066855027,24,493.0
1090.0,13,43.0,0.5119047619047619,4.766082243101914,6,240.0,0.18198229851870218,7,300.0,0.24618813625011396,0,3.0,0.4042664725177448,13,543.0
1095.0,20,78.0,0.8764044943820225,4.562628743889939,7,275.0,0.20597996989298223,11,311.0,0.2038469875978946,2,8.0,0.37155481831243115,20,594.0
1100.0,29,148.0,1.6263736263736264,4.683258492396157,5,272.0,0.26990958813877264,18,366.0,0.17609919679945615,6,29.0,0.4408505165231699,29,667.0
1105.0,35,233.0,2.588888888888889,3.8547502514630665,5,230.0,0.27111859414613515,22,456.0,0.20511465098243048,8,42.0,0.2971479355285257,35,728.0
1110.0,29,228.0,2.561797752808989,3.9095354291371502,4,251.0,0.21203485437643763,21,497.0,0.17721183838960997,4,46.0,0.3749815703762816,29,794.0
1115.0,25,182.0,2.0,4.530125525855727,9,281.0,0.07816321833303182,13,440.0,0.2364305744098404,3,45.0,0.33401605564706516,25,766.0
1120.0,16,80.0,0.8791208791208791,5.131972702486087,8,276.0,0.10445966744073504,4,391.0,0.28994854589400276,4,48.0,0.4034592906000738,16,715.0
1125.0,14,88.0,1.0476190476190477,6.1643512362291935,3,215.0,0.29291035642890206,7,389.0,0.3258609557154153,4,66.0,0.6244228963090688,14,670.0
1130.0,13,30.0,0.32967032967032966,4.923800691185221,4,197.0,0.22530686942847536,8,345.0,0.22844541141277377,1,31.0,0.41581382390579813,13,573.0
1135.0,20,69.0,0.7419354838709677,5.573903809234824,7,225.0,0.23325596613245808,9,253.0,0.22067147286825953,4,20.0,0.44012039440535106,20,498.0
1140.0,21,111.0,1.3214285714285714,4.437791591324629,5,200.0,0.10783443376864618,8,140.0,0.18468620466512997,8,53.0,0.1998017604922401,21,393.0
1145.0,18,126.0,1.6578947368421053,4.573347588941487,4,138.0,0.20612330806696846,5,148.0,0.29610829488633195,9,98.0,0.24021183543673882,18,384.0
1150.0,12,76.0,1.027027027027027,4.859868265132044,2,112.0,0.26809003346737853,6,128.0,0.25875365617735907,4,100.0,0.42320894091036404,12,340.0
1155.0,19,66.0,0.7857142857142857,5.08629461050016,8,143.0,0.20271039465742774,9,128.0,0.23726586574590813,2,63.0,0.46499527939704016,19,334.0
1160.0,21,131.0,1.5411764705882354,5.202943100790499,12,194.0,0.15611739483910675,7,99.0,0.2699107179799796,2,29.0,0.5893499145966161,21,322.0
1165.0,23,90.0,1.0227272727272727,3.8017880467289853,13,196.0,0.07892818129834021,6,95.0,0.2677594351819306,4,17.0,0.24286446866886668,23,308.0
1170.0,21,94.0,1.0930232558139534,5.057959880158224,8,157.0,0.26608280829425096,7,100.0,0.2689771847898371,6,40.0,0.44519248385413246,21,297.0
1175.0,18,57.0,0.6404494382022472,4.435904176991922,8,153.0,0.2468851899272081,9,106.0,0.16596121037687248,1,33.0,0.5493807461358641,18,292.0
1180.0,27,92.0,1.010989010989011,5.197233511257584,12,203.0,0.15697078435252007,13,106.0,0.2789246624289304,2,13.0,0.5524052947026188,27,322.0
1185.0,12,36.0,0.4235294117647059,4.78361669512677,9,210.0,0.14005505080853187,3,112.0,0.23574886816186988,0,2.0,0.5393013445676031,12,324.0
1190.0,17,55.0,0.6547619047619048,4.730840302145043,3,175.0,0.21511299820301527,8,111.0,0.28731025043837627,6,22.0,0.34052505545491113,17,308.0
1195.0,17,46.0,0.5411764705882353,4.568367658255033,3,164.0,0.27621845503562026,12,128.0,0.18124405862485332,2,27.0,0.5361491075054995,17,319.0
1200.0,20,72.0,0.8470588235294118,4.759750045760967,9,193.0,0.0975863174729118,11,134.0,0.2515448469664722,0,2.0,0.5155290982260269,20,329.0
1205.0,22,157.0,1.8470588235294119,5.1647318358128995,13,247.0,0.09353262081035425,7,131.0,0.2817270680039278,2,7.0,0.562760198471801,22,385.0
1210.0,28,283.0,3.5375,5.601916375031846,17,323.0,0.12729119119810992,9,134.0,0.3914030630697083,2,17.0,0.5283995155222692,28,474.0
1215.0,31,408.0,5.230769230769231,4.920630672477183,20,415.0,0.06728778402102215,11,162.0,0.2644796724536371,0,1.0,0.5167536409312666,31,578.0
1220.0,34,436.0,6.140845070422535,3.811973818629781,24,527.0,0.09313786881751919,8,158.0,0.12057929753179991,2,6.0,0.4920891871083151,34,691.0
1225.0,29,332.0,4.676056338028169,2.9568302016587755,24,561.0,0.09285449525970854,4,88.0,0.2653792779345609,1,9.0,0.3828106293240357,29,658.0
1230.0,21,199.0,2.689189189189189,5.118341944167632,17,504.0,0.21901377327356047,2,86.0,0.43803116389453434,2,12.0,0.6156862193857557,21,602.0
1235.0,27,233.0,2.949367088607595,6.302033184686439,16,400.0,0.19935017170105038,9,104.0,0.4570873388453966,2,22.0,0.6048741670221612,27,526.0
1240.0,19,186.0,2.268292682926829,6.02530882825464,10,413.0,0.19453605964948423,9,144.0,0.41944470513401527,0,3.0,0.4819835014378789,19,560.0
1245.0,25,141.0,1.7848101265822784,5.408107993530248,12,464.0,0.20064683523517973,9,136.0,0.21296689496277546,4,12.0,0.46504970927573075,25,612.0
1250.0,26,133.0,1.8472222222222223,4.072738088962091,13,520.0,0.17844943293564391,6,85.0,0.18556739236843764,7,39.0,0.34889603441911343,26,644.0
1255.0,16,92.0,1.295774647887324,4.875469557249268,8,514.0,0.280059101614986,6,56.0,0.31080025491536606,2,35.0,0.50571072486289,16,605.0
1260.0,11,31.0,0.4025974025974026,5.80580147765449,5,440.0,0.3310751986225785,6,65.0,0.30656823105769965,0,3.0,0.7823094859489991,11,508.0
1265.0,15,49.0,0.5697674418604651,6.187480197232246,6,459.0,0.2589192735654296,8,56.0,0.3705504858067791,1,2.0,0.6151486735747158,15,517.0
1270.0,18,110.0,1.264367816091954,6.253181372571361,9,497.0,0.13687893556599398,7,77.0,0.43120122104047537,2,12.0,0.6442456900154019,18,586.0
1275.0,16,51.0,0.6144578313253012,4.392734062335432,8,487.0,0.08844898695355032,7,85.0,0.20013459438958903,1,2.0,0.3501326563491181,16,574.0
1280.0,12,47.0,0.6103896103896104,5.573405007459504,2,411.0,0.28006724106720055,8,66.0,0.22585028000015028,2,12.0,0.5709500649538084,12,489.0
1285.0,13,52.0,0.6582278481012658,5.973657263999708,4,304.0,0.27658132237003585,6,67.0,0.3463780964794728,3,26.0,0.5128380435052146,13,397.0
1290.0,12,66.0,0.8148148148148148,5.878338290762313,1,308.0,0.31445348217067703,7,56.0,0.31630243668067826,4,45.0,0.46434905973488283,12,409.0
1295.0,12,34.0,0.425,5.04913208111802,6,325.0,0.14927877000038392,5,55.0,0.2557062727317621,1,25.0,0.44850335332736907,12,405.0
1300.0,13,41.0,0.5394736842105263,4.908723308154637,4,304.0,0.23546107919682682,7,55.0,0.23111614980933493,2,10.0,0.5320941896946378,13,369.0
1305.0,12,30.0,0.38961038961038963,6.173275325936128,1,231.0,0.37063671437186024,9,69.0,0.33567035388775096,2,5.0,0.6511158046670573,12,305.0
1310.0,10,41.0,0.47126436781609193,6.351873900384825,1,135.0,0.29332593351429986,6,74.0,0.3468339685242804,3,19.0,0.4127407454526792,10,228.0
1315.0,16,111.0,1.3373493975903614,6.474351864867413,2,62.0,0.3402972002727004,8,84.0,0.34549895244435463,6,43.0,0.32722692151068306,16,189.0
1320.0,19,119.0,1.5866666666666667,4.711032565876214,1,54.0,0.30068489209837623,10,102.0,0.22370331894080497,8,78.0,0.13599556055703502,19,234.0
1325.0,26,182.0,2.3333333333333335,4.5321629765465055,3,66.0,0.3352326400130598,13,102.0,0.17193781025514845,10,128.0,0.28470498526310933,26,296.0
1330.0,23,217.0,2.782051282051282,4.540529242594796,4,58.0,0.37900274610168794,8,112.0,0.1506178244235276,11,181.0,0.3995281050184841,23,351.0
1335.0,21,263.0,3.1686746987951806,4.477315316407219,4,39.0,0.3132510139821733,5,110.0,0.2641224651280131,12,237.0,0.22092639409003728,21,386.0
1340.0,20,143.0,1.7228915662650603,4.481147183618578,5,40.0,0.33229200652027097,5,92.0,0.27844338826868087,10,228.0,0.22327497036318938,20,360.0
1345.0,17,36.0,0.4090909090909091,4.3955782858573365,3,34.0,0.2634806478170377,9,93.0,0.23432715757602407,5,145.0,0.28261859845017084,17,272.0
1350.0,24,96.0,1.0434782608695652,5.079777356345601,5,47.0,0.28127445285407865,16,126.0,0.19674495034347034,3,124.0,0.4473767735168727,24,297.0
1355.0,30,158.0,1.7173913043478262,4.444132304438862,8,79.0,0.20095659805760402,14,167.0,0.21594528687901204,8,151.0,0.27822350767698856,30,397.0
1360.0,27,116.0,1.2473118279569892,3.6595320233115065,8,92.0,0.1774288031384429,11,169.0,0.15043846127288862,8,137.0,0.1734899187380575,27,398.0
1365.0,17,81.0,0.9310344827586207,5.298264995797855,4,86.0,0.21970262560598852,10,167.0,0.30293374006514995,3,81.0,0.3209210243952323,17,334.0
1370.0,23,139.0,1.5274725274725274,5.594247263902534,7,76.0,0.1409293426527345,14,180.0,0.35484767233747405,2,77.0,0.25248367335822697,23,333.0
1375.0,25,137.0,1.5568181818181819,4.705058204080297,6,96.0,0.2350494841788352,12,202.0,0.20925082360615932,7,101.0,0.23886236281567547,25,399.0
1380.0,28,123.0,1.5,3.738159443833514,8,132.0,0.22476215324301801,13,190.0,0.14820689414606236,7,108.0,0.21970391584734655,28,430.0
1385.0,15,63.0,0.7325581395348837,4.501486161515413,3,140.0,0.3186061046426466,9,224.0,0.2177324817640624,3,71.0,0.36371961302823946,15,435.0
1390.0,12,47.0,0.5280898876404494,6.106708986345182,2,120.0,0.31992777232079844,8,203.0,0.3286878550272009,2,42.0,0.502489806597793,12,365.0
1395.0,13,51.0,0.5257731958762887,5.110617383395862,3,127.0,0.16035346377024054,6,200.0,0.2947934378551431,4,31.0,0.4655705570048309,13,358.0
1400.0,23,119.0,1.2526315789473683,4.681773400147914,7,154.0,0.20111649999168651,12,183.0,0.21623518281212323,4,53.0,0.5609676152447134,23,390.0
1405.0,27,134.0,1.3267326732673268,3.5317931546558214,6,154.0,0.1521242611113112,13,225.0,0.17690978654664624,8,78.0,0.3538990210996295,27,457.0
1410.0,22,166.0,1.6435643564356435,4.664044733716569,4,124.0,0.24799914786934607,12,257.0,0.19703779242605926,6,108.0,0.452585108544264,22,489.0
1415.0,16,57.0,0.5876288659793815,3.4482346076556447,3,127.0,0.16065833603480634,13,287.0,0.14918377351836215,0,64.0,0.29579518768784124,16,478.0
1420.0,29,102.0,1.0303030303030303,3.746056311969126,8,150.0,0.16518646719446609,17,296.0,0.1112530455379917,4,15.0,0.4259549845803039,29,461.0
1425.0,29,170.0,1.7346938775510203,4.342483590642508,5,152.0,0.27914647004141885,20,303.0,0.1073271500987636,4,35.0,0.6459130714504593,29,490.0
1430.0,26,173.0,1.8020833333333333,4.077439933177629,4,114.0,0.271740192068607,16,354.0,0.19125904247721273,6,56.0,0.415014100793675,26,524.0
1435.0,28,172.0,1.7916666666666667,3.6537844334957814,5,132.0,0.22255801335813877,14,355.0,0.1550915369434633,9,90.0,0.2744709666592921,28,577.0
1440.0,27,137.0,1.4421052631578948,3.9684009857007427,9,167.0,0.07684505389874932,13,329.0,0.1671726529067194,5,84.0,0.2397119789260142,27,580.0
1445.0,28,195.0,2.119565217391304,4.826099008959033,9,180.0,0.11196338292236448,16,332.0,0.2351396825061008,3,34.0,0.4121587877260186,28,546.0
1450.0,25,255.0,2.9651162790697674,5.1493224997748674,4,145.0,0.20181350258666456,20,391.0,0.25956231743263686,1,27.0,0.3976487003947619,25,563.0
1455.0,31,371.0,4.215909090909091,4.724451383106598,5,91.0,0.15147031551607812,20,475.0,0.19779124316057953,6,47.0,0.2080912096536221,31,613.0
1460.0,36,485.0,5.843373493975903,4.42333187013214,5,83.0,0.27953512272276376,29,593.0,0.09094186436688752,2,50.0,0.4087154070754841,36,726.0
1465.0,34,430.0,5.119047619047619,3.9398509460245954,7,63.0,0.20887229077268932,24,636.0,0.13981577966314931,3,16.0,0.32734591049866146,34,715.0
1470.0,22,235.0,2.7976190476190474,5.011112715796095,1,52.0,0.41585420985632665,18,575.0,0.22487881672256055,3,23.0,0.4961844155676602,22,650.0
1475.0,26,204.0,2.3448275862068964,6.0276685173649165,5,64.0,0.4277654264930111,17,431.0,0.2006515775337733,4,42.0,0.6295074157056951,26,537.0
1480.0,25,191.0,2.098901098901099,4.853299728105589,8,98.0,0.3826664491471446,12,481.0,0.19647372636875277,5,63.0,0.4084531152626597,25,642.0
1485.0,33,251.0,2.758241758241758,4.06257506436404,12,145.0,0.2609910380270174,12,516.0,0.19226876636490248,9,96.0,0.29296327517204995,33,757.0
1490.0,35,284.0,2.9894736842105263,3.6949463409999046,15,212.0,0.12308935975184661,13,572.0,0.18851961468833722,7,92.0,0.14848776459591687,35,876.0
1495.0,40,357.0,3.797872340425532,3.981840498757514,22,304.0,0.09555272212134118,15,557.0,0.1832960673459607,3,49.0,0.35658301506497947,40,910.0
1500.0,40,456.0,5.066666666666666,4.09418157710218,24,419.0,0.08700105415728202,14,491.0,0.19199008194171033,2,31.0,0.5190947682460106,40,941.0
1505.0,40,545.0,5.561224489795919,3.8952467710282708,27,546.0,0.13411845040280657,11,539.0,0.19510562099699374,2,17.0,0.5219254080142159,40,1102.0
1510.0,37,528.0,5.28,4.202309364780415,22,607.0,0.11571334894555543,12,564.0,0.16106253323496436,3,28.0,0.5745336867344301,37,1199.0
1515.0,37,484.0,4.989690721649485,4.189862186033621,20,593.0,0.08472336410740175,15,611.0,0.19650737802882795,2,21.0,0.287778577998416,37,1225.0
1520.0,37,517.0,5.681318681318682,4.562167658349125,16,627.0,0.14329563468729847,21,705.0,0.1642077769990522,0,1.0,0.5774284190500661,37,1333.0
1525.0,43,469.0,5.153846153846154,3.9290222340965077,17,707.0,0.07064305136102038,21,712.0,0.15145154671113073,5,7.0,0.3178618738231118,43,1426.0
1530.0,31,291.0,3.383720930232558,4.079524274618922,8,711.0,0.2174385752337567,19,622.0,0.10425586996955924,4,26.0,0.5532616881749931,31,1359.0
1535.0,18,132.0,1.5903614457831325,4.4968372609869265,4,640.0,0.30763359263058027,14,619.0,0.1891787732273392,0,15.0,0.6023076079359093,18,1274.0
1540.0,16,59.0,0.6483516483516484,5.173711884033332,1,560.0,0.28514938697362524,13,661.0,0.23515115924823182,2,7.0,0.5918364974644253,16,1228.0
1545.0,17,46.0,0.5,4.116390442832664,3,564.0,0.2303208861457916,12,637.0,0.17860262575291833,2,6.0,0.43805519613362376,17,1207.0
1550.0,25,100.0,1.0416666666666667,3.832987387357274,7,595.0,0.1874695159421464,12,543.0,0.1376944781072698,6,31.0,0.3680029605315974,25,1169.0
1555.0,28,172.0,1.8494623655913978,4.107714334374149,11,643.0,0.2655592582019446,15,413.0,0.16059011081053456,2,32.0,0.5427945371638533,28,1088.0
1560.0,19,125.0,1.3157894736842106,4.202166160575834,8,629.0,0.23093465546562136,11,445.0,0.22506870275659552,0,8.0,0.6056503932628885,19,1082.0
1565.0,24,101.0,0.9805825242718447,4.713650112457316,8,545.0,0.2304379931722857,13,440.0,0.21589537603646686,3,8.0,0.4591773958213057,24,993.0
1570.0,28,147.0,1.4134615384615385,4.63155812822607,8,574.0,0.1597877366062198,13,461.0,0.18632904288443636,7,34.0,0.2978429362665578,28,1069.0
1575.0,37,231.0,2.2427184466019416,4.115535192276454,12,625.0,0.07117529394765441,20,520.0,0.15679263300198862,5,45.0,0.22902922857889996,37,1190.0
1580.0,39,269.0,2.9239130434782608,3.5031789048052926,16,697.0,0.0999760570520011,23,538.0,0.1370651229185149,0,16.0,0.5421589017526269,39,1251.0
1585.0,38,217.0,2.358695652173913,3.3570721478273633,14,695.0,0.14092440179405472,19,473.0,0.17621318931898658,5,23.0,0.4056757956592508,38,1191.0
1590.0,26,143.0,1.4742268041237114,4.431247978360319,8,538.0,0.26171366561928433,14,505.0,0.1879065995611744,4,43.0,0.5211887540805085,26,1086.0
1595.0,16,68.0,0.7010309278350515,4.038369087276464,7,559.0,0.20088896037451315,9,496.0,0.1657857191861594,0,34.0,0.46572475160197097,16,1089.0
1600.0,29,141.0,1.41,4.435942450672986,12,611.0,0.11192993233168987,15,547.0,0.21919717060516206,2,7.0,0.39407010127831693,29,1165.0
1605.0,32,226.0,2.404255319148936,4.651175239691764,9,589.0,0.15407056790101464,21,635.0,0.19279031875312566,2,15.0,0.577441124701846,32,1239.0
1610.0,27,198.0,2.129032258064516,4.1299601717083645,5,481.0,0.18193035708094227,22,636.0,0.11938174053827684,0,0.0,0.4105873698275481,27,1117.0
1615.0,26,145.0,1.6111111111111112,4.688676283572481,3,421.0,0.30147577045059104,22,568.0,0.1032882755034538,1,5.0,0.7172245661882638,26,994.0
1620.0,25,132.0,1.5,4.221488448358409,6,440.0,0.2151358697491113,19,658.0,0.15138658016224082,0,3.0,0.5348360233261791,25,1101.0
1625.0,26,164.0,1.8021978021978022,4.538911227028172,9,477.0,0.17925898225653894,15,725.0,0.2000076001180571,2,9.0,0.582240222373795,26,1211.0
1630.0,25,180.0,2.0454545454545454,3.5118747836560016,13,533.0,0.12762931779500772,12,705.0,0.1663881166488673,0,0.0,0.6578386658764384,25,1238.0
1635.0,29,137.0,1.4731182795698925,3.36411598263262,14,512.0,0.1593791893433232,13,594.0,0.13874349454793822,2,6.0,0.5682827026754236,29,1112.0
1640.0,24,114.0,1.2,4.142058975963827,12,406.0,0.23844284027254098,10,638.0,0.1689022314992782,2,16.0,0.6327404683647223,24,1060.0
1645.0,27,123.0,1.1941747572815533,3.755743442829129,12,325.0,0.14515793035687952,11,664.0,0.16864847445786382,4,12.0,0.3603169414937201,27,1001.0
1650.0,29,170.0,1.683168316831683,4.478301357288268,10,351.0,0.1505717925031501,17,730.0,0.19521331235777079,2,11.0,0.5686434581550025,29,1092.0
1655.0,28,170.0,1.7,4.194074221046226,12,405.0,0.10456337625449015,16,706.0,0.12125916116406582,0,0.0,0.47153765637527967,28,1111.0
1660.0,35,186.0,1.9175257731958764,4.074495849509708,11,462.0,0.16779924834339516,21,613.0,0.11157140946265645,3,13.0,0.49916311467186425,35,1088.0
1665.0,32,233.0,2.647727272727273,4.150569432790175,13,519.0,0.24674342849236897,19,480.0,0.14259986390414361,0,6.0,0.7903902295883348,32,1005.0
1670.0,37,339.0,3.4948453608247423,4.552030480646358,18,598.0,0.23594586188894448,17,433.0,0.2634177284106009,2,5.0,0.6147320112009618,37,1036.0
1675.0,40,490.0,4.803921568627451,4.950572122043195,22,697.0,0.19645168282423062,15,364.0,0.2844912787605209,3,13.0,0.6639422696619288,40,1074.0
1680.0,44,547.0,5.310679611650485,3.8780837782118622,28,825.0,0.09013878011302867,15,370.0,0.25848364834026527,1,1.0,0.576939964695276,44,1196.0
1685.0,50,666.0,6.110091743119266,3.8326995609916725,34,986.0,0.04126442974310936,13,356.0,0.2173722099308903,3,11.0,0.4564562128822372,50,1353.0
1690.0,52,679.0,6.858585858585859,2.8605688171173,32,1025.0,0.051885652896904055,13,339.0,0.13779468170903908,7,37.0,0.25719730138667807,52,1401.0
1695.0,57,708.0,7.08,3.4509383743354918,25,979.0,0.08552409031855752,20,389.0,0.23856742334219563,12,87.0,0.11735101106254371,57,1455.0
1700.0,39,597.0,6.28421052631579,4.378023306806318,17,858.0,0.18695799972235735,16,393.0,0.21490634191556762,6,109.0,0.3170514735426851,39,1360.0
1705.0,31,385.0,4.010416666666667,4.998271490703471,16,776.0,0.27837911868947557,11,331.0,0.26468565153683393,4,82.0,0.3826572548502825,31,1189.0
1710.0,17,211.0,2.1752577319587627,5.875875008349483,9,649.0,0.3745461381467007,6,344.0,0.2672701617633769,2,88.0,0.5212184537647927,17,1081.0
1715.0,21,169.0,1.69,5.783718518401553,5,514.0,0.3362756488565865,9,335.0,0.2527465150723769,7,112.0,0.2344673424163736,21,961.0
1720.0,29,214.0,2.2291666666666665,4.471508502541398,6,456.0,0.4064564354852144,13,309.0,0.1459874895434296,10,155.0,0.15162116133257006,29,920.0
1725.0,29,226.0,2.4565217391304346,4.252470968222644,6,446.0,0.45711104583324563,16,223.0,0.11890873205273651,7,163.0,0.37615815717632595,29,832.0
1730.0,20,257.0,2.6770833333333335,4.978216713570396,8,440.0,0.35927117471078135,11,173.0,0.2188999896789041,1,109.0,0.4230692273260591,20,722.0
1735.0,16,84.0,0.84,4.440171885952285,4,393.0,0.3847777206963936,9,192.0,0.21157642447852962,3,113.0,0.34280292003554336,16,698.0
1740.0,24,95.0,0.9405940594059405,4.5087252392013,5,317.0,0.28862180706447066,11,182.0,0.15895917785980374,8,142.0,0.18089050309601878,24,641.0
1745.0,28,148.0,1.48,4.1663912177917615,8,295.0,0.1743605235296129,14,204.0,0.17445613013597877,6,138.0,0.207494882102488,28,637.0
1750.0,27,137.0,1.4574468085106382,4.699133947600045,6,226.0,0.33581154221642817,17,234.0,0.21310761964896718,4,83.0,0.3379182278942617,27,543.0
1755.0,20,69.0,0.7040816326530612,4.934678324713712,2,212.0,0.3205888695496733,17,220.0,0.22036358545236928,1,36.0,0.45592259774049426,20,468.0
1760.0,25,98.0,0.9514563106796117,5.6375760552148355,7,225.0,0.37212007379033946,16,254.0,0.1600629056787519,2,29.0,0.6551792601645036,25,508.0
1765.0,23,90.0,0.8571428571428571,4.9757027303937384,6,203.0,0.24923481100287226,12,278.0,0.15588239872576432,5,31.0,0.4849711017765321,23,512.0
1770.0,19,92.0,0.9484536082474226,4.765260945062024,5,128.0,0.2281288243337824,10,274.0,0.1798925276869525,4,45.0,0.48973291435097355,19,447.0
1775.0,17,62.0,0.6595744680851063,4.3834796138104695,4,65.0,0.3498201904563826,12,246.0,0.1471143370762557,1,22.0,0.3792715011056206,17,333.0
1780.0,16,51.0,0.504950495049505,4.711276992141445,3,61.0,0.39997210854042387,9,249.0,0.13283094548725563,4,19.0,0.4157236147645867,16,329.0
1785.0,16,60.0,0.6060606060606061,5.244346429139379,6,82.0,0.3635954900962263,10,249.0,0.13310895836743528,0,14.0,0.6787629847064889,16,345.0
1790.0,21,69.0,0.7419354838709677,3.91909422186773,9,92.0,0.1865014508905748,10,250.0,0.15787288973958657,2,2.0,0.4070752755545036,21,344.0
1795.0,19,65.0,0.7222222222222222,4.613116086217444,4,72.0,0.33953692125855983,12,238.0,0.18153515696947473,3,6.0,0.6062470605090483,19,316.0
1800.0,22,67.0,0.6979166666666666,4.3215848229079254,5,82.0,0.31813512460755544,14,259.0,0.11392958931547037,3,18.0,0.5985501687246678,22,359.0
1805.0,19,65.0,0.65,4.480239027056444,6,107.0,0.25533822940946954,12,267.0,0.1173134452470042,1,14.0,0.5475409941056332,19,388.0
1810.0,20,93.0,1.0108695652173914,4.151169785733814,9,143.0,0.18218153421163197,11,292.0,0.1726764638333359,0,0.0,0.6349284726256753,20,435.0
1815.0,27,161.0,1.6597938144329898,4.373345921402829,14,206.0,0.193791943983071,13,280.0,0.20518660910781145,0,2.0,0.5816235183764168,27,488.0
1820.0,33,244.0,2.4158415841584158,3.959684673241355,18,288.0,0.22050676295676425,12,291.0,0.1400562009542996,3,7.0,0.6614564104891227,33,586.0
1825.0,33,216.0,2.0377358490566038,3.6186104739157057,18,316.0,0.08621882586536135,13,295.0,0.15450493372105115,2,2.0,0.5813535168143225,33,613.0
1830.0,30,176.0,1.6923076923076923,3.82781268315316,16,296.0,0.15841763169123294,12,317.0,0.147340706365035,2,7.0,0.48602760040335036,30,620.0
1835.0,35,197.0,1.9504950495049505,3.3356110704472184,12,263.0,0.16472101413386614,16,307.0,0.1405831695659409,7,30.0,0.3552771756613664,35,600.0
1840.0,35,183.0,1.6788990825688073,3.500995410740927,13,283.0,0.23422762664150623,18,348.0,0.10437081326717959,4,38.0,0.43384598265192315,35,669.0
1845.0,22,105.0,0.9722222222222222,4.727963517239034,5,291.0,0.2995418051682818,16,355.0,0.14926068065156836,1,19.0,0.6209558962393322,22,665.0
1850.0,21,114.0,1.0363636363636364,4.722266178240033,3,302.0,0.21325933409917458,16,358.0,0.17628424977155374,2,11.0,0.34293591142492236,21,671.0
1855.0,30,146.0,1.4174757281553398,4.307334764662332,3,292.0,0.29556691968554655,20,384.0,0.1277503118857336,7,33.0,0.37685008622884364,30,709.0
1860.0,27,134.0,1.3814432989690721,3.6627274730203236,2,247.0,0.30490797876785164,22,369.0,0.10354213150326295,3,44.0,0.3855433080188033,27,660.0
1865.0,29,159.0,1.5142857142857142,4.33105705679861,4,235.0,0.33950183394839534,23,403.0,0.14872144778402674,2,28.0,0.47962159284495326,29,666.0
1870.0,27,124.0,1.1071428571428572,4.217821676575061,3,239.0,0.35803782479096274,20,463.0,0.13225238000632045,4,30.0,0.49970977280089635,27,732.0
1875.0,32,143.0,1.2327586206896552,4.149776655492783,8,266.0,0.20423929411314384,16,466.0,0.15723835790912943,8,56.0,0.2774397912975446,32,788.0
1880.0,31,157.0,1.4537037037037037,3.8221377233082596,11,266.0,0.1577508386363046,13,452.0,0.16374986439711364,7,64.0,0.2485231510586643,31,782.0
1885.0,34,127.0,1.1981132075471699,3.482984352326838,10,268.0,0.11864755241726188,18,477.0,0.22281599226341905,6,49.0,0.2010602017137074,34,794.0
1890.0,29,119.0,1.1018518518518519,4.132914284935357,9,303.0,0.18265077826312318,17,455.0,0.18005461784831112,3,37.0,0.4753682200873515,29,795.0
1895.0,33,108.0,0.9473684210526315,4.234949602677402,14,361.0,0.16079440655541774,17,454.0,0.1484144694656378,2,33.0,0.4845662606468552,33,848.0
1900.0,26,102.0,0.8793103448275862,4.15883278929765,9,374.0,0.12463322732875869,12,452.0,0.14258001127410233,5,53.0,0.38281372454531337,26,879.0
1905.0,24,113.0,1.0462962962962963,4.209145103882526,7,327.0,0.17762064587475998,12,448.0,0.1871795230664989,5,56.0,0.26707756611804945,24,831.0
1910.0,29,172.0,1.5636363636363637,4.5890245457030545,4,275.0,0.215650905226979,19,526.0,0.22879437369851857,6,47.0,0.240401964981038,29,848.0
1915.0,27,178.0,1.679245283018868,4.589879136682667,2,256.0,0.21200093489885388,21,549.0,0.14501650571246633,4,42.0,0.36497500102281827,27,847.0
1920.0,30,149.0,1.4466019417475728,3.713999241262281,6,280.0,0.19729241503477457,23,513.0,0.09088923990196848,1,34.0,0.36756890220254407,30,827.0
1925.0,30,175.0,1.6666666666666667,4.933353148999002,4,261.0,0.3371769930702063,22,448.0,0.14970907741418935,4,51.0,0.43778142842039636,30,760.0
1930.0,26,196.0,1.9405940594059405,5.119801913032125,2,241.0,0.40995272895459217,17,432.0,0.22110486971406065,7,80.0,0.44286062267663356,26,753.0
1935.0,31,261.0,2.3727272727272726,4.268003011542229,3,247.0,0.3138257538946801,17,403.0,0.24719623376601205,11,124.0,0.24583097874139842,31,774.0
1940.0,34,208.0,1.8245614035087718,4.161903440792591,8,276.0,0.2574336910531918,14,419.0,0.2507419078100578,12,154.0,0.2997530233557334,34,849.0
1945.0,31,155.0,1.3362068965517242,3.4258799200786187,8,268.0,0.10513325249371672,13,408.0,0.2670750364982969,10,148.0,0.1992972627525013,31,824.0
1950.0,25,140.0,1.1965811965811965,4.5104210081208596,5,213.0,0.15915788502125078,13,402.0,0.2683567989486063,7,183.0,0.21611262487986155,25,798.0
1955.0,31,153.0,1.3304347826086957,4.303071273310534,5,149.0,0.18584027437320746,15,412.0,0.19076737022291507,11,230.0,0.11419227908387522,31,791.0
1960.0,41,203.0,1.780701754385965,3.512562751465691,6,139.0,0.29773718153835027,19,377.0,0.13778523246173618,16,300.0,0.13310196252768278,41,816.0
1965.0,29,150.0,1.3274336283185841,3.728681301591739,2,105.0,0.37318662047359186,15,408.0,0.13255002967815518,12,323.0,0.22326478818849627,29,836.0
1970.0,25,108.0,0.9,4.0832478427952985,5,110.0,0.3069455034554886,13,422.0,0.1726600355434863,7,277.0,0.15562168886525793,25,809.0
1975.0,22,76.0,0.6495726495726496,4.631750498522502,4,107.0,0.2903045921257866,11,409.0,0.20485007138442335,7,200.0,0.21701305635581813,22,716.0
1980.0,21,88.0,0.8,4.456511250579558,2,80.0,0.29540280113191886,11,352.0,0.21991020810074874,8,177.0,0.2933213725114983,21,609.0
1985.0,27,125.0,1.050420168067227,4.749695261523605,3,60.0,0.3841732187390851,18,322.0,0.17422317117960048,6,165.0,0.3713669590706524,27,547.0
1990.0,32,226.0,1.9152542372881356,5.208587248589356,3,60.0,0.44732780927603555,23,366.0,0.16512917228718899,6,186.0,0.4589847643423976,32,612.0
1995.0,36,245.0,2.130434782608696,4.003372102406635,5,54.0,0.31711108104487956,22,427.0,0.14229416539490228,9,221.0,0.2779691758214525,36,702.0
2000.0,43,284.0,2.581818181818182,3.279335351872823,10,92.0,0.20214907812089475,17,419.0,0.13351919638455836,16,282.0,0.18181087461831336,43,793.0
2005.0,44,253.0,2.3,3.2278175923694064,12,119.0,0.09765509997118119,15,392.0,0.1968556948844347,17,304.0,0.12188735255500154,44,815.0
2010.0,34,196.0,1.8148148148148149,3.9075794692069565,10,120.0,0.18029938016434782,13,419.0,0.2517137424018485,11,240.0,0.16582632301337644,34,779.0
2015.0,30,144.0,1.309090909090909,4.2487199322010065,7,144.0,0.28222054145798775,12,400.0,0.20137798661634662,11,222.0,0.27998923758553457,30,766.0
2020.0,37,179.0,1.4793388429752066,4.439211364143434,12,195.0,0.22081985147100136,19,380.0,0.2082065723668396,6,237.0,0.2687010691321732,37,812.0
2025.0,41,224.0,1.8823529411764706,3.86149031000413,14,265.0,0.19423220005248706,16,407.0,0.1455396026217639,11,282.0,0.3003376785751545,41,954.0
2030.0,36,190.0,1.623931623931624,2.8925549126665633,13,286.0,0.0825777748750024,12,368.0,0.1321842094822163,11,328.0,0.22193468491398557,36,982.0
2035.0,32,166.0,1.4310344827586208,3.792117345243278,10,255.0,0.14847991840226318,13,327.0,0.22454461259863498,9,320.0,0.18366200402176402,32,902.0
2040.0,23,129.0,1.1727272727272726,4.109852508695465,6,178.0,0.1696847204896715,11,313.0,0.2438304123445441,6,270.0,0.18757729034396575,23,761.0
2045.0,26,84.0,0.7241379310344828,3.725248276486552,6,196.0,0.25732925253470884,12,285.0,0.17008414882310013,8,306.0,0.17884136066074832,26,787.0
2050.0,38,165.0,1.4102564102564104,4.122580299795628,9,232.0,0.26800529002783985,15,253.0,0.16891794874508337,14,360.0,0.23205385540306653,38,845.0
2055.0,38,203.0,1.735042735042735,2.935346288390392,8,236.0,0.20830444641277954,15,292.0,0.1307129704660993,15,430.0,0.14695403818372796,38,958.0
2060.0,35,234.0,2.034782608695652,3.0636874445139797,3,193.0,0.21923818362109307,13,292.0,0.15239105587855267,19,521.0,0.10780292677566058,35,1006.0
2065.0,32,193.0,1.6495726495726495,2.490623418836111,5,198.0,0.15374231745186015,7,302.0,0.14250391734852721,20,546.0,0.06054950151622127,32,1046.0
2070.0,35,178.0,1.495798319327731,3.431671432276518,10,233.0,0.1980955985939891,12,292.0,0.20411361024381075,13,502.0,0.17398902330157556,35,1027.0
2075.0,33,148.0,1.2333333333333334,3.373670409072543,10,240.0,0.18166305155987375,13,301.0,0.17402361200220154,10,380.0,0.21601413208158085,33,921.0
2080.0,27,99.0,0.7983870967741935,4.129287867679079,9,205.0,0.15215832180697614,9,274.0,0.2580734173778284,9,404.0,0.19691737493669917,27,883.0
2085.0,26,99.0,0.8319327731092437,3.7826662895432364,6,230.0,0.17653390193238788,7,277.0,0.20272171308101322,13,463.0,0.16383057655324995,26,970.0
2090.0,34,126.0,1.0769230769230769,3.1936666605317385,11,272.0,0.16292811286883532,12,274.0,0.13564460673600623,11,464.0,0.16126595620973042,34,1010.0
2095.0,29,149.0,1.2956521739130435,3.5844582100293247,10,274.0,0.2159925960457391,15,291.0,0.14441419781309833,4,382.0,0.33358389336042377,29,947.0
2100.0,31,218.0,1.8632478632478633,4.103716069545996,6,221.0,0.15715116784094763,22,365.0,0.23678240124209168,3,257.0,0.33397818066826274,31,843.0
2105.0,26,195.0,1.5853658536585367,4.393467913529179,7,153.0,0.19187632744074107,19,396.0,0.24424080223790073,0,238.0,0.2937538335093155,26,787.0
2110.0,23,128.0,1.0406504065040652,4.613810094316777,2,157.0,0.22539282978695543,13,360.0,0.24624263364403035,8,259.0,0.21747051482576507,23,776.0
2115.0,30,129.0,1.084033613445378,3.4407365459369257,8,183.0,0.15136315525064073,7,385.0,0.1848353837129562,15,316.0,0.08563918086455559,30,884.0
2120.0,33,165.0,1.5,3.1401123064474796,9,189.0,0.244096518059531,10,396.0,0.11704840858036866,14,335.0,0.18840092761535887,33,920.0
2125.0,28,93.0,0.8017241379310345,3.53624370132957,7,140.0,0.2517634212478993,11,387.0,0.17422054641568313,10,285.0,0.20480550006756304,28,812.0
2130.0,21,72.0,0.6,4.598354951639222,3,136.0,0.22896184514606993,12,275.0,0.23462807496913643,6,209.0,0.19729152316593965,21,620.0
2135.0,21,64.0,0.5423728813559322,4.415819595037099,8,167.0,0.1813920114953058,7,293.0,0.2503746883648291,6,219.0,0.20782380401788877,21,679.0
2140.0,31,146.0,1.2478632478632479,3.5024237542599517,15,226.0,0.14645383309050394,8,290.0,0.1670624657040999,8,255.0,0.21163683316373288,31,771.0
2145.0,34,136.0,1.2035398230088497,3.2086296237832475,14,249.0,0.19556564968028567,12,268.0,0.11815342415195818,8,251.0,0.27438487817991936,34,768.0
2150.0,26,87.0,0.7435897435897436,3.527658291955639,8,178.0,0.12407480635710684,13,230.0,0.223459654508677,5,194.0,0.18347298115580304,26,602.0
2155.0,22,67.0,0.5677966101694916,4.206854981595968,9,139.0,0.2132535941858244,8,261.0,0.24321059160055178,5,212.0,0.20021703918707756,22,612.0
2160.0,27,115.0,0.9745762711864406,4.2345406313207965,5,114.0,0.29814862228824957,12,262.0,0.20785921623313675,10,250.0,0.16156115016580597,27,626.0
2165.0,36,219.0,1.7804878048780488,3.931216772197805,3,102.0,0.3753756898199599,17,297.0,0.10342722062342795,16,312.0,0.18377552398819003,36,711.0
2170.0,44,327.0,2.7711864406779663,3.2125729123494886,6,119.0,0.29565552400314915,18,314.0,0.0936726057848198,20,404.0,0.1372520944103058,44,837.0
2175.0,53,472.0,3.966386554621849,2.8099232404361794,13,169.0,0.14792134810368582,13,257.0,0.14089659783840122,27,524.0,0.04694354682763912,53,950.0
2180.0,59,664.0,6.036363636363636,2.6933723857265774,19,249.0,0.1501865680820607,7,214.0,0.18834145801161903,33,678.0,0.0634609357829766,59,1141.0
2185.0,66,702.0,6.157894736842105,2.1818069163192093,23,300.0,0.05222491217018321,10,207.0,0.22803725179924755,33,738.0,0.02338504250370221,66,1245.0
2190.0,54,593.0,5.294642857142857,3.8414972643008363,13,291.0,0.17037138882896463,15,213.0,0.3247684696831371,26,707.0,0.0976739414506335,54,1211.0
2195.0,41,451.0,4.137614678899083,4.439624107090121,9,248.0,0.2242175837564765,14,229.0,0.3271545442996288,18,597.0,0.126875660030381,41,1074.0
2200.0,36,377.0,3.336283185840708,5.341509444142871,10,219.0,0.31744269776369244,12,236.0,0.2957828003251097,14,504.0,0.26587386168813093,36,959.0
2205.0,28,306.0,2.6379310344827585,5.775143627265023,7,195.0,0.32555188222220016,11,262.0,0.28252910659447616,10,459.0,0.39919164557807585,28,916.0
2210.0,33,257.0,2.1965811965811968,5.421684238233107,11,239.0,0.2419058852515317,15,301.0,0.2626478357040169,7,357.0,0.3619997216084005,33,897.0
2215.0,20,82.0,0.7387387387387387,5.319997632659049,7,226.0,0.2802879746820319,12,325.0,0.20246444394414276,1,322.0,0.42410111710546894,20,873.0
2220.0,28,132.0,1.2815533980582525,4.939266483745306,11,228.0,0.24244268306093913,11,299.0,0.1451353917026249,6,302.0,0.39907827750737973,28,829.0
2225.0,26,118.0,1.1683168316831682,3.8294366775406257,11,245.0,0.21146290713010882,9,334.0,0.14422064172218158,6,277.0,0.26385549858957386,26,856.0
2230.0,23,108.0,1.0909090909090908,4.693219108614883,11,238.0,0.30834581478290646,11,359.0,0.22390481043532032,1,215.0,0.3475799619070001,23,812.0
2235.0,28,170.0,1.6504854368932038,4.768679460851034,8,221.0,0.17324629147180715,18,418.0,0.20918314923405812,2,136.0,0.3561537753375961,28,775.0
2240.0,26,171.0,1.6285714285714286,4.379460759620351,6,225.0,0.2159106798540893,18,445.0,0.14879778385132528,2,135.0,0.5056065979686959,26,805.0
2245.0,34,191.0,1.8018867924528301,3.8317286235111396,8,253.0,0.1989354725342753,20,437.0,0.12736099257599498,6,155.0,0.37141095272061664,34,845.0
2250.0,26,148.0,1.4230769230769231,4.062947843457559,3,228.0,0.30160846859095636,19,394.0,0.12689039175333133,4,140.0,0.45003222970801404,26,762.0
2255.0,26,103.0,0.9537037037037037,4.490507771217768,6,211.0,0.31673581131549416,17,453.0,0.18253479458221233,3,93.0,0.46736279546026055,26,757.0
2260.0,26,121.0,1.0614035087719298,4.161961579961648,10,247.0,0.1653193291444996,14,476.0,0.18403658679274595,2,97.0,0.32779741071270574,26,820.0
2265.0,29,195.0,1.7727272727272727,4.315434878322399,11,264.0,0.17853748611573397,12,497.0,0.18079071659527282,6,121.0,0.24561731460925762,29,882.0
2270.0,37,219.0,2.0091743119266057,3.256982849928372,11,316.0,0.0522714505491576,14,498.0,0.1656311195617725,12,171.0,0.12004683057931524,37,985.0
2275.0,40,203.0,1.9150943396226414,2.833518337204098,14,384.0,0.13764408705924272,15,445.0,0.091714235197484,11,179.0,0.25793703738273044,40,1008.0
2280.0,38,187.0,1.7641509433962264,3.8796520326758532,12,397.0,0.18925886451670504,20,379.0,0.2196705797980159,6,116.0,0.33643116282665936,38,892.0
2285.0,31,160.0,1.4285714285714286,4.068706248207369,11,373.0,0.23810264860580008,12,422.0,0.22503397970566125,8,148.0,0.3184255523145304,31,943.0
2290.0,26,120.0,1.0256410256410255,4.05345042556358,5,339.0,0.2523923229827395,11,417.0,0.17568878269944263,10,193.0,0.1940457970435776,26,949.0
2295.0,24,69.0,0.6,2.7551824774671054,4,332.0,0.17308735458607313,12,418.0,0.1289025000985021,8,200.0,0.08947163860215848,24,950.0
2300.0,28,111.0,0.9652173913043478,3.892581691612352,9,368.0,0.23310299868919335,14,374.0,0.17927043528511422,5,164.0,0.2583912445981185,28,906.0
2305.0,33,152.0,1.2991452991452992,3.095427574694438,12,420.0,0.20466689920564077,13,377.0,0.149268550094309,8,175.0,0.20053642020304197,33,972.0
2310.0,34,154.0,1.2941176470588236,3.4892966245044303,10,419.0,0.24910314526302876,15,364.0,0.12124433883460506,9,215.0,0.1577394461884034,34,998.0
2315.0,35,189.0,1.6725663716814159,2.9026285722028327,10,352.0,0.21043604581500114,10,357.0,0.13977099876047744,15,280.0,0.07702677161206684,35,989.0
2320.0,34,176.0,1.5304347826086957,2.7496869120024443,10,403.0,0.15259470093685829,11,310.0,0.12799909536099519,13,307.0,0.14167291903640564,34,1020.0
2325.0,33,141.0,1.194915254237288,3.3025012726333283,14,472.0,0.19686745976727607,14,334.0,0.13953031134227903,5,259.0,0.2580529914583717,33,1065.0
2330.0,30,122.0,1.0082644628099173,3.3294666153657833,12,475.0,0.12274180192137699,13,331.0,0.17106335854994953,5,247.0,0.16003442606091367,30,1053.0
2335.0,27,146.0,1.2695652173913043,4.083982603443413,5,410.0,0.2144949005271682,13,337.0,0.21364217420093828,9,281.0,0.15226839828665722,27,1028.0
2340.0,36,268.0,2.4363636363636365,3.9332657102188016,3,344.0,0.18984740487910032,19,380.0,0.2108859190026385,14,339.0,0.06257955392951377,36,1063.0
2345.0,33,243.0,2.25,3.4070094484550997,2,313.0,0.23052454494794292,20,407.0,0.08987832010808386,11,347.0,0.12986199234154466,33,1067.0
2350.0,27,149.0,1.4326923076923077,4.330248272071893,3,327.0,0.3034134374119596,18,319.0,0.1564132503625754,6,275.0,0.28959140398493516,27,921.0
2355.0,34,175.0,1.6055045871559632,4.480989501701686,7,354.0,0.28537652380860357,17,300.0,0.24855113692841435,10,311.0,0.23516681538008505,34,965.0
2360.0,32,154.0,1.4259259259259258,3.8143334858716487,7,350.0,0.34595461463832805,11,333.0,0.19748589568348093,14,367.0,0.19850707918552937,32,1050.0
2365.0,37,185.0,1.6517857142857142,3.0294942091769506,7,301.0,0.2124272311069978,8,325.0,0.18875501378272483,22,454.0,0.05030221710129975,37,1080.0
2370.0,36,224.0,2.018018018018018,3.6909887174901272,6,260.0,0.22287516148304856,14,357.0,0.17740624146587214,16,469.0,0.09759400828789509,36,1086.0
2375.0,32,234.0,2.1272727272727274,4.087694403557289,7,276.0,0.1507282651121179,17,439.0,0.26763531189165,8,391.0,0.14558498396572472,32,1106.0
2380.0,31,206.0,1.8727272727272728,4.084807764806792,8,310.0,0.12623566732277144,15,443.0,0.19903432030344476,8,274.0,0.18058477546401247,31,1027.0
2385.0,28,133.0,1.2666666666666666,4.252040856734219,5,301.0,0.2830877178825661,15,388.0,0.1857602084268108,8,305.0,0.275870864994203,28,994.0
2390.0,27,109.0,1.0092592592592593,3.845491947514049,3,243.0,0.25476086350402877,12,416.0,0.19293781922038045,12,353.0,0.19813714537736649,27,1012.0
2395.0,30,160.0,1.509433962264151,3.9179022294384453,4,257.0,0.30528813418499,15,451.0,0.18823978074310802,11,411.0,0.16412870492438095,30,1119.0
2400.0,34,214.0,2.038095238095238,2.8786733614698288,6,282.0,0.0963675244267327,11,451.0,0.14418439984791517,17,484.0,0.09157758091631817,34,1217.0
2405.0,32,181.0,1.691588785046729,3.0792745634023224,6,268.0,0.18208325290202412,11,384.0,0.16108419811107255,15,491.0,0.17316721741835905,32,1143.0
2410.0,21,97.0,0.9065420560747663,3.9668636719409163,4,195.0,0.28531467230935836,8,382.0,0.2276164831562759,9,410.0,0.2486404284925448,21,987.0
2415.0,23,88.0,0.7586206896551724,4.650831994915299,4,217.0,0.21012814453462028,9,397.0,0.2628073521320172,10,301.0,0.22101169233214532,23,915.0
2420.0,24,91.0,0.7844827586206896,3.760328950921984,7,245.0,0.13237407823887137,10,390.0,0.19896417282476445,7,330.0,0.18631199490896902,24,965.0
2425.0,37,129.0,1.131578947368421,3.0850356680084294,8,234.0,0.12480669669183127,15,323.0,0.13777336151543002,14,388.0,0.1817287447619754,37,945.0
2430.0,33,215.0,1.9545454545454546,3.790481827594019,5,186.0,0.30204472952085204,15,310.0,0.17567411982270467,13,453.0,0.2731206649919827,33,949.0
2435.0,29,172.0,1.5087719298245614,3.325077344109201,5,193.0,0.2651761670423391,13,343.0,0.15750092501520288,11,451.0,0.2406788256560861,29,987.0
2440.0,28,117.0,0.9669421487603306,3.796223826251995,8,226.0,0.14908678704865852,13,349.0,0.2015564732709629,7,382.0,0.1909143650627376,28,957.0
2445.0,24,88.0,0.7586206896551724,4.232053563423606,8,216.0,0.14029178018786834,9,332.0,0.26669222572182166,7,284.0,0.2360610117724383,24,832.0
2450.0,24,79.0,0.6694915254237288,4.441364095827125,6,162.0,0.21351224371007213,11,293.0,0.28763923440442796,7,249.0,0.30686474038335804,24,704.0
2455.0,23,97.0,0.8083333333333333,4.85312121753656,5,173.0,0.30372202425338407,16,279.0,0.2026039844273542,2,213.0,0.3775726195528093,23,665.0
2460.0,32,135.0,1.134453781512605,4.335565337254127,9,207.0,0.20303337540981706,17,306.0,0.14860718185860824,6,229.0,0.32364751603125297,32,742.0
2465.0,41,211.0,1.8189655172413792,3.4009893752910174,14,261.0,0.10888877736432132,15,298.0,0.16074685610864436,12,268.0,0.20803717819402576,41,827.0
2470.0,35,162.0,1.528301886792453,2.420419482154798,14,279.0,0.11821332865184742,10,308.0,0.13702716807422113,11,268.0,0.15578252074316504,35,855.0
2475.0,25,102.0,0.9107142857142857,3.665213579013096,8,237.0,0.1996579111503973,10,308.0,0.24672318112868552,7,219.0,0.2571547408418232,25,764.0
2480.0,25,92.0,0.7863247863247863,4.306232962747598,8,272.0,0.22259365747575524,11,293.0,0.2200664574600992,6,149.0,0.3668612471135727,25,714.0
2485.0,36,133.0,1.064,4.140467380369485,15,328.0,0.07289239414188894,13,263.0,0.20816741313783835,8,129.0,0.3131515883653152,36,720.0
2490.0,28,122.0,1.0338983050847457,3.9913431147121217,11,332.0,0.10578056378249895,12,293.0,0.18624823472546342,5,100.0,0.36385241148482095,28,725.0
2495.0,22,123.0,1.0884955752212389,4.2005000395987055,4,242.0,0.21960117060157852,13,294.0,0.17728681816128397,5,102.0,0.37370454258464664,22,638.0
2500.0,22,61.0,0.5126050420168067,4.084176553836022,5,262.0,0.26202322654970367,16,304.0,0.13243769566615043,1,76.0,0.4714731170843342,22,642.0
2505.0,26,89.0,0.7478991596638656,4.40305412439752,8,300.0,0.17170409010060508,14,240.0,0.10326646313316999,4,51.0,0.46370026589579716,26,591.0
2510.0,32,147.0,1.3125,3.323265031848958,16,366.0,0.06750164705916029,11,264.0,0.14972684385501758,5,56.0,0.252967604329642,32,686.0
2515.0,35,246.0,2.2990654205607477,3.2384832784215427,20,460.0,0.16020958092204118,11,265.0,0.1947181223967208,4,58.0,0.3527847421983893,35,783.0
2520.0,41,407.0,3.6666666666666665,3.6362554917193304,23,570.0,0.1471264472823552,16,277.0,0.15978937054410314,2,47.0,0.4908818004536054,41,894.0
2525.0,44,443.0,3.6611570247933884,3.608058689888294,23,598.0,0.13666393468919943,20,322.0,0.14351819704027508,1,26.0,0.4700870197612886,44,946.0
2530.0,44,352.0,2.957983193277311,3.8059192355332288,18,509.0,0.12100161638585756,20,358.0,0.20982235036235564,6,44.0,0.4248107746023043,44,911.0
2535.0,37,218.0,1.8166666666666667,3.8982099959339127,15,430.0,0.12854858739804662,15,305.0,0.25649165311243455,7,50.0,0.21236917027838145,37,785.0
2540.0,25,130.0,1.1016949152542372,4.537163905288889,15,494.0,0.20022302194749664,6,331.0,0.28609542072325855,4,46.0,0.2637204701302584,25,871.0
2545.0,30,109.0,0.9083333333333333,4.001179845563384,14,559.0,0.18658441344517546,10,334.0,0.18343114910704011,6,35.0,0.2784672519646651,30,928.0
2550.0,34,205.0,1.7372881355932204,3.709327816958315,14,627.0,0.1842852718530922,13,364.0,0.13591077920503467,7,61.0,0.31698549677627247,34,1052.0
2555.0,40,240.0,2.0869565217391304,2.7299536467442027,13,615.0,0.16084130284345372,15,371.0,0.10891668317395256,12,109.0,0.19384808866026584,40,1095.0
2560.0,48,289.0,2.4491525423728815,3.016251769492747,12,496.0,0.1401850723751891,17,333.0,0.19366953326711778,19,184.0,0.11026609254352893,48,1013.0
2565.0,37,252.0,2.1724137931034484,3.9095037628115867,9,404.0,0.18570961157311688,11,253.0,0.26560555245911793,17,230.0,0.14200865506500088,37,887.0
2570.0,32,238.0,1.9669421487603307,4.407575412708285,5,425.0,0.17424524714885994,14,240.0,0.38936869655510825,13,227.0,0.1418207474242767,32,892.0
2575.0,32,193.0,1.6218487394957983,4.671863884169904,9,459.0,0.20640379312150908,13,243.0,0.22618262419887292,10,183.0,0.2507208872658623,32,885.0
2580.0,27,124.0,1.1272727272727272,3.865863808303163,7,436.0,0.21752900054319677,13,228.0,0.17334560841030058,7,204.0,0.251330199192846,27,868.0
2585.0,32,148.0,1.2982456140350878,4.557812344309332,7,359.0,0.24370036119203314,13,216.0,0.24058975317731968,12,255.0,0.26822625297542335,32,830.0
2590.0,22,163.0,1.4298245614035088,5.099615417558537,3,235.0,0.26297519828247684,11,224.0,0.3572158916504612,8,268.0,0.3161828723641195,22,727.0
2595.0,24,213.0,1.775,5.231628122553074,4,168.0,0.2474957418473704,15,256.0,0.4152665870491208,5,217.0,0.2880336966277995,24,641.0
2600.0,17,117.0,0.9512195121951219,4.6259348849750985,1,129.0,0.30566862825926844,11,248.0,0.2940700377000335,5,217.0,0.23180003031512614,17,594.0
2605.0,31,100.0,0.7874015748031497,4.045372866188404,9,143.0,0.2353893174043605,11,220.0,0.16186139646697087,11,254.0,0.11816325050061496,31,617.0
2610.0,33,172.0,1.4453781512605042,3.84184375948376,7,141.0,0.2611933346278703,11,166.0,0.12793748692291143,15,316.0,0.11372221795665312,33,623.0
2615.0,29,150.0,1.4150943396226414,3.167192570886201,3,73.0,0.19224370229330284,12,197.0,0.24079981030260053,14,334.0,0.08693714619347802,29,604.0
2620.0,22,87.0,0.7837837837837838,3.894819468913164,3,65.0,0.26633376683473153,7,191.0,0.2879329123138557,12,313.0,0.15915828535344487,22,569.0
2625.0,28,136.0,1.1623931623931625,4.174637780167888,6,87.0,0.22946565582874076,13,200.0,0.2810572426315104,9,347.0,0.2176676337777534,28,634.0
2630.0,41,202.0,1.6694214876033058,2.8064212213776027,13,137.0,0.11609823574522433,14,209.0,0.19443465527334805,14,402.0,0.102083331850981,41,748.0
2635.0,43,242.0,2.1043478260869564,2.363562996365995,20,217.0,0.13273665842923763,10,192.0,0.12569191989103487,13,416.0,0.11953834934393139,43,825.0
2640.0,35,198.0,1.7678571428571428,2.8272636478010473,20,257.0,0.07891773139440816,7,177.0,0.2305010366957241,8,362.0,0.1428778930958214,35,796.0
2645.0,35,180.0,1.5384615384615385,4.35089071438447,20,273.0,0.17795475822585263,8,169.0,0.3588935119211592,7,296.0,0.27430270640541804,35,738.0
2650.0,35,207.0,1.6829268292682926,4.987809017337412,17,264.0,0.16727957525739093,15,203.0,0.32505616109491486,3,211.0,0.3328754648882942,35,678.0
2655.0,35,209.0,1.6328125,4.850585274672596,17,263.0,0.17075755123622288,14,219.0,0.3137487946855899,4,156.0,0.3184721012192032,35,638.0
2660.0,23,135.0,1.08,5.953431222103484,7,288.0,0.2842584519951053,12,187.0,0.3421957000044011,4,137.0,0.4794359407536228,23,612.0
2665.0,21,73.0,0.5887096774193549,5.65046135641215,8,310.0,0.22185536177580334,8,158.0,0.3026312059420624,5,109.0,0.35654935510638036,21,577.0
2670.0,35,205.0,1.7826086956521738,5.461519682757297,13,359.0,0.2470903733747402,14,158.0,0.2141370960406192,8,116.0,0.28072287578867533,35,633.0
2675.0,35,183.0,1.811881188118812,3.4965667618823817,14,378.0,0.13301573952352963,14,182.0,0.16745799726055732,7,123.0,0.14335891567485423,35,683.0
2680.0,29,120.0,1.2244897959183674,3.8996570122925918,12,351.0,0.2185056134597972,12,192.0,0.262546424208631,5,104.0,0.2802748487839964,29,647.0
2685.0,25,103.0,0.9716981132075472,4.676754822066343,9,393.0,0.21362461006220332,12,182.0,0.31383972665707927,4,115.0,0.38401309104217934,25,690.0
2690.0,35,209.0,1.8333333333333333,4.229642393576291,15,458.0,0.13104969722932097,11,190.0,0.2757985211523089,9,147.0,0.28998918157589704,35,795.0
2695.0,42,332.0,2.9642857142857144,3.1404640453867976,12,464.0,0.13330444624994778,17,236.0,0.1745403646010057,13,204.0,0.27374634849529167,42,904.0
2700.0,38,260.0,2.3214285714285716,2.382450187752919,7,396.0,0.15236699850982655,16,264.0,0.1121232428758179,15,231.0,0.17896318868537406,38,891.0
2705.0,34,160.0,1.3445378151260505,3.390836753395995,8,290.0,0.18643429424601432,12,335.0,0.2151721874519158,13,214.0,0.16286124494400117,33,839.0
2710.0,20,92.0,0.7540983606557377,4.480315930318226,4,229.0,0.23505831774892597,5,296.0,0.32601030453762714,11,243.0,0.17776889222899356,20,768.0
2715.0,19,66.0,0.528,4.789429453241536,2,181.0,0.2586718840384622,4,272.0,0.3188557000774411,13,298.0,0.1294461392423982,19,751.0
2720.0,26,95.0,0.8050847457627118,4.08920485709594,7,201.0,0.276862612360757,10,282.0,0.1779137955563726,9,306.0,0.2016758950680387,26,789.0
2725.0,25,72.0,0.6153846153846154,3.273328542345926,9,195.0,0.22664019792881587,9,268.0,0.14616339109442067,7,252.0,0.16634838678882988,25,715.0
2730.0,21,77.0,0.652542372881356,4.583659170795644,6,141.0,0.24925017261232418,11,215.0,0.25025462130820536,4,202.0,0.2131074998888114,21,558.0
2735.0,14,97.0,0.8362068965517241,5.319217562850645,2,127.0,0.1828953721909614,10,203.0,0.3925805329115038,2,142.0,0.2676449274429467,14,472.0
2740.0,19,102.0,0.864406779661017,5.236847054435123,7,150.0,0.13663097948031314,7,192.0,0.30921704977134795,5,109.0,0.33426924574594685,19,451.0
2745.0,22,114.0,1.0458715596330275,4.860569679371178,8,152.0,0.2353683778335306,10,181.0,0.21129296496923064,4,104.0,0.5029106976522418,22,437.0
2750.0,23,120.0,1.0526315789473684,4.437557160853853,7,114.0,0.15561695617488375,10,191.0,0.2168026054572517,6,100.0,0.43010043169959,23,405.0
2755.0,13,55.0,0.47413793103448276,5.3130962698243005,3,77.0,0.22389200692575273,9,169.0,0.23892633105836422,1,66.0,0.5040180350613214,13,312.0
2760.0,15,61.0,0.5398230088495575,4.758915596817973,1,62.0,0.2307239367386913,8,157.0,0.20840343948152457,6,45.0,0.2655551206452094,15,264.0
2765.0,22,79.0,0.6991150442477876,4.2212756265908915,7,86.0,0.24208049822107394,10,143.0,0.1500153095052439,5,61.0,0.3035276811041678,22,290.0
2770.0,21,67.0,0.6203703703703703,4.372865442341209,7,97.0,0.22257050047476512,11,149.0,0.1793998185932034,3,53.0,0.5010557564448346,21,299.0
2775.0,17,43.0,0.38738738738738737,4.109085330712735,7,80.0,0.1721907545645096,10,144.0,0.15960616793634808,0,40.0,0.38056242306995713,17,264.0
2780.0,24,100.0,0.9090909090909091,4.721913050297769,7,95.0,0.19967901858951986,13,178.0,0.23492947163359054,4,51.0,0.32773957333855946,24,324.0
2785.0,37,215.0,1.9907407407407407,3.719303589004989,12,135.0,0.09705223480541304,17,239.0,0.1935421790531325,8,60.0,0.148532914026579,37,434.0
2790.0,32,208.0,2.0194174757281553,3.403755201663305,10,155.0,0.12627628376061373,19,280.0,0.15948110853673558,3,51.0,0.23576832800607625,32,486.0
2795.0,27,153.0,1.5,4.234062741815665,5,132.0,0.2194781360009334,19,281.0,0.1863157280656236,3,38.0,0.42979218322322305,27,451.0
2800.0,21,110.0,1.0,4.783694164046091,3,82.0,0.2540695423604679,14,324.0,0.21757279301725022,4,51.0,0.4609272523251907,21,457.0
2805.0,25,139.0,1.219298245614035,4.574345428621666,2,86.0,0.24088113945201642,15,357.0,0.20153825481316767,8,78.0,0.3766908719516306,25,521.0
2810.0,32,165.0,1.4473684210526316,3.6642453938554267,8,111.0,0.12410665391457945,18,420.0,0.163179335025177,6,68.0,0.1666618008197018,32,599.0
2815.0,33,196.0,1.7818181818181817,3.7894749267428844,8,124.0,0.18080710906039785,14,437.0,0.14131193991006458,11,87.0,0.19173945177457455,33,648.0
2820.0,34,221.0,2.21,3.685319925664976,2,92.0,0.2875660949363349,17,406.0,0.16256153018986716,15,156.0,0.2331028121095958,34,654.0
2825.0,40,326.0,3.0185185185185186,3.8911147132342996,5,105.0,0.2723818358594311,18,349.0,0.19045077414700476,17,234.0,0.27081120731530384,40,688.0
2830.0,41,421.0,3.827272727272727,3.415039447655216,9,140.0,0.23566026990551656,13,404.0,0.17604129886564132,19,323.0,0.24343906526079387,41,867.0
2835.0,34,317.0,2.7327586206896552,2.928915298738794,8,143.0,0.10566194359290086,8,401.0,0.18846969144635814,18,358.0,0.0955973506355258,34,902.0
2840.0,27,218.0,1.9639639639639639,3.8645537247811834,3,98.0,0.1915313246682329,11,406.0,0.23442021909670352,13,329.0,0.19134420228705792,27,833.0
2845.0,32,190.0,1.6521739130434783,4.102648849159849,6,99.0,0.20667962309502452,13,377.0,0.20442484023541432,13,292.0,0.22837977324644554,32,768.0
2850.0,29,205.0,1.7672413793103448,4.651015963651615,9,131.0,0.22738442691473926,10,318.0,0.1848940007596768,10,290.0,0.33556308722313466,29,739.0
2855.0,25,156.0,1.4311926605504588,3.7489045322812045,10,139.0,0.17057571030736401,7,317.0,0.16251211460272613,8,284.0,0.31486216574708714,25,740.0
2860.0,16,98.0,0.8672566371681416,4.30985378977763,5,95.0,0.14680284690657927,6,271.0,0.2280960165691268,5,291.0,0.35090528480373046,16,657.0
2865.0,18,133.0,1.209090909090909,4.877004083854257,3,69.0,0.24769683363792525,10,271.0,0.24709623252983975,5,292.0,0.3462836252334958,18,632.0
2870.0,16,71.0,0.6339285714285714,4.3905119777263195,3,55.0,0.320687035948336,10,217.0,0.24124553080321331,3,260.0,0.23067729566252387,16,532.0
2875.0,17,99.0,0.8839285714285714,5.318451889991107,1,34.0,0.38585592164538035,11,211.0,0.27735140488655047,5,255.0,0.3456417612903559,17,500.0
2880.0,21,82.0,0.7256637168141593,4.875405484128116,7,50.0,0.30456390160290053,8,181.0,0.21983632706564546,6,251.0,0.24547560576235766,21,482.0
2885.0,25,142.0,1.290909090909091,4.531461904599945,13,105.0,0.21359974819738467,6,139.0,0.23481485989570106,6,225.0,0.22322923186178317,25,469.0
2890.0,36,298.0,2.9215686274509802,3.769694571243517,19,186.0,0.14993513758312368,11,135.0,0.16963495907084425,6,210.0,0.2299961275508425,36,531.0
2895.0,43,321.0,3.0283018867924527,2.925063333715633,19,247.0,0.09149736977944233,19,209.0,0.0915915882267856,5,181.0,0.14781698356356948,43,637.0
2900.0,37,271.0,2.605769230769231,3.9934889554174853,14,255.0,0.1841113376083751,16,249.0,0.18279916013092298,7,162.0,0.20651547132162584,37,666.0
2905.0,33,180.0,1.7307692307692308,4.2662676403958795,11,269.0,0.21867425237849122,12,207.0,0.22780349786494272,10,184.0,0.1999159157616246,33,660.0
2910.0,30,169.0,1.6732673267326732,4.539103258874027,11,318.0,0.23583677197340716,9,181.0,0.2663294521490643,10,182.0,0.26391104773407636,30,681.0
2915.0,22,108.0,1.1134020618556701,4.771521216160571,11,330.0,0.21350975963502344,4,135.0,0.3846920685385841,7,157.0,0.3569931667550172,22,622.0
2920.0,19,86.0,0.8514851485148515,5.032652993846997,7,284.0,0.21200197567326312,4,114.0,0.44284171336369105,8,144.0,0.3604716456251031,19,542.0
2925.0,15,93.0,0.9029126213592233,5.565894056172316,3,255.0,0.21499534913076065,4,110.0,0.48845070782793587,8,119.0,0.39501245551006475,15,484.0
2930.0,19,132.0,1.2,4.720837628824694,6,278.0,0.13420964454295645,6,111.0,0.4847119852834527,7,151.0,0.280034791234017,19,540.0
2935.0,14,33.0,0.3142857142857143,4.270048723945762,8,265.0,0.14266826814505618,2,67.0,0.4686312031289535,4,160.0,0.29836586455041875,14,492.0
2940.0,18,72.0,0.7128712871287128,4.237420913647574,3,200.0,0.1698070309502323,6,49.0,0.31502689170004355,9,185.0,0.17836914244368324,18,434.0
2945.0,17,64.0,0.6274509803921569,4.038667937634471,3,199.0,0.17809432473528813,5,58.0,0.30478876004067207,9,200.0,0.14687215559197184,17,457.0
2950.0,17,69.0,0.711340206185567,4.310766313157307,8,234.0,0.15557473783876144,3,46.0,0.4468355679437402,6,181.0,0.240822840503863,17,461.0
2955.0,21,104.0,1.0297029702970297,3.7530559330220017,14,288.0,0.09280719420958423,2,34.0,0.35605564604268686,5,151.0,0.31501384183962516,21,473.0
2960.0,34,224.0,2.217821782178218,4.088848079300726,21,378.0,0.10401905564382771,7,53.0,0.3490136313537159,6,124.0,0.33694138355997055,34,555.0
2965.0,43,327.0,3.144230769230769,2.708172831283607,30,500.0,0.05114277947308591,6,62.0,0.1487764401637408,7,131.0,0.17928227985285636,43,693.0
2970.0,47,497.0,4.872549019607843,2.725020440031767,36,657.0,0.04597700520391424,4,57.0,0.1606954942088099,7,164.0,0.2888950538248664,47,878.0
2975.0,46,530.0,5.408163265306122,2.1661348907407327,33,738.0,0.033374960967597594,4,62.0,0.12742315033159302,9,203.0,0.31643223227248146,46,1003.0
2980.0,52,535.0,5.194174757281553,2.8367944070620617,33,752.0,0.06733473064228183,7,84.0,0.23750457069042874,12,258.0,0.19374483866961356,52,1094.0
2985.0,50,508.0,5.08,3.3691114256227968,28,697.0,0.1288109361387878,9,107.0,0.351087273796971,13,273.0,0.1441182696606446,50,1077.0
2990.0,42,438.0,4.171428571428572,3.5161798269959466,19,789.0,0.13678284025519138,13,163.0,0.2881354607840043,10,243.0,0.19460611223500351,42,1195.0
2995.0,40,429.0,4.085714285714285,4.2066108821975945,15,871.0,0.16087672533862907,14,233.0,0.3126876023692002,11,261.0,0.24825522433612,40,1365.0
3000.0,37,360.0,3.5643564356435644,3.1111203217671064,8,848.0,0.15612666010284534,17,309.0,0.11626833473299669,12,320.0,0.15530085393175894,37,1477.0
3005.0,37,330.0,3.267326732673267,3.2984486576404426,6,740.0,0.22155503034561375,15,319.0,0.14629517432901284,16,394.0,0.17607664292447142,37,1453.0
3010.0,20,192.0,1.9393939393939394,4.002681311035279,2,578.0,0.21731765495141783,8,336.0,0.29363864914281956,10,404.0,0.21949871454723416,20,1318.0
3015.0,13,70.0,0.6481481481481481,4.679995811505361,2,564.0,0.19576192077773485,5,354.0,0.3481268161004648,6,337.0,0.23320387270495443,13,1255.0
3020.0,18,66.0,0.6285714285714286,5.110229779313769,7,585.0,0.20359607214655703,4,334.0,0.3338277040226163,7,259.0,0.2766340197458664,18,1178.0
3025.0,25,97.0,0.941747572815534,3.803246650914287,14,643.0,0.17230075383877785,4,273.0,0.15868005539595495,7,265.0,0.207460084155251,25,1181.0
3030.0,29,133.0,1.316831683168317,3.6070117711287417,15,632.0,0.15692398918086728,3,286.0,0.14301439478782063,11,311.0,0.2518965876228106,29,1229.0
3035.0,28,160.0,1.6666666666666667,3.779230078027696,10,513.0,0.15259114486602757,7,315.0,0.17884681392083895,11,366.0,0.18905558798144137,28,1194.0
3040.0,24,105.0,1.05,4.065567414621344,10,407.0,0.16555157110200175,5,295.0,0.304909774994102,9,365.0,0.16330517062131417,24,1067.0
3045.0,14,39.0,0.39,5.19588540735043,5,430.0,0.26423177780596036,4,194.0,0.43183546575319065,5,296.0,0.2844126813424234,14,920.0
3050.0,20,65.0,0.6132075471698113,4.268117399576864,9,465.0,0.16978142286100825,3,139.0,0.2791471580261308,8,329.0,0.24013189740368712,20,933.0
3055.0,22,94.0,0.9215686274509803,3.9752641408200997,7,432.0,0.1930807226061845,2,77.0,0.3017881053514537,13,383.0,0.23121243797438348,22,892.0
3060.0,16,72.0,0.7346938775510204,3.664007216780321,6,293.0,0.20652873466757923,2,66.0,0.3971862819358134,8,380.0,0.1422235132490511,16,739.0
3065.0,16,33.0,0.32038834951456313,3.977735510532769,7,319.0,0.18083500708651662,2,53.0,0.4884065045956181,7,323.0,0.16220804233679514,16,695.0
3070.0,16,80.0,0.7619047619047619,4.7648447097123166,8,356.0,0.1593391134928242,5,69.0,0.4325937851737055,3,234.0,0.22888429444808864,16,659.0
3075.0,29,185.0,1.7619047619047619,3.673675709041894,14,416.0,0.09016493566205898,10,103.0,0.16302367096049786,5,198.0,0.2654495469844745,29,717.0
3080.0,40,356.0,3.595959595959596,3.328985716046386,22,510.0,0.10845305116300034,14,162.0,0.13711255833956595,4,149.0,0.3200654355715302,40,821.0
3085.0,48,426.0,4.057142857142857,2.5028482491227795,31,640.0,0.03308539536006814,14,178.0,0.07127247318888713,3,117.0,0.264678444454891,48,935.0
3090.0,52,582.0,5.596153846153846,3.6544532321127368,35,802.0,0.07780219484278653,12,179.0,0.12765143081452654,5,115.0,0.4172707846956635,52,1096.0
3095.0,48,569.0,5.8061224489795915,2.8113769289619195,34,851.0,0.04305353087903053,10,218.0,0.11365853103092491,4,107.0,0.3655500197089501,48,1176.0
3100.0,45,458.0,4.626262626262626,3.0818234876020356,32,804.0,0.07242053229552636,8,267.0,0.21730759825636797,5,85.0,0.28684633309427876,45,1156.0
3105.0,37,379.0,3.9479166666666665,3.169321660452397,24,874.0,0.11898251577145148,10,314.0,0.25112232167430065,3,87.0,0.23222366768067118,37,1275.0
3110.0,36,318.0,3.0576923076923075,3.2633083914388865,20,981.0,0.07750513865540945,9,323.0,0.15018080996694294,7,114.0,0.17876792592791108,36,1418.0
3115.0,32,233.0,2.377551020408163,3.246410844568179,19,1075.0,0.1383063776835487,6,296.0,0.19510530987960154,7,114.0,0.28967566701043923,32,1485.0
3120.0,33,237.0,2.4947368421052634,2.5585703409120044,21,1181.0,0.0678333079898306,8,318.0,0.10905373883787829,4,83.0,0.2801078988302105,33,1582.0
3125.0,32,219.0,2.1262135922330097,2.797887222469396,21,1165.0,0.08971554829455135,9,357.0,0.0984212592504437,2,97.0,0.2017596398612204,32,1619.0
3130.0,37,223.0,2.207920792079208,3.08275338133483,18,1003.0,0.10209641688107089,12,414.0,0.20939731773896048,7,123.0,0.15429801243695937,37,1540.0
3135.0,43,284.0,2.730769230769231,2.553911535208088,20,1091.0,0.09750986881312436,12,469.0,0.1959580720493639,11,168.0,0.07483550341476829,43,1728.0
3140.0,41,333.0,3.297029702970297,2.698721887694348,18,1182.0,0.11432889043164526,15,535.0,0.1856049954870397,8,173.0,0.16601561974103604,41,1890.0
3145.0,48,369.0,3.548076923076923,1.856877119917058,15,1148.0,0.09840706334859572,23,630.0,0.03327710576787637,10,155.0,0.09903105042189139,48,1933.0
3150.0,36,321.0,3.116504854368932,3.027554493991993,9,997.0,0.17554674882925064,20,653.0,0.1599876096351213,7,188.0,0.13968769789138388,36,1838.0
3155.0,32,265.0,2.5728155339805827,4.138881570367575,5,766.0,0.24398610782940408,15,563.0,0.25317025178734276,12,235.0,0.15192607985469514,32,1564.0
3160.0,30,282.0,2.660377358490566,4.165176163962355,5,632.0,0.26777347921140543,14,628.0,0.27360618137363024,11,285.0,0.1931999533510487,30,1545.0
3165.0,25,244.0,2.323809523809524,5.105905758743905,4,434.0,0.36787260589018916,13,694.0,0.28309816382922653,8,299.0,0.253181192008647,25,1427.0
3170.0,29,234.0,2.1666666666666665,4.423879248666158,5,266.0,0.4074300727845659,16,772.0,0.19652815186954647,8,334.0,0.10403012699996925,29,1372.0
3175.0,28,181.0,1.7403846153846154,4.1339793110516245,1,234.0,0.44927583850706143,19,856.0,0.16429252223464763,8,369.0,0.10554900675712303,28,1459.0
3180.0,35,218.0,2.0961538461538463,3.5139338624246883,6,208.0,0.26121202343914535,19,862.0,0.07322239763113152,10,422.0,0.027647892528428367,35,1492.0
3185.0,36,187.0,1.87,3.322967152938211,7,187.0,0.262082683742649,17,791.0,0.10803141364508002,12,435.0,0.13165968874275058,36,1413.0
3190.0,23,110.0,1.2087912087912087,3.7069588854973,3,107.0,0.34946307917835345,13,854.0,0.19812149963977949,7,388.0,0.21980374388118898,23,1349.0
3195.0,24,100.0,1.0,3.4811802256010207,1,63.0,0.3172191958656751,15,924.0,0.11190588493304329,8,421.0,0.173859483804561,24,1408.0
3200.0,34,182.0,1.8571428571428572,3.151325762938258,6,84.0,0.26441743395176875,19,1013.0,0.1135475301174531,9,461.0,0.1260515206668877,34,1558.0
3205.0,42,195.0,2.0103092783505154,1.8947391805267326,8,89.0,0.14190741060655288,19,998.0,0.06810453757648288,15,518.0,0.052543018930628016,42,1605.0
3210.0,26,135.0,1.40625,3.725569103100606,3,60.0,0.3285150703746576,15,880.0,0.18298887694773264,8,514.0,0.21746679883455985,26,1454.0
3215.0,22,115.0,1.1855670103092784,4.784692968204598,3,39.0,0.4318708953794153,13,686.0,0.19963197715415354,6,438.0,0.2754544715496774,22,1163.0
3220.0,22,92.0,0.8679245283018868,5.161716972886551,1,17.0,0.4996437476871516,12,533.0,0.21681337358387764,9,471.0,0.29093371134522694,22,1021.0
3225.0,23,128.0,1.2190476190476192,5.8395602370718835,4,29.0,0.4702092030074849,8,435.0,0.35845570241887886,11,518.0,0.2812085506036138,23,982.0
3230.0,28,154.0,1.5098039215686274,4.439823404412397,7,37.0,0.29952018260008045,6,302.0,0.4376524268223487,15,522.0,0.19460190204754355,28,861.0
3235.0,14,55.0,0.55,5.018376963611885,4,37.0,0.28618547906952285,2,277.0,0.5233609803307278,8,520.0,0.21801677667566477,14,834.0
3240.0,14,80.0,0.7766990291262136,5.371556409720097,2,38.0,0.30351918922452326,6,256.0,0.39768295183222213,6,406.0,0.15852093743495912,14,700.0
3245.0,22,127.0,1.165137614678899,5.422278843610711,1,16.0,0.35853835533918943,13,308.0,0.21237861784597326,8,362.0,0.28359592839218123,22,686.0
3250.0,28,185.0,1.8137254901960784,4.3116227916856475,8,38.0,0.23607671703573166,19,391.0,0.1246900717603533,1,313.0,0.26170728958880773,28,742.0
3255.0,36,212.0,2.1414141414141414,3.59559353144674,8,62.0,0.12724475391335718,21,423.0,0.04689495131363164,7,316.0,0.1651960013445046,36,801.0
3260.0,23,146.0,1.6404494382022472,4.519902588944816,3,57.0,0.2796426095579001,15,362.0,0.21261887487398695,5,305.0,0.31478854426581987,23,724.0
3265.0,22,74.0,0.7956989247311828,5.625312526695234,4,27.0,0.48645082528445344,12,271.0,0.26874013900843424,6,236.0,0.34100029192398207,22,534.0
3270.0,11,34.0,0.35789473684210527,5.523942133705422,2,28.0,0.5360214030741786,7,302.0,0.2258676991251566,2,241.0,0.3046144183864957,11,571.0
3275.0,23,85.0,0.8854166666666666,4.90412146478369,6,48.0,0.36052908026381536,8,335.0,0.17771962913496614,9,270.0,0.20158950254892596,23,653.0
3280.0,21,72.0,0.782608695652174,3.270572830498468,7,61.0,0.16926314343347568,6,315.0,0.17607229959822612,8,258.0,0.11185511011483543,21,634.0
3285.0,9,19.0,0.2159090909090909,5.111790563721962,2,48.0,0.40734206625313135,3,244.0,0.3176702620014699,4,192.0,0.30695187615739583,9,484.0
3290.0,4,5.0,0.05102040816326531,5.977413404560751,1,26.0,0.44743506084925605,1,141.0,0.2914140804807502,2,99.0,0.33871926757121246,4,266.0
3295.0,7,16.0,0.16,6.1865459316591735,2,29.0,0.5166133450088933,2,146.0,0.27066729835914655,3,49.0,0.4192950953837022,7,224.0
3300.0,17,73.0,0.7227722772277227,5.274185359056011,7,52.0,0.2596704332567081,7,170.0,0.18041421535999883,3,38.0,0.325964884216575,17,260.0
3305.0,20,87.0,0.87,4.553122636643944,8,69.0,0.1844035357307946,8,164.0,0.16526640168260218,4,50.0,0.3134962674121117,20,283.0
3310.0,6,17.0,0.18478260869565216,5.331665220013809,3,57.0,0.35292829655199776,3,116.0,0.2613380191079637,0,30.0,0.3980985712838533,6,203.0
3315.0,6,8.0,0.08247422680412371,5.57470170632057,3,31.0,0.4026095879816045,2,63.0,0.2733886252673688,1,24.0,0.3590338953901272,6,118.0
3320.0,10,39.0,0.4148936170212766,6.786560323004714,3,26.0,0.565048937496214,2,46.0,0.35897784514323505,5,32.0,0.39411414557850527,10,104.0
3325.0,13,42.0,0.4375,5.4613495281605,5,25.0,0.48395150520615215,2,23.0,0.26855076229561,6,46.0,0.2660233194617697,13,94.0
3330.0,14,36.0,0.3870967741935484,5.775559198839694,2,14.0,0.5086454876812663,6,42.0,0.296349079320242,6,51.0,0.29211164641188325,14,107.0
3335.0,16,62.0,0.6966292134831461,5.3787190440545025,7,30.0,0.1673751953262758,5,54.0,0.2793684735192047,4,51.0,0.37413229682250043,16,135.0
3340.0,15,37.0,0.40217391304347827,4.765167250803335,10,57.0,0.19539826681218725,3,49.0,0.23238703829019625,2,43.0,0.34379407873946105,15,149.0
3345.0,8,24.0,0.2727272727272727,5.989661728234844,1,42.0,0.5314005035956183,2,45.0,0.25108491244536674,5,57.0,0.367801590182021,8,144.0
3350.0,15,46.0,0.5111111111111111,4.707676979528812,2,37.0,0.35620698097022185,9,75.0,0.11909509016652157,4,63.0,0.2579246946966799,15,175.0
3355.0,17,65.0,0.7738095238095238,4.293193855714832,6,55.0,0.27418241898634443,7,91.0,0.21784113985341008,4,59.0,0.23412454746830447,17,205.0
3360.0,24,85.0,1.0240963855421688,3.774550005713247,15,109.0,0.19638207455631299,6,75.0,0.17501691360046132,3,58.0,0.2882834788437366,24,242.0
3365.0,24,113.0,1.2555555555555555,4.175803329158324,11,136.0,0.2807453082725998,7,105.0,0.14091014159354603,6,84.0,0.2927889000396187,24,325.0
3370.0,15,69.0,0.7840909090909091,4.4177811936721705,3,106.0,0.32977159065153805,8,144.0,0.20246704572380717,4,84.0,0.28591170236778546,15,334.0
3375.0,17,53.0,0.5824175824175825,4.337472669896912,2,45.0,0.3339047332936571,10,158.0,0.19494767278777064,5,65.0,0.19470464170529625,17,268.0
3380.0,13,41.0,0.43617021276595747,5.498369807628387,2,45.0,0.4819008045930925,6,139.0,0.24135857804880445,5,59.0,0.3299992709346386,13,243.0
3385.0,23,65.0,0.6435643564356436,5.001146342914342,9,65.0,0.35615811996722735,7,104.0,0.18577903011825986,7,64.0,0.3231353619665466,23,233.0
3390.0,18,102.0,1.0515463917525774,5.521871111538431,11,111.0,0.3288690047304951,6,98.0,0.2678010152241412,1,45.0,0.484747971058812,18,254.0
3395.0,14,66.0,0.7252747252747253,4.978614106968862,10,126.0,0.24939283862007225,1,78.0,0.3244605739255308,3,46.0,0.38390124267846404,14,250.0
3400.0,19,64.0,0.6530612244897959,4.772091143586818,8,107.0,0.21357750327376454,7,95.0,0.30261602277175925,4,54.0,0.25857476611070085,19,256.0
3405.0,11,35.0,0.3723404255319149,5.010098830779806,3,112.0,0.2815189822016509,7,108.0,0.28530616818039695,1,37.0,0.3246122387104103,11,257.0
3410.0,14,39.0,0.39,4.761135601312821,8,143.0,0.21997335085437578,6,89.0,0.20890968170903906,0,21.0,0.3627068334609659,14,253.0
3415.0,14,59.0,0.6082474226804123,5.604105436313999,9,153.0,0.27084951314405803,3,60.0,0.2811598340724536,2,24.0,0.4506274497408505,14,237.0
3420.0,7,18.0,0.18947368421052632,4.939643271822255,4,132.0,0.2311580364938043,2,54.0,0.3045012946157828,1,16.0,0.379980600229258,7,202.0
3425.0,19,68.0,0.6666666666666666,5.623404786548536,6,92.0,0.2599247268918684,7,82.0,0.2881726451539514,6,34.0,0.3348804873733146,19,208.0
3430.0,22,127.0,1.3229166666666667,5.035676443419606,3,56.0,0.3626300334879605,14,137.0,0.24554097430220231,5,46.0,0.23546549908684122,22,239.0
3435.0,20,94.0,0.9591836734693877,4.309194134703789,1,40.0,0.3433327241734674,15,176.0,0.164087169022592,4,42.0,0.21275553813314807,20,258.0
3440.0,20,89.0,0.9175257731958762,5.043290962247424,7,61.0,0.30224977370549216,10,168.0,0.17706346198113534,3,34.0,0.35663698958291545,20,263.0
3445.0,26,90.0,0.9183673469387755,4.626300508438811,9,77.0,0.3052373204000133,12,145.0,0.13823078953553,5,36.0,0.3800124064034324,26,258.0
3450.0,11,38.0,0.3958333333333333,5.950154353552445,3,62.0,0.386607996958363,6,139.0,0.3334035937864263,2,21.0,0.4683923459595035,11,222.0
3455.0,13,69.0,0.696969696969697,6.488288516985993,3,38.0,0.4023340831813575,4,121.0,0.4173195998145975,6,35.0,0.40248994353563605,13,194.0
3460.0,16,114.0,1.1287128712871286,6.060658761462878,4,42.0,0.427178021974299,4,104.0,0.4606414627576622,8,54.0,0.28325886007983186,16,200.0
3465.0,12,75.0,0.7575757575757576,6.172672739531863,5,58.0,0.464766559333642,1,86.0,0.5129386398056893,6,66.0,0.2467436742251546,12,210.0
3470.0,14,41.0,0.3867924528301887,5.346675829626331,1,28.0,0.39457320979117727,7,95.0,0.3325156705536855,6,90.0,0.16178697299017666,14,213.0
3475.0,32,147.0,1.4411764705882353,4.309011067421465,7,27.0,0.24797947509673218,14,150.0,0.15730458450982449,11,138.0,0.1553846605051653,32,315.0
3480.0,37,192.0,2.0869565217391304,2.366215046211919,12,76.0,0.07838770133598506,14,189.0,0.05685313814327625,11,162.0,0.0674327313031368,37,427.0
3485.0,36,222.0,2.4130434782608696,3.4142181547069566,19,158.0,0.18618332023712347,11,183.0,0.2405536686847182,6,148.0,0.22252736680112076,36,489.0
3490.0,25,185.0,1.9680851063829787,5.134961553896529,16,210.0,0.25643600894573065,3,135.0,0.39349425126262605,6,119.0,0.3226788051100157,25,464.0
3495.0,17,116.0,1.1372549019607843,5.914373657502612,8,191.0,0.3223119198338928,4,102.0,0.47230367566493575,5,112.0,0.33086131582882716,17,405.0
3500.0,8,25.0,0.24271844660194175,5.86518524922145,4,179.0,0.2983377280962284,2,72.0,0.4509373655763824,2,87.0,0.33655566305585116,8,338.0
3505.0,24,67.0,0.6261682242990654,4.996359704787249,8,202.0,0.16931968055988023,9,84.0,0.22778965451699007,7,97.0,0.2376511781305478,24,383.0
3510.0,30,156.0,1.625,3.906023205443693,12,247.0,0.14816519814277668,6,89.0,0.18467812143406048,12,145.0,0.19498869393698431,30,481.0
3515.0,26,129.0,1.5,2.779811747408968,12,263.0,0.16231686778433438,1,50.0,0.21481797174170658,13,174.0,0.20243080807498823,26,487.0
3520.0,25,86.0,0.9052631578947369,4.087391708190363,12,222.0,0.2047829719946378,3,56.0,0.37403134452245895,10,167.0,0.2184431284741347,25,445.0
3525.0,25,82.0,0.8367346938775511,4.257482372896665,7,235.0,0.2016143529996696,9,85.0,0.37058458771911634,9,186.0,0.1906010312136844,25,506.0
3530.0,29,101.0,0.9619047619047619,3.2794466595049467,11,279.0,0.12795044887981444,7,91.0,0.13343353532509147,11,233.0,0.11772590267421884,29,603.0
3535.0,22,74.0,0.74,3.84045381477044,7,276.0,0.23425047017464784,4,68.0,0.2607801727519101,11,249.0,0.19259664126481985,22,593.0
3540.0,13,50.0,0.5319148936170213,4.5343290934990526,5,222.0,0.20223263714480663,2,44.0,0.49056962571625806,6,188.0,0.24305912714030264,13,454.0
3545.0,14,26.0,0.2524271844660194,4.73460174162393,7,220.0,0.1665088681189619,2,32.0,0.5985145614868405,5,141.0,0.2333655553278126,14,393.0
3550.0,21,71.0,0.6761904761904762,4.56217584770027,11,264.0,0.15690505323931153,7,51.0,0.4052678329384478,3,146.0,0.23148350782272067,21,461.0
3555.0,36,199.0,1.8773584905660377,3.0809909312119714,16,333.0,0.09470315775583268,11,95.0,0.06220277430758444,9,176.0,0.1672817768400293,36,604.0
3560.0,38,272.0,2.7755102040816326,2.6887208157426015,21,425.0,0.09544726275461203,10,120.0,0.13412546292599076,7,182.0,0.17815964424380068,38,727.0
3565.0,37,219.0,2.212121212121212,3.0048687566293943,25,466.0,0.11506550651274422,6,94.0,0.32695552046163123,6,140.0,0.23470405627544705,37,700.0
3570.0,25,154.0,1.5098039215686274,4.569161147547367,20,436.0,0.15017137995250224,2,49.0,0.5221986187758421,3,120.0,0.3172749836745155,25,605.0
3575.0,24,121.0,1.1523809523809523,3.8582723209636742,16,479.0,0.10231130381788096,1,43.0,0.46420393897054585,7,142.0,0.20558566299940895,24,664.0
3580.0,29,127.0,1.1869158878504673,3.6156780234856263,19,575.0,0.08969142560674317,4,56.0,0.36758323363815626,6,141.0,0.12627976977556846,29,772.0
3585.0,22,82.0,0.845360824742268,3.805090294896038,14,592.0,0.13223827982842365,4,62.0,0.4226762376237276,4,101.0,0.24286773795727373,22,755.0
3590.0,7,20.0,0.19801980198019803,4.400598236090387,6,510.0,0.14963609281195264,1,46.0,0.44127489412677273,0,40.0,0.29343192186995,7,596.0
3595.0,8,33.0,0.32038834951456313,6.103714528816972,4,403.0,0.2319857807446506,2,29.0,0.5873529480223615,2,25.0,0.389181708727463,8,457.0
3600.0,5,8.0,0.07920792079207921,5.238280164875445,2,371.0,0.19401864423693785,2,23.0,0.43981049746449097,1,10.0,0.3450703111953499,5,404.0
