step,system_total_stopped,system_total_waiting_time,system_mean_waiting_time,system_mean_speed,A0_stopped,A0_accumulated_waiting_time,A0_average_speed,B0_stopped,B0_accumulated_waiting_time,B0_average_speed,C0_stopped,C0_accumulated_waiting_time,C0_average_speed,agents_total_stopped,agents_total_accumulated_waiting_time
5.0,0,0.0,0.0,7.890152965796492,0,0.0,0.48662803053583187,0,0.0,0.6893736842624014,0,0.0,0.664748594479804,0,0.0
10.0,1,0.0,0.0,10.281474777943055,1,0.0,0.6515694629783941,0,0.0,0.9245004865189105,0,0.0,0.8070104347864613,1,0.0
15.0,0,0.0,0.0,9.477974059875782,0,0.0,0.6309721097224262,0,0.0,0.2940584112956224,0,0.0,0.5580435053419743,0,0.0
20.0,0,0.0,0.0,11.123661023013925,0,0.0,0.7748307819306974,0,0.0,0.8738258728592859,0,0.0,0.7598527570165038,0,0.0
25.0,8,0.0,0.0,6.790691033244997,3,0.0,0.4589860282226935,2,0.0,0.6105693650196412,3,0.0,0.27334996584396754,8,0.0
30.0,0,0.0,0.0,9.511398621673063,0,0.0,0.6079564127989309,0,0.0,0.8406839459073673,0,0.0,0.6309310628156795,0,0.0
35.0,3,9.0,0.32142857142857145,10.135210910690978,2,6.0,0.4897434256277682,0,0.0,0.7847577066565432,1,3.0,0.7417509501958305,3,9.0
40.0,6,26.0,0.7878787878787878,7.150010134798304,4,20.0,0.33467143612682215,2,6.0,0.37554170156479166,0,0.0,0.613822806103301,6,26.0
45.0,5,26.0,0.8387096774193549,8.541534975956276,3,27.0,0.48127398134097443,2,18.0,0.6334319036285415,0,0.0,0.8302179688303928,5,45.0
50.0,0,0.0,0.0,6.945223897550091,0,16.0,0.3892395944180489,0,4.0,0.6319779997183308,0,0.0,0.4043215254319746,0,20.0
55.0,4,4.0,0.09302325581395349,9.258259030357522,3,7.0,0.4767610602600922,0,4.0,0.8398697175885462,1,0.0,0.652336628478581,4,11.0
60.0,3,11.0,0.2682926829268293,8.108947570019513,1,5.0,0.37082109551133136,1,8.0,0.6271860341410649,1,5.0,0.4839450892981005,3,18.0
65.0,9,38.0,0.8444444444444444,6.286533510531319,6,25.0,0.2901771889343537,0,3.0,0.4750176055837467,3,16.0,0.3740325029336194,9,44.0
70.0,10,62.0,1.4761904761904763,7.265877550978298,10,67.0,0.35989970558651857,0,0.0,0.6331827736797627,0,6.0,0.7444245321903196,10,73.0
75.0,14,118.0,2.4583333333333335,6.016902246733465,12,120.0,0.28645356546045125,1,4.0,0.4687408436351829,1,1.0,0.602451991078811,14,125.0
80.0,18,197.0,4.020408163265306,6.661676899341824,16,190.0,0.2593093490883151,2,14.0,0.7195120045816841,0,0.0,0.7441891057114596,18,204.0
85.0,29,279.0,5.072727272727272,4.0719613217758805,22,279.0,0.07308612616526076,2,8.0,0.3844630684085017,5,5.0,0.3297845660815464,29,292.0
90.0,31,417.0,8.01923076923077,3.80359635123245,23,390.0,0.14690028926280907,2,6.0,0.42558001836806947,6,29.0,0.3721437336019896,31,425.0
95.0,23,342.0,6.452830188679245,3.597354304891367,20,432.0,0.1837567266878478,2,16.0,0.18522724372858573,1,31.0,0.45291865737027104,23,479.0
100.0,21,254.0,4.163934426229508,4.977579934233351,15,402.0,0.18235615430566268,4,34.0,0.516447897645495,2,15.0,0.4981837450295863,21,451.0
105.0,15,168.0,2.625,5.773083813649112,14,428.0,0.18091176222429012,0,14.0,0.7610705101865126,1,11.0,0.49860144159209696,15,453.0
110.0,22,165.0,2.323943661971831,5.64710999813329,18,509.0,0.06799728942496829,0,4.0,0.6811819023143408,4,27.0,0.2399620074284316,22,540.0
115.0,21,150.0,2.5,4.80699835364956,18,602.0,0.10556730277961937,3,11.0,0.3875167547087329,0,18.0,0.5461505925111185,21,631.0
120.0,12,88.0,1.6923076923076923,3.3251291165337085,11,607.0,0.07728643896933513,1,9.0,0.3100163571238625,0,0.0,0.5466102095638581,12,616.0
125.0,11,45.0,0.75,6.299750919719674,7,521.0,0.22687474254764958,2,15.0,0.6518683786458848,2,10.0,0.6318239629665044,11,546.0
130.0,12,45.0,0.7258064516129032,6.311548149690107,8,545.0,0.23062226281152437,2,8.0,0.6955024310510355,2,20.0,0.6223021474139606,12,573.0
135.0,15,65.0,0.9285714285714286,5.182436629057971,11,596.0,0.12390666368816863,4,22.0,0.298644263321092,0,5.0,0.5508517924655009,15,623.0
140.0,28,166.0,2.7666666666666666,3.596912667997,18,672.0,0.10112719610047877,8,56.0,0.1539479659327486,2,8.0,0.48611314733074656,28,736.0
145.0,24,116.0,1.901639344262295,2.0390895568641336,16,675.0,0.06195390497391947,6,64.0,0.05361698389037763,2,5.0,0.28074391987042735,24,744.0
150.0,12,62.0,1.0,6.101648128611145,8,576.0,0.23542048477451885,2,34.0,0.6157931778440449,2,11.0,0.6298937722806208,12,621.0
155.0,11,63.0,0.984375,6.285726031070482,7,599.0,0.25658362010606334,2,24.0,0.6524551262030074,2,21.0,0.6382355724345412,11,644.0
160.0,18,97.0,1.3472222222222223,6.1173429381909195,14,654.0,0.16680008213450725,4,36.0,0.5423023622375305,0,3.0,0.6830461688096827,18,693.0
165.0,14,46.0,0.6764705882352942,5.645688452507684,13,631.0,0.14656109614079166,0,12.0,0.5158606901048514,1,4.0,0.6351308742577454,14,647.0
170.0,15,46.0,0.696969696969697,4.511446419304059,6,535.0,0.13757404718078298,4,12.0,0.30698088551861474,5,21.0,0.29723193501667394,15,568.0
175.0,10,36.0,0.5714285714285714,5.778520504596862,6,401.0,0.26066250657529727,1,19.0,0.6091155707611958,3,23.0,0.3290074203951729,10,443.0
180.0,4,6.0,0.09836065573770492,6.970138493442402,4,407.0,0.2762753159598602,0,9.0,0.7741021543676584,0,5.0,0.6790200682217548,4,421.0
185.0,10,34.0,0.5074626865671642,6.534158904961178,9,443.0,0.23811180664200635,0,4.0,0.6352715124834909,1,6.0,0.5036119615714113,10,453.0
190.0,13,47.0,0.746031746031746,6.060079035147926,6,422.0,0.24158324299687392,3,10.0,0.4356059154035266,4,21.0,0.48164544936197096,13,453.0
195.0,10,38.0,0.6229508196721312,4.7025180641186966,3,282.0,0.2003476534103736,6,35.0,0.2625176686598528,1,19.0,0.3161671230159917,10,336.0
200.0,10,74.0,1.2333333333333334,6.082724381319547,1,275.0,0.25051074129315876,8,73.0,0.4116618563098673,1,8.0,0.6071463715731155,10,356.0
205.0,21,130.0,1.9696969696969697,5.116105811020492,7,294.0,0.11035049312686654,11,118.0,0.2512259948953856,3,0.0,0.32144686997098987,21,412.0
210.0,18,136.0,2.193548387096774,4.999188372421871,11,342.0,0.1066943357067813,6,127.0,0.31572723477227077,1,4.0,0.6162720334374803,18,473.0
215.0,14,77.0,1.375,4.612011275235788,10,326.0,0.2161629730563897,2,88.0,0.3407200161265645,2,14.0,0.6705187726415305,14,428.0
220.0,10,47.0,0.746031746031746,6.073373087044468,5,237.0,0.2799633140442374,2,37.0,0.48754756309694103,3,26.0,0.6117501492840857,10,300.0
225.0,11,32.0,0.5,6.918120601767118,8,214.0,0.32464156701236324,2,22.0,0.6611874998566317,1,21.0,0.7292449675060931,11,257.0
230.0,7,28.0,0.3888888888888889,5.898746496469501,6,244.0,0.17635442931532158,1,12.0,0.5185327560613469,0,2.0,0.598554397771535,7,258.0
235.0,13,30.0,0.4411764705882353,5.147522550643139,8,220.0,0.13623960675336125,3,21.0,0.4910075373195079,2,4.0,0.4797764641471198,13,245.0
240.0,11,34.0,0.5483870967741935,4.962645240364502,4,151.0,0.1837870712576867,2,21.0,0.48940934471056524,5,23.0,0.1923218426767095,11,195.0
245.0,10,31.0,0.45588235294117646,5.738526254218438,5,167.0,0.23207779941374246,2,16.0,0.5024691733406724,3,38.0,0.4212196603081949,10,221.0
250.0,13,53.0,0.8153846153846154,6.125110188173097,10,206.0,0.21336125198596187,2,14.0,0.6149385267344267,1,17.0,0.644468630766007,13,237.0
255.0,17,69.0,1.0,4.284617010792303,10,214.0,0.09651224371731734,4,27.0,0.39969553956539366,3,18.0,0.32061732744032745,17,259.0
260.0,14,61.0,0.9242424242424242,5.516594610729155,6,166.0,0.19488237794289429,2,32.0,0.6224978594470352,6,41.0,0.27564767645783894,14,239.0
265.0,15,31.0,0.4492753623188406,4.760701472948719,8,187.0,0.1684718731837216,2,13.0,0.493783480707806,5,50.0,0.34169149025093487,15,250.0
270.0,16,70.0,1.0144927536231885,6.115852949597706,12,235.0,0.19295320562847917,2,11.0,0.690417874680135,2,30.0,0.5639831678608112,16,276.0
275.0,19,151.0,2.253731343283582,5.627354358161698,15,303.0,0.11607061717327949,2,21.0,0.5857951689370824,2,25.0,0.6347885598191454,19,349.0
280.0,16,101.0,1.4027777777777777,5.0339040946956475,14,312.0,0.09257257326124349,0,4.0,0.6131116695393355,2,8.0,0.5032054266985889,16,324.0
285.0,14,63.0,0.9,6.10306321569702,8,252.0,0.18910737719041676,1,7.0,0.6328466367347478,5,24.0,0.40440885594495607,14,283.0
290.0,11,32.0,0.463768115942029,5.398342324526053,5,162.0,0.1870581580672752,2,7.0,0.44774473884750066,4,30.0,0.18715482149993318,11,199.0
295.0,11,33.0,0.5076923076923077,6.61017768812891,9,194.0,0.25628270042799794,1,11.0,0.702915452969062,1,28.0,0.41196717352566825,11,233.0
300.0,16,61.0,0.953125,6.641571728791933,11,242.0,0.19523098290535085,3,10.0,0.545799580013713,2,18.0,0.5667762611385272,16,270.0
305.0,12,51.0,0.75,5.504682346777499,5,241.0,0.22587701642923486,5,30.0,0.30636496132259294,2,13.0,0.41344262139863974,12,284.0
310.0,15,86.0,1.323076923076923,5.819409507005295,1,164.0,0.25661632139435747,11,73.0,0.2910110353332294,3,24.0,0.5030535948714755,15,261.0
315.0,20,164.0,2.342857142857143,5.671361911880356,3,115.0,0.2274064834171433,13,131.0,0.339465785263934,4,43.0,0.2739274986770382,20,289.0
320.0,9,85.0,1.2142857142857142,6.154805083700962,2,101.0,0.32582949955113427,6,138.0,0.3870063767640727,1,29.0,0.4126662224855622,9,268.0
325.0,10,14.0,0.18666666666666668,5.9283129101684615,2,80.0,0.30770262499590456,5,97.0,0.3554235730515097,3,4.0,0.5224284018796822,10,181.0
330.0,15,58.0,0.7631578947368421,6.54693025860354,4,91.0,0.42615999707026403,10,54.0,0.2793570264596287,1,5.0,0.6530549143214499,15,150.0
335.0,16,78.0,1.04,5.965254325931568,6,115.0,0.35673349888336797,7,74.0,0.25884023230103204,3,17.0,0.6117979348003597,16,206.0
340.0,13,53.0,0.6463414634146342,5.187058314899062,7,123.0,0.26575800538540223,5,59.0,0.1889204176000128,1,15.0,0.48494749444283763,13,197.0
345.0,11,39.0,0.5,5.8099152609714695,5,108.0,0.2775860970321747,6,77.0,0.27180097190190705,0,1.0,0.6570491544841061,11,186.0
350.0,18,53.0,0.6385542168674698,5.099438885679683,5,117.0,0.20502488235371097,11,97.0,0.2846924135905779,2,6.0,0.37124166835268496,18,220.0
355.0,25,93.0,1.0689655172413792,5.012620155251854,9,155.0,0.26231442982357445,11,120.0,0.17906978600810242,5,28.0,0.496957982468158,25,303.0
360.0,21,101.0,1.2469135802469136,3.775469440874175,4,160.0,0.17578598874922477,10,127.0,0.13532167321523547,7,54.0,0.2828667818269778,21,341.0
365.0,23,170.0,2.073170731707317,4.418015518806187,4,130.0,0.20302721253294645,11,145.0,0.22826568341062867,8,91.0,0.1569310104506724,23,366.0
370.0,20,182.0,2.275,5.603223116390657,2,92.0,0.2196956141136154,13,184.0,0.34723949308924174,5,90.0,0.3161719162605083,20,366.0
375.0,22,240.0,2.857142857142857,5.785944642351548,5,83.0,0.2078747308051306,15,244.0,0.3280844110227688,2,37.0,0.4029236871790032,22,364.0
380.0,23,351.0,4.3875,6.206413818531747,4,80.0,0.31182616148731307,17,322.0,0.27812156298252494,2,13.0,0.5562629577393733,23,415.0
385.0,25,306.0,3.9740259740259742,4.871004275632172,8,90.0,0.2606230104864716,13,337.0,0.26724151545969105,4,23.0,0.282750932206748,25,450.0
390.0,17,147.0,1.9090909090909092,5.501281778090575,1,61.0,0.47120973614313044,16,296.0,0.2517587848455542,0,7.0,0.611363771354575,17,364.0
395.0,18,123.0,1.5185185185185186,6.2447017163129255,4,30.0,0.47777366228242724,13,319.0,0.21321023980048606,1,5.0,0.7167972473298134,18,354.0
400.0,25,142.0,1.7108433734939759,5.265351115013862,8,58.0,0.2734829207739404,16,389.0,0.1884331845296829,1,2.0,0.6182918108843654,25,449.0
405.0,25,167.0,2.141025641025641,4.735329709551181,12,107.0,0.1558658699567379,13,418.0,0.1930394058425987,0,0.0,0.7716721720343129,25,525.0
410.0,25,189.0,2.2771084337349397,4.228290820442394,13,161.0,0.22802986508399356,12,384.0,0.16844608600032518,0,2.0,0.40654328528841643,25,547.0
415.0,29,265.0,3.0813953488372094,4.670967788234209,17,237.0,0.2271952385458732,9,420.0,0.17448686270494135,3,15.0,0.5469826038233306,29,672.0
420.0,25,266.0,3.2439024390243905,3.544617301656165,15,284.0,0.13104873674619547,9,433.0,0.16214057332781331,1,12.0,0.4203893485705688,25,729.0
425.0,32,292.0,3.3181818181818183,4.874133127157017,15,276.0,0.14385664993874445,15,483.0,0.23320305825506638,2,7.0,0.46150723100091046,32,766.0
430.0,33,362.0,4.258823529411765,4.830928565602652,12,285.0,0.15299692074395674,19,570.0,0.21969071074215676,2,17.0,0.46711601345788356,33,872.0
435.0,30,290.0,3.372093023255814,3.583927582952713,9,312.0,0.13794164613804244,17,583.0,0.10031768915257824,4,33.0,0.3818011304227421,30,928.0
440.0,25,135.0,1.588235294117647,4.375880749396961,8,355.0,0.2795807315999486,17,489.0,0.08134709094189325,0,14.0,0.6082892818756608,25,858.0
445.0,25,141.0,1.6785714285714286,5.267188100183918,8,392.0,0.26671902128995784,13,431.0,0.2272994322241179,4,9.0,0.5193016436399954,25,832.0
450.0,17,126.0,1.5,5.268052873165594,10,432.0,0.30145335422855357,7,398.0,0.24859187683768524,0,10.0,0.6667515616845705,17,840.0
455.0,23,176.0,2.0229885057471266,4.842645596084999,13,487.0,0.18485599133679861,10,427.0,0.2709423428758671,0,0.0,0.664473397925496,23,914.0
460.0,29,200.0,2.197802197802198,4.441989333265392,14,509.0,0.08720534595672748,12,476.0,0.29326350394229156,3,6.0,0.34317201703929484,29,991.0
465.0,34,254.0,2.953488372093023,4.1425756701147955,12,474.0,0.15398538512565632,16,546.0,0.1563252143904535,6,25.0,0.3718679412909911,34,1045.0
470.0,39,323.0,3.755813953488372,2.643860207519264,13,532.0,0.07237852991069785,23,641.0,0.04760556867330453,3,31.0,0.2153692333743272,39,1204.0
475.0,38,326.0,3.835294117647059,4.027369056034731,17,614.0,0.10494228301850266,19,657.0,0.1746732324572805,2,12.0,0.5311826469018067,38,1283.0
480.0,32,258.0,3.0714285714285716,4.7425235615438845,17,699.0,0.1386084212006767,13,548.0,0.25256934595594166,2,7.0,0.5920368299172754,32,1254.0
485.0,24,152.0,1.6888888888888889,4.479290541975348,10,695.0,0.2163081070823534,11,598.0,0.18255448985536657,3,18.0,0.5009923544361778,24,1311.0
490.0,21,149.0,1.7126436781609196,5.032178060670465,6,599.0,0.27253656993615655,11,651.0,0.1943106961233554,4,36.0,0.5695410440320354,21,1286.0
495.0,26,85.0,0.9659090909090909,3.601034796016346,10,578.0,0.12719381284589446,13,624.0,0.12090082492763578,3,36.0,0.3184428033912612,26,1238.0
500.0,21,82.0,0.9318181818181818,4.5002488233287075,9,618.0,0.19845857458008567,11,527.0,0.1706133807188928,1,20.0,0.6428497017074357,21,1165.0
505.0,28,140.0,1.4893617021276595,5.499149239739576,13,671.0,0.21411430754470542,11,396.0,0.31715694453273946,4,15.0,0.5378450169400124,28,1082.0
510.0,23,182.0,1.9782608695652173,5.840280952363152,7,651.0,0.3175861512209789,13,366.0,0.2944314414626241,3,27.0,0.6684251683657504,23,1044.0
515.0,23,231.0,2.510869565217391,5.603995885676957,4,555.0,0.33514768301580417,16,341.0,0.26392839881360325,3,42.0,0.6131066696575889,23,938.0
520.0,26,192.0,1.900990099009901,4.644991950627119,7,577.0,0.21914741448673844,14,370.0,0.21106481878261146,5,63.0,0.5081369052797241,26,1010.0
525.0,30,187.0,1.8333333333333333,5.2542530478964276,11,617.0,0.18434747130691742,13,356.0,0.24966967305661514,6,88.0,0.43911975893337957,30,1061.0
530.0,20,55.0,0.55,3.7868949148677933,10,591.0,0.08383928651840852,7,363.0,0.19124128152397846,3,52.0,0.26192658482791364,20,1006.0
535.0,20,79.0,0.8404255319148937,4.941589309224535,5,499.0,0.2627884878804214,11,326.0,0.19977340090449894,4,20.0,0.5257121887810489,20,845.0
540.0,20,59.0,0.6276595744680851,4.153570808070951,5,507.0,0.22961249699962993,14,306.0,0.1092288241021118,1,18.0,0.5292144118868035,20,831.0
545.0,25,96.0,1.0212765957446808,4.437864750771966,9,547.0,0.12979530781859389,14,288.0,0.18457585014645622,2,9.0,0.5433309188191792,25,844.0
550.0,21,130.0,1.4285714285714286,5.27994510106976,7,512.0,0.1253088041729715,12,262.0,0.24768124324589144,2,17.0,0.6641771020694976,21,791.0
555.0,21,103.0,1.1704545454545454,4.515115679035315,5,403.0,0.15525564604950562,12,269.0,0.2736164512713327,4,28.0,0.3398951119402012,21,700.0
560.0,19,109.0,1.2528735632183907,4.786793796016634,2,364.0,0.24269980180107512,12,241.0,0.24069058200422414,5,50.0,0.4933060857061384,19,655.0
565.0,28,124.0,1.3191489361702127,4.554385961762915,10,394.0,0.19108161982697527,16,246.0,0.19229092132844086,2,21.0,0.5042404593510247,28,661.0
570.0,29,241.0,2.619565217391304,5.116174963314691,10,438.0,0.24320158104917025,18,307.0,0.19363060308937433,1,5.0,0.7593897445798975,29,750.0
575.0,27,203.0,2.3068181818181817,3.850734495182387,8,412.0,0.19421400237869182,19,331.0,0.12123545292639727,0,0.0,0.6220783997381661,27,743.0
580.0,23,123.0,1.3516483516483517,4.773846356860564,7,307.0,0.1726616143701008,14,309.0,0.2423378612655014,2,4.0,0.510694129883931,23,620.0
585.0,15,35.0,0.38461538461538464,5.187328473969218,9,333.0,0.17201343212212605,5,282.0,0.3224419500275043,1,1.0,0.5289871166182896,15,616.0
590.0,26,98.0,1.053763440860215,4.577158397449507,13,392.0,0.1279981629003445,9,270.0,0.25509320487613957,4,16.0,0.3473393626630184,26,678.0
595.0,26,96.0,1.1162790697674418,3.8885988086816954,14,390.0,0.2123283922524296,10,260.0,0.1431497447055066,2,28.0,0.48573773610005294,26,678.0
600.0,13,48.0,0.5581395348837209,4.3503622888959,4,305.0,0.181376150764052,9,202.0,0.2530709996917726,0,14.0,0.3598362552226356,13,521.0
605.0,15,89.0,0.9888888888888889,6.339181264961717,4,182.0,0.2136351081553221,9,166.0,0.4133327459403629,2,9.0,0.5051019531995562,15,357.0
610.0,14,133.0,1.4777777777777779,6.979071920790599,3,139.0,0.3220095347910767,11,158.0,0.41966693914219166,0,0.0,0.644939566116012,14,297.0
615.0,13,83.0,0.9431818181818182,5.249850881089563,2,105.0,0.19995253916242028,9,156.0,0.21281786552756993,2,7.0,0.41225062945578705,13,268.0
620.0,20,81.0,1.0253164556962024,5.187404651300825,7,131.0,0.28506777418290524,13,145.0,0.11509737289576201,0,7.0,0.6864568844851342,20,283.0
625.0,22,102.0,1.3076923076923077,5.314353057758114,6,132.0,0.32913911954489045,14,155.0,0.2182032357422466,2,2.0,0.5042983777264435,22,289.0
630.0,18,146.0,1.825,6.13292329258486,4,106.0,0.3776536346612085,13,179.0,0.3086824914903933,1,5.0,0.7163410026954523,18,290.0
635.0,25,221.0,2.5697674418604652,5.22014607527742,4,108.0,0.24068912226842484,18,238.0,0.2647680121998741,3,14.0,0.5612952013523426,25,360.0
640.0,32,226.0,2.511111111111111,4.127449444334523,10,140.0,0.16614683241175549,16,268.0,0.16430179607006432,6,36.0,0.4493293199163764,32,444.0
645.0,32,189.0,2.147727272727273,3.8702006643195364,14,201.0,0.1730171992205548,13,249.0,0.13566727650728153,5,38.0,0.398665234254655,32,488.0
650.0,24,142.0,1.6136363636363635,3.9396996252081267,14,220.0,0.08877232013252291,8,188.0,0.2551411820290777,2,33.0,0.2847928052898948,24,441.0
655.0,19,132.0,1.5348837209302326,5.825315190261197,7,169.0,0.1782404837150303,10,178.0,0.4390220995039145,2,41.0,0.37245665156020524,19,388.0
660.0,19,117.0,1.3604651162790697,5.535618226773218,8,131.0,0.16346237608431374,6,177.0,0.3753908073543879,5,61.0,0.2114052046008049,19,369.0
665.0,21,99.0,1.1785714285714286,5.38226937896922,7,111.0,0.2814886087688462,8,136.0,0.35422142802546575,6,71.0,0.30510996957399583,21,318.0
670.0,14,83.0,0.9764705882352941,6.423355633682869,3,96.0,0.42196909985426184,10,152.0,0.29495783811295906,1,53.0,0.575207993390848,14,301.0
675.0,16,54.0,0.5934065934065934,5.8581324551941085,3,92.0,0.34318571949568266,11,152.0,0.2867607796554234,2,25.0,0.4228546544330324,16,269.0
680.0,12,48.0,0.5517241379310345,6.168000144385793,3,90.0,0.3500113434096591,6,104.0,0.2964060066353641,3,20.0,0.5479435738125739,12,214.0
685.0,16,75.0,0.8426966292134831,6.129589137672112,3,73.0,0.23858107365302442,7,87.0,0.29255395755813224,6,23.0,0.408232417744878,16,183.0
690.0,19,112.0,1.3176470588235294,5.721683525138485,3,80.0,0.19564176329086616,14,133.0,0.2709432520296272,2,10.0,0.41409527963835374,19,223.0
695.0,32,239.0,3.103896103896104,5.231953347567838,9,109.0,0.13256302510665158,17,206.0,0.09180294380442773,6,24.0,0.2263869761500267,32,339.0
700.0,26,302.0,4.4411764705882355,4.070246824531035,5,118.0,0.13774079213166115,20,300.0,0.025996085773437694,1,27.0,0.2668677913459315,26,445.0
705.0,16,232.0,3.7419354838709675,5.02454833480698,2,83.0,0.2486730841847971,14,327.0,0.2740379632593512,0,6.0,0.49306297759090634,16,416.0
710.0,11,104.0,1.4444444444444444,5.9738459106497945,2,77.0,0.2557580721214478,7,273.0,0.3608825660852092,2,6.0,0.534409208809845,11,356.0
715.0,13,48.0,0.631578947368421,6.2787734489475495,5,92.0,0.28673959238948005,6,252.0,0.30301457379129765,2,11.0,0.7554434942497225,13,355.0
720.0,12,49.0,0.6533333333333333,5.662253777952053,3,95.0,0.26632921515767155,8,281.0,0.24407789305486852,1,16.0,0.595639213195785,12,392.0
725.0,15,78.0,1.04,5.370712963579899,4,80.0,0.2426309571833299,11,332.0,0.2961869305852509,0,5.0,0.47301890471365554,15,417.0
730.0,13,61.0,0.8356164383561644,4.950456524310468,2,66.0,0.2090472900346822,11,324.0,0.23217775393059434,0,0.0,0.621611977191596,13,390.0
735.0,15,52.0,0.6582278481012658,5.37350242805699,5,81.0,0.2153701097432384,9,260.0,0.3148122846762625,1,6.0,0.5001758447257869,15,347.0
740.0,14,61.0,0.7439024390243902,5.727365214728989,7,108.0,0.26561442045829886,7,239.0,0.3099497747586767,0,2.0,0.7946009315434621,14,349.0
745.0,21,102.0,1.2289156626506024,5.069524660418172,11,149.0,0.1805082251256156,7,254.0,0.2671105662722169,3,2.0,0.5047578454814673,21,405.0
750.0,21,95.0,1.2179487179487178,3.653795480601747,9,149.0,0.14573162333110212,9,235.0,0.1589116354443948,3,10.0,0.4511549993766129,21,394.0
755.0,20,86.0,1.1025641025641026,3.9686942696300935,8,138.0,0.20647283553740617,11,195.0,0.18983698930192652,1,12.0,0.5179403069424873,20,345.0
760.0,18,79.0,0.9080459770114943,5.091925403794195,8,123.0,0.2319012825402545,8,186.0,0.2703909145311705,2,11.0,0.5698583355454331,18,320.0
765.0,17,76.0,0.8260869565217391,5.8962158436017695,7,147.0,0.27589122344474076,8,179.0,0.24488297574323611,2,20.0,0.6626156639052841,17,346.0
770.0,18,74.0,0.8043478260869565,4.867587670042592,9,184.0,0.11790834256269447,5,160.0,0.2548152691594231,4,30.0,0.35077477100148374,18,374.0
775.0,23,100.0,1.1904761904761905,4.249612171594829,12,243.0,0.2517837193104455,9,133.0,0.18639971863608873,2,11.0,0.5357435517979002,23,387.0
780.0,24,139.0,1.6162790697674418,5.031047429513557,7,249.0,0.26805723600830683,15,140.0,0.1796508439754917,2,12.0,0.707650794098935,24,401.0
785.0,31,219.0,2.380434782608696,5.49365378798059,8,213.0,0.3077580561170086,20,204.0,0.22277795888429944,3,24.0,0.6547527720353332,31,441.0
790.0,29,311.0,3.49438202247191,5.442685576317621,7,178.0,0.35415303491748756,22,306.0,0.2062071425473419,0,9.0,0.5689175630971911,29,493.0
795.0,27,270.0,2.8421052631578947,4.991025888777647,6,185.0,0.2909925428344407,19,357.0,0.23927050847746212,2,4.0,0.42607806148644256,27,546.0
800.0,22,167.0,1.7956989247311828,5.880278275047945,9,218.0,0.24698879015976846,11,328.0,0.29075384034028257,2,14.0,0.4504681279701858,22,560.0
805.0,21,95.0,1.043956043956044,5.309140493258503,11,269.0,0.13457095647899936,3,305.0,0.2575516065123291,7,26.0,0.39822785263776583,21,600.0
810.0,28,197.0,2.2906976744186047,5.222344297565139,17,338.0,0.1786175628068648,7,324.0,0.25714806227867953,4,48.0,0.5864935946530104,28,710.0
815.0,36,358.0,4.211764705882353,4.406517415514541,21,437.0,0.1585348299492267,11,355.0,0.17950650319707387,4,68.0,0.5273811999304604,36,860.0
820.0,40,369.0,4.054945054945055,3.635843341006395,19,478.0,0.16811135193661475,14,358.0,0.10127050499217254,7,96.0,0.43562256037340596,40,932.0
825.0,34,304.0,3.4157303370786516,4.691968079453791,16,443.0,0.15054597312268408,12,308.0,0.2789861635671822,6,124.0,0.36058370987181254,34,875.0
830.0,23,291.0,3.269662921348315,5.301877780351392,11,355.0,0.13846675562572486,4,189.0,0.3912242172100202,8,158.0,0.2161502437260602,23,702.0
835.0,23,284.0,3.380952380952381,5.319467716271278,12,411.0,0.21731170585119325,3,178.0,0.37594896855585686,8,198.0,0.3008148834554281,23,787.0
840.0,27,344.0,4.246913580246914,4.601508195325114,12,472.0,0.1919501168844168,6,165.0,0.2518448511211837,9,241.0,0.3042429455676554,27,878.0
845.0,27,346.0,4.023255813953488,4.677383211136451,8,460.0,0.24761716511828843,9,142.0,0.2144537161308449,10,291.0,0.4140572421411506,27,893.0
850.0,17,358.0,4.261904761904762,5.656635834968946,3,380.0,0.31710022021279194,4,84.0,0.32082532950912934,10,339.0,0.3233389282088898,17,803.0
855.0,18,413.0,4.8023255813953485,5.097392374896838,1,377.0,0.22309366704262415,5,74.0,0.35548817664517374,12,399.0,0.24034596029762645,18,850.0
860.0,21,177.0,2.0344827586206895,4.6452358535024265,7,403.0,0.17847398644890924,8,84.0,0.2847319384540479,6,321.0,0.3452047909021144,21,808.0
865.0,24,61.0,0.6853932584269663,3.759466697304967,10,393.0,0.10428897184667778,10,89.0,0.13936153380911193,4,141.0,0.3783972744952811,24,623.0
870.0,18,54.0,0.6067415730337079,4.813071542550909,5,327.0,0.23065476625589926,9,87.0,0.2082504316938159,4,147.0,0.3640811034191201,18,561.0
875.0,20,81.0,0.9418604651162791,4.284708444073095,5,300.0,0.16095275624278532,6,104.0,0.2922439937919917,9,178.0,0.20320431949377457,20,582.0
880.0,24,110.0,1.2222222222222223,4.637962676719079,9,338.0,0.16197902918003246,10,112.0,0.2974256424459856,5,135.0,0.37182285596063336,24,585.0
885.0,24,139.0,1.5108695652173914,4.82949655614715,13,392.0,0.18471639727576644,10,127.0,0.19950737684380887,1,38.0,0.5936378777278264,24,557.0
890.0,29,198.0,2.25,3.9234446967698022,16,463.0,0.06557170497954329,10,128.0,0.13571152274517878,3,30.0,0.4133838768421083,29,621.0
895.0,32,322.0,4.025,4.257103652692756,19,554.0,0.10579847781226522,8,123.0,0.26003255910582485,5,52.0,0.442271559194528,32,729.0
900.0,33,433.0,5.697368421052632,3.8929518116969604,23,660.0,0.03165915782858829,5,130.0,0.34052145653829735,5,75.0,0.3640314360163316,33,865.0
905.0,41,591.0,7.2073170731707314,3.5193049511605436,26,785.0,0.08727751950195768,9,122.0,0.27793834493886893,6,107.0,0.4237590760453746,41,1014.0
910.0,42,704.0,8.380952380952381,3.7539705516020723,29,925.0,0.15832403584986005,12,148.0,0.20566270869608955,1,75.0,0.5015041753436625,42,1148.0
915.0,46,843.0,9.064516129032258,3.5264095158717996,33,1084.0,0.09090743219805654,12,169.0,0.0967447740683677,1,8.0,0.536296157993862,46,1261.0
920.0,42,725.0,7.967032967032967,3.8471948397462756,30,1117.0,0.06886655321067593,9,126.0,0.10923886158666,3,17.0,0.49482557541637945,42,1260.0
925.0,37,528.0,6.211764705882353,4.0837032406425955,26,1015.0,0.061816890894748004,3,80.0,0.3428379099063864,8,41.0,0.1560473203603687,37,1136.0
930.0,25,387.0,4.89873417721519,4.275313917197212,19,1118.0,0.11142812077612485,2,79.0,0.38926012036392954,4,43.0,0.2897918140015075,25,1240.0
935.0,29,351.0,4.558441558441558,4.60835744743301,20,1210.0,0.1379115857939584,9,89.0,0.2916505050621222,0,13.0,0.5647821603793746,29,1312.0
940.0,29,289.0,3.567901234567901,4.097789212811014,20,1310.0,0.09836369567796889,8,102.0,0.29735949712926774,1,4.0,0.5409610996275266,29,1416.0
945.0,22,180.0,2.2222222222222223,4.617429953939963,17,1268.0,0.106235770467171,3,62.0,0.34774838599022795,2,1.0,0.670928202204197,22,1331.0
950.0,15,84.0,0.9767441860465116,5.475599147404988,11,1074.0,0.10728295763392691,3,36.0,0.3701780649293819,1,6.0,0.4290499403749942,15,1116.0
955.0,12,46.0,0.5974025974025974,5.719533976212862,9,914.0,0.20639173981077596,3,33.0,0.36533576760968994,0,2.0,0.6781000110199163,12,949.0
960.0,13,50.0,0.6666666666666666,5.639238581384986,5,841.0,0.2623812764497486,8,51.0,0.3865741837255338,0,2.0,0.6456510728536172,13,894.0
965.0,24,123.0,1.5185185185185186,5.528425543021389,11,882.0,0.2550521210234936,13,102.0,0.30375424441595106,0,2.0,0.6483883599854745,24,986.0
970.0,24,101.0,1.2317073170731707,4.402792116461117,9,833.0,0.20993483219755005,13,131.0,0.17294754411581917,2,9.0,0.6758050651408567,24,973.0
975.0,17,43.0,0.5180722891566265,4.237873872307387,5,682.0,0.179844776625716,10,123.0,0.20167113033490872,2,6.0,0.47234797260015493,17,811.0
980.0,7,32.0,0.3902439024390244,6.297931012479961,3,499.0,0.26590834088903387,3,129.0,0.36159674925594376,1,6.0,0.7038666897879946,7,634.0
985.0,18,48.0,0.5454545454545454,5.897846365774196,5,496.0,0.288077473614264,8,131.0,0.3765870487897328,5,14.0,0.49897347335516445,18,641.0
990.0,27,144.0,1.6363636363636365,5.700516776597849,8,524.0,0.22636307218478915,16,187.0,0.2703525694153451,3,27.0,0.6735900975719725,27,738.0
995.0,28,164.0,1.9523809523809523,4.005302253665154,10,497.0,0.18087275803128197,15,213.0,0.13346228931021517,3,40.0,0.58288453584037,28,750.0
1000.0,22,85.0,0.9770114942528736,4.68283387077397,6,406.0,0.19903480147641833,14,207.0,0.21855179752274131,2,21.0,0.4580812017149117,22,634.0
1005.0,14,88.0,1.0232558139534884,6.517092901844556,3,265.0,0.2891284330452282,7,162.0,0.3322360999172378,4,18.0,0.3434209848089045,14,445.0
1010.0,21,150.0,1.744186046511628,5.798939326111426,2,252.0,0.21465963589625528,9,158.0,0.41039365646621956,10,57.0,0.13970584009185955,21,467.0
1015.0,30,270.0,3.5064935064935066,4.8618700055844295,7,278.0,0.1822695512283426,11,159.0,0.2514797988729448,12,103.0,0.1704288808255664,30,540.0
1020.0,37,434.0,6.2,3.766813066522367,13,331.0,0.11875277653802459,14,203.0,0.13274621075355117,10,153.0,0.15871708103978624,37,687.0
1025.0,29,376.0,5.295774647887324,3.9750971297068713,10,316.0,0.17308903440630624,8,208.0,0.17287265730942747,11,207.0,0.23020862939093817,29,731.0
1030.0,16,144.0,2.057142857142857,5.451844716802253,6,196.0,0.3195821840408421,4,106.0,0.3785062997780403,6,197.0,0.34940606153188675,16,499.0
1035.0,10,32.0,0.4050632911392405,6.152746453670782,5,173.0,0.26049274316848237,3,88.0,0.476097880203124,2,90.0,0.4318786729820908,10,351.0
1040.0,12,49.0,0.5833333333333334,6.365594566253081,7,206.0,0.25237105126592524,4,102.0,0.4082686150812281,1,87.0,0.4663388393427303,12,395.0
1045.0,23,89.0,1.0470588235294118,4.8094769456747795,7,166.0,0.11158927285255996,7,132.0,0.29914810068920344,9,113.0,0.13882787551669296,23,411.0
1050.0,21,133.0,1.7733333333333334,4.975751260303616,3,122.0,0.18420604195135426,12,183.0,0.2500270359585299,6,99.0,0.24370700244892596,21,404.0
1055.0,14,161.0,2.3,5.343113345663871,0,113.0,0.19213564073998582,14,250.0,0.2949164605422336,0,38.0,0.4284861757949261,14,401.0
1060.0,21,249.0,3.32,5.691843144929942,4,127.0,0.15577878874503692,15,319.0,0.26398465472486266,2,7.0,0.4785717101515982,21,453.0
1065.0,29,358.0,4.904109589041096,4.684051500017676,8,157.0,0.1722278185920095,20,401.0,0.21667622415807025,1,4.0,0.531550094007987,29,562.0
1070.0,27,329.0,4.386666666666667,3.831372963727196,11,205.0,0.0911987020937698,13,381.0,0.19130423056108647,3,16.0,0.2799359757482755,27,602.0
1075.0,25,188.0,2.506666666666667,4.410285537077117,10,218.0,0.2176114376205279,13,287.0,0.198578332827954,2,21.0,0.4911240744474752,25,526.0
1080.0,13,64.0,0.8533333333333334,4.668404222086702,10,211.0,0.21931263914056506,3,269.0,0.3414843923455287,0,8.0,0.5097329737930748,13,488.0
1085.0,19,88.0,1.035294117647059,5.2992604495460585,9,255.0,0.18836831201434576,8,282.0,0.333891268519033,2,7.0,0.6279929151034309,19,544.0
1090.0,24,100.0,1.1764705882352942,4.368235943918128,13,307.0,0.09634465971922768,9,266.0,0.20650833532998206,2,17.0,0.592983119927836,24,590.0
1095.0,25,91.0,1.058139534883721,3.6042365452557634,11,339.0,0.15298903327775354,12,223.0,0.10666532484506987,2,9.0,0.5382598589093491,25,571.0
1100.0,16,65.0,0.7386363636363636,5.0912409986990665,3,300.0,0.30555266344072207,11,267.0,0.1915689011449824,2,15.0,0.5922906639812643,16,582.0
1105.0,22,82.0,0.9111111111111111,4.421467932896428,4,284.0,0.1797416772740043,12,290.0,0.20337017369843097,6,33.0,0.30495470595913227,22,607.0
1110.0,15,66.0,0.7415730337078652,4.150082012883896,5,308.0,0.1597720015799144,9,270.0,0.14181740167764018,1,22.0,0.39264034826115957,15,600.0
1115.0,22,98.0,1.180722891566265,4.154835291065037,9,348.0,0.15770131966099785,13,223.0,0.19887432028521224,0,7.0,0.679452808224272,22,578.0
1120.0,21,110.0,1.2359550561797752,5.0077352461375435,7,339.0,0.2601097448089808,13,170.0,0.2104368951381506,1,5.0,0.6864782441395637,21,514.0
1125.0,23,109.0,1.184782608695652,5.394949679703965,4,272.0,0.35939977585996463,17,213.0,0.22138186571040583,2,15.0,0.6081621575070686,23,500.0
1130.0,29,122.0,1.2842105263157895,4.37805219628355,8,293.0,0.1812118202833121,15,205.0,0.15494604870740727,6,36.0,0.2893166363307385,29,534.0
1135.0,31,141.0,1.5842696629213484,3.256302055510414,12,335.0,0.10762433163051462,9,233.0,0.14625460406101512,10,75.0,0.2112024365918224,31,643.0
1140.0,37,251.0,2.988095238095238,3.05820250974689,15,407.0,0.12378355799299028,10,222.0,0.15064205301713815,12,134.0,0.24415374021180844,37,763.0
1145.0,29,181.0,1.989010989010989,3.4995254632100683,11,418.0,0.19216223379773054,11,222.0,0.1261558675908007,7,139.0,0.3391414312734695,29,779.0
1150.0,18,80.0,0.8791208791208791,4.636700753684724,7,352.0,0.20489241535611966,11,220.0,0.242345233199192,0,83.0,0.38564236963016635,18,655.0
1155.0,15,53.0,0.5578947368421052,5.82066689360671,8,259.0,0.15765495182754338,5,202.0,0.3611441222652541,2,18.0,0.3621592117891307,15,479.0
1160.0,17,53.0,0.5698924731182796,6.048170189019886,7,287.0,0.2642754688723995,8,165.0,0.3455112385993391,2,20.0,0.5391592532870627,17,472.0
1165.0,29,103.0,1.0957446808510638,4.745941800403527,12,332.0,0.19722224110414355,8,169.0,0.21486077973316073,9,47.0,0.30317944200274055,29,548.0
1170.0,14,56.0,0.6222222222222222,4.328160648191495,3,318.0,0.25112705795762386,8,141.0,0.13012034731731315,3,47.0,0.2905650890325187,14,506.0
1175.0,11,28.0,0.345679012345679,4.59745408935187,2,252.0,0.2494715666820392,9,146.0,0.22300504832468396,0,19.0,0.3575507009123595,11,417.0
1180.0,17,52.0,0.5909090909090909,5.108863448925599,5,241.0,0.25861224371606856,9,150.0,0.31536527561048333,3,28.0,0.4132304557968856,17,419.0
1185.0,22,96.0,1.032258064516129,4.58716972113542,5,265.0,0.27686690895751004,10,151.0,0.14602010419613232,7,56.0,0.4265418213203766,22,472.0
1190.0,27,132.0,1.434782608695652,3.224735800408591,6,246.0,0.18341621391078122,12,149.0,0.10963793274315423,9,101.0,0.21766996986593753,27,496.0
1195.0,25,175.0,1.9662921348314606,3.99556639246968,4,195.0,0.2663630708704913,7,158.0,0.21356564531431133,14,157.0,0.17744069757640227,25,510.0
1200.0,21,116.0,1.3333333333333333,3.6832842439784015,4,196.0,0.23332765302302544,8,153.0,0.23889633930540044,9,171.0,0.24453628397645272,21,520.0
1205.0,24,118.0,1.2291666666666667,4.767866257606975,8,225.0,0.24798257551609104,13,160.0,0.15582169236317306,3,121.0,0.4196474499092913,24,506.0
1210.0,25,187.0,1.9893617021276595,4.907173651884728,5,216.0,0.26107592837091226,18,228.0,0.20302163957672684,2,62.0,0.5036674661780273,25,506.0
1215.0,26,164.0,1.6565656565656566,4.139825342458213,5,156.0,0.1844903240860516,19,280.0,0.24694935190113665,2,46.0,0.31683994368295254,26,482.0
1220.0,21,130.0,1.3,5.480593216385167,3,107.0,0.2717253650126687,11,263.0,0.3068416679494048,7,68.0,0.2844037165258192,21,438.0
1225.0,14,50.0,0.5208333333333334,4.631903072763201,5,70.0,0.1861268915394173,3,266.0,0.30847812209891046,6,70.0,0.160453282169844,14,406.0
1230.0,15,89.0,0.9368421052631579,5.722506617431619,4,69.0,0.35886118374072695,8,278.0,0.3369280513306591,3,40.0,0.3705916981955213,15,387.0
1235.0,19,102.0,1.0625,5.468581881584872,2,46.0,0.4074771584531116,13,334.0,0.2562315391064299,4,40.0,0.3663292486673031,19,420.0
1240.0,32,235.0,2.3737373737373737,5.527455388653535,5,45.0,0.43775232671976383,19,418.0,0.16730806042743837,8,71.0,0.2440676976168027,32,534.0
1245.0,34,251.0,2.8202247191011236,3.7963035448912006,8,77.0,0.30938769702133134,19,447.0,0.07718108890232786,7,81.0,0.22586540719795511,34,605.0
1250.0,33,234.0,2.6,3.463559922924732,14,137.0,0.07934779106977564,14,357.0,0.18507866321874342,5,63.0,0.2031639337106754,33,557.0
1255.0,34,281.0,3.1931818181818183,5.05910108240566,21,229.0,0.13197607129597894,7,271.0,0.3514340639480351,6,55.0,0.3069435536092966,34,555.0
1260.0,25,226.0,2.627906976744186,4.510739081266021,17,282.0,0.10413946837531689,5,271.0,0.3428927990301456,3,55.0,0.33523195499480374,25,608.0
1265.0,25,174.0,1.9550561797752808,5.236562068004888,12,252.0,0.2379579882642364,8,250.0,0.3184150674641248,5,75.0,0.3735868651320226,25,577.0
1270.0,30,195.0,2.1666666666666665,4.820012753604378,12,240.0,0.3345307236042395,8,228.0,0.2581010778444505,10,115.0,0.2991425385990662,30,583.0
1275.0,26,130.0,1.3402061855670102,5.135647814013454,10,206.0,0.2724476549236592,7,150.0,0.3067004632782249,9,128.0,0.17413481539506231,26,484.0
1280.0,17,92.0,0.989247311827957,6.162234496105971,6,209.0,0.2960822594093965,6,76.0,0.40732752347291284,5,91.0,0.3049982814491975,17,376.0
1285.0,22,58.0,0.6105263157894737,5.760377859376493,10,235.0,0.17876205595604636,4,70.0,0.3708168083006664,8,82.0,0.21206589409668403,22,387.0
1290.0,18,102.0,1.1724137931034482,5.724641191856646,9,280.0,0.2891350914313245,8,62.0,0.26155344131593117,1,89.0,0.5087322075939524,18,431.0
1295.0,24,139.0,1.6352941176470588,4.905209585246091,7,280.0,0.2894767244175624,13,100.0,0.2245030715805665,4,102.0,0.3786807292450429,24,482.0
1300.0,37,245.0,2.6630434782608696,4.31031199355735,9,236.0,0.3448945270949921,19,184.0,0.16602639119247986,9,135.0,0.2601844380643569,37,555.0
1305.0,33,224.0,2.4347826086956523,4.132596067432072,7,255.0,0.32537566105521626,19,238.0,0.13223821472084218,7,146.0,0.2843271800245102,33,639.0
1310.0,25,145.0,1.4795918367346939,4.545598582489595,10,296.0,0.14291095403752546,10,235.0,0.2704904583357449,5,125.0,0.2236623473697487,25,656.0
1315.0,23,123.0,1.3369565217391304,5.123691732228798,13,353.0,0.10841684273897507,4,173.0,0.36226199849372576,6,98.0,0.31642247844724847,23,624.0
1320.0,28,188.0,2.186046511627907,4.60378742763853,19,436.0,0.045975549993875285,4,169.0,0.3794637254736771,5,76.0,0.28732955543645455,28,681.0
1325.0,34,324.0,3.7241379310344827,4.442940103366812,21,541.0,0.14171791359621128,9,180.0,0.207070765333293,4,78.0,0.5008325623652408,34,799.0
1330.0,37,462.0,5.191011235955056,4.152338635114287,25,659.0,0.14767702179408362,8,178.0,0.2287040536410667,4,78.0,0.4286136529174144,37,915.0
1335.0,34,520.0,5.3061224489795915,3.9179327428443176,30,798.0,0.029819704272233055,3,120.0,0.24890967594524624,1,50.0,0.38667242540723806,34,968.0
1340.0,46,707.0,7.684782608695652,3.8870697375465557,37,968.0,0.04638059961330364,4,127.0,0.19702624816702888,5,37.0,0.41445617347383895,46,1132.0
1345.0,52,700.0,7.954545454545454,2.1086064727268634,34,1039.0,0.06085321097351052,12,168.0,0.09233572904904915,6,40.0,0.2223865128773793,52,1247.0
1350.0,38,505.0,5.738636363636363,3.5784154427726786,24,976.0,0.14381113666003648,11,174.0,0.2207553241165245,3,41.0,0.35311966169674464,38,1191.0
1355.0,29,393.0,4.366666666666666,5.610587855190376,19,813.0,0.12466126213953196,8,115.0,0.38137645559892075,2,28.0,0.39591311440567817,29,956.0
1360.0,18,301.0,3.236559139784946,6.77244173618488,12,863.0,0.18782403154566224,2,81.0,0.4782367800523032,4,36.0,0.43419004489678364,18,980.0
1365.0,21,248.0,2.9879518072289155,5.996613977685856,14,921.0,0.20180926562531945,3,72.0,0.3519928182421265,4,53.0,0.4973995437954529,21,1046.0
1370.0,18,84.0,1.05,4.106163849716075,10,882.0,0.17427114637466862,7,94.0,0.22255323969959728,1,22.0,0.44104539524187497,18,998.0
1375.0,19,102.0,1.2592592592592593,5.738201038353049,5,736.0,0.30282443855426616,13,149.0,0.2118968898433953,1,2.0,0.7781298867124451,19,887.0
1380.0,19,91.0,1.0963855421686748,4.5781253792633505,5,742.0,0.20140430506104204,12,172.0,0.17443455743527742,2,12.0,0.6132340833211946,19,926.0
1385.0,16,65.0,0.7558139534883721,4.71591936819538,10,779.0,0.13379240812115678,6,126.0,0.21542065619401987,0,11.0,0.46022338976940724,16,916.0
1390.0,17,109.0,1.379746835443038,4.55699691028686,16,848.0,0.09797738239445512,1,134.0,0.29248430038119355,0,0.0,0.6440157632625938,17,982.0
1395.0,33,238.0,2.975,3.6649264058261473,23,951.0,0.07385702664595832,8,161.0,0.23871639071184517,2,2.0,0.46624611097486435,33,1114.0
1400.0,32,251.0,3.0240963855421685,3.819482569351905,20,945.0,0.11740461841044321,8,157.0,0.18539532610554652,4,20.0,0.5515747924103346,32,1122.0
1405.0,30,184.0,2.1904761904761907,3.9917217053876692,18,814.0,0.1065966731101774,5,111.0,0.2756257333861608,7,45.0,0.2300525204757615,30,970.0
1410.0,17,103.0,1.2409638554216869,5.813777663826189,12,626.0,0.2066618907432769,2,59.0,0.4111139498841371,3,42.0,0.23635517681226156,17,727.0
1415.0,13,80.0,1.0126582278481013,7.086431605492029,10,474.0,0.22499823566626456,3,63.0,0.4796731474740539,0,7.0,0.6532049331654548,13,544.0
1420.0,15,67.0,0.8375,6.4060962629076155,6,495.0,0.28028577451385084,8,75.0,0.35878804396835773,1,3.0,0.6644057328315761,15,573.0
1425.0,25,133.0,1.6219512195121952,6.710391108762587,8,524.0,0.360452983159844,14,131.0,0.30891734731362325,3,14.0,0.6735841947947083,25,669.0
1430.0,25,124.0,1.5696202531645569,4.141955305270247,6,479.0,0.2621056648653511,12,153.0,0.16372586149355395,7,33.0,0.36681560275079383,25,665.0
1435.0,24,121.0,1.5512820512820513,4.3646468100188756,5,361.0,0.2984800601787168,11,151.0,0.17561363814505504,8,66.0,0.2963396702357949,24,578.0
1440.0,20,184.0,2.4210526315789473,5.496450651766625,3,224.0,0.23736069221088046,7,123.0,0.3303902958635307,10,114.0,0.12335466363278509,20,461.0
1445.0,14,102.0,1.3076923076923077,6.098038670787589,4,151.0,0.29288788089830015,3,123.0,0.42879745957178345,7,117.0,0.2665722839241225,14,391.0
1450.0,8,28.0,0.37333333333333335,5.986034347204986,1,114.0,0.3826114778953829,7,107.0,0.333757382629058,0,64.0,0.4890058576854735,8,285.0
1455.0,16,46.0,0.5542168674698795,5.934977031334656,4,114.0,0.3582348113150455,10,103.0,0.2968523502640141,2,59.0,0.4683550171804887,16,276.0
1460.0,17,90.0,1.0714285714285714,6.046996533022009,6,141.0,0.3842373032559454,4,78.0,0.280655642502141,7,87.0,0.3660154516757203,17,306.0
1465.0,25,107.0,1.3717948717948718,3.961799431592349,10,151.0,0.22964396938202494,8,52.0,0.21636500406264414,7,85.0,0.10641532242220086,25,288.0
1470.0,21,137.0,1.7792207792207793,5.79246247809243,7,113.0,0.23651724548757183,12,102.0,0.40075188759376024,2,49.0,0.335126438014911,21,264.0
1475.0,20,204.0,2.5822784810126582,6.566317642309177,5,101.0,0.22714571754340268,13,160.0,0.4146540443155777,2,23.0,0.5024950909100265,20,284.0
1480.0,15,141.0,1.7848101265822784,6.32513770290965,3,80.0,0.24955828834927707,8,171.0,0.4189444410151476,4,37.0,0.41290658461270463,15,288.0
1485.0,18,112.0,1.4545454545454546,5.835794139775402,5,99.0,0.3346445074349317,9,132.0,0.2277250064937116,4,59.0,0.5270852931030846,18,290.0
1490.0,13,44.0,0.5714285714285714,5.350599091349898,6,121.0,0.25318621637832867,7,135.0,0.2712855878071431,0,28.0,0.47828158470867055,13,284.0
1495.0,15,70.0,0.9333333333333333,5.990433917754018,6,121.0,0.28254036554184886,8,162.0,0.26305834922999605,1,5.0,0.6912897759391042,15,288.0
1500.0,16,46.0,0.6216216216216216,4.648119035781706,5,107.0,0.21537337868405323,10,163.0,0.22759771032252513,1,2.0,0.2597010370993998,16,272.0
1505.0,15,47.0,0.6351351351351351,5.150520390019639,4,113.0,0.25488154320633766,9,139.0,0.2883930441555087,2,10.0,0.5345320036998248,15,262.0
1510.0,18,87.0,1.0740740740740742,6.288746879763226,7,141.0,0.31411956080112474,9,110.0,0.28918160290501266,2,20.0,0.7396285854245337,18,271.0
1515.0,21,157.0,1.8255813953488371,5.853620691667018,8,177.0,0.3036906379940862,10,115.0,0.3073003807677957,3,30.0,0.5920430177196466,21,322.0
1520.0,27,277.0,3.3373493975903616,5.640446999723355,10,225.0,0.30793726384723336,13,144.0,0.316396513527734,4,50.0,0.6428500484040536,27,419.0
1525.0,35,244.0,2.652173913043478,3.788486201089616,19,300.0,0.1705698483426764,12,164.0,0.1660467449494953,4,21.0,0.45427731758688356,35,485.0
1530.0,38,318.0,3.3125,4.36460102825674,25,406.0,0.09526998742845201,9,138.0,0.198979899917391,4,12.0,0.45055618142521175,38,556.0
1535.0,38,452.0,5.078651685393258,3.729297637222433,30,542.0,0.03596463972249876,6,106.0,0.19407244404432125,2,16.0,0.3293941480879351,38,664.0
1540.0,36,425.0,4.941860465116279,3.6502307569784858,30,628.0,0.0375889591670421,4,107.0,0.29611284854261694,2,16.0,0.33312699051883793,36,751.0
1545.0,32,356.0,4.289156626506024,5.07826841225999,22,634.0,0.18299151296947988,8,101.0,0.3450430916698368,2,20.0,0.648308480796015,32,755.0
1550.0,26,283.0,3.0760869565217392,4.686683369915831,17,727.0,0.12583710969037237,9,107.0,0.3252477661094441,0,6.0,0.5076899337376309,26,840.0
1555.0,29,237.0,2.4947368421052634,4.8550938200468865,18,817.0,0.11415589303563935,7,91.0,0.21936231541548243,4,18.0,0.5391383631353214,29,926.0
1560.0,21,156.0,1.793103448275862,3.4748309447449874,14,824.0,0.08977579591541181,7,102.0,0.14404875203631412,0,13.0,0.3038187792307342,21,939.0
1565.0,21,104.0,1.2530120481927711,4.614262440896603,9,720.0,0.21350683059507766,10,133.0,0.22893135680440804,2,8.0,0.5449870458521344,21,861.0
1570.0,23,162.0,1.8202247191011236,5.656956143890285,4,578.0,0.3073315516235238,17,203.0,0.2624086641750249,2,18.0,0.6534768637846992,23,799.0
1575.0,29,264.0,2.778947368421053,5.575090484665701,4,471.0,0.2898869260176301,24,309.0,0.290988335971551,1,2.0,0.4956078113479823,29,782.0
1580.0,24,236.0,2.5376344086021505,5.306766278681116,2,417.0,0.354588736175819,19,355.0,0.20801585606422582,3,11.0,0.4015743722813361,24,783.0
1585.0,31,188.0,2.1123595505617976,4.608644257135171,10,433.0,0.18171683312365886,14,301.0,0.13819419890461074,7,31.0,0.19833424467316194,31,765.0
1590.0,15,46.0,0.5822784810126582,4.247685866077205,9,424.0,0.2270172465133769,6,330.0,0.13713597488044554,0,22.0,0.40296435811976883,15,776.0
1595.0,11,42.0,0.5675675675675675,5.598193247488291,2,349.0,0.334478021842511,9,343.0,0.26515684298806347,0,2.0,0.7497921018993323,11,694.0
1600.0,16,50.0,0.5952380952380952,5.118253162439864,4,362.0,0.2460325284026517,10,329.0,0.27776425769279595,2,8.0,0.6292932611964739,16,699.0
1605.0,21,85.0,0.9770114942528736,5.382478829313559,10,398.0,0.17610200602182335,9,215.0,0.24376989444323868,2,18.0,0.7077507668067065,21,631.0
1610.0,21,69.0,0.8214285714285714,3.502949176425601,12,386.0,0.09184270895935233,6,239.0,0.18920994796778673,3,6.0,0.32455275296359626,21,631.0
1615.0,24,82.0,0.9879518072289156,4.464802765277483,8,315.0,0.2656648256760245,10,260.0,0.21830886607902872,6,29.0,0.3858016855717523,24,604.0
1620.0,19,119.0,1.4166666666666667,5.42761570627304,4,196.0,0.31295840085947974,14,294.0,0.23540771843422093,1,32.0,0.521720455476728,19,522.0
1625.0,22,134.0,1.4725274725274726,5.861819054229915,6,149.0,0.3281257468795366,14,296.0,0.27565149493118185,2,16.0,0.5966011983995819,22,461.0
1630.0,18,127.0,1.3804347826086956,6.932741186790752,6,91.0,0.33036925285529367,10,228.0,0.3635743275822367,2,19.0,0.6137638317434668,18,338.0
1635.0,7,35.0,0.38461538461538464,6.499712197179913,0,58.0,0.27978727848964685,6,135.0,0.3919935395711375,1,2.0,0.30991752235857867,7,195.0
1640.0,22,113.0,1.3452380952380953,6.760731930792447,6,49.0,0.3276953337421962,10,134.0,0.2844496331667251,6,20.0,0.34611110720870547,22,203.0
1645.0,28,180.0,2.4324324324324325,4.756555988866091,9,86.0,0.18811147509245243,12,157.0,0.10910614619901647,7,50.0,0.17234439904475202,28,293.0
1650.0,27,193.0,2.8805970149253732,4.032065785978374,7,100.0,0.2508111879264052,13,175.0,0.1636401593955585,7,87.0,0.389326605724387,27,362.0
1655.0,26,227.0,3.1971830985915495,5.112843388361099,6,86.0,0.39775787311758676,12,192.0,0.23758729278575094,8,125.0,0.45021724787693823,26,403.0
1660.0,22,178.0,2.225,5.19423321721635,5,74.0,0.38368202677138824,13,222.0,0.29029101737293134,4,112.0,0.43442139069301317,22,408.0
1665.0,18,107.0,1.2738095238095237,5.158721857301543,6,92.0,0.28447481993025703,11,226.0,0.27495176490430534,1,33.0,0.5385191332350501,18,351.0
1670.0,20,67.0,0.7362637362637363,5.249498925366586,9,124.0,0.131518219159499,9,183.0,0.2812888488367985,2,12.0,0.392709770237387,20,319.0
1675.0,15,80.0,0.898876404494382,6.528526614633625,5,135.0,0.23018158776076458,6,144.0,0.3602654162828838,4,26.0,0.5142719775902124,15,305.0
1680.0,14,81.0,1.0,5.729036055157703,2,103.0,0.2111840590497328,9,150.0,0.3210435162814629,3,41.0,0.4288124696178911,14,294.0
1685.0,15,108.0,1.2857142857142858,5.292586345254949,2,110.0,0.25154975548641456,8,153.0,0.2788514308299882,5,67.0,0.4332178543156652,15,330.0
1690.0,17,45.0,0.5113636363636364,4.5593815618363,5,129.0,0.26035551780251265,11,169.0,0.15588042443373654,1,37.0,0.4618620051473235,17,335.0
1695.0,22,104.0,1.1428571428571428,4.999784374227887,8,162.0,0.15230002649454566,13,171.0,0.16878440693370428,1,7.0,0.5247025191178128,22,340.0
1700.0,23,158.0,1.9036144578313252,4.979940957215613,9,174.0,0.17090845453214085,13,185.0,0.14320553647762277,1,3.0,0.627603891497343,23,362.0
1705.0,25,126.0,1.5949367088607596,4.236120238775729,9,162.0,0.10312605176548016,12,207.0,0.28072911740697654,4,7.0,0.2998418873599158,25,376.0
1710.0,20,103.0,1.3037974683544304,5.053643080864981,7,177.0,0.24504233866945832,10,180.0,0.30217463732361977,3,24.0,0.5982837871746723,20,381.0
1715.0,22,103.0,1.2117647058823529,4.488907816093468,7,212.0,0.1814563859841152,12,219.0,0.20990808478357584,3,39.0,0.5183846875713354,22,470.0
1720.0,20,73.0,0.8390804597701149,4.358206446993406,8,224.0,0.19758870815545673,12,237.0,0.1734217249859603,0,19.0,0.5504347843413059,20,480.0
1725.0,19,116.0,1.4146341463414633,5.596166554044146,2,169.0,0.24569105885441672,16,272.0,0.22528486518192722,1,3.0,0.5054925905062642,19,444.0
1730.0,18,106.0,1.308641975308642,4.690950425502541,1,136.0,0.20118755171172925,15,286.0,0.2198280868292547,2,6.0,0.31112992092672553,18,428.0
1735.0,19,77.0,0.9506172839506173,4.408352453313713,1,144.0,0.2937083642353163,15,232.0,0.17580604319640378,3,16.0,0.49467169185421006,19,392.0
1740.0,23,131.0,1.5783132530120483,5.297033105433419,5,155.0,0.27656428395528726,16,205.0,0.2276024988759459,2,26.0,0.6848613325464222,23,386.0
1745.0,19,91.0,1.0224719101123596,4.6525230129913,4,150.0,0.3331087500095748,15,248.0,0.14805878284477342,0,2.0,0.6452505944033708,19,400.0
1750.0,16,60.0,0.6818181818181818,5.511875252620138,1,117.0,0.34811344163291524,14,265.0,0.1966721099682735,1,4.0,0.607611616509838,16,386.0
1755.0,22,113.0,1.313953488372093,4.404002813683438,4,125.0,0.14720969396458833,13,269.0,0.20978093528465502,5,21.0,0.23977713507971735,22,415.0
1760.0,30,167.0,2.0365853658536586,3.2898626869546344,9,159.0,0.14649894802247326,11,275.0,0.14769450725716754,10,59.0,0.19748267821635193,30,493.0
1765.0,28,110.0,1.2790697674418605,2.9651190360267035,8,164.0,0.15021908324309616,13,237.0,0.1106695720979025,7,72.0,0.34726183080528866,28,473.0
1770.0,15,59.0,0.6704545454545454,5.003020967724861,4,110.0,0.276587267892644,10,250.0,0.265841357560381,1,36.0,0.5230202410494584,15,396.0
1775.0,11,54.0,0.5806451612903226,6.094825998509004,3,87.0,0.27202142822114816,6,221.0,0.3204998526163953,2,15.0,0.5824273175745234,11,323.0
1780.0,14,94.0,0.9690721649484536,5.992619631116839,6,77.0,0.21978396779704035,8,208.0,0.31613031469306413,0,4.0,0.40970910727436793,14,289.0
1785.0,19,123.0,1.3085106382978724,5.921303689611903,2,58.0,0.26754890745999277,13,254.0,0.21370495815530527,4,13.0,0.38687633653452913,19,325.0
1790.0,26,218.0,2.5057471264367814,5.133053318843406,4,60.0,0.20610008970330282,20,340.0,0.08981671333924958,2,16.0,0.3088041011855632,26,416.0
1795.0,28,230.0,3.066666666666667,4.866568610121057,7,89.0,0.25950330731143295,19,373.0,0.19161747992848316,2,9.0,0.46097249712522215,28,471.0
1800.0,24,151.0,2.157142857142857,4.624688481821281,9,95.0,0.22473290202767968,14,328.0,0.23606388125286706,1,7.0,0.7145388647392187,24,430.0
1805.0,16,118.0,1.4567901234567902,5.31553925802605,7,95.0,0.3054391445396559,7,324.0,0.25819755796871596,2,14.0,0.6226089328813623,16,433.0
1810.0,16,59.0,0.7023809523809523,5.130552899764673,4,108.0,0.3096097698726602,12,359.0,0.19546397350631095,0,2.0,0.7006904254129798,16,469.0
1815.0,18,53.0,0.6091954022988506,4.560362239501513,9,144.0,0.14007769069819337,8,356.0,0.22453287662283022,1,1.0,0.4581756625627338,18,501.0
1820.0,15,51.0,0.5930232558139535,5.082299652473632,6,161.0,0.2382952744642493,9,294.0,0.22633446695355477,0,2.0,0.6793351277054073,15,457.0
1825.0,19,76.0,0.8172043010752689,5.451742348490377,6,140.0,0.2445755670637882,10,233.0,0.22273415689601173,3,7.0,0.5776956262388075,19,380.0
1830.0,15,64.0,0.6956521739130435,5.060907469670425,4,153.0,0.310268951702006,8,248.0,0.185636761032877,3,18.0,0.5815522027897626,15,419.0
1835.0,18,58.0,0.6105263157894737,4.177451822016558,8,181.0,0.14589689706082748,8,244.0,0.17492760518376788,2,16.0,0.2981845998105782,18,441.0
1840.0,22,94.0,0.9690721649484536,3.9065423028209243,10,226.0,0.07337238493946313,9,249.0,0.21565703991806312,3,13.0,0.3648261066365628,22,488.0
1845.0,29,177.0,1.923913043478261,4.439214532441757,16,296.0,0.1725261674643724,11,228.0,0.2120647183494938,2,19.0,0.6542610073477316,29,543.0
1850.0,28,176.0,1.7087378640776698,4.060797585884096,12,321.0,0.12942805955072822,13,231.0,0.22572170713996823,3,29.0,0.49877965164430693,28,581.0
1855.0,21,99.0,0.9519230769230769,5.27505671319939,11,290.0,0.15155639736691462,10,227.0,0.2571693122094913,0,8.0,0.671299956192552,21,525.0
1860.0,25,146.0,1.4455445544554455,5.061969782589847,10,249.0,0.14479812553624852,12,252.0,0.23295133980181887,3,12.0,0.27437028470611147,25,513.0
1865.0,28,146.0,1.5051546391752577,4.648676203691474,12,233.0,0.2132036069435668,13,261.0,0.20038016859249264,3,13.0,0.2525049636893654,28,507.0
1870.0,20,84.0,0.9130434782608695,5.02552879488633,5,224.0,0.3052501148127765,15,239.0,0.1818285013679171,0,6.0,0.6377495861179671,20,469.0
1875.0,23,113.0,1.1414141414141414,5.850063452678561,3,227.0,0.3550667019087313,18,217.0,0.19869943089921988,2,4.0,0.5944486838904052,23,448.0
1880.0,27,131.0,1.3645833333333333,5.566823087905928,4,243.0,0.420407817595395,19,275.0,0.17383684185376466,4,16.0,0.6404975861736386,27,534.0
1885.0,29,91.0,0.9578947368421052,3.6982480159442277,10,242.0,0.20291606246147387,16,287.0,0.13935592294646346,3,16.0,0.29033727792115543,29,545.0
1890.0,15,65.0,0.6914893617021277,5.042877226417965,5,216.0,0.27020800734470213,8,295.0,0.24846113701640055,2,12.0,0.3638743769444624,15,523.0
1895.0,16,50.0,0.5263157894736842,5.137206792088319,6,203.0,0.2672610725782908,7,268.0,0.25673648616376377,3,22.0,0.5088425872643212,16,493.0
1900.0,17,49.0,0.4666666666666667,4.942914346205304,7,235.0,0.2500433248007811,9,245.0,0.17407188065486162,1,6.0,0.5399483933922958,17,486.0
1905.0,22,110.0,1.1,4.759948882072307,9,273.0,0.22195135123868479,9,227.0,0.14497154381335114,4,16.0,0.6064752061135577,22,516.0
1910.0,25,124.0,1.2653061224489797,3.5259286815284114,9,270.0,0.10227083502049517,13,221.0,0.17001942175908705,3,22.0,0.1844847831143195,25,513.0
1915.0,26,115.0,1.2105263157894737,4.506147235019507,6,178.0,0.19091498920355604,17,257.0,0.2439844277966531,3,22.0,0.32471085846692954,26,457.0
1920.0,20,95.0,1.0,4.685323418451759,4,187.0,0.23458232714995766,14,251.0,0.19513765737525765,2,22.0,0.5937972526052225,20,460.0
1925.0,28,132.0,1.2571428571428571,4.899803397701622,8,226.0,0.2428976637661336,19,242.0,0.15840640813210685,1,3.0,0.6154443882677083,28,471.0
1930.0,28,164.0,1.6237623762376239,4.269029644097351,9,269.0,0.2537797665930685,16,284.0,0.15297862629484907,3,15.0,0.5955548157765278,28,568.0
1935.0,31,134.0,1.3009708737864079,3.4819557067761484,8,261.0,0.1665839730552193,15,288.0,0.1632114663256367,8,41.0,0.27866627479907535,31,590.0
1940.0,32,201.0,2.0303030303030303,4.040489948489003,7,192.0,0.2171725795208827,14,299.0,0.17571114988890635,11,87.0,0.21698204618468336,32,578.0
1945.0,41,264.0,2.588235294117647,3.3817081982449064,9,211.0,0.12603061771358093,16,329.0,0.17161079357363343,16,152.0,0.20388159539097794,41,692.0
1950.0,36,215.0,2.128712871287129,3.5267879162602083,10,257.0,0.16261609017719006,16,318.0,0.10405323369231999,10,173.0,0.34492109012292516,36,748.0
1955.0,34,205.0,2.0297029702970297,4.773443106752401,15,325.0,0.18910233155195613,16,296.0,0.23709555906676372,3,107.0,0.46850959902246747,34,728.0
1960.0,25,135.0,1.2735849056603774,4.555224883960526,12,335.0,0.1875510240239217,11,297.0,0.24828864217004637,2,103.0,0.43148697600686636,25,735.0
1965.0,21,76.0,0.6972477064220184,4.317958574759982,6,272.0,0.20400654796569306,8,264.0,0.22486508661175791,7,125.0,0.2897464697287894,21,661.0
1970.0,31,163.0,1.4954128440366972,3.651511071038744,7,306.0,0.10478265497452449,11,242.0,0.23756093754503724,13,176.0,0.11805409055279152,31,724.0
1975.0,39,196.0,1.849056603773585,2.9674237205038954,13,362.0,0.09844793760640852,12,247.0,0.16165820839465886,14,192.0,0.13456418273793563,39,801.0
1980.0,30,108.0,1.0588235294117647,3.277249975242756,13,366.0,0.14244176593219227,9,214.0,0.19463028141330915,8,148.0,0.2339904276003002,30,728.0
1985.0,28,126.0,1.1666666666666667,5.326197677734979,6,267.0,0.25544301468951364,15,179.0,0.32592482254777305,7,99.0,0.37518173767180785,28,545.0
1990.0,24,187.0,1.654867256637168,6.0047515815810035,3,274.0,0.29188327743394094,17,213.0,0.38746769817174137,4,87.0,0.4623281830390185,24,574.0
1995.0,34,311.0,2.6134453781512605,5.525611312169991,7,300.0,0.19395292509161577,22,292.0,0.3041093905097081,5,79.0,0.457646285299617,34,671.0
2000.0,27,254.0,2.267857142857143,4.7664812449116365,8,294.0,0.18557983181607668,19,341.0,0.220031743843125,0,52.0,0.5224164888055433,27,687.0
2005.0,27,141.0,1.2589285714285714,4.382744191813673,6,242.0,0.14402288109938613,13,320.0,0.20490120662478753,8,60.0,0.2723680964566656,27,622.0
2010.0,23,98.0,0.9245283018867925,4.526526692121237,3,167.0,0.2747848021446843,8,360.0,0.21009263782999094,12,109.0,0.19996893223331016,23,636.0
2015.0,23,113.0,1.118811881188119,4.156021025061105,2,161.0,0.3267766569992714,10,382.0,0.22159826698652116,11,146.0,0.2051675078988848,23,689.0
2020.0,25,101.0,0.926605504587156,4.270946141267046,7,187.0,0.24762911313357464,11,375.0,0.231249644802603,7,133.0,0.28906634308141466,25,695.0
2025.0,30,140.0,1.2844036697247707,4.253171216527017,13,241.0,0.18644853526255134,11,312.0,0.19434683608040618,6,140.0,0.304470166199946,30,693.0
2030.0,34,193.0,1.8037383177570094,3.6343369187740406,15,266.0,0.10015085874395836,11,232.0,0.18828753938073745,8,168.0,0.1602266894304887,34,666.0
2035.0,36,234.0,2.3168316831683167,4.363067019176373,13,244.0,0.18064455226133866,15,222.0,0.3079009202249668,8,170.0,0.1541279585269351,36,636.0
2040.0,27,262.0,2.7010309278350517,4.432391654888377,8,265.0,0.15458306174873768,15,251.0,0.31693234113804236,4,123.0,0.16205362817900396,27,639.0
2045.0,35,369.0,3.6176470588235294,4.8628747823345675,14,323.0,0.11972446102016249,17,323.0,0.27628287113823474,4,72.0,0.27023932783314203,35,718.0
2050.0,31,271.0,2.8526315789473684,4.100334700345122,13,335.0,0.10844778397132736,16,334.0,0.2302908946364965,2,53.0,0.3125101753194524,31,722.0
2055.0,21,98.0,1.0315789473684212,4.670021495376066,6,295.0,0.22560635056636508,11,277.0,0.2613098604389851,4,51.0,0.4041286607302507,21,623.0
2060.0,18,104.0,1.0505050505050506,5.570689458185441,5,309.0,0.28526026749338845,8,165.0,0.36157949358713426,5,64.0,0.5245114926286706,18,538.0
2065.0,28,120.0,1.1320754716981132,4.9418497455724895,14,353.0,0.20354352680511825,11,124.0,0.28317394280069375,3,32.0,0.47910308148882835,28,509.0
2070.0,23,89.0,0.839622641509434,4.051117292595843,10,345.0,0.17834591335164554,9,135.0,0.20715023473906552,4,26.0,0.4111938656320619,23,506.0
2075.0,25,106.0,0.9906542056074766,4.342625374931283,6,275.0,0.15716718753512296,9,135.0,0.27082259694828786,10,61.0,0.2868145520470157,25,471.0
2080.0,28,152.0,1.4074074074074074,3.468943176873702,6,301.0,0.1328951682479877,8,128.0,0.24065366185746834,14,120.0,0.14484226439904674,28,549.0
2085.0,35,171.0,1.5833333333333333,3.5151928214559853,11,346.0,0.1961652695967099,11,104.0,0.16722255750737017,13,161.0,0.2535444961227455,35,611.0
2090.0,32,177.0,1.5945945945945945,3.3844918048115717,10,338.0,0.13940458711922518,15,130.0,0.19804937732328848,7,149.0,0.2975836443749876,32,617.0
2095.0,30,144.0,1.2521739130434784,3.901181926950873,8,280.0,0.16009908860153282,16,172.0,0.2282052106783922,6,119.0,0.36121406791212585,30,571.0
2100.0,20,98.0,0.8305084745762712,4.4638995227736284,4,195.0,0.14715721436442972,14,191.0,0.2657209956036266,2,126.0,0.2840211719860639,20,512.0
2105.0,19,91.0,0.7583333333333333,4.886998985417473,1,184.0,0.21439939182649972,9,177.0,0.30618266998396515,9,151.0,0.1742702735792015,19,512.0
2110.0,23,94.0,0.8245614035087719,4.464652150000248,6,204.0,0.2111087959716555,10,191.0,0.2458426603668552,7,157.0,0.1992487611753952,23,552.0
2115.0,28,87.0,0.7909090909090909,3.835898875809331,8,202.0,0.1988399148721615,15,205.0,0.19600416480065658,5,129.0,0.2905325214266162,28,536.0
2120.0,19,122.0,1.1296296296296295,5.260717576976083,4,145.0,0.2928212180588339,13,238.0,0.28500947760785234,2,72.0,0.4171108281832128,19,455.0
2125.0,22,96.0,0.8,4.348562536122315,4,80.0,0.22289305823251662,14,263.0,0.22473543857528844,4,61.0,0.28666891059678967,22,404.0
2130.0,21,86.0,0.7107438016528925,4.6717285837611096,2,76.0,0.23332096170675698,12,247.0,0.251917488291399,7,87.0,0.2158093618685026,21,410.0
2135.0,28,135.0,1.1842105263157894,3.692216831258757,8,102.0,0.16131361517272863,7,272.0,0.16878714780275808,13,140.0,0.1275380429566448,28,514.0
2140.0,32,141.0,1.2818181818181817,3.224798328706856,9,114.0,0.20221518580320078,10,273.0,0.12538682158833286,13,168.0,0.21159629037650793,32,555.0
2145.0,20,64.0,0.5818181818181818,4.14760499496037,4,84.0,0.28380488861165576,12,261.0,0.21062772160967633,4,129.0,0.34490148579580787,20,474.0
2150.0,21,59.0,0.5042735042735043,4.339254342296634,2,76.0,0.21078334014223252,13,218.0,0.2486564603140741,6,123.0,0.19401767340844214,21,417.0
2155.0,24,72.0,0.6101694915254238,3.742439114885765,7,99.0,0.1828092920323442,6,228.0,0.193705335808216,11,161.0,0.13506279160912468,24,488.0
2160.0,40,182.0,1.6396396396396395,2.8109875091143532,13,154.0,0.12655878105016727,10,219.0,0.13965816694400127,17,229.0,0.13113599742964577,40,602.0
2165.0,48,335.0,2.9646017699115044,2.2572091421676497,20,239.0,0.12896543767500415,11,223.0,0.10154142887093179,17,313.0,0.17622262662103189,48,775.0
2170.0,46,333.0,2.9210526315789473,2.248067371024266,20,291.0,0.10200399174625842,11,201.0,0.11174483693227867,15,336.0,0.12427256130388284,46,828.0
2175.0,42,258.0,2.168067226890756,3.445254130589744,15,289.0,0.10810771089781562,12,196.0,0.27086955641764465,15,308.0,0.1115449731424116,42,793.0
2180.0,34,194.0,1.6440677966101696,4.307633126317214,12,243.0,0.1943964278163469,10,199.0,0.34489243658236446,12,366.0,0.1375964752062063,34,808.0
2185.0,41,176.0,1.4666666666666666,3.6800391025793213,11,273.0,0.20702576669411862,11,185.0,0.2237380531618544,19,437.0,0.1179737028455153,41,895.0
2190.0,39,148.0,1.264957264957265,3.4396210608139475,12,325.0,0.21488455990761468,12,213.0,0.1518813119504406,15,458.0,0.1714440032909405,39,996.0
2195.0,23,90.0,0.8035714285714286,3.4809461750851898,7,324.0,0.15098782123882096,9,207.0,0.17651221503340234,7,402.0,0.16590029935718795,23,933.0
2200.0,19,59.0,0.5130434782608696,4.500954771356374,6,269.0,0.20648487795824946,8,206.0,0.2621314928536351,5,301.0,0.21961068191067754,19,776.0
2205.0,17,48.0,0.41739130434782606,5.097843576138006,3,184.0,0.3449932976803148,10,184.0,0.25971592765655516,4,310.0,0.29747929348716373,17,678.0
2210.0,23,127.0,1.0495867768595042,5.074853636581018,3,128.0,0.3725592162761204,12,169.0,0.2342444887075722,8,338.0,0.2313816722275603,23,635.0
2215.0,29,175.0,1.4705882352941178,5.253532062071612,2,106.0,0.4122311227953795,19,204.0,0.21786179564254932,8,332.0,0.29321753450219806,29,642.0
2220.0,32,276.0,2.4424778761061945,5.13617144599018,6,118.0,0.34058832578357817,24,300.0,0.26639546658173385,2,255.0,0.2747014112364122,32,673.0
2225.0,32,262.0,2.2982456140350878,3.5776328562724555,8,127.0,0.2528995228970833,18,348.0,0.1744681659847907,6,271.0,0.19506784182665304,32,746.0
2230.0,30,188.0,1.6785714285714286,3.8313009093867074,4,101.0,0.24441872979099127,15,306.0,0.18559909046664347,11,313.0,0.14552683684355774,30,720.0
2235.0,29,152.0,1.3571428571428572,3.2243209942290885,5,125.0,0.16597602812382883,8,347.0,0.2163780308183228,16,378.0,0.08610202491799374,29,850.0
2240.0,37,200.0,1.8181818181818181,3.1259967901494785,10,162.0,0.21106183457284697,10,361.0,0.18904113025362626,17,405.0,0.16051449930737702,37,928.0
2245.0,45,238.0,2.0695652173913044,2.849638975501892,14,182.0,0.16908514731888197,15,404.0,0.22247501058493838,16,360.0,0.14286261525692737,45,946.0
2250.0,38,217.0,1.8389830508474576,3.646835207244118,7,161.0,0.2055709411577789,18,424.0,0.2278278619855207,13,280.0,0.1676887906368008,38,865.0
2255.0,30,127.0,1.0495867768595042,4.132815283841498,8,180.0,0.13800626465789068,11,340.0,0.3224415460776759,11,322.0,0.17593610226618686,30,842.0
2260.0,23,88.0,0.7272727272727273,4.0461429361859516,12,226.0,0.11464632560035277,1,347.0,0.27217175720185505,10,372.0,0.1701119064603589,23,945.0
2265.0,26,100.0,0.9009009009009009,3.387221131910579,10,239.0,0.17761782069937374,8,366.0,0.17660003623567067,8,372.0,0.23616659725302544,26,977.0
2270.0,24,65.0,0.5652173913043478,3.2412234341985857,6,188.0,0.16214882191957525,10,343.0,0.21985306353775227,8,279.0,0.19497330560897777,24,810.0
2275.0,26,75.0,0.6302521008403361,5.141843106470053,7,126.0,0.21257488822634893,12,255.0,0.34423789442964875,7,219.0,0.232188492220677,26,600.0
2280.0,8,50.0,0.423728813559322,5.740560330798594,3,101.0,0.23920682101625318,3,243.0,0.3856801655918814,2,152.0,0.2793072648551746,8,496.0
2285.0,14,73.0,0.6293103448275862,6.279739465007746,4,90.0,0.39198908066733307,8,248.0,0.3798182224834145,2,129.0,0.3678291566604486,14,467.0
2290.0,25,116.0,1.0,5.981347170683765,2,68.0,0.41415262231034333,16,305.0,0.2977953507020156,7,147.0,0.35770715512755813,25,520.0
2295.0,32,152.0,1.3571428571428572,4.305678999417465,7,76.0,0.320338218657094,16,296.0,0.1559686604073098,9,159.0,0.23467870347417005,32,531.0
2300.0,28,119.0,1.1226415094339623,3.9128305592394894,6,90.0,0.2346362466355128,16,257.0,0.1529369935991162,6,131.0,0.20495626213814658,28,478.0
2305.0,24,98.0,0.9158878504672897,4.653626458369037,6,67.0,0.1328557284208469,12,210.0,0.2840112200276871,6,115.0,0.20783781944247254,24,392.0
2310.0,18,96.0,0.9411764705882353,5.553988574020577,3,37.0,0.32115471447415495,8,237.0,0.32834073568031363,7,138.0,0.2259826046415006,18,412.0
2315.0,18,55.0,0.5392156862745098,4.537408345062966,2,35.0,0.3910947130403399,9,228.0,0.20951558696423384,7,141.0,0.23514278224532587,18,404.0
2320.0,23,74.0,0.7047619047619048,4.597382519307546,10,67.0,0.3225506468995113,9,206.0,0.24126188844824567,4,112.0,0.26082292926383016,23,385.0
2325.0,26,128.0,1.2190476190476192,4.007087978596086,14,129.0,0.23017160109180296,8,172.0,0.21152093836297878,4,119.0,0.22033630732074,26,420.0
2330.0,36,200.0,1.8867924528301887,3.572065821361763,16,165.0,0.08941923745147326,11,143.0,0.20511194119612,9,152.0,0.15066949728416187,36,460.0
2335.0,38,218.0,2.1372549019607843,3.4674558673159783,9,161.0,0.21879354370934312,12,169.0,0.18142687067808894,17,215.0,0.12179473923081427,38,545.0
2340.0,32,168.0,1.68,3.415571239703378,7,165.0,0.2737456274575325,10,153.0,0.21233166632331407,15,248.0,0.15166455475840368,32,566.0
2345.0,29,126.0,1.135135135135135,4.098593517370812,8,201.0,0.24676904364891933,10,169.0,0.24653796961437943,11,215.0,0.19320227586188948,29,585.0
2350.0,33,150.0,1.3274336283185841,3.6801872021951576,13,259.0,0.1760226511623555,11,167.0,0.20133902643169113,9,252.0,0.1535952030895099,33,678.0
2355.0,37,178.0,1.5892857142857142,2.913051945493769,13,279.0,0.08757158629073088,9,174.0,0.1411991548359067,15,318.0,0.10098746183553185,37,771.0
2360.0,40,203.0,1.897196261682243,3.1268726855105338,8,217.0,0.25275085829193605,12,164.0,0.20556078318546442,20,407.0,0.14914095646337064,40,788.0
2365.0,38,219.0,1.9210526315789473,3.8220036383223928,7,156.0,0.3010719234167579,13,153.0,0.30236547843932726,18,424.0,0.14730703491248942,38,733.0
2370.0,35,176.0,1.4915254237288136,4.313558523379531,7,116.0,0.3703729146829985,14,178.0,0.2696437136460011,14,360.0,0.16556178673096986,35,654.0
2375.0,29,126.0,1.05,4.9732042984225915,6,120.0,0.30173360027965185,11,179.0,0.3309882532277635,12,308.0,0.1552571398538617,29,607.0
2380.0,20,64.0,0.5470085470085471,4.623381845732269,9,155.0,0.20103912128434642,6,189.0,0.2917431620709043,5,327.0,0.19163210950594206,20,671.0
2385.0,35,149.0,1.3545454545454545,4.052814078559344,12,211.0,0.2661541724472082,12,198.0,0.18836387800901921,11,367.0,0.23732278602260046,35,776.0
2390.0,43,282.0,2.611111111111111,2.798105835835739,17,289.0,0.16255604640324658,12,209.0,0.10994594554452317,14,430.0,0.13423329359505218,43,928.0
2395.0,44,272.0,2.542056074766355,2.402019565716202,15,318.0,0.13538857790205042,15,194.0,0.06706921265003803,14,439.0,0.12977463106267514,44,951.0
2400.0,34,196.0,1.8148148148148149,4.116183237557732,11,283.0,0.16425596695785274,12,213.0,0.28541396986230033,11,385.0,0.15092600394097863,34,881.0
2405.0,29,221.0,2.0275229357798166,5.201134327927891,8,292.0,0.17385966636733916,13,214.0,0.4446850348018848,8,313.0,0.1862604800986929,29,819.0
2410.0,26,174.0,1.5963302752293578,4.3309270876427615,12,350.0,0.15931999363508062,10,216.0,0.28343493565891553,4,317.0,0.2125731526370619,26,883.0
2415.0,31,120.0,1.1320754716981132,3.6961422521689937,10,352.0,0.157569048560796,10,189.0,0.17920688912139204,11,366.0,0.21083295711322755,31,907.0
2420.0,18,93.0,0.9117647058823529,4.788209917118939,1,265.0,0.3636503577144807,10,150.0,0.3202477842107012,7,365.0,0.27845451867900384,18,780.0
2425.0,22,130.0,1.2037037037037037,5.070346193745291,4,227.0,0.29655178913124614,10,162.0,0.4093526479280907,8,271.0,0.25401898247723437,22,660.0
2430.0,21,97.0,0.8508771929824561,4.185927248279948,7,251.0,0.24776658680172237,9,161.0,0.2805641775904895,5,290.0,0.21299803992196456,21,702.0
2435.0,30,139.0,1.208695652173913,3.431383683195483,14,305.0,0.13399926327951245,9,127.0,0.20349052377768187,7,315.0,0.1386457553883688,30,747.0
2440.0,33,172.0,1.5221238938053097,3.0453001675314204,15,314.0,0.09619224509512611,10,117.0,0.1659864603744251,8,298.0,0.12314540121873786,33,729.0
2445.0,23,105.0,0.9545454545454546,4.1724293028908255,10,267.0,0.19232899112958748,9,144.0,0.32131377443835896,4,222.0,0.19516004107187465,23,633.0
2450.0,17,66.0,0.584070796460177,5.134138191798098,7,204.0,0.25316178496129715,9,130.0,0.3809565296823738,1,111.0,0.2649344454194166,17,445.0
2455.0,23,132.0,1.11864406779661,5.895794605795035,6,155.0,0.39759683490034803,14,141.0,0.40170078245953467,3,118.0,0.27631800175679144,23,414.0
2460.0,29,202.0,1.6974789915966386,4.939462157738893,4,138.0,0.35190406277705816,18,206.0,0.27812120799141077,7,144.0,0.1931732344652145,29,488.0
2465.0,35,313.0,2.675213675213675,3.9669048265780313,7,155.0,0.30791865965184056,21,300.0,0.16898537088543467,7,143.0,0.18335912451751638,35,598.0
2470.0,41,463.0,4.097345132743363,3.655315986731998,12,204.0,0.2352835701098791,24,419.0,0.1295620826189622,5,102.0,0.25206124178925526,41,725.0
2475.0,44,487.0,4.271929824561403,3.0651017384909696,19,287.0,0.11489936745133345,19,460.0,0.1763956408833324,6,63.0,0.20230775192438197,44,810.0
2480.0,34,306.0,2.6379310344827585,3.8161449890135266,21,328.0,0.11493450070166435,12,410.0,0.2682579985307963,1,70.0,0.23342028727727587,34,808.0
2485.0,31,166.0,1.4188034188034189,4.2878993249079915,17,304.0,0.11626676277896644,5,282.0,0.3383102101836583,9,96.0,0.1629503499101098,31,682.0
2490.0,28,160.0,1.415929203539823,3.7608020274636593,11,349.0,0.15314900561993317,4,285.0,0.30467216824144994,13,152.0,0.15452541774425718,28,786.0
2495.0,36,171.0,1.5688073394495412,3.282862668356939,14,412.0,0.18386836130590697,7,278.0,0.20448128501163312,15,193.0,0.19820904377180873,36,883.0
2500.0,35,126.0,1.0862068965517242,2.9586766043339177,12,421.0,0.13504633523891602,10,246.0,0.18593807097618242,13,186.0,0.15899058417075868,35,853.0
2505.0,23,94.0,0.8245614035087719,4.449009593448891,7,368.0,0.1698227415306174,6,152.0,0.3395563069564638,10,163.0,0.18188986866971837,23,683.0
2510.0,19,99.0,0.8319327731092437,5.731977983129911,4,263.0,0.16754457142861756,5,65.0,0.5104731727817201,10,162.0,0.19227742199220801,19,490.0
2515.0,18,135.0,1.1946902654867257,6.527738397445923,4,280.0,0.2540834038623411,7,85.0,0.49743895499481966,7,159.0,0.3440868958644373,18,524.0
2520.0,17,55.0,0.5188679245283019,4.992656719755115,7,307.0,0.15411662558286818,9,91.0,0.21482812259877987,1,136.0,0.38482091107284927,17,534.0
2525.0,21,76.0,0.7524752475247525,4.737164882058638,7,301.0,0.21155874568748934,9,72.0,0.21554733497463677,5,139.0,0.336903025292122,21,512.0
2530.0,14,31.0,0.3163265306122449,4.671711894369881,4,235.0,0.3353823001230755,3,77.0,0.2329337947242925,7,144.0,0.29481584676979866,14,456.0
2535.0,15,37.0,0.3592233009708738,5.052846506754785,1,155.0,0.2598541466069016,9,84.0,0.3554882937229264,5,114.0,0.19531636127844243,15,353.0
2540.0,14,46.0,0.44660194174757284,5.682283066611464,2,140.0,0.2922578550692295,10,94.0,0.3098042078761005,2,75.0,0.3470817139694864,14,309.0
2545.0,25,68.0,0.6415094339622641,4.327285734488947,11,169.0,0.1768008441739432,11,99.0,0.16619371219819676,3,66.0,0.36261194376033584,25,334.0
2550.0,27,137.0,1.3173076923076923,4.856772312298292,7,175.0,0.301382702194322,12,109.0,0.17754890023289274,8,95.0,0.37886189757076344,27,379.0
2555.0,21,167.0,1.6213592233009708,4.872308799588345,1,121.0,0.3335677302116182,14,154.0,0.3052164016144423,6,103.0,0.27346773675956604,21,378.0
2560.0,20,122.0,1.1192660550458715,4.748214406236075,3,63.0,0.2954567369800556,12,184.0,0.2843784264537506,5,75.0,0.28719431761473974,20,322.0
2565.0,19,70.0,0.6194690265486725,4.884385379918798,2,59.0,0.2730414879113108,14,186.0,0.2734348854510616,3,86.0,0.2726812229603558,19,331.0
2570.0,32,160.0,1.391304347826087,4.308872118864187,8,87.0,0.1563309351439409,14,183.0,0.1918936676952961,10,117.0,0.16009367688572754,32,387.0
2575.0,44,305.0,2.9326923076923075,3.6912008903127083,8,100.0,0.17661680607204708,21,220.0,0.17120977408637303,15,177.0,0.14333228011547886,44,497.0
2580.0,48,485.0,5.0,3.620280709086689,7,83.0,0.18775486890639373,20,302.0,0.2543311285970465,21,271.0,0.03059171761267716,48,656.0
2585.0,49,695.0,7.02020202020202,3.9866268419917703,4,56.0,0.26073276247985117,20,388.0,0.16492836854196502,25,388.0,0.07855798908938015,49,832.0
2590.0,40,601.0,6.13265306122449,4.222703727216482,2,51.0,0.3479265490425485,16,420.0,0.22194133500965227,22,438.0,0.12298170626987305,40,909.0
2595.0,24,295.0,2.95,4.477103475064623,0,29.0,0.3312018059459478,10,361.0,0.2503348974279082,14,372.0,0.19171073081663215,24,762.0
2600.0,20,119.0,1.1553398058252426,5.82697125492001,4,42.0,0.42820879034259535,6,240.0,0.3397782207654182,10,414.0,0.289066089730569,20,696.0
2605.0,29,98.0,0.9245283018867925,4.524090507745214,4,42.0,0.37001479830513867,7,261.0,0.30104334005546884,18,475.0,0.1456375810940876,29,778.0
2610.0,24,92.0,0.8846153846153846,4.286625569630153,4,42.0,0.29059515677508146,8,284.0,0.31528906681625646,12,478.0,0.13258599704873364,24,804.0
2615.0,25,104.0,1.0,4.375292096397109,4,40.0,0.19205212534654348,14,341.0,0.2514272703558596,7,405.0,0.19133379281782786,25,786.0
2620.0,29,207.0,1.9166666666666667,4.304312021004335,8,73.0,0.1455902317433763,19,423.0,0.20277611082282399,2,400.0,0.1733588725380489,29,896.0
2625.0,40,280.0,2.8282828282828283,3.2021379312492693,12,126.0,0.1409853819969907,19,431.0,0.09348548278011752,9,429.0,0.1654171022087288,40,986.0
2630.0,35,195.0,1.9696969696969697,2.5932886826879793,9,146.0,0.1901187265764044,15,355.0,0.1474465752873746,11,414.0,0.14233339311709187,35,915.0
2635.0,22,132.0,1.2692307692307692,5.153621769089895,7,99.0,0.331453065532819,10,247.0,0.38475397788834437,5,296.0,0.2741347196837128,22,642.0
2640.0,18,101.0,0.9351851851851852,5.133048803322306,6,85.0,0.3342954894384693,7,211.0,0.39552044573725487,5,302.0,0.2522953877117369,18,598.0
2645.0,27,175.0,1.4957264957264957,4.921922441272347,7,92.0,0.3980352287333896,11,187.0,0.30552859064092563,9,336.0,0.19143657788891108,27,615.0
2650.0,32,173.0,1.4913793103448276,3.5654918487180187,5,101.0,0.3750291198672364,13,200.0,0.19280162965743725,14,394.0,0.14421233536435216,32,695.0
2655.0,35,183.0,1.5378151260504203,3.494586239669302,5,120.0,0.31032314279537687,13,188.0,0.18969787045901315,17,413.0,0.08904793507013825,35,721.0
2660.0,29,211.0,1.773109243697479,4.951680523431992,4,125.0,0.3796058469583217,11,198.0,0.24197136979911948,14,366.0,0.15993478997969554,29,689.0
2665.0,28,128.0,1.0578512396694215,4.295909690532662,4,94.0,0.2219646417374197,9,203.0,0.2662545810548662,15,277.0,0.1353584572827551,28,574.0
2670.0,30,108.0,0.9152542372881356,4.3849903332482985,6,98.0,0.2958624290110708,15,178.0,0.19664365961013155,9,295.0,0.24847963653831445,30,571.0
2675.0,29,109.0,0.923728813559322,4.228753721588247,4,102.0,0.2850664145618943,14,223.0,0.16611832794426995,11,337.0,0.16402035332530948,29,662.0
2680.0,30,161.0,1.4,3.790176770941725,4,90.0,0.27819476829237355,12,248.0,0.159571063387636,14,404.0,0.13620153895393453,30,742.0
2685.0,34,223.0,2.0458715596330275,3.065486229197679,3,77.0,0.23232035887320573,12,238.0,0.14278709064818806,19,490.0,0.12396646682192954,34,805.0
2690.0,36,219.0,1.9380530973451326,2.9295815527408307,4,97.0,0.25758102044246983,10,215.0,0.14787382517533157,22,522.0,0.12204802556782436,36,834.0
2695.0,35,197.0,1.7130434782608697,3.037619588096083,8,129.0,0.2748127225041045,11,240.0,0.15019943743459852,16,481.0,0.1560502394554999,35,850.0
2700.0,39,229.0,1.9406779661016949,2.93090727191695,12,176.0,0.17103922434044375,10,261.0,0.15971562653041327,17,549.0,0.08932825697733249,39,986.0
2705.0,41,277.0,2.308333333333333,2.8196482352198644,17,249.0,0.11174159575429962,8,273.0,0.16917404928661692,16,629.0,0.09076028794265796,41,1151.0
2710.0,51,321.0,2.791304347826087,2.313649286783321,16,285.0,0.17452255423469493,13,251.0,0.1182896441551666,22,725.0,0.157923696182394,51,1261.0
2715.0,46,257.0,2.1065573770491803,2.2417624466610055,15,264.0,0.18077392166620146,14,287.0,0.11883268061676851,17,728.0,0.08941917332186022,46,1279.0
2720.0,38,224.0,1.8211382113821137,3.892508861854542,13,236.0,0.21237011866049554,13,295.0,0.17690127912891257,12,640.0,0.1518831061120847,38,1171.0
2725.0,38,224.0,1.792,4.10962345949594,14,277.0,0.11764168986855263,11,309.0,0.2592681722472107,13,503.0,0.12591557341954152,38,1089.0
2730.0,31,167.0,1.3801652892561984,4.187016157075004,12,336.0,0.15439716643731777,12,313.0,0.21920669757301456,7,534.0,0.20809273960203756,31,1183.0
2735.0,35,183.0,1.6486486486486487,3.7356028842757727,11,396.0,0.23073843205719308,13,250.0,0.1586541205278626,11,577.0,0.23516290862408493,35,1223.0
2740.0,38,190.0,1.6666666666666667,3.816583544477676,8,390.0,0.2921955097347341,21,286.0,0.15667188113179178,9,555.0,0.1972299636427153,38,1231.0
2745.0,29,135.0,1.1946902654867257,3.9131080937993827,6,330.0,0.3641744273698902,18,342.0,0.174251441606386,5,451.0,0.20955313596168232,29,1123.0
2750.0,22,83.0,0.6916666666666667,4.390612194527501,7,269.0,0.25407851654179603,14,344.0,0.2135207282803643,1,352.0,0.2266444683580171,22,965.0
2755.0,11,28.0,0.23529411764705882,4.659917854902845,2,256.0,0.2575726212218969,7,340.0,0.23859524240982988,2,304.0,0.2610471160954641,11,900.0
2760.0,24,80.0,0.7017543859649122,4.0812117308059745,6,282.0,0.21877845732332574,10,308.0,0.2163642325871493,7,327.0,0.23753126373027808,23,917.0
2765.0,36,163.0,1.393162393162393,3.3313245430031087,10,323.0,0.26530541746885106,13,296.0,0.11735926557909875,13,378.0,0.17165885263824002,36,997.0
2770.0,46,302.0,2.6491228070175437,3.0293668703703984,14,378.0,0.21281903273769534,10,251.0,0.09947543921013102,22,464.0,0.1341008409544996,46,1093.0
2775.0,46,382.0,3.3508771929824563,2.4232705768468814,19,458.0,0.07439652150997048,6,247.0,0.16208238842090744,21,492.0,0.0814539600559575,46,1197.0
2780.0,41,311.0,2.7767857142857144,3.168703642899236,17,486.0,0.2031642899181419,8,223.0,0.22322601454929858,16,449.0,0.18960044342864107,41,1158.0
2785.0,47,254.0,2.0483870967741935,3.3334782715508924,15,413.0,0.21634720232178029,14,223.0,0.2111271618065601,18,512.0,0.13970865506364757,47,1148.0
2790.0,45,250.0,1.953125,3.453285736755241,13,338.0,0.2647212549186123,14,245.0,0.19405667394796197,18,590.0,0.09761132093066348,45,1173.0
2795.0,36,182.0,1.4796747967479675,3.1085233161839336,11,369.0,0.19680571828832796,11,222.0,0.15519462212129218,14,586.0,0.09635826121551541,36,1177.0
2800.0,27,115.0,0.9426229508196722,3.491752221807406,10,423.0,0.12379435710838681,7,249.0,0.2180549101099767,10,494.0,0.13323949448557007,27,1166.0
2805.0,24,92.0,0.7796610169491526,3.5730411263665287,6,417.0,0.2688586193048763,10,264.0,0.18474889953421827,8,528.0,0.18333806836502742,24,1209.0
2810.0,26,87.0,0.7073170731707317,3.1035128972053228,2,330.0,0.2623913878332604,11,265.0,0.14445730343574023,13,581.0,0.07646573023917012,26,1176.0
2815.0,31,156.0,1.3,3.510366022637404,2,218.0,0.3143607447101288,13,236.0,0.15481773284375494,16,658.0,0.09796053230811629,31,1112.0
2820.0,31,174.0,1.5,3.1325208461571585,2,211.0,0.1897828362133442,11,209.0,0.14889169470828484,18,662.0,0.07251824948147205,31,1082.0
2825.0,33,166.0,1.4188034188034189,3.710334943123587,6,233.0,0.17064662445865927,11,228.0,0.23343340768420395,16,580.0,0.1235592522955272,33,1041.0
2830.0,33,129.0,1.162162162162162,3.4412026516035166,4,213.0,0.2770171165624903,16,239.0,0.1718150720653934,13,598.0,0.17655486371122786,33,1050.0
2835.0,36,173.0,1.4661016949152543,3.641170796283793,4,167.0,0.273015035966001,20,281.0,0.231805835477868,12,662.0,0.10146488958380301,36,1110.0
2840.0,32,136.0,1.1428571428571428,2.8809857708750974,3,175.0,0.26899074274766194,16,314.0,0.1280194407927397,13,644.0,0.11801658221815774,32,1133.0
2845.0,32,90.0,0.7258064516129032,3.3551331964188362,8,198.0,0.08259775990091986,16,305.0,0.18767256267509747,8,535.0,0.14413290801893533,32,1038.0
2850.0,18,102.0,0.85,4.4072342950113255,4,191.0,0.16094089043844917,11,272.0,0.2639483658855229,3,484.0,0.18356325143180233,18,947.0
2855.0,20,83.0,0.7217391304347827,3.9803071808124155,2,148.0,0.1540335419018638,10,283.0,0.2428743229646614,8,512.0,0.11878883023815386,20,943.0
2860.0,30,129.0,1.1415929203539823,2.6038168472856396,3,163.0,0.20907822941439153,13,261.0,0.11843626039811499,14,569.0,0.11571928921845859,30,993.0
2865.0,38,208.0,1.8738738738738738,2.9734662995001604,7,188.0,0.2749588059966305,17,265.0,0.14577280035811357,14,556.0,0.1409677886236348,38,1009.0
2870.0,29,148.0,1.2758620689655173,2.936628311244553,7,187.0,0.2369467568844335,11,301.0,0.1825991657642813,11,405.0,0.1329848425808066,29,893.0
2875.0,25,95.0,0.7916666666666666,4.031364375406872,7,164.0,0.26933582185370536,6,315.0,0.2640861611659196,12,357.0,0.1944115344084821,25,836.0
2880.0,21,66.0,0.5409836065573771,4.431551214928188,5,144.0,0.1559353093228827,7,317.0,0.2591855284681723,9,259.0,0.22250932594839584,21,720.0
2885.0,30,138.0,1.1311475409836065,4.476298876966331,9,185.0,0.18161776974419835,13,357.0,0.20328428329985604,8,190.0,0.28910461221321726,30,732.0
2890.0,30,150.0,1.2605042016806722,4.1418765742291574,12,237.0,0.2167377689890516,16,381.0,0.13267860483433794,2,180.0,0.3879151207956814,30,798.0
2895.0,37,249.0,2.128205128205128,3.9654227673799523,14,301.0,0.12722596080923335,17,368.0,0.10925451222914609,6,187.0,0.34614244056126536,37,856.0
2900.0,40,287.0,2.63302752293578,3.3871679845613656,13,311.0,0.1299214669446405,19,369.0,0.09077341194620356,8,183.0,0.21703549917096757,40,863.0
2905.0,40,244.0,2.238532110091743,3.279260797752509,12,250.0,0.11442753890969438,21,416.0,0.18361321415705373,7,142.0,0.14553980935538563,40,808.0
2910.0,30,201.0,1.8440366972477065,3.889984798152048,9,250.0,0.18611632217745483,18,414.0,0.1837458864843663,3,140.0,0.32371603902474855,30,804.0
2915.0,40,210.0,1.875,4.19816764314635,12,306.0,0.2144643710203778,18,365.0,0.13682650314504982,10,169.0,0.282272775887193,40,840.0
2920.0,35,193.0,1.6929824561403508,3.627159512713516,8,319.0,0.27081996877071357,12,393.0,0.16139008287628553,15,230.0,0.16262004571350436,35,942.0
2925.0,38,265.0,2.4766355140186915,3.5722389292575145,4,274.0,0.2766810424746683,12,398.0,0.21080071553274984,22,327.0,0.11312832265613075,38,999.0
2930.0,44,357.0,3.2162162162162162,2.489281661156642,3,254.0,0.15462548715290594,12,402.0,0.12409608183199862,29,454.0,0.05174092892391371,44,1110.0
2935.0,43,393.0,3.5405405405405403,3.159635077731301,8,281.0,0.22789799200219632,10,356.0,0.1862224947634567,25,521.0,0.1437128740403927,43,1158.0
2940.0,43,376.0,3.357142857142857,3.425966105988116,12,335.0,0.21315419827401927,12,301.0,0.21439979183290614,19,497.0,0.15906283363117046,43,1133.0
2945.0,37,280.0,2.3728813559322033,3.35295600315448,8,339.0,0.24157395297590736,10,311.0,0.2202521519472353,19,525.0,0.12700828002896042,37,1175.0
2950.0,36,194.0,1.6724137931034482,3.9007259833400214,5,280.0,0.22035485069779287,11,284.0,0.2810548932881751,20,618.0,0.12655002577866575,36,1182.0
2955.0,29,158.0,1.3620689655172413,3.932684993343938,6,195.0,0.1888033937292326,12,299.0,0.19310047514405435,11,626.0,0.11542123871424742,29,1120.0
2960.0,21,93.0,0.8532110091743119,3.8441503469208937,4,209.0,0.23374491467643294,13,321.0,0.18481841273393276,4,524.0,0.19486665993115374,21,1054.0
2965.0,27,81.0,0.7105263157894737,3.7899873564814057,12,249.0,0.15980047490460972,11,284.0,0.20792249069746557,4,508.0,0.17057465781259573,27,1041.0
2970.0,29,100.0,0.9090909090909091,3.675614717038172,7,252.0,0.25750854978647525,14,313.0,0.23164979277797756,8,536.0,0.14474988135594533,29,1101.0
2975.0,28,143.0,1.349056603773585,3.243226386988481,3,200.0,0.26994161608235273,11,321.0,0.1751563162655628,14,590.0,0.08161862248723709,28,1111.0
2980.0,34,214.0,1.963302752293578,3.1136381433724702,3,132.0,0.26238999844259203,11,318.0,0.11992426321456723,20,676.0,0.08547323441985263,34,1126.0
2985.0,37,324.0,2.9724770642201834,3.2696061423138856,2,134.0,0.3150748275068323,8,256.0,0.15783143421077708,27,798.0,0.12902659146300083,37,1188.0
2990.0,41,345.0,3.0,2.67873079946318,6,158.0,0.2430351520059657,6,233.0,0.16213193179067528,29,841.0,0.048014689033815394,41,1232.0
2995.0,42,330.0,2.9464285714285716,3.4372063417960885,9,196.0,0.25327229758737124,7,216.0,0.23451521078002904,26,792.0,0.08903133905750747,42,1204.0
3000.0,43,348.0,3.2523364485981308,2.44073195624513,15,254.0,0.10362159865034874,5,201.0,0.1926361378513058,23,901.0,0.07713176090274104,43,1356.0
3005.0,43,298.0,2.6371681415929205,3.030674198984174,14,271.0,0.17309434945194008,6,158.0,0.21639631518561558,23,1019.0,0.10633196862851454,43,1448.0
3010.0,29,189.0,1.7181818181818183,3.1638872564119653,8,221.0,0.25986160956577586,3,154.0,0.2096425162700067,18,1030.0,0.10923311514533451,29,1405.0
3015.0,28,121.0,1.0614035087719298,3.39229297374428,10,222.0,0.18729320839457525,9,157.0,0.19674602326434304,9,905.0,0.1268906659260066,28,1284.0
3020.0,26,106.0,0.9380530973451328,4.456444098903785,13,278.0,0.1482126199477337,6,146.0,0.29470958892801885,7,692.0,0.20021139177055555,26,1116.0
3025.0,29,98.0,0.875,4.066615482406136,15,299.0,0.15162001712309947,7,104.0,0.3046126820869307,7,584.0,0.21931636132264373,29,987.0
3030.0,9,33.0,0.30275229357798167,4.89595662309277,4,252.0,0.2893787835778279,3,120.0,0.3232750545738609,2,542.0,0.24817378708058604,9,914.0
3035.0,18,78.0,0.7289719626168224,4.818262119314846,2,195.0,0.2913698987554634,9,151.0,0.18643022687706037,7,561.0,0.21960975210369768,18,907.0
3040.0,23,100.0,0.9523809523809523,4.010748523237649,4,175.0,0.2310911190337956,10,163.0,0.09579801153247718,9,531.0,0.23706898560001893,23,869.0
3045.0,13,85.0,0.8333333333333334,4.714779960826774,4,182.0,0.31656653738333856,5,132.0,0.2434599214834332,4,386.0,0.26623733545890643,13,700.0
3050.0,12,93.0,0.8532110091743119,5.092398289205079,6,207.0,0.28034779085236067,2,82.0,0.3623226799685561,4,250.0,0.24843973527922328,12,539.0
3055.0,9,16.0,0.14953271028037382,5.5142646848549735,3,177.0,0.4072648381647828,3,64.0,0.4061738697026583,3,255.0,0.25264222503160855,9,496.0
3060.0,18,66.0,0.6285714285714286,4.622713313047463,8,158.0,0.27428148231202376,2,51.0,0.3153821799267553,8,283.0,0.16659870656426787,18,492.0
3065.0,32,197.0,1.8761904761904762,3.5543943743779267,12,208.0,0.1388670153404644,6,74.0,0.23331916617069404,14,341.0,0.15598843745716517,32,623.0
3070.0,34,200.0,2.0408163265306123,2.59454025770867,14,242.0,0.1247442031592353,6,89.0,0.2233249830265226,14,342.0,0.14475359263448895,34,673.0
3075.0,31,127.0,1.1981132075471699,3.5186269985022394,11,237.0,0.18840564345050503,5,69.0,0.3290008572987824,15,283.0,0.1581350426866699,31,589.0
3080.0,23,113.0,1.0462962962962963,4.999517217445158,10,200.0,0.3306428111788792,3,52.0,0.3977220019584422,10,278.0,0.18668789914514455,23,530.0
3085.0,33,125.0,1.0775862068965518,4.237866203359143,9,173.0,0.29676160701604054,8,74.0,0.24710795302022542,16,339.0,0.09861119471805703,33,586.0
3090.0,29,124.0,1.1376146788990826,3.9433007084473606,10,214.0,0.30965716915294894,6,81.0,0.20726233411914705,13,343.0,0.1400057636031846,29,638.0
3095.0,19,90.0,0.8490566037735849,4.163082197920149,4,209.0,0.21249090234431608,11,123.0,0.2331354436626913,4,269.0,0.19072990833727357,19,601.0
3100.0,21,106.0,0.9906542056074766,4.456934860301037,9,226.0,0.2127105730573885,10,143.0,0.20875394101408087,2,235.0,0.19871675764606564,21,604.0
3105.0,20,87.0,0.8529411764705882,4.334696235895342,7,233.0,0.286599942836226,7,128.0,0.2610489508326151,6,256.0,0.17520658416203888,20,617.0
3110.0,18,71.0,0.71,3.708540345374759,6,188.0,0.2908473528369727,6,123.0,0.28419388239350146,6,248.0,0.12820592918481621,18,559.0
3115.0,15,72.0,0.7128712871287128,4.424842702325888,5,170.0,0.4239208180479333,7,132.0,0.30305263831689405,3,204.0,0.18525352975410145,15,506.0
3120.0,17,85.0,0.8173076923076923,3.737105557891147,8,196.0,0.2997081089393963,6,163.0,0.21185987472534523,3,206.0,0.13936429824784763,17,565.0
3125.0,20,129.0,1.1727272727272726,3.622902907361789,6,206.0,0.2409711936423592,5,173.0,0.28182066992431204,9,240.0,0.11779016943004575,20,619.0
3130.0,31,261.0,2.4622641509433962,3.064365601933862,11,243.0,0.20773056079702945,5,185.0,0.24388919379563304,15,303.0,0.10972294322169296,31,731.0
3135.0,35,296.0,2.7155963302752295,2.3554449401792588,12,265.0,0.17736172027721928,7,205.0,0.12181105905436489,16,332.0,0.0840279022531507,35,802.0
3140.0,28,267.0,2.518867924528302,3.4509154260907042,8,236.0,0.2392181260165428,7,244.0,0.2759044450636402,13,299.0,0.13840994264707795,28,779.0
3145.0,32,129.0,1.1217391304347826,3.740054333142145,9,179.0,0.20249770249191534,6,199.0,0.2488036073076395,17,238.0,0.10624256798932388,32,616.0
3150.0,26,113.0,0.9741379310344828,4.733267100226625,9,169.0,0.2599150254346119,6,130.0,0.3022202044466861,11,283.0,0.1803429433647122,26,582.0
3155.0,25,127.0,1.1339285714285714,4.172238082887334,3,151.0,0.25804635870439924,9,149.0,0.1580260190980169,13,346.0,0.1551398692086127,25,646.0
3160.0,25,136.0,1.2830188679245282,3.787933410018487,4,166.0,0.3446839511868576,15,183.0,0.06157583998125539,6,348.0,0.17513471241538592,25,697.0
3165.0,19,78.0,0.78,4.3040562945577125,3,159.0,0.4108278014871447,13,225.0,0.1549438095583185,3,288.0,0.24810379386168402,19,672.0
3170.0,22,88.0,0.8380952380952381,3.6172866214314547,4,145.0,0.2733360130917379,14,282.0,0.14945877472099342,4,279.0,0.13895014418716484,22,706.0
3175.0,24,102.0,0.9807692307692307,3.4429019277643667,4,162.0,0.20692664438853356,11,305.0,0.17967809391978534,9,313.0,0.14277879160589388,24,780.0
3180.0,24,109.0,1.101010101010101,2.9769245680683727,9,197.0,0.1772321400531865,7,277.0,0.1290758406670124,8,306.0,0.158663843437079,24,780.0
3185.0,26,141.0,1.3557692307692308,3.1226338182288034,14,258.0,0.19153294173721572,2,297.0,0.18416659613060887,10,259.0,0.16357116040600383,26,814.0
3190.0,26,223.0,2.144230769230769,3.689139249131993,17,336.0,0.16107012269643972,5,316.0,0.253939662671753,4,195.0,0.20857590409743265,26,847.0
3195.0,31,332.0,3.018181818181818,3.7865529843203705,22,437.0,0.040829565548709,4,303.0,0.29572701903480814,5,157.0,0.24802647943860212,31,897.0
3200.0,32,418.0,3.8703703703703702,4.595633197144574,27,566.0,0.10743760887242701,3,255.0,0.40930371709685653,2,132.0,0.36742927510218293,32,953.0
3205.0,40,403.0,3.697247706422018,3.879984884203949,27,618.0,0.10602433578243939,4,190.0,0.2810269422125474,9,147.0,0.26405060587034596,40,955.0
3210.0,37,383.0,3.6476190476190475,4.477038333914235,20,585.0,0.23535659114722615,4,167.0,0.3621883195699317,13,201.0,0.2588552149836076,37,953.0
3215.0,32,363.0,3.63,3.8367980036621554,16,550.0,0.22892467653689935,2,130.0,0.304006411508519,14,224.0,0.1762721178582661,32,904.0
3220.0,28,277.0,2.564814814814815,4.082936282507263,13,596.0,0.20963679019021358,4,121.0,0.42698483411770655,11,195.0,0.16869217397606523,28,912.0
3225.0,28,229.0,2.1009174311926606,5.059675596766338,14,658.0,0.18104364393269284,4,117.0,0.5790513458592441,10,147.0,0.19407772407764456,28,922.0
3230.0,33,249.0,2.2844036697247705,4.29982573728136,16,733.0,0.08488690959148623,8,145.0,0.4202379525231597,9,146.0,0.2159475851994411,33,1024.0
3235.0,32,246.0,2.2990654205607477,4.396022319213382,15,734.0,0.16331444093987185,11,194.0,0.313553284691364,6,140.0,0.30137989087251893,32,1068.0
3240.0,27,136.0,1.2830188679245282,4.529106219905525,10,665.0,0.19916460056429924,10,186.0,0.26960490697245004,7,161.0,0.2551234521175762,27,1012.0
3245.0,28,174.0,1.6261682242990654,4.717216971356091,9,527.0,0.18720873677722186,12,174.0,0.276455791879076,7,167.0,0.25299969842081327,28,868.0
3250.0,23,143.0,1.4019607843137254,5.042775879435769,7,420.0,0.3006811249293705,12,202.0,0.27864266455509445,4,131.0,0.22811386441611828,23,753.0
3255.0,21,112.0,1.0769230769230769,5.606342787003484,8,360.0,0.3490237922015757,10,182.0,0.28186305824426167,3,96.0,0.32054789821019725,21,638.0
3260.0,17,122.0,1.1844660194174756,6.508854578666125,6,285.0,0.5125280521291726,9,149.0,0.337263319791242,2,98.0,0.3416182862251016,17,532.0
3265.0,23,59.0,0.5619047619047619,5.010673938150123,3,260.0,0.47513849212626763,9,158.0,0.2071038296485668,11,127.0,0.20266970417804417,23,545.0
3270.0,19,80.0,0.8080808080808081,5.280590135285184,3,251.0,0.425392227095703,9,188.0,0.16915844934762614,7,138.0,0.2185373932358507,19,577.0
3275.0,17,60.0,0.6593406593406593,3.921334713735513,5,230.0,0.13305281093152968,7,201.0,0.23384579945731274,5,111.0,0.17008098678576292,17,542.0
3280.0,14,31.0,0.34065934065934067,4.814624338217053,7,217.0,0.24022992155242215,4,168.0,0.3691121632383095,3,77.0,0.2624893621573876,14,462.0
3285.0,7,29.0,0.30851063829787234,5.865885790934481,4,133.0,0.4722602239871767,2,166.0,0.33562912765049957,1,66.0,0.3138662210373893,7,365.0
3290.0,14,59.0,0.59,4.997430936668242,0,120.0,0.4410619448158055,7,193.0,0.15818277150297716,7,90.0,0.19675305103530205,14,403.0
3295.0,31,176.0,1.872340425531915,4.058636020350931,4,132.0,0.3492993424110587,14,247.0,0.09827431857796212,13,142.0,0.17232014470880017,31,521.0
3300.0,30,166.0,1.9761904761904763,2.097311843151673,4,108.0,0.1987097245086633,12,266.0,0.0881961572039817,14,171.0,0.09225343653710379,30,545.0
3305.0,23,94.0,1.0444444444444445,4.099004250910651,4,74.0,0.3021699060942636,8,206.0,0.22693863551951307,11,162.0,0.2391981490786644,23,442.0
3310.0,15,70.0,0.7446808510638298,5.28069585546892,3,64.0,0.4630764172253855,7,174.0,0.28940513112529215,5,176.0,0.2693464278729443,15,414.0
3315.0,25,111.0,1.0776699029126213,5.267573117554177,5,83.0,0.44243403564096434,8,140.0,0.27450335579668733,12,225.0,0.18584625769087146,25,448.0
3320.0,25,133.0,1.4148936170212767,4.438803266033116,7,100.0,0.3864977206871826,7,150.0,0.32791758881690675,11,237.0,0.1711555183587325,25,487.0
3325.0,27,152.0,1.5510204081632653,3.6238581868346675,12,109.0,0.2146261855534834,8,154.0,0.36400694223741537,7,197.0,0.15714788183168674,27,460.0
3330.0,14,50.0,0.49504950495049505,4.719991484262824,9,151.0,0.23144573676883617,1,112.0,0.5390740323460259,4,179.0,0.18883244775689284,14,442.0
3335.0,22,80.0,0.7843137254901961,4.426115332437914,10,200.0,0.11808526003829674,3,88.0,0.4532642182854022,9,211.0,0.11725408282581143,22,499.0
3340.0,29,144.0,1.4257425742574257,3.359961892483558,9,209.0,0.12195545718298376,7,111.0,0.14835191617450277,13,268.0,0.1042528813326048,29,588.0
3345.0,29,172.0,1.89010989010989,2.8342097886100164,3,165.0,0.21873539501276384,12,161.0,0.1441718099643412,14,293.0,0.14350008110207227,29,619.0
3350.0,25,132.0,1.346938775510204,2.990496059110108,5,177.0,0.12877447823218188,9,183.0,0.2501539982790967,11,261.0,0.12058195368122107,25,621.0
3355.0,28,117.0,1.1584158415841583,3.8127496068881266,10,214.0,0.2001495556592193,6,158.0,0.3491306818471338,12,290.0,0.17110232353460125,28,662.0
3360.0,22,100.0,0.9900990099009901,3.4319667033556005,6,213.0,0.20088472088552253,3,117.0,0.32162942758095925,13,353.0,0.11459576678627259,22,683.0
3365.0,26,119.0,1.1553398058252426,3.726973186173225,6,158.0,0.2628007277872176,1,114.0,0.4637307496657752,19,436.0,0.09213782697403163,26,708.0
3370.0,22,120.0,1.2,4.009695354113722,4,98.0,0.254451485517588,5,123.0,0.3586880834845656,13,452.0,0.11956454456671331,22,673.0
3375.0,27,109.0,1.0380952380952382,3.5278286030717734,4,95.0,0.17264057455007314,12,168.0,0.25602911997026123,11,397.0,0.12978028197903035,27,660.0
3380.0,26,126.0,1.2352941176470589,4.4105641736222,7,122.0,0.19271588919237492,8,176.0,0.3078085764604686,11,320.0,0.18749241989222912,26,618.0
3385.0,24,80.0,0.7766990291262136,4.154880487537624,5,122.0,0.21236469459624524,7,131.0,0.3530149186518052,12,294.0,0.18903887210834514,24,547.0
3390.0,14,39.0,0.38235294117647056,5.4036216160183885,4,89.0,0.3193941964249821,5,151.0,0.4456620980876402,5,266.0,0.27221936966552734,14,506.0
3395.0,14,50.0,0.49504950495049505,5.420464877695163,4,95.0,0.3571385737813078,3,140.0,0.35503159250112515,7,288.0,0.27725234420770595,14,523.0
3400.0,20,95.0,0.9313725490196079,4.248022193804791,4,113.0,0.27760681529180303,3,131.0,0.1896937335512138,13,335.0,0.2115596024691694,20,579.0
3405.0,29,162.0,1.6875,3.17778327855075,10,153.0,0.19027812669290461,8,161.0,0.1332198616563307,11,342.0,0.15784556658148,29,656.0
3410.0,28,126.0,1.26,2.662917730155682,10,167.0,0.09243835457178295,9,165.0,0.17218421073897017,9,290.0,0.14593181500417302,28,622.0
3415.0,22,88.0,0.8888888888888888,5.123964026196179,8,125.0,0.2239992752383306,5,99.0,0.45729328086581816,9,218.0,0.2830700843221319,22,442.0
3420.0,11,52.0,0.5148514851485149,5.29822901716046,6,150.0,0.24102023686185908,0,97.0,0.47845115409797595,5,183.0,0.2641750766162964,11,430.0
3425.0,22,89.0,0.8240740740740741,5.328790567704205,12,196.0,0.15688617185755993,5,111.0,0.3455832824895561,5,136.0,0.33765043621863977,22,443.0
3430.0,18,60.0,0.6,4.474638142298413,11,224.0,0.12072020824559496,4,107.0,0.29485164067591124,3,122.0,0.3664341864694461,18,453.0
3435.0,17,48.0,0.4752475247524752,4.742334604981828,4,197.0,0.20659931991543964,5,81.0,0.23892387249808422,8,135.0,0.3017103194943516,17,413.0
3440.0,15,53.0,0.5408163265306123,5.5091241501965325,4,205.0,0.30943865596517156,3,51.0,0.3433549316216054,8,142.0,0.3488619122329676,15,398.0
3445.0,23,59.0,0.5841584158415841,4.173073898939298,12,241.0,0.15943185266515172,4,42.0,0.3208704042083404,7,115.0,0.22162228951670296,23,398.0
3450.0,20,82.0,0.8367346938775511,4.402948075439377,11,251.0,0.13550643682912983,6,63.0,0.34649051355251875,3,66.0,0.23419316607062277,20,380.0
3455.0,22,121.0,1.2604166666666667,5.164776342092643,7,213.0,0.16564374210834196,13,117.0,0.29868585450317225,2,53.0,0.3869403709697272,22,383.0
3460.0,23,168.0,1.68,5.244325630512504,4,158.0,0.221031355905503,18,194.0,0.2668259754579482,1,27.0,0.382413839882566,23,379.0
3465.0,26,187.0,1.9081632653061225,5.195643876000066,2,114.0,0.3175824626734919,17,243.0,0.19520930908647596,7,47.0,0.27683410260204616,26,404.0
3470.0,25,133.0,1.3711340206185567,4.663459190759824,4,97.0,0.3522595674049648,13,218.0,0.15097493679080753,8,63.0,0.26255303687741804,25,378.0
3475.0,11,50.0,0.5376344086021505,6.19941697435868,1,78.0,0.4935968875855901,7,189.0,0.28544225376148197,3,50.0,0.4135504805094735,11,317.0
3480.0,13,61.0,0.6559139784946236,6.332259366729892,4,85.0,0.4349426005467531,7,156.0,0.3103919613766798,2,40.0,0.38691558920737484,13,281.0
3485.0,18,86.0,0.8958333333333334,5.624900949213763,9,119.0,0.3555133612622094,2,144.0,0.34495876187936836,7,67.0,0.2941202977453634,18,330.0
3490.0,22,90.0,1.0227272727272727,4.177701411705901,8,131.0,0.21783276874124985,7,160.0,0.33264466689112376,7,77.0,0.18877339525153175,22,368.0
3495.0,25,68.0,0.7391304347826086,3.627970303698072,9,112.0,0.17213391952847315,10,166.0,0.25294638057979335,6,56.0,0.18260784822652562,25,334.0
3500.0,13,48.0,0.5217391304347826,5.907383222568887,8,144.0,0.2958119696876089,3,100.0,0.3774033784469781,2,41.0,0.43936640652911557,13,285.0
3505.0,22,76.0,0.76,5.409244662509387,13,195.0,0.17665191579065767,4,99.0,0.29469347674771923,5,38.0,0.4271305991968257,22,332.0
3510.0,26,141.0,1.4387755102040816,4.53493672995815,17,270.0,0.11785498430377384,7,127.0,0.22335002299765885,2,20.0,0.45153087880745224,26,417.0
3515.0,37,256.0,2.782608695652174,3.4620599968724552,22,366.0,0.05292617518432886,8,129.0,0.13784838454836867,7,36.0,0.21289701955139861,37,531.0
3520.0,45,420.0,4.516129032258065,2.916768212900448,24,486.0,0.11952587437164745,7,102.0,0.15200891718177206,14,94.0,0.16241147647252535,45,682.0
3525.0,42,546.0,6.066666666666666,3.3781379003681233,30,620.0,0.14755586949037502,2,63.0,0.31276178963649004,10,129.0,0.30302444299376047,42,812.0
3530.0,37,478.0,4.877551020408164,3.791163220105365,29,687.0,0.09709656051819736,4,48.0,0.463433666081694,4,109.0,0.36579929761342955,37,844.0
3535.0,31,319.0,3.19,4.70475740623387,26,677.0,0.11648687703785268,2,35.0,0.53162447750814,3,60.0,0.3472084226964061,31,772.0
3540.0,31,297.0,2.9405940594059405,5.7097018637100785,22,596.0,0.09720387662793561,7,49.0,0.48577106604990256,2,41.0,0.404138222327599,31,686.0
3545.0,21,224.0,2.196078431372549,6.106616118488463,13,656.0,0.18123466625644433,4,54.0,0.42572753736790975,4,42.0,0.5238775119861613,21,752.0
3550.0,16,117.0,1.231578947368421,5.70701292318063,13,713.0,0.2374061298676803,2,32.0,0.3715513534568177,1,21.0,0.4491185377584357,16,766.0
3555.0,23,99.0,1.053191489361702,4.670768637761793,15,780.0,0.14901117820134993,2,21.0,0.23850003736253475,6,21.0,0.3952855796482584,23,822.0
3560.0,20,110.0,1.2359550561797752,4.865111338962868,15,776.0,0.16416860788008386,2,22.0,0.4198641558357849,3,32.0,0.5209867996069333,20,830.0
3565.0,23,82.0,0.8913043478260869,4.588160078366931,14,680.0,0.16971661901955673,6,35.0,0.4456159008076878,3,17.0,0.4140991194323939,23,732.0
3570.0,16,86.0,0.9148936170212766,5.020363083869886,11,685.0,0.14123039402638649,4,53.0,0.49656831446333694,1,12.0,0.47166503213495237,16,750.0
3575.0,27,146.0,1.5051546391752577,3.7462696139172933,15,754.0,0.07856370901892494,6,76.0,0.25435168849563505,6,32.0,0.25569626701537135,27,862.0
3580.0,37,241.0,2.5104166666666665,2.7138878126499133,19,844.0,0.0784926285401372,10,123.0,0.12980881798192348,8,47.0,0.24359271371328914,37,1014.0
3585.0,26,151.0,1.641304347826087,3.434429566371327,15,834.0,0.125993941022038,8,120.0,0.21503138190629376,3,40.0,0.372108147661969,26,994.0
3590.0,23,169.0,1.69,4.628025338707163,11,722.0,0.1165475388920542,11,116.0,0.28915819361299,1,23.0,0.3416899029661867,23,861.0
3595.0,28,216.0,2.16,4.3952272935206445,14,783.0,0.12113614431177593,13,177.0,0.272962864305922,1,16.0,0.3877006338547814,28,976.0
3600.0,36,240.0,2.4742268041237114,3.5723237995557597,16,861.0,0.07080593044629174,12,204.0,0.138548785723983,8,37.0,0.22370269403566465,36,1102.0
